updated_utc,item_id,floor_copper,market_copper,quantity
2026-08-15T05:20:01Z,117,100,300,342
2026-08-15T05:20:01Z,118,800,800,1209
2026-08-15T05:20:01Z,159,3000,3100,11753
2026-08-15T05:20:01Z,414,600,600,77
2026-08-15T05:20:01Z,422,200,200,148
2026-08-15T05:20:01Z,537,4900000,49000000,22
2026-08-15T05:20:01Z,555,9500000100,9500000100,1
2026-08-15T05:20:01Z,556,49000200,49000200,20
2026-08-15T05:20:01Z,723,900,199800,1517
2026-08-15T05:20:01Z,724,2000,2800,59
2026-08-15T05:20:01Z,729,290000100,290000100,1
2026-08-15T05:20:01Z,730,49000100,49000100,9
2026-08-15T05:20:01Z,731,289990100,289990100,2
2026-08-15T05:20:01Z,732,88789500,88789500,3
2026-08-15T05:20:01Z,733,800,20000,851
2026-08-15T05:20:01Z,765,22900,34600,40650
2026-08-15T05:20:01Z,769,5400,7300,40032
2026-08-15T05:20:01Z,770,44300,44300,25
2026-08-15T05:20:01Z,771,1000,1000,42
2026-08-15T05:20:01Z,774,9500,19900,4943
2026-08-15T05:20:01Z,779,809900,809900,35
2026-08-15T05:20:01Z,783,24500,47300,27320
2026-08-15T05:20:01Z,785,27300,56800,25726
2026-08-15T05:20:01Z,787,3500,16500,39
2026-08-15T05:20:01Z,813,49000100,49000100,20
2026-08-15T05:20:01Z,814,1200,2200,809
2026-08-15T05:20:01Z,818,9500,17700,2397
2026-08-15T05:20:01Z,858,100,100,683
2026-08-15T05:20:01Z,878,290000100,290000100,2
2026-08-15T05:20:01Z,929,200,200,547
2026-08-15T05:20:01Z,954,1000,1000,34
2026-08-15T05:20:01Z,955,19300,55600,37
2026-08-15T05:20:01Z,961,9800,9800,65
2026-08-15T05:20:01Z,1015,2300,4100,46607
2026-08-15T05:20:01Z,1017,1500,1500,317
2026-08-15T05:20:01Z,1074,700,700,36
2026-08-15T05:20:01Z,1080,44100,490000,811
2026-08-15T05:20:01Z,1081,49000100,49000100,20
2026-08-15T05:20:01Z,1082,34600,34600,91
2026-08-15T05:20:01Z,1175,49000100,49000100,19
2026-08-15T05:20:01Z,1177,200,200,57
2026-08-15T05:20:01Z,1178,18731700,18731700,41
2026-08-15T05:20:01Z,1179,100,100,2949
2026-08-15T05:20:01Z,1180,100,7000,107
2026-08-15T05:20:01Z,1181,1000,1000,133
2026-08-15T05:20:01Z,1205,100,100,272
2026-08-15T05:20:01Z,1206,222500,225000,2859
2026-08-15T05:20:01Z,1210,10800,15400,8295
2026-08-15T05:20:01Z,1222,49009900,49009900,20
2026-08-15T05:20:01Z,1251,700,700,815
2026-08-15T05:20:01Z,1274,49000100,49000100,44
2026-08-15T05:20:01Z,1288,200,4300,6347
2026-08-15T05:20:01Z,1326,19990000,19990000,10
2026-08-15T05:20:01Z,1399,999990100,999990100,1
2026-08-15T05:20:01Z,1401,249990000,249990000,1
2026-08-15T05:20:01Z,1468,900,1000,27765
2026-08-15T05:20:01Z,1475,6600,50600,5655
2026-08-15T05:20:01Z,1476,1000000,1000000,55
2026-08-15T05:20:01Z,1477,1300,1300,121
2026-08-15T05:20:01Z,1478,9781200,9781200,21
2026-08-15T05:20:01Z,1520,800,800,624
2026-08-15T05:20:01Z,1529,7000,11100,2240
2026-08-15T05:20:01Z,1630,1500000100,1500000100,1
2026-08-15T05:20:01Z,1645,500,800,4738
2026-08-15T05:20:01Z,1686,9901100,9901100,100
2026-08-15T05:20:01Z,1687,49000400,49000400,20
2026-08-15T05:20:01Z,1688,290001300,290001300,1
2026-08-15T05:20:01Z,1696,2000,2000,62
2026-08-15T05:20:01Z,1697,500,500,54
2026-08-15T05:20:01Z,1701,1400,1400,40
2026-08-15T05:20:01Z,1702,30000,30000,37
2026-08-15T05:20:01Z,1703,95000000,95000000,3
2026-08-15T05:20:01Z,1705,12000,13500,12466
2026-08-15T05:20:01Z,1706,290000200,290000200,1
2026-08-15T05:20:01Z,1707,200,200,150
2026-08-15T05:20:01Z,1708,100,200,294
2026-08-15T05:20:01Z,1710,200,200,500
2026-08-15T05:20:01Z,1711,2900,4700,724
2026-08-15T05:20:01Z,1712,231900,231900,54
2026-08-15T05:20:01Z,2070,1900,2200,169
2026-08-15T05:20:01Z,2091,199000000,199000000,2
2026-08-15T05:20:01Z,2251,3800,5200,12036
2026-08-15T05:20:01Z,2287,100,100,106
2026-08-15T05:20:01Z,2289,400,400,177
2026-08-15T05:20:01Z,2290,3900,13500,252
2026-08-15T05:20:01Z,2295,500,500,24
2026-08-15T05:20:01Z,2296,290000100,290000100,2
2026-08-15T05:20:01Z,2304,300,900,291
2026-08-15T05:20:01Z,2313,1000,1000,71
2026-08-15T05:20:01Z,2318,14300,17500,36110
2026-08-15T05:20:01Z,2319,25000,27400,14731
2026-08-15T05:20:01Z,2320,100,100,868454
2026-08-15T05:20:01Z,2321,1400,1400,18272
2026-08-15T05:20:01Z,2324,100,100,34786
2026-08-15T05:20:01Z,2325,1200,1500,8447
2026-08-15T05:20:01Z,2447,31900,45700,45133
2026-08-15T05:20:01Z,2449,18900,23900,40566
2026-08-15T05:20:01Z,2450,30000,37500,15428
2026-08-15T05:20:01Z,2452,20000,47400,14468
2026-08-15T05:20:01Z,2453,19800,27000,3116
2026-08-15T05:20:01Z,2454,900,900,461
2026-08-15T05:20:01Z,2455,100,1000,866
2026-08-15T05:20:01Z,2456,200,200,166
2026-08-15T05:20:01Z,2457,90100,90100,188
2026-08-15T05:20:01Z,2458,4000,4000,316
2026-08-15T05:20:01Z,2459,28500,40000,386
2026-08-15T05:20:01Z,2460,315000,315000,1116
2026-08-15T05:20:01Z,2512,9904200,9904200,120
2026-08-15T05:20:01Z,2515,405000,405000,2205
2026-08-15T05:20:01Z,2516,49003400,49003400,236
2026-08-15T05:20:01Z,2519,945000,945000,1067
2026-08-15T05:20:01Z,2581,900,900,356
2026-08-15T05:20:01Z,2589,1400,1400,120769
2026-08-15T05:20:01Z,2590,5500000100,5500000100,1
2026-08-15T05:20:01Z,2591,990000100,990000100,1
2026-08-15T05:20:01Z,2592,1000,1100,132908
2026-08-15T05:20:01Z,2593,58800,58800,238
2026-08-15T05:20:01Z,2594,16800,16800,81
2026-08-15T05:20:01Z,2595,47900,47900,121
2026-08-15T05:20:01Z,2596,47700,50000,37
2026-08-15T05:20:01Z,2604,100,100,272939
2026-08-15T05:20:01Z,2605,100,200,20427
2026-08-15T05:20:01Z,2608,45000,49005000,21
2026-08-15T05:20:01Z,2665,450000,450000,1123
2026-08-15T05:20:01Z,2672,400,1000,2389
2026-08-15T05:20:01Z,2673,64000,499400,3078
2026-08-15T05:20:01Z,2674,50000,105300,1101
2026-08-15T05:20:01Z,2675,700,1000,1881
2026-08-15T05:20:01Z,2677,19400,19500,4587
2026-08-15T05:20:01Z,2678,100,100,57825
2026-08-15T05:20:01Z,2679,200,200,461
2026-08-15T05:20:01Z,2680,1000,1000,175
2026-08-15T05:20:01Z,2681,1800,1800,122
2026-08-15T05:20:01Z,2682,8800,8800,164
2026-08-15T05:20:01Z,2683,9900,9900,198
2026-08-15T05:20:01Z,2684,400,400,151
2026-08-15T05:20:01Z,2685,9780500,9780500,45
2026-08-15T05:20:01Z,2686,39400,39400,169
2026-08-15T05:20:01Z,2687,700,900,402
2026-08-15T05:20:01Z,2692,49000100,49000100,20
2026-08-15T05:20:01Z,2723,1000,2800,59
2026-08-15T05:20:01Z,2725,6682500,6682500,28
2026-08-15T05:20:01Z,2728,2993300,2993300,30
2026-08-15T05:20:01Z,2730,9980100,9980100,27
2026-08-15T05:20:01Z,2732,410000,9990000,23
2026-08-15T05:20:01Z,2734,9989800,9989800,21
2026-08-15T05:20:01Z,2735,9970000,9970000,31
2026-08-15T05:20:01Z,2738,199990000,199990000,7
2026-08-15T05:20:01Z,2740,458300,458300,36
2026-08-15T05:20:01Z,2742,9954800,9954800,22
2026-08-15T05:20:01Z,2744,9993400,9993400,24
2026-08-15T05:20:01Z,2745,461600,461600,35
2026-08-15T05:20:01Z,2748,343500,9900000,25
2026-08-15T05:20:01Z,2749,60000,60000,28
2026-08-15T05:20:01Z,2750,653000,653000,27
2026-08-15T05:20:01Z,2751,2890000,9990000,30
2026-08-15T05:20:01Z,2770,19300,27200,215145
2026-08-15T05:20:01Z,2771,12000,21900,63700
2026-08-15T05:20:01Z,2772,43000,44000,2506
2026-08-15T05:20:01Z,2775,149900,150000,2872
2026-08-15T05:20:01Z,2776,68600,77900,13242
2026-08-15T05:20:01Z,2798,1800,2000,227
2026-08-15T05:20:01Z,2799,200,200,92
2026-08-15T05:20:01Z,2835,400,9900,1101700
2026-08-15T05:20:01Z,2836,300,600,23822
2026-08-15T05:20:01Z,2838,1500,2400,8176
2026-08-15T05:20:01Z,2840,20000,23300,9660
2026-08-15T05:20:01Z,2841,40600,40600,15332
2026-08-15T05:20:01Z,2842,152500,170600,4163
2026-08-15T05:20:01Z,2862,200,200,1957
2026-08-15T05:20:01Z,2863,200,500,168
2026-08-15T05:20:01Z,2871,600,900,125
2026-08-15T05:20:01Z,2880,900,900,8074
2026-08-15T05:20:01Z,2886,10500,15000,2354
2026-08-15T05:20:01Z,2888,16400,16400,94
2026-08-15T05:20:01Z,2892,49007800,49007800,20
2026-08-15T05:20:01Z,2893,290000100,290000100,1
2026-08-15T05:20:01Z,2894,490100,490100,146
2026-08-15T05:20:01Z,2924,5000,10300,1538
2026-08-15T05:20:01Z,2928,1500000100,1500000100,1
2026-08-15T05:20:01Z,2930,290000100,290000100,1
2026-08-15T05:20:01Z,2934,6600,13900,15168
2026-08-15T05:20:01Z,2940,85600,85600,34
2026-08-15T05:20:01Z,2946,198992300,198992300,475
2026-08-15T05:20:01Z,2947,39994600,199904700,851
2026-08-15T05:20:01Z,2996,2700,2800,135810
2026-08-15T05:20:01Z,2997,8700,8900,8626
2026-08-15T05:20:01Z,3010,2000,19905000,43
2026-08-15T05:20:01Z,3012,9900,110200,58
2026-08-15T05:20:01Z,3013,8000,8000,55
2026-08-15T05:20:01Z,3030,9900100,9900100,1584
2026-08-15T05:20:01Z,3033,4900100,4900100,200
2026-08-15T05:20:01Z,3107,3500000000,3500000000,1
2026-08-15T05:20:01Z,3108,3094832000,3094832000,203
2026-08-15T05:20:01Z,3111,3438351700,3438351700,1
2026-08-15T05:20:01Z,3137,19990000,19990000,10
2026-08-15T05:20:01Z,3164,14959900,14959900,32
2026-08-15T05:20:01Z,3167,31600,31600,31
2026-08-15T05:20:01Z,3168,49009900,49009900,21
2026-08-15T05:20:01Z,3169,800,800,44
2026-08-15T05:20:01Z,3170,1000,1000,51
2026-08-15T05:20:01Z,3171,14000,14000,33
2026-08-15T05:20:01Z,3172,49009800,49009800,11
2026-08-15T05:20:01Z,3173,900,900,2365
2026-08-15T05:20:01Z,3174,290001400,290001400,1
2026-08-15T05:20:01Z,3175,49000200,49000200,23
2026-08-15T05:20:01Z,3176,509200,49009200,23
2026-08-15T05:20:01Z,3177,6831300,6831300,28
2026-08-15T05:20:01Z,3179,49000200,49000200,20
2026-08-15T05:20:01Z,3180,49000300,49000300,20
2026-08-15T05:20:01Z,3181,20000,20000,29
2026-08-15T05:20:01Z,3182,990000,1748100,284
2026-08-15T05:20:01Z,3220,800,800,670
2026-08-15T05:20:01Z,3239,1100,1100,274
2026-08-15T05:20:01Z,3240,5000,5000,161
2026-08-15T05:20:01Z,3241,5800,5800,64
2026-08-15T05:20:01Z,3299,200,200,83
2026-08-15T05:20:01Z,3300,54300,64300,167
2026-08-15T05:20:01Z,3301,3100,3100,26
2026-08-15T05:20:01Z,3340,4999900,4999900,209
2026-08-15T05:20:01Z,3355,45400,69500,8227
2026-08-15T05:20:01Z,3356,49000,50000,2327
2026-08-15T05:20:01Z,3357,39500,77000,19020
2026-08-15T05:20:01Z,3358,82200,83300,1981
2026-08-15T05:20:01Z,3369,139900,160200,2091
2026-08-15T05:20:01Z,3371,100,100,67623
2026-08-15T05:20:01Z,3372,49008600,49008600,34
2026-08-15T05:20:01Z,3382,400,400,327
2026-08-15T05:20:01Z,3383,9000,9000,112
2026-08-15T05:20:01Z,3385,100,300,797
2026-08-15T05:20:01Z,3386,79600,79600,118
2026-08-15T05:20:01Z,3387,403900,538700,76
2026-08-15T05:20:01Z,3388,143000,143000,68
2026-08-15T05:20:01Z,3389,2500,2500,286
2026-08-15T05:20:01Z,3390,499800,499800,232
2026-08-15T05:20:01Z,3391,760000,760000,249
2026-08-15T05:20:01Z,3401,1477400,49007400,21
2026-08-15T05:20:01Z,3402,40000,40000,31
2026-08-15T05:20:01Z,3403,600,600,29
2026-08-15T05:20:01Z,3404,36600,58900,1267
2026-08-15T05:20:01Z,3448,9900500,9900500,39
2026-08-15T05:20:01Z,3464,1500000100,1500000100,1
2026-08-15T05:20:01Z,3465,5500000100,5500000100,101
2026-08-15T05:20:01Z,3466,4400,4400,5386
2026-08-15T05:20:01Z,3470,1000,1400,5528
2026-08-15T05:20:01Z,3478,8600,9700,45270
2026-08-15T05:20:01Z,3486,12500,12500,200193
2026-08-15T05:20:01Z,3530,900,900,232
2026-08-15T05:20:01Z,3531,4600,4600,273
2026-08-15T05:20:01Z,3575,54900,55000,5188
2026-08-15T05:20:01Z,3576,14000,19900,3805
2026-08-15T05:20:01Z,3577,70000,134000,4023
2026-08-15T05:20:01Z,3662,30700,30700,106
2026-08-15T05:20:01Z,3663,7000,7000,222
2026-08-15T05:20:01Z,3664,1600,1600,160
2026-08-15T05:20:01Z,3665,9900,9900,476
2026-08-15T05:20:01Z,3666,1800,1800,157
2026-08-15T05:20:01Z,3667,25000,30000,902
2026-08-15T05:20:01Z,3669,48400,138400,107
2026-08-15T05:20:01Z,3670,62900,62900,153
2026-08-15T05:20:01Z,3671,3200,3200,61
2026-08-15T05:20:01Z,3673,80900,80900,51
2026-08-15T05:20:01Z,3674,1500,1500,47
2026-08-15T05:20:01Z,3676,201200,201200,145
2026-08-15T05:20:01Z,3685,1000,9900,24855
2026-08-15T05:20:01Z,3702,1011400,1011400,26
2026-08-15T05:20:01Z,3703,9995800,9995800,22
2026-08-15T05:20:01Z,3712,11500,14500,14925
2026-08-15T05:20:01Z,3713,290000100,290000100,1
2026-08-15T05:20:01Z,3726,4980000,4980000,202
2026-08-15T05:20:01Z,3727,250000,250000,105
2026-08-15T05:20:01Z,3728,499900,499900,143
2026-08-15T05:20:01Z,3729,500,500,257
2026-08-15T05:20:01Z,3730,13000,14300,917
2026-08-15T05:20:01Z,3731,150000,829400,4326
2026-08-15T05:20:01Z,3745,75000000,75000000,23
2026-08-15T05:20:01Z,3769,450000100,450000100,1
2026-08-15T05:20:01Z,3770,500,800,304
2026-08-15T05:20:01Z,3771,100,200,256
2026-08-15T05:20:01Z,3775,1083600,1083600,27
2026-08-15T05:20:01Z,3776,290000300,290000300,1
2026-08-15T05:20:01Z,3818,82500,114400,2366
2026-08-15T05:20:01Z,3819,103000,120000,9904
2026-08-15T05:20:01Z,3820,33000,46100,3901
2026-08-15T05:20:01Z,3821,173500,183000,3867
2026-08-15T05:20:01Z,3823,46900,52100,500
2026-08-15T05:20:01Z,3824,699500,699500,92
2026-08-15T05:20:01Z,3825,29900,29900,90
2026-08-15T05:20:01Z,3826,22500,22500,131
2026-08-15T05:20:01Z,3827,2700,3600,384
2026-08-15T05:20:01Z,3828,2002700,2002700,110
2026-08-15T05:20:01Z,3829,1080400,1080400,208
2026-08-15T05:20:01Z,3857,600,800,7896
2026-08-15T05:20:01Z,3858,47000,49000,1108
2026-08-15T05:20:01Z,3859,169100,169100,897
2026-08-15T05:20:01Z,3860,51900,55400,6643
2026-08-15T05:20:01Z,3864,13400,930000,2486
2026-08-15T05:20:01Z,3927,400,400,9463
2026-08-15T05:20:01Z,3928,300,300,471
2026-08-15T05:20:01Z,3931,8000,8000,55
2026-08-15T05:20:01Z,4093,49001100,49001100,23
2026-08-15T05:20:01Z,4096,49001000,49001000,16
2026-08-15T05:20:01Z,4097,9500,9500,82
2026-08-15T05:20:01Z,4099,1500001700,1500001700,1
2026-08-15T05:20:01Z,4231,42000,42000,11861
2026-08-15T05:20:01Z,4232,26200,32900,4937
2026-08-15T05:20:01Z,4233,30000,56800,19863
2026-08-15T05:20:01Z,4234,63800,74400,24818
2026-08-15T05:20:01Z,4235,450000,669600,1524
2026-08-15T05:20:01Z,4236,650000,650000,3076
2026-08-15T05:20:01Z,4265,1500,1500,157
2026-08-15T05:20:01Z,4278,426400,426400,411
2026-08-15T05:20:01Z,4289,2400,2600,92884
2026-08-15T05:20:01Z,4291,900,1000,68535
2026-08-15T05:20:01Z,4304,66700,121100,55208
2026-08-15T05:20:01Z,4305,3100,3300,7161
2026-08-15T05:20:01Z,4306,800,1000,318847
2026-08-15T05:20:01Z,4337,2600,2700,6637
2026-08-15T05:20:01Z,4338,400,1100,92201
2026-08-15T05:20:01Z,4339,3800,5000,26865
2026-08-15T05:20:01Z,4340,200,800,5439
2026-08-15T05:20:01Z,4341,400,400,2285
2026-08-15T05:20:01Z,4342,4900,8800,1708
2026-08-15T05:20:01Z,4357,1200,1200,11259
2026-08-15T05:20:01Z,4358,1100,1300,312
2026-08-15T05:20:01Z,4359,20000,25500,137843
2026-08-15T05:20:01Z,4360,400,400,404
2026-08-15T05:20:01Z,4361,7000,7000,53
2026-08-15T05:20:01Z,4363,49000100,49000100,20
2026-08-15T05:20:01Z,4364,400,19800,16627
2026-08-15T05:20:01Z,4365,400,400,283
2026-08-15T05:20:01Z,4366,13000,13000,63
2026-08-15T05:20:01Z,4367,137300,137300,99
2026-08-15T05:20:01Z,4370,12500,50900,128
2026-08-15T05:20:01Z,4371,50000,57300,5891
2026-08-15T05:20:01Z,4374,239800,239800,102
2026-08-15T05:20:01Z,4375,75700,76000,3079
2026-08-15T05:20:01Z,4377,3500,25000,1620
2026-08-15T05:20:01Z,4378,46900,47000,155
2026-08-15T05:20:01Z,4380,11500,11500,68
2026-08-15T05:20:01Z,4382,50100,449900,427
2026-08-15T05:20:01Z,4384,7000,7000,102
2026-08-15T05:20:01Z,4387,69800,121000,897
2026-08-15T05:20:01Z,4389,69600,79800,1359
2026-08-15T05:20:01Z,4390,2300,2300,511
2026-08-15T05:20:01Z,4391,1000000,1000000,32
2026-08-15T05:20:01Z,4392,1155500,1155500,141
2026-08-15T05:20:01Z,4394,144900,144900,313
2026-08-15T05:20:01Z,4395,555900,555900,162
2026-08-15T05:20:01Z,4398,391400,391400,130
2026-08-15T05:20:01Z,4399,200,400,5672
2026-08-15T05:20:01Z,4400,4200,4300,2151
2026-08-15T05:20:01Z,4402,1000000,1030000,216
2026-08-15T05:20:01Z,4404,49400,151600,894
2026-08-15T05:20:01Z,4405,1600,1600,75
2026-08-15T05:20:01Z,4406,1401300,1401300,158
2026-08-15T05:20:01Z,4407,50000,82200,97
2026-08-15T05:20:01Z,4419,11900,11900,61
2026-08-15T05:20:01Z,4421,100000,9900000,23
2026-08-15T05:20:01Z,4422,120100,120100,186
2026-08-15T05:20:01Z,4424,10000,10000,125
2026-08-15T05:20:01Z,4425,10000,10000,131
2026-08-15T05:20:01Z,4426,10000,68100,246
2026-08-15T05:20:01Z,4428,52000,52000,36
2026-08-15T05:20:01Z,4457,108600,108600,113
2026-08-15T05:20:01Z,4459,290000300,290000300,1
2026-08-15T05:20:01Z,4460,3140000,3140000,33
2026-08-15T05:20:01Z,4461,69500,142800,1186
2026-08-15T05:20:01Z,4470,100,100,19025
2026-08-15T05:20:01Z,4479,104500,104500,29
2026-08-15T05:20:01Z,4480,9900,18800,57
2026-08-15T05:20:01Z,4481,8000000,8000000,17
2026-08-15T05:20:01Z,4536,2000,2000,212
2026-08-15T05:20:01Z,4537,49400,49800,128
2026-08-15T05:20:01Z,4538,400,1500,81
2026-08-15T05:20:01Z,4539,1600,1600,99
2026-08-15T05:20:01Z,4540,6400,15900,202
2026-08-15T05:20:01Z,4541,6400,6400,70
2026-08-15T05:20:01Z,4542,3000,3000,66
2026-08-15T05:20:01Z,4544,1900,9909900,57
2026-08-15T05:20:01Z,4552,29500800,29500800,30
2026-08-15T05:20:01Z,4553,5500000700,5500000700,1
2026-08-15T05:20:01Z,4554,29501100,29501100,31
2026-08-15T05:20:01Z,4555,800,800,89
2026-08-15T05:20:01Z,4556,24458700,24458700,50
2026-08-15T05:20:01Z,4557,1845000,1845000,28
2026-08-15T05:20:01Z,4558,2000000,7908500,131
2026-08-15T05:20:01Z,4580,49001200,49001200,25
2026-08-15T05:20:01Z,4581,2599900,49009900,21
2026-08-15T05:20:01Z,4582,11113600,49003600,21
2026-08-15T05:20:01Z,4583,557100,49007100,22
2026-08-15T05:20:01Z,4584,5500001500,5500001500,1
2026-08-15T05:20:01Z,4585,2900,2900,139
2026-08-15T05:20:01Z,4586,5900,6900,139
2026-08-15T05:20:01Z,4587,12200,12200,57
2026-08-15T05:20:01Z,4588,2500000,2500000,3
2026-08-15T05:20:01Z,4589,290000000,290000000,2
2026-08-15T05:20:01Z,4590,1500001000,1500001000,1
2026-08-15T05:20:01Z,4591,1500000700,1500000700,1
2026-08-15T05:20:01Z,4592,700,700,433
2026-08-15T05:20:01Z,4593,1000,1000,181
2026-08-15T05:20:01Z,4594,2100,2100,123
2026-08-15T05:20:01Z,4595,4900,4900,89
2026-08-15T05:20:01Z,4596,2006900,7326100,16
2026-08-15T05:20:01Z,4599,200,300,255
2026-08-15T05:20:01Z,4600,8700,8700,278
2026-08-15T05:20:01Z,4601,2400,2400,56
2026-08-15T05:20:01Z,4602,900,900,93
2026-08-15T05:20:01Z,4603,205900,212300,5619
2026-08-15T05:20:01Z,4604,200,200,123
2026-08-15T05:20:01Z,4605,300,300,90
2026-08-15T05:20:01Z,4606,29500,49500,216
2026-08-15T05:20:01Z,4607,200,200,103
2026-08-15T05:20:01Z,4608,200,200,181
2026-08-15T05:20:01Z,4611,600400,600400,105
2026-08-15T05:20:01Z,4623,9990000,9990000,45
2026-08-15T05:20:01Z,4625,21900,650000,21860
2026-08-15T05:20:01Z,4655,396400,396400,266
2026-08-15T05:20:01Z,4656,1500,1500,104
2026-08-15T05:20:01Z,4757,60000,60000,39
2026-08-15T05:20:01Z,4775,20900,21000,80
2026-08-15T05:20:01Z,4776,11100,11100,40
2026-08-15T05:20:01Z,4779,49000100,49000100,28
2026-08-15T05:20:01Z,4780,49000100,49000100,22
2026-08-15T05:20:01Z,4784,700,800,325
2026-08-15T05:20:01Z,4787,700,700,211
2026-08-15T05:20:01Z,4791,4000,87800,47
2026-08-15T05:20:01Z,4813,21500,21500,38
2026-08-15T05:20:01Z,4814,3800,3800,59
2026-08-15T05:20:01Z,4852,19993400,19993400,10
2026-08-15T05:20:01Z,4865,2900,2900,166
2026-08-15T05:20:01Z,4867,16000,16100,25
2026-08-15T05:20:01Z,4872,20000200,49000200,23
2026-08-15T05:20:01Z,4873,10000,10000,37
2026-08-15T05:20:01Z,4874,500300,500300,25
2026-08-15T05:20:01Z,4875,49000100,49000100,20
2026-08-15T05:20:01Z,4876,49000100,49000100,20
2026-08-15T05:20:01Z,4877,1000000,1000000,27
2026-08-15T05:20:01Z,4879,290000100,290000100,1
2026-08-15T05:20:01Z,4880,1200000200,1200000200,2
2026-08-15T05:20:01Z,4960,1500000100,1500000100,25
2026-08-15T05:20:01Z,5042,28600,31000,193
2026-08-15T05:20:01Z,5048,69900,95000,81
2026-08-15T05:20:01Z,5051,500,500,306
2026-08-15T05:20:01Z,5066,2500,2500,53
2026-08-15T05:20:01Z,5075,1800,2000,147
2026-08-15T05:20:01Z,5082,4119800,4119800,224
2026-08-15T05:20:01Z,5095,1900,1900,177
2026-08-15T05:20:01Z,5113,50000,59500,44
2026-08-15T05:20:01Z,5114,300,300,110
2026-08-15T05:20:01Z,5115,400,400,25
2026-08-15T05:20:01Z,5117,4206900,49006900,23
2026-08-15T05:20:01Z,5118,49000200,49000200,21
2026-08-15T05:20:01Z,5121,49000300,49000300,20
2026-08-15T05:20:01Z,5122,49000500,49000500,25
2026-08-15T05:20:01Z,5123,9500000200,9500000200,1
2026-08-15T05:20:01Z,5124,80000,88300,42
2026-08-15T05:20:01Z,5125,4000300,49000300,21
2026-08-15T05:20:01Z,5128,721900,721900,26
2026-08-15T05:20:01Z,5133,489900,489900,43
2026-08-15T05:20:01Z,5134,2180100,8943800,27
2026-08-15T05:20:01Z,5135,5000,5000,47
2026-08-15T05:20:01Z,5136,600,600,141
2026-08-15T05:20:01Z,5137,600,600,207
2026-08-15T05:20:01Z,5140,49000100,49000100,20
2026-08-15T05:20:01Z,5173,49000100,49000100,18
2026-08-15T05:20:01Z,5205,4000,4000,45
2026-08-15T05:20:01Z,5206,6000,6000,84
2026-08-15T05:20:01Z,5237,49500,49009500,23
2026-08-15T05:20:01Z,5263,79900,80000,366
2026-08-15T05:20:01Z,5329,9990000,49000000,21
2026-08-15T05:20:01Z,5342,2205000,2205000,80
2026-08-15T05:20:01Z,5361,49000100,49000100,20
2026-08-15T05:20:01Z,5362,290000100,290000100,1
2026-08-15T05:20:01Z,5363,2277300,2277300,25
2026-08-15T05:20:01Z,5364,290000100,290000100,1
2026-08-15T05:20:01Z,5367,99900,49009900,22
2026-08-15T05:20:01Z,5368,8857800,8857800,24
2026-08-15T05:20:01Z,5369,49009900,49009900,20
2026-08-15T05:20:01Z,5370,290000100,290000100,4
2026-08-15T05:20:01Z,5371,49000100,49000100,20
2026-08-15T05:20:01Z,5373,316800,316800,1085
2026-08-15T05:20:01Z,5374,7703100,20008400,25
2026-08-15T05:20:01Z,5375,49000200,49000200,19
2026-08-15T05:20:01Z,5376,220100,49000100,22
2026-08-15T05:20:01Z,5377,49000100,49000100,20
2026-08-15T05:20:01Z,5379,41657700,49009000,21
2026-08-15T05:20:01Z,5427,49009900,49009900,20
2026-08-15T05:20:01Z,5428,37500,37500,44
2026-08-15T05:20:01Z,5429,49000300,49000300,20
2026-08-15T05:20:01Z,5430,49000500,49000500,20
2026-08-15T05:20:01Z,5431,49009900,49009900,20
2026-08-15T05:20:01Z,5432,48990000,48990000,24
2026-08-15T05:20:01Z,5433,290000300,290000300,1
2026-08-15T05:20:01Z,5435,49009900,49009900,19
2026-08-15T05:20:01Z,5465,21500,21500,1293
2026-08-15T05:20:01Z,5466,2700,3400,974
2026-08-15T05:20:01Z,5467,8400,8900,1059
2026-08-15T05:20:01Z,5468,900000,900000,104
2026-08-15T05:20:01Z,5469,3700,4400,756
2026-08-15T05:20:01Z,5470,2100,3500,2112
2026-08-15T05:20:01Z,5471,300,800,5596
2026-08-15T05:20:01Z,5472,200,300,361
2026-08-15T05:20:01Z,5473,15000,15000,67
2026-08-15T05:20:01Z,5474,1340100,1340100,140
2026-08-15T05:20:01Z,5476,20200,20200,50
2026-08-15T05:20:01Z,5477,4300,4300,87
2026-08-15T05:20:01Z,5478,149900,149900,158
2026-08-15T05:20:01Z,5479,209600,209600,165
2026-08-15T05:20:01Z,5480,9949500,9949500,45
2026-08-15T05:20:01Z,5498,34600,34900,566
2026-08-15T05:20:01Z,5500,60000,95900,940
2026-08-15T05:20:01Z,5503,2800,11000,61471
2026-08-15T05:20:01Z,5504,6500,7000,11509
2026-08-15T05:20:01Z,5506,49000200,49000200,21
2026-08-15T05:20:01Z,5523,3800,3800,682
2026-08-15T05:20:01Z,5524,9000,9000,873
2026-08-15T05:20:01Z,5525,300,300,183
2026-08-15T05:20:01Z,5526,3600,3600,56
2026-08-15T05:20:01Z,5527,1000,2000,235
2026-08-15T05:20:01Z,5529,9900100,9900200,101
2026-08-15T05:20:01Z,5530,290000200,290000200,2
2026-08-15T05:20:01Z,5565,990001900,990001900,1
2026-08-15T05:20:01Z,5566,8075400,49005400,21
2026-08-15T05:20:01Z,5567,49004500,49004500,22
2026-08-15T05:20:01Z,5568,5500000100,5500000100,1
2026-08-15T05:20:01Z,5569,42300,102300,34
2026-08-15T05:20:01Z,5602,290000100,290000100,1
2026-08-15T05:20:01Z,5631,22400,22400,87
2026-08-15T05:20:01Z,5633,379600,379600,70
2026-08-15T05:20:01Z,5634,891000,891000,125
2026-08-15T05:20:01Z,5635,4600,199900,1344
2026-08-15T05:20:01Z,5636,290000200,290000200,1
2026-08-15T05:20:01Z,5637,15100,199900,4555
2026-08-15T05:20:01Z,5740,4900,9904000,4298
2026-08-15T05:20:01Z,5741,5500000200,5500000200,1
2026-08-15T05:20:01Z,5784,4000,4600,3175
2026-08-15T05:20:01Z,5785,5000,13000,1553
2026-08-15T05:20:01Z,5829,1300,1300,30
2026-08-15T05:20:01Z,5833,99800,9972900,28
2026-08-15T05:20:01Z,5871,20000500,20000500,2
2026-08-15T05:20:01Z,5996,189800,189900,189
2026-08-15T05:20:01Z,5997,27000,27000,1361
2026-08-15T05:20:01Z,6037,12500,12500,16056
2026-08-15T05:20:01Z,6038,9996100,9996100,32
2026-08-15T05:20:01Z,6041,8270000,8270000,30
2026-08-15T05:20:01Z,6042,350000,367900,69
2026-08-15T05:20:01Z,6043,749100,749500,74
2026-08-15T05:20:01Z,6048,160500,990000,558
2026-08-15T05:20:01Z,6049,59000,990000,228
2026-08-15T05:20:01Z,6050,30000,990000,221
2026-08-15T05:20:01Z,6051,7000,990000,231
2026-08-15T05:20:01Z,6052,8900,990000,262
2026-08-15T05:20:01Z,6149,300,300,602
2026-08-15T05:20:01Z,6150,829900,15550000,1416
2026-08-15T05:20:01Z,6260,100,100,66692
2026-08-15T05:20:01Z,6261,800,800,39419
2026-08-15T05:20:01Z,6289,500,50000,19352
2026-08-15T05:20:01Z,6290,2500,2500,559
2026-08-15T05:20:01Z,6291,300,600,3873
2026-08-15T05:20:01Z,6293,20100,49000100,22
2026-08-15T05:20:01Z,6296,100000,49000000,23
2026-08-15T05:20:01Z,6297,5000,9905000,109
2026-08-15T05:20:01Z,6298,49000200,49000200,23
2026-08-15T05:20:01Z,6299,3200,3200,67
2026-08-15T05:20:01Z,6303,500,800,1724
2026-08-15T05:20:01Z,6304,290000100,290000100,1
2026-08-15T05:20:01Z,6305,9999900,9999900,2
2026-08-15T05:20:01Z,6306,290000100,290000100,1
2026-08-15T05:20:01Z,6308,500,4700,22288
2026-08-15T05:20:01Z,6316,1042400,1042400,161
2026-08-15T05:20:01Z,6317,5000,34800,1667
2026-08-15T05:20:01Z,6358,39700,59600,28341
2026-08-15T05:20:01Z,6359,31600,776000,9354
2026-08-15T05:20:01Z,6361,1900,199900,13096
2026-08-15T05:20:01Z,6362,500,900,3610
2026-08-15T05:20:01Z,6370,80000,80000,7030
2026-08-15T05:20:01Z,6371,75000,75000,3444
2026-08-15T05:20:01Z,6372,97500,99900,3136
2026-08-15T05:20:01Z,6373,9400,9400,198
2026-08-15T05:20:01Z,6444,6900,49009900,25
2026-08-15T05:20:01Z,6445,94900,94900,27
2026-08-15T05:20:01Z,6450,100300,100300,369
2026-08-15T05:20:01Z,6451,9600,9600,187
2026-08-15T05:20:01Z,6452,5100,5100,180
2026-08-15T05:20:01Z,6453,7500,7500,41
2026-08-15T05:20:01Z,6455,19900000,19900000,40
2026-08-15T05:20:01Z,6456,49000100,49000100,20
2026-08-15T05:20:01Z,6457,20000,22000,56
2026-08-15T05:20:01Z,6458,300,300,493
2026-08-15T05:20:01Z,6470,800,120000,22000
2026-08-15T05:20:01Z,6471,10000,58200,3255
2026-08-15T05:20:01Z,6522,210000,240000,34074
2026-08-15T05:20:01Z,6529,600,800,2618
2026-08-15T05:20:01Z,6530,200,200,1710
2026-08-15T05:20:01Z,6532,100,100,191
2026-08-15T05:20:01Z,6533,10000,19900,567
2026-08-15T05:20:01Z,6657,239500,252700,41368
2026-08-15T05:20:01Z,6662,118800,198600,9949
2026-08-15T05:20:01Z,6712,50000,153000,505
2026-08-15T05:20:01Z,6714,174000,174000,513
2026-08-15T05:20:01Z,6807,2400,2400,292
2026-08-15T05:20:01Z,6811,39100,39100,45
2026-08-15T05:20:01Z,6826,10900,10900,37
2026-08-15T05:20:01Z,6887,509600,509600,151
2026-08-15T05:20:01Z,6888,10000,10000,174
2026-08-15T05:20:01Z,6889,77900,96500,13091
2026-08-15T05:20:01Z,6890,58000,58000,123
2026-08-15T05:20:01Z,6947,10000,19900000,45
2026-08-15T05:20:01Z,6949,290000100,290000100,1
2026-08-15T05:20:01Z,6950,290000100,290000100,1
2026-08-15T05:20:01Z,6951,290000200,290000200,1
2026-08-15T05:20:01Z,6986,49000100,49000100,20
2026-08-15T05:20:01Z,7067,5600,6900,1324
2026-08-15T05:20:01Z,7068,500,500,14958
2026-08-15T05:20:01Z,7069,200000,553200,7175
2026-08-15T05:20:01Z,7070,600,800,847
2026-08-15T05:20:01Z,7071,45500,45700,728
2026-08-15T05:20:01Z,7072,5000000,5005000,33
2026-08-15T05:20:01Z,7073,900,900,53
2026-08-15T05:20:01Z,7074,2900,2900,229
2026-08-15T05:20:01Z,7075,400,4000,24967
2026-08-15T05:20:01Z,7076,10300,77500,54177
2026-08-15T05:20:01Z,7077,500,500,4701
2026-08-15T05:20:01Z,7078,1100,9900,98192
2026-08-15T05:20:01Z,7079,600,3700,19625
2026-08-15T05:20:01Z,7080,947700,1020000,1541
2026-08-15T05:20:01Z,7081,880000,2248800,1630
2026-08-15T05:20:01Z,7082,199600,995500,6747
2026-08-15T05:20:01Z,7096,46000,48000,64
2026-08-15T05:20:01Z,7097,12000,12000,78
2026-08-15T05:20:01Z,7098,20000,20000,74
2026-08-15T05:20:01Z,7099,250000,250000,39
2026-08-15T05:20:01Z,7100,16900,16900,38
2026-08-15T05:20:01Z,7101,100,30000,28
2026-08-15T05:20:01Z,7191,40000,41600,5322
2026-08-15T05:20:01Z,7228,20000,20000,1805
2026-08-15T05:20:01Z,7286,15000,19200,10988
2026-08-15T05:20:01Z,7287,1500000200,1500000200,2
2026-08-15T05:20:01Z,7296,4004600,4004600,34
2026-08-15T05:20:01Z,7307,2200,2400,148
2026-08-15T05:20:01Z,7392,650000,652000,594
2026-08-15T05:20:01Z,7428,290003800,290003800,1
2026-08-15T05:20:01Z,7676,10000,38700,1259
2026-08-15T05:20:01Z,7909,3300,8100,17661
2026-08-15T05:20:01Z,7910,6200,8300,1013
2026-08-15T05:20:01Z,7911,9800,9800,1429
2026-08-15T05:20:01Z,7912,17500,23900,201726
2026-08-15T05:20:01Z,7964,19800,23400,254
2026-08-15T05:20:01Z,7965,578500,578500,97
2026-08-15T05:20:01Z,7966,100000,100000,3818
2026-08-15T05:20:01Z,7967,523600,523600,92
2026-08-15T05:20:01Z,7971,50000,145300,279
2026-08-15T05:20:01Z,7972,400,500,2298
2026-08-15T05:20:01Z,7973,78000,98000,1342
2026-08-15T05:20:01Z,7974,1700,2400,17010
2026-08-15T05:20:01Z,8067,9990100,9990100,925
2026-08-15T05:20:01Z,8068,49000100,49000100,20
2026-08-15T05:20:01Z,8069,49000100,49000100,20
2026-08-15T05:20:01Z,8146,1100,1100,68
2026-08-15T05:20:01Z,8150,300,300,19150
2026-08-15T05:20:01Z,8151,6100,6100,193
2026-08-15T05:20:01Z,8152,1000000,1000000,85
2026-08-15T05:20:01Z,8153,4455000,5500000,2129
2026-08-15T05:20:01Z,8154,5100,199800,2549
2026-08-15T05:20:01Z,8165,110600,310000,5788
2026-08-15T05:20:01Z,8167,21500,50400,23916
2026-08-15T05:20:01Z,8168,49000200,49000200,14
2026-08-15T05:20:01Z,8169,7500,10100,13459
2026-08-15T05:20:01Z,8170,39600,46000,12306
2026-08-15T05:20:01Z,8171,8900,10000,3885
2026-08-15T05:20:01Z,8172,20000,23900,20221
2026-08-15T05:20:01Z,8173,10000,10000,149
2026-08-15T05:20:01Z,8244,7795500,7798300,583
2026-08-15T05:20:01Z,8343,1200,151500,20855
2026-08-15T05:20:01Z,8364,150000,157900,84
2026-08-15T05:20:01Z,8365,6800,6800,1165
2026-08-15T05:20:01Z,8368,1022551300,1022551300,1
2026-08-15T05:20:01Z,8391,17968800,17968800,23
2026-08-15T05:20:01Z,8392,195550000,195550000,3
2026-08-15T05:20:01Z,8393,19990000,19990000,18
2026-08-15T05:20:01Z,8394,39999500,39999500,6
2026-08-15T05:20:01Z,8396,9990500,9990500,20
2026-08-15T05:20:01Z,8483,49009900,49009900,24
2026-08-15T05:20:01Z,8508,290000300,290000300,1
2026-08-15T05:20:01Z,8544,19900,19900,285
2026-08-15T05:20:01Z,8545,30000,30000,230
2026-08-15T05:20:01Z,8766,300,300,86
2026-08-15T05:20:01Z,8827,239500,249900,1172
2026-08-15T05:20:01Z,8831,52300,90900,15866
2026-08-15T05:20:01Z,8836,1000000,38886500,74
2026-08-15T05:20:01Z,8838,17400,28000,46261
2026-08-15T05:20:01Z,8839,34900,489900,7046
2026-08-15T05:20:01Z,8845,380000,380000,893
2026-08-15T05:20:01Z,8846,31500,650000,13423
2026-08-15T05:20:01Z,8923,290000100,290000100,16
2026-08-15T05:20:01Z,8924,990000100,990000100,1
2026-08-15T05:20:01Z,8925,49000400,49000400,22
2026-08-15T05:20:01Z,8926,1500000200,1500000200,1
2026-08-15T05:20:01Z,8927,49000300,49000300,9
2026-08-15T05:20:01Z,8928,1500000400,1500000400,1
2026-08-15T05:20:01Z,8932,500,1500,273
2026-08-15T05:20:01Z,8948,300,300,301
2026-08-15T05:20:01Z,8949,41000,41100,1757
2026-08-15T05:20:01Z,8950,200,300,71
2026-08-15T05:20:01Z,8951,1000,1000,331
2026-08-15T05:20:01Z,8952,300,300,60
2026-08-15T05:20:01Z,8953,2900,2900,76
2026-08-15T05:20:01Z,8956,71400,71400,214
2026-08-15T05:20:01Z,8957,19900,19900,153
2026-08-15T05:20:01Z,8959,5000,850000,2017
2026-08-15T05:20:01Z,8984,290001900,290001900,1
2026-08-15T05:20:01Z,8985,1500000100,1500000100,1
2026-08-15T05:20:01Z,9030,1000000,1000000,28
2026-08-15T05:20:01Z,9060,700600,701000,230
2026-08-15T05:20:01Z,9061,280000,280000,2257
2026-08-15T05:20:01Z,9088,975200,975200,142
2026-08-15T05:20:01Z,9144,55400,990000,244
2026-08-15T05:20:01Z,9154,1000,1000,417
2026-08-15T05:20:01Z,9155,95000,95000,149
2026-08-15T05:20:01Z,9172,380000,380000,338
2026-08-15T05:20:01Z,9179,1089100,1089100,188
2026-08-15T05:20:01Z,9186,1500000300,1500000300,1
2026-08-15T05:20:01Z,9187,509900,509900,56
2026-08-15T05:20:01Z,9197,1258500,1258500,70
2026-08-15T05:20:01Z,9206,799000,799000,81
2026-08-15T05:20:01Z,9210,891800,891800,1588
2026-08-15T05:20:01Z,9224,626600,626600,139
2026-08-15T05:20:01Z,9233,700,700,434
2026-08-15T05:20:01Z,9260,6700,155500,1703
2026-08-15T05:20:01Z,9261,4215500,49009900,21
2026-08-15T05:20:01Z,9262,1100,91000,2697
2026-08-15T05:20:01Z,9264,1244900,1244900,69
2026-08-15T05:20:01Z,9308,14500,3990000,1690
2026-08-15T05:20:01Z,9312,19900,47400,807
2026-08-15T05:20:01Z,9313,13400,15900,767
2026-08-15T05:20:01Z,9314,17200,17700,134
2026-08-15T05:20:01Z,9315,562500,562500,490
2026-08-15T05:20:01Z,9317,1500000,1500000,34
2026-08-15T05:20:01Z,9318,7600,209800,4154
2026-08-15T05:20:01Z,9332,25000,25000,50
2026-08-15T05:20:01Z,9333,200000,699900,41
2026-08-15T05:20:01Z,9334,11300,11300,51
2026-08-15T05:20:01Z,9335,500,9900600,113
2026-08-15T05:20:01Z,9336,341900,341900,37
2026-08-15T05:20:01Z,9355,106700,106700,24
2026-08-15T05:20:01Z,9356,2374200,2374200,24
2026-08-15T05:20:01Z,9357,49009900,49009900,20
2026-08-15T05:20:01Z,9358,49990000,49990000,21
2026-08-15T05:20:01Z,9399,1500000100,1500000100,1
2026-08-15T05:20:01Z,9451,600,600,93
2026-08-15T05:20:01Z,9681,450000100,450000100,1
2026-08-15T05:20:01Z,10285,9900,20100,1888
2026-08-15T05:20:01Z,10286,500,900,3810
2026-08-15T05:20:01Z,10290,2200,2200,8837
2026-08-15T05:20:01Z,10305,199990000,199990000,1
2026-08-15T05:20:01Z,10306,34500,37200,43
2026-08-15T05:20:01Z,10307,37200,37200,36
2026-08-15T05:20:01Z,10308,79700,79700,1296
2026-08-15T05:20:01Z,10309,20000,20000,99
2026-08-15T05:20:01Z,10310,30000,30000,43
2026-08-15T05:20:01Z,10450,5500000600,5500000600,1
2026-08-15T05:20:01Z,10457,990000300,990000300,1
2026-08-15T05:20:01Z,10505,45000,890000,473
2026-08-15T05:20:01Z,10507,39000,39000,457
2026-08-15T05:20:01Z,10512,290000100,290000100,20
2026-08-15T05:20:01Z,10513,49000100,49000100,1001
2026-08-15T05:20:01Z,10514,55800,55800,144
2026-08-15T05:20:01Z,10546,900000,900000,66
2026-08-15T05:20:01Z,10548,469900,559900,79
2026-08-15T05:20:01Z,10558,16600,19800,1118
2026-08-15T05:20:01Z,10559,161400,161500,600
2026-08-15T05:20:01Z,10560,122400,122400,45253
2026-08-15T05:20:01Z,10561,120000,120400,478
2026-08-15T05:20:01Z,10562,1100,1100,349
2026-08-15T05:20:01Z,10586,1500000,1500000,53
2026-08-15T05:20:01Z,10592,650900,650900,283
2026-08-15T05:20:01Z,10593,859500,859500,1337
2026-08-15T05:20:01Z,10620,28400,39100,47248
2026-08-15T05:20:01Z,10646,1247400,1247400,35
2026-08-15T05:20:01Z,10647,4800,4800,3916
2026-08-15T05:20:01Z,10648,49009800,49009800,21
2026-08-15T05:20:01Z,10839,219997400,219997400,4
2026-08-15T05:20:01Z,10840,79900,79900,5
2026-08-15T05:20:01Z,10841,34700,34700,73
2026-08-15T05:20:01Z,10918,80000,49000000,24
2026-08-15T05:20:01Z,10920,5500000100,5500000100,1
2026-08-15T05:20:01Z,10921,1500000100,1500000100,1
2026-08-15T05:20:01Z,10922,5500000400,5500000400,1
2026-08-15T05:20:01Z,10938,3000,3500,6732
2026-08-15T05:20:01Z,10939,8600,9900,58648
2026-08-15T05:20:01Z,10940,2600,4300,173718
2026-08-15T05:20:01Z,11018,53200,53200,298
2026-08-15T05:20:01Z,11022,2502300,2502300,60
2026-08-15T05:20:01Z,11040,499800,499800,220
2026-08-15T05:20:01Z,11184,10000,14800,543
2026-08-15T05:20:01Z,11185,30000,30000,597
2026-08-15T05:20:01Z,11186,299500,359500,779
2026-08-15T05:20:01Z,11188,17100,17100,660
2026-08-15T05:20:01Z,11284,4851100,4851100,2198
2026-08-15T05:20:01Z,11285,49000000,49000000,20
2026-08-15T05:20:01Z,11291,2500,2500,767
2026-08-15T05:20:01Z,11325,34900,35000,298
2026-08-15T05:20:01Z,11370,215800,231900,8449
2026-08-15T05:20:01Z,11371,2050000,2066600,1325
2026-08-15T05:20:01Z,11382,5556000,7505900,2253
2026-08-15T05:20:01Z,11384,22220200,22220200,32
2026-08-15T05:20:01Z,11385,49000100,49000100,21
2026-08-15T05:20:01Z,11386,49001100,49001100,21
2026-08-15T05:20:01Z,11387,49001600,49001600,10
2026-08-15T05:20:01Z,11388,1500000300,1500000300,1
2026-08-15T05:20:01Z,11389,290003300,290003300,1
2026-08-15T05:20:01Z,11390,290000200,290000200,7
2026-08-15T05:20:01Z,11391,1400,1400,69
2026-08-15T05:20:01Z,11392,1900,1900,56
2026-08-15T05:20:01Z,11393,47100,47200,53
2026-08-15T05:20:01Z,11394,5100,5100,64
2026-08-15T05:20:01Z,11395,49009900,49009900,19
2026-08-15T05:20:01Z,11402,290001900,290001900,2
2026-08-15T05:20:01Z,11403,49002400,49002400,21
2026-08-15T05:20:01Z,11404,48000,48000,26
2026-08-15T05:20:01Z,11406,155000,155000,53
2026-08-15T05:20:01Z,11407,1484300,1484300,34
2026-08-15T05:20:01Z,11408,49001400,49001400,22
2026-08-15T05:20:01Z,11409,56700,56700,27
2026-08-15T05:20:01Z,11410,49000900,49000900,20
2026-08-15T05:20:01Z,11414,49002700,49002700,21
2026-08-15T05:20:01Z,11415,9989900,9990000,47
2026-08-15T05:20:01Z,11416,49000000,49000000,20
2026-08-15T05:20:01Z,11417,49001900,49001900,20
2026-08-15T05:20:01Z,11418,24900,25000,31
2026-08-15T05:20:01Z,11419,195000000,195000000,5
2026-08-15T05:20:01Z,11420,270002600,270002600,2
2026-08-15T05:20:01Z,11444,10800,10800,173
2026-08-15T05:20:01Z,11584,355700,355700,260
2026-08-15T05:20:01Z,11590,102000,9904600,27
2026-08-15T05:20:01Z,11630,290000100,290000100,1
2026-08-15T05:20:01Z,11754,10000,13100,5287
2026-08-15T05:20:01Z,11846,705500,705500,32
2026-08-15T05:20:01Z,11939,50600,50600,66
2026-08-15T05:20:01Z,11940,99900,99900,59
2026-08-15T05:20:01Z,11941,199900,199900,40
2026-08-15T05:20:01Z,11942,999900,1000000,77
2026-08-15T05:20:01Z,12003,25000000,25000000,8
2026-08-15T05:20:01Z,12037,1100,1200,11068
2026-08-15T05:20:01Z,12184,3400,55500,35717
2026-08-15T05:20:01Z,12190,10600,11700,162
2026-08-15T05:20:01Z,12202,11900,29500,5916
2026-08-15T05:20:01Z,12203,100,600,41755
2026-08-15T05:20:01Z,12204,1900,199900,1307
2026-08-15T05:20:01Z,12205,1100,1400,17084
2026-08-15T05:20:01Z,12206,9700,14700,8491
2026-08-15T05:20:01Z,12207,3400,3500,8475
2026-08-15T05:20:01Z,12208,500,600,3876
2026-08-15T05:20:01Z,12209,3709200,3709200,162
2026-08-15T05:20:01Z,12210,15900,15900,196
2026-08-15T05:20:01Z,12212,494300,494300,83
2026-08-15T05:20:01Z,12213,389200,389200,64
2026-08-15T05:20:01Z,12214,800000,800000,79
2026-08-15T05:20:01Z,12215,123000,123000,132
2026-08-15T05:20:01Z,12216,13700,13700,80
2026-08-15T05:20:01Z,12217,4999900,4999900,72
2026-08-15T05:20:01Z,12218,700,700,85
2026-08-15T05:20:01Z,12223,9800,199900,1359
2026-08-15T05:20:01Z,12224,911600,911600,60
2026-08-15T05:20:01Z,12238,9990000,9990000,46
2026-08-15T05:20:01Z,12359,29500,29800,114959
2026-08-15T05:20:01Z,12360,899900,899900,3607
2026-08-15T05:20:01Z,12361,10000,10000,1806
2026-08-15T05:20:01Z,12363,949500,1250000,2402
2026-08-15T05:20:01Z,12364,14900,19900,3660
2026-08-15T05:20:01Z,12365,300,400,246314
2026-08-15T05:20:01Z,12404,10000,10000,1428
2026-08-15T05:20:01Z,12430,199000000,199000000,2
2026-08-15T05:20:01Z,12431,39999600,39999600,5
2026-08-15T05:20:01Z,12432,198890000,198890000,58
2026-08-15T05:20:01Z,12433,49500000,49500000,4
2026-08-15T05:20:01Z,12434,25006500,25006500,9
2026-08-15T05:20:01Z,12435,400,450400,43
2026-08-15T05:20:01Z,12436,199988200,199988200,1
2026-08-15T05:20:01Z,12607,40000,115300,674
2026-08-15T05:20:01Z,12643,19200,39900,1379
2026-08-15T05:20:01Z,12644,4600,6500,4218
2026-08-15T05:20:01Z,12645,724000,724000,173
2026-08-15T05:20:01Z,12655,64100,65400,968
2026-08-15T05:20:01Z,12735,2000,2000,59
2026-08-15T05:20:01Z,12799,50000,60000,829
2026-08-15T05:20:01Z,12800,22300,210000,2265
2026-08-15T05:20:01Z,12803,74500,80000,22090
2026-08-15T05:20:01Z,12804,2100,2300,3862
2026-08-15T05:20:01Z,12808,909900,968300,11590
2026-08-15T05:20:01Z,12809,440000,460000,680
2026-08-15T05:20:01Z,12810,1049900,1149900,5481
2026-08-15T05:20:01Z,12811,396900,559900,6925
2026-08-15T05:20:01Z,12820,1111100,1111100,1881
2026-08-15T05:20:01Z,13159,2700,110300,95
2026-08-15T05:20:01Z,13362,22000,92000,35
2026-08-15T05:20:01Z,13363,208700,212900,35
2026-08-15T05:20:01Z,13364,155000,155000,25
2026-08-15T05:20:01Z,13365,10001900,10001900,27
2026-08-15T05:20:01Z,13366,49003000,49003000,23
2026-08-15T05:20:01Z,13422,10600,11000,1030
2026-08-15T05:20:01Z,13423,10000,10000,606
2026-08-15T05:20:01Z,13442,129000,129000,91
2026-08-15T05:20:01Z,13443,500,500,374
2026-08-15T05:20:01Z,13444,3400,6600,365
2026-08-15T05:20:01Z,13445,323900,323900,91
2026-08-15T05:20:01Z,13446,2500,2900,579
2026-08-15T05:20:01Z,13447,4600,4600,342
2026-08-15T05:20:01Z,13452,299800,299800,144
2026-08-15T05:20:01Z,13453,294500,294600,119
2026-08-15T05:20:01Z,13454,98400,98400,360
2026-08-15T05:20:01Z,13455,54300,54300,193
2026-08-15T05:20:01Z,13456,154700,156200,280
2026-08-15T05:20:01Z,13457,7000,7000,100
2026-08-15T05:20:01Z,13458,35000,9845300,49
2026-08-15T05:20:01Z,13459,1990000,1999900,80
2026-08-15T05:20:01Z,13460,1728900,9903500,31
2026-08-15T05:20:01Z,13461,92100,92300,52
2026-08-15T05:20:01Z,13462,2400,2500,284
2026-08-15T05:20:01Z,13463,20900,99800,55338
2026-08-15T05:20:01Z,13464,24200,25000,2696
2026-08-15T05:20:01Z,13465,32800,650000,20366
2026-08-15T05:20:01Z,13466,158500,669900,10898
2026-08-15T05:20:01Z,13467,30000,890000,14940
2026-08-15T05:20:01Z,13468,7990000,7990000,5447
2026-08-15T05:20:01Z,13506,5171300,5171300,79
2026-08-15T05:20:01Z,13510,14905500,14905500,98
2026-08-15T05:20:01Z,13511,5067200,5067200,4
2026-08-15T05:20:01Z,13512,7353500,7353500,194
2026-08-15T05:20:01Z,13546,3920300,3959900,36
2026-08-15T05:20:01Z,13724,2000400,2000400,129
2026-08-15T05:20:01Z,13754,100100,110000,3545
2026-08-15T05:20:01Z,13755,505500,2495400,300
2026-08-15T05:20:01Z,13756,78800,890000,1159
2026-08-15T05:20:01Z,13757,13000,489900,9607
2026-08-15T05:20:01Z,13758,15900,16900,3760
2026-08-15T05:20:01Z,13759,149900,195000,2007
2026-08-15T05:20:01Z,13760,135900,890000,2639
2026-08-15T05:20:01Z,13851,29700,29900,159
2026-08-15T05:20:01Z,13888,21200,22200,9484
2026-08-15T05:20:01Z,13889,38500,125000,3443
2026-08-15T05:20:01Z,13890,49000200,49000200,20
2026-08-15T05:20:01Z,13893,3967900,3968000,1585
2026-08-15T05:20:01Z,13926,4109800,4220000,445
2026-08-15T05:20:01Z,13927,48700,48700,129
2026-08-15T05:20:01Z,13928,1567500,1567500,135
2026-08-15T05:20:01Z,13929,59500,59500,284
2026-08-15T05:20:01Z,13930,1989600,1989600,118
2026-08-15T05:20:01Z,13931,9960000,9960000,45
2026-08-15T05:20:01Z,13932,1000,1000,140
2026-08-15T05:20:01Z,13933,9945500,9945500,104
2026-08-15T05:20:01Z,13934,999400,999400,36
2026-08-15T05:20:01Z,13935,4800,4900,168
2026-08-15T05:20:01Z,14047,9000,11700,34427
2026-08-15T05:20:01Z,14048,30000,39900,2735
2026-08-15T05:20:01Z,14227,209900,289400,1281
2026-08-15T05:20:01Z,14256,790000,832100,3261
2026-08-15T05:20:01Z,14341,4000,4100,12186
2026-08-15T05:20:01Z,14342,2240700,2240700,516
2026-08-15T05:20:01Z,14343,2400,2800,1605
2026-08-15T05:20:01Z,14344,1400,7500,1175682
2026-08-15T05:20:01Z,14529,150000,150000,304
2026-08-15T05:20:01Z,14530,30000,30000,375
2026-08-15T05:20:01Z,15327,3500000000,3500000000,1
2026-08-15T05:20:01Z,15407,39900,42000,8701
2026-08-15T05:20:01Z,15408,663300,693400,824
2026-08-15T05:20:01Z,15409,49008300,49008300,24
2026-08-15T05:20:01Z,15410,342000,342000,393
2026-08-15T05:20:01Z,15412,40000,40000,1221
2026-08-15T05:20:01Z,15414,150000,510000,5529
2026-08-15T05:20:01Z,15415,11513200,20006600,69
2026-08-15T05:20:01Z,15416,6600,7500,12920
2026-08-15T05:20:01Z,15417,156600,159900,982
2026-08-15T05:20:01Z,15419,660000,799700,1730
2026-08-15T05:20:01Z,15420,48500200,48500200,23
2026-08-15T05:20:01Z,15422,290000800,290000800,1
2026-08-15T05:20:01Z,15423,290000800,290000800,1
2026-08-15T05:20:01Z,15564,1300,1300,104
2026-08-15T05:20:01Z,15869,13000,13200,420
2026-08-15T05:20:01Z,15870,9600,9600,65
2026-08-15T05:20:01Z,15871,159900,159900,107
2026-08-15T05:20:01Z,15872,600000,600000,115
2026-08-15T05:20:01Z,15992,8600,9400,5156
2026-08-15T05:20:01Z,15993,36600,36600,84
2026-08-15T05:20:01Z,15994,890000,890000,425
2026-08-15T05:20:01Z,15997,290000100,290000100,1
2026-08-15T05:20:01Z,16000,62000,194000,2095
2026-08-15T05:20:01Z,16005,9992700,9992700,21
2026-08-15T05:20:01Z,16006,1478400,1478400,90
2026-08-15T05:20:01Z,16023,1056500,1056500,58
2026-08-15T05:20:01Z,16040,9995500,9995500,31
2026-08-15T05:20:01Z,16166,9899900,9899900,87
2026-08-15T05:20:01Z,16167,9799900,9799900,44
2026-08-15T05:20:01Z,16168,9800300,9800300,60
2026-08-15T05:20:01Z,16169,299900,299900,57
2026-08-15T05:20:01Z,16170,9909800,9909800,85
2026-08-15T05:20:01Z,16202,99500,117800,2395
2026-08-15T05:20:01Z,16203,334100,389800,19819
2026-08-15T05:20:01Z,16204,7800,7900,12653
2026-08-15T05:20:01Z,16583,290003800,290003800,1
2026-08-15T05:20:01Z,16747,49000100,49000100,20
2026-08-15T05:20:01Z,16748,49000100,49000100,20
2026-08-15T05:20:01Z,16766,900,900,254
2026-08-15T05:20:01Z,16971,9990000,9990000,21
2026-08-15T05:20:01Z,17010,9400,11900,14332
2026-08-15T05:20:01Z,17011,2500,2600,1671
2026-08-15T05:20:01Z,17012,7900,10100,5492
2026-08-15T05:20:01Z,17020,49004500,49004500,10
2026-08-15T05:20:01Z,17021,290000300,290000300,1
2026-08-15T05:20:01Z,17026,990000400,990000400,1
2026-08-15T05:20:01Z,17028,290000300,290000300,1
2026-08-15T05:20:01Z,17029,199990000,199990000,3
2026-08-15T05:20:01Z,17030,290000000,290000000,3
2026-08-15T05:20:01Z,17031,39990100,49000100,21
2026-08-15T05:20:01Z,17032,49000800,49000800,20
2026-08-15T05:20:01Z,17033,222220800,222220800,3
2026-08-15T05:20:01Z,17034,290000100,290000100,15
2026-08-15T05:20:01Z,17036,5500000400,5500000400,1
2026-08-15T05:20:01Z,17037,5500000600,5500000600,1
2026-08-15T05:20:01Z,17038,990000800,990000800,1
2026-08-15T05:20:01Z,17056,400,400,19327
2026-08-15T05:20:01Z,17057,680100,9900200,104
2026-08-15T05:20:01Z,17058,1500,1500,312
2026-08-15T05:20:01Z,17119,1000,1000,92
2026-08-15T05:20:01Z,17194,100,100,10959
2026-08-15T05:20:01Z,17196,2500,500000,4720
2026-08-15T05:20:01Z,17197,259900,259900,2129
2026-08-15T05:20:01Z,17198,9977400,9977400,45
2026-08-15T05:20:01Z,17202,1000,1500,218209
2026-08-15T05:20:01Z,17203,1887200,1896600,251
2026-08-15T05:20:01Z,17222,2400,2500,439
2026-08-15T05:20:01Z,17303,9900,9900,526
2026-08-15T05:20:01Z,17304,29700,29900,553
2026-08-15T05:20:01Z,17307,49700,49700,261
2026-08-15T05:20:01Z,17344,19900000,19900000,12
2026-08-15T05:20:01Z,17402,900000,900000,76
2026-08-15T05:20:01Z,17403,701500,9991500,249
2026-08-15T05:20:01Z,17404,9500,9500,59
2026-08-15T05:20:01Z,17405,50000,50000,167
2026-08-15T05:20:01Z,17406,40300,40300,40
2026-08-15T05:20:01Z,17407,735000,735000,50
2026-08-15T05:20:01Z,17408,9950000,9950000,33
2026-08-15T05:20:01Z,17708,450000,485100,137
2026-08-15T05:20:01Z,17747,9851700,9901700,27
2026-08-15T05:20:01Z,17771,10300000,10300000,169
2026-08-15T05:20:01Z,18042,290000100,290000100,1
2026-08-15T05:20:01Z,18045,2000,2000,174
2026-08-15T05:20:01Z,18222,3100,3100,134
2026-08-15T05:20:01Z,18223,6200,6200,50
2026-08-15T05:20:01Z,18224,1800,1800,206
2026-08-15T05:20:01Z,18225,104400,104400,45
2026-08-15T05:20:01Z,18226,290000700,290000700,1
2026-08-15T05:20:01Z,18227,104000,104000,30
2026-08-15T05:20:01Z,18230,55000,105000,30
2026-08-15T05:20:01Z,18232,2052300,2442800,90
2026-08-15T05:20:01Z,18233,49000200,49000200,22
2026-08-15T05:20:01Z,18234,49000400,49000400,20
2026-08-15T05:20:01Z,18236,554000,554000,40
2026-08-15T05:20:01Z,18237,49002400,49002400,61
2026-08-15T05:20:01Z,18251,9533900,9533900,22
2026-08-15T05:20:01Z,18253,12300,12300,61
2026-08-15T05:20:01Z,18254,55500,55500,101
2026-08-15T05:20:01Z,18255,198600,198900,2381
2026-08-15T05:20:01Z,18256,49003100,49003100,20
2026-08-15T05:20:01Z,18262,752400,752400,59
2026-08-15T05:20:01Z,18283,78899500,78899500,13
2026-08-15T05:20:01Z,18285,171700,171700,36
2026-08-15T05:20:01Z,18286,18000,18000,66
2026-08-15T05:20:01Z,18287,225600,225700,70
2026-08-15T05:20:01Z,18288,459400,459400,65
2026-08-15T05:20:01Z,18294,139000,139000,85
2026-08-15T05:20:01Z,18300,39990000,39990000,5
2026-08-15T05:20:01Z,18335,5064500,39900000,612
2026-08-15T05:20:01Z,18512,1516800,1516800,25
2026-08-15T05:20:01Z,18562,570600,850000,3782
2026-08-15T05:20:01Z,18567,30000,30000,1921
2026-08-15T05:20:01Z,18588,500000,500000,301
2026-08-15T05:20:01Z,18594,1999900,1999900,109
2026-08-15T05:20:01Z,18631,279800,279800,139
2026-08-15T05:20:01Z,18632,3999900,3999900,53
2026-08-15T05:20:01Z,18633,2045500,2045500,49
2026-08-15T05:20:01Z,18635,121500,121500,144
2026-08-15T05:20:01Z,18640,171000,171000,76
2026-08-15T05:20:01Z,18641,900,900,128
2026-08-15T05:20:01Z,18645,1660800,1660800,48
2026-08-15T05:20:01Z,18662,40000,49200,50
2026-08-15T05:20:01Z,18944,1809900,2009900,885
2026-08-15T05:20:01Z,18945,900,1300,25883
2026-08-15T05:20:01Z,19026,99900,101000,401
2026-08-15T05:20:01Z,19183,100,200,8297
2026-08-15T05:20:01Z,19221,22100,24900,861
2026-08-15T05:20:01Z,19222,5500,22200,74
2026-08-15T05:20:01Z,19223,800,800,303
2026-08-15T05:20:01Z,19224,700,1000,319
2026-08-15T05:20:01Z,19225,600,800,338
2026-08-15T05:20:01Z,19227,10101100,16267700,38
2026-08-15T05:20:01Z,19230,1499900,2474900,68
2026-08-15T05:20:01Z,19231,1128200,2310300,29
2026-08-15T05:20:01Z,19232,1504500,2769600,185
2026-08-15T05:20:01Z,19233,1250000,3153100,84
2026-08-15T05:20:01Z,19234,1708700,1708800,20
2026-08-15T05:20:01Z,19235,1613900,39990000,19
2026-08-15T05:20:01Z,19236,1497600,1497900,50
2026-08-15T05:20:01Z,19258,793800,914000,82
2026-08-15T05:20:01Z,19259,2299900,2574000,105
2026-08-15T05:20:01Z,19260,1226900,1227000,28
2026-08-15T05:20:01Z,19261,2021600,3529400,49
2026-08-15T05:20:01Z,19262,1959100,1959500,65
2026-08-15T05:20:01Z,19263,1421500,1421900,21
2026-08-15T05:20:01Z,19264,1715400,4263100,99
2026-08-15T05:20:01Z,19265,1499800,1499900,55
2026-08-15T05:20:01Z,19268,189900,2750000,237
2026-08-15T05:20:01Z,19269,1900000,2213600,49
2026-08-15T05:20:01Z,19270,1508200,2058200,73
2026-08-15T05:20:01Z,19271,2052400,2568200,64
2026-08-15T05:20:01Z,19272,824500,1402100,46
2026-08-15T05:20:01Z,19273,19990000,19990000,18
2026-08-15T05:20:01Z,19274,2250000,2771900,74
2026-08-15T05:20:01Z,19275,1763000,1763100,53
2026-08-15T05:20:01Z,19276,1533100,1715100,310
2026-08-15T05:20:01Z,19278,3049200,5330900,276
2026-08-15T05:20:01Z,19279,4231900,4232300,74
2026-08-15T05:20:01Z,19280,1494000,1660000,62
2026-08-15T05:20:01Z,19281,2142600,2662700,52
2026-08-15T05:20:01Z,19282,1664900,9996900,113
2026-08-15T05:20:01Z,19283,1002200,1582400,58
2026-08-15T05:20:01Z,19284,600000,1029100,67
2026-08-15T05:20:01Z,19299,200,2600,1779
2026-08-15T05:20:01Z,19300,400,400,1153
2026-08-15T05:20:01Z,19304,1400,1400,251
2026-08-15T05:20:01Z,19305,19800,19900,255
2026-08-15T05:20:01Z,19306,500,500,424
2026-08-15T05:20:01Z,19440,200000,200000,71
2026-08-15T05:20:01Z,19441,3800,4200,7843
2026-08-15T05:20:01Z,19698,32100,35700,759
2026-08-15T05:20:01Z,19699,36400,36500,1637
2026-08-15T05:20:01Z,19700,17900,17900,380
2026-08-15T05:20:01Z,19701,101900,501900,2022
2026-08-15T05:20:01Z,19702,25700,25800,1349
2026-08-15T05:20:01Z,19703,32400,33800,2157
2026-08-15T05:20:01Z,19704,44100,49800,1197
2026-08-15T05:20:01Z,19705,41800,46700,2952
2026-08-15T05:20:01Z,19706,42900,42900,345
2026-08-15T05:20:01Z,19726,1500000800,1500000800,1
2026-08-15T05:20:01Z,19767,1200000,1200000,120
2026-08-15T05:20:01Z,19768,397700,602000,3116
2026-08-15T05:20:01Z,19774,290000000,290000000,2
2026-08-15T05:20:01Z,19931,3599100,3599100,449
2026-08-15T05:20:01Z,19933,200000,4906000,39
2026-08-15T05:20:01Z,19935,9500001300,9500001300,1
2026-08-15T05:20:01Z,19936,1500001300,1500001300,1
2026-08-15T05:20:01Z,19937,290001100,290001100,4
2026-08-15T05:20:01Z,19938,30800,30900,25
2026-08-15T05:20:01Z,19943,750000,2990300,5635
2026-08-15T05:20:01Z,19974,110000,110000,25
2026-08-15T05:20:01Z,19975,129999800,129999800,12
2026-08-15T05:20:01Z,20002,1390000,1390000,571
2026-08-15T05:20:01Z,20004,1256200,1267500,1060
2026-08-15T05:20:01Z,20007,1969500,1969500,1159
2026-08-15T05:20:01Z,20008,249900,249900,282
2026-08-15T05:20:01Z,20016,1500005500,1500005500,1
2026-08-15T05:20:01Z,20074,636900,636900,56
2026-08-15T05:20:01Z,20381,732300,732300,104
2026-08-15T05:20:01Z,20384,750000,750000,2280
2026-08-15T05:20:01Z,20404,99900,153700,41314
2026-08-15T05:20:01Z,20416,161543800,161543800,3
2026-08-15T05:20:01Z,20418,195550000,195550000,2
2026-08-15T05:20:01Z,20419,40000000,40000000,9
2026-08-15T05:20:01Z,20420,149999900,149999900,5
2026-08-15T05:20:01Z,20424,149900,149900,1396
2026-08-15T05:20:01Z,20432,989799900,989799900,2
2026-08-15T05:20:01Z,20433,970289300,970289300,2
2026-08-15T05:20:01Z,20435,2424100,2424100,2
2026-08-15T05:20:01Z,20436,1999300,1999300,3
2026-08-15T05:20:01Z,20450,9500000100,9500000100,1
2026-08-15T05:20:01Z,20452,829100,829100,88
2026-08-15T05:20:01Z,20498,49001600,49001600,11
2026-08-15T05:20:01Z,20499,1500000800,1500000800,1
2026-08-15T05:20:01Z,20500,290003100,290003100,1
2026-08-15T05:20:01Z,20501,290003100,290003100,1
2026-08-15T05:20:01Z,20513,292599200,292599200,3
2026-08-15T05:20:01Z,20514,5500000100,5500000100,2
2026-08-15T05:20:01Z,20518,302000,302000,44
2026-08-15T05:20:01Z,20520,1600000,1800000,5264
2026-08-15T05:20:01Z,20526,166900,166900,56
2026-08-15T05:20:01Z,20527,600000,600000,50
2026-08-15T05:20:01Z,20528,11400,2111400,84
2026-08-15T05:20:01Z,20531,472400,472400,71
2026-08-15T05:20:01Z,20532,298400,298400,32
2026-08-15T05:20:01Z,20533,251200,251200,33
2026-08-15T05:20:01Z,20535,1492000,1492000,33
2026-08-15T05:20:01Z,20540,4057600,4057600,26
2026-08-15T05:20:01Z,20541,400000,429700,30
2026-08-15T05:20:01Z,20542,5203700,9993400,23
2026-08-15T05:20:01Z,20543,1101600,1101600,27
2026-08-15T05:20:01Z,20544,9892000,9892000,25
2026-08-15T05:20:01Z,20545,960400,960400,103
2026-08-15T05:20:01Z,20552,500000,500000,54
2026-08-15T05:20:01Z,20676,2430700,2430700,71
2026-08-15T05:20:01Z,20677,3000000,3000000,32
2026-08-15T05:20:01Z,20678,500000,500000,66
2026-08-15T05:20:01Z,20679,285500,288300,38
2026-08-15T05:20:01Z,20709,1000,1000,99
2026-08-15T05:20:01Z,20763,3639900,3639900,109
2026-08-15T05:20:01Z,20770,290800,350800,26
2026-08-15T05:20:01Z,20812,49009900,49009900,20
2026-08-15T05:20:01Z,20813,49009900,49009900,20
2026-08-15T05:20:01Z,20816,62900,62900,485
2026-08-15T05:20:01Z,20817,39000,39000,1158
2026-08-15T05:20:01Z,20842,49000100,49000100,20
2026-08-15T05:20:01Z,20843,49000100,49000100,20
2026-08-15T05:20:01Z,20844,1500000200,1500000200,1
2026-08-15T05:20:01Z,20845,49009900,49009900,20
2026-08-15T05:20:01Z,20846,49009900,49009900,20
2026-08-15T05:20:01Z,20847,49000100,49000100,20
2026-08-15T05:20:01Z,20848,49000100,49000100,20
2026-08-15T05:20:01Z,20857,9992400,9992400,32
2026-08-15T05:20:01Z,20858,3400,3400,414
2026-08-15T05:20:01Z,20859,4300,4300,477
2026-08-15T05:20:01Z,20860,3200,3200,231
2026-08-15T05:20:01Z,20861,3400,3400,538
2026-08-15T05:20:01Z,20862,3300,3300,443
2026-08-15T05:20:01Z,20863,3100,3100,415
2026-08-15T05:20:01Z,20864,3100,3100,482
2026-08-15T05:20:01Z,20865,3900,3900,465
2026-08-15T05:20:01Z,20866,9500,9500,73
2026-08-15T05:20:01Z,20867,29900,29900,83
2026-08-15T05:20:01Z,20868,49800,59800,89
2026-08-15T05:20:01Z,20869,49500,49500,72
2026-08-15T05:20:01Z,20870,9700,9700,64
2026-08-15T05:20:01Z,20871,18900,19000,76
2026-08-15T05:20:01Z,20872,16800,16800,88
2026-08-15T05:20:01Z,20873,9900,9900,61
2026-08-15T05:20:01Z,20874,6000,6000,84
2026-08-15T05:20:01Z,20875,17500,17600,108
2026-08-15T05:20:01Z,20876,17300,17300,109
2026-08-15T05:20:01Z,20877,8800,8800,66
2026-08-15T05:20:01Z,20878,8000,8000,96
2026-08-15T05:20:01Z,20879,7600,7600,89
2026-08-15T05:20:01Z,20881,6600,6600,98
2026-08-15T05:20:01Z,20882,9500,10000,93
2026-08-15T05:20:01Z,20963,125500,125500,809
2026-08-15T05:20:01Z,21023,594000,599900,764
2026-08-15T05:20:01Z,21024,20500,22400,1400
2026-08-15T05:20:01Z,21030,9699900,9699900,89
2026-08-15T05:20:01Z,21031,9699900,9699900,63
2026-08-15T05:20:01Z,21033,9909700,9909700,45
2026-08-15T05:20:01Z,21071,19800,190000,10705
2026-08-15T05:20:01Z,21072,1500,1500,207
2026-08-15T05:20:01Z,21114,1900,1900,67
2026-08-15T05:20:01Z,21151,11100,11100,114
2026-08-15T05:20:01Z,21153,11900,15600,5232
2026-08-15T05:20:01Z,21177,9900000,9900000,100
2026-08-15T05:20:01Z,21213,2300,49300,17431
2026-08-15T05:20:01Z,21215,25000,40000,1716
2026-08-15T05:20:01Z,21217,3500,3500,277
2026-08-15T05:20:01Z,21222,2700,2700,195
2026-08-15T05:20:01Z,21223,30000,30000,175
2026-08-15T05:20:01Z,21224,13700,13700,68
2026-08-15T05:20:01Z,21225,8100,8100,57
2026-08-15T05:20:01Z,21226,112200,112200,43
2026-08-15T05:20:01Z,21227,8888800,49008800,23
2026-08-15T05:20:01Z,21536,105400,250000,927
2026-08-15T05:20:01Z,21546,438000,438000,303
2026-08-15T05:20:01Z,21552,59700,59700,172
2026-08-15T05:20:01Z,21557,4300,11300,1281
2026-08-15T05:20:01Z,21558,10000,10000,578
2026-08-15T05:20:01Z,21559,2900,11300,338
2026-08-15T05:20:01Z,21561,3000,3000,44
2026-08-15T05:20:01Z,21562,2000,2000,61
2026-08-15T05:20:01Z,21569,2999800,2999800,93
2026-08-15T05:20:01Z,21570,469300,469300,55
2026-08-15T05:20:01Z,21571,43500,43600,606
2026-08-15T05:20:01Z,21574,49900,50000,578
2026-08-15T05:20:01Z,21576,44300,44400,829
2026-08-15T05:20:01Z,21589,11500,11500,35
2026-08-15T05:20:01Z,21590,17700,17700,52
2026-08-15T05:20:01Z,21592,1200,150000,154
2026-08-15T05:20:01Z,21593,110000,9979900,29
2026-08-15T05:20:01Z,21595,637500,637500,101
2026-08-15T05:20:01Z,21714,451000,451000,394
2026-08-15T05:20:01Z,21716,453400,453400,395
2026-08-15T05:20:01Z,21718,452200,452200,257
2026-08-15T05:20:01Z,21721,17500,17500,464
2026-08-15T05:20:01Z,21747,248900,9989600,268
2026-08-15T05:20:01Z,21752,20000,20000,1460
2026-08-15T05:20:01Z,21830,150000000,150000000,16
2026-08-15T05:20:01Z,21840,4600,4900,22641
2026-08-15T05:20:01Z,21842,40000,40000,2238
2026-08-15T05:20:01Z,21844,34300,34400,9578
2026-08-15T05:20:01Z,21845,3960000,3960000,290
2026-08-15T05:20:01Z,21877,900,900,380252
2026-08-15T05:20:01Z,21881,5300,5400,7675
2026-08-15T05:20:01Z,21882,2600,3800,15248
2026-08-15T05:20:01Z,21884,4890000,5080000,1420
2026-08-15T05:20:01Z,21885,2727100,2727100,3415
2026-08-15T05:20:01Z,21886,1100000,1505000,33134
2026-08-15T05:20:01Z,21887,50000,61500,14405
2026-08-15T05:20:01Z,21927,290000600,290000600,1
2026-08-15T05:20:01Z,21929,6200,6300,907
2026-08-15T05:20:01Z,21990,1400,1400,248
2026-08-15T05:20:01Z,21991,3000,3000,449
2026-08-15T05:20:01Z,22054,290000600,290000600,18
2026-08-15T05:20:01Z,22055,290000400,290000400,21
2026-08-15T05:20:01Z,22147,290001600,290001600,2
2026-08-15T05:20:01Z,22148,49000600,49000600,20
2026-08-15T05:20:01Z,22202,64500,66600,1028
2026-08-15T05:20:01Z,22203,1320000,1326800,188
2026-08-15T05:20:01Z,22324,9870400,9870400,57
2026-08-15T05:20:01Z,22373,199999800,199999800,298
2026-08-15T05:20:01Z,22374,197977000,197977000,84
2026-08-15T05:20:01Z,22375,450000000,450000000,313
2026-08-15T05:20:01Z,22376,14009300,14009300,17
2026-08-15T05:20:01Z,22445,21500,24800,85318
2026-08-15T05:20:01Z,22446,93800,112200,15785
2026-08-15T05:20:01Z,22447,22600,30000,3257
2026-08-15T05:20:01Z,22448,5700,5800,5206
2026-08-15T05:20:01Z,22449,22900,26100,225604
2026-08-15T05:20:01Z,22450,15000,18600,13206
2026-08-15T05:20:01Z,22451,4110000,4298700,2049
2026-08-15T05:20:01Z,22452,70000,80000,23225
2026-08-15T05:20:01Z,22456,207900,323100,41342
2026-08-15T05:20:01Z,22457,4280000,4302000,2927
2026-08-15T05:20:01Z,22459,40000,40000,68
2026-08-15T05:20:01Z,22460,9993400,9993400,127
2026-08-15T05:20:01Z,22525,6000,4900300,219
2026-08-15T05:20:01Z,22526,30000,40000,353
2026-08-15T05:20:01Z,22527,2777700,2777700,287
2026-08-15T05:20:01Z,22528,3800,3800,1768
2026-08-15T05:20:01Z,22529,1009000,1009000,26
2026-08-15T05:20:01Z,22572,400000,642200,4641
2026-08-15T05:20:01Z,22573,5800,6000,22951
2026-08-15T05:20:01Z,22574,488500,600000,7801
2026-08-15T05:20:01Z,22575,90500,155000,166906
2026-08-15T05:20:01Z,22576,444000,559800,31270
2026-08-15T05:20:01Z,22577,18000,99900,91057
2026-08-15T05:20:01Z,22578,296800,299800,24955
2026-08-15T05:20:01Z,22641,443000,499900,894
2026-08-15T05:20:01Z,22642,444900,549900,485
2026-08-15T05:20:01Z,22644,19000,46900,3948
2026-08-15T05:20:01Z,22645,500,500,67
2026-08-15T05:20:01Z,22682,250000,250000,2044
2026-08-15T05:20:01Z,22710,9500,9500,491
2026-08-15T05:20:01Z,22785,14000,14800,14070
2026-08-15T05:20:01Z,22786,14400,20000,3227
2026-08-15T05:20:01Z,22787,20000,33600,1237
2026-08-15T05:20:01Z,22788,98900,99900,1354
2026-08-15T05:20:01Z,22789,14000,26100,2156
2026-08-15T05:20:01Z,22790,17400,19800,942
2026-08-15T05:20:01Z,22791,14800,14800,5696
2026-08-15T05:20:01Z,22792,15500,304100,7798
2026-08-15T05:20:01Z,22793,58800,71900,5544
2026-08-15T05:20:01Z,22794,92500,124800,2911
2026-08-15T05:20:01Z,22795,200,400,825
2026-08-15T05:20:01Z,22797,3002500,3002500,42
2026-08-15T05:20:01Z,22823,474800,474800,97
2026-08-15T05:20:01Z,22824,59900,69900,267
2026-08-15T05:20:01Z,22825,2900,5000,111
2026-08-15T05:20:01Z,22826,49400,9942900,40
2026-08-15T05:20:01Z,22827,1499900,1499900,96
2026-08-15T05:20:01Z,22828,220000,220000,133
2026-08-15T05:20:01Z,22829,7400,7500,231
2026-08-15T05:20:01Z,22830,495000,495000,242
2026-08-15T05:20:01Z,22831,75900,76000,179
2026-08-15T05:20:01Z,22832,5000,5000,262
2026-08-15T05:20:01Z,22833,4090000,9600000,39
2026-08-15T05:20:01Z,22834,22800,5006400,122
2026-08-15T05:20:01Z,22835,999900,999900,88
2026-08-15T05:20:01Z,22836,9000,9900,421
2026-08-15T05:20:01Z,22837,9900000,9900000,50
2026-08-15T05:20:01Z,22838,9884500,9884500,45
2026-08-15T05:20:01Z,22839,492200,492200,92
2026-08-15T05:20:01Z,22840,70000,70000,58
2026-08-15T05:20:01Z,22841,1999900,1999900,93
2026-08-15T05:20:01Z,22842,9801000,9801000,47
2026-08-15T05:20:01Z,22844,259800,259800,258
2026-08-15T05:20:01Z,22845,9899700,9899700,35
2026-08-15T05:20:01Z,22846,97900,97900,290
2026-08-15T05:20:01Z,22847,1369100,1369100,250
2026-08-15T05:20:01Z,22848,9800100,9800100,43
2026-08-15T05:20:01Z,22849,359400,359400,159
2026-08-15T05:20:01Z,22850,9000,9000,193
2026-08-15T05:20:01Z,22851,11200,11200,71
2026-08-15T05:20:01Z,22853,44700,54700,144
2026-08-15T05:20:01Z,22854,37600,37600,92
2026-08-15T05:20:01Z,22861,250000,250000,742
2026-08-15T05:20:01Z,22866,312200,9889800,46
2026-08-15T05:20:01Z,22871,9800000,9900000,101
2026-08-15T05:20:01Z,23055,190000000,190000000,11
2026-08-15T05:20:01Z,23077,139600,139800,1065
2026-08-15T05:20:01Z,23079,10000,13900,782
2026-08-15T05:20:01Z,23094,94500,94500,31
2026-08-15T05:20:01Z,23095,186800,186800,48
2026-08-15T05:20:01Z,23096,249965100,249965100,2
2026-08-15T05:20:01Z,23097,97600,97600,27
2026-08-15T05:20:01Z,23098,9900,9900,41
2026-08-15T05:20:01Z,23099,2227500,2227500,28
2026-08-15T05:20:01Z,23100,9500,9500,62
2026-08-15T05:20:01Z,23101,299900,299900,30
2026-08-15T05:20:01Z,23103,17600,17600,46
2026-08-15T05:20:01Z,23104,9900,9900,76
2026-08-15T05:20:01Z,23105,9900300,9900300,26
2026-08-15T05:20:01Z,23106,989999900,989999900,2
2026-08-15T05:20:01Z,23107,9500,13300,628
2026-08-15T05:20:01Z,23108,12100,12100,62
2026-08-15T05:20:01Z,23109,9808500,9808500,25
2026-08-15T05:20:01Z,23110,4209900,4209900,36
2026-08-15T05:20:01Z,23111,30000,30000,101
2026-08-15T05:20:01Z,23112,25100,29500,304
2026-08-15T05:20:01Z,23113,40000,40000,26
2026-08-15T05:20:01Z,23114,34700,34700,30
2026-08-15T05:20:01Z,23115,9000000,9000000,36
2026-08-15T05:20:01Z,23116,80900,80900,144
2026-08-15T05:20:01Z,23117,6400,6400,449
2026-08-15T05:20:01Z,23118,10000,14300,43
2026-08-15T05:20:01Z,23119,9500,9500,82
2026-08-15T05:20:01Z,23120,27500,27500,94
2026-08-15T05:20:01Z,23121,3499999800,3499999800,1
2026-08-15T05:20:01Z,23329,12500,12500,43
2026-08-15T05:20:01Z,23330,49000000,49000000,20
2026-08-15T05:20:01Z,23331,1508900,2008900,35
2026-08-15T05:20:01Z,23332,9950000,9950000,37
2026-08-15T05:20:01Z,23333,49009900,49009900,17
2026-08-15T05:20:01Z,23334,2700,2700,3
2026-08-15T05:20:01Z,23353,44999900,44999900,20
2026-08-15T05:20:01Z,23354,300,400,50
2026-08-15T05:20:01Z,23355,290000400,290000400,1
2026-08-15T05:20:01Z,23380,48000,48000,26
2026-08-15T05:20:01Z,23383,20000,49009900,23
2026-08-15T05:20:01Z,23384,999900,999900,44
2026-08-15T05:20:01Z,23385,10000,10000,32
2026-08-15T05:20:01Z,23386,1300,11400,40
2026-08-15T05:20:01Z,23424,100000,112800,8022
2026-08-15T05:20:01Z,23425,30000,30400,6293
2026-08-15T05:20:01Z,23426,2757500,2757500,805
2026-08-15T05:20:01Z,23427,870000,890000,1321
2026-08-15T05:20:01Z,23436,900000,999800,360
2026-08-15T05:20:01Z,23437,248000,248000,194
2026-08-15T05:20:01Z,23438,900000,900000,93
2026-08-15T05:20:01Z,23439,49800,49800,184
2026-08-15T05:20:01Z,23440,110000,110000,228
2026-08-15T05:20:01Z,23441,699900,699900,71
2026-08-15T05:20:01Z,23445,122500,130000,23883
2026-08-15T05:20:01Z,23446,69900,70000,7489
2026-08-15T05:20:01Z,23447,281100,347000,2513
2026-08-15T05:20:01Z,23448,999400,999600,7411
2026-08-15T05:20:01Z,23449,6349900,7000000,385
2026-08-15T05:20:01Z,23528,120000,136700,86
2026-08-15T05:20:01Z,23529,190500,190900,2406
2026-08-15T05:20:01Z,23530,4008000,4008000,17
2026-08-15T05:20:01Z,23559,64200,64200,97
2026-08-15T05:20:01Z,23571,13779900,13779900,583
2026-08-15T05:20:01Z,23572,16100,16100,1340
2026-08-15T05:20:01Z,23573,739900,739900,1800
2026-08-15T05:20:01Z,23575,22500,22500,221
2026-08-15T05:20:01Z,23576,500000,500000,51
2026-08-15T05:20:01Z,23676,12200,13000,1350
2026-08-15T05:20:01Z,23704,703000,703000,42
2026-08-15T05:20:01Z,23736,8700,8700,1291
2026-08-15T05:20:01Z,23737,20000,20000,689
2026-08-15T05:20:01Z,23756,10000,10000,131
2026-08-15T05:20:01Z,23764,9868800,9868800,25
2026-08-15T05:20:01Z,23765,49903800,49903800,4
2026-08-15T05:20:01Z,23766,39207100,39207100,15
2026-08-15T05:20:01Z,23768,4100,4500,1520
2026-08-15T05:20:01Z,23769,2500000,2500000,174
2026-08-15T05:20:01Z,23771,29300,29300,319
2026-08-15T05:20:01Z,23772,290008000,290008000,1
2026-08-15T05:20:01Z,23773,9900100,9900100,769
2026-08-15T05:20:01Z,23781,159800,199900,1452
2026-08-15T05:20:01Z,23782,439500,439800,619
2026-08-15T05:20:01Z,23783,140000,140100,7056
2026-08-15T05:20:01Z,23784,381300,381600,563
2026-08-15T05:20:01Z,23785,600000,760000,661
2026-08-15T05:20:01Z,23786,10499900,10800000,184
2026-08-15T05:20:01Z,23787,2110000,2120000,1175
2026-08-15T05:20:01Z,23793,359500,399700,3989
2026-08-15T05:20:01Z,23819,9803200,9803200,29
2026-08-15T05:20:01Z,23826,1500000,1993300,52
2026-08-15T05:20:01Z,23827,2954600,2954600,67
2026-08-15T05:20:01Z,23841,992200,992200,70
2026-08-15T05:20:01Z,23848,500000,500000,188
2026-08-15T05:20:01Z,23922,1500000100,1500000100,1
2026-08-15T05:20:01Z,23938,339900,49009900,22
2026-08-15T05:20:01Z,23939,49009900,49009900,20
2026-08-15T05:20:01Z,23941,290000100,290000100,1
2026-08-15T05:20:01Z,23942,9500000100,9500000100,1
2026-08-15T05:20:01Z,23943,5500000100,5500000100,1
2026-08-15T05:20:01Z,23944,49000100,49000100,20
2026-08-15T05:20:01Z,23945,49000100,49000100,20
2026-08-15T05:20:01Z,23946,49000100,49000100,20
2026-08-15T05:20:01Z,23947,49000100,49000100,20
2026-08-15T05:20:01Z,23948,49000100,49000100,25
2026-08-15T05:20:01Z,23949,49007700,49007700,30
2026-08-15T05:20:01Z,23952,290000100,290000100,1
2026-08-15T05:20:01Z,23953,290000100,290000100,1
2026-08-15T05:20:01Z,23955,9500000200,9500000200,1
2026-08-15T05:20:01Z,23965,49001400,49001400,20
2026-08-15T05:20:01Z,23968,1500000500,1500000500,1
2026-08-15T05:20:01Z,23972,1500000600,1500000600,1
2026-08-15T05:20:01Z,23975,290000100,290000100,1
2026-08-15T05:20:01Z,23976,49001100,49001100,20
2026-08-15T05:20:01Z,23977,49000800,49000800,20
2026-08-15T05:20:01Z,23978,49001000,49001000,20
2026-08-15T05:20:01Z,23979,49001500,49001500,20
2026-08-15T05:20:01Z,23980,5500001200,5500001200,1
2026-08-15T05:20:01Z,23984,2400,2800,1164
2026-08-15T05:20:01Z,23987,49000100,49000100,38
2026-08-15T05:20:01Z,23988,49000100,49000100,20
2026-08-15T05:20:01Z,24027,940500,940500,32
2026-08-15T05:20:01Z,24028,950000,950000,43
2026-08-15T05:20:01Z,24030,270000,300000,118
2026-08-15T05:20:01Z,24031,250000000,250000000,1
2026-08-15T05:20:01Z,24032,74600,94600,77
2026-08-15T05:20:01Z,24033,1009900,1009900,66
2026-08-15T05:20:01Z,24035,999900,999900,79
2026-08-15T05:20:01Z,24036,4399100,4399100,52
2026-08-15T05:20:01Z,24037,990000000,990000000,3
2026-08-15T05:20:01Z,24039,500000,500000,113
2026-08-15T05:20:01Z,24047,3157894800,3157894800,1
2026-08-15T05:20:01Z,24048,630500,630500,73
2026-08-15T05:20:01Z,24050,450000000,450000000,1
2026-08-15T05:20:01Z,24051,207300,207300,33
2026-08-15T05:20:01Z,24052,450000000,450000000,1
2026-08-15T05:20:01Z,24053,244000,244000,82
2026-08-15T05:20:01Z,24054,255600,255600,41
2026-08-15T05:20:01Z,24055,250000,250000,40
2026-08-15T05:20:01Z,24056,248300,248300,47
2026-08-15T05:20:01Z,24057,450000000,450000000,1
2026-08-15T05:20:01Z,24058,9820600,9820600,30
2026-08-15T05:20:01Z,24059,1590600,1590600,47
2026-08-15T05:20:01Z,24060,190100,190100,28
2026-08-15T05:20:01Z,24061,210000,252500,39
2026-08-15T05:20:01Z,24062,250008000,250008000,1
2026-08-15T05:20:01Z,24065,500000,500000,62
2026-08-15T05:20:01Z,24066,276500,276500,53
2026-08-15T05:20:01Z,24067,85600,85600,41
2026-08-15T05:20:01Z,24072,10000,10000,104
2026-08-15T05:20:01Z,24105,10500,10500,100
2026-08-15T05:20:01Z,24186,290000100,290000100,1
2026-08-15T05:20:01Z,24189,10000,49000000,22
2026-08-15T05:20:01Z,24231,49000000,49000000,31
2026-08-15T05:20:01Z,24232,49000000,49000000,29
2026-08-15T05:20:01Z,24234,290000800,290000800,1
2026-08-15T05:20:01Z,24235,290001300,290001300,1
2026-08-15T05:20:01Z,24242,49002300,49002300,20
2026-08-15T05:20:01Z,24243,160000,160000,1034
2026-08-15T05:20:01Z,24245,200000,299700,2823
2026-08-15T05:20:01Z,24246,9600,25000,56267
2026-08-15T05:20:01Z,24268,2900,3200,325
2026-08-15T05:20:01Z,24271,10000000,10000000,192
2026-08-15T05:20:01Z,24272,7490000,7490000,563
2026-08-15T05:20:01Z,24273,66874800,66874800,5
2026-08-15T05:20:01Z,24274,9990100,9990100,14
2026-08-15T05:20:01Z,24275,10825000,10825000,8
2026-08-15T05:20:01Z,24276,31145500,31145500,6
2026-08-15T05:20:01Z,24281,49009900,49009900,20
2026-08-15T05:20:01Z,24282,12319900,49009900,21
2026-08-15T05:20:01Z,24291,49900,323200,2496
2026-08-15T05:20:01Z,24338,300,300,119
2026-08-15T05:20:01Z,24368,98700,148800,1461
2026-08-15T05:20:01Z,24401,17500,125000,117689
2026-08-15T05:20:01Z,24403,9376800,9376800,63
2026-08-15T05:20:01Z,24404,49000800,49000800,27
2026-08-15T05:20:01Z,24405,2200000,2751400,62
2026-08-15T05:20:01Z,24406,35000000,49001200,31
2026-08-15T05:20:01Z,24449,800000,800000,946
2026-08-15T05:20:01Z,24476,23500,23500,2562
2026-08-15T05:20:01Z,24477,800,800,19063
2026-08-15T05:20:01Z,24478,109900,199000,1829
2026-08-15T05:20:01Z,24479,3882400,3882400,266
2026-08-15T05:20:01Z,24506,25001000,25001000,22
2026-08-15T05:20:01Z,24507,9905500,9905500,108
2026-08-15T05:20:01Z,24508,1200,1200,216
2026-08-15T05:20:01Z,24509,290001100,290001100,1
2026-08-15T05:20:01Z,24510,25000000,25000000,32
2026-08-15T05:20:01Z,24511,1400,1400,123
2026-08-15T05:20:01Z,24516,49001400,49001400,20
2026-08-15T05:20:01Z,24517,49001500,49001500,20
2026-08-15T05:20:01Z,24519,19901800,19901800,40
2026-08-15T05:20:01Z,24521,49002000,49002000,20
2026-08-15T05:20:01Z,24539,9900000,9900000,128
2026-08-15T05:20:01Z,25408,49001400,49001400,48
2026-08-15T05:20:01Z,25409,8700,8800,47
2026-08-15T05:20:01Z,25410,49001500,49001500,22
2026-08-15T05:20:01Z,25411,37300,9907400,106
2026-08-15T05:20:01Z,25412,3003800,3003800,59
2026-08-15T05:20:01Z,25413,290001800,290001800,1
2026-08-15T05:20:01Z,25414,49001500,49001500,25
2026-08-15T05:20:01Z,25415,9500002000,9500002000,1
2026-08-15T05:20:01Z,25416,247700,247700,3923
2026-08-15T05:20:01Z,25417,199999900,199999900,2
2026-08-15T05:20:01Z,25418,1200,49001200,21
2026-08-15T05:20:01Z,25420,19999900,49009900,15
2026-08-15T05:20:01Z,25421,9901400,9901400,118
2026-08-15T05:20:01Z,25425,26100,26100,63
2026-08-15T05:20:01Z,25426,1200,1200,209
2026-08-15T05:20:01Z,25427,49000000,49000000,20
2026-08-15T05:20:01Z,25428,1400,1400,35
2026-08-15T05:20:01Z,25429,250300,250300,40
2026-08-15T05:20:01Z,25430,63900,290000,477
2026-08-15T05:20:01Z,25431,31036600,49009900,194
2026-08-15T05:20:01Z,25432,47500,47500,37
2026-08-15T05:20:01Z,25434,30000000,30000000,74
2026-08-15T05:20:01Z,25435,35600,49001900,104
2026-08-15T05:20:01Z,25436,30000000,30000000,28
2026-08-15T05:20:01Z,25437,2900,2900,32
2026-08-15T05:20:01Z,25440,980000,980000,26
2026-08-15T05:20:01Z,25441,19999800,19999800,24
2026-08-15T05:20:01Z,25442,9901500,9901500,100
2026-08-15T05:20:01Z,25443,49002000,49002000,20
2026-08-15T05:20:01Z,25444,23330000,23330000,48
2026-08-15T05:20:01Z,25445,4900,4900,79
2026-08-15T05:20:01Z,25446,2901500,49001500,21
2026-08-15T05:20:01Z,25447,118900,118900,37
2026-08-15T05:20:01Z,25450,49001400,49001400,20
2026-08-15T05:20:01Z,25451,1200,9901200,115
2026-08-15T05:20:01Z,25452,290001500,290001500,1
2026-08-15T05:20:01Z,25453,8400,8400,65
2026-08-15T05:20:01Z,25454,280000,349800,29
2026-08-15T05:20:01Z,25456,10000,14900,55
2026-08-15T05:20:01Z,25463,99900,99900,2634
2026-08-15T05:20:01Z,25466,49000100,49000100,23
2026-08-15T05:20:01Z,25467,21000100,21000100,27
2026-08-15T05:20:01Z,25521,1970000,1970000,38
2026-08-15T05:20:01Z,25548,1534300,1534300,30
2026-08-15T05:20:01Z,25550,9936300,9936300,46
2026-08-15T05:20:01Z,25649,11400,11400,3110
2026-08-15T05:20:01Z,25650,47500,60000,110
2026-08-15T05:20:01Z,25651,1660500,1660500,29
2026-08-15T05:20:01Z,25652,8854800,8854900,28
2026-08-15T05:20:01Z,25679,9100,9100,54
2026-08-15T05:20:01Z,25699,8500,16400,20885
2026-08-15T05:20:01Z,25700,80000,98900,6151
2026-08-15T05:20:01Z,25703,450000200,450000200,1
2026-08-15T05:20:01Z,25707,42200,66500,6214
2026-08-15T05:20:01Z,25708,584900,589900,574
2026-08-15T05:20:01Z,25719,380000,380000,1796
2026-08-15T05:20:01Z,25723,9900100,9900100,100
2026-08-15T05:20:01Z,25724,290000100,290000100,1
2026-08-15T05:20:01Z,25744,560000,701000,11057
2026-08-15T05:20:01Z,25802,879900,879900,9198
2026-08-15T05:20:01Z,25813,7600,7600,24
2026-08-15T05:20:01Z,25867,4999900,4999900,309
2026-08-15T05:20:01Z,25868,21490000,21490000,183
2026-08-15T05:20:01Z,25886,202400,202400,306
2026-08-15T05:20:01Z,25890,72805300,72805300,12
2026-08-15T05:20:01Z,25893,35000000,35000000,10
2026-08-15T05:20:01Z,25894,49999900,49999900,14
2026-08-15T05:20:01Z,25895,45340900,45340900,31
2026-08-15T05:20:01Z,25896,57795800,57795800,7
2026-08-15T05:20:01Z,25897,194288200,194288200,22
2026-08-15T05:20:01Z,25898,21719400,21719400,8
2026-08-15T05:20:01Z,25899,15154300,15154300,12
2026-08-15T05:20:01Z,25901,429500,990000,32
2026-08-15T05:20:01Z,27422,3100,4500,11515
2026-08-15T05:20:01Z,27425,2000,3800,3959
2026-08-15T05:20:01Z,27429,1500,4000,5021
2026-08-15T05:20:01Z,27435,1500,1800,2233
2026-08-15T05:20:01Z,27437,19900,199900,1353
2026-08-15T05:20:01Z,27438,1000,2100,3653
2026-08-15T05:20:01Z,27439,3600,3600,3103
2026-08-15T05:20:01Z,27441,663500,663500,25
2026-08-15T05:20:01Z,27442,900000,900000,5
2026-08-15T05:20:01Z,27443,49007200,49007200,35
2026-08-15T05:20:01Z,27498,10000,10000,39
2026-08-15T05:20:01Z,27499,17900,17900,49
2026-08-15T05:20:01Z,27500,14700,9985000,28
2026-08-15T05:20:01Z,27501,120400,120400,94
2026-08-15T05:20:01Z,27502,14700,14700,51
2026-08-15T05:20:01Z,27503,24100,24100,49
2026-08-15T05:20:01Z,27515,770000,773000,166
2026-08-15T05:20:01Z,27516,750000,780000,104
2026-08-15T05:20:01Z,27635,14000,14000,63
2026-08-15T05:20:01Z,27636,9830200,9830200,56
2026-08-15T05:20:01Z,27651,3800,3800,130
2026-08-15T05:20:01Z,27655,2000,2000,191
2026-08-15T05:20:01Z,27656,199999900,199999900,2
2026-08-15T05:20:01Z,27657,16700,16700,127
2026-08-15T05:20:01Z,27658,69800,69800,327
2026-08-15T05:20:01Z,27659,50000,50000,145
2026-08-15T05:20:01Z,27660,12500,12500,57
2026-08-15T05:20:01Z,27661,3600,3600,121
2026-08-15T05:20:01Z,27662,499999800,499999800,25
2026-08-15T05:20:01Z,27663,4400,4400,93
2026-08-15T05:20:01Z,27664,3100,3100,91
2026-08-15T05:20:01Z,27665,43300,43300,116
2026-08-15T05:20:01Z,27666,72400,72400,93
2026-08-15T05:20:01Z,27667,19700,19700,46
2026-08-15T05:20:01Z,27668,2000,2100,4654
2026-08-15T05:20:01Z,27669,50900,51000,3909
2026-08-15T05:20:01Z,27671,7500,10900,5813
2026-08-15T05:20:01Z,27674,1100,1700,13124
2026-08-15T05:20:01Z,27676,100000,159900,57
2026-08-15T05:20:01Z,27677,800,1300,11020
2026-08-15T05:20:01Z,27678,1300,1800,5617
2026-08-15T05:20:01Z,27681,3400,3400,2806
2026-08-15T05:20:01Z,27682,1800,1800,2333
2026-08-15T05:20:01Z,27729,49000100,49001100,14
2026-08-15T05:20:01Z,27854,300,300,261
2026-08-15T05:20:01Z,27855,500,500,122
2026-08-15T05:20:01Z,27856,34900,34900,112
2026-08-15T05:20:01Z,27857,1900,1900,69
2026-08-15T05:20:01Z,27858,400,700,149
2026-08-15T05:20:01Z,27859,300,300,57
2026-08-15T05:20:01Z,27860,400,400,283
2026-08-15T05:20:01Z,27932,2001400,2001400,39
2026-08-15T05:20:01Z,27933,5001500,5001500,4
2026-08-15T05:20:01Z,27934,69900,70000,52
2026-08-15T05:20:01Z,27935,5000000,5000000,32
2026-08-15T05:20:01Z,28053,19999800,49009800,21
2026-08-15T05:20:01Z,28056,49000100,49000100,1020
2026-08-15T05:20:01Z,28058,9900000,9900000,100
2026-08-15T05:20:01Z,28059,48990000,48990000,22
2026-08-15T05:20:01Z,28060,5508800,5508800,181
2026-08-15T05:20:01Z,28061,49000100,49000100,20
2026-08-15T05:20:01Z,28100,1500,6000,634
2026-08-15T05:20:01Z,28101,183100,225000,57
2026-08-15T05:20:01Z,28102,4500,17700,68
2026-08-15T05:20:01Z,28103,3500,3500,338
2026-08-15T05:20:01Z,28104,19500,39500,142
2026-08-15T05:20:01Z,28118,999800,999800,177
2026-08-15T05:20:01Z,28119,9997400,9997400,32
2026-08-15T05:20:01Z,28123,3004300,9990000,24
2026-08-15T05:20:01Z,28284,10500,10500,76
2026-08-15T05:20:01Z,28290,250000000,250000000,7
2026-08-15T05:20:01Z,28362,1250000,1250000,899
2026-08-15T05:20:01Z,28363,9880000,9880000,26
2026-08-15T05:20:01Z,28399,300,300,246
2026-08-15T05:20:01Z,28420,58600,132100,140
2026-08-15T05:20:01Z,28421,242500,242500,205
2026-08-15T05:20:01Z,28452,1900,2000,48
2026-08-15T05:20:01Z,28458,699900,699900,102
2026-08-15T05:20:01Z,28459,382100,382100,121
2026-08-15T05:20:01Z,28461,138900,138900,103
2026-08-15T05:20:01Z,28462,250000000,250000000,1
2026-08-15T05:20:01Z,28463,567600,4990000,43
2026-08-15T05:20:01Z,28464,605000,605000,73
2026-08-15T05:20:01Z,28467,55400,55400,73
2026-08-15T05:20:01Z,28468,55800,55800,73
2026-08-15T05:20:01Z,28470,20000,3995300,52
2026-08-15T05:20:01Z,28486,9900500,9900500,154
2026-08-15T05:20:01Z,28501,1000,1000,54
2026-08-15T05:20:01Z,28595,190700,190700,39
2026-08-15T05:20:01Z,29110,290000100,290000100,2
2026-08-15T05:20:01Z,29111,290000100,290000100,2
2026-08-15T05:20:01Z,29112,35000,35000,102
2026-08-15T05:20:01Z,29292,280000,280000,51
2026-08-15T05:20:01Z,29393,200000,200000,100
2026-08-15T05:20:01Z,29394,40000,40000,140
2026-08-15T05:20:01Z,29395,50000,50000,148
2026-08-15T05:20:01Z,29401,9948800,9948800,21
2026-08-15T05:20:01Z,29412,2990000,2990000,44
2026-08-15T05:20:01Z,29425,74200,74200,3659
2026-08-15T05:20:01Z,29426,169900,315000,4810
2026-08-15T05:20:01Z,29448,1600,9840000,78
2026-08-15T05:20:01Z,29449,400,400,185
2026-08-15T05:20:01Z,29450,50000,50000,131
2026-08-15T05:20:01Z,29451,800,800,370
2026-08-15T05:20:01Z,29452,5000,5000,159
2026-08-15T05:20:01Z,29453,400,400,96
2026-08-15T05:20:01Z,29454,19800,19800,103
2026-08-15T05:20:01Z,29460,1499900,1499900,1234
2026-08-15T05:20:01Z,29533,29219400,29219400,8
2026-08-15T05:20:01Z,29534,7526600,7526600,20
2026-08-15T05:20:01Z,29535,139209900,139209900,3
2026-08-15T05:20:01Z,29536,15825700,15825700,18
2026-08-15T05:20:01Z,29539,2200000,2209800,589
2026-08-15T05:20:01Z,29547,1009800,1139800,672
2026-08-15T05:20:01Z,29548,644900,645000,3262
2026-08-15T05:20:01Z,29551,1500001100,1500001100,1
2026-08-15T05:20:01Z,29557,49001400,49001400,15
2026-08-15T05:20:01Z,29558,20001500,20001500,6
2026-08-15T05:20:01Z,29559,49001800,49001800,20
2026-08-15T05:20:01Z,29560,48980000,48980000,29
2026-08-15T05:20:01Z,29561,49001400,49001400,21
2026-08-15T05:20:01Z,29562,49001500,49001500,20
2026-08-15T05:20:01Z,29563,7901800,7901800,120
2026-08-15T05:20:01Z,29564,9902000,9902000,71
2026-08-15T05:20:01Z,29565,49001400,49001400,20
2026-08-15T05:20:01Z,29566,1500001500,1500001500,1
2026-08-15T05:20:01Z,29567,49001800,49001800,20
2026-08-15T05:20:01Z,29568,49002000,49002000,20
2026-08-15T05:20:01Z,29570,49001100,49001100,24
2026-08-15T05:20:01Z,29571,1000000,3900000,217
2026-08-15T05:20:01Z,29572,290001100,290001100,1
2026-08-15T05:20:01Z,29573,49000000,49000000,21
2026-08-15T05:20:01Z,29574,49000200,49000200,20
2026-08-15T05:20:01Z,29575,290001100,290001100,5
2026-08-15T05:20:01Z,29576,49001100,49001100,17
2026-08-15T05:20:01Z,29577,49000200,49000200,20
2026-08-15T05:20:01Z,29578,290001500,290001500,1
2026-08-15T05:20:01Z,29579,49001400,49001400,20
2026-08-15T05:20:01Z,29580,30000000,49000000,22
2026-08-15T05:20:01Z,29581,10000000,49000000,22
2026-08-15T05:20:01Z,29739,24300,65500,137153
2026-08-15T05:20:01Z,29740,230000,271200,586
2026-08-15T05:20:01Z,29750,500000,500000,170
2026-08-15T05:20:01Z,29799,332300,332300,38
2026-08-15T05:20:01Z,29800,18918100,18918100,25
2026-08-15T05:20:01Z,30155,199900,199900,96
2026-08-15T05:20:01Z,30183,20000,20000,750
2026-08-15T05:20:01Z,30355,8500000,9900000,36
2026-08-15T05:20:01Z,30457,49900,50000,54
2026-08-15T05:20:01Z,30458,600,600,73
2026-08-15T05:20:01Z,30466,49001800,49001800,20
2026-08-15T05:20:01Z,30467,290002000,290002000,1
2026-08-15T05:20:01Z,30475,2993600,9953600,45
2026-08-15T05:20:01Z,30476,20002000,20002000,23
2026-08-15T05:20:01Z,30477,51800,51800,25
2026-08-15T05:20:01Z,30478,49002000,49002000,20
2026-08-15T05:20:01Z,30506,290000600,290000600,1
2026-08-15T05:20:01Z,30507,99999900,99999900,2
2026-08-15T05:20:01Z,30508,49000100,49000100,19
2026-08-15T05:20:01Z,30509,49000100,49000100,20
2026-08-15T05:20:01Z,30510,711900,711900,25
2026-08-15T05:20:01Z,30511,49000000,49000000,20
2026-08-15T05:20:01Z,30512,39500,39500,27
2026-08-15T05:20:01Z,30513,4902000,49002000,23
2026-08-15T05:20:01Z,30610,60600,60600,39
2026-08-15T05:20:01Z,30809,19000,22000,22729
2026-08-15T05:20:01Z,30810,400,600,32311
2026-08-15T05:20:01Z,30812,163900,163900,55
2026-08-15T05:20:01Z,30813,998800,998900,34
2026-08-15T05:20:01Z,30814,49009900,49009900,20
2026-08-15T05:20:01Z,30815,49009900,49009900,20
2026-08-15T05:20:01Z,30816,5400,5500,388
2026-08-15T05:20:01Z,30817,100,100,91318
2026-08-15T05:20:01Z,30820,2700,7902800,134
2026-08-15T05:20:01Z,30821,33400,33500,49
2026-08-15T05:20:01Z,31079,1159600,1159700,889
2026-08-15T05:20:01Z,31670,6400,199900,1431
2026-08-15T05:20:01Z,31671,6700,6700,710
2026-08-15T05:20:01Z,31672,25400,25400,419
2026-08-15T05:20:01Z,31673,39900,40900,599
2026-08-15T05:20:01Z,31676,231400,231400,63
2026-08-15T05:20:01Z,31677,9848900,9849000,27
2026-08-15T05:20:01Z,31679,1874900,1874900,99
2026-08-15T05:20:01Z,31860,3500000200,3500000200,1
2026-08-15T05:20:01Z,31861,2500000600,2500000600,1
2026-08-15T05:20:01Z,31862,1500000000,1500000000,1
2026-08-15T05:20:01Z,31863,2500000600,2500000600,1
2026-08-15T05:20:01Z,31864,3500000200,3500000200,1
2026-08-15T05:20:01Z,31866,2383700,2383700,31
2026-08-15T05:20:01Z,31867,120600,195800,56
2026-08-15T05:20:01Z,31868,9886900,9886900,50
2026-08-15T05:20:01Z,31869,340000,340000,57
2026-08-15T05:20:01Z,31882,27700,28200,160
2026-08-15T05:20:01Z,31883,146400,146400,57
2026-08-15T05:20:01Z,31884,44800,44900,79
2026-08-15T05:20:01Z,31885,1448900,1450000,28
2026-08-15T05:20:01Z,31886,92900,313600,61
2026-08-15T05:20:01Z,31887,50000,50000,38
2026-08-15T05:20:01Z,31888,27421100,28864300,15
2026-08-15T05:20:01Z,31889,7128500,7128500,11
2026-08-15T05:20:01Z,31892,26600,34600,274
2026-08-15T05:20:01Z,31893,44400,3119700,291
2026-08-15T05:20:01Z,31894,40000,2189000,599
2026-08-15T05:20:01Z,31895,20000000,39999700,17
2026-08-15T05:20:01Z,31896,750000,2000000,238
2026-08-15T05:20:01Z,31898,68000,68000,83
2026-08-15T05:20:01Z,31899,10000000,10000000,11
2026-08-15T05:20:01Z,31900,9009700,9899700,14
2026-08-15T05:20:01Z,31901,28400,30000,205
2026-08-15T05:20:01Z,31902,39400,39600,63
2026-08-15T05:20:01Z,31903,79200,1997900,563
2026-08-15T05:20:01Z,31904,5000000,39990000,35
2026-08-15T05:20:01Z,31905,46400,46500,52
2026-08-15T05:20:01Z,31906,52300,52300,66
2026-08-15T05:20:01Z,31908,8000000,8000000,13
2026-08-15T05:20:01Z,31909,5690400,5690400,11
2026-08-15T05:20:01Z,31910,218900,3119900,855
2026-08-15T05:20:01Z,31911,57900,57900,51
2026-08-15T05:20:01Z,31912,352500,434900,146
2026-08-15T05:20:01Z,31913,34999900,34999900,15
2026-08-15T05:20:01Z,31915,229900,3115000,373
2026-08-15T05:20:01Z,31916,350000,499900,120
2026-08-15T05:20:01Z,31917,44999900,45000000,13
2026-08-15T05:20:01Z,31918,16241800,16241800,9
2026-08-15T05:20:01Z,31941,13603400,13603400,76
2026-08-15T05:20:01Z,31944,14088600,49001400,21
2026-08-15T05:20:01Z,31945,49001500,49001500,20
2026-08-15T05:20:01Z,32062,59000,2119000,62
2026-08-15T05:20:01Z,32063,552200,552200,66
2026-08-15T05:20:01Z,32067,1900,2500,170
2026-08-15T05:20:01Z,32068,3526600,3526600,94
2026-08-15T05:20:01Z,32079,29000000,29000000,7
2026-08-15T05:20:01Z,32193,249900,249900,86
2026-08-15T05:20:01Z,32194,239900,239900,229
2026-08-15T05:20:01Z,32196,59500,59500,95
2026-08-15T05:20:01Z,32198,212600,212600,49
2026-08-15T05:20:01Z,32199,19800,120400,40
2026-08-15T05:20:01Z,32200,54800,54800,69
2026-08-15T05:20:01Z,32201,54800,54800,49
2026-08-15T05:20:01Z,32203,54400,54400,42
2026-08-15T05:20:01Z,32205,643400,643400,49
2026-08-15T05:20:01Z,32206,54800,54800,63
2026-08-15T05:20:01Z,32209,394400,394400,34
2026-08-15T05:20:01Z,32211,1995500,1995500,39
2026-08-15T05:20:01Z,32212,9990600,9990600,24
2026-08-15T05:20:01Z,32215,9990000,9990000,35
2026-08-15T05:20:01Z,32217,1963700,4416000,38
2026-08-15T05:20:01Z,32218,349900,349900,40
2026-08-15T05:20:01Z,32220,206400,206400,89
2026-08-15T05:20:01Z,32221,454400,454400,50
2026-08-15T05:20:01Z,32222,704100,704100,44
2026-08-15T05:20:01Z,32223,9993200,9993200,39
2026-08-15T05:20:01Z,32224,499900,1999900,353
2026-08-15T05:20:01Z,32225,9990900,9990900,38
2026-08-15T05:20:01Z,32226,808800,808800,49
2026-08-15T05:20:01Z,32227,109400,109400,155
2026-08-15T05:20:01Z,32228,6800,6800,836
2026-08-15T05:20:01Z,32229,7000,9400,871
2026-08-15T05:20:01Z,32230,6800,6800,566
2026-08-15T05:20:01Z,32231,7000,7000,738
2026-08-15T05:20:01Z,32249,8900,8900,388
2026-08-15T05:20:01Z,32388,733000,744900,5213
2026-08-15T05:20:01Z,32409,199001000,199001000,6
2026-08-15T05:20:01Z,32410,49989400,49989400,13
2026-08-15T05:20:01Z,32413,40000,40000,184
2026-08-15T05:20:01Z,32423,620000,620000,2681
2026-08-15T05:20:01Z,32428,5900,29900,6160
2026-08-15T05:20:01Z,32453,9900000,9900000,40
2026-08-15T05:20:01Z,32455,9900000,9900000,25
2026-08-15T05:20:01Z,32464,8000,10200,4058
2026-08-15T05:20:01Z,32468,14000,14000,829
2026-08-15T05:20:01Z,32470,84800,84800,231
2026-08-15T05:20:01Z,32576,4600,6200,256
2026-08-15T05:20:01Z,32596,198276300,198276300,4
2026-08-15T05:20:01Z,32597,62000000,62000000,6
2026-08-15T05:20:01Z,32598,4990000,4990000,23
2026-08-15T05:20:01Z,32599,3000000,5000000,7
2026-08-15T05:20:01Z,32600,190000000,190000000,6
2026-08-15T05:20:01Z,32601,9900000,9900000,24
2026-08-15T05:20:01Z,32620,200000,400000,8442
2026-08-15T05:20:01Z,32667,9900000,9900000,120
2026-08-15T05:20:01Z,32668,9960000,9960000,141
2026-08-15T05:20:01Z,32685,9969700,9969700,83
2026-08-15T05:20:01Z,32686,9840000,9840000,97
2026-08-15T05:20:01Z,32714,20000,20000,31
2026-08-15T05:20:01Z,32715,9989900,9989900,245
2026-08-15T05:20:01Z,32716,3809000,9999000,549
2026-08-15T05:20:01Z,32717,4999700,4999800,175
2026-08-15T05:20:01Z,32718,3500000,3500000,132
2026-08-15T05:20:01Z,32720,9989600,9989600,47
2026-08-15T05:20:01Z,32722,9801000,9801000,30
2026-08-15T05:20:01Z,32725,49000100,49000100,21
2026-08-15T05:20:01Z,32727,49000100,49000100,15
2026-08-15T05:20:01Z,32728,9900400,9900400,102
2026-08-15T05:20:01Z,32758,9904100,9904100,49
2026-08-15T05:20:01Z,32773,8881800,8881800,3
2026-08-15T05:20:01Z,32833,518900,518900,132
2026-08-15T05:20:01Z,32836,519500,519500,119
2026-08-15T05:20:01Z,32839,197490000,197490000,4
2026-08-15T05:20:01Z,32849,199007200,199007200,3
2026-08-15T05:20:01Z,32850,194990000,194990000,1
2026-08-15T05:20:01Z,32851,29990000,29990000,11
2026-08-15T05:20:01Z,32852,39330800,39330800,9
2026-08-15T05:20:01Z,32897,500,700,10762
2026-08-15T05:20:01Z,32902,200,200,2770
2026-08-15T05:20:01Z,32905,200,200,776
2026-08-15T05:20:01Z,32947,49909900,49909900,4
2026-08-15T05:20:01Z,32948,25000000,25000000,8
2026-08-15T05:20:01Z,33042,19900,19900,338
2026-08-15T05:20:01Z,33048,900,1500,123
2026-08-15T05:20:01Z,33052,7400,7400,171
2026-08-15T05:20:01Z,33053,99900,100000,86
2026-08-15T05:20:01Z,33081,1569900,1569900,35
2026-08-15T05:20:01Z,33092,9990400,9990400,29
2026-08-15T05:20:01Z,33093,50800,50800,70
2026-08-15T05:20:01Z,33185,9974100,9974100,20
2026-08-15T05:20:01Z,33234,9900,9900400,129
2026-08-15T05:20:01Z,33236,2800,2800,97
2026-08-15T05:20:01Z,33246,300000,300000,48
2026-08-15T05:20:01Z,33254,96300,96300,48
2026-08-15T05:20:01Z,33443,500,500,149
2026-08-15T05:20:01Z,33444,500,500,147
2026-08-15T05:20:01Z,33445,600,600,104
2026-08-15T05:20:01Z,33447,19300,19400,199
2026-08-15T05:20:01Z,33448,6000,6000,133
2026-08-15T05:20:01Z,33449,34900,34900,57
2026-08-15T05:20:01Z,33451,4000,4000,88
2026-08-15T05:20:01Z,33452,500,500,271
2026-08-15T05:20:01Z,33454,500,500,146
2026-08-15T05:20:01Z,33457,300,300,82
2026-08-15T05:20:01Z,33458,86600,86900,306
2026-08-15T05:20:01Z,33459,300,300,53
2026-08-15T05:20:01Z,33460,300,300,36
2026-08-15T05:20:01Z,33461,300,10300,378
2026-08-15T05:20:01Z,33462,300,300,91
2026-08-15T05:20:01Z,33470,2400,38900,329428
2026-08-15T05:20:01Z,33546,28800,28800,52
2026-08-15T05:20:01Z,33547,59900,59900,42
2026-08-15T05:20:01Z,33548,49001300,49001300,20
2026-08-15T05:20:01Z,33549,359900,359900,31
2026-08-15T05:20:01Z,33550,290001800,290001800,1
2026-08-15T05:20:01Z,33551,49002000,49002000,20
2026-08-15T05:20:01Z,33553,49002400,49002400,20
2026-08-15T05:20:01Z,33555,49002700,49002700,20
2026-08-15T05:20:01Z,33556,49001800,49001800,20
2026-08-15T05:20:01Z,33560,49002000,49002000,20
2026-08-15T05:20:01Z,33561,49002400,49002400,30
2026-08-15T05:20:01Z,33562,49002700,49002700,23
2026-08-15T05:20:01Z,33567,11000,11000,1476
2026-08-15T05:20:01Z,33568,60000,78900,10968
2026-08-15T05:20:01Z,33569,49002400,49002400,20
2026-08-15T05:20:01Z,33571,290002700,290002700,1
2026-08-15T05:20:01Z,33575,35500,35500,107
2026-08-15T05:20:01Z,33576,99900,99900,25
2026-08-15T05:20:01Z,33629,49002400,49002400,24
2026-08-15T05:20:01Z,33630,49002700,49002700,23
2026-08-15T05:20:01Z,33631,800,800,95
2026-08-15T05:20:01Z,33632,20000,20000,38
2026-08-15T05:20:01Z,33638,102400,102400,30
2026-08-15T05:20:01Z,33639,2502700,2502700,33
2026-08-15T05:20:01Z,33782,90500,90500,52
2026-08-15T05:20:01Z,33803,1500000200,1500000200,1
2026-08-15T05:20:01Z,33823,960300,1827600,307
2026-08-15T05:20:01Z,33824,77600,77600,704
2026-08-15T05:20:01Z,33825,1999900,1999900,44
2026-08-15T05:20:01Z,33846,290000700,290000700,1
2026-08-15T05:20:01Z,33854,20000900,20000900,5
2026-08-15T05:20:01Z,33856,9000100,9000100,2
2026-08-15T05:20:01Z,33866,132600,135300,626
2026-08-15T05:20:01Z,33867,9892300,9892300,45
2026-08-15T05:20:01Z,33872,49900,49900,136
2026-08-15T05:20:01Z,33874,24800,24800,10838
2026-08-15T05:20:01Z,34052,123500,167500,16242
2026-08-15T05:20:01Z,34053,25000,35700,750
2026-08-15T05:20:01Z,34054,2800,6000,83646
2026-08-15T05:20:01Z,34055,7000,9400,39276
2026-08-15T05:20:01Z,34056,4100,8300,44824
2026-08-15T05:20:01Z,34057,15000,19900,35731
2026-08-15T05:20:01Z,34068,3100,52100,241650
2026-08-15T05:20:01Z,34113,1800000,1800000,406
2026-08-15T05:20:01Z,34125,500,500,91
2026-08-15T05:20:01Z,34207,1489100,1489100,35
2026-08-15T05:20:01Z,34220,36790000,36790000,9
2026-08-15T05:20:01Z,34330,959900,9995000,332
2026-08-15T05:20:01Z,34411,18997200,18997200,21
2026-08-15T05:20:01Z,34440,129700,129700,622
2026-08-15T05:20:01Z,34537,19800,9903800,47
2026-08-15T05:20:01Z,34599,300,400,948
2026-08-15T05:20:01Z,34664,22500,22500,1124
2026-08-15T05:20:01Z,34721,4900,4900,384
2026-08-15T05:20:01Z,34722,3800,3800,303
2026-08-15T05:20:01Z,34736,21500,32400,5045
2026-08-15T05:20:01Z,34747,600000,600000,152
2026-08-15T05:20:01Z,34748,21500,21500,132
2026-08-15T05:20:01Z,34749,5000,6000,67
2026-08-15T05:20:01Z,34750,400,500,175
2026-08-15T05:20:01Z,34751,9500,12500,153
2026-08-15T05:20:01Z,34752,27600,27600,309
2026-08-15T05:20:01Z,34753,239900,239900,505
2026-08-15T05:20:01Z,34754,516800,516800,57
2026-08-15T05:20:01Z,34755,109800,109800,66
2026-08-15T05:20:01Z,34756,79900,79900,47
2026-08-15T05:20:01Z,34757,999800,999800,86
2026-08-15T05:20:01Z,34758,9909900,9909900,45
2026-08-15T05:20:01Z,34759,26400,59400,96
2026-08-15T05:20:01Z,34760,1800,2900,97
2026-08-15T05:20:01Z,34761,9700,9700,96
2026-08-15T05:20:01Z,34762,7900,7900,122
2026-08-15T05:20:01Z,34763,29500,49500,143
2026-08-15T05:20:01Z,34764,28800,48800,146
2026-08-15T05:20:01Z,34765,25800,9891500,48
2026-08-15T05:20:01Z,34766,28400,28400,86
2026-08-15T05:20:01Z,34767,29800,29800,120
2026-08-15T05:20:01Z,34768,190200,190200,192
2026-08-15T05:20:01Z,34769,19800,19900,98
2026-08-15T05:20:01Z,34822,90000000,90000000,3
2026-08-15T05:20:01Z,34823,33330000,73620000,7
2026-08-15T05:20:01Z,34824,290005100,290005100,1
2026-08-15T05:20:01Z,34825,290005100,290005100,1
2026-08-15T05:20:01Z,34831,300000,300000,29
2026-08-15T05:20:01Z,34832,11100,11100,3432
2026-08-15T05:20:01Z,34839,5000000,5000000,20
2026-08-15T05:20:01Z,34841,9904900,9904900,103
2026-08-15T05:20:01Z,34843,6434400,49004400,21
2026-08-15T05:20:01Z,34850,39600,39700,75
2026-08-15T05:20:01Z,34860,170000,1730000,20
2026-08-15T05:20:01Z,34861,1700,1700,379
2026-08-15T05:20:01Z,34907,49002600,49002600,20
2026-08-15T05:20:01Z,35128,19908100,19908100,91
2026-08-15T05:20:01Z,35285,54800,54800,74
2026-08-15T05:20:01Z,35287,197500000,197500000,3
2026-08-15T05:20:01Z,35314,3000200,3000200,51
2026-08-15T05:20:01Z,35315,3809500,3809500,26
2026-08-15T05:20:01Z,35318,62000,207900,25
2026-08-15T05:20:01Z,35501,56958700,56958700,2
2026-08-15T05:20:01Z,35503,100000000,100000000,7
2026-08-15T05:20:01Z,35557,240000,242700,9744
2026-08-15T05:20:01Z,35562,79700,221000,14054
2026-08-15T05:20:01Z,35563,3500,3500,525
2026-08-15T05:20:01Z,35565,2200,2200,403
2026-08-15T05:20:01Z,35622,380000,380000,1434
2026-08-15T05:20:01Z,35623,489800,627100,5370
2026-08-15T05:20:01Z,35624,68100,69000,5349
2026-08-15T05:20:01Z,35625,568300,574200,1819
2026-08-15T05:20:01Z,35627,400000,400000,1118
2026-08-15T05:20:01Z,35691,500400,500400,126
2026-08-15T05:20:01Z,35707,233600,453600,31
2026-08-15T05:20:01Z,35720,14900,25700,900
2026-08-15T05:20:01Z,35758,3999900,3999900,44
2026-08-15T05:20:01Z,35759,578600,578600,41
2026-08-15T05:20:01Z,35760,2500000,2500000,63
2026-08-15T05:20:01Z,35761,700000,700000,53
2026-08-15T05:20:01Z,35788,49001600,49001600,21
2026-08-15T05:20:01Z,35790,49001600,49001600,22
2026-08-15T05:20:01Z,35791,290001500,290001500,1
2026-08-15T05:20:01Z,35794,500000,500000,142
2026-08-15T05:20:01Z,35799,977900,977900,67
2026-08-15T05:20:01Z,35836,5000000,5000000,3
2026-08-15T05:20:01Z,35947,800,800,194
2026-08-15T05:20:01Z,35948,1100,1200,111
2026-08-15T05:20:01Z,35949,33300,33300,154
2026-08-15T05:20:01Z,35950,19600,19600,250
2026-08-15T05:20:01Z,35951,8200,8200,87
2026-08-15T05:20:01Z,35952,900,900,112
2026-08-15T05:20:01Z,35953,1200,9600,64
2026-08-15T05:20:01Z,35954,13800,900000,260
2026-08-15T05:20:01Z,36743,799900,9810600,87
2026-08-15T05:20:01Z,36758,5400,5500,74
2026-08-15T05:20:01Z,36781,108800,108800,359
2026-08-15T05:20:01Z,36782,13400,30000,1586
2026-08-15T05:20:01Z,36783,350000,350000,214
2026-08-15T05:20:01Z,36784,1800000,1800000,53
2026-08-15T05:20:01Z,36788,49001800,49001800,21
2026-08-15T05:20:01Z,36789,49002100,49002100,22
2026-08-15T05:20:01Z,36794,1800,9901800,101
2026-08-15T05:20:01Z,36797,49001800,49001800,20
2026-08-15T05:20:01Z,36798,290002000,290002000,1
2026-08-15T05:20:01Z,36801,49001800,49001800,21
2026-08-15T05:20:01Z,36802,290008100,290008100,1
2026-08-15T05:20:01Z,36804,290001800,290001800,1
2026-08-15T05:20:01Z,36805,290002700,290002700,1
2026-08-15T05:20:01Z,36806,1500000300,1500000300,1
2026-08-15T05:20:01Z,36808,49002500,49002500,20
2026-08-15T05:20:01Z,36809,59700,49009700,22
2026-08-15T05:20:01Z,36810,34000,34000,29
2026-08-15T05:20:01Z,36811,49009500,49009500,21
2026-08-15T05:20:01Z,36812,61300,61300,368
2026-08-15T05:20:01Z,36813,209900,239900,52
2026-08-15T05:20:01Z,36814,23300,23300,30
2026-08-15T05:20:01Z,36816,40002400,40002400,30
2026-08-15T05:20:01Z,36817,49002700,49002700,21
2026-08-15T05:20:01Z,36823,49002400,49002400,24
2026-08-15T05:20:01Z,36824,290002700,290002700,2
2026-08-15T05:20:01Z,36829,290001800,290001800,1
2026-08-15T05:20:01Z,36830,1500002000,1500002000,1
2026-08-15T05:20:01Z,36860,699900,699900,1302
2026-08-15T05:20:01Z,36901,13700,20000,2753
2026-08-15T05:20:01Z,36903,15300,17700,2244
2026-08-15T05:20:01Z,36904,15000,17500,1707
2026-08-15T05:20:01Z,36905,12500,19800,5570
2026-08-15T05:20:01Z,36906,25000,35100,3915
2026-08-15T05:20:01Z,36907,44900,44900,3463
2026-08-15T05:20:01Z,36908,12500,22900,8672
2026-08-15T05:20:01Z,36909,135300,199800,58804
2026-08-15T05:20:01Z,36910,439900,700000,943
2026-08-15T05:20:01Z,36912,49500,49500,51573
2026-08-15T05:20:01Z,36913,119800,140000,18373
2026-08-15T05:20:01Z,36916,137900,140000,11491
2026-08-15T05:20:01Z,36917,50000,334300,331
2026-08-15T05:20:01Z,36918,86700,318800,1307
2026-08-15T05:20:01Z,36919,157000,990000,232
2026-08-15T05:20:01Z,36920,33300,60000,448
2026-08-15T05:20:01Z,36921,449900,500000,1280
2026-08-15T05:20:01Z,36922,105000,105000,447
2026-08-15T05:20:01Z,36923,169900,169900,1236
2026-08-15T05:20:01Z,36924,30000,500000,912
2026-08-15T05:20:01Z,36925,82900,82900,601
2026-08-15T05:20:01Z,36926,9000,13000,576
2026-08-15T05:20:01Z,36927,189000,249700,358
2026-08-15T05:20:01Z,36928,10000,18500,388
2026-08-15T05:20:01Z,36929,25000,60000,614
2026-08-15T05:20:01Z,36930,851900,2300000,192
2026-08-15T05:20:01Z,36931,2790000,2790000,223
2026-08-15T05:20:01Z,36932,59000,59000,996
2026-08-15T05:20:01Z,36933,50000,50000,189
2026-08-15T05:20:01Z,36934,48600,513800,1812
2026-08-15T05:20:01Z,37091,6000,9900,64
2026-08-15T05:20:01Z,37092,9900,9900,117
2026-08-15T05:20:01Z,37093,300,500,138
2026-08-15T05:20:01Z,37094,9800,9800,226
2026-08-15T05:20:01Z,37097,400,700,70
2026-08-15T05:20:01Z,37098,9900,9900,79
2026-08-15T05:20:01Z,37101,9900100,9900100,100
2026-08-15T05:20:01Z,37118,4100,99800,2380
2026-08-15T05:20:01Z,37140,148700,148700,75
2026-08-15T05:20:01Z,37143,193900,193900,119
2026-08-15T05:20:01Z,37145,56500,59500,79
2026-08-15T05:20:01Z,37147,42800,47300,72
2026-08-15T05:20:01Z,37156,18800,249400,172
2026-08-15T05:20:01Z,37159,49800,49800,59
2026-08-15T05:20:01Z,37160,76000,76000,85
2026-08-15T05:20:01Z,37201,49000200,49000200,20
2026-08-15T05:20:01Z,37252,1628100,1628100,67
2026-08-15T05:20:01Z,37253,9940000,9940000,101
2026-08-15T05:20:01Z,37452,19990400,19990400,15
2026-08-15T05:20:01Z,37467,148500,500000,258
2026-08-15T05:20:01Z,37567,150000,156000,312
2026-08-15T05:20:01Z,37588,1500000500,1500000500,1
2026-08-15T05:20:01Z,37602,19900000,19900000,15
2026-08-15T05:20:01Z,37603,42500,834700,39
2026-08-15T05:20:01Z,37663,4194800,4194800,7388
2026-08-15T05:20:01Z,37674,3641500,49001500,13
2026-08-15T05:20:01Z,37700,44800,70000,24298
2026-08-15T05:20:01Z,37701,5700,5700,64138
2026-08-15T05:20:01Z,37702,70000,149900,5081
2026-08-15T05:20:01Z,37703,34900,39500,12720
2026-08-15T05:20:01Z,37704,170000,212500,2242
2026-08-15T05:20:01Z,37705,39500,42000,9456
2026-08-15T05:20:01Z,37713,290000100,290000100,1
2026-08-15T05:20:01Z,37921,10000,16700,11370
2026-08-15T05:20:01Z,38260,49003300,49003300,26
2026-08-15T05:20:01Z,38261,330300,49000300,23
2026-08-15T05:20:01Z,38263,49001500,49001500,21
2026-08-15T05:20:01Z,38264,49009900,49009900,21
2026-08-15T05:20:01Z,38266,1500000000,1500000000,4
2026-08-15T05:20:01Z,38267,2500000100,2500000100,1
2026-08-15T05:20:01Z,38273,990001500,990001500,1
2026-08-15T05:20:01Z,38274,290001500,290001500,1
2026-08-15T05:20:01Z,38303,149900,149900,166
2026-08-15T05:20:01Z,38348,1500002900,1500002900,1
2026-08-15T05:20:01Z,38350,849900,849900,27
2026-08-15T05:20:01Z,38371,10009200,10009200,27
2026-08-15T05:20:01Z,38372,229500,229500,32
2026-08-15T05:20:01Z,38373,2500000,2500000,32
2026-08-15T05:20:01Z,38374,247500,247500,67
2026-08-15T05:20:01Z,38375,49400,49800,88
2026-08-15T05:20:01Z,38376,1809000,1809000,175
2026-08-15T05:20:01Z,38425,429400,429800,1291
2026-08-15T05:20:01Z,38426,12500,12500,7024
2026-08-15T05:20:01Z,38427,9809000,9809000,129
2026-08-15T05:20:01Z,38428,12000,12000,124
2026-08-15T05:20:01Z,38429,125100,125100,217
2026-08-15T05:20:01Z,38430,38600,38600,136
2026-08-15T05:20:01Z,38431,22000,22000,181
2026-08-15T05:20:01Z,38432,9800000,9800000,50
2026-08-15T05:20:01Z,38466,52400,52400,155
2026-08-15T05:20:01Z,38516,49002200,49002200,26
2026-08-15T05:20:01Z,38517,290003300,290003300,2
2026-08-15T05:20:01Z,38518,9950000,9950000,36
2026-08-15T05:20:01Z,38520,49001100,49001100,12
2026-08-15T05:20:01Z,38557,30500,40000,693
2026-08-15T05:20:01Z,38558,190000,226900,5373
2026-08-15T05:20:01Z,38561,880000,959900,67
2026-08-15T05:20:01Z,38581,290008500,290008500,2
2026-08-15T05:20:01Z,38583,49002000,49002000,20
2026-08-15T05:20:01Z,38584,4902900,49002900,22
2026-08-15T05:20:01Z,38585,49002000,49002000,20
2026-08-15T05:20:01Z,38586,9902800,9902800,83
2026-08-15T05:20:01Z,38625,150000,300000,50
2026-08-15T05:20:01Z,38679,1300,1300,638
2026-08-15T05:20:01Z,38682,1000,1000,16740
2026-08-15T05:20:01Z,38698,29500,29500,64
2026-08-15T05:20:01Z,38706,28000,28400,110
2026-08-15T05:20:01Z,38766,1200,1200,78
2026-08-15T05:20:01Z,38767,6600,6600,94
2026-08-15T05:20:01Z,38768,7900,7900,74
2026-08-15T05:20:01Z,38769,12000,12000,203
2026-08-15T05:20:01Z,38771,1100,1100,201
2026-08-15T05:20:01Z,38772,6500,6800,351
2026-08-15T05:20:01Z,38773,3900,3900,97
2026-08-15T05:20:01Z,38774,9300,10100,123
2026-08-15T05:20:01Z,38775,7100,7100,108
2026-08-15T05:20:01Z,38776,18800,18800,86
2026-08-15T05:20:01Z,38777,2000,5500,269
2026-08-15T05:20:01Z,38778,17200,17200,415
2026-08-15T05:20:01Z,38779,50500,50500,60
2026-08-15T05:20:01Z,38780,6900,6900,140
2026-08-15T05:20:01Z,38781,2900,2900,294
2026-08-15T05:20:01Z,38782,10000,10000,119
2026-08-15T05:20:01Z,38783,261900,287400,72
2026-08-15T05:20:01Z,38785,1200,1600,83
2026-08-15T05:20:01Z,38786,9200,9200,179
2026-08-15T05:20:01Z,38787,2700,2700,216
2026-08-15T05:20:01Z,38788,169800,189800,60
2026-08-15T05:20:01Z,38789,18900,18900,54
2026-08-15T05:20:01Z,38790,22500,22500,79
2026-08-15T05:20:01Z,38791,244300,244400,49
2026-08-15T05:20:01Z,38792,19500,349500,59
2026-08-15T05:20:01Z,38793,1300,1300,219
2026-08-15T05:20:01Z,38794,21200,21200,215
2026-08-15T05:20:01Z,38796,15200,9908700,43
2026-08-15T05:20:01Z,38797,153900,153900,139
2026-08-15T05:20:01Z,38798,129000,129000,55
2026-08-15T05:20:01Z,38799,55500,55500,101
2026-08-15T05:20:01Z,38800,278800,278800,80
2026-08-15T05:20:01Z,38801,456100,9903400,35
2026-08-15T05:20:01Z,38802,1499900,1499900,26
2026-08-15T05:20:01Z,38803,6000,6000,175
2026-08-15T05:20:01Z,38804,190000,190000,72
2026-08-15T05:20:01Z,38805,244400,345900,73
2026-08-15T05:20:01Z,38806,4900,51500,57
2026-08-15T05:20:01Z,38807,219500,219500,86
2026-08-15T05:20:01Z,38808,8700,8700,347
2026-08-15T05:20:01Z,38809,100000,100000,78
2026-08-15T05:20:01Z,38810,5000,5000,128
2026-08-15T05:20:01Z,38811,483400,606100,44
2026-08-15T05:20:01Z,38812,16300,77500,79
2026-08-15T05:20:01Z,38813,784100,784200,71
2026-08-15T05:20:01Z,38814,772100,772100,62
2026-08-15T05:20:01Z,38816,621500,621500,66
2026-08-15T05:20:01Z,38817,3500,3500,375
2026-08-15T05:20:01Z,38818,460000,460000,56
2026-08-15T05:20:01Z,38819,748000,748100,55
2026-08-15T05:20:01Z,38820,1096000,9905500,34
2026-08-15T05:20:01Z,38821,19900,1832000,82
2026-08-15T05:20:01Z,38822,1900,1900,105
2026-08-15T05:20:01Z,38823,1414200,1601400,72
2026-08-15T05:20:01Z,38824,100000,100000,71
2026-08-15T05:20:01Z,38825,1800,1800,181
2026-08-15T05:20:01Z,38827,150000,801600,60
2026-08-15T05:20:01Z,38828,24200,24200,70
2026-08-15T05:20:01Z,38829,3100,3100,100
2026-08-15T05:20:01Z,38830,1200,1200,205
2026-08-15T05:20:01Z,38831,1369500,1369500,45
2026-08-15T05:20:01Z,38832,801600,801600,53
2026-08-15T05:20:01Z,38833,17600,17600,342
2026-08-15T05:20:01Z,38834,1574300,1574300,27
2026-08-15T05:20:01Z,38835,199000,199900,86
2026-08-15T05:20:01Z,38836,565900,811100,113
2026-08-15T05:20:01Z,38837,1153800,1153800,156
2026-08-15T05:20:01Z,38838,14800,15900,103
2026-08-15T05:20:01Z,38839,715100,715100,54
2026-08-15T05:20:01Z,38840,772900,772900,37
2026-08-15T05:20:01Z,38841,134500,134500,96
2026-08-15T05:20:01Z,38842,825100,825200,52
2026-08-15T05:20:01Z,38844,4500,4500,148
2026-08-15T05:20:01Z,38845,4900,4900,221
2026-08-15T05:20:01Z,38846,958500,958500,88
2026-08-15T05:20:01Z,38847,199900,199900,61
2026-08-15T05:20:01Z,38848,714500,714500,88
2026-08-15T05:20:01Z,38849,28700,28700,154
2026-08-15T05:20:01Z,38850,145400,145400,49
2026-08-15T05:20:01Z,38851,8854900,8854900,23
2026-08-15T05:20:01Z,38852,1500,1500,85
2026-08-15T05:20:01Z,38853,1755600,1755600,58
2026-08-15T05:20:01Z,38854,2199800,2199800,73
2026-08-15T05:20:01Z,38855,139800,139800,91
2026-08-15T05:20:01Z,38856,9800,9800,179
2026-08-15T05:20:01Z,38857,450000,1434100,62
2026-08-15T05:20:01Z,38859,45400,45400,80
2026-08-15T05:20:01Z,38860,138600,140000,112
2026-08-15T05:20:01Z,38861,30000,30000,106
2026-08-15T05:20:01Z,38862,72200,72200,231
2026-08-15T05:20:01Z,38863,11264000,11264100,22
2026-08-15T05:20:01Z,38864,1149700,1149700,95
2026-08-15T05:20:01Z,38865,429200,714800,56
2026-08-15T05:20:01Z,38866,8400,8400,90
2026-08-15T05:20:01Z,38867,6000,6000,99
2026-08-15T05:20:01Z,38868,2481400,2481400,40
2026-08-15T05:20:01Z,38869,921000,921000,45
2026-08-15T05:20:01Z,38870,1381600,1592300,45
2026-08-15T05:20:01Z,38871,5009800,5009800,205
2026-08-15T05:20:01Z,38872,3913700,3913800,32
2026-08-15T05:20:01Z,38873,884200,884400,185
2026-08-15T05:20:01Z,38874,1647100,1647200,76
2026-08-15T05:20:01Z,38875,499900,499900,67
2026-08-15T05:20:01Z,38876,1014800,1014800,66
2026-08-15T05:20:01Z,38877,12999800,12999800,18
2026-08-15T05:20:01Z,38878,6063600,6063600,23
2026-08-15T05:20:01Z,38879,991000,991000,66
2026-08-15T05:20:01Z,38880,1178900,9900200,41
2026-08-15T05:20:01Z,38881,5575100,5575100,58
2026-08-15T05:20:01Z,38882,1128900,1128900,62
2026-08-15T05:20:01Z,38883,2519900,2519900,76
2026-08-15T05:20:01Z,38884,2258300,2258300,57
2026-08-15T05:20:01Z,38885,9902300,9902300,15
2026-08-15T05:20:01Z,38886,5078200,5823100,14
2026-08-15T05:20:01Z,38887,4801600,4801600,15
2026-08-15T05:20:01Z,38888,186700,186700,64
2026-08-15T05:20:01Z,38889,1782700,1782700,46
2026-08-15T05:20:01Z,38890,9999900,9999900,16
2026-08-15T05:20:01Z,38893,499400,499400,48
2026-08-15T05:20:01Z,38894,2839600,2839600,43
2026-08-15T05:20:01Z,38895,1099100,1099100,43
2026-08-15T05:20:01Z,38896,807400,807400,56
2026-08-15T05:20:01Z,38897,13600,13600,131
2026-08-15T05:20:01Z,38898,65100,383600,66
2026-08-15T05:20:01Z,38899,470000,470600,47
2026-08-15T05:20:01Z,38900,1450000,4291900,32
2026-08-15T05:20:01Z,38901,706300,9909400,30
2026-08-15T05:20:01Z,38902,1824500,1824500,35
2026-08-15T05:20:01Z,38903,46999000,46999000,17
2026-08-15T05:20:01Z,38904,1276900,1276900,59
2026-08-15T05:20:01Z,38905,482800,502500,47
2026-08-15T05:20:01Z,38906,2219500,2219600,53
2026-08-15T05:20:01Z,38908,413300,413300,64
2026-08-15T05:20:01Z,38909,7200,7200,115
2026-08-15T05:20:01Z,38910,94600,1121200,49
2026-08-15T05:20:01Z,38911,277600,305700,70
2026-08-15T05:20:01Z,38912,16200,16200,67
2026-08-15T05:20:01Z,38913,904900,904900,76
2026-08-15T05:20:01Z,38914,1300,1300,69
2026-08-15T05:20:01Z,38917,1560300,1560300,47
2026-08-15T05:20:01Z,38918,2779500,2779500,92
2026-08-15T05:20:01Z,38919,1504100,1504100,49
2026-08-15T05:20:01Z,38920,329900,329900,75
2026-08-15T05:20:01Z,38921,8747900,9989600,34
2026-08-15T05:20:01Z,38922,1014000,1078300,38
2026-08-15T05:20:01Z,38923,49999900,49999900,27
2026-08-15T05:20:01Z,38924,18727700,18727700,43
2026-08-15T05:20:01Z,38925,1998200,1998500,144
2026-08-15T05:20:01Z,38926,2514500,2514500,47
2026-08-15T05:20:01Z,38927,4654300,4654400,37
2026-08-15T05:20:01Z,38928,4000,4000,136
2026-08-15T05:20:01Z,38929,42500,42500,96
2026-08-15T05:20:01Z,38930,574300,9899500,43
2026-08-15T05:20:01Z,38931,138600,138600,63
2026-08-15T05:20:01Z,38932,590000,590000,69
2026-08-15T05:20:01Z,38933,3300,3300,553
2026-08-15T05:20:01Z,38934,23800,230500,64
2026-08-15T05:20:01Z,38935,38669300,38669300,24
2026-08-15T05:20:01Z,38936,7997300,7997300,31
2026-08-15T05:20:01Z,38937,50000,50000,93
2026-08-15T05:20:01Z,38938,1800,1800,140
2026-08-15T05:20:01Z,38939,18005100,18005100,71
2026-08-15T05:20:01Z,38940,4193600,4193600,25
2026-08-15T05:20:01Z,38943,30009400,39957300,7
2026-08-15T05:20:01Z,38944,1000000,1000000,58
2026-08-15T05:20:01Z,38945,355400,355500,62
2026-08-15T05:20:01Z,38946,27570500,27570500,15
2026-08-15T05:20:01Z,38947,9979800,9979800,15
2026-08-15T05:20:01Z,38948,999900,1703600,67
2026-08-15T05:20:01Z,38949,1400,12000,88
2026-08-15T05:20:01Z,38951,2200,2200,87
2026-08-15T05:20:01Z,38953,40000,58200,51
2026-08-15T05:20:01Z,38954,139000,140000,58
2026-08-15T05:20:01Z,38955,40000,40000,77
2026-08-15T05:20:01Z,38959,33800,33800,78
2026-08-15T05:20:01Z,38960,38500,38500,83
2026-08-15T05:20:01Z,38961,33100,33100,70
2026-08-15T05:20:01Z,38962,7000,7000,113
2026-08-15T05:20:01Z,38963,270000,311400,71
2026-08-15T05:20:01Z,38964,43600,43600,61
2026-08-15T05:20:01Z,38965,3550300,3550300,52
2026-08-15T05:20:01Z,38966,25000,25000,89
2026-08-15T05:20:01Z,38967,378300,378300,40
2026-08-15T05:20:01Z,38968,10000,48400,70
2026-08-15T05:20:01Z,38971,80700,80700,69
2026-08-15T05:20:01Z,38972,3046900,3046900,56
2026-08-15T05:20:01Z,38973,167600,9903800,47
2026-08-15T05:20:01Z,38974,11000,11000,113
2026-08-15T05:20:01Z,38975,24600,244600,71
2026-08-15T05:20:01Z,38976,22500,30000,69
2026-08-15T05:20:01Z,38978,2899800,2907100,46
2026-08-15T05:20:01Z,38979,19100,19200,81
2026-08-15T05:20:01Z,38980,12400,12500,100
2026-08-15T05:20:01Z,38981,1009600,1009600,117
2026-08-15T05:20:01Z,38984,79800,79900,35
2026-08-15T05:20:01Z,38986,93300,93400,70
2026-08-15T05:20:01Z,38987,135000,180000,66
2026-08-15T05:20:01Z,38988,1383500,1383500,63
2026-08-15T05:20:01Z,38989,84000,84000,102
2026-08-15T05:20:01Z,38990,1607200,1607300,62
2026-08-15T05:20:01Z,38991,99800,100000,79
2026-08-15T05:20:01Z,38992,75500,75500,77
2026-08-15T05:20:01Z,38993,20000,71700,82
2026-08-15T05:20:01Z,38995,1606700,1606700,85
2026-08-15T05:20:01Z,38997,499900,499900,55
2026-08-15T05:20:01Z,38998,7089400,7089400,23
2026-08-15T05:20:01Z,38999,752200,1072200,89
2026-08-15T05:20:01Z,39000,1149900,1795800,54
2026-08-15T05:20:01Z,39001,38800,101600,49
2026-08-15T05:20:01Z,39002,89900,118600,69
2026-08-15T05:20:01Z,39003,270700,270800,74
2026-08-15T05:20:01Z,39004,18800,110900,66
2026-08-15T05:20:01Z,39005,32200,32200,87
2026-08-15T05:20:01Z,39006,412100,426300,76
2026-08-15T05:20:01Z,39151,47900,49500,3726
2026-08-15T05:20:01Z,39201,25000200,25000200,61
2026-08-15T05:20:01Z,39203,49004000,49004000,48
2026-08-15T05:20:01Z,39204,1500002600,1500002600,1
2026-08-15T05:20:01Z,39207,35006100,35006100,73
2026-08-15T05:20:01Z,39209,310000,310300,52
2026-08-15T05:20:01Z,39210,1150000,1503800,40
2026-08-15T05:20:01Z,39211,5000,5000,128
2026-08-15T05:20:01Z,39212,2700,2700,47
2026-08-15T05:20:01Z,39218,49005000,49005000,20
2026-08-15T05:20:01Z,39219,49005000,49005000,20
2026-08-15T05:20:01Z,39220,6900,49006900,23
2026-08-15T05:20:01Z,39222,26502200,49002200,35
2026-08-15T05:20:01Z,39223,49003800,49003800,21
2026-08-15T05:20:01Z,39317,22300,49002300,24
2026-08-15T05:20:01Z,39334,47500,49000,5316
2026-08-15T05:20:01Z,39338,78000,79000,1316
2026-08-15T05:20:01Z,39339,170000,179800,1117
2026-08-15T05:20:01Z,39340,30000,30900,11352
2026-08-15T05:20:01Z,39341,11000,52000,167562
2026-08-15T05:20:01Z,39342,26300,26300,1515
2026-08-15T05:20:01Z,39343,38100,60000,31333
2026-08-15T05:20:01Z,39349,39970000,39970000,10
2026-08-15T05:20:01Z,39350,49989300,49989300,11
2026-08-15T05:20:01Z,39351,49000500,49000500,22
2026-08-15T05:20:01Z,39353,49000600,49000600,21
2026-08-15T05:20:01Z,39354,100,100,118245
2026-08-15T05:20:01Z,39356,49000500,49000500,25
2026-08-15T05:20:01Z,39357,9806500,9806500,41
2026-08-15T05:20:01Z,39358,999300,999300,35
2026-08-15T05:20:01Z,39360,294800,294800,36
2026-08-15T05:20:01Z,39361,4995000,4995000,30
2026-08-15T05:20:01Z,39469,87000,87600,3841
2026-08-15T05:20:01Z,39501,49009800,49009800,29
2026-08-15T05:20:01Z,39502,25007600,25007600,28
2026-08-15T05:20:01Z,39512,15000,19500,126
2026-08-15T05:20:01Z,39513,40000,161000,25
2026-08-15T05:20:01Z,39516,5005200,5005200,31
2026-08-15T05:20:01Z,39520,2800,2800,404
2026-08-15T05:20:01Z,39524,40000,40000,25
2026-08-15T05:20:01Z,39525,49003800,49003800,20
2026-08-15T05:20:01Z,39526,20000,9998700,38
2026-08-15T05:20:01Z,39527,736600,9901500,49
2026-08-15T05:20:01Z,39532,290001800,290001800,1
2026-08-15T05:20:01Z,39533,990002000,990002000,1
2026-08-15T05:20:01Z,39549,49003000,49003000,20
2026-08-15T05:20:01Z,39550,49003700,49003700,20
2026-08-15T05:20:01Z,39551,49003000,49003000,20
2026-08-15T05:20:01Z,39552,49003800,49003800,20
2026-08-15T05:20:01Z,39559,49009900,49009900,20
2026-08-15T05:20:01Z,39562,49003000,49003000,23
2026-08-15T05:20:01Z,39563,49009900,49009900,20
2026-08-15T05:20:01Z,39567,49007000,49007000,52
2026-08-15T05:20:01Z,39568,45000000,49000000,28
2026-08-15T05:20:01Z,39569,90000,90100,25
2026-08-15T05:20:01Z,39570,49003000,49003000,20
2026-08-15T05:20:01Z,39666,47500,47500,163
2026-08-15T05:20:01Z,39671,19500,19500,128
2026-08-15T05:20:01Z,39681,129900,179900,2384
2026-08-15T05:20:01Z,39682,461500,463500,2012
2026-08-15T05:20:01Z,39683,1350000,1350600,499
2026-08-15T05:20:01Z,39684,16200,16200,966
2026-08-15T05:20:01Z,39685,380000000,380000000,4
2026-08-15T05:20:01Z,39686,990003200,990003200,2
2026-08-15T05:20:01Z,39690,404000,409900,4175
2026-08-15T05:20:01Z,39691,16000,17200,224
2026-08-15T05:20:01Z,39774,90000,175000,112751
2026-08-15T05:20:01Z,39900,20000,20000,45
2026-08-15T05:20:01Z,39905,29900,30000,89
2026-08-15T05:20:01Z,39906,250000000,250000000,2
2026-08-15T05:20:01Z,39907,10000,10000,169
2026-08-15T05:20:01Z,39908,350000,350000,58
2026-08-15T05:20:01Z,39909,20000,20000,260
2026-08-15T05:20:01Z,39910,20000,20000,61
2026-08-15T05:20:01Z,39911,250000000,250000000,3
2026-08-15T05:20:01Z,39912,20000,20000,65
2026-08-15T05:20:01Z,39914,990000000,990000000,6
2026-08-15T05:20:01Z,39915,149200,149300,195
2026-08-15T05:20:01Z,39916,250000000,250000000,10
2026-08-15T05:20:01Z,39917,4685300,9895700,22
2026-08-15T05:20:01Z,39918,15000,15000,178
2026-08-15T05:20:01Z,39919,189800,238500,41
2026-08-15T05:20:01Z,39920,250003100,250003100,2
2026-08-15T05:20:01Z,39927,100000,100000,94
2026-08-15T05:20:01Z,39932,100000,233700,47
2026-08-15T05:20:01Z,39933,30000,30000,54
2026-08-15T05:20:01Z,39934,9900,10000,257
2026-08-15T05:20:01Z,39935,17800,17800,53
2026-08-15T05:20:01Z,39936,249981300,249981300,2
2026-08-15T05:20:01Z,39937,247880000,247880000,2
2026-08-15T05:20:01Z,39938,248253300,248253300,2
2026-08-15T05:20:01Z,39939,18956300,19900100,11
2026-08-15T05:20:01Z,39940,17500,17500,47
2026-08-15T05:20:01Z,39941,250001300,250001300,1
2026-08-15T05:20:01Z,39942,12000,15700,48
2026-08-15T05:20:01Z,39943,250000000,250000000,1
2026-08-15T05:20:01Z,39944,1997506100,1997506100,1
2026-08-15T05:20:01Z,39945,48000,48000,61
2026-08-15T05:20:01Z,39946,197980000,197980000,3
2026-08-15T05:20:01Z,39947,21000,21000,46
2026-08-15T05:20:01Z,39948,22100,22100,35
2026-08-15T05:20:01Z,39949,20000,20000,72
2026-08-15T05:20:01Z,39950,5382400,5382400,39
2026-08-15T05:20:01Z,39951,150000,150000,64
2026-08-15T05:20:01Z,39952,9767600,9767600,29
2026-08-15T05:20:01Z,39953,240489700,240489700,3
2026-08-15T05:20:01Z,39954,9726700,9726700,54
2026-08-15T05:20:01Z,39955,30000,30000,49
2026-08-15T05:20:01Z,39956,30000,30000,376
2026-08-15T05:20:01Z,39957,17800,17800,44
2026-08-15T05:20:01Z,39958,9991100,9991100,20
2026-08-15T05:20:01Z,39959,9587600,9587600,30
2026-08-15T05:20:01Z,39960,1500009900,1500009900,2
2026-08-15T05:20:01Z,39961,249978500,249978500,2
2026-08-15T05:20:01Z,39962,1250005000,1250005000,1
2026-08-15T05:20:01Z,39963,250001300,250001300,1
2026-08-15T05:20:01Z,39964,2494115300,2494115300,1
2026-08-15T05:20:01Z,39965,250000,250000,74
2026-08-15T05:20:01Z,39966,40000,40000,69
2026-08-15T05:20:01Z,39967,20000,20000,55
2026-08-15T05:20:01Z,39968,25700,25700,37
2026-08-15T05:20:01Z,39969,49001200,49001200,20
2026-08-15T05:20:01Z,39970,23300,26600,1858
2026-08-15T05:20:01Z,39974,187180400,187180400,2
2026-08-15T05:20:01Z,39975,2808600,2808600,26
2026-08-15T05:20:01Z,39976,10000,20000,83
2026-08-15T05:20:01Z,39977,9950100,9950100,26
2026-08-15T05:20:01Z,39978,32000,32000,92
2026-08-15T05:20:01Z,39979,9990000,9990000,28
2026-08-15T05:20:01Z,39980,25000,81200,69
2026-08-15T05:20:01Z,39981,20000,20000,117
2026-08-15T05:20:01Z,39982,9997000,9997000,24
2026-08-15T05:20:01Z,39983,25000,25000,79
2026-08-15T05:20:01Z,39984,250009200,250009200,1
2026-08-15T05:20:01Z,39985,1474962500,1474962500,1
2026-08-15T05:20:01Z,39986,4500000600,4500000600,1
2026-08-15T05:20:01Z,39989,1500000000,1500000000,1
2026-08-15T05:20:01Z,39990,250003200,250003200,1
2026-08-15T05:20:01Z,39991,444700,444700,33
2026-08-15T05:20:01Z,39992,8687700,8687700,28
2026-08-15T05:20:01Z,39996,9974200,9974200,33
2026-08-15T05:20:01Z,39997,804500,804500,62
2026-08-15T05:20:01Z,39998,1000000,1000000,37
2026-08-15T05:20:01Z,39999,450008900,450008900,1
2026-08-15T05:20:01Z,40000,1007100,1007100,28
2026-08-15T05:20:01Z,40001,9982500,9982500,22
2026-08-15T05:20:01Z,40002,450000000,450000000,1
2026-08-15T05:20:01Z,40003,1500000,1500000,86
2026-08-15T05:20:01Z,40008,4975400,4980300,35
2026-08-15T05:20:01Z,40009,39000000,39000000,3
2026-08-15T05:20:01Z,40010,895500,895500,31
2026-08-15T05:20:01Z,40011,9951700,9951700,32
2026-08-15T05:20:01Z,40013,2000000,9948100,22
2026-08-15T05:20:01Z,40014,9960500,9960500,22
2026-08-15T05:20:01Z,40015,250002900,250002900,1
2026-08-15T05:20:01Z,40016,3358500,3358500,30
2026-08-15T05:20:01Z,40017,998400,998400,64
2026-08-15T05:20:01Z,40022,140000,207900,37
2026-08-15T05:20:01Z,40023,8005200,8455200,31
2026-08-15T05:20:01Z,40024,3500000000,3500000000,1
2026-08-15T05:20:01Z,40025,9890000,9890000,28
2026-08-15T05:20:01Z,40026,109900,207900,38
2026-08-15T05:20:01Z,40027,2000000000,2000000000,1
2026-08-15T05:20:01Z,40028,312200,312200,26
2026-08-15T05:20:01Z,40029,199900000,199900000,1
2026-08-15T05:20:01Z,40030,249001800,249001800,1
2026-08-15T05:20:01Z,40031,250000000,250000000,1
2026-08-15T05:20:01Z,40032,4376000,4376000,52
2026-08-15T05:20:01Z,40034,9985500,19992000,11
2026-08-15T05:20:01Z,40035,290000,290000,109
2026-08-15T05:20:01Z,40036,9863100,9863100,51
2026-08-15T05:20:01Z,40037,770000,770000,45
2026-08-15T05:20:01Z,40038,368300,368300,64
2026-08-15T05:20:01Z,40039,892300,1038100,39
2026-08-15T05:20:01Z,40040,39532800,39532800,33
2026-08-15T05:20:01Z,40041,9990000,9990000,37
2026-08-15T05:20:01Z,40042,39900,39900,149
2026-08-15T05:20:01Z,40043,246079500,246079500,3
2026-08-15T05:20:01Z,40044,500000,500000,32
2026-08-15T05:20:01Z,40045,11500000,11500000,22
2026-08-15T05:20:01Z,40046,198734600,198734600,1
2026-08-15T05:20:01Z,40047,250004700,250004700,1
2026-08-15T05:20:01Z,40048,19762300,19762300,12
2026-08-15T05:20:01Z,40049,16745800,16762500,12
2026-08-15T05:20:01Z,40050,3667800,3667800,31
2026-08-15T05:20:01Z,40051,7553500,9990400,22
2026-08-15T05:20:01Z,40052,9908900,9908900,32
2026-08-15T05:20:01Z,40053,19699600,19699600,10
2026-08-15T05:20:01Z,40054,8500002300,8500002300,1
2026-08-15T05:20:01Z,40055,9989300,9989300,30
2026-08-15T05:20:01Z,40056,450000000,450000000,1
2026-08-15T05:20:01Z,40057,8955400,8955400,45
2026-08-15T05:20:01Z,40058,4428100,4428100,41
2026-08-15T05:20:01Z,40059,862200,862200,93
2026-08-15T05:20:01Z,40067,19900,130000,77
2026-08-15T05:20:01Z,40068,79900,79900,103
2026-08-15T05:20:01Z,40070,5300,5300,114
2026-08-15T05:20:01Z,40072,224400,9947700,49
2026-08-15T05:20:01Z,40073,7000,7000,138
2026-08-15T05:20:01Z,40076,16500,16500,275
2026-08-15T05:20:01Z,40077,179800,179800,870
2026-08-15T05:20:01Z,40078,400000,400000,93
2026-08-15T05:20:01Z,40079,1929900,1929900,48
2026-08-15T05:20:01Z,40081,18300,18400,102
2026-08-15T05:20:01Z,40082,7064211100,7064211100,10
2026-08-15T05:20:01Z,40083,194393700,194393700,1
2026-08-15T05:20:01Z,40084,450000000,450000000,1
2026-08-15T05:20:01Z,40085,2995914600,2995914600,1
2026-08-15T05:20:01Z,40086,9996500,9996500,22
2026-08-15T05:20:01Z,40087,450000,450000,66
2026-08-15T05:20:01Z,40088,8986900,8986900,26
2026-08-15T05:20:01Z,40089,19906200,19906200,16
2026-08-15T05:20:01Z,40090,9989600,9989600,26
2026-08-15T05:20:01Z,40091,9894500,9894500,25
2026-08-15T05:20:01Z,40092,7338462900,7338462900,1
2026-08-15T05:20:01Z,40093,6400,6400,248
2026-08-15T05:20:01Z,40094,49990000,49990000,6
2026-08-15T05:20:01Z,40095,9890100,9890100,21
2026-08-15T05:20:01Z,40096,990004300,990004300,1
2026-08-15T05:20:01Z,40097,30000,39300,62
2026-08-15T05:20:01Z,40098,19679400,19679400,13
2026-08-15T05:20:01Z,40099,3017359700,3017359700,6
2026-08-15T05:20:01Z,40100,1553100,1553100,38
2026-08-15T05:20:01Z,40101,450003200,450003200,1
2026-08-15T05:20:01Z,40102,9989500,9989500,26
2026-08-15T05:20:01Z,40103,250005000,250005000,1
2026-08-15T05:20:01Z,40104,6328942000,6328942000,1
2026-08-15T05:20:01Z,40105,9991000,9991000,25
2026-08-15T05:20:01Z,40106,9890200,9890200,25
2026-08-15T05:20:01Z,40109,30000,30000,53
2026-08-15T05:20:01Z,40111,5948900,5948900,77
2026-08-15T05:20:01Z,40112,9996500,9996500,82
2026-08-15T05:20:01Z,40113,3019800,3045300,92
2026-08-15T05:20:01Z,40114,2500002100,2500002100,1
2026-08-15T05:20:01Z,40115,4964200,9993300,31
2026-08-15T05:20:01Z,40116,9780500,9780500,31
2026-08-15T05:20:01Z,40117,1500000000,1500000000,1
2026-08-15T05:20:01Z,40118,5924700,9930600,41
2026-08-15T05:20:01Z,40119,200000,200000,72
2026-08-15T05:20:01Z,40120,4725800,4725800,68
2026-08-15T05:20:01Z,40122,9974200,9974200,73
2026-08-15T05:20:01Z,40123,450000000,450000000,2
2026-08-15T05:20:01Z,40124,3575800,3575800,62
2026-08-15T05:20:01Z,40125,3831100,3831100,71
2026-08-15T05:20:01Z,40126,990002100,990002100,4
2026-08-15T05:20:01Z,40127,4966400,4966400,27
2026-08-15T05:20:01Z,40128,9200400,9200400,60
2026-08-15T05:20:01Z,40129,1510300,1510400,100
2026-08-15T05:20:01Z,40130,9744400,9744400,69
2026-08-15T05:20:01Z,40132,450003200,450003200,1
2026-08-15T05:20:01Z,40133,4966900,4966900,44
2026-08-15T05:20:01Z,40134,250000000,250000000,1
2026-08-15T05:20:01Z,40135,9882800,9882800,36
2026-08-15T05:20:01Z,40136,2500009100,2500009100,1
2026-08-15T05:20:01Z,40138,2468683400,2468683400,5
2026-08-15T05:20:01Z,40139,9942800,9942900,35
2026-08-15T05:20:01Z,40140,2500000000,2500000000,1
2026-08-15T05:20:01Z,40141,9986600,9986600,37
2026-08-15T05:20:01Z,40142,3499500,3499500,58
2026-08-15T05:20:01Z,40143,3860500,3860500,36
2026-08-15T05:20:01Z,40144,3499500,3499500,55
2026-08-15T05:20:01Z,40145,3499500,3499500,41
2026-08-15T05:20:01Z,40146,3499900,3499900,122
2026-08-15T05:20:01Z,40147,3499500,3499500,62
2026-08-15T05:20:01Z,40148,3500000000,3500000000,1
2026-08-15T05:20:01Z,40149,3499500,3499500,51
2026-08-15T05:20:01Z,40150,6989900,9915900,36
2026-08-15T05:20:01Z,40151,199977600,199977600,1
2026-08-15T05:20:01Z,40152,2899500,2899500,60
2026-08-15T05:20:01Z,40153,3004500,3004700,82
2026-08-15T05:20:01Z,40154,3499500,3499500,48
2026-08-15T05:20:01Z,40155,4499500,4499500,59
2026-08-15T05:20:01Z,40156,1500003700,1500003700,1
2026-08-15T05:20:01Z,40157,1591900,1591900,37
2026-08-15T05:20:01Z,40158,990000000,990000000,1
2026-08-15T05:20:01Z,40160,3499500,3499500,56
2026-08-15T05:20:01Z,40161,3500000000,3500000000,1
2026-08-15T05:20:01Z,40162,4154900,4154900,29
2026-08-15T05:20:01Z,40163,3499500,3499500,52
2026-08-15T05:20:01Z,40164,9773800,9773800,47
2026-08-15T05:20:01Z,40165,9732700,9732800,33
2026-08-15T05:20:01Z,40166,4962200,9949700,49
2026-08-15T05:20:01Z,40167,9839500,9839500,50
2026-08-15T05:20:01Z,40168,9980100,9980100,54
2026-08-15T05:20:01Z,40169,9684600,9684600,32
2026-08-15T05:20:01Z,40171,9965000,9965000,32
2026-08-15T05:20:01Z,40173,9996300,9996300,31
2026-08-15T05:20:01Z,40174,2000000000,2000000000,1
2026-08-15T05:20:01Z,40175,2500000000,2500000000,1
2026-08-15T05:20:01Z,40176,1500002100,1500002100,1
2026-08-15T05:20:01Z,40177,4000000,4000000,80
2026-08-15T05:20:01Z,40179,5008400,5008500,106
2026-08-15T05:20:01Z,40180,4409800,4409900,165
2026-08-15T05:20:01Z,40181,1500000000,1500000000,1
2026-08-15T05:20:01Z,40182,9982900,9982900,70
2026-08-15T05:20:01Z,40195,19500,19700,1619
2026-08-15T05:20:01Z,40199,10000,10000,3797
2026-08-15T05:20:01Z,40202,1496600,1496600,138
2026-08-15T05:20:01Z,40211,9900,9900,124
2026-08-15T05:20:01Z,40212,27000,27600,221
2026-08-15T05:20:01Z,40213,199900,199900,95
2026-08-15T05:20:01Z,40214,2613600,2613600,41
2026-08-15T05:20:01Z,40215,8999500,9909500,48
2026-08-15T05:20:01Z,40216,9958800,9958800,46
2026-08-15T05:20:01Z,40217,80000,80000,51
2026-08-15T05:20:01Z,40356,9900600,9900600,41
2026-08-15T05:20:01Z,40357,9990000,9990000,33
2026-08-15T05:20:01Z,40358,9990700,9990700,30
2026-08-15T05:20:01Z,40359,6821900,9909900,29
2026-08-15T05:20:01Z,40360,3335000,3335000,540
2026-08-15T05:20:01Z,40361,7902700,7902700,117
2026-08-15T05:20:01Z,40391,49000900,49000900,14
2026-08-15T05:20:01Z,40392,290000900,290000900,1
2026-08-15T05:20:01Z,40393,290000700,290000700,1
2026-08-15T05:20:01Z,40404,1499990100,1499990100,1
2026-08-15T05:20:01Z,40411,49009800,49009800,25
2026-08-15T05:20:01Z,40533,107800,108800,162
2026-08-15T05:20:01Z,40536,9700,9700,900
2026-08-15T05:20:01Z,40769,959900,959900,699
2026-08-15T05:20:01Z,40771,1990000,1990000,536
2026-08-15T05:20:01Z,40896,1500007600,1500007600,1
2026-08-15T05:20:01Z,40897,250007600,250007600,1
2026-08-15T05:20:01Z,40899,250007600,250007600,1
2026-08-15T05:20:01Z,40900,1500000200,1500000200,1
2026-08-15T05:20:01Z,40901,1500007600,1500007600,1
2026-08-15T05:20:01Z,40902,1500007600,1500007600,1
2026-08-15T05:20:01Z,40903,1500000200,1500000200,1
2026-08-15T05:20:01Z,40906,1500007600,1500007600,1
2026-08-15T05:20:01Z,40908,1500007600,1500007600,1
2026-08-15T05:20:01Z,40909,250007600,250007600,1
2026-08-15T05:20:01Z,40912,1500000200,1500000200,1
2026-08-15T05:20:01Z,40913,1500007600,1500007600,3
2026-08-15T05:20:01Z,40914,250007600,250007600,1
2026-08-15T05:20:01Z,40915,1500007600,1500007600,1
2026-08-15T05:20:01Z,40916,1499997600,1499997600,2
2026-08-15T05:20:01Z,40919,202500,202500,201
2026-08-15T05:20:01Z,40920,1500000200,1500000200,1
2026-08-15T05:20:01Z,40921,250000200,250000200,1
2026-08-15T05:20:01Z,40922,1500007600,1500007600,1
2026-08-15T05:20:01Z,40923,1500007600,1500007600,1
2026-08-15T05:20:01Z,40924,1500007600,1500007600,1
2026-08-15T05:20:01Z,41092,299999900,299999900,2
2026-08-15T05:20:01Z,41094,1500000200,1500000200,1
2026-08-15T05:20:01Z,41095,250000200,250000200,8
2026-08-15T05:20:01Z,41096,1500000200,1500000200,1
2026-08-15T05:20:01Z,41097,1500000900,1500000900,8
2026-08-15T05:20:01Z,41098,250007600,250007600,1
2026-08-15T05:20:01Z,41099,250000200,250000200,1
2026-08-15T05:20:01Z,41100,144200,240800,159
2026-08-15T05:20:01Z,41101,1500000200,1500000200,1
2026-08-15T05:20:01Z,41102,1500000200,1500000200,1
2026-08-15T05:20:01Z,41103,1500000200,1500000200,1
2026-08-15T05:20:01Z,41104,1500007600,1500007600,1
2026-08-15T05:20:01Z,41106,149999900,149999900,2
2026-08-15T05:20:01Z,41108,249980200,249980200,2
2026-08-15T05:20:01Z,41109,1500007600,1500007600,1
2026-08-15T05:20:01Z,41110,1500000200,1500000200,1
2026-08-15T05:20:01Z,41119,500,500,712
2026-08-15T05:20:01Z,41146,500100,1440100,56
2026-08-15T05:20:01Z,41163,875000,875000,3708
2026-08-15T05:20:01Z,41164,49000100,49000100,17
2026-08-15T05:20:01Z,41165,19900100,19900100,40
2026-08-15T05:20:01Z,41166,4778600,9900000,36
2026-08-15T05:20:01Z,41167,79100,79100,79
2026-08-15T05:20:01Z,41266,799900,800000,535
2026-08-15T05:20:01Z,41285,9990000,9990000,33
2026-08-15T05:20:01Z,41307,1333800,1333800,29
2026-08-15T05:20:01Z,41333,9900000,9900000,26
2026-08-15T05:20:01Z,41334,800000,850000,1125
2026-08-15T05:20:01Z,41335,19981900,19981900,18
2026-08-15T05:20:01Z,41337,1000000,9900000,116
2026-08-15T05:20:01Z,41338,40000,40000,42
2026-08-15T05:20:01Z,41339,309500,699500,83
2026-08-15T05:20:01Z,41368,9990000,49000000,23
2026-08-15T05:20:01Z,41369,245700,245700,25
2026-08-15T05:20:01Z,41373,9500006900,9500006900,1
2026-08-15T05:20:01Z,41375,300100,300100,111
2026-08-15T05:20:01Z,41376,9989500,9989500,32
2026-08-15T05:20:01Z,41377,19969700,19969700,13
2026-08-15T05:20:01Z,41378,9993500,9993500,29
2026-08-15T05:20:01Z,41379,19986600,19986600,20
2026-08-15T05:20:01Z,41380,5001000,5001000,43
2026-08-15T05:20:01Z,41381,35000,35000,72
2026-08-15T05:20:01Z,41382,19860000,19860000,20
2026-08-15T05:20:01Z,41385,44441200,44441200,24
2026-08-15T05:20:01Z,41389,7750000,7750000,31
2026-08-15T05:20:01Z,41395,8091900,8091900,28
2026-08-15T05:20:01Z,41396,2995000,2995000,30
2026-08-15T05:20:01Z,41397,20000,22500,60
2026-08-15T05:20:01Z,41398,9979900,9979900,6
2026-08-15T05:20:01Z,41400,3374800,3374800,48
2026-08-15T05:20:01Z,41401,39949400,39949400,11
2026-08-15T05:20:01Z,41427,3000000,7500000,87
2026-08-15T05:20:01Z,41432,500000,500000,34
2026-08-15T05:20:01Z,41433,4500001300,4500001300,1
2026-08-15T05:20:01Z,41434,9800000,9800000,21
2026-08-15T05:20:01Z,41435,800000,800000,31
2026-08-15T05:20:01Z,41436,350000,350000,72
2026-08-15T05:20:01Z,41437,2000900,2803100,37
2026-08-15T05:20:01Z,41438,990007600,990007600,1
2026-08-15T05:20:01Z,41439,500000,500000,47
2026-08-15T05:20:01Z,41440,350000,350000,37
2026-08-15T05:20:01Z,41441,7500000,9900000,23
2026-08-15T05:20:01Z,41442,2486548200,2486548200,5
2026-08-15T05:20:01Z,41443,1999700,9990000,22
2026-08-15T05:20:01Z,41444,1500000,1500000,64
2026-08-15T05:20:01Z,41445,39995600,39995600,6
2026-08-15T05:20:01Z,41446,7000000,7000000,37
2026-08-15T05:20:01Z,41447,500000,500000,43
2026-08-15T05:20:01Z,41448,250000000,250000000,1
2026-08-15T05:20:01Z,41449,8987965900,8987965900,2
2026-08-15T05:20:01Z,41450,450001600,450001600,1
2026-08-15T05:20:01Z,41451,192493800,192493800,1
2026-08-15T05:20:01Z,41452,1949996000,1949996000,1
2026-08-15T05:20:01Z,41453,1804800,1804800,55
2026-08-15T05:20:01Z,41454,3500000000,3500000000,1
2026-08-15T05:20:01Z,41455,688000,688000,36
2026-08-15T05:20:01Z,41456,900000,1119500,25
2026-08-15T05:20:01Z,41457,4464429000,4464429000,2
2026-08-15T05:20:01Z,41458,5500004800,5500004800,1
2026-08-15T05:20:01Z,41460,9889900,9889900,29
2026-08-15T05:20:01Z,41461,1900000,1900000,64
2026-08-15T05:20:01Z,41462,2500000,3335600,38
2026-08-15T05:20:01Z,41463,1957894800,1957894800,1
2026-08-15T05:20:01Z,41464,700000,700000,59
2026-08-15T05:20:01Z,41465,9500000000,9500000000,1
2026-08-15T05:20:01Z,41466,500000,500000,42
2026-08-15T05:20:01Z,41467,2889300,2889300,32
2026-08-15T05:20:01Z,41468,250003000,250003000,2
2026-08-15T05:20:01Z,41469,2000000000,2000000000,1
2026-08-15T05:20:01Z,41470,5894300,9891300,23
2026-08-15T05:20:01Z,41472,2500000000,2500000000,1
2026-08-15T05:20:01Z,41473,199000000,199000000,1
2026-08-15T05:20:01Z,41474,192938100,192938100,8
2026-08-15T05:20:01Z,41475,1200000,1600000,58
2026-08-15T05:20:01Z,41476,9997800,9997800,20
2026-08-15T05:20:01Z,41477,2495002500,2495002500,1
2026-08-15T05:20:01Z,41478,49903800,49903800,7
2026-08-15T05:20:01Z,41479,1300000,2000000,24
2026-08-15T05:20:01Z,41480,192228000,192228000,6
2026-08-15T05:20:01Z,41481,198121000,198121000,3
2026-08-15T05:20:01Z,41482,1108900,1109000,30
2026-08-15T05:20:01Z,41483,500000,500000,32
2026-08-15T05:20:01Z,41484,199980000,199980000,1
2026-08-15T05:20:01Z,41485,1500000,1774500,101
2026-08-15T05:20:01Z,41486,39608300,39608300,6
2026-08-15T05:20:01Z,41487,1500000000,1500000000,1
2026-08-15T05:20:01Z,41488,1500000,1540000,45
2026-08-15T05:20:01Z,41489,2250000,2250000,52
2026-08-15T05:20:01Z,41490,4812600,4812600,25
2026-08-15T05:20:01Z,41491,249991300,249991300,1
2026-08-15T05:20:01Z,41492,1119500,1119500,33
2026-08-15T05:20:01Z,41493,19995000,19995000,19
2026-08-15T05:20:01Z,41494,250000000,250000000,1
2026-08-15T05:20:01Z,41495,1900000,1900000,110
2026-08-15T05:20:01Z,41496,2500000000,2500000000,1
2026-08-15T05:20:01Z,41497,39990000,39990000,5
2026-08-15T05:20:01Z,41498,2000000,2000000,34
2026-08-15T05:20:01Z,41499,9892700,9892700,20
2026-08-15T05:20:01Z,41500,3500000000,3500000000,1
2026-08-15T05:20:01Z,41502,9980000,9980000,38
2026-08-15T05:20:01Z,41509,55500,55500,416
2026-08-15T05:20:01Z,41510,11500,11700,7198
2026-08-15T05:20:01Z,41511,27800,28000,1551
2026-08-15T05:20:01Z,41517,1500000200,1500000200,1
2026-08-15T05:20:01Z,41524,1500000200,1500000200,1
2026-08-15T05:20:01Z,41527,1500000200,1500000200,1
2026-08-15T05:20:01Z,41529,1500000200,1500000200,1
2026-08-15T05:20:01Z,41530,1500000200,1500000200,5
2026-08-15T05:20:01Z,41531,150007600,150007600,3
2026-08-15T05:20:01Z,41532,1500000200,1500000200,1
2026-08-15T05:20:01Z,41533,249990200,249990200,2
2026-08-15T05:20:01Z,41534,1500007600,1500007600,1
2026-08-15T05:20:01Z,41535,1500000200,1500000200,1
2026-08-15T05:20:01Z,41536,250007600,250007600,1
2026-08-15T05:20:01Z,41537,1500000200,1500000200,1
2026-08-15T05:20:01Z,41538,1500000200,1500000200,1
2026-08-15T05:20:01Z,41539,250007600,250007600,2
2026-08-15T05:20:01Z,41540,1500000200,1500000200,1
2026-08-15T05:20:01Z,41541,1500000200,1500000200,1
2026-08-15T05:20:01Z,41542,1500000200,1500000200,1
2026-08-15T05:20:01Z,41547,1500000200,1500000200,2
2026-08-15T05:20:01Z,41552,1500000200,1500000200,1
2026-08-15T05:20:01Z,41584,4900100,4900100,200
2026-08-15T05:20:01Z,41586,5500100,5500100,194
2026-08-15T05:20:01Z,41593,1383500,1383500,426
2026-08-15T05:20:01Z,41594,1690000,1690000,606
2026-08-15T05:20:01Z,41595,1689500,1689500,792
2026-08-15T05:20:01Z,41601,219900,219900,117
2026-08-15T05:20:01Z,41602,39900400,39900400,6
2026-08-15T05:20:01Z,41603,419800,419800,123
2026-08-15T05:20:01Z,41604,2500000,4059700,9
2026-08-15T05:20:01Z,41611,3044000,3044000,134
2026-08-15T05:20:01Z,41729,9900000,9900000,20
2026-08-15T05:20:01Z,41731,1000,1100,83
2026-08-15T05:20:01Z,41751,700,700,285
2026-08-15T05:20:01Z,41800,443400,443500,314
2026-08-15T05:20:01Z,41801,27500,27500,1355
2026-08-15T05:20:01Z,41802,24300,48200,1229
2026-08-15T05:20:01Z,41803,24400,34600,1312
2026-08-15T05:20:01Z,41805,262800,262800,677
2026-08-15T05:20:01Z,41806,2500,2500,1081
2026-08-15T05:20:01Z,41807,35900,35900,774
2026-08-15T05:20:01Z,41808,1500,4500,1912
2026-08-15T05:20:01Z,41809,19900,45000,8311
2026-08-15T05:20:01Z,41810,2000,2000,4507
2026-08-15T05:20:01Z,41812,7500,9400,1604
2026-08-15T05:20:01Z,41813,25700,37400,2241
2026-08-15T05:20:01Z,41814,179900,200000,5231
2026-08-15T05:20:01Z,41976,790000,1357600,66
2026-08-15T05:20:01Z,42225,9590000,9590000,541
2026-08-15T05:20:01Z,42253,10000,10100,4536
2026-08-15T05:20:01Z,42396,1500000200,1500000200,1
2026-08-15T05:20:01Z,42397,250000200,250000200,1
2026-08-15T05:20:01Z,42398,250007600,250007600,2
2026-08-15T05:20:01Z,42399,250000200,250000200,1
2026-08-15T05:20:01Z,42400,1500007600,1500007600,1
2026-08-15T05:20:01Z,42401,1500007600,1500007600,1
2026-08-15T05:20:01Z,42402,1500007600,1500007600,1
2026-08-15T05:20:01Z,42403,1500000200,1500000200,1
2026-08-15T05:20:01Z,42405,1500000200,1500000200,1
2026-08-15T05:20:01Z,42406,250007600,250007600,1
2026-08-15T05:20:01Z,42407,1500000200,1500000200,1
2026-08-15T05:20:01Z,42408,250000200,250000200,1
2026-08-15T05:20:01Z,42409,250000200,250000200,1
2026-08-15T05:20:01Z,42410,1500000200,1500000200,1
2026-08-15T05:20:01Z,42411,1500007600,1500007600,1
2026-08-15T05:20:01Z,42412,1500000200,1500000200,1
2026-08-15T05:20:01Z,42414,1500007600,1500007600,1
2026-08-15T05:20:01Z,42415,1500000200,1500000200,1
2026-08-15T05:20:01Z,42416,1500007600,1500007600,1
2026-08-15T05:20:01Z,42428,89700,89700,75
2026-08-15T05:20:01Z,42429,363000,363000,1169
2026-08-15T05:20:01Z,42430,311800,311800,1403
2026-08-15T05:20:01Z,42431,703700,703700,1071
2026-08-15T05:20:01Z,42432,701900,701900,60
2026-08-15T05:20:01Z,42433,202500,202500,101
2026-08-15T05:20:01Z,42434,240000,240000,564
2026-08-15T05:20:01Z,42453,250000200,250000200,1
2026-08-15T05:20:01Z,42455,1500007600,1500007600,2
2026-08-15T05:20:01Z,42456,250000200,250000200,1
2026-08-15T05:20:01Z,42457,250000200,250000200,1
2026-08-15T05:20:01Z,42458,1500007600,1500007600,6
2026-08-15T05:20:01Z,42459,151300,172800,232
2026-08-15T05:20:01Z,42460,1500007600,1500007600,1
2026-08-15T05:20:01Z,42461,250000200,250000200,6
2026-08-15T05:20:01Z,42462,250007600,250007600,1
2026-08-15T05:20:01Z,42464,279997600,279997600,1
2026-08-15T05:20:01Z,42465,1500000200,1500000200,1
2026-08-15T05:20:01Z,42466,1500000200,1500000200,1
2026-08-15T05:20:01Z,42467,1500000200,1500000200,2
2026-08-15T05:20:01Z,42468,290007600,290007600,1
2026-08-15T05:20:01Z,42469,1500007600,1500007600,1
2026-08-15T05:20:01Z,42470,250000200,250000200,5
2026-08-15T05:20:01Z,42471,1500007600,1500007600,1
2026-08-15T05:20:01Z,42472,1500000200,1500000200,1
2026-08-15T05:20:01Z,42473,250004100,250004100,1
2026-08-15T05:20:01Z,42500,5947800,5948200,68
2026-08-15T05:20:01Z,42545,2251800,2251800,283
2026-08-15T05:20:01Z,42546,40000,40000,371
2026-08-15T05:20:01Z,42641,8400,8400,210
2026-08-15T05:20:01Z,42701,2225800,7495800,72
2026-08-15T05:20:01Z,42702,1976600,2196500,46
2026-08-15T05:20:01Z,42734,1500007600,1500007600,2
2026-08-15T05:20:01Z,42735,250007600,250007600,8
2026-08-15T05:20:01Z,42736,1500000200,1500000200,1
2026-08-15T05:20:01Z,42737,1500007600,1500007600,1
2026-08-15T05:20:01Z,42738,249997600,249997600,2
2026-08-15T05:20:01Z,42739,1500000200,1500000200,1
2026-08-15T05:20:01Z,42740,1500007600,1500007600,1
2026-08-15T05:20:01Z,42741,250007600,250007600,1
2026-08-15T05:20:01Z,42742,1998008500,1998008500,1
2026-08-15T05:20:01Z,42743,250000200,250000200,1
2026-08-15T05:20:01Z,42744,1500000200,1500000200,1
2026-08-15T05:20:01Z,42745,99990200,99990200,2
2026-08-15T05:20:01Z,42746,250000200,250000200,1
2026-08-15T05:20:01Z,42747,1500007600,1500007600,1
2026-08-15T05:20:01Z,42748,99990200,99990200,3
2026-08-15T05:20:01Z,42749,1500007600,1500007600,1
2026-08-15T05:20:01Z,42750,1500007600,1500007600,1
2026-08-15T05:20:01Z,42751,442000,599500,189
2026-08-15T05:20:01Z,42752,1500009500,1500009500,1
2026-08-15T05:20:01Z,42753,1500000200,1500000200,1
2026-08-15T05:20:01Z,42754,1500000200,1500000200,1
2026-08-15T05:20:01Z,42777,9970500,9970500,20
2026-08-15T05:20:01Z,42778,9981600,9981600,20
2026-08-15T05:20:01Z,42779,440900,440900,65
2026-08-15T05:20:01Z,42780,13200,20000,31982
2026-08-15T05:20:01Z,42897,250000200,250000200,1
2026-08-15T05:20:01Z,42899,1500007600,1500007600,1
2026-08-15T05:20:01Z,42900,250007600,250007600,1
2026-08-15T05:20:01Z,42902,99990200,99990200,2
2026-08-15T05:20:01Z,42903,1500000200,1500000200,1
2026-08-15T05:20:01Z,42904,249990200,249990200,2
2026-08-15T05:20:01Z,42905,1499990200,1499990200,4
2026-08-15T05:20:01Z,42906,1500000200,1500000200,1
2026-08-15T05:20:01Z,42907,1500007600,1500007600,1
2026-08-15T05:20:01Z,42908,250000200,250000200,1
2026-08-15T05:20:01Z,42909,1500007600,1500007600,1
2026-08-15T05:20:01Z,42910,399999900,399999900,2
2026-08-15T05:20:01Z,42911,1500007600,1500007600,1
2026-08-15T05:20:01Z,42912,1500000200,1500000200,1
2026-08-15T05:20:01Z,42913,250007600,250007600,1
2026-08-15T05:20:01Z,42914,250007600,250007600,1
2026-08-15T05:20:01Z,42915,250000200,250000200,1
2026-08-15T05:20:01Z,42916,1500007600,1500007600,1
2026-08-15T05:20:01Z,42917,1500000200,1500000200,1
2026-08-15T05:20:01Z,42930,255000,255000,115
2026-08-15T05:20:01Z,42931,40000,40000,40
2026-08-15T05:20:01Z,42942,22100,22200,85
2026-08-15T05:20:01Z,42954,1500007600,1500007600,1
2026-08-15T05:20:01Z,42955,1500007600,1500007600,1
2026-08-15T05:20:01Z,42956,250000200,250000200,1
2026-08-15T05:20:01Z,42957,1500000200,1500000200,1
2026-08-15T05:20:01Z,42958,250007600,250007600,1
2026-08-15T05:20:01Z,42959,1500007600,1500007600,1
2026-08-15T05:20:01Z,42960,1500000200,1500000200,3
2026-08-15T05:20:01Z,42961,1500000200,1500000200,1
2026-08-15T05:20:01Z,42962,1500007600,1500007600,1
2026-08-15T05:20:01Z,42963,1500000200,1500000200,1
2026-08-15T05:20:01Z,42964,1500000200,1500000200,1
2026-08-15T05:20:01Z,42965,89990200,89990200,14
2026-08-15T05:20:01Z,42966,1500000200,1500000200,1
2026-08-15T05:20:01Z,42967,1500000200,1500000200,1
2026-08-15T05:20:01Z,42968,250000200,250000200,1
2026-08-15T05:20:01Z,42969,1500007600,1500007600,1
2026-08-15T05:20:01Z,42970,250000200,250000200,1
2026-08-15T05:20:01Z,42971,250000200,250000200,1
2026-08-15T05:20:01Z,42972,1500007600,1500007600,1
2026-08-15T05:20:01Z,42973,250000200,250000200,1
2026-08-15T05:20:01Z,42974,99990200,99990200,3
2026-08-15T05:20:01Z,42993,19800,19800,125
2026-08-15T05:20:01Z,42994,28600,54200,51
2026-08-15T05:20:01Z,42995,44800,44800,57
2026-08-15T05:20:01Z,42996,797300,797300,75
2026-08-15T05:20:01Z,42997,40000,40000,1160
2026-08-15T05:20:01Z,42998,28100,28200,85
2026-08-15T05:20:01Z,42999,19900,57000,83
2026-08-15T05:20:01Z,43000,50000,50000,124
2026-08-15T05:20:01Z,43001,80000,80000,181
2026-08-15T05:20:01Z,43004,5000,5000,615
2026-08-15T05:20:01Z,43005,75000,75000,90
2026-08-15T05:20:01Z,43007,10000,18100,42800
2026-08-15T05:20:01Z,43009,5000,11600,1158
2026-08-15T05:20:01Z,43010,5000,8100,812
2026-08-15T05:20:01Z,43011,7900,11500,24253
2026-08-15T05:20:01Z,43012,9900,9900,16911
2026-08-15T05:20:01Z,43013,32500,95000,21759
2026-08-15T05:20:01Z,43015,56500,187100,55
2026-08-15T05:20:01Z,43086,700000,700000,223
2026-08-15T05:20:01Z,43087,9909900,9909900,28
2026-08-15T05:20:01Z,43102,650000,660000,2096
2026-08-15T05:20:01Z,43103,99500,120000,1567
2026-08-15T05:20:01Z,43104,80000,80000,825
2026-08-15T05:20:01Z,43105,37800,37800,1370
2026-08-15T05:20:01Z,43106,14800,14800,4970
2026-08-15T05:20:01Z,43107,420000,499900,3497
2026-08-15T05:20:01Z,43108,14600,24300,1928
2026-08-15T05:20:01Z,43109,153800,153800,1953
2026-08-15T05:20:01Z,43115,110000,286600,6073
2026-08-15T05:20:01Z,43116,165000,305000,58537
2026-08-15T05:20:01Z,43117,74400,317700,19975
2026-08-15T05:20:01Z,43118,360000,505000,31842
2026-08-15T05:20:01Z,43119,36000,36700,2063
2026-08-15T05:20:01Z,43120,60000,300000,66367
2026-08-15T05:20:01Z,43121,29600,29600,10188
2026-08-15T05:20:01Z,43122,30500,92200,82822
2026-08-15T05:20:01Z,43123,499700,779900,2708
2026-08-15T05:20:01Z,43124,139800,255000,162916
2026-08-15T05:20:01Z,43125,14000,318800,66320
2026-08-15T05:20:01Z,43126,79200,155000,172858
2026-08-15T05:20:01Z,43127,198000,198000,615
2026-08-15T05:20:01Z,43145,9989200,9989200,25
2026-08-15T05:20:01Z,43146,19300000,19300000,15
2026-08-15T05:20:01Z,43231,49001700,49001700,20
2026-08-15T05:20:01Z,43233,49001900,49001900,20
2026-08-15T05:20:01Z,43235,49000800,49000800,20
2026-08-15T05:20:01Z,43236,49700,49700,79
2026-08-15T05:20:01Z,43268,102300,162300,69
2026-08-15T05:20:01Z,43316,1500000200,1500000200,1
2026-08-15T05:20:01Z,43321,290000800,290000800,4
2026-08-15T05:20:01Z,43325,290000800,290000800,2
2026-08-15T05:20:01Z,43326,290000800,290000800,4
2026-08-15T05:20:01Z,43328,290000800,290000800,2
2026-08-15T05:20:01Z,43329,290000800,290000800,4
2026-08-15T05:20:01Z,43330,49000000,49000000,18
2026-08-15T05:20:01Z,43331,1500000200,1500000200,1
2026-08-15T05:20:01Z,43332,1500000200,1500000200,1
2026-08-15T05:20:01Z,43333,290000800,290000800,3
2026-08-15T05:20:01Z,43334,496700,496700,190
2026-08-15T05:20:01Z,43335,1500000200,1500000200,1
2026-08-15T05:20:01Z,43338,1500000200,1500000200,1
2026-08-15T05:20:01Z,43339,1500000200,1500000200,1
2026-08-15T05:20:01Z,43340,1500000200,1500000200,1
2026-08-15T05:20:01Z,43341,290000800,290000800,2
2026-08-15T05:20:01Z,43342,1500000200,1500000200,1
2026-08-15T05:20:01Z,43343,1500000200,1500000200,1
2026-08-15T05:20:01Z,43344,1500007600,1500007600,1
2026-08-15T05:20:01Z,43350,91500,126300,176
2026-08-15T05:20:01Z,43351,250000200,250000200,1
2026-08-15T05:20:01Z,43354,1500007600,1500007600,1
2026-08-15T05:20:01Z,43356,1500000200,1500000200,1
2026-08-15T05:20:01Z,43359,1500000200,1500000200,1
2026-08-15T05:20:01Z,43360,290000200,290000200,1
2026-08-15T05:20:01Z,43361,1500000200,1500000200,1
2026-08-15T05:20:01Z,43362,99990200,99990200,4
2026-08-15T05:20:01Z,43364,1500000200,1500000200,1
2026-08-15T05:20:01Z,43365,1500000200,1500000200,1
2026-08-15T05:20:01Z,43366,374400,559900,156
2026-08-15T05:20:01Z,43367,1500007600,1500007600,1
2026-08-15T05:20:01Z,43368,1500000200,1500000200,1
2026-08-15T05:20:01Z,43369,400000,506600,158
2026-08-15T05:20:01Z,43370,1500007600,1500007600,1
2026-08-15T05:20:01Z,43371,250007600,250007600,1
2026-08-15T05:20:01Z,43373,150800,150800,492
2026-08-15T05:20:01Z,43374,1500000200,1500000200,1
2026-08-15T05:20:01Z,43376,1500000200,1500000200,1
2026-08-15T05:20:01Z,43377,1500000200,1500000200,1
2026-08-15T05:20:01Z,43378,1500000200,1500000200,1
2026-08-15T05:20:01Z,43379,1500000200,1500000200,1
2026-08-15T05:20:01Z,43380,250000200,250000200,1
2026-08-15T05:20:01Z,43381,1500000200,1500000200,1
2026-08-15T05:20:01Z,43385,1500000200,1500000200,1
2026-08-15T05:20:01Z,43386,199000,239800,191
2026-08-15T05:20:01Z,43388,250000200,250000200,1
2026-08-15T05:20:01Z,43389,1500000200,1500000200,1
2026-08-15T05:20:01Z,43390,250007600,250007600,1
2026-08-15T05:20:01Z,43391,250000200,250000200,1
2026-08-15T05:20:01Z,43393,250000200,250000200,1
2026-08-15T05:20:01Z,43394,1020800,1032000,178
2026-08-15T05:20:01Z,43395,250000200,250000200,1
2026-08-15T05:20:01Z,43396,1500000200,1500000200,1
2026-08-15T05:20:01Z,43397,1500007600,1500007600,1
2026-08-15T05:20:01Z,43398,951100,959500,139
2026-08-15T05:20:01Z,43399,1500000200,1500000200,1
2026-08-15T05:20:01Z,43400,992200,997700,151
2026-08-15T05:20:01Z,43412,1500000200,1500000200,1
2026-08-15T05:20:01Z,43413,1500007600,1500007600,1
2026-08-15T05:20:01Z,43414,408608200,408608200,2
2026-08-15T05:20:01Z,43415,1500007600,1500007600,1
2026-08-15T05:20:01Z,43416,1500007600,1500007600,1
2026-08-15T05:20:01Z,43417,99990200,99990200,3
2026-08-15T05:20:01Z,43418,1500007600,1500007600,1
2026-08-15T05:20:01Z,43419,1500000200,1500000200,1
2026-08-15T05:20:01Z,43420,1500007600,1500007600,1
2026-08-15T05:20:01Z,43422,250000200,250000200,1
2026-08-15T05:20:01Z,43423,1500007600,1500007600,1
2026-08-15T05:20:01Z,43424,250000000,250000000,1
2026-08-15T05:20:01Z,43425,250000200,250000200,1
2026-08-15T05:20:01Z,43427,1500007600,1500007600,1
2026-08-15T05:20:01Z,43428,250000200,250000200,1
2026-08-15T05:20:01Z,43432,1500000200,1500000200,1
2026-08-15T05:20:01Z,43463,300,400,102
2026-08-15T05:20:01Z,43464,9900,9900,248
2026-08-15T05:20:01Z,43465,400,500,66
2026-08-15T05:20:01Z,43466,9900,9900,129
2026-08-15T05:20:01Z,43467,300,300,48
2026-08-15T05:20:01Z,43478,940000,950000,477
2026-08-15T05:20:01Z,43480,559900,559900,877
2026-08-15T05:20:01Z,43488,39900,39900,143
2026-08-15T05:20:01Z,43490,33200,33200,189
2026-08-15T05:20:01Z,43491,330000,330000,97
2026-08-15T05:20:01Z,43492,559600,559600,698
2026-08-15T05:20:01Z,43501,33900,60000,1091
2026-08-15T05:20:01Z,43519,1500007600,1500007600,1
2026-08-15T05:20:01Z,43520,990000100,990000100,1
2026-08-15T05:20:01Z,43521,290000000,290000000,1
2026-08-15T05:20:01Z,43522,990006700,990006700,1
2026-08-15T05:20:01Z,43530,9500000000,9500000000,1
2026-08-15T05:20:01Z,43533,250000200,250000200,1
2026-08-15T05:20:01Z,43534,1500007600,1500007600,1
2026-08-15T05:20:01Z,43535,531000,599900,149
2026-08-15T05:20:01Z,43536,1500000200,1500000200,1
2026-08-15T05:20:01Z,43537,1500000200,1500000200,1
2026-08-15T05:20:01Z,43539,1500000200,1500000200,1
2026-08-15T05:20:01Z,43541,1500007600,1500007600,1
2026-08-15T05:20:01Z,43542,250007600,250007600,1
2026-08-15T05:20:01Z,43543,1500000200,1500000200,1
2026-08-15T05:20:01Z,43544,1500000200,1500000200,1
2026-08-15T05:20:01Z,43546,250000200,250000200,1
2026-08-15T05:20:01Z,43547,1500000200,1500000200,1
2026-08-15T05:20:01Z,43548,1500000200,1500000200,1
2026-08-15T05:20:01Z,43549,1500000200,1500000200,1
2026-08-15T05:20:01Z,43550,1500007600,1500007600,1
2026-08-15T05:20:01Z,43551,200500,200500,179
2026-08-15T05:20:01Z,43552,1500000200,1500000200,1
2026-08-15T05:20:01Z,43553,1500000200,1500000200,1
2026-08-15T05:20:01Z,43554,9990200,9990200,3
2026-08-15T05:20:01Z,43557,450000,450000,108
2026-08-15T05:20:01Z,43571,25000,25000,525
2026-08-15T05:20:01Z,43572,458500,458500,898
2026-08-15T05:20:01Z,43574,49009800,49009800,20
2026-08-15T05:20:01Z,43576,290002700,290002700,1
2026-08-15T05:20:01Z,43577,290009900,290009900,1
2026-08-15T05:20:01Z,43645,99900,99900,76
2026-08-15T05:20:01Z,43646,3300,5300,1247
2026-08-15T05:20:01Z,43647,5500,5500,258
2026-08-15T05:20:01Z,43652,20000,20000,720
2026-08-15T05:20:01Z,43653,2990100,49000100,22
2026-08-15T05:20:01Z,43658,11500,11500,42
2026-08-15T05:20:01Z,43671,1500000200,1500000200,1
2026-08-15T05:20:01Z,43672,1500000200,1500000200,1
2026-08-15T05:20:01Z,43673,250000200,250000200,1
2026-08-15T05:20:01Z,43694,30000,4000000,25
2026-08-15T05:20:01Z,43695,28900,28900,80
2026-08-15T05:20:01Z,43696,58900,58900,77
2026-08-15T05:20:01Z,43725,1500000200,1500000200,1
2026-08-15T05:20:01Z,43825,1500001700,1500001700,1
2026-08-15T05:20:01Z,43826,1500000200,1500000200,1
2026-08-15T05:20:01Z,43827,1500007600,1500007600,1
2026-08-15T05:20:01Z,43850,552400,552400,38
2026-08-15T05:20:01Z,43851,1400,1500,138
2026-08-15T05:20:01Z,43852,45000,45000,507
2026-08-15T05:20:01Z,43853,9800,10000,1149
2026-08-15T05:20:01Z,43854,62300,62300,190
2026-08-15T05:20:01Z,43867,1500007600,1500007600,1
2026-08-15T05:20:01Z,43868,250007600,250007600,1
2026-08-15T05:20:01Z,43869,1500000200,1500000200,1
2026-08-15T05:20:01Z,43987,1458500,1459400,83
2026-08-15T05:20:01Z,44066,49998500,49998500,4
2026-08-15T05:20:01Z,44076,199006900,199006900,1
2026-08-15T05:20:01Z,44078,80005700,80005700,3
2026-08-15T05:20:01Z,44081,49901300,49901300,6
2026-08-15T05:20:01Z,44082,18042400,18042400,33
2026-08-15T05:20:01Z,44084,19974800,19974800,9
2026-08-15T05:20:01Z,44087,39990900,39990900,7
2026-08-15T05:20:01Z,44088,199900000,199900000,1
2026-08-15T05:20:01Z,44089,19900900,19900900,10
2026-08-15T05:20:01Z,44128,800000,800500,327
2026-08-15T05:20:01Z,44143,33500,33500,82
2026-08-15T05:20:01Z,44144,68400,72000,71
2026-08-15T05:20:01Z,44145,44100,44100,70
2026-08-15T05:20:01Z,44146,53600,56400,85
2026-08-15T05:20:01Z,44147,218500,218500,60
2026-08-15T05:20:01Z,44154,235200,261300,75
2026-08-15T05:20:01Z,44155,47600,47600,83
2026-08-15T05:20:01Z,44156,59400,59400,92
2026-08-15T05:20:01Z,44157,107900,107900,85
2026-08-15T05:20:01Z,44165,16600,16600,66
2026-08-15T05:20:01Z,44206,49003000,49003000,24
2026-08-15T05:20:01Z,44207,4999900,4999900,36
2026-08-15T05:20:01Z,44208,12400000,49000000,23
2026-08-15T05:20:01Z,44260,30000000,30000000,10
2026-08-15T05:20:01Z,44261,30000000,30000000,16
2026-08-15T05:20:01Z,44262,21005100,21005100,33
2026-08-15T05:20:01Z,44263,17812500,17812500,12
2026-08-15T05:20:01Z,44264,44440000,499999800,21
2026-08-15T05:20:01Z,44265,7500000,7500000,25
2026-08-15T05:20:01Z,44266,30000000,39992500,13
2026-08-15T05:20:01Z,44267,35625000,35625000,11
2026-08-15T05:20:01Z,44268,9915900,35000000,15
2026-08-15T05:20:01Z,44269,7384900,7384900,27
2026-08-15T05:20:01Z,44270,12002500,12002500,23
2026-08-15T05:20:01Z,44271,9115200,9115200,89
2026-08-15T05:20:01Z,44272,6599600,6599600,20
2026-08-15T05:20:01Z,44273,5009500,5009500,59
2026-08-15T05:20:01Z,44274,36018800,39909900,18
2026-08-15T05:20:01Z,44275,39908600,39908600,13
2026-08-15T05:20:01Z,44277,9508900,9508900,13
2026-08-15T05:20:01Z,44278,39995000,39995000,75
2026-08-15T05:20:01Z,44279,9704400,9704400,6
2026-08-15T05:20:01Z,44280,5009500,39900000,54
2026-08-15T05:20:01Z,44281,5004800,5004800,27
2026-08-15T05:20:01Z,44282,39800000,39800000,44
2026-08-15T05:20:01Z,44284,39997800,39997800,9
2026-08-15T05:20:01Z,44285,39900000,39900000,23
2026-08-15T05:20:01Z,44286,2004600,2004600,22
2026-08-15T05:20:01Z,44287,4322300,19990000,17
2026-08-15T05:20:01Z,44288,3009900,11879900,7
2026-08-15T05:20:01Z,44289,7160300,38009900,13
2026-08-15T05:20:01Z,44290,4500500,4500500,12
2026-08-15T05:20:01Z,44291,19900200,19900200,19
2026-08-15T05:20:01Z,44292,6628900,6628900,90
2026-08-15T05:20:01Z,44293,19906000,19906000,18
2026-08-15T05:20:01Z,44314,2200,2200,75
2026-08-15T05:20:01Z,44315,17500,17500,105
2026-08-15T05:20:01Z,44325,9986100,9986100,30
2026-08-15T05:20:01Z,44327,20000,37900,71
2026-08-15T05:20:01Z,44328,10000,204200,56
2026-08-15T05:20:01Z,44329,91400,91500,106
2026-08-15T05:20:01Z,44330,197500,197500,50
2026-08-15T05:20:01Z,44331,50000,50000,101
2026-08-15T05:20:01Z,44332,129600,129600,76
2026-08-15T05:20:01Z,44449,79900,80000,57
2026-08-15T05:20:01Z,44453,20000,28400,73
2026-08-15T05:20:01Z,44455,45000,58000,67
2026-08-15T05:20:01Z,44456,52300,600400,49
2026-08-15T05:20:01Z,44457,228700,237200,77
2026-08-15T05:20:01Z,44458,129000,129000,70
2026-08-15T05:20:01Z,44463,621600,9905900,34
2026-08-15T05:20:01Z,44464,29009900,29009900,4
2026-08-15T05:20:01Z,44465,419900,420000,80
2026-08-15T05:20:01Z,44466,852800,852900,81
2026-08-15T05:20:01Z,44467,1496200,1496300,50
2026-08-15T05:20:01Z,44468,290000200,290000200,1
2026-08-15T05:20:01Z,44469,903100,903200,67
2026-08-15T05:20:01Z,44470,304100,304200,61
2026-08-15T05:20:01Z,44481,17900,17900,129
2026-08-15T05:20:01Z,44482,800,800,123
2026-08-15T05:20:01Z,44493,700000,700000,155
2026-08-15T05:20:01Z,44497,1999900,1999900,100
2026-08-15T05:20:01Z,44499,40000000,40000000,25
2026-08-15T05:20:01Z,44500,18900000,18900000,126
2026-08-15T05:20:01Z,44501,12000000,12000000,520
2026-08-15T05:20:01Z,44570,49400,49400,100
2026-08-15T05:20:01Z,44571,90100,90100,93
2026-08-15T05:20:01Z,44573,29000,29000,175
2026-08-15T05:20:01Z,44574,24000,24000,104
2026-08-15T05:20:01Z,44575,266100,266100,164
2026-08-15T05:20:01Z,44599,800,800,91
2026-08-15T05:20:01Z,44601,900,900,111
2026-08-15T05:20:01Z,44605,49001900,49001900,20
2026-08-15T05:20:01Z,44607,9900000,9900000,34
2026-08-15T05:20:01Z,44608,9989700,9989700,27
2026-08-15T05:20:01Z,44609,9989800,9989800,21
2026-08-15T05:20:01Z,44614,290002700,290002700,1
2026-08-15T05:20:01Z,44615,49000800,49000800,53
2026-08-15T05:20:01Z,44616,433500,433500,112
2026-08-15T05:20:01Z,44617,9950000,9950000,46
2026-08-15T05:20:01Z,44618,51300,51300,58
2026-08-15T05:20:01Z,44619,159100,249100,104
2026-08-15T05:20:01Z,44684,250007600,250007600,1
2026-08-15T05:20:01Z,44699,9500000100,9500000100,1
2026-08-15T05:20:01Z,44716,3338200,3338200,67
2026-08-15T05:20:01Z,44722,90000,97900,97
2026-08-15T05:20:01Z,44729,49008800,49008800,17
2026-08-15T05:20:01Z,44739,36800,36800,169
2026-08-15T05:20:01Z,44749,508000,508000,117
2026-08-15T05:20:01Z,44750,9987300,9987300,28
2026-08-15T05:20:01Z,44752,1000000,1000000,80
2026-08-15T05:20:01Z,44753,49002700,49002700,23
2026-08-15T05:20:01Z,44754,30000000,49000000,23
2026-08-15T05:20:01Z,44755,154500,154600,27
2026-08-15T05:20:01Z,44756,49008800,49008800,20
2026-08-15T05:20:01Z,44757,49007700,49007700,21
2026-08-15T05:20:01Z,44758,49900,49900,128
2026-08-15T05:20:01Z,44759,49000000,49000000,20
2026-08-15T05:20:01Z,44760,500000,500000,149
2026-08-15T05:20:01Z,44761,49000000,49000000,20
2026-08-15T05:20:01Z,44762,49002400,49002400,48
2026-08-15T05:20:01Z,44763,4002700,49002700,21
2026-08-15T05:20:01Z,44764,44000000,44000000,24
2026-08-15T05:20:01Z,44765,49002700,49002700,16
2026-08-15T05:20:01Z,44766,19902400,19902400,40
2026-08-15T05:20:01Z,44767,290002700,290002700,1
2026-08-15T05:20:01Z,44768,3000000,3000000,25
2026-08-15T05:20:01Z,44769,49000000,49000000,21
2026-08-15T05:20:01Z,44770,49003000,49003000,20
2026-08-15T05:20:01Z,44771,29600,29700,119
2026-08-15T05:20:01Z,44772,1000000,49000000,21
2026-08-15T05:20:01Z,44773,500000,500000,24
2026-08-15T05:20:01Z,44774,49003000,49003000,24
2026-08-15T05:20:01Z,44775,49003800,49003800,21
2026-08-15T05:20:01Z,44776,49002400,49002400,37
2026-08-15T05:20:01Z,44777,49002700,49002700,21
2026-08-15T05:20:01Z,44778,49007500,49007500,23
2026-08-15T05:20:01Z,44779,49000000,49000000,33
2026-08-15T05:20:01Z,44780,19903000,19903000,57
2026-08-15T05:20:01Z,44781,45009900,45009900,22
2026-08-15T05:20:01Z,44782,49002400,49002400,20
2026-08-15T05:20:01Z,44783,290002700,290002700,1
2026-08-15T05:20:01Z,44815,267600,267700,74
2026-08-15T05:20:01Z,44920,250000200,250000200,1
2026-08-15T05:20:01Z,44922,76400,76400,1777
2026-08-15T05:20:01Z,44923,1500000200,1500000200,1
2026-08-15T05:20:01Z,44928,250007600,250007600,1
2026-08-15T05:20:01Z,44936,29237100,29237100,22
2026-08-15T05:20:01Z,44940,800,800,477
2026-08-15T05:20:01Z,44941,500,500,768
2026-08-15T05:20:01Z,44947,68700,98700,53
2026-08-15T05:20:01Z,44953,33100,52000,112
2026-08-15T05:20:01Z,44955,1500000200,1500000200,1
2026-08-15T05:20:01Z,44958,329900,329900,85
2026-08-15T05:20:01Z,44963,750000,750000,40
2026-08-15T05:20:01Z,45056,1189900,1189900,48
2026-08-15T05:20:01Z,45060,79500,80000,52
2026-08-15T05:20:01Z,45087,2200,2800,2954
2026-08-15T05:20:01Z,45188,2000,2000,29
2026-08-15T05:20:01Z,45189,19900,19900,30
2026-08-15T05:20:01Z,45190,22200,22400,128
2026-08-15T05:20:01Z,45191,99900,49000500,23
2026-08-15T05:20:01Z,45194,140700,9900400,109
2026-08-15T05:20:01Z,45195,10000,10000,29
2026-08-15T05:20:01Z,45196,700,9900800,109
2026-08-15T05:20:01Z,45197,3009900,3009900,238
2026-08-15T05:20:01Z,45198,179900,179900,248
2026-08-15T05:20:01Z,45199,750200,750200,28
2026-08-15T05:20:01Z,45200,2000,7902000,140
2026-08-15T05:20:01Z,45201,1990000,1990000,385
2026-08-15T05:20:01Z,45202,2990100,49000100,21
2026-08-15T05:20:01Z,45601,1500000200,1500000200,1
2026-08-15T05:20:01Z,45602,250000200,250000200,1
2026-08-15T05:20:01Z,45603,1500007600,1500007600,1
2026-08-15T05:20:01Z,45604,1500000200,1500000200,1
2026-08-15T05:20:01Z,45621,700,700,65
2026-08-15T05:20:01Z,45622,1500000200,1500000200,1
2026-08-15T05:20:01Z,45623,1500000200,1500000200,1
2026-08-15T05:20:01Z,45625,1500007600,1500007600,1
2026-08-15T05:20:01Z,45628,39000,39900,88
2026-08-15T05:20:01Z,45732,1500000200,1500000200,1
2026-08-15T05:20:01Z,45737,1500007600,1500007600,1
2026-08-15T05:20:01Z,45738,1500000200,1500000200,1
2026-08-15T05:20:01Z,45739,1500007600,1500007600,1
2026-08-15T05:20:01Z,45740,1500000200,1500000200,2
2026-08-15T05:20:01Z,45741,1500000200,1500000200,1
2026-08-15T05:20:01Z,45742,1500007600,1500007600,1
2026-08-15T05:20:01Z,45743,250007600,250007600,1
2026-08-15T05:20:01Z,45744,1500007600,1500007600,1
2026-08-15T05:20:01Z,45745,1500007600,1500007600,1
2026-08-15T05:20:01Z,45746,1500007600,1500007600,1
2026-08-15T05:20:01Z,45753,250007600,250007600,1
2026-08-15T05:20:01Z,45755,1500000200,1500000200,1
2026-08-15T05:20:01Z,45756,1500007600,1500007600,1
2026-08-15T05:20:01Z,45757,250000200,250000200,1
2026-08-15T05:20:01Z,45758,1500000200,1500000200,1
2026-08-15T05:20:01Z,45760,250000200,250000200,1
2026-08-15T05:20:01Z,45761,250000200,250000200,1
2026-08-15T05:20:01Z,45767,1500007600,1500007600,1
2026-08-15T05:20:01Z,45768,333300,333300,285
2026-08-15T05:20:01Z,45769,250000200,250000200,1
2026-08-15T05:20:01Z,45771,1500000200,1500000200,1
2026-08-15T05:20:01Z,45775,1500000200,1500000200,1
2026-08-15T05:20:01Z,45776,1500000200,1500000200,1
2026-08-15T05:20:01Z,45777,1500007600,1500007600,1
2026-08-15T05:20:01Z,45780,1500007600,1500007600,1
2026-08-15T05:20:01Z,45781,1500007600,1500007600,1
2026-08-15T05:20:01Z,45782,250000200,250000200,1
2026-08-15T05:20:01Z,45783,250000200,250000200,1
2026-08-15T05:20:01Z,45785,250000200,250000200,1
2026-08-15T05:20:01Z,45789,898800,898800,132
2026-08-15T05:20:01Z,45790,1500000200,1500000200,1
2026-08-15T05:20:01Z,45792,1500000200,1500000200,1
2026-08-15T05:20:01Z,45793,1500000200,1500000200,1
2026-08-15T05:20:01Z,45794,250000200,250000200,1
2026-08-15T05:20:01Z,45795,250000200,250000200,1
2026-08-15T05:20:01Z,45799,1500000200,1500000200,1
2026-08-15T05:20:01Z,45800,1500000200,1500000200,1
2026-08-15T05:20:01Z,45804,1500000200,1500000200,1
2026-08-15T05:20:01Z,45805,1500007600,1500007600,1
2026-08-15T05:20:01Z,45806,1500000200,1500000200,1
2026-08-15T05:20:01Z,45862,293669100,293669100,5
2026-08-15T05:20:01Z,45879,79998900,79998900,4
2026-08-15T05:20:01Z,45880,49999300,49999300,5
2026-08-15T05:20:01Z,45881,99999600,99999600,2
2026-08-15T05:20:01Z,45882,250000000,250000000,1
2026-08-15T05:20:01Z,45883,9900000,9900000,8
2026-08-15T05:20:01Z,45901,9900000,9900000,21
2026-08-15T05:20:01Z,45907,49009900,49009900,20
2026-08-15T05:20:01Z,45909,999200,999200,68
2026-08-15T05:20:01Z,45912,2420000,2420000,12
2026-08-15T05:20:01Z,45932,99900,99900,153
2026-08-15T05:20:01Z,45978,2259900,49009900,21
2026-08-15T05:20:01Z,45979,1000000,1000000,3
2026-08-15T05:20:01Z,45980,290005100,290005100,1
2026-08-15T05:20:01Z,45981,19999900,19999900,3
2026-08-15T05:20:01Z,45987,3338400,3338400,5
2026-08-15T05:20:01Z,45999,49000100,49000100,21
2026-08-15T05:20:01Z,46000,40000000,40000000,28
2026-08-15T05:20:01Z,46001,40000000,49000100,23
2026-08-15T05:20:01Z,46002,49009900,49009900,20
2026-08-15T05:20:01Z,46003,49009900,49009900,22
2026-08-15T05:20:01Z,46023,500000,500000,237
2026-08-15T05:20:01Z,46026,6411000,6411000,19
2026-08-15T05:20:01Z,46098,1189200,1189200,59
2026-08-15T05:20:01Z,46361,49009900,49009900,25
2026-08-15T05:20:01Z,46368,1500003400,1500003400,2
2026-08-15T05:20:01Z,46372,1500007600,1500007600,1
2026-08-15T05:20:01Z,46376,19800,19900,307
2026-08-15T05:20:01Z,46377,20200,20500,299
2026-08-15T05:20:01Z,46378,29900,29900,81
2026-08-15T05:20:01Z,46379,15000,202800,267
2026-08-15T05:20:01Z,46390,49009900,49009900,20
2026-08-15T05:20:01Z,46391,41650100,49000100,22
2026-08-15T05:20:01Z,46703,49009900,49009900,20
2026-08-15T05:20:01Z,46849,3800000,3800000,1291
2026-08-15T05:20:01Z,47556,12700,62500,15691
2026-08-15T05:20:01Z,47831,559900,9909900,80
2026-08-15T05:20:01Z,48720,250007600,250007600,1
2026-08-15T05:20:01Z,49084,270000,313700,180
2026-08-15T05:20:01Z,49100,49000100,49000100,22
2026-08-15T05:20:01Z,49110,11439800,11439800,13
2026-08-15T05:20:01Z,49209,290000100,290000100,1
2026-08-15T05:20:01Z,49253,9786400,9786400,48
2026-08-15T05:20:01Z,49254,323000,323000,85
2026-08-15T05:20:01Z,49300,49000100,49000100,20
2026-08-15T05:20:01Z,49397,50000,50000,48
2026-08-15T05:20:01Z,49600,220000,220000,91
2026-08-15T05:20:01Z,49601,224900,224900,65
2026-08-15T05:20:01Z,49602,9903300,9903300,37
2026-08-15T05:20:01Z,49619,49000100,49000100,23
2026-08-15T05:20:01Z,49624,61100,61100,31
2026-08-15T05:20:01Z,49625,10000000,49000100,22
2026-08-15T05:20:01Z,49626,49000100,49000100,20
2026-08-15T05:20:01Z,49627,290000100,290000100,1
2026-08-15T05:20:01Z,49632,5999900,5999900,55
2026-08-15T05:20:01Z,49884,802700,9990000,47
2026-08-15T05:20:01Z,49908,100000,100000,548
2026-08-15T05:20:01Z,50045,1500000200,1500000200,1
2026-08-15T05:20:01Z,50077,250000200,250000200,1
2026-08-15T05:20:01Z,50125,1500007600,1500007600,1
2026-08-15T05:20:01Z,50438,49000100,49000100,20
2026-08-15T05:20:01Z,50816,3251100,3251100,22
2026-08-15T05:20:01Z,51950,139500,150000,14497
2026-08-15T05:20:01Z,52020,9990100,9990100,195
2026-08-15T05:20:01Z,52021,49000100,49000100,20
2026-08-15T05:20:01Z,52074,49009900,49009900,25
2026-08-15T05:20:01Z,52078,20200,21600,3107
2026-08-15T05:20:01Z,52081,180000,180000,39
2026-08-15T05:20:01Z,52082,98400,100000,39
2026-08-15T05:20:01Z,52083,250000,250000,75
2026-08-15T05:20:01Z,52084,209600,209600,75
2026-08-15T05:20:01Z,52085,199500,261500,125
2026-08-15T05:20:01Z,52086,122700,9903400,62
2026-08-15T05:20:01Z,52087,20000,20000,50
2026-08-15T05:20:01Z,52088,285900,285900,47
2026-08-15T05:20:01Z,52089,29600,29800,73
2026-08-15T05:20:01Z,52090,250000,250000,43
2026-08-15T05:20:01Z,52091,177800,177900,80
2026-08-15T05:20:01Z,52093,111200,111200,240
2026-08-15T05:20:01Z,52094,195500,195500,80
2026-08-15T05:20:01Z,52095,287100,287100,41
2026-08-15T05:20:01Z,52096,267100,267300,50
2026-08-15T05:20:01Z,52097,333900,333900,59
2026-08-15T05:20:01Z,52098,252000,292100,38
2026-08-15T05:20:01Z,52099,333800,333800,44
2026-08-15T05:20:01Z,52100,333900,333900,42
2026-08-15T05:20:01Z,52101,99000,297300,63
2026-08-15T05:20:01Z,52102,287100,297300,55
2026-08-15T05:20:01Z,52103,333500,333500,32
2026-08-15T05:20:01Z,52104,50000,297300,69
2026-08-15T05:20:01Z,52105,57500,58000,63
2026-08-15T05:20:01Z,52106,328800,328800,78
2026-08-15T05:20:01Z,52108,328600,328600,75
2026-08-15T05:20:01Z,52109,328800,328800,40
2026-08-15T05:20:01Z,52110,328800,328800,54
2026-08-15T05:20:01Z,52111,250000,279300,55
2026-08-15T05:20:01Z,52112,328800,328800,41
2026-08-15T05:20:01Z,52113,275700,275700,146
2026-08-15T05:20:01Z,52114,274000,274000,41
2026-08-15T05:20:01Z,52115,210000,220000,112
2026-08-15T05:20:01Z,52116,363100,363100,60
2026-08-15T05:20:01Z,52117,499100,499100,46
2026-08-15T05:20:01Z,52118,1317800,1317800,27
2026-08-15T05:20:01Z,52119,218600,218600,30
2026-08-15T05:20:01Z,52120,198000,198000,49
2026-08-15T05:20:01Z,52121,199400,199400,110
2026-08-15T05:20:01Z,52122,387300,387300,45
2026-08-15T05:20:01Z,52123,290900,290900,58
2026-08-15T05:20:01Z,52124,248300,248400,68
2026-08-15T05:20:01Z,52125,295100,295100,51
2026-08-15T05:20:01Z,52126,16100,16100,36
2026-08-15T05:20:01Z,52127,453000,453000,45
2026-08-15T05:20:01Z,52128,99600,99600,104
2026-08-15T05:20:01Z,52129,792000,800000,37
2026-08-15T05:20:01Z,52130,9999900,9999900,31
2026-08-15T05:20:01Z,52131,550000,550000,30
2026-08-15T05:20:01Z,52132,9999100,9999100,20
2026-08-15T05:20:01Z,52133,5465400,25031900,12
2026-08-15T05:20:01Z,52134,3000000,3000000,14
2026-08-15T05:20:01Z,52135,9167600,9167600,28
2026-08-15T05:20:01Z,52136,990000000,990000000,1
2026-08-15T05:20:01Z,52137,4890700,4890700,30
2026-08-15T05:20:01Z,52138,39999800,39999800,7
2026-08-15T05:20:01Z,52139,19998600,19998600,10
2026-08-15T05:20:01Z,52140,9980000,9980000,28
2026-08-15T05:20:01Z,52141,3549000,3549000,23
2026-08-15T05:20:01Z,52142,2145700,2145700,34
2026-08-15T05:20:01Z,52143,9881000,9881000,23
2026-08-15T05:20:01Z,52144,2000300,9880300,23
2026-08-15T05:20:01Z,52145,39900800,39900800,7
2026-08-15T05:20:01Z,52146,550000,1283200,43
2026-08-15T05:20:01Z,52147,18750000,18750000,18
2026-08-15T05:20:01Z,52148,4417800,4417800,20
2026-08-15T05:20:01Z,52149,9998100,9998100,30
2026-08-15T05:20:01Z,52151,19909100,19909100,21
2026-08-15T05:20:01Z,52152,1008000,1008000,34
2026-08-15T05:20:01Z,52153,2400000,2400000,26
2026-08-15T05:20:01Z,52154,39900000,39900000,12
2026-08-15T05:20:01Z,52155,555500,555500,29
2026-08-15T05:20:01Z,52156,3343900,3343900,23
2026-08-15T05:20:01Z,52157,19990500,19990500,11
2026-08-15T05:20:01Z,52158,19998900,19998900,10
2026-08-15T05:20:01Z,52159,250000100,250000100,3
2026-08-15T05:20:01Z,52160,39909500,39909500,8
2026-08-15T05:20:01Z,52161,10474500,10474500,18
2026-08-15T05:20:01Z,52162,9993500,9993500,22
2026-08-15T05:20:01Z,52163,2000000,2000000,33
2026-08-15T05:20:01Z,52164,1430500,1430500,31
2026-08-15T05:20:01Z,52166,9752900,9802900,29
2026-08-15T05:20:01Z,52167,4990000,4990000,17
2026-08-15T05:20:01Z,52168,504900,504900,28
2026-08-15T05:20:01Z,52169,4990000,9967600,21
2026-08-15T05:20:01Z,52170,750000,750000,27
2026-08-15T05:20:01Z,52171,199700900,199700900,2
2026-08-15T05:20:01Z,52172,4500000,9990000,24
2026-08-15T05:20:01Z,52173,1400000,1400000,26
2026-08-15T05:20:01Z,52174,1500000,1500000,26
2026-08-15T05:20:01Z,52175,654000,654000,35
2026-08-15T05:20:01Z,52176,3555900,3591800,27
2026-08-15T05:20:01Z,52177,170000,240000,3464
2026-08-15T05:20:01Z,52178,188500,200000,4786
2026-08-15T05:20:01Z,52179,148900,148900,413
2026-08-15T05:20:01Z,52180,199600,199600,430
2026-08-15T05:20:01Z,52181,200000,200000,267
2026-08-15T05:20:01Z,52182,149900,149900,625
2026-08-15T05:20:01Z,52183,73200,73300,2893
2026-08-15T05:20:01Z,52185,54400,54500,61776
2026-08-15T05:20:01Z,52186,119500,120000,11609
2026-08-15T05:20:01Z,52188,9100,19100,1681
2026-08-15T05:20:01Z,52190,488500,488600,262
2026-08-15T05:20:01Z,52191,900000,900000,200
2026-08-15T05:20:01Z,52192,350000,350000,358
2026-08-15T05:20:01Z,52193,989800,989800,114
2026-08-15T05:20:01Z,52194,339500,339500,262
2026-08-15T05:20:01Z,52195,600000,600000,270
2026-08-15T05:20:01Z,52196,7150000,7150000,527
2026-08-15T05:20:01Z,52203,1167400,1167400,70
2026-08-15T05:20:01Z,52204,9850000,9850000,36
2026-08-15T05:20:01Z,52205,1500000,1500000,63
2026-08-15T05:20:01Z,52206,2425000,2425000,50
2026-08-15T05:20:01Z,52207,810000,810000,42
2026-08-15T05:20:01Z,52208,1127200,9890000,38
2026-08-15T05:20:01Z,52209,4323000,9990000,36
2026-08-15T05:20:01Z,52210,1901700,1901700,32
2026-08-15T05:20:01Z,52211,1696800,9990000,37
2026-08-15T05:20:01Z,52212,821200,9990000,38
2026-08-15T05:20:01Z,52213,800000,800000,63
2026-08-15T05:20:01Z,52214,9490400,9490400,47
2026-08-15T05:20:01Z,52215,2931100,2931100,26
2026-08-15T05:20:01Z,52216,4035200,4035200,27
2026-08-15T05:20:01Z,52217,67200,373500,43
2026-08-15T05:20:01Z,52218,3629000,3629000,27
2026-08-15T05:20:01Z,52219,598300,598300,78
2026-08-15T05:20:01Z,52220,9860000,9860000,41
2026-08-15T05:20:01Z,52221,8668500,8668500,29
2026-08-15T05:20:01Z,52222,9529700,9529700,38
2026-08-15T05:20:01Z,52223,8651600,8651600,27
2026-08-15T05:20:01Z,52224,9899900,9899900,38
2026-08-15T05:20:01Z,52225,999900,9990000,47
2026-08-15T05:20:01Z,52226,455700,455700,57
2026-08-15T05:20:01Z,52227,9901800,9901800,21
2026-08-15T05:20:01Z,52228,9754800,9754800,80
2026-08-15T05:20:01Z,52229,9991700,9991700,22
2026-08-15T05:20:01Z,52230,4545400,4545400,53
2026-08-15T05:20:01Z,52231,3000000,3000000,29
2026-08-15T05:20:01Z,52232,1100000,1900000,83
2026-08-15T05:20:01Z,52233,985000,985000,27
2026-08-15T05:20:01Z,52234,8738300,8738300,26
2026-08-15T05:20:01Z,52235,350000,9300000,47
2026-08-15T05:20:01Z,52236,936200,936200,46
2026-08-15T05:20:01Z,52237,300000,2861200,40
2026-08-15T05:20:01Z,52238,233300,9993300,24
2026-08-15T05:20:01Z,52239,9997900,9997900,44
2026-08-15T05:20:01Z,52240,350000,9730000,39
2026-08-15T05:20:01Z,52241,208300,557100,74
2026-08-15T05:20:01Z,52242,350000,8800000,107
2026-08-15T05:20:01Z,52243,1550000,1550000,26
2026-08-15T05:20:01Z,52244,150000,9990000,39
2026-08-15T05:20:01Z,52245,2286100,2286100,29
2026-08-15T05:20:01Z,52246,250000,250000,49
2026-08-15T05:20:01Z,52247,1239800,4129800,62
2026-08-15T05:20:01Z,52248,256700,256700,34
2026-08-15T05:20:01Z,52249,9704700,9704700,21
2026-08-15T05:20:01Z,52250,1916600,1916600,49
2026-08-15T05:20:01Z,52289,9990000,9990000,9
2026-08-15T05:20:01Z,52291,7778000,7778000,30
2026-08-15T05:20:01Z,52292,9988700,9988700,67
2026-08-15T05:20:01Z,52293,4993800,9986500,22
2026-08-15T05:20:01Z,52294,1852500,2851900,27
2026-08-15T05:20:01Z,52295,4655900,4655900,34
2026-08-15T05:20:01Z,52296,2134400,2134400,88
2026-08-15T05:20:01Z,52297,4900000,5900000,42
2026-08-15T05:20:01Z,52298,4217300,4217300,14
2026-08-15T05:20:01Z,52299,4998500,4998500,25
2026-08-15T05:20:01Z,52300,9989300,9989300,22
2026-08-15T05:20:01Z,52301,3333300,3333300,34
2026-08-15T05:20:01Z,52302,9897700,9897700,28
2026-08-15T05:20:01Z,52303,1599900,1599900,429
2026-08-15T05:20:01Z,52325,148900,149800,42230
2026-08-15T05:20:01Z,52326,273600,500000,13875
2026-08-15T05:20:01Z,52327,20000,23000,20102
2026-08-15T05:20:01Z,52328,119100,119900,34420
2026-08-15T05:20:01Z,52329,45800,48200,51664
2026-08-15T05:20:01Z,52338,5001800,5001800,3
2026-08-15T05:20:01Z,52339,990000100,990000100,1
2026-08-15T05:20:01Z,52340,29400,29400,247
2026-08-15T05:20:01Z,52555,131800,131900,11913
2026-08-15T05:20:01Z,52575,290000100,290000100,1
2026-08-15T05:20:01Z,52687,460000,460000,68
2026-08-15T05:20:01Z,52718,54200,74300,2781
2026-08-15T05:20:01Z,52719,199800,228300,10886
2026-08-15T05:20:01Z,52720,420000,450000,936
2026-08-15T05:20:01Z,52721,22500,37400,59377
2026-08-15T05:20:01Z,52722,31500,38200,83543
2026-08-15T05:20:01Z,52743,180400,180400,91
2026-08-15T05:20:01Z,52744,270400,320400,115
2026-08-15T05:20:01Z,52745,47500,47500,89
2026-08-15T05:20:01Z,52746,300000,420200,53
2026-08-15T05:20:01Z,52747,2400800,2560000,37
2026-08-15T05:20:01Z,52748,1600000,1817500,83
2026-08-15T05:20:01Z,52749,80000,801600,84
2026-08-15T05:20:01Z,52750,230000,230000,63
2026-08-15T05:20:01Z,52751,509800,509900,70
2026-08-15T05:20:01Z,52752,250000,350000,88
2026-08-15T05:20:01Z,52753,50000,50000,123
2026-08-15T05:20:01Z,52754,259000,631600,65
2026-08-15T05:20:01Z,52755,1092400,1240000,63
2026-08-15T05:20:01Z,52756,70000,70000,147
2026-08-15T05:20:01Z,52757,9900,9900,118
2026-08-15T05:20:01Z,52758,6000,6000,89
2026-08-15T05:20:01Z,52759,127200,187200,86
2026-08-15T05:20:01Z,52760,80000,80000,78
2026-08-15T05:20:01Z,52761,1609900,1609900,90
2026-08-15T05:20:01Z,52762,10000,10000,71
2026-08-15T05:20:01Z,52763,8100,8100,93
2026-08-15T05:20:01Z,52764,10000,10000,83
2026-08-15T05:20:01Z,52765,202500,1002500,76
2026-08-15T05:20:01Z,52766,7800,7800,111
2026-08-15T05:20:01Z,52767,105400,105500,78
2026-08-15T05:20:01Z,52768,24300,27000,64
2026-08-15T05:20:01Z,52769,750600,750600,72
2026-08-15T05:20:01Z,52770,540000,602000,75
2026-08-15T05:20:01Z,52771,62300,62300,79
2026-08-15T05:20:01Z,52772,994600,994600,177
2026-08-15T05:20:01Z,52773,490000,498500,87
2026-08-15T05:20:01Z,52774,3390500,3411600,74
2026-08-15T05:20:01Z,52775,1894200,1894300,65
2026-08-15T05:20:01Z,52776,2157700,2338900,65
2026-08-15T05:20:01Z,52777,297400,397500,69
2026-08-15T05:20:01Z,52778,1757100,2507100,44
2026-08-15T05:20:01Z,52779,544000,544500,39
2026-08-15T05:20:01Z,52780,1495700,1951600,61
2026-08-15T05:20:01Z,52781,2416200,9990500,30
2026-08-15T05:20:01Z,52782,1759400,1759400,115
2026-08-15T05:20:01Z,52783,1509700,2268100,46
2026-08-15T05:20:01Z,52784,3900000,3900000,62
2026-08-15T05:20:01Z,52785,2501700,3401700,59
2026-08-15T05:20:01Z,52843,4158000,4158000,1140
2026-08-15T05:20:01Z,52976,49900,55000,9747
2026-08-15T05:20:01Z,52977,92300,92300,2540
2026-08-15T05:20:01Z,52979,1939900,1939900,185
2026-08-15T05:20:01Z,52980,3355000,3499900,106
2026-08-15T05:20:01Z,52982,108900,109900,2402
2026-08-15T05:20:01Z,52983,17400,23000,23804
2026-08-15T05:20:01Z,52984,18800,24900,8021
2026-08-15T05:20:01Z,52985,66000,120000,15009
2026-08-15T05:20:01Z,52986,128600,129600,3107
2026-08-15T05:20:01Z,52987,31800,34100,1673
2026-08-15T05:20:01Z,52988,19900,19900,250498
2026-08-15T05:20:01Z,53010,16800,18100,17689
2026-08-15T05:20:01Z,53038,69800,69800,29395
2026-08-15T05:20:01Z,53039,1300000,1319900,5749
2026-08-15T05:20:01Z,53049,10000,10000,197
2026-08-15T05:20:01Z,53050,4000,4000,380
2026-08-15T05:20:01Z,53051,19900,19900,2229
2026-08-15T05:20:01Z,53062,3500,3500,1634
2026-08-15T05:20:01Z,53063,13100,22900,1761
2026-08-15T05:20:01Z,53064,11100,15900,5809
2026-08-15T05:20:01Z,53065,369700,369800,3156
2026-08-15T05:20:01Z,53066,3300,9800,6959
2026-08-15T05:20:01Z,53067,141700,151400,685
2026-08-15T05:20:01Z,53068,57200,59600,13697
2026-08-15T05:20:01Z,53069,6000,8800,869
2026-08-15T05:20:01Z,53070,2800,2900,2604
2026-08-15T05:20:01Z,53071,4900,5100,1945
2026-08-15T05:20:01Z,53072,7500,8900,6541
2026-08-15T05:20:01Z,53643,89400,89900,6580
2026-08-15T05:20:01Z,54291,750000,3900000,218
2026-08-15T05:20:01Z,54442,10000,38300,156
2026-08-15T05:20:01Z,54447,39900,1322000,243
2026-08-15T05:20:01Z,54448,946400,946400,101
2026-08-15T05:20:01Z,54449,2411500,2411500,93
2026-08-15T05:20:01Z,54450,989500,989500,86
2026-08-15T05:20:01Z,54469,49000800,49000800,15
2026-08-15T05:20:01Z,54619,49009900,49009900,20
2026-08-15T05:20:01Z,54620,49000100,49000100,21
2026-08-15T05:20:01Z,54623,49000000,49000000,20
2026-08-15T05:20:01Z,54624,49000000,49000000,20
2026-08-15T05:20:01Z,54625,49000200,49000200,20
2026-08-15T05:20:01Z,54626,49000200,49000200,20
2026-08-15T05:20:01Z,54627,49000100,49000100,35
2026-08-15T05:20:01Z,54628,49000100,49000100,20
2026-08-15T05:20:01Z,54629,19000,20000,28
2026-08-15T05:20:01Z,54630,49000000,49000000,20
2026-08-15T05:20:01Z,54631,290000200,290000200,1
2026-08-15T05:20:01Z,54632,49000100,49000100,27
2026-08-15T05:20:01Z,54633,49000100,49000100,20
2026-08-15T05:20:01Z,54634,290000100,290000100,1
2026-08-15T05:20:01Z,54746,999100,999100,72
2026-08-15T05:20:01Z,54747,9900000,9900000,21
2026-08-15T05:20:01Z,54817,49009900,49009900,20
2026-08-15T05:20:01Z,54818,290000100,290000100,1
2026-08-15T05:20:01Z,54819,99990100,99990100,14
2026-08-15T05:20:01Z,54830,1007700,1007700,26
2026-08-15T05:20:01Z,54831,250000,250000,82
2026-08-15T05:20:01Z,54832,25400,25500,28
2026-08-15T05:20:01Z,54833,48990100,48990100,47
2026-08-15T05:20:01Z,54834,49000100,49000100,20
2026-08-15T05:20:01Z,54835,49000000,49000000,20
2026-08-15T05:20:01Z,54836,49000700,49000700,21
2026-08-15T05:20:01Z,54837,49000400,49000400,20
2026-08-15T05:20:01Z,54849,149800,156800,9480
2026-08-15T05:20:01Z,55053,80000,80000,1192
2026-08-15T05:20:01Z,55054,39989200,39989600,34
2026-08-15T05:20:01Z,55055,24900,1849700,124
2026-08-15T05:20:01Z,55056,1508200,1508200,81
2026-08-15T05:20:01Z,55057,340000,340000,156
2026-08-15T05:20:01Z,55973,49000100,49000100,21
2026-08-15T05:20:01Z,55974,100100,101000,32
2026-08-15T05:20:01Z,55975,400,400,68
2026-08-15T05:20:01Z,55976,49001100,49001100,20
2026-08-15T05:20:01Z,55978,499900,499900,35
2026-08-15T05:20:01Z,55981,995000,9995000,25
2026-08-15T05:20:01Z,55982,2000,2000,40
2026-08-15T05:20:01Z,55983,90000,90000,26
2026-08-15T05:20:01Z,55984,6009300,49009300,22
2026-08-15T05:20:01Z,55985,49000800,49000800,20
2026-08-15T05:20:01Z,56033,10800,10800,61
2026-08-15T05:20:01Z,56034,2000000,2000000,53
2026-08-15T05:20:01Z,56035,10000,1000000,29
2026-08-15T05:20:01Z,56036,49000900,49000900,38
2026-08-15T05:20:01Z,56046,5000,9600,197
2026-08-15T05:20:01Z,56047,104900,104900,43
2026-08-15T05:20:01Z,56049,20000,20000,24
2026-08-15T05:20:01Z,56051,49000200,49000200,20
2026-08-15T05:20:01Z,56052,49000500,49000500,20
2026-08-15T05:20:01Z,56053,49000600,49000600,20
2026-08-15T05:20:01Z,56054,49000900,49000900,20
2026-08-15T05:20:01Z,56055,49001300,49001300,20
2026-08-15T05:20:01Z,56056,290005100,290005100,1
2026-08-15T05:20:01Z,56150,19300,19300,25
2026-08-15T05:20:01Z,56151,100000,100000,25
2026-08-15T05:20:01Z,56156,49000100,49000100,20
2026-08-15T05:20:01Z,56158,30000,30000,27
2026-08-15T05:20:01Z,56159,49000900,49000900,20
2026-08-15T05:20:01Z,56160,49001100,49001100,20
2026-08-15T05:20:01Z,56161,290001700,290001700,1
2026-08-15T05:20:01Z,56162,19902300,19902300,40
2026-08-15T05:20:01Z,56189,290000100,290000100,1
2026-08-15T05:20:01Z,56190,290003200,290003200,2
2026-08-15T05:20:01Z,56195,49009900,49009900,20
2026-08-15T05:20:01Z,56196,5004700,10544700,26
2026-08-15T05:20:01Z,56197,97500,97500,30
2026-08-15T05:20:01Z,56198,49000200,49000200,20
2026-08-15T05:20:01Z,56200,49009900,49009900,20
2026-08-15T05:20:01Z,56201,48990400,48990400,21
2026-08-15T05:20:01Z,56202,2990400,49000400,23
2026-08-15T05:20:01Z,56203,49000700,49000700,20
2026-08-15T05:20:01Z,56204,11100,11100,85
2026-08-15T05:20:01Z,56205,1000,1000,78
2026-08-15T05:20:01Z,56206,450004600,450004600,1
2026-08-15T05:20:01Z,56234,49009900,49009900,20
2026-08-15T05:20:01Z,56236,49000100,49000100,21
2026-08-15T05:20:01Z,56237,49000100,49000100,20
2026-08-15T05:20:01Z,56238,49000300,49000300,25
2026-08-15T05:20:01Z,56239,490700,49000700,21
2026-08-15T05:20:01Z,56240,5500001600,5500001600,1
2026-08-15T05:20:01Z,56241,290003100,290003100,1
2026-08-15T05:20:01Z,56477,39300,39300,102
2026-08-15T05:20:01Z,56502,880000,880000,39
2026-08-15T05:20:01Z,56503,659200,659200,54
2026-08-15T05:20:01Z,56516,333300,339200,7224
2026-08-15T05:20:01Z,56517,12400,12400,65
2026-08-15T05:20:01Z,56550,8700300,8700300,28
2026-08-15T05:20:01Z,56551,7250000,7250000,15
2026-08-15T05:20:01Z,56850,235000,265000,4620
2026-08-15T05:20:01Z,56968,49000100,49000100,20
2026-08-15T05:20:01Z,57058,3652100,49001500,21
2026-08-15T05:20:01Z,57059,4903600,4903600,29
2026-08-15T05:20:01Z,57060,49000200,49000200,20
2026-08-15T05:20:01Z,57061,490300,49000300,21
2026-08-15T05:20:01Z,57062,49000000,49000000,22
2026-08-15T05:20:01Z,57063,1001700,1001700,30
2026-08-15T05:20:01Z,57064,49000800,49000800,21
2026-08-15T05:20:01Z,57065,290001000,290001000,1
2026-08-15T05:20:01Z,57066,49009900,49009900,20
2026-08-15T05:20:01Z,57067,290001600,290001600,1
2026-08-15T05:20:01Z,57068,49002300,49002300,20
2026-08-15T05:20:01Z,57069,990003100,990003100,2
2026-08-15T05:20:01Z,57070,290007600,290007600,1
2026-08-15T05:20:01Z,57071,290005100,290005100,1
2026-08-15T05:20:01Z,57099,7500,659800,204
2026-08-15T05:20:01Z,57191,10000,16000,318
2026-08-15T05:20:01Z,57192,9000,9000,103
2026-08-15T05:20:01Z,57193,10000,10000,202
2026-08-15T05:20:01Z,57194,8100,150000,101
2026-08-15T05:20:01Z,58084,5000,5000,342
2026-08-15T05:20:01Z,58085,31100,31100,100
2026-08-15T05:20:01Z,58086,30000,30000,253
2026-08-15T05:20:01Z,58087,2999900,2999900,170
2026-08-15T05:20:01Z,58088,1434200,1434200,138
2026-08-15T05:20:01Z,58089,129500,129500,76
2026-08-15T05:20:01Z,58090,30000,30000,158
2026-08-15T05:20:01Z,58091,19000,19600,209
2026-08-15T05:20:01Z,58092,10000,10000,404
2026-08-15T05:20:01Z,58093,533500,533500,77
2026-08-15T05:20:01Z,58094,106600,9989900,56
2026-08-15T05:20:01Z,58142,20000,20000,297
2026-08-15T05:20:01Z,58143,9700,9700,118
2026-08-15T05:20:01Z,58144,86800,86800,425
2026-08-15T05:20:01Z,58145,89900,89900,239
2026-08-15T05:20:01Z,58146,99000,99000,147
2026-08-15T05:20:01Z,58148,150000,150000,102
2026-08-15T05:20:01Z,58256,900,900,139
2026-08-15T05:20:01Z,58257,800,800,255
2026-08-15T05:20:01Z,58258,93500,93500,680
2026-08-15T05:20:01Z,58259,1900,18900,96
2026-08-15T05:20:01Z,58260,11800,11800,281
2026-08-15T05:20:01Z,58261,99500,99500,292
2026-08-15T05:20:01Z,58262,8400,8400,152
2026-08-15T05:20:01Z,58263,13900,13900,1201
2026-08-15T05:20:01Z,58264,200000,200000,193
2026-08-15T05:20:01Z,58265,100000,100000,177
2026-08-15T05:20:01Z,58266,5000000,9966700,48
2026-08-15T05:20:01Z,58267,85900,85900,279
2026-08-15T05:20:01Z,58268,1000,1000,143
2026-08-15T05:20:01Z,58269,1000,1200,153
2026-08-15T05:20:01Z,58274,52700,52700,999
2026-08-15T05:20:01Z,58275,9989100,9989100,345
2026-08-15T05:20:01Z,58276,283400,283400,801
2026-08-15T05:20:01Z,58277,603200,603200,66
2026-08-15T05:20:01Z,58278,750000,993500,104
2026-08-15T05:20:01Z,58279,1198900,1198900,1220
2026-08-15T05:20:01Z,58280,9907800,9907800,234
2026-08-15T05:20:01Z,58480,5330000,5350000,2178
2026-08-15T05:20:01Z,58487,935000,935000,350
2026-08-15T05:20:01Z,58488,1151000,1151100,589
2026-08-15T05:20:01Z,58489,239800,239800,2173
2026-08-15T05:20:01Z,58865,49000000,49000000,23
2026-08-15T05:20:01Z,58866,16687900,16687900,5
2026-08-15T05:20:01Z,58962,290000200,290000200,1
2026-08-15T05:20:01Z,59029,77000,77000,268
2026-08-15T05:20:01Z,59227,997900,997900,253
2026-08-15T05:20:01Z,59228,109800,109800,212
2026-08-15T05:20:01Z,59229,276700,276700,285
2026-08-15T05:20:01Z,59230,99900,99900,144
2026-08-15T05:20:01Z,59231,152100,152100,97
2026-08-15T05:20:01Z,59232,7505900,7505900,362
2026-08-15T05:20:01Z,59477,9890000,9890000,22
2026-08-15T05:20:01Z,59478,3346900,3347100,36
2026-08-15T05:20:01Z,59479,4949900,4949900,3
2026-08-15T05:20:01Z,59480,7995800,9996000,24
2026-08-15T05:20:01Z,59489,1999600,1999600,11
2026-08-15T05:20:01Z,59491,9995000,9995000,21
2026-08-15T05:20:01Z,59493,7989500,9989600,21
2026-08-15T05:20:01Z,59496,3509600,3509600,4
2026-08-15T05:20:01Z,59594,51500,51500,35
2026-08-15T05:20:01Z,59595,55000,55000,50
2026-08-15T05:20:01Z,59596,50000,51300,76
2026-08-15T05:20:01Z,60224,249800,249800,2235
2026-08-15T05:20:01Z,60267,9989900,9989900,21
2026-08-15T05:20:01Z,60268,9890000,9890000,21
2026-08-15T05:20:01Z,60269,9979900,9979900,29
2026-08-15T05:20:01Z,60336,40000,40000,39
2026-08-15T05:20:01Z,60375,9988200,9988200,24
2026-08-15T05:20:01Z,60376,9999800,9999800,21
2026-08-15T05:20:01Z,60377,9989800,9989800,28
2026-08-15T05:20:01Z,60378,59600,59600,298
2026-08-15T05:20:01Z,60379,9890100,9890100,29
2026-08-15T05:20:01Z,60388,2900,3000,106
2026-08-15T05:20:01Z,60389,6100,6200,48
2026-08-15T05:20:01Z,60390,49003000,49003000,20
2026-08-15T05:20:01Z,60391,49007100,49007100,20
2026-08-15T05:20:01Z,60392,8300,8300,29
2026-08-15T05:20:01Z,60393,57200,49007200,22
2026-08-15T05:20:01Z,60394,100000,2000100,38
2026-08-15T05:20:01Z,60395,94900,95000,28
2026-08-15T05:20:01Z,60396,324900,325000,144
2026-08-15T05:20:01Z,60397,45000,45000,27
2026-08-15T05:20:01Z,60398,2100,2100,205
2026-08-15T05:20:01Z,60399,4400,4400,50
2026-08-15T05:20:01Z,60405,10000,10000,134
2026-08-15T05:20:01Z,60406,8900,8900,26
2026-08-15T05:20:01Z,60485,2100,2100,244
2026-08-15T05:20:01Z,60486,4900,4900,155
2026-08-15T05:20:01Z,60488,49002100,49002100,20
2026-08-15T05:20:01Z,60489,49006200,49006200,20
2026-08-15T05:20:01Z,60491,789900,789900,45
2026-08-15T05:20:01Z,60493,49006200,49006200,25
2026-08-15T05:20:01Z,60576,2100,2100,120
2026-08-15T05:20:01Z,60577,4400,4400,50
2026-08-15T05:20:01Z,60578,9003100,9003100,65
2026-08-15T05:20:01Z,60579,48999900,48999900,35
2026-08-15T05:20:01Z,60743,1900000,1900000,39
2026-08-15T05:20:01Z,60838,106000,106000,250
2026-08-15T05:20:01Z,60853,49000,49000,340
2026-08-15T05:20:01Z,60858,180000,180000,215
2026-08-15T05:20:01Z,61978,92800,92800,24879
2026-08-15T05:20:01Z,61979,42100,43200,4448
2026-08-15T05:20:01Z,61980,30000,175000,115997
2026-08-15T05:20:01Z,61981,98800,141400,224644
2026-08-15T05:20:01Z,61982,52500,52500,173
2026-08-15T05:20:01Z,61983,442200,442200,170
2026-08-15T05:20:01Z,61984,10000,10000,258
2026-08-15T05:20:01Z,61985,120000,120000,229
2026-08-15T05:20:01Z,61986,8000,8000,477
2026-08-15T05:20:01Z,61988,88772900,88772900,65
2026-08-15T05:20:01Z,61989,7993500,7993500,61
2026-08-15T05:20:01Z,61990,63234000,63234000,39
2026-08-15T05:20:01Z,61991,5550000,5550000,13
2026-08-15T05:20:01Z,61992,3332100,199900000,8
2026-08-15T05:20:01Z,61993,49980000,49980000,12
2026-08-15T05:20:01Z,61994,39909000,39909000,34
2026-08-15T05:20:01Z,61995,116377900,193963100,34
2026-08-15T05:20:01Z,61996,150000000,150000000,11
2026-08-15T05:20:01Z,61997,5925900,5925900,18
2026-08-15T05:20:01Z,61998,49990000,49990000,14
2026-08-15T05:20:01Z,61999,49907600,49907600,11
2026-08-15T05:20:01Z,62000,23994200,39990300,12
2026-08-15T05:20:01Z,62001,198999900,198999900,40
2026-08-15T05:20:01Z,62002,197506000,197506000,6
2026-08-15T05:20:01Z,62003,4320000,7200000,84
2026-08-15T05:20:01Z,62004,38970500,38970500,15
2026-08-15T05:20:01Z,62005,29948400,49914000,14
2026-08-15T05:20:01Z,62006,39980000,39980000,19
2026-08-15T05:20:01Z,62007,9526100,39999400,16
2026-08-15T05:20:01Z,62008,4000000,4826700,18
2026-08-15T05:20:01Z,62009,49950400,49950400,8
2026-08-15T05:20:01Z,62010,39900600,39900600,10
2026-08-15T05:20:01Z,62011,10964600,10964600,19
2026-08-15T05:20:01Z,62012,25000000,25000000,16
2026-08-15T05:20:01Z,62013,23777400,39629000,29
2026-08-15T05:20:01Z,62014,4704800,4704800,20
2026-08-15T05:20:01Z,62015,30975700,30975700,18
2026-08-15T05:20:01Z,62016,150000000,150000000,11
2026-08-15T05:20:01Z,62017,16517500,16517500,49
2026-08-15T05:20:01Z,62018,197483500,197483500,6
2026-08-15T05:20:01Z,62019,39900000,39900000,11
2026-08-15T05:20:01Z,62237,448652200,448652200,3
2026-08-15T05:20:01Z,62238,70000,70000,51
2026-08-15T05:20:01Z,62239,289900,289900,197
2026-08-15T05:20:01Z,62251,1200000,1250000,188
2026-08-15T05:20:01Z,62268,4900,4900,69
2026-08-15T05:20:01Z,62269,149500,149600,32
2026-08-15T05:20:01Z,62270,80000,115000,238
2026-08-15T05:20:01Z,62271,20000,20000,132
2026-08-15T05:20:01Z,62272,501700,9904800,107
2026-08-15T05:20:01Z,62273,18900,19000,88
2026-08-15T05:20:01Z,62274,50000,50000,27
2026-08-15T05:20:01Z,62275,49003200,49003200,20
2026-08-15T05:20:01Z,62276,45000,45000,24
2026-08-15T05:20:01Z,62277,39000,39000,131
2026-08-15T05:20:01Z,62278,49005600,49005600,20
2026-08-15T05:20:01Z,62279,49008100,49008100,21
2026-08-15T05:20:01Z,62323,350000,350000,87
2026-08-15T05:20:01Z,62328,500,3200,28
2026-08-15T05:20:01Z,62339,1500000100,1500000100,1
2026-08-15T05:20:01Z,62340,4600100,4600100,36
2026-08-15T05:20:01Z,62341,33900,33900,29
2026-08-15T05:20:01Z,62370,950100,950100,35
2026-08-15T05:20:01Z,62391,1000000,1000000,40
2026-08-15T05:20:01Z,62413,2200,2200,246
2026-08-15T05:20:01Z,62414,4200,4200,50
2026-08-15T05:20:01Z,62421,553400,1993400,216
2026-08-15T05:20:01Z,62435,505600,505600,61
2026-08-15T05:20:01Z,62451,49003100,49003100,20
2026-08-15T05:20:01Z,62452,49007600,49007600,20
2026-08-15T05:20:01Z,62505,10000,10000,67
2026-08-15T05:20:01Z,62512,99900,999900,28
2026-08-15T05:20:01Z,62514,1008300,49008300,23
2026-08-15T05:20:01Z,62518,2300,2300,148
2026-08-15T05:20:01Z,62519,3800,3800,56
2026-08-15T05:20:01Z,62520,9908000,9908000,100
2026-08-15T05:20:01Z,62521,49000000,49000000,20
2026-08-15T05:20:01Z,62522,49003400,49003400,20
2026-08-15T05:20:01Z,62523,10000000,49000000,22
2026-08-15T05:20:01Z,62524,49006500,49006500,20
2026-08-15T05:20:01Z,62525,49000100,49000100,20
2026-08-15T05:20:01Z,62526,49009900,49009900,20
2026-08-15T05:20:01Z,62527,49002200,49003200,21
2026-08-15T05:20:01Z,62528,290000100,290000100,1
2026-08-15T05:20:01Z,62529,49000000,49000000,20
2026-08-15T05:20:01Z,62530,90000,100000,42
2026-08-15T05:20:01Z,62535,49000800,49000800,20
2026-08-15T05:20:01Z,62649,448000,448000,550
2026-08-15T05:20:01Z,62651,99800,123500,175
2026-08-15T05:20:01Z,62652,249900,249900,353
2026-08-15T05:20:01Z,62653,22200,29600,716
2026-08-15T05:20:01Z,62654,44800,45600,2964
2026-08-15T05:20:01Z,62655,4908700,4908700,152
2026-08-15T05:20:01Z,62656,337000,9907000,800
2026-08-15T05:20:01Z,62657,161700,161700,318
2026-08-15T05:20:01Z,62658,98400,98400,894
2026-08-15T05:20:01Z,62659,180000,180000,734
2026-08-15T05:20:01Z,62660,188700,188800,733
2026-08-15T05:20:01Z,62661,90800,90800,463
2026-08-15T05:20:01Z,62662,280000,299900,770
2026-08-15T05:20:01Z,62663,26100,26100,1094
2026-08-15T05:20:01Z,62664,109800,109800,813
2026-08-15T05:20:01Z,62665,361500,361500,843
2026-08-15T05:20:01Z,62666,9995300,9995300,204
2026-08-15T05:20:01Z,62667,990300,990300,827
2026-08-15T05:20:01Z,62668,136900,9992200,915
2026-08-15T05:20:01Z,62669,514500,514500,2550
2026-08-15T05:20:01Z,62670,189100,189100,653
2026-08-15T05:20:01Z,62671,19700,199800,1264
2026-08-15T05:20:01Z,62672,499800,8999800,154
2026-08-15T05:20:01Z,62673,20000,20000,121
2026-08-15T05:20:01Z,62674,549900,549900,410
2026-08-15T05:20:01Z,62675,50000,50000,293
2026-08-15T05:20:01Z,62676,900,900,408
2026-08-15T05:20:01Z,62677,192500,192500,538
2026-08-15T05:20:01Z,62680,100000,100000,2496
2026-08-15T05:20:01Z,62770,49009900,49009900,20
2026-08-15T05:20:01Z,62771,49009900,49009900,25
2026-08-15T05:20:01Z,62772,49001000,49001000,23
2026-08-15T05:20:01Z,62778,9900,29700,3076
2026-08-15T05:20:01Z,62779,7100,7200,10198
2026-08-15T05:20:01Z,62780,35000,48600,7557
2026-08-15T05:20:01Z,62781,28400,28400,1341
2026-08-15T05:20:01Z,62782,1400,3800,3660
2026-08-15T05:20:01Z,62783,15500,15600,8211
2026-08-15T05:20:01Z,62784,45000,54200,53917
2026-08-15T05:20:01Z,62785,38000,89400,1297
2026-08-15T05:20:01Z,62786,75000,75000,1270
2026-08-15T05:20:01Z,62790,16000,16000,440
2026-08-15T05:20:01Z,62791,2900,3000,2726
2026-08-15T05:20:01Z,63024,49003200,49003200,20
2026-08-15T05:20:01Z,63025,49006500,49006500,20
2026-08-15T05:20:01Z,63122,700,700,155
2026-08-15T05:20:01Z,63127,191800,310000,1678
2026-08-15T05:20:01Z,63128,2599900,2599900,473
2026-08-15T05:20:01Z,63246,6000,6000,20800
2026-08-15T05:20:01Z,63247,49007700,49007800,24
2026-08-15T05:20:01Z,63251,481100,481100,138
2026-08-15T05:20:01Z,63271,3900500,3900500,206
2026-08-15T05:20:01Z,63272,764400,764400,30
2026-08-15T05:20:01Z,63273,100000,100000,25
2026-08-15T05:20:01Z,63274,19900500,19900500,55
2026-08-15T05:20:01Z,63275,139200,500000,93
2026-08-15T05:20:01Z,63291,39700,39700,106
2026-08-15T05:20:01Z,63292,9990000,9990000,20
2026-08-15T05:20:01Z,63293,100000,100000,160
2026-08-15T05:20:01Z,63296,19902400,19902400,14
2026-08-15T05:20:01Z,63299,345800,345800,122
2026-08-15T05:20:01Z,63303,8600,8600,144
2026-08-15T05:20:01Z,63304,10000,17700,123
2026-08-15T05:20:01Z,63305,39900,39900,67
2026-08-15T05:20:01Z,63306,7000,7000,188
2026-08-15T05:20:01Z,63307,59300,59300,33
2026-08-15T05:20:01Z,63308,21200,21200,62
2026-08-15T05:20:01Z,63310,1999900,1999900,39
2026-08-15T05:20:01Z,63311,290000100,290000100,1
2026-08-15T05:20:01Z,63312,49000100,49000100,21
2026-08-15T05:20:01Z,63313,49000100,49000100,14
2026-08-15T05:20:01Z,63314,290000100,290000100,1
2026-08-15T05:20:01Z,63316,49000100,49000100,16
2026-08-15T05:20:01Z,63317,49000100,49000100,20
2026-08-15T05:20:01Z,63318,290009300,290009300,1
2026-08-15T05:20:01Z,63321,990000100,990000100,1
2026-08-15T05:20:01Z,63323,290000100,290000100,1
2026-08-15T05:20:01Z,63327,49009900,49009900,20
2026-08-15T05:20:01Z,63337,290000100,290000100,1
2026-08-15T05:20:01Z,63341,290000100,290000100,1
2026-08-15T05:20:01Z,63342,290000100,290000100,1
2026-08-15T05:20:01Z,63343,290000100,290000100,1
2026-08-15T05:20:01Z,63347,950005100,950005100,1
2026-08-15T05:20:01Z,63348,89900,90000,42
2026-08-15T05:20:01Z,63388,42000000,42000000,27
2026-08-15T05:20:01Z,63396,49900,49900,519
2026-08-15T05:20:01Z,63416,1500000200,1500000200,1
2026-08-15T05:20:01Z,63481,1500007600,1500007600,1
2026-08-15T05:20:01Z,63530,9900,9900,357
2026-08-15T05:20:01Z,63539,1500000200,1500000200,1
2026-08-15T05:20:01Z,63691,9890000,9890000,160
2026-08-15T05:20:01Z,63692,9490500,9490500,177
2026-08-15T05:20:01Z,63693,9990200,9990200,119
2026-08-15T05:20:01Z,63694,9890000,9890000,70
2026-08-15T05:20:01Z,64392,5002700,5002700,351
2026-08-15T05:20:01Z,64394,3990000,4200000,279
2026-08-15T05:20:01Z,64395,5000000,5000000,395
2026-08-15T05:20:01Z,64396,28002800,28002800,58
2026-08-15T05:20:01Z,64397,35004300,39570000,1007
2026-08-15T05:20:01Z,64493,1500000200,1500000200,1
2026-08-15T05:20:01Z,64670,5700,5700,2728
2026-08-15T05:20:01Z,65365,339400,399900,990
2026-08-15T05:20:01Z,65501,290000800,290000800,3
2026-08-15T05:20:01Z,65502,290000500,290000500,2
2026-08-15T05:20:01Z,65503,290000100,290000100,3
2026-08-15T05:20:01Z,65505,290001000,290001000,2
2026-08-15T05:20:01Z,65506,49001000,49001000,17
2026-08-15T05:20:01Z,65509,49000200,49000200,24
2026-08-15T05:20:01Z,65511,290000800,290000800,2
2026-08-15T05:20:01Z,65512,290001900,290001900,2
2026-08-15T05:20:01Z,65892,45000000,45000000,12
2026-08-15T05:20:01Z,65893,26980000,26980000,54
2026-08-15T05:20:01Z,66944,1500000100,1500000100,1
2026-08-15T05:20:01Z,66945,1500005100,1500005100,1
2026-08-15T05:20:01Z,66946,290007600,290007600,1
2026-08-15T05:20:01Z,66947,290007600,290007600,1
2026-08-15T05:20:01Z,66948,290002600,290002600,1
2026-08-15T05:20:01Z,66949,290002600,290002600,1
2026-08-15T05:20:01Z,66950,1500001100,1500001100,1
2026-08-15T05:20:01Z,67229,61900,62100,659
2026-08-15T05:20:01Z,67230,3300,3300,129
2026-08-15T05:20:01Z,67252,290000200,290000200,1
2026-08-15T05:20:01Z,67256,9900200,9900200,100
2026-08-15T05:20:01Z,67257,290000200,290000200,2
2026-08-15T05:20:01Z,67276,49000200,49000200,20
2026-08-15T05:20:01Z,67277,1479900,2900000,387
2026-08-15T05:20:01Z,67280,49000100,49000100,20
2026-08-15T05:20:01Z,67281,49000100,49000100,20
2026-08-15T05:20:01Z,67289,49000200,49000200,19
2026-08-15T05:20:01Z,67304,1500003000,1500003000,1
2026-08-15T05:20:01Z,67305,1500003000,1500003000,1
2026-08-15T05:20:01Z,67306,290003000,290003000,1
2026-08-15T05:20:01Z,67310,49009900,49009900,20
2026-08-15T05:20:01Z,67319,68500,69100,92
2026-08-15T05:20:01Z,67323,49007500,49007500,19
2026-08-15T05:20:01Z,67335,140000,140000,402
2026-08-15T05:20:01Z,67337,49000000,49000000,20
2026-08-15T05:20:01Z,67348,108800,109500,99
2026-08-15T05:20:01Z,67357,49000100,49000100,20
2026-08-15T05:20:01Z,67385,49007900,49007900,20
2026-08-15T05:20:01Z,67388,171700,171700,24
2026-08-15T05:20:01Z,67397,49002200,49002200,21
2026-08-15T05:20:01Z,67399,410000,49000000,21
2026-08-15T05:20:01Z,67401,55000,49000000,23
2026-08-15T05:20:01Z,67403,49009900,49009900,20
2026-08-15T05:20:01Z,67404,200,100000,31
2026-08-15T05:20:01Z,67405,39900,49009900,21
2026-08-15T05:20:01Z,67407,370300,370400,24
2026-08-15T05:20:01Z,67415,6100,6100,93
2026-08-15T05:20:01Z,67438,68700,98700,54
2026-08-15T05:20:01Z,67444,290005100,290005100,1
2026-08-15T05:20:01Z,67482,1499997600,1499997600,2
2026-08-15T05:20:01Z,67483,1500000200,1500000200,1
2026-08-15T05:20:01Z,67484,1500007600,1500007600,1
2026-08-15T05:20:01Z,67485,1500007600,1500007600,1
2026-08-15T05:20:01Z,67486,1500000200,1500000200,1
2026-08-15T05:20:01Z,67487,1500007600,1500007600,1
2026-08-15T05:20:01Z,67506,49002900,49002900,20
2026-08-15T05:20:01Z,67507,49002500,49002500,20
2026-08-15T05:20:01Z,67509,4700,4800,52
2026-08-15T05:20:01Z,67510,2700,2700,51
2026-08-15T05:20:01Z,67511,7400,7600,29
2026-08-15T05:20:01Z,67749,119300,119300,4445
2026-08-15T05:20:01Z,68039,1500000200,1500000200,1
2026-08-15T05:20:01Z,68047,47500,180000,62
2026-08-15T05:20:01Z,68049,31500,31500,318
2026-08-15T05:20:01Z,68055,1230000,1230000,10
2026-08-15T05:20:01Z,68134,851300,1159300,76
2026-08-15T05:20:01Z,68140,1009000,1009000,130
2026-08-15T05:20:01Z,68196,1500000100,1500000100,1
2026-08-15T05:20:01Z,68197,2400,9902400,113
2026-08-15T05:20:01Z,68198,1600,1600,67
2026-08-15T05:20:01Z,68356,1002900,9922900,27
2026-08-15T05:20:01Z,68357,9988000,9988000,27
2026-08-15T05:20:01Z,68358,1509800,1509800,33
2026-08-15T05:20:01Z,68660,3500000,3500000,13
2026-08-15T05:20:01Z,68687,3407900,3407900,196
2026-08-15T05:20:01Z,68731,49000100,49000100,20
2026-08-15T05:20:01Z,68732,49000200,49000200,20
2026-08-15T05:20:01Z,68741,9989500,9989500,38
2026-08-15T05:20:01Z,68771,5500005100,5500005100,1
2026-08-15T05:20:01Z,68778,1200000,1743900,38
2026-08-15T05:20:01Z,68779,1150000,1150000,73
2026-08-15T05:20:01Z,68780,1180000,1180000,56
2026-08-15T05:20:01Z,68784,4154700,4154700,46
2026-08-15T05:20:01Z,68785,2602200,2602200,58
2026-08-15T05:20:01Z,68786,5903100,5903100,56
2026-08-15T05:20:01Z,68793,250007600,250007600,2
2026-08-15T05:20:01Z,69237,2200,2200,1960
2026-08-15T05:20:01Z,69243,9505900,9805900,28
2026-08-15T05:20:01Z,69244,350000,9904600,49
2026-08-15T05:20:01Z,69772,9903300,9903300,97
2026-08-15T05:20:01Z,69773,1500007600,1500007600,1
2026-08-15T05:20:01Z,69839,273763200,273763200,2
2026-08-15T05:20:01Z,69840,290001300,290001300,3
2026-08-15T05:20:01Z,69841,289800200,289800200,8
2026-08-15T05:20:01Z,69863,3112500,3112500,2
2026-08-15T05:20:01Z,69864,14999800,14999800,2
2026-08-15T05:20:01Z,69865,11000000,11000000,4
2026-08-15T05:20:01Z,69920,9969800,9969800,76
2026-08-15T05:20:01Z,69955,290000100,290000100,1
2026-08-15T05:20:01Z,70139,49007400,49007400,8
2026-08-15T05:20:01Z,71155,1500007600,1500007600,1
2026-08-15T05:20:01Z,71375,49000200,49000200,20
2026-08-15T05:20:01Z,71376,290005100,290005100,1
2026-08-15T05:20:01Z,71720,4519800,4520200,12
2026-08-15T05:20:01Z,71805,879900,10008600,2015
2026-08-15T05:20:01Z,71806,2509000,2509000,78
2026-08-15T05:20:01Z,71807,1000000,1455300,113
2026-08-15T05:20:01Z,71808,12900000,12900000,97
2026-08-15T05:20:01Z,71809,1880800,2000800,130
2026-08-15T05:20:01Z,71810,14000000,14000000,71
2026-08-15T05:20:01Z,71817,9187100,9187100,43
2026-08-15T05:20:01Z,71818,6456500,6456600,39
2026-08-15T05:20:01Z,71819,7424000,7424000,49
2026-08-15T05:20:01Z,71820,3824200,3824200,42
2026-08-15T05:20:01Z,71822,19991500,19991500,26
2026-08-15T05:20:01Z,71823,19993400,19993400,27
2026-08-15T05:20:01Z,71824,19930900,19930900,37
2026-08-15T05:20:01Z,71825,19941800,19941900,23
2026-08-15T05:20:01Z,71826,19995400,19995400,24
2026-08-15T05:20:01Z,71827,49908100,49908100,34
2026-08-15T05:20:01Z,71828,19989200,19989200,31
2026-08-15T05:20:01Z,71829,19968900,19968900,33
2026-08-15T05:20:01Z,71830,19984400,19984400,18
2026-08-15T05:20:01Z,71831,43657400,43657400,17
2026-08-15T05:20:01Z,71832,39988900,39988900,30
2026-08-15T05:20:01Z,71833,39899400,39899400,29
2026-08-15T05:20:01Z,71834,19903300,19903300,35
2026-08-15T05:20:01Z,71835,19988000,19988200,22
2026-08-15T05:20:01Z,71836,19900800,19900800,35
2026-08-15T05:20:01Z,71837,19984300,19984300,27
2026-08-15T05:20:01Z,71838,19899800,19899800,36
2026-08-15T05:20:01Z,71839,19981000,19981000,25
2026-08-15T05:20:01Z,71840,19984700,19984700,24
2026-08-15T05:20:01Z,71841,17483600,17483700,25
2026-08-15T05:20:01Z,71842,19897700,19897700,28
2026-08-15T05:20:01Z,71843,16992500,16992500,69
2026-08-15T05:20:01Z,71844,24997800,24997800,19
2026-08-15T05:20:01Z,71845,25003300,25003400,58
2026-08-15T05:20:01Z,71846,24998200,24998300,50
2026-08-15T05:20:01Z,71847,25002400,25002500,18
2026-08-15T05:20:01Z,71848,17480400,17480500,362
2026-08-15T05:20:01Z,71849,25005200,25005200,36
2026-08-15T05:20:01Z,71850,24977400,24977400,87
2026-08-15T05:20:01Z,71851,25001400,25001400,72
2026-08-15T05:20:01Z,71852,19989700,19989700,33
2026-08-15T05:20:01Z,71853,19991000,19991000,41
2026-08-15T05:20:01Z,71854,19994800,19994800,67
2026-08-15T05:20:01Z,71855,24998100,24998100,25
2026-08-15T05:20:01Z,71856,19995000,19995000,116
2026-08-15T05:20:01Z,71857,25001200,25001300,16
2026-08-15T05:20:01Z,71858,25005400,25005400,31
2026-08-15T05:20:01Z,71859,19994400,19994400,25
2026-08-15T05:20:01Z,71860,25005200,25005200,31
2026-08-15T05:20:01Z,71861,25002100,25002100,16
2026-08-15T05:20:01Z,71862,11119900,11120000,79
2026-08-15T05:20:01Z,71863,9992800,9992800,21
2026-08-15T05:20:01Z,71864,8800900,8801000,75
2026-08-15T05:20:01Z,71865,6999500,6999500,31
2026-08-15T05:20:01Z,71866,9949500,9949500,46
2026-08-15T05:20:01Z,71867,9988000,9988000,65
2026-08-15T05:20:01Z,71868,9989200,9989200,42
2026-08-15T05:20:01Z,71869,7505400,7505400,88
2026-08-15T05:20:01Z,71870,10588800,10588800,29
2026-08-15T05:20:01Z,71871,9988300,9988300,45
2026-08-15T05:20:01Z,71872,9989500,9989500,34
2026-08-15T05:20:01Z,71873,8769300,8769300,30
2026-08-15T05:20:01Z,71874,11236100,11236200,46
2026-08-15T05:20:01Z,71875,15024100,15024100,37
2026-08-15T05:20:01Z,71876,11237600,11237600,34
2026-08-15T05:20:01Z,71877,9972200,9972200,39
2026-08-15T05:20:01Z,71878,11626200,11626200,34
2026-08-15T05:20:01Z,71879,3782700,3782700,65
2026-08-15T05:20:01Z,71880,9923000,9923000,41
2026-08-15T05:20:01Z,71881,2001000,2001000,67
2026-08-15T05:20:01Z,71882,9969300,9969300,37
2026-08-15T05:20:01Z,71883,9988400,9988400,56
2026-08-15T05:20:01Z,71998,2100,4700,15536
2026-08-15T05:20:01Z,72092,41800,42200,138823
2026-08-15T05:20:01Z,72093,8200,16000,55607
2026-08-15T05:20:01Z,72094,173700,199900,17725
2026-08-15T05:20:01Z,72095,769900,769900,10161
2026-08-15T05:20:01Z,72096,92000,92400,27749
2026-08-15T05:20:01Z,72103,162700,199900,10526
2026-08-15T05:20:01Z,72104,4267500,4267500,5150
2026-08-15T05:20:01Z,72120,10100,89900,136699
2026-08-15T05:20:01Z,72162,6500,10600,11510
2026-08-15T05:20:01Z,72163,499900,500000,294
2026-08-15T05:20:01Z,72234,9900,13300,11816
2026-08-15T05:20:01Z,72235,9900,11300,9798
2026-08-15T05:20:01Z,72237,15000,15000,2557
2026-08-15T05:20:01Z,72238,53000,255000,212972
2026-08-15T05:20:01Z,72985,19900,19900,544
2026-08-15T05:20:01Z,72986,2100,2100,684
2026-08-15T05:20:01Z,72988,2500,2500,38014
2026-08-15T05:20:01Z,73260,1400,1400,288
2026-08-15T05:20:01Z,74247,17500,17500,1272
2026-08-15T05:20:01Z,74248,71500,99900,20273
2026-08-15T05:20:01Z,74249,700,1100,233479
2026-08-15T05:20:01Z,74250,5000,17500,161123
2026-08-15T05:20:01Z,74252,4100,5300,2014
2026-08-15T05:20:01Z,74622,5500005100,5500005100,1
2026-08-15T05:20:01Z,74636,662300,9898500,642
2026-08-15T05:20:01Z,74641,197900,197900,750
2026-08-15T05:20:01Z,74642,94900,95500,149
2026-08-15T05:20:01Z,74643,257400,277400,756
2026-08-15T05:20:01Z,74644,199900,199900,499
2026-08-15T05:20:01Z,74645,372600,372600,149
2026-08-15T05:20:01Z,74646,39500,39500,2248
2026-08-15T05:20:01Z,74647,190000,190000,380
2026-08-15T05:20:01Z,74648,24300,50000,1271
2026-08-15T05:20:01Z,74649,155700,195800,680
2026-08-15T05:20:01Z,74650,450000,450000,730
2026-08-15T05:20:01Z,74651,188600,188600,962
2026-08-15T05:20:01Z,74652,799100,799100,396
2026-08-15T05:20:01Z,74653,149900,150000,1558
2026-08-15T05:20:01Z,74654,2573100,2573100,377
2026-08-15T05:20:01Z,74655,384000,384000,1021
2026-08-15T05:20:01Z,74656,1500000,9982300,1089
2026-08-15T05:20:01Z,74659,17300,17300,710
2026-08-15T05:20:01Z,74660,50000,57500,2073
2026-08-15T05:20:01Z,74661,990500,1020700,1982
2026-08-15T05:20:01Z,74662,949900,949900,1407
2026-08-15T05:20:01Z,74700,8500,10000,88
2026-08-15T05:20:01Z,74701,15000,21700,76
2026-08-15T05:20:01Z,74703,678500,1999900,55
2026-08-15T05:20:01Z,74704,998100,998100,83
2026-08-15T05:20:01Z,74705,903000,903000,87
2026-08-15T05:20:01Z,74706,9700,9800,131
2026-08-15T05:20:01Z,74707,1800,1800,68
2026-08-15T05:20:01Z,74708,45700,49900,330
2026-08-15T05:20:01Z,74709,45600,45600,126
2026-08-15T05:20:01Z,74710,2500,2500,276
2026-08-15T05:20:01Z,74711,10000,12000,66
2026-08-15T05:20:01Z,74712,49500,600400,49
2026-08-15T05:20:01Z,74713,5000,5000,93
2026-08-15T05:20:01Z,74715,15400,49900,269
2026-08-15T05:20:01Z,74716,5000,7900,105
2026-08-15T05:20:01Z,74717,42500,49900,282
2026-08-15T05:20:01Z,74718,49500,49900,244
2026-08-15T05:20:01Z,74719,49900,49900,256
2026-08-15T05:20:01Z,74720,32400,32400,69
2026-08-15T05:20:01Z,74721,49500,49900,242
2026-08-15T05:20:01Z,74722,39200,49900,249
2026-08-15T05:20:01Z,74723,34400,34400,61
2026-08-15T05:20:01Z,74724,400000,400000,334
2026-08-15T05:20:01Z,74725,205200,205200,252
2026-08-15T05:20:01Z,74726,1358500,1358500,67
2026-08-15T05:20:01Z,74727,89900,89900,60
2026-08-15T05:20:01Z,74728,459500,459500,73
2026-08-15T05:20:01Z,74729,45000,49900,209
2026-08-15T05:20:01Z,74822,700,700,478
2026-08-15T05:20:01Z,74832,15000,15000,2470
2026-08-15T05:20:01Z,74833,99900,159700,25464
2026-08-15T05:20:01Z,74834,30000,61500,1402
2026-08-15T05:20:01Z,74837,94500,179500,19579
2026-08-15T05:20:01Z,74838,60400,66400,3178
2026-08-15T05:20:01Z,74839,99500,118100,1531
2026-08-15T05:20:01Z,74840,76900,77000,6688
2026-08-15T05:20:01Z,74841,9900,9900,9009
2026-08-15T05:20:01Z,74842,49900,50000,4097
2026-08-15T05:20:01Z,74843,103700,103700,4547
2026-08-15T05:20:01Z,74844,9900,11000,28659
2026-08-15T05:20:01Z,74845,47000,48600,543
2026-08-15T05:20:01Z,74846,39900,119500,12255
2026-08-15T05:20:01Z,74847,71000,73900,14928
2026-08-15T05:20:01Z,74848,21100,31100,12742
2026-08-15T05:20:01Z,74849,20000,47700,5805
2026-08-15T05:20:01Z,74850,79900,90000,4627
2026-08-15T05:20:01Z,74851,10000,26500,1366
2026-08-15T05:20:01Z,74852,18500,18500,758
2026-08-15T05:20:01Z,74853,1545000,1547500,1768
2026-08-15T05:20:01Z,74854,29800,29800,452
2026-08-15T05:20:01Z,74856,102400,110000,1964
2026-08-15T05:20:01Z,74857,79500,80000,4544
2026-08-15T05:20:01Z,74859,57600,59400,3292
2026-08-15T05:20:01Z,74860,67800,69900,10196
2026-08-15T05:20:01Z,74861,55500,55800,3058
2026-08-15T05:20:01Z,74863,79800,79800,2411
2026-08-15T05:20:01Z,74864,34500,35000,3788
2026-08-15T05:20:01Z,74865,123300,127500,5747
2026-08-15T05:20:01Z,74866,14000,17100,17763
2026-08-15T05:20:01Z,74919,21800,21800,180
2026-08-15T05:20:01Z,74921,20000,20000,94
2026-08-15T05:20:01Z,75014,222500,229900,4386
2026-08-15T05:20:01Z,75016,1700,1700,312
2026-08-15T05:20:01Z,75026,871000,871000,214
2026-08-15T05:20:01Z,75037,129900,139900,428
2026-08-15T05:20:01Z,75038,195000,195000,2399
2026-08-15T05:20:01Z,76061,1150000,1190000,27973
2026-08-15T05:20:01Z,76075,8000,8000,485
2026-08-15T05:20:01Z,76076,58600,9891000,50
2026-08-15T05:20:01Z,76077,89700,89800,1461
2026-08-15T05:20:01Z,76078,18700,38700,452
2026-08-15T05:20:01Z,76079,18000,20000,122
2026-08-15T05:20:01Z,76080,20000,93800,243
2026-08-15T05:20:01Z,76081,15000,93800,276
2026-08-15T05:20:01Z,76083,89400,89400,121
2026-08-15T05:20:01Z,76084,198900,198900,97
2026-08-15T05:20:01Z,76085,100500,187500,260
2026-08-15T05:20:01Z,76086,20000,20000,161
2026-08-15T05:20:01Z,76087,24500,24500,66
2026-08-15T05:20:01Z,76088,70000,70000,87
2026-08-15T05:20:01Z,76089,40700,40700,203
2026-08-15T05:20:01Z,76090,14600,14600,144
2026-08-15T05:20:01Z,76092,5700,5700,89
2026-08-15T05:20:01Z,76093,300000,300000,197
2026-08-15T05:20:01Z,76094,5000,5000,481
2026-08-15T05:20:01Z,76095,4500,4500,449
2026-08-15T05:20:01Z,76096,199500,199500,87
2026-08-15T05:20:01Z,76097,8800,8800,308
2026-08-15T05:20:01Z,76098,30000,30000,1525
2026-08-15T05:20:01Z,76130,10100,10100,737
2026-08-15T05:20:01Z,76131,165000,165000,2209
2026-08-15T05:20:01Z,76132,400000,400000,944
2026-08-15T05:20:01Z,76133,30000,30000,1112
2026-08-15T05:20:01Z,76134,12600,12600,528
2026-08-15T05:20:01Z,76135,15300,15400,406
2026-08-15T05:20:01Z,76136,27000,27000,533
2026-08-15T05:20:01Z,76137,30000,34500,231
2026-08-15T05:20:01Z,76138,100000,218700,313
2026-08-15T05:20:01Z,76139,119900,119900,546
2026-08-15T05:20:01Z,76140,44400,44400,638
2026-08-15T05:20:01Z,76141,39900,39900,603
2026-08-15T05:20:01Z,76142,90000,114700,188
2026-08-15T05:20:01Z,76502,30000,45000,135
2026-08-15T05:20:01Z,76504,67500,67500,47
2026-08-15T05:20:01Z,76505,2220000,2220000,47
2026-08-15T05:20:01Z,76506,60000,60000,61
2026-08-15T05:20:01Z,76507,9902200,9902200,54
2026-08-15T05:20:01Z,76508,50100,50100,37
2026-08-15T05:20:01Z,76509,14400,14500,154
2026-08-15T05:20:01Z,76510,20000,28800,63
2026-08-15T05:20:01Z,76511,57900,57900,69
2026-08-15T05:20:01Z,76512,77700,77700,49
2026-08-15T05:20:01Z,76513,990000,990000,83
2026-08-15T05:20:01Z,76514,49600,49600,310
2026-08-15T05:20:01Z,76515,71500,71500,69
2026-08-15T05:20:01Z,76517,75500,75500,67
2026-08-15T05:20:01Z,76518,75600,75600,144
2026-08-15T05:20:01Z,76519,75600,75600,61
2026-08-15T05:20:01Z,76520,300000,300000,56
2026-08-15T05:20:01Z,76521,54300,54300,57
2026-08-15T05:20:01Z,76522,630800,630800,70
2026-08-15T05:20:01Z,76523,197980200,197980200,31
2026-08-15T05:20:01Z,76524,26900,26900,58
2026-08-15T05:20:01Z,76525,50000,50000,55
2026-08-15T05:20:01Z,76526,19800,19800,206
2026-08-15T05:20:01Z,76527,20300,20300,53
2026-08-15T05:20:01Z,76528,18000,18000,49
2026-08-15T05:20:01Z,76529,20000,20000,56
2026-08-15T05:20:01Z,76530,20500,20500,72
2026-08-15T05:20:01Z,76531,20500,20500,49
2026-08-15T05:20:01Z,76532,90000,90000,58
2026-08-15T05:20:01Z,76533,20000,20000,71
2026-08-15T05:20:01Z,76534,21600,21600,65
2026-08-15T05:20:01Z,76535,4004100,4004100,52
2026-08-15T05:20:01Z,76536,20500,20500,63
2026-08-15T05:20:01Z,76537,76200,76200,51
2026-08-15T05:20:01Z,76538,20300,20300,73
2026-08-15T05:20:01Z,76539,20000,20000,62
2026-08-15T05:20:01Z,76540,13900,13900,82
2026-08-15T05:20:01Z,76541,20500,20500,42
2026-08-15T05:20:01Z,76542,20500,20500,60
2026-08-15T05:20:01Z,76543,20500,20500,43
2026-08-15T05:20:01Z,76544,19900,19900,55
2026-08-15T05:20:01Z,76545,20500,20500,65
2026-08-15T05:20:01Z,76546,20500,20500,55
2026-08-15T05:20:01Z,76547,20500,20500,61
2026-08-15T05:20:01Z,76548,16000,19000,46
2026-08-15T05:20:01Z,76549,1993000,1993000,58
2026-08-15T05:20:01Z,76550,19800,22200,62
2026-08-15T05:20:01Z,76551,19000,22200,60
2026-08-15T05:20:01Z,76552,92600,92600,88
2026-08-15T05:20:01Z,76553,11800,22200,45
2026-08-15T05:20:01Z,76554,17100,17100,54
2026-08-15T05:20:01Z,76555,82600,82600,130
2026-08-15T05:20:01Z,76556,221700,221700,36
2026-08-15T05:20:01Z,76557,2220000,2220000,75
2026-08-15T05:20:01Z,76558,17100,17100,62
2026-08-15T05:20:01Z,76559,30000,30000,49
2026-08-15T05:20:01Z,76560,2475000,2475000,62
2026-08-15T05:20:01Z,76561,19500,39800,75
2026-08-15T05:20:01Z,76562,300000,300000,40
2026-08-15T05:20:01Z,76563,15000,15000,39
2026-08-15T05:20:01Z,76564,9990000,9990000,54
2026-08-15T05:20:01Z,76565,20000,20000,49
2026-08-15T05:20:01Z,76566,27200,27200,54
2026-08-15T05:20:01Z,76567,24400,32900,50
2026-08-15T05:20:01Z,76568,35100,35100,61
2026-08-15T05:20:01Z,76569,24400,24400,49
2026-08-15T05:20:01Z,76570,299400,300000,35
2026-08-15T05:20:01Z,76571,9979800,9979800,23
2026-08-15T05:20:01Z,76572,1990000,1990000,37
2026-08-15T05:20:01Z,76573,627100,9903000,23
2026-08-15T05:20:01Z,76574,2880000,2880000,27
2026-08-15T05:20:01Z,76575,4990000,4990000,15
2026-08-15T05:20:01Z,76576,2990000,9990400,24
2026-08-15T05:20:01Z,76577,9991900,9991900,29
2026-08-15T05:20:01Z,76578,9991000,9991000,25
2026-08-15T05:20:01Z,76579,9990000,9990000,27
2026-08-15T05:20:01Z,76580,6666000,9996000,23
2026-08-15T05:20:01Z,76581,1980300,1980300,26
2026-08-15T05:20:01Z,76582,19996200,19996200,13
2026-08-15T05:20:01Z,76583,9992300,9992300,20
2026-08-15T05:20:01Z,76584,7262800,7336100,26
2026-08-15T05:20:01Z,76585,4990000,4990000,30
2026-08-15T05:20:01Z,76586,9898700,9998600,23
2026-08-15T05:20:01Z,76587,6911600,19990000,11
2026-08-15T05:20:01Z,76588,6341600,6341600,21
2026-08-15T05:20:01Z,76589,199990000,199990000,2
2026-08-15T05:20:01Z,76590,15009700,19899700,16
2026-08-15T05:20:01Z,76591,9996800,9996800,31
2026-08-15T05:20:01Z,76592,4000000,4000000,37
2026-08-15T05:20:01Z,76593,9992000,9992000,20
2026-08-15T05:20:01Z,76594,9900000,9900000,23
2026-08-15T05:20:01Z,76595,3511400,9997500,22
2026-08-15T05:20:01Z,76596,3538000,3538000,16
2026-08-15T05:20:01Z,76597,1841500,1841500,16
2026-08-15T05:20:01Z,76598,9990000,9990000,20
2026-08-15T05:20:01Z,76599,640000,640000,34
2026-08-15T05:20:01Z,76600,2079400,2079400,31
2026-08-15T05:20:01Z,76601,19998300,19998300,10
2026-08-15T05:20:01Z,76602,9991900,9991900,26
2026-08-15T05:20:01Z,76603,960600,9999700,21
2026-08-15T05:20:01Z,76604,2207200,9996500,22
2026-08-15T05:20:01Z,76605,9890100,9990000,21
2026-08-15T05:20:01Z,76606,1046400,1046400,37
2026-08-15T05:20:01Z,76607,6008500,9998500,23
2026-08-15T05:20:01Z,76608,19991500,19991500,11
2026-08-15T05:20:01Z,76609,19969800,19969800,13
2026-08-15T05:20:01Z,76610,3355900,3355900,13
2026-08-15T05:20:01Z,76611,19199700,19199700,18
2026-08-15T05:20:01Z,76612,19959500,19959500,11
2026-08-15T05:20:01Z,76613,19790000,19790000,13
2026-08-15T05:20:01Z,76614,3000000,9990000,24
2026-08-15T05:20:01Z,76615,2880000,2880000,25
2026-08-15T05:20:01Z,76616,8527700,8527700,70
2026-08-15T05:20:01Z,76617,19868300,19868300,16
2026-08-15T05:20:01Z,76618,907600,907600,28
2026-08-15T05:20:01Z,76619,9999900,9999900,21
2026-08-15T05:20:01Z,76620,9993500,9993500,26
2026-08-15T05:20:01Z,76621,792000,792000,24
2026-08-15T05:20:01Z,76622,19991900,19991900,13
2026-08-15T05:20:01Z,76623,9989400,9989400,20
2026-08-15T05:20:01Z,76624,980000,980000,29
2026-08-15T05:20:01Z,76625,9996200,9996200,22
2026-08-15T05:20:01Z,76626,4000000,9801000,24
2026-08-15T05:20:01Z,76627,2250000,2250000,29
2026-08-15T05:20:01Z,76628,1961400,1961400,28
2026-08-15T05:20:01Z,76629,6510000,6510000,26
2026-08-15T05:20:01Z,76630,1200000,1200000,23
2026-08-15T05:20:01Z,76631,1250000,9989900,24
2026-08-15T05:20:01Z,76632,4441300,9991300,23
2026-08-15T05:20:01Z,76633,4688400,4688400,48
2026-08-15T05:20:01Z,76634,1900000,2001000,28
2026-08-15T05:20:01Z,76635,9900000,9900000,21
2026-08-15T05:20:01Z,76636,197900,198000,52
2026-08-15T05:20:01Z,76637,600000,6008000,34
2026-08-15T05:20:01Z,76638,39600,9999600,28
2026-08-15T05:20:01Z,76639,180000,180000,127
2026-08-15T05:20:01Z,76640,115200,115200,39
2026-08-15T05:20:01Z,76641,900000,900000,88
2026-08-15T05:20:01Z,76642,90000,99500,55
2026-08-15T05:20:01Z,76643,157400,157400,66
2026-08-15T05:20:01Z,76644,149900,150000,100
2026-08-15T05:20:01Z,76645,50000,108800,65
2026-08-15T05:20:01Z,76646,119900,120000,53
2026-08-15T05:20:01Z,76647,157400,157400,45
2026-08-15T05:20:01Z,76648,29900,115200,77
2026-08-15T05:20:01Z,76649,900000,900000,77
2026-08-15T05:20:01Z,76650,61900,62000,48
2026-08-15T05:20:01Z,76651,29900,40000,57
2026-08-15T05:20:01Z,76652,209900,210000,41
2026-08-15T05:20:01Z,76653,98900,115200,152
2026-08-15T05:20:01Z,76654,149900,150000,68
2026-08-15T05:20:01Z,76655,15836000,15836000,12
2026-08-15T05:20:01Z,76656,40000,115200,55
2026-08-15T05:20:01Z,76657,359800,359900,71
2026-08-15T05:20:01Z,76658,69900,70000,54
2026-08-15T05:20:01Z,76659,181400,181400,55
2026-08-15T05:20:01Z,76660,99900,99900,47
2026-08-15T05:20:01Z,76661,399500,400000,82
2026-08-15T05:20:01Z,76662,171400,171500,77
2026-08-15T05:20:01Z,76663,409900,409900,106
2026-08-15T05:20:01Z,76664,20000,77500,67
2026-08-15T05:20:01Z,76665,60000,80200,68
2026-08-15T05:20:01Z,76666,107700,107700,80
2026-08-15T05:20:01Z,76667,87500,87500,69
2026-08-15T05:20:01Z,76668,77500,77500,80
2026-08-15T05:20:01Z,76669,2763500,2763500,55
2026-08-15T05:20:01Z,76670,81100,81200,50
2026-08-15T05:20:01Z,76671,185800,185800,74
2026-08-15T05:20:01Z,76672,89400,89500,88
2026-08-15T05:20:01Z,76673,140000,140000,49
2026-08-15T05:20:01Z,76674,49900,77500,82
2026-08-15T05:20:01Z,76675,99700,99700,76
2026-08-15T05:20:01Z,76676,19600,77500,107
2026-08-15T05:20:01Z,76677,300000,1690000,76
2026-08-15T05:20:01Z,76678,59400,77500,71
2026-08-15T05:20:01Z,76679,69900,70000,54
2026-08-15T05:20:01Z,76680,104500,104500,57
2026-08-15T05:20:01Z,76681,69900,70000,55
2026-08-15T05:20:01Z,76682,158000,158100,111
2026-08-15T05:20:01Z,76683,259400,259500,106
2026-08-15T05:20:01Z,76684,100000,100000,52
2026-08-15T05:20:01Z,76685,87000,87000,51
2026-08-15T05:20:01Z,76686,171700,171700,56
2026-08-15T05:20:01Z,76687,74400,74400,89
2026-08-15T05:20:01Z,76688,167400,9996400,24
2026-08-15T05:20:01Z,76689,28700,65400,79
2026-08-15T05:20:01Z,76690,78000,78000,93
2026-08-15T05:20:01Z,76691,30000,50000,44
2026-08-15T05:20:01Z,76692,115100,115100,54
2026-08-15T05:20:01Z,76693,205100,205100,80
2026-08-15T05:20:01Z,76694,190000,190000,55
2026-08-15T05:20:01Z,76695,30000,30000,65
2026-08-15T05:20:01Z,76696,149500,149500,41
2026-08-15T05:20:01Z,76697,50000,89900,56
2026-08-15T05:20:01Z,76698,60000,60000,80
2026-08-15T05:20:01Z,76699,50000,55000,41
2026-08-15T05:20:01Z,76700,108400,108500,60
2026-08-15T05:20:01Z,76701,15300,95700,67
2026-08-15T05:20:01Z,76728,49000100,49000100,20
2026-08-15T05:20:01Z,76734,145000,145000,878
2026-08-15T05:20:01Z,76879,9374800,9374800,103
2026-08-15T05:20:01Z,76884,9964500,9964500,27
2026-08-15T05:20:01Z,76885,3750000,3750000,34
2026-08-15T05:20:01Z,76886,39990300,39990300,8
2026-08-15T05:20:01Z,76887,9993300,9993300,41
2026-08-15T05:20:01Z,76888,3125000,3125000,35
2026-08-15T05:20:01Z,76890,9994900,9994900,27
2026-08-15T05:20:01Z,76891,9997300,9997300,32
2026-08-15T05:20:01Z,76892,774800,774800,58
2026-08-15T05:20:01Z,76893,9375000,9375000,45
2026-08-15T05:20:01Z,76894,8000000,8000000,35
2026-08-15T05:20:01Z,76895,690000,690000,46
2026-08-15T05:20:01Z,76896,3000000,3000000,34
2026-08-15T05:20:01Z,76897,4896800,4896800,42
2026-08-15T05:20:01Z,77101,288800,290900,2164
2026-08-15T05:20:01Z,77264,9990000,9990000,25
2026-08-15T05:20:01Z,77272,30600,30600,69
2026-08-15T05:20:01Z,77273,39999100,39999100,5
2026-08-15T05:20:01Z,77467,165600,165600,8579
2026-08-15T05:20:01Z,77468,67500,100000,2787
2026-08-15T05:20:01Z,77529,1506800,1506800,32
2026-08-15T05:20:01Z,77531,190000,190000,86
2026-08-15T05:20:01Z,77532,50000,50000,96
2026-08-15T05:20:01Z,77540,299900,350000,64
2026-08-15T05:20:01Z,77541,828600,828700,41
2026-08-15T05:20:01Z,77542,499800,500000,36
2026-08-15T05:20:01Z,77543,508700,509000,79
2026-08-15T05:20:01Z,77544,498700,499400,54
2026-08-15T05:20:01Z,77545,804700,804900,48
2026-08-15T05:20:01Z,77546,787300,787700,69
2026-08-15T05:20:01Z,77547,302500,302600,33
2026-08-15T05:20:01Z,77589,3300,3300,365
2026-08-15T05:20:01Z,78883,1220000,1236600,1752
2026-08-15T05:20:01Z,79010,47900,48500,11574
2026-08-15T05:20:01Z,79011,9700,9700,6353
2026-08-15T05:20:01Z,79101,57700,120800,4892
2026-08-15T05:20:01Z,79102,90000,90000,291
2026-08-15T05:20:01Z,79238,15008300,15008300,2
2026-08-15T05:20:01Z,79249,992200,1002200,179
2026-08-15T05:20:01Z,79251,4400,7300,47274
2026-08-15T05:20:01Z,79253,128700,128700,1027
2026-08-15T05:20:01Z,79254,8900,99900,209067
2026-08-15T05:20:01Z,79255,267200,267200,151413
2026-08-15T05:20:01Z,79257,45000000,45000000,92
2026-08-15T05:20:01Z,79283,10990000,10990000,76
2026-08-15T05:20:01Z,79284,39900000,39900000,12
2026-08-15T05:20:01Z,79285,7502800,7502800,35
2026-08-15T05:20:01Z,79286,9910100,9910100,106
2026-08-15T05:20:01Z,79287,10005100,49900000,15
2026-08-15T05:20:01Z,79288,40004000,40004000,10
2026-08-15T05:20:01Z,79289,9009800,9009800,23
2026-08-15T05:20:01Z,79290,7004600,7004600,24
2026-08-15T05:20:01Z,79291,28514300,28514300,4
2026-08-15T05:20:01Z,79292,5293100,39994000,10
2026-08-15T05:20:01Z,79293,199990000,199990000,5
2026-08-15T05:20:01Z,79294,5999900,5999900,6
2026-08-15T05:20:01Z,79295,7424900,39909700,15
2026-08-15T05:20:01Z,79296,12003200,12003200,13
2026-08-15T05:20:01Z,79297,38000000,38000000,6
2026-08-15T05:20:01Z,79298,5830100,5830100,41
2026-08-15T05:20:01Z,79299,5007600,5007600,8
2026-08-15T05:20:01Z,79300,22007300,22007300,25
2026-08-15T05:20:01Z,79301,14247400,14247400,30
2026-08-15T05:20:01Z,79302,15000800,15000800,17
2026-08-15T05:20:01Z,79303,14249500,14249500,40
2026-08-15T05:20:01Z,79304,5004000,5004000,14
2026-08-15T05:20:01Z,79305,15000000,15000000,20
2026-08-15T05:20:01Z,79306,6999900,6999900,23
2026-08-15T05:20:01Z,79307,5555200,5555200,45
2026-08-15T05:20:01Z,79308,39904000,39904000,35
2026-08-15T05:20:01Z,79309,7246800,7246800,72
2026-08-15T05:20:01Z,79310,7026500,7026500,43
2026-08-15T05:20:01Z,79311,9637800,9637800,47
2026-08-15T05:20:01Z,79312,14000000,14000000,30
2026-08-15T05:20:01Z,79313,4449900,11397400,84
2026-08-15T05:20:01Z,79314,6669000,6669000,42
2026-08-15T05:20:01Z,79513,250000200,250000200,1
2026-08-15T05:20:01Z,79514,1500000200,1500000200,1
2026-08-15T05:20:01Z,79515,250000200,250000200,1
2026-08-15T05:20:01Z,79538,301100,301100,220
2026-08-15T05:20:01Z,79868,11881900,11882100,307
2026-08-15T05:20:01Z,79869,4507200,4507200,1229
2026-08-15T05:20:01Z,80313,89800,90000,34
2026-08-15T05:20:01Z,80431,890000,890000,207
2026-08-15T05:20:01Z,80433,18300,20000,3739
2026-08-15T05:20:01Z,80581,1500000200,1500000200,1
2026-08-15T05:20:01Z,80584,1500000200,1500000200,1
2026-08-15T05:20:01Z,80585,1500000200,1500000200,1
2026-08-15T05:20:01Z,80586,250000200,250000200,2
2026-08-15T05:20:01Z,80587,989700,989900,168
2026-08-15T05:20:01Z,80588,291400,341400,185
2026-08-15T05:20:01Z,80590,13600,13600,434
2026-08-15T05:20:01Z,80591,45100,45100,518
2026-08-15T05:20:01Z,80592,10000,10000,260
2026-08-15T05:20:01Z,80593,15700,990000,205
2026-08-15T05:20:01Z,80594,42800,990000,223
2026-08-15T05:20:01Z,80595,5800,5900,244
2026-08-15T05:20:01Z,81055,1600,1600,3261
2026-08-15T05:20:01Z,81175,40000,49900,64
2026-08-15T05:20:01Z,81194,10500,10500,215
2026-08-15T05:20:01Z,81195,1509700,49009800,23
2026-08-15T05:20:01Z,81196,3500,3500,73
2026-08-15T05:20:01Z,81197,1300,1300,44
2026-08-15T05:20:01Z,81198,49006100,49006100,20
2026-08-15T05:20:01Z,81200,1500,10100,253
2026-08-15T05:20:01Z,81201,10000,10000,48
2026-08-15T05:20:01Z,81202,800,800,179
2026-08-15T05:20:01Z,81203,8800,9000,32
2026-08-15T05:20:01Z,81204,49009900,49009900,20
2026-08-15T05:20:01Z,81205,9905000,9905000,100
2026-08-15T05:20:01Z,81400,2000,2000,157
2026-08-15T05:20:01Z,81401,8000,8000,138
2026-08-15T05:20:01Z,81402,6900,6900,180
2026-08-15T05:20:01Z,81403,100000,188000,827
2026-08-15T05:20:01Z,81404,1800,1800,145
2026-08-15T05:20:01Z,81405,6000,6000,229
2026-08-15T05:20:01Z,81406,6600,6600,224
2026-08-15T05:20:01Z,81407,7900,7900,44
2026-08-15T05:20:01Z,81408,14000,14000,117
2026-08-15T05:20:01Z,81409,1700,1700,181
2026-08-15T05:20:01Z,81410,3000,3200,62
2026-08-15T05:20:01Z,81411,1400,1400,94
2026-08-15T05:20:01Z,81412,1800,1800,168
2026-08-15T05:20:01Z,81413,1300,1300,392
2026-08-15T05:20:01Z,81414,1400,1400,380
2026-08-15T05:20:01Z,81415,6800,6800,98
2026-08-15T05:20:01Z,81889,9900000,9900000,124
2026-08-15T05:20:01Z,81916,9808300,9808300,145
2026-08-15T05:20:01Z,81917,9890000,9890000,223
2026-08-15T05:20:01Z,81918,2996800,2996800,98
2026-08-15T05:20:01Z,81919,9790000,9790000,45
2026-08-15T05:20:01Z,81920,980900,980900,185
2026-08-15T05:20:01Z,81921,483200,483200,285
2026-08-15T05:20:01Z,81922,703200,703200,403
2026-08-15T05:20:01Z,81923,50000,50000,60
2026-08-15T05:20:01Z,81924,910800,910800,38
2026-08-15T05:20:01Z,81956,1500000200,1500000200,1
2026-08-15T05:20:01Z,82300,10000,10000,83
2026-08-15T05:20:01Z,82328,3500,3500,124
2026-08-15T05:20:01Z,82330,49000200,49000200,20
2026-08-15T05:20:01Z,82343,3842900,3842900,90
2026-08-15T05:20:01Z,82344,90000,90000,48
2026-08-15T05:20:01Z,82345,1500007600,1500007600,1
2026-08-15T05:20:01Z,82392,1800,2600,818
2026-08-15T05:20:01Z,82441,12900,15200,8591
2026-08-15T05:20:01Z,82442,30000,30000,99
2026-08-15T05:20:01Z,82443,30000,30000,75
2026-08-15T05:20:01Z,82444,1150000,1150000,145
2026-08-15T05:20:01Z,82445,4130000,4130000,263
2026-08-15T05:20:01Z,82448,9899800,9899800,85
2026-08-15T05:20:01Z,82449,9889900,9889900,55
2026-08-15T05:20:01Z,82450,159300,159300,163
2026-08-15T05:20:01Z,82451,46700,46700,138
2026-08-15T05:20:01Z,82960,66700,66700,162
2026-08-15T05:20:01Z,83006,592200,599900,84
2026-08-15T05:20:01Z,83007,599900,925200,61
2026-08-15T05:20:01Z,83064,30000,49900,3422
2026-08-15T05:20:01Z,83065,2551300,3001300,24
2026-08-15T05:20:01Z,83092,219008000,219008600,102
2026-08-15T05:20:01Z,83094,9978800,9978800,45
2026-08-15T05:20:01Z,83095,9989900,9989900,54
2026-08-15T05:20:01Z,83096,250007600,250007600,1
2026-08-15T05:20:01Z,83097,20000,20000,70
2026-08-15T05:20:01Z,83107,1500000200,1500000200,1
2026-08-15T05:20:01Z,83120,100005100,100005100,3
2026-08-15T05:20:01Z,83156,1000,1000,121
2026-08-15T05:20:01Z,83157,100000,100000,99
2026-08-15T05:20:01Z,83763,668400,2024600,335
2026-08-15T05:20:01Z,83764,9134600,9135000,23
2026-08-15T05:20:01Z,83765,3206700,3206700,47
2026-08-15T05:20:01Z,84652,1500000200,1500000200,1
2026-08-15T05:20:01Z,85221,588700,589700,171
2026-08-15T05:20:01Z,85501,8000,8000,122
2026-08-15T05:20:01Z,85504,278500,278500,91
2026-08-15T05:20:01Z,85506,8800,330700,1911
2026-08-15T05:20:01Z,85559,24800,30000,717
2026-08-15T05:20:01Z,85568,90000,90000,54
2026-08-15T05:20:01Z,85569,40000,50000,51
2026-08-15T05:20:01Z,85570,499100,499100,32
2026-08-15T05:20:01Z,85583,16900,78300,1736
2026-08-15T05:20:01Z,85584,30000,30000,871
2026-08-15T05:20:01Z,85585,50000,50000,2366
2026-08-15T05:20:01Z,85683,1500000200,1500000200,1
2026-08-15T05:20:01Z,85684,250007600,250007600,1
2026-08-15T05:20:01Z,85685,1500007600,1500007600,1
2026-08-15T05:20:01Z,85687,1500007600,1500007600,1
2026-08-15T05:20:01Z,85689,1500007600,1500007600,1
2026-08-15T05:20:01Z,85691,250000200,250000200,1
2026-08-15T05:20:01Z,85692,1500007600,1500007600,1
2026-08-15T05:20:01Z,85695,1500000200,1500000200,1
2026-08-15T05:20:01Z,85696,1500000200,1500000200,1
2026-08-15T05:20:01Z,85697,250007600,250007600,1
2026-08-15T05:20:01Z,85698,250007600,250007600,1
2026-08-15T05:20:01Z,85699,1500000200,1500000200,1
2026-08-15T05:20:01Z,85700,1500000200,1500000200,2
2026-08-15T05:20:01Z,86026,342400,342400,562
2026-08-15T05:20:01Z,86057,98900,98900,905
2026-08-15T05:20:01Z,86069,50000,990000,891
2026-08-15T05:20:01Z,86070,947400,947400,666
2026-08-15T05:20:01Z,86073,180000,180000,96
2026-08-15T05:20:01Z,86074,1000000,1120000,441
2026-08-15T05:20:01Z,86432,24600,24600,154
2026-08-15T05:20:01Z,86541,1500000200,1500000200,1
2026-08-15T05:20:01Z,86574,406965100,406965100,4
2026-08-15T05:20:01Z,86592,10000000,12000000,113
2026-08-15T05:20:01Z,86597,4550000,4550000,63
2026-08-15T05:20:01Z,86599,1502300,1502700,30
2026-08-15T05:20:01Z,87226,3500,3500,274
2026-08-15T05:20:01Z,87228,1200000,3501900,175
2026-08-15T05:20:01Z,87230,3500,3500,458
2026-08-15T05:20:01Z,87232,394800,394800,70
2026-08-15T05:20:01Z,87234,1500,1500,443
2026-08-15T05:20:01Z,87236,27700,27700,216
2026-08-15T05:20:01Z,87238,7200,7200,586
2026-08-15T05:20:01Z,87240,9908000,9908000,59
2026-08-15T05:20:01Z,87242,4500,4500,485
2026-08-15T05:20:01Z,87244,50000,50000,112
2026-08-15T05:20:01Z,87246,1600,1600,622
2026-08-15T05:20:01Z,87248,88200,88200,89
2026-08-15T05:20:01Z,87264,25000000,30000000,69
2026-08-15T05:20:01Z,87276,1500000200,1500000200,1
2026-08-15T05:20:01Z,87277,28800,28800,183
2026-08-15T05:20:01Z,87278,1500007600,1500007600,1
2026-08-15T05:20:01Z,87279,1500007600,1500007600,1
2026-08-15T05:20:01Z,87392,311400,311400,257
2026-08-15T05:20:01Z,87393,1500000200,1500000200,1
2026-08-15T05:20:01Z,87530,250000,250000,34
2026-08-15T05:20:01Z,87559,599900,599900,105
2026-08-15T05:20:01Z,87560,140000,152900,127
2026-08-15T05:20:01Z,87577,32000,38700,50
2026-08-15T05:20:01Z,87578,305500,305500,55
2026-08-15T05:20:01Z,87579,250000,295100,75
2026-08-15T05:20:01Z,87580,124000,124000,46
2026-08-15T05:20:01Z,87647,158800,158800,111
2026-08-15T05:20:01Z,87648,242900,242900,146
2026-08-15T05:20:01Z,87764,9900,12300,516
2026-08-15T05:20:01Z,87806,210000,214600,61
2026-08-15T05:20:01Z,87831,3500000000,3500000000,1
2026-08-15T05:20:01Z,87872,210000,210000,112
2026-08-15T05:20:01Z,87880,1500000200,1500000200,1
2026-08-15T05:20:01Z,87881,230800,240800,199
2026-08-15T05:20:01Z,87882,250000200,250000200,1
2026-08-15T05:20:01Z,87883,202500,202500,220
2026-08-15T05:20:01Z,87884,1500000200,1500000200,1
2026-08-15T05:20:01Z,87885,88800,88800,325
2026-08-15T05:20:01Z,87887,1500000200,1500000200,1
2026-08-15T05:20:01Z,87888,120100,278000,108
2026-08-15T05:20:01Z,87889,250000200,250000200,1
2026-08-15T05:20:01Z,87890,1500000200,1500000200,1
2026-08-15T05:20:01Z,87891,1500007600,1500007600,2
2026-08-15T05:20:01Z,87892,1500007600,1500007600,1
2026-08-15T05:20:01Z,87893,1500000200,1500000200,1
2026-08-15T05:20:01Z,87894,1500000200,1500000200,1
2026-08-15T05:20:01Z,87895,1500000200,1500000200,1
2026-08-15T05:20:01Z,87896,1500007600,1500007600,1
2026-08-15T05:20:01Z,87897,1500000200,1500000200,1
2026-08-15T05:20:01Z,87898,1500007600,1500007600,1
2026-08-15T05:20:01Z,87899,1500000200,1500000200,1
2026-08-15T05:20:01Z,87900,1500000200,1500000200,1
2026-08-15T05:20:01Z,87901,1500000200,1500000200,1
2026-08-15T05:20:01Z,87902,250000200,250000200,1
2026-08-15T05:20:01Z,88151,290008800,290008800,1
2026-08-15T05:20:01Z,88152,450005100,450005100,1
2026-08-15T05:20:01Z,88153,290003800,290003800,1
2026-08-15T05:20:01Z,88154,290003800,290003800,1
2026-08-15T05:20:01Z,88155,49008800,49008800,20
2026-08-15T05:20:01Z,88156,290003800,290003800,1
2026-08-15T05:20:01Z,88157,290005100,290005100,1
2026-08-15T05:20:01Z,88158,290005100,290005100,1
2026-08-15T05:20:01Z,88159,290008800,290008800,1
2026-08-15T05:20:01Z,88162,49008800,49008800,14
2026-08-15T05:20:01Z,88163,290007600,290007600,1
2026-08-15T05:20:01Z,88164,290005100,290005100,1
2026-08-15T05:20:01Z,88487,61400,61400,94
2026-08-15T05:20:01Z,88490,499900,499900,15
2026-08-15T05:20:01Z,88491,90000,94000,433
2026-08-15T05:20:01Z,88492,138000,138000,13
2026-08-15T05:20:01Z,88493,44000,44000,349
2026-08-15T05:20:01Z,88529,138000,138000,7
2026-08-15T05:20:01Z,88530,230000,230000,36
2026-08-15T05:20:01Z,88532,4000,4000,51
2026-08-15T05:20:01Z,89112,111800,130000,31674
2026-08-15T05:20:01Z,89326,46500,46900,401
2026-08-15T05:20:01Z,89328,990000,990000,216
2026-08-15T05:20:01Z,89329,2800,2800,272
2026-08-15T05:20:01Z,89512,49000300,49000300,20
2026-08-15T05:20:01Z,89639,59000,79800,455
2026-08-15T05:20:01Z,89674,31400,43900,41
2026-08-15T05:20:01Z,89675,17000,17100,51
2026-08-15T05:20:01Z,89676,2258900,2258900,18
2026-08-15T05:20:01Z,89678,19000,19100,73
2026-08-15T05:20:01Z,89679,2879700,2879700,28
2026-08-15T05:20:01Z,89680,950000,950000,32
2026-08-15T05:20:01Z,89683,6500,6500,67
2026-08-15T05:20:01Z,89737,41200,41200,79
2026-08-15T05:20:01Z,89739,50000,49000000,21
2026-08-15T05:20:01Z,89747,239640500,239640500,2
2026-08-15T05:20:01Z,89868,161400,449900,477
2026-08-15T05:20:01Z,89888,148900,149000,914
2026-08-15T05:20:01Z,89893,4500,4500,996
2026-08-15T05:20:01Z,90043,100000,100000,4
2026-08-15T05:20:01Z,90044,40000,40000,4
2026-08-15T05:20:01Z,90046,3000000,5990000,74
2026-08-15T05:20:01Z,90047,900000,900000,18
2026-08-15T05:20:01Z,90057,500100,504400,42
2026-08-15T05:20:01Z,90058,200000,200000,30
2026-08-15T05:20:01Z,90135,9905300,9905300,19
2026-08-15T05:20:01Z,90146,30000,30000,1445
2026-08-15T05:20:01Z,90407,19500,19500,3981
2026-08-15T05:20:01Z,90457,9909800,9909800,30
2026-08-15T05:20:01Z,90548,9990100,9990100,2
2026-08-15T05:20:01Z,90551,440000,440000,29
2026-08-15T05:20:01Z,90552,2000000,2000000,4
2026-08-15T05:20:01Z,90553,1118100,1118100,50
2026-08-15T05:20:01Z,90554,46000000,46000000,26
2026-08-15T05:20:01Z,90555,7999900,7999900,25
2026-08-15T05:20:01Z,90556,3000000,3000000,3
2026-08-15T05:20:01Z,90557,990000200,990000200,1
2026-08-15T05:20:01Z,90558,250007600,250007600,2
2026-08-15T05:20:01Z,90561,5991500,6001500,9
2026-08-15T05:20:01Z,90659,359900,359900,110
2026-08-15T05:20:01Z,90660,9990000,9990000,75
2026-08-15T05:20:01Z,90715,250000200,250000200,1
2026-08-15T05:20:01Z,92049,388879800,388879800,1
2026-08-15T05:20:01Z,92050,197891400,197891400,1
2026-08-15T05:20:01Z,92051,199890600,199890600,1
2026-08-15T05:20:01Z,92052,250000000,250000000,1
2026-08-15T05:20:01Z,92053,228217300,228217300,1
2026-08-15T05:20:01Z,92054,250004300,250004300,1
2026-08-15T05:20:01Z,92055,199890000,199890000,1
2026-08-15T05:20:01Z,92056,200000100,200000100,1
2026-08-15T05:20:01Z,92057,1995300,1995300,18
2026-08-15T05:20:01Z,92058,1990000,1990000,10
2026-08-15T05:20:01Z,92059,488884100,488884100,2
2026-08-15T05:20:01Z,92422,40964800,40964800,5
2026-08-15T05:20:01Z,92427,199788200,199788200,1
2026-08-15T05:20:01Z,92428,999990000,999990000,1
2026-08-15T05:20:01Z,92429,250000000,250000000,1
2026-08-15T05:20:01Z,92430,999900,999900,8
2026-08-15T05:20:01Z,92431,999900,999900,41
2026-08-15T05:20:01Z,92432,19784700,19784700,9
2026-08-15T05:20:01Z,92433,199989900,199989900,1
2026-08-15T05:20:01Z,92434,179990100,179990100,3
2026-08-15T05:20:01Z,92435,179990100,179990100,3
2026-08-15T05:20:01Z,92436,249999700,249999700,1
2026-08-15T05:20:01Z,92437,199999900,199999900,1
2026-08-15T05:20:01Z,92438,169999800,169999800,4
2026-08-15T05:20:01Z,92439,250000000,250000000,1
2026-08-15T05:20:01Z,92442,200000100,200000100,19
2026-08-15T05:20:01Z,92443,199000000,199000000,1
2026-08-15T05:20:01Z,92525,198968700,198968700,1
2026-08-15T05:20:01Z,92526,990000100,990000100,1
2026-08-15T05:20:01Z,92528,999990000,999990000,1
2026-08-15T05:20:01Z,92530,999990000,999990000,1
2026-08-15T05:20:01Z,92532,8999999900,8999999900,2
2026-08-15T05:20:01Z,92550,45000000,45000000,2
2026-08-15T05:20:01Z,92663,250000000,250000000,1
2026-08-15T05:20:01Z,92664,349994100,349994100,1
2026-08-15T05:20:01Z,92741,69640000,79999900,506
2026-08-15T05:20:01Z,93202,250000200,250000200,1
2026-08-15T05:20:01Z,93208,9900000,9900000,45
2026-08-15T05:20:01Z,93351,161900,162000,534
2026-08-15T05:20:01Z,93705,69900,70000,71
2026-08-15T05:20:01Z,93706,1584000,1584000,69
2026-08-15T05:20:01Z,93707,3550000,3550000,24
2026-08-15T05:20:01Z,93970,208900,208900,111
2026-08-15T05:20:01Z,94288,14100,14100,646661
2026-08-15T05:20:01Z,94289,196000,196000,2277
2026-08-15T05:20:01Z,94535,14200,9897500,46
2026-08-15T05:20:01Z,94536,9870500,9870500,210
2026-08-15T05:20:01Z,94645,1110300,1110300,518
2026-08-15T05:20:01Z,95373,6298000,6298700,3748
2026-08-15T05:20:01Z,95481,23900,23900,105
2026-08-15T05:20:01Z,95482,50000,50000,78
2026-08-15T05:20:01Z,97161,2000500,2000500,28
2026-08-15T05:20:01Z,97512,26600,26700,1793
2026-08-15T05:20:01Z,97546,199800,890000,470
2026-08-15T05:20:01Z,97619,49000,890000,473
2026-08-15T05:20:01Z,97620,20000,890000,452
2026-08-15T05:20:01Z,97621,880000,890000,333
2026-08-15T05:20:01Z,97622,686000,890000,456
2026-08-15T05:20:01Z,97623,28500,490000,721
2026-08-15T05:20:01Z,97624,49800,890000,377
2026-08-15T05:20:01Z,98111,199900,199900,83
2026-08-15T05:20:01Z,98116,25200,9954800,49
2026-08-15T05:20:01Z,98117,85008800,85008800,3
2026-08-15T05:20:01Z,98118,9899600,9899600,45
2026-08-15T05:20:01Z,100734,290000000,290000000,2
2026-08-15T05:20:01Z,100735,290005100,290005100,3
2026-08-15T05:20:01Z,100738,4338500,4338500,14
2026-08-15T05:20:01Z,100739,109200,49000000,151
2026-08-15T05:20:01Z,101630,3990000,3990000,95
2026-08-15T05:20:01Z,101661,3152400,3152400,79
2026-08-15T05:20:01Z,101662,9908400,9908400,45
2026-08-15T05:20:01Z,101745,25001800,25001800,8
2026-08-15T05:20:01Z,101746,9996800,9996800,28
2026-08-15T05:20:01Z,101747,19992200,19992200,10
2026-08-15T05:20:01Z,101748,49990000,49990000,9
2026-08-15T05:20:01Z,101749,9990400,9990400,29
2026-08-15T05:20:01Z,101750,5000000,19990000,11
2026-08-15T05:20:01Z,102218,660000,720000,2407
2026-08-15T05:20:01Z,102351,89200,89200,66
2026-08-15T05:20:01Z,102541,8000,8600,1600
2026-08-15T05:20:01Z,102542,7500,7500,1460
2026-08-15T05:20:01Z,102543,8000,8200,1123
2026-08-15T05:20:01Z,103786,39900,39900,120
2026-08-15T05:20:01Z,103789,30700,30700,122
2026-08-15T05:20:01Z,103795,1599900,1630000,131
2026-08-15T05:20:01Z,103797,149700,149700,85
2026-08-15T05:20:01Z,104046,1500000200,1500000200,1
2026-08-15T05:20:01Z,104048,1500000200,1500000200,1
2026-08-15T05:20:01Z,104049,1500007600,1500007600,1
2026-08-15T05:20:01Z,104053,250007600,250007600,1
2026-08-15T05:20:01Z,104055,1500007600,1500007600,1
2026-08-15T05:20:01Z,104099,428800,499000,123
2026-08-15T05:20:01Z,104102,1500000200,1500000200,1
2026-08-15T05:20:01Z,104104,961100,961300,140
2026-08-15T05:20:01Z,104105,308800,358800,211
2026-08-15T05:20:01Z,104108,37600,39100,641
2026-08-15T05:20:01Z,104109,1500000200,1500000200,1
2026-08-15T05:20:01Z,104120,341400,341400,225
2026-08-15T05:20:01Z,104122,240000,551900,156
2026-08-15T05:20:01Z,104126,500600,590600,208
2026-08-15T05:20:01Z,104127,429500,429600,84
2026-08-15T05:20:01Z,104128,1500000200,1500000200,1
2026-08-15T05:20:01Z,104130,1500000200,1500000200,1
2026-08-15T05:20:01Z,104131,1500000200,1500000200,1
2026-08-15T05:20:01Z,104133,1500000200,1500000200,1
2026-08-15T05:20:01Z,104134,1500000200,1500000200,1
2026-08-15T05:20:01Z,104135,250000200,250000200,1
2026-08-15T05:20:01Z,104136,250000200,250000200,1
2026-08-15T05:20:01Z,104137,1500000200,1500000200,1
2026-08-15T05:20:01Z,104138,184400,184400,297
2026-08-15T05:20:01Z,104196,1494899900,1494899900,1
2026-08-15T05:20:01Z,104270,1500000200,1500000200,1
2026-08-15T05:20:01Z,104276,1500000200,1500000200,1
2026-08-15T05:20:01Z,104314,1000,59900,60
2026-08-15T05:20:01Z,104316,1599900,1650000,3953
2026-08-15T05:20:01Z,104339,9899900,9899900,154
2026-08-15T05:20:01Z,104340,449700,449700,222
2026-08-15T05:20:01Z,104341,48300,48300,106
2026-08-15T05:20:01Z,104342,52900,52900,291
2026-08-15T05:20:01Z,104343,221000,221000,181
2026-08-15T05:20:01Z,104344,254300,254300,147
2026-08-15T05:20:01Z,104348,9900000,9900000,59
2026-08-15T05:20:01Z,105700,339800,339800,202
2026-08-15T05:20:01Z,105701,250000,250000,253
2026-08-15T05:20:01Z,105702,540000,540000,125
2026-08-15T05:20:01Z,105703,26200,3078700,217
2026-08-15T05:20:01Z,105704,450000,450000,133
2026-08-15T05:20:01Z,105705,250100,250100,160
2026-08-15T05:20:01Z,105706,339900,339900,179
2026-08-15T05:20:01Z,105707,559600,559600,213
2026-08-15T05:20:01Z,105708,456600,456600,224
2026-08-15T05:20:01Z,105711,50000,50000,403
2026-08-15T05:20:01Z,105717,440000,440000,165
2026-08-15T05:20:01Z,105718,20000,26900,78
2026-08-15T05:20:01Z,105719,550000,550000,170
2026-08-15T05:20:01Z,105720,9969700,9969700,202
2026-08-15T05:20:01Z,105721,551600,551600,131
2026-08-15T05:20:01Z,105722,100400,100400,223
2026-08-15T05:20:01Z,105723,1000000,1000000,185
2026-08-15T05:20:01Z,105724,9901900,9901900,54
2026-08-15T05:20:01Z,106824,129800,129800,56
2026-08-15T05:20:01Z,106825,19200,19200,53
2026-08-15T05:20:01Z,106867,3300,3300,254
2026-08-15T05:20:01Z,106868,1002400,1392400,29
2026-08-15T05:20:01Z,106870,47503000,47503000,63
2026-08-15T05:20:01Z,106875,430900,440900,41
2026-08-15T05:20:01Z,106888,4990000,5000000,35
2026-08-15T05:20:01Z,106889,14800,14800,37
2026-08-15T05:20:01Z,107392,379900,969900,30
2026-08-15T05:20:01Z,107393,230000,270000,24
2026-08-15T05:20:01Z,107461,12486500,12486500,27
2026-08-15T05:20:01Z,107462,48999800,48999900,24
2026-08-15T05:20:01Z,107469,199900,199900,61
2026-08-15T05:20:01Z,107472,49006000,49006000,21
2026-08-15T05:20:01Z,107476,9500000500,9500000500,1
2026-08-15T05:20:01Z,107517,8500,8500,264
2026-08-15T05:20:01Z,107518,249900,49009900,23
2026-08-15T05:20:01Z,107528,9800,9800,68
2026-08-15T05:20:01Z,107603,6700,7500,67
2026-08-15T05:20:01Z,107640,2500000,2500000,53
2026-08-15T05:20:01Z,107663,290005100,290005100,1
2026-08-15T05:20:01Z,108294,303900,303900,193
2026-08-15T05:20:01Z,108296,554500,890000,343
2026-08-15T05:20:01Z,108297,24000,40300,588
2026-08-15T05:20:01Z,108298,10200,48800,508
2026-08-15T05:20:01Z,108299,601500,701500,276
2026-08-15T05:20:01Z,108300,400000,840000,723
2026-08-15T05:20:01Z,108301,112000,112000,1506
2026-08-15T05:20:01Z,108302,700000,759900,640
2026-08-15T05:20:01Z,108304,3357400,3357500,106
2026-08-15T05:20:01Z,108305,47700,47900,1929
2026-08-15T05:20:01Z,108306,56400,56400,515
2026-08-15T05:20:01Z,108307,105000,709300,478
2026-08-15T05:20:01Z,108308,315200,315200,369
2026-08-15T05:20:01Z,108309,5660000,5900000,125
2026-08-15T05:20:01Z,108323,7900,9500,2189
2026-08-15T05:20:01Z,108324,2800,3800,11160
2026-08-15T05:20:01Z,108325,3000,4100,3409
2026-08-15T05:20:01Z,108326,7000,7200,2283
2026-08-15T05:20:01Z,108327,19800,19800,2636
2026-08-15T05:20:01Z,108328,4500,10000,1139
2026-08-15T05:20:01Z,108329,13900,14000,2165
2026-08-15T05:20:01Z,108330,9400,9800,1550
2026-08-15T05:20:01Z,108331,16000,16900,1597
2026-08-15T05:20:01Z,108332,7000,10200,3437
2026-08-15T05:20:01Z,108333,29800,37500,934
2026-08-15T05:20:01Z,108335,19800,20000,2656
2026-08-15T05:20:01Z,108336,2700,3500,1676
2026-08-15T05:20:01Z,108337,121100,137200,1124
2026-08-15T05:20:01Z,108338,10800,21000,2609
2026-08-15T05:20:01Z,108339,29900,30000,1991
2026-08-15T05:20:01Z,108340,1700,1700,3201
2026-08-15T05:20:01Z,108341,2500,2600,2980
2026-08-15T05:20:01Z,108342,235500,236900,1738
2026-08-15T05:20:01Z,108343,3200,3500,4078
2026-08-15T05:20:01Z,108344,219900,219900,546
2026-08-15T05:20:01Z,108345,130000,130000,354
2026-08-15T05:20:01Z,108346,440000,440000,314
2026-08-15T05:20:01Z,108347,1500000,1500000,311
2026-08-15T05:20:01Z,108348,51900,890000,451
2026-08-15T05:20:01Z,108349,4892400,4892400,31
2026-08-15T05:20:01Z,108350,1256000,1281600,83
2026-08-15T05:20:01Z,108351,19895000,19895000,20
2026-08-15T05:20:01Z,108352,153500,890000,434
2026-08-15T05:20:01Z,108353,29900,890000,490
2026-08-15T05:20:01Z,108354,455600,1990000,146
2026-08-15T05:20:01Z,108355,812200,812200,279
2026-08-15T05:20:01Z,108356,26500,890000,484
2026-08-15T05:20:01Z,108357,16629700,16629700,16
2026-08-15T05:20:01Z,108359,4254500,4254500,93
2026-08-15T05:20:01Z,108360,227600,250000,534
2026-08-15T05:20:01Z,108361,200000,890000,246
2026-08-15T05:20:01Z,108362,9989900,9989900,31
2026-08-15T05:20:01Z,108363,1282100,1282100,269
2026-08-15T05:20:01Z,108364,2722500,9990000,47
2026-08-15T05:20:01Z,108365,297000,297000,193
2026-08-15T05:20:01Z,108391,1899700,1899800,74
2026-08-15T05:20:01Z,108439,4300000,4300000,287
2026-08-15T05:20:01Z,108649,3900000,3900000,214
2026-08-15T05:20:01Z,108920,12000,12000,140
2026-08-15T05:20:01Z,108977,7900,8900,446
2026-08-15T05:20:01Z,108978,148700,148700,54
2026-08-15T05:20:01Z,108979,19800,19800,129
2026-08-15T05:20:01Z,108980,4576500,4576500,36
2026-08-15T05:20:01Z,108996,2300,2900,34279
2026-08-15T05:20:01Z,109076,74900,95000,3775
2026-08-15T05:20:01Z,109118,10000,10000,11892
2026-08-15T05:20:01Z,109119,11000,13500,23003
2026-08-15T05:20:01Z,109120,389700,389800,38
2026-08-15T05:20:01Z,109122,500000,500000,26
2026-08-15T05:20:01Z,109123,26100,28400,25236
2026-08-15T05:20:01Z,109124,8000,10000,14181
2026-08-15T05:20:01Z,109125,19000,20500,12134
2026-08-15T05:20:01Z,109126,10000,12900,11085
2026-08-15T05:20:01Z,109127,9000,10200,10970
2026-08-15T05:20:01Z,109128,10000,13500,3846
2026-08-15T05:20:01Z,109129,15000,22000,6371
2026-08-15T05:20:01Z,109131,39000,79500,11553
2026-08-15T05:20:01Z,109132,7600,79500,1508
2026-08-15T05:20:01Z,109133,16400,16900,1230
2026-08-15T05:20:01Z,109134,9400,9900,1881
2026-08-15T05:20:01Z,109135,9700,9700,3159
2026-08-15T05:20:01Z,109136,9800,14200,2795
2026-08-15T05:20:01Z,109137,9800,15500,139331
2026-08-15T05:20:01Z,109138,5000,9000,41091
2026-08-15T05:20:01Z,109139,8000,9500,11185
2026-08-15T05:20:01Z,109140,8000,8000,5465
2026-08-15T05:20:01Z,109141,3600,4500,85331
2026-08-15T05:20:01Z,109142,2500,2800,3439
2026-08-15T05:20:01Z,109143,11900,11900,55053
2026-08-15T05:20:01Z,109144,2500,27500,29942
2026-08-15T05:20:01Z,109145,100000,100000,84
2026-08-15T05:20:01Z,109147,17900,18800,149
2026-08-15T05:20:01Z,109148,41500,42000,380
2026-08-15T05:20:01Z,109152,2700,2900,109
2026-08-15T05:20:01Z,109153,53100,187500,692
2026-08-15T05:20:01Z,109155,245000,245000,310
2026-08-15T05:20:01Z,109156,67400,67400,361
2026-08-15T05:20:01Z,109160,79500,79600,244
2026-08-15T05:20:01Z,109184,2000,10000,1261
2026-08-15T05:20:01Z,109217,5000,5000,743
2026-08-15T05:20:01Z,109218,40000,49900,437
2026-08-15T05:20:01Z,109219,24600,24600,398
2026-08-15T05:20:01Z,109220,30000,30000,436
2026-08-15T05:20:01Z,109221,5300,5300,135
2026-08-15T05:20:01Z,109222,9900,10000,480
2026-08-15T05:20:01Z,109223,2500,2500,186
2026-08-15T05:20:01Z,109226,5900,6000,381
2026-08-15T05:20:01Z,109584,3509700,3979800,123
2026-08-15T05:20:01Z,109585,119900,329900,406
2026-08-15T05:20:01Z,109599,2475000,2500000,87
2026-08-15T05:20:01Z,109624,1000,2200,2347
2026-08-15T05:20:01Z,109625,25000,25000,493
2026-08-15T05:20:01Z,109626,80000,80000,735
2026-08-15T05:20:01Z,109627,12200,14900,609
2026-08-15T05:20:01Z,109628,490000,490000,880
2026-08-15T05:20:01Z,109629,250000,250000,1157
2026-08-15T05:20:01Z,109693,10000,11900,131958
2026-08-15T05:20:01Z,109991,11300,200000,1050
2026-08-15T05:20:01Z,109992,35000,37300,1750
2026-08-15T05:20:01Z,110609,12000,17000,153489
2026-08-15T05:20:01Z,110610,1000,2400,10842
2026-08-15T05:20:01Z,110617,190000,190000,172
2026-08-15T05:20:01Z,110618,225800,225800,82
2026-08-15T05:20:01Z,110619,210000,210000,108
2026-08-15T05:20:01Z,110620,122295200,122295200,8
2026-08-15T05:20:01Z,110621,210000,210000,115
2026-08-15T05:20:01Z,110624,230900,230900,67
2026-08-15T05:20:01Z,110625,303900,499900,53
2026-08-15T05:20:01Z,110626,225300,230900,68
2026-08-15T05:20:01Z,110627,100005800,100005800,19
2026-08-15T05:20:01Z,110628,226400,230900,70
2026-08-15T05:20:01Z,110631,231000,231000,70
2026-08-15T05:20:01Z,110632,225700,230900,77
2026-08-15T05:20:01Z,110633,282300,282300,80
2026-08-15T05:20:01Z,110634,199000900,199000900,14
2026-08-15T05:20:01Z,110635,230900,230900,63
2026-08-15T05:20:01Z,110638,304100,664700,190
2026-08-15T05:20:01Z,110639,384200,504200,131
2026-08-15T05:20:01Z,110640,390900,612000,177
2026-08-15T05:20:01Z,110641,450000000,450000000,2
2026-08-15T05:20:01Z,110642,398900,508900,141
2026-08-15T05:20:01Z,110645,391100,601100,120
2026-08-15T05:20:01Z,110646,399900,503200,201
2026-08-15T05:20:01Z,110647,393100,603100,141
2026-08-15T05:20:01Z,110648,1508286300,1508286300,1
2026-08-15T05:20:01Z,110649,393200,667600,161
2026-08-15T05:20:01Z,110652,399900,594400,215
2026-08-15T05:20:01Z,110653,399900,450500,144
2026-08-15T05:20:01Z,110654,393100,603100,122
2026-08-15T05:20:01Z,110655,989997400,989997400,5
2026-08-15T05:20:01Z,110656,404200,504400,139
2026-08-15T05:20:01Z,110682,1911500,1911500,75
2026-08-15T05:20:01Z,110807,1500000200,1500000200,1
2026-08-15T05:20:01Z,110809,1500000200,1500000200,1
2026-08-15T05:20:01Z,110810,1500000200,1500000200,1
2026-08-15T05:20:01Z,110818,1500000200,1500000200,1
2026-08-15T05:20:01Z,110828,1500000200,1500000200,1
2026-08-15T05:20:01Z,110829,1500000200,1500000200,1
2026-08-15T05:20:01Z,110837,1500000200,1500000200,1
2026-08-15T05:20:01Z,110847,1500000200,1500000200,1
2026-08-15T05:20:01Z,110850,49000200,49000200,20
2026-08-15T05:20:01Z,110857,1500000200,1500000200,1
2026-08-15T05:20:01Z,110873,1500000200,1500000200,1
2026-08-15T05:20:01Z,110875,1500000200,1500000200,1
2026-08-15T05:20:01Z,111245,349700,349700,4148
2026-08-15T05:20:01Z,111431,34900,34900,369
2026-08-15T05:20:01Z,111433,8000,8000,453
2026-08-15T05:20:01Z,111434,59200,59200,445
2026-08-15T05:20:01Z,111436,21000,21000,3883
2026-08-15T05:20:01Z,111437,17500,17500,268
2026-08-15T05:20:01Z,111438,41400,41500,375
2026-08-15T05:20:01Z,111439,1300,1300,335
2026-08-15T05:20:01Z,111441,99900,99900,804
2026-08-15T05:20:01Z,111442,1009600,1009600,1289
2026-08-15T05:20:01Z,111444,10000,10000,550
2026-08-15T05:20:01Z,111445,27500,27500,1134
2026-08-15T05:20:01Z,111446,39000,39500,1152
2026-08-15T05:20:01Z,111447,99900,99900,892
2026-08-15T05:20:01Z,111449,11900,11900,2014
2026-08-15T05:20:01Z,111450,225900,225900,1097
2026-08-15T05:20:01Z,111452,54800,54800,656
2026-08-15T05:20:01Z,111453,4000,4000,313
2026-08-15T05:20:01Z,111454,250500,250500,233
2026-08-15T05:20:01Z,111455,5000,5000,650
2026-08-15T05:20:01Z,111456,1800,1800,734
2026-08-15T05:20:01Z,111457,370000,370000,111
2026-08-15T05:20:01Z,111458,48500,48500,78
2026-08-15T05:20:01Z,111522,15500,15500,96
2026-08-15T05:20:01Z,111557,11000,13200,22472
2026-08-15T05:20:01Z,111589,14000,15000,2777
2026-08-15T05:20:01Z,111595,13000,13900,3565
2026-08-15T05:20:01Z,111601,30000,30000,9467
2026-08-15T05:20:01Z,111603,49500,50000,996
2026-08-15T05:20:01Z,111650,11300,11500,578
2026-08-15T05:20:01Z,111651,14700,490000,854
2026-08-15T05:20:01Z,111652,1500,1800,1744
2026-08-15T05:20:01Z,111656,2400,2400,1379
2026-08-15T05:20:01Z,111658,10800,13000,804
2026-08-15T05:20:01Z,111659,9000,9500,885
2026-08-15T05:20:01Z,111662,4600,889900,803
2026-08-15T05:20:01Z,111663,3700,9900,3195
2026-08-15T05:20:01Z,111664,7000,7000,2593
2026-08-15T05:20:01Z,111665,14900,14900,3626
2026-08-15T05:20:01Z,111666,6500,6500,4547
2026-08-15T05:20:01Z,111667,2800,2900,2911
2026-08-15T05:20:01Z,111668,2600,2700,9195
2026-08-15T05:20:01Z,111669,3000,3000,1970
2026-08-15T05:20:01Z,111670,4100,4100,2217
2026-08-15T05:20:01Z,111671,38300,38300,3478
2026-08-15T05:20:01Z,111672,4500,4600,6714
2026-08-15T05:20:01Z,111673,5000,5000,1513
2026-08-15T05:20:01Z,111674,4500,4500,2654
2026-08-15T05:20:01Z,111675,4200,4300,1213
2026-08-15T05:20:01Z,111676,6000,6000,4126
2026-08-15T05:20:01Z,112090,149200,149200,3091
2026-08-15T05:20:01Z,112093,16700,56900,397
2026-08-15T05:20:01Z,112095,35500700,35500700,12
2026-08-15T05:20:01Z,112111,49000100,49000100,20
2026-08-15T05:20:01Z,112115,798000,798500,111
2026-08-15T05:20:01Z,112155,3599300,3599300,8
2026-08-15T05:20:01Z,112156,517000,517000,123
2026-08-15T05:20:01Z,112157,52200,52700,596
2026-08-15T05:20:01Z,112158,66600,68000,1176
2026-08-15T05:20:01Z,112160,109400,209400,105
2026-08-15T05:20:01Z,112164,2319700,2319700,93
2026-08-15T05:20:01Z,112165,1809000,2490500,66
2026-08-15T05:20:01Z,112177,187900,187900,185
2026-08-15T05:20:01Z,112179,39990000,39990000,9
2026-08-15T05:20:01Z,112180,6928700,6928700,42
2026-08-15T05:20:01Z,112181,5007700,9877700,42
2026-08-15T05:20:01Z,112182,940000,940000,248
2026-08-15T05:20:01Z,112183,169045800,169045800,10
2026-08-15T05:20:01Z,112184,49996400,49996400,4
2026-08-15T05:20:01Z,112185,49989600,49989600,8
2026-08-15T05:20:01Z,112271,1990000,1990000,55
2026-08-15T05:20:01Z,112272,100000,100000,38
2026-08-15T05:20:01Z,112273,1950000,1950000,104
2026-08-15T05:20:01Z,112274,208100,35000000,33
2026-08-15T05:20:01Z,112275,3000000,39550000,37
2026-08-15T05:20:01Z,112276,700000,890000,38
2026-08-15T05:20:01Z,112277,900000,39650000,37
2026-08-15T05:20:01Z,112278,700000,890000,60
2026-08-15T05:20:01Z,112279,160000,39909800,35
2026-08-15T05:20:01Z,112280,40000,40000,53
2026-08-15T05:20:01Z,112281,891000,891000,50
2026-08-15T05:20:01Z,112282,135000,39700000,28
2026-08-15T05:20:01Z,112283,310000,310000,57
2026-08-15T05:20:01Z,112284,61700,39300000,47
2026-08-15T05:20:01Z,112285,40000,4110000,45
2026-08-15T05:20:01Z,112286,60000,60000,31
2026-08-15T05:20:01Z,112287,228600,2219000,68
2026-08-15T05:20:01Z,112288,19000000,20000000,38
2026-08-15T05:20:01Z,112289,267300,39800000,39
2026-08-15T05:20:01Z,112290,49500,49500,26
2026-08-15T05:20:01Z,112291,599800,599900,31
2026-08-15T05:20:01Z,112292,481100,481100,26
2026-08-15T05:20:01Z,112293,112900,39690000,29
2026-08-15T05:20:01Z,112294,192100,192100,24
2026-08-15T05:20:01Z,112295,3117000,3117000,131
2026-08-15T05:20:01Z,112296,189000,189000,31
2026-08-15T05:20:01Z,112297,187800,39750000,32
2026-08-15T05:20:01Z,112298,800000,900000,45
2026-08-15T05:20:01Z,112299,376200,3716000,59
2026-08-15T05:20:01Z,112300,33330000,39630000,36
2026-08-15T05:20:01Z,112301,180900,180900,50
2026-08-15T05:20:01Z,112302,350000,39600000,38
2026-08-15T05:20:01Z,112321,10000,15000,158
2026-08-15T05:20:01Z,112449,800,800,986
2026-08-15T05:20:01Z,112463,10000,10000,288
2026-08-15T05:20:01Z,112684,10000,10000,76
2026-08-15T05:20:01Z,113108,9901000,9901000,49
2026-08-15T05:20:01Z,113111,24800,125000,64251
2026-08-15T05:20:01Z,113135,250004800,250004800,17
2026-08-15T05:20:01Z,113139,49999900,50000000,21
2026-08-15T05:20:01Z,113140,230000000,230000000,16
2026-08-15T05:20:01Z,113142,250000000,250000000,6
2026-08-15T05:20:01Z,113261,1600,9600,33735
2026-08-15T05:20:01Z,113262,1500,11200,39214
2026-08-15T05:20:01Z,113263,1000,9600,25366
2026-08-15T05:20:01Z,113264,1500,12000,54823
2026-08-15T05:20:01Z,113273,900000,900000,19
2026-08-15T05:20:01Z,113274,2500000,2998700,22
2026-08-15T05:20:01Z,113275,2989800,39991200,11
2026-08-15T05:20:01Z,113276,31570000,31570000,4
2026-08-15T05:20:01Z,113277,2989400,2989500,18
2026-08-15T05:20:01Z,113278,8000000,9998200,28
2026-08-15T05:20:01Z,113289,50000,50000,1034
2026-08-15T05:20:01Z,113290,129400,129400,230
2026-08-15T05:20:01Z,113355,6000,6400,21555
2026-08-15T05:20:01Z,113530,10000100,10000100,96
2026-08-15T05:20:01Z,113574,39900,39900,32
2026-08-15T05:20:01Z,113576,31200,31200,26
2026-08-15T05:20:01Z,113585,2900,2900,552
2026-08-15T05:20:01Z,113588,119900,137900,42265
2026-08-15T05:20:01Z,113909,290001500,290001500,1
2026-08-15T05:20:01Z,113911,290007000,290007000,1
2026-08-15T05:20:01Z,113912,290001500,290001500,1
2026-08-15T05:20:01Z,113992,65000,95700,587
2026-08-15T05:20:01Z,114001,40000,50000,26
2026-08-15T05:20:01Z,114004,100000,100000,28
2026-08-15T05:20:01Z,114008,200000,200000,25
2026-08-15T05:20:01Z,114013,99900,170600,31
2026-08-15T05:20:01Z,114015,25100,25100,140
2026-08-15T05:20:01Z,114016,24800,24800,76
2026-08-15T05:20:01Z,114017,2500,2500,82
2026-08-15T05:20:01Z,114056,140000,140000,1385
2026-08-15T05:20:01Z,114836,7100,90000,2784
2026-08-15T05:20:01Z,114931,19900,19900,29566
2026-08-15T05:20:01Z,115012,2500000,2500000,25
2026-08-15T05:20:01Z,115351,9899900,9899900,133
2026-08-15T05:20:01Z,115352,65000,65000,527
2026-08-15T05:20:01Z,115353,29700,29700,93
2026-08-15T05:20:01Z,115354,35000,35000,198
2026-08-15T05:20:01Z,115355,9903300,9903300,122
2026-08-15T05:20:01Z,115464,199990000,199990000,1
2026-08-15T05:20:01Z,115470,8002800,9892800,23
2026-08-15T05:20:01Z,115502,163900,297100,1606
2026-08-15T05:20:01Z,115504,15000,18500,6391
2026-08-15T05:20:01Z,115511,9990000,9990000,19
2026-08-15T05:20:01Z,115512,499999900,499999900,4
2026-08-15T05:20:01Z,115526,90000,105000,283
2026-08-15T05:20:01Z,115803,154900,154900,69
2026-08-15T05:20:01Z,115804,375000,375000,35
2026-08-15T05:20:01Z,115805,657700,657700,6
2026-08-15T05:20:01Z,115806,9897500,9897500,21
2026-08-15T05:20:01Z,115807,29300,29300,91
2026-08-15T05:20:01Z,115808,18100,18900,70
2026-08-15T05:20:01Z,115809,3500000,5247200,24
2026-08-15T05:20:01Z,115811,4709900,4709900,76
2026-08-15T05:20:01Z,115812,2510000,2510000,27
2026-08-15T05:20:01Z,115813,20001100,39991100,9
2026-08-15T05:20:01Z,115814,3518900,3518900,34
2026-08-15T05:20:01Z,115815,1880000,1880000,30
2026-08-15T05:20:01Z,116119,500,500,35
2026-08-15T05:20:01Z,116147,280000,280000,39
2026-08-15T05:20:01Z,116148,141800,141800,63
2026-08-15T05:20:01Z,116149,149900,150000,61
2026-08-15T05:20:01Z,116170,3600,3700,365
2026-08-15T05:20:01Z,116172,3004100,5004100,79
2026-08-15T05:20:01Z,116266,10000,19800,1354
2026-08-15T05:20:01Z,116268,10500,10500,167
2026-08-15T05:20:01Z,116271,128800,128800,4735
2026-08-15T05:20:01Z,116276,3900,3900,138
2026-08-15T05:20:01Z,116392,29599300,29599400,32
2026-08-15T05:20:01Z,116405,139800,139900,1065
2026-08-15T05:20:01Z,116406,758100,758100,49
2026-08-15T05:20:01Z,116407,239800,239800,499
2026-08-15T05:20:01Z,116408,49900,50000,251
2026-08-15T05:20:01Z,116409,589900,1000000,168
2026-08-15T05:20:01Z,116428,100000,100000,201
2026-08-15T05:20:01Z,116654,12000,278300,423
2026-08-15T05:20:01Z,116810,68100,68100,168
2026-08-15T05:20:01Z,116811,338300,339600,249
2026-08-15T05:20:01Z,116812,3120000,3120000,75
2026-08-15T05:20:01Z,116923,30200,31700,126
2026-08-15T05:20:01Z,116979,3400,3400,1127
2026-08-15T05:20:01Z,116981,19900,29900,2207
2026-08-15T05:20:01Z,117415,32275200,32275200,19
2026-08-15T05:20:01Z,117437,53200,53200,68
2026-08-15T05:20:01Z,117439,8900,100000,168
2026-08-15T05:20:01Z,117440,455900,455900,191
2026-08-15T05:20:01Z,117441,9902200,9902200,45
2026-08-15T05:20:01Z,117442,267000,9988900,47
2026-08-15T05:20:01Z,117452,35000,35000,125
2026-08-15T05:20:01Z,117453,8200,8200,128
2026-08-15T05:20:01Z,117454,499999800,499999800,25
2026-08-15T05:20:01Z,117457,9781200,9781200,41
2026-08-15T05:20:01Z,117469,330000,330000,134
2026-08-15T05:20:01Z,117470,330000,330000,119
2026-08-15T05:20:01Z,117471,1500000,1500000,155
2026-08-15T05:20:01Z,117472,9899900,9899900,143
2026-08-15T05:20:01Z,117473,9905400,9905400,84
2026-08-15T05:20:01Z,117474,9900000,9900000,113
2026-08-15T05:20:01Z,117475,9899900,9899900,30
2026-08-15T05:20:01Z,117568,58900,58900,95
2026-08-15T05:20:01Z,118006,1700,1800,303
2026-08-15T05:20:01Z,118007,4400,4500,424
2026-08-15T05:20:01Z,118008,540000,540000,11
2026-08-15T05:20:01Z,118015,2189800,2189800,52
2026-08-15T05:20:01Z,118061,55000,55400,140
2026-08-15T05:20:01Z,118063,1500001600,1500001600,1
2026-08-15T05:20:01Z,118067,290000100,290000100,1
2026-08-15T05:20:01Z,118225,1800,1900,2943
2026-08-15T05:20:01Z,118280,1400,1400,115
2026-08-15T05:20:01Z,118391,49500,49500,119
2026-08-15T05:20:01Z,118392,2002100,49002100,23
2026-08-15T05:20:01Z,118414,299900,349800,4240
2026-08-15T05:20:01Z,118415,1940100,1940100,121
2026-08-15T05:20:01Z,118416,9774800,9774800,21
2026-08-15T05:20:01Z,118428,1300,1300,60
2026-08-15T05:20:01Z,118472,249900,270000,3249
2026-08-15T05:20:01Z,118565,3005500,3005500,43
2026-08-15T05:20:01Z,118576,10000,10000,621
2026-08-15T05:20:01Z,118592,9996800,9996800,21
2026-08-15T05:20:01Z,118630,800000,800000,174
2026-08-15T05:20:01Z,118631,69900,70000,141
2026-08-15T05:20:01Z,118632,122500,122700,111
2026-08-15T05:20:01Z,118681,49002200,49002200,20
2026-08-15T05:20:01Z,118704,79600,79600,1632
2026-08-15T05:20:01Z,118711,87700,88800,19588
2026-08-15T05:20:01Z,118898,49009900,49009900,23
2026-08-15T05:20:01Z,118899,449900,19909900,43
2026-08-15T05:20:01Z,118900,39990100,39990100,5
2026-08-15T05:20:01Z,118901,9995000,49005000,21
2026-08-15T05:20:01Z,118902,49009900,49009900,21
2026-08-15T05:20:01Z,119022,309700,309700,78
2026-08-15T05:20:01Z,119094,1599900,9990000,22
2026-08-15T05:20:01Z,119095,4198500,9989500,23
2026-08-15T05:20:01Z,119096,9990000,9990000,21
2026-08-15T05:20:01Z,119097,15500000,15500000,13
2026-08-15T05:20:01Z,119098,9903200,9903200,22
2026-08-15T05:20:01Z,119099,6400000,9996500,24
2026-08-15T05:20:01Z,119100,9850000,9900000,23
2026-08-15T05:20:01Z,119101,999900,9869500,23
2026-08-15T05:20:01Z,119102,1120000,9990000,25
2026-08-15T05:20:01Z,119157,9898000,9898000,45
2026-08-15T05:20:01Z,119213,506700,506700,13
2026-08-15T05:20:01Z,119324,98900,98900,103
2026-08-15T05:20:01Z,120150,40000,40000,81
2026-08-15T05:20:01Z,120168,9991100,9991100,43
2026-08-15T05:20:01Z,120257,30000,30000,391
2026-08-15T05:20:01Z,120269,20000100,20000100,8
2026-08-15T05:20:01Z,120270,290000100,290000100,1
2026-08-15T05:20:01Z,120271,290000100,290000100,2
2026-08-15T05:20:01Z,120274,35000000,35000000,16
2026-08-15T05:20:01Z,120293,9400,9400,62
2026-08-15T05:20:01Z,120300,1500000200,1500000200,1
2026-08-15T05:20:01Z,120328,290000100,290000100,1
2026-08-15T05:20:01Z,120329,290000100,290000100,4
2026-08-15T05:20:01Z,120330,290000100,290000100,1
2026-08-15T05:20:01Z,120331,290000100,290000100,1
2026-08-15T05:20:01Z,120332,90000100,90000100,3
2026-08-15T05:20:01Z,120333,290000100,290000100,2
2026-08-15T05:20:01Z,120959,49500,49500,674
2026-08-15T05:20:01Z,122343,9800,234400,723
2026-08-15T05:20:01Z,122344,9500,9500,182
2026-08-15T05:20:01Z,122345,298600,298600,126
2026-08-15T05:20:01Z,122346,197500,197500,250
2026-08-15T05:20:01Z,122347,119900,119900,113
2026-08-15T05:20:01Z,122348,20000,20000,77
2026-08-15T05:20:01Z,122742,1200,1200,47
2026-08-15T05:20:01Z,123918,60000,95900,415565
2026-08-15T05:20:01Z,123919,21000,21000,78128
2026-08-15T05:20:01Z,123956,1299300,1299300,195
2026-08-15T05:20:01Z,124101,40000,41500,93444
2026-08-15T05:20:01Z,124102,57500,59900,69185
2026-08-15T05:20:01Z,124103,40000,138800,41338
2026-08-15T05:20:01Z,124104,89900,99900,11340
2026-08-15T05:20:01Z,124105,99900,120000,7505
2026-08-15T05:20:01Z,124106,910000,969000,1217
2026-08-15T05:20:01Z,124107,9600,9600,2136
2026-08-15T05:20:01Z,124108,2200,2500,2901
2026-08-15T05:20:01Z,124109,35000,48000,2029
2026-08-15T05:20:01Z,124110,700,7200,3719
2026-08-15T05:20:01Z,124111,2500,4100,4561
2026-08-15T05:20:01Z,124112,6000,6400,22362
2026-08-15T05:20:01Z,124113,17400,19800,115247
2026-08-15T05:20:01Z,124115,36900,45400,21421
2026-08-15T05:20:01Z,124116,648800,824500,23706
2026-08-15T05:20:01Z,124117,21100,59600,85595
2026-08-15T05:20:01Z,124118,8100,14500,4134
2026-08-15T05:20:01Z,124119,36800,36800,35529
2026-08-15T05:20:01Z,124120,700,800,5791
2026-08-15T05:20:01Z,124121,600,600,51171
2026-08-15T05:20:01Z,124125,7501600,19901600,42
2026-08-15T05:20:01Z,124436,44900,44900,7073
2026-08-15T05:20:01Z,124437,7700,7700,6961
2026-08-15T05:20:01Z,124438,400,1200,215655
2026-08-15T05:20:01Z,124439,400,500,175992
2026-08-15T05:20:01Z,124440,14900,29400,10979
2026-08-15T05:20:01Z,124441,22400,33100,7761
2026-08-15T05:20:01Z,124442,98400,119400,16337
2026-08-15T05:20:01Z,124444,103600,113700,9580
2026-08-15T05:20:01Z,124461,110900,118800,46578
2026-08-15T05:20:01Z,124640,27700,37700,19768
2026-08-15T05:20:01Z,124661,139700,139700,368
2026-08-15T05:20:01Z,124669,86600,139900,344021
2026-08-15T05:20:01Z,124671,2260400,2449300,63803
2026-08-15T05:20:01Z,126934,355000,355000,1074
2026-08-15T05:20:01Z,126935,1005200,1005200,359
2026-08-15T05:20:01Z,126936,765100,765100,1865
2026-08-15T05:20:01Z,127004,25100,25100,2304
2026-08-15T05:20:01Z,127037,4000,4000,2881
2026-08-15T05:20:01Z,127368,12380000,12380000,5
2026-08-15T05:20:01Z,127681,9300,9300,4684
2026-08-15T05:20:01Z,127712,7500000400,7500000400,1
2026-08-15T05:20:01Z,127713,7500000400,7500000400,1
2026-08-15T05:20:01Z,127714,7500002800,7500002800,1
2026-08-15T05:20:01Z,127715,7500000400,7500000400,1
2026-08-15T05:20:01Z,127718,5500000400,5500000400,1
2026-08-15T05:20:01Z,127730,7500000400,7500000400,1
2026-08-15T05:20:01Z,127731,7500000400,7500000400,1
2026-08-15T05:20:01Z,127732,7500000400,7500000400,1
2026-08-15T05:20:01Z,127736,5500000400,5500000400,1
2026-08-15T05:20:01Z,127759,99900,99900,34433
2026-08-15T05:20:01Z,127760,60854800,60854900,31
2026-08-15T05:20:01Z,127761,30009900,31009900,38
2026-08-15T05:20:01Z,127762,43999900,52499900,12
2026-08-15T05:20:01Z,127763,1500000000,1500000000,1
2026-08-15T05:20:01Z,127764,9999800,44480000,27
2026-08-15T05:20:01Z,127765,33056900,56199600,44
2026-08-15T05:20:01Z,127834,9600,40900,849
2026-08-15T05:20:01Z,127835,78800,79400,4646
2026-08-15T05:20:01Z,127836,11000,17000,658
2026-08-15T05:20:01Z,127837,156900,156900,50
2026-08-15T05:20:01Z,127838,639500,639500,1358
2026-08-15T05:20:01Z,127839,9899900,9899900,25
2026-08-15T05:20:01Z,127840,352400,352400,73
2026-08-15T05:20:01Z,127841,170700,170700,137
2026-08-15T05:20:01Z,127843,25500,25500,215
2026-08-15T05:20:01Z,127844,12300,12300,357
2026-08-15T05:20:01Z,127845,159800,342700,96
2026-08-15T05:20:01Z,127846,1110000,1110000,65
2026-08-15T05:20:01Z,127847,99900,99900,71
2026-08-15T05:20:01Z,127848,38400,1957600,342
2026-08-15T05:20:01Z,127849,334100,1954300,365
2026-08-15T05:20:01Z,127850,29500,2039200,97
2026-08-15T05:20:01Z,127991,6700,6800,3695
2026-08-15T05:20:01Z,128011,1500000400,1500000400,1
2026-08-15T05:20:01Z,128012,7500000400,7500000400,1
2026-08-15T05:20:01Z,128013,2499970400,2499970400,2
2026-08-15T05:20:01Z,128016,7500000400,7500000400,1
2026-08-15T05:20:01Z,128018,9499990400,9499990400,2
2026-08-15T05:20:01Z,128159,2125000100,2125000100,1
2026-08-15T05:20:01Z,128219,9900000,9900000,31
2026-08-15T05:20:01Z,128304,10000,12400,17442
2026-08-15T05:20:01Z,128312,199999100,199999100,13
2026-08-15T05:20:01Z,128314,1110000,2499000,3742
2026-08-15T05:20:01Z,128315,48990000,54440000,781
2026-08-15T05:20:01Z,128385,9962300,9962300,20
2026-08-15T05:20:01Z,128436,150000,3900000,233
2026-08-15T05:20:01Z,128498,9802300,9802300,27
2026-08-15T05:20:01Z,128499,271000,890000,492
2026-08-15T05:20:01Z,128500,7100,7500,913
2026-08-15T05:20:01Z,128537,121500,121500,244
2026-08-15T05:20:01Z,128538,9900,29900,205
2026-08-15T05:20:01Z,128539,19900,39900,307
2026-08-15T05:20:01Z,128540,1100,1100,522
2026-08-15T05:20:01Z,128541,176400,179900,569
2026-08-15T05:20:01Z,128542,520000,520000,139
2026-08-15T05:20:01Z,128543,72600,152900,602
2026-08-15T05:20:01Z,128544,190000,200000,191
2026-08-15T05:20:01Z,128545,600700,600700,72
2026-08-15T05:20:01Z,128546,189700,189700,109
2026-08-15T05:20:01Z,128547,103600,433700,71
2026-08-15T05:20:01Z,128548,9759900,9999900,96
2026-08-15T05:20:01Z,128549,9299900,9509900,99
2026-08-15T05:20:01Z,128550,8750000,11999900,153
2026-08-15T05:20:01Z,128551,2276800,2276800,118
2026-08-15T05:20:01Z,128552,1807300,1907300,99
2026-08-15T05:20:01Z,128553,2499500,2499500,53
2026-08-15T05:20:01Z,128554,647400,9902000,48
2026-08-15T05:20:01Z,128558,4530300,4530400,91
2026-08-15T05:20:01Z,128559,90000,90000,145
2026-08-15T05:20:01Z,128560,50000,50000,81
2026-08-15T05:20:01Z,128561,36400,36400,72
2026-08-15T05:20:01Z,128632,14100,14100,2642
2026-08-15T05:20:01Z,128648,5667300,5667300,141
2026-08-15T05:20:01Z,128650,2000,5000,1091
2026-08-15T05:20:01Z,128713,30950800,39990000,10
2026-08-15T05:20:01Z,128714,39994500,39994500,32
2026-08-15T05:20:01Z,128715,5008700,199908700,9
2026-08-15T05:20:01Z,128716,198999900,198999900,11
2026-08-15T05:20:01Z,128717,199596900,199596900,6
2026-08-15T05:20:01Z,128718,4500000,4500000,7
2026-08-15T05:20:01Z,128719,15543500,15543500,14
2026-08-15T05:20:01Z,128720,199899800,199899800,4
2026-08-15T05:20:01Z,128721,192500000,192500000,5
2026-08-15T05:20:01Z,128722,39908000,39908000,11
2026-08-15T05:20:01Z,128723,49990000,49990000,52
2026-08-15T05:20:01Z,128724,1256500,1256500,13
2026-08-15T05:20:01Z,128725,39960400,39960400,8
2026-08-15T05:20:01Z,128726,35482000,35482000,27
2026-08-15T05:20:01Z,128727,4000000,4000000,12
2026-08-15T05:20:01Z,128728,31111500,31111500,20
2026-08-15T05:20:01Z,128729,19969700,19969700,28
2026-08-15T05:20:01Z,128730,14976800,14976900,35
2026-08-15T05:20:01Z,128731,199700100,199700100,6
2026-08-15T05:20:01Z,128732,48000000,48000000,24
2026-08-15T05:20:01Z,128733,198429900,198429900,10
2026-08-15T05:20:01Z,128734,82499400,82499400,25
2026-08-15T05:20:01Z,128735,13321500,13321500,13
2026-08-15T05:20:01Z,128736,199000000,199000000,4
2026-08-15T05:20:01Z,128737,199990000,199990000,1
2026-08-15T05:20:01Z,128738,49999900,49999900,14
2026-08-15T05:20:01Z,128739,199990000,199990000,35
2026-08-15T05:20:01Z,128740,150000000,150000000,5
2026-08-15T05:20:01Z,128741,39999600,39999600,11
2026-08-15T05:20:01Z,128742,199663800,199663800,30
2026-08-15T05:20:01Z,128743,4999800,4999800,10
2026-08-15T05:20:01Z,128744,149882200,149882200,13
2026-08-15T05:20:01Z,128761,29900,29900,100
2026-08-15T05:20:01Z,128763,199700,199700,156
2026-08-15T05:20:01Z,128764,707000,707000,70
2026-08-15T05:20:01Z,128768,1000,2500000,948
2026-08-15T05:20:01Z,128793,2200,499900,31
2026-08-15T05:20:01Z,128833,779000,779000,236
2026-08-15T05:20:01Z,128834,159900,159900,243
2026-08-15T05:20:01Z,128835,690000,690000,215
2026-08-15T05:20:01Z,128836,700000,700000,242
2026-08-15T05:20:01Z,128837,200000,210300,91
2026-08-15T05:20:01Z,128838,44200,44200,175
2026-08-15T05:20:01Z,128839,159000,159000,132
2026-08-15T05:20:01Z,128840,71300,71300,186
2026-08-15T05:20:01Z,128841,18900,18900,119
2026-08-15T05:20:01Z,128842,199900,199900,133
2026-08-15T05:20:01Z,128843,836600,836600,234
2026-08-15T05:20:01Z,128844,44400,44400,140
2026-08-15T05:20:01Z,128845,39500,39500,301
2026-08-15T05:20:01Z,128846,44400,44400,145
2026-08-15T05:20:01Z,128847,199900,199900,279
2026-08-15T05:20:01Z,128848,10000,10000,145
2026-08-15T05:20:01Z,128849,665000,665000,214
2026-08-15T05:20:01Z,128850,39990000,39990000,204
2026-08-15T05:20:01Z,128851,50000,50000,133
2026-08-15T05:20:01Z,128853,909900,909900,273
2026-08-15T05:20:01Z,128979,9808000,9808000,23
2026-08-15T05:20:01Z,128980,1985100,1985100,56
2026-08-15T05:20:01Z,128983,3900000,3900000,214
2026-08-15T05:20:01Z,128984,3262500,3902500,220
2026-08-15T05:20:01Z,128985,3901000,3901000,216
2026-08-15T05:20:01Z,128987,1509200,1509300,54
2026-08-15T05:20:01Z,128988,6748700,9994800,50
2026-08-15T05:20:01Z,128989,9985800,9985800,58
2026-08-15T05:20:01Z,128990,7642100,7642100,89
2026-08-15T05:20:01Z,128991,5003500,5003600,61
2026-08-15T05:20:01Z,128992,3463800,3463800,44
2026-08-15T05:20:01Z,128993,3564300,3564300,65
2026-08-15T05:20:01Z,128994,106500,106500,80
2026-08-15T05:20:01Z,128995,990000,990000,44
2026-08-15T05:20:01Z,128996,739900,740000,109
2026-08-15T05:20:01Z,128997,999700,999700,30
2026-08-15T05:20:01Z,128998,480000,9780000,52
2026-08-15T05:20:01Z,128999,9870000,9870000,45
2026-08-15T05:20:01Z,129000,891000,891000,46
2026-08-15T05:20:01Z,129001,9887300,9887300,30
2026-08-15T05:20:01Z,129002,940500,940500,105
2026-08-15T05:20:01Z,129003,439900,439900,43
2026-08-15T05:20:01Z,129017,3806600,3806600,213
2026-08-15T05:20:01Z,129018,6868600,6868800,412
2026-08-15T05:20:01Z,129019,7473400,7473400,283
2026-08-15T05:20:01Z,129020,5987700,5987700,263
2026-08-15T05:20:01Z,129021,3959600,3999600,219
2026-08-15T05:20:01Z,129022,7089900,7089900,214
2026-08-15T05:20:01Z,129028,4955300,5009900,205
2026-08-15T05:20:01Z,129029,5500900,5500900,128
2026-08-15T05:20:01Z,129032,59900,125000,335418
2026-08-15T05:20:01Z,129034,421500,605800,39906
2026-08-15T05:20:01Z,129099,890000,890000,75
2026-08-15T05:20:01Z,129100,3400,3400,33111
2026-08-15T05:20:01Z,129158,1400,69000,9548
2026-08-15T05:20:01Z,129284,986700,986800,1292
2026-08-15T05:20:01Z,129285,643500,643500,2128
2026-08-15T05:20:01Z,129286,1503600,1503600,217
2026-08-15T05:20:01Z,129287,950000,950000,453
2026-08-15T05:20:01Z,129288,339900,365000,1189
2026-08-15T05:20:01Z,129289,9909900,10001000,225
2026-08-15T05:20:01Z,130172,82500,82500,2181
2026-08-15T05:20:01Z,130173,32400,32400,35722
2026-08-15T05:20:01Z,130174,53500,53500,4744
2026-08-15T05:20:01Z,130175,250200,250200,1304
2026-08-15T05:20:01Z,130176,28800,38000,4417
2026-08-15T05:20:01Z,130177,29700,29700,3825
2026-08-15T05:20:01Z,130178,384500,384500,730
2026-08-15T05:20:01Z,130179,103300,103400,6120
2026-08-15T05:20:01Z,130180,75900,76000,4955
2026-08-15T05:20:01Z,130181,2505700,2505700,834
2026-08-15T05:20:01Z,130182,59900,60000,4106
2026-08-15T05:20:01Z,130183,58200,58200,2479
2026-08-15T05:20:01Z,130192,300,300,81
2026-08-15T05:20:01Z,130200,459600,459600,265
2026-08-15T05:20:01Z,130201,650000,650000,114
2026-08-15T05:20:01Z,130202,1124900,1124900,79
2026-08-15T05:20:01Z,130203,95600,95600,120
2026-08-15T05:20:01Z,130204,300000,300000,50
2026-08-15T05:20:01Z,130215,19700,19700,58
2026-08-15T05:20:01Z,130216,78000,78000,59
2026-08-15T05:20:01Z,130217,35000,35000,142
2026-08-15T05:20:01Z,130218,161300,161300,53
2026-08-15T05:20:01Z,130219,1139000,1139000,59
2026-08-15T05:20:01Z,130220,19705000,19705000,85
2026-08-15T05:20:01Z,130221,818800,818800,57
2026-08-15T05:20:01Z,130222,950000,950000,67
2026-08-15T05:20:01Z,130245,10000000,10000000,27
2026-08-15T05:20:01Z,130246,15464600,15464600,76
2026-08-15T05:20:01Z,130247,11113100,11113100,64
2026-08-15T05:20:01Z,130248,18504700,18504700,84
2026-08-15T05:20:01Z,130250,102800,102800,381
2026-08-15T05:20:01Z,130258,90000,490000,449
2026-08-15T05:20:01Z,130264,13000,13000,272
2026-08-15T05:20:01Z,130265,200000,200000,54
2026-08-15T05:20:01Z,130268,49000000,49000000,43
2026-08-15T05:20:01Z,130903,979700,989500,1023
2026-08-15T05:20:01Z,130904,487000,489700,2243
2026-08-15T05:20:01Z,130905,220000,239500,1580
2026-08-15T05:20:01Z,131729,32700,32700,5017
2026-08-15T05:20:01Z,131746,1223800,1224200,47
2026-08-15T05:20:01Z,132166,1500003100,1500003100,1
2026-08-15T05:20:01Z,132182,290000700,290000700,1
2026-08-15T05:20:01Z,132183,28700,28700,27
2026-08-15T05:20:01Z,132184,2800,2900,138
2026-08-15T05:20:01Z,132185,290000000,290000000,1
2026-08-15T05:20:01Z,132186,970600,970600,24
2026-08-15T05:20:01Z,132188,1500000000,1500000000,2
2026-08-15T05:20:01Z,132189,34000000,49000000,21
2026-08-15T05:20:01Z,132190,1119800,1119800,5
2026-08-15T05:20:01Z,132191,299001200,299001200,1
2026-08-15T05:20:01Z,132192,29800,29800,30
2026-08-15T05:20:01Z,132193,4800,4800,90
2026-08-15T05:20:01Z,132194,290000000,290000000,2
2026-08-15T05:20:01Z,132197,200002000,200002000,2
2026-08-15T05:20:01Z,132199,34800,34800,41
2026-08-15T05:20:01Z,132200,290007100,290007100,2
2026-08-15T05:20:01Z,132204,2100,2500,152
2026-08-15T05:20:01Z,132207,290003700,290003700,1
2026-08-15T05:20:01Z,132208,49000000,49000000,21
2026-08-15T05:20:01Z,132211,200000,20000000,21
2026-08-15T05:20:01Z,132212,2800,2800,217
2026-08-15T05:20:01Z,132213,1506400,1506400,19
2026-08-15T05:20:01Z,132216,1205500,1205500,7
2026-08-15T05:20:01Z,132217,27100,27100,29
2026-08-15T05:20:01Z,132218,95000,95000,6
2026-08-15T05:20:01Z,132219,4999900,4999900,5
2026-08-15T05:20:01Z,132220,49009900,49009900,20
2026-08-15T05:20:01Z,132223,30900,30900,61
2026-08-15T05:20:01Z,132224,290000000,290000000,2
2026-08-15T05:20:01Z,132225,290003900,290003900,1
2026-08-15T05:20:01Z,132227,290008400,290008400,2
2026-08-15T05:20:01Z,132229,49006100,49006100,10
2026-08-15T05:20:01Z,132230,999900,999900,4
2026-08-15T05:20:01Z,132231,2200,2200,365
2026-08-15T05:20:01Z,132232,800000,800000,4
2026-08-15T05:20:01Z,132233,2200,2200,132
2026-08-15T05:20:01Z,132234,29900,29900,26
2026-08-15T05:20:01Z,132235,290007400,290007400,10
2026-08-15T05:20:01Z,132237,56300,48000000,34
2026-08-15T05:20:01Z,132238,290002000,290002000,1
2026-08-15T05:20:01Z,132239,4526100,49009600,18
2026-08-15T05:20:01Z,132240,49000700,49000700,20
2026-08-15T05:20:01Z,132509,100000,250000,149
2026-08-15T05:20:01Z,132510,9900,9900,847
2026-08-15T05:20:01Z,132513,1899100,1899500,133
2026-08-15T05:20:01Z,132514,900000,1050000,166145
2026-08-15T05:20:01Z,132515,459800,459800,158
2026-08-15T05:20:01Z,132516,1208800,1208800,5045
2026-08-15T05:20:01Z,132517,9992700,9992700,22
2026-08-15T05:20:01Z,132524,27000000,27000000,37
2026-08-15T05:20:01Z,132525,8000000,8870000,335
2026-08-15T05:20:01Z,132526,4320300,4320300,22
2026-08-15T05:20:01Z,132528,4005900,4005900,35
2026-08-15T05:20:01Z,132530,39789500,39789500,27
2026-08-15T05:20:01Z,132531,3939927500,3939927500,7
2026-08-15T05:20:01Z,132752,34900,100000,390
2026-08-15T05:20:01Z,132753,2600,2700,512
2026-08-15T05:20:01Z,132982,7000000,7000000,108
2026-08-15T05:20:01Z,133545,6654700,6654700,52
2026-08-15T05:20:01Z,133553,1490000,49000000,21
2026-08-15T05:20:01Z,133557,4400,4400,327
2026-08-15T05:20:01Z,133561,14700,14700,202
2026-08-15T05:20:01Z,133562,3304500,3304500,626
2026-08-15T05:20:01Z,133563,9000,9000,427
2026-08-15T05:20:01Z,133564,114800,114800,2495
2026-08-15T05:20:01Z,133565,120000,120000,302
2026-08-15T05:20:01Z,133566,9943400,9943400,61
2026-08-15T05:20:01Z,133567,1300,1300,242
2026-08-15T05:20:01Z,133568,207900,207900,781
2026-08-15T05:20:01Z,133569,17300,17400,324
2026-08-15T05:20:01Z,133570,1300,1300,270
2026-08-15T05:20:01Z,133571,3900,3900,223
2026-08-15T05:20:01Z,133572,2000,2000,213
2026-08-15T05:20:01Z,133573,3600,3700,275
2026-08-15T05:20:01Z,133574,6400,6500,613
2026-08-15T05:20:01Z,133575,1300,1300,2498
2026-08-15T05:20:01Z,133576,7400,7400,5776
2026-08-15T05:20:01Z,133577,3300,3300,155
2026-08-15T05:20:01Z,133578,5559800,5559800,72
2026-08-15T05:20:01Z,133579,337200,337200,100
2026-08-15T05:20:01Z,133586,9889800,9889800,95
2026-08-15T05:20:01Z,133588,20000,20000,1454
2026-08-15T05:20:01Z,133589,9500,9500,1479
2026-08-15T05:20:01Z,133590,9000,9000,2182
2026-08-15T05:20:01Z,133591,1900,2200,4870
2026-08-15T05:20:01Z,133592,17800,17800,1855
2026-08-15T05:20:01Z,133593,20000,20000,915
2026-08-15T05:20:01Z,133607,1200,1200,23979
2026-08-15T05:20:01Z,133680,135300,135300,2267
2026-08-15T05:20:01Z,133681,4900,4900,224
2026-08-15T05:20:01Z,133688,5000,5000,320
2026-08-15T05:20:01Z,133893,9999300,9999300,29
2026-08-15T05:20:01Z,133913,9990300,9990300,97
2026-08-15T05:20:01Z,133940,40000,40000,1663
2026-08-15T05:20:01Z,133942,28000,100200,355
2026-08-15T05:20:01Z,133979,199006900,199006900,1
2026-08-15T05:20:01Z,133980,209900,209900,175
2026-08-15T05:20:01Z,133981,9900000,9900000,92
2026-08-15T05:20:01Z,134048,290000100,290000100,6
2026-08-15T05:20:01Z,134049,290000100,290000100,3
2026-08-15T05:20:01Z,134050,290000100,290000100,2
2026-08-15T05:20:01Z,134051,49009900,49009900,20
2026-08-15T05:20:01Z,134052,290000100,290000100,2
2026-08-15T05:20:01Z,134053,6001800,6001800,4
2026-08-15T05:20:01Z,134054,49000100,49000100,16
2026-08-15T05:20:01Z,134860,1240000,1240000,232
2026-08-15T05:20:01Z,136342,3500,3500,635
2026-08-15T05:20:01Z,136353,290001300,290001300,1
2026-08-15T05:20:01Z,136355,990001000,990001000,1
2026-08-15T05:20:01Z,136375,4502700,4502700,30
2026-08-15T05:20:01Z,136376,19992800,19992800,10
2026-08-15T05:20:01Z,136377,15300,15500,396
2026-08-15T05:20:01Z,136544,9969900,9969900,76
2026-08-15T05:20:01Z,136545,6300,12000,69
2026-08-15T05:20:01Z,136546,89800,89800,86
2026-08-15T05:20:01Z,136547,49300,49300,80
2026-08-15T05:20:01Z,136548,100000,100000,47
2026-08-15T05:20:01Z,136549,299900,9940000,33
2026-08-15T05:20:01Z,136550,29800,29800,65
2026-08-15T05:20:01Z,136551,57400,58100,58
2026-08-15T05:20:01Z,136552,299000,9909900,27
2026-08-15T05:20:01Z,136553,60600,9890600,39
2026-08-15T05:20:01Z,136554,59800,59800,45
2026-08-15T05:20:01Z,136555,99900,9900000,41
2026-08-15T05:20:01Z,136556,6900,6900,130
2026-08-15T05:20:01Z,136557,44700,9984700,50
2026-08-15T05:20:01Z,136558,40000,230800,62
2026-08-15T05:20:01Z,136559,49992300,49992300,6
2026-08-15T05:20:01Z,136560,9994100,9994100,22
2026-08-15T05:20:01Z,136561,17900,18000,64
2026-08-15T05:20:01Z,136562,500000,500000,71
2026-08-15T05:20:01Z,136563,9808900,9808900,36
2026-08-15T05:20:01Z,136564,186400,186500,57
2026-08-15T05:20:01Z,136565,900100,900100,42
2026-08-15T05:20:01Z,136566,96500,9849900,45
2026-08-15T05:20:01Z,136567,29100,29200,109
2026-08-15T05:20:01Z,136568,8910000,9969900,35
2026-08-15T05:20:01Z,136569,50000,53400,238
2026-08-15T05:20:01Z,136570,290006500,290006500,1
2026-08-15T05:20:01Z,136571,9906400,9906500,101
2026-08-15T05:20:01Z,136572,450006500,450006500,1
2026-08-15T05:20:01Z,136573,290006500,290006500,1
2026-08-15T05:20:01Z,136574,4446500,4446500,2
2026-08-15T05:20:01Z,136575,290006500,290006500,2
2026-08-15T05:20:01Z,136576,990006500,990006500,1
2026-08-15T05:20:01Z,136596,9900100,9900100,100
2026-08-15T05:20:01Z,136597,49000100,49000100,20
2026-08-15T05:20:01Z,136598,49000100,49000100,20
2026-08-15T05:20:01Z,136606,199900,199900,350
2026-08-15T05:20:01Z,136633,49400,49600,598
2026-08-15T05:20:01Z,136636,42200,42400,156
2026-08-15T05:20:01Z,136637,12500,12500,3039
2026-08-15T05:20:01Z,136638,490000,490000,363
2026-08-15T05:20:01Z,136653,179900,179900,358
2026-08-15T05:20:01Z,136654,10000,10000,339
2026-08-15T05:20:01Z,136708,2149800,2150200,218
2026-08-15T05:20:01Z,136825,4960000,4960000,167
2026-08-15T05:20:01Z,136826,4670000,4670000,468
2026-08-15T05:20:01Z,136852,500,500,442
2026-08-15T05:20:01Z,136856,30000,30000,125
2026-08-15T05:20:01Z,136857,43525200,43525200,5
2026-08-15T05:20:01Z,137188,6538700,6539200,368
2026-08-15T05:20:01Z,137191,6004100,8183900,277
2026-08-15T05:20:01Z,137238,4979500,4980500,384
2026-08-15T05:20:01Z,137239,5985400,5985400,307
2026-08-15T05:20:01Z,137240,1500007600,1500007600,1
2026-08-15T05:20:01Z,137249,4995800,4996800,189
2026-08-15T05:20:01Z,137250,5323600,5328800,625
2026-08-15T05:20:01Z,137267,5007200,5007200,147
2026-08-15T05:20:01Z,137269,4402600,4402600,156
2026-08-15T05:20:01Z,137274,5444600,5500500,74
2026-08-15T05:20:01Z,137287,5759800,5759800,110
2026-08-15T05:20:01Z,137288,4990000,4990000,270
2026-08-15T05:20:01Z,137289,8299900,8299900,152
2026-08-15T05:20:01Z,137293,5989800,5990800,337
2026-08-15T05:20:01Z,137556,820000,820000,57
2026-08-15T05:20:01Z,137557,497800,497800,53
2026-08-15T05:20:01Z,137558,500000,500000,125
2026-08-15T05:20:01Z,137643,49000000,49000000,21
2026-08-15T05:20:01Z,137644,49004100,49004100,20
2026-08-15T05:20:01Z,138196,49003900,49003900,10
2026-08-15T05:20:01Z,138285,1200000,1200000,100
2026-08-15T05:20:01Z,138290,9900000,9900000,80
2026-08-15T05:20:01Z,138292,1300,1300,125
2026-08-15T05:20:01Z,138294,3500000,3500000,182
2026-08-15T05:20:01Z,138295,255000,255000,61
2026-08-15T05:20:01Z,138382,149900,157600,343
2026-08-15T05:20:01Z,138383,420000,420000,954
2026-08-15T05:20:01Z,138384,290000,300000,45
2026-08-15T05:20:01Z,138486,70800,73000,15046
2026-08-15T05:20:01Z,138488,127900,129900,8970
2026-08-15T05:20:01Z,138727,31900,200000,9444
2026-08-15T05:20:01Z,138728,1000,1000,19066
2026-08-15T05:20:01Z,138729,1500,1600,9856
2026-08-15T05:20:01Z,138875,200,200,489
2026-08-15T05:20:01Z,138884,19990000,19990000,40
2026-08-15T05:20:01Z,138967,700,700,3794
2026-08-15T05:20:01Z,138972,9900000,9900000,19
2026-08-15T05:20:01Z,138973,9900000,9900000,20
2026-08-15T05:20:01Z,138974,9900000,9900000,19
2026-08-15T05:20:01Z,138975,9900000,9900000,25
2026-08-15T05:20:01Z,138976,9900000,9900000,24
2026-08-15T05:20:01Z,138977,260000,260000,299
2026-08-15T05:20:01Z,138978,9900000,9900000,127
2026-08-15T05:20:01Z,138979,5000,5000,2110
2026-08-15T05:20:01Z,138980,339700,339700,125
2026-08-15T05:20:01Z,138981,9960200,9960200,90
2026-08-15T05:20:01Z,138982,9903200,9903200,124
2026-08-15T05:20:01Z,138983,9969800,9969800,36
2026-08-15T05:20:01Z,138986,9900000,9900000,68
2026-08-15T05:20:01Z,138987,9901900,9901900,164
2026-08-15T05:20:01Z,139036,440000,440000,350
2026-08-15T05:20:01Z,139175,1485000,1500000,319
2026-08-15T05:20:01Z,139270,5990000,5999500,115
2026-08-15T05:20:01Z,139271,5503500,5503500,183
2026-08-15T05:20:01Z,139278,6905500,6905500,179
2026-08-15T05:20:01Z,139288,4865100,4920000,156
2026-08-15T05:20:01Z,139289,4297900,4298000,214
2026-08-15T05:20:01Z,139310,6490000,6490000,206
2026-08-15T05:20:01Z,139311,6999800,6999800,174
2026-08-15T05:20:01Z,139312,90821200,90821200,2
2026-08-15T05:20:01Z,139314,5509800,5509800,108
2026-08-15T05:20:01Z,139315,6240000,6240000,120
2026-08-15T05:20:01Z,139316,290000100,290000100,1
2026-08-15T05:20:01Z,139317,290000100,290000100,1
2026-08-15T05:20:01Z,139318,290000100,290000100,1
2026-08-15T05:20:01Z,139338,4329400,4329400,294
2026-08-15T05:20:01Z,139339,6717000,6717000,539
2026-08-15T05:20:01Z,139344,9993000,9993000,161
2026-08-15T05:20:01Z,139345,79900,399900,108
2026-08-15T05:20:01Z,139346,9970400,9970400,169
2026-08-15T05:20:01Z,139347,9786200,9786200,79
2026-08-15T05:20:01Z,139348,5579000,5579000,116
2026-08-15T05:20:01Z,139352,5549900,5549900,42
2026-08-15T05:20:01Z,139358,4925700,4925700,157
2026-08-15T05:20:01Z,139362,6447200,6447200,212
2026-08-15T05:20:01Z,139375,865200,2113900,524
2026-08-15T05:20:01Z,139389,199999800,199999800,1
2026-08-15T05:20:01Z,139398,2219900,9959900,36
2026-08-15T05:20:01Z,139417,6501300,6501300,177
2026-08-15T05:20:01Z,139435,6489700,6489700,103
2026-08-15T05:20:01Z,139436,7638700,7638700,176
2026-08-15T05:20:01Z,139437,4599900,7567000,312
2026-08-15T05:20:01Z,139438,4699900,4699900,160
2026-08-15T05:20:01Z,139442,7092100,7092100,178
2026-08-15T05:20:01Z,139503,459000,459000,649
2026-08-15T05:20:01Z,139783,48600,48600,9
2026-08-15T05:20:01Z,139785,3484897000,3484897000,1
2026-08-15T05:20:01Z,139786,1861500,1862000,93
2026-08-15T05:20:01Z,139890,6000000,6000000,19
2026-08-15T05:20:01Z,140187,1600,1700,124
2026-08-15T05:20:01Z,140188,1600,1600,125
2026-08-15T05:20:01Z,140189,1800,2700,123
2026-08-15T05:20:01Z,140201,9905600,9905600,28
2026-08-15T05:20:01Z,140202,9905700,9905700,22
2026-08-15T05:20:01Z,140203,9905700,9905700,19
2026-08-15T05:20:01Z,140204,105000,105000,64
2026-08-15T05:20:01Z,140205,9900400,9900400,29
2026-08-15T05:20:01Z,140206,9906900,9906900,29
2026-08-15T05:20:01Z,140207,9900000,9900000,24
2026-08-15T05:20:01Z,140265,700000,700000,154
2026-08-15T05:20:01Z,140266,813900,813900,275
2026-08-15T05:20:01Z,140269,700000,700000,202
2026-08-15T05:20:01Z,140272,186200,186200,238
2026-08-15T05:20:01Z,140273,100000,100000,181
2026-08-15T05:20:01Z,140275,700000,700000,155
2026-08-15T05:20:01Z,140276,2600,2600,164
2026-08-15T05:20:01Z,140286,55200,55200,144
2026-08-15T05:20:01Z,140296,1000000,1000000,114
2026-08-15T05:20:01Z,140297,750000,750000,139
2026-08-15T05:20:01Z,140298,1009800,1009800,131
2026-08-15T05:20:01Z,140299,220000,220000,105
2026-08-15T05:20:01Z,140300,220300,220300,159
2026-08-15T05:20:01Z,140301,9877000,9877000,163
2026-08-15T05:20:01Z,140302,9840000,9840000,115
2026-08-15T05:20:01Z,140321,290000100,290000100,1
2026-08-15T05:20:01Z,140337,79800,79800,195
2026-08-15T05:20:01Z,140338,999900,999900,167
2026-08-15T05:20:01Z,140339,9900000,9900000,104
2026-08-15T05:20:01Z,140340,9909800,9909800,361
2026-08-15T05:20:01Z,140341,79800,79800,100
2026-08-15T05:20:01Z,140342,559700,559700,147
2026-08-15T05:20:01Z,140344,69900,69900,269
2026-08-15T05:20:01Z,140347,9900,24500,295
2026-08-15T05:20:01Z,140351,59900,73400,108
2026-08-15T05:20:01Z,140355,4197600,9990200,25
2026-08-15T05:20:01Z,140567,4990000,4990000,30
2026-08-15T05:20:01Z,140568,3900000,6374300,9
2026-08-15T05:20:01Z,140587,93600,93600,515
2026-08-15T05:20:01Z,140626,199991000,199991000,6
2026-08-15T05:20:01Z,140627,9999900,9999900,25
2026-08-15T05:20:01Z,140628,19898200,19898200,9
2026-08-15T05:20:01Z,140629,39900100,39900100,10
2026-08-15T05:20:01Z,140630,7002400,7075700,286
2026-08-15T05:20:01Z,140631,39700,39700,175
2026-08-15T05:20:01Z,140668,19000,19000,81
2026-08-15T05:20:01Z,140679,9963100,9963100,39
2026-08-15T05:20:01Z,140753,10000,10000,72
2026-08-15T05:20:01Z,140754,19700,9840000,52
2026-08-15T05:20:01Z,141206,1003200,1003200,209
2026-08-15T05:20:01Z,141207,1258900,1258900,199
2026-08-15T05:20:01Z,141208,9980000,9980000,45
2026-08-15T05:20:01Z,141209,664800,664800,166
2026-08-15T05:20:01Z,141210,1200400,1200400,213
2026-08-15T05:20:01Z,141211,330500,330500,232
2026-08-15T05:20:01Z,141212,9850000,9850000,129
2026-08-15T05:20:01Z,141213,338300,338300,189
2026-08-15T05:20:01Z,141214,5009900,5009900,136
2026-08-15T05:20:01Z,141215,2500000,2500000,241
2026-08-15T05:20:01Z,141318,5880400,5880400,18
2026-08-15T05:20:01Z,141319,2493000,2493000,18
2026-08-15T05:20:01Z,141320,560000,560000,19
2026-08-15T05:20:01Z,141333,4248200,4248200,56
2026-08-15T05:20:01Z,141446,100000,100000,1829
2026-08-15T05:20:01Z,141527,40000,40000,96
2026-08-15T05:20:01Z,141640,994000,994000,121
2026-08-15T05:20:01Z,141641,9992500,9992500,24
2026-08-15T05:20:01Z,141898,5409500,5409500,147
2026-08-15T05:20:01Z,141908,1809400,2349400,113
2026-08-15T05:20:01Z,141909,3090200,3090200,57
2026-08-15T05:20:01Z,141910,906800,906800,221
2026-08-15T05:20:01Z,141957,1500005700,1500005700,1
2026-08-15T05:20:01Z,142101,159900,9940000,51
2026-08-15T05:20:01Z,142102,289900,289900,61
2026-08-15T05:20:01Z,142103,9900000,9900000,39
2026-08-15T05:20:01Z,142117,10000,10000,1574
2026-08-15T05:20:01Z,142262,560200,560200,32
2026-08-15T05:20:01Z,142263,11200,11200,304
2026-08-15T05:20:01Z,142264,56500,56500,255
2026-08-15T05:20:01Z,142266,300,300,12916
2026-08-15T05:20:01Z,142334,10900,11000,238
2026-08-15T05:20:01Z,142335,3500,4000,25487
2026-08-15T05:20:01Z,142336,3700,4000,22690
2026-08-15T05:20:01Z,142406,20600,20800,175
2026-08-15T05:20:01Z,143588,6789900,6789900,85
2026-08-15T05:20:01Z,143618,290003900,290003900,1
2026-08-15T05:20:01Z,143619,290005400,290005400,1
2026-08-15T05:20:01Z,143633,197990100,197990100,1
2026-08-15T05:20:01Z,143634,195200000,195200000,1
2026-08-15T05:20:01Z,143635,199000900,199000900,1
2026-08-15T05:20:01Z,143636,199900400,199900400,1
2026-08-15T05:20:01Z,143681,800,800,851
2026-08-15T05:20:01Z,143750,4368100,4368100,176
2026-08-15T05:20:01Z,143846,1500001300,1500001300,1
2026-08-15T05:20:01Z,143853,4999900,4999900,132
2026-08-15T05:20:01Z,144283,5500000100,5500000100,1
2026-08-15T05:20:01Z,144284,5500000200,5500000200,1
2026-08-15T05:20:01Z,144287,290000100,290000100,1
2026-08-15T05:20:01Z,144289,990000100,990000100,1
2026-08-15T05:20:01Z,144290,5500000100,5500000100,1
2026-08-15T05:20:01Z,144304,343900,363900,72
2026-08-15T05:20:01Z,144305,307600,9909000,48
2026-08-15T05:20:01Z,144306,290000,300000,99
2026-08-15T05:20:01Z,144307,300000,300000,76
2026-08-15T05:20:01Z,144329,4941000,4941000,181
2026-08-15T05:20:01Z,144396,199899700,199899700,1
2026-08-15T05:20:01Z,144397,199979600,199979600,1
2026-08-15T05:20:01Z,144398,39889100,39889100,10
2026-08-15T05:20:01Z,144408,49001300,49001300,20
2026-08-15T05:20:01Z,146406,9908800,9908800,35
2026-08-15T05:20:01Z,147119,7089100,7334300,275
2026-08-15T05:20:01Z,147210,49000100,49000100,20
2026-08-15T05:20:01Z,147669,87200,87200,75
2026-08-15T05:20:01Z,147774,209500,209500,60
2026-08-15T05:20:01Z,147775,887200,896100,799
2026-08-15T05:20:01Z,147776,200000,200000,160
2026-08-15T05:20:01Z,147777,100000,2500000,186
2026-08-15T05:20:01Z,147868,332800,332900,52
2026-08-15T05:20:01Z,147869,900,900,11856
2026-08-15T05:20:01Z,147870,3300,990000,229
2026-08-15T05:20:01Z,149755,121400,121400,118
2026-08-15T05:20:01Z,151034,290001200,290001200,1
2026-08-15T05:20:01Z,151121,9988500,9988500,20
2026-08-15T05:20:01Z,151122,9900000,9900000,25
2026-08-15T05:20:01Z,151123,9990000,9990000,25
2026-08-15T05:20:01Z,151124,9990000,9990000,32
2026-08-15T05:20:01Z,151133,2327500,7500000,3393
2026-08-15T05:20:01Z,151256,25000,25000,434
2026-08-15T05:20:01Z,151257,16500,16500,292
2026-08-15T05:20:01Z,151386,3208600,3208600,3
2026-08-15T05:20:01Z,151387,19615200,19615200,3
2026-08-15T05:20:01Z,151388,144704800,144704800,3
2026-08-15T05:20:01Z,151389,290000000,290000000,3
2026-08-15T05:20:01Z,151390,4445600,4445600,41
2026-08-15T05:20:01Z,151391,240000,240000,57
2026-08-15T05:20:01Z,151392,80000,80000,18
2026-08-15T05:20:01Z,151393,10982900,49000000,14
2026-08-15T05:20:01Z,151394,901400,49001400,28
2026-08-15T05:20:01Z,151431,987500,4945100,25
2026-08-15T05:20:01Z,151444,98100,98100,30
2026-08-15T05:20:01Z,151538,7000400,7000400,161
2026-08-15T05:20:01Z,151540,7002900,7002900,88
2026-08-15T05:20:01Z,151542,6806300,7006300,198
2026-08-15T05:20:01Z,151564,48500,69900,9560
2026-08-15T05:20:01Z,151565,93500,100000,59130
2026-08-15T05:20:01Z,151566,1400,1400,154222
2026-08-15T05:20:01Z,151567,2600,8600,84163
2026-08-15T05:20:01Z,151579,99900,1990000,122
2026-08-15T05:20:01Z,151580,500000,500000,231
2026-08-15T05:20:01Z,151583,703900,703900,253
2026-08-15T05:20:01Z,151584,1303300,6535800,32
2026-08-15T05:20:01Z,151585,130000,130000,51
2026-08-15T05:20:01Z,151608,9850700,9850700,45
2026-08-15T05:20:01Z,151609,10000,10000,2637
2026-08-15T05:20:01Z,151610,209800,9972200,35
2026-08-15T05:20:01Z,151651,13441100,13441100,30
2026-08-15T05:20:01Z,151718,5899900,25009900,470
2026-08-15T05:20:01Z,151719,920000,960000,347
2026-08-15T05:20:01Z,151720,620000,670000,644
2026-08-15T05:20:01Z,151721,240000,270000,1093
2026-08-15T05:20:01Z,151722,332500,332500,781
2026-08-15T05:20:01Z,151774,9900000,9900000,30
2026-08-15T05:20:01Z,151775,49999900,49999900,13
2026-08-15T05:20:01Z,152099,1110100,9900100,109
2026-08-15T05:20:01Z,152296,49001600,49001600,20
2026-08-15T05:20:01Z,152494,90000,94500,450
2026-08-15T05:20:01Z,152495,16600,9947500,51
2026-08-15T05:20:01Z,152496,2500,2500,93
2026-08-15T05:20:01Z,152497,6000,8600,404
2026-08-15T05:20:01Z,152503,100000,160000,142
2026-08-15T05:20:01Z,152505,69900,82500,16397
2026-08-15T05:20:01Z,152506,78300,98300,10618
2026-08-15T05:20:01Z,152507,100000,100000,6681
2026-08-15T05:20:01Z,152508,87400,96300,45888
2026-08-15T05:20:01Z,152509,72200,72300,22053
2026-08-15T05:20:01Z,152510,163200,163500,28075
2026-08-15T05:20:01Z,152511,74300,77100,3264
2026-08-15T05:20:01Z,152512,30000,58400,373738
2026-08-15T05:20:01Z,152513,46100,46900,9207
2026-08-15T05:20:01Z,152541,39500,52600,44162
2026-08-15T05:20:01Z,152542,1000,1000,163939
2026-08-15T05:20:01Z,152543,10000,10000,14452
2026-08-15T05:20:01Z,152544,9800,10900,17570
2026-08-15T05:20:01Z,152545,9900,10900,11439
2026-08-15T05:20:01Z,152546,5900,6000,12395
2026-08-15T05:20:01Z,152547,49800,54900,24149
2026-08-15T05:20:01Z,152548,229900,300000,2360
2026-08-15T05:20:01Z,152549,722000,722000,999
2026-08-15T05:20:01Z,152550,27300,27600,386
2026-08-15T05:20:01Z,152557,49400,49400,106
2026-08-15T05:20:01Z,152559,10000,10000,147
2026-08-15T05:20:01Z,152560,30000,30000,292
2026-08-15T05:20:01Z,152561,8900,8900,184
2026-08-15T05:20:01Z,152564,179500,179700,590
2026-08-15T05:20:01Z,152576,4000,9100,282884
2026-08-15T05:20:01Z,152577,28900,31200,668347
2026-08-15T05:20:01Z,152579,120100,120200,15787
2026-08-15T05:20:01Z,152615,9801000,9801000,94
2026-08-15T05:20:01Z,152631,1000,1900,31897
2026-08-15T05:20:01Z,152638,330000,330000,186
2026-08-15T05:20:01Z,152639,130000,130000,329
2026-08-15T05:20:01Z,152640,199900,200000,202
2026-08-15T05:20:01Z,152641,320000,320000,368
2026-08-15T05:20:01Z,152717,9900000,9900000,95
2026-08-15T05:20:01Z,152718,1250000,1250000,128
2026-08-15T05:20:01Z,152812,999100,999500,342
2026-08-15T05:20:01Z,152813,653400,653400,145
2026-08-15T05:20:01Z,152867,49002700,49002700,21
2026-08-15T05:20:01Z,152875,22900,26200,54444
2026-08-15T05:20:01Z,152876,169100,171000,108187
2026-08-15T05:20:01Z,152877,232900,371100,75044
2026-08-15T05:20:01Z,152897,49000000,49000000,130
2026-08-15T05:20:01Z,153015,917500,917500,53
2026-08-15T05:20:01Z,153031,5997100,5997100,357
2026-08-15T05:20:01Z,153033,6899800,6899800,96
2026-08-15T05:20:01Z,153036,6897300,6897300,46
2026-08-15T05:20:01Z,153050,7300,9200,46223
2026-08-15T05:20:01Z,153051,1200,1300,42280
2026-08-15T05:20:01Z,153133,255000,255000,31
2026-08-15T05:20:01Z,153134,290000500,290000500,2
2026-08-15T05:20:01Z,153192,99900,99900,109
2026-08-15T05:20:01Z,153219,19990100,19990100,24
2026-08-15T05:20:01Z,153251,35008300,35008300,83
2026-08-15T05:20:01Z,153430,90000,90000,106
2026-08-15T05:20:01Z,153431,68800,68800,62
2026-08-15T05:20:01Z,153434,53400,223400,50
2026-08-15T05:20:01Z,153435,39500,39500,78
2026-08-15T05:20:01Z,153437,90000,90000,138
2026-08-15T05:20:01Z,153438,5000,6700,196
2026-08-15T05:20:01Z,153439,14900,15000,164
2026-08-15T05:20:01Z,153440,10000,19900,184
2026-08-15T05:20:01Z,153441,23300,23300,107
2026-08-15T05:20:01Z,153442,11200,1686700,208
2026-08-15T05:20:01Z,153443,24600,2151500,68
2026-08-15T05:20:01Z,153444,10000,120000,144
2026-08-15T05:20:01Z,153445,999900,2151800,108
2026-08-15T05:20:01Z,153476,10000,22900,347
2026-08-15T05:20:01Z,153478,439900,1167200,435
2026-08-15T05:20:01Z,153479,40000,40000,246
2026-08-15T05:20:01Z,153480,1166800,1166800,379
2026-08-15T05:20:01Z,153487,4500,4500,109
2026-08-15T05:20:01Z,153490,14600,130000,1542
2026-08-15T05:20:01Z,153494,5000,25000,142
2026-08-15T05:20:01Z,153510,830000,830000,781
2026-08-15T05:20:01Z,153512,356300,1237300,93
2026-08-15T05:20:01Z,153566,9803800,9803800,71
2026-08-15T05:20:01Z,153567,9803800,9803800,78
2026-08-15T05:20:01Z,153568,9803800,9803800,72
2026-08-15T05:20:01Z,153569,9803800,9803800,65
2026-08-15T05:20:01Z,153570,9703800,9703800,92
2026-08-15T05:20:01Z,153597,137200,355300,698
2026-08-15T05:20:01Z,153602,9950000,9950000,20
2026-08-15T05:20:01Z,153603,164900,165000,63
2026-08-15T05:20:01Z,153604,298300,3119900,251
2026-08-15T05:20:01Z,153605,249900,249900,25
2026-08-15T05:20:01Z,153606,2120400,3119800,45
2026-08-15T05:20:01Z,153607,930700,930700,27
2026-08-15T05:20:01Z,153608,120100,120100,21
2026-08-15T05:20:01Z,153609,480000,480000,31
2026-08-15T05:20:01Z,153610,960400,980100,29
2026-08-15T05:20:01Z,153611,160000,170100,70
2026-08-15T05:20:01Z,153612,865800,3115500,228
2026-08-15T05:20:01Z,153613,8400000,8424600,71
2026-08-15T05:20:01Z,153614,9286800,9286800,29
2026-08-15T05:20:01Z,153615,706200,706200,27
2026-08-15T05:20:01Z,153616,3574300,29990000,49
2026-08-15T05:20:01Z,153617,1399800,1399800,18
2026-08-15T05:20:01Z,153618,2500000,2500000,61
2026-08-15T05:20:01Z,153619,853700,853700,35
2026-08-15T05:20:01Z,153620,1578800,1578800,65
2026-08-15T05:20:01Z,153621,569700,569800,35
2026-08-15T05:20:01Z,153622,204000,204000,53
2026-08-15T05:20:01Z,153623,3021300,3021300,229
2026-08-15T05:20:01Z,153624,100100,150100,47
2026-08-15T05:20:01Z,153625,490900,4915800,154
2026-08-15T05:20:01Z,153626,34000000,39989900,23
2026-08-15T05:20:01Z,153627,158300,159900,56
2026-08-15T05:20:01Z,153628,562500,3112500,210
2026-08-15T05:20:01Z,153629,159000,159000,87
2026-08-15T05:20:01Z,153630,891000,9990000,371
2026-08-15T05:20:01Z,153631,269900,269900,77
2026-08-15T05:20:01Z,153632,290000,290000,79
2026-08-15T05:20:01Z,153633,1500000,9993600,298
2026-08-15T05:20:01Z,153634,270000,270000,40
2026-08-15T05:20:01Z,153635,3700,3700,36886
2026-08-15T05:20:01Z,153636,386100,386100,2746
2026-08-15T05:20:01Z,153646,200000,200000,39
2026-08-15T05:20:01Z,153647,250000,2911900,784
2026-08-15T05:20:01Z,153661,150000,150000,43
2026-08-15T05:20:01Z,153662,196200,196200,79
2026-08-15T05:20:01Z,153663,504500,1486600,31
2026-08-15T05:20:01Z,153664,2194600,2194600,51
2026-08-15T05:20:01Z,153665,420000,440000,54
2026-08-15T05:20:01Z,153666,870000,870000,106
2026-08-15T05:20:01Z,153667,450000,1486600,164
2026-08-15T05:20:01Z,153668,200000,1699900,830
2026-08-15T05:20:01Z,153669,5400,5400,14453
2026-08-15T05:20:01Z,153673,1199900,1299900,220
2026-08-15T05:20:01Z,153700,25000,51800,141
2026-08-15T05:20:01Z,153701,52500,52500,1536
2026-08-15T05:20:01Z,153702,25000,47900,406
2026-08-15T05:20:01Z,153703,25000,415400,692
2026-08-15T05:20:01Z,153704,25000,139900,351
2026-08-15T05:20:01Z,153705,25000,26600,185
2026-08-15T05:20:01Z,153706,269900,269900,1206
2026-08-15T05:20:01Z,153707,352300,352300,121
2026-08-15T05:20:01Z,153708,1110000,1110000,91
2026-08-15T05:20:01Z,153709,252800,252800,21
2026-08-15T05:20:01Z,153710,27800,300000,73
2026-08-15T05:20:01Z,153711,59900,59900,79
2026-08-15T05:20:01Z,153712,28600,28600,77
2026-08-15T05:20:01Z,153713,204100,204100,43
2026-08-15T05:20:01Z,153714,27300,27300,357
2026-08-15T05:20:01Z,153715,65400,75400,130
2026-08-15T05:20:01Z,154120,990000,999900,447
2026-08-15T05:20:01Z,154121,349900,349900,380
2026-08-15T05:20:01Z,154122,124600,125800,867
2026-08-15T05:20:01Z,154123,499700,499900,1348
2026-08-15T05:20:01Z,154124,60500,60500,534
2026-08-15T05:20:01Z,154125,100100,101100,383
2026-08-15T05:20:01Z,154126,54900,54900,95
2026-08-15T05:20:01Z,154127,88000,88000,84
2026-08-15T05:20:01Z,154128,36000,36500,272
2026-08-15T05:20:01Z,154129,142700,248100,404
2026-08-15T05:20:01Z,154131,9970500,9970500,99
2026-08-15T05:20:01Z,154132,9908800,9908800,100
2026-08-15T05:20:01Z,154133,9905000,9905000,41
2026-08-15T05:20:01Z,154164,5900,11900,260394
2026-08-15T05:20:01Z,154165,500,1400,171292
2026-08-15T05:20:01Z,154166,170000,170000,69
2026-08-15T05:20:01Z,154167,39900,49900,337
2026-08-15T05:20:01Z,154168,4879600,4900000,232
2026-08-15T05:20:01Z,154169,99000,120000,203
2026-08-15T05:20:01Z,154705,330000,330000,170
2026-08-15T05:20:01Z,154706,274100,274100,556
2026-08-15T05:20:01Z,154707,303900,303900,190
2026-08-15T05:20:01Z,154722,1000,1000,123748
2026-08-15T05:20:01Z,154881,49500,49500,936
2026-08-15T05:20:01Z,154882,1300,1300,1827
2026-08-15T05:20:01Z,154883,47500,47500,329
2026-08-15T05:20:01Z,154884,25000,25000,120
2026-08-15T05:20:01Z,154885,32400,32400,778
2026-08-15T05:20:01Z,154886,87000,87000,1642
2026-08-15T05:20:01Z,154887,50500,50500,931
2026-08-15T05:20:01Z,154888,1300,1300,515
2026-08-15T05:20:01Z,154889,4500,4500,589
2026-08-15T05:20:01Z,154891,3900,3900,194
2026-08-15T05:20:01Z,154897,700,1200,11804
2026-08-15T05:20:01Z,154898,2100,2100,6937
2026-08-15T05:20:01Z,154899,700,700,9316
2026-08-15T05:20:01Z,154989,2500000,2999900,277
2026-08-15T05:20:01Z,154990,2990000,3284700,559
2026-08-15T05:20:01Z,155593,4900,5000,53
2026-08-15T05:20:01Z,155598,5800,5800,25
2026-08-15T05:20:01Z,155600,290008100,290008100,1
2026-08-15T05:20:01Z,155601,3600,3600,86
2026-08-15T05:20:01Z,155603,4600,4600,60
2026-08-15T05:20:01Z,155605,40700,49000700,23
2026-08-15T05:20:01Z,155607,290008100,290008100,2
2026-08-15T05:20:01Z,155608,3200,3200,96
2026-08-15T05:20:01Z,155609,3900,3900,28
2026-08-15T05:20:01Z,155610,7700,7700,57
2026-08-15T05:20:01Z,155615,5300,5300,157
2026-08-15T05:20:01Z,155618,4000,4000,159
2026-08-15T05:20:01Z,155620,49008100,49008100,6
2026-08-15T05:20:01Z,155629,3300,4903300,214
2026-08-15T05:20:01Z,155631,3900,3900,139
2026-08-15T05:20:01Z,155635,3400,3400,42
2026-08-15T05:20:01Z,155636,9600,9600,104
2026-08-15T05:20:01Z,155649,8000000,8000000,2
2026-08-15T05:20:01Z,155810,5000000,5000000,22
2026-08-15T05:20:01Z,155811,101200,101200,904
2026-08-15T05:20:01Z,155812,9709400,9709400,1078
2026-08-15T05:20:01Z,155813,141100,141100,970
2026-08-15T05:20:01Z,155814,111400,111400,796
2026-08-15T05:20:01Z,155907,903100,9903100,51
2026-08-15T05:20:01Z,155909,9512500,9512500,135
2026-08-15T05:20:01Z,155910,200000,200000,143
2026-08-15T05:20:01Z,156525,49000,49000,343
2026-08-15T05:20:01Z,156526,100000,100000,192
2026-08-15T05:20:01Z,156624,49000200,49000200,12
2026-08-15T05:20:01Z,156627,99991500,99991500,2
2026-08-15T05:20:01Z,156646,1500005100,1500005100,1
2026-08-15T05:20:01Z,156872,9725700,9900800,47
2026-08-15T05:20:01Z,156873,443400,443400,61
2026-08-15T05:20:01Z,156930,4300,9900,21391
2026-08-15T05:20:01Z,157798,39595300,39595300,16
2026-08-15T05:20:01Z,157842,4200,4200,149
2026-08-15T05:20:01Z,157844,3500,3500,66
2026-08-15T05:20:01Z,158186,1400,1400,28739
2026-08-15T05:20:01Z,158187,7400,7400,30945
2026-08-15T05:20:01Z,158188,349700,399900,156194
2026-08-15T05:20:01Z,158189,9900,9900,2480
2026-08-15T05:20:01Z,158201,308100,2310000,1496
2026-08-15T05:20:01Z,158202,100100,2099900,763
2026-08-15T05:20:01Z,158203,102500,142500,131
2026-08-15T05:20:01Z,158204,200000,209900,646
2026-08-15T05:20:01Z,158205,7400,7400,5693
2026-08-15T05:20:01Z,158210,3700,3700,130
2026-08-15T05:20:01Z,158212,80000,90000,42
2026-08-15T05:20:01Z,158327,218500,218500,48
2026-08-15T05:20:01Z,158377,97700,97700,32
2026-08-15T05:20:01Z,158378,9000,25500,70426
2026-08-15T05:20:01Z,158379,3500,3500,450
2026-08-15T05:20:01Z,158380,550000,550000,2955
2026-08-15T05:20:01Z,158381,10000,10000,477
2026-08-15T05:20:01Z,158382,35000,35300,300
2026-08-15T05:20:01Z,158466,9997000,9997000,93
2026-08-15T05:20:01Z,158736,290008900,290008900,1
2026-08-15T05:20:01Z,158740,322600,322600,25
2026-08-15T05:20:01Z,158743,290009200,290009200,1
2026-08-15T05:20:01Z,158744,290000000,290000000,1
2026-08-15T05:20:01Z,158745,11500,11500,70
2026-08-15T05:20:01Z,158746,49009900,49009900,20
2026-08-15T05:20:01Z,158747,30007900,30007900,32
2026-08-15T05:20:01Z,158749,290002200,290002200,1
2026-08-15T05:20:01Z,158750,49007300,49007300,28
2026-08-15T05:20:01Z,158751,4000,4904000,217
2026-08-15T05:20:01Z,158752,504500,504600,54
2026-08-15T05:20:01Z,158754,140487800,140487800,3
2026-08-15T05:20:01Z,158756,452100,452100,7
2026-08-15T05:20:01Z,158757,2980000,2980000,2
2026-08-15T05:20:01Z,158758,290000300,290000300,1
2026-08-15T05:20:01Z,158759,199900,199900,6
2026-08-15T05:20:01Z,158760,20000,23900,30
2026-08-15T05:20:01Z,158765,255600,19999900,9
2026-08-15T05:20:01Z,158769,30008000,30008000,3
2026-08-15T05:20:01Z,158770,14008900,14008900,3
2026-08-15T05:20:01Z,158771,3100,3100,60
2026-08-15T05:20:01Z,158773,12700,49002700,22
2026-08-15T05:20:01Z,158775,7900,8000,211
2026-08-15T05:20:01Z,158777,150001400,150001400,16
2026-08-15T05:20:01Z,158778,24700,24700,40
2026-08-15T05:20:01Z,158779,290000600,290000600,1
2026-08-15T05:20:01Z,158781,100001000,100001000,2
2026-08-15T05:20:01Z,158783,290000700,290000700,1
2026-08-15T05:20:01Z,158788,290004200,290004200,1
2026-08-15T05:20:01Z,158789,60668100,60668100,2
2026-08-15T05:20:01Z,158790,999700,999700,3
2026-08-15T05:20:01Z,158792,352400,352400,2
2026-08-15T05:20:01Z,158794,290000800,290000800,2
2026-08-15T05:20:01Z,158795,49000600,49000600,24
2026-08-15T05:20:01Z,158796,190000000,190000000,4
2026-08-15T05:20:01Z,158797,290003600,290003600,1
2026-08-15T05:20:01Z,158801,20001000,20001000,2
2026-08-15T05:20:01Z,158805,290008100,290008100,2
2026-08-15T05:20:01Z,158806,18700,18700,32
2026-08-15T05:20:01Z,158808,41100,41100,30
2026-08-15T05:20:01Z,158810,225005100,225005100,4
2026-08-15T05:20:01Z,158811,3800000,3800000,32
2026-08-15T05:20:01Z,158813,72200,78500,26
2026-08-15T05:20:01Z,158815,100001800,100001800,2
2026-08-15T05:20:01Z,158817,290008200,290008200,1
2026-08-15T05:20:01Z,158818,39990000,39990000,3
2026-08-15T05:20:01Z,158819,2559500,2559600,13
2026-08-15T05:20:01Z,158820,290006900,290006900,2
2026-08-15T05:20:01Z,158821,40200,40200,57
2026-08-15T05:20:01Z,158822,290003000,290003000,1
2026-08-15T05:20:01Z,158823,10000000,10000000,12
2026-08-15T05:20:01Z,158826,290006800,290006800,3
2026-08-15T05:20:01Z,158828,10097600,10097600,25
2026-08-15T05:20:01Z,158830,6000000,6000000,8
2026-08-15T05:20:01Z,158831,22400,22400,75
2026-08-15T05:20:01Z,158832,290000000,290000000,1
2026-08-15T05:20:01Z,158834,15000,15000,39
2026-08-15T05:20:01Z,158836,290009400,290009400,3
2026-08-15T05:20:01Z,158838,130000000,130000000,5
2026-08-15T05:20:01Z,158839,6900,6900,42
2026-08-15T05:20:01Z,158840,290001000,290001000,3
2026-08-15T05:20:01Z,158842,990003100,990003100,1
2026-08-15T05:20:01Z,158844,290002000,290002000,2
2026-08-15T05:20:01Z,158848,49000000,49000000,23
2026-08-15T05:20:01Z,158849,150001300,150001300,2
2026-08-15T05:20:01Z,158850,980000,980000,6
2026-08-15T05:20:01Z,158851,19001800,20001800,7
2026-08-15T05:20:01Z,158853,20001700,20001700,4
2026-08-15T05:20:01Z,158855,249000,249000,12
2026-08-15T05:20:01Z,158856,49003600,49003600,20
2026-08-15T05:20:01Z,158857,5000800,5000800,4
2026-08-15T05:20:01Z,158858,409900,409900,5
2026-08-15T05:20:01Z,158859,11000,11000,206
2026-08-15T05:20:01Z,158860,109700,109800,27
2026-08-15T05:20:01Z,158861,17900,17900,30
2026-08-15T05:20:01Z,158862,14800,14800,107
2026-08-15T05:20:01Z,158863,11900,11900,89
2026-08-15T05:20:01Z,158864,14900,14900,36
2026-08-15T05:20:01Z,158865,23300,25000,94
2026-08-15T05:20:01Z,158866,61800,61800,32
2026-08-15T05:20:01Z,158867,20000,20000,99
2026-08-15T05:20:01Z,158868,193000,203100,52
2026-08-15T05:20:01Z,158869,49009400,49009400,22
2026-08-15T05:20:01Z,158870,6300,6300,116
2026-08-15T05:20:01Z,158871,7087700,7087700,4
2026-08-15T05:20:01Z,158872,49006000,49006000,20
2026-08-15T05:20:01Z,158873,856100,856100,2
2026-08-15T05:20:01Z,158874,17800,17800,35
2026-08-15T05:20:01Z,158926,9882900,9882900,104
2026-08-15T05:20:01Z,158927,200000,200000,520
2026-08-15T05:20:01Z,158936,49003000,49003000,21
2026-08-15T05:20:01Z,159140,19900,19900,40
2026-08-15T05:20:01Z,159145,290000600,290000600,1
2026-08-15T05:20:01Z,159464,85200,85200,75
2026-08-15T05:20:01Z,159466,9906500,9906500,46
2026-08-15T05:20:01Z,159467,171700,171700,60
2026-08-15T05:20:01Z,159468,214500,214500,62
2026-08-15T05:20:01Z,159471,10000,10000,61
2026-08-15T05:20:01Z,159750,9890000,9890000,25
2026-08-15T05:20:01Z,159756,49007900,49007900,23
2026-08-15T05:20:01Z,159785,100000,550000,391
2026-08-15T05:20:01Z,159786,504400,504400,240
2026-08-15T05:20:01Z,159787,399900,2999800,282
2026-08-15T05:20:01Z,159788,899900,1458800,274
2026-08-15T05:20:01Z,159789,113000,1458800,336
2026-08-15T05:20:01Z,159791,1008100,1008100,89
2026-08-15T05:20:01Z,159792,3900,3900,67
2026-08-15T05:20:01Z,159825,187500,187500,498
2026-08-15T05:20:01Z,159826,55900,56400,343
2026-08-15T05:20:01Z,159827,16800,16800,232
2026-08-15T05:20:01Z,159845,45900,46100,149
2026-08-15T05:20:01Z,159846,19600,19600,163
2026-08-15T05:20:01Z,159847,21300,21300,177
2026-08-15T05:20:01Z,159848,594000,594000,670
2026-08-15T05:20:01Z,159849,20900,20900,168
2026-08-15T05:20:01Z,159850,45400,45400,374
2026-08-15T05:20:01Z,159867,18700,18700,122
2026-08-15T05:20:01Z,159868,220000,220000,119
2026-08-15T05:20:01Z,159869,250000,250000,161
2026-08-15T05:20:01Z,159870,220000,220000,242
2026-08-15T05:20:01Z,159871,220000,220000,235
2026-08-15T05:20:01Z,159872,5000000,5000000,120
2026-08-15T05:20:01Z,159873,220000,220000,242
2026-08-15T05:20:01Z,159874,49700,49700,73
2026-08-15T05:20:01Z,159875,40000,40000,157
2026-08-15T05:20:01Z,159876,110000,110000,203
2026-08-15T05:20:01Z,159878,1651000,1651000,214
2026-08-15T05:20:01Z,159879,9969700,9969700,158
2026-08-15T05:20:01Z,159897,990000,990000,189
2026-08-15T05:20:01Z,159898,660000,660000,171
2026-08-15T05:20:01Z,159899,25100,9890000,49
2026-08-15T05:20:01Z,159900,9900000,9900000,104
2026-08-15T05:20:01Z,159919,30000,30000,84
2026-08-15T05:20:01Z,159920,57400,57400,161
2026-08-15T05:20:01Z,159959,5400,5400,7473
2026-08-15T05:20:01Z,160053,112800,112800,314
2026-08-15T05:20:01Z,160059,200,200,6013
2026-08-15T05:20:01Z,160092,21100,21500,149
2026-08-15T05:20:01Z,160298,800,800,7616
2026-08-15T05:20:01Z,160328,197777400,197777400,1
2026-08-15T05:20:01Z,160330,194208600,194208600,1
2026-08-15T05:20:01Z,160398,800,800,4024
2026-08-15T05:20:01Z,160399,2500,2800,10179
2026-08-15T05:20:01Z,160400,3700,3700,7840
2026-08-15T05:20:01Z,160483,3300,3300,90
2026-08-15T05:20:01Z,160484,25400,598300,70
2026-08-15T05:20:01Z,160502,50000,50000,4891
2026-08-15T05:20:01Z,160518,89900,9009900,58
2026-08-15T05:20:01Z,160551,290000100,290000100,1
2026-08-15T05:20:01Z,160554,220000,220000,68
2026-08-15T05:20:01Z,160560,49000100,49000100,25
2026-08-15T05:20:01Z,160579,990000100,990000100,1
2026-08-15T05:20:01Z,160581,290000100,290000100,1
2026-08-15T05:20:01Z,160582,1500000100,1500000100,2
2026-08-15T05:20:01Z,160611,9870100,9870100,85
2026-08-15T05:20:01Z,160705,9000,9000,18196
2026-08-15T05:20:01Z,160709,7900,8000,6957
2026-08-15T05:20:01Z,160710,3900,3900,3881
2026-08-15T05:20:01Z,160711,10000,10000,7659
2026-08-15T05:20:01Z,160712,900,900,2246
2026-08-15T05:20:01Z,160942,197621100,197621100,1
2026-08-15T05:20:01Z,160989,220000,220000,256
2026-08-15T05:20:01Z,161053,2200,2200,483
2026-08-15T05:20:01Z,161126,1650000,1650000,131
2026-08-15T05:20:01Z,161127,330000,330000,91
2026-08-15T05:20:01Z,161128,51600,51600,185
2026-08-15T05:20:01Z,161153,35200,35200,38
2026-08-15T05:20:01Z,161314,660000,660000,131
2026-08-15T05:20:01Z,161344,82989500,82989500,247
2026-08-15T05:20:01Z,161346,229600,229600,123
2026-08-15T05:20:01Z,161347,220000,220000,180
2026-08-15T05:20:01Z,161348,229300,229300,51
2026-08-15T05:20:01Z,161373,8600,9900500,107
2026-08-15T05:20:01Z,161383,19700,19700,83
2026-08-15T05:20:01Z,161384,9909900,9909900,25
2026-08-15T05:20:01Z,162010,75000000,75000000,88
2026-08-15T05:20:01Z,162011,3000000,3000000,105
2026-08-15T05:20:01Z,162012,206900,206900,372
2026-08-15T05:20:01Z,162022,2222200,2699900,748
2026-08-15T05:20:01Z,162026,64800,64900,112
2026-08-15T05:20:01Z,162027,2499800,2599900,723
2026-08-15T05:20:01Z,162029,2349900,2994700,95
2026-08-15T05:20:01Z,162107,9500000000,9500000000,1
2026-08-15T05:20:01Z,162111,5985965300,5985965300,3
2026-08-15T05:20:01Z,162116,15000000000,15000000000,1
2026-08-15T05:20:01Z,162117,9990100,9990100,23
2026-08-15T05:20:01Z,162122,7500001400,7500001400,1
2026-08-15T05:20:01Z,162515,5200,6800,13685
2026-08-15T05:20:01Z,162516,1118700,1118700,225
2026-08-15T05:20:01Z,162517,150000,890000,436
2026-08-15T05:20:01Z,162545,700000,700000,149
2026-08-15T05:20:01Z,162546,9889800,9889800,20
2026-08-15T05:20:01Z,162547,9969900,9969900,20
2026-08-15T05:20:01Z,162550,660600,660600,100
2026-08-15T05:20:01Z,162551,2500000,2500000,76
2026-08-15T05:20:01Z,162552,702500,702500,39
2026-08-15T05:20:01Z,162554,3500000,3500000,177
2026-08-15T05:20:01Z,162555,5000,5000,4141
2026-08-15T05:20:01Z,162556,540000,540000,54
2026-08-15T05:20:01Z,162557,29700,29700,72
2026-08-15T05:20:01Z,162558,9855700,9855700,102
2026-08-15T05:20:01Z,162559,337000,337000,65
2026-08-15T05:20:01Z,162560,782700,782700,58
2026-08-15T05:20:01Z,162561,45100,45100,96
2026-08-15T05:20:01Z,162562,9959800,9959800,25
2026-08-15T05:20:01Z,162563,401800,401800,55
2026-08-15T05:20:01Z,162564,9849900,9849900,24
2026-08-15T05:20:01Z,162565,9890000,9890000,62
2026-08-15T05:20:01Z,162566,4334600,4334600,138
2026-08-15T05:20:01Z,162567,9900000,9900000,19
2026-08-15T05:20:01Z,162568,9974800,9974800,20
2026-08-15T05:20:01Z,162569,9904500,9904500,120
2026-08-15T05:20:01Z,162570,551700,551700,54
2026-08-15T05:20:01Z,162572,3343300,3343300,108
2026-08-15T05:20:01Z,162573,200000,200000,122
2026-08-15T05:20:01Z,162574,900000,900000,43
2026-08-15T05:20:01Z,162575,700000,700000,138
2026-08-15T05:20:01Z,162582,902600,902600,171
2026-08-15T05:20:01Z,162583,9949900,9949900,35
2026-08-15T05:20:01Z,162651,140000000,140000000,6
2026-08-15T05:20:01Z,162659,140000000,140000000,4
2026-08-15T05:20:01Z,162660,140000000,140000000,2
2026-08-15T05:20:01Z,162661,140000000,140000000,5
2026-08-15T05:20:01Z,162662,140000000,140000000,2
2026-08-15T05:20:01Z,162663,49000000,49000000,20
2026-08-15T05:20:01Z,162664,769000,769000,5
2026-08-15T05:20:01Z,162666,990001200,990001200,1
2026-08-15T05:20:01Z,162671,140000000,140000000,3
2026-08-15T05:20:01Z,162674,20397600,20397600,13
2026-08-15T05:20:01Z,162676,140000000,140000000,2
2026-08-15T05:20:01Z,162677,9980000,9980000,10
2026-08-15T05:20:01Z,162678,140000000,140000000,3
2026-08-15T05:20:01Z,162679,140000000,140000000,4
2026-08-15T05:20:01Z,162680,49990000,49990000,3
2026-08-15T05:20:01Z,162681,5983100,5983100,5
2026-08-15T05:20:01Z,162682,140000000,140000000,5
2026-08-15T05:20:01Z,162981,3909900,3909900,236
2026-08-15T05:20:01Z,162982,1000300,1000300,33
2026-08-15T05:20:01Z,163018,45400,45500,101
2026-08-15T05:20:01Z,163019,39300,39300,60
2026-08-15T05:20:01Z,163049,220000,220000,222
2026-08-15T05:20:01Z,163050,9900000,9900000,125
2026-08-15T05:20:01Z,163051,1069300,1069300,135
2026-08-15T05:20:01Z,163052,1650000,1650000,131
2026-08-15T05:20:01Z,163053,339800,339800,212
2026-08-15T05:20:01Z,163054,220000,220000,85
2026-08-15T05:20:01Z,163056,440000,440000,125
2026-08-15T05:20:01Z,163057,9997500,9997500,20
2026-08-15T05:20:01Z,163058,9990000,9990000,45
2026-08-15T05:20:01Z,163060,39900,39900,138
2026-08-15T05:20:01Z,163061,223400,223400,61
2026-08-15T05:20:01Z,163075,24700,24700,89
2026-08-15T05:20:01Z,163076,1927900,1927900,202
2026-08-15T05:20:01Z,163077,307400,307400,69
2026-08-15T05:20:01Z,163082,1500,1500,981
2026-08-15T05:20:01Z,163083,339800,339800,83
2026-08-15T05:20:01Z,163094,406600,406600,68
2026-08-15T05:20:01Z,163098,103000,103000,71
2026-08-15T05:20:01Z,163100,8714100,8714100,101
2026-08-15T05:20:01Z,163101,9903200,9903200,93
2026-08-15T05:20:01Z,163102,9900000,9900000,118
2026-08-15T05:20:01Z,163103,49500,49500,85
2026-08-15T05:20:01Z,163104,9904000,9904000,208
2026-08-15T05:20:01Z,163105,3330000,3330000,80
2026-08-15T05:20:01Z,163106,9970000,9970000,54
2026-08-15T05:20:01Z,163107,9901600,9901600,290
2026-08-15T05:20:01Z,163109,9950000,9950000,134
2026-08-15T05:20:01Z,163110,125000,195300,1343
2026-08-15T05:20:01Z,163115,9900000,9900000,225
2026-08-15T05:20:01Z,163117,9813000,9813000,24
2026-08-15T05:20:01Z,163118,9901900,9901900,77
2026-08-15T05:20:01Z,163132,707200,707200,152
2026-08-15T05:20:01Z,163133,240000,240000,188
2026-08-15T05:20:01Z,163134,9969700,9969700,88
2026-08-15T05:20:01Z,163135,9890000,9890000,25
2026-08-15T05:20:01Z,163136,440000,440000,122
2026-08-15T05:20:01Z,163137,206400,206400,204
2026-08-15T05:20:01Z,163138,445000,445000,95
2026-08-15T05:20:01Z,163140,30000,30000,187
2026-08-15T05:20:01Z,163143,666300,666300,333
2026-08-15T05:20:01Z,163145,40500,40500,117
2026-08-15T05:20:01Z,163147,40000,40000,77
2026-08-15T05:20:01Z,163149,200000,200000,182
2026-08-15T05:20:01Z,163150,359900,359900,347
2026-08-15T05:20:01Z,163151,40000,40000,157
2026-08-15T05:20:01Z,163152,37800,9899400,157
2026-08-15T05:20:01Z,163153,390000,390000,78
2026-08-15T05:20:01Z,163154,881900,881900,148
2026-08-15T05:20:01Z,163155,448000,448000,171
2026-08-15T05:20:01Z,163156,39500,39500,74
2026-08-15T05:20:01Z,163157,39500,39500,139
2026-08-15T05:20:01Z,163158,35500,35500,194
2026-08-15T05:20:01Z,163159,550000,550000,198
2026-08-15T05:20:01Z,163160,9849500,9849500,100
2026-08-15T05:20:01Z,163187,9969700,9969700,84
2026-08-15T05:20:01Z,163192,80900,80900,187
2026-08-15T05:20:01Z,163202,9944800,9944800,116
2026-08-15T05:20:01Z,163207,179900,179900,159
2026-08-15T05:20:01Z,163208,820000,9975000,46
2026-08-15T05:20:01Z,163222,5100,5100,84
2026-08-15T05:20:01Z,163223,5500,5500,201
2026-08-15T05:20:01Z,163224,19800,20000,403
2026-08-15T05:20:01Z,163225,2700,2700,93
2026-08-15T05:20:01Z,163387,9970500,9970500,82
2026-08-15T05:20:01Z,163388,44500,44500,222
2026-08-15T05:20:01Z,163391,5900,5900,89
2026-08-15T05:20:01Z,163395,440100,440100,183
2026-08-15T05:20:01Z,163399,9903200,9903200,126
2026-08-15T05:20:01Z,163407,190000,190000,58
2026-08-15T05:20:01Z,163411,200000,200000,158
2026-08-15T05:20:01Z,163417,9949000,9949000,21
2026-08-15T05:20:01Z,163522,313900,490800,96
2026-08-15T05:20:01Z,163548,208600,208600,133
2026-08-15T05:20:01Z,163549,54900,54900,127
2026-08-15T05:20:01Z,163558,2641800,2641800,292
2026-08-15T05:20:01Z,163563,2430500,2430500,107
2026-08-15T05:20:01Z,163569,100,100,147567
2026-08-15T05:20:01Z,163580,284993300,284993300,3
2026-08-15T05:20:01Z,163581,34999700,34999700,13
2026-08-15T05:20:01Z,163606,49000100,49000100,21
2026-08-15T05:20:01Z,163637,407500,407500,110
2026-08-15T05:20:01Z,163638,253600,253800,61
2026-08-15T05:20:01Z,163639,2500000,2500000,7
2026-08-15T05:20:01Z,163640,49900,49900,142
2026-08-15T05:20:01Z,163641,449900,449900,177
2026-08-15T05:20:01Z,163642,499900,499900,192
2026-08-15T05:20:01Z,163643,1500000,1500000,165
2026-08-15T05:20:01Z,163651,9799900,9799900,122
2026-08-15T05:20:01Z,163685,290001100,290001100,1
2026-08-15T05:20:01Z,163686,290001900,290001900,1
2026-08-15T05:20:01Z,163687,290000100,290000100,1
2026-08-15T05:20:01Z,163688,290001800,290001800,1
2026-08-15T05:20:01Z,163691,6000,490000,519
2026-08-15T05:20:01Z,163692,889800,889800,300
2026-08-15T05:20:01Z,163695,100100,100100,1049
2026-08-15T05:20:01Z,163698,8100,8200,63
2026-08-15T05:20:01Z,163700,19900,20000,126
2026-08-15T05:20:01Z,163701,1800,990000,216
2026-08-15T05:20:01Z,163707,40000,40000,438
2026-08-15T05:20:01Z,163709,39901800,39901900,16
2026-08-15T05:20:01Z,163781,109900,129900,616
2026-08-15T05:20:01Z,163782,146100,157700,345
2026-08-15T05:20:01Z,163783,981100,981100,193
2026-08-15T05:20:01Z,163784,300000,300000,319
2026-08-15T05:20:01Z,163785,9950400,9950400,25
2026-08-15T05:20:01Z,163786,9990400,9990400,21
2026-08-15T05:20:01Z,163841,14900,15000,74
2026-08-15T05:20:01Z,163842,49003300,49003300,19
2026-08-15T05:20:01Z,163843,49003000,49003000,10
2026-08-15T05:20:01Z,163844,49000000,49000000,10
2026-08-15T05:20:01Z,163855,250000,250000,28
2026-08-15T05:20:01Z,163896,49003300,49003300,21
2026-08-15T05:20:01Z,163897,2427600,2427600,78
2026-08-15T05:20:01Z,163898,290003300,290003300,1
2026-08-15T05:20:01Z,163899,49003300,49003300,18
2026-08-15T05:20:01Z,163900,49003300,49003300,20
2026-08-15T05:20:01Z,163901,9903200,9903300,81
2026-08-15T05:20:01Z,163902,49003300,49003300,19
2026-08-15T05:20:01Z,163903,49003300,49003300,20
2026-08-15T05:20:01Z,163904,49003300,49003300,20
2026-08-15T05:20:01Z,163906,49009900,49009900,60
2026-08-15T05:20:01Z,163907,290003300,290003300,1
2026-08-15T05:20:01Z,163908,49003300,49003300,11
2026-08-15T05:20:01Z,163910,49003300,49003300,20
2026-08-15T05:20:01Z,163911,49009900,49009900,17
2026-08-15T05:20:01Z,163912,49003300,49003300,20
2026-08-15T05:20:01Z,163913,290003300,290003300,1
2026-08-15T05:20:01Z,163914,49003300,49003300,24
2026-08-15T05:20:01Z,163915,4999900,4999900,79
2026-08-15T05:20:01Z,163917,49003300,49003300,20
2026-08-15T05:20:01Z,163918,9999000,19989000,28
2026-08-15T05:20:01Z,163919,49003300,49003300,20
2026-08-15T05:20:01Z,163920,49003300,49003300,20
2026-08-15T05:20:01Z,163921,9903200,9903300,62
2026-08-15T05:20:01Z,165016,11500,11500,180
2026-08-15T05:20:01Z,165017,14700,14700,473
2026-08-15T05:20:01Z,165692,2999800,3999900,131
2026-08-15T05:20:01Z,165733,9990000,9990000,38
2026-08-15T05:20:01Z,165755,240400,240400,95
2026-08-15T05:20:01Z,166240,110000,110000,315
2026-08-15T05:20:01Z,166270,147900,147900,96
2026-08-15T05:20:01Z,166288,290001800,290001800,1
2026-08-15T05:20:01Z,166343,15000,15000,360
2026-08-15T05:20:01Z,166344,1300,1300,229
2026-08-15T05:20:01Z,166419,9896900,9996800,42
2026-08-15T05:20:01Z,166420,9999900,9999900,45
2026-08-15T05:20:01Z,166583,5800000,5800000,120
2026-08-15T05:20:01Z,166664,5273100,5273100,155
2026-08-15T05:20:01Z,166728,290008600,290008600,1
2026-08-15T05:20:01Z,166804,37500,37500,4204
2026-08-15T05:20:01Z,167043,9905400,9905400,218
2026-08-15T05:20:01Z,167539,309600,309600,61
2026-08-15T05:20:01Z,167548,9899300,9899300,202
2026-08-15T05:20:01Z,167738,10300,75000,254282
2026-08-15T05:20:01Z,167739,7320000,7320000,321
2026-08-15T05:20:01Z,167861,189300,189300,1277
2026-08-15T05:20:01Z,167862,190000,198900,691
2026-08-15T05:20:01Z,167933,1500000100,1500000100,1
2026-08-15T05:20:01Z,168006,290000100,290000100,1
2026-08-15T05:20:01Z,168007,290000100,290000100,1
2026-08-15T05:20:01Z,168008,1500000100,1500000100,1
2026-08-15T05:20:01Z,168009,49000100,49000100,20
2026-08-15T05:20:01Z,168019,290001900,290001900,1
2026-08-15T05:20:01Z,168185,154000,199700,40143
2026-08-15T05:20:01Z,168188,594000,600000,256
2026-08-15T05:20:01Z,168189,150000,150000,140
2026-08-15T05:20:01Z,168190,178200,240000,1627
2026-08-15T05:20:01Z,168191,44000,46600,1024
2026-08-15T05:20:01Z,168192,79200,79900,387
2026-08-15T05:20:01Z,168193,70000,70000,438
2026-08-15T05:20:01Z,168215,42200,48800,36413
2026-08-15T05:20:01Z,168216,2700,7400,106487
2026-08-15T05:20:01Z,168217,91100,91100,83891
2026-08-15T05:20:01Z,168232,39500800,39500800,23
2026-08-15T05:20:01Z,168302,10700,10700,2821
2026-08-15T05:20:01Z,168303,433300,433300,4452
2026-08-15T05:20:01Z,168310,60000,69700,652
2026-08-15T05:20:01Z,168311,37900,37900,939
2026-08-15T05:20:01Z,168312,145000,145000,351
2026-08-15T05:20:01Z,168313,30000,30000,71
2026-08-15T05:20:01Z,168314,355000,355000,400
2026-08-15T05:20:01Z,168315,450000,450000,44
2026-08-15T05:20:01Z,168392,9950000,9950000,91
2026-08-15T05:20:01Z,168412,5250000,5250000,144
2026-08-15T05:20:01Z,168417,10360000,10500000,4282
2026-08-15T05:20:01Z,168419,1360000,1370000,142
2026-08-15T05:20:01Z,168427,2300000,2400000,129
2026-08-15T05:20:01Z,168446,2226900,2226900,168
2026-08-15T05:20:01Z,168447,1543700,1543700,420
2026-08-15T05:20:01Z,168448,2132600,2132600,47
2026-08-15T05:20:01Z,168449,1756700,1756700,95
2026-08-15T05:20:01Z,168487,87700,93900,33656
2026-08-15T05:20:01Z,168489,653100,695000,217
2026-08-15T05:20:01Z,168498,1115900,1115900,115
2026-08-15T05:20:01Z,168499,1122800,1122800,143
2026-08-15T05:20:01Z,168500,690000,690000,349
2026-08-15T05:20:01Z,168501,1555900,1555900,235
2026-08-15T05:20:01Z,168506,55500,64000,385
2026-08-15T05:20:01Z,168529,1128100,1500000,464
2026-08-15T05:20:01Z,168583,94100,100000,2751
2026-08-15T05:20:01Z,168586,30000,43800,6203
2026-08-15T05:20:01Z,168589,102400,108900,8654
2026-08-15T05:20:01Z,168592,1738100,1738100,89
2026-08-15T05:20:01Z,168593,3800800,3800900,166
2026-08-15T05:20:01Z,168596,2218400,2218500,180
2026-08-15T05:20:01Z,168598,3007100,3007400,127
2026-08-15T05:20:01Z,168624,500000,500000,63
2026-08-15T05:20:01Z,168635,2500000,2500000,260
2026-08-15T05:20:01Z,168636,1500000,1500000,125
2026-08-15T05:20:01Z,168637,3000000,3000000,77
2026-08-15T05:20:01Z,168638,2800000,2800000,64
2026-08-15T05:20:01Z,168639,332900,552900,527
2026-08-15T05:20:01Z,168640,147000,147000,42
2026-08-15T05:20:01Z,168641,290000,290000,142
2026-08-15T05:20:01Z,168642,599500,599500,64
2026-08-15T05:20:01Z,168645,6900,7000,14253
2026-08-15T05:20:01Z,168646,10000,11900,1335
2026-08-15T05:20:01Z,168649,108900,118200,8953
2026-08-15T05:20:01Z,168650,2000,14900,28617
2026-08-15T05:20:01Z,168651,3000000,3050000,394
2026-08-15T05:20:01Z,168652,1500000,1800000,340
2026-08-15T05:20:01Z,168653,1330000,1330000,352
2026-08-15T05:20:01Z,168654,2199900,2200000,333
2026-08-15T05:20:01Z,168662,96700,96700,3822
2026-08-15T05:20:01Z,168663,99000,109900,83713
2026-08-15T05:20:01Z,168755,49004600,49004600,18
2026-08-15T05:20:01Z,168786,1493100,1493100,24
2026-08-15T05:20:01Z,168788,190000,200000,20
2026-08-15T05:20:01Z,168789,150100,49000100,23
2026-08-15T05:20:01Z,168790,100000,100000,13
2026-08-15T05:20:01Z,168791,1750000,1750000,28
2026-08-15T05:20:01Z,168792,249900,249900,33
2026-08-15T05:20:01Z,168793,14000000,14000000,5
2026-08-15T05:20:01Z,168794,41200,41200,21
2026-08-15T05:20:01Z,168795,440000,490000,22
2026-08-15T05:20:01Z,168796,155000,1105000,25
2026-08-15T05:20:01Z,168797,287000,287000,28
2026-08-15T05:20:01Z,168806,39600,2119600,61
2026-08-15T05:20:01Z,168812,1500,1500,175
2026-08-15T05:20:01Z,168822,142400,218900,60979
2026-08-15T05:20:01Z,168825,329900,513000,6845
2026-08-15T05:20:01Z,168828,1249900,1990000,33790
2026-08-15T05:20:01Z,168956,5005900,5005900,27
2026-08-15T05:20:01Z,168959,3799900,3799900,15
2026-08-15T05:20:01Z,168960,399900,399900,122
2026-08-15T05:20:01Z,169115,440000,440000,157
2026-08-15T05:20:01Z,169116,339400,339400,300
2026-08-15T05:20:01Z,169117,117300,117300,284
2026-08-15T05:20:01Z,169118,449500,449500,89
2026-08-15T05:20:01Z,169119,228900,228900,251
2026-08-15T05:20:01Z,169120,229400,229400,223
2026-08-15T05:20:01Z,169130,49500,49500,2323
2026-08-15T05:20:01Z,169132,5000,9905000,64
2026-08-15T05:20:01Z,169135,16000,16000,1162
2026-08-15T05:20:01Z,169138,49000400,49000400,20
2026-08-15T05:20:01Z,169139,49000000,49000000,21
2026-08-15T05:20:01Z,169143,4500000,49000000,21
2026-08-15T05:20:01Z,169145,17400,17400,1785
2026-08-15T05:20:01Z,169146,10009600,49009600,21
2026-08-15T05:20:01Z,169149,49004700,49004700,20
2026-08-15T05:20:01Z,169152,141900,9980600,27
2026-08-15T05:20:01Z,169220,3655500,3655500,71
2026-08-15T05:20:01Z,169280,14800,14800,76
2026-08-15T05:20:01Z,169296,49000500,49000500,10
2026-08-15T05:20:01Z,169299,90000,99700,457
2026-08-15T05:20:01Z,169300,4989700,9989700,51
2026-08-15T05:20:01Z,169332,51300,102400,2499
2026-08-15T05:20:01Z,169333,115800,115800,479
2026-08-15T05:20:01Z,169334,445400,489700,479
2026-08-15T05:20:01Z,169445,1352500,1352500,100
2026-08-15T05:20:01Z,169446,9990000,9990000,20
2026-08-15T05:20:01Z,169449,999900,999900,155
2026-08-15T05:20:01Z,169451,30000,110000,3750
2026-08-15T05:20:01Z,169456,553100,553100,216
2026-08-15T05:20:01Z,169660,700000,9890000,148
2026-08-15T05:20:01Z,169661,320200,1418100,76
2026-08-15T05:20:01Z,169662,486100,486100,113
2026-08-15T05:20:01Z,169663,302900,302900,174
2026-08-15T05:20:01Z,169669,9949900,9949900,227
2026-08-15T05:20:01Z,169673,30000,90000,102
2026-08-15T05:20:01Z,169674,300100,300100,171
2026-08-15T05:20:01Z,169675,41600,101600,91
2026-08-15T05:20:01Z,169697,1500000100,1500000100,1
2026-08-15T05:20:01Z,169701,53400,58300,16199
2026-08-15T05:20:01Z,169946,1250000,1250000,204
2026-08-15T05:20:01Z,169947,220400,220400,129
2026-08-15T05:20:01Z,169948,220000,220000,196
2026-08-15T05:20:01Z,169949,999900,999900,327
2026-08-15T05:20:01Z,169952,500000,500000,181
2026-08-15T05:20:01Z,169954,89900,89900,220
2026-08-15T05:20:01Z,169956,9977100,9977100,156
2026-08-15T05:20:01Z,170164,29986000,29986000,81
2026-08-15T05:20:01Z,170165,5087200,5087200,144
2026-08-15T05:20:01Z,170168,5567500,5567500,138
2026-08-15T05:20:01Z,170173,2793000,2793000,177
2026-08-15T05:20:01Z,170491,12000100,12000100,44
2026-08-15T05:20:01Z,170554,42900,45100,2719
2026-08-15T05:20:01Z,171195,19800000,19800000,95
2026-08-15T05:20:01Z,171196,257600,257600,116
2026-08-15T05:20:01Z,171203,1000000,2238800,43
2026-08-15T05:20:01Z,171263,8800,9400,259
2026-08-15T05:20:01Z,171264,7500,10000,166
2026-08-15T05:20:01Z,171266,20000,20000,769
2026-08-15T05:20:01Z,171267,4000,4000,936
2026-08-15T05:20:01Z,171268,2900,2900,193
2026-08-15T05:20:01Z,171269,3000,50000,267
2026-08-15T05:20:01Z,171270,10000,10000,285
2026-08-15T05:20:01Z,171271,4400,4400,82
2026-08-15T05:20:01Z,171272,4000,4200,453
2026-08-15T05:20:01Z,171273,38800,38800,680
2026-08-15T05:20:01Z,171274,3800,3800,58
2026-08-15T05:20:01Z,171275,18800,18800,422
2026-08-15T05:20:01Z,171276,480000,540000,646
2026-08-15T05:20:01Z,171278,998800,9975100,50
2026-08-15T05:20:01Z,171285,10000,19000,1958
2026-08-15T05:20:01Z,171286,79900,81500,1040
2026-08-15T05:20:01Z,171287,35500,37300,3202
2026-08-15T05:20:01Z,171288,4800,21000,3311
2026-08-15T05:20:01Z,171289,142500,142500,3731
2026-08-15T05:20:01Z,171290,9500,24000,9723
2026-08-15T05:20:01Z,171291,22600,33700,1854
2026-08-15T05:20:01Z,171292,177600,178100,2306
2026-08-15T05:20:01Z,171301,130000,130000,38
2026-08-15T05:20:01Z,171315,102500,143000,21023
2026-08-15T05:20:01Z,171346,290000400,290000400,1
2026-08-15T05:20:01Z,171348,12003500,12003500,9
2026-08-15T05:20:01Z,171349,27800,217800,197
2026-08-15T05:20:01Z,171350,494800,494800,260
2026-08-15T05:20:01Z,171351,29900,29900,69
2026-08-15T05:20:01Z,171352,35500,498900,121
2026-08-15T05:20:01Z,171370,2700,2700,112
2026-08-15T05:20:01Z,171428,260000,260000,2443
2026-08-15T05:20:01Z,171436,15000,15000,635
2026-08-15T05:20:01Z,171437,3200,3200,261
2026-08-15T05:20:01Z,171438,1500,1500,158
2026-08-15T05:20:01Z,171439,2900,2900,511
2026-08-15T05:20:01Z,171441,71400,100000,47
2026-08-15T05:20:01Z,171828,29900,47700,36632
2026-08-15T05:20:01Z,171829,36100,199900,51138
2026-08-15T05:20:01Z,171830,30000,30000,8070
2026-08-15T05:20:01Z,171831,37000,44100,15363
2026-08-15T05:20:01Z,171832,30000,30000,5276
2026-08-15T05:20:01Z,171833,158200,209900,40227
2026-08-15T05:20:01Z,171840,400,1700,21918
2026-08-15T05:20:01Z,171841,9800,9900,9770
2026-08-15T05:20:01Z,172008,809900,1351300,93
2026-08-15T05:20:01Z,172010,508300,508300,108
2026-08-15T05:20:01Z,172017,3075500,3075500,69
2026-08-15T05:20:01Z,172018,2990000,2990000,304
2026-08-15T05:20:01Z,172019,1500000,1500000,474
2026-08-15T05:20:01Z,172040,13100,13100,155
2026-08-15T05:20:01Z,172041,3100,3100,249
2026-08-15T05:20:01Z,172042,40000,40300,72
2026-08-15T05:20:01Z,172043,450000,1499900,277
2026-08-15T05:20:01Z,172044,54000,54000,195
2026-08-15T05:20:01Z,172045,1300,1300,530
2026-08-15T05:20:01Z,172046,2900,2900,371
2026-08-15T05:20:01Z,172047,13000,13000,306
2026-08-15T05:20:01Z,172048,37500,50000,355
2026-08-15T05:20:01Z,172049,239900,239900,1076
2026-08-15T05:20:01Z,172050,19600,19600,109
2026-08-15T05:20:01Z,172051,1400,1400,263
2026-08-15T05:20:01Z,172052,700,700,16925
2026-08-15T05:20:01Z,172053,700,700,3041
2026-08-15T05:20:01Z,172054,700,700,14896
2026-08-15T05:20:01Z,172055,700,700,9314
2026-08-15T05:20:01Z,172056,1800,1800,3498
2026-08-15T05:20:01Z,172057,2100,2200,2648
2026-08-15T05:20:01Z,172058,3200,3200,4588
2026-08-15T05:20:01Z,172059,2000,2000,1787
2026-08-15T05:20:01Z,172061,14400,15000,204
2026-08-15T05:20:01Z,172062,38100,38100,149
2026-08-15T05:20:01Z,172063,40000,40000,2377
2026-08-15T05:20:01Z,172068,2900,2900,413
2026-08-15T05:20:01Z,172069,40000,40000,466
2026-08-15T05:20:01Z,172089,1700,3000,161297
2026-08-15T05:20:01Z,172091,540000,540000,116
2026-08-15T05:20:01Z,172092,700,800,57573
2026-08-15T05:20:01Z,172094,7900,8900,23352
2026-08-15T05:20:01Z,172096,29900,39900,18707
2026-08-15T05:20:01Z,172097,38100,104300,69782
2026-08-15T05:20:01Z,172142,1500002100,1500002100,1
2026-08-15T05:20:01Z,172143,990002100,990002100,1
2026-08-15T05:20:01Z,172144,290002100,290002100,1
2026-08-15T05:20:01Z,172145,290000300,290000300,1
2026-08-15T05:20:01Z,172146,840000,9907000,59
2026-08-15T05:20:01Z,172147,9990000,9990000,2
2026-08-15T05:20:01Z,172202,5500005100,5500005100,1
2026-08-15T05:20:01Z,172230,2400,2800,14358
2026-08-15T05:20:01Z,172231,2700,9900,232765
2026-08-15T05:20:01Z,172232,9500,11000,108297
2026-08-15T05:20:01Z,172233,90000,90000,304
2026-08-15T05:20:01Z,172346,30000,247900,101
2026-08-15T05:20:01Z,172347,24300,24300,251
2026-08-15T05:20:01Z,172357,5000,5000,109
2026-08-15T05:20:01Z,172358,17900,17900,109
2026-08-15T05:20:01Z,172359,5400,5400,124
2026-08-15T05:20:01Z,172360,2200,2200,307
2026-08-15T05:20:01Z,172361,1900,1900,118
2026-08-15T05:20:01Z,172362,9900,9900,217
2026-08-15T05:20:01Z,172363,9600,19600,109
2026-08-15T05:20:01Z,172364,10500,10500,157
2026-08-15T05:20:01Z,172365,27100,27300,143
2026-08-15T05:20:01Z,172366,29900,29900,245
2026-08-15T05:20:01Z,172367,9100,9100,164
2026-08-15T05:20:01Z,172368,21800,37400,96
2026-08-15T05:20:01Z,172370,32600,32900,108
2026-08-15T05:20:01Z,172406,18100,18100,95
2026-08-15T05:20:01Z,172407,2100,2100,91
2026-08-15T05:20:01Z,172408,16400,16400,106
2026-08-15T05:20:01Z,172410,14100,14100,110
2026-08-15T05:20:01Z,172411,43200,43200,131
2026-08-15T05:20:01Z,172412,89000,89000,125
2026-08-15T05:20:01Z,172413,2100,2100,75
2026-08-15T05:20:01Z,172414,6800,6800,92
2026-08-15T05:20:01Z,172415,6000,6000,191
2026-08-15T05:20:01Z,172416,9500,9500,63
2026-08-15T05:20:01Z,172418,2000,2500,148
2026-08-15T05:20:01Z,172419,9800,19800,199
2026-08-15T05:20:01Z,172437,240000,240000,2332
2026-08-15T05:20:01Z,172438,110000,110000,1198
2026-08-15T05:20:01Z,172439,14000,14000,1986
2026-08-15T05:20:01Z,172449,2999400,2999400,113
2026-08-15T05:20:01Z,172451,1600,1600,204
2026-08-15T05:20:01Z,172500,290002800,290002800,1
2026-08-15T05:20:01Z,172501,290002700,290002700,3
2026-08-15T05:20:01Z,172502,290002800,290002800,1
2026-08-15T05:20:01Z,172503,290002800,290002800,2
2026-08-15T05:20:01Z,172504,290002800,290002800,1
2026-08-15T05:20:01Z,172902,1250000,1250000,75
2026-08-15T05:20:01Z,172903,110600,180600,137
2026-08-15T05:20:01Z,172904,39300,39400,180
2026-08-15T05:20:01Z,172920,4800,4800,84
2026-08-15T05:20:01Z,172921,10000,10000,147
2026-08-15T05:20:01Z,172934,20000,33900,16174
2026-08-15T05:20:01Z,172935,7500,7500,1908
2026-08-15T05:20:01Z,172936,140000,147300,1053
2026-08-15T05:20:01Z,172937,189800,223500,1542
2026-08-15T05:20:01Z,173032,1600,1700,15505
2026-08-15T05:20:01Z,173033,800,1000,2314
2026-08-15T05:20:01Z,173034,1200,1800,8929
2026-08-15T05:20:01Z,173035,700,700,3276
2026-08-15T05:20:01Z,173036,9900,10000,3336
2026-08-15T05:20:01Z,173037,18800,24000,2070
2026-08-15T05:20:01Z,173038,700,800,378
2026-08-15T05:20:01Z,173039,2100,2100,61
2026-08-15T05:20:01Z,173040,9400,9500,72
2026-08-15T05:20:01Z,173041,7700,7800,77
2026-08-15T05:20:01Z,173042,4100,4200,42
2026-08-15T05:20:01Z,173043,6600,7000,253
2026-08-15T05:20:01Z,173048,9993800,9993800,55
2026-08-15T05:20:01Z,173049,6902100,6902100,30
2026-08-15T05:20:01Z,173051,5602700,5602700,57
2026-08-15T05:20:01Z,173053,4849600,4849600,67
2026-08-15T05:20:01Z,173056,987000,987000,566
2026-08-15T05:20:01Z,173057,20000,25500,21439
2026-08-15T05:20:01Z,173058,485100,550000,16820
2026-08-15T05:20:01Z,173059,28000,32800,68111
2026-08-15T05:20:01Z,173060,9300,9300,20955
2026-08-15T05:20:01Z,173062,3500000,3500000,60
2026-08-15T05:20:01Z,173065,48400,48400,107
2026-08-15T05:20:01Z,173067,2229900,9550800,37
2026-08-15T05:20:01Z,173070,31680000,35000100,23
2026-08-15T05:20:01Z,173071,3321600,3355100,18
2026-08-15T05:20:01Z,173072,5000000,5000000,20
2026-08-15T05:20:01Z,173073,2957500,2957500,77
2026-08-15T05:20:01Z,173074,1405900,39906800,26
2026-08-15T05:20:01Z,173075,4950000,5000000,28
2026-08-15T05:20:01Z,173076,5500900,5500900,31
2026-08-15T05:20:01Z,173077,30000000,38002000,22
2026-08-15T05:20:01Z,173079,650000,650000,41
2026-08-15T05:20:01Z,173080,250000,300000,47
2026-08-15T05:20:01Z,173081,445500,580000,45
2026-08-15T05:20:01Z,173082,450000,490000,24
2026-08-15T05:20:01Z,173083,90000,3110000,195
2026-08-15T05:20:01Z,173084,1970100,2500000,144
2026-08-15T05:20:01Z,173085,3000000,3000000,107
2026-08-15T05:20:01Z,173086,3900000,3900000,21
2026-08-15T05:20:01Z,173088,495000,690000,43
2026-08-15T05:20:01Z,173089,2800000,2909900,58
2026-08-15T05:20:01Z,173090,3366000,3465000,32
2026-08-15T05:20:01Z,173091,148500,180000,22
2026-08-15T05:20:01Z,173092,250000,300000,28
2026-08-15T05:20:01Z,173093,7000000,39996600,16
2026-08-15T05:20:01Z,173094,396000,400000,29
2026-08-15T05:20:01Z,173095,750000,900000,25
2026-08-15T05:20:01Z,173097,859000,859000,32
2026-08-15T05:20:01Z,173098,350000,359900,32
2026-08-15T05:20:01Z,173099,148500,188100,37
2026-08-15T05:20:01Z,173100,350000,39990000,35
2026-08-15T05:20:01Z,173101,259000,2009000,38
2026-08-15T05:20:01Z,173102,450000,490000,38
2026-08-15T05:20:01Z,173103,1200000,1250000,32
2026-08-15T05:20:01Z,173104,800000,3110000,197
2026-08-15T05:20:01Z,173108,29500,29700,1054
2026-08-15T05:20:01Z,173109,25100,25100,2869
2026-08-15T05:20:01Z,173110,29400,29500,1638
2026-08-15T05:20:01Z,173121,200000,200000,175
2026-08-15T05:20:01Z,173122,256500,258800,455
2026-08-15T05:20:01Z,173123,95100,95100,149
2026-08-15T05:20:01Z,173124,72500,72500,353
2026-08-15T05:20:01Z,173125,99200,399300,715
2026-08-15T05:20:01Z,173126,749900,749900,614
2026-08-15T05:20:01Z,173127,57400,57500,197
2026-08-15T05:20:01Z,173128,884900,885000,75
2026-08-15T05:20:01Z,173129,196200,196300,768
2026-08-15T05:20:01Z,173130,89900,97500,607
2026-08-15T05:20:01Z,173160,970300,990000,154
2026-08-15T05:20:01Z,173161,791600,799500,135
2026-08-15T05:20:01Z,173162,891000,900000,120
2026-08-15T05:20:01Z,173163,509400,509400,72
2026-08-15T05:20:01Z,173168,12500,14300,2051
2026-08-15T05:20:01Z,173170,807300,807300,4920
2026-08-15T05:20:01Z,173171,58900,58900,324
2026-08-15T05:20:01Z,173172,130000,130000,6878
2026-08-15T05:20:01Z,173173,400000,400000,5861
2026-08-15T05:20:01Z,173191,3900,3900,996
2026-08-15T05:20:01Z,173192,2000,2000,209
2026-08-15T05:20:01Z,173202,200,400,1172126
2026-08-15T05:20:01Z,173204,1000,8900,192805
2026-08-15T05:20:01Z,173359,100000000,100000000,3
2026-08-15T05:20:01Z,173360,9700,9700,54
2026-08-15T05:20:01Z,173361,14400,14500,136
2026-08-15T05:20:01Z,173362,7000,9907000,91
2026-08-15T05:20:01Z,173759,680000,680000,433
2026-08-15T05:20:01Z,173760,208200,208200,576
2026-08-15T05:20:01Z,173761,59000,59000,131
2026-08-15T05:20:01Z,173762,140000,140000,165
2026-08-15T05:20:01Z,173859,2100,2100,210
2026-08-15T05:20:01Z,173870,990000100,990000100,1
2026-08-15T05:20:01Z,173871,5000,5000,143
2026-08-15T05:20:01Z,173874,13000,13000,176
2026-08-15T05:20:01Z,173875,209500,209500,5
2026-08-15T05:20:01Z,173877,30400,30400,26
2026-08-15T05:20:01Z,173878,200000000,200000000,2
2026-08-15T05:20:01Z,173906,2500009700,2500009700,1
2026-08-15T05:20:01Z,173908,7571900,7571900,32
2026-08-15T05:20:01Z,173911,1500004400,1500004400,1
2026-08-15T05:20:01Z,173912,1500004400,1500004400,1
2026-08-15T05:20:01Z,173913,9994400,9994400,2
2026-08-15T05:20:01Z,173937,990000,990000,17
2026-08-15T05:20:01Z,174041,205900,205900,42
2026-08-15T05:20:01Z,174104,49004200,49004200,20
2026-08-15T05:20:01Z,174207,290005300,290005300,7
2026-08-15T05:20:01Z,174208,1500005600,1500005600,1
2026-08-15T05:20:01Z,174209,290006200,290006200,4
2026-08-15T05:20:01Z,174281,48600,48600,80
2026-08-15T05:20:01Z,174282,9805800,9805800,115
2026-08-15T05:20:01Z,174283,1900,1900,1024
2026-08-15T05:20:01Z,174284,999600,999600,129
2026-08-15T05:20:01Z,174285,8941600,8941600,60
2026-08-15T05:20:01Z,174322,2226500,2226500,12
2026-08-15T05:20:01Z,174327,49000,50000,10607
2026-08-15T05:20:01Z,174328,48000,49500,910
2026-08-15T05:20:01Z,174347,1500006000,1500006000,1
2026-08-15T05:20:01Z,174348,422900,422900,295
2026-08-15T05:20:01Z,174349,330000,330000,183
2026-08-15T05:20:01Z,174350,11800,11800,859
2026-08-15T05:20:01Z,174351,9900000,9900000,59
2026-08-15T05:20:01Z,174352,42000,42000,98
2026-08-15T05:20:01Z,174353,5500,10100,3925
2026-08-15T05:20:01Z,174383,19000900,49000900,24
2026-08-15T05:20:01Z,174890,900000,989900,27
2026-08-15T05:20:01Z,174891,159800,159800,18
2026-08-15T05:20:01Z,174983,290006000,290006000,1
2026-08-15T05:20:01Z,175052,2200200,2200200,23
2026-08-15T05:20:01Z,175053,90000,90000,29
2026-08-15T05:20:01Z,175054,120000,120000,14
2026-08-15T05:20:01Z,175056,800000,861300,22
2026-08-15T05:20:01Z,175069,9869800,9869800,25
2026-08-15T05:20:01Z,175241,200,600,332
2026-08-15T05:20:01Z,175788,36200,36200,537579
2026-08-15T05:20:01Z,175886,1000,1700,8171
2026-08-15T05:20:01Z,175924,3804900,3804900,45
2026-08-15T05:20:01Z,175954,290003700,290003700,1
2026-08-15T05:20:01Z,175955,7200,7200,64
2026-08-15T05:20:01Z,175957,59800,49009900,23
2026-08-15T05:20:01Z,175959,290002600,290002600,1
2026-08-15T05:20:01Z,175960,10000,10000,33
2026-08-15T05:20:01Z,175962,290006300,290006300,1
2026-08-15T05:20:01Z,175965,49000000,49000000,18
2026-08-15T05:20:01Z,175970,52500,55900,12740
2026-08-15T05:20:01Z,176086,49006500,49006500,51
2026-08-15T05:20:01Z,176087,9905600,9905600,80
2026-08-15T05:20:01Z,176088,290000000,290000000,2
2026-08-15T05:20:01Z,176089,49009600,49009600,20
2026-08-15T05:20:01Z,176391,49009900,49009900,20
2026-08-15T05:20:01Z,176392,133900,133900,24
2026-08-15T05:20:01Z,176393,290007300,290007300,2
2026-08-15T05:20:01Z,176807,15400,15400,39
2026-08-15T05:20:01Z,176809,6800,6800,112
2026-08-15T05:20:01Z,176810,49720100,49720100,4
2026-08-15T05:20:01Z,176811,440000,440000,69
2026-08-15T05:20:01Z,176852,388400,388400,25
2026-08-15T05:20:01Z,176853,3800,3800,188
2026-08-15T05:20:01Z,176854,7509900,7509900,3
2026-08-15T05:20:01Z,176855,2249900,2249900,49
2026-08-15T05:20:01Z,176856,49005700,49005700,20
2026-08-15T05:20:01Z,176857,290008100,290008100,1
2026-08-15T05:20:01Z,176858,49002400,49002400,20
2026-08-15T05:20:01Z,176859,9800,9800,71
2026-08-15T05:20:01Z,176860,2002000,2002000,11
2026-08-15T05:20:01Z,176861,45008600,45008600,42
2026-08-15T05:20:01Z,176862,9100,9100,137
2026-08-15T05:20:01Z,176863,290001600,290001600,1
2026-08-15T05:20:01Z,176864,48999900,48999900,32
2026-08-15T05:20:01Z,176865,49000000,49000000,35
2026-08-15T05:20:01Z,176866,4000,4000,140
2026-08-15T05:20:01Z,176867,110600,110600,35
2026-08-15T05:20:01Z,176868,90000,90000,72
2026-08-15T05:20:01Z,176869,15000,15000,129
2026-08-15T05:20:01Z,176870,15606800,15606900,31
2026-08-15T05:20:01Z,176871,17900,17900,116
2026-08-15T05:20:01Z,176872,17300,17300,27
2026-08-15T05:20:01Z,176873,29999900,49009900,23
2026-08-15T05:20:01Z,176874,13800,13800,37
2026-08-15T05:20:01Z,176875,49007700,49007700,25
2026-08-15T05:20:01Z,176876,30000,39900,38
2026-08-15T05:20:01Z,176877,20000,20000,43
2026-08-15T05:20:01Z,176878,49001500,49001600,21
2026-08-15T05:20:01Z,176879,290003700,290003700,1
2026-08-15T05:20:01Z,176880,290007700,290007700,2
2026-08-15T05:20:01Z,176881,290002500,290002500,2
2026-08-15T05:20:01Z,176882,390000,390000,13
2026-08-15T05:20:01Z,176883,290003500,290003500,3
2026-08-15T05:20:01Z,176884,289467000,289467000,2
2026-08-15T05:20:01Z,176885,289999900,289999900,3
2026-08-15T05:20:01Z,176886,200000000,200000000,3
2026-08-15T05:20:01Z,176887,289990000,289990000,2
2026-08-15T05:20:01Z,177025,806600,1006600,24
2026-08-15T05:20:01Z,177026,49009900,49009900,20
2026-08-15T05:20:01Z,177028,49009900,49009900,20
2026-08-15T05:20:01Z,177040,2900,2900,109
2026-08-15T05:20:01Z,177043,509700,9909700,201
2026-08-15T05:20:01Z,177061,142000,142000,2766
2026-08-15T05:20:01Z,177062,107900,107900,753
2026-08-15T05:20:01Z,177256,100000,100000,63
2026-08-15T05:20:01Z,177659,2000,2000,136
2026-08-15T05:20:01Z,177660,24900,24900,230
2026-08-15T05:20:01Z,177661,7600,7600,82
2026-08-15T05:20:01Z,177715,4700,4700,113
2026-08-15T05:20:01Z,177716,5000,5000,137
2026-08-15T05:20:01Z,177840,19794100,19994000,27
2026-08-15T05:20:01Z,177841,17644900,17823100,18
2026-08-15T05:20:01Z,177842,9900000,10000000,36
2026-08-15T05:20:01Z,177843,9259800,9259800,23
2026-08-15T05:20:01Z,177962,7600,7600,119
2026-08-15T05:20:01Z,178017,290000000,290000000,1
2026-08-15T05:20:01Z,178103,49005800,49005800,20
2026-08-15T05:20:01Z,178104,49006500,49006500,37
2026-08-15T05:20:01Z,178105,990008400,990008400,1
2026-08-15T05:20:01Z,178106,49005800,49005800,24
2026-08-15T05:20:01Z,178107,49000300,49000300,20
2026-08-15T05:20:01Z,178108,290003700,290003700,1
2026-08-15T05:20:01Z,178110,5500006000,5500006000,1
2026-08-15T05:20:01Z,178111,2500001600,2500001600,1
2026-08-15T05:20:01Z,178113,3900,3900,332
2026-08-15T05:20:01Z,178114,16900,16900,197
2026-08-15T05:20:01Z,178115,150004600,150004600,4
2026-08-15T05:20:01Z,178116,290008600,290008600,1
2026-08-15T05:20:01Z,178122,290000800,290000800,1
2026-08-15T05:20:01Z,178123,49000300,49000300,20
2026-08-15T05:20:01Z,178125,49005400,49005400,20
2026-08-15T05:20:01Z,178126,49009800,49009800,20
2026-08-15T05:20:01Z,178127,49000800,49000800,39
2026-08-15T05:20:01Z,178129,49008300,49008300,21
2026-08-15T05:20:01Z,178130,15006400,49006400,22
2026-08-15T05:20:01Z,178131,49007500,49007500,24
2026-08-15T05:20:01Z,178132,19900,19900,80
2026-08-15T05:20:01Z,178133,49009900,49009900,24
2026-08-15T05:20:01Z,178134,77000,49007000,23
2026-08-15T05:20:01Z,178135,29009300,29009300,6
2026-08-15T05:20:01Z,178136,9500,9500,132
2026-08-15T05:20:01Z,178137,290004100,290004100,3
2026-08-15T05:20:01Z,178149,306800,310000,747
2026-08-15T05:20:01Z,178172,35000000,35000000,76
2026-08-15T05:20:01Z,178173,19900,49009900,23
2026-08-15T05:20:01Z,178174,150000400,150000400,2
2026-08-15T05:20:01Z,178175,49009900,49009900,20
2026-08-15T05:20:01Z,178177,290000000,290000000,2
2026-08-15T05:20:01Z,178178,3900,3900,145
2026-08-15T05:20:01Z,178216,113700,113700,102
2026-08-15T05:20:01Z,178217,2200,3200,221
2026-08-15T05:20:01Z,178218,900000,900000,216
2026-08-15T05:20:01Z,178219,9702000,9702000,103
2026-08-15T05:20:01Z,178220,171000,171000,125
2026-08-15T05:20:01Z,178221,1000000,1000000,89
2026-08-15T05:20:01Z,178222,106500,106500,731
2026-08-15T05:20:01Z,178223,1199900,1199900,173
2026-08-15T05:20:01Z,178224,5007000,5007000,304
2026-08-15T05:20:01Z,178225,681800,681800,602
2026-08-15T05:20:01Z,178226,57000,57000,99
2026-08-15T05:20:01Z,178227,78000,78000,93
2026-08-15T05:20:01Z,178228,459500,459500,104
2026-08-15T05:20:01Z,178247,599500,599500,411
2026-08-15T05:20:01Z,178252,57000,57000,96
2026-08-15T05:20:01Z,178518,107200,107200,167
2026-08-15T05:20:01Z,178534,9900000,9900000,104
2026-08-15T05:20:01Z,178535,980900,980900,71
2026-08-15T05:20:01Z,178536,9799900,9799900,85
2026-08-15T05:20:01Z,178537,9700700,9700700,144
2026-08-15T05:20:01Z,178538,9898400,9898400,101
2026-08-15T05:20:01Z,178539,9900000,9900000,110
2026-08-15T05:20:01Z,178540,9990000,9990000,28
2026-08-15T05:20:01Z,178541,6178900,6178900,97
2026-08-15T05:20:01Z,178542,47500,47500,129
2026-08-15T05:20:01Z,178543,9990000,9990000,40
2026-08-15T05:20:01Z,178544,329200,329200,207
2026-08-15T05:20:01Z,178545,2100,2100,85
2026-08-15T05:20:01Z,178546,414800,9850000,31
2026-08-15T05:20:01Z,178547,9760900,9760900,24
2026-08-15T05:20:01Z,178548,9960000,9960000,135
2026-08-15T05:20:01Z,178549,2747800,2747800,40
2026-08-15T05:20:01Z,178550,1900,1900,180
2026-08-15T05:20:01Z,178551,960600,9606000,39
2026-08-15T05:20:01Z,178552,50000,50000,87
2026-08-15T05:20:01Z,178786,14500,14500,3429
2026-08-15T05:20:01Z,178787,1089900,1094000,1390
2026-08-15T05:20:01Z,178900,9899000,9899000,21
2026-08-15T05:20:01Z,178923,49000800,49000800,20
2026-08-15T05:20:01Z,179001,290003300,290003300,1
2026-08-15T05:20:01Z,179003,9900,10000,26
2026-08-15T05:20:01Z,179004,49000800,49000800,20
2026-08-15T05:20:01Z,179005,48093700,48093700,22
2026-08-15T05:20:01Z,179006,48990000,48990000,21
2026-08-15T05:20:01Z,179011,9902800,9902800,86
2026-08-15T05:20:01Z,179012,80000,80000,100
2026-08-15T05:20:01Z,179013,9900000,9900000,25
2026-08-15T05:20:01Z,179014,222200,222200,153
2026-08-15T05:20:01Z,179015,9900500,9900500,122
2026-08-15T05:20:01Z,179016,9900000,9900000,150
2026-08-15T05:20:01Z,179017,9790000,9790000,46
2026-08-15T05:20:01Z,179018,49700,49700,252
2026-08-15T05:20:01Z,179019,9900000,9900000,46
2026-08-15T05:20:01Z,179020,44800,54800,75
2026-08-15T05:20:01Z,179021,9902200,9902200,75
2026-08-15T05:20:01Z,179022,9904800,9904800,127
2026-08-15T05:20:01Z,179023,188600,9887600,50
2026-08-15T05:20:01Z,179025,9900000,9900000,39
2026-08-15T05:20:01Z,179026,6480000,6482100,124
2026-08-15T05:20:01Z,179166,9693300,9693300,55
2026-08-15T05:20:01Z,179267,10000,9900000,156
2026-08-15T05:20:01Z,179268,9884800,9884800,121
2026-08-15T05:20:01Z,179269,9890000,9890000,52
2026-08-15T05:20:01Z,179270,9901000,9901000,30
2026-08-15T05:20:01Z,179271,49800,50000,126
2026-08-15T05:20:01Z,179272,9900000,9900000,128
2026-08-15T05:20:01Z,179273,7840800,9752000,29
2026-08-15T05:20:01Z,179274,9879300,9879300,144
2026-08-15T05:20:01Z,179275,9904900,9904900,154
2026-08-15T05:20:01Z,179276,43200,43200,129
2026-08-15T05:20:01Z,179277,999900,999900,66
2026-08-15T05:20:01Z,179278,24900,24900,56
2026-08-15T05:20:01Z,179279,49900,49900,50
2026-08-15T05:20:01Z,179281,9904800,9904800,108
2026-08-15T05:20:01Z,179283,39900,39900,105
2026-08-15T05:20:01Z,179284,9000000,9900000,37
2026-08-15T05:20:01Z,179285,40500,40500,44
2026-08-15T05:20:01Z,179286,58700,108200,36
2026-08-15T05:20:01Z,179287,9885600,9885600,44
2026-08-15T05:20:01Z,179288,49003300,49003300,20
2026-08-15T05:20:01Z,179289,290006300,290006300,1
2026-08-15T05:20:01Z,179290,290003300,290003300,1
2026-08-15T05:20:01Z,179291,49003300,49003300,20
2026-08-15T05:20:01Z,179292,49003300,49003300,20
2026-08-15T05:20:01Z,179293,39990000,39990000,7
2026-08-15T05:20:01Z,179294,49003300,49003300,21
2026-08-15T05:20:01Z,179295,2970000,9990000,199
2026-08-15T05:20:01Z,179296,139900,49009900,23
2026-08-15T05:20:01Z,179297,290003100,290003100,3
2026-08-15T05:20:01Z,179298,290003300,290003300,1
2026-08-15T05:20:01Z,179299,290003300,290003300,1
2026-08-15T05:20:01Z,179300,49003200,49003200,21
2026-08-15T05:20:01Z,179307,183300,9882800,40
2026-08-15T05:20:01Z,179308,1531200,9870000,39
2026-08-15T05:20:01Z,179309,90000,9902700,54
2026-08-15T05:20:01Z,179310,247400,247400,45
2026-08-15T05:20:01Z,179314,500,700,9467
2026-08-15T05:20:01Z,179315,700,700,14626
2026-08-15T05:20:01Z,179368,1900000,1900000,15
2026-08-15T05:20:01Z,179369,300100,300100,18
2026-08-15T05:20:01Z,179370,200000,200000,28
2026-08-15T05:20:01Z,179372,930000,930000,23
2026-08-15T05:20:01Z,179985,99900,100000,35
2026-08-15T05:20:01Z,179986,9902100,9902100,100
2026-08-15T05:20:01Z,179992,3900,3900,166
2026-08-15T05:20:01Z,179993,9908700,9908700,30
2026-08-15T05:20:01Z,180055,14900,19900,243
2026-08-15T05:20:01Z,180057,350000,390000,379
2026-08-15T05:20:01Z,180058,100000,126500,139
2026-08-15T05:20:01Z,180059,90000,167600,408
2026-08-15T05:20:01Z,180060,119500,150000,247
2026-08-15T05:20:01Z,180088,11100,11100,26
2026-08-15T05:20:01Z,180168,48900,49000,51
2026-08-15T05:20:01Z,180307,3999600,3999600,4
2026-08-15T05:20:01Z,180309,1500000,1500000,4
2026-08-15T05:20:01Z,180310,290000000,290000000,1
2026-08-15T05:20:01Z,180317,2000,7500,179
2026-08-15T05:20:01Z,180318,6500,6500,306
2026-08-15T05:20:01Z,180326,990006500,990006500,1
2026-08-15T05:20:01Z,180327,290006500,290006500,1
2026-08-15T05:20:01Z,180328,1500006500,1500006500,1
2026-08-15T05:20:01Z,180329,290006500,290006500,1
2026-08-15T05:20:01Z,180330,290006500,290006500,1
2026-08-15T05:20:01Z,180331,290006500,290006500,1
2026-08-15T05:20:01Z,180332,290006500,290006500,1
2026-08-15T05:20:01Z,180333,35006300,35006300,3
2026-08-15T05:20:01Z,180334,290006500,290006500,1
2026-08-15T05:20:01Z,180338,30006500,30006500,2
2026-08-15T05:20:01Z,180340,290006500,290006500,1
2026-08-15T05:20:01Z,180341,290006500,290006500,1
2026-08-15T05:20:01Z,180342,990006500,990006500,1
2026-08-15T05:20:01Z,180343,290006500,290006500,1
2026-08-15T05:20:01Z,180344,990006500,990006500,1
2026-08-15T05:20:01Z,180346,290006500,290006500,1
2026-08-15T05:20:01Z,180347,290006500,290006500,1
2026-08-15T05:20:01Z,180348,290006500,290006500,2
2026-08-15T05:20:01Z,180353,290006500,290006500,1
2026-08-15T05:20:01Z,180354,49001500,49001500,20
2026-08-15T05:20:01Z,180377,131596600,131596600,8
2026-08-15T05:20:01Z,180381,1500009000,1500009000,1
2026-08-15T05:20:01Z,180382,290009000,290009000,1
2026-08-15T05:20:01Z,180383,290009000,290009000,1
2026-08-15T05:20:01Z,180384,290009000,290009000,1
2026-08-15T05:20:01Z,180385,1500009000,1500009000,1
2026-08-15T05:20:01Z,180404,1463400,9990400,43
2026-08-15T05:20:01Z,180405,29000,1990000,114
2026-08-15T05:20:01Z,180406,290005200,290005200,1
2026-08-15T05:20:01Z,180408,1500001100,1500001100,1
2026-08-15T05:20:01Z,180409,9409400,9409400,51
2026-08-15T05:20:01Z,180410,119900,9900600,33
2026-08-15T05:20:01Z,180411,9551800,9551800,36
2026-08-15T05:20:01Z,180412,122200,9902400,36
2026-08-15T05:20:01Z,180429,9990000,9990000,20
2026-08-15T05:20:01Z,180430,1300,1300,109
2026-08-15T05:20:01Z,180445,7980000,7990000,168
2026-08-15T05:20:01Z,180448,1500000800,1500000800,1
2026-08-15T05:20:01Z,180449,1500000800,1500000800,1
2026-08-15T05:20:01Z,180450,4900800,4900800,200
2026-08-15T05:20:01Z,180457,650000,800000,302
2026-08-15T05:20:01Z,180475,290009200,290009200,1
2026-08-15T05:20:01Z,180476,49009900,49009900,20
2026-08-15T05:20:01Z,180504,290003300,290003300,1
2026-08-15T05:20:01Z,180505,450003300,450003300,1
2026-08-15T05:20:01Z,180506,290003300,290003300,1
2026-08-15T05:20:01Z,180507,290003300,290003300,1
2026-08-15T05:20:01Z,180508,49003300,49003300,13
2026-08-15T05:20:01Z,180509,290003300,290003300,1
2026-08-15T05:20:01Z,180510,49003300,49003300,20
2026-08-15T05:20:01Z,180511,290003300,290003300,1
2026-08-15T05:20:01Z,180512,290003300,290003300,1
2026-08-15T05:20:01Z,180513,290003300,290003300,1
2026-08-15T05:20:01Z,180514,290003300,290003300,1
2026-08-15T05:20:01Z,180515,290003300,290003300,1
2026-08-15T05:20:01Z,180516,49003300,49003300,20
2026-08-15T05:20:01Z,180517,290003300,290003300,1
2026-08-15T05:20:01Z,180518,49003300,49003300,19
2026-08-15T05:20:01Z,180519,290003300,290003300,1
2026-08-15T05:20:01Z,180520,49003300,49003300,20
2026-08-15T05:20:01Z,180521,49003300,49003300,11
2026-08-15T05:20:01Z,180614,290005300,290005300,1
2026-08-15T05:20:01Z,180622,290007500,290007500,1
2026-08-15T05:20:01Z,180623,49001700,49001700,15
2026-08-15T05:20:01Z,180624,49005400,49005400,22
2026-08-15T05:20:01Z,180732,3300,3300,11168
2026-08-15T05:20:01Z,180733,90000,90000,1032
2026-08-15T05:20:01Z,180878,290003300,290003300,1
2026-08-15T05:20:01Z,180879,49003300,49003300,15
2026-08-15T05:20:01Z,180880,49003300,49003300,21
2026-08-15T05:20:01Z,180881,49002800,49002900,12
2026-08-15T05:20:01Z,180882,49003300,49003300,19
2026-08-15T05:20:01Z,180883,450003300,450003300,1
2026-08-15T05:20:01Z,180884,290003300,290003300,1
2026-08-15T05:20:01Z,180885,290003300,290003300,1
2026-08-15T05:20:01Z,180886,49003300,49003300,20
2026-08-15T05:20:01Z,180887,290003300,290003300,1
2026-08-15T05:20:01Z,180888,290003300,290003300,1
2026-08-15T05:20:01Z,180889,290003300,290003300,1
2026-08-15T05:20:01Z,180890,290003300,290003300,1
2026-08-15T05:20:01Z,180891,290003300,290003300,1
2026-08-15T05:20:01Z,180892,290003300,290003300,1
2026-08-15T05:20:01Z,180893,290003300,290003300,1
2026-08-15T05:20:01Z,180894,290003300,290003300,1
2026-08-15T05:20:01Z,180991,279990000,279990000,4
2026-08-15T05:20:01Z,180992,39990000,48990000,27
2026-08-15T05:20:01Z,181246,49000200,49000200,20
2026-08-15T05:20:01Z,181247,49008700,49008700,22
2026-08-15T05:20:01Z,181388,300000,300000,9
2026-08-15T05:20:01Z,181468,115000,119000,2642
2026-08-15T05:20:01Z,181713,289900,289900,39
2026-08-15T05:20:01Z,182118,9899100,9899100,165
2026-08-15T05:20:01Z,182119,9900000,9900000,116
2026-08-15T05:20:01Z,182120,9772400,9772400,206
2026-08-15T05:20:01Z,182121,8500,8500,80
2026-08-15T05:20:01Z,182122,9890100,9890100,217
2026-08-15T05:20:01Z,182123,9707600,9707600,47
2026-08-15T05:20:01Z,182299,49002200,49002200,20
2026-08-15T05:20:01Z,182367,5500000100,5500000100,1
2026-08-15T05:20:01Z,182459,9989900,9989900,47
2026-08-15T05:20:01Z,182581,1420000,1420300,625
2026-08-15T05:20:01Z,182653,1000,1000,108
2026-08-15T05:20:01Z,182707,49009900,49009900,19
2026-08-15T05:20:01Z,182708,290003900,290003900,2
2026-08-15T05:20:01Z,182709,290002600,290002600,2
2026-08-15T05:20:01Z,182710,289997600,289997600,5
2026-08-15T05:20:01Z,182713,49009000,49009000,28
2026-08-15T05:20:01Z,182714,49000100,49000100,22
2026-08-15T05:20:01Z,182715,49001300,49001400,14
2026-08-15T05:20:01Z,182718,49000000,49000000,24
2026-08-15T05:20:01Z,182733,2000000,2000000,56
2026-08-15T05:20:01Z,182737,4900,5000,278
2026-08-15T05:20:01Z,182756,290009000,290009000,1
2026-08-15T05:20:01Z,182757,290009000,290009000,2
2026-08-15T05:20:01Z,182758,290006500,290006500,2
2026-08-15T05:20:01Z,182760,290006500,290006500,1
2026-08-15T05:20:01Z,182761,290001500,290001500,1
2026-08-15T05:20:01Z,182762,290004000,290004000,1
2026-08-15T05:20:01Z,182763,290007500,290007500,1
2026-08-15T05:20:01Z,182764,290003200,290003200,1
2026-08-15T05:20:01Z,182765,290004800,290004800,1
2026-08-15T05:20:01Z,182766,290003600,290003600,1
2026-08-15T05:20:01Z,182774,290001500,290001500,1
2026-08-15T05:20:01Z,182775,290001500,290001500,1
2026-08-15T05:20:01Z,182776,290001500,290001500,1
2026-08-15T05:20:01Z,182797,49005100,49005100,20
2026-08-15T05:20:01Z,183108,990003400,990003400,1
2026-08-15T05:20:01Z,183109,49008500,49008500,20
2026-08-15T05:20:01Z,183110,49006000,49006000,20
2026-08-15T05:20:01Z,183203,48999900,48999900,21
2026-08-15T05:20:01Z,183204,19999900,19999900,13
2026-08-15T05:20:01Z,183205,99999900,99999900,4
2026-08-15T05:20:01Z,183207,40006300,49006300,21
2026-08-15T05:20:01Z,183208,988900,989800,25
2026-08-15T05:20:01Z,183209,49006200,49006200,25
2026-08-15T05:20:01Z,183597,9901100,9901100,30
2026-08-15T05:20:01Z,183599,8624900,8624900,32
2026-08-15T05:20:01Z,183733,39567500,39567500,15
2026-08-15T05:20:01Z,183738,44500,44900,150
2026-08-15T05:20:01Z,183793,9905600,9905600,66
2026-08-15T05:20:01Z,183823,10000,10000,68
2026-08-15T05:20:01Z,183945,49002900,49002900,20
2026-08-15T05:20:01Z,183950,34800,34800,1364
2026-08-15T05:20:01Z,183951,299900,299900,1173
2026-08-15T05:20:01Z,183952,69700,69700,2730
2026-08-15T05:20:01Z,183953,93000,93000,572
2026-08-15T05:20:01Z,183954,119900,152900,1864
2026-08-15T05:20:01Z,183955,147000,157000,2630
2026-08-15T05:20:01Z,183963,202000,423000,69
2026-08-15T05:20:01Z,184049,9903100,9903100,22
2026-08-15T05:20:01Z,184050,9899700,9899700,21
2026-08-15T05:20:01Z,184051,1435500,19900000,39
2026-08-15T05:20:01Z,184090,105800,105800,416
2026-08-15T05:20:01Z,184096,4132000,4132000,234
2026-08-15T05:20:01Z,184097,1898500,3000000,213
2026-08-15T05:20:01Z,184100,2994700,2994700,126
2026-08-15T05:20:01Z,184201,9009100,9009100,744
2026-08-15T05:20:01Z,184202,9900000,9900000,45
2026-08-15T05:20:01Z,184281,50000,50000,126
2026-08-15T05:20:01Z,184283,1975600,1975600,51
2026-08-15T05:20:01Z,184308,25000,25000,188
2026-08-15T05:20:01Z,184309,1500006500,1500006500,1
2026-08-15T05:20:01Z,184310,1500006500,1500006500,1
2026-08-15T05:20:01Z,184340,248897300,248897300,1
2026-08-15T05:20:01Z,184341,849562500,849562500,2
2026-08-15T05:20:01Z,184342,250008800,250008800,2
2026-08-15T05:20:01Z,184343,249999600,249999600,1
2026-08-15T05:20:01Z,184344,974999600,974999600,2
2026-08-15T05:20:01Z,184345,800008800,800008800,1
2026-08-15T05:20:01Z,184346,250008400,250008400,1
2026-08-15T05:20:01Z,184347,924999800,924999800,1
2026-08-15T05:20:01Z,184390,990000,990000,21
2026-08-15T05:20:01Z,184391,189800,189800,40
2026-08-15T05:20:01Z,184392,360000,360000,39
2026-08-15T05:20:01Z,184393,2890000,2890000,23
2026-08-15T05:20:01Z,184394,49000500,49000500,13
2026-08-15T05:20:01Z,184553,290001900,290001900,1
2026-08-15T05:20:01Z,184624,359900,579900,278
2026-08-15T05:20:01Z,184682,349900,349900,2336
2026-08-15T05:20:01Z,184690,999900,1699900,894
2026-08-15T05:20:01Z,185476,49004400,49004400,21
2026-08-15T05:20:01Z,185477,290006700,290006700,1
2026-08-15T05:20:01Z,185478,290006700,290006700,1
2026-08-15T05:20:01Z,185479,49000000,49000000,21
2026-08-15T05:20:01Z,185480,49009500,49009500,20
2026-08-15T05:20:01Z,185481,49005300,49005300,20
2026-08-15T05:20:01Z,185482,50009500,50009500,6
2026-08-15T05:20:01Z,185483,290003900,290003900,2
2026-08-15T05:20:01Z,185737,39009400,49009400,22
2026-08-15T05:20:01Z,185739,290009000,290009000,1
2026-08-15T05:20:01Z,185910,2003100,2003100,320
2026-08-15T05:20:01Z,185968,290004200,290004200,4
2026-08-15T05:20:01Z,185970,290009500,290009500,1
2026-08-15T05:20:01Z,186017,24500,24600,2422
2026-08-15T05:20:01Z,186522,1349900,1349900,91
2026-08-15T05:20:01Z,186660,990002600,990002600,1
2026-08-15T05:20:01Z,186661,290006300,290006300,1
2026-08-15T05:20:01Z,186662,779900,5559900,55
2026-08-15T05:20:01Z,186677,290004100,290004100,1
2026-08-15T05:20:01Z,186684,990000,990000,494
2026-08-15T05:20:01Z,186704,7128600,7128600,90
2026-08-15T05:20:01Z,186725,262700,262700,145
2026-08-15T05:20:01Z,186726,999900,999900,236
2026-08-15T05:20:01Z,186975,5400,5400,64
2026-08-15T05:20:01Z,186981,333200,333200,28
2026-08-15T05:20:01Z,186982,9903200,9903200,331
2026-08-15T05:20:01Z,187180,49005800,49005800,20
2026-08-15T05:20:01Z,187188,290005800,290005800,1
2026-08-15T05:20:01Z,187189,290003300,290003300,1
2026-08-15T05:20:01Z,187190,290001800,290001800,1
2026-08-15T05:20:01Z,187191,290007800,290007800,1
2026-08-15T05:20:01Z,187192,290005700,290005700,1
2026-08-15T05:20:01Z,187193,60000500,60000500,8
2026-08-15T05:20:01Z,187194,290001500,290001500,1
2026-08-15T05:20:01Z,187195,290001600,290001600,1
2026-08-15T05:20:01Z,187196,290000000,290000000,1
2026-08-15T05:20:01Z,187197,290000200,290000200,1
2026-08-15T05:20:01Z,187198,49004900,49004900,19
2026-08-15T05:20:01Z,187199,290005900,290005900,1
2026-08-15T05:20:01Z,187211,290000200,290000200,1
2026-08-15T05:20:01Z,187212,49005700,49005700,20
2026-08-15T05:20:01Z,187213,49006000,49006000,20
2026-08-15T05:20:01Z,187348,40009600,40009600,31
2026-08-15T05:20:01Z,187408,290001200,290001200,1
2026-08-15T05:20:01Z,187550,399990100,399990100,2
2026-08-15T05:20:01Z,187553,399990100,399990100,2
2026-08-15T05:20:01Z,187554,5500000100,5500000100,1
2026-08-15T05:20:01Z,187555,1500000100,1500000100,1
2026-08-15T05:20:01Z,187594,45004000,45004000,21
2026-08-15T05:20:01Z,187633,144600,149000,103
2026-08-15T05:20:01Z,187634,1113400,1113500,122
2026-08-15T05:20:01Z,187635,187500,187500,94
2026-08-15T05:20:01Z,187636,4950000,4950000,72
2026-08-15T05:20:01Z,187648,19903800,19903800,59
2026-08-15T05:20:01Z,187699,119900,120000,4907
2026-08-15T05:20:01Z,187700,120000,126000,24322
2026-08-15T05:20:01Z,187701,32100,51100,42720
2026-08-15T05:20:01Z,187702,900,1000,4715
2026-08-15T05:20:01Z,187703,4800,15000,87493
2026-08-15T05:20:01Z,187704,700,700,126764
2026-08-15T05:20:01Z,187707,3360000,3360000,195
2026-08-15T05:20:01Z,187711,49001200,49001200,20
2026-08-15T05:20:01Z,187712,5000,5000,61
2026-08-15T05:20:01Z,187796,309200,309200,47
2026-08-15T05:20:01Z,187802,4000,4000,404
2026-08-15T05:20:01Z,187805,699900,2229900,46
2026-08-15T05:20:01Z,187812,39900000,39900000,16
2026-08-15T05:20:01Z,187823,4805200,4805200,14
2026-08-15T05:20:01Z,187825,26700000,26700000,17
2026-08-15T05:20:01Z,187827,150000000,150000000,16
2026-08-15T05:20:01Z,187829,4790000,4790000,27
2026-08-15T05:20:01Z,187831,7948600,7948600,71
2026-08-15T05:20:01Z,187836,9990000,9990000,130
2026-08-15T05:20:01Z,187842,49002100,49002100,20
2026-08-15T05:20:01Z,187849,8391000,8391000,28
2026-08-15T05:20:01Z,187850,25555400,25555400,12
2026-08-15T05:20:01Z,187884,17995600,17995600,112
2026-08-15T05:20:01Z,187887,12999300,12999300,129
2026-08-15T05:20:01Z,187888,14008400,14008400,65
2026-08-15T05:20:01Z,187911,2007000,2497000,49
2026-08-15T05:20:01Z,187931,12610400,12610400,138
2026-08-15T05:20:01Z,187933,6903000,6903000,120
2026-08-15T05:20:01Z,187934,16796000,16796000,125
2026-08-15T05:20:01Z,187936,17460400,17460400,74
2026-08-15T05:20:01Z,188164,10599300,10599300,245
2026-08-15T05:20:01Z,188658,23900,855000,2015
2026-08-15T05:20:01Z,188669,73900,73900,31
2026-08-15T05:20:01Z,188670,1800,1800,690
2026-08-15T05:20:01Z,188671,22700,22700,80
2026-08-15T05:20:01Z,188672,14002400,14002400,9
2026-08-15T05:20:01Z,188681,249500,249600,26
2026-08-15T05:20:01Z,188682,28600,28600,44
2026-08-15T05:20:01Z,188683,2500000,2500000,3
2026-08-15T05:20:01Z,188684,7533100,7533100,6
2026-08-15T05:20:01Z,188685,3250000,3250000,4
2026-08-15T05:20:01Z,188760,4488700,4488700,5
2026-08-15T05:20:01Z,188761,296800,401800,86
2026-08-15T05:20:01Z,188762,10009600,10009600,3
2026-08-15T05:20:01Z,188779,290009000,290009000,2
2026-08-15T05:20:01Z,188789,290003200,290003200,2
2026-08-15T05:20:01Z,188790,49007200,49007200,23
2026-08-15T05:20:01Z,188791,290007900,290007900,2
2026-08-15T05:20:01Z,188792,8009600,8009600,28
2026-08-15T05:20:01Z,188794,2259600,2259600,36
2026-08-15T05:20:01Z,188795,290005900,290005900,3
2026-08-15T05:20:01Z,188811,290009100,290009100,2
2026-08-15T05:20:01Z,188827,49003200,49003200,20
2026-08-15T05:20:01Z,188834,49008000,49008000,28
2026-08-15T05:20:01Z,188835,199900,199900,106
2026-08-15T05:20:01Z,188836,290009100,290009100,2
2026-08-15T05:20:01Z,188946,290009200,290009200,8
2026-08-15T05:20:01Z,188947,290000100,290000100,1
2026-08-15T05:20:01Z,188948,49006000,49006000,14
2026-08-15T05:20:01Z,189143,32900,124000,6175
2026-08-15T05:20:01Z,189145,14000000,15000000,252
2026-08-15T05:20:01Z,189146,799900,800000,80
2026-08-15T05:20:01Z,189147,19900000,19900000,80
2026-08-15T05:20:01Z,189148,709000,709000,67
2026-08-15T05:20:01Z,189149,424800,424800,138
2026-08-15T05:20:01Z,189150,416600,416600,125
2026-08-15T05:20:01Z,189151,63000,63000,98
2026-08-15T05:20:01Z,189152,699900,743000,111
2026-08-15T05:20:01Z,189153,272700,272700,153
2026-08-15T05:20:01Z,189154,77000000,78000000,129
2026-08-15T05:20:01Z,189155,26990000,34490000,156
2026-08-15T05:20:01Z,189156,23750000,23750000,264
2026-08-15T05:20:01Z,189541,1949500,2149800,395
2026-08-15T05:20:01Z,189542,1099900,1257800,2858
2026-08-15T05:20:01Z,189543,3099800,4929800,214
2026-08-15T05:20:01Z,189571,290000300,290000300,1
2026-08-15T05:20:01Z,190235,49000700,49000700,20
2026-08-15T05:20:01Z,190236,290001900,290001900,1
2026-08-15T05:20:01Z,190311,40000,43200,2212
2026-08-15T05:20:01Z,190312,80000,99000,4065
2026-08-15T05:20:01Z,190313,83900,90000,10445
2026-08-15T05:20:01Z,190314,230000,234900,9741
2026-08-15T05:20:01Z,190315,74700,104900,25685
2026-08-15T05:20:01Z,190316,1040000,1068800,17957
2026-08-15T05:20:01Z,190320,100100,104700,34030
2026-08-15T05:20:01Z,190321,1029100,1040000,8286
2026-08-15T05:20:01Z,190322,220000,230000,18501
2026-08-15T05:20:01Z,190324,2399400,2970000,14603
2026-08-15T05:20:01Z,190326,109500,138500,17022
2026-08-15T05:20:01Z,190327,1140000,1140000,4759
2026-08-15T05:20:01Z,190328,83700,142500,20899
2026-08-15T05:20:01Z,190329,1187500,1187500,9771
2026-08-15T05:20:01Z,190330,25000,49900,17426
2026-08-15T05:20:01Z,190331,415400,415400,3297
2026-08-15T05:20:01Z,190378,1361500,1361500,207
2026-08-15T05:20:01Z,190380,1461500,1461500,186
2026-08-15T05:20:01Z,190388,198800,250000,267
2026-08-15T05:20:01Z,190394,4500,6000,216210
2026-08-15T05:20:01Z,190395,4000,4500,21226
2026-08-15T05:20:01Z,190396,4000,13000,167513
2026-08-15T05:20:01Z,190450,1008900,1049900,5110
2026-08-15T05:20:01Z,190451,99000,111000,4263
2026-08-15T05:20:01Z,190452,116300,116300,3254
2026-08-15T05:20:01Z,190530,1464100,1929300,149
2026-08-15T05:20:01Z,190531,1790000,1896600,746
2026-08-15T05:20:01Z,190532,1500000,1500000,188
2026-08-15T05:20:01Z,190533,4858000,4858000,75
2026-08-15T05:20:01Z,190534,2574900,2574900,352
2026-08-15T05:20:01Z,190535,3003800,3504100,2543
2026-08-15T05:20:01Z,190536,49907700,49907700,14
2026-08-15T05:20:01Z,190537,2880000,2884800,88
2026-08-15T05:20:01Z,190538,1111100,1111100,606
2026-08-15T05:20:01Z,190880,280000,290000,647
2026-08-15T05:20:01Z,190881,9900000,9900000,25
2026-08-15T05:20:01Z,190936,9850000,9850000,24
2026-08-15T05:20:01Z,190953,3600,3800,504
2026-08-15T05:20:01Z,191250,660000,660000,51
2026-08-15T05:20:01Z,191256,67900,67900,227
2026-08-15T05:20:01Z,191260,209900,209900,17
2026-08-15T05:20:01Z,191318,18300,18400,100
2026-08-15T05:20:01Z,191319,21000,21200,1723
2026-08-15T05:20:01Z,191320,9900000,9900000,45
2026-08-15T05:20:01Z,191321,20000,20000,85
2026-08-15T05:20:01Z,191322,495000,495000,304
2026-08-15T05:20:01Z,191323,700000,700000,106
2026-08-15T05:20:01Z,191324,59800,59800,75
2026-08-15T05:20:01Z,191325,100000,100000,59
2026-08-15T05:20:01Z,191326,40000,40000,461
2026-08-15T05:20:01Z,191327,27000,27000,62
2026-08-15T05:20:01Z,191328,100000,100000,324
2026-08-15T05:20:01Z,191329,19500,19500,228
2026-08-15T05:20:01Z,191330,439800,439800,71
2026-08-15T05:20:01Z,191331,158400,158400,85
2026-08-15T05:20:01Z,191332,320000,322400,55
2026-08-15T05:20:01Z,191333,29200,29300,134
2026-08-15T05:20:01Z,191334,19900,19900,203
2026-08-15T05:20:01Z,191335,450000,450000,133
2026-08-15T05:20:01Z,191336,15300,15300,81
2026-08-15T05:20:01Z,191337,140000,140000,194
2026-08-15T05:20:01Z,191338,445500,445500,209
2026-08-15T05:20:01Z,191339,4900,5000,93
2026-08-15T05:20:01Z,191340,10000,10000,123
2026-08-15T05:20:01Z,191341,4500,4500,2691
2026-08-15T05:20:01Z,191348,3000300,3000300,68
2026-08-15T05:20:01Z,191349,1773400,9990000,41
2026-08-15T05:20:01Z,191350,2349900,2350000,378
2026-08-15T05:20:01Z,191351,710000,719900,65
2026-08-15T05:20:01Z,191352,9998000,9998000,35
2026-08-15T05:20:01Z,191353,1499800,1499800,297
2026-08-15T05:20:01Z,191357,150000,9900000,51
2026-08-15T05:20:01Z,191358,350000,350000,429
2026-08-15T05:20:01Z,191359,440000,440000,135
2026-08-15T05:20:01Z,191360,20000,9944900,46
2026-08-15T05:20:01Z,191361,18800,20000,183
2026-08-15T05:20:01Z,191362,136400,9991000,33
2026-08-15T05:20:01Z,191363,3000,3000,1013
2026-08-15T05:20:01Z,191364,18000,20000,126
2026-08-15T05:20:01Z,191365,1352100,1352200,142
2026-08-15T05:20:01Z,191366,995400,9995400,47
2026-08-15T05:20:01Z,191367,18800,1228800,418
2026-08-15T05:20:01Z,191368,28800,29900,349
2026-08-15T05:20:01Z,191369,2707100,9999300,34
2026-08-15T05:20:01Z,191370,29000,29000,178
2026-08-15T05:20:01Z,191371,179700,179700,142
2026-08-15T05:20:01Z,191372,30700,30700,113
2026-08-15T05:20:01Z,191373,6600,6600,1439
2026-08-15T05:20:01Z,191374,25800,25800,1372
2026-08-15T05:20:01Z,191375,500000,500000,42
2026-08-15T05:20:01Z,191376,100000,100000,59
2026-08-15T05:20:01Z,191377,36000,36000,58
2026-08-15T05:20:01Z,191378,30000,2220000,78
2026-08-15T05:20:01Z,191379,3400,3400,385
2026-08-15T05:20:01Z,191380,3000,3000,15110
2026-08-15T05:20:01Z,191381,54000,55000,459
2026-08-15T05:20:01Z,191382,9900,10000,1858
2026-08-15T05:20:01Z,191383,109900,110000,2174
2026-08-15T05:20:01Z,191384,10500,10500,78
2026-08-15T05:20:01Z,191385,39500,39600,365
2026-08-15T05:20:01Z,191386,178700,178700,664
2026-08-15T05:20:01Z,191387,7997800,7997800,102
2026-08-15T05:20:01Z,191388,451000,501000,199
2026-08-15T05:20:01Z,191389,1984300,9890000,170
2026-08-15T05:20:01Z,191393,3000,3000,412
2026-08-15T05:20:01Z,191394,10000,20000,132
2026-08-15T05:20:01Z,191395,187400,385500,2847
2026-08-15T05:20:01Z,191396,3000,9900,62
2026-08-15T05:20:01Z,191397,342400,9980000,41
2026-08-15T05:20:01Z,191398,2558900,2558900,89
2026-08-15T05:20:01Z,191399,8900,126700,107
2026-08-15T05:20:01Z,191400,29700,29700,65
2026-08-15T05:20:01Z,191401,999900,999900,383
2026-08-15T05:20:01Z,191460,3400,4300,19724
2026-08-15T05:20:01Z,191461,4000,23600,15034
2026-08-15T05:20:01Z,191462,5000,6000,25984
2026-08-15T05:20:01Z,191464,19500,25800,2881
2026-08-15T05:20:01Z,191465,17500,25000,12952
2026-08-15T05:20:01Z,191466,27000,27900,3147
2026-08-15T05:20:01Z,191467,12000,12500,2043
2026-08-15T05:20:01Z,191468,10500,12200,15065
2026-08-15T05:20:01Z,191469,14400,14400,7904
2026-08-15T05:20:01Z,191470,447500,447500,1612
2026-08-15T05:20:01Z,191471,440000,440000,5870
2026-08-15T05:20:01Z,191472,440000,440000,4715
2026-08-15T05:20:01Z,191474,30000,34600,1867
2026-08-15T05:20:01Z,191475,53900,81900,1493
2026-08-15T05:20:01Z,191476,890000,890000,132
2026-08-15T05:20:01Z,191493,2000800,6000800,75
2026-08-15T05:20:01Z,191494,9240000,9240000,368
2026-08-15T05:20:01Z,191495,4174900,4174900,680
2026-08-15T05:20:01Z,191496,479700,479700,609
2026-08-15T05:20:01Z,191497,438600,438600,354
2026-08-15T05:20:01Z,191498,445400,445400,392
2026-08-15T05:20:01Z,191499,440000,440000,33
2026-08-15T05:20:01Z,191500,999900,999900,48
2026-08-15T05:20:01Z,191501,456500,456500,53
2026-08-15T05:20:01Z,191502,9945000,9945000,26
2026-08-15T05:20:01Z,191503,6158500,9960000,27
2026-08-15T05:20:01Z,191504,100000,9899000,27
2026-08-15T05:20:01Z,191505,9899000,9899000,25
2026-08-15T05:20:01Z,191506,9901600,9901600,25
2026-08-15T05:20:01Z,191507,558400,558400,85
2026-08-15T05:20:01Z,191508,49992500,49992500,4
2026-08-15T05:20:01Z,191509,9995500,9995500,25
2026-08-15T05:20:01Z,191510,990000,990000,62
2026-08-15T05:20:01Z,191511,698000,698000,55
2026-08-15T05:20:01Z,191512,222200,222200,211
2026-08-15T05:20:01Z,191513,9900,10000,439
2026-08-15T05:20:01Z,191514,44507600,44507600,10
2026-08-15T05:20:01Z,191515,200000,500000,180
2026-08-15T05:20:01Z,191516,9907900,9907900,294
2026-08-15T05:20:01Z,191518,5400,5400,338
2026-08-15T05:20:01Z,191519,9400,9900,479
2026-08-15T05:20:01Z,191520,960400,960400,69
2026-08-15T05:20:01Z,191521,110000,110000,222
2026-08-15T05:20:01Z,191522,490000,570000,84
2026-08-15T05:20:01Z,191523,400000,9900000,33
2026-08-15T05:20:01Z,191524,1584400,1584400,62
2026-08-15T05:20:01Z,191525,2504900,2504900,279
2026-08-15T05:20:01Z,191532,197200,9991900,25
2026-08-15T05:20:01Z,191533,98500,98500,55
2026-08-15T05:20:01Z,191534,5200400,5200400,19
2026-08-15T05:20:01Z,191861,199000,199000,36
2026-08-15T05:20:01Z,191864,49000100,49000100,20
2026-08-15T05:20:01Z,191872,6000000,9900000,28
2026-08-15T05:20:01Z,191873,39890000,39890000,19
2026-08-15T05:20:01Z,191933,5881300,6891300,144
2026-08-15T05:20:01Z,191939,84100,84100,491
2026-08-15T05:20:01Z,191940,1999900,1999900,111
2026-08-15T05:20:01Z,191943,7000,7000,45
2026-08-15T05:20:01Z,191944,850800,1008900,613
2026-08-15T05:20:01Z,191945,9890000,9890000,25
2026-08-15T05:20:01Z,191948,460500,460500,42
2026-08-15T05:20:01Z,191949,9895600,9895600,104
2026-08-15T05:20:01Z,191950,1499800,1504300,472
2026-08-15T05:20:01Z,192095,10000,13500,5625
2026-08-15T05:20:01Z,192096,10900,12000,3330
2026-08-15T05:20:01Z,192097,11900,12000,5875
2026-08-15T05:20:01Z,192552,4599600,5999600,154
2026-08-15T05:20:01Z,192553,4440900,4440900,81
2026-08-15T05:20:01Z,192554,300000,300000,85
2026-08-15T05:20:01Z,192604,290008300,290008300,2
2026-08-15T05:20:01Z,192605,16600,16600,29
2026-08-15T05:20:01Z,192608,6300,6300,158
2026-08-15T05:20:01Z,192609,10000,10000,28
2026-08-15T05:20:01Z,192610,6100,6100,42
2026-08-15T05:20:01Z,192611,8500,8500,124
2026-08-15T05:20:01Z,192613,20000,20000,35
2026-08-15T05:20:01Z,192614,6300,6300,120
2026-08-15T05:20:01Z,192615,6300,6300,8804
2026-08-15T05:20:01Z,192616,290002200,290002200,2
2026-08-15T05:20:01Z,192617,6400,6400,99
2026-08-15T05:20:01Z,192619,70600,70600,28
2026-08-15T05:20:01Z,192620,6500,6500,26
2026-08-15T05:20:01Z,192621,6600,6600,214
2026-08-15T05:20:01Z,192622,6500,6500,49
2026-08-15T05:20:01Z,192623,10900,30000,108
2026-08-15T05:20:01Z,192624,7000,7000,1000
2026-08-15T05:20:01Z,192625,7000,7000,461
2026-08-15T05:20:01Z,192626,6600,6600,350
2026-08-15T05:20:01Z,192627,6400,6400,87
2026-08-15T05:20:01Z,192628,10000,10000,169
2026-08-15T05:20:01Z,192629,5900,5900,71
2026-08-15T05:20:01Z,192630,6900,6900,28
2026-08-15T05:20:01Z,192631,6400,6400,762
2026-08-15T05:20:01Z,192632,9500,9500,27
2026-08-15T05:20:01Z,192634,6900,6900,59
2026-08-15T05:20:01Z,192635,6100,6100,853
2026-08-15T05:20:01Z,192636,5900,5900,926
2026-08-15T05:20:01Z,192644,16300,16300,98
2026-08-15T05:20:01Z,192645,99400,99500,41
2026-08-15T05:20:01Z,192646,15900,15900,78
2026-08-15T05:20:01Z,192647,18200,18200,133
2026-08-15T05:20:01Z,192648,17500,17500,102
2026-08-15T05:20:01Z,192650,51200,51200,37
2026-08-15T05:20:01Z,192651,20000,20000,26
2026-08-15T05:20:01Z,192652,17500,17500,26
2026-08-15T05:20:01Z,192653,19500,19500,20
2026-08-15T05:20:01Z,192654,19900,19900,21
2026-08-15T05:20:01Z,192655,17700,17700,21
2026-08-15T05:20:01Z,192656,1355600,49005600,16
2026-08-15T05:20:01Z,192657,49006400,49006400,18
2026-08-15T05:20:01Z,192658,18300,18300,1149
2026-08-15T05:20:01Z,192659,49000000,49000000,23
2026-08-15T05:20:01Z,192660,49006600,49006600,13
2026-08-15T05:20:01Z,192661,49009700,49009700,19
2026-08-15T05:20:01Z,192662,17600,17600,416
2026-08-15T05:20:01Z,192663,40000000,42000000,22
2026-08-15T05:20:01Z,192664,108100,118100,23
2026-08-15T05:20:01Z,192665,290004200,290004200,1
2026-08-15T05:20:01Z,192666,20000,20000,29
2026-08-15T05:20:01Z,192668,25000,30000,25
2026-08-15T05:20:01Z,192669,16200,16200,95
2026-08-15T05:20:01Z,192670,18900,18900,30
2026-08-15T05:20:01Z,192671,1990000,1990000,26
2026-08-15T05:20:01Z,192672,16800,16800,72
2026-08-15T05:20:01Z,192673,16000,16500,37
2026-08-15T05:20:01Z,192674,17500,17500,71
2026-08-15T05:20:01Z,192675,18600,18600,46
2026-08-15T05:20:01Z,192683,17400,17400,29
2026-08-15T05:20:01Z,192684,1500001300,1500001300,1
2026-08-15T05:20:01Z,192685,220000000,220000000,3
2026-08-15T05:20:01Z,192686,290001000,290001000,1
2026-08-15T05:20:01Z,192687,290005100,290005100,3
2026-08-15T05:20:01Z,192688,200000800,200000800,2
2026-08-15T05:20:01Z,192689,290002600,290002600,1
2026-08-15T05:20:01Z,192690,290000000,290000000,3
2026-08-15T05:20:01Z,192691,290000000,290000000,1
2026-08-15T05:20:01Z,192692,290003300,290003300,1
2026-08-15T05:20:01Z,192693,290008800,290008800,1
2026-08-15T05:20:01Z,192695,8730000,8730000,6
2026-08-15T05:20:01Z,192697,9500000,9990000,9
2026-08-15T05:20:01Z,192700,100000000,100000000,3
2026-08-15T05:20:01Z,192701,6198700,6198700,3
2026-08-15T05:20:01Z,192702,2000000,2000000,5
2026-08-15T05:20:01Z,192703,480000,480000,3
2026-08-15T05:20:01Z,192704,290000700,290000700,2
2026-08-15T05:20:01Z,192705,1250000,1250000,4
2026-08-15T05:20:01Z,192706,290004300,290004300,1
2026-08-15T05:20:01Z,192707,290004900,290004900,1
2026-08-15T05:20:01Z,192708,1505000,1505000,4
2026-08-15T05:20:01Z,192709,150004600,150004600,6
2026-08-15T05:20:01Z,192710,5000000,5000000,5
2026-08-15T05:20:01Z,192711,290001500,290001500,1
2026-08-15T05:20:01Z,192712,259200,259200,4
2026-08-15T05:20:01Z,192713,290003600,290003600,1
2026-08-15T05:20:01Z,192714,990007000,990007000,1
2026-08-15T05:20:01Z,192715,19500,19900,70
2026-08-15T05:20:01Z,192716,290001100,290001100,1
2026-08-15T05:20:01Z,192717,207500,207500,73
2026-08-15T05:20:01Z,192718,210000,210000,4
2026-08-15T05:20:01Z,192719,202000,202000,4
2026-08-15T05:20:01Z,192720,280000,280000,5
2026-08-15T05:20:01Z,192721,290001700,290001700,1
2026-08-15T05:20:01Z,192722,5006300,5006300,2
2026-08-15T05:20:01Z,192723,305000,305000,4
2026-08-15T05:20:01Z,192724,290008500,290008500,1
2026-08-15T05:20:01Z,192725,1500002400,1500002400,1
2026-08-15T05:20:01Z,192726,359800,359800,3
2026-08-15T05:20:01Z,192727,490000,490000,12
2026-08-15T05:20:01Z,192728,15000000,15000000,3
2026-08-15T05:20:01Z,192729,397600,398000,19
2026-08-15T05:20:01Z,192730,17600,17600,100
2026-08-15T05:20:01Z,192731,1000000,1890000,96
2026-08-15T05:20:01Z,192746,19900,19900,29
2026-08-15T05:20:01Z,192747,6400,6400,182
2026-08-15T05:20:01Z,192769,49000100,49000100,20
2026-08-15T05:20:01Z,192833,8000,9900,2388
2026-08-15T05:20:01Z,192834,168300,168300,100
2026-08-15T05:20:01Z,192835,209800,209800,465
2026-08-15T05:20:01Z,192836,140000,160000,1782
2026-08-15T05:20:01Z,192837,8400,8400,2890
2026-08-15T05:20:01Z,192838,9800,10000,2112
2026-08-15T05:20:01Z,192839,9800,10000,466
2026-08-15T05:20:01Z,192840,30000,30000,1439
2026-08-15T05:20:01Z,192841,19900,20000,1982
2026-08-15T05:20:01Z,192842,49200,49400,2489
2026-08-15T05:20:01Z,192843,9000,9000,1906
2026-08-15T05:20:01Z,192844,2000,3800,932
2026-08-15T05:20:01Z,192845,8000,10000,1432
2026-08-15T05:20:01Z,192846,6000,9900,758
2026-08-15T05:20:01Z,192847,8000,9300,2073
2026-08-15T05:20:01Z,192848,9600,9800,479
2026-08-15T05:20:01Z,192849,6000,7500,1415
2026-08-15T05:20:01Z,192850,5000,5000,4176
2026-08-15T05:20:01Z,192851,550000,550000,3788
2026-08-15T05:20:01Z,192852,40000,54500,469
2026-08-15T05:20:01Z,192853,25000,29800,150
2026-08-15T05:20:01Z,192855,180000,180000,506
2026-08-15T05:20:01Z,192856,360000,453000,195
2026-08-15T05:20:01Z,192857,160000,170000,251
2026-08-15T05:20:01Z,192858,110000,110000,252
2026-08-15T05:20:01Z,192859,20000,28600,281
2026-08-15T05:20:01Z,192860,40000,50000,370
2026-08-15T05:20:01Z,192861,230000,230000,823
2026-08-15T05:20:01Z,192862,30000,44500,303
2026-08-15T05:20:01Z,192863,228200,400000,223
2026-08-15T05:20:01Z,192865,50000,50000,210
2026-08-15T05:20:01Z,192866,150000,150000,758
2026-08-15T05:20:01Z,192867,20000,24900,703
2026-08-15T05:20:01Z,192868,50000,50000,927
2026-08-15T05:20:01Z,192869,890000,1309400,248
2026-08-15T05:20:01Z,192870,850000,949900,582
2026-08-15T05:20:01Z,192871,1850000,1850000,628
2026-08-15T05:20:01Z,192872,1000,1900,52816
2026-08-15T05:20:01Z,192876,120000,150000,835
2026-08-15T05:20:01Z,192877,80000,95000,7371
2026-08-15T05:20:01Z,192878,203800,203800,143
2026-08-15T05:20:01Z,192880,3000,3900,14219
2026-08-15T05:20:01Z,192883,450000,450000,660
2026-08-15T05:20:01Z,192884,190000,200000,8166
2026-08-15T05:20:01Z,192885,298600,298700,4235
2026-08-15T05:20:01Z,192887,1490000,1762100,268
2026-08-15T05:20:01Z,192894,2500,2500,643
2026-08-15T05:20:01Z,192895,15500,15500,403
2026-08-15T05:20:01Z,192896,310000,310000,557
2026-08-15T05:20:01Z,192897,54400,54400,58
2026-08-15T05:20:01Z,192898,30000,9990100,49
2026-08-15T05:20:01Z,192899,700000,700000,193
2026-08-15T05:20:01Z,192900,50000,50000,60
2026-08-15T05:20:01Z,192901,49700,49800,30
2026-08-15T05:20:01Z,192902,59500,60000,72
2026-08-15T05:20:01Z,192903,80000,80000,27
2026-08-15T05:20:01Z,192904,400000,400000,49
2026-08-15T05:20:01Z,192905,248500,249000,115
2026-08-15T05:20:01Z,192906,70000,75500,35
2026-08-15T05:20:01Z,192907,297000,297000,27
2026-08-15T05:20:01Z,192908,79500,80000,47
2026-08-15T05:20:01Z,192910,25500,28500,31
2026-08-15T05:20:01Z,192911,43800,43800,27
2026-08-15T05:20:01Z,192912,169500,289000,101
2026-08-15T05:20:01Z,192913,19700,19700,514
2026-08-15T05:20:01Z,192914,8000,8000,331
2026-08-15T05:20:01Z,192916,149300,149300,285
2026-08-15T05:20:01Z,192917,37090400,37090400,5
2026-08-15T05:20:01Z,192918,7920000,9890000,23
2026-08-15T05:20:01Z,192919,890000,890000,29
2026-08-15T05:20:01Z,192920,756200,9909900,24
2026-08-15T05:20:01Z,192921,120000,7415300,55
2026-08-15T05:20:01Z,192922,114000,114000,30
2026-08-15T05:20:01Z,192923,6302700,9994900,24
2026-08-15T05:20:01Z,192924,1328800,9860000,23
2026-08-15T05:20:01Z,192925,1090000,9999400,24
2026-08-15T05:20:01Z,192926,199000000,199000000,4
2026-08-15T05:20:01Z,192927,9980000,9980000,22
2026-08-15T05:20:01Z,192928,1989900,1990000,35
2026-08-15T05:20:01Z,192929,9990400,9990400,21
2026-08-15T05:20:01Z,192931,345900,9980000,22
2026-08-15T05:20:01Z,192932,1501000,1501000,34
2026-08-15T05:20:01Z,192933,9998900,9998900,22
2026-08-15T05:20:01Z,192934,491100,7795600,50
2026-08-15T05:20:01Z,192935,5000000,5000000,42
2026-08-15T05:20:01Z,192936,197595900,197595900,3
2026-08-15T05:20:01Z,192937,9800000,9800000,24
2026-08-15T05:20:01Z,192938,1000000,1000000,38
2026-08-15T05:20:01Z,192940,990006700,990006700,3
2026-08-15T05:20:01Z,192941,90000,90000,29
2026-08-15T05:20:01Z,192942,9999800,9999800,25
2026-08-15T05:20:01Z,192943,199000600,199000600,19
2026-08-15T05:20:01Z,192944,1884500,1884500,27
2026-08-15T05:20:01Z,192945,1509800,1509800,42
2026-08-15T05:20:01Z,192946,6965000,7000000,25
2026-08-15T05:20:01Z,192947,500000,7480100,48
2026-08-15T05:20:01Z,192948,202800,202800,45
2026-08-15T05:20:01Z,192950,4978800,39790600,7
2026-08-15T05:20:01Z,192951,8921800,8921800,25
2026-08-15T05:20:01Z,192952,900000,900000,33
2026-08-15T05:20:01Z,192953,989425400,989425400,9
2026-08-15T05:20:01Z,192954,5001800,5001800,21
2026-08-15T05:20:01Z,192955,9997700,9997700,23
2026-08-15T05:20:01Z,192956,5000000,9990000,22
2026-08-15T05:20:01Z,192957,792100,7438200,55
2026-08-15T05:20:01Z,192958,759400,9970700,22
2026-08-15T05:20:01Z,192959,9900000,9900000,22
2026-08-15T05:20:01Z,192960,8299900,8299900,37
2026-08-15T05:20:01Z,192961,940900,940900,37
2026-08-15T05:20:01Z,192962,250000000,250000000,1
2026-08-15T05:20:01Z,192963,4450000,7799900,25
2026-08-15T05:20:01Z,192964,446800,446800,26
2026-08-15T05:20:01Z,192965,192216800,192216800,1
2026-08-15T05:20:01Z,192966,3000000,9990000,22
2026-08-15T05:20:01Z,192967,1430000,9990000,22
2026-08-15T05:20:01Z,192968,14500,14500,274
2026-08-15T05:20:01Z,192969,40000,40000,72
2026-08-15T05:20:01Z,192970,9880000,9880000,26
2026-08-15T05:20:01Z,192971,29500,30000,77
2026-08-15T05:20:01Z,192972,400000,400000,46
2026-08-15T05:20:01Z,192973,1505800,1505800,28
2026-08-15T05:20:01Z,192974,15000,15600,252
2026-08-15T05:20:01Z,192975,34700,34700,72
2026-08-15T05:20:01Z,192976,1832200,1832200,35
2026-08-15T05:20:01Z,192977,152500,153300,110
2026-08-15T05:20:01Z,192978,359900,359900,43
2026-08-15T05:20:01Z,192979,9990000,9990000,21
2026-08-15T05:20:01Z,192992,199000100,199000100,8
2026-08-15T05:20:01Z,192993,39990000,39990000,30
2026-08-15T05:20:01Z,192994,20009100,20009100,18
2026-08-15T05:20:01Z,193019,1524300,1524300,13
2026-08-15T05:20:01Z,193020,990000,990000,28
2026-08-15T05:20:01Z,193021,4009000,4009000,51
2026-08-15T05:20:01Z,193029,9940100,9940100,71
2026-08-15T05:20:01Z,193030,590800,590800,198
2026-08-15T05:20:01Z,193031,171800,171900,16756
2026-08-15T05:20:01Z,193050,1000,2400,93436
2026-08-15T05:20:01Z,193053,2900,5100,9474
2026-08-15T05:20:01Z,193208,3900,4600,12793
2026-08-15T05:20:01Z,193210,3300,3400,52014
2026-08-15T05:20:01Z,193211,6200,6800,26194
2026-08-15T05:20:01Z,193213,1500,1700,22871
2026-08-15T05:20:01Z,193214,1100,2200,39083
2026-08-15T05:20:01Z,193215,2900,3500,20969
2026-08-15T05:20:01Z,193216,87700,94100,5028
2026-08-15T05:20:01Z,193217,79900,89700,5569
2026-08-15T05:20:01Z,193218,112400,112500,4340
2026-08-15T05:20:01Z,193222,120000,200000,1618
2026-08-15T05:20:01Z,193223,106700,106700,2220
2026-08-15T05:20:01Z,193224,144500,144500,738
2026-08-15T05:20:01Z,193226,1220000,1220000,65
2026-08-15T05:20:01Z,193227,1099900,1099900,619
2026-08-15T05:20:01Z,193228,1109900,1109900,534
2026-08-15T05:20:01Z,193229,1900000,1970000,39
2026-08-15T05:20:01Z,193230,1399900,1399900,356
2026-08-15T05:20:01Z,193231,2770000,2770000,129
2026-08-15T05:20:01Z,193236,1503900,1503900,53
2026-08-15T05:20:01Z,193237,1000000,1000000,183
2026-08-15T05:20:01Z,193238,3000000,3950000,252
2026-08-15T05:20:01Z,193242,2000000,39990000,17
2026-08-15T05:20:01Z,193243,2000000,2000000,1828
2026-08-15T05:20:01Z,193244,3600000,3600000,440
2026-08-15T05:20:01Z,193245,1500000,1690000,82
2026-08-15T05:20:01Z,193246,1550400,1550400,1417
2026-08-15T05:20:01Z,193247,2005900,2785900,226
2026-08-15T05:20:01Z,193248,2495600,2495600,264
2026-08-15T05:20:01Z,193249,1450000,1450000,686
2026-08-15T05:20:01Z,193250,3000000,3000000,115
2026-08-15T05:20:01Z,193251,450000,450000,7598
2026-08-15T05:20:01Z,193252,2900,2900,7975
2026-08-15T05:20:01Z,193253,16900,16900,11211
2026-08-15T05:20:01Z,193254,127500,235700,8465
2026-08-15T05:20:01Z,193255,58300,58300,2870
2026-08-15T05:20:01Z,193256,27500,44800,4821
2026-08-15T05:20:01Z,193258,6500,9000,28369
2026-08-15T05:20:01Z,193259,10000,17000,8962
2026-08-15T05:20:01Z,193261,1500,12000,74152
2026-08-15T05:20:01Z,193262,3200,16900,8987
2026-08-15T05:20:01Z,193360,250000,309400,728
2026-08-15T05:20:01Z,193368,20000,57100,28383
2026-08-15T05:20:01Z,193369,20000,34400,7917
2026-08-15T05:20:01Z,193370,50000,60000,5372
2026-08-15T05:20:01Z,193378,1860000,1863200,174
2026-08-15T05:20:01Z,193379,899900,999900,875
2026-08-15T05:20:01Z,193384,18500,18500,40
2026-08-15T05:20:01Z,193385,16300,16300,42
2026-08-15T05:20:01Z,193387,45006900,49005200,17
2026-08-15T05:20:01Z,193389,20000,20000,30
2026-08-15T05:20:01Z,193391,708400,708400,44
2026-08-15T05:20:01Z,193410,35008000,35008500,35
2026-08-15T05:20:01Z,193420,290005200,290005200,3
2026-08-15T05:20:01Z,193438,3754000,3754000,4
2026-08-15T05:20:01Z,193448,1500007400,1500007400,1
2026-08-15T05:20:01Z,193450,290007800,290007800,1
2026-08-15T05:20:01Z,193468,9999600,9999600,34
2026-08-15T05:20:01Z,193469,23886900,23886900,8
2026-08-15T05:20:01Z,193470,10000,10000,419
2026-08-15T05:20:01Z,193551,9980000,9980000,45
2026-08-15T05:20:01Z,193552,999900,9920000,34
2026-08-15T05:20:01Z,193554,19989800,19989900,16
2026-08-15T05:20:01Z,193555,7978300,7978300,33
2026-08-15T05:20:01Z,193556,199996100,199996100,2
2026-08-15T05:20:01Z,193557,19992600,19992600,14
2026-08-15T05:20:01Z,193559,727500,727600,45
2026-08-15T05:20:01Z,193560,6001100,19999700,16
2026-08-15T05:20:01Z,193561,10000000,10000000,24
2026-08-15T05:20:01Z,193563,299500,299500,72
2026-08-15T05:20:01Z,193564,39000000,39000000,9
2026-08-15T05:20:01Z,193565,29000000,29000000,8
2026-08-15T05:20:01Z,193567,440000,440000,67
2026-08-15T05:20:01Z,193893,56600,56600,51
2026-08-15T05:20:01Z,193894,9894200,9894200,25
2026-08-15T05:20:01Z,193895,220000,220000,94
2026-08-15T05:20:01Z,193896,220000,220000,66
2026-08-15T05:20:01Z,193922,14000,27200,176143
2026-08-15T05:20:01Z,193923,24000,24000,18086
2026-08-15T05:20:01Z,193924,49000,65400,23989
2026-08-15T05:20:01Z,193925,128000,131100,4601
2026-08-15T05:20:01Z,193926,327800,715300,892
2026-08-15T05:20:01Z,193927,79700,80000,11529
2026-08-15T05:20:01Z,193928,79900,79900,4735
2026-08-15T05:20:01Z,193929,201000,401000,119
2026-08-15T05:20:01Z,193930,240000,240000,2469
2026-08-15T05:20:01Z,193931,307700,307700,779
2026-08-15T05:20:01Z,193932,4500000,4500000,128
2026-08-15T05:20:01Z,193933,1044900,1044900,125
2026-08-15T05:20:01Z,193934,1290000,1290000,912
2026-08-15T05:20:01Z,193935,18990000,18990000,66
2026-08-15T05:20:01Z,193936,4600000,4600000,373
2026-08-15T05:20:01Z,193937,4740200,4740200,116
2026-08-15T05:20:01Z,193938,8500000,8500000,18
2026-08-15T05:20:01Z,193939,7450000,7450000,161
2026-08-15T05:20:01Z,193940,7799800,7799800,156
2026-08-15T05:20:01Z,193941,154000,154000,169
2026-08-15T05:20:01Z,193942,29700,30000,52
2026-08-15T05:20:01Z,193943,1594200,1594200,29
2026-08-15T05:20:01Z,193944,9940100,9940100,70
2026-08-15T05:20:01Z,193945,127100,199000,59
2026-08-15T05:20:01Z,193946,5266100,5319200,69
2026-08-15T05:20:01Z,193950,2000,2000,175
2026-08-15T05:20:01Z,193951,5100,5100,317
2026-08-15T05:20:01Z,193952,8000,8000,586
2026-08-15T05:20:01Z,193953,109800,109800,72
2026-08-15T05:20:01Z,193954,19700,19700,93
2026-08-15T05:20:01Z,193955,26600,26600,401
2026-08-15T05:20:01Z,193956,5400,7600,503
2026-08-15T05:20:01Z,193957,120000,129500,328
2026-08-15T05:20:01Z,193958,245900,267600,265
2026-08-15T05:20:01Z,193959,4950200,4950200,180
2026-08-15T05:20:01Z,193960,137500,137500,325
2026-08-15T05:20:01Z,193961,375500,376000,268
2026-08-15T05:20:01Z,193962,443500,444300,270
2026-08-15T05:20:01Z,193963,107400,108900,767
2026-08-15T05:20:01Z,193964,508800,508800,344
2026-08-15T05:20:01Z,194008,799700,799700,74
2026-08-15T05:20:01Z,194009,178400,178400,214
2026-08-15T05:20:01Z,194010,290000,290000,158
2026-08-15T05:20:01Z,194011,14851900,14851900,5
2026-08-15T05:20:01Z,194012,19900500,19900500,12
2026-08-15T05:20:01Z,194013,16306000,16307000,21
2026-08-15T05:20:01Z,194014,9999500,9999500,28
2026-08-15T05:20:01Z,194015,5007000,5007000,71
2026-08-15T05:20:01Z,194016,10006200,10006200,38
2026-08-15T05:20:01Z,194035,1600000,1600000,42
2026-08-15T05:20:01Z,194048,4000,350000,829
2026-08-15T05:20:01Z,194049,80000,990000,238
2026-08-15T05:20:01Z,194050,4900,4900,4252
2026-08-15T05:20:01Z,194071,950000,950000,12
2026-08-15T05:20:01Z,194083,1500000800,1500000800,1
2026-08-15T05:20:01Z,194122,9900000,9900000,22
2026-08-15T05:20:01Z,194123,24500,24500,7739
2026-08-15T05:20:01Z,194124,50000,50500,2073
2026-08-15T05:20:01Z,194541,15664000,15664000,47
2026-08-15T05:20:01Z,194542,14554500,14554500,54
2026-08-15T05:20:01Z,194562,8000,14500,577
2026-08-15T05:20:01Z,194566,1210000,1210000,96
2026-08-15T05:20:01Z,194567,102700,102700,108
2026-08-15T05:20:01Z,194568,1450000,1450000,101
2026-08-15T05:20:01Z,194569,2526200,2526200,113
2026-08-15T05:20:01Z,194570,2197800,2197800,89
2026-08-15T05:20:01Z,194571,950000,950000,169
2026-08-15T05:20:01Z,194572,9889100,9889100,98
2026-08-15T05:20:01Z,194573,62500,62500,58
2026-08-15T05:20:01Z,194574,490000,1229600,103
2026-08-15T05:20:01Z,194575,1100000,1100000,136
2026-08-15T05:20:01Z,194576,9994300,9994300,90
2026-08-15T05:20:01Z,194577,3230000,3230000,134
2026-08-15T05:20:01Z,194578,2499600,2499600,129
2026-08-15T05:20:01Z,194579,51000,76900,291
2026-08-15T05:20:01Z,194580,321600,321600,97
2026-08-15T05:20:01Z,194680,29900,29900,120
2026-08-15T05:20:01Z,194681,9989700,9989700,45
2026-08-15T05:20:01Z,194683,26600,26600,167
2026-08-15T05:20:01Z,194684,8300,8300,368
2026-08-15T05:20:01Z,194685,5000,5000,157
2026-08-15T05:20:01Z,194688,9751400,9751400,105
2026-08-15T05:20:01Z,194689,120000,120000,69
2026-08-15T05:20:01Z,194690,801600,801600,57
2026-08-15T05:20:01Z,194691,48400,48400,428
2026-08-15T05:20:01Z,194692,450000,450000,130
2026-08-15T05:20:01Z,194693,220000,220000,286
2026-08-15T05:20:01Z,194694,38000,38000,184
2026-08-15T05:20:01Z,194695,58500,58500,182
2026-08-15T05:20:01Z,194723,150000,189900,126
2026-08-15T05:20:01Z,194724,979100,980000,65
2026-08-15T05:20:01Z,194725,454900,454900,1366
2026-08-15T05:20:01Z,194730,30000,42500,11583
2026-08-15T05:20:01Z,194731,1160000,1160000,70
2026-08-15T05:20:01Z,194732,1200000,1200000,183
2026-08-15T05:20:01Z,194733,1881000,1881000,68
2026-08-15T05:20:01Z,194734,250000,250000,58
2026-08-15T05:20:01Z,194735,4500000,4500000,35
2026-08-15T05:20:01Z,194736,6108800,6108800,35
2026-08-15T05:20:01Z,194737,200000,200000,83
2026-08-15T05:20:01Z,194738,1200000,1200000,161
2026-08-15T05:20:01Z,194751,206100,206100,905
2026-08-15T05:20:01Z,194752,140100,200000,951
2026-08-15T05:20:01Z,194754,4300000,5300000,2132
2026-08-15T05:20:01Z,194755,3093700,3093800,3557
2026-08-15T05:20:01Z,194756,10009900,11009900,208
2026-08-15T05:20:01Z,194758,800000,890000,726
2026-08-15T05:20:01Z,194760,6999900,6999900,260
2026-08-15T05:20:01Z,194761,904800,9870000,47
2026-08-15T05:20:01Z,194767,659700,659900,2451
2026-08-15T05:20:01Z,194768,1460000,1460000,584
2026-08-15T05:20:01Z,194784,15000,15000,16044
2026-08-15T05:20:01Z,194785,38990000,38990000,10
2026-08-15T05:20:01Z,194786,500000,765000,45
2026-08-15T05:20:01Z,194787,999900,1849300,38
2026-08-15T05:20:01Z,194788,569200,585800,52
2026-08-15T05:20:01Z,194789,931000,931000,41
2026-08-15T05:20:01Z,194790,500000,1160100,150
2026-08-15T05:20:01Z,194791,771100,771100,31
2026-08-15T05:20:01Z,194792,1486300,1516600,25
2026-08-15T05:20:01Z,194793,49945000,49945000,10
2026-08-15T05:20:01Z,194794,950400,960100,36
2026-08-15T05:20:01Z,194795,2755000,3000000,47
2026-08-15T05:20:01Z,194796,651700,3111300,128
2026-08-15T05:20:01Z,194797,913100,3111800,154
2026-08-15T05:20:01Z,194798,594800,594900,27
2026-08-15T05:20:01Z,194799,664800,664800,32
2026-08-15T05:20:01Z,194800,5870100,5870100,54
2026-08-15T05:20:01Z,194801,80000000,80000000,5
2026-08-15T05:20:01Z,194802,1250500,1250500,27
2026-08-15T05:20:01Z,194803,1445000,1455500,37
2026-08-15T05:20:01Z,194804,2330000,2336700,44
2026-08-15T05:20:01Z,194805,891000,891000,35
2026-08-15T05:20:01Z,194806,509900,979900,49
2026-08-15T05:20:01Z,194807,842900,860100,27
2026-08-15T05:20:01Z,194808,875400,875400,33
2026-08-15T05:20:01Z,194809,46990000,46990000,10
2026-08-15T05:20:01Z,194810,1350000,1350000,25
2026-08-15T05:20:01Z,194811,562800,562800,29
2026-08-15T05:20:01Z,194812,1909700,1948600,31
2026-08-15T05:20:01Z,194813,663700,663700,47
2026-08-15T05:20:01Z,194814,1138500,1167800,27
2026-08-15T05:20:01Z,194815,701200,743100,35
2026-08-15T05:20:01Z,194816,1383300,1416500,49
2026-08-15T05:20:01Z,194817,281300,281300,346
2026-08-15T05:20:01Z,194819,1700,1700,309
2026-08-15T05:20:01Z,194820,6600,8700,1033
2026-08-15T05:20:01Z,194821,5500,5500,307
2026-08-15T05:20:01Z,194822,9500,9500,411
2026-08-15T05:20:01Z,194823,15000,15000,1048
2026-08-15T05:20:01Z,194824,2000,2000,177
2026-08-15T05:20:01Z,194825,54700,54900,211
2026-08-15T05:20:01Z,194826,281300,281300,50
2026-08-15T05:20:01Z,194827,14107500,14107500,5
2026-08-15T05:20:01Z,194829,259900,259900,574
2026-08-15T05:20:01Z,194846,78900,78900,1957
2026-08-15T05:20:01Z,194850,2499900,2499900,994
2026-08-15T05:20:01Z,194852,404300,404500,1493
2026-08-15T05:20:01Z,194855,988400,988400,699
2026-08-15T05:20:01Z,194856,109700,139800,454
2026-08-15T05:20:01Z,194857,110000,110000,416
2026-08-15T05:20:01Z,194858,109500,109500,1660
2026-08-15T05:20:01Z,194859,1430000,1440000,277
2026-08-15T05:20:01Z,194862,48000000,49007700,379
2026-08-15T05:20:01Z,194863,4559600,4559700,624
2026-08-15T05:20:01Z,194864,8809900,8809900,461
2026-08-15T05:20:01Z,194868,99000,99900,28
2026-08-15T05:20:01Z,194869,2960200,49990100,12
2026-08-15T05:20:01Z,194870,9817200,9817200,10
2026-08-15T05:20:01Z,194871,9891000,9990900,28
2026-08-15T05:20:01Z,194966,29900,39900,8399
2026-08-15T05:20:01Z,194967,29900,39000,1501
2026-08-15T05:20:01Z,194968,19900,29900,3524
2026-08-15T05:20:01Z,194969,19900,49000,7269
2026-08-15T05:20:01Z,194970,80000,104500,19943
2026-08-15T05:20:01Z,195359,11800,11800,26
2026-08-15T05:20:01Z,195360,60000,64000,25
2026-08-15T05:20:01Z,195455,9880000,9880000,86
2026-08-15T05:20:01Z,195456,9705000,9705000,239
2026-08-15T05:20:01Z,195457,2300000,2300000,154
2026-08-15T05:20:01Z,195459,9900000,9900000,118
2026-08-15T05:20:01Z,195462,3500000,3500000,356
2026-08-15T05:20:01Z,195463,27500,27500,190
2026-08-15T05:20:01Z,195466,107500,107500,127
2026-08-15T05:20:01Z,195543,20600,20800,70
2026-08-15T05:20:01Z,196440,9800000,9800000,116
2026-08-15T05:20:01Z,196540,1250000,1250000,197
2026-08-15T05:20:01Z,196582,19900,19900,218
2026-08-15T05:20:01Z,196583,12100,12100,157
2026-08-15T05:20:01Z,196584,742500,742500,180
2026-08-15T05:20:01Z,196585,9900000,9900000,50
2026-08-15T05:20:01Z,197720,9989900,9989900,31
2026-08-15T05:20:01Z,197721,259900,440100,523
2026-08-15T05:20:01Z,197722,114400,114400,521
2026-08-15T05:20:01Z,197735,12499800,12499800,74
2026-08-15T05:20:01Z,197736,39995900,39995900,11
2026-08-15T05:20:01Z,197737,3005600,19995600,16
2026-08-15T05:20:01Z,197741,200,2500,217880
2026-08-15T05:20:01Z,197742,1000,1800,7218
2026-08-15T05:20:01Z,197743,400,800,11843
2026-08-15T05:20:01Z,197744,1000,1500,12589
2026-08-15T05:20:01Z,197745,9800,199900,13388
2026-08-15T05:20:01Z,197746,1100,199900,78965
2026-08-15T05:20:01Z,197747,400,199900,82306
2026-08-15T05:20:01Z,197748,400,600,16225
2026-08-15T05:20:01Z,197749,5000,5500,32605
2026-08-15T05:20:01Z,197750,1300,1300,1075
2026-08-15T05:20:01Z,197751,4400,490000,914
2026-08-15T05:20:01Z,197752,6500,6500,2246
2026-08-15T05:20:01Z,197753,35500,35700,978
2026-08-15T05:20:01Z,197754,500,500,152849
2026-08-15T05:20:01Z,197755,1300,1400,111317
2026-08-15T05:20:01Z,197756,5400,5400,8507
2026-08-15T05:20:01Z,197757,400000,400000,627
2026-08-15T05:20:01Z,197758,2000,2000,155
2026-08-15T05:20:01Z,197759,64700,64800,139
2026-08-15T05:20:01Z,197760,32000,34900,491
2026-08-15T05:20:01Z,197761,7000,8800,185
2026-08-15T05:20:01Z,197762,59900,59900,340
2026-08-15T05:20:01Z,197763,4400,4500,357
2026-08-15T05:20:01Z,197764,19000,19000,641
2026-08-15T05:20:01Z,197765,5500,5500,590
2026-08-15T05:20:01Z,197766,45300,45300,330
2026-08-15T05:20:01Z,197767,160100,160100,2537
2026-08-15T05:20:01Z,197768,223500,223500,136
2026-08-15T05:20:01Z,197769,50000,50000,1058
2026-08-15T05:20:01Z,197770,14700,14700,384
2026-08-15T05:20:01Z,197771,1100,1100,1424
2026-08-15T05:20:01Z,197772,477000,477000,139
2026-08-15T05:20:01Z,197774,33400,33400,588
2026-08-15T05:20:01Z,197775,12000,15500,280
2026-08-15T05:20:01Z,197776,77800,95000,907
2026-08-15T05:20:01Z,197777,2200,2300,242
2026-08-15T05:20:01Z,197778,2000,2000,1187
2026-08-15T05:20:01Z,197779,2300,2400,630
2026-08-15T05:20:01Z,197780,7300,7300,842
2026-08-15T05:20:01Z,197781,3800,3800,376
2026-08-15T05:20:01Z,197782,19200,19400,959
2026-08-15T05:20:01Z,197783,7700,7700,1013
2026-08-15T05:20:01Z,197784,3300,3300,924
2026-08-15T05:20:01Z,197785,102500,103700,383
2026-08-15T05:20:01Z,197786,3800,3800,963
2026-08-15T05:20:01Z,197787,1990000,1990000,288
2026-08-15T05:20:01Z,197788,52500,52500,614
2026-08-15T05:20:01Z,197789,55000,55000,706
2026-08-15T05:20:01Z,197790,23500,98200,4676
2026-08-15T05:20:01Z,197791,2000,2000,124
2026-08-15T05:20:01Z,197792,90000,90000,702
2026-08-15T05:20:01Z,197793,250000,250000,1057
2026-08-15T05:20:01Z,197794,1200000,1200000,512
2026-08-15T05:20:01Z,197795,1500000,1500000,99
2026-08-15T05:20:01Z,197847,1500000,1500000,345
2026-08-15T05:20:01Z,197848,10000,10000,131
2026-08-15T05:20:01Z,197849,3000,3000,185
2026-08-15T05:20:01Z,197850,52200,52200,124
2026-08-15T05:20:01Z,197851,9882800,9882800,50
2026-08-15T05:20:01Z,197852,9841100,9841100,98
2026-08-15T05:20:01Z,197853,4900,4900,104
2026-08-15T05:20:01Z,197854,335000,335000,112
2026-08-15T05:20:01Z,197855,4300,4300,78
2026-08-15T05:20:01Z,197856,19800,19800,362
2026-08-15T05:20:01Z,197857,1900000,1900000,150
2026-08-15T05:20:01Z,197858,51400,51400,132
2026-08-15T05:20:01Z,198043,9989900,9989900,30
2026-08-15T05:20:01Z,198044,1399800,1399800,48
2026-08-15T05:20:01Z,198045,2999800,2999800,23
2026-08-15T05:20:01Z,198047,185900,185900,100
2026-08-15T05:20:01Z,198082,204900,204900,113
2026-08-15T05:20:01Z,198160,252000,252100,41
2026-08-15T05:20:01Z,198161,10000,10000,212
2026-08-15T05:20:01Z,198162,92500,92500,263
2026-08-15T05:20:01Z,198163,39992200,39992200,9
2026-08-15T05:20:01Z,198164,329700,329700,194
2026-08-15T05:20:01Z,198165,262200,9999900,23
2026-08-15T05:20:01Z,198174,9989900,9989900,39
2026-08-15T05:20:01Z,198175,90000,443600,91
2026-08-15T05:20:01Z,198176,19993200,19993200,13
2026-08-15T05:20:01Z,198183,10400,11400,2302
2026-08-15T05:20:01Z,198184,9900,9900,1896
2026-08-15T05:20:01Z,198185,9800,13600,87531
2026-08-15T05:20:01Z,198186,259900,259900,1038
2026-08-15T05:20:01Z,198187,4950000,5000000,188
2026-08-15T05:20:01Z,198188,210000,210000,10247
2026-08-15T05:20:01Z,198189,287100,287100,1391
2026-08-15T05:20:01Z,198190,1990000,1990000,65
2026-08-15T05:20:01Z,198191,342800,342800,2324
2026-08-15T05:20:01Z,198192,280000,280000,330
2026-08-15T05:20:01Z,198193,280000,280000,938
2026-08-15T05:20:01Z,198194,278600,278600,7693
2026-08-15T05:20:01Z,198195,4510000,4510000,40
2026-08-15T05:20:01Z,198196,2950000,2950000,799
2026-08-15T05:20:01Z,198197,5909500,5909500,78
2026-08-15T05:20:01Z,198198,2450000,2450000,49
2026-08-15T05:20:01Z,198199,2736300,2736300,361
2026-08-15T05:20:01Z,198200,1990000,1990000,1562
2026-08-15T05:20:01Z,198201,19900000,19900000,37
2026-08-15T05:20:01Z,198202,1509900,1999300,105
2026-08-15T05:20:01Z,198203,480000,480000,1864
2026-08-15T05:20:01Z,198207,9990000,9990000,30
2026-08-15T05:20:01Z,198208,250000,250000,39
2026-08-15T05:20:01Z,198209,9879000,9879000,21
2026-08-15T05:20:01Z,198210,9990000,9990000,46
2026-08-15T05:20:01Z,198211,9980000,9980000,27
2026-08-15T05:20:01Z,198212,1379400,1379400,34
2026-08-15T05:20:01Z,198213,9989800,9989800,47
2026-08-15T05:20:01Z,198214,9958800,9958800,208
2026-08-15T05:20:01Z,198215,2554100,2554100,174
2026-08-15T05:20:01Z,198216,2500,2500,240
2026-08-15T05:20:01Z,198217,38000,38000,208
2026-08-15T05:20:01Z,198218,10000,12500,348
2026-08-15T05:20:01Z,198219,252500,376200,364
2026-08-15T05:20:01Z,198220,250000,280000,316
2026-08-15T05:20:01Z,198221,4999200,9990000,48
2026-08-15T05:20:01Z,198222,796900,796900,771
2026-08-15T05:20:01Z,198223,306000,306000,214
2026-08-15T05:20:01Z,198224,520600,550600,724
2026-08-15T05:20:01Z,198228,9980800,9980800,25
2026-08-15T05:20:01Z,198229,1899800,1899800,262
2026-08-15T05:20:01Z,198230,3090300,3090300,300
2026-08-15T05:20:01Z,198231,988700,988700,26
2026-08-15T05:20:01Z,198232,90000,440500,118
2026-08-15T05:20:01Z,198233,9990000,9990000,35
2026-08-15T05:20:01Z,198236,7998900,7998900,40
2026-08-15T05:20:01Z,198237,200000,200000,84
2026-08-15T05:20:01Z,198238,29999200,29999200,11
2026-08-15T05:20:01Z,198239,979900,979900,47
2026-08-15T05:20:01Z,198240,90000,90000,141
2026-08-15T05:20:01Z,198241,5978600,5978600,440
2026-08-15T05:20:01Z,198247,399900,399900,113
2026-08-15T05:20:01Z,198253,195915300,195915300,5
2026-08-15T05:20:01Z,198254,10000000,10000000,10
2026-08-15T05:20:01Z,198255,29980000,29989200,20
2026-08-15T05:20:01Z,198256,1119500,1119500,83
2026-08-15T05:20:01Z,198257,9900000,9900000,45
2026-08-15T05:20:01Z,198258,9996100,9996100,26
2026-08-15T05:20:01Z,198259,199890000,199890000,1
2026-08-15T05:20:01Z,198260,9900700,9900700,23
2026-08-15T05:20:01Z,198261,39988400,39988400,7
2026-08-15T05:20:01Z,198265,3979500,3979500,435
2026-08-15T05:20:01Z,198268,947700,947700,152
2026-08-15T05:20:01Z,198278,9506000,9506000,28
2026-08-15T05:20:01Z,198279,100000,312500,47
2026-08-15T05:20:01Z,198280,4000000,4000000,37
2026-08-15T05:20:01Z,198281,9990000,9990000,34
2026-08-15T05:20:01Z,198282,30000,30000,44
2026-08-15T05:20:01Z,198283,2709900,2709900,59
2026-08-15T05:20:01Z,198289,257500,257500,33
2026-08-15T05:20:01Z,198290,9989600,9989600,25
2026-08-15T05:20:01Z,198291,39994600,39994600,6
2026-08-15T05:20:01Z,198292,1509900,1509900,31
2026-08-15T05:20:01Z,198293,150000,150000,43
2026-08-15T05:20:01Z,198294,490000,490000,81
2026-08-15T05:20:01Z,198295,195020000,195020000,1
2026-08-15T05:20:01Z,198296,16970300,16970300,9
2026-08-15T05:20:01Z,198297,199089900,199089900,1
2026-08-15T05:20:01Z,198298,149700,149700,35
2026-08-15T05:20:01Z,198299,498300,2784600,37
2026-08-15T05:20:01Z,198300,39901500,39901500,13
2026-08-15T05:20:01Z,198301,199983300,199983300,2
2026-08-15T05:20:01Z,198302,19900000,19900000,11
2026-08-15T05:20:01Z,198303,23866700,23866700,2
2026-08-15T05:20:01Z,198304,336500,9994600,50
2026-08-15T05:20:01Z,198305,9789700,9789700,55
2026-08-15T05:20:01Z,198306,6696900,6696900,4
2026-08-15T05:20:01Z,198307,1503800,1503800,45
2026-08-15T05:20:01Z,198308,880000,900000,71
2026-08-15T05:20:01Z,198309,9989400,9989400,27
2026-08-15T05:20:01Z,198310,489900,489900,37
2026-08-15T05:20:01Z,198311,9990000,13532700,21
2026-08-15T05:20:01Z,198312,7009900,7009900,14
2026-08-15T05:20:01Z,198313,250009000,250009000,2
2026-08-15T05:20:01Z,198314,199000000,199000000,1
2026-08-15T05:20:01Z,198315,21003300,22223300,24
2026-08-15T05:20:01Z,198316,199006500,199006500,1
2026-08-15T05:20:01Z,198317,3992400,11382400,42
2026-08-15T05:20:01Z,198318,27009900,29997000,27
2026-08-15T05:20:01Z,198356,10000,10000,194
2026-08-15T05:20:01Z,198395,249600,249700,328
2026-08-15T05:20:01Z,198397,2190000,2509000,2418
2026-08-15T05:20:01Z,198401,440000,440000,76
2026-08-15T05:20:01Z,198403,78800,78800,167
2026-08-15T05:20:01Z,198412,110000,114500,1414
2026-08-15T05:20:01Z,198413,48900,48900,2649
2026-08-15T05:20:01Z,198414,299600,299600,588
2026-08-15T05:20:01Z,198415,320000,450000,641
2026-08-15T05:20:01Z,198416,785900,785900,1051
2026-08-15T05:20:01Z,198417,1989000,1989000,148
2026-08-15T05:20:01Z,198418,11000,14900,5151
2026-08-15T05:20:01Z,198419,14900,14900,4536
2026-08-15T05:20:01Z,198420,431200,431200,1073
2026-08-15T05:20:01Z,198421,4100,8000,21127
2026-08-15T05:20:01Z,198422,9900,10000,4974
2026-08-15T05:20:01Z,198423,51400,51400,2976
2026-08-15T05:20:01Z,198431,9810900,9909900,24
2026-08-15T05:20:01Z,198436,9903800,9903800,74
2026-08-15T05:20:01Z,198437,9903800,9903800,77
2026-08-15T05:20:01Z,198440,19900100,19900100,46
2026-08-15T05:20:01Z,198441,499800,499800,65
2026-08-15T05:20:01Z,198487,3000,5100,6068
2026-08-15T05:20:01Z,198491,118800,118800,260
2026-08-15T05:20:01Z,198492,58800,58800,79
2026-08-15T05:20:01Z,198493,1110000,1110000,38
2026-08-15T05:20:01Z,198494,19990000,19990000,14
2026-08-15T05:20:01Z,198495,3976600,3976600,41
2026-08-15T05:20:01Z,198496,9999900,9999900,12
2026-08-15T05:20:01Z,198497,90000,90000,30
2026-08-15T05:20:01Z,198498,585500,1071200,53
2026-08-15T05:20:01Z,198499,3337600,3337600,75
2026-08-15T05:20:01Z,198500,9791200,9791200,25
2026-08-15T05:20:01Z,198501,1332900,1332900,37
2026-08-15T05:20:01Z,198502,9999800,9999800,30
2026-08-15T05:20:01Z,198503,7413300,7488100,36
2026-08-15T05:20:01Z,198504,3692800,3696400,55
2026-08-15T05:20:01Z,198505,9952600,9952600,36
2026-08-15T05:20:01Z,198506,489800,9890000,27
2026-08-15T05:20:01Z,198507,1350000,1350000,51
2026-08-15T05:20:01Z,198508,1848700,1848700,50
2026-08-15T05:20:01Z,198534,9890100,9890100,38
2026-08-15T05:20:01Z,198535,1998000,1998000,56
2026-08-15T05:20:01Z,198536,553700,553700,76
2026-08-15T05:20:01Z,198549,744600,744600,768
2026-08-15T05:20:01Z,198550,409000,409000,930
2026-08-15T05:20:01Z,198614,8900000,8904000,19
2026-08-15T05:20:01Z,198619,39990200,39990200,6
2026-08-15T05:20:01Z,198620,7992000,9990400,25
2026-08-15T05:20:01Z,198621,68881100,68881100,10
2026-08-15T05:20:01Z,198833,4000000,4000000,4
2026-08-15T05:20:01Z,199051,83500,9903500,37
2026-08-15T05:20:01Z,199052,9990000,9990000,47
2026-08-15T05:20:01Z,199053,9900000,9900000,36
2026-08-15T05:20:01Z,199054,2873900,2873900,26
2026-08-15T05:20:01Z,199055,70000,9890000,46
2026-08-15T05:20:01Z,199056,223900,9900000,37
2026-08-15T05:20:01Z,199057,210000,9989900,34
2026-08-15T05:20:01Z,199058,9980000,9980000,21
2026-08-15T05:20:01Z,199059,203700,203700,36
2026-08-15T05:20:01Z,199060,9802000,9802000,40
2026-08-15T05:20:01Z,199188,500900,500900,28
2026-08-15T05:20:01Z,199189,22900,22900,45
2026-08-15T05:20:01Z,199190,14109000,14109000,6
2026-08-15T05:20:01Z,199193,39995500,39995500,30
2026-08-15T05:20:01Z,199194,9880000,9880000,30
2026-08-15T05:20:01Z,199195,2840000,2840000,54
2026-08-15T05:20:01Z,199204,4300,4300,165
2026-08-15T05:20:01Z,199206,1400,1980000,2724
2026-08-15T05:20:01Z,199216,4990000,4990000,84
2026-08-15T05:20:01Z,199219,293400,293400,68
2026-08-15T05:20:01Z,199344,17000,24200,6003
2026-08-15T05:20:01Z,199476,15000,15000,33
2026-08-15T05:20:01Z,199646,9500000,9500000,9
2026-08-15T05:20:01Z,199934,350000,400000,76
2026-08-15T05:20:01Z,199935,60000,79200,40
2026-08-15T05:20:01Z,199936,50000,50000,53
2026-08-15T05:20:01Z,199937,73700,73700,39
2026-08-15T05:20:01Z,199938,106345100,106345100,6
2026-08-15T05:20:01Z,199939,199000000,199000000,1
2026-08-15T05:20:01Z,199940,69300,69300,33
2026-08-15T05:20:01Z,199941,50000,50000,28
2026-08-15T05:20:01Z,199942,54500,55000,52
2026-08-15T05:20:01Z,199943,448000,448000,67
2026-08-15T05:20:01Z,199944,198999700,198999700,5
2026-08-15T05:20:01Z,199945,89000,90000,42
2026-08-15T05:20:01Z,199946,3239900,3339900,13
2026-08-15T05:20:01Z,199947,52500,52500,52
2026-08-15T05:20:01Z,199948,400000,400000,182
2026-08-15T05:20:01Z,199949,80000,80000,56
2026-08-15T05:20:01Z,199950,54500,54500,44
2026-08-15T05:20:01Z,199951,50000,50000,24
2026-08-15T05:20:01Z,199952,52000,52000,44
2026-08-15T05:20:01Z,199953,58900,59400,29
2026-08-15T05:20:01Z,199954,50000,54300,60
2026-08-15T05:20:01Z,199955,310400,310400,59
2026-08-15T05:20:01Z,199956,54500,54500,81
2026-08-15T05:20:01Z,199957,50900,50900,32
2026-08-15T05:20:01Z,199958,50000,62000,34
2026-08-15T05:20:01Z,199959,133300,140900,43
2026-08-15T05:20:01Z,199960,80000,80000,49
2026-08-15T05:20:01Z,199961,1990000,1990000,18
2026-08-15T05:20:01Z,199962,1000000,2060000,14
2026-08-15T05:20:01Z,199963,22991600,24991600,13
2026-08-15T05:20:01Z,199964,39997800,39997800,26
2026-08-15T05:20:01Z,199965,199991400,199991400,3
2026-08-15T05:20:01Z,199966,380000,380000,35
2026-08-15T05:20:01Z,199967,749900,749900,32
2026-08-15T05:20:01Z,199968,60000,60000,12
2026-08-15T05:20:01Z,199969,3976100,39990000,15
2026-08-15T05:20:01Z,199970,11500000,12000000,20
2026-08-15T05:20:01Z,199971,49899900,49899900,5
2026-08-15T05:20:01Z,199972,18440600,18440600,7
2026-08-15T05:20:01Z,199973,2372900,2372900,17
2026-08-15T05:20:01Z,199974,199999900,199999900,3
2026-08-15T05:20:01Z,199975,558500,558500,42
2026-08-15T05:20:01Z,199976,3605300,3605300,38
2026-08-15T05:20:01Z,199977,190000,190000,22
2026-08-15T05:20:01Z,199978,259700,259700,23
2026-08-15T05:20:01Z,199979,694000,694000,89
2026-08-15T05:20:01Z,199980,533500,533500,16
2026-08-15T05:20:01Z,199981,309000,309000,18
2026-08-15T05:20:01Z,199982,50000,50000,48
2026-08-15T05:20:01Z,199983,100000,100000,29
2026-08-15T05:20:01Z,199984,52100,52100,27
2026-08-15T05:20:01Z,199985,5009900,5009900,37
2026-08-15T05:20:01Z,199986,440000,448800,76
2026-08-15T05:20:01Z,199987,1963000,2003000,65
2026-08-15T05:20:01Z,199988,489500,489500,47
2026-08-15T05:20:01Z,199989,69900,69900,120
2026-08-15T05:20:01Z,199990,290000,529500,42
2026-08-15T05:20:01Z,199991,372500,497900,43
2026-08-15T05:20:01Z,199992,57400,57400,27
2026-08-15T05:20:01Z,199993,57400,57900,21
2026-08-15T05:20:01Z,199994,158300,158300,16
2026-08-15T05:20:01Z,199995,155500,415000,45
2026-08-15T05:20:01Z,199996,110000,110000,83
2026-08-15T05:20:01Z,199997,220800,415000,64
2026-08-15T05:20:01Z,199998,295800,415000,165
2026-08-15T05:20:01Z,199999,80000,80000,19
2026-08-15T05:20:01Z,200000,52500,52500,22
2026-08-15T05:20:01Z,200001,150000,150000,45
2026-08-15T05:20:01Z,200002,154400,154400,19
2026-08-15T05:20:01Z,200003,2499800,4432200,30
2026-08-15T05:20:01Z,200004,7218900,7218900,52
2026-08-15T05:20:01Z,200005,7218900,7218900,62
2026-08-15T05:20:01Z,200006,4008900,4008900,9
2026-08-15T05:20:01Z,200007,199009000,199009000,8
2026-08-15T05:20:01Z,200008,288800,288800,14
2026-08-15T05:20:01Z,200009,25009400,30969400,51
2026-08-15T05:20:01Z,200010,444300,444300,22
2026-08-15T05:20:01Z,200011,7006500,9943400,34
2026-08-15T05:20:01Z,200012,8500000,8500000,13
2026-08-15T05:20:01Z,200013,6390000,13774900,45
2026-08-15T05:20:01Z,200014,19500000,20000000,12
2026-08-15T05:20:01Z,200015,31628500,31628500,24
2026-08-15T05:20:01Z,200016,7950000,8000000,55
2026-08-15T05:20:01Z,200017,9266500,10305200,30
2026-08-15T05:20:01Z,200018,17500000,17500000,14
2026-08-15T05:20:01Z,200019,1690000,39909400,9
2026-08-15T05:20:01Z,200020,5105000,5105000,58
2026-08-15T05:20:01Z,200021,8909900,8909900,24
2026-08-15T05:20:01Z,200022,12500000,19990000,32
2026-08-15T05:20:01Z,200023,3000000,10416300,9
2026-08-15T05:20:01Z,200024,396200,396200,53
2026-08-15T05:20:01Z,200025,102500,106100,63
2026-08-15T05:20:01Z,200026,129900,139900,48
2026-08-15T05:20:01Z,200027,8509900,8750000,13
2026-08-15T05:20:01Z,200028,1609900,1800000,34
2026-08-15T05:20:01Z,200029,6500000,6537000,29
2026-08-15T05:20:01Z,200030,600000,600000,114
2026-08-15T05:20:01Z,200031,285400,285400,68
2026-08-15T05:20:01Z,200032,577100,577100,60
2026-08-15T05:20:01Z,200033,300000,300000,63
2026-08-15T05:20:01Z,200034,989300,989400,60
2026-08-15T05:20:01Z,200035,750000,750000,46
2026-08-15T05:20:01Z,200036,499800,499900,23
2026-08-15T05:20:01Z,200037,160000,160000,26
2026-08-15T05:20:01Z,200038,198500,198500,32
2026-08-15T05:20:01Z,200039,190000,190000,41
2026-08-15T05:20:01Z,200040,2500000,2500000,77
2026-08-15T05:20:01Z,200041,50000,50000,66
2026-08-15T05:20:01Z,200042,80000,146100,148
2026-08-15T05:20:01Z,200043,123200,123200,57
2026-08-15T05:20:01Z,200044,50000,146100,87
2026-08-15T05:20:01Z,200045,10709000,10709000,8
2026-08-15T05:20:01Z,200046,70003000,70004000,14
2026-08-15T05:20:01Z,200047,4801900,12372300,11
2026-08-15T05:20:01Z,200048,5000000,5000000,8
2026-08-15T05:20:01Z,200049,7000000,7000000,4
2026-08-15T05:20:01Z,200050,23252900,23252900,6
2026-08-15T05:20:01Z,200051,16990000,16999800,12
2026-08-15T05:20:01Z,200052,33009200,33009200,15
2026-08-15T05:20:01Z,200053,9009700,9009700,22
2026-08-15T05:20:01Z,200054,19004300,19004300,32
2026-08-15T05:20:01Z,200055,8500000,8500000,16
2026-08-15T05:20:01Z,200056,79899900,79899900,18
2026-08-15T05:20:01Z,200057,4000000,4300000,15
2026-08-15T05:20:01Z,200058,34290200,34290200,24
2026-08-15T05:20:01Z,200059,4989900,4989900,13
2026-08-15T05:20:01Z,200061,29500,29500,3774
2026-08-15T05:20:01Z,200074,110000,112000,4217
2026-08-15T05:20:01Z,200099,9879900,9879900,28
2026-08-15T05:20:01Z,200105,503900,503900,27
2026-08-15T05:20:01Z,200106,20009500,20009500,26
2026-08-15T05:20:01Z,200107,290005600,290005600,1
2026-08-15T05:20:01Z,200113,1377000,1539800,5216
2026-08-15T05:20:01Z,200224,2879900,3490000,1499
2026-08-15T05:20:01Z,200264,909900,909900,270
2026-08-15T05:20:01Z,200282,1000000,1000000,28
2026-08-15T05:20:01Z,200304,8998800,8998800,185
2026-08-15T05:20:01Z,200305,9909700,9909700,200
2026-08-15T05:20:01Z,200451,49009600,49009600,21
2026-08-15T05:20:01Z,200476,980100,980100,206
2026-08-15T05:20:01Z,200506,500,3200,1152
2026-08-15T05:20:01Z,200507,25200,990000,16433
2026-08-15T05:20:01Z,200508,2475000,9903300,2286
2026-08-15T05:20:01Z,200509,7800,7800,6979
2026-08-15T05:20:01Z,200531,23450000,23450000,52
2026-08-15T05:20:01Z,200532,32500000,33000000,22
2026-08-15T05:20:01Z,200533,250000000,250000000,3
2026-08-15T05:20:01Z,200565,19800000,19800000,23
2026-08-15T05:20:01Z,200566,850000,903600,109
2026-08-15T05:20:01Z,200567,650000,650000,73
2026-08-15T05:20:01Z,200568,5009600,5009600,39
2026-08-15T05:20:01Z,200569,1327600,1327600,55
2026-08-15T05:20:01Z,200570,1420000,1420000,145
2026-08-15T05:20:01Z,200571,9791200,9890100,46
2026-08-15T05:20:01Z,200572,497600,1229600,75
2026-08-15T05:20:01Z,200573,900000,900000,119
2026-08-15T05:20:01Z,200574,39590100,39590100,14
2026-08-15T05:20:01Z,200575,980000,980000,38
2026-08-15T05:20:01Z,200576,1487700,1487700,87
2026-08-15T05:20:01Z,200577,39501000,39501000,15
2026-08-15T05:20:01Z,200578,845500,845500,105
2026-08-15T05:20:01Z,200579,3288000,3288000,71
2026-08-15T05:20:01Z,200580,2884000,2884000,14
2026-08-15T05:20:01Z,200581,450000,450000,50
2026-08-15T05:20:01Z,200582,3599900,3599900,66
2026-08-15T05:20:01Z,200614,30000,33200,127
2026-08-15T05:20:01Z,200615,691100,691100,84
2026-08-15T05:20:01Z,200616,19999500,19999500,24
2026-08-15T05:20:01Z,200618,15550000,15550000,19
2026-08-15T05:20:01Z,200619,39990000,39990000,5
2026-08-15T05:20:01Z,200623,9901900,9901900,100
2026-08-15T05:20:01Z,200633,250000000,250000000,3
2026-08-15T05:20:01Z,200634,29009200,29009200,91
2026-08-15T05:20:01Z,200652,537500,547500,300
2026-08-15T05:20:01Z,200680,9961400,9961400,143
2026-08-15T05:20:01Z,200681,9961400,9961400,157
2026-08-15T05:20:01Z,200764,290004400,290004400,1
2026-08-15T05:20:01Z,200765,290008900,290008900,1
2026-08-15T05:20:01Z,200766,290003700,290003700,13
2026-08-15T05:20:01Z,200767,290004600,290004600,32
2026-08-15T05:20:01Z,200768,130000,139900,33
2026-08-15T05:20:01Z,200769,37501400,37501400,43
2026-08-15T05:20:01Z,200770,700000,700000,12
2026-08-15T05:20:01Z,200771,27509500,27509500,6
2026-08-15T05:20:01Z,200772,149700,149700,14
2026-08-15T05:20:01Z,200773,909800,909800,8
2026-08-15T05:20:01Z,200774,290001200,290001200,1
2026-08-15T05:20:01Z,200775,290007300,290007300,1
2026-08-15T05:20:01Z,200776,290008100,290008100,1
2026-08-15T05:20:01Z,200777,81000,81000,31
2026-08-15T05:20:01Z,200778,290007900,290007900,3
2026-08-15T05:20:01Z,200779,290002900,290002900,8
2026-08-15T05:20:01Z,200780,3447000,3447000,15
2026-08-15T05:20:01Z,200781,290008900,290008900,1
2026-08-15T05:20:01Z,200782,290005800,290005800,1
2026-08-15T05:20:01Z,200783,99990000,99990000,23
2026-08-15T05:20:01Z,200784,290004000,290004000,1
2026-08-15T05:20:01Z,200785,609900,609900,2
2026-08-15T05:20:01Z,200786,198900,198900,13
2026-08-15T05:20:01Z,200787,1430000,1430000,64
2026-08-15T05:20:01Z,200788,150000,160000,41
2026-08-15T05:20:01Z,200789,170000400,170000400,22
2026-08-15T05:20:01Z,200790,39998100,39998100,56
2026-08-15T05:20:01Z,200791,290003600,290003600,22
2026-08-15T05:20:01Z,200792,290009000,290009000,1
2026-08-15T05:20:01Z,200793,159600,159600,19
2026-08-15T05:20:01Z,200794,237700,237700,5
2026-08-15T05:20:01Z,200795,77500,77500,48
2026-08-15T05:20:01Z,200796,200007700,200007700,17
2026-08-15T05:20:01Z,200797,290001000,290001000,17
2026-08-15T05:20:01Z,200798,290000600,290000600,1
2026-08-15T05:20:01Z,200799,290002900,290002900,1
2026-08-15T05:20:01Z,200800,680000,690000,169
2026-08-15T05:20:01Z,200801,209000,209000,7
2026-08-15T05:20:01Z,200802,290001900,290001900,1
2026-08-15T05:20:01Z,200803,75007500,75007500,7
2026-08-15T05:20:01Z,200804,290006500,290006500,1
2026-08-15T05:20:01Z,200805,290006500,290006500,1
2026-08-15T05:20:01Z,200806,299900,299900,14
2026-08-15T05:20:01Z,200807,10000000,10000000,9
2026-08-15T05:20:01Z,200808,3500000,4950000,80
2026-08-15T05:20:01Z,200809,290007100,290007100,1
2026-08-15T05:20:01Z,200810,290005600,290005600,1
2026-08-15T05:20:01Z,200811,591700,591700,51
2026-08-15T05:20:01Z,200812,290004400,290004400,1
2026-08-15T05:20:01Z,200813,89800,89800,44
2026-08-15T05:20:01Z,200814,285002500,285002500,1
2026-08-15T05:20:01Z,200815,7250000,7250000,3
2026-08-15T05:20:01Z,200816,15000000,15000000,16
2026-08-15T05:20:01Z,200817,1007600,1007600,34
2026-08-15T05:20:01Z,200818,290000500,290000500,1
2026-08-15T05:20:01Z,200819,49000000,49000000,10
2026-08-15T05:20:01Z,200820,180000,180000,24
2026-08-15T05:20:01Z,200821,1009900,1009900,12
2026-08-15T05:20:01Z,200822,179900,179900,17
2026-08-15T05:20:01Z,200823,290005700,290005700,1
2026-08-15T05:20:01Z,200824,290008600,290008600,1
2026-08-15T05:20:01Z,200825,290009500,290009500,1
2026-08-15T05:20:01Z,200826,1150000,1150000,30
2026-08-15T05:20:01Z,200827,290007800,290007800,1
2026-08-15T05:20:01Z,200828,1000000,288000000,11
2026-08-15T05:20:01Z,200829,290003400,290003400,1
2026-08-15T05:20:01Z,200830,290000000,290000000,1
2026-08-15T05:20:01Z,200831,290003800,290003800,1
2026-08-15T05:20:01Z,200832,57900,57900,67
2026-08-15T05:20:01Z,200833,290003800,290003800,1
2026-08-15T05:20:01Z,200834,290009800,290009800,7
2026-08-15T05:20:01Z,200835,109000,109000,19
2026-08-15T05:20:01Z,200836,130000,130000,23
2026-08-15T05:20:01Z,200837,14859500,14859500,10
2026-08-15T05:20:01Z,200838,17898900,17898900,11
2026-08-15T05:20:01Z,200840,250000000,250000000,6
2026-08-15T05:20:01Z,200841,246600,246600,14
2026-08-15T05:20:01Z,200842,159800,159800,4
2026-08-15T05:20:01Z,200843,445000,445000,5
2026-08-15T05:20:01Z,200844,290008200,290008200,1
2026-08-15T05:20:01Z,200845,290001500,290001500,11
2026-08-15T05:20:01Z,200846,290000700,290000700,1
2026-08-15T05:20:01Z,200847,290006900,290006900,1
2026-08-15T05:20:01Z,200848,409900,499900,20
2026-08-15T05:20:01Z,200849,290000000,290000000,1
2026-08-15T05:20:01Z,200850,290006100,290006100,1
2026-08-15T05:20:01Z,200851,290002900,290002900,1
2026-08-15T05:20:01Z,200852,150000,150000,27
2026-08-15T05:20:01Z,200853,1000000,1000000,14
2026-08-15T05:20:01Z,200855,3500000,3500000,141
2026-08-15T05:20:01Z,200856,9905000,9905000,137
2026-08-15T05:20:01Z,200860,70000,80000,2119
2026-08-15T05:20:01Z,200871,495000,495000,235
2026-08-15T05:20:01Z,200938,1077700,1077800,558
2026-08-15T05:20:01Z,200944,550100,550100,117
2026-08-15T05:20:01Z,201045,24900,24900,82
2026-08-15T05:20:01Z,201046,500000,500000,210
2026-08-15T05:20:01Z,201047,35000,35000,133
2026-08-15T05:20:01Z,201162,290008800,290008800,1
2026-08-15T05:20:01Z,201163,49008800,49008800,21
2026-08-15T05:20:01Z,201164,49008900,49008900,20
2026-08-15T05:20:01Z,201165,49000300,49000300,21
2026-08-15T05:20:01Z,201166,49009000,49009000,21
2026-08-15T05:20:01Z,201168,5500000200,5500000200,1
2026-08-15T05:20:01Z,201170,290009700,290009700,1
2026-08-15T05:20:01Z,201173,290009100,290009100,1
2026-08-15T05:20:01Z,201177,290009600,290009600,1
2026-08-15T05:20:01Z,201178,1500009100,1500009100,1
2026-08-15T05:20:01Z,201180,49009600,49009600,20
2026-08-15T05:20:01Z,201182,49009400,49009400,20
2026-08-15T05:20:01Z,201184,49009100,49009100,20
2026-08-15T05:20:01Z,201185,290009600,290009600,1
2026-08-15T05:20:01Z,201186,450009100,450009100,1
2026-08-15T05:20:01Z,201188,290009600,290009600,1
2026-08-15T05:20:01Z,201190,290009100,290009100,1
2026-08-15T05:20:01Z,201191,290008800,290008800,1
2026-08-15T05:20:01Z,201192,49009100,49009100,20
2026-08-15T05:20:01Z,201193,49009200,49009200,20
2026-08-15T05:20:01Z,201194,49008800,49008800,20
2026-08-15T05:20:01Z,201195,290009400,290009400,1
2026-08-15T05:20:01Z,201196,1500009000,1500009000,1
2026-08-15T05:20:01Z,201197,290009900,290009900,1
2026-08-15T05:20:01Z,201202,49009400,49009400,20
2026-08-15T05:20:01Z,201203,49009900,49009900,20
2026-08-15T05:20:01Z,201204,49008900,49008900,20
2026-08-15T05:20:01Z,201205,2699900,49009900,22
2026-08-15T05:20:01Z,201206,49000100,49000100,20
2026-08-15T05:20:01Z,201207,49000000,49008800,21
2026-08-15T05:20:01Z,201209,49000500,49000500,18
2026-08-15T05:20:01Z,201216,49009400,49009400,20
2026-08-15T05:20:01Z,201219,49009600,49009600,20
2026-08-15T05:20:01Z,201220,49000500,49000500,20
2026-08-15T05:20:01Z,201221,49008700,49008700,20
2026-08-15T05:20:01Z,201222,303000,303000,30
2026-08-15T05:20:01Z,201226,49009900,49009900,20
2026-08-15T05:20:01Z,201227,290000200,290000200,1
2026-08-15T05:20:01Z,201228,290000500,290000500,1
2026-08-15T05:20:01Z,201310,19997700,19997700,19
2026-08-15T05:20:01Z,201311,190000,199900,56
2026-08-15T05:20:01Z,201312,40000,40000,75
2026-08-15T05:20:01Z,201313,692300,692300,37
2026-08-15T05:20:01Z,201314,190000,190000,71
2026-08-15T05:20:01Z,201315,1000,1000,78
2026-08-15T05:20:01Z,201316,9991900,9991900,18
2026-08-15T05:20:01Z,201317,209900,209900,59
2026-08-15T05:20:01Z,201318,2500,2500,86
2026-08-15T05:20:01Z,201319,10270200,10277100,25
2026-08-15T05:20:01Z,201320,6042600,9990000,27
2026-08-15T05:20:01Z,201321,37860900,37860900,3
2026-08-15T05:20:01Z,201325,390000,390000,84
2026-08-15T05:20:01Z,201327,330000,9990000,46
2026-08-15T05:20:01Z,201398,9500000,9500000,124
2026-08-15T05:20:01Z,201399,89900,113600,2090
2026-08-15T05:20:01Z,201400,250000,270000,611
2026-08-15T05:20:01Z,201401,79900,104000,1104
2026-08-15T05:20:01Z,201402,78900,79700,617
2026-08-15T05:20:01Z,201403,750000,750000,3225
2026-08-15T05:20:01Z,201404,5999700,6290000,5198
2026-08-15T05:20:01Z,201405,10000000,12990000,198
2026-08-15T05:20:01Z,201406,102100,102100,1606
2026-08-15T05:20:01Z,201407,47976500,47981200,7
2026-08-15T05:20:01Z,201408,9993000,9993000,22
2026-08-15T05:20:01Z,201409,24328000,24328000,3
2026-08-15T05:20:01Z,201413,9939900,9939900,76
2026-08-15T05:20:01Z,201415,9949900,9949900,84
2026-08-15T05:20:01Z,201416,1550000,1550000,169
2026-08-15T05:20:01Z,201417,9890000,9890000,45
2026-08-15T05:20:01Z,201419,9908700,9908700,30
2026-08-15T05:20:01Z,201420,1801000,1801000,2510
2026-08-15T05:20:01Z,201421,1240000,1249700,1703
2026-08-15T05:20:01Z,201422,1108800,1108800,1709
2026-08-15T05:20:01Z,201424,6900,6900,128
2026-08-15T05:20:01Z,201428,3890000,3890000,61
2026-08-15T05:20:01Z,201466,30800,50800,304
2026-08-15T05:20:01Z,201467,90300,90300,100
2026-08-15T05:20:01Z,201468,3806000,3806000,14
2026-08-15T05:20:01Z,201469,1900,1900,628
2026-08-15T05:20:01Z,201584,52800,990000,229
2026-08-15T05:20:01Z,201697,9907400,9907400,204
2026-08-15T05:20:01Z,201698,9805600,9805600,106
2026-08-15T05:20:01Z,201721,9790000,9790000,188
2026-08-15T05:20:01Z,201723,49009100,49009100,11
2026-08-15T05:20:01Z,201724,2500000000,2500000000,2
2026-08-15T05:20:01Z,201725,242400,242400,73
2026-08-15T05:20:01Z,201729,290003800,290003800,1
2026-08-15T05:20:01Z,201813,339500,339500,148
2026-08-15T05:20:01Z,201820,9870000,9870000,110
2026-08-15T05:20:01Z,201832,2140000,2140000,450
2026-08-15T05:20:01Z,201883,8880000,24950000,136
2026-08-15T05:20:01Z,201991,1600000,2000000,659
2026-08-15T05:20:01Z,202065,109700,149700,275
2026-08-15T05:20:01Z,202070,4400,4400,2037
2026-08-15T05:20:01Z,202071,4100,4100,2528
2026-08-15T05:20:01Z,202290,119900,130000,6303
2026-08-15T05:20:01Z,202314,9829200,9829200,57
2026-08-15T05:20:01Z,202315,9998000,9998000,35
2026-08-15T05:20:01Z,202401,358700,358700,106
2026-08-15T05:20:01Z,202712,10000,10000,171
2026-08-15T05:20:01Z,203407,19974900,19974900,65
2026-08-15T05:20:01Z,203408,86510000,86513400,21
2026-08-15T05:20:01Z,203409,6930000,6930000,55
2026-08-15T05:20:01Z,203410,19990000,19990000,42
2026-08-15T05:20:01Z,203411,87000000,87000000,25
2026-08-15T05:20:01Z,203412,155000000,155000000,40
2026-08-15T05:20:01Z,203413,48501500,48501500,21
2026-08-15T05:20:01Z,203414,105009900,105009900,33
2026-08-15T05:20:01Z,203415,9999000,10004000,38
2026-08-15T05:20:01Z,203416,5009400,5009400,205
2026-08-15T05:20:01Z,203417,57471300,57500000,13
2026-08-15T05:20:01Z,203418,699700,699700,471
2026-08-15T05:20:01Z,203419,45002300,76992300,39
2026-08-15T05:20:01Z,203652,859000,859000,168
2026-08-15T05:20:01Z,203762,165000,165000,1674
2026-08-15T05:20:01Z,203763,180000,180000,980
2026-08-15T05:20:01Z,203862,637100,637100,574
2026-08-15T05:20:01Z,203865,324900,324900,1574
2026-08-15T05:20:01Z,204072,5000,8000,2161
2026-08-15T05:20:01Z,204092,5108000,5108000,36
2026-08-15T05:20:01Z,204234,49005100,49005100,19
2026-08-15T05:20:01Z,204235,4500,4500,269
2026-08-15T05:20:01Z,204237,9989200,9989200,26
2026-08-15T05:20:01Z,204308,81800,151800,73
2026-08-15T05:20:01Z,204310,49008800,49008800,20
2026-08-15T05:20:01Z,204311,2500000,2500000,30
2026-08-15T05:20:01Z,204312,290002200,290002200,2
2026-08-15T05:20:01Z,204313,4909800,49009800,19
2026-08-15T05:20:01Z,204370,597300,597300,1006
2026-08-15T05:20:01Z,204442,49000100,49000100,20
2026-08-15T05:20:01Z,204460,46600,46600,36405
2026-08-15T05:20:01Z,204463,15990000,15990000,767
2026-08-15T05:20:01Z,204464,72300,131900,1148
2026-08-15T05:20:01Z,204565,9999900,9999900,14
2026-08-15T05:20:01Z,204567,19990000,19990000,15
2026-08-15T05:20:01Z,204568,199519900,199519900,3
2026-08-15T05:20:01Z,204613,199006700,199006700,2
2026-08-15T05:20:01Z,204614,8000000,9000000,38
2026-08-15T05:20:01Z,204615,30000000,30000000,10
2026-08-15T05:20:01Z,204621,3006500,3006500,33
2026-08-15T05:20:01Z,204622,12105700,12105700,6
2026-08-15T05:20:01Z,204623,40000000,40000000,9
2026-08-15T05:20:01Z,204700,199908900,199908900,2
2026-08-15T05:20:01Z,204701,49990000,49990000,10
2026-08-15T05:20:01Z,204702,39990000,39990000,15
2026-08-15T05:20:01Z,204708,9999800,9999900,74
2026-08-15T05:20:01Z,204709,9992800,9992800,31
2026-08-15T05:20:01Z,204710,30000,9989900,33
2026-08-15T05:20:01Z,204729,9969800,9969800,90
2026-08-15T05:20:01Z,204730,20400,20500,114
2026-08-15T05:20:01Z,204790,1900,1900,212
2026-08-15T05:20:01Z,204823,4500000,4500000,31
2026-08-15T05:20:01Z,204825,80000,80000,62
2026-08-15T05:20:01Z,204826,15000,15000,67
2026-08-15T05:20:01Z,204827,9990900,9990900,52
2026-08-15T05:20:01Z,204828,5479700,5479700,54
2026-08-15T05:20:01Z,204829,9500000,9500000,48
2026-08-15T05:20:01Z,204834,49000100,49000100,20
2026-08-15T05:20:01Z,204835,290000100,290000100,1
2026-08-15T05:20:01Z,204836,49000100,49000100,20
2026-08-15T05:20:01Z,204837,49000100,49000100,20
2026-08-15T05:20:01Z,204838,129800,49009800,23
2026-08-15T05:20:01Z,204839,290000100,290000100,1
2026-08-15T05:20:01Z,204840,9990100,9990100,25
2026-08-15T05:20:01Z,204841,49000100,49000100,21
2026-08-15T05:20:01Z,204842,58900,49008500,22
2026-08-15T05:20:01Z,204845,196000,196000,473
2026-08-15T05:20:01Z,204858,8000000,8000000,21
2026-08-15T05:20:01Z,204859,999900,999900,45
2026-08-15T05:20:01Z,204860,1709700,1709700,62
2026-08-15T05:20:01Z,204909,990000000,990000000,2
2026-08-15T05:20:01Z,204971,5001600,5001600,25
2026-08-15T05:20:01Z,204972,70200,70200,57
2026-08-15T05:20:01Z,204973,14000,16600,333
2026-08-15T05:20:01Z,204991,9989900,9989900,28
2026-08-15T05:20:01Z,204992,9990000,9990000,10
2026-08-15T05:20:01Z,204993,197010000,197010000,2
2026-08-15T05:20:01Z,204994,7800500,7801000,121
2026-08-15T05:20:01Z,204995,35698400,35698400,45
2026-08-15T05:20:01Z,204996,5501200,5501200,233
2026-08-15T05:20:01Z,205012,49980000,49980000,8
2026-08-15T05:20:01Z,205014,4866200,4866200,19
2026-08-15T05:20:01Z,205015,39991900,39991900,5
2026-08-15T05:20:01Z,205016,149999200,149999200,6
2026-08-15T05:20:01Z,205039,88690000,88730000,34
2026-08-15T05:20:01Z,205043,1990000000,1990000000,1
2026-08-15T05:20:01Z,205044,198559400,198559400,2
2026-08-15T05:20:01Z,205115,8000000,199990000,7
2026-08-15T05:20:01Z,205170,199005600,199005600,5
2026-08-15T05:20:01Z,205171,990000000,990000000,1
2026-08-15T05:20:01Z,205172,197997600,197997600,2
2026-08-15T05:20:01Z,205173,199989700,199989700,1
2026-08-15T05:20:01Z,205221,49006200,49006200,11
2026-08-15T05:20:01Z,205222,49006600,49006600,13
2026-08-15T05:20:01Z,205224,49000100,49000100,18
2026-08-15T05:20:01Z,205235,49000100,49000100,20
2026-08-15T05:20:01Z,205236,990000100,990000100,1
2026-08-15T05:20:01Z,205237,49000100,49000100,22
2026-08-15T05:20:01Z,205238,1500000100,1500000100,1
2026-08-15T05:20:01Z,205239,49000100,49000100,23
2026-08-15T05:20:01Z,205240,49000100,49000100,19
2026-08-15T05:20:01Z,205241,49000100,49000100,20
2026-08-15T05:20:01Z,205242,49000100,49000100,20
2026-08-15T05:20:01Z,205243,49000100,49000100,20
2026-08-15T05:20:01Z,205244,49000100,49000100,20
2026-08-15T05:20:01Z,205411,4550100,6610100,51
2026-08-15T05:20:01Z,205413,30370200,69999700,1169
2026-08-15T05:20:01Z,205417,994900,994900,111
2026-08-15T05:20:01Z,205457,290008400,290008400,1
2026-08-15T05:20:01Z,205459,49007100,49007100,16
2026-08-15T05:20:01Z,205460,10000,19000,57
2026-08-15T05:20:01Z,205461,9996700,10006800,33
2026-08-15T05:20:01Z,205462,200009000,200009000,2
2026-08-15T05:20:01Z,205464,49009800,49009800,14
2026-08-15T05:20:01Z,205465,290001000,290001000,1
2026-08-15T05:20:01Z,205466,49004000,49004000,16
2026-08-15T05:20:01Z,205467,290007500,290007500,2
2026-08-15T05:20:01Z,205468,49000000,49000000,18
2026-08-15T05:20:01Z,205469,290000900,290000900,1
2026-08-15T05:20:01Z,205470,4000400,4900400,24
2026-08-15T05:20:01Z,205471,49006400,49006400,14
2026-08-15T05:20:01Z,205472,990008200,990008200,1
2026-08-15T05:20:01Z,205684,1008900,1879800,278
2026-08-15T05:20:01Z,205686,569000,729400,205
2026-08-15T05:20:01Z,205690,9700000,9700000,102
2026-08-15T05:20:01Z,205692,220000,9800000,38
2026-08-15T05:20:01Z,205693,645900,9960000,50
2026-08-15T05:20:01Z,205695,290004000,290004000,1
2026-08-15T05:20:01Z,205697,990005900,990005900,1
2026-08-15T05:20:01Z,205698,290003900,290003900,2
2026-08-15T05:20:01Z,205699,4000000,49000000,17
2026-08-15T05:20:01Z,205700,10000,10000,59
2026-08-15T05:20:01Z,205793,210000,210000,57
2026-08-15T05:20:01Z,205794,9754000,9754000,130
2026-08-15T05:20:01Z,205866,49007500,49007500,15
2026-08-15T05:20:01Z,205868,2000000,2000000,22
2026-08-15T05:20:01Z,205869,290004300,290004300,1
2026-08-15T05:20:01Z,205870,7000000,7000000,18
2026-08-15T05:20:01Z,205871,290003000,290003000,1
2026-08-15T05:20:01Z,205872,49005200,49005200,14
2026-08-15T05:20:01Z,205873,290004100,290004100,1
2026-08-15T05:20:01Z,205875,290003400,290003400,1
2026-08-15T05:20:01Z,206967,6550000,6550000,25
2026-08-15T05:20:01Z,206968,508600,508600,39
2026-08-15T05:20:01Z,206969,2500500,2508800,37
2026-08-15T05:20:01Z,207021,9994600,9994600,33
2026-08-15T05:20:01Z,207022,500000,500000,59
2026-08-15T05:20:01Z,207023,2500,2500,26035
2026-08-15T05:20:01Z,207039,39439100,39439100,16
2026-08-15T05:20:01Z,207040,110000,110000,538
2026-08-15T05:20:01Z,207041,29100,29100,215
2026-08-15T05:20:01Z,207054,120000,120000,92
2026-08-15T05:20:01Z,207085,39000000,39000000,38
2026-08-15T05:20:01Z,207086,9797500,9797500,7
2026-08-15T05:20:01Z,207087,4899800,4899800,20
2026-08-15T05:20:01Z,207088,3996900,3996900,66
2026-08-15T05:20:01Z,207702,1079700,1087500,23877
2026-08-15T05:20:01Z,207956,8989500,8989500,1077
2026-08-15T05:20:01Z,208187,29000000,39970000,12
2026-08-15T05:20:01Z,208188,187289300,187289300,5
2026-08-15T05:20:01Z,208189,199999900,199999900,2
2026-08-15T05:20:01Z,208212,6200,13900,1951
2026-08-15T05:20:01Z,208736,49008900,49008900,13
2026-08-15T05:20:01Z,208746,198990100,198990100,1
2026-08-15T05:20:01Z,208747,9890000,9890000,7
2026-08-15T05:20:01Z,208748,49999900,49999900,6
2026-08-15T05:20:01Z,208856,244900,49004900,23
2026-08-15T05:20:01Z,209033,150000,150000,27
2026-08-15T05:20:01Z,209034,5006700,5006700,4
2026-08-15T05:20:01Z,210221,7700,8700,6384
2026-08-15T05:20:01Z,210244,200000,200000,41
2026-08-15T05:20:01Z,210245,755300,2308900,48
2026-08-15T05:20:01Z,210246,7999500,7999500,50
2026-08-15T05:20:01Z,210247,2800000,2800000,76
2026-08-15T05:20:01Z,210248,70000,70000,55
2026-08-15T05:20:01Z,210249,2407500,2407500,97
2026-08-15T05:20:01Z,210438,49008800,49008800,15
2026-08-15T05:20:01Z,210443,290009900,290009900,1
2026-08-15T05:20:01Z,210444,290009000,290009000,1
2026-08-15T05:20:01Z,210445,49009400,49009400,13
2026-08-15T05:20:01Z,210449,5500009800,5500009800,1
2026-08-15T05:20:01Z,210451,800000,49000000,15
2026-08-15T05:20:01Z,210452,190000,49000000,22
2026-08-15T05:20:01Z,210456,79797900,87899300,71
2026-08-15T05:20:01Z,210554,290008000,290008000,1
2026-08-15T05:20:01Z,210658,33000200,49000200,22
2026-08-15T05:20:01Z,210671,2806400,2996400,28
2026-08-15T05:20:01Z,210672,425700,425700,45
2026-08-15T05:20:01Z,210673,9990000,9990000,28
2026-08-15T05:20:01Z,210688,19501800,49000400,23
2026-08-15T05:20:01Z,210796,30000,32300,10898
2026-08-15T05:20:01Z,210797,31000,31000,68617
2026-08-15T05:20:01Z,210798,32900,53200,13405
2026-08-15T05:20:01Z,210799,41200,42800,6349
2026-08-15T05:20:01Z,210800,28000,28000,7829
2026-08-15T05:20:01Z,210801,39900,39900,16072
2026-08-15T05:20:01Z,210802,10000,17000,3615
2026-08-15T05:20:01Z,210803,16500,16500,7660
2026-08-15T05:20:01Z,210804,19900,20000,5551
2026-08-15T05:20:01Z,210805,14000,17400,15157
2026-08-15T05:20:01Z,210806,17500,17500,13989
2026-08-15T05:20:01Z,210807,19000,19000,7067
2026-08-15T05:20:01Z,210808,26400,26400,3681
2026-08-15T05:20:01Z,210809,32500,32500,3178
2026-08-15T05:20:01Z,210810,39900,39900,7059
2026-08-15T05:20:01Z,210819,1000000,1000000,135
2026-08-15T05:20:01Z,210821,1009300,1009300,76
2026-08-15T05:20:01Z,210841,18900,18900,1770
2026-08-15T05:20:01Z,210842,1500000,1500000,228
2026-08-15T05:20:01Z,210930,117100,142000,96391
2026-08-15T05:20:01Z,210931,92800,92900,122225
2026-08-15T05:20:01Z,210932,121800,130100,93155
2026-08-15T05:20:01Z,210933,17000,20000,44139
2026-08-15T05:20:01Z,210934,9900,38100,53065
2026-08-15T05:20:01Z,210935,9900,19900,7290
2026-08-15T05:20:01Z,210936,10900,13700,16977
2026-08-15T05:20:01Z,210937,12900,14500,56849
2026-08-15T05:20:01Z,210938,14000,26300,66261
2026-08-15T05:20:01Z,210939,300000,309900,3247
2026-08-15T05:20:01Z,211270,290009300,290009300,11
2026-08-15T05:20:01Z,211383,9000000,9000000,93
2026-08-15T05:20:01Z,211400,1865000,1865000,72
2026-08-15T05:20:01Z,211474,9900,22100,609
2026-08-15T05:20:01Z,211692,49007400,49007400,20
2026-08-15T05:20:01Z,211694,290008300,290008300,5
2026-08-15T05:20:01Z,211695,290002100,290002100,1
2026-08-15T05:20:01Z,211798,49007700,49007700,20
2026-08-15T05:20:01Z,211806,5900,6000,6094
2026-08-15T05:20:01Z,211807,30700,40500,1612
2026-08-15T05:20:01Z,211808,138500,138500,3911
2026-08-15T05:20:01Z,211810,9940100,9940100,27
2026-08-15T05:20:01Z,211878,10000,10000,1087
2026-08-15T05:20:01Z,211879,9900,20600,6984
2026-08-15T05:20:01Z,211880,45000,45000,1388
2026-08-15T05:20:01Z,211943,435600,790000,294
2026-08-15T05:20:01Z,212239,30000,30000,443
2026-08-15T05:20:01Z,212240,38800,38800,1405
2026-08-15T05:20:01Z,212241,139600,139600,1479
2026-08-15T05:20:01Z,212242,10600,226900,6310
2026-08-15T05:20:01Z,212243,15000,15000,425
2026-08-15T05:20:01Z,212244,88800,99900,295
2026-08-15T05:20:01Z,212245,11900,15200,317
2026-08-15T05:20:01Z,212246,15500,18000,331
2026-08-15T05:20:01Z,212247,100000,100000,44
2026-08-15T05:20:01Z,212248,10000,10000,640
2026-08-15T05:20:01Z,212249,49500,49500,348
2026-08-15T05:20:01Z,212250,170000,170000,162
2026-08-15T05:20:01Z,212251,12700,12700,85
2026-08-15T05:20:01Z,212252,119600,119600,73
2026-08-15T05:20:01Z,212253,900000,900000,54
2026-08-15T05:20:01Z,212254,60000,60000,1790
2026-08-15T05:20:01Z,212255,11000,11000,67
2026-08-15T05:20:01Z,212256,154000,550000,58
2026-08-15T05:20:01Z,212257,19900,19900,242
2026-08-15T05:20:01Z,212258,89900,89900,138
2026-08-15T05:20:01Z,212259,524600,524600,78
2026-08-15T05:20:01Z,212260,10600,10600,115
2026-08-15T05:20:01Z,212261,11000,11000,72
2026-08-15T05:20:01Z,212262,95900,95900,155
2026-08-15T05:20:01Z,212263,30000,30000,757
2026-08-15T05:20:01Z,212264,9800,9800,4822
2026-08-15T05:20:01Z,212265,27500,28000,2826
2026-08-15T05:20:01Z,212266,120000,129500,284
2026-08-15T05:20:01Z,212267,119500,119500,209
2026-08-15T05:20:01Z,212268,860000,860000,970
2026-08-15T05:20:01Z,212269,791900,792000,209
2026-08-15T05:20:01Z,212270,70000,73700,456
2026-08-15T05:20:01Z,212271,790500,791100,65
2026-08-15T05:20:01Z,212272,189900,189900,66
2026-08-15T05:20:01Z,212273,109700,109700,908
2026-08-15T05:20:01Z,212274,110000,150000,346
2026-08-15T05:20:01Z,212275,109900,109900,52
2026-08-15T05:20:01Z,212276,48200,48200,422
2026-08-15T05:20:01Z,212277,259900,259900,33
2026-08-15T05:20:01Z,212278,80000,999900,133
2026-08-15T05:20:01Z,212279,90000,95000,423
2026-08-15T05:20:01Z,212280,906600,1006600,214
2026-08-15T05:20:01Z,212281,50000,50000,277
2026-08-15T05:20:01Z,212282,48000,48000,1387
2026-08-15T05:20:01Z,212283,58800,58800,1014
2026-08-15T05:20:01Z,212289,27800,27800,39
2026-08-15T05:20:01Z,212292,40000,40000,230
2026-08-15T05:20:01Z,212298,1194600,1194600,295
2026-08-15T05:20:01Z,212299,39900,39900,470
2026-08-15T05:20:01Z,212300,199000,199000,124
2026-08-15T05:20:01Z,212301,1943700,39900000,11
2026-08-15T05:20:01Z,212305,14100,14100,249
2026-08-15T05:20:01Z,212306,18100,18100,39
2026-08-15T05:20:01Z,212307,202100,202100,119
2026-08-15T05:20:01Z,212308,12000,12100,675
2026-08-15T05:20:01Z,212309,18300,18500,711
2026-08-15T05:20:01Z,212310,265000,265000,462
2026-08-15T05:20:01Z,212311,70000,80000,679
2026-08-15T05:20:01Z,212312,112800,112800,365
2026-08-15T05:20:01Z,212313,541600,541600,74
2026-08-15T05:20:01Z,212314,30000,30000,109
2026-08-15T05:20:01Z,212315,109900,109900,132
2026-08-15T05:20:01Z,212316,323500,323500,138
2026-08-15T05:20:01Z,212341,49008300,49008300,20
2026-08-15T05:20:01Z,212345,49009300,49009300,20
2026-08-15T05:20:01Z,212346,290009900,290009900,1
2026-08-15T05:20:01Z,212352,290001200,290001200,1
2026-08-15T05:20:01Z,212495,207900,210000,1912
2026-08-15T05:20:01Z,212498,2500,11900,19853
2026-08-15T05:20:01Z,212505,108900,110000,452
2026-08-15T05:20:01Z,212508,99000,99000,1120
2026-08-15T05:20:01Z,212511,61500,94200,402
2026-08-15T05:20:01Z,212514,226600,230000,1215
2026-08-15T05:20:01Z,212531,9990000,9990000,3
2026-08-15T05:20:01Z,212533,9990000,9990000,3
2026-08-15T05:20:01Z,212534,9999900,9999900,3
2026-08-15T05:20:01Z,212563,660000,820000,120
2026-08-15T05:20:01Z,212564,888800,4300000,406
2026-08-15T05:20:01Z,212565,888800,980000,861
2026-08-15T05:20:01Z,212646,18007500,49007500,16
2026-08-15T05:20:01Z,212647,49006700,49006700,13
2026-08-15T05:20:01Z,212648,290008100,290008100,1
2026-08-15T05:20:01Z,212649,33005800,49005800,14
2026-08-15T05:20:01Z,212664,13400,23900,75993
2026-08-15T05:20:01Z,212665,20000,20000,22910
2026-08-15T05:20:01Z,212666,30200,32500,17431
2026-08-15T05:20:01Z,212667,19700,19800,40754
2026-08-15T05:20:01Z,212668,20000,21500,25093
2026-08-15T05:20:01Z,212669,20200,22600,11500
2026-08-15T05:20:01Z,212670,11000,12500,4234
2026-08-15T05:20:01Z,212672,11100,16700,3866
2026-08-15T05:20:01Z,212673,50600,92500,3131
2026-08-15T05:20:01Z,212674,5300,5900,6130
2026-08-15T05:20:01Z,212675,6000,6800,6460
2026-08-15T05:20:01Z,212676,120000,150000,1929
2026-08-15T05:20:01Z,212688,49008000,49008000,20
2026-08-15T05:20:01Z,212761,290004800,290004800,1
2026-08-15T05:20:01Z,212763,49000000,49000000,12
2026-08-15T05:20:01Z,212764,49006100,49006100,11
2026-08-15T05:20:01Z,212765,290007100,290007100,1
2026-08-15T05:20:01Z,212766,49008400,49008400,13
2026-08-15T05:20:01Z,212767,49005100,49005100,12
2026-08-15T05:20:01Z,212768,49004000,49004000,12
2026-08-15T05:20:01Z,212770,49004300,49004300,12
2026-08-15T05:20:01Z,212771,20008500,20008500,12
2026-08-15T05:20:01Z,212772,5559900,5559900,2
2026-08-15T05:20:01Z,212774,49000000,49000000,12
2026-08-15T05:20:01Z,213026,9004500,49004500,11
2026-08-15T05:20:01Z,213027,49005800,49005800,11
2026-08-15T05:20:01Z,213028,49006300,49006300,11
2026-08-15T05:20:01Z,213029,290008500,290008500,1
2026-08-15T05:20:01Z,213030,49008100,49008100,10
2026-08-15T05:20:01Z,213031,49006600,49006600,12
2026-08-15T05:20:01Z,213032,33005800,49005800,16
2026-08-15T05:20:01Z,213033,290006400,290006400,2
2026-08-15T05:20:01Z,213034,49005700,49005700,10
2026-08-15T05:20:01Z,213035,49004700,49004700,10
2026-08-15T05:20:01Z,213037,49008700,49008700,9
2026-08-15T05:20:01Z,213038,49008200,49008200,12
2026-08-15T05:20:01Z,213039,2229900,49003900,13
2026-08-15T05:20:01Z,213040,49005200,49005200,14
2026-08-15T05:20:01Z,213041,49007900,49007900,11
2026-08-15T05:20:01Z,213042,49004200,49004200,13
2026-08-15T05:20:01Z,213043,49007600,49007600,14
2026-08-15T05:20:01Z,213044,49006600,49006600,14
2026-08-15T05:20:01Z,213045,49007800,49007800,13
2026-08-15T05:20:01Z,213179,49006700,49006700,11
2026-08-15T05:20:01Z,213180,49007400,49007400,11
2026-08-15T05:20:01Z,213182,49006000,49006000,10
2026-08-15T05:20:01Z,213184,49004400,49004400,10
2026-08-15T05:20:01Z,213194,290005800,290005800,1
2026-08-15T05:20:01Z,213195,49006000,49006000,11
2026-08-15T05:20:01Z,213196,49007500,49007500,9
2026-08-15T05:20:01Z,213197,30000,30000,2810
2026-08-15T05:20:01Z,213201,49008100,49008100,11
2026-08-15T05:20:01Z,213203,49006400,49006400,12
2026-08-15T05:20:01Z,213205,290004500,290004500,1
2026-08-15T05:20:01Z,213206,290003800,290003800,1
2026-08-15T05:20:01Z,213210,1009900,49007300,16
2026-08-15T05:20:01Z,213211,49005500,49005500,11
2026-08-15T05:20:01Z,213212,34005200,49005200,17
2026-08-15T05:20:01Z,213213,49008300,49008300,11
2026-08-15T05:20:01Z,213214,49008300,49008300,13
2026-08-15T05:20:01Z,213216,49008900,49008900,11
2026-08-15T05:20:01Z,213219,240000,250000,2951
2026-08-15T05:20:01Z,213220,239500,239500,1831
2026-08-15T05:20:01Z,213221,335000,335000,8042
2026-08-15T05:20:01Z,213234,100000100,100000100,8
2026-08-15T05:20:01Z,213235,10000100,10000100,19
2026-08-15T05:20:01Z,213236,290000100,290000100,1
2026-08-15T05:20:01Z,213237,50614000,50614000,5
2026-08-15T05:20:01Z,213238,1997800,2007800,32
2026-08-15T05:20:01Z,213239,290000100,290000100,1
2026-08-15T05:20:01Z,213240,400000,440000,40
2026-08-15T05:20:01Z,213241,22200000,22200000,2
2026-08-15T05:20:01Z,213242,549500,549500,41
2026-08-15T05:20:01Z,213245,290000000,290000000,2
2026-08-15T05:20:01Z,213246,290000100,290000100,1
2026-08-15T05:20:01Z,213247,290000100,290000100,1
2026-08-15T05:20:01Z,213248,3000000,3000000,3
2026-08-15T05:20:01Z,213249,10000100,10000100,2
2026-08-15T05:20:01Z,213250,1500000,1500000,4
2026-08-15T05:20:01Z,213251,290003000,290003000,2
2026-08-15T05:20:01Z,213252,1898000,1898000,11
2026-08-15T05:20:01Z,213253,150000000,150000000,2
2026-08-15T05:20:01Z,213254,6000000,6000000,7
2026-08-15T05:20:01Z,213255,290000000,290000000,1
2026-08-15T05:20:01Z,213256,290000100,290000100,1
2026-08-15T05:20:01Z,213257,29009900,29009900,2
2026-08-15T05:20:01Z,213258,1357400,1357400,2
2026-08-15T05:20:01Z,213259,150003500,150003500,3
2026-08-15T05:20:01Z,213260,290000000,290000000,1
2026-08-15T05:20:01Z,213261,1444900,1444900,6
2026-08-15T05:20:01Z,213262,620000,620000,4
2026-08-15T05:20:01Z,213263,150000100,150000100,2
2026-08-15T05:20:01Z,213265,50000000,50000000,2
2026-08-15T05:20:01Z,213266,1551500,1551500,3
2026-08-15T05:20:01Z,213267,20000000,20000000,2
2026-08-15T05:20:01Z,213268,290000100,290000100,1
2026-08-15T05:20:01Z,213277,290008000,290008000,1
2026-08-15T05:20:01Z,213358,10007600,49007600,11
2026-08-15T05:20:01Z,213360,275508300,275508300,2
2026-08-15T05:20:01Z,213361,60008900,60008900,7
2026-08-15T05:20:01Z,213362,290004300,290004300,2
2026-08-15T05:20:01Z,213363,30000000,49000000,11
2026-08-15T05:20:01Z,213364,49007000,49007000,10
2026-08-15T05:20:01Z,213366,34004600,49004600,13
2026-08-15T05:20:01Z,213367,49004400,49004400,13
2026-08-15T05:20:01Z,213368,49007900,49007900,9
2026-08-15T05:20:01Z,213374,49004500,49004500,12
2026-08-15T05:20:01Z,213377,49004900,49004900,11
2026-08-15T05:20:01Z,213380,49005100,49005100,10
2026-08-15T05:20:01Z,213384,45558100,49008100,11
2026-08-15T05:20:01Z,213385,34007200,34007200,11
2026-08-15T05:20:01Z,213386,49005000,49005000,14
2026-08-15T05:20:01Z,213387,34005200,49005200,14
2026-08-15T05:20:01Z,213388,49008700,49008700,10
2026-08-15T05:20:01Z,213398,4500,5500,35311
2026-08-15T05:20:01Z,213399,4000,4500,5598
2026-08-15T05:20:01Z,213453,50000000,199000000,9
2026-08-15T05:20:01Z,213454,6482600,6482600,4
2026-08-15T05:20:01Z,213455,13300000,13300000,25
2026-08-15T05:20:01Z,213456,4990000,4990000,6
2026-08-15T05:20:01Z,213457,5181200,5181200,9
2026-08-15T05:20:01Z,213458,4898900,4898900,36
2026-08-15T05:20:01Z,213459,195000000,199660000,7
2026-08-15T05:20:01Z,213460,5005000,6965000,12
2026-08-15T05:20:01Z,213461,4358900,4358900,9
2026-08-15T05:20:01Z,213462,990000,13000000,11
2026-08-15T05:20:01Z,213463,9990000,9990000,51
2026-08-15T05:20:01Z,213464,10000000,10000000,28
2026-08-15T05:20:01Z,213465,6500000,6500000,7
2026-08-15T05:20:01Z,213466,199009600,199009600,2
2026-08-15T05:20:01Z,213467,6999000,6999200,13
2026-08-15T05:20:01Z,213468,109150000,109150000,10
2026-08-15T05:20:01Z,213469,7960000,7960000,9
2026-08-15T05:20:01Z,213470,9479100,9480000,42
2026-08-15T05:20:01Z,213471,990000,40000000,13
2026-08-15T05:20:01Z,213472,4856200,4856200,5
2026-08-15T05:20:01Z,213473,499999900,499999900,1
2026-08-15T05:20:01Z,213474,990000,9999900,71
2026-08-15T05:20:01Z,213475,24168700,24168700,54
2026-08-15T05:20:01Z,213476,10001000,10001000,8
2026-08-15T05:20:01Z,213477,9500000,9500000,4
2026-08-15T05:20:01Z,213478,5391900,5391900,13
2026-08-15T05:20:01Z,213479,6930000,6930000,26
2026-08-15T05:20:01Z,213480,4850000,4850000,11
2026-08-15T05:20:01Z,213481,6178100,6178700,22
2026-08-15T05:20:01Z,213482,6950000,6950000,19
2026-08-15T05:20:01Z,213483,49999800,49999800,6
2026-08-15T05:20:01Z,213484,2009900,2009900,5
2026-08-15T05:20:01Z,213485,3333300,3333300,26
2026-08-15T05:20:01Z,213486,990000,44000000,83
2026-08-15T05:20:01Z,213487,10000000,10000000,6
2026-08-15T05:20:01Z,213488,5009200,5009200,32
2026-08-15T05:20:01Z,213489,5303600,5303600,33
2026-08-15T05:20:01Z,213490,4500600,4500600,16
2026-08-15T05:20:01Z,213491,8541300,8541300,18
2026-08-15T05:20:01Z,213492,199000000,199000000,2
2026-08-15T05:20:01Z,213493,4998800,4998800,17
2026-08-15T05:20:01Z,213494,10469100,10469100,30
2026-08-15T05:20:01Z,213495,199009900,199009900,6
2026-08-15T05:20:01Z,213496,197019900,499999800,7
2026-08-15T05:20:01Z,213497,5879400,5879400,23
2026-08-15T05:20:01Z,213498,29248200,29248200,103
2026-08-15T05:20:01Z,213499,9131800,24434900,34
2026-08-15T05:20:01Z,213500,14000000,18500000,19
2026-08-15T05:20:01Z,213501,135000,155000,203
2026-08-15T05:20:01Z,213502,110000,110000,109
2026-08-15T05:20:01Z,213503,4950000,9990000,28
2026-08-15T05:20:01Z,213504,199600,199600,80
2026-08-15T05:20:01Z,213505,446400,446400,90
2026-08-15T05:20:01Z,213506,4950000,9990000,23
2026-08-15T05:20:01Z,213507,49900,59900,35
2026-08-15T05:20:01Z,213508,350000,440000,74
2026-08-15T05:20:01Z,213509,9989900,9989900,21
2026-08-15T05:20:01Z,213510,129700,182000,141
2026-08-15T05:20:01Z,213511,219800,219800,75
2026-08-15T05:20:01Z,213512,2319000,5009000,32
2026-08-15T05:20:01Z,213515,6862700,6862700,24
2026-08-15T05:20:01Z,213516,4500000,4500000,29
2026-08-15T05:20:01Z,213517,16000000,16000000,12
2026-08-15T05:20:01Z,213530,200005200,200005200,2
2026-08-15T05:20:01Z,213531,290004000,290004000,1
2026-08-15T05:20:01Z,213540,49001700,49001700,20
2026-08-15T05:20:01Z,213610,2100,2200,12900
2026-08-15T05:20:01Z,213611,28000,35200,14355
2026-08-15T05:20:01Z,213612,140000,149900,6088
2026-08-15T05:20:01Z,213613,33500,35000,12198
2026-08-15T05:20:01Z,213738,800000,800000,27
2026-08-15T05:20:01Z,213739,3490000,3500000,8
2026-08-15T05:20:01Z,213740,13900000,13900000,10
2026-08-15T05:20:01Z,213741,2000000,2000000,49
2026-08-15T05:20:01Z,213742,4700000,4700000,72
2026-08-15T05:20:01Z,213743,5902500,5902500,29
2026-08-15T05:20:01Z,213744,4850000,4850000,18
2026-08-15T05:20:01Z,213745,7000000,7449900,12
2026-08-15T05:20:01Z,213746,15200000,15200000,22
2026-08-15T05:20:01Z,213747,12831500,12831500,31
2026-08-15T05:20:01Z,213748,14499800,14499800,49
2026-08-15T05:20:01Z,213749,990000,990000,58
2026-08-15T05:20:01Z,213750,200000,231200,1539
2026-08-15T05:20:01Z,213751,190000,200000,3118
2026-08-15T05:20:01Z,213752,399800,399800,679
2026-08-15T05:20:01Z,213753,700000,900000,136
2026-08-15T05:20:01Z,213754,560000,650000,212
2026-08-15T05:20:01Z,213755,409900,409900,100
2026-08-15T05:20:01Z,213756,40000,80000,611
2026-08-15T05:20:01Z,213757,405800,490000,156
2026-08-15T05:20:01Z,213758,89800,100000,2794
2026-08-15T05:20:01Z,213759,1495000,1495000,75
2026-08-15T05:20:01Z,213760,1358000,1358000,152
2026-08-15T05:20:01Z,213761,1406600,1406600,149
2026-08-15T05:20:01Z,213762,19580100,19580100,19
2026-08-15T05:20:01Z,213763,2000000,2000000,115
2026-08-15T05:20:01Z,213764,3332700,3332700,31
2026-08-15T05:20:01Z,213765,2000000,2000000,25
2026-08-15T05:20:01Z,213766,970000,970000,116
2026-08-15T05:20:01Z,213767,4009900,4009900,116
2026-08-15T05:20:01Z,213768,5554000,5554000,39
2026-08-15T05:20:01Z,213769,384700,384700,19
2026-08-15T05:20:01Z,213770,310000,316800,44
2026-08-15T05:20:01Z,213771,198599900,198599900,3
2026-08-15T05:20:01Z,213772,3970000,3970000,27
2026-08-15T05:20:01Z,213773,3005600,3005600,8
2026-08-15T05:20:01Z,213774,999900,25009900,11
2026-08-15T05:20:01Z,213775,1310300,5534600,11
2026-08-15T05:20:01Z,213776,1000000,1000000,20
2026-08-15T05:20:01Z,213777,700000,700000,545
2026-08-15T05:20:01Z,215236,7779900,8889900,144
2026-08-15T05:20:01Z,217113,990000,990000,41
2026-08-15T05:20:01Z,217114,3500000,9000000,32
2026-08-15T05:20:01Z,217115,5549900,5550400,48
2026-08-15T05:20:01Z,217162,19000000,49000000,12
2026-08-15T05:20:01Z,217163,49009900,49009900,11
2026-08-15T05:20:01Z,217164,25004500,49004500,11
2026-08-15T05:20:01Z,217167,5001000,49001000,11
2026-08-15T05:20:01Z,217168,2000000,2000000,3
2026-08-15T05:20:01Z,217169,49007600,49007600,11
2026-08-15T05:20:01Z,217170,49000900,49000900,21
2026-08-15T05:20:01Z,217171,49000000,49000000,10
2026-08-15T05:20:01Z,217707,60000,101100,15938
2026-08-15T05:20:01Z,217896,9900000,9900000,98
2026-08-15T05:20:01Z,218336,900,1000,36322
2026-08-15T05:20:01Z,218337,6500,15400,6770
2026-08-15T05:20:01Z,218338,800,900,307896
2026-08-15T05:20:01Z,218339,400,1700,117311
2026-08-15T05:20:01Z,218453,2400,2400,148
2026-08-15T05:20:01Z,219002,2200000,2200000,238
2026-08-15T05:20:01Z,219003,490000,490000,127
2026-08-15T05:20:01Z,219004,1492400,1492500,472
2026-08-15T05:20:01Z,219005,504900,504900,59
2026-08-15T05:20:01Z,219006,4500000,4500000,109
2026-08-15T05:20:01Z,219013,4800000,5559000,1407
2026-08-15T05:20:01Z,219148,9809600,9809600,22
2026-08-15T05:20:01Z,219495,949900,949900,22
2026-08-15T05:20:01Z,219496,600000,680000,28
2026-08-15T05:20:01Z,219497,682700,682700,21
2026-08-15T05:20:01Z,219504,125500,128500,216
2026-08-15T05:20:01Z,219505,448000,448000,135
2026-08-15T05:20:01Z,219506,250000,300000,125
2026-08-15T05:20:01Z,219880,710000,710000,129
2026-08-15T05:20:01Z,219881,240000,240000,1291
2026-08-15T05:20:01Z,219882,380000,380000,113
2026-08-15T05:20:01Z,219883,890000,890000,232
2026-08-15T05:20:01Z,219884,329900,329900,223
2026-08-15T05:20:01Z,219885,430000,450000,1086
2026-08-15T05:20:01Z,219886,600000,600000,65
2026-08-15T05:20:01Z,219887,420700,420700,979
2026-08-15T05:20:01Z,219888,890000,890000,511
2026-08-15T05:20:01Z,219889,1404800,19998900,19
2026-08-15T05:20:01Z,219890,958200,958200,139
2026-08-15T05:20:01Z,219891,990000,990000,145
2026-08-15T05:20:01Z,219892,500000,509800,57
2026-08-15T05:20:01Z,219893,459500,469500,233
2026-08-15T05:20:01Z,219894,407000,407000,181
2026-08-15T05:20:01Z,219898,800000,810000,187
2026-08-15T05:20:01Z,219899,340000,490000,483
2026-08-15T05:20:01Z,219900,1012100,1012100,163
2026-08-15T05:20:01Z,219901,600000,1072200,398
2026-08-15T05:20:01Z,219902,859900,879900,866
2026-08-15T05:20:01Z,219903,890000,891000,135
2026-08-15T05:20:01Z,219905,3800000,3800000,407
2026-08-15T05:20:01Z,219906,135000,196300,55
2026-08-15T05:20:01Z,219907,959500,959500,26
2026-08-15T05:20:01Z,219908,1080000,1080000,19
2026-08-15T05:20:01Z,219909,49999900,49999900,19
2026-08-15T05:20:01Z,219910,49997200,49997200,12
2026-08-15T05:20:01Z,219911,2500000,199900000,22
2026-08-15T05:20:01Z,219912,30000,39400,80
2026-08-15T05:20:01Z,219913,190300,190300,71
2026-08-15T05:20:01Z,219914,4496800,4496800,40
2026-08-15T05:20:01Z,219946,89600,89800,24137
2026-08-15T05:20:01Z,219947,129900,134600,17756
2026-08-15T05:20:01Z,219948,170000,190000,3214
2026-08-15T05:20:01Z,219949,210000,219000,2816
2026-08-15T05:20:01Z,219950,268000,269100,7392
2026-08-15T05:20:01Z,219951,237500,240000,2480
2026-08-15T05:20:01Z,219952,890000,890000,320
2026-08-15T05:20:01Z,219954,29900,29900,2178
2026-08-15T05:20:01Z,219955,79500,80000,6808
2026-08-15T05:20:01Z,220134,8800,19500,8585
2026-08-15T05:20:01Z,220135,8800,9500,7100
2026-08-15T05:20:01Z,220136,5400,6900,3423
2026-08-15T05:20:01Z,220137,6600,20800,28970
2026-08-15T05:20:01Z,220138,10400,10500,5160
2026-08-15T05:20:01Z,220139,25000,27000,5414
2026-08-15T05:20:01Z,220141,33500,37000,2100
2026-08-15T05:20:01Z,220142,11200,19900,8197
2026-08-15T05:20:01Z,220143,72000,72000,1145
2026-08-15T05:20:01Z,220144,8800,9800,1144
2026-08-15T05:20:01Z,220145,13500,13500,2321
2026-08-15T05:20:01Z,220146,20000,60000,1627
2026-08-15T05:20:01Z,220147,49900,55000,14307
2026-08-15T05:20:01Z,220148,6000000,8200000,170
2026-08-15T05:20:01Z,220149,47500,160000,2006
2026-08-15T05:20:01Z,220150,15000,16900,1524
2026-08-15T05:20:01Z,220151,9900,57000,911
2026-08-15T05:20:01Z,220153,2759900,2957000,180
2026-08-15T05:20:01Z,220219,11993300,11993300,2
2026-08-15T05:20:01Z,220220,990005700,990005700,1
2026-08-15T05:20:01Z,220221,280004700,280004700,2
2026-08-15T05:20:01Z,220222,290007700,290007700,2
2026-08-15T05:20:01Z,220223,49009800,49009800,23
2026-08-15T05:20:01Z,220224,246200,246200,138
2026-08-15T05:20:01Z,220225,990003500,990003500,1
2026-08-15T05:20:01Z,220226,300000,300000,59
2026-08-15T05:20:01Z,220227,290009300,290009300,2
2026-08-15T05:20:01Z,220228,20003400,20003400,4
2026-08-15T05:20:01Z,220229,855400,855400,4
2026-08-15T05:20:01Z,220230,295000,295000,10
2026-08-15T05:20:01Z,220231,20000000,20000000,2
2026-08-15T05:20:01Z,220232,7300,7500,204
2026-08-15T05:20:01Z,220234,9990000,49000000,21
2026-08-15T05:20:01Z,220235,1524100,1524100,57
2026-08-15T05:20:01Z,220236,3709800,3709800,24
2026-08-15T05:20:01Z,220237,290000000,290000000,2
2026-08-15T05:20:01Z,220238,110001300,110001300,3
2026-08-15T05:20:01Z,220239,290007700,290007700,1
2026-08-15T05:20:01Z,220240,290007600,290007600,1
2026-08-15T05:20:01Z,220241,2500000,2500000,4
2026-08-15T05:20:01Z,220242,5000000,5000000,4
2026-08-15T05:20:01Z,220243,290007100,290007100,3
2026-08-15T05:20:01Z,220244,290007300,290007300,1
2026-08-15T05:20:01Z,220245,290006600,290006600,1
2026-08-15T05:20:01Z,220246,1000000,1000000,6
2026-08-15T05:20:01Z,220247,12000,12000,99
2026-08-15T05:20:01Z,220248,950000,950000,25
2026-08-15T05:20:01Z,220249,6900,6900,252
2026-08-15T05:20:01Z,220250,290007600,290007600,1
2026-08-15T05:20:01Z,220251,6500,6500,93
2026-08-15T05:20:01Z,220252,19900,19900,165
2026-08-15T05:20:01Z,220253,6600,6600,52
2026-08-15T05:20:01Z,220254,30000,19900000,44
2026-08-15T05:20:01Z,220255,6300,6300,154
2026-08-15T05:20:01Z,220256,10000,10000,39
2026-08-15T05:20:01Z,220257,760000,760000,124
2026-08-15T05:20:01Z,220258,70000,70000,117
2026-08-15T05:20:01Z,220259,100000,100000,714
2026-08-15T05:20:01Z,220261,28000,30000,325
2026-08-15T05:20:01Z,220262,7000,7000,150
2026-08-15T05:20:01Z,220263,54700,54700,38
2026-08-15T05:20:01Z,220264,7100,7100,1321
2026-08-15T05:20:01Z,220265,290000300,290000300,1
2026-08-15T05:20:01Z,220266,9800,9909800,108
2026-08-15T05:20:01Z,220267,9000,9000,1817
2026-08-15T05:20:01Z,220268,9900,9900,54
2026-08-15T05:20:01Z,220269,49000000,49000000,21
2026-08-15T05:20:01Z,220270,49009700,49009700,21
2026-08-15T05:20:01Z,220271,8600,8600,124
2026-08-15T05:20:01Z,220272,290000000,290000000,1
2026-08-15T05:20:01Z,220273,15900,15900,47
2026-08-15T05:20:01Z,220274,290007600,290007600,1
2026-08-15T05:20:01Z,220275,40000,40000,29
2026-08-15T05:20:01Z,220276,20500,20500,142
2026-08-15T05:20:01Z,220277,18600,18600,82
2026-08-15T05:20:01Z,220278,290000700,290000700,1
2026-08-15T05:20:01Z,220279,30000,30000,25
2026-08-15T05:20:01Z,220280,10009500,48909500,49
2026-08-15T05:20:01Z,220281,18700,18700,237
2026-08-15T05:20:01Z,220282,20400,20400,493
2026-08-15T05:20:01Z,220283,24300,34300,38
2026-08-15T05:20:01Z,220285,290007600,290007600,1
2026-08-15T05:20:01Z,220286,290007600,290007600,1
2026-08-15T05:20:01Z,220287,290007600,290007600,2
2026-08-15T05:20:01Z,220288,290001300,290001300,1
2026-08-15T05:20:01Z,220289,19100,19100,943
2026-08-15T05:20:01Z,220290,160000,160000,42
2026-08-15T05:20:01Z,220291,400000,700000,21
2026-08-15T05:20:01Z,220292,30000,30000,29
2026-08-15T05:20:01Z,220293,33009800,33009800,15
2026-08-15T05:20:01Z,220294,49000400,49000400,14
2026-08-15T05:20:01Z,220295,400000,400000,64
2026-08-15T05:20:01Z,220296,32300,2002300,20
2026-08-15T05:20:01Z,220297,19000,19000,168
2026-08-15T05:20:01Z,220298,290007600,290007600,1
2026-08-15T05:20:01Z,220299,490000,500000,37
2026-08-15T05:20:01Z,220300,24400,24400,120
2026-08-15T05:20:01Z,220301,20000,20000,255
2026-08-15T05:20:01Z,220302,270000,270000,32
2026-08-15T05:20:01Z,220303,49009800,49009800,480
2026-08-15T05:20:01Z,220355,350000,390000,44
2026-08-15T05:20:01Z,220361,108000,108000,74
2026-08-15T05:20:01Z,220362,10000000,10000000,39
2026-08-15T05:20:01Z,220363,2000000,2000000,3
2026-08-15T05:20:01Z,220380,49007600,49007600,22
2026-08-15T05:20:01Z,220438,43000000,49000000,31
2026-08-15T05:20:01Z,220439,49007600,49007600,10
2026-08-15T05:20:01Z,220440,5500007600,5500007600,1
2026-08-15T05:20:01Z,220441,1500007600,1500007600,1
2026-08-15T05:20:01Z,220442,290007600,290007600,1
2026-08-15T05:20:01Z,220443,290007600,290007600,2
2026-08-15T05:20:01Z,220444,290007600,290007600,4
2026-08-15T05:20:01Z,220445,1500007600,1500007600,1
2026-08-15T05:20:01Z,220447,290009900,290009900,1
2026-08-15T05:20:01Z,220448,990007600,990007600,1
2026-08-15T05:20:01Z,220484,290007600,290007600,1
2026-08-15T05:20:01Z,220486,1500007600,1500007600,1
2026-08-15T05:20:01Z,220491,49009800,49009800,20
2026-08-15T05:20:01Z,220509,2999900,2999900,10
2026-08-15T05:20:01Z,221550,9001500,9001500,50
2026-08-15T05:20:01Z,221754,20000,82400,7529
2026-08-15T05:20:01Z,221756,28800,44900,6721
2026-08-15T05:20:01Z,221757,25500,124200,4639
2026-08-15T05:20:01Z,221758,37500,50000,3399
2026-08-15T05:20:01Z,221763,20000,207600,2924
2026-08-15T05:20:01Z,221853,169800,175400,6823
2026-08-15T05:20:01Z,221854,210000,223500,7443
2026-08-15T05:20:01Z,221855,499900,509000,1420
2026-08-15T05:20:01Z,221856,168900,168900,1304
2026-08-15T05:20:01Z,221857,170000,170000,1440
2026-08-15T05:20:01Z,221858,239800,300000,1139
2026-08-15T05:20:01Z,221859,204000,208000,417
2026-08-15T05:20:01Z,221860,206500,206500,1860
2026-08-15T05:20:01Z,221861,1399800,1809000,186
2026-08-15T05:20:01Z,221862,219900,229900,135
2026-08-15T05:20:01Z,221863,449900,449900,285
2026-08-15T05:20:01Z,221864,499600,499600,226
2026-08-15T05:20:01Z,221865,300000,300000,216
2026-08-15T05:20:01Z,221866,340000,350000,1408
2026-08-15T05:20:01Z,221867,607100,607100,231
2026-08-15T05:20:01Z,221868,299900,299900,501
2026-08-15T05:20:01Z,221869,380000,489700,1300
2026-08-15T05:20:01Z,221870,1999700,2807700,333
2026-08-15T05:20:01Z,221872,179800,179800,49
2026-08-15T05:20:01Z,221873,209200,209200,68
2026-08-15T05:20:01Z,221874,3000000,3000000,132
2026-08-15T05:20:01Z,221876,67000,67000,81
2026-08-15T05:20:01Z,221877,54500,194500,46
2026-08-15T05:20:01Z,221878,4466100,4466100,48
2026-08-15T05:20:01Z,221880,66000,66700,355
2026-08-15T05:20:01Z,221881,46400,46400,41
2026-08-15T05:20:01Z,221882,259900,269900,36
2026-08-15T05:20:01Z,221904,699800,699900,54
2026-08-15T05:20:01Z,221905,1034800,1034800,5
2026-08-15T05:20:01Z,221906,5998600,5998600,4
2026-08-15T05:20:01Z,221908,601100,901500,114
2026-08-15T05:20:01Z,221909,609900,609900,30
2026-08-15T05:20:01Z,221910,4999600,4999600,30
2026-08-15T05:20:01Z,221911,99000,99000,25
2026-08-15T05:20:01Z,221912,18377000,18377000,18
2026-08-15T05:20:01Z,221913,40005500,40005500,39
2026-08-15T05:20:01Z,221914,1482500,1482600,73
2026-08-15T05:20:01Z,221915,882000,900100,18
2026-08-15T05:20:01Z,221916,6596400,49990600,27
2026-08-15T05:20:01Z,221917,202900,223000,91
2026-08-15T05:20:01Z,221918,149500,149500,28
2026-08-15T05:20:01Z,221919,21824700,21824800,43
2026-08-15T05:20:01Z,221920,3507000,5007500,36
2026-08-15T05:20:01Z,221921,530000,538200,39
2026-08-15T05:20:01Z,221922,37059800,37059800,60
2026-08-15T05:20:01Z,221923,384400,384400,23
2026-08-15T05:20:01Z,221924,1204700,1804700,13
2026-08-15T05:20:01Z,221925,37509000,37509000,73
2026-08-15T05:20:01Z,221926,401600,401600,31
2026-08-15T05:20:01Z,221927,419900,420000,16
2026-08-15T05:20:01Z,221928,3480400,3480500,15
2026-08-15T05:20:01Z,221932,371100,371100,23
2026-08-15T05:20:01Z,221933,399300,399300,12
2026-08-15T05:20:01Z,221934,2003000,2003000,13
2026-08-15T05:20:01Z,221935,499900,499900,22
2026-08-15T05:20:01Z,221936,607400,607400,9
2026-08-15T05:20:01Z,221937,6390000,6399900,18
2026-08-15T05:20:01Z,221938,494300,494300,44
2026-08-15T05:20:01Z,221939,1509400,2009400,13
2026-08-15T05:20:01Z,221940,19358200,19358200,7
2026-08-15T05:20:01Z,221941,621500,621500,57
2026-08-15T05:20:01Z,221942,650000,8303100,53
2026-08-15T05:20:01Z,221943,2539000,2539000,9
2026-08-15T05:20:01Z,221949,3992900,3993200,115
2026-08-15T05:20:01Z,221953,959500,959500,229
2026-08-15T05:20:01Z,221954,888800,888800,401
2026-08-15T05:20:01Z,221955,1898000,1898000,692
2026-08-15T05:20:01Z,221959,1000000,1800000,183
2026-08-15T05:20:01Z,222417,900000,950000,335
2026-08-15T05:20:01Z,222418,880000,880000,2324
2026-08-15T05:20:01Z,222419,907100,2379900,2795
2026-08-15T05:20:01Z,222420,980000,989900,342
2026-08-15T05:20:01Z,222421,1486800,2756900,580
2026-08-15T05:20:01Z,222422,1781500,1781500,332
2026-08-15T05:20:01Z,222423,600000,605000,346
2026-08-15T05:20:01Z,222424,601700,601700,147
2026-08-15T05:20:01Z,222425,700200,781800,682
2026-08-15T05:20:01Z,222426,1199000,1550000,193
2026-08-15T05:20:01Z,222427,1198000,1217800,186
2026-08-15T05:20:01Z,222428,1240000,1240000,231
2026-08-15T05:20:01Z,222499,140000,140000,520
2026-08-15T05:20:01Z,222500,255200,255200,243
2026-08-15T05:20:01Z,222501,2191900,2191900,118
2026-08-15T05:20:01Z,222502,156800,156800,14
2026-08-15T05:20:01Z,222503,37500,37500,586
2026-08-15T05:20:01Z,222504,35000,35000,405
2026-08-15T05:20:01Z,222505,39909800,39909800,8
2026-08-15T05:20:01Z,222506,991800,991900,176
2026-08-15T05:20:01Z,222507,10000000,10000000,77
2026-08-15T05:20:01Z,222508,35500,35500,47
2026-08-15T05:20:01Z,222509,38000,38000,109
2026-08-15T05:20:01Z,222510,35100,35100,192
2026-08-15T05:20:01Z,222511,70000,78800,65
2026-08-15T05:20:01Z,222512,761200,761200,163
2026-08-15T05:20:01Z,222513,19900000,19900000,15
2026-08-15T05:20:01Z,222514,69900,873800,172
2026-08-15T05:20:01Z,222515,215000,215000,184
2026-08-15T05:20:01Z,222516,1789000,1789000,132
2026-08-15T05:20:01Z,222520,2029900,9900000,73
2026-08-15T05:20:01Z,222523,200000,271500,799
2026-08-15T05:20:01Z,222533,6600,7000,1870
2026-08-15T05:20:01Z,222555,354900,354900,2375
2026-08-15T05:20:01Z,222556,438800,438800,1323
2026-08-15T05:20:01Z,222557,408800,428800,140
2026-08-15T05:20:01Z,222558,990000,990000,678
2026-08-15T05:20:01Z,222559,749900,749900,1254
2026-08-15T05:20:01Z,222560,800000,990000,185
2026-08-15T05:20:01Z,222579,2555900,3365900,114
2026-08-15T05:20:01Z,222580,908500,3008500,115
2026-08-15T05:20:01Z,222581,1061000,1061000,464
2026-08-15T05:20:01Z,222582,2564800,2564800,54
2026-08-15T05:20:01Z,222583,2145500,3290200,106
2026-08-15T05:20:01Z,222584,650000,1940400,413
2026-08-15T05:20:01Z,222585,216600,216600,47
2026-08-15T05:20:01Z,222586,1800000,3290200,75
2026-08-15T05:20:01Z,222587,904700,994700,433
2026-08-15T05:20:01Z,222588,107300,2407800,194
2026-08-15T05:20:01Z,222589,407500,407500,83
2026-08-15T05:20:01Z,222590,1506500,2156500,279
2026-08-15T05:20:01Z,222591,210000,210000,185
2026-08-15T05:20:01Z,222592,489500,999600,120
2026-08-15T05:20:01Z,222593,1508900,1508900,300
2026-08-15T05:20:01Z,222594,945000,945000,77
2026-08-15T05:20:01Z,222595,2450000,2450000,113
2026-08-15T05:20:01Z,222596,2009800,2009800,374
2026-08-15T05:20:01Z,222597,199990100,199990100,6
2026-08-15T05:20:01Z,222598,5750000,7749900,24
2026-08-15T05:20:01Z,222599,8272600,8272600,25
2026-08-15T05:20:01Z,222600,37290000,37290000,13
2026-08-15T05:20:01Z,222601,9890100,9990000,32
2026-08-15T05:20:01Z,222602,3009900,3009900,35
2026-08-15T05:20:01Z,222603,199990000,199990000,32
2026-08-15T05:20:01Z,222604,18140300,18140300,48
2026-08-15T05:20:01Z,222605,3959500,3959500,35
2026-08-15T05:20:01Z,222606,680000,4251100,22
2026-08-15T05:20:01Z,222607,9987500,9987500,35
2026-08-15T05:20:01Z,222608,8999800,8999800,29
2026-08-15T05:20:01Z,222609,155500,155500,2034
2026-08-15T05:20:01Z,222610,188800,199900,3208
2026-08-15T05:20:01Z,222611,629900,637000,1272
2026-08-15T05:20:01Z,222612,20000,40000,3541
2026-08-15T05:20:01Z,222613,49800,49900,16118
2026-08-15T05:20:01Z,222614,149900,149900,2279
2026-08-15T05:20:01Z,222615,295500,295500,1143
2026-08-15T05:20:01Z,222616,324400,329600,2507
2026-08-15T05:20:01Z,222617,900000,900000,404
2026-08-15T05:20:01Z,222618,21200,24500,6512
2026-08-15T05:20:01Z,222619,24800,24800,6823
2026-08-15T05:20:01Z,222620,85700,85700,2768
2026-08-15T05:20:01Z,222626,1500800,8292200,16
2026-08-15T05:20:01Z,222627,928900,928900,19
2026-08-15T05:20:01Z,222628,600000,600000,47
2026-08-15T05:20:01Z,222629,3330000,49900000,15
2026-08-15T05:20:01Z,222630,5558500,5558500,16
2026-08-15T05:20:01Z,222631,1259700,1869800,96
2026-08-15T05:20:01Z,222632,708600,708600,12
2026-08-15T05:20:01Z,222633,498200,498200,13
2026-08-15T05:20:01Z,222634,1252100,1252100,50
2026-08-15T05:20:01Z,222635,899900,899900,17
2026-08-15T05:20:01Z,222636,2999500,2999500,13
2026-08-15T05:20:01Z,222637,2000000,2000000,26
2026-08-15T05:20:01Z,222638,33339800,49989800,10
2026-08-15T05:20:01Z,222639,2778100,2778300,15
2026-08-15T05:20:01Z,222640,1553400,1553400,63
2026-08-15T05:20:01Z,222641,1450000,1450000,8
2026-08-15T05:20:01Z,222642,928900,928900,16
2026-08-15T05:20:01Z,222643,2999300,2999300,45
2026-08-15T05:20:01Z,222644,1000000,1000000,18
2026-08-15T05:20:01Z,222645,33330000,49900000,19
2026-08-15T05:20:01Z,222646,2990000,2990000,55
2026-08-15T05:20:01Z,222654,249900,399900,345
2026-08-15T05:20:01Z,222655,215000,225000,126
2026-08-15T05:20:01Z,222656,200000,200000,227
2026-08-15T05:20:01Z,222657,48500,59000,154
2026-08-15T05:20:01Z,222658,89200,89200,69
2026-08-15T05:20:01Z,222659,64600,64600,92
2026-08-15T05:20:01Z,222660,85500,85500,118
2026-08-15T05:20:01Z,222661,109900,110000,87
2026-08-15T05:20:01Z,222663,1002200,1002200,44
2026-08-15T05:20:01Z,222664,250000,250000,30
2026-08-15T05:20:01Z,222665,1253300,1483300,38
2026-08-15T05:20:01Z,222666,772300,852300,30
2026-08-15T05:20:01Z,222667,250000,250000,41
2026-08-15T05:20:01Z,222668,559900,669900,40
2026-08-15T05:20:01Z,222669,250000,250000,29
2026-08-15T05:20:01Z,222670,400000,600000,31
2026-08-15T05:20:01Z,222672,359700,509700,108
2026-08-15T05:20:01Z,222673,79800,79800,78
2026-08-15T05:20:01Z,222674,78800,78800,61
2026-08-15T05:20:01Z,222675,89900,89900,126
2026-08-15T05:20:01Z,222676,127600,157600,63
2026-08-15T05:20:01Z,222677,156500,256500,51
2026-08-15T05:20:01Z,222678,70000,70000,74
2026-08-15T05:20:01Z,222679,600000,600000,216
2026-08-15T05:20:01Z,222681,1500100,3000100,131
2026-08-15T05:20:01Z,222682,250000,2508000,120
2026-08-15T05:20:01Z,222683,459200,509200,86
2026-08-15T05:20:01Z,222684,250000,250000,152
2026-08-15T05:20:01Z,222685,1001100,1001100,48
2026-08-15T05:20:01Z,222686,505500,505500,66
2026-08-15T05:20:01Z,222687,705500,1005500,44
2026-08-15T05:20:01Z,222688,1169000,1169000,26
2026-08-15T05:20:01Z,222695,300,300,12996
2026-08-15T05:20:01Z,222696,300,300,13446
2026-08-15T05:20:01Z,222697,200,200,26619
2026-08-15T05:20:01Z,222699,300,300,9737
2026-08-15T05:20:01Z,222700,2300,3500,10703
2026-08-15T05:20:01Z,222701,300,300,29008
2026-08-15T05:20:01Z,222702,85000,990000,239
2026-08-15T05:20:01Z,222703,7700,8800,1626
2026-08-15T05:20:01Z,222704,700,990000,224
2026-08-15T05:20:01Z,222705,78900,79000,440
2026-08-15T05:20:01Z,222706,108000,108000,150
2026-08-15T05:20:01Z,222707,3700,3700,124
2026-08-15T05:20:01Z,222708,59500,59500,74
2026-08-15T05:20:01Z,222709,560100,560100,30
2026-08-15T05:20:01Z,222710,4400,5300,147
2026-08-15T05:20:01Z,222711,6600,7400,371
2026-08-15T05:20:01Z,222712,130000,130000,249
2026-08-15T05:20:01Z,222713,5500,6500,353
2026-08-15T05:20:01Z,222714,10000,10000,135
2026-08-15T05:20:01Z,222715,20000,20000,116
2026-08-15T05:20:01Z,222716,245500,9908800,26
2026-08-15T05:20:01Z,222717,110000,110000,117
2026-08-15T05:20:01Z,222718,1659200,1659200,350
2026-08-15T05:20:01Z,222719,9600,9600,94
2026-08-15T05:20:01Z,222720,109900,110000,348
2026-08-15T05:20:01Z,222721,30000,30000,129
2026-08-15T05:20:01Z,222722,60000,60000,369
2026-08-15T05:20:01Z,222723,18900,18900,616
2026-08-15T05:20:01Z,222724,50000,50000,302
2026-08-15T05:20:01Z,222725,188900,188900,448
2026-08-15T05:20:01Z,222726,7800,7800,517
2026-08-15T05:20:01Z,222727,29500,39600,97
2026-08-15T05:20:01Z,222728,3500,3500,4967
2026-08-15T05:20:01Z,222729,34000,34000,200
2026-08-15T05:20:01Z,222730,10000,12900,185
2026-08-15T05:20:01Z,222731,450000,450000,3648
2026-08-15T05:20:01Z,222732,1350000,1350000,316
2026-08-15T05:20:01Z,222733,489300,489400,1110
2026-08-15T05:20:01Z,222735,27400,27500,813
2026-08-15T05:20:01Z,222736,48600,48600,782
2026-08-15T05:20:01Z,222737,37000,37000,2411
2026-08-15T05:20:01Z,222738,2500,2700,39216
2026-08-15T05:20:01Z,222739,2200,3400,8381
2026-08-15T05:20:01Z,222741,39900,40000,35793
2026-08-15T05:20:01Z,222744,8500,8500,1783
2026-08-15T05:20:01Z,222745,68400,68500,8456
2026-08-15T05:20:01Z,222747,800000,800000,201
2026-08-15T05:20:01Z,222748,2124500,2124500,163
2026-08-15T05:20:01Z,222749,9999500,9999500,25
2026-08-15T05:20:01Z,222784,445800,445800,477
2026-08-15T05:20:01Z,222789,1252700,1552700,552
2026-08-15T05:20:01Z,222790,800000,1099900,7853
2026-08-15T05:20:01Z,222791,1800000,2000000,1567
2026-08-15T05:20:01Z,222792,350000,400000,491
2026-08-15T05:20:01Z,222793,370000,390000,14005
2026-08-15T05:20:01Z,222794,400000,400000,337
2026-08-15T05:20:01Z,222795,19900,19900,9938
2026-08-15T05:20:01Z,222796,20000,22700,61704
2026-08-15T05:20:01Z,222797,211000,213300,1032
2026-08-15T05:20:01Z,222798,2236200,2786200,170
2026-08-15T05:20:01Z,222799,1550000,1809300,1387
2026-08-15T05:20:01Z,222800,1990000,2000000,394
2026-08-15T05:20:01Z,222801,5000000,5950000,210
2026-08-15T05:20:01Z,222802,1250000,1450000,1297
2026-08-15T05:20:01Z,222803,1304000,1405000,358
2026-08-15T05:20:01Z,222804,68900,203400,24656
2026-08-15T05:20:01Z,222805,98700,196500,26174
2026-08-15T05:20:01Z,222806,90000,198200,24562
2026-08-15T05:20:01Z,222868,112700,112700,389
2026-08-15T05:20:01Z,222869,153400,153400,44
2026-08-15T05:20:01Z,222870,1889800,2889500,74
2026-08-15T05:20:01Z,222871,121100,121100,49
2026-08-15T05:20:01Z,222872,9761000,9761000,30
2026-08-15T05:20:01Z,222873,1249900,1250000,40
2026-08-15T05:20:01Z,222876,50400,50400,138
2026-08-15T05:20:01Z,222877,225400,225400,57
2026-08-15T05:20:01Z,222878,465700,1518700,63
2026-08-15T05:20:01Z,222879,305000,306900,113
2026-08-15T05:20:01Z,222880,94800,230700,231
2026-08-15T05:20:01Z,222881,228200,228200,63
2026-08-15T05:20:01Z,222882,10200,10200,1130
2026-08-15T05:20:01Z,222883,120400,140700,394
2026-08-15T05:20:01Z,222884,176300,176300,99
2026-08-15T05:20:01Z,222885,89900,89900,104
2026-08-15T05:20:01Z,222886,155000,159500,164
2026-08-15T05:20:01Z,222887,521600,521600,179
2026-08-15T05:20:01Z,222888,7706300,7706300,42
2026-08-15T05:20:01Z,222889,622000,622500,83
2026-08-15T05:20:01Z,222890,3499900,3499900,129
2026-08-15T05:20:01Z,222891,2504400,2504400,4
2026-08-15T05:20:01Z,222892,5690000,5690000,14
2026-08-15T05:20:01Z,222893,3330000,3550000,114
2026-08-15T05:20:01Z,222894,1490000,199980000,43
2026-08-15T05:20:01Z,222895,4000000,4000000,16
2026-08-15T05:20:01Z,222896,6990000,6990000,19
2026-08-15T05:20:01Z,222906,3000000,3000000,24
2026-08-15T05:20:01Z,223512,200,1200,395122
2026-08-15T05:20:01Z,223618,3003000,3003000,14
2026-08-15T05:20:01Z,223649,669800,779900,17
2026-08-15T05:20:01Z,223650,4220000,4220000,202
2026-08-15T05:20:01Z,223651,4995900,8005900,49
2026-08-15T05:20:01Z,223652,4500000,4500000,140
2026-08-15T05:20:01Z,223653,2509900,2509900,75
2026-08-15T05:20:01Z,223654,6000000,6000000,14
2026-08-15T05:20:01Z,223655,1300000,1900000,37
2026-08-15T05:20:01Z,223656,8488800,8488800,137
2026-08-15T05:20:01Z,223657,52200,52200,68
2026-08-15T05:20:01Z,223658,450000,499700,86
2026-08-15T05:20:01Z,223659,155000,155000,201
2026-08-15T05:20:01Z,223660,1499600,1499600,81
2026-08-15T05:20:01Z,223661,1594600,1594600,102
2026-08-15T05:20:01Z,223662,6200000,6200000,92
2026-08-15T05:20:01Z,223663,52800,52800,402
2026-08-15T05:20:01Z,223664,239900,239900,59
2026-08-15T05:20:01Z,223665,300000,300000,59
2026-08-15T05:20:01Z,223666,52000,52000,86
2026-08-15T05:20:01Z,223667,769900,769900,102
2026-08-15T05:20:01Z,223668,939500,939500,31
2026-08-15T05:20:01Z,223669,51200,51200,48
2026-08-15T05:20:01Z,223670,470000,470000,60
2026-08-15T05:20:01Z,223671,520000,520000,52
2026-08-15T05:20:01Z,223672,2999800,2999800,46
2026-08-15T05:20:01Z,223673,4004900,5054900,59
2026-08-15T05:20:01Z,223674,5003800,5003900,30
2026-08-15T05:20:01Z,223675,650000,4412200,66
2026-08-15T05:20:01Z,223676,1329500,1329500,37
2026-08-15T05:20:01Z,223677,2500000,3330000,104
2026-08-15T05:20:01Z,223678,2981200,2981200,32
2026-08-15T05:20:01Z,223679,3410000,3410000,38
2026-08-15T05:20:01Z,223680,6200000,6200000,71
2026-08-15T05:20:01Z,223681,150000000,150000000,3
2026-08-15T05:20:01Z,223682,199004100,499999800,11
2026-08-15T05:20:01Z,223683,5000000,19950000,17
2026-08-15T05:20:01Z,223684,1880000,1900000,38
2026-08-15T05:20:01Z,223685,5006800,5006800,41
2026-08-15T05:20:01Z,223686,15007700,15007700,221
2026-08-15T05:20:01Z,223687,74968200,74968200,9
2026-08-15T05:20:01Z,223688,13980000,14000000,21
2026-08-15T05:20:01Z,223689,9999800,9999800,21
2026-08-15T05:20:01Z,223690,133330500,133330600,9
2026-08-15T05:20:01Z,223691,41000300,41000300,11
2026-08-15T05:20:01Z,223692,11998800,12000000,25
2026-08-15T05:20:01Z,223693,2000600,5510600,14
2026-08-15T05:20:01Z,223694,1225300,1225300,12
2026-08-15T05:20:01Z,223695,15005300,15005300,36
2026-08-15T05:20:01Z,223696,7500000,7500000,13
2026-08-15T05:20:01Z,223697,1505000,3015000,26
2026-08-15T05:20:01Z,223698,7992100,7992100,41
2026-08-15T05:20:01Z,223699,1990700,39990000,16
2026-08-15T05:20:01Z,223700,39991800,39991800,15
2026-08-15T05:20:01Z,223701,4759600,4759600,71
2026-08-15T05:20:01Z,223702,5000000,5000000,12
2026-08-15T05:20:01Z,223703,5559900,5559900,19
2026-08-15T05:20:01Z,223704,4490000,4490000,36
2026-08-15T05:20:01Z,223705,3338600,3338600,14
2026-08-15T05:20:01Z,223706,2331900,2332000,30
2026-08-15T05:20:01Z,223707,4739800,4739800,63
2026-08-15T05:20:01Z,223708,50500,50500,57
2026-08-15T05:20:01Z,223709,790000,1476600,45
2026-08-15T05:20:01Z,223710,370000,370000,30
2026-08-15T05:20:01Z,223711,8009900,199000000,10
2026-08-15T05:20:01Z,223712,2508600,2508600,34
2026-08-15T05:20:01Z,223713,2454800,2454800,46
2026-08-15T05:20:01Z,223714,51500,51500,110
2026-08-15T05:20:01Z,223715,85000,1476600,50
2026-08-15T05:20:01Z,223716,430000,430000,84
2026-08-15T05:20:01Z,223717,32150000,32220000,15
2026-08-15T05:20:01Z,223718,2180000,2200000,29
2026-08-15T05:20:01Z,223719,9100000,9400000,15
2026-08-15T05:20:01Z,223720,53000,53000,60
2026-08-15T05:20:01Z,223721,160000,160000,51
2026-08-15T05:20:01Z,223722,415500,415500,45
2026-08-15T05:20:01Z,223723,1250000,1280000,25
2026-08-15T05:20:01Z,223724,1950000,1950000,24
2026-08-15T05:20:01Z,223725,7755100,7755100,21
2026-08-15T05:20:01Z,223726,50000,50000,42
2026-08-15T05:20:01Z,223727,1800000,1800000,18
2026-08-15T05:20:01Z,223728,709300,709300,64
2026-08-15T05:20:01Z,223729,1000000,1000000,12
2026-08-15T05:20:01Z,223730,779800,779800,28
2026-08-15T05:20:01Z,223731,9500000,9500000,116
2026-08-15T05:20:01Z,223732,57800,57800,53
2026-08-15T05:20:01Z,223733,439200,449300,35
2026-08-15T05:20:01Z,223734,399500,399500,40
2026-08-15T05:20:01Z,223735,6009500,6009500,17
2026-08-15T05:20:01Z,223736,1500000,4500000,17
2026-08-15T05:20:01Z,223737,11005500,11005500,57
2026-08-15T05:20:01Z,223738,63000,63000,43
2026-08-15T05:20:01Z,223739,249900,249900,62
2026-08-15T05:20:01Z,223740,39905000,39905000,24
2026-08-15T05:20:01Z,223741,499900,25000000,31
2026-08-15T05:20:01Z,223742,119800,25009900,33
2026-08-15T05:20:01Z,223743,120000,25000000,27
2026-08-15T05:20:01Z,223744,130000,25000000,32
2026-08-15T05:20:01Z,223745,490000,490000,45
2026-08-15T05:20:01Z,223746,178200,180000,52
2026-08-15T05:20:01Z,223747,4006800,4006800,23
2026-08-15T05:20:01Z,223748,14250000,14250000,20
2026-08-15T05:20:01Z,223749,9200000,39991500,17
2026-08-15T05:20:01Z,223750,1259900,1259900,11
2026-08-15T05:20:01Z,223751,50200,50200,64
2026-08-15T05:20:01Z,223752,684000,684000,221
2026-08-15T05:20:01Z,223753,39900000,39900000,23
2026-08-15T05:20:01Z,223754,199500000,199500000,26
2026-08-15T05:20:01Z,223755,89500,89500,160
2026-08-15T05:20:01Z,223756,199908800,199908800,34
2026-08-15T05:20:01Z,223757,949500,988600,77
2026-08-15T05:20:01Z,223758,2200000,13924900,60
2026-08-15T05:20:01Z,223759,7000000,7000000,107
2026-08-15T05:20:01Z,223760,2999900,2999900,151
2026-08-15T05:20:01Z,223761,4334500,12000000,70
2026-08-15T05:20:01Z,223762,7009100,7009100,134
2026-08-15T05:20:01Z,223763,870000,870000,43
2026-08-15T05:20:01Z,223764,4762500,4762500,65
2026-08-15T05:20:01Z,223765,10999800,10999800,81
2026-08-15T05:20:01Z,223766,120000,120000,39
2026-08-15T05:20:01Z,223767,4998800,4998800,25
2026-08-15T05:20:01Z,223768,7007200,7007200,131
2026-08-15T05:20:01Z,223770,8775000,8775000,21
2026-08-15T05:20:01Z,223771,7901500,7901500,25
2026-08-15T05:20:01Z,223772,6400000,6400000,26
2026-08-15T05:20:01Z,223773,1066900,1066900,124
2026-08-15T05:20:01Z,223774,2300000,2300000,24
2026-08-15T05:20:01Z,223775,10925700,10925700,126
2026-08-15T05:20:01Z,223776,12006400,30006400,19
2026-08-15T05:20:01Z,223777,6057100,6057100,26
2026-08-15T05:20:01Z,223778,9508800,9508800,112
2026-08-15T05:20:01Z,223779,6458900,6459000,24
2026-08-15T05:20:01Z,223780,4209800,4209800,23
2026-08-15T05:20:01Z,223781,6670000,6670000,76
2026-08-15T05:20:01Z,223782,3330000,7990000,17
2026-08-15T05:20:01Z,223783,5290000,5290000,31
2026-08-15T05:20:01Z,223784,8415000,8415000,167
2026-08-15T05:20:01Z,223785,1003800,1003800,16
2026-08-15T05:20:01Z,223786,2950000,3000000,20
2026-08-15T05:20:01Z,223787,8300000,8300000,69
2026-08-15T05:20:01Z,223788,3000000,7990000,15
2026-08-15T05:20:01Z,223789,2000000,2000000,30
2026-08-15T05:20:01Z,223790,6998800,6998800,94
2026-08-15T05:20:01Z,223791,2380600,199899900,10
2026-08-15T05:20:01Z,223792,4955200,4955200,31
2026-08-15T05:20:01Z,223793,7000000,7000000,78
2026-08-15T05:20:01Z,223794,22300000,24189800,28
2026-08-15T05:20:01Z,223795,830000,830000,20
2026-08-15T05:20:01Z,223796,9900000,9900000,53
2026-08-15T05:20:01Z,223798,130500000,130500000,11
2026-08-15T05:20:01Z,223799,40006300,40006300,29
2026-08-15T05:20:01Z,223800,15004700,15004700,45
2026-08-15T05:20:01Z,223893,12300,12400,90
2026-08-15T05:20:01Z,223897,23339600,23339600,3
2026-08-15T05:20:01Z,223898,280000,280000,26
2026-08-15T05:20:01Z,223899,290008800,290008800,4
2026-08-15T05:20:01Z,223900,840000,850000,35
2026-08-15T05:20:01Z,223967,9800000,9800000,29
2026-08-15T05:20:01Z,223968,407000,407000,227
2026-08-15T05:20:01Z,223969,200000,200000,6829
2026-08-15T05:20:01Z,223970,2315300,2315300,320
2026-08-15T05:20:01Z,223971,237500,237600,7584
2026-08-15T05:20:01Z,223972,249900,249900,226
2026-08-15T05:20:01Z,223973,222200,222200,89
2026-08-15T05:20:01Z,223974,149600,149600,276
2026-08-15T05:20:01Z,223975,247300,247300,273
2026-08-15T05:20:01Z,223976,199100,602100,537
2026-08-15T05:20:01Z,223977,9200,9300,8526
2026-08-15T05:20:01Z,223979,500000,500000,44
2026-08-15T05:20:01Z,224105,50000,50000,406
2026-08-15T05:20:01Z,224106,27900,28000,894
2026-08-15T05:20:01Z,224107,20000,27800,3384
2026-08-15T05:20:01Z,224108,985000,985000,107
2026-08-15T05:20:01Z,224109,400000,400000,2147
2026-08-15T05:20:01Z,224110,400000,400000,227
2026-08-15T05:20:01Z,224111,30000,30000,64
2026-08-15T05:20:01Z,224112,58100,58200,161
2026-08-15T05:20:01Z,224113,2990000,2990000,108
2026-08-15T05:20:01Z,224153,28000000,28000000,5
2026-08-15T05:20:01Z,224154,200000,200000,35
2026-08-15T05:20:01Z,224155,294900,295000,39
2026-08-15T05:20:01Z,224173,357300,777300,51
2026-08-15T05:20:01Z,224174,394500,394500,117
2026-08-15T05:20:01Z,224175,1506200,1506200,78
2026-08-15T05:20:01Z,224176,1990000,1990000,210
2026-08-15T05:20:01Z,224177,220000,220000,519
2026-08-15T05:20:01Z,224178,378100,436800,237
2026-08-15T05:20:01Z,224300,50000,825600,78
2026-08-15T05:20:01Z,224301,798700,798700,58
2026-08-15T05:20:01Z,224302,798700,798700,13
2026-08-15T05:20:01Z,224303,230000,825600,54
2026-08-15T05:20:01Z,224304,39906600,39906600,11
2026-08-15T05:20:01Z,224305,213600,215700,51
2026-08-15T05:20:01Z,224306,334700,825600,74
2026-08-15T05:20:01Z,224307,979400,979400,123
2026-08-15T05:20:01Z,224308,64700,1114700,52
2026-08-15T05:20:01Z,224309,100000,825600,84
2026-08-15T05:20:01Z,224310,49500,825600,83
2026-08-15T05:20:01Z,224311,249000,798700,51
2026-08-15T05:20:01Z,224312,50000,798700,63
2026-08-15T05:20:01Z,224313,863400,863400,68
2026-08-15T05:20:01Z,224314,608000,825600,90
2026-08-15T05:20:01Z,224315,1156000,1156000,132
2026-08-15T05:20:01Z,224316,45200,45200,67
2026-08-15T05:20:01Z,224317,1433800,1433800,13
2026-08-15T05:20:01Z,224318,255000,825600,115
2026-08-15T05:20:01Z,224319,1275000,1275000,84
2026-08-15T05:20:01Z,224320,416600,825600,82
2026-08-15T05:20:01Z,224321,298000,298000,34
2026-08-15T05:20:01Z,224322,289800,825600,77
2026-08-15T05:20:01Z,224323,2880400,2880400,138
2026-08-15T05:20:01Z,224324,681400,681400,38
2026-08-15T05:20:01Z,224325,650000,1042200,64
2026-08-15T05:20:01Z,224326,410000,1042200,90
2026-08-15T05:20:01Z,224327,5299800,5299800,60
2026-08-15T05:20:01Z,224328,703400,703400,21
2026-08-15T05:20:01Z,224329,1042200,1042200,17
2026-08-15T05:20:01Z,224330,504900,504900,18
2026-08-15T05:20:01Z,224331,180000,180000,39
2026-08-15T05:20:01Z,224332,700000,700000,72
2026-08-15T05:20:01Z,224333,679900,1042200,131
2026-08-15T05:20:01Z,224334,1042200,1042200,63
2026-08-15T05:20:01Z,224335,752700,1015300,88
2026-08-15T05:20:01Z,224336,680000,680000,21
2026-08-15T05:20:01Z,224337,1129800,1129800,62
2026-08-15T05:20:01Z,224338,250000,702100,59
2026-08-15T05:20:01Z,224339,500000,500000,90
2026-08-15T05:20:01Z,224340,499800,499800,46
2026-08-15T05:20:01Z,224341,702500,1015300,73
2026-08-15T05:20:01Z,224342,489100,489100,114
2026-08-15T05:20:01Z,224343,6200000,6200000,103
2026-08-15T05:20:01Z,224344,667600,667600,112
2026-08-15T05:20:01Z,224345,1042200,1042200,60
2026-08-15T05:20:01Z,224346,779500,779500,69
2026-08-15T05:20:01Z,224347,1042200,1042200,25
2026-08-15T05:20:01Z,224348,2763100,2763100,29
2026-08-15T05:20:01Z,224349,3950000,3950000,28
2026-08-15T05:20:01Z,224350,3950000,39998000,11
2026-08-15T05:20:01Z,224351,3950000,3950000,69
2026-08-15T05:20:01Z,224352,39990000,39990000,11
2026-08-15T05:20:01Z,224353,39900000,39900000,10
2026-08-15T05:20:01Z,224354,3950000,3950000,14
2026-08-15T05:20:01Z,224355,39900000,39900000,10
2026-08-15T05:20:01Z,224356,39990000,39990000,27
2026-08-15T05:20:01Z,224357,39900700,39900700,15
2026-08-15T05:20:01Z,224358,3950000,3950000,20
2026-08-15T05:20:01Z,224359,3950000,3950000,38
2026-08-15T05:20:01Z,224360,39903700,39903700,10
2026-08-15T05:20:01Z,224361,39903000,39903000,12
2026-08-15T05:20:01Z,224362,39999900,39999900,10
2026-08-15T05:20:01Z,224363,39904000,39904000,7
2026-08-15T05:20:01Z,224364,2000000,2000000,52
2026-08-15T05:20:01Z,224365,39908700,39908700,59
2026-08-15T05:20:01Z,224366,3950000,39320300,339
2026-08-15T05:20:01Z,224367,2714100,2714100,22
2026-08-15T05:20:01Z,224368,3000000,3000000,35
2026-08-15T05:20:01Z,224369,4272400,4272400,58
2026-08-15T05:20:01Z,224370,39995000,39995000,10
2026-08-15T05:20:01Z,224371,39995500,39995500,11
2026-08-15T05:20:01Z,224440,15400,15400,264
2026-08-15T05:20:01Z,224441,8500,8500,438
2026-08-15T05:20:01Z,224442,660000,5000000,309
2026-08-15T05:20:01Z,224572,393800,989700,1270
2026-08-15T05:20:01Z,224762,30000,30000,74
2026-08-15T05:20:01Z,224764,600,900,92372
2026-08-15T05:20:01Z,224800,80000,80000,1670
2026-08-15T05:20:01Z,224801,14700,14900,4056
2026-08-15T05:20:01Z,224802,11500,14200,8418
2026-08-15T05:20:01Z,224803,99900,890000,306
2026-08-15T05:20:01Z,224804,19000,19000,2492
2026-08-15T05:20:01Z,224805,6500,7500,6307
2026-08-15T05:20:01Z,224824,1050000,1050000,1052
2026-08-15T05:20:01Z,224826,171100,199900,4818
2026-08-15T05:20:01Z,224828,55000,66700,10103
2026-08-15T05:20:01Z,224832,200000,257300,518
2026-08-15T05:20:01Z,224833,179000,179000,4659
2026-08-15T05:20:01Z,224834,239700,330000,284
2026-08-15T05:20:01Z,225241,380000,380000,93
2026-08-15T05:20:01Z,225242,10000,10000,70
2026-08-15T05:20:01Z,225253,9993400,9993400,25
2026-08-15T05:20:01Z,225416,49009800,49009800,20
2026-08-15T05:20:01Z,225417,49005800,49005800,13
2026-08-15T05:20:01Z,225418,49000600,49000600,20
2026-08-15T05:20:01Z,225419,49000600,49000600,19
2026-08-15T05:20:01Z,225420,49000600,49000600,20
2026-08-15T05:20:01Z,225421,49000300,49000300,10
2026-08-15T05:20:01Z,225422,49009800,49009800,20
2026-08-15T05:20:01Z,225423,49009800,49009800,20
2026-08-15T05:20:01Z,225424,49009800,49009800,19
2026-08-15T05:20:01Z,225425,49000600,49000600,20
2026-08-15T05:20:01Z,225426,290000300,290000300,1
2026-08-15T05:20:01Z,225427,49009800,49009800,20
2026-08-15T05:20:01Z,225428,49009800,49009800,17
2026-08-15T05:20:01Z,225429,49009900,49009900,22
2026-08-15T05:20:01Z,225430,290000600,290000600,1
2026-08-15T05:20:01Z,225543,290003900,290003900,1
2026-08-15T05:20:01Z,225565,1100,1200,3898
2026-08-15T05:20:01Z,225566,400,1000,12024
2026-08-15T05:20:01Z,225567,300,1200,7379
2026-08-15T05:20:01Z,225568,1200,4600,864
2026-08-15T05:20:01Z,225569,600,700,47184
2026-08-15T05:20:01Z,225592,87800,87800,370
2026-08-15T05:20:01Z,225670,900,1100,25146
2026-08-15T05:20:01Z,225671,1300,1600,911
2026-08-15T05:20:01Z,225672,224700,324900,1053
2026-08-15T05:20:01Z,225768,4489900,4499900,267
2026-08-15T05:20:01Z,225784,9908700,9908700,41
2026-08-15T05:20:01Z,225785,990000,49000000,21
2026-08-15T05:20:01Z,225786,49009800,49009800,15
2026-08-15T05:20:01Z,225788,290001100,290001100,1
2026-08-15T05:20:01Z,225789,1500003300,1500003300,2
2026-08-15T05:20:01Z,225790,2990000,49000000,22
2026-08-15T05:20:01Z,225791,49000000,49000000,13
2026-08-15T05:20:01Z,225792,49009800,49009800,14
2026-08-15T05:20:01Z,225793,9990000,9990000,2
2026-08-15T05:20:01Z,225794,290006600,290006600,1
2026-08-15T05:20:01Z,225795,49009900,49009900,20
2026-08-15T05:20:01Z,225796,49000600,49000600,20
2026-08-15T05:20:01Z,225797,1500000500,1500000500,1
2026-08-15T05:20:01Z,225798,5500001600,5500001600,1
2026-08-15T05:20:01Z,225799,5500008900,5500008900,1
2026-08-15T05:20:01Z,225800,290005700,290005700,2
2026-08-15T05:20:01Z,225801,49000000,49000000,25
2026-08-15T05:20:01Z,225802,49001100,49001100,23
2026-08-15T05:20:01Z,225803,700000,700000,19
2026-08-15T05:20:01Z,225804,49000000,49000000,17
2026-08-15T05:20:01Z,225807,2000000,49000000,21
2026-08-15T05:20:01Z,225809,49009800,49009800,25
2026-08-15T05:20:01Z,225810,20000000,48000000,15
2026-08-15T05:20:01Z,225811,290008900,290008900,1
2026-08-15T05:20:01Z,225812,290009500,290009500,1
2026-08-15T05:20:01Z,225813,25000000,48900000,22
2026-08-15T05:20:01Z,225814,429800,429800,38
2026-08-15T05:20:01Z,225815,31500000,49000000,23
2026-08-15T05:20:01Z,225816,49009200,49009200,20
2026-08-15T05:20:01Z,225817,49001900,49001900,11
2026-08-15T05:20:01Z,225818,290008800,290008800,1
2026-08-15T05:20:01Z,225819,290005100,290005100,1
2026-08-15T05:20:01Z,225820,450000,49000000,23
2026-08-15T05:20:01Z,225821,5006900,49006900,21
2026-08-15T05:20:01Z,225822,49007000,49007000,21
2026-08-15T05:20:01Z,225823,49009800,49009800,13
2026-08-15T05:20:01Z,225824,1500009800,1500009800,1
2026-08-15T05:20:01Z,225825,290009400,290009400,1
2026-08-15T05:20:01Z,225826,290009100,290009100,2
2026-08-15T05:20:01Z,225827,49000000,49000000,21
2026-08-15T05:20:01Z,225828,49001700,49001700,12
2026-08-15T05:20:01Z,225829,2500000,49000000,21
2026-08-15T05:20:01Z,225830,49009800,49009800,22
2026-08-15T05:20:01Z,225831,49009500,49009500,20
2026-08-15T05:20:01Z,225832,49009800,49009800,11
2026-08-15T05:20:01Z,225833,49009800,49009800,20
2026-08-15T05:20:01Z,225834,290001400,290001400,2
2026-08-15T05:20:01Z,225835,290008400,290008400,1
2026-08-15T05:20:01Z,225836,99900,49000000,29
2026-08-15T05:20:01Z,225837,45009800,45009800,26
2026-08-15T05:20:01Z,225839,49009800,49009800,13
2026-08-15T05:20:01Z,225840,49002800,49002800,12
2026-08-15T05:20:01Z,225841,290007300,290007300,1
2026-08-15T05:20:01Z,225842,290009400,290009400,1
2026-08-15T05:20:01Z,225843,9990000,49000000,23
2026-08-15T05:20:01Z,225844,1000000,1000000,25
2026-08-15T05:20:01Z,225845,2000000,49000000,23
2026-08-15T05:20:01Z,225846,48999900,48999900,15
2026-08-15T05:20:01Z,225847,290004400,290004400,1
2026-08-15T05:20:01Z,225848,290005200,290005200,1
2026-08-15T05:20:01Z,225849,49009800,49009800,23
2026-08-15T05:20:01Z,225850,99800,99900,27
2026-08-15T05:20:01Z,225852,1989000,1989000,23
2026-08-15T05:20:01Z,225853,290000200,290000200,1
2026-08-15T05:20:01Z,225854,290005800,290005800,3
2026-08-15T05:20:01Z,225875,49001400,49001400,18
2026-08-15T05:20:01Z,225876,10500,15400,2234
2026-08-15T05:20:01Z,225877,27009600,27009600,2
2026-08-15T05:20:01Z,225878,290002000,290002000,1
2026-08-15T05:20:01Z,225879,290008400,290008400,1
2026-08-15T05:20:01Z,225883,500000,590000,3768
2026-08-15T05:20:01Z,225911,6300,10400,30280
2026-08-15T05:20:01Z,225912,15400,15400,1022
2026-08-15T05:20:01Z,225987,9994300,9994300,30
2026-08-15T05:20:01Z,225988,9993100,9993100,25
2026-08-15T05:20:01Z,225989,1890700,9989900,32
2026-08-15T05:20:01Z,225996,36100,36100,259
2026-08-15T05:20:01Z,226022,90000000,90000000,5
2026-08-15T05:20:01Z,226023,54744900,54744900,9
2026-08-15T05:20:01Z,226024,1653800,1653900,19
2026-08-15T05:20:01Z,226025,150000000,150000000,16
2026-08-15T05:20:01Z,226026,19800500,19800500,8
2026-08-15T05:20:01Z,226027,18000000,18000000,13
2026-08-15T05:20:01Z,226028,199900000,199900000,3
2026-08-15T05:20:01Z,226029,15007400,15007400,6
2026-08-15T05:20:01Z,226030,18080000,18639200,83
2026-08-15T05:20:01Z,226031,99989800,99989800,13
2026-08-15T05:20:01Z,226032,4975000,4975000,10
2026-08-15T05:20:01Z,226033,6596500,8000000,34
2026-08-15T05:20:01Z,226034,110000,110000,148
2026-08-15T05:20:01Z,226035,505800,505900,27
2026-08-15T05:20:01Z,226036,999900,3057600,22
2026-08-15T05:20:01Z,226037,21300,21300,28574
2026-08-15T05:20:01Z,226202,900,1000,11181
2026-08-15T05:20:01Z,226204,500,500,13735
2026-08-15T05:20:01Z,226205,300,300,92780
2026-08-15T05:20:01Z,226232,79900,2099900,142
2026-08-15T05:20:01Z,226233,70100,70100,201
2026-08-15T05:20:01Z,226234,9990000,9990000,27
2026-08-15T05:20:01Z,226235,9996800,9996800,24
2026-08-15T05:20:01Z,226236,4509400,9999700,25
2026-08-15T05:20:01Z,226237,7399500,8826700,30
2026-08-15T05:20:01Z,226238,9990000,9990000,32
2026-08-15T05:20:01Z,226524,499999900,499999900,1
2026-08-15T05:20:01Z,226681,990000,990000,6171
2026-08-15T05:20:01Z,226692,600000,600000,45
2026-08-15T05:20:01Z,226811,185700,185700,332
2026-08-15T05:20:01Z,227272,20000,20000,103
2026-08-15T05:20:01Z,227273,502900,9692900,44
2026-08-15T05:20:01Z,227274,9908900,9908900,244
2026-08-15T05:20:01Z,227275,52600,52600,148
2026-08-15T05:20:01Z,227297,9990000,9990000,198
2026-08-15T05:20:01Z,227298,9889900,9889900,111
2026-08-15T05:20:01Z,227299,509900,509900,136
2026-08-15T05:20:01Z,227300,9990000,9990000,124
2026-08-15T05:20:01Z,227301,15000,15000,189
2026-08-15T05:20:01Z,227302,15000,15000,117
2026-08-15T05:20:01Z,227303,106900,106900,87
2026-08-15T05:20:01Z,227304,9863200,9863200,103
2026-08-15T05:20:01Z,227305,12100,12100,260
2026-08-15T05:20:01Z,227306,504600,9904600,103
2026-08-15T05:20:01Z,227307,500000,500000,94
2026-08-15T05:20:01Z,227308,501000,501000,110
2026-08-15T05:20:01Z,227309,309500,409500,107
2026-08-15T05:20:01Z,227310,502600,502600,79
2026-08-15T05:20:01Z,227311,8999900,9902700,130
2026-08-15T05:20:01Z,227312,9900000,9900000,85
2026-08-15T05:20:01Z,227313,2569900,9905500,35
2026-08-15T05:20:01Z,227314,127800,127800,39
2026-08-15T05:20:01Z,227315,508300,508300,253
2026-08-15T05:20:01Z,227316,507300,507300,142
2026-08-15T05:20:01Z,227317,3000,3000,423
2026-08-15T05:20:01Z,227318,10700,10700,145
2026-08-15T05:20:01Z,227319,57900,57900,188
2026-08-15T05:20:01Z,227320,9992700,9992700,180
2026-08-15T05:20:01Z,227321,150000,188900,102
2026-08-15T05:20:01Z,227322,100000,109800,73
2026-08-15T05:20:01Z,227323,200000,200000,169
2026-08-15T05:20:01Z,227324,1990000,1990000,102
2026-08-15T05:20:01Z,227325,1900,1900,254
2026-08-15T05:20:01Z,227326,8000,8000,447
2026-08-15T05:20:01Z,227327,2500,2500,293
2026-08-15T05:20:01Z,227328,197800,197800,262
2026-08-15T05:20:01Z,227329,409800,409800,169
2026-08-15T05:20:01Z,227330,9900000,9900000,183
2026-08-15T05:20:01Z,227331,59900,59900,110
2026-08-15T05:20:01Z,227332,57000,60000,1130
2026-08-15T05:20:01Z,227333,499800,499900,150
2026-08-15T05:20:01Z,227334,302100,302100,54
2026-08-15T05:20:01Z,227335,91100,91100,87
2026-08-15T05:20:01Z,227336,208400,208400,87
2026-08-15T05:20:01Z,227769,300,3900,120953
2026-08-15T05:20:01Z,227770,22500000,28000000,315
2026-08-15T05:20:01Z,227771,600000,600000,1107
2026-08-15T05:20:01Z,227772,4009900,4200000,1599
2026-08-15T05:20:01Z,227773,115000000,123500000,504
2026-08-15T05:20:01Z,227774,1999000000,1999000000,7
2026-08-15T05:20:01Z,228099,10000,10000,156
2026-08-15T05:20:01Z,228194,6500000,6500000,85
2026-08-15T05:20:01Z,228195,260000,260000,25
2026-08-15T05:20:01Z,228231,79800,79900,28607
2026-08-15T05:20:01Z,228232,99900,110000,5204
2026-08-15T05:20:01Z,228233,1041000,1049900,459
2026-08-15T05:20:01Z,228234,1050000,1050000,707
2026-08-15T05:20:01Z,228235,159900,232600,3430
2026-08-15T05:20:01Z,228236,227700,228000,415
2026-08-15T05:20:01Z,228368,1226300,1386300,73
2026-08-15T05:20:01Z,228386,48959800,49009800,22
2026-08-15T05:20:01Z,228387,49009800,49009800,21
2026-08-15T05:20:01Z,228388,999900,9909900,101
2026-08-15T05:20:01Z,228390,49009800,49009800,20
2026-08-15T05:20:01Z,228391,914100,1000000,25
2026-08-15T05:20:01Z,228392,49000100,49000100,24
2026-08-15T05:20:01Z,228393,11500,11500,26
2026-08-15T05:20:01Z,228394,499900,49009900,22
2026-08-15T05:20:01Z,228395,49009800,49009800,21
2026-08-15T05:20:01Z,228396,1579000,1579000,27
2026-08-15T05:20:01Z,228398,1319900,49009900,28
2026-08-15T05:20:01Z,228399,49005400,49005400,18
2026-08-15T05:20:01Z,228400,4500000,15871000,33
2026-08-15T05:20:01Z,228401,58800,68800,130
2026-08-15T05:20:01Z,228402,199900,226500,36
2026-08-15T05:20:01Z,228403,293400,293400,45
2026-08-15T05:20:01Z,228404,11800,11800,1087
2026-08-15T05:20:01Z,228405,1590000,1590000,55
2026-08-15T05:20:01Z,228406,500000,500000,47
2026-08-15T05:20:01Z,228414,8900,8900,1484
2026-08-15T05:20:01Z,228429,1500000100,1500000100,1
2026-08-15T05:20:01Z,228430,49001200,49001200,24
2026-08-15T05:20:01Z,228452,290005100,290005100,2
2026-08-15T05:20:01Z,228453,990003800,990003800,1
2026-08-15T05:20:01Z,228454,49003800,49003800,20
2026-08-15T05:20:01Z,228455,290000100,290000100,1
2026-08-15T05:20:01Z,228456,49007600,49007600,15
2026-08-15T05:20:01Z,228458,290000100,290000100,1
2026-08-15T05:20:01Z,228481,49003800,49003800,20
2026-08-15T05:20:01Z,228482,49003800,49003800,20
2026-08-15T05:20:01Z,228483,49006000,49006000,20
2026-08-15T05:20:01Z,228485,49009800,49009800,20
2026-08-15T05:20:01Z,228487,49003800,49003800,20
2026-08-15T05:20:01Z,228488,49007600,49007600,20
2026-08-15T05:20:01Z,228489,290005100,290005100,1
2026-08-15T05:20:01Z,228490,9903800,9903800,99
2026-08-15T05:20:01Z,228491,9909800,9909800,100
2026-08-15T05:20:01Z,228492,54300,990000,211
2026-08-15T05:20:01Z,228493,50000,990000,206
2026-08-15T05:20:01Z,228494,100000,100000,298
2026-08-15T05:20:01Z,228496,290000000,290000000,1
2026-08-15T05:20:01Z,228497,290000000,290000000,1
2026-08-15T05:20:01Z,228507,6800,6800,121
2026-08-15T05:20:01Z,228509,19100,19100,69
2026-08-15T05:20:01Z,228510,300700,300700,56
2026-08-15T05:20:01Z,228608,9904600,9904600,100
2026-08-15T05:20:01Z,228609,9903800,9903800,98
2026-08-15T05:20:01Z,228720,49005100,49005100,20
2026-08-15T05:20:01Z,228723,49007600,49007600,9
2026-08-15T05:20:01Z,228921,55000,55000,1118
2026-08-15T05:20:01Z,228930,400,400,40033
2026-08-15T05:20:01Z,228953,9994400,9994400,23
2026-08-15T05:20:01Z,228956,40900,60900,1159
2026-08-15T05:20:01Z,228990,9508000,9508000,27
2026-08-15T05:20:01Z,229388,8800,9900,4408
2026-08-15T05:20:01Z,229413,299999900,299999900,7
2026-08-15T05:20:01Z,229809,58300,58300,44
2026-08-15T05:20:01Z,230285,70500,71300,31169
2026-08-15T05:20:01Z,231899,49000100,49000100,20
2026-08-15T05:20:01Z,232005,199900,199900,77
2026-08-15T05:20:01Z,232006,8600,8600,35
2026-08-15T05:20:01Z,232007,2500500,2500500,37
2026-08-15T05:20:01Z,232009,2500000,2500000,58
2026-08-15T05:20:01Z,232011,5669900,5669900,293
2026-08-15T05:20:01Z,232374,330000,330000,296
2026-08-15T05:20:01Z,232375,9909900,9909900,76
2026-08-15T05:20:01Z,232376,1200000,1200000,77
2026-08-15T05:20:01Z,232377,8009900,8009900,91
2026-08-15T05:20:01Z,232378,450000,450000,120
2026-08-15T05:20:01Z,232380,9907600,9907600,166
2026-08-15T05:20:01Z,232385,450000,450000,184
2026-08-15T05:20:01Z,232521,8439900,8439900,100
2026-08-15T05:20:01Z,232532,180000000,180000000,15
2026-08-15T05:20:01Z,232533,2000000,2000000,53
2026-08-15T05:20:01Z,232534,1000100,4805200,84
2026-08-15T05:20:01Z,232632,660000,660000,151
2026-08-15T05:20:01Z,232633,250000,250000,50
2026-08-15T05:20:01Z,232634,5000000,5000000,12
2026-08-15T05:20:01Z,232635,33009400,49009400,22
2026-08-15T05:20:01Z,232636,49006400,49006400,22
2026-08-15T05:20:01Z,232637,290002100,290002100,1
2026-08-15T05:20:01Z,232638,111110000,111110000,2
2026-08-15T05:20:01Z,232874,199000100,199000100,1
2026-08-15T05:20:01Z,232935,18009700,18009700,12
2026-08-15T05:20:01Z,232936,199990000,199990000,6
2026-08-15T05:20:01Z,232937,420000,420000,25
2026-08-15T05:20:01Z,233029,10500,10500,30
2026-08-15T05:20:01Z,233030,58900,58900,36
2026-08-15T05:20:01Z,233031,10009700,10009700,4
2026-08-15T05:20:01Z,233800,290003600,290003600,1
2026-08-15T05:20:01Z,234197,49000000,49000000,14
2026-08-15T05:20:01Z,234203,2439100,2439100,23
2026-08-15T05:20:01Z,234204,10009700,10009700,54
2026-08-15T05:20:01Z,234205,19900,19900,50
2026-08-15T05:20:01Z,234212,49003600,49003600,23
2026-08-15T05:20:01Z,234282,3003000,3003000,91
2026-08-15T05:20:01Z,234287,1500000,1500000,46
2026-08-15T05:20:01Z,234380,252300,252300,50
2026-08-15T05:20:01Z,234381,250000,250000,159
2026-08-15T05:20:01Z,234386,250000,250000,152
2026-08-15T05:20:01Z,234387,250000,250000,127
2026-08-15T05:20:01Z,234415,250000,250000,121
2026-08-15T05:20:01Z,234416,252100,252100,96
2026-08-15T05:20:01Z,234417,250000,250000,170
2026-08-15T05:20:01Z,234418,259500,259500,134
2026-08-15T05:20:01Z,234419,253600,253600,62
2026-08-15T05:20:01Z,234420,250000,250000,190
2026-08-15T05:20:01Z,234466,9990000,9990000,25
2026-08-15T05:20:01Z,234526,3925500,3925500,96
2026-08-15T05:20:01Z,234527,1800000,1800000,31
2026-08-15T05:20:01Z,234718,290005400,290005400,1
2026-08-15T05:20:01Z,234719,290009200,290009200,1
2026-08-15T05:20:01Z,234720,200000300,200000300,3
2026-08-15T05:20:01Z,234722,290001000,290001000,1
2026-08-15T05:20:01Z,234723,200002400,200002400,3
2026-08-15T05:20:01Z,234732,290007700,290007700,1
2026-08-15T05:20:01Z,234733,290009400,290009400,1
2026-08-15T05:20:01Z,234734,44440000,44440000,2
2026-08-15T05:20:01Z,234735,290002900,290002900,1
2026-08-15T05:20:01Z,234736,290008500,290008500,1
2026-08-15T05:20:01Z,234750,290006300,290006300,1
2026-08-15T05:20:01Z,234751,290002100,290002100,1
2026-08-15T05:20:01Z,234752,290000200,290000200,1
2026-08-15T05:20:01Z,234753,290000700,290000700,1
2026-08-15T05:20:01Z,234754,290008300,290008300,1
2026-08-15T05:20:01Z,234972,10000,14000,47
2026-08-15T05:20:01Z,234973,12800,12800,90
2026-08-15T05:20:01Z,235221,20000,20000,439
2026-08-15T05:20:01Z,235230,38800,990000,235
2026-08-15T05:20:01Z,235238,14800,14800,125
2026-08-15T05:20:01Z,235255,92900,93000,407
2026-08-15T05:20:01Z,235273,30000,31300,312
2026-08-15T05:20:01Z,235335,23882800,198000000,8
2026-08-15T05:20:01Z,235336,3330000,3336700,58
2026-08-15T05:20:01Z,235337,1960200,1980000,19
2026-08-15T05:20:01Z,235703,28900,74000,2345
2026-08-15T05:20:01Z,235704,28900,50000,8225
2026-08-15T05:20:01Z,235805,14100,14100,138
2026-08-15T05:20:01Z,235845,8000,10500,3340
2026-08-15T05:20:01Z,235846,1820100,9999900,27
2026-08-15T05:20:01Z,235910,509800,509800,10
2026-08-15T05:20:01Z,236353,86500000,89000000,28
2026-08-15T05:20:01Z,236633,8000,9908000,44
2026-08-15T05:20:01Z,236634,290009400,290009400,1
2026-08-15T05:20:01Z,236635,290000600,290000600,1
2026-08-15T05:20:01Z,236636,290009400,290009400,1
2026-08-15T05:20:01Z,236637,49000300,49000300,14
2026-08-15T05:20:01Z,236638,290000300,290000300,1
2026-08-15T05:20:01Z,236639,290009400,290009400,1
2026-08-15T05:20:01Z,236640,290009400,290009400,1
2026-08-15T05:20:01Z,236646,8000,9900000,68
2026-08-15T05:20:01Z,236647,9880000,9880000,205
2026-08-15T05:20:01Z,236648,9900000,9900000,126
2026-08-15T05:20:01Z,236649,10000,10000,98
2026-08-15T05:20:01Z,236650,5000,5000,185
2026-08-15T05:20:01Z,236651,290009400,290009400,7
2026-08-15T05:20:01Z,236652,290009400,290009400,6
2026-08-15T05:20:01Z,236680,106000,106000,224
2026-08-15T05:20:01Z,236753,52888500,52888500,44
2026-08-15T05:20:01Z,236761,21300,23200,549434
2026-08-15T05:20:01Z,236767,29400,42500,376425
2026-08-15T05:20:01Z,236770,4900,6200,501791
2026-08-15T05:20:01Z,236771,71700,227800,36832
2026-08-15T05:20:01Z,236774,133800,137100,95826
2026-08-15T05:20:01Z,236775,459600,521500,52847
2026-08-15T05:20:01Z,236776,121800,129400,103778
2026-08-15T05:20:01Z,236777,170100,514500,31495
2026-08-15T05:20:01Z,236778,12500,15000,395891
2026-08-15T05:20:01Z,236779,114600,363300,13226
2026-08-15T05:20:01Z,236780,3905500,3945000,30835
2026-08-15T05:20:01Z,236949,9600,9800,354256
2026-08-15T05:20:01Z,236950,9900,9900,312883
2026-08-15T05:20:01Z,236951,7300,7600,234923
2026-08-15T05:20:01Z,236952,4100,4300,371986
2026-08-15T05:20:01Z,236957,129990000,129990000,30
2026-08-15T05:20:01Z,236959,118300,49008300,47
2026-08-15T05:20:01Z,236963,19800,23000,81056
2026-08-15T05:20:01Z,236965,19900,23900,187076
2026-08-15T05:20:01Z,236967,30000000,349999800,224
2026-08-15T05:20:01Z,237015,918700,919800,24309
2026-08-15T05:20:01Z,237016,918600,1115700,122116
2026-08-15T05:20:01Z,237017,555000,649600,92658
2026-08-15T05:20:01Z,237018,477100,492200,36740
2026-08-15T05:20:01Z,237259,99800,99900,18
2026-08-15T05:20:01Z,237260,99900,99900,17
2026-08-15T05:20:01Z,237305,290003700,290003700,1
2026-08-15T05:20:01Z,237313,49009400,49009400,19
2026-08-15T05:20:01Z,237330,500000,500000,215
2026-08-15T05:20:01Z,237331,400000,400000,218
2026-08-15T05:20:01Z,237333,9000000,9000000,230
2026-08-15T05:20:01Z,237334,9350000,9350000,95
2026-08-15T05:20:01Z,237335,743700,743700,199
2026-08-15T05:20:01Z,237359,89900,93000,114689
2026-08-15T05:20:01Z,237361,110700,333300,52092
2026-08-15T05:20:01Z,237362,110000,114300,144515
2026-08-15T05:20:01Z,237363,143400,424100,60655
2026-08-15T05:20:01Z,237364,98700,116800,68869
2026-08-15T05:20:01Z,237365,130200,403900,90596
2026-08-15T05:20:01Z,237366,142000,237400,96138
2026-08-15T05:20:01Z,237367,78700,78700,617
2026-08-15T05:20:01Z,237369,2500000,2500000,1403
2026-08-15T05:20:01Z,237370,1584000,1584000,79
2026-08-15T05:20:01Z,237371,2000000,2000000,1377
2026-08-15T05:20:01Z,237372,2195600,2195600,716
2026-08-15T05:20:01Z,237373,2649700,2649700,1198
2026-08-15T05:20:01Z,238197,319000,319000,9054
2026-08-15T05:20:01Z,238198,609000,609000,1941
2026-08-15T05:20:01Z,238201,90000,95500,10093
2026-08-15T05:20:01Z,238202,1090000,1090000,8238
2026-08-15T05:20:01Z,238203,2189900,2200000,8173
2026-08-15T05:20:01Z,238204,1055000,1055000,13472
2026-08-15T05:20:01Z,238205,2178900,2198700,9624
2026-08-15T05:20:01Z,238209,576500,576500,1307
2026-08-15T05:20:01Z,238212,86500,93200,3738
2026-08-15T05:20:01Z,238213,128000,246100,51851
2026-08-15T05:20:01Z,238365,26500,30000,32238
2026-08-15T05:20:01Z,238366,72500,84000,19969
2026-08-15T05:20:01Z,238367,43200,58000,40354
2026-08-15T05:20:01Z,238368,88700,124700,11308
2026-08-15T05:20:01Z,238369,338900,380000,1345
2026-08-15T05:20:01Z,238370,24900,32000,13586
2026-08-15T05:20:01Z,238371,634000,640500,8670
2026-08-15T05:20:01Z,238372,33000,50800,14397
2026-08-15T05:20:01Z,238373,332600,348500,5805
2026-08-15T05:20:01Z,238374,29000,31700,19644
2026-08-15T05:20:01Z,238375,310000,375000,10293
2026-08-15T05:20:01Z,238376,298900,298900,12507
2026-08-15T05:20:01Z,238377,172700,175500,22829
2026-08-15T05:20:01Z,238378,489500,550000,7756
2026-08-15T05:20:01Z,238379,74900,100000,12016
2026-08-15T05:20:01Z,238380,1549500,1549500,6109
2026-08-15T05:20:01Z,238381,24900,33100,40666
2026-08-15T05:20:01Z,238382,442600,537000,11080
2026-08-15T05:20:01Z,238383,174500,200000,5789
2026-08-15T05:20:01Z,238384,31000,54500,15999
2026-08-15T05:20:01Z,238477,100,14300,1142
2026-08-15T05:20:01Z,238478,100,450000,1183
2026-08-15T05:20:01Z,238479,1300,450000,1195
2026-08-15T05:20:01Z,238480,500,350000,1046
2026-08-15T05:20:01Z,238481,900,450000,1159
2026-08-15T05:20:01Z,238482,1400,5400,1789
2026-08-15T05:20:01Z,238483,100,450000,917
2026-08-15T05:20:01Z,238484,9000,9200,1074
2026-08-15T05:20:01Z,238485,9800,9900,1343
2026-08-15T05:20:01Z,238486,9900,10000,333
2026-08-15T05:20:01Z,238487,1800,10900,2152
2026-08-15T05:20:01Z,238488,10000,12000,366
2026-08-15T05:20:01Z,238489,300,900,1494
2026-08-15T05:20:01Z,238491,1000,450000,478
2026-08-15T05:20:01Z,238492,10000,178200,490
2026-08-15T05:20:01Z,238493,9900,9900,57
2026-08-15T05:20:01Z,238494,100,100,1356
2026-08-15T05:20:01Z,238495,11000,11000,41
2026-08-15T05:20:01Z,238496,10000,100000,121
2026-08-15T05:20:01Z,238511,29000,35000,54738
2026-08-15T05:20:01Z,238512,32400,32400,203858
2026-08-15T05:20:01Z,238513,17300,21800,348881
2026-08-15T05:20:01Z,238514,20500,23700,623992
2026-08-15T05:20:01Z,238518,77800,95100,8078
2026-08-15T05:20:01Z,238519,78100,104400,35701
2026-08-15T05:20:01Z,238520,34800,47300,18353
2026-08-15T05:20:01Z,238521,179000,185000,5526
2026-08-15T05:20:01Z,238522,210700,994600,30138
2026-08-15T05:20:01Z,238523,8800,15000,95833
2026-08-15T05:20:01Z,238525,1249900,1369700,5937
2026-08-15T05:20:01Z,238528,949900,1230100,10718
2026-08-15T05:20:01Z,238529,37968500,37999900,3525
2026-08-15T05:20:01Z,238530,8688800,8840000,2096
2026-08-15T05:20:01Z,238799,5000000,9890000,105
2026-08-15T05:20:01Z,238800,19500,19500,22
2026-08-15T05:20:01Z,238801,150009900,150009900,4
2026-08-15T05:20:01Z,238808,290009300,290009300,3
2026-08-15T05:20:01Z,238810,290009300,290009300,1
2026-08-15T05:20:01Z,238812,999900,1000000,68
2026-08-15T05:20:01Z,238813,290004700,290004700,1
2026-08-15T05:20:01Z,238814,4007100,4007100,22
2026-08-15T05:20:01Z,238832,9995800,19905800,56
2026-08-15T05:20:01Z,238833,20009900,49009900,15
2026-08-15T05:20:01Z,238834,290005000,290005000,1
2026-08-15T05:20:01Z,238836,6900,6900,57
2026-08-15T05:20:01Z,238838,22000,22000,79
2026-08-15T05:20:01Z,238841,2000000,2000000,3
2026-08-15T05:20:01Z,238847,8300,8300,119
2026-08-15T05:20:01Z,238848,30009800,49009900,14
2026-08-15T05:20:01Z,238849,45500000,45500000,4
2026-08-15T05:20:01Z,238851,49000000,49009800,13
2026-08-15T05:20:01Z,238853,290009300,290009300,1
2026-08-15T05:20:01Z,238854,7009700,9009700,33
2026-08-15T05:20:01Z,238855,30700,30700,134
2026-08-15T05:20:01Z,238856,290009300,290009300,1
2026-08-15T05:20:01Z,238865,259300,259300,4
2026-08-15T05:20:01Z,238866,8400,8400,98
2026-08-15T05:20:01Z,238867,23000,23000,106
2026-08-15T05:20:01Z,238868,300000,300000,3
2026-08-15T05:20:01Z,238869,4999800,4999800,50
2026-08-15T05:20:01Z,238870,49009800,49009800,15
2026-08-15T05:20:01Z,238871,290009300,290009300,1
2026-08-15T05:20:01Z,238872,10000,10000,243
2026-08-15T05:20:01Z,238873,20000,20000,127
2026-08-15T05:20:01Z,238874,290004700,290004700,1
2026-08-15T05:20:01Z,238875,29400,29400,32
2026-08-15T05:20:01Z,238876,250000,250000,3
2026-08-15T05:20:01Z,238877,809900,1009900,29
2026-08-15T05:20:01Z,238878,30009900,49009900,17
2026-08-15T05:20:01Z,238879,100009900,100009900,3
2026-08-15T05:20:01Z,238880,10000000,49000000,21
2026-08-15T05:20:01Z,238881,290004700,290004700,1
2026-08-15T05:20:01Z,238882,290004700,290004700,1
2026-08-15T05:20:01Z,238883,3000000,3009700,63
2026-08-15T05:20:01Z,238884,20000,20000,57
2026-08-15T05:20:01Z,238885,50009900,50009900,2
2026-08-15T05:20:01Z,238886,2907300,2907300,66
2026-08-15T05:20:01Z,238887,25000000,25000000,28
2026-08-15T05:20:01Z,238888,275008900,275008900,2
2026-08-15T05:20:01Z,238889,290004700,290004700,1
2026-08-15T05:20:01Z,238896,150000,150000,415
2026-08-15T05:20:01Z,238944,200,200,462
2026-08-15T05:20:01Z,239115,8887200,8887200,4
2026-08-15T05:20:01Z,239129,842400,842400,66
2026-08-15T05:20:01Z,239198,1252000,1781900,7329
2026-08-15T05:20:01Z,239200,1484200,1499400,31094
2026-08-15T05:20:01Z,239201,1829400,1879700,19075
2026-08-15T05:20:01Z,239202,1817500,1817500,21432
2026-08-15T05:20:01Z,239276,41990000,43339200,70
2026-08-15T05:20:01Z,239314,1000000000,1000000000,18
2026-08-15T05:20:01Z,239690,35000,40000,5269
2026-08-15T05:20:01Z,239691,30800,54200,54380
2026-08-15T05:20:01Z,239692,31800,32000,4309
2026-08-15T05:20:01Z,239700,18400,18400,56460
2026-08-15T05:20:01Z,239701,20500,22000,18964
2026-08-15T05:20:01Z,239702,23000,23000,34505
2026-08-15T05:20:01Z,239703,31000,32000,89323
2026-08-15T05:20:01Z,239711,18800,18900,1710
2026-08-15T05:20:01Z,239713,57000,75000,20323
2026-08-15T05:20:01Z,240094,45009900,45009900,17
2026-08-15T05:20:01Z,240133,26989900,28009700,923
2026-08-15T05:20:01Z,240154,19500000,19500000,76
2026-08-15T05:20:01Z,240155,22207700,22207700,699
2026-08-15T05:20:01Z,240156,2500,2500,7337
2026-08-15T05:20:01Z,240157,80000,135000,999
2026-08-15T05:20:01Z,240164,4999500,4999500,519
2026-08-15T05:20:01Z,240165,6009900,6009900,582
2026-08-15T05:20:01Z,240166,3800000,3800000,588
2026-08-15T05:20:01Z,240167,3757400,3757400,2948
2026-08-15T05:20:01Z,240194,59900,117400,528
2026-08-15T05:20:01Z,240216,370000,376600,209
2026-08-15T05:20:01Z,240855,259200,829200,128
2026-08-15T05:20:01Z,240856,1230000,1230000,105
2026-08-15T05:20:01Z,240857,383400,383500,67
2026-08-15T05:20:01Z,240858,4490200,4490200,394
2026-08-15T05:20:01Z,240859,400000,400000,99
2026-08-15T05:20:01Z,240860,1560800,39907400,34
2026-08-15T05:20:01Z,240861,95000,95000,160
2026-08-15T05:20:01Z,240862,1500100,1544300,135
2026-08-15T05:20:01Z,240863,200000,240000,162
2026-08-15T05:20:01Z,240864,1556900,1556900,674
2026-08-15T05:20:01Z,240865,136800,136800,117
2026-08-15T05:20:01Z,240866,1936600,1940400,205
2026-08-15T05:20:01Z,240867,118600,118600,78
2026-08-15T05:20:01Z,240868,2185500,2189800,152
2026-08-15T05:20:01Z,240869,40500,48000,270
2026-08-15T05:20:01Z,240870,1269700,1269700,454
2026-08-15T05:20:01Z,240871,205500,205500,150
2026-08-15T05:20:01Z,240872,1330000,1400000,317
2026-08-15T05:20:01Z,240873,993900,994000,70
2026-08-15T05:20:01Z,240874,1988800,1988800,179
2026-08-15T05:20:01Z,240875,140000,146100,1264
2026-08-15T05:20:01Z,240876,1340000,1990000,90
2026-08-15T05:20:01Z,240877,54400,70000,547
2026-08-15T05:20:01Z,240878,1509800,1509800,207
2026-08-15T05:20:01Z,240879,69900,69900,144
2026-08-15T05:20:01Z,240880,999800,999800,834
2026-08-15T05:20:01Z,240881,69800,70000,276
2026-08-15T05:20:01Z,240882,1349900,1600300,212
2026-08-15T05:20:01Z,240883,45000,50000,150
2026-08-15T05:20:01Z,240884,2810000,2810000,352
2026-08-15T05:20:01Z,240885,199700,199700,315
2026-08-15T05:20:01Z,240886,1300000,1300000,151
2026-08-15T05:20:01Z,240887,5000000,5000000,117
2026-08-15T05:20:01Z,240888,9489900,9489900,180
2026-08-15T05:20:01Z,240889,7999900,8000000,113
2026-08-15T05:20:01Z,240890,9499500,9600000,829
2026-08-15T05:20:01Z,240891,7399900,7399900,326
2026-08-15T05:20:01Z,240892,9240000,9509900,889
2026-08-15T05:20:01Z,240893,5854800,6798700,317
2026-08-15T05:20:01Z,240894,9228100,9400000,573
2026-08-15T05:20:01Z,240895,4507500,4507500,223
2026-08-15T05:20:01Z,240896,9479900,9479900,140
2026-08-15T05:20:01Z,240897,8000000,8853400,142
2026-08-15T05:20:01Z,240898,9600000,9700000,637
2026-08-15T05:20:01Z,240899,5770000,7770000,254
2026-08-15T05:20:01Z,240900,9499800,9509800,770
2026-08-15T05:20:01Z,240901,2008000,4908800,339
2026-08-15T05:20:01Z,240902,9307500,9307500,638
2026-08-15T05:20:01Z,240903,5989700,5989700,269
2026-08-15T05:20:01Z,240904,9497500,9497500,505
2026-08-15T05:20:01Z,240905,5800000,5854900,163
2026-08-15T05:20:01Z,240906,9500000,9600000,803
2026-08-15T05:20:01Z,240907,8698300,8698300,128
2026-08-15T05:20:01Z,240908,9500000,9509300,950
2026-08-15T05:20:01Z,240909,6500000,6500000,250
2026-08-15T05:20:01Z,240910,8508300,9299500,626
2026-08-15T05:20:01Z,240911,1389900,1389900,235
2026-08-15T05:20:01Z,240912,9009800,9009900,138
2026-08-15T05:20:01Z,240913,5000000,5000000,158
2026-08-15T05:20:01Z,240914,9198100,9292300,530
2026-08-15T05:20:01Z,240915,5191100,5200000,270
2026-08-15T05:20:01Z,240916,9290000,9400000,620
2026-08-15T05:20:01Z,240917,5990000,6250000,165
2026-08-15T05:20:01Z,240918,9300000,9300000,185
2026-08-15T05:20:01Z,240966,7801300,7809300,257
2026-08-15T05:20:01Z,240967,12598200,12598200,461
2026-08-15T05:20:01Z,240968,15000000,15000000,141
2026-08-15T05:20:01Z,240969,15288500,15288500,23
2026-08-15T05:20:01Z,240970,8210000,8850000,169
2026-08-15T05:20:01Z,240971,11509800,12999800,290
2026-08-15T05:20:01Z,240972,513000,599900,6445
2026-08-15T05:20:01Z,240973,2250000,2250000,3345
2026-08-15T05:20:01Z,240974,5399400,6483900,420
2026-08-15T05:20:01Z,240975,9799900,9849300,3177
2026-08-15T05:20:01Z,240982,8797300,8797400,190
2026-08-15T05:20:01Z,240983,11859900,11859900,1568
2026-08-15T05:20:01Z,240990,2117800,2140000,25496
2026-08-15T05:20:01Z,240991,31800,32100,76342
2026-08-15T05:20:01Z,241141,7000,7000,1376
2026-08-15T05:20:01Z,241142,5004500,5004500,173
2026-08-15T05:20:01Z,241143,10159900,10159900,129
2026-08-15T05:20:01Z,241144,9999900,11940000,300
2026-08-15T05:20:01Z,241145,9000,9900,2330
2026-08-15T05:20:01Z,241147,58500,128500,1364
2026-08-15T05:20:01Z,241148,294000,294000,1089
2026-08-15T05:20:01Z,241149,7505000,7505000,264
2026-08-15T05:20:01Z,241280,752500,754400,7562
2026-08-15T05:20:01Z,241281,329900,349500,1264
2026-08-15T05:20:01Z,241282,3869700,3889900,4005
2026-08-15T05:20:01Z,241283,1258000,1258300,4370
2026-08-15T05:20:01Z,241286,915300,1995300,281
2026-08-15T05:20:01Z,241287,38700,38800,503
2026-08-15T05:20:01Z,241288,859800,859800,31821
2026-08-15T05:20:01Z,241289,114700,127400,11277
2026-08-15T05:20:01Z,241292,942200,942200,11363
2026-08-15T05:20:01Z,241293,30000,30000,4804
2026-08-15T05:20:01Z,241294,609800,628000,1867
2026-08-15T05:20:01Z,241295,25000,33900,7283
2026-08-15T05:20:01Z,241296,399000,494500,1329
2026-08-15T05:20:01Z,241297,29900,33900,1196
2026-08-15T05:20:01Z,241298,948300,999900,1377
2026-08-15T05:20:01Z,241299,81200,81200,2494
2026-08-15T05:20:01Z,241300,990100,1082000,8245
2026-08-15T05:20:01Z,241301,36800,37800,14750
2026-08-15T05:20:01Z,241302,1062700,1062700,206
2026-08-15T05:20:01Z,241303,37500,37900,1322
2026-08-15T05:20:01Z,241304,758500,890000,50619
2026-08-15T05:20:01Z,241305,30000,37600,73653
2026-08-15T05:20:01Z,241306,365300,378900,1613
2026-08-15T05:20:01Z,241307,41000,47700,6740
2026-08-15T05:20:01Z,241308,1169900,1214800,61977
2026-08-15T05:20:01Z,241309,149300,159000,41634
2026-08-15T05:20:01Z,241310,1960000,1960000,5248
2026-08-15T05:20:01Z,241311,150000,154000,2246
2026-08-15T05:20:01Z,241312,986800,999700,1830
2026-08-15T05:20:01Z,241313,41900,42000,6448
2026-08-15T05:20:01Z,241316,1300000,1500000,5660
2026-08-15T05:20:01Z,241317,238100,240000,2304
2026-08-15T05:20:01Z,241320,3993600,4068100,3337
2026-08-15T05:20:01Z,241321,1599900,1599900,7990
2026-08-15T05:20:01Z,241322,3549100,3669200,9272
2026-08-15T05:20:01Z,241323,1590000,1700000,3984
2026-08-15T05:20:01Z,241324,4194900,4254900,6491
2026-08-15T05:20:01Z,241325,1749900,1749900,8246
2026-08-15T05:20:01Z,241326,4500000,4569900,16127
2026-08-15T05:20:01Z,241327,1958900,1958900,4032
2026-08-15T05:20:01Z,241334,320000,359900,2928
2026-08-15T05:20:01Z,241338,120000,120000,205
2026-08-15T05:20:01Z,241339,30000,33000,21473
2026-08-15T05:20:01Z,242272,2809100,2809100,4308
2026-08-15T05:20:01Z,242273,3350000,3350000,7850
2026-08-15T05:20:01Z,242274,254900,274900,9709
2026-08-15T05:20:01Z,242275,240000,280000,184694
2026-08-15T05:20:01Z,242276,189000,189000,3102
2026-08-15T05:20:01Z,242277,1182800,1182800,6009
2026-08-15T05:20:01Z,242278,418600,440000,3707
2026-08-15T05:20:01Z,242280,277500,277500,3609
2026-08-15T05:20:01Z,242281,330000,340000,1519
2026-08-15T05:20:01Z,242282,366700,366700,3924
2026-08-15T05:20:01Z,242283,59900,64900,2392
2026-08-15T05:20:01Z,242284,53600,200200,6200
2026-08-15T05:20:01Z,242285,191600,191600,12687
2026-08-15T05:20:01Z,242286,86000,86000,20861
2026-08-15T05:20:01Z,242287,88300,88500,13955
2026-08-15T05:20:01Z,242288,38700,39900,2017
2026-08-15T05:20:01Z,242289,19000,19600,9533
2026-08-15T05:20:01Z,242290,59400,59500,4407
2026-08-15T05:20:01Z,242291,475000,477800,1504
2026-08-15T05:20:01Z,242292,54200,54800,10182
2026-08-15T05:20:01Z,242293,47400,47900,3802
2026-08-15T05:20:01Z,242294,19800,19900,1266
2026-08-15T05:20:01Z,242295,53000,75000,2578
2026-08-15T05:20:01Z,242296,60000,63700,2132
2026-08-15T05:20:01Z,242297,59500,60200,5698
2026-08-15T05:20:01Z,242298,149900,153300,19400
2026-08-15T05:20:01Z,242299,9200,10800,29127
2026-08-15T05:20:01Z,242300,28900,111500,1273
2026-08-15T05:20:01Z,242301,170000,179400,14042
2026-08-15T05:20:01Z,242302,5200,5700,10525
2026-08-15T05:20:01Z,242303,14100,17200,2204
2026-08-15T05:20:01Z,242304,3400,3400,5477
2026-08-15T05:20:01Z,242305,3600,3600,870
2026-08-15T05:20:01Z,242306,10300,11700,789
2026-08-15T05:20:01Z,242307,3500,3600,1277
2026-08-15T05:20:01Z,242308,35400,36000,5039
2026-08-15T05:20:01Z,242309,3800,4700,644
2026-08-15T05:20:01Z,242553,610000,619300,5157
2026-08-15T05:20:01Z,242554,600000,603200,8598
2026-08-15T05:20:01Z,242606,607600,607600,13932
2026-08-15T05:20:01Z,242607,600000,600000,12126
2026-08-15T05:20:01Z,242608,580000,600000,4762
2026-08-15T05:20:01Z,242610,600000,600000,6256
2026-08-15T05:20:01Z,242611,630000,630000,2293
2026-08-15T05:20:01Z,242612,657800,658500,2712
2026-08-15T05:20:01Z,242613,610000,615500,9990
2026-08-15T05:20:01Z,242620,776200,788200,77776
2026-08-15T05:20:01Z,242621,1830400,2100300,66422
2026-08-15T05:20:01Z,242639,26000,36800,727937
2026-08-15T05:20:01Z,242640,29800,36200,156393
2026-08-15T05:20:01Z,242641,1000,1300,143971
2026-08-15T05:20:01Z,242642,2500,2500,148267
2026-08-15T05:20:01Z,242643,1000,1500,111997
2026-08-15T05:20:01Z,242644,2400,4200,367092
2026-08-15T05:20:01Z,242645,1100,1100,23586
2026-08-15T05:20:01Z,242646,6700,6700,68763
2026-08-15T05:20:01Z,242647,4000,4000,94519
2026-08-15T05:20:01Z,242712,1907700,2207700,4249
2026-08-15T05:20:01Z,242720,1652600,1652600,3492
2026-08-15T05:20:01Z,242721,1620000,1620000,5061
2026-08-15T05:20:01Z,242722,1589900,1593600,4760
2026-08-15T05:20:01Z,242723,1636900,1639900,2176
2026-08-15T05:20:01Z,242724,1760100,1760100,4612
2026-08-15T05:20:01Z,242725,2150000,2150000,1323
2026-08-15T05:20:01Z,242726,1749300,1749700,1522
2026-08-15T05:20:01Z,242727,1712500,1712500,1957
2026-08-15T05:20:01Z,242786,660000,660000,12254
2026-08-15T05:20:01Z,242787,60000,69400,111766
2026-08-15T05:20:01Z,242788,20000,20400,23475
2026-08-15T05:20:01Z,242789,25400,25400,18021
2026-08-15T05:20:01Z,243060,3100,3200,159723
2026-08-15T05:20:01Z,243197,990006100,990006100,1
2026-08-15T05:20:01Z,243199,2500000900,2500000900,1
2026-08-15T05:20:01Z,243200,49008000,49008000,15
2026-08-15T05:20:01Z,243206,1500008700,1500008700,1
2026-08-15T05:20:01Z,243207,9500008000,9500008000,1
2026-08-15T05:20:01Z,243208,290009400,290009400,1
2026-08-15T05:20:01Z,243209,990008700,990008700,1
2026-08-15T05:20:01Z,243210,990008600,990008600,1
2026-08-15T05:20:01Z,243211,990007800,990007800,1
2026-08-15T05:20:01Z,243215,990008200,990008200,1
2026-08-15T05:20:01Z,243216,49008000,49008000,14
2026-08-15T05:20:01Z,243222,48957900,49007900,19
2026-08-15T05:20:01Z,243223,290000900,290000900,1
2026-08-15T05:20:01Z,243224,49008500,49008500,20
2026-08-15T05:20:01Z,243225,49008400,49008400,20
2026-08-15T05:20:01Z,243226,9500000100,9500000100,1
2026-08-15T05:20:01Z,243227,290008900,290008900,1
2026-08-15T05:20:01Z,243228,990007400,990007400,1
2026-08-15T05:20:01Z,243574,848800,849400,5413
2026-08-15T05:20:01Z,243575,1070000,1104700,460
2026-08-15T05:20:01Z,243576,799400,799400,3898
2026-08-15T05:20:01Z,243577,1979900,2045900,3268
2026-08-15T05:20:01Z,243578,35500,35500,12312
2026-08-15T05:20:01Z,243579,66500,100000,3474
2026-08-15T05:20:01Z,243581,28400,28400,63483
2026-08-15T05:20:01Z,243582,58500,59000,14178
2026-08-15T05:20:01Z,243599,11900,11900,99596
2026-08-15T05:20:01Z,243600,24800,28600,314910
2026-08-15T05:20:01Z,243602,25000,26000,83152
2026-08-15T05:20:01Z,243603,41100,41500,286048
2026-08-15T05:20:01Z,243605,2599600,2859300,20176
2026-08-15T05:20:01Z,243606,4057300,4288300,15944
2026-08-15T05:20:01Z,243733,22000,22200,25883
2026-08-15T05:20:01Z,243734,258700,308200,36869
2026-08-15T05:20:01Z,243735,74000,79000,4618
2026-08-15T05:20:01Z,243736,2884000,2904000,683
2026-08-15T05:20:01Z,243737,409800,629800,162
2026-08-15T05:20:01Z,243738,1280000,1297100,671
2026-08-15T05:20:01Z,243773,30000,39200,204
2026-08-15T05:20:01Z,243774,2000,2800,252
2026-08-15T05:20:01Z,243775,8500,8700,233
2026-08-15T05:20:01Z,243776,9400,9500,262
2026-08-15T05:20:01Z,243777,400,4900,236
2026-08-15T05:20:01Z,243778,15400,15400,258
2026-08-15T05:20:01Z,243779,400,400,189
2026-08-15T05:20:01Z,243780,9800,9900,116
2026-08-15T05:20:01Z,243781,60000,62700,205
2026-08-15T05:20:01Z,243782,9600,9700,164
2026-08-15T05:20:01Z,243783,6300,6300,231
2026-08-15T05:20:01Z,243784,31900,31900,325
2026-08-15T05:20:01Z,243785,9700,9700,197
2026-08-15T05:20:01Z,243786,30300,31500,308
2026-08-15T05:20:01Z,243787,4900,6400,240
2026-08-15T05:20:01Z,243788,9700,9800,215
2026-08-15T05:20:01Z,243789,15100,15400,251
2026-08-15T05:20:01Z,243790,98000,382200,318
2026-08-15T05:20:01Z,243791,49000,50700,209
2026-08-15T05:20:01Z,243792,2500,16600,333
2026-08-15T05:20:01Z,243793,33900,34500,203
2026-08-15T05:20:01Z,243794,29400,39600,302
2026-08-15T05:20:01Z,243795,42900,44400,234
2026-08-15T05:20:01Z,243796,49000,56100,190
2026-08-15T05:20:01Z,243797,960000,968200,3270
2026-08-15T05:20:01Z,243798,193900,193900,994
2026-08-15T05:20:01Z,243799,238600,238600,642
2026-08-15T05:20:01Z,243800,220800,220800,1279
2026-08-15T05:20:01Z,243801,350300,353800,1534
2026-08-15T05:20:01Z,243802,300500,300500,1401
2026-08-15T05:20:01Z,243803,117800,117800,1170
2026-08-15T05:20:01Z,243804,209400,209400,1332
2026-08-15T05:20:01Z,243805,505200,505200,3698
2026-08-15T05:20:01Z,243806,149900,149900,566
2026-08-15T05:20:01Z,243807,296300,296300,1095
2026-08-15T05:20:01Z,243808,230000,238700,1172
2026-08-15T05:20:01Z,243809,99500,99500,955
2026-08-15T05:20:01Z,243810,988400,988500,2417
2026-08-15T05:20:01Z,243811,124600,124600,1146
2026-08-15T05:20:01Z,243812,349500,349500,2263
2026-08-15T05:20:01Z,243813,203400,203400,1901
2026-08-15T05:20:01Z,243814,233700,233700,963
2026-08-15T05:20:01Z,243815,277700,277700,1083
2026-08-15T05:20:01Z,243816,200000,203900,2218
2026-08-15T05:20:01Z,243817,498100,498100,5282
2026-08-15T05:20:01Z,243818,363900,363900,1620
2026-08-15T05:20:01Z,243819,150400,150400,469
2026-08-15T05:20:01Z,243820,937500,937500,278
2026-08-15T05:20:01Z,243821,13365000,13365000,14
2026-08-15T05:20:01Z,243822,3330000,39990000,32
2026-08-15T05:20:01Z,243823,7488800,7488800,38
2026-08-15T05:20:01Z,243844,290000100,290000100,2
2026-08-15T05:20:01Z,243845,290000100,290000100,2
2026-08-15T05:20:01Z,243946,13009900,16979900,110
2026-08-15T05:20:01Z,243947,18949500,18949500,409
2026-08-15T05:20:01Z,243948,57800,59000,507
2026-08-15T05:20:01Z,243949,373500,373500,48
2026-08-15T05:20:01Z,243950,12979900,12979900,17
2026-08-15T05:20:01Z,243951,17066600,17071100,1728
2026-08-15T05:20:01Z,243952,27000000,27000000,123
2026-08-15T05:20:01Z,243953,17367200,18367300,1041
2026-08-15T05:20:01Z,243954,15000,39900,14931
2026-08-15T05:20:01Z,243955,59900,79100,1406
2026-08-15T05:20:01Z,243956,11467100,12000000,132
2026-08-15T05:20:01Z,243957,12982100,12982100,2541
2026-08-15T05:20:01Z,243958,10808500,10808500,72
2026-08-15T05:20:01Z,243959,12485400,12485400,870
2026-08-15T05:20:01Z,243960,50000,50000,262
2026-08-15T05:20:01Z,243961,264900,549900,63
2026-08-15T05:20:01Z,243962,7770000,7770000,33
2026-08-15T05:20:01Z,243963,10501400,10501400,1158
2026-08-15T05:20:01Z,243964,1508800,6340800,29
2026-08-15T05:20:01Z,243965,14937100,14937100,199
2026-08-15T05:20:01Z,243966,3005700,3005700,22
2026-08-15T05:20:01Z,243967,11857700,11859100,1738
2026-08-15T05:20:01Z,243968,4509800,4509800,135
2026-08-15T05:20:01Z,243969,17977500,17977500,249
2026-08-15T05:20:01Z,243970,23000000,24490100,163
2026-08-15T05:20:01Z,243971,31807000,31997000,165
2026-08-15T05:20:01Z,243972,19000000,19000000,100
2026-08-15T05:20:01Z,243973,33868000,33921500,772
2026-08-15T05:20:01Z,243974,19798000,19798000,52
2026-08-15T05:20:01Z,243975,20001800,20001900,71
2026-08-15T05:20:01Z,243976,46989900,50009900,61
2026-08-15T05:20:01Z,243977,47500000,49987600,1238
2026-08-15T05:20:01Z,243978,50000,51000,895
2026-08-15T05:20:01Z,243979,239000,241900,138
2026-08-15T05:20:01Z,243980,4999900,5989900,143
2026-08-15T05:20:01Z,243981,17179800,17181800,1240
2026-08-15T05:20:01Z,243982,16990000,16990000,31
2026-08-15T05:20:01Z,243983,17999800,17999800,431
2026-08-15T05:20:01Z,243984,8900,40000,12013
2026-08-15T05:20:01Z,243985,4500000,9904000,50
2026-08-15T05:20:01Z,243986,15000000,15000000,147
2026-08-15T05:20:01Z,243987,12790600,12790600,422
2026-08-15T05:20:01Z,243988,50000,50000,132
2026-08-15T05:20:01Z,243989,131000,4500000,104
2026-08-15T05:20:01Z,243990,15990000,15990000,30
2026-08-15T05:20:01Z,243991,17099400,17129700,1765
2026-08-15T05:20:01Z,243992,1224900,1224900,39
2026-08-15T05:20:01Z,243993,10980000,10980000,706
2026-08-15T05:20:01Z,243994,7900800,7900800,49
2026-08-15T05:20:01Z,243995,16988900,18005000,264
2026-08-15T05:20:01Z,243996,11009900,11009900,32
2026-08-15T05:20:01Z,243997,30000300,30000500,134
2026-08-15T05:20:01Z,243998,254200,364700,234
2026-08-15T05:20:01Z,243999,22920000,22920000,98
2026-08-15T05:20:01Z,244000,20478300,20478300,10
2026-08-15T05:20:01Z,244001,22979900,22989900,140
2026-08-15T05:20:01Z,244002,15000000,15000000,87
2026-08-15T05:20:01Z,244003,18700000,26009400,358
2026-08-15T05:20:01Z,244004,54500,54700,449
2026-08-15T05:20:01Z,244005,279900,288100,89
2026-08-15T05:20:01Z,244006,15480000,15480000,37
2026-08-15T05:20:01Z,244007,17217100,17225900,1783
2026-08-15T05:20:01Z,244008,9990000,11990000,61
2026-08-15T05:20:01Z,244009,13839900,13839900,323
2026-08-15T05:20:01Z,244010,19900,80000,7249
2026-08-15T05:20:01Z,244011,123000,123300,2392
2026-08-15T05:20:01Z,244012,9900,39900,5152
2026-08-15T05:20:01Z,244013,155000,9901700,110
2026-08-15T05:20:01Z,244014,13000000,50004700,179
2026-08-15T05:20:01Z,244015,12696000,12696000,1736
2026-08-15T05:20:01Z,244016,7991900,21971900,154
2026-08-15T05:20:01Z,244017,12447900,12472800,366
2026-08-15T05:20:01Z,244018,50000,50000,475
2026-08-15T05:20:01Z,244019,98900,99000,198
2026-08-15T05:20:01Z,244020,2509000,2999900,141
2026-08-15T05:20:01Z,244021,12083300,12083300,387
2026-08-15T05:20:01Z,244022,650000,653400,159
2026-08-15T05:20:01Z,244023,18008700,18008700,400
2026-08-15T05:20:01Z,244024,1329900,1999900,82
2026-08-15T05:20:01Z,244025,16600400,16600400,268
2026-08-15T05:20:01Z,244026,5250000,6009900,53
2026-08-15T05:20:01Z,244027,18040000,18040000,98
2026-08-15T05:20:01Z,244028,25749900,25749900,56
2026-08-15T05:20:01Z,244029,25992600,30494000,4005
2026-08-15T05:20:01Z,244030,20000000,20899900,76
2026-08-15T05:20:01Z,244031,26453400,27009400,1656
2026-08-15T05:20:01Z,244032,5000,5300,639
2026-08-15T05:20:01Z,244033,61200,61200,648
2026-08-15T05:20:01Z,244034,8700,9700,137
2026-08-15T05:20:01Z,244035,256700,256700,421
2026-08-15T05:20:01Z,244036,7100,7900,341
2026-08-15T05:20:01Z,244037,97000,97000,120
2026-08-15T05:20:01Z,244038,290009800,290009800,4
2026-08-15T05:20:01Z,244039,286864100,286864100,2
2026-08-15T05:20:01Z,244040,290000100,290000100,2
2026-08-15T05:20:01Z,244041,290000100,290000100,3
2026-08-15T05:20:01Z,244056,40000,40000,148
2026-08-15T05:20:01Z,244057,94700,94700,609
2026-08-15T05:20:01Z,244147,1900000,1900000,10
2026-08-15T05:20:01Z,244148,180000,180000,18
2026-08-15T05:20:01Z,244149,524700,530000,43
2026-08-15T05:20:01Z,244355,9909800,9909800,84
2026-08-15T05:20:01Z,244357,30009800,30009800,31
2026-08-15T05:20:01Z,244358,18500,18500,38
2026-08-15T05:20:01Z,244359,18700,18700,181
2026-08-15T05:20:01Z,244360,24900,24900,36
2026-08-15T05:20:01Z,244361,20200,20200,25
2026-08-15T05:20:01Z,244603,224800,244800,297
2026-08-15T05:20:01Z,244604,709800,739800,583
2026-08-15T05:20:01Z,244607,69900,79900,651
2026-08-15T05:20:01Z,244608,1049800,1049800,873
2026-08-15T05:20:01Z,244631,105000,105000,760
2026-08-15T05:20:01Z,244632,190000,190000,26849
2026-08-15T05:20:01Z,244633,28000000,28000000,201
2026-08-15T05:20:01Z,244634,22199900,22220000,722
2026-08-15T05:20:01Z,244635,959700,1009800,1060
2026-08-15T05:20:01Z,244636,959500,1004800,3527
2026-08-15T05:20:01Z,244637,100000,118400,2731
2026-08-15T05:20:01Z,244638,128300,128300,19383
2026-08-15T05:20:01Z,244639,1085900,1130000,9504
2026-08-15T05:20:01Z,244640,20995000,21000000,95
2026-08-15T05:20:01Z,244641,22899900,23261700,1022
2026-08-15T05:20:01Z,244642,21000000,21000000,129
2026-08-15T05:20:01Z,244643,23499000,23979700,158
2026-08-15T05:20:01Z,244644,406700,406700,130
2026-08-15T05:20:01Z,244645,2750000,2750000,234
2026-08-15T05:20:01Z,244674,393000,393000,504
2026-08-15T05:20:01Z,244675,1730000,1736000,599
2026-08-15T05:20:01Z,244697,86400,86400,252
2026-08-15T05:20:01Z,244698,2704200,2704200,247
2026-08-15T05:20:01Z,244699,86400,86400,466
2026-08-15T05:20:01Z,244700,1879300,1879500,72
2026-08-15T05:20:01Z,244701,86600,86700,704
2026-08-15T05:20:01Z,244702,1655000,2601800,212
2026-08-15T05:20:01Z,244703,99800,99900,565
2026-08-15T05:20:01Z,244704,2813900,2813900,128
2026-08-15T05:20:01Z,244835,113100,113100,184
2026-08-15T05:20:01Z,244838,20500,21000,10300
2026-08-15T05:20:01Z,244839,60000,60000,1295
2026-08-15T05:20:01Z,244854,2508000,2508000,269
2026-08-15T05:20:01Z,245566,900000,980000,28
2026-08-15T05:20:01Z,245591,49009900,49009900,19
2026-08-15T05:20:01Z,245592,19900400,19900400,40
2026-08-15T05:20:01Z,245593,290000800,290000800,1
2026-08-15T05:20:01Z,245594,19900100,19900100,40
2026-08-15T05:20:01Z,245595,49009400,49009400,21
2026-08-15T05:20:01Z,245596,49009900,49009900,20
2026-08-15T05:20:01Z,245597,49001500,49001500,15
2026-08-15T05:20:01Z,245598,290002400,290002400,1
2026-08-15T05:20:01Z,245599,290005800,290005800,2
2026-08-15T05:20:01Z,245606,19908800,19908800,35
2026-08-15T05:20:01Z,245607,19909000,19909000,40
2026-08-15T05:20:01Z,245608,19900400,19900400,40
2026-08-15T05:20:01Z,245609,49002600,49002600,21
2026-08-15T05:20:01Z,245764,4261300,25009900,3511
2026-08-15T05:20:01Z,245765,2672300,2672300,206
2026-08-15T05:20:01Z,245766,205800,227900,10901
2026-08-15T05:20:01Z,245767,843200,843200,5288
2026-08-15T05:20:01Z,245781,400800,790800,200
2026-08-15T05:20:01Z,245782,2230000,2230000,389
2026-08-15T05:20:01Z,245783,272500,351000,252
2026-08-15T05:20:01Z,245784,2200000,2417700,665
2026-08-15T05:20:01Z,245785,949800,1009800,829
2026-08-15T05:20:01Z,245786,3500000,5007300,1374
2026-08-15T05:20:01Z,245787,398400,398400,346
2026-08-15T05:20:01Z,245788,4006300,4006300,1361
2026-08-15T05:20:01Z,245789,271900,272300,304
2026-08-15T05:20:01Z,245790,2315700,2449800,1099
2026-08-15T05:20:01Z,245791,291200,509300,418
2026-08-15T05:20:01Z,245792,4002500,4502500,330
2026-08-15T05:20:01Z,245794,939900,1128200,161
2026-08-15T05:20:01Z,245795,128700,128700,164
2026-08-15T05:20:01Z,245796,2220000,2220000,229
2026-08-15T05:20:01Z,245797,140000,150100,103
2026-08-15T05:20:01Z,245798,1175400,1175600,178
2026-08-15T05:20:01Z,245799,109400,109400,149
2026-08-15T05:20:01Z,245800,449000,449000,76
2026-08-15T05:20:01Z,245801,148000,148000,10816
2026-08-15T05:20:01Z,245802,783900,784000,2472
2026-08-15T05:20:01Z,245803,95900,95900,12980
2026-08-15T05:20:01Z,245804,429500,489600,7871
2026-08-15T05:20:01Z,245805,415100,430000,5682
2026-08-15T05:20:01Z,245806,1519100,1519100,3554
2026-08-15T05:20:01Z,245807,19300,19500,58988
2026-08-15T05:20:01Z,245808,30600,31000,64988
2026-08-15T05:20:01Z,245814,989700,989700,394
2026-08-15T05:20:01Z,245815,2100000,2100000,392
2026-08-15T05:20:01Z,245816,798500,798500,706
2026-08-15T05:20:01Z,245817,2600000,2667000,822
2026-08-15T05:20:01Z,245818,1142600,1142600,321
2026-08-15T05:20:01Z,245819,2434200,2434200,546
2026-08-15T05:20:01Z,245820,485100,485100,131
2026-08-15T05:20:01Z,245821,1900100,1900100,55
2026-08-15T05:20:01Z,245822,869700,869700,475
2026-08-15T05:20:01Z,245823,2250000,2339500,326
2026-08-15T05:20:01Z,245824,1327000,1327000,656
2026-08-15T05:20:01Z,245825,2289700,2289700,245
2026-08-15T05:20:01Z,245826,982500,982500,198
2026-08-15T05:20:01Z,245827,2669300,2671900,378
2026-08-15T05:20:01Z,245830,4278500,4312200,1232
2026-08-15T05:20:01Z,245831,97400,110000,533
2026-08-15T05:20:01Z,245832,99800,99900,282
2026-08-15T05:20:01Z,245833,109700,109700,506
2026-08-15T05:20:01Z,245834,117800,137500,1081
2026-08-15T05:20:01Z,245835,116300,119800,630
2026-08-15T05:20:01Z,245836,104900,118800,971
2026-08-15T05:20:01Z,245837,100800,101100,267
2026-08-15T05:20:01Z,245838,3880000,3988200,887
2026-08-15T05:20:01Z,245839,99900,151100,617
2026-08-15T05:20:01Z,245840,110000,140000,264
2026-08-15T05:20:01Z,245841,110000,150000,387
2026-08-15T05:20:01Z,245842,119900,125500,566
2026-08-15T05:20:01Z,245843,141100,200000,1849
2026-08-15T05:20:01Z,245844,110000,147400,344
2026-08-15T05:20:01Z,245845,150000,159800,189
2026-08-15T05:20:01Z,245847,4494800,4495000,551
2026-08-15T05:20:01Z,245848,110000,114000,331
2026-08-15T05:20:01Z,245849,99900,100000,541
2026-08-15T05:20:01Z,245850,155000,157500,327
2026-08-15T05:20:01Z,245851,147300,155000,446
2026-08-15T05:20:01Z,245852,145500,147200,634
2026-08-15T05:20:01Z,245853,149900,150000,609
2026-08-15T05:20:01Z,245854,108800,119900,600
2026-08-15T05:20:01Z,245856,3650000,3699900,465
2026-08-15T05:20:01Z,245857,143900,148000,733
2026-08-15T05:20:01Z,245858,107900,107900,180
2026-08-15T05:20:01Z,245859,149700,149800,271
2026-08-15T05:20:01Z,245860,154900,157700,354
2026-08-15T05:20:01Z,245861,99900,134900,507
2026-08-15T05:20:01Z,245862,140000,166100,497
2026-08-15T05:20:01Z,245863,128600,128800,318
2026-08-15T05:20:01Z,245864,138700,138700,5371
2026-08-15T05:20:01Z,245865,4000,5500,15970
2026-08-15T05:20:01Z,245866,199900,259500,7690
2026-08-15T05:20:01Z,245867,9400,9400,7514
2026-08-15T05:20:01Z,245871,2000000,4000000,22
2026-08-15T05:20:01Z,245872,6505000,6505000,278
2026-08-15T05:20:01Z,245873,4990000,4990000,32
2026-08-15T05:20:01Z,245874,5480000,6490000,247
2026-08-15T05:20:01Z,245875,3884700,3884900,102
2026-08-15T05:20:01Z,245876,4250000,4500000,630
2026-08-15T05:20:01Z,245877,4900000,4900000,22
2026-08-15T05:20:01Z,245878,4984300,5774300,121
2026-08-15T05:20:01Z,245879,2989700,3000000,1328
2026-08-15T05:20:01Z,245880,4660000,4979900,5473
2026-08-15T05:20:01Z,245881,5600,5600,95232
2026-08-15T05:20:01Z,245882,1000,2700,59626
2026-08-15T05:20:01Z,246063,100000100,100000100,3
2026-08-15T05:20:01Z,246376,3500000,9900000,49
2026-08-15T05:20:01Z,246383,84500,84500,512
2026-08-15T05:20:01Z,246447,213200,285500,25747
2026-08-15T05:20:01Z,246448,405100,432500,18837
2026-08-15T05:20:01Z,246449,1185100,1441000,3559
2026-08-15T05:20:01Z,246584,290002500,290002500,1
2026-08-15T05:20:01Z,247672,30000,70000,490
2026-08-15T05:20:01Z,247673,259900,259900,1489
2026-08-15T05:20:01Z,247692,93900,93900,292
2026-08-15T05:20:01Z,247693,9900100,9900100,161
2026-08-15T05:20:01Z,247694,609800,609800,135
2026-08-15T05:20:01Z,247695,4177100,4177100,43
2026-08-15T05:20:01Z,247696,18700,18700,201
2026-08-15T05:20:01Z,247698,192400,192400,379
2026-08-15T05:20:01Z,247699,9748000,9748000,164
2026-08-15T05:20:01Z,247700,9906200,9906200,85
2026-08-15T05:20:01Z,248130,90000,100000,2546
2026-08-15T05:20:01Z,248132,199800,200000,297
2026-08-15T05:20:01Z,248133,3133100,3133100,233
2026-08-15T05:20:01Z,248135,1900,1900,436
2026-08-15T05:20:01Z,248136,174800,174800,133
2026-08-15T05:20:01Z,248137,494800,494800,975
2026-08-15T05:20:01Z,248138,94800,94800,225
2026-08-15T05:20:01Z,248331,15000,15000,229
2026-08-15T05:20:01Z,248409,449800,500000,1536
2026-08-15T05:20:01Z,248486,450000,450000,1662
2026-08-15T05:20:01Z,248585,15700,15700,100
2026-08-15T05:20:01Z,248586,460000,460000,61
2026-08-15T05:20:01Z,248592,173700,173700,237
2026-08-15T05:20:01Z,249218,60000,360000,2536
2026-08-15T05:20:01Z,249700,33299100,33299100,55
2026-08-15T05:20:01Z,249702,19998500,19998500,90
2026-08-15T05:20:01Z,249704,67009600,67009600,28
2026-08-15T05:20:01Z,249706,3861500,3861500,26
2026-08-15T05:20:01Z,249707,1242700,1242700,111
2026-08-15T05:20:01Z,249708,3500000,3500000,229
2026-08-15T05:20:01Z,250305,4990000,19900000,46
2026-08-15T05:20:01Z,250317,100000,49000000,22
2026-08-15T05:20:01Z,250856,300000,300000,59
2026-08-15T05:20:01Z,250857,9900000,9900000,21
2026-08-15T05:20:01Z,250858,15000000,15000000,4
2026-08-15T05:20:01Z,250859,15000000,15000000,3
2026-08-15T05:20:01Z,250860,195028800,195028800,2
2026-08-15T05:20:01Z,250861,195028800,195028800,3
2026-08-15T05:20:01Z,250862,199008900,199008900,7
2026-08-15T05:20:01Z,250864,199008900,199008900,1
2026-08-15T05:20:01Z,250865,208900,208900,31
2026-08-15T05:20:01Z,250866,199008900,199008900,1
2026-08-15T05:20:01Z,250867,199008900,199008900,1
2026-08-15T05:20:01Z,250871,199008900,199008900,1
2026-08-15T05:20:01Z,251283,2131500,2395000,9079
2026-08-15T05:20:01Z,251285,4204800,4325700,9897
2026-08-15T05:20:01Z,251487,132000,132000,795
2026-08-15T05:20:01Z,251488,3749200,3749400,300
2026-08-15T05:20:01Z,251489,1450000,1450000,113
2026-08-15T05:20:01Z,251490,5990000,5990000,1411
2026-08-15T05:20:01Z,251665,900,900,288349
2026-08-15T05:20:01Z,251691,500,700,450917
2026-08-15T05:20:01Z,251923,326600,412500,26052
2026-08-15T05:20:01Z,253302,3200,4900,202505
2026-08-15T05:20:01Z,253303,2300,2300,142861
2026-08-15T05:20:01Z,253307,4043500,4900000,3618
2026-08-15T05:20:01Z,253403,20000,36300,1866456
2026-08-15T05:20:01Z,253622,99443500,99443500,9
2026-08-15T05:20:01Z,253623,290001100,290001100,11
2026-08-15T05:20:01Z,254874,240000,240000,69
2026-08-15T05:20:01Z,255843,20000,20000,177
2026-08-15T05:20:01Z,255844,29400,30000,122
2026-08-15T05:20:01Z,255845,3000000,3490000,4539
2026-08-15T05:20:01Z,255846,2460000,2470000,22969
2026-08-15T05:20:01Z,255847,342600,697800,63810
2026-08-15T05:20:01Z,255848,274400,280000,9592
2026-08-15T05:20:01Z,256559,600,1300,346841
2026-08-15T05:20:01Z,257735,8000,8000,187
2026-08-15T05:20:01Z,257741,148500,148500,175
2026-08-15T05:20:01Z,257745,69300,69300,173
2026-08-15T05:20:01Z,257746,1157600,1159800,63
2026-08-15T05:20:01Z,257747,70000,70000,124
2026-08-15T05:20:01Z,257748,2465300,2490000,159
2026-08-15T05:20:01Z,257749,190000,190000,43
2026-08-15T05:20:01Z,257750,1708500,1708500,107
2026-08-15T05:20:01Z,257751,2010000,2010000,203
2026-08-15T05:20:01Z,257752,1498400,1498400,148
2026-08-15T05:20:01Z,259085,5434000,5755000,19272
2026-08-15T05:20:01Z,259894,9900,109500,6191
2026-08-15T05:20:01Z,260232,610000,610000,159
2026-08-15T05:20:01Z,260254,1500,5500,718
2026-08-15T05:20:01Z,260255,9900,9900,1025
2026-08-15T05:20:01Z,260256,9600,9600,549
2026-08-15T05:20:01Z,260257,9900,9900,651
2026-08-15T05:20:01Z,260258,7700,7700,2879
2026-08-15T05:20:01Z,260259,62100,62100,1198
2026-08-15T05:20:01Z,260260,9500,9500,2558
2026-08-15T05:20:01Z,260261,9100,9100,2877
2026-08-15T05:20:01Z,260262,7600,7600,609
2026-08-15T05:20:01Z,260263,7200,7200,881
2026-08-15T05:20:01Z,260264,8900,8900,1285
2026-08-15T05:20:01Z,260267,9500,9500,486
2026-08-15T05:20:01Z,260268,9000,9000,440
2026-08-15T05:20:01Z,260269,10600,10600,339
2026-08-15T05:20:01Z,260270,29900,29900,470
2026-08-15T05:20:01Z,260271,485100,485100,1238
2026-08-15T05:20:01Z,260272,26900,26900,614
2026-08-15T05:20:01Z,260273,92700,92700,1151
2026-08-15T05:20:01Z,260274,140000,140000,948
2026-08-15T05:20:01Z,260275,154400,154400,367
2026-08-15T05:20:01Z,260276,17800,17800,799
2026-08-15T05:20:01Z,260277,29000,29000,763
2026-08-15T05:20:01Z,260278,7700,7700,529
2026-08-15T05:20:01Z,260279,76200,76200,570
2026-08-15T05:20:01Z,260280,48800,48800,474
2026-08-15T05:20:01Z,260281,82900,82900,383
2026-08-15T05:20:01Z,260282,68500,68500,779
2026-08-15T05:20:01Z,260283,58000,58000,617
2026-08-15T05:20:01Z,260284,21100,21100,1486
2026-08-15T05:20:01Z,260285,12000,12000,2892
2026-08-15T05:20:01Z,260286,901100,901100,571
2026-08-15T05:20:01Z,260287,29500,29500,1416
2026-08-15T05:20:01Z,260288,29800,29800,728
2026-08-15T05:20:01Z,260289,65500,65500,705
2026-08-15T05:20:01Z,260290,3300,4700,4482
2026-08-15T05:20:01Z,260291,16900,16900,271
2026-08-15T05:20:01Z,260292,200000,200000,1107
2026-08-15T05:20:01Z,260293,39500,39500,714
2026-08-15T05:20:01Z,260294,65000,65000,602
2026-08-15T05:20:01Z,260295,509900,509900,635
2026-08-15T05:20:01Z,260296,509900,509900,877
2026-08-15T05:20:01Z,260297,94300,94300,935
2026-08-15T05:20:01Z,260298,490000,490000,1487
2026-08-15T05:20:01Z,260299,489900,489900,1268
2026-08-15T05:20:01Z,260309,6700,6800,298
2026-08-15T05:20:01Z,260428,9902000,9902000,100
2026-08-15T05:20:01Z,260429,9800000,9800000,94
2026-08-15T05:20:01Z,260588,9909900,9909900,49
2026-08-15T05:20:01Z,260589,290000200,290000200,1
2026-08-15T05:20:01Z,260604,18400,18400,158
2026-08-15T05:20:01Z,260605,24900,24900,46
2026-08-15T05:20:01Z,260606,18800,18900,343
2026-08-15T05:20:01Z,260608,216700,216700,52
2026-08-15T05:20:01Z,260611,19900,19900,35
2026-08-15T05:20:01Z,260613,53000,53200,137
2026-08-15T05:20:01Z,260614,7300,7300,1789
2026-08-15T05:20:01Z,260615,6400,6400,597
2026-08-15T05:20:01Z,260616,298700,298700,51
2026-08-15T05:20:01Z,260617,22100,22100,50
2026-08-15T05:20:01Z,260618,19600,19700,216
2026-08-15T05:20:01Z,260619,254000,254000,52
2026-08-15T05:20:01Z,260620,6400,6400,178
2026-08-15T05:20:01Z,260621,19200,19200,89
2026-08-15T05:20:01Z,260636,18800,18800,200
2026-08-15T05:20:01Z,260637,19200,19200,179
2026-08-15T05:20:01Z,260638,20600,20600,708
2026-08-15T05:20:01Z,260639,18700,18700,557
2026-08-15T05:20:01Z,260640,20400,20400,95
2026-08-15T05:20:01Z,260641,27700,27700,53
2026-08-15T05:20:01Z,260642,30000,33200,240
2026-08-15T05:20:01Z,260643,22000,22500,123
2026-08-15T05:20:01Z,260644,28000,28000,90
2026-08-15T05:20:01Z,260645,19700,19700,181
2026-08-15T05:20:01Z,260646,19300,19300,304
2026-08-15T05:20:01Z,260647,21200,21200,176
2026-08-15T05:20:01Z,260648,19100,19100,469
2026-08-15T05:20:01Z,260649,20600,20600,112
2026-08-15T05:20:01Z,260650,19600,19600,375
2026-08-15T05:20:01Z,260651,19600,19600,1069
2026-08-15T05:20:01Z,260652,20800,20900,128
2026-08-15T05:20:01Z,260653,7200,7200,265
2026-08-15T05:20:01Z,260654,7400,7400,231
2026-08-15T05:20:01Z,260655,6200,6200,646
2026-08-15T05:20:01Z,260656,7100,7100,258
2026-08-15T05:20:01Z,260657,6400,6400,557
2026-08-15T05:20:01Z,260658,9300,9300,205
2026-08-15T05:20:01Z,260659,7000,7000,2787
2026-08-15T05:20:01Z,260660,7100,7100,1577
2026-08-15T05:20:01Z,260661,6400,6400,567
2026-08-15T05:20:01Z,260662,6800,6800,648
2026-08-15T05:20:01Z,260663,7500,7500,115
2026-08-15T05:20:01Z,260664,6900,7000,936
2026-08-15T05:20:01Z,260665,6800,6800,503
2026-08-15T05:20:01Z,260666,6400,6400,137
2026-08-15T05:20:01Z,260667,9200,9200,44
2026-08-15T05:20:01Z,260668,6100,6100,27
2026-08-15T05:20:01Z,260669,6200,6200,308
2026-08-15T05:20:01Z,260670,6100,6100,290
2026-08-15T05:20:01Z,260671,7400,7400,187
2026-08-15T05:20:01Z,260672,9700,9800,220
2026-08-15T05:20:01Z,260673,6200,6200,134
2026-08-15T05:20:01Z,260674,9989900,9989900,4
2026-08-15T05:20:01Z,260675,229900,229900,48
2026-08-15T05:20:01Z,260676,260000,260000,66
2026-08-15T05:20:01Z,260677,238500,238500,164
2026-08-15T05:20:01Z,260678,242000,242100,53
2026-08-15T05:20:01Z,260679,218700,218700,7
2026-08-15T05:20:01Z,260680,218600,218600,11
2026-08-15T05:20:01Z,260681,350000,350000,20
2026-08-15T05:20:01Z,260683,257500,257500,107
2026-08-15T05:20:01Z,260684,255100,255100,71
2026-08-15T05:20:01Z,260685,261600,261600,142
2026-08-15T05:20:01Z,260686,262200,262200,59
2026-08-15T05:20:01Z,260687,233500,233500,263
2026-08-15T05:20:01Z,260688,249900,249900,26
2026-08-15T05:20:01Z,260689,253200,253200,65
2026-08-15T05:20:01Z,260690,218200,218200,28
2026-08-15T05:20:01Z,260691,243900,243900,19
2026-08-15T05:20:01Z,260692,230500,230500,60
2026-08-15T05:20:01Z,260693,788900,789900,191
2026-08-15T05:20:01Z,260694,250100,250100,13
2026-08-15T05:20:01Z,260695,235900,235900,18
2026-08-15T05:20:01Z,262562,19902000,19902000,38
2026-08-15T05:20:01Z,262563,19902000,19902000,40
2026-08-15T05:20:01Z,262564,19902000,19902000,40
2026-08-15T05:20:01Z,262650,29900,37600,1922
2026-08-15T05:20:01Z,262651,24600,25000,1628
2026-08-15T05:20:01Z,262792,36600,43900,8758
2026-08-15T05:20:01Z,262793,4000000,4000000,1277
2026-08-15T05:20:01Z,262794,99500000,99999800,81
2026-08-15T05:20:01Z,262795,490009000,490009000,21
2026-08-15T05:20:01Z,262796,999999900,1040000000,22
2026-08-15T05:20:01Z,262797,132000,132000,2008
2026-08-15T05:20:01Z,262798,4550000,4659200,530
2026-08-15T05:20:01Z,262799,98999800,99999700,51
2026-08-15T05:20:01Z,262800,520000000,539000000,12
2026-08-15T05:20:01Z,262880,3499900,3499900,79
2026-08-15T05:20:01Z,264973,708000,708000,144
2026-08-15T05:20:01Z,264981,149900,149900,527
2026-08-15T05:20:01Z,264982,149900,149900,446
2026-08-15T05:20:01Z,264983,74500,74500,504
2026-08-15T05:20:01Z,264984,89300,89300,613
2026-08-15T05:20:01Z,264985,9900,9900,455
2026-08-15T05:20:01Z,264987,9900,9900,709
2026-08-15T05:20:01Z,264989,29900,29900,497
2026-08-15T05:20:01Z,264990,155500,155500,207
2026-08-15T05:20:01Z,264991,309900,309900,428
2026-08-15T05:20:01Z,264992,199900,199900,395
2026-08-15T05:20:01Z,264993,701100,701100,258
2026-08-15T05:20:01Z,264994,689900,689900,185
2026-08-15T05:20:01Z,264995,709900,709900,273
2026-08-15T05:20:01Z,265040,290007600,290007600,1
2026-08-15T05:20:01Z,265041,900000,900000,33
2026-08-15T05:20:01Z,265043,290007600,290007600,1
2026-08-15T05:20:01Z,265044,990007600,990007600,1
2026-08-15T05:20:01Z,265048,290007600,290007600,1
2026-08-15T05:20:01Z,265049,290007600,290007600,1
2026-08-15T05:20:01Z,265050,290007600,290007600,1
2026-08-15T05:20:01Z,265051,1000000,8280000,28
2026-08-15T05:20:01Z,265052,290005200,290005200,1
2026-08-15T05:20:01Z,265053,290007600,290007600,1
2026-08-15T05:20:01Z,265054,9300,9300,58
2026-08-15T05:20:01Z,265055,8431032900,8431032900,1
2026-08-15T05:20:01Z,265664,250000,250000,416
2026-08-15T05:20:01Z,265665,250000,250000,458
2026-08-15T05:20:01Z,265666,190000,190000,461
2026-08-15T05:20:01Z,265667,40000,40000,457
2026-08-15T05:20:01Z,265668,79900,79900,294
2026-08-15T05:20:01Z,265669,40000,40000,265
2026-08-15T05:20:01Z,265800,120000,143200,21770
2026-08-15T05:20:01Z,265801,145000,151500,2665
2026-08-15T05:20:01Z,265803,9909900,10800000,924
2026-08-15T05:20:01Z,265816,200000,200000,11
2026-08-15T05:20:01Z,265828,498000,498000,5
2026-08-15T05:20:01Z,266002,5800,8000,264
2026-08-15T05:20:01Z,266102,35000,450000,1109
2026-08-15T05:20:01Z,267379,70000,180000,171
2026-08-15T05:20:01Z,267486,265000,265000,310
2026-08-15T05:20:01Z,267615,108600,108600,116
2026-08-15T05:20:01Z,267617,136000,136000,82
2026-08-15T05:20:01Z,267618,9800,9800,71
2026-08-15T05:20:01Z,267619,690000,690000,257
2026-08-15T05:20:01Z,267623,501100,501100,182
2026-08-15T05:20:01Z,267624,46600,46600,105
2026-08-15T05:20:01Z,267625,2994000,2994000,163
2026-08-15T05:20:01Z,267626,650000,650000,122
2026-08-15T05:20:01Z,267627,600000,600000,131
2026-08-15T05:20:01Z,267628,9997900,9997900,22
2026-08-15T05:20:01Z,267650,20000,30000,75
2026-08-15T05:20:01Z,267652,309900,309900,79
2026-08-15T05:20:01Z,268025,100000,100000,82
2026-08-15T05:20:01Z,268053,989900,989900,112
2026-08-15T05:20:01Z,268068,50000,50000,179
2026-08-15T05:20:01Z,268085,1520000,1520000,71
2026-08-15T05:20:01Z,268110,50000,50000,78
2026-08-15T05:20:01Z,268111,1990000,185950000,41
2026-08-15T05:20:01Z,268112,50000,50000,79
2026-08-15T05:20:01Z,268115,350000,350000,349
2026-08-15T05:20:01Z,268116,200000,200000,130
2026-08-15T05:20:01Z,268954,30000,33000,6142
2026-08-15T05:20:01Z,268955,99300,99400,270
2026-08-15T05:20:01Z,269586,1100000,1100000,1781
2026-08-15T05:20:01Z,270898,50000000,50000000,1038
2026-08-15T05:20:01Z,270899,50000000,50000000,76
2026-08-15T05:20:01Z,271883,221400,221500,45728
2026-08-15T05:20:01Z,271884,2820400,2820400,5639
2026-08-15T05:20:01Z,271886,349900,350000,25256
2026-08-15T05:20:01Z,271887,2990000,2990000,13364
2026-08-15T05:20:01Z,272046,7400,7600,96
2026-08-15T05:20:01Z,272047,7700,7900,74
2026-08-15T05:20:01Z,272048,5400,5400,55
2026-08-15T05:20:01Z,272049,5100,5300,102
2026-08-15T05:20:01Z,272051,18600,18600,57
2026-08-15T05:20:01Z,272052,90000,98800,75
2026-08-15T05:20:01Z,272109,5100,6000,53
2026-08-15T05:20:01Z,272110,7400,7500,101
2026-08-15T05:20:01Z,272111,39900,40000,28
2026-08-15T05:20:01Z,272112,25000,25000,36
2026-08-15T05:20:01Z,272113,350000,400000,29
2026-08-15T05:20:01Z,272114,9900,9900,68
2026-08-15T05:20:01Z,272115,16300,16300,76
2026-08-15T05:20:01Z,272116,5100,5100,60
2026-08-15T05:20:01Z,272117,5100,5100,61
2026-08-15T05:20:01Z,272118,5400,6200,142
2026-08-15T05:20:01Z,272119,8600,8600,66
2026-08-15T05:20:01Z,272120,50000,70000,61
2026-08-15T05:20:01Z,272194,4391100,4400000,626
2026-08-15T05:20:01Z,272195,8808900,8809000,6685
2026-08-15T05:20:01Z,272892,10900,10900,39
2026-08-15T05:20:01Z,272893,140000,49000000,22
2026-08-15T05:20:01Z,272894,10000,10000,28
2026-08-15T05:20:01Z,273013,1406500,1406500,25
2026-08-15T05:20:01Z,273014,9000,9200,76
2026-08-15T05:20:01Z,273059,2221300,3509800,154
2026-08-15T05:20:01Z,273060,8996800,8996800,114
2026-08-15T05:20:01Z,273071,17007800,17007800,70
2026-08-15T05:20:01Z,273072,15999500,19246000,328
2026-08-15T05:20:01Z,274464,134200,199900,7427
2026-08-15T05:20:01Z,274468,56600,59500,24516
2026-08-15T05:20:01Z,274469,150000,229500,5628
2026-08-15T05:20:01Z,274470,26000,86700,105188
2026-08-15T05:20:01Z,274471,150000,156800,6881
2026-08-15T05:20:01Z,274472,39900,57500,57460
2026-08-15T05:20:01Z,274473,272300,274400,8228
2026-08-15T05:20:01Z,274474,299900,309200,2770
2026-08-15T05:20:01Z,274475,73300,79900,15250
2026-08-15T05:20:01Z,274587,189400,199600,80580
2026-08-15T05:20:01Z,274588,64700,96900,48987
2026-08-15T05:20:01Z,274589,1352400,1484900,15272
2026-08-15T05:20:01Z,274590,45000,79500,39572
2026-08-15T05:20:01Z,274592,80500,138000,30401
2026-08-15T05:20:01Z,274593,279900,324500,24519
2026-08-15T05:20:01Z,274594,59900,93700,13057
2026-08-15T05:20:01Z,274595,7005300,7505500,1578
2026-08-15T05:20:01Z,274596,248000,257400,7634
2026-08-15T05:20:01Z,274597,1259500,1375000,5617
2026-08-15T05:20:01Z,274772,200,200,976
2026-08-15T05:20:01Z,274774,706100,1366100,539
2026-08-15T05:20:01Z,274775,110000,130000,619
2026-08-15T05:20:01Z,274777,152100,165000,38459
2026-08-15T05:20:01Z,274781,296000,358800,37817
2026-08-15T05:20:01Z,274793,500000,2750000,340
2026-08-15T05:20:01Z,274794,55000,55000,366
2026-08-15T05:20:01Z,274951,6400,6400,1729
2026-08-15T05:20:01Z,274953,19900,33000,1474
2026-08-15T05:20:01Z,274954,280000,285400,115
2026-08-15T05:20:01Z,275258,1639900,1646400,9945
2026-08-15T05:20:01Z,275260,659800,659900,13784
2026-08-15T05:20:01Z,275261,2000000,2200000,123
2026-08-15T05:20:01Z,275264,11750000,11848000,1982
2026-08-15T05:20:01Z,275265,7989900,9490000,2663
2026-08-15T05:20:01Z,275280,28000,53000,24452
2026-08-15T05:20:01Z,275281,20000,59400,8755
2026-08-15T05:20:01Z,275282,22000,50200,17618
2026-08-15T05:20:01Z,275283,22000,100000,83375
2026-08-15T05:20:01Z,275284,13000,75500,40734
2026-08-15T05:20:01Z,275285,21000,39200,1393
2026-08-15T05:20:01Z,275286,24000,35000,1586
2026-08-15T05:20:01Z,275287,29900,39400,2248
2026-08-15T05:20:01Z,275288,14000,38000,2024
2026-08-15T05:20:01Z,275289,28900,37800,6761
2026-08-15T05:20:01Z,275676,809400,809400,494
2026-08-15T05:20:01Z,275699,4440000,8900000,9
2026-08-15T05:20:01Z,276117,26700,27200,4471
2026-08-15T05:20:01Z,276124,15400,15400,5390
2026-08-15T05:20:01Z,276126,50500,56700,5360
2026-08-15T05:20:01Z,276343,120000,120000,47
2026-08-15T05:20:01Z,276344,230000,240000,54
2026-08-15T05:20:01Z,276345,123300,123300,32
2026-08-15T05:20:01Z,276347,7600,7600,1
2026-08-15T05:20:01Z,276348,1590000,1600000,31
2026-08-15T05:20:01Z,276349,10000,10000,30
2026-08-15T05:20:01Z,276350,382400,382400,33
2026-08-15T05:20:01Z,276353,100000,100000,26
2026-08-15T05:20:01Z,276354,9500007600,9500007600,1
2026-08-15T05:20:01Z,276355,498900,498900,26
2026-08-15T05:20:01Z,276357,1189900,1189900,31
2026-08-15T05:20:01Z,276358,150000,150000,31
2026-08-15T05:20:01Z,276359,120000,120000,25
2026-08-15T05:20:01Z,276360,990000,990000,28
2026-08-15T05:20:01Z,276361,997600,997600,23
2026-08-15T05:20:01Z,276362,1500000,1500000,29
2026-08-15T05:20:01Z,276374,119800,1990000,124
2026-08-15T05:20:01Z,276375,39400,39600,185
2026-08-15T05:20:01Z,277821,400000,480000,2323
2026-08-15T05:20:01Z,277968,339900,340000,935
2026-08-15T05:20:01Z,277969,2395600,2470300,1208
2026-08-15T05:20:01Z,279091,42600,80000,26284
2026-08-15T05:20:01Z,279093,36900,99800,20634
2026-08-15T05:20:01Z,279100,100100,222100,82355
2026-08-15T05:20:01Z,279105,43900,106500,18141
2026-08-15T05:20:01Z,279142,550000100,550000100,6
2026-08-15T05:20:01Z,279143,1000000100,1000000100,4
2026-08-15T05:20:01Z,279145,10000100,10000100,2
2026-08-15T05:20:01Z,279146,450100,450100,2
2026-08-15T05:20:01Z,279147,1500000000,1500000000,7
2026-08-15T05:20:01Z,279148,990000100,990000100,9
2026-08-15T05:20:01Z,279152,3000000,3000000,20
2026-08-15T05:20:01Z,279153,7970000,7970000,24
2026-08-15T05:20:01Z,279154,15000000,49000000,28
2026-08-15T05:20:01Z,279157,2000000,2000000,23
2026-08-15T05:20:01Z,279160,900000,900000,26
2026-08-15T05:20:01Z,279166,19520500,19520500,4
2026-08-15T05:20:01Z,280182,70000,175500,546
2026-08-15T05:20:01Z,280183,100000,174000,925
2026-08-15T05:20:01Z,280184,100000,173900,1024
2026-08-15T05:20:01Z,280409,320100,328800,438
2026-08-15T05:20:01Z,280422,20000,51300,1489
2026-08-15T05:20:01Z,280425,50000,68500,351
