updated_utc,item_id,floor_copper,market_copper,quantity
2026-08-07T07:41:48Z,117,100,100,473
2026-08-07T07:41:48Z,118,800,800,1651
2026-08-07T07:41:48Z,159,200,121500,3801
2026-08-07T07:41:48Z,414,4000,4000,72
2026-08-07T07:41:48Z,422,1000,1000,72
2026-08-07T07:41:48Z,537,2222200,49002200,23
2026-08-07T07:41:48Z,555,9500000100,9500000100,1
2026-08-07T07:41:48Z,556,200,49000200,21
2026-08-07T07:41:48Z,723,700,3800,1360
2026-08-07T07:41:48Z,724,6900,6900,65
2026-08-07T07:41:48Z,729,290000100,290000100,1
2026-08-07T07:41:48Z,730,49000100,49000100,9
2026-08-07T07:41:48Z,731,289990100,289990100,2
2026-08-07T07:41:48Z,732,88762600,88762600,3
2026-08-07T07:41:48Z,733,1100,1100,84
2026-08-07T07:41:48Z,765,17800,27300,10983
2026-08-07T07:41:48Z,769,6800,32700,6292
2026-08-07T07:41:48Z,770,85000,85000,26
2026-08-07T07:41:48Z,771,2000,2000,44
2026-08-07T07:41:48Z,774,27700,34000,70589
2026-08-07T07:41:48Z,779,48502000,48502000,20
2026-08-07T07:41:48Z,783,50000,77700,2406
2026-08-07T07:41:48Z,785,28400,48000,8754
2026-08-07T07:41:48Z,787,4500,4500,94
2026-08-07T07:41:48Z,813,1000100,1000100,31
2026-08-07T07:41:48Z,814,1300,1600,722
2026-08-07T07:41:48Z,818,21000,83600,39640
2026-08-07T07:41:48Z,858,100,100,1198
2026-08-07T07:41:48Z,878,290000100,290000100,2
2026-08-07T07:41:48Z,929,400,500,1949
2026-08-07T07:41:48Z,954,19000,19000,27
2026-08-07T07:41:48Z,955,3500,3900,445
2026-08-07T07:41:48Z,961,25000,25000,82
2026-08-07T07:41:48Z,1015,4000,50000,31322
2026-08-07T07:41:48Z,1017,3900,3900,83
2026-08-07T07:41:48Z,1074,500,500,57
2026-08-07T07:41:48Z,1080,11000,840000,494
2026-08-07T07:41:48Z,1081,49000100,49000100,20
2026-08-07T07:41:48Z,1082,80300,80300,145
2026-08-07T07:41:48Z,1175,49000100,49000100,19
2026-08-07T07:41:48Z,1177,300,300,49
2026-08-07T07:41:48Z,1178,15000000,15000000,29
2026-08-07T07:41:48Z,1179,100,100,1982
2026-08-07T07:41:48Z,1180,1400,1500,1210
2026-08-07T07:41:48Z,1181,7900,8000,197
2026-08-07T07:41:48Z,1205,200,200,126
2026-08-07T07:41:48Z,1206,259500,259500,1128
2026-08-07T07:41:48Z,1210,13700,65000,114502
2026-08-07T07:41:48Z,1222,49000100,49000100,21
2026-08-07T07:41:48Z,1251,300,300,511
2026-08-07T07:41:48Z,1274,49000100,49000100,44
2026-08-07T07:41:48Z,1288,200,700,14452
2026-08-07T07:41:48Z,1326,19990000,19990000,10
2026-08-07T07:41:48Z,1399,199999900,199999900,4
2026-08-07T07:41:48Z,1401,249990000,249990000,1
2026-08-07T07:41:48Z,1468,100,300,12123
2026-08-07T07:41:48Z,1475,3500,3700,6669
2026-08-07T07:41:48Z,1476,500000,500000,49
2026-08-07T07:41:48Z,1477,300,400,530
2026-08-07T07:41:48Z,1478,9781200,9781200,20
2026-08-07T07:41:48Z,1520,900,900,240
2026-08-07T07:41:48Z,1529,13800,990000,2522
2026-08-07T07:41:48Z,1630,1500000100,1500000100,1
2026-08-07T07:41:48Z,1645,3900,5500,3969
2026-08-07T07:41:48Z,1686,15700,9905700,110
2026-08-07T07:41:48Z,1687,1500000,49000000,21
2026-08-07T07:41:48Z,1688,290001300,290001300,3
2026-08-07T07:41:48Z,1696,2000,11100,47
2026-08-07T07:41:48Z,1697,700,700,61
2026-08-07T07:41:48Z,1701,10000,10000,27
2026-08-07T07:41:48Z,1702,58900,59000,25
2026-08-07T07:41:48Z,1703,196990000,196990000,1
2026-08-07T07:41:48Z,1705,9800,65000,57930
2026-08-07T07:41:48Z,1706,290000200,290000200,1
2026-08-07T07:41:48Z,1707,100,100,157
2026-08-07T07:41:48Z,1708,100,100,142
2026-08-07T07:41:48Z,1710,200,200,1354
2026-08-07T07:41:48Z,1711,5200,24900,639
2026-08-07T07:41:48Z,1712,232200,232200,149
2026-08-07T07:41:48Z,2070,2300,2300,59
2026-08-07T07:41:48Z,2091,199000000,199000000,2
2026-08-07T07:41:48Z,2251,3400,3600,4448
2026-08-07T07:41:48Z,2287,100,100,180
2026-08-07T07:41:48Z,2289,1200,1200,516
2026-08-07T07:41:48Z,2290,400,400,363
2026-08-07T07:41:48Z,2295,700,700,25
2026-08-07T07:41:48Z,2296,299000100,299000100,2
2026-08-07T07:41:48Z,2304,6300,7700,1363
2026-08-07T07:41:48Z,2313,600,600,65
2026-08-07T07:41:48Z,2318,13500,19000,19521
2026-08-07T07:41:48Z,2319,28000,31400,7386
2026-08-07T07:41:48Z,2320,100,100,413241
2026-08-07T07:41:48Z,2321,30100,189900,1641
2026-08-07T07:41:48Z,2324,100,100,8993
2026-08-07T07:41:48Z,2325,1300,1300,20891
2026-08-07T07:41:48Z,2447,29500,37700,34604
2026-08-07T07:41:48Z,2449,17500,19800,6544
2026-08-07T07:41:48Z,2450,29900,57800,7259
2026-08-07T07:41:48Z,2452,24500,30000,5427
2026-08-07T07:41:48Z,2453,34600,49900,16587
2026-08-07T07:41:48Z,2454,1100,1100,609
2026-08-07T07:41:48Z,2455,400,400,964
2026-08-07T07:41:48Z,2456,500,500,184
2026-08-07T07:41:48Z,2457,106900,106900,290
2026-08-07T07:41:48Z,2458,4000,5000,464
2026-08-07T07:41:48Z,2459,47000,58500,2124
2026-08-07T07:41:48Z,2460,338400,408500,218
2026-08-07T07:41:48Z,2512,9906900,9906900,100
2026-08-07T07:41:48Z,2515,4482600,4482600,1738
2026-08-07T07:41:48Z,2516,49000100,49000100,236
2026-08-07T07:41:48Z,2519,3400000,3400000,1069
2026-08-07T07:41:48Z,2581,900,1000,1233
2026-08-07T07:41:48Z,2589,400,9600,4051892
2026-08-07T07:41:48Z,2590,5500000100,5500000100,1
2026-08-07T07:41:48Z,2591,990000100,990000100,1
2026-08-07T07:41:48Z,2592,700,2900,57213
2026-08-07T07:41:48Z,2593,999700,999900,129
2026-08-07T07:41:48Z,2594,16700,16800,244
2026-08-07T07:41:48Z,2595,150000,150000,145
2026-08-07T07:41:48Z,2596,29900,29900,334
2026-08-07T07:41:48Z,2604,400,400,10182
2026-08-07T07:41:48Z,2605,200,900,2583
2026-08-07T07:41:48Z,2608,4900100,49000100,26
2026-08-07T07:41:48Z,2665,990000,990000,621
2026-08-07T07:41:48Z,2672,8800,9700,2329
2026-08-07T07:41:48Z,2673,19900,840000,2879
2026-08-07T07:41:48Z,2674,23400,840000,532
2026-08-07T07:41:48Z,2675,1000,4000,1096
2026-08-07T07:41:48Z,2677,14500,299900,1553
2026-08-07T07:41:48Z,2678,100,100,17043
2026-08-07T07:41:48Z,2679,3500,3700,328
2026-08-07T07:41:48Z,2680,100,100,206
2026-08-07T07:41:48Z,2681,1300,2000,196
2026-08-07T07:41:48Z,2682,12900,12900,93
2026-08-07T07:41:48Z,2683,20000,20000,168
2026-08-07T07:41:48Z,2684,4500,4500,115
2026-08-07T07:41:48Z,2685,190200,190200,157
2026-08-07T07:41:48Z,2686,9799800,9799800,42
2026-08-07T07:41:48Z,2687,16900,16900,328
2026-08-07T07:41:48Z,2692,49000100,49000100,20
2026-08-07T07:41:48Z,2723,300,300,96
2026-08-07T07:41:48Z,2725,4244900,6682500,34
2026-08-07T07:41:48Z,2728,5540000,5540000,38
2026-08-07T07:41:48Z,2730,8000000,8000000,36
2026-08-07T07:41:48Z,2732,3450000,5550000,31
2026-08-07T07:41:48Z,2734,3455900,9989800,34
2026-08-07T07:41:48Z,2735,989900,9989900,32
2026-08-07T07:41:48Z,2738,22500000,22500000,16
2026-08-07T07:41:48Z,2740,402100,402100,41
2026-08-07T07:41:48Z,2742,9994400,9994400,39
2026-08-07T07:41:48Z,2744,8003400,8003400,32
2026-08-07T07:41:48Z,2745,309100,419100,44
2026-08-07T07:41:48Z,2748,9900000,9900000,32
2026-08-07T07:41:48Z,2749,89800,9880000,29
2026-08-07T07:41:48Z,2750,590800,618000,31
2026-08-07T07:41:48Z,2751,3003300,3003300,33
2026-08-07T07:41:48Z,2770,18300,21000,163769
2026-08-07T07:41:48Z,2771,19500,24100,9707
2026-08-07T07:41:48Z,2772,73100,93300,6417
2026-08-07T07:41:48Z,2775,130000,150000,12669
2026-08-07T07:41:48Z,2776,95700,125000,7489
2026-08-07T07:41:48Z,2798,1400,3600,146
2026-08-07T07:41:48Z,2799,200,200,127
2026-08-07T07:41:48Z,2835,300,9900,1158046
2026-08-07T07:41:48Z,2836,500,1100,10562
2026-08-07T07:41:48Z,2838,2000,6500,8876
2026-08-07T07:41:48Z,2840,20200,22000,3625
2026-08-07T07:41:48Z,2841,22300,22400,14715
2026-08-07T07:41:48Z,2842,140000,140000,1889
2026-08-07T07:41:48Z,2862,200,500,2609
2026-08-07T07:41:48Z,2863,400,400,360
2026-08-07T07:41:48Z,2871,1200,1300,162
2026-08-07T07:41:48Z,2880,100,100,5026
2026-08-07T07:41:48Z,2886,10000,12100,2163
2026-08-07T07:41:48Z,2888,2009900,9909900,51
2026-08-07T07:41:48Z,2892,77800,77800,78
2026-08-07T07:41:48Z,2893,290000000,290000000,2
2026-08-07T07:41:48Z,2894,9800000,9800000,40
2026-08-07T07:41:48Z,2924,8600,560000,1346
2026-08-07T07:41:48Z,2928,1500000100,1500000100,1
2026-08-07T07:41:48Z,2930,290000100,290000100,1
2026-08-07T07:41:48Z,2934,7500,129300,20011
2026-08-07T07:41:48Z,2940,19900,19900,25
2026-08-07T07:41:48Z,2946,198992300,198992300,478
2026-08-07T07:41:48Z,2947,199904700,199904700,751
2026-08-07T07:41:48Z,2996,1900,2000,25791
2026-08-07T07:41:48Z,2997,5000,7900,5686
2026-08-07T07:41:48Z,3010,1000000,19900000,41
2026-08-07T07:41:48Z,3012,18400,18400,151
2026-08-07T07:41:48Z,3013,8000,8000,35
2026-08-07T07:41:48Z,3030,9800000,9800000,105
2026-08-07T07:41:48Z,3033,4900000,4900100,201
2026-08-07T07:41:48Z,3107,3500000000,3500000000,1
2026-08-07T07:41:48Z,3108,3258832700,3258832700,203
2026-08-07T07:41:48Z,3111,3438351700,3438351700,1
2026-08-07T07:41:48Z,3137,19990000,19990000,10
2026-08-07T07:41:48Z,3164,14959900,14959900,18
2026-08-07T07:41:48Z,3167,10000,19800,53
2026-08-07T07:41:48Z,3168,49000100,49000100,20
2026-08-07T07:41:48Z,3169,200,200,46
2026-08-07T07:41:48Z,3170,400,400,152
2026-08-07T07:41:48Z,3171,40000,50000,28
2026-08-07T07:41:48Z,3172,49009900,49009900,11
2026-08-07T07:41:48Z,3173,2100,2300,803
2026-08-07T07:41:48Z,3174,290008100,290008100,1
2026-08-07T07:41:48Z,3175,49000200,49000200,23
2026-08-07T07:41:48Z,3176,49000200,49000200,20
2026-08-07T07:41:48Z,3177,10000100,49000100,22
2026-08-07T07:41:48Z,3179,49000000,49000000,24
2026-08-07T07:41:48Z,3180,49000300,49000300,23
2026-08-07T07:41:48Z,3181,60000,60000,34
2026-08-07T07:41:48Z,3182,1089800,1089800,97
2026-08-07T07:41:48Z,3220,54600,54600,110
2026-08-07T07:41:48Z,3239,100,100,156
2026-08-07T07:41:48Z,3240,2000,2000,144
2026-08-07T07:41:48Z,3241,7400,7400,171
2026-08-07T07:41:48Z,3299,2700,2700,195
2026-08-07T07:41:48Z,3300,29900,29900,425
2026-08-07T07:41:48Z,3301,300,300,54
2026-08-07T07:41:48Z,3340,5009800,5009800,198
2026-08-07T07:41:48Z,3355,52200,69500,11718
2026-08-07T07:41:48Z,3356,40000,46500,2573
2026-08-07T07:41:48Z,3357,51100,65000,2472
2026-08-07T07:41:48Z,3358,84400,84500,1503
2026-08-07T07:41:48Z,3369,189900,248100,1290
2026-08-07T07:41:48Z,3371,100,10100,261387
2026-08-07T07:41:48Z,3372,49009000,49009000,34
2026-08-07T07:41:48Z,3382,3000,88400,277
2026-08-07T07:41:48Z,3383,16000,16000,210
2026-08-07T07:41:48Z,3385,200,200,963
2026-08-07T07:41:48Z,3386,300000,300000,207
2026-08-07T07:41:48Z,3387,100000,100000,83
2026-08-07T07:41:48Z,3388,10000,10000,103
2026-08-07T07:41:48Z,3389,30000,30000,259
2026-08-07T07:41:48Z,3390,770900,770900,338
2026-08-07T07:41:48Z,3391,100000,100000,692
2026-08-07T07:41:48Z,3401,270000,270000,38
2026-08-07T07:41:48Z,3402,29800,29800,58
2026-08-07T07:41:48Z,3403,7300,7300,44
2026-08-07T07:41:48Z,3404,79500,130000,853
2026-08-07T07:41:48Z,3448,9510500,9510500,44
2026-08-07T07:41:48Z,3464,1500000100,1500000100,1
2026-08-07T07:41:48Z,3465,5500000100,5500000100,101
2026-08-07T07:41:48Z,3466,2500,3400,5987
2026-08-07T07:41:48Z,3470,8700,35600,4964
2026-08-07T07:41:48Z,3478,9400,9400,22240
2026-08-07T07:41:48Z,3486,13000,13000,194580
2026-08-07T07:41:48Z,3530,200,200,229
2026-08-07T07:41:48Z,3531,300,300,299
2026-08-07T07:41:48Z,3575,59000,59000,2145
2026-08-07T07:41:48Z,3576,13000,18000,5327
2026-08-07T07:41:48Z,3577,60000,85400,2625
2026-08-07T07:41:48Z,3662,4000,4000,88
2026-08-07T07:41:48Z,3663,88000,88000,73
2026-08-07T07:41:48Z,3664,7500,7500,127
2026-08-07T07:41:48Z,3665,11500,9941500,55
2026-08-07T07:41:48Z,3666,9000,9000,120
2026-08-07T07:41:48Z,3667,700,2900,1769
2026-08-07T07:41:48Z,3669,620600,689500,34
2026-08-07T07:41:48Z,3670,715700,715700,73
2026-08-07T07:41:48Z,3671,5500,5500,41
2026-08-07T07:41:48Z,3673,3900000,4050000,72
2026-08-07T07:41:48Z,3674,2700,3000,38
2026-08-07T07:41:48Z,3676,143700,159600,46
2026-08-07T07:41:48Z,3685,1900,3400,3222
2026-08-07T07:41:48Z,3702,300000,49000000,22
2026-08-07T07:41:48Z,3703,9995800,9995800,55
2026-08-07T07:41:48Z,3712,15700,145000,10049
2026-08-07T07:41:48Z,3713,290000000,290000000,2
2026-08-07T07:41:48Z,3726,110800,110800,57
2026-08-07T07:41:48Z,3727,1410400,1410400,75
2026-08-07T07:41:48Z,3728,99800,99800,204
2026-08-07T07:41:48Z,3729,4000,4000,483
2026-08-07T07:41:48Z,3730,500,900,1194
2026-08-07T07:41:48Z,3731,178900,930000,3380
2026-08-07T07:41:48Z,3745,15555500,16946000,116
2026-08-07T07:41:48Z,3769,450000100,450000100,1
2026-08-07T07:41:48Z,3770,200,200,241
2026-08-07T07:41:48Z,3771,100,100,216
2026-08-07T07:41:48Z,3775,1084000,1084000,33
2026-08-07T07:41:48Z,3776,290000300,290000300,1
2026-08-07T07:41:48Z,3818,80000,90000,1516
2026-08-07T07:41:48Z,3819,94400,930000,7638
2026-08-07T07:41:48Z,3820,28000,28900,4093
2026-08-07T07:41:48Z,3821,211200,220000,714
2026-08-07T07:41:48Z,3823,10000,80800,1989
2026-08-07T07:41:48Z,3824,255000,255000,467
2026-08-07T07:41:48Z,3825,67700,67900,120
2026-08-07T07:41:48Z,3826,53800,53800,250
2026-08-07T07:41:48Z,3827,300,25000,1254
2026-08-07T07:41:48Z,3828,187400,187400,140
2026-08-07T07:41:48Z,3829,599900,599900,99
2026-08-07T07:41:48Z,3857,500,500,6640
2026-08-07T07:41:48Z,3858,48000,50900,9116
2026-08-07T07:41:48Z,3859,74000,74000,6622
2026-08-07T07:41:48Z,3860,51500,51500,14459
2026-08-07T07:41:48Z,3864,22500,250700,10667
2026-08-07T07:41:48Z,3927,1000,2100,6491
2026-08-07T07:41:48Z,3928,6800,21300,1454
2026-08-07T07:41:48Z,3931,14000,15600,51
2026-08-07T07:41:48Z,4093,49001100,49001100,20
2026-08-07T07:41:48Z,4096,49001000,49001000,16
2026-08-07T07:41:48Z,4097,13100,13100,42
2026-08-07T07:41:48Z,4099,1500001700,1500001700,1
2026-08-07T07:41:48Z,4231,58900,69800,9701
2026-08-07T07:41:48Z,4232,27500,27500,4289
2026-08-07T07:41:48Z,4233,51500,56800,20392
2026-08-07T07:41:48Z,4234,68000,124000,26026
2026-08-07T07:41:48Z,4235,405900,409900,192
2026-08-07T07:41:48Z,4236,1062400,1065000,666
2026-08-07T07:41:48Z,4265,1700,1700,152
2026-08-07T07:41:48Z,4278,356300,356300,385
2026-08-07T07:41:48Z,4289,1800,1900,18969
2026-08-07T07:41:48Z,4291,1400,1500,22494
2026-08-07T07:41:48Z,4304,57900,118500,56069
2026-08-07T07:41:48Z,4305,3000,5700,10842
2026-08-07T07:41:48Z,4306,500,800,391629
2026-08-07T07:41:48Z,4337,1100,1500,28087
2026-08-07T07:41:48Z,4338,700,800,10594
2026-08-07T07:41:48Z,4339,4300,4400,17219
2026-08-07T07:41:48Z,4340,900,1000,5402
2026-08-07T07:41:48Z,4341,400,400,9655
2026-08-07T07:41:48Z,4342,700,700,5592
2026-08-07T07:41:48Z,4357,1500,1600,14183
2026-08-07T07:41:48Z,4358,900,900,238
2026-08-07T07:41:48Z,4359,23100,23400,5001
2026-08-07T07:41:48Z,4360,70100,70100,880
2026-08-07T07:41:48Z,4361,19800,19800,65
2026-08-07T07:41:48Z,4363,4300,4300,54
2026-08-07T07:41:48Z,4364,400,79600,14853
2026-08-07T07:41:48Z,4365,100,100,341
2026-08-07T07:41:48Z,4366,187500,187500,132
2026-08-07T07:41:48Z,4367,68000,68000,159
2026-08-07T07:41:48Z,4370,72000,72000,144
2026-08-07T07:41:48Z,4371,50000,64900,1404
2026-08-07T07:41:48Z,4374,242500,242500,34
2026-08-07T07:41:48Z,4375,50900,50900,523
2026-08-07T07:41:48Z,4377,3200,4500,2384
2026-08-07T07:41:48Z,4378,48000,48000,105
2026-08-07T07:41:48Z,4380,42500,42500,171
2026-08-07T07:41:48Z,4382,110600,150800,518
2026-08-07T07:41:48Z,4384,9900,9900,158
2026-08-07T07:41:48Z,4387,84900,449800,933
2026-08-07T07:41:48Z,4389,62200,449900,508
2026-08-07T07:41:48Z,4390,81200,81200,102
2026-08-07T07:41:48Z,4391,1500000,9905000,23
2026-08-07T07:41:48Z,4392,1250000,1250000,122
2026-08-07T07:41:48Z,4394,144900,144900,56
2026-08-07T07:41:48Z,4395,505400,505400,55
2026-08-07T07:41:48Z,4398,500000,500000,151
2026-08-07T07:41:48Z,4399,100,4400,1342
2026-08-07T07:41:48Z,4400,3200,3200,1211
2026-08-07T07:41:48Z,4402,978100,978100,102
2026-08-07T07:41:48Z,4404,75900,449900,878
2026-08-07T07:41:48Z,4405,200,200,68
2026-08-07T07:41:48Z,4406,300000,300000,106
2026-08-07T07:41:48Z,4407,5000,5000,87
2026-08-07T07:41:48Z,4419,10000,10000,45
2026-08-07T07:41:48Z,4421,9900000,9900000,20
2026-08-07T07:41:48Z,4422,122500,174200,130
2026-08-07T07:41:48Z,4424,10000,10100,104
2026-08-07T07:41:48Z,4425,50000,50000,127
2026-08-07T07:41:48Z,4426,10000,10000,266
2026-08-07T07:41:48Z,4428,100500,100500,36
2026-08-07T07:41:48Z,4457,28600,28600,114
2026-08-07T07:41:48Z,4459,290000300,290000300,1
2026-08-07T07:41:48Z,4460,10509300,10509300,29
2026-08-07T07:41:48Z,4461,74500,154800,853
2026-08-07T07:41:48Z,4470,100,100,47632
2026-08-07T07:41:48Z,4479,404600,404600,24
2026-08-07T07:41:48Z,4480,19900,19900,64
2026-08-07T07:41:48Z,4481,103900,18723900,13
2026-08-07T07:41:48Z,4536,1000,2000,124
2026-08-07T07:41:48Z,4537,7000,7000,97
2026-08-07T07:41:48Z,4538,1100,1100,118
2026-08-07T07:41:48Z,4539,800,900,981
2026-08-07T07:41:48Z,4540,300,9960000,43
2026-08-07T07:41:48Z,4541,1000,120000,96
2026-08-07T07:41:48Z,4542,2700,2700,61
2026-08-07T07:41:48Z,4544,500,500,67
2026-08-07T07:41:48Z,4552,49000800,49000800,20
2026-08-07T07:41:48Z,4553,5500000700,5500000700,1
2026-08-07T07:41:48Z,4554,49001100,49001100,20
2026-08-07T07:41:48Z,4555,1300,1400,42
2026-08-07T07:41:48Z,4556,29558900,49001400,22
2026-08-07T07:41:48Z,4557,4437700,49000400,23
2026-08-07T07:41:48Z,4558,1500000,7900000,122
2026-08-07T07:41:48Z,4580,6661200,49001200,21
2026-08-07T07:41:48Z,4581,799000,49009000,22
2026-08-07T07:41:48Z,4582,170000,170000,68
2026-08-07T07:41:48Z,4583,450000,500000,24
2026-08-07T07:41:48Z,4584,5500001500,5500001500,1
2026-08-07T07:41:48Z,4585,3800,3800,181
2026-08-07T07:41:48Z,4586,8000,8000,64
2026-08-07T07:41:48Z,4587,12300,12300,51
2026-08-07T07:41:48Z,4588,2500000,2500000,4
2026-08-07T07:41:48Z,4589,290000800,290000800,1
2026-08-07T07:41:48Z,4590,1500001000,1500001000,1
2026-08-07T07:41:48Z,4591,1500000700,1500000700,1
2026-08-07T07:41:48Z,4592,14000,20900,154
2026-08-07T07:41:48Z,4593,2000,2000,337
2026-08-07T07:41:48Z,4594,2300,2300,138
2026-08-07T07:41:48Z,4595,6900,9865300,46
2026-08-07T07:41:48Z,4596,6448200,8717300,8
2026-08-07T07:41:48Z,4599,1000,1800,285
2026-08-07T07:41:48Z,4600,15500,15500,96
2026-08-07T07:41:48Z,4601,2400,9959800,45
2026-08-07T07:41:48Z,4602,500,1000,98
2026-08-07T07:41:48Z,4603,930000,930000,4024
2026-08-07T07:41:48Z,4604,100,100,69
2026-08-07T07:41:48Z,4605,2400,2400,50
2026-08-07T07:41:48Z,4606,80600,80600,71
2026-08-07T07:41:48Z,4607,100,100,76
2026-08-07T07:41:48Z,4608,200,200,124
2026-08-07T07:41:48Z,4611,860000,870000,49
2026-08-07T07:41:48Z,4623,99500,9990000,23
2026-08-07T07:41:48Z,4625,22900,930000,20894
2026-08-07T07:41:48Z,4655,600000,600000,222
2026-08-07T07:41:48Z,4656,500,500,94
2026-08-07T07:41:48Z,4757,10600,10600,39
2026-08-07T07:41:48Z,4775,33600,33600,35
2026-08-07T07:41:48Z,4776,141800,151800,28
2026-08-07T07:41:48Z,4779,49000100,49000100,20
2026-08-07T07:41:48Z,4780,49000100,49000100,20
2026-08-07T07:41:48Z,4784,9800,9800,379
2026-08-07T07:41:48Z,4787,900,900,218
2026-08-07T07:41:48Z,4791,254000,254000,48
2026-08-07T07:41:48Z,4813,22200,40000,29
2026-08-07T07:41:48Z,4814,4000,4000,30
2026-08-07T07:41:48Z,4852,19993400,19993400,10
2026-08-07T07:41:48Z,4865,100,100,151
2026-08-07T07:41:48Z,4867,49000000,49000000,20
2026-08-07T07:41:48Z,4872,49000200,49000200,23
2026-08-07T07:41:48Z,4873,80000,80000,62
2026-08-07T07:41:48Z,4874,500,1000,38
2026-08-07T07:41:48Z,4875,49000100,49000100,19
2026-08-07T07:41:48Z,4876,5000100,5000100,37
2026-08-07T07:41:48Z,4877,25190800,25190800,25
2026-08-07T07:41:48Z,4879,290000100,290000100,2
2026-08-07T07:41:48Z,4880,1500000200,1500000200,1
2026-08-07T07:41:48Z,4960,1500000100,1500000100,25
2026-08-07T07:41:48Z,5042,35300,35300,125
2026-08-07T07:41:48Z,5048,14300,14300,60
2026-08-07T07:41:48Z,5051,1900,1900,289
2026-08-07T07:41:48Z,5066,50500,50500,48
2026-08-07T07:41:48Z,5075,3100,3200,168
2026-08-07T07:41:48Z,5082,4119800,4119800,205
2026-08-07T07:41:48Z,5095,6100,6100,110
2026-08-07T07:41:48Z,5113,49006700,49006700,20
2026-08-07T07:41:48Z,5114,700,700,54
2026-08-07T07:41:48Z,5115,400,400,44
2026-08-07T07:41:48Z,5117,10001300,49001300,22
2026-08-07T07:41:48Z,5118,49000200,49000200,20
2026-08-07T07:41:48Z,5121,49000300,49000300,20
2026-08-07T07:41:48Z,5122,9000400,9000400,26
2026-08-07T07:41:48Z,5123,9500000200,9500000200,1
2026-08-07T07:41:48Z,5124,24600,1484600,51
2026-08-07T07:41:48Z,5125,49000300,49000300,21
2026-08-07T07:41:48Z,5128,750000,890000,26
2026-08-07T07:41:48Z,5133,23300,33300,27
2026-08-07T07:41:48Z,5134,1909400,1909400,34
2026-08-07T07:41:48Z,5135,5000,5000,39
2026-08-07T07:41:48Z,5136,600,600,148
2026-08-07T07:41:48Z,5137,1500000,1500000,267
2026-08-07T07:41:48Z,5140,49000000,49000100,21
2026-08-07T07:41:48Z,5173,49000100,49000100,18
2026-08-07T07:41:48Z,5205,10000,10000,40
2026-08-07T07:41:48Z,5206,12500,12500,68
2026-08-07T07:41:48Z,5237,49500,49500,66
2026-08-07T07:41:48Z,5263,80000,80000,407
2026-08-07T07:41:48Z,5329,850900,850900,46
2026-08-07T07:41:48Z,5342,300,300,77
2026-08-07T07:41:48Z,5361,41550000,49000000,22
2026-08-07T07:41:48Z,5362,290000100,290000100,1
2026-08-07T07:41:48Z,5363,125500,458700,42
2026-08-07T07:41:48Z,5364,290000100,290000100,1
2026-08-07T07:41:48Z,5367,49900,49900,26
2026-08-07T07:41:48Z,5368,990100,1000100,26
2026-08-07T07:41:48Z,5369,49000100,49000100,23
2026-08-07T07:41:48Z,5370,290009700,290009700,4
2026-08-07T07:41:48Z,5371,49000100,49000100,20
2026-08-07T07:41:48Z,5373,142000,142500,648
2026-08-07T07:41:48Z,5374,577100,49008400,24
2026-08-07T07:41:48Z,5375,49000200,49000200,19
2026-08-07T07:41:48Z,5376,48500100,48500100,20
2026-08-07T07:41:48Z,5377,49000100,49000100,20
2026-08-07T07:41:48Z,5379,9999000,49009000,19
2026-08-07T07:41:48Z,5427,49000300,49000300,20
2026-08-07T07:41:48Z,5428,19900,19900,46
2026-08-07T07:41:48Z,5429,49000300,49000300,20
2026-08-07T07:41:48Z,5430,49000500,49000500,20
2026-08-07T07:41:48Z,5431,49000300,49000300,20
2026-08-07T07:41:48Z,5432,19500,19500,25
2026-08-07T07:41:48Z,5433,290003300,290003300,4
2026-08-07T07:41:48Z,5435,49000500,49000500,19
2026-08-07T07:41:48Z,5465,100,1300,7376
2026-08-07T07:41:48Z,5466,7600,8500,1887
2026-08-07T07:41:48Z,5467,2300,2500,736
2026-08-07T07:41:48Z,5468,800000,800000,583
2026-08-07T07:41:48Z,5469,1500,5000,1286
2026-08-07T07:41:48Z,5470,6900,9200,2149
2026-08-07T07:41:48Z,5471,500,500,3300
2026-08-07T07:41:48Z,5472,1100,1100,258
2026-08-07T07:41:48Z,5473,315200,315200,152
2026-08-07T07:41:48Z,5474,2863300,2863300,241
2026-08-07T07:41:48Z,5476,9893000,9893000,59
2026-08-07T07:41:48Z,5477,6000,6000,80
2026-08-07T07:41:48Z,5478,163300,163300,184
2026-08-07T07:41:48Z,5479,300000,300000,438
2026-08-07T07:41:48Z,5480,119700,119700,113
2026-08-07T07:41:48Z,5498,72500,72500,24425
2026-08-07T07:41:48Z,5500,69500,94900,755
2026-08-07T07:41:48Z,5503,3800,16100,26182
2026-08-07T07:41:48Z,5504,7000,7100,895
2026-08-07T07:41:48Z,5506,49000000,49000000,20
2026-08-07T07:41:48Z,5523,3100,3800,274
2026-08-07T07:41:48Z,5524,11300,11400,2547
2026-08-07T07:41:48Z,5525,1200,1200,313
2026-08-07T07:41:48Z,5526,4300,4300,269
2026-08-07T07:41:48Z,5527,800,800,443
2026-08-07T07:41:48Z,5529,9900200,9900200,100
2026-08-07T07:41:48Z,5530,290000100,290000100,3
2026-08-07T07:41:48Z,5565,990001900,990001900,1
2026-08-07T07:41:48Z,5566,49000200,49000200,20
2026-08-07T07:41:48Z,5567,500,1000,26
2026-08-07T07:41:48Z,5568,5500000100,5500000100,1
2026-08-07T07:41:48Z,5569,100900,49000900,21
2026-08-07T07:41:48Z,5602,290000100,290000100,1
2026-08-07T07:41:48Z,5631,20100,30100,621
2026-08-07T07:41:48Z,5633,114600,114600,150
2026-08-07T07:41:48Z,5634,3009900,3009900,262
2026-08-07T07:41:48Z,5635,10000,10500,446
2026-08-07T07:41:48Z,5636,290000200,290000200,1
2026-08-07T07:41:48Z,5637,33300,930000,3193
2026-08-07T07:41:48Z,5740,9400,9400,75
2026-08-07T07:41:48Z,5741,5500000200,5500000200,1
2026-08-07T07:41:48Z,5784,3000,4300,1165
2026-08-07T07:41:48Z,5785,8000,8000,1184
2026-08-07T07:41:48Z,5829,1000,1000,24
2026-08-07T07:41:48Z,5833,138000,138000,107
2026-08-07T07:41:48Z,5871,90000500,90000500,2
2026-08-07T07:41:48Z,5996,190000,199900,379
2026-08-07T07:41:48Z,5997,18500,20000,2371
2026-08-07T07:41:48Z,6037,24000,24000,6181
2026-08-07T07:41:48Z,6038,8774500,8774500,61
2026-08-07T07:41:48Z,6041,8280000,8280000,34
2026-08-07T07:41:48Z,6042,508600,508600,27
2026-08-07T07:41:48Z,6043,447300,750000,50
2026-08-07T07:41:48Z,6048,130000,130000,2045
2026-08-07T07:41:48Z,6049,59000,59000,272
2026-08-07T07:41:48Z,6050,9000,990000,217
2026-08-07T07:41:48Z,6051,8900,76800,296
2026-08-07T07:41:48Z,6052,900,900,369
2026-08-07T07:41:48Z,6149,400,500,1184
2026-08-07T07:41:48Z,6150,990000,19900000,1471
2026-08-07T07:41:48Z,6260,100,100,2465
2026-08-07T07:41:48Z,6261,1000,1000,11543
2026-08-07T07:41:48Z,6289,300,500,16969
2026-08-07T07:41:48Z,6290,5000,6000,202
2026-08-07T07:41:48Z,6291,500,1400,2190
2026-08-07T07:41:48Z,6293,49000100,49000100,20
2026-08-07T07:41:48Z,6296,3500100,3500100,94
2026-08-07T07:41:48Z,6297,10500,10500,131
2026-08-07T07:41:48Z,6298,30200,30200,56
2026-08-07T07:41:48Z,6299,5800,5800,76
2026-08-07T07:41:48Z,6303,2300,2300,2103
2026-08-07T07:41:48Z,6304,290000100,290000100,1
2026-08-07T07:41:48Z,6305,290000100,290000100,1
2026-08-07T07:41:48Z,6306,290000100,290000100,1
2026-08-07T07:41:48Z,6308,4700,4700,8746
2026-08-07T07:41:48Z,6316,9900300,9900300,138
2026-08-07T07:41:48Z,6317,29600,29600,1653
2026-08-07T07:41:48Z,6358,34000,38800,7775
2026-08-07T07:41:48Z,6359,31800,59100,4588
2026-08-07T07:41:48Z,6361,2700,4500,14062
2026-08-07T07:41:48Z,6362,9000,119000,3596
2026-08-07T07:41:48Z,6370,90000,99000,8312
2026-08-07T07:41:48Z,6371,121300,121300,1882
2026-08-07T07:41:48Z,6372,94300,150000,497
2026-08-07T07:41:48Z,6373,18900,319200,434
2026-08-07T07:41:48Z,6444,500,500,33
2026-08-07T07:41:48Z,6445,199900,199900,26
2026-08-07T07:41:48Z,6450,400,800,513
2026-08-07T07:41:48Z,6451,12200,12200,732
2026-08-07T07:41:48Z,6452,400,400,37
2026-08-07T07:41:48Z,6453,8000,8000,649
2026-08-07T07:41:48Z,6455,19900100,19900100,40
2026-08-07T07:41:48Z,6456,49000100,49000100,26
2026-08-07T07:41:48Z,6457,39400,39400,67
2026-08-07T07:41:48Z,6458,300,300,245
2026-08-07T07:41:48Z,6470,1800,2000,810
2026-08-07T07:41:48Z,6471,9500,39200,699
2026-08-07T07:41:48Z,6522,399400,399500,7151
2026-08-07T07:41:48Z,6529,7900,8200,3724
2026-08-07T07:41:48Z,6530,100,100,1311
2026-08-07T07:41:48Z,6532,500,19900,504
2026-08-07T07:41:48Z,6533,7800,17900,507
2026-08-07T07:41:48Z,6657,389900,392200,27560
2026-08-07T07:41:48Z,6662,108900,199600,6222
2026-08-07T07:41:48Z,6712,99000,99000,178
2026-08-07T07:41:48Z,6714,201000,201000,72
2026-08-07T07:41:48Z,6807,8500,8500,232
2026-08-07T07:41:48Z,6811,9903500,9903500,20
2026-08-07T07:41:48Z,6826,12400,49002400,23
2026-08-07T07:41:48Z,6887,41900,41900,331
2026-08-07T07:41:48Z,6888,1100,1700,317
2026-08-07T07:41:48Z,6889,61000,89900,36991
2026-08-07T07:41:48Z,6890,53700,53700,83
2026-08-07T07:41:48Z,6947,98100,98100,74
2026-08-07T07:41:48Z,6949,290000100,290000100,1
2026-08-07T07:41:48Z,6950,290000000,290000000,2
2026-08-07T07:41:48Z,6951,290000100,290000100,2
2026-08-07T07:41:48Z,6986,49000100,49000100,21
2026-08-07T07:41:48Z,7067,432200,432200,2589
2026-08-07T07:41:48Z,7068,800,800,29906
2026-08-07T07:41:48Z,7069,158900,245500,6310
2026-08-07T07:41:48Z,7070,700,1000,6011
2026-08-07T07:41:48Z,7071,35000,42800,730
2026-08-07T07:41:48Z,7072,3480000,3480000,27
2026-08-07T07:41:48Z,7073,2500,2500,455
2026-08-07T07:41:48Z,7074,1300,1300,189
2026-08-07T07:41:48Z,7075,500,500,2778
2026-08-07T07:41:48Z,7076,10200,10800,7711
2026-08-07T07:41:48Z,7077,500,500,9269
2026-08-07T07:41:48Z,7078,1500,1500,11019
2026-08-07T07:41:48Z,7079,3300,4800,19327
2026-08-07T07:41:48Z,7080,1080000,1410400,1934
2026-08-07T07:41:48Z,7081,1350000,1350000,803
2026-08-07T07:41:48Z,7082,289500,490000,7942
2026-08-07T07:41:48Z,7096,98100,98100,52
2026-08-07T07:41:48Z,7097,15000,15000,57
2026-08-07T07:41:48Z,7098,990000,1000000,35
2026-08-07T07:41:48Z,7099,30009900,35009900,44
2026-08-07T07:41:48Z,7100,1000,1000,106
2026-08-07T07:41:48Z,7101,48000,48000,25
2026-08-07T07:41:48Z,7191,29800,30000,4160
2026-08-07T07:41:48Z,7228,60300,60300,761
2026-08-07T07:41:48Z,7286,15000,110000,4925
2026-08-07T07:41:48Z,7287,1500000200,1500000200,1
2026-08-07T07:41:48Z,7296,44100100,44100100,39
2026-08-07T07:41:48Z,7307,6400,6400,105
2026-08-07T07:41:48Z,7392,840000,940000,129
2026-08-07T07:41:48Z,7428,290003800,290003800,1
2026-08-07T07:41:48Z,7676,27500,27500,3954
2026-08-07T07:41:48Z,7909,8500,11000,90054
2026-08-07T07:41:48Z,7910,20900,22000,551
2026-08-07T07:41:48Z,7911,13000,13000,15119
2026-08-07T07:41:48Z,7912,18800,22400,60159
2026-08-07T07:41:48Z,7964,44200,44200,139
2026-08-07T07:41:48Z,7965,46300,46300,41
2026-08-07T07:41:48Z,7966,450000,840000,625
2026-08-07T07:41:48Z,7967,250000,551000,56
2026-08-07T07:41:48Z,7971,977500,979800,708
2026-08-07T07:41:48Z,7972,400,700,6825
2026-08-07T07:41:48Z,7973,71500,113500,1779
2026-08-07T07:41:48Z,7974,2100,3200,5639
2026-08-07T07:41:48Z,8067,9990100,9990100,925
2026-08-07T07:41:48Z,8068,49000100,49000100,221
2026-08-07T07:41:48Z,8069,49000100,49000100,22
2026-08-07T07:41:48Z,8146,800,800,31
2026-08-07T07:41:48Z,8150,300,400,1763
2026-08-07T07:41:48Z,8151,6500,6500,412
2026-08-07T07:41:48Z,8152,2000000,9008300,95
2026-08-07T07:41:48Z,8153,4200000,4600000,2816
2026-08-07T07:41:48Z,8154,4300,4300,2967
2026-08-07T07:41:48Z,8165,90000,318500,6609
2026-08-07T07:41:48Z,8167,36500,151000,19149
2026-08-07T07:41:48Z,8168,49000200,49000200,14
2026-08-07T07:41:48Z,8169,9500,99500,2209
2026-08-07T07:41:48Z,8170,58000,58000,11273
2026-08-07T07:41:48Z,8171,20500,293000,1315
2026-08-07T07:41:48Z,8172,26000,26000,8324
2026-08-07T07:41:48Z,8173,1200,1200,149
2026-08-07T07:41:48Z,8244,8000000,8499800,344
2026-08-07T07:41:48Z,8343,1700,1700,5360
2026-08-07T07:41:48Z,8364,990000,999900,272
2026-08-07T07:41:48Z,8365,4500,4500,857
2026-08-07T07:41:48Z,8368,1500001600,1500001600,3
2026-08-07T07:41:48Z,8391,19909900,19909900,10
2026-08-07T07:41:48Z,8392,195550000,195550000,65
2026-08-07T07:41:48Z,8393,19990000,19990000,11
2026-08-07T07:41:48Z,8394,39999500,39999500,6
2026-08-07T07:41:48Z,8396,9990500,9990500,19
2026-08-07T07:41:48Z,8483,49003300,49003300,20
2026-08-07T07:41:48Z,8508,290000300,290000300,1
2026-08-07T07:41:48Z,8544,50000,1990000,233
2026-08-07T07:41:48Z,8545,900,900,355
2026-08-07T07:41:48Z,8766,200,200,362
2026-08-07T07:41:48Z,8827,304900,400000,274
2026-08-07T07:41:48Z,8831,70000,840000,11532
2026-08-07T07:41:48Z,8836,30008500,30008500,123
2026-08-07T07:41:48Z,8838,17000,17000,31527
2026-08-07T07:41:48Z,8839,75500,840000,6352
2026-08-07T07:41:48Z,8845,390000,410000,2821
2026-08-07T07:41:48Z,8846,45000,45000,17777
2026-08-07T07:41:48Z,8923,299000100,299000100,16
2026-08-07T07:41:48Z,8924,990000100,990000100,1
2026-08-07T07:41:48Z,8925,49000400,49000400,21
2026-08-07T07:41:48Z,8926,1500000200,1500000200,1
2026-08-07T07:41:48Z,8927,49000300,49000300,9
2026-08-07T07:41:48Z,8928,1500000000,1500000000,1
2026-08-07T07:41:48Z,8932,300,300,237
2026-08-07T07:41:48Z,8948,200,300,442
2026-08-07T07:41:48Z,8949,23200,23200,427
2026-08-07T07:41:48Z,8950,300,300,83
2026-08-07T07:41:48Z,8951,1400,87500,617
2026-08-07T07:41:48Z,8952,200,300,322
2026-08-07T07:41:48Z,8953,4500,4500,144
2026-08-07T07:41:48Z,8956,84100,84100,220
2026-08-07T07:41:48Z,8957,7007000,7007000,50
2026-08-07T07:41:48Z,8959,200,840000,1984
2026-08-07T07:41:48Z,8984,290001900,290001900,1
2026-08-07T07:41:48Z,8985,1500000100,1500000100,1
2026-08-07T07:41:48Z,9030,9790900,9790900,20
2026-08-07T07:41:48Z,9060,702200,702200,246
2026-08-07T07:41:48Z,9061,311500,311500,1394
2026-08-07T07:41:48Z,9088,4490000,4490000,53
2026-08-07T07:41:48Z,9144,107000,990000,215
2026-08-07T07:41:48Z,9154,1600,1600,508
2026-08-07T07:41:48Z,9155,411300,433900,198
2026-08-07T07:41:48Z,9172,604000,604000,1017
2026-08-07T07:41:48Z,9179,49700,49700,211
2026-08-07T07:41:48Z,9186,1500000300,1500000300,1
2026-08-07T07:41:48Z,9187,199900,425000,615
2026-08-07T07:41:48Z,9197,1000000,1000000,146
2026-08-07T07:41:48Z,9206,2502100,2502100,172
2026-08-07T07:41:48Z,9210,949800,949800,3807
2026-08-07T07:41:48Z,9224,2379900,2379900,88
2026-08-07T07:41:48Z,9233,900,900,435
2026-08-07T07:41:48Z,9260,155500,155500,4340
2026-08-07T07:41:48Z,9261,49000400,49000400,20
2026-08-07T07:41:48Z,9262,1000,87700,2842
2026-08-07T07:41:48Z,9264,1000000,1332800,53
2026-08-07T07:41:48Z,9308,19800,19900,905
2026-08-07T07:41:48Z,9312,39600,44400,319
2026-08-07T07:41:48Z,9313,18700,18800,305
2026-08-07T07:41:48Z,9314,12600,12600,217
2026-08-07T07:41:48Z,9315,96800,187500,164
2026-08-07T07:41:48Z,9317,288400,288400,112
2026-08-07T07:41:48Z,9318,7900,9800,238
2026-08-07T07:41:48Z,9332,34200,34200,61
2026-08-07T07:41:48Z,9333,993800,993800,43
2026-08-07T07:41:48Z,9334,18000,18000,50
2026-08-07T07:41:48Z,9335,9900,9901000,116
2026-08-07T07:41:48Z,9336,81000,81000,28
2026-08-07T07:41:48Z,9355,12556700,49006700,22
2026-08-07T07:41:48Z,9356,3001500,49001500,23
2026-08-07T07:41:48Z,9357,49000400,49000400,20
2026-08-07T07:41:48Z,9358,1000400,49000400,22
2026-08-07T07:41:48Z,9399,1500000100,1500000100,1
2026-08-07T07:41:48Z,9451,3300,3300,84
2026-08-07T07:41:48Z,9681,450000100,450000100,1
2026-08-07T07:41:48Z,10285,24700,25100,1907
2026-08-07T07:41:48Z,10286,500,1000,17182
2026-08-07T07:41:48Z,10290,2300,2300,9371
2026-08-07T07:41:48Z,10305,199990000,199990000,1
2026-08-07T07:41:48Z,10306,99900,99900,44
2026-08-07T07:41:48Z,10307,32000,9895000,21
2026-08-07T07:41:48Z,10308,159100,159100,2233
2026-08-07T07:41:48Z,10309,44000,44000,153
2026-08-07T07:41:48Z,10310,30000,30000,66
2026-08-07T07:41:48Z,10450,5500000600,5500000600,1
2026-08-07T07:41:48Z,10457,990000300,990000300,1
2026-08-07T07:41:48Z,10505,35000,35000,606
2026-08-07T07:41:48Z,10507,59800,59800,1149
2026-08-07T07:41:48Z,10512,25000100,25000100,20
2026-08-07T07:41:48Z,10513,49000100,49000100,1001
2026-08-07T07:41:48Z,10514,5000,5100,73
2026-08-07T07:41:48Z,10546,1000000,1000000,38
2026-08-07T07:41:48Z,10548,19900000,19900000,10
2026-08-07T07:41:48Z,10558,39600,39600,1604
2026-08-07T07:41:48Z,10559,150000,840000,458
2026-08-07T07:41:48Z,10560,110000,114400,50115
2026-08-07T07:41:48Z,10561,145300,145300,420
2026-08-07T07:41:48Z,10562,800,800,280
2026-08-07T07:41:48Z,10586,969700,1500000,25
2026-08-07T07:41:48Z,10592,35000,35000,781
2026-08-07T07:41:48Z,10593,247000,870200,1003
2026-08-07T07:41:48Z,10620,22900,23300,166585
2026-08-07T07:41:48Z,10646,301300,301300,31
2026-08-07T07:41:48Z,10647,5700,5700,2151
2026-08-07T07:41:48Z,10648,49009900,49009900,21
2026-08-07T07:41:48Z,10839,660600,660600,4
2026-08-07T07:41:48Z,10840,709900,709900,4
2026-08-07T07:41:48Z,10841,115100,115100,426
2026-08-07T07:41:48Z,10918,90000,90000,71
2026-08-07T07:41:48Z,10920,5500000100,5500000100,1
2026-08-07T07:41:48Z,10921,1500000100,1500000100,1
2026-08-07T07:41:48Z,10922,5500000400,5500000400,1
2026-08-07T07:41:48Z,10938,3100,3700,4532
2026-08-07T07:41:48Z,10939,8300,9300,5916
2026-08-07T07:41:48Z,10940,2600,3300,115796
2026-08-07T07:41:48Z,11018,70700,70700,505
2026-08-07T07:41:48Z,11022,9900600,9900600,40
2026-08-07T07:41:48Z,11040,500000,500000,175
2026-08-07T07:41:48Z,11184,14600,14600,551
2026-08-07T07:41:48Z,11185,15000,15000,553
2026-08-07T07:41:48Z,11186,69900,70000,385
2026-08-07T07:41:48Z,11188,14400,15000,408
2026-08-07T07:41:48Z,11284,4851100,4851100,204
2026-08-07T07:41:48Z,11285,49000000,49000000,20
2026-08-07T07:41:48Z,11291,4500,4600,982
2026-08-07T07:41:48Z,11325,32500,32500,13
2026-08-07T07:41:48Z,11370,235200,310000,12349
2026-08-07T07:41:48Z,11371,2290000,2290000,4677
2026-08-07T07:41:48Z,11382,4999900,5800000,324
2026-08-07T07:41:48Z,11384,49000200,49000200,20
2026-08-07T07:41:48Z,11385,2500300,2500300,33
2026-08-07T07:41:48Z,11386,48991100,48991100,23
2026-08-07T07:41:48Z,11387,49001600,49001600,10
2026-08-07T07:41:48Z,11388,1500000300,1500000300,1
2026-08-07T07:41:48Z,11389,290003300,290003300,1
2026-08-07T07:41:48Z,11390,290000200,290000200,1
2026-08-07T07:41:48Z,11391,7200,7200,45
2026-08-07T07:41:48Z,11392,2500,2500,61
2026-08-07T07:41:48Z,11393,14600,14600,43
2026-08-07T07:41:48Z,11394,9300,9300,48
2026-08-07T07:41:48Z,11395,49001300,49001300,19
2026-08-07T07:41:48Z,11402,290001900,290001900,1
2026-08-07T07:41:48Z,11403,49001100,49001100,20
2026-08-07T07:41:48Z,11404,2700,2700,32
2026-08-07T07:41:48Z,11406,240000,240400,194
2026-08-07T07:41:48Z,11407,501000,501000,138
2026-08-07T07:41:48Z,11408,49001400,49001400,20
2026-08-07T07:41:48Z,11409,96700,100000,44
2026-08-07T07:41:48Z,11410,550900,49000900,21
2026-08-07T07:41:48Z,11414,4632800,49002800,21
2026-08-07T07:41:48Z,11415,400,9990000,42
2026-08-07T07:41:48Z,11416,49000500,49000500,20
2026-08-07T07:41:48Z,11417,49009900,49009900,21
2026-08-07T07:41:48Z,11418,46300,46300,26
2026-08-07T07:41:48Z,11419,290002900,290002900,2
2026-08-07T07:41:48Z,11420,290002600,290002600,2
2026-08-07T07:41:48Z,11444,23100,96800,79
2026-08-07T07:41:48Z,11584,1005700,1005700,115
2026-08-07T07:41:48Z,11590,800,800,144
2026-08-07T07:41:48Z,11630,290000100,290000100,1
2026-08-07T07:41:48Z,11754,9900,10400,1862
2026-08-07T07:41:48Z,11846,9995500,9995500,24
2026-08-07T07:41:48Z,11939,6408100,6408100,25
2026-08-07T07:41:48Z,11940,104000,104000,30
2026-08-07T07:41:48Z,11941,211300,211300,58
2026-08-07T07:41:48Z,11942,3497600,3497600,48
2026-08-07T07:41:48Z,12003,25000000,25000000,8
2026-08-07T07:41:48Z,12037,12000,863200,20375
2026-08-07T07:41:48Z,12184,3500,840000,480
2026-08-07T07:41:48Z,12190,115000,115000,186
2026-08-07T07:41:48Z,12202,1200,1500,2331
2026-08-07T07:41:48Z,12203,700,2400,33088
2026-08-07T07:41:48Z,12204,1600,1700,991
2026-08-07T07:41:48Z,12205,2800,7400,26130
2026-08-07T07:41:48Z,12206,7700,930000,6632
2026-08-07T07:41:48Z,12207,3200,3300,1476
2026-08-07T07:41:48Z,12208,500,600,13171
2026-08-07T07:41:48Z,12209,7863000,7863000,69
2026-08-07T07:41:48Z,12210,39100,39100,150
2026-08-07T07:41:48Z,12212,2049400,2049400,176
2026-08-07T07:41:48Z,12213,308700,308700,162
2026-08-07T07:41:48Z,12214,808100,808100,166
2026-08-07T07:41:48Z,12215,2503100,2503100,45
2026-08-07T07:41:48Z,12216,10000,10000,61
2026-08-07T07:41:48Z,12217,3000000,3000000,57
2026-08-07T07:41:48Z,12218,2200,2200,110
2026-08-07T07:41:48Z,12223,4600,5000,876
2026-08-07T07:41:48Z,12224,478800,478800,37
2026-08-07T07:41:48Z,12238,29900,250000,203
2026-08-07T07:41:48Z,12359,23900,28200,70702
2026-08-07T07:41:48Z,12360,909900,939900,3217
2026-08-07T07:41:48Z,12361,22000,28000,3654
2026-08-07T07:41:48Z,12363,1190000,1290000,6951
2026-08-07T07:41:48Z,12364,55000,55000,127
2026-08-07T07:41:48Z,12365,400,7400,43825
2026-08-07T07:41:48Z,12404,990000,990000,230
2026-08-07T07:41:48Z,12430,158990000,158990000,8
2026-08-07T07:41:48Z,12431,39999600,39999600,6
2026-08-07T07:41:48Z,12432,198920000,198920000,64
2026-08-07T07:41:48Z,12433,49500000,49500000,6
2026-08-07T07:41:48Z,12434,20652500,20652500,12
2026-08-07T07:41:48Z,12435,700,900,65
2026-08-07T07:41:48Z,12436,199988200,199988200,1
2026-08-07T07:41:48Z,12607,75000,312000,757
2026-08-07T07:41:48Z,12643,17400,17400,1035
2026-08-07T07:41:48Z,12644,6900,7000,1240
2026-08-07T07:41:48Z,12645,739500,9992200,21
2026-08-07T07:41:48Z,12655,62000,90400,1580
2026-08-07T07:41:48Z,12735,3700,3700,74
2026-08-07T07:41:48Z,12799,154500,154500,4415
2026-08-07T07:41:48Z,12800,64600,90000,1113
2026-08-07T07:41:48Z,12803,60000,80000,2998
2026-08-07T07:41:48Z,12804,3300,72800,9603
2026-08-07T07:41:48Z,12808,869900,1209900,4110
2026-08-07T07:41:48Z,12809,750000,750000,1304
2026-08-07T07:41:48Z,12810,1179900,1249900,3508
2026-08-07T07:41:48Z,12811,559700,959900,5988
2026-08-07T07:41:48Z,12820,690900,1124500,2267
2026-08-07T07:41:48Z,13159,900,900,89
2026-08-07T07:41:48Z,13362,179600,49009600,23
2026-08-07T07:41:48Z,13363,490000,490000,26
2026-08-07T07:41:48Z,13364,49004000,49004000,23
2026-08-07T07:41:48Z,13365,49003100,49003100,24
2026-08-07T07:41:48Z,13366,49004600,49004600,19
2026-08-07T07:41:48Z,13422,22600,100000,5999
2026-08-07T07:41:48Z,13423,12500,27300,546
2026-08-07T07:41:48Z,13442,110000,110000,345
2026-08-07T07:41:48Z,13443,500,500,352
2026-08-07T07:41:48Z,13444,1500,45000,521
2026-08-07T07:41:48Z,13445,1000000,1000000,362
2026-08-07T07:41:48Z,13446,1000,1000,1222
2026-08-07T07:41:48Z,13447,2000,3900,306
2026-08-07T07:41:48Z,13452,749900,749900,529
2026-08-07T07:41:48Z,13453,294900,294900,159
2026-08-07T07:41:48Z,13454,114000,114700,457
2026-08-07T07:41:48Z,13455,77000,77000,214
2026-08-07T07:41:48Z,13456,680600,680600,276
2026-08-07T07:41:48Z,13457,9000,9000,194
2026-08-07T07:41:48Z,13458,19900,19900,128
2026-08-07T07:41:48Z,13459,660000,660000,147
2026-08-07T07:41:48Z,13460,1109000,2149000,26
2026-08-07T07:41:48Z,13461,69800,69800,162
2026-08-07T07:41:48Z,13462,4400,375000,302
2026-08-07T07:41:48Z,13463,15000,15600,77405
2026-08-07T07:41:48Z,13464,17700,17700,9276
2026-08-07T07:41:48Z,13465,20100,930000,20902
2026-08-07T07:41:48Z,13466,115000,446900,11556
2026-08-07T07:41:48Z,13467,34400,36800,16570
2026-08-07T07:41:48Z,13468,24001100,25001100,932
2026-08-07T07:41:48Z,13506,999900,999900,608
2026-08-07T07:41:48Z,13510,14907500,14907500,174
2026-08-07T07:41:48Z,13511,11004900,11004900,147
2026-08-07T07:41:48Z,13512,7356300,7356300,199
2026-08-07T07:41:48Z,13546,19789900,19789900,18
2026-08-07T07:41:48Z,13724,9970400,9970400,45
2026-08-07T07:41:48Z,13754,104500,930000,3885
2026-08-07T07:41:48Z,13755,2500000,2500000,251
2026-08-07T07:41:48Z,13756,79700,84000,521
2026-08-07T07:41:48Z,13757,13000,930000,13957
2026-08-07T07:41:48Z,13758,6300,7000,3563
2026-08-07T07:41:48Z,13759,456800,840000,1568
2026-08-07T07:41:48Z,13760,105300,840000,2251
2026-08-07T07:41:48Z,13851,89900,89900,77
2026-08-07T07:41:48Z,13888,27100,930000,13384
2026-08-07T07:41:48Z,13889,36900,36900,4788
2026-08-07T07:41:48Z,13890,49000200,49000200,20
2026-08-07T07:41:48Z,13893,3999900,7990000,1358
2026-08-07T07:41:48Z,13926,5500000,6000000,182
2026-08-07T07:41:48Z,13927,562400,562400,199
2026-08-07T07:41:48Z,13928,1633500,1633500,48
2026-08-07T07:41:48Z,13929,43900,43900,154
2026-08-07T07:41:48Z,13930,9880000,9880000,175
2026-08-07T07:41:48Z,13931,40000,40000,175
2026-08-07T07:41:48Z,13932,4500,4500,309
2026-08-07T07:41:48Z,13933,10000,10000,53
2026-08-07T07:41:48Z,13934,7809400,7809400,47
2026-08-07T07:41:48Z,13935,9800,9800,50
2026-08-07T07:41:48Z,14047,6000,10900,15157
2026-08-07T07:41:48Z,14048,42100,42500,2164
2026-08-07T07:41:48Z,14227,303000,326600,2054
2026-08-07T07:41:48Z,14256,799000,900000,3850
2026-08-07T07:41:48Z,14341,4000,4000,13201
2026-08-07T07:41:48Z,14342,1649900,1680000,914
2026-08-07T07:41:48Z,14343,7000,9900,5247
2026-08-07T07:41:48Z,14344,1600,1700,428729
2026-08-07T07:41:48Z,14529,1990000,1990000,218
2026-08-07T07:41:48Z,14530,34400,34400,389
2026-08-07T07:41:48Z,15327,3500000000,3500000000,1
2026-08-07T07:41:48Z,15407,48000,48000,7961
2026-08-07T07:41:48Z,15408,858900,859000,935
2026-08-07T07:41:48Z,15409,49008600,49008600,24
2026-08-07T07:41:48Z,15410,319900,320000,597
2026-08-07T07:41:48Z,15412,24500,24500,763
2026-08-07T07:41:48Z,15414,161300,500000,5561
2026-08-07T07:41:48Z,15415,3499700,3499900,114
2026-08-07T07:41:48Z,15416,7100,7400,3654
2026-08-07T07:41:48Z,15417,199900,290000,1266
2026-08-07T07:41:48Z,15419,748000,750000,407
2026-08-07T07:41:48Z,15420,49000200,49000200,21
2026-08-07T07:41:48Z,15422,290000800,290000800,7
2026-08-07T07:41:48Z,15423,290000800,290000800,1
2026-08-07T07:41:48Z,15564,5000,5000,222
2026-08-07T07:41:48Z,15869,17200,37200,191
2026-08-07T07:41:48Z,15870,25000,25000,124
2026-08-07T07:41:48Z,15871,351800,351800,64
2026-08-07T07:41:48Z,15872,725200,725200,213
2026-08-07T07:41:48Z,15992,4000,79800,5539
2026-08-07T07:41:48Z,15993,51100,51100,91
2026-08-07T07:41:48Z,15994,131000,131000,9635
2026-08-07T07:41:48Z,15997,290000100,290000100,1
2026-08-07T07:41:48Z,16000,143600,143600,731
2026-08-07T07:41:48Z,16005,9992700,9992700,23
2026-08-07T07:41:48Z,16006,1220000,1220000,882
2026-08-07T07:41:48Z,16023,1706200,1706200,231
2026-08-07T07:41:48Z,16040,9998000,9998000,19
2026-08-07T07:41:48Z,16166,9900000,9900000,40
2026-08-07T07:41:48Z,16167,9800000,9800000,39
2026-08-07T07:41:48Z,16168,9800400,9800400,35
2026-08-07T07:41:48Z,16169,3926400,9899900,41
2026-08-07T07:41:48Z,16170,9909800,9909800,40
2026-08-07T07:41:48Z,16202,108900,249900,3490
2026-08-07T07:41:48Z,16203,313800,368000,6188
2026-08-07T07:41:48Z,16204,15500,19800,10133
2026-08-07T07:41:48Z,16583,290003800,290003800,1
2026-08-07T07:41:48Z,16747,1000,49001000,23
2026-08-07T07:41:48Z,16748,49000100,49000100,23
2026-08-07T07:41:48Z,16766,8800,8800,272
2026-08-07T07:41:48Z,16971,9990000,9990000,21
2026-08-07T07:41:48Z,17010,12400,12400,15972
2026-08-07T07:41:48Z,17011,4900,6400,12269
2026-08-07T07:41:48Z,17012,11800,14200,4228
2026-08-07T07:41:48Z,17020,45550400,45550400,11
2026-08-07T07:41:48Z,17021,290000300,290000300,1
2026-08-07T07:41:48Z,17026,990000400,990000400,1
2026-08-07T07:41:48Z,17028,290000300,290000300,1
2026-08-07T07:41:48Z,17029,199999900,199999900,2
2026-08-07T07:41:48Z,17030,250000800,250000800,9
2026-08-07T07:41:48Z,17031,5003900,5003900,32
2026-08-07T07:41:48Z,17032,48880800,48880800,40
2026-08-07T07:41:48Z,17033,99999800,289999800,12
2026-08-07T07:41:48Z,17034,55550100,55550100,2
2026-08-07T07:41:48Z,17036,5500000400,5500000400,1
2026-08-07T07:41:48Z,17037,5500000600,5500000600,1
2026-08-07T07:41:48Z,17038,1500000800,1500000800,1
2026-08-07T07:41:48Z,17056,100,400,25546
2026-08-07T07:41:48Z,17057,100,100,189
2026-08-07T07:41:48Z,17058,1100,1200,313
2026-08-07T07:41:48Z,17119,1900,1900,84
2026-08-07T07:41:48Z,17194,2200,2500,15146
2026-08-07T07:41:48Z,17196,24500,25000,1192
2026-08-07T07:41:48Z,17197,109900,109900,186
2026-08-07T07:41:48Z,17198,569500,569500,49
2026-08-07T07:41:48Z,17202,300,7000,908810
2026-08-07T07:41:48Z,17203,1799900,1799900,361
2026-08-07T07:41:48Z,17222,7600,7600,145
2026-08-07T07:41:48Z,17303,19600,19600,573
2026-08-07T07:41:48Z,17304,19600,19600,744
2026-08-07T07:41:48Z,17307,50000,101800,182
2026-08-07T07:41:48Z,17344,19900000,19900000,19
2026-08-07T07:41:48Z,17402,5000000,5000000,360
2026-08-07T07:41:48Z,17403,500000,500000,120
2026-08-07T07:41:48Z,17404,9900,9893000,43
2026-08-07T07:41:48Z,17405,9800000,9800000,40
2026-08-07T07:41:48Z,17406,10000,9857400,44
2026-08-07T07:41:48Z,17407,1197100,1388000,37
2026-08-07T07:41:48Z,17408,9950000,9950000,32
2026-08-07T07:41:48Z,17708,700000,700000,258
2026-08-07T07:41:48Z,17747,9901700,9901700,22
2026-08-07T07:41:48Z,17771,14000000,14000000,816
2026-08-07T07:41:48Z,18042,290000100,290000100,1
2026-08-07T07:41:48Z,18045,3200,3200,68
2026-08-07T07:41:48Z,18222,3100,3100,443
2026-08-07T07:41:48Z,18223,6200,6200,207
2026-08-07T07:41:48Z,18224,1800,1800,900
2026-08-07T07:41:48Z,18225,4654400,4654400,27
2026-08-07T07:41:48Z,18226,290000700,290000700,1
2026-08-07T07:41:48Z,18227,104000,49004000,22
2026-08-07T07:41:48Z,18230,450000,49000000,23
2026-08-07T07:41:48Z,18232,800000,800000,81
2026-08-07T07:41:48Z,18233,102000,102000,27
2026-08-07T07:41:48Z,18234,49004400,49004400,20
2026-08-07T07:41:48Z,18236,50000,49000000,22
2026-08-07T07:41:48Z,18237,49002500,49002500,20
2026-08-07T07:41:48Z,18251,2977000,2977000,15
2026-08-07T07:41:48Z,18253,40000,40000,90
2026-08-07T07:41:48Z,18254,58800,58800,151
2026-08-07T07:41:48Z,18255,21200,249900,1540
2026-08-07T07:41:48Z,18256,49003100,49003100,38
2026-08-07T07:41:48Z,18262,1092400,1092400,400
2026-08-07T07:41:48Z,18283,69980000,146000000,7
2026-08-07T07:41:48Z,18285,208600,49008600,22
2026-08-07T07:41:48Z,18286,20000,20000,43
2026-08-07T07:41:48Z,18287,226000,226000,49
2026-08-07T07:41:48Z,18288,111100,111100,65
2026-08-07T07:41:48Z,18294,395000,395000,214
2026-08-07T07:41:48Z,18300,199000000,199000000,2
2026-08-07T07:41:48Z,18335,2507000,5788000,261
2026-08-07T07:41:48Z,18512,46370500,46370500,28
2026-08-07T07:41:48Z,18562,500000,850000,3462
2026-08-07T07:41:48Z,18567,31900,31900,1045
2026-08-07T07:41:48Z,18588,185000,250000,100
2026-08-07T07:41:48Z,18594,3502500,3502500,273
2026-08-07T07:41:48Z,18631,390000,450000,428
2026-08-07T07:41:48Z,18632,9899900,9899900,40
2026-08-07T07:41:48Z,18633,124900,124900,49
2026-08-07T07:41:48Z,18635,70700,9968700,48
2026-08-07T07:41:48Z,18640,24400,24400,113
2026-08-07T07:41:48Z,18641,12900,12900,52
2026-08-07T07:41:48Z,18645,5896100,5896100,24
2026-08-07T07:41:48Z,18662,20000,26700,208
2026-08-07T07:41:48Z,18944,70000,70000,728
2026-08-07T07:41:48Z,18945,400,400,21903
2026-08-07T07:41:48Z,19026,401000,401000,143
2026-08-07T07:41:48Z,19183,100,100,2862
2026-08-07T07:41:48Z,19221,5500,6300,1893
2026-08-07T07:41:48Z,19222,1100,1500,870
2026-08-07T07:41:48Z,19223,100,100,1299
2026-08-07T07:41:48Z,19224,3200,4700,2054
2026-08-07T07:41:48Z,19225,200,300,367
2026-08-07T07:41:48Z,19227,9802900,9802900,22
2026-08-07T07:41:48Z,19230,1687300,1970100,93
2026-08-07T07:41:48Z,19231,2257200,2287000,126
2026-08-07T07:41:48Z,19232,1479600,1494600,240
2026-08-07T07:41:48Z,19233,1230000,1244700,183
2026-08-07T07:41:48Z,19234,1474500,1489600,105
2026-08-07T07:41:48Z,19235,1455300,1499900,104
2026-08-07T07:41:48Z,19236,2475000,2500000,42
2026-08-07T07:41:48Z,19258,2242500,2242500,40
2026-08-07T07:41:48Z,19259,2831000,2859600,48
2026-08-07T07:41:48Z,19260,2049300,2109900,89
2026-08-07T07:41:48Z,19261,2085400,2127600,51
2026-08-07T07:41:48Z,19262,1963000,2002900,79
2026-08-07T07:41:48Z,19263,1272700,1285500,30
2026-08-07T07:41:48Z,19264,2207700,2249900,147
2026-08-07T07:41:48Z,19265,1790700,1790700,27
2026-08-07T07:41:48Z,19268,237600,3115000,622
2026-08-07T07:41:48Z,19269,2832500,2890000,95
2026-08-07T07:41:48Z,19270,2930500,2960100,115
2026-08-07T07:41:48Z,19271,2914800,2944200,23
2026-08-07T07:41:48Z,19272,1371200,1945200,102
2026-08-07T07:41:48Z,19273,5186300,5238600,15
2026-08-07T07:41:48Z,19274,990300,5013900,87
2026-08-07T07:41:48Z,19275,3791900,3830300,115
2026-08-07T07:41:48Z,19276,2415600,2440100,238
2026-08-07T07:41:48Z,19278,1949200,2779900,317
2026-08-07T07:41:48Z,19279,994400,39999900,77
2026-08-07T07:41:48Z,19280,2645600,2672300,78
2026-08-07T07:41:48Z,19281,2406000,2455100,74
2026-08-07T07:41:48Z,19282,1655900,4499900,82
2026-08-07T07:41:48Z,19283,980100,990000,41
2026-08-07T07:41:48Z,19284,1494700,19999700,105
2026-08-07T07:41:48Z,19299,800,2500,2539
2026-08-07T07:41:48Z,19300,100,100,3296
2026-08-07T07:41:48Z,19304,400,400,1381
2026-08-07T07:41:48Z,19305,400,700,914
2026-08-07T07:41:48Z,19306,200,200,1305
2026-08-07T07:41:48Z,19440,398200,398200,65
2026-08-07T07:41:48Z,19441,6100,6300,6741
2026-08-07T07:41:48Z,19698,85700,85900,698
2026-08-07T07:41:48Z,19699,49900,50000,1095
2026-08-07T07:41:48Z,19700,38200,38300,552
2026-08-07T07:41:48Z,19701,82400,82600,437
2026-08-07T07:41:48Z,19702,48000,48600,2860
2026-08-07T07:41:48Z,19703,41200,41400,1456
2026-08-07T07:41:48Z,19704,81000,81200,487
2026-08-07T07:41:48Z,19705,59800,69500,2957
2026-08-07T07:41:48Z,19706,63700,63700,303
2026-08-07T07:41:48Z,19726,1500000800,1500000800,5
2026-08-07T07:41:48Z,19767,1000000,1327100,120
2026-08-07T07:41:48Z,19768,444400,663900,2509
2026-08-07T07:41:48Z,19774,65557600,65557600,4
2026-08-07T07:41:48Z,19931,4000000,4000400,130
2026-08-07T07:41:48Z,19933,60000,60000,25
2026-08-07T07:41:48Z,19935,9500001300,9500001300,1
2026-08-07T07:41:48Z,19936,1350001000,1350001000,1
2026-08-07T07:41:48Z,19937,290001200,290001200,1
2026-08-07T07:41:48Z,19938,49000800,49000900,25
2026-08-07T07:41:48Z,19943,906000,2990000,3934
2026-08-07T07:41:48Z,19974,1100800,1100800,28
2026-08-07T07:41:48Z,19975,129999900,129999900,3
2026-08-07T07:41:48Z,20002,1478200,1478200,1281
2026-08-07T07:41:48Z,20004,289600,289600,951
2026-08-07T07:41:48Z,20007,997800,997800,1055
2026-08-07T07:41:48Z,20008,336000,336000,1216
2026-08-07T07:41:48Z,20016,1500005500,1500005500,2
2026-08-07T07:41:48Z,20074,692400,692400,136
2026-08-07T07:41:48Z,20381,210000,219300,223
2026-08-07T07:41:48Z,20384,1250000,1250000,2155
2026-08-07T07:41:48Z,20404,414000,414000,3114
2026-08-07T07:41:48Z,20416,166728600,166728600,3
2026-08-07T07:41:48Z,20418,195550000,195550000,1
2026-08-07T07:41:48Z,20419,64999900,64999900,10
2026-08-07T07:41:48Z,20420,149999900,149999900,5
2026-08-07T07:41:48Z,20424,156100,840000,759
2026-08-07T07:41:48Z,20432,989799900,989799900,1
2026-08-07T07:41:48Z,20433,989990100,989990100,1
2026-08-07T07:41:48Z,20435,2424100,2424100,2
2026-08-07T07:41:48Z,20436,1999300,1999300,3
2026-08-07T07:41:48Z,20450,9500000100,9500000100,1
2026-08-07T07:41:48Z,20452,829300,829300,56
2026-08-07T07:41:48Z,20498,49001600,49001600,19
2026-08-07T07:41:48Z,20499,1500000800,1500000800,1
2026-08-07T07:41:48Z,20500,290003100,290003100,1
2026-08-07T07:41:48Z,20501,290003100,290003100,1
2026-08-07T07:41:48Z,20513,292599200,292599200,3
2026-08-07T07:41:48Z,20514,5500000100,5500000100,1
2026-08-07T07:41:48Z,20518,305000,305000,44
2026-08-07T07:41:48Z,20520,5000000,5000000,129
2026-08-07T07:41:48Z,20526,297800,297800,27
2026-08-07T07:41:48Z,20527,1799100,9870000,23
2026-08-07T07:41:48Z,20528,12200,12300,106
2026-08-07T07:41:48Z,20531,292200,292200,31
2026-08-07T07:41:48Z,20532,297800,300800,26
2026-08-07T07:41:48Z,20533,249500,9904800,23
2026-08-07T07:41:48Z,20535,5682100,5682100,46
2026-08-07T07:41:48Z,20540,3384500,3384500,25
2026-08-07T07:41:48Z,20541,168800,168800,29
2026-08-07T07:41:48Z,20542,9993400,9993400,21
2026-08-07T07:41:48Z,20543,9905800,9905800,20
2026-08-07T07:41:48Z,20544,9892000,9892000,22
2026-08-07T07:41:48Z,20545,1230000,1230000,103
2026-08-07T07:41:48Z,20552,500000,500000,24
2026-08-07T07:41:48Z,20676,4407500,4407500,66
2026-08-07T07:41:48Z,20677,92900,4500000,31
2026-08-07T07:41:48Z,20678,600000,600000,63
2026-08-07T07:41:48Z,20679,268300,9901400,24
2026-08-07T07:41:48Z,20709,9900,62200,989
2026-08-07T07:41:48Z,20763,400,400,42
2026-08-07T07:41:48Z,20770,1990800,2150800,26
2026-08-07T07:41:48Z,20812,49000100,49000100,20
2026-08-07T07:41:48Z,20813,49000100,49000100,20
2026-08-07T07:41:48Z,20816,232600,232600,957
2026-08-07T07:41:48Z,20817,50000,50000,426
2026-08-07T07:41:48Z,20842,49000100,49000100,20
2026-08-07T07:41:48Z,20843,49000100,49000100,20
2026-08-07T07:41:48Z,20844,1500000200,1500000200,1
2026-08-07T07:41:48Z,20845,49009900,49009900,22
2026-08-07T07:41:48Z,20846,49000100,49000100,20
2026-08-07T07:41:48Z,20847,49000100,49000100,21
2026-08-07T07:41:48Z,20848,49000100,49000100,21
2026-08-07T07:41:48Z,20857,9992400,9992400,27
2026-08-07T07:41:48Z,20858,5000,5000,1122
2026-08-07T07:41:48Z,20859,6400,6400,723
2026-08-07T07:41:48Z,20860,7000,7500,721
2026-08-07T07:41:48Z,20861,6300,6300,646
2026-08-07T07:41:48Z,20862,4700,4700,717
2026-08-07T07:41:48Z,20863,4100,7500,912
2026-08-07T07:41:48Z,20864,5500,5500,747
2026-08-07T07:41:48Z,20865,3000,3000,554
2026-08-07T07:41:48Z,20866,45300,45300,71
2026-08-07T07:41:48Z,20867,149900,150000,60
2026-08-07T07:41:48Z,20868,99900,100000,68
2026-08-07T07:41:48Z,20869,209800,209900,70
2026-08-07T07:41:48Z,20870,16200,127200,74
2026-08-07T07:41:48Z,20871,44400,44500,78
2026-08-07T07:41:48Z,20872,46200,85000,74
2026-08-07T07:41:48Z,20873,12400,239900,80
2026-08-07T07:41:48Z,20874,7900,9900,142
2026-08-07T07:41:48Z,20875,9100,9900,145
2026-08-07T07:41:48Z,20876,9100,15000,95
2026-08-07T07:41:48Z,20877,10600,19800,87
2026-08-07T07:41:48Z,20878,11400,15000,116
2026-08-07T07:41:48Z,20879,15700,25000,109
2026-08-07T07:41:48Z,20881,7900,15000,104
2026-08-07T07:41:48Z,20882,69900,100000,81
2026-08-07T07:41:48Z,20963,149900,149900,2597
2026-08-07T07:41:48Z,21023,649900,649900,94
2026-08-07T07:41:48Z,21024,27800,49200,1357
2026-08-07T07:41:48Z,21030,9700000,9700000,40
2026-08-07T07:41:48Z,21031,9700000,9700000,25
2026-08-07T07:41:48Z,21033,9909800,9909800,40
2026-08-07T07:41:48Z,21071,5000,5600,25646
2026-08-07T07:41:48Z,21072,4000,4000,164
2026-08-07T07:41:48Z,21114,12300,24400,218
2026-08-07T07:41:48Z,21151,4900,45500,3043
2026-08-07T07:41:48Z,21153,19800,19900,6747
2026-08-07T07:41:48Z,21177,8980000,8980000,225
2026-08-07T07:41:48Z,21213,4600,50000,73853
2026-08-07T07:41:48Z,21215,24700,56200,956
2026-08-07T07:41:48Z,21217,3900,3900,274
2026-08-07T07:41:48Z,21222,7700,7700,386
2026-08-07T07:41:48Z,21223,220000,220000,171
2026-08-07T07:41:48Z,21224,90000,90000,79
2026-08-07T07:41:48Z,21225,10100,10100,165
2026-08-07T07:41:48Z,21226,440000,440000,56
2026-08-07T07:41:48Z,21227,49004400,49004400,20
2026-08-07T07:41:48Z,21536,395900,395900,427
2026-08-07T07:41:48Z,21546,439200,439200,333
2026-08-07T07:41:48Z,21552,73300,159000,74
2026-08-07T07:41:48Z,21557,6500,6500,412
2026-08-07T07:41:48Z,21558,5300,5300,673
2026-08-07T07:41:48Z,21559,1000,52400,244
2026-08-07T07:41:48Z,21561,3000,5000,88
2026-08-07T07:41:48Z,21562,3000,9900,190
2026-08-07T07:41:48Z,21569,3000000,3000000,132
2026-08-07T07:41:48Z,21570,317100,317100,221
2026-08-07T07:41:48Z,21571,9700,9800,428
2026-08-07T07:41:48Z,21574,59700,59700,380
2026-08-07T07:41:48Z,21576,49500,49500,626
2026-08-07T07:41:48Z,21589,12000,150000,92
2026-08-07T07:41:48Z,21590,7600,150000,146
2026-08-07T07:41:48Z,21592,2000,150000,138
2026-08-07T07:41:48Z,21593,22500,32500,70
2026-08-07T07:41:48Z,21595,29900,212500,162
2026-08-07T07:41:48Z,21714,451200,451200,468
2026-08-07T07:41:48Z,21716,453900,453900,359
2026-08-07T07:41:48Z,21718,452400,452400,369
2026-08-07T07:41:48Z,21721,700000,700000,133
2026-08-07T07:41:48Z,21747,167700,206900,146
2026-08-07T07:41:48Z,21752,30000,40000,10027
2026-08-07T07:41:48Z,21830,343387000,343387000,2
2026-08-07T07:41:48Z,21840,4900,5500,8647
2026-08-07T07:41:48Z,21842,49900,53900,1318
2026-08-07T07:41:48Z,21844,29100,29100,3005
2026-08-07T07:41:48Z,21845,4166000,4166000,140
2026-08-07T07:41:48Z,21877,900,1000,281375
2026-08-07T07:41:48Z,21881,5800,6700,3355
2026-08-07T07:41:48Z,21882,2600,2900,13546
2026-08-07T07:41:48Z,21884,4907700,5090000,723
2026-08-07T07:41:48Z,21885,2399500,2399700,1782
2026-08-07T07:41:48Z,21886,1159900,1163300,1749
2026-08-07T07:41:48Z,21887,52200,52200,23332
2026-08-07T07:41:48Z,21927,290000600,290000600,1
2026-08-07T07:41:48Z,21929,9200,9600,1068
2026-08-07T07:41:48Z,21990,1500,1500,804
2026-08-07T07:41:48Z,21991,4000,4000,824
2026-08-07T07:41:48Z,22054,299476300,299476300,18
2026-08-07T07:41:48Z,22055,290002000,290002000,21
2026-08-07T07:41:48Z,22147,290009100,290009100,2
2026-08-07T07:41:48Z,22148,49000600,49000600,20
2026-08-07T07:41:48Z,22202,33000,34000,669
2026-08-07T07:41:48Z,22203,1486300,2497500,335
2026-08-07T07:41:48Z,22324,9870400,9870400,25
2026-08-07T07:41:48Z,22373,100009800,100009800,298
2026-08-07T07:41:48Z,22374,197977000,197977000,84
2026-08-07T07:41:48Z,22375,450000000,450000000,279
2026-08-07T07:41:48Z,22376,249999700,249999700,10
2026-08-07T07:41:48Z,22445,23100,27000,25166
2026-08-07T07:41:48Z,22446,83500,89500,7892
2026-08-07T07:41:48Z,22447,27600,39900,4382
2026-08-07T07:41:48Z,22448,14900,18200,1601
2026-08-07T07:41:48Z,22449,19900,23900,65667
2026-08-07T07:41:48Z,22450,22000,25100,5888
2026-08-07T07:41:48Z,22451,4400000,4870000,569
2026-08-07T07:41:48Z,22452,90500,92800,17580
2026-08-07T07:41:48Z,22456,247900,300500,56710
2026-08-07T07:41:48Z,22457,4150000,4178900,504
2026-08-07T07:41:48Z,22459,54000,55800,105
2026-08-07T07:41:48Z,22460,156500,156500,169
2026-08-07T07:41:48Z,22525,300,4900200,231
2026-08-07T07:41:48Z,22526,300,300,244
2026-08-07T07:41:48Z,22527,1400,1400,257
2026-08-07T07:41:48Z,22528,6000,6000,647
2026-08-07T07:41:48Z,22529,10009000,10009000,147
2026-08-07T07:41:48Z,22572,470300,479500,5109
2026-08-07T07:41:48Z,22573,5600,5600,12061
2026-08-07T07:41:48Z,22574,474500,475000,12452
2026-08-07T07:41:48Z,22575,79700,86300,19830
2026-08-07T07:41:48Z,22576,350000,557700,10385
2026-08-07T07:41:48Z,22577,19600,21200,10710
2026-08-07T07:41:48Z,22578,214900,250000,4961
2026-08-07T07:41:48Z,22641,609900,609900,1234
2026-08-07T07:41:48Z,22642,499900,890000,1957
2026-08-07T07:41:48Z,22644,39000,98900,54486
2026-08-07T07:41:48Z,22645,1900,1900,75
2026-08-07T07:41:48Z,22682,269800,310100,2611
2026-08-07T07:41:48Z,22710,12500,12500,405
2026-08-07T07:41:48Z,22785,18600,27100,7378
2026-08-07T07:41:48Z,22786,14800,14800,2810
2026-08-07T07:41:48Z,22787,59900,89500,2938
2026-08-07T07:41:48Z,22788,149900,149900,1243
2026-08-07T07:41:48Z,22789,16400,16500,2836
2026-08-07T07:41:48Z,22790,24900,24900,2084
2026-08-07T07:41:48Z,22791,12500,12500,4485
2026-08-07T07:41:48Z,22792,50200,50200,43222
2026-08-07T07:41:48Z,22793,15900,15900,11191
2026-08-07T07:41:48Z,22794,125400,125400,3529
2026-08-07T07:41:48Z,22795,800,990000,794
2026-08-07T07:41:48Z,22797,199900000,199900000,25
2026-08-07T07:41:48Z,22823,169100,169100,360
2026-08-07T07:41:48Z,22824,39600,39700,234
2026-08-07T07:41:48Z,22825,8200,8200,341
2026-08-07T07:41:48Z,22826,71200,71200,72
2026-08-07T07:41:48Z,22827,3990000,3990000,101
2026-08-07T07:41:48Z,22828,380000,380000,176
2026-08-07T07:41:48Z,22829,4900,5000,123
2026-08-07T07:41:48Z,22830,849000,849900,134
2026-08-07T07:41:48Z,22831,99000,99000,288
2026-08-07T07:41:48Z,22832,5000,5000,390
2026-08-07T07:41:48Z,22833,6990000,6990000,72
2026-08-07T07:41:48Z,22834,22000,22000,193
2026-08-07T07:41:48Z,22835,1025000,1025000,50
2026-08-07T07:41:48Z,22836,27000,27000,202
2026-08-07T07:41:48Z,22837,386200,386200,179
2026-08-07T07:41:48Z,22838,1219900,1219900,413
2026-08-07T07:41:48Z,22839,492200,492200,232
2026-08-07T07:41:48Z,22840,159800,159800,215
2026-08-07T07:41:48Z,22841,1005000,1566400,28
2026-08-07T07:41:48Z,22842,256500,256500,166
2026-08-07T07:41:48Z,22844,59900,259900,227
2026-08-07T07:41:48Z,22845,799900,799900,87
2026-08-07T07:41:48Z,22846,99300,99300,311
2026-08-07T07:41:48Z,22847,5030000,5030000,25
2026-08-07T07:41:48Z,22848,55800,55800,198
2026-08-07T07:41:48Z,22849,1009700,1009700,89
2026-08-07T07:41:48Z,22850,16000,17700,338
2026-08-07T07:41:48Z,22851,502900,502900,144
2026-08-07T07:41:48Z,22853,31800,145200,62
2026-08-07T07:41:48Z,22854,34300,54300,239
2026-08-07T07:41:48Z,22861,399700,399700,197
2026-08-07T07:41:48Z,22866,59600,375000,218
2026-08-07T07:41:48Z,22871,17500,17500,35
2026-08-07T07:41:48Z,23055,870000000,870000000,10
2026-08-07T07:41:48Z,23077,102700,265200,648
2026-08-07T07:41:48Z,23079,33500,34500,801
2026-08-07T07:41:48Z,23094,76000,76000,34
2026-08-07T07:41:48Z,23095,39000,39900,326
2026-08-07T07:41:48Z,23096,249965100,249965100,3
2026-08-07T07:41:48Z,23097,97900,98000,109
2026-08-07T07:41:48Z,23098,9400,9600,65
2026-08-07T07:41:48Z,23099,849500,849500,29
2026-08-07T07:41:48Z,23100,16400,16400,52
2026-08-07T07:41:48Z,23101,1140900,1140900,30
2026-08-07T07:41:48Z,23103,18300,18300,30
2026-08-07T07:41:48Z,23104,999600,999600,24
2026-08-07T07:41:48Z,23105,300000,300000,48
2026-08-07T07:41:48Z,23106,990000000,990000000,2
2026-08-07T07:41:48Z,23107,18800,19900,2189
2026-08-07T07:41:48Z,23108,18000,18400,50
2026-08-07T07:41:48Z,23109,9808500,9808500,21
2026-08-07T07:41:48Z,23110,27500,27500,31
2026-08-07T07:41:48Z,23111,40000,40000,143
2026-08-07T07:41:48Z,23112,27000,32900,5311
2026-08-07T07:41:48Z,23113,48600,48700,270
2026-08-07T07:41:48Z,23114,34900,9990000,21
2026-08-07T07:41:48Z,23115,9000000,9000000,30
2026-08-07T07:41:48Z,23116,8400,8400,101
2026-08-07T07:41:48Z,23117,21600,21900,1921
2026-08-07T07:41:48Z,23118,15000,15300,82
2026-08-07T07:41:48Z,23119,15000,15000,161
2026-08-07T07:41:48Z,23120,380000,380000,48
2026-08-07T07:41:48Z,23121,3499999800,3499999800,1
2026-08-07T07:41:48Z,23329,21000,21000,28
2026-08-07T07:41:48Z,23330,49000100,49000100,20
2026-08-07T07:41:48Z,23331,3508900,3508900,30
2026-08-07T07:41:48Z,23332,30000100,30000100,33
2026-08-07T07:41:48Z,23333,49000100,49000100,21
2026-08-07T07:41:48Z,23334,3200,3200,7
2026-08-07T07:41:48Z,23353,49000100,49000100,20
2026-08-07T07:41:48Z,23354,900,9990100,23
2026-08-07T07:41:48Z,23355,49000400,49000400,17
2026-08-07T07:41:48Z,23380,149000,150100,27
2026-08-07T07:41:48Z,23383,849000,20000000,25
2026-08-07T07:41:48Z,23384,1500000,1500000,30
2026-08-07T07:41:48Z,23385,340000,340000,27
2026-08-07T07:41:48Z,23386,24700,24700,42
2026-08-07T07:41:48Z,23424,57000,58000,75731
2026-08-07T07:41:48Z,23425,25600,36300,36267
2026-08-07T07:41:48Z,23426,2320000,3850000,2795
2026-08-07T07:41:48Z,23427,136700,136700,7283
2026-08-07T07:41:48Z,23436,587800,593700,310
2026-08-07T07:41:48Z,23437,77500,78200,284
2026-08-07T07:41:48Z,23438,31700,31800,152
2026-08-07T07:41:48Z,23439,30300,31000,120
2026-08-07T07:41:48Z,23440,44500,49900,151
2026-08-07T07:41:48Z,23441,227700,227700,188
2026-08-07T07:41:48Z,23445,126400,130000,27492
2026-08-07T07:41:48Z,23446,76700,76700,9489
2026-08-07T07:41:48Z,23447,239900,300000,394
2026-08-07T07:41:48Z,23448,1082400,1082500,4591
2026-08-07T07:41:48Z,23449,4799900,4799900,802
2026-08-07T07:41:48Z,23528,167200,167200,51
2026-08-07T07:41:48Z,23529,329900,329900,1711
2026-08-07T07:41:48Z,23530,9979500,9979500,38
2026-08-07T07:41:48Z,23559,70000,83600,216
2026-08-07T07:41:48Z,23571,15559800,15559800,564
2026-08-07T07:41:48Z,23572,16000,16000,3413
2026-08-07T07:41:48Z,23573,809900,809900,4311
2026-08-07T07:41:48Z,23575,1600,1600,61
2026-08-07T07:41:48Z,23576,331100,9904600,22
2026-08-07T07:41:48Z,23676,9500,9700,18417
2026-08-07T07:41:48Z,23704,880000,9903000,21
2026-08-07T07:41:48Z,23736,30000,95300,1073
2026-08-07T07:41:48Z,23737,176200,176200,184
2026-08-07T07:41:48Z,23756,9900,9900,64
2026-08-07T07:41:48Z,23764,9868800,9868800,25
2026-08-07T07:41:48Z,23765,49903800,49903800,5
2026-08-07T07:41:48Z,23766,39207100,39207100,6
2026-08-07T07:41:48Z,23768,7900,8100,9574
2026-08-07T07:41:48Z,23769,2500000,2500000,302
2026-08-07T07:41:48Z,23771,110200,110300,974
2026-08-07T07:41:48Z,23772,290000100,290000100,1
2026-08-07T07:41:48Z,23773,9900100,9900100,100
2026-08-07T07:41:48Z,23781,249000,255900,2182
2026-08-07T07:41:48Z,23782,494800,900000,478
2026-08-07T07:41:48Z,23783,124000,178800,4479
2026-08-07T07:41:48Z,23784,257200,317500,1073
2026-08-07T07:41:48Z,23785,860000,929900,947
2026-08-07T07:41:48Z,23786,10900000,10900000,161
2026-08-07T07:41:48Z,23787,4000000,18500000,399
2026-08-07T07:41:48Z,23793,340000,340000,3907
2026-08-07T07:41:48Z,23819,9803200,9803200,21
2026-08-07T07:41:48Z,23826,4998700,7998700,24
2026-08-07T07:41:48Z,23827,2954600,2954600,43
2026-08-07T07:41:48Z,23841,1002300,9709400,22
2026-08-07T07:41:48Z,23848,999900,999900,50
2026-08-07T07:41:48Z,23922,1500000100,1500000100,1
2026-08-07T07:41:48Z,23938,14757500,49007500,23
2026-08-07T07:41:48Z,23939,4905000,4905000,29
2026-08-07T07:41:48Z,23941,290000100,290000100,2
2026-08-07T07:41:48Z,23942,9500000100,9500000100,1
2026-08-07T07:41:48Z,23943,5500000100,5500000100,1
2026-08-07T07:41:48Z,23944,49000100,49000100,20
2026-08-07T07:41:48Z,23945,49000100,49000100,20
2026-08-07T07:41:48Z,23946,49000100,49000100,20
2026-08-07T07:41:48Z,23947,49000100,49000100,20
2026-08-07T07:41:48Z,23948,49000100,49000100,20
2026-08-07T07:41:48Z,23949,49000100,49000100,20
2026-08-07T07:41:48Z,23952,290000100,290000100,1
2026-08-07T07:41:48Z,23953,290000100,290000100,1
2026-08-07T07:41:48Z,23955,9500000200,9500000200,1
2026-08-07T07:41:48Z,23965,49001400,49001400,35
2026-08-07T07:41:48Z,23968,1500000500,1500000500,1
2026-08-07T07:41:48Z,23972,1500000600,1500000600,1
2026-08-07T07:41:48Z,23975,290000100,290000100,1
2026-08-07T07:41:48Z,23976,49001100,49001100,26
2026-08-07T07:41:48Z,23977,49000800,49000800,27
2026-08-07T07:41:48Z,23978,49001000,49001000,23
2026-08-07T07:41:48Z,23979,49001500,49001500,27
2026-08-07T07:41:48Z,23980,5500001200,5500001200,1
2026-08-07T07:41:48Z,23984,3900,3900,977
2026-08-07T07:41:48Z,23987,49000100,49000100,20
2026-08-07T07:41:48Z,23988,100000,49000000,22
2026-08-07T07:41:48Z,24027,859700,859700,36
2026-08-07T07:41:48Z,24028,650000,650000,55
2026-08-07T07:41:48Z,24030,740000,740000,80
2026-08-07T07:41:48Z,24031,250000000,250000000,1
2026-08-07T07:41:48Z,24032,100000,100000,29
2026-08-07T07:41:48Z,24033,50100,50100,87
2026-08-07T07:41:48Z,24035,70800,70800,33
2026-08-07T07:41:48Z,24036,1050100,1050100,51
2026-08-07T07:41:48Z,24037,990000000,990000000,3
2026-08-07T07:41:48Z,24039,550000,550000,35
2026-08-07T07:41:48Z,24047,3157894800,3157894800,1
2026-08-07T07:41:48Z,24048,136300,136300,32
2026-08-07T07:41:48Z,24050,450000000,450000000,1
2026-08-07T07:41:48Z,24051,289900,289900,34
2026-08-07T07:41:48Z,24052,450000000,450000000,1
2026-08-07T07:41:48Z,24053,287900,287900,49
2026-08-07T07:41:48Z,24054,396700,396700,33
2026-08-07T07:41:48Z,24055,317300,317300,40
2026-08-07T07:41:48Z,24056,562500,562500,30
2026-08-07T07:41:48Z,24057,450000000,450000000,1
2026-08-07T07:41:48Z,24058,50800,50800,55
2026-08-07T07:41:48Z,24059,48600,48600,50
2026-08-07T07:41:48Z,24060,50800,50800,40
2026-08-07T07:41:48Z,24061,562500,562500,38
2026-08-07T07:41:48Z,24062,250008000,250008000,1
2026-08-07T07:41:48Z,24065,217200,217200,40
2026-08-07T07:41:48Z,24066,46300,46300,55
2026-08-07T07:41:48Z,24067,85900,85900,48
2026-08-07T07:41:48Z,24072,10000,10000,153
2026-08-07T07:41:48Z,24105,600,600,97
2026-08-07T07:41:48Z,24186,290000100,290000100,1
2026-08-07T07:41:48Z,24189,10000,10000,32
2026-08-07T07:41:48Z,24231,49003200,49003200,25
2026-08-07T07:41:48Z,24232,10287500,49007500,21
2026-08-07T07:41:48Z,24234,290000800,290000800,1
2026-08-07T07:41:48Z,24235,290001300,290001300,1
2026-08-07T07:41:48Z,24242,49002300,49002300,20
2026-08-07T07:41:48Z,24243,220000,220000,3405
2026-08-07T07:41:48Z,24245,550000,550000,1392
2026-08-07T07:41:48Z,24246,8500,9800,42729
2026-08-07T07:41:48Z,24268,2500,2500,136
2026-08-07T07:41:48Z,24271,10990000,10990000,362
2026-08-07T07:41:48Z,24272,8990000,8990000,274
2026-08-07T07:41:48Z,24273,66875100,66875100,9
2026-08-07T07:41:48Z,24274,55546800,55546800,5
2026-08-07T07:41:48Z,24275,10854700,10854700,13
2026-08-07T07:41:48Z,24276,41527500,41527500,6
2026-08-07T07:41:48Z,24281,49000400,49000400,21
2026-08-07T07:41:48Z,24282,49009300,49009300,20
2026-08-07T07:41:48Z,24291,299900,417500,2430
2026-08-07T07:41:48Z,24338,2000,2000,65
2026-08-07T07:41:48Z,24368,108900,108900,981
2026-08-07T07:41:48Z,24401,19900,27000,4315
2026-08-07T07:41:48Z,24403,49001700,49001700,20
2026-08-07T07:41:48Z,24404,49000800,49000800,20
2026-08-07T07:41:48Z,24405,250800,49000800,22
2026-08-07T07:41:48Z,24406,49001200,49001200,20
2026-08-07T07:41:48Z,24449,699000,848800,861
2026-08-07T07:41:48Z,24476,10200,15000,1318
2026-08-07T07:41:48Z,24477,200,600,2392
2026-08-07T07:41:48Z,24478,87500,134900,1294
2026-08-07T07:41:48Z,24479,5750000,5750000,100
2026-08-07T07:41:48Z,24506,901000,901000,18
2026-08-07T07:41:48Z,24507,110000,9900000,108
2026-08-07T07:41:48Z,24508,1200,1200,500
2026-08-07T07:41:48Z,24509,451100,451100,6
2026-08-07T07:41:48Z,24510,670000,49000000,22
2026-08-07T07:41:48Z,24511,1400,1400,202
2026-08-07T07:41:48Z,24516,30006000,30006000,36
2026-08-07T07:41:48Z,24517,5001500,49001500,22
2026-08-07T07:41:48Z,24519,100000,100000,175
2026-08-07T07:41:48Z,24521,100000,49000000,22
2026-08-07T07:41:48Z,24539,9900000,9900000,30
2026-08-07T07:41:48Z,25408,49001400,49001400,20
2026-08-07T07:41:48Z,25409,5500,5500,32
2026-08-07T07:41:48Z,25410,49001500,49001500,20
2026-08-07T07:41:48Z,25411,13900,9905400,111
2026-08-07T07:41:48Z,25412,800000,800000,33
2026-08-07T07:41:48Z,25413,290001800,290001800,1
2026-08-07T07:41:48Z,25414,49001500,49001500,20
2026-08-07T07:41:48Z,25415,9500002000,9500002000,1
2026-08-07T07:41:48Z,25416,304500,324500,1078
2026-08-07T07:41:48Z,25417,199999900,199999900,2
2026-08-07T07:41:48Z,25418,1200,1200,608
2026-08-07T07:41:48Z,25420,19999900,49009900,15
2026-08-07T07:41:48Z,25421,1400,1400,210
2026-08-07T07:41:48Z,25425,1700,1700,147
2026-08-07T07:41:48Z,25426,1200,1200,478
2026-08-07T07:41:48Z,25427,30000,30000,45
2026-08-07T07:41:48Z,25428,1400,1400,51
2026-08-07T07:41:48Z,25429,1400,1400,24
2026-08-07T07:41:48Z,25430,440000,440000,495
2026-08-07T07:41:48Z,25431,7001500,7001500,204
2026-08-07T07:41:48Z,25432,47600,47600,29
2026-08-07T07:41:48Z,25434,200000,200000,71
2026-08-07T07:41:48Z,25435,1200,1200,141
2026-08-07T07:41:48Z,25436,49001500,49001500,28
2026-08-07T07:41:48Z,25437,3300,3300,56
2026-08-07T07:41:48Z,25440,1000000,49000000,22
2026-08-07T07:41:48Z,25441,19989900,19990000,25
2026-08-07T07:41:48Z,25442,9901500,9901500,100
2026-08-07T07:41:48Z,25443,49002000,49002000,20
2026-08-07T07:41:48Z,25444,10000000,10000000,62
2026-08-07T07:41:48Z,25445,11800,11800,57
2026-08-07T07:41:48Z,25446,29001500,49001500,22
2026-08-07T07:41:48Z,25447,119200,119200,28
2026-08-07T07:41:48Z,25450,49001400,49001400,20
2026-08-07T07:41:48Z,25451,1200,1200,295
2026-08-07T07:41:48Z,25452,290001500,290001500,1
2026-08-07T07:41:48Z,25453,1900,2100,54
2026-08-07T07:41:48Z,25454,6600,9000,35
2026-08-07T07:41:48Z,25456,900,900,60
2026-08-07T07:41:48Z,25463,175800,175800,251
2026-08-07T07:41:48Z,25466,10000100,10000100,33
2026-08-07T07:41:48Z,25467,10000100,10000100,30
2026-08-07T07:41:48Z,25521,1990000,1990000,35
2026-08-07T07:41:48Z,25548,1615000,9990000,21
2026-08-07T07:41:48Z,25550,9946200,9946200,24
2026-08-07T07:41:48Z,25649,9900,37900,9094
2026-08-07T07:41:48Z,25650,7700,7700,258
2026-08-07T07:41:48Z,25651,2502000,2502000,23
2026-08-07T07:41:48Z,25652,8865500,8865500,22
2026-08-07T07:41:48Z,25679,39900,39900,78
2026-08-07T07:41:48Z,25699,9000,11000,5778
2026-08-07T07:41:48Z,25700,69800,108500,5406
2026-08-07T07:41:48Z,25703,450000200,450000200,1
2026-08-07T07:41:48Z,25707,47500,90500,1526
2026-08-07T07:41:48Z,25708,746300,746300,468
2026-08-07T07:41:48Z,25719,237500,249900,1604
2026-08-07T07:41:48Z,25723,50100,9900100,107
2026-08-07T07:41:48Z,25724,290000100,290000100,1
2026-08-07T07:41:48Z,25744,710700,821300,3676
2026-08-07T07:41:48Z,25802,940200,989600,5142
2026-08-07T07:41:48Z,25813,15000,15000,29
2026-08-07T07:41:48Z,25867,5500000,5500000,292
2026-08-07T07:41:48Z,25868,23509900,24509900,470
2026-08-07T07:41:48Z,25886,492400,492400,778
2026-08-07T07:41:48Z,25890,45008500,45008500,8
2026-08-07T07:41:48Z,25893,39999400,39999400,4
2026-08-07T07:41:48Z,25894,198000000,198000000,1
2026-08-07T07:41:48Z,25895,49990000,49990000,3
2026-08-07T07:41:48Z,25896,57795900,57795900,4
2026-08-07T07:41:48Z,25897,107974100,107974100,3
2026-08-07T07:41:48Z,25898,21817900,21817900,11
2026-08-07T07:41:48Z,25899,7498400,7498400,28
2026-08-07T07:41:48Z,25901,9883800,9883800,20
2026-08-07T07:41:48Z,27422,3000,6000,9112
2026-08-07T07:41:48Z,27425,4600,4600,3511
2026-08-07T07:41:48Z,27429,3200,3300,4816
2026-08-07T07:41:48Z,27435,4700,4700,3075
2026-08-07T07:41:48Z,27437,30500,30900,615
2026-08-07T07:41:48Z,27438,1900,1900,2036
2026-08-07T07:41:48Z,27439,12000,12000,1986
2026-08-07T07:41:48Z,27441,300500,9990500,24
2026-08-07T07:41:48Z,27442,2250000,2250000,6
2026-08-07T07:41:48Z,27443,49007600,49007600,22
2026-08-07T07:41:48Z,27498,10000,31300,534
2026-08-07T07:41:48Z,27499,17900,31300,504
2026-08-07T07:41:48Z,27500,47500,47500,36
2026-08-07T07:41:48Z,27501,9100,9100,100
2026-08-07T07:41:48Z,27502,22200,22200,42
2026-08-07T07:41:48Z,27503,4400,18000,304
2026-08-07T07:41:48Z,27515,797800,839700,192
2026-08-07T07:41:48Z,27516,1499900,1499900,155
2026-08-07T07:41:48Z,27635,14400,14400,88
2026-08-07T07:41:48Z,27636,100100,100100,215
2026-08-07T07:41:48Z,27651,5900,5900,153
2026-08-07T07:41:48Z,27655,2100,2100,109
2026-08-07T07:41:48Z,27656,199999900,199999900,2
2026-08-07T07:41:48Z,27657,16900,16900,213
2026-08-07T07:41:48Z,27658,73300,73300,180
2026-08-07T07:41:48Z,27659,89100,89100,115
2026-08-07T07:41:48Z,27660,12500,12500,163
2026-08-07T07:41:48Z,27661,4400,4400,303
2026-08-07T07:41:48Z,27662,3300,3300,129
2026-08-07T07:41:48Z,27663,4600,4600,220
2026-08-07T07:41:48Z,27664,3800,4000,83
2026-08-07T07:41:48Z,27665,47000,47100,130
2026-08-07T07:41:48Z,27666,7700,7700,70
2026-08-07T07:41:48Z,27667,3900,3900,118
2026-08-07T07:41:48Z,27668,2200,2500,3028
2026-08-07T07:41:48Z,27669,7600,7600,727
2026-08-07T07:41:48Z,27671,8600,100000,5492
2026-08-07T07:41:48Z,27674,3000,4200,11087
2026-08-07T07:41:48Z,27676,40000,1000000,126
2026-08-07T07:41:48Z,27677,1000,1700,6689
2026-08-07T07:41:48Z,27678,2900,3800,4613
2026-08-07T07:41:48Z,27681,5500,5600,3476
2026-08-07T07:41:48Z,27682,2300,2800,4146
2026-08-07T07:41:48Z,27729,49000100,49000100,14
2026-08-07T07:41:48Z,27854,100,300,485
2026-08-07T07:41:48Z,27855,300,300,395
2026-08-07T07:41:48Z,27856,75000,85000,115
2026-08-07T07:41:48Z,27857,4000,4000,67
2026-08-07T07:41:48Z,27858,300,300,252
2026-08-07T07:41:48Z,27859,3900,3900,86
2026-08-07T07:41:48Z,27860,400,400,483
2026-08-07T07:41:48Z,27932,6501400,6501400,48
2026-08-07T07:41:48Z,27933,60001500,60001500,9
2026-08-07T07:41:48Z,27934,80000,90000,121
2026-08-07T07:41:48Z,27935,90000,90000,24
2026-08-07T07:41:48Z,28053,750000,750000,1021
2026-08-07T07:41:48Z,28056,49000100,49000100,1019
2026-08-07T07:41:48Z,28058,10000,10000,118
2026-08-07T07:41:48Z,28059,90000,90000,27
2026-08-07T07:41:48Z,28060,5509100,5509200,181
2026-08-07T07:41:48Z,28061,950000,950000,110
2026-08-07T07:41:48Z,28100,4400,25000,335
2026-08-07T07:41:48Z,28101,29300,29300,85
2026-08-07T07:41:48Z,28102,4800,187500,459
2026-08-07T07:41:48Z,28103,29200,29200,338
2026-08-07T07:41:48Z,28104,79500,80000,498
2026-08-07T07:41:48Z,28118,899900,899900,1396
2026-08-07T07:41:48Z,28119,9997400,9997400,21
2026-08-07T07:41:48Z,28123,9084400,9084400,25
2026-08-07T07:41:48Z,28284,1100,3300,108
2026-08-07T07:41:48Z,28290,250000000,250000000,6
2026-08-07T07:41:48Z,28362,1250000,1250000,644
2026-08-07T07:41:48Z,28363,5860000,5860000,36
2026-08-07T07:41:48Z,28399,300,300,764
2026-08-07T07:41:48Z,28420,20000,20000,71
2026-08-07T07:41:48Z,28421,322200,322200,54
2026-08-07T07:41:48Z,28452,9900,12700,67
2026-08-07T07:41:48Z,28458,999800,999900,111
2026-08-07T07:41:48Z,28459,423100,423200,171
2026-08-07T07:41:48Z,28461,199600,199700,223
2026-08-07T07:41:48Z,28462,250000000,250000000,1
2026-08-07T07:41:48Z,28463,999800,999900,103
2026-08-07T07:41:48Z,28464,999800,999900,111
2026-08-07T07:41:48Z,28467,775700,775800,164
2026-08-07T07:41:48Z,28468,606100,606200,164
2026-08-07T07:41:48Z,28470,49900,50000,180
2026-08-07T07:41:48Z,28486,9900500,9900500,25
2026-08-07T07:41:48Z,28501,1800,1800,68
2026-08-07T07:41:48Z,28595,70000,70000,43
2026-08-07T07:41:48Z,29110,150000100,150000100,2
2026-08-07T07:41:48Z,29111,145000100,145000100,4
2026-08-07T07:41:48Z,29112,192700,194900,110
2026-08-07T07:41:48Z,29292,259800,259800,61
2026-08-07T07:41:48Z,29393,40000,40000,54
2026-08-07T07:41:48Z,29394,9900000,9900000,40
2026-08-07T07:41:48Z,29395,9900000,9900000,50
2026-08-07T07:41:48Z,29401,9948800,9948800,60
2026-08-07T07:41:48Z,29412,9909600,9909600,75
2026-08-07T07:41:48Z,29425,42800,50000,4212
2026-08-07T07:41:48Z,29426,228000,244000,4699
2026-08-07T07:41:48Z,29448,500,500,70
2026-08-07T07:41:48Z,29449,400,500,822
2026-08-07T07:41:48Z,29450,199800,199800,104
2026-08-07T07:41:48Z,29451,600,700,315
2026-08-07T07:41:48Z,29452,400,400,144
2026-08-07T07:41:48Z,29453,400,500,168
2026-08-07T07:41:48Z,29454,20200,20200,42
2026-08-07T07:41:48Z,29460,1799800,1799800,1298
2026-08-07T07:41:48Z,29533,29220600,29220600,3
2026-08-07T07:41:48Z,29534,1499000,1499000,18
2026-08-07T07:41:48Z,29535,140606300,140606300,2
2026-08-07T07:41:48Z,29536,15826900,15826900,13
2026-08-07T07:41:48Z,29539,1652100,1652100,378
2026-08-07T07:41:48Z,29547,1555500,2200000,1960
2026-08-07T07:41:48Z,29548,795000,795000,4333
2026-08-07T07:41:48Z,29551,1500001100,1500001100,1
2026-08-07T07:41:48Z,29557,49001400,49001400,15
2026-08-07T07:41:48Z,29558,20001500,20001500,6
2026-08-07T07:41:48Z,29559,49001800,49001800,24
2026-08-07T07:41:48Z,29560,49002000,49002000,22
2026-08-07T07:41:48Z,29561,49001400,49001400,20
2026-08-07T07:41:48Z,29562,49001500,49001500,21
2026-08-07T07:41:48Z,29563,7901800,7901800,121
2026-08-07T07:41:48Z,29564,3680000,9905200,64
2026-08-07T07:41:48Z,29565,49001400,49001400,20
2026-08-07T07:41:48Z,29566,1500001500,1500001500,1
2026-08-07T07:41:48Z,29567,49001800,49001800,20
2026-08-07T07:41:48Z,29568,49002000,49002000,20
2026-08-07T07:41:48Z,29570,49000000,49000000,25
2026-08-07T07:41:48Z,29571,1093700,3583200,209
2026-08-07T07:41:48Z,29572,290001100,290001100,1
2026-08-07T07:41:48Z,29573,49000100,49000100,20
2026-08-07T07:41:48Z,29574,49000200,49000200,20
2026-08-07T07:41:48Z,29575,289991100,289991100,2
2026-08-07T07:41:48Z,29576,49001100,49001100,19
2026-08-07T07:41:48Z,29577,49000200,49000200,20
2026-08-07T07:41:48Z,29578,290001500,290001500,2
2026-08-07T07:41:48Z,29579,49001400,49001400,24
2026-08-07T07:41:48Z,29580,30000000,30000000,25
2026-08-07T07:41:48Z,29581,45002000,49002000,21
2026-08-07T07:41:48Z,29739,18300,29400,38975
2026-08-07T07:41:48Z,29740,185000,209600,832
2026-08-07T07:41:48Z,29750,742000,742500,2530
2026-08-07T07:41:48Z,29799,2005000,37905000,28
2026-08-07T07:41:48Z,29800,49000000,49000000,20
2026-08-07T07:41:48Z,30155,6000,6000,119
2026-08-07T07:41:48Z,30183,20000,22900,1117
2026-08-07T07:41:48Z,30355,9900000,9900000,26
2026-08-07T07:41:48Z,30457,50000,269200,45
2026-08-07T07:41:48Z,30458,1800,1900,64
2026-08-07T07:41:48Z,30466,49001800,49001800,23
2026-08-07T07:41:48Z,30467,290002000,290002000,1
2026-08-07T07:41:48Z,30475,33573700,49003700,23
2026-08-07T07:41:48Z,30476,49002000,49002000,21
2026-08-07T07:41:48Z,30477,49001800,49001800,32
2026-08-07T07:41:48Z,30478,49002000,49002000,26
2026-08-07T07:41:48Z,30506,290000600,290000600,1
2026-08-07T07:41:48Z,30507,290009900,290009900,1
2026-08-07T07:41:48Z,30508,49000100,49000100,19
2026-08-07T07:41:48Z,30509,49000100,49000100,20
2026-08-07T07:41:48Z,30510,170000,179900,37
2026-08-07T07:41:48Z,30511,100000,49000000,23
2026-08-07T07:41:48Z,30512,51800,51800,24
2026-08-07T07:41:48Z,30513,48002000,48002000,26
2026-08-07T07:41:48Z,30610,1351400,9840000,30
2026-08-07T07:41:48Z,30809,9000,26300,37784
2026-08-07T07:41:48Z,30810,200,600,63387
2026-08-07T07:41:48Z,30812,189800,189800,27
2026-08-07T07:41:48Z,30813,999900,49009900,22
2026-08-07T07:41:48Z,30814,49001800,49001800,27
2026-08-07T07:41:48Z,30815,49002000,49002000,21
2026-08-07T07:41:48Z,30816,700,1000,543
2026-08-07T07:41:48Z,30817,300,500,64929
2026-08-07T07:41:48Z,30820,4900,7904900,121
2026-08-07T07:41:48Z,30821,1600,1600,26
2026-08-07T07:41:48Z,31079,2000000,2000000,1222
2026-08-07T07:41:48Z,31670,3700,3700,840
2026-08-07T07:41:48Z,31671,5700,6900,1570
2026-08-07T07:41:48Z,31672,29900,29900,204
2026-08-07T07:41:48Z,31673,40000,9946700,46
2026-08-07T07:41:48Z,31676,178000,178000,52
2026-08-07T07:41:48Z,31677,9849000,9849000,25
2026-08-07T07:41:48Z,31679,9899800,9899800,200
2026-08-07T07:41:48Z,31860,3500000200,3500000200,1
2026-08-07T07:41:48Z,31861,2500000600,2500000600,1
2026-08-07T07:41:48Z,31862,1500000000,1500000000,1
2026-08-07T07:41:48Z,31863,2500000600,2500000600,1
2026-08-07T07:41:48Z,31864,3500000200,3500000200,1
2026-08-07T07:41:48Z,31866,70700,70700,35
2026-08-07T07:41:48Z,31867,120700,120700,78
2026-08-07T07:41:48Z,31868,33000,33000,60
2026-08-07T07:41:48Z,31869,500000,500000,43
2026-08-07T07:41:48Z,31882,25200,25700,156
2026-08-07T07:41:48Z,31883,60000,65400,118
2026-08-07T07:41:48Z,31884,40000,40000,137
2026-08-07T07:41:48Z,31885,1450900,1490900,12
2026-08-07T07:41:48Z,31886,113800,113900,134
2026-08-07T07:41:48Z,31887,70000,70000,111
2026-08-07T07:41:48Z,31888,40000000,49990000,15
2026-08-07T07:41:48Z,31889,11008300,11008300,11
2026-08-07T07:41:48Z,31892,26700,26900,467
2026-08-07T07:41:48Z,31893,69500,176400,259
2026-08-07T07:41:48Z,31894,37700,2980000,568
2026-08-07T07:41:48Z,31895,49990000,49990000,10
2026-08-07T07:41:48Z,31896,28900,3000000,232
2026-08-07T07:41:48Z,31898,74400,74500,60
2026-08-07T07:41:48Z,31899,499999900,499999900,1
2026-08-07T07:41:48Z,31900,12326500,22743900,8
2026-08-07T07:41:48Z,31901,60000,69900,281
2026-08-07T07:41:48Z,31902,121600,245000,117
2026-08-07T07:41:48Z,31903,28000,1970000,424
2026-08-07T07:41:48Z,31904,5009900,10009900,18
2026-08-07T07:41:48Z,31905,338100,7000000,189
2026-08-07T07:41:48Z,31906,85000,88100,85
2026-08-07T07:41:48Z,31908,8279300,8279300,9
2026-08-07T07:41:48Z,31909,67007600,67007600,9
2026-08-07T07:41:48Z,31910,44500,1205000,1086
2026-08-07T07:41:48Z,31911,1500900,1989700,182
2026-08-07T07:41:48Z,31912,30000,32000,104
2026-08-07T07:41:48Z,31913,5550000,5550000,10
2026-08-07T07:41:48Z,31915,99900,1009000,138
2026-08-07T07:41:48Z,31916,77100,309800,138
2026-08-07T07:41:48Z,31917,96992300,99999600,7
2026-08-07T07:41:48Z,31918,19212900,19212900,10
2026-08-07T07:41:48Z,31941,9395500,9395500,79
2026-08-07T07:41:48Z,31944,500000,500000,25
2026-08-07T07:41:48Z,31945,49000000,49000000,22
2026-08-07T07:41:48Z,32062,125000,129700,145
2026-08-07T07:41:48Z,32063,54800,54900,95
2026-08-07T07:41:48Z,32067,13200,40000,748
2026-08-07T07:41:48Z,32068,10000,10000,117
2026-08-07T07:41:48Z,32079,30000000,30000000,17
2026-08-07T07:41:48Z,32193,184000,184000,259
2026-08-07T07:41:48Z,32194,210500,210500,102
2026-08-07T07:41:48Z,32196,184000,184000,94
2026-08-07T07:41:48Z,32198,212600,212600,153
2026-08-07T07:41:48Z,32199,88000,88500,88
2026-08-07T07:41:48Z,32200,500000,500000,107
2026-08-07T07:41:48Z,32201,1555100,1555100,66
2026-08-07T07:41:48Z,32203,96600,96600,143
2026-08-07T07:41:48Z,32205,649500,649900,86
2026-08-07T07:41:48Z,32206,1253300,1253300,213
2026-08-07T07:41:48Z,32209,399500,399900,399
2026-08-07T07:41:48Z,32211,3949500,3949900,98
2026-08-07T07:41:48Z,32212,290100,290100,63
2026-08-07T07:41:48Z,32215,245800,245800,74
2026-08-07T07:41:48Z,32217,1450000,1450000,114
2026-08-07T07:41:48Z,32218,259400,259400,47
2026-08-07T07:41:48Z,32220,207700,207700,162
2026-08-07T07:41:48Z,32221,998000,998500,83
2026-08-07T07:41:48Z,32222,704200,704200,347
2026-08-07T07:41:48Z,32223,441300,446800,64
2026-08-07T07:41:48Z,32224,3999900,3999900,166
2026-08-07T07:41:48Z,32225,329400,329400,102
2026-08-07T07:41:48Z,32226,1778800,1778800,94
2026-08-07T07:41:48Z,32227,30000,989000,476
2026-08-07T07:41:48Z,32228,99900,100000,937
2026-08-07T07:41:48Z,32229,5400,890000,801
2026-08-07T07:41:48Z,32230,5500,8300,737
2026-08-07T07:41:48Z,32231,55000,56400,346
2026-08-07T07:41:48Z,32249,30000,990000,437
2026-08-07T07:41:48Z,32388,709900,807500,6273
2026-08-07T07:41:48Z,32409,31131000,31131000,6
2026-08-07T07:41:48Z,32410,49989500,49989500,4
2026-08-07T07:41:48Z,32413,80300,80300,770
2026-08-07T07:41:48Z,32423,299000,299000,164
2026-08-07T07:41:48Z,32428,5000,5100,4231
2026-08-07T07:41:48Z,32453,9900000,9900000,40
2026-08-07T07:41:48Z,32455,9900000,9900000,25
2026-08-07T07:41:48Z,32464,7700,8000,2598
2026-08-07T07:41:48Z,32468,5500,5500,579
2026-08-07T07:41:48Z,32470,100000,117000,829
2026-08-07T07:41:48Z,32576,700,700,159
2026-08-07T07:41:48Z,32596,198276500,198276500,1
2026-08-07T07:41:48Z,32597,45000000,45000000,5
2026-08-07T07:41:48Z,32598,1990000,1990000,16
2026-08-07T07:41:48Z,32599,37500000,37500000,6
2026-08-07T07:41:48Z,32600,197990000,197990000,2
2026-08-07T07:41:48Z,32601,9900000,9900000,21
2026-08-07T07:41:48Z,32620,409400,439400,9171
2026-08-07T07:41:48Z,32667,9900000,9900000,24
2026-08-07T07:41:48Z,32668,9960000,9960000,38
2026-08-07T07:41:48Z,32685,9969700,9969700,33
2026-08-07T07:41:48Z,32686,98400,98400,138
2026-08-07T07:41:48Z,32714,350000,350000,76
2026-08-07T07:41:48Z,32715,4000000,7509700,273
2026-08-07T07:41:48Z,32716,4809600,5399800,712
2026-08-07T07:41:48Z,32717,3999900,5009700,145
2026-08-07T07:41:48Z,32718,6009200,6009200,76
2026-08-07T07:41:48Z,32720,6000000,6000000,130
2026-08-07T07:41:48Z,32722,3339900,3339900,30
2026-08-07T07:41:48Z,32725,49000100,49000100,20
2026-08-07T07:41:48Z,32727,49000100,49000100,16
2026-08-07T07:41:48Z,32728,9900400,9900400,86
2026-08-07T07:41:48Z,32758,9904100,9904100,30
2026-08-07T07:41:48Z,32773,35535500,35535500,7
2026-08-07T07:41:48Z,32833,142600,142600,32
2026-08-07T07:41:48Z,32836,440000,440000,81
2026-08-07T07:41:48Z,32839,182500000,182500000,6
2026-08-07T07:41:48Z,32849,199007200,199007200,6
2026-08-07T07:41:48Z,32850,194990000,194990000,1
2026-08-07T07:41:48Z,32851,29990000,29990000,7
2026-08-07T07:41:48Z,32852,39330800,39330800,11
2026-08-07T07:41:48Z,32897,700,2100,17588
2026-08-07T07:41:48Z,32902,100,100,4129
2026-08-07T07:41:48Z,32905,100,100,1800
2026-08-07T07:41:48Z,32947,49909900,49909900,4
2026-08-07T07:41:48Z,32948,25000000,25000000,8
2026-08-07T07:41:48Z,33042,49900,9839800,45
2026-08-07T07:41:48Z,33048,3300,3300,92
2026-08-07T07:41:48Z,33052,7700,7700,107
2026-08-07T07:41:48Z,33053,700000,700000,79
2026-08-07T07:41:48Z,33081,2210000,2210000,34
2026-08-07T07:41:48Z,33092,1125000,1125000,40
2026-08-07T07:41:48Z,33093,667600,667600,256
2026-08-07T07:41:48Z,33185,9975300,9975300,21
2026-08-07T07:41:48Z,33234,9900,9900,36
2026-08-07T07:41:48Z,33236,9900,9900,153
2026-08-07T07:41:48Z,33246,300000,300000,28
2026-08-07T07:41:48Z,33254,1006300,1006300,55
2026-08-07T07:41:48Z,33443,500,500,102
2026-08-07T07:41:48Z,33444,500,500,505
2026-08-07T07:41:48Z,33445,600,600,101
2026-08-07T07:41:48Z,33447,23400,34900,159
2026-08-07T07:41:48Z,33448,6000,6000,716
2026-08-07T07:41:48Z,33449,35000,35000,90
2026-08-07T07:41:48Z,33451,9900,10000,76
2026-08-07T07:41:48Z,33452,500,500,277
2026-08-07T07:41:48Z,33454,500,500,156
2026-08-07T07:41:48Z,33457,300,500,378
2026-08-07T07:41:48Z,33458,260500,260500,229
2026-08-07T07:41:48Z,33459,300,300,103
2026-08-07T07:41:48Z,33460,300,300,310
2026-08-07T07:41:48Z,33461,300,300,385
2026-08-07T07:41:48Z,33462,300,22500,701
2026-08-07T07:41:48Z,33470,1900,2500,79883
2026-08-07T07:41:48Z,33546,390000,390000,46
2026-08-07T07:41:48Z,33547,69800,69800,57
2026-08-07T07:41:48Z,33548,49002700,49002700,20
2026-08-07T07:41:48Z,33549,795000,795000,27
2026-08-07T07:41:48Z,33550,290001800,290001800,5
2026-08-07T07:41:48Z,33551,49002000,49002000,20
2026-08-07T07:41:48Z,33553,49002400,49002400,20
2026-08-07T07:41:48Z,33555,49002700,49002700,23
2026-08-07T07:41:48Z,33556,49001800,49001800,20
2026-08-07T07:41:48Z,33560,49002000,49002000,20
2026-08-07T07:41:48Z,33561,49002400,49002400,25
2026-08-07T07:41:48Z,33562,49002700,49002700,21
2026-08-07T07:41:48Z,33567,830000,840000,642
2026-08-07T07:41:48Z,33568,60000,61500,9183
2026-08-07T07:41:48Z,33569,49002400,49002400,23
2026-08-07T07:41:48Z,33571,290002700,290002700,1
2026-08-07T07:41:48Z,33575,49009900,49009900,22
2026-08-07T07:41:48Z,33576,49002700,49002700,20
2026-08-07T07:41:48Z,33629,20002400,20002400,31
2026-08-07T07:41:48Z,33630,2002700,2002700,24
2026-08-07T07:41:48Z,33631,900,900,90
2026-08-07T07:41:48Z,33632,35300,35300,49
2026-08-07T07:41:48Z,33638,582600,582600,25
2026-08-07T07:41:48Z,33639,49002700,49002700,24
2026-08-07T07:41:48Z,33782,92000,92000,55
2026-08-07T07:41:48Z,33803,1500000100,1500000100,1
2026-08-07T07:41:48Z,33823,1117600,1941900,296
2026-08-07T07:41:48Z,33824,150000,150000,1305
2026-08-07T07:41:48Z,33825,249900,249900,110
2026-08-07T07:41:48Z,33846,5150700,5150700,5
2026-08-07T07:41:48Z,33854,990900,990900,6
2026-08-07T07:41:48Z,33856,990000,990000,11
2026-08-07T07:41:48Z,33866,205800,500000,566
2026-08-07T07:41:48Z,33867,10000,2237600,156
2026-08-07T07:41:48Z,33872,74900,74900,74
2026-08-07T07:41:48Z,33874,29700,29800,7671
2026-08-07T07:41:48Z,34052,130000,169700,5173
2026-08-07T07:41:48Z,34053,50000,69800,488
2026-08-07T07:41:48Z,34054,3000,5900,27760
2026-08-07T07:41:48Z,34055,8000,8500,3697
2026-08-07T07:41:48Z,34056,3200,3500,55390
2026-08-07T07:41:48Z,34057,10000,16600,21809
2026-08-07T07:41:48Z,34068,8000,52100,20650
2026-08-07T07:41:48Z,34113,1199900,1199900,471
2026-08-07T07:41:48Z,34125,1200,1200,136
2026-08-07T07:41:48Z,34207,1499500,1499500,34
2026-08-07T07:41:48Z,34220,47950000,47950000,9
2026-08-07T07:41:48Z,34330,1255000,1255000,3807
2026-08-07T07:41:48Z,34411,19997000,19997000,15
2026-08-07T07:41:48Z,34440,182100,182100,800
2026-08-07T07:41:48Z,34537,20000,20000,42
2026-08-07T07:41:48Z,34599,1400,1400,1012
2026-08-07T07:41:48Z,34664,28200,28400,1150
2026-08-07T07:41:48Z,34721,9500,9500,485
2026-08-07T07:41:48Z,34722,2500,2500,825
2026-08-07T07:41:48Z,34736,35500,42100,1058
2026-08-07T07:41:48Z,34747,30000,500000,795
2026-08-07T07:41:48Z,34748,25300,26000,64
2026-08-07T07:41:48Z,34749,9000,9000,116
2026-08-07T07:41:48Z,34750,3400,3400,73
2026-08-07T07:41:48Z,34751,4900,4900,84
2026-08-07T07:41:48Z,34752,29000,29000,305
2026-08-07T07:41:48Z,34753,240000,250000,546
2026-08-07T07:41:48Z,34754,137400,137400,77
2026-08-07T07:41:48Z,34755,259900,260000,114
2026-08-07T07:41:48Z,34756,159900,159900,114
2026-08-07T07:41:48Z,34757,35000,35000,52
2026-08-07T07:41:48Z,34758,114500,114500,217
2026-08-07T07:41:48Z,34759,27500,9949400,55
2026-08-07T07:41:48Z,34760,3100,3100,58
2026-08-07T07:41:48Z,34761,3800,3800,56
2026-08-07T07:41:48Z,34762,10000,10000,263
2026-08-07T07:41:48Z,34763,41500,41500,92
2026-08-07T07:41:48Z,34764,49200,49200,48
2026-08-07T07:41:48Z,34765,7900,7900,87
2026-08-07T07:41:48Z,34766,23700,23800,179
2026-08-07T07:41:48Z,34767,30000,30000,185
2026-08-07T07:41:48Z,34768,217400,217400,59
2026-08-07T07:41:48Z,34769,26100,26200,172
2026-08-07T07:41:48Z,34822,290000000,290000000,2
2026-08-07T07:41:48Z,34823,90000000,90000000,5
2026-08-07T07:41:48Z,34824,20005000,20005000,5
2026-08-07T07:41:48Z,34825,290005100,290005100,3
2026-08-07T07:41:48Z,34831,374900,374900,35
2026-08-07T07:41:48Z,34832,10800,11100,2697
2026-08-07T07:41:48Z,34839,10000000,10000000,32
2026-08-07T07:41:48Z,34841,9906100,9906100,103
2026-08-07T07:41:48Z,34843,1259900,1259900,33
2026-08-07T07:41:48Z,34850,152800,250000,181
2026-08-07T07:41:48Z,34860,1739500,1739500,18
2026-08-07T07:41:48Z,34861,500,500,389
2026-08-07T07:41:48Z,34907,100000,100000,43
2026-08-07T07:41:48Z,35128,15692000,15692000,198
2026-08-07T07:41:48Z,35285,440000,440000,100
2026-08-07T07:41:48Z,35287,197500000,197500000,1
2026-08-07T07:41:48Z,35314,8000200,8000200,58
2026-08-07T07:41:48Z,35315,3809500,3809500,9
2026-08-07T07:41:48Z,35318,1687500,1687500,29
2026-08-07T07:41:48Z,35501,50592100,50592100,4
2026-08-07T07:41:48Z,35503,56250000,56250000,6
2026-08-07T07:41:48Z,35557,227700,306600,18228
2026-08-07T07:41:48Z,35562,113400,113400,1906
2026-08-07T07:41:48Z,35563,4300,4300,367
2026-08-07T07:41:48Z,35565,5900,5900,452
2026-08-07T07:41:48Z,35622,547200,547200,1572
2026-08-07T07:41:48Z,35623,529500,536800,5936
2026-08-07T07:41:48Z,35624,78000,78000,14421
2026-08-07T07:41:48Z,35625,584100,590000,1924
2026-08-07T07:41:48Z,35627,484000,485100,1910
2026-08-07T07:41:48Z,35691,220400,220400,177
2026-08-07T07:41:48Z,35707,1687500,1687500,32
2026-08-07T07:41:48Z,35720,9500,9900,631
2026-08-07T07:41:48Z,35758,433000,433000,93
2026-08-07T07:41:48Z,35759,199800,199800,99
2026-08-07T07:41:48Z,35760,1809500,1809900,65
2026-08-07T07:41:48Z,35761,748300,748300,109
2026-08-07T07:41:48Z,35788,49001600,49001600,20
2026-08-07T07:41:48Z,35790,49001600,49001600,20
2026-08-07T07:41:48Z,35791,290001500,290001500,1
2026-08-07T07:41:48Z,35794,9900000,9900000,233
2026-08-07T07:41:48Z,35799,904500,904500,56
2026-08-07T07:41:48Z,35836,50009700,50009700,14
2026-08-07T07:41:48Z,35947,1100,1200,172
2026-08-07T07:41:48Z,35948,1100,1200,100
2026-08-07T07:41:48Z,35949,200000,200000,117
2026-08-07T07:41:48Z,35950,19800,19800,51
2026-08-07T07:41:48Z,35951,3500,3500,54
2026-08-07T07:41:48Z,35952,1000,4000,48
2026-08-07T07:41:48Z,35953,1200,1200,102
2026-08-07T07:41:48Z,35954,50000,50000,295
2026-08-07T07:41:48Z,36743,797000,805000,104
2026-08-07T07:41:48Z,36758,7000,7100,77
2026-08-07T07:41:48Z,36781,336800,696800,2818
2026-08-07T07:41:48Z,36782,3500,8800,1169
2026-08-07T07:41:48Z,36783,500000,500000,245
2026-08-07T07:41:48Z,36784,1399900,1399900,26
2026-08-07T07:41:48Z,36788,49001800,49001800,20
2026-08-07T07:41:48Z,36789,49002100,49002100,20
2026-08-07T07:41:48Z,36794,49001800,49001800,209
2026-08-07T07:41:48Z,36797,49001800,49001800,20
2026-08-07T07:41:48Z,36798,290002000,290002000,1
2026-08-07T07:41:48Z,36801,49001800,49001800,20
2026-08-07T07:41:48Z,36802,290000300,290000300,1
2026-08-07T07:41:48Z,36804,290001800,290001800,1
2026-08-07T07:41:48Z,36805,250002700,250002700,4
2026-08-07T07:41:48Z,36806,1500000300,1500000300,1
2026-08-07T07:41:48Z,36808,49002500,49002500,20
2026-08-07T07:41:48Z,36809,87000,49007000,21
2026-08-07T07:41:48Z,36810,48500,108000,30
2026-08-07T07:41:48Z,36811,15000000,15000000,57
2026-08-07T07:41:48Z,36812,19700,9906800,104
2026-08-07T07:41:48Z,36813,32045000,32045000,42
2026-08-07T07:41:48Z,36814,4886500,4886500,144
2026-08-07T07:41:48Z,36816,49002400,49002400,25
2026-08-07T07:41:48Z,36817,49002700,49002700,21
2026-08-07T07:41:48Z,36823,49002400,49002400,21
2026-08-07T07:41:48Z,36824,290002700,290002700,2
2026-08-07T07:41:48Z,36829,290001800,290001800,1
2026-08-07T07:41:48Z,36830,1500002000,1500002000,1
2026-08-07T07:41:48Z,36860,789500,799700,789
2026-08-07T07:41:48Z,36901,14700,14700,14620
2026-08-07T07:41:48Z,36903,14700,14700,9181
2026-08-07T07:41:48Z,36904,12800,12800,6516
2026-08-07T07:41:48Z,36905,90000,90000,23523
2026-08-07T07:41:48Z,36906,15000,37900,4321
2026-08-07T07:41:48Z,36907,99900,840000,2771
2026-08-07T07:41:48Z,36908,24600,24600,11262
2026-08-07T07:41:48Z,36909,142900,153000,12092
2026-08-07T07:41:48Z,36910,530000,530000,6641
2026-08-07T07:41:48Z,36912,68900,69200,54409
2026-08-07T07:41:48Z,36913,164500,165000,18946
2026-08-07T07:41:48Z,36916,170000,170000,3339
2026-08-07T07:41:48Z,36917,19500,19900,838
2026-08-07T07:41:48Z,36918,80000,270000,2565
2026-08-07T07:41:48Z,36919,84400,94500,633
2026-08-07T07:41:48Z,36920,21600,21800,430
2026-08-07T07:41:48Z,36921,100000,159900,1452
2026-08-07T07:41:48Z,36922,69300,319800,8024
2026-08-07T07:41:48Z,36923,540000,540000,435
2026-08-07T07:41:48Z,36924,108800,232000,1854
2026-08-07T07:41:48Z,36925,109700,1895000,1338
2026-08-07T07:41:48Z,36926,19000,19500,846
2026-08-07T07:41:48Z,36927,294100,1229900,1285
2026-08-07T07:41:48Z,36928,19700,19800,1629
2026-08-07T07:41:48Z,36929,18000,182400,2589
2026-08-07T07:41:48Z,36930,850000,15008800,1806
2026-08-07T07:41:48Z,36931,1400000,1408100,640
2026-08-07T07:41:48Z,36932,38700,40000,642
2026-08-07T07:41:48Z,36933,70000,314500,921
2026-08-07T07:41:48Z,36934,98800,130000,2990
2026-08-07T07:41:48Z,37091,400,50000,329
2026-08-07T07:41:48Z,37092,10000,10000,209
2026-08-07T07:41:48Z,37093,300,300,451
2026-08-07T07:41:48Z,37094,25000,25000,132
2026-08-07T07:41:48Z,37097,300,400,197
2026-08-07T07:41:48Z,37098,10000,10000,193
2026-08-07T07:41:48Z,37101,9902700,9902700,100
2026-08-07T07:41:48Z,37118,100,100,467
2026-08-07T07:41:48Z,37140,801800,801800,180
2026-08-07T07:41:48Z,37143,1710000,1710000,91
2026-08-07T07:41:48Z,37145,170900,170900,70
2026-08-07T07:41:48Z,37147,110000,110000,67
2026-08-07T07:41:48Z,37156,610000,610000,181
2026-08-07T07:41:48Z,37159,101900,101900,63
2026-08-07T07:41:48Z,37160,149500,150000,75
2026-08-07T07:41:48Z,37201,49000200,49000200,20
2026-08-07T07:41:48Z,37252,5000,9952000,42
2026-08-07T07:41:48Z,37253,9940000,9940000,40
2026-08-07T07:41:48Z,37452,19990400,19990400,10
2026-08-07T07:41:48Z,37467,100000,3900000,209
2026-08-07T07:41:48Z,37567,338500,338500,486
2026-08-07T07:41:48Z,37588,1500000500,1500000500,1
2026-08-07T07:41:48Z,37602,5000000,5000000,21
2026-08-07T07:41:48Z,37603,257800,257800,63
2026-08-07T07:41:48Z,37663,4199800,5500000,7792
2026-08-07T07:41:48Z,37674,3833100,49003100,13
2026-08-07T07:41:48Z,37700,45900,53000,18432
2026-08-07T07:41:48Z,37701,8000,25000,136715
2026-08-07T07:41:48Z,37702,89900,89900,6691
2026-08-07T07:41:48Z,37703,42100,42100,11600
2026-08-07T07:41:48Z,37704,104700,104700,15129
2026-08-07T07:41:48Z,37705,48000,50000,4923
2026-08-07T07:41:48Z,37713,290000100,290000100,1
2026-08-07T07:41:48Z,37921,14900,14900,12766
2026-08-07T07:41:48Z,38260,49003300,49003300,20
2026-08-07T07:41:48Z,38261,49001500,49001500,21
2026-08-07T07:41:48Z,38263,49001500,49001500,21
2026-08-07T07:41:48Z,38264,20001500,49001500,21
2026-08-07T07:41:48Z,38266,1500000000,1500000000,4
2026-08-07T07:41:48Z,38267,2500000100,2500000100,1
2026-08-07T07:41:48Z,38269,49001500,49001500,20
2026-08-07T07:41:48Z,38273,990001500,990001500,1
2026-08-07T07:41:48Z,38274,290001500,290001500,1
2026-08-07T07:41:48Z,38303,7000,7000,112
2026-08-07T07:41:48Z,38348,1500002900,1500002900,1
2026-08-07T07:41:48Z,38350,5009900,5009900,27
2026-08-07T07:41:48Z,38371,19908800,19908800,17
2026-08-07T07:41:48Z,38372,650000,650000,23
2026-08-07T07:41:48Z,38373,104500,104500,35
2026-08-07T07:41:48Z,38374,370000,370000,288
2026-08-07T07:41:48Z,38375,48300,48500,77
2026-08-07T07:41:48Z,38376,149900,150000,188
2026-08-07T07:41:48Z,38425,450000,490000,872
2026-08-07T07:41:48Z,38426,17900,17900,3079
2026-08-07T07:41:48Z,38427,9809000,9809000,45
2026-08-07T07:41:48Z,38428,9900000,9900000,42
2026-08-07T07:41:48Z,38429,9906000,9906000,25
2026-08-07T07:41:48Z,38430,9801000,9801000,40
2026-08-07T07:41:48Z,38431,9900000,9900000,40
2026-08-07T07:41:48Z,38432,9900,9900,49
2026-08-07T07:41:48Z,38466,73600,73600,358
2026-08-07T07:41:48Z,38516,49002200,49002200,19
2026-08-07T07:41:48Z,38517,290003300,290003300,1
2026-08-07T07:41:48Z,38518,980000,980000,26
2026-08-07T07:41:48Z,38520,49001100,49001100,12
2026-08-07T07:41:48Z,38557,28500,30400,2687
2026-08-07T07:41:48Z,38558,279000,300000,1753
2026-08-07T07:41:48Z,38561,140000,175100,847
2026-08-07T07:41:48Z,38581,290008500,290008500,3
2026-08-07T07:41:48Z,38583,49002000,49002000,20
2026-08-07T07:41:48Z,38584,49002900,49002900,22
2026-08-07T07:41:48Z,38585,49002000,49002000,20
2026-08-07T07:41:48Z,38586,9902800,9902800,79
2026-08-07T07:41:48Z,38625,400000,400000,41
2026-08-07T07:41:48Z,38679,1000,1000,547
2026-08-07T07:41:48Z,38682,1000,1000,30041
2026-08-07T07:41:48Z,38698,99000,100000,76
2026-08-07T07:41:48Z,38706,98000,98000,40
2026-08-07T07:41:48Z,38766,4000,4000,266
2026-08-07T07:41:48Z,38767,9500,9500,66
2026-08-07T07:41:48Z,38768,4500,4500,117
2026-08-07T07:41:48Z,38769,9900,9900,42
2026-08-07T07:41:48Z,38771,1000,1000,217
2026-08-07T07:41:48Z,38772,40000,294400,302
2026-08-07T07:41:48Z,38773,5500,5500,223
2026-08-07T07:41:48Z,38774,9100,9100,61
2026-08-07T07:41:48Z,38775,9300,9300,93
2026-08-07T07:41:48Z,38776,4300,4300,85
2026-08-07T07:41:48Z,38777,1100,1100,99
2026-08-07T07:41:48Z,38778,19900,19900,152
2026-08-07T07:41:48Z,38779,51200,51200,137
2026-08-07T07:41:48Z,38780,8000,9000,50
2026-08-07T07:41:48Z,38781,2900,2900,65
2026-08-07T07:41:48Z,38782,20000,20000,78
2026-08-07T07:41:48Z,38783,262000,262000,70
2026-08-07T07:41:48Z,38785,1600,1600,141
2026-08-07T07:41:48Z,38786,9800,9900,117
2026-08-07T07:41:48Z,38787,8000,8800,188
2026-08-07T07:41:48Z,38788,177600,177600,68
2026-08-07T07:41:48Z,38789,30000,119800,41
2026-08-07T07:41:48Z,38790,3800,3800,62
2026-08-07T07:41:48Z,38791,301300,339700,67
2026-08-07T07:41:48Z,38792,259900,259900,74
2026-08-07T07:41:48Z,38793,2000,2000,288
2026-08-07T07:41:48Z,38794,81300,81300,227
2026-08-07T07:41:48Z,38796,14400,14400,33
2026-08-07T07:41:48Z,38797,209900,209900,124
2026-08-07T07:41:48Z,38798,30000,43900,69
2026-08-07T07:41:48Z,38799,70000,70000,69
2026-08-07T07:41:48Z,38800,150000,314100,62
2026-08-07T07:41:48Z,38801,374200,374200,27
2026-08-07T07:41:48Z,38802,2325700,2325700,24
2026-08-07T07:41:48Z,38803,10000,10000,103
2026-08-07T07:41:48Z,38804,251900,251900,80
2026-08-07T07:41:48Z,38805,85800,85800,80
2026-08-07T07:41:48Z,38806,4900,4900,62
2026-08-07T07:41:48Z,38807,55400,55400,61
2026-08-07T07:41:48Z,38808,1000,1000,142
2026-08-07T07:41:48Z,38809,20000,28200,171
2026-08-07T07:41:48Z,38810,7800,7800,48
2026-08-07T07:41:48Z,38811,497800,497800,61
2026-08-07T07:41:48Z,38812,40100,40100,50
2026-08-07T07:41:48Z,38813,635300,650700,60
2026-08-07T07:41:48Z,38814,602700,602700,39
2026-08-07T07:41:48Z,38816,359700,359700,82
2026-08-07T07:41:48Z,38817,20200,20200,368
2026-08-07T07:41:48Z,38818,1000,1000,64
2026-08-07T07:41:48Z,38819,748600,748700,52
2026-08-07T07:41:48Z,38820,3126600,9905500,21
2026-08-07T07:41:48Z,38821,620900,620900,70
2026-08-07T07:41:48Z,38822,4000,4000,103
2026-08-07T07:41:48Z,38823,1413700,1413700,74
2026-08-07T07:41:48Z,38824,628900,628900,56
2026-08-07T07:41:48Z,38825,2000,2000,52
2026-08-07T07:41:48Z,38827,297000,349900,58
2026-08-07T07:41:48Z,38828,24500,24500,61
2026-08-07T07:41:48Z,38829,4000,4000,90
2026-08-07T07:41:48Z,38830,1400,1400,197
2026-08-07T07:41:48Z,38831,1485000,1500000,177
2026-08-07T07:41:48Z,38832,748900,748900,67
2026-08-07T07:41:48Z,38833,1500,1500,288
2026-08-07T07:41:48Z,38834,1574800,1574800,138
2026-08-07T07:41:48Z,38835,799400,799500,61
2026-08-07T07:41:48Z,38836,185900,255900,102
2026-08-07T07:41:48Z,38837,838200,838200,37
2026-08-07T07:41:48Z,38838,15900,16100,146
2026-08-07T07:41:48Z,38839,238800,238800,35
2026-08-07T07:41:48Z,38840,773800,773900,39
2026-08-07T07:41:48Z,38841,400000,450000,50
2026-08-07T07:41:48Z,38842,826100,826100,53
2026-08-07T07:41:48Z,38844,4800,4800,110
2026-08-07T07:41:48Z,38845,1000,1000,149
2026-08-07T07:41:48Z,38846,14500,14500,59
2026-08-07T07:41:48Z,38847,150000,200000,39
2026-08-07T07:41:48Z,38848,49900,49900,57
2026-08-07T07:41:48Z,38849,32200,32200,93
2026-08-07T07:41:48Z,38850,145400,145400,38
2026-08-07T07:41:48Z,38851,8171100,19999500,27
2026-08-07T07:41:48Z,38852,2500,10000,122
2026-08-07T07:41:48Z,38853,2573500,2573500,62
2026-08-07T07:41:48Z,38854,3016000,3016000,29
2026-08-07T07:41:48Z,38855,140500,140500,45
2026-08-07T07:41:48Z,38856,40000,40000,121
2026-08-07T07:41:48Z,38857,800000,800000,43
2026-08-07T07:41:48Z,38859,44500,54300,172
2026-08-07T07:41:48Z,38860,52200,52200,107
2026-08-07T07:41:48Z,38861,1800,1800,56
2026-08-07T07:41:48Z,38862,73000,73000,108
2026-08-07T07:41:48Z,38863,15219900,15219900,36
2026-08-07T07:41:48Z,38864,1231200,1231200,54
2026-08-07T07:41:48Z,38865,99600,99600,61
2026-08-07T07:41:48Z,38866,8600,8600,100
2026-08-07T07:41:48Z,38867,7900,7900,70
2026-08-07T07:41:48Z,38868,2482400,2482400,22
2026-08-07T07:41:48Z,38869,416500,416500,29
2026-08-07T07:41:48Z,38870,499300,499300,43
2026-08-07T07:41:48Z,38871,6979500,6979500,268
2026-08-07T07:41:48Z,38872,3914600,3914600,25
2026-08-07T07:41:48Z,38873,939900,959600,295
2026-08-07T07:41:48Z,38874,994700,994800,46
2026-08-07T07:41:48Z,38875,499900,499900,60
2026-08-07T07:41:48Z,38876,1015200,1015400,57
2026-08-07T07:41:48Z,38877,13378600,13378600,33
2026-08-07T07:41:48Z,38878,5489900,6850700,23
2026-08-07T07:41:48Z,38879,508600,708600,36
2026-08-07T07:41:48Z,38880,1179000,1179000,28
2026-08-07T07:41:48Z,38881,5577400,5577500,58
2026-08-07T07:41:48Z,38882,1135600,1294400,37
2026-08-07T07:41:48Z,38883,2523800,2523800,54
2026-08-07T07:41:48Z,38884,2208100,2237000,53
2026-08-07T07:41:48Z,38885,11552700,11552700,14
2026-08-07T07:41:48Z,38886,6190100,6205600,10
2026-08-07T07:41:48Z,38887,6651900,6651900,9
2026-08-07T07:41:48Z,38888,177800,177800,34
2026-08-07T07:41:48Z,38889,1390000,1390000,31
2026-08-07T07:41:48Z,38890,12698200,12698200,14
2026-08-07T07:41:48Z,38893,499700,499700,67
2026-08-07T07:41:48Z,38894,2840100,2840100,38
2026-08-07T07:41:48Z,38895,958600,958600,26
2026-08-07T07:41:48Z,38896,730800,730800,33
2026-08-07T07:41:48Z,38897,2700,2700,61
2026-08-07T07:41:48Z,38898,12000,23300,70
2026-08-07T07:41:48Z,38899,368000,368700,28
2026-08-07T07:41:48Z,38900,999900,9990700,22
2026-08-07T07:41:48Z,38901,706400,706400,35
2026-08-07T07:41:48Z,38902,300000,300000,32
2026-08-07T07:41:48Z,38903,46896400,46896400,8
2026-08-07T07:41:48Z,38904,219800,219900,43
2026-08-07T07:41:48Z,38905,483200,483200,51
2026-08-07T07:41:48Z,38906,2219800,2219800,46
2026-08-07T07:41:48Z,38908,322100,322100,43
2026-08-07T07:41:48Z,38909,18000,18000,70
2026-08-07T07:41:48Z,38910,80000,80000,67
2026-08-07T07:41:48Z,38911,203400,203400,97
2026-08-07T07:41:48Z,38912,16900,16900,88
2026-08-07T07:41:48Z,38913,905700,905700,74
2026-08-07T07:41:48Z,38914,1400,1400,73
2026-08-07T07:41:48Z,38917,730600,2852100,29
2026-08-07T07:41:48Z,38918,2799800,2799800,59
2026-08-07T07:41:48Z,38919,359600,359600,41
2026-08-07T07:41:48Z,38920,770000,770000,63
2026-08-07T07:41:48Z,38921,390000,390000,36
2026-08-07T07:41:48Z,38922,1492200,1492200,28
2026-08-07T07:41:48Z,38923,56117900,56117900,27
2026-08-07T07:41:48Z,38924,18728600,18728600,26
2026-08-07T07:41:48Z,38925,1999900,2199900,28
2026-08-07T07:41:48Z,38926,1505000,9900800,21
2026-08-07T07:41:48Z,38927,6500000,6500000,12
2026-08-07T07:41:48Z,38928,11900,11900,177
2026-08-07T07:41:48Z,38929,97700,107100,49
2026-08-07T07:41:48Z,38930,319000,319200,44
2026-08-07T07:41:48Z,38931,148400,148400,52
2026-08-07T07:41:48Z,38932,500000,800200,41
2026-08-07T07:41:48Z,38933,4500,4900,432
2026-08-07T07:41:48Z,38934,349800,349900,74
2026-08-07T07:41:48Z,38935,38669900,38669900,29
2026-08-07T07:41:48Z,38936,7998300,7998300,35
2026-08-07T07:41:48Z,38937,50000,50000,48
2026-08-07T07:41:48Z,38938,1900,2900,130
2026-08-07T07:41:48Z,38939,18006300,18006300,23
2026-08-07T07:41:48Z,38940,5533300,5533300,17
2026-08-07T07:41:48Z,38943,40009400,43319400,36
2026-08-07T07:41:48Z,38944,1228300,9989900,23
2026-08-07T07:41:48Z,38945,45500,45500,45
2026-08-07T07:41:48Z,38946,27571500,27571500,4
2026-08-07T07:41:48Z,38947,12003400,12003400,15
2026-08-07T07:41:48Z,38948,1704600,1899900,47
2026-08-07T07:41:48Z,38949,1000,1000,137
2026-08-07T07:41:48Z,38951,2200,2200,138
2026-08-07T07:41:48Z,38953,11500,11500,39
2026-08-07T07:41:48Z,38954,153500,153500,70
2026-08-07T07:41:48Z,38955,17200,17200,69
2026-08-07T07:41:48Z,38959,29700,29700,60
2026-08-07T07:41:48Z,38960,4900,9000,123
2026-08-07T07:41:48Z,38961,23400,23400,59
2026-08-07T07:41:48Z,38962,7000,7000,124
2026-08-07T07:41:48Z,38963,247100,247100,66
2026-08-07T07:41:48Z,38964,8600,8600,58
2026-08-07T07:41:48Z,38965,3416300,3416300,49
2026-08-07T07:41:48Z,38966,10000,10100,164
2026-08-07T07:41:48Z,38967,346400,346400,31
2026-08-07T07:41:48Z,38968,10000,15000,55
2026-08-07T07:41:48Z,38971,11200,11200,86
2026-08-07T07:41:48Z,38972,3047300,3047300,36
2026-08-07T07:41:48Z,38973,163300,163300,53
2026-08-07T07:41:48Z,38974,11100,11100,111
2026-08-07T07:41:48Z,38975,244700,244700,64
2026-08-07T07:41:48Z,38976,53400,53400,49
2026-08-07T07:41:48Z,38978,2951700,2959000,48
2026-08-07T07:41:48Z,38979,16200,16200,59
2026-08-07T07:41:48Z,38980,17500,17500,101
2026-08-07T07:41:48Z,38981,1009700,1009700,111
2026-08-07T07:41:48Z,38984,40000,40000,53
2026-08-07T07:41:48Z,38986,63500,63500,31
2026-08-07T07:41:48Z,38987,25500,55600,58
2026-08-07T07:41:48Z,38988,1383900,1383900,58
2026-08-07T07:41:48Z,38989,60000,60000,32
2026-08-07T07:41:48Z,38990,497000,497000,61
2026-08-07T07:41:48Z,38991,59500,83300,63
2026-08-07T07:41:48Z,38992,50000,69400,33
2026-08-07T07:41:48Z,38993,20000,20000,101
2026-08-07T07:41:48Z,38995,1617700,1617700,86
2026-08-07T07:41:48Z,38997,97800,97800,58
2026-08-07T07:41:48Z,38998,6619300,6619300,11
2026-08-07T07:41:48Z,38999,1103700,1103700,53
2026-08-07T07:41:48Z,39000,1266200,1598000,54
2026-08-07T07:41:48Z,39001,48800,48800,50
2026-08-07T07:41:48Z,39002,130000,130000,97
2026-08-07T07:41:48Z,39003,251300,251300,64
2026-08-07T07:41:48Z,39004,19000,19000,81
2026-08-07T07:41:48Z,39005,32200,34400,82
2026-08-07T07:41:48Z,39006,262200,262200,55
2026-08-07T07:41:48Z,39151,44000,44400,638
2026-08-07T07:41:48Z,39201,49000200,49000200,23
2026-08-07T07:41:48Z,39203,49004000,49004000,21
2026-08-07T07:41:48Z,39204,1500002700,1500002700,2
2026-08-07T07:41:48Z,39207,48376100,49001000,22
2026-08-07T07:41:48Z,39209,10000,10000,243
2026-08-07T07:41:48Z,39210,103800,103800,29
2026-08-07T07:41:48Z,39211,6800,6800,151
2026-08-07T07:41:48Z,39212,2900,2900,33
2026-08-07T07:41:48Z,39218,49003000,49003000,20
2026-08-07T07:41:48Z,39219,49002700,49002700,20
2026-08-07T07:41:48Z,39220,29000,29000,144
2026-08-07T07:41:48Z,39222,49002200,49002200,23
2026-08-07T07:41:48Z,39223,49003800,49003800,20
2026-08-07T07:41:48Z,39317,4400,4400,25
2026-08-07T07:41:48Z,39334,69100,140000,7364
2026-08-07T07:41:48Z,39338,87000,88900,487
2026-08-07T07:41:48Z,39339,229400,239700,4008
2026-08-07T07:41:48Z,39340,32500,32600,5859
2026-08-07T07:41:48Z,39341,14200,14300,33867
2026-08-07T07:41:48Z,39342,17200,17200,1113
2026-08-07T07:41:48Z,39343,19000,19000,13779
2026-08-07T07:41:48Z,39349,4800000,4800000,26
2026-08-07T07:41:48Z,39350,5009900,5009900,18
2026-08-07T07:41:48Z,39351,8166200,49006200,23
2026-08-07T07:41:48Z,39353,8382100,49000600,22
2026-08-07T07:41:48Z,39354,100,600,177405
2026-08-07T07:41:48Z,39356,30000500,49000500,22
2026-08-07T07:41:48Z,39357,39996500,39996500,36
2026-08-07T07:41:48Z,39358,7779300,7779300,32
2026-08-07T07:41:48Z,39360,504800,504800,43
2026-08-07T07:41:48Z,39361,39995000,39995000,36
2026-08-07T07:41:48Z,39469,88800,89400,4202
2026-08-07T07:41:48Z,39501,49001900,49001900,20
2026-08-07T07:41:48Z,39502,49007600,49007600,42
2026-08-07T07:41:48Z,39512,5000,5000,26
2026-08-07T07:41:48Z,39513,161000,161000,29
2026-08-07T07:41:48Z,39516,8000700,8000700,25
2026-08-07T07:41:48Z,39520,5400,5400,413
2026-08-07T07:41:48Z,39524,9005000,9005000,31
2026-08-07T07:41:48Z,39525,49003800,49003800,20
2026-08-07T07:41:48Z,39526,28700,9998700,32
2026-08-07T07:41:48Z,39527,139900,9901500,44
2026-08-07T07:41:48Z,39532,290001800,290001800,1
2026-08-07T07:41:48Z,39533,990002000,990002000,1
2026-08-07T07:41:48Z,39549,49003000,49003000,20
2026-08-07T07:41:48Z,39550,49003700,49003700,20
2026-08-07T07:41:48Z,39551,2800,2800,38
2026-08-07T07:41:48Z,39552,49000100,49000100,20
2026-08-07T07:41:48Z,39559,49003800,49003800,20
2026-08-07T07:41:48Z,39562,49003000,49003000,22
2026-08-07T07:41:48Z,39563,49003800,49003800,20
2026-08-07T07:41:48Z,39567,60000,49000000,21
2026-08-07T07:41:48Z,39568,49003800,49003800,21
2026-08-07T07:41:48Z,39569,1100000,49000000,23
2026-08-07T07:41:48Z,39570,49003000,49003000,20
2026-08-07T07:41:48Z,39666,70200,70200,307
2026-08-07T07:41:48Z,39671,9840000,9840000,20
2026-08-07T07:41:48Z,39681,220000,220000,3761
2026-08-07T07:41:48Z,39682,323400,342400,2315
2026-08-07T07:41:48Z,39683,1000000,1000000,147
2026-08-07T07:41:48Z,39684,19100,19100,1996
2026-08-07T07:41:48Z,39685,940504700,940504700,5
2026-08-07T07:41:48Z,39686,990003200,990003200,1
2026-08-07T07:41:48Z,39690,249500,250000,3771
2026-08-07T07:41:48Z,39691,3300,4500,513
2026-08-07T07:41:48Z,39774,76400,452800,6243
2026-08-07T07:41:48Z,39900,36400,36400,80
2026-08-07T07:41:48Z,39905,50100,50200,76
2026-08-07T07:41:48Z,39906,250000000,250000000,1
2026-08-07T07:41:48Z,39907,20300,20300,121
2026-08-07T07:41:48Z,39908,551000,551000,46
2026-08-07T07:41:48Z,39909,23300,23300,101
2026-08-07T07:41:48Z,39910,153000,249900,45
2026-08-07T07:41:48Z,39911,250000000,250000000,8
2026-08-07T07:41:48Z,39912,44800,44800,49
2026-08-07T07:41:48Z,39914,990000000,990000000,5
2026-08-07T07:41:48Z,39915,229900,229900,79
2026-08-07T07:41:48Z,39916,250000000,250000000,4
2026-08-07T07:41:48Z,39917,4685300,9895700,23
2026-08-07T07:41:48Z,39918,35500,35500,114
2026-08-07T07:41:48Z,39919,220000,229900,39
2026-08-07T07:41:48Z,39920,250003100,250003100,2
2026-08-07T07:41:48Z,39927,99400,100000,44
2026-08-07T07:41:48Z,39932,195000,199000,41
2026-08-07T07:41:48Z,39933,330000,335000,40
2026-08-07T07:41:48Z,39934,22000,22000,193
2026-08-07T07:41:48Z,39935,11500,11500,36
2026-08-07T07:41:48Z,39936,249981300,249981300,5
2026-08-07T07:41:48Z,39937,247880000,247880000,2
2026-08-07T07:41:48Z,39938,248253300,248253300,2
2026-08-07T07:41:48Z,39939,1125000,1125000,16
2026-08-07T07:41:48Z,39940,18500,18500,43
2026-08-07T07:41:48Z,39941,250001300,250001300,1
2026-08-07T07:41:48Z,39942,36900,36900,40
2026-08-07T07:41:48Z,39943,250000000,250000000,2
2026-08-07T07:41:48Z,39944,1997506100,1997506100,2
2026-08-07T07:41:48Z,39945,58000,58000,53
2026-08-07T07:41:48Z,39946,197980000,197980000,3
2026-08-07T07:41:48Z,39947,40000,40000,41
2026-08-07T07:41:48Z,39948,34900,34900,33
2026-08-07T07:41:48Z,39949,37100,37100,43
2026-08-07T07:41:48Z,39950,1125000,5382400,44
2026-08-07T07:41:48Z,39951,237100,237100,44
2026-08-07T07:41:48Z,39952,9767600,9908700,24
2026-08-07T07:41:48Z,39953,240489700,240489700,3
2026-08-07T07:41:48Z,39954,1125000,1125000,28
2026-08-07T07:41:48Z,39955,128900,375000,37
2026-08-07T07:41:48Z,39956,43900,43900,366
2026-08-07T07:41:48Z,39957,21100,21100,37
2026-08-07T07:41:48Z,39958,60100,375000,26
2026-08-07T07:41:48Z,39959,9752200,9896400,24
2026-08-07T07:41:48Z,39960,1500009900,1500009900,3
2026-08-07T07:41:48Z,39961,249978500,249978500,2
2026-08-07T07:41:48Z,39962,1250005000,1250005000,1
2026-08-07T07:41:48Z,39963,250001300,250001300,1
2026-08-07T07:41:48Z,39964,2494115300,2494115300,3
2026-08-07T07:41:48Z,39965,332000,339700,63
2026-08-07T07:41:48Z,39966,72600,72600,43
2026-08-07T07:41:48Z,39967,35900,35900,42
2026-08-07T07:41:48Z,39968,225000,225000,39
2026-08-07T07:41:48Z,39969,6661200,49001200,21
2026-08-07T07:41:48Z,39970,42200,44900,1551
2026-08-07T07:41:48Z,39974,138652100,138652100,4
2026-08-07T07:41:48Z,39975,8465000,9989900,21
2026-08-07T07:41:48Z,39976,39900,39900,55
2026-08-07T07:41:48Z,39977,375000,375000,25
2026-08-07T07:41:48Z,39978,225000,225000,45
2026-08-07T07:41:48Z,39979,1125000,1125000,27
2026-08-07T07:41:48Z,39980,34500,34500,44
2026-08-07T07:41:48Z,39981,30000,30000,40
2026-08-07T07:41:48Z,39982,1776400,9997000,21
2026-08-07T07:41:48Z,39983,46000,46000,62
2026-08-07T07:41:48Z,39984,250009200,250009200,1
2026-08-07T07:41:48Z,39985,1474962500,1474962500,2
2026-08-07T07:41:48Z,39986,4500000600,4500000600,1
2026-08-07T07:41:48Z,39989,1500000000,1500000000,1
2026-08-07T07:41:48Z,39990,250003200,250003200,1
2026-08-07T07:41:48Z,39991,197700,375000,29
2026-08-07T07:41:48Z,39992,1125000,1125000,26
2026-08-07T07:41:48Z,39996,3375000,3375000,40
2026-08-07T07:41:48Z,39997,809300,809300,40
2026-08-07T07:41:48Z,39998,1195000,1195000,88
2026-08-07T07:41:48Z,39999,158822900,158822900,2
2026-08-07T07:41:48Z,40000,2005000,3375000,26
2026-08-07T07:41:48Z,40001,9983500,9983500,28
2026-08-07T07:41:48Z,40002,450000000,450000000,1
2026-08-07T07:41:48Z,40003,5000000,5000000,82
2026-08-07T07:41:48Z,40008,5000000,5000000,28
2026-08-07T07:41:48Z,40009,199000000,199000000,5
2026-08-07T07:41:48Z,40010,9984400,9984400,28
2026-08-07T07:41:48Z,40011,9971500,9971500,23
2026-08-07T07:41:48Z,40013,3375000,3375000,38
2026-08-07T07:41:48Z,40014,1125000,1125000,43
2026-08-07T07:41:48Z,40015,250002900,250002900,2
2026-08-07T07:41:48Z,40016,3375000,3375000,28
2026-08-07T07:41:48Z,40017,1004300,1004300,42
2026-08-07T07:41:48Z,40022,252000,398500,26
2026-08-07T07:41:48Z,40023,3375000,9997500,22
2026-08-07T07:41:48Z,40024,3500000000,3500000000,1
2026-08-07T07:41:48Z,40025,9990000,9990000,21
2026-08-07T07:41:48Z,40026,190000,190000,42
2026-08-07T07:41:48Z,40027,2000000000,2000000000,1
2026-08-07T07:41:48Z,40028,3048300,9991600,21
2026-08-07T07:41:48Z,40029,199900000,199900000,6
2026-08-07T07:41:48Z,40030,249001800,249001800,1
2026-08-07T07:41:48Z,40031,250000000,250000000,2
2026-08-07T07:41:48Z,40032,3375000,3375000,26
2026-08-07T07:41:48Z,40033,2409515700,2409515700,1
2026-08-07T07:41:48Z,40034,3375000,3375000,16
2026-08-07T07:41:48Z,40035,9900000,9900000,41
2026-08-07T07:41:48Z,40036,9863100,9863100,40
2026-08-07T07:41:48Z,40037,770000,1125000,29
2026-08-07T07:41:48Z,40038,376700,376700,55
2026-08-07T07:41:48Z,40039,982300,982300,33
2026-08-07T07:41:48Z,40040,39691400,39691400,6
2026-08-07T07:41:48Z,40041,3375000,3375000,37
2026-08-07T07:41:48Z,40042,4100,4100,149
2026-08-07T07:41:48Z,40043,246079500,246079500,3
2026-08-07T07:41:48Z,40044,3500000,3500000,24
2026-08-07T07:41:48Z,40045,3375000,3375000,14
2026-08-07T07:41:48Z,40046,198734600,198734600,6
2026-08-07T07:41:48Z,40047,250004700,250004700,2
2026-08-07T07:41:48Z,40048,19762300,19762300,15
2026-08-07T07:41:48Z,40049,3592000,3592000,12
2026-08-07T07:41:48Z,40050,9980000,9980000,20
2026-08-07T07:41:48Z,40051,7583500,9990400,23
2026-08-07T07:41:48Z,40052,9949100,9949200,22
2026-08-07T07:41:48Z,40053,19699600,19699600,10
2026-08-07T07:41:48Z,40054,8500002300,8500002300,1
2026-08-07T07:41:48Z,40055,9989300,9989300,22
2026-08-07T07:41:48Z,40056,450000000,450000000,1
2026-08-07T07:41:48Z,40057,9000000,9910200,22
2026-08-07T07:41:48Z,40058,3375000,3375000,34
2026-08-07T07:41:48Z,40059,511900,1125000,26
2026-08-07T07:41:48Z,40067,6600,6600,106
2026-08-07T07:41:48Z,40068,352500,352500,213
2026-08-07T07:41:48Z,40070,7000,46100,302
2026-08-07T07:41:48Z,40072,9900,137800,164
2026-08-07T07:41:48Z,40073,13500,51900,485
2026-08-07T07:41:48Z,40076,9700,9700,695
2026-08-07T07:41:48Z,40077,189000,189000,512
2026-08-07T07:41:48Z,40078,9700,9700,137
2026-08-07T07:41:48Z,40079,86900,86900,71
2026-08-07T07:41:48Z,40081,26400,26600,162
2026-08-07T07:41:48Z,40082,5640287200,5640287200,5
2026-08-07T07:41:48Z,40083,200000000,200000000,1
2026-08-07T07:41:48Z,40084,450000000,450000000,1
2026-08-07T07:41:48Z,40085,2995914600,2995914600,2
2026-08-07T07:41:48Z,40086,8910200,9996500,21
2026-08-07T07:41:48Z,40087,996200,996200,72
2026-08-07T07:41:48Z,40088,9996200,9996200,21
2026-08-07T07:41:48Z,40089,15900100,19946500,11
2026-08-07T07:41:48Z,40090,9345400,9345400,21
2026-08-07T07:41:48Z,40091,9895500,9895500,22
2026-08-07T07:41:48Z,40092,7338462900,7338462900,1
2026-08-07T07:41:48Z,40093,5000,5000,702
2026-08-07T07:41:48Z,40094,49990000,49990000,11
2026-08-07T07:41:48Z,40095,9967800,9967800,20
2026-08-07T07:41:48Z,40096,990004300,990004300,1
2026-08-07T07:41:48Z,40097,50000,50000,208
2026-08-07T07:41:48Z,40098,9998700,9998700,13
2026-08-07T07:41:48Z,40099,3017359700,3017359700,6
2026-08-07T07:41:48Z,40100,3375000,3375000,25
2026-08-07T07:41:48Z,40101,450003200,450003200,2
2026-08-07T07:41:48Z,40102,9989500,9989500,21
2026-08-07T07:41:48Z,40103,250005000,250005000,1
2026-08-07T07:41:48Z,40104,6328942000,6328942000,3
2026-08-07T07:41:48Z,40105,9992000,9992000,22
2026-08-07T07:41:48Z,40106,9919900,9919900,21
2026-08-07T07:41:48Z,40109,27100,67200,103
2026-08-07T07:41:48Z,40111,6443900,6443900,100
2026-08-07T07:41:48Z,40112,5996600,5996600,102
2026-08-07T07:41:48Z,40113,1083700,1083700,113
2026-08-07T07:41:48Z,40114,2500002100,2500002100,1
2026-08-07T07:41:48Z,40115,899900,9993800,27
2026-08-07T07:41:48Z,40116,9917200,9917200,65
2026-08-07T07:41:48Z,40117,1500000000,1500000000,1
2026-08-07T07:41:48Z,40118,5930600,5930600,66
2026-08-07T07:41:48Z,40119,1504800,1504800,123
2026-08-07T07:41:48Z,40120,7770700,7770700,113
2026-08-07T07:41:48Z,40122,9976100,9976100,118
2026-08-07T07:41:48Z,40123,450000000,450000000,2
2026-08-07T07:41:48Z,40124,3648900,9579600,45
2026-08-07T07:41:48Z,40125,4919100,4919100,118
2026-08-07T07:41:48Z,40126,990002100,990002100,1
2026-08-07T07:41:48Z,40127,890000,890000,32
2026-08-07T07:41:48Z,40128,791800,791800,55
2026-08-07T07:41:48Z,40129,666400,666400,101
2026-08-07T07:41:48Z,40130,9746100,9746100,77
2026-08-07T07:41:48Z,40132,450003200,450003200,1
2026-08-07T07:41:48Z,40133,9988800,9988800,40
2026-08-07T07:41:48Z,40134,250000000,250000000,1
2026-08-07T07:41:48Z,40135,4004800,4004800,54
2026-08-07T07:41:48Z,40136,2500009100,2500009100,1
2026-08-07T07:41:48Z,40138,2468683400,2468683400,5
2026-08-07T07:41:48Z,40139,4950000,9943900,32
2026-08-07T07:41:48Z,40140,2500000000,2500000000,1
2026-08-07T07:41:48Z,40141,9988100,9988100,27
2026-08-07T07:41:48Z,40142,7893600,7893600,45
2026-08-07T07:41:48Z,40143,4966100,4966100,40
2026-08-07T07:41:48Z,40144,9819100,9819100,30
2026-08-07T07:41:48Z,40145,9999500,9999500,20
2026-08-07T07:41:48Z,40146,4589900,4590000,197
2026-08-07T07:41:48Z,40147,1999800,1999800,43
2026-08-07T07:41:48Z,40148,3500000000,3500000000,1
2026-08-07T07:41:48Z,40149,9992300,9992300,30
2026-08-07T07:41:48Z,40150,9917500,9917500,22
2026-08-07T07:41:48Z,40151,199977600,199977600,1
2026-08-07T07:41:48Z,40152,3711900,3711900,52
2026-08-07T07:41:48Z,40153,4874800,4874800,92
2026-08-07T07:41:48Z,40154,1009800,1009800,58
2026-08-07T07:41:48Z,40155,9997200,9997200,30
2026-08-07T07:41:48Z,40156,1500003700,1500003700,1
2026-08-07T07:41:48Z,40157,1625000,9882400,22
2026-08-07T07:41:48Z,40158,990000000,990000000,1
2026-08-07T07:41:48Z,40160,9794400,9794400,34
2026-08-07T07:41:48Z,40161,3500000000,3500000000,1
2026-08-07T07:41:48Z,40162,9291200,9291200,40
2026-08-07T07:41:48Z,40163,9973400,9973400,27
2026-08-07T07:41:48Z,40164,4950000,9994300,27
2026-08-07T07:41:48Z,40165,9734700,9734700,30
2026-08-07T07:41:48Z,40166,9992400,9992400,31
2026-08-07T07:41:48Z,40167,9897400,9897400,59
2026-08-07T07:41:48Z,40168,9981700,9981700,34
2026-08-07T07:41:48Z,40169,9002900,9002900,43
2026-08-07T07:41:48Z,40171,4874700,4874700,48
2026-08-07T07:41:48Z,40173,9996700,9996700,30
2026-08-07T07:41:48Z,40174,2000000000,2000000000,1
2026-08-07T07:41:48Z,40175,2500000000,2500000000,1
2026-08-07T07:41:48Z,40176,1500002100,1500002100,1
2026-08-07T07:41:48Z,40177,4874800,4874800,55
2026-08-07T07:41:48Z,40179,4800000,4804900,127
2026-08-07T07:41:48Z,40180,4874900,4874900,44
2026-08-07T07:41:48Z,40181,1500000000,1500000000,1
2026-08-07T07:41:48Z,40182,4874700,4874700,48
2026-08-07T07:41:48Z,40195,5100,5500,1571
2026-08-07T07:41:48Z,40199,9000,100000,10304
2026-08-07T07:41:48Z,40202,1496600,1496600,67
2026-08-07T07:41:48Z,40211,23500,187500,401
2026-08-07T07:41:48Z,40212,38400,39000,309
2026-08-07T07:41:48Z,40213,9889900,9889900,40
2026-08-07T07:41:48Z,40214,1800000,1800000,57
2026-08-07T07:41:48Z,40215,333200,333200,34
2026-08-07T07:41:48Z,40216,240000,240000,26
2026-08-07T07:41:48Z,40217,4156100,4156100,10
2026-08-07T07:41:48Z,40356,9900600,9900600,41
2026-08-07T07:41:48Z,40357,9990000,9990000,28
2026-08-07T07:41:48Z,40358,9990700,9990700,30
2026-08-07T07:41:48Z,40359,9909900,9909900,30
2026-08-07T07:41:48Z,40360,3750000,7777700,559
2026-08-07T07:41:48Z,40361,7906400,7906400,117
2026-08-07T07:41:48Z,40391,49000900,49000900,11
2026-08-07T07:41:48Z,40392,290000900,290000900,1
2026-08-07T07:41:48Z,40393,290000700,290000700,1
2026-08-07T07:41:48Z,40404,1499990100,1499990100,5
2026-08-07T07:41:48Z,40411,49009900,49009900,25
2026-08-07T07:41:48Z,40533,129600,129600,1183
2026-08-07T07:41:48Z,40536,1100,1100,974
2026-08-07T07:41:48Z,40769,421900,424500,624
2026-08-07T07:41:48Z,40771,4656600,4656600,492
2026-08-07T07:41:48Z,40896,1500007600,1500007600,1
2026-08-07T07:41:48Z,40897,250007600,250007600,1
2026-08-07T07:41:48Z,40899,250007600,250007600,1
2026-08-07T07:41:48Z,40900,1500000200,1500000200,1
2026-08-07T07:41:48Z,40901,1500007600,1500007600,1
2026-08-07T07:41:48Z,40902,1500007600,1500007600,1
2026-08-07T07:41:48Z,40903,1500000200,1500000200,1
2026-08-07T07:41:48Z,40906,1500007600,1500007600,1
2026-08-07T07:41:48Z,40908,1500007600,1500007600,1
2026-08-07T07:41:48Z,40909,250007600,250007600,1
2026-08-07T07:41:48Z,40912,1500000200,1500000200,1
2026-08-07T07:41:48Z,40913,1500007600,1500007600,3
2026-08-07T07:41:48Z,40914,250007600,250007600,1
2026-08-07T07:41:48Z,40915,1500007600,1500007600,1
2026-08-07T07:41:48Z,40916,1499987600,1499987600,2
2026-08-07T07:41:48Z,40919,140700,150000,171
2026-08-07T07:41:48Z,40920,1500000200,1500000200,1
2026-08-07T07:41:48Z,40921,250000200,250000200,1
2026-08-07T07:41:48Z,40922,1500007600,1500007600,1
2026-08-07T07:41:48Z,40923,1500007600,1500007600,1
2026-08-07T07:41:48Z,40924,1500007600,1500007600,1
2026-08-07T07:41:48Z,41092,299999900,299999900,2
2026-08-07T07:41:48Z,41094,1500000200,1500000200,1
2026-08-07T07:41:48Z,41095,99990200,99990200,8
2026-08-07T07:41:48Z,41096,1500000200,1500000200,1
2026-08-07T07:41:48Z,41097,99997600,99997600,8
2026-08-07T07:41:48Z,41098,250007600,250007600,1
2026-08-07T07:41:48Z,41099,99990200,99990200,3
2026-08-07T07:41:48Z,41100,39800,97000,1695
2026-08-07T07:41:48Z,41101,1500000200,1500000200,1
2026-08-07T07:41:48Z,41102,1500000200,1500000200,1
2026-08-07T07:41:48Z,41103,99990200,99990200,3
2026-08-07T07:41:48Z,41104,1500007600,1500007600,1
2026-08-07T07:41:48Z,41106,149999900,149999900,2
2026-08-07T07:41:48Z,41108,49980200,49980200,3
2026-08-07T07:41:48Z,41109,1500007600,1500007600,1
2026-08-07T07:41:48Z,41110,1500000200,1500000200,1
2026-08-07T07:41:48Z,41119,4900,4900,936
2026-08-07T07:41:48Z,41146,1462200,1462200,53
2026-08-07T07:41:48Z,41163,916500,916700,1623
2026-08-07T07:41:48Z,41164,49000100,49000100,17
2026-08-07T07:41:48Z,41165,19900100,19900100,40
2026-08-07T07:41:48Z,41166,4843600,4843600,106
2026-08-07T07:41:48Z,41167,239700,239700,43
2026-08-07T07:41:48Z,41266,862400,862400,2324
2026-08-07T07:41:48Z,41285,9990000,9990000,44
2026-08-07T07:41:48Z,41307,3750000,3750000,37
2026-08-07T07:41:48Z,41333,9900000,9900000,37
2026-08-07T07:41:48Z,41334,853800,853800,1157
2026-08-07T07:41:48Z,41335,19981900,19981900,26
2026-08-07T07:41:48Z,41337,90000,5370200,146
2026-08-07T07:41:48Z,41338,70000,70000,54
2026-08-07T07:41:48Z,41339,2009900,2009900,195
2026-08-07T07:41:48Z,41368,49000000,49000000,23
2026-08-07T07:41:48Z,41369,19002700,49002700,22
2026-08-07T07:41:48Z,41373,9500006900,9500006900,1
2026-08-07T07:41:48Z,41375,300700,300700,96
2026-08-07T07:41:48Z,41376,9989500,9989500,40
2026-08-07T07:41:48Z,41377,7500000,7500000,26
2026-08-07T07:41:48Z,41378,1444100,1444100,41
2026-08-07T07:41:48Z,41379,11250000,11250000,32
2026-08-07T07:41:48Z,41380,5001000,5001000,43
2026-08-07T07:41:48Z,41381,191900,3750000,50
2026-08-07T07:41:48Z,41382,19860000,19860000,22
2026-08-07T07:41:48Z,41385,44441200,44441200,20
2026-08-07T07:41:48Z,41389,7779100,7779100,39
2026-08-07T07:41:48Z,41395,9990000,9990000,32
2026-08-07T07:41:48Z,41396,7495000,7495000,34
2026-08-07T07:41:48Z,41397,67100,67100,90
2026-08-07T07:41:48Z,41398,9009900,9979900,20
2026-08-07T07:41:48Z,41400,3750000,3750000,26
2026-08-07T07:41:48Z,41401,39949400,39949400,11
2026-08-07T07:41:48Z,41427,884800,894800,51
2026-08-07T07:41:48Z,41432,749700,749700,32
2026-08-07T07:41:48Z,41433,4500001300,4500001300,1
2026-08-07T07:41:48Z,41434,66400,750000,29
2026-08-07T07:41:48Z,41435,700000,750000,31
2026-08-07T07:41:48Z,41436,750000,750000,36
2026-08-07T07:41:48Z,41437,750000,750000,30
2026-08-07T07:41:48Z,41438,990007600,990007600,1
2026-08-07T07:41:48Z,41439,749900,749900,50
2026-08-07T07:41:48Z,41440,750000,750000,34
2026-08-07T07:41:48Z,41441,500000,750000,29
2026-08-07T07:41:48Z,41442,2486548200,2486548200,5
2026-08-07T07:41:48Z,41443,750000,750000,25
2026-08-07T07:41:48Z,41444,1999700,1999700,26
2026-08-07T07:41:48Z,41445,39995600,39995600,6
2026-08-07T07:41:48Z,41446,660000,660000,36
2026-08-07T07:41:48Z,41447,750000,750000,39
2026-08-07T07:41:48Z,41448,250000000,250000000,1
2026-08-07T07:41:48Z,41449,8987965900,8987965900,2
2026-08-07T07:41:48Z,41450,450001600,450001600,1
2026-08-07T07:41:48Z,41451,192493800,192493800,1
2026-08-07T07:41:48Z,41452,1949996000,1949996000,1
2026-08-07T07:41:48Z,41453,1804800,1804800,36
2026-08-07T07:41:48Z,41454,3500000000,3500000000,1
2026-08-07T07:41:48Z,41455,750000,750000,31
2026-08-07T07:41:48Z,41456,2249900,2250000,28
2026-08-07T07:41:48Z,41457,4464429000,4464429000,2
2026-08-07T07:41:48Z,41458,5500004800,5500004800,1
2026-08-07T07:41:48Z,41460,885100,885100,32
2026-08-07T07:41:48Z,41461,2240000,2240000,61
2026-08-07T07:41:48Z,41462,2250000,2250000,28
2026-08-07T07:41:48Z,41463,1957894800,1957894800,1
2026-08-07T07:41:48Z,41464,850000,850000,36
2026-08-07T07:41:48Z,41465,9500000000,9500000000,1
2026-08-07T07:41:48Z,41466,1594800,1594800,33
2026-08-07T07:41:48Z,41467,509900,509900,43
2026-08-07T07:41:48Z,41468,250003200,250003200,3
2026-08-07T07:41:48Z,41469,2000000000,2000000000,1
2026-08-07T07:41:48Z,41470,350000,1106900,29
2026-08-07T07:41:48Z,41472,2500000000,2500000000,1
2026-08-07T07:41:48Z,41473,199000000,199000000,2
2026-08-07T07:41:48Z,41474,192938100,192938100,2
2026-08-07T07:41:48Z,41475,1600000,1600000,33
2026-08-07T07:41:48Z,41476,9997800,9997800,20
2026-08-07T07:41:48Z,41477,2495002500,2495002500,1
2026-08-07T07:41:48Z,41478,49903800,49903800,4
2026-08-07T07:41:48Z,41479,2250000,2250000,30
2026-08-07T07:41:48Z,41480,192228000,192228000,4
2026-08-07T07:41:48Z,41481,198121000,198121000,2
2026-08-07T07:41:48Z,41482,1742200,1742400,33
2026-08-07T07:41:48Z,41483,691700,750000,26
2026-08-07T07:41:48Z,41484,199980000,199980000,2
2026-08-07T07:41:48Z,41485,1820000,1829800,32
2026-08-07T07:41:48Z,41486,39608300,39608300,6
2026-08-07T07:41:48Z,41487,1500000000,1500000000,1
2026-08-07T07:41:48Z,41488,2250000,2250000,33
2026-08-07T07:41:48Z,41489,2250000,2250000,33
2026-08-07T07:41:48Z,41490,1000000,1140000,34
2026-08-07T07:41:48Z,41491,249991300,249991300,1
2026-08-07T07:41:48Z,41492,2199900,2250000,29
2026-08-07T07:41:48Z,41493,19995000,19995000,14
2026-08-07T07:41:48Z,41494,250000000,250000000,1
2026-08-07T07:41:48Z,41495,2250000,2250000,110
2026-08-07T07:41:48Z,41496,2500000000,2500000000,1
2026-08-07T07:41:48Z,41497,39990000,39990000,6
2026-08-07T07:41:48Z,41498,2250000,2250000,27
2026-08-07T07:41:48Z,41499,9892700,9892700,19
2026-08-07T07:41:48Z,41500,3500000000,3500000000,1
2026-08-07T07:41:48Z,41502,2250000,2250000,28
2026-08-07T07:41:48Z,41509,55500,55500,71
2026-08-07T07:41:48Z,41510,11400,11600,6755
2026-08-07T07:41:48Z,41511,24800,26400,4527
2026-08-07T07:41:48Z,41517,1500000200,1500000200,1
2026-08-07T07:41:48Z,41524,1500000200,1500000200,1
2026-08-07T07:41:48Z,41527,1500000200,1500000200,1
2026-08-07T07:41:48Z,41529,1500000200,1500000200,1
2026-08-07T07:41:48Z,41530,99990200,99990200,5
2026-08-07T07:41:48Z,41531,250007600,250007600,1
2026-08-07T07:41:48Z,41532,1500000200,1500000200,1
2026-08-07T07:41:48Z,41533,249980200,249980200,2
2026-08-07T07:41:48Z,41534,1500007600,1500007600,1
2026-08-07T07:41:48Z,41535,1500000200,1500000200,1
2026-08-07T07:41:48Z,41536,250007600,250007600,1
2026-08-07T07:41:48Z,41537,99990200,99990200,4
2026-08-07T07:41:48Z,41538,1500000200,1500000200,1
2026-08-07T07:41:48Z,41539,250007600,250007600,2
2026-08-07T07:41:48Z,41540,1500000200,1500000200,1
2026-08-07T07:41:48Z,41541,99990200,99990200,3
2026-08-07T07:41:48Z,41542,1500000200,1500000200,1
2026-08-07T07:41:48Z,41547,1500000200,1500000200,2
2026-08-07T07:41:48Z,41552,1500000200,1500000200,1
2026-08-07T07:41:48Z,41584,759100,759100,5008
2026-08-07T07:41:48Z,41586,5500100,5500100,195
2026-08-07T07:41:48Z,41593,1031800,1031800,549
2026-08-07T07:41:48Z,41594,1444400,1444400,698
2026-08-07T07:41:48Z,41595,1810100,1810100,588
2026-08-07T07:41:48Z,41601,225700,225900,118
2026-08-07T07:41:48Z,41602,5006300,5006300,24
2026-08-07T07:41:48Z,41603,427200,427200,52
2026-08-07T07:41:48Z,41604,5000000,5000000,16
2026-08-07T07:41:48Z,41611,1999400,1999400,24
2026-08-07T07:41:48Z,41729,9900000,9900000,20
2026-08-07T07:41:48Z,41731,3000,5000,149
2026-08-07T07:41:48Z,41751,3900,3900,244
2026-08-07T07:41:48Z,41800,305000,305000,1198
2026-08-07T07:41:48Z,41801,12100,12100,2456
2026-08-07T07:41:48Z,41802,20000,23100,1099
2026-08-07T07:41:48Z,41803,30000,30500,624
2026-08-07T07:41:48Z,41805,718000,719900,464
2026-08-07T07:41:48Z,41806,6200,840000,644
2026-08-07T07:41:48Z,41807,19400,19400,829
2026-08-07T07:41:48Z,41808,3000,5000,11765
2026-08-07T07:41:48Z,41809,90000,90000,1692
2026-08-07T07:41:48Z,41810,8400,8400,1828
2026-08-07T07:41:48Z,41812,3000,4300,799
2026-08-07T07:41:48Z,41813,15500,15500,1335
2026-08-07T07:41:48Z,41814,160000,164000,4187
2026-08-07T07:41:48Z,41976,1247000,1247000,43
2026-08-07T07:41:48Z,42225,9930000,9930000,222
2026-08-07T07:41:48Z,42253,10000,10000,7160
2026-08-07T07:41:48Z,42396,1500000200,1500000200,1
2026-08-07T07:41:48Z,42397,250000200,250000200,5
2026-08-07T07:41:48Z,42398,249721000,249721000,2
2026-08-07T07:41:48Z,42399,250000200,250000200,1
2026-08-07T07:41:48Z,42400,1500007600,1500007600,1
2026-08-07T07:41:48Z,42401,1500007600,1500007600,1
2026-08-07T07:41:48Z,42402,1500007600,1500007600,1
2026-08-07T07:41:48Z,42403,1500000200,1500000200,1
2026-08-07T07:41:48Z,42405,1500000200,1500000200,1
2026-08-07T07:41:48Z,42406,250007600,250007600,1
2026-08-07T07:41:48Z,42407,1500000200,1500000200,1
2026-08-07T07:41:48Z,42408,250000200,250000200,7
2026-08-07T07:41:48Z,42409,250000200,250000200,1
2026-08-07T07:41:48Z,42410,1500000200,1500000200,1
2026-08-07T07:41:48Z,42411,99997600,99997600,6
2026-08-07T07:41:48Z,42412,1500000200,1500000200,1
2026-08-07T07:41:48Z,42414,1500007600,1500007600,1
2026-08-07T07:41:48Z,42415,1500000200,1500000200,1
2026-08-07T07:41:48Z,42416,1500007600,1500007600,1
2026-08-07T07:41:48Z,42428,55000,55000,161
2026-08-07T07:41:48Z,42429,228000,228000,304
2026-08-07T07:41:48Z,42430,70100,70100,716
2026-08-07T07:41:48Z,42431,903800,903800,205
2026-08-07T07:41:48Z,42432,301900,9951900,44
2026-08-07T07:41:48Z,42433,182000,182000,78
2026-08-07T07:41:48Z,42434,9900000,9900000,63
2026-08-07T07:41:48Z,42453,210000200,210000200,2
2026-08-07T07:41:48Z,42455,1500007600,1500007600,2
2026-08-07T07:41:48Z,42456,250000200,250000200,1
2026-08-07T07:41:48Z,42457,250000200,250000200,1
2026-08-07T07:41:48Z,42458,1500007600,1500007600,6
2026-08-07T07:41:48Z,42459,130500,140600,312
2026-08-07T07:41:48Z,42460,1500007600,1500007600,1
2026-08-07T07:41:48Z,42461,9990200,9990200,7
2026-08-07T07:41:48Z,42462,99999900,99999900,2
2026-08-07T07:41:48Z,42464,279997600,279997600,1
2026-08-07T07:41:48Z,42465,1500000200,1500000200,1
2026-08-07T07:41:48Z,42466,1500000200,1500000200,1
2026-08-07T07:41:48Z,42467,1500000200,1500000200,3
2026-08-07T07:41:48Z,42468,290007600,290007600,1
2026-08-07T07:41:48Z,42469,1500007600,1500007600,1
2026-08-07T07:41:48Z,42470,250000200,250000200,6
2026-08-07T07:41:48Z,42471,1500007600,1500007600,1
2026-08-07T07:41:48Z,42472,1500000200,1500000200,1
2026-08-07T07:41:48Z,42473,250004100,250004100,2
2026-08-07T07:41:48Z,42500,59400,59400,41
2026-08-07T07:41:48Z,42545,2278600,2278600,187
2026-08-07T07:41:48Z,42546,6200,6800,1516
2026-08-07T07:41:48Z,42641,8800,8800,889
2026-08-07T07:41:48Z,42701,1125000,1125000,75
2026-08-07T07:41:48Z,42702,1000000,1000000,76
2026-08-07T07:41:48Z,42734,1500007600,1500007600,2
2026-08-07T07:41:48Z,42735,250007600,250007600,8
2026-08-07T07:41:48Z,42736,7770200,7770200,2
2026-08-07T07:41:48Z,42737,99997600,99997600,3
2026-08-07T07:41:48Z,42738,249987600,249987600,2
2026-08-07T07:41:48Z,42739,1500000200,1500000200,1
2026-08-07T07:41:48Z,42740,1500007600,1500007600,1
2026-08-07T07:41:48Z,42741,250007600,250007600,1
2026-08-07T07:41:48Z,42742,1998008500,1998008500,2
2026-08-07T07:41:48Z,42743,250000200,250000200,1
2026-08-07T07:41:48Z,42744,1500000200,1500000200,1
2026-08-07T07:41:48Z,42745,99990200,99990200,2
2026-08-07T07:41:48Z,42746,9990200,9990200,3
2026-08-07T07:41:48Z,42747,1500007600,1500007600,1
2026-08-07T07:41:48Z,42748,99990200,99990200,3
2026-08-07T07:41:48Z,42749,1500007600,1500007600,1
2026-08-07T07:41:48Z,42750,1500007600,1500007600,1
2026-08-07T07:41:48Z,42751,229000,318700,110
2026-08-07T07:41:48Z,42752,1500004700,1500004700,1
2026-08-07T07:41:48Z,42753,99990200,99990200,8
2026-08-07T07:41:48Z,42754,1500000200,1500000200,1
2026-08-07T07:41:48Z,42777,9970500,9970500,20
2026-08-07T07:41:48Z,42778,9981600,9981600,20
2026-08-07T07:41:48Z,42779,440900,440900,42
2026-08-07T07:41:48Z,42780,16200,21900,12643
2026-08-07T07:41:48Z,42897,250000200,250000200,1
2026-08-07T07:41:48Z,42899,1500007600,1500007600,1
2026-08-07T07:41:48Z,42900,250007600,250007600,1
2026-08-07T07:41:48Z,42902,99990200,99990200,2
2026-08-07T07:41:48Z,42903,1500000200,1500000200,2
2026-08-07T07:41:48Z,42904,249980200,249980200,2
2026-08-07T07:41:48Z,42905,99990200,99990200,4
2026-08-07T07:41:48Z,42906,1500000200,1500000200,1
2026-08-07T07:41:48Z,42907,1500007600,1500007600,1
2026-08-07T07:41:48Z,42908,250000200,250000200,1
2026-08-07T07:41:48Z,42909,1500007600,1500007600,1
2026-08-07T07:41:48Z,42910,1500000200,1500000200,1
2026-08-07T07:41:48Z,42911,1500007600,1500007600,1
2026-08-07T07:41:48Z,42912,99990200,99990200,10
2026-08-07T07:41:48Z,42913,250007600,250007600,1
2026-08-07T07:41:48Z,42914,250007600,250007600,1
2026-08-07T07:41:48Z,42915,250000200,250000200,1
2026-08-07T07:41:48Z,42916,1500007600,1500007600,1
2026-08-07T07:41:48Z,42917,1500000200,1500000200,1
2026-08-07T07:41:48Z,42930,49003000,49003000,20
2026-08-07T07:41:48Z,42931,113700,113700,44
2026-08-07T07:41:48Z,42942,31000,31000,51
2026-08-07T07:41:48Z,42954,1500007600,1500007600,1
2026-08-07T07:41:48Z,42955,1500007600,1500007600,1
2026-08-07T07:41:48Z,42956,50000200,50000200,2
2026-08-07T07:41:48Z,42957,1500000200,1500000200,1
2026-08-07T07:41:48Z,42958,250007600,250007600,1
2026-08-07T07:41:48Z,42959,150007600,150007600,4
2026-08-07T07:41:48Z,42960,1500000200,1500000200,3
2026-08-07T07:41:48Z,42961,1500000200,1500000200,1
2026-08-07T07:41:48Z,42962,1500007600,1500007600,1
2026-08-07T07:41:48Z,42963,1500000200,1500000200,1
2026-08-07T07:41:48Z,42964,1500000200,1500000200,1
2026-08-07T07:41:48Z,42965,99990200,99990200,14
2026-08-07T07:41:48Z,42966,1079221300,1079221300,4
2026-08-07T07:41:48Z,42967,99990200,99990200,6
2026-08-07T07:41:48Z,42968,250000200,250000200,1
2026-08-07T07:41:48Z,42969,1500007600,1500007600,1
2026-08-07T07:41:48Z,42970,250000200,250000200,4
2026-08-07T07:41:48Z,42971,250000200,250000200,1
2026-08-07T07:41:48Z,42972,1500007600,1500007600,1
2026-08-07T07:41:48Z,42973,250000200,250000200,3
2026-08-07T07:41:48Z,42974,9990200,1500000200,19
2026-08-07T07:41:48Z,42993,23300,23300,136
2026-08-07T07:41:48Z,42994,28800,208900,45
2026-08-07T07:41:48Z,42995,49800,49800,84
2026-08-07T07:41:48Z,42996,158500,158500,58
2026-08-07T07:41:48Z,42997,50000,50000,1504
2026-08-07T07:41:48Z,42998,28900,917400,214
2026-08-07T07:41:48Z,42999,9975300,9975300,40
2026-08-07T07:41:48Z,43000,33900,154000,128
2026-08-07T07:41:48Z,43001,89800,89800,177
2026-08-07T07:41:48Z,43004,6700,6700,646
2026-08-07T07:41:48Z,43005,78300,78300,36
2026-08-07T07:41:48Z,43007,19700,24600,39157
2026-08-07T07:41:48Z,43009,9900,10000,704
2026-08-07T07:41:48Z,43010,10000,10000,1464
2026-08-07T07:41:48Z,43011,9700,57700,7796
2026-08-07T07:41:48Z,43012,4000,4000,1648
2026-08-07T07:41:48Z,43013,50000,98900,104832
2026-08-07T07:41:48Z,43015,29800,9909900,42
2026-08-07T07:41:48Z,43086,1209900,1209900,125
2026-08-07T07:41:48Z,43087,9909900,9909900,23
2026-08-07T07:41:48Z,43102,800000,880000,3154
2026-08-07T07:41:48Z,43103,199900,200000,836
2026-08-07T07:41:48Z,43104,130000,140000,1440
2026-08-07T07:41:48Z,43105,61900,93700,566
2026-08-07T07:41:48Z,43106,36000,36700,3204
2026-08-07T07:41:48Z,43107,369000,369300,5999
2026-08-07T07:41:48Z,43108,31800,31800,1419
2026-08-07T07:41:48Z,43109,99700,129700,1186
2026-08-07T07:41:48Z,43115,304000,304000,1156
2026-08-07T07:41:48Z,43116,157900,157900,912
2026-08-07T07:41:48Z,43117,94500,316500,13410
2026-08-07T07:41:48Z,43118,470000,479000,1638
2026-08-07T07:41:48Z,43119,62800,63000,2062
2026-08-07T07:41:48Z,43120,73400,74300,2038
2026-08-07T07:41:48Z,43121,24400,35000,2157
2026-08-07T07:41:48Z,43122,29000,29600,8368
2026-08-07T07:41:48Z,43123,218000,219000,2828
2026-08-07T07:41:48Z,43124,50000,50000,1847
2026-08-07T07:41:48Z,43125,60000,240300,73268
2026-08-07T07:41:48Z,43126,48000,48300,2513
2026-08-07T07:41:48Z,43127,263000,263300,583
2026-08-07T07:41:48Z,43145,1000000,1000000,52
2026-08-07T07:41:48Z,43146,19300000,19300000,16
2026-08-07T07:41:48Z,43231,49001700,49001700,20
2026-08-07T07:41:48Z,43233,49001900,49001900,20
2026-08-07T07:41:48Z,43235,49000800,49000800,20
2026-08-07T07:41:48Z,43236,9700000,9700000,40
2026-08-07T07:41:48Z,43268,15100,15100,304
2026-08-07T07:41:48Z,43316,1500000200,1500000200,1
2026-08-07T07:41:48Z,43321,9990800,9990800,3
2026-08-07T07:41:48Z,43325,290000800,290000800,2
2026-08-07T07:41:48Z,43326,290000800,290000800,2
2026-08-07T07:41:48Z,43328,290000800,290000800,2
2026-08-07T07:41:48Z,43329,290000800,290000800,2
2026-08-07T07:41:48Z,43330,49000000,49000000,18
2026-08-07T07:41:48Z,43331,1500000200,1500000200,1
2026-08-07T07:41:48Z,43332,1500000200,1500000200,1
2026-08-07T07:41:48Z,43333,290000800,290000800,4
2026-08-07T07:41:48Z,43334,299400,299400,247
2026-08-07T07:41:48Z,43335,1500000200,1500000200,1
2026-08-07T07:41:48Z,43338,1500000200,1500000200,1
2026-08-07T07:41:48Z,43339,1500000200,1500000200,1
2026-08-07T07:41:48Z,43340,1500000200,1500000200,1
2026-08-07T07:41:48Z,43341,290000800,290000800,2
2026-08-07T07:41:48Z,43342,1500000200,1500000200,1
2026-08-07T07:41:48Z,43343,99990200,99990200,2
2026-08-07T07:41:48Z,43344,1500007600,1500007600,1
2026-08-07T07:41:48Z,43350,60700,69800,534
2026-08-07T07:41:48Z,43351,250000200,250000200,1
2026-08-07T07:41:48Z,43354,1500007600,1500007600,1
2026-08-07T07:41:48Z,43356,1500000200,1500000200,1
2026-08-07T07:41:48Z,43359,1500000200,1500000200,1
2026-08-07T07:41:48Z,43360,290000200,290000200,1
2026-08-07T07:41:48Z,43361,1500000200,1500000200,1
2026-08-07T07:41:48Z,43362,99990200,99990200,4
2026-08-07T07:41:48Z,43364,1500000200,1500000200,1
2026-08-07T07:41:48Z,43365,1500000200,1500000200,1
2026-08-07T07:41:48Z,43366,148500,148500,220
2026-08-07T07:41:48Z,43367,1500007600,1500007600,1
2026-08-07T07:41:48Z,43368,1500000200,1500000200,1
2026-08-07T07:41:48Z,43369,240700,246400,169
2026-08-07T07:41:48Z,43370,1500007600,1500007600,1
2026-08-07T07:41:48Z,43371,250007600,250007600,1
2026-08-07T07:41:48Z,43373,50000,80100,495
2026-08-07T07:41:48Z,43374,1500000200,1500000200,1
2026-08-07T07:41:48Z,43376,1500000200,1500000200,1
2026-08-07T07:41:48Z,43377,1500000200,1500000200,1
2026-08-07T07:41:48Z,43378,1500000200,1500000200,1
2026-08-07T07:41:48Z,43379,1500000200,1500000200,1
2026-08-07T07:41:48Z,43380,250000200,250000200,1
2026-08-07T07:41:48Z,43381,1500000200,1500000200,1
2026-08-07T07:41:48Z,43385,1500000200,1500000200,1
2026-08-07T07:41:48Z,43386,199500,199500,252
2026-08-07T07:41:48Z,43388,250000200,250000200,1
2026-08-07T07:41:48Z,43389,1500000200,1500000200,1
2026-08-07T07:41:48Z,43390,250007600,250007600,1
2026-08-07T07:41:48Z,43391,250000200,250000200,1
2026-08-07T07:41:48Z,43393,250000200,250000200,1
2026-08-07T07:41:48Z,43394,1120700,1130500,193
2026-08-07T07:41:48Z,43395,250000200,250000200,1
2026-08-07T07:41:48Z,43396,1500000200,1500000200,1
2026-08-07T07:41:48Z,43397,1500007600,1500007600,1
2026-08-07T07:41:48Z,43398,960700,999800,133
2026-08-07T07:41:48Z,43399,1500000200,1500000200,1
2026-08-07T07:41:48Z,43400,900000,958600,156
2026-08-07T07:41:48Z,43412,1500000200,1500000200,1
2026-08-07T07:41:48Z,43413,1500007600,1500007600,1
2026-08-07T07:41:48Z,43414,99996000,99996000,5
2026-08-07T07:41:48Z,43415,1500007600,1500007600,1
2026-08-07T07:41:48Z,43416,1500007600,1500007600,2
2026-08-07T07:41:48Z,43417,99990200,99990200,3
2026-08-07T07:41:48Z,43418,1500007600,1500007600,1
2026-08-07T07:41:48Z,43419,1500000200,1500000200,1
2026-08-07T07:41:48Z,43420,1500007600,1500007600,1
2026-08-07T07:41:48Z,43422,250000200,250000200,1
2026-08-07T07:41:48Z,43423,1500007600,1500007600,1
2026-08-07T07:41:48Z,43424,250007600,250007600,5
2026-08-07T07:41:48Z,43425,250000200,250000200,1
2026-08-07T07:41:48Z,43427,99997600,99997600,4
2026-08-07T07:41:48Z,43428,250000200,250000200,1
2026-08-07T07:41:48Z,43432,15000200,15000200,3
2026-08-07T07:41:48Z,43463,300,300,350
2026-08-07T07:41:48Z,43464,500,500,193
2026-08-07T07:41:48Z,43465,300,300,369
2026-08-07T07:41:48Z,43466,10000,10000,106
2026-08-07T07:41:48Z,43467,300,300,287
2026-08-07T07:41:48Z,43478,1100000,1100000,158
2026-08-07T07:41:48Z,43480,899900,899900,718
2026-08-07T07:41:48Z,43488,142400,200000,51
2026-08-07T07:41:48Z,43490,85600,85800,825
2026-08-07T07:41:48Z,43491,99000,99000,60
2026-08-07T07:41:48Z,43492,2249800,2249800,45
2026-08-07T07:41:48Z,43501,44500,45400,635
2026-08-07T07:41:48Z,43519,1500007600,1500007600,1
2026-08-07T07:41:48Z,43520,990000100,990000100,2
2026-08-07T07:41:48Z,43521,3330000,3330000,5
2026-08-07T07:41:48Z,43522,990006700,990006700,2
2026-08-07T07:41:48Z,43530,9500000000,9500000000,1
2026-08-07T07:41:48Z,43533,250000200,250000200,1
2026-08-07T07:41:48Z,43534,1500007600,1500007600,1
2026-08-07T07:41:48Z,43535,540700,565000,210
2026-08-07T07:41:48Z,43536,99990200,99990200,2
2026-08-07T07:41:48Z,43537,1500000200,1500000200,1
2026-08-07T07:41:48Z,43539,1500000200,1500000200,1
2026-08-07T07:41:48Z,43541,1500007600,1500007600,1
2026-08-07T07:41:48Z,43542,250007600,250007600,1
2026-08-07T07:41:48Z,43543,1500000200,1500000200,1
2026-08-07T07:41:48Z,43544,1500000200,1500000200,1
2026-08-07T07:41:48Z,43546,250000200,250000200,1
2026-08-07T07:41:48Z,43547,1500000200,1500000200,1
2026-08-07T07:41:48Z,43548,1500000200,1500000200,1
2026-08-07T07:41:48Z,43549,1500000200,1500000200,1
2026-08-07T07:41:48Z,43550,1500007600,1500007600,1
2026-08-07T07:41:48Z,43551,150000,189500,130
2026-08-07T07:41:48Z,43552,1500000200,1500000200,8
2026-08-07T07:41:48Z,43553,750000100,750000100,2
2026-08-07T07:41:48Z,43554,9990200,9990200,3
2026-08-07T07:41:48Z,43557,450000,450000,103
2026-08-07T07:41:48Z,43571,1900,201900,414
2026-08-07T07:41:48Z,43572,3000,3100,653
2026-08-07T07:41:48Z,43574,49009800,49009800,20
2026-08-07T07:41:48Z,43576,1500002700,1500002700,1
2026-08-07T07:41:48Z,43645,49000100,49000100,20
2026-08-07T07:41:48Z,43646,500,500,352
2026-08-07T07:41:48Z,43647,10300,10300,167
2026-08-07T07:41:48Z,43652,4000,404000,455
2026-08-07T07:41:48Z,43653,49000100,49000100,20
2026-08-07T07:41:48Z,43658,49009900,49009900,20
2026-08-07T07:41:48Z,43671,1500000200,1500000200,1
2026-08-07T07:41:48Z,43672,1500000200,1500000200,1
2026-08-07T07:41:48Z,43673,250000200,250000200,1
2026-08-07T07:41:48Z,43694,19000100,49000100,21
2026-08-07T07:41:48Z,43695,49300,49400,45
2026-08-07T07:41:48Z,43696,2200,2200,65
2026-08-07T07:41:48Z,43725,1500000200,1500000200,1
2026-08-07T07:41:48Z,43825,1500001700,1500001700,1
2026-08-07T07:41:48Z,43826,1500000200,1500000200,1
2026-08-07T07:41:48Z,43827,1500007600,1500007600,1
2026-08-07T07:41:48Z,43850,662400,662400,35
2026-08-07T07:41:48Z,43851,2500,11300,120
2026-08-07T07:41:48Z,43852,6400,6400,171
2026-08-07T07:41:48Z,43853,29900,29900,182
2026-08-07T07:41:48Z,43854,10000,10000,361
2026-08-07T07:41:48Z,43867,99997600,99997600,6
2026-08-07T07:41:48Z,43868,250007600,250007600,1
2026-08-07T07:41:48Z,43869,1500000200,1500000200,1
2026-08-07T07:41:48Z,43987,1500000,1506300,80
2026-08-07T07:41:48Z,44066,6615200,6615200,6
2026-08-07T07:41:48Z,44076,199006900,199006900,4
2026-08-07T07:41:48Z,44078,81625800,81625800,15
2026-08-07T07:41:48Z,44081,49901400,49901400,5
2026-08-07T07:41:48Z,44082,17140300,17140300,31
2026-08-07T07:41:48Z,44084,19974800,19974800,9
2026-08-07T07:41:48Z,44087,39990900,39990900,5
2026-08-07T07:41:48Z,44088,199900000,199900000,1
2026-08-07T07:41:48Z,44089,990000,19900900,11
2026-08-07T07:41:48Z,44128,798000,799900,548
2026-08-07T07:41:48Z,44143,119500,119900,64
2026-08-07T07:41:48Z,44144,139500,140000,66
2026-08-07T07:41:48Z,44145,159500,160000,76
2026-08-07T07:41:48Z,44146,229100,229100,57
2026-08-07T07:41:48Z,44147,520000,530000,62
2026-08-07T07:41:48Z,44154,699900,699900,88
2026-08-07T07:41:48Z,44155,68600,68600,75
2026-08-07T07:41:48Z,44156,79500,79500,84
2026-08-07T07:41:48Z,44157,139500,139900,40
2026-08-07T07:41:48Z,44165,370000,370000,70
2026-08-07T07:41:48Z,44206,49003000,49003000,20
2026-08-07T07:41:48Z,44207,49003800,49003800,16
2026-08-07T07:41:48Z,44208,800000,49000000,21
2026-08-07T07:41:48Z,44260,39907500,39907500,9
2026-08-07T07:41:48Z,44261,7850000,7850000,15
2026-08-07T07:41:48Z,44262,21005100,21005100,25
2026-08-07T07:41:48Z,44263,23812500,23812500,12
2026-08-07T07:41:48Z,44264,47500000,47500000,20
2026-08-07T07:41:48Z,44265,7500000,7500000,22
2026-08-07T07:41:48Z,44266,37502500,37502500,15
2026-08-07T07:41:48Z,44267,35625000,35625000,9
2026-08-07T07:41:48Z,44268,6702100,6702100,14
2026-08-07T07:41:48Z,44269,7589900,7589900,29
2026-08-07T07:41:48Z,44270,12002500,12002500,24
2026-08-07T07:41:48Z,44271,9412200,9507200,40
2026-08-07T07:41:48Z,44272,3008900,3008900,70
2026-08-07T07:41:48Z,44273,15003000,15003000,62
2026-08-07T07:41:48Z,44274,38228900,38228900,16
2026-08-07T07:41:48Z,44275,23003600,23003600,18
2026-08-07T07:41:48Z,44277,10463100,10463100,13
2026-08-07T07:41:48Z,44278,4900000,14900000,85
2026-08-07T07:41:48Z,44279,9704400,9704400,8
2026-08-07T07:41:48Z,44280,15329500,15329500,52
2026-08-07T07:41:48Z,44281,6384000,6384000,13
2026-08-07T07:41:48Z,44282,39900000,39900000,39
2026-08-07T07:41:48Z,44284,39997800,39997800,7
2026-08-07T07:41:48Z,44285,39900000,39900000,12
2026-08-07T07:41:48Z,44286,1005000,2005000,20
2026-08-07T07:41:48Z,44287,4322300,4322300,18
2026-08-07T07:41:48Z,44288,7575300,7575300,6
2026-08-07T07:41:48Z,44289,38009900,38009900,33
2026-08-07T07:41:48Z,44290,30001000,30001000,11
2026-08-07T07:41:48Z,44291,19900200,19900200,6
2026-08-07T07:41:48Z,44292,4200000,39990000,11
2026-08-07T07:41:48Z,44293,2203200,2203200,28
2026-08-07T07:41:48Z,44314,9700,9800,118
2026-08-07T07:41:48Z,44315,29800,29800,91
2026-08-07T07:41:48Z,44325,96700,96700,43
2026-08-07T07:41:48Z,44327,39000,39000,193
2026-08-07T07:41:48Z,44328,8500,112400,65
2026-08-07T07:41:48Z,44329,92000,92000,202
2026-08-07T07:41:48Z,44330,69900,73800,115
2026-08-07T07:41:48Z,44331,80600,80600,114
2026-08-07T07:41:48Z,44332,5000,5000,113
2026-08-07T07:41:48Z,44449,10600,10600,51
2026-08-07T07:41:48Z,44453,18000,18000,101
2026-08-07T07:41:48Z,44455,595300,595300,28
2026-08-07T07:41:48Z,44456,7800,7800,64
2026-08-07T07:41:48Z,44457,229500,229600,67
2026-08-07T07:41:48Z,44458,1300,1300,26
2026-08-07T07:41:48Z,44463,300100,300100,29
2026-08-07T07:41:48Z,44464,290009900,290009900,1
2026-08-07T07:41:48Z,44465,450000,490000,172
2026-08-07T07:41:48Z,44466,853500,853500,78
2026-08-07T07:41:48Z,44467,1497800,1497800,45
2026-08-07T07:41:48Z,44468,290000200,290000200,1
2026-08-07T07:41:48Z,44469,475800,475800,59
2026-08-07T07:41:48Z,44470,225100,225100,52
2026-08-07T07:41:48Z,44481,3100,3100,82
2026-08-07T07:41:48Z,44482,800,800,101
2026-08-07T07:41:48Z,44493,548900,548900,181
2026-08-07T07:41:48Z,44497,2235800,2235800,91
2026-08-07T07:41:48Z,44499,45000000,45000000,26
2026-08-07T07:41:48Z,44500,18990000,18990000,123
2026-08-07T07:41:48Z,44501,12500000,12500000,120
2026-08-07T07:41:48Z,44570,59700,9965400,41
2026-08-07T07:41:48Z,44571,28800,28800,60
2026-08-07T07:41:48Z,44573,9953400,9953400,40
2026-08-07T07:41:48Z,44574,7999900,9952000,49
2026-08-07T07:41:48Z,44575,26100,9966100,43
2026-08-07T07:41:48Z,44599,800,800,143
2026-08-07T07:41:48Z,44601,900,900,69
2026-08-07T07:41:48Z,44605,49001900,49001900,20
2026-08-07T07:41:48Z,44607,9900000,9900000,25
2026-08-07T07:41:48Z,44608,9989700,9989700,20
2026-08-07T07:41:48Z,44609,9989800,9989800,20
2026-08-07T07:41:48Z,44614,290002700,290002700,1
2026-08-07T07:41:48Z,44615,49000800,49000800,53
2026-08-07T07:41:48Z,44616,442300,442300,66
2026-08-07T07:41:48Z,44617,9950000,9950000,41
2026-08-07T07:41:48Z,44618,9907500,9907500,40
2026-08-07T07:41:48Z,44619,300000,300000,121
2026-08-07T07:41:48Z,44684,250007600,250007600,1
2026-08-07T07:41:48Z,44699,9500000100,9500000100,1
2026-08-07T07:41:48Z,44716,3338200,3338200,67
2026-08-07T07:41:48Z,44722,99900,99900,50
2026-08-07T07:41:48Z,44729,49008800,49008800,16
2026-08-07T07:41:48Z,44739,37500,37500,205
2026-08-07T07:41:48Z,44749,31100,31100,96
2026-08-07T07:41:48Z,44750,9987300,9987300,32
2026-08-07T07:41:48Z,44752,2753000,49003000,22
2026-08-07T07:41:48Z,44753,49003800,49003800,22
2026-08-07T07:41:48Z,44754,49003000,49003000,25
2026-08-07T07:41:48Z,44755,450000,450000,29
2026-08-07T07:41:48Z,44756,18900,18900,24
2026-08-07T07:41:48Z,44757,49003800,49003800,20
2026-08-07T07:41:48Z,44758,121200,121200,132
2026-08-07T07:41:48Z,44759,555500,555500,29
2026-08-07T07:41:48Z,44760,1000000,9900000,101
2026-08-07T07:41:48Z,44761,41181600,49003800,21
2026-08-07T07:41:48Z,44762,49002400,49002400,20
2026-08-07T07:41:48Z,44763,9002700,49002700,21
2026-08-07T07:41:48Z,44764,10000000,49000000,22
2026-08-07T07:41:48Z,44765,49002700,49002700,15
2026-08-07T07:41:48Z,44766,19902400,19902400,40
2026-08-07T07:41:48Z,44767,290002700,290002700,1
2026-08-07T07:41:48Z,44768,1505600,49005600,22
2026-08-07T07:41:48Z,44769,2003800,20003800,25
2026-08-07T07:41:48Z,44770,49003000,49003000,20
2026-08-07T07:41:48Z,44771,7900,9907900,102
2026-08-07T07:41:48Z,44772,49003800,49003800,20
2026-08-07T07:41:48Z,44773,500000,500000,25
2026-08-07T07:41:48Z,44774,49003000,49003000,20
2026-08-07T07:41:48Z,44775,49003800,49003800,20
2026-08-07T07:41:48Z,44776,49002400,49002400,20
2026-08-07T07:41:48Z,44777,49002700,49002700,15
2026-08-07T07:41:48Z,44778,49007500,49007500,20
2026-08-07T07:41:48Z,44779,49002400,49002400,20
2026-08-07T07:41:48Z,44780,19903000,19903000,57
2026-08-07T07:41:48Z,44781,45009900,45009900,24
2026-08-07T07:41:48Z,44782,49002400,49002400,19
2026-08-07T07:41:48Z,44783,290002700,290002700,1
2026-08-07T07:41:48Z,44815,153900,229000,125
2026-08-07T07:41:48Z,44920,250000200,250000200,1
2026-08-07T07:41:48Z,44922,143300,151200,1485
2026-08-07T07:41:48Z,44923,1500000200,1500000200,1
2026-08-07T07:41:48Z,44928,250007600,250007600,1
2026-08-07T07:41:48Z,44936,9897100,9897100,26
2026-08-07T07:41:48Z,44940,900,900,793
2026-08-07T07:41:48Z,44941,500,500,916
2026-08-07T07:41:48Z,44947,69600,69600,54
2026-08-07T07:41:48Z,44953,39800,499900,38
2026-08-07T07:41:48Z,44955,1500000200,1500000200,1
2026-08-07T07:41:48Z,44958,356400,737000,2762
2026-08-07T07:41:48Z,44963,1495900,1495900,26
2026-08-07T07:41:48Z,45056,1229500,1229500,45
2026-08-07T07:41:48Z,45060,71800,71800,33
2026-08-07T07:41:48Z,45087,4500,142100,3837
2026-08-07T07:41:48Z,45188,4000,4000,164
2026-08-07T07:41:48Z,45189,49000000,49000000,20
2026-08-07T07:41:48Z,45190,400,9900400,101
2026-08-07T07:41:48Z,45191,10000,10000,173
2026-08-07T07:41:48Z,45194,100,9900100,102
2026-08-07T07:41:48Z,45195,5000,5000,158
2026-08-07T07:41:48Z,45196,9900200,9900200,280
2026-08-07T07:41:48Z,45197,2999900,2999900,217
2026-08-07T07:41:48Z,45198,5400,5400,106
2026-08-07T07:41:48Z,45199,47000,47500,24
2026-08-07T07:41:48Z,45200,1200,7901200,122
2026-08-07T07:41:48Z,45201,3562500,3562500,365
2026-08-07T07:41:48Z,45202,49000100,49000100,20
2026-08-07T07:41:48Z,45601,99990200,99990200,18
2026-08-07T07:41:48Z,45602,250000200,250000200,1
2026-08-07T07:41:48Z,45603,1500007600,1500007600,1
2026-08-07T07:41:48Z,45604,1500000200,1500000200,1
2026-08-07T07:41:48Z,45621,1500,2000,84
2026-08-07T07:41:48Z,45622,1500000200,1500000200,1
2026-08-07T07:41:48Z,45623,1500000200,1500000200,1
2026-08-07T07:41:48Z,45625,1500007600,1500007600,1
2026-08-07T07:41:48Z,45628,354900,354900,44
2026-08-07T07:41:48Z,45732,1500000200,1500000200,1
2026-08-07T07:41:48Z,45737,1500007600,1500007600,1
2026-08-07T07:41:48Z,45738,1500000200,1500000200,1
2026-08-07T07:41:48Z,45739,1500007600,1500007600,1
2026-08-07T07:41:48Z,45740,1500000200,1500000200,1
2026-08-07T07:41:48Z,45741,1500000200,1500000200,1
2026-08-07T07:41:48Z,45742,1500007600,1500007600,1
2026-08-07T07:41:48Z,45743,250007600,250007600,1
2026-08-07T07:41:48Z,45744,1500007600,1500007600,1
2026-08-07T07:41:48Z,45745,1500007600,1500007600,1
2026-08-07T07:41:48Z,45746,1500007600,1500007600,1
2026-08-07T07:41:48Z,45753,250007600,250007600,1
2026-08-07T07:41:48Z,45755,1500000200,1500000200,1
2026-08-07T07:41:48Z,45756,1500007600,1500007600,1
2026-08-07T07:41:48Z,45757,250000200,250000200,1
2026-08-07T07:41:48Z,45758,1500000200,1500000200,1
2026-08-07T07:41:48Z,45760,9990200,9990200,4
2026-08-07T07:41:48Z,45761,250000200,250000200,1
2026-08-07T07:41:48Z,45767,1500007600,1500007600,1
2026-08-07T07:41:48Z,45768,250400,318700,118
2026-08-07T07:41:48Z,45769,250000200,250000200,1
2026-08-07T07:41:48Z,45771,1500000200,1500000200,1
2026-08-07T07:41:48Z,45775,1500000200,1500000200,1
2026-08-07T07:41:48Z,45776,1500000200,1500000200,1
2026-08-07T07:41:48Z,45777,1500007600,1500007600,1
2026-08-07T07:41:48Z,45780,1500007600,1500007600,1
2026-08-07T07:41:48Z,45781,1500007600,1500007600,1
2026-08-07T07:41:48Z,45782,250000200,250000200,1
2026-08-07T07:41:48Z,45783,250000200,250000200,1
2026-08-07T07:41:48Z,45785,250000200,250000200,1
2026-08-07T07:41:48Z,45789,680000,701000,157
2026-08-07T07:41:48Z,45790,1500000200,1500000200,1
2026-08-07T07:41:48Z,45792,1500000200,1500000200,1
2026-08-07T07:41:48Z,45793,1500000200,1500000200,1
2026-08-07T07:41:48Z,45794,250000200,250000200,1
2026-08-07T07:41:48Z,45795,250000200,250000200,1
2026-08-07T07:41:48Z,45799,1500000200,1500000200,1
2026-08-07T07:41:48Z,45800,1500000200,1500000200,1
2026-08-07T07:41:48Z,45804,1500000200,1500000200,1
2026-08-07T07:41:48Z,45805,1500007600,1500007600,1
2026-08-07T07:41:48Z,45806,1500000200,1500000200,1
2026-08-07T07:41:48Z,45862,150000000,150000000,6
2026-08-07T07:41:48Z,45879,158397900,158397900,2
2026-08-07T07:41:48Z,45880,49999300,49999300,4
2026-08-07T07:41:48Z,45881,149999600,149999600,2
2026-08-07T07:41:48Z,45882,250000000,250000000,1
2026-08-07T07:41:48Z,45883,19790100,19790100,8
2026-08-07T07:41:48Z,45901,9900000,9900000,21
2026-08-07T07:41:48Z,45907,49000100,49000100,20
2026-08-07T07:41:48Z,45909,499900,1900000,48
2026-08-07T07:41:48Z,45912,20000000,20000000,56
2026-08-07T07:41:48Z,45932,484600,9906500,43
2026-08-07T07:41:48Z,45978,12252500,12252500,33
2026-08-07T07:41:48Z,45979,4400000,4400000,4
2026-08-07T07:41:48Z,45980,290005100,290005100,1
2026-08-07T07:41:48Z,45981,10005100,10005100,2
2026-08-07T07:41:48Z,45987,28901700,28901700,3
2026-08-07T07:41:48Z,45999,2693300,49000100,22
2026-08-07T07:41:48Z,46000,49000100,49000100,20
2026-08-07T07:41:48Z,46001,5036800,49006800,22
2026-08-07T07:41:48Z,46002,49000100,49000100,20
2026-08-07T07:41:48Z,46003,49000100,49000100,20
2026-08-07T07:41:48Z,46023,736500,3906500,214
2026-08-07T07:41:48Z,46026,6411800,6411800,11
2026-08-07T07:41:48Z,46098,1190000,1190000,46
2026-08-07T07:41:48Z,46361,49003300,49003300,20
2026-08-07T07:41:48Z,46368,1500005700,1500005700,1
2026-08-07T07:41:48Z,46372,1500007600,1500007600,1
2026-08-07T07:41:48Z,46376,70000,250000,688
2026-08-07T07:41:48Z,46377,32800,103700,902
2026-08-07T07:41:48Z,46378,97400,187500,855
2026-08-07T07:41:48Z,46379,18100,187500,1311
2026-08-07T07:41:48Z,46390,49000100,49000100,20
2026-08-07T07:41:48Z,46391,49000100,49000100,20
2026-08-07T07:41:48Z,46703,49000100,49000100,20
2026-08-07T07:41:48Z,46849,4150000,5990000,1773
2026-08-07T07:41:48Z,47556,17600,69300,15630
2026-08-07T07:41:48Z,47831,993200,9900100,85
2026-08-07T07:41:48Z,48720,250007600,250007600,1
2026-08-07T07:41:48Z,49084,400700,610500,167
2026-08-07T07:41:48Z,49100,3330100,3330100,44
2026-08-07T07:41:48Z,49110,11439800,11439800,41
2026-08-07T07:41:48Z,49209,290000100,290000100,1
2026-08-07T07:41:48Z,49253,9786400,9786400,43
2026-08-07T07:41:48Z,49254,9883000,9883000,45
2026-08-07T07:41:48Z,49300,1230100,49000100,21
2026-08-07T07:41:48Z,49397,59800,79900,42
2026-08-07T07:41:48Z,49600,99000,99000,53
2026-08-07T07:41:48Z,49601,9864900,9864900,25
2026-08-07T07:41:48Z,49602,9903300,9903300,37
2026-08-07T07:41:48Z,49619,490100,490100,24
2026-08-07T07:41:48Z,49624,49000100,49000100,20
2026-08-07T07:41:48Z,49625,49000100,49000100,20
2026-08-07T07:41:48Z,49626,49000100,49000100,20
2026-08-07T07:41:48Z,49627,290000100,290000100,1
2026-08-07T07:41:48Z,49632,9999900,9999900,25
2026-08-07T07:41:48Z,49884,1000000,1000000,36
2026-08-07T07:41:48Z,49908,70000,70000,1111
2026-08-07T07:41:48Z,50045,1500000200,1500000200,1
2026-08-07T07:41:48Z,50077,250000200,250000200,1
2026-08-07T07:41:48Z,50125,1500007600,1500007600,1
2026-08-07T07:41:48Z,50438,49000100,49000100,20
2026-08-07T07:41:48Z,50816,4828500,4828500,12
2026-08-07T07:41:48Z,51950,164800,187000,7955
2026-08-07T07:41:48Z,52020,9990100,9990100,2195
2026-08-07T07:41:48Z,52021,49000100,49000100,1000
2026-08-07T07:41:48Z,52074,10000,10000,24
2026-08-07T07:41:48Z,52078,25100,223300,52328
2026-08-07T07:41:48Z,52081,100000,100000,51
2026-08-07T07:41:48Z,52082,53000,53000,41
2026-08-07T07:41:48Z,52083,318200,318200,53
2026-08-07T07:41:48Z,52084,205200,205200,41
2026-08-07T07:41:48Z,52085,202100,202300,36
2026-08-07T07:41:48Z,52086,123800,123800,51
2026-08-07T07:41:48Z,52087,227200,227300,55
2026-08-07T07:41:48Z,52088,290900,290900,59
2026-08-07T07:41:48Z,52089,39000,39000,62
2026-08-07T07:41:48Z,52090,250000,289600,42
2026-08-07T07:41:48Z,52091,189600,189700,38
2026-08-07T07:41:48Z,52093,214300,214400,77
2026-08-07T07:41:48Z,52094,85000,85000,71
2026-08-07T07:41:48Z,52095,450000,450000,56
2026-08-07T07:41:48Z,52096,499700,499700,33
2026-08-07T07:41:48Z,52097,343100,343100,29
2026-08-07T07:41:48Z,52098,119800,119800,47
2026-08-07T07:41:48Z,52099,343100,343100,39
2026-08-07T07:41:48Z,52100,343100,343100,30
2026-08-07T07:41:48Z,52101,150000,150000,44
2026-08-07T07:41:48Z,52102,500000,500000,25
2026-08-07T07:41:48Z,52103,343100,343100,35
2026-08-07T07:41:48Z,52104,200000,200000,32
2026-08-07T07:41:48Z,52105,38300,38300,43
2026-08-07T07:41:48Z,52106,346500,346500,37
2026-08-07T07:41:48Z,52108,346500,346500,32
2026-08-07T07:41:48Z,52109,346500,346500,32
2026-08-07T07:41:48Z,52110,346500,346500,37
2026-08-07T07:41:48Z,52111,340000,340000,37
2026-08-07T07:41:48Z,52112,346500,346500,34
2026-08-07T07:41:48Z,52113,100000,109400,31
2026-08-07T07:41:48Z,52114,129900,129900,31
2026-08-07T07:41:48Z,52115,750000,768600,28
2026-08-07T07:41:48Z,52116,346500,346500,39
2026-08-07T07:41:48Z,52117,499900,499900,39
2026-08-07T07:41:48Z,52118,1261700,1500000,25
2026-08-07T07:41:48Z,52119,279700,279700,35
2026-08-07T07:41:48Z,52120,293800,293800,49
2026-08-07T07:41:48Z,52121,176300,176500,61
2026-08-07T07:41:48Z,52122,387500,387500,33
2026-08-07T07:41:48Z,52123,293800,293800,33
2026-08-07T07:41:48Z,52124,251100,251100,39
2026-08-07T07:41:48Z,52125,500000,500000,34
2026-08-07T07:41:48Z,52126,16300,16500,37
2026-08-07T07:41:48Z,52127,453000,453000,35
2026-08-07T07:41:48Z,52128,159800,159800,35
2026-08-07T07:41:48Z,52129,1450000,1500000,27
2026-08-07T07:41:48Z,52130,3000000,3000000,28
2026-08-07T07:41:48Z,52131,1440000,1500000,28
2026-08-07T07:41:48Z,52132,9999100,9999100,20
2026-08-07T07:41:48Z,52133,39995400,39995400,11
2026-08-07T07:41:48Z,52134,19995100,19995100,11
2026-08-07T07:41:48Z,52135,19991800,19991800,11
2026-08-07T07:41:48Z,52136,990000000,990000000,2
2026-08-07T07:41:48Z,52137,5933600,5933600,16
2026-08-07T07:41:48Z,52138,1500000,1500000,9
2026-08-07T07:41:48Z,52139,19998600,19998600,15
2026-08-07T07:41:48Z,52140,500000,500000,32
2026-08-07T07:41:48Z,52141,3000000,3000000,14
2026-08-07T07:41:48Z,52142,1500000,1500000,25
2026-08-07T07:41:48Z,52143,9881000,9881000,20
2026-08-07T07:41:48Z,52144,1500000,1500000,31
2026-08-07T07:41:48Z,52145,39900800,39900800,10
2026-08-07T07:41:48Z,52146,3000000,9999100,22
2026-08-07T07:41:48Z,52147,18750000,18750000,12
2026-08-07T07:41:48Z,52148,4462400,4462400,17
2026-08-07T07:41:48Z,52149,9998100,9998100,21
2026-08-07T07:41:48Z,52151,19909100,19909100,11
2026-08-07T07:41:48Z,52152,1500000,1500000,27
2026-08-07T07:41:48Z,52153,2400000,2400000,30
2026-08-07T07:41:48Z,52154,39900000,39900000,9
2026-08-07T07:41:48Z,52155,1500000,1500000,25
2026-08-07T07:41:48Z,52156,10000000,10000000,14
2026-08-07T07:41:48Z,52157,19990500,19990500,12
2026-08-07T07:41:48Z,52158,19998900,19998900,16
2026-08-07T07:41:48Z,52159,250000100,250000100,2
2026-08-07T07:41:48Z,52160,39909500,39909500,23
2026-08-07T07:41:48Z,52161,1500000,1500000,19
2026-08-07T07:41:48Z,52162,1200000,1200000,30
2026-08-07T07:41:48Z,52163,1500000,1500000,29
2026-08-07T07:41:48Z,52164,690000,9990000,24
2026-08-07T07:41:48Z,52166,3952900,9902900,21
2026-08-07T07:41:48Z,52167,19500000,19500000,10
2026-08-07T07:41:48Z,52168,1485000,1485000,29
2026-08-07T07:41:48Z,52169,9967600,9967600,21
2026-08-07T07:41:48Z,52170,1250000,1250000,32
2026-08-07T07:41:48Z,52171,199700900,199700900,2
2026-08-07T07:41:48Z,52172,1500000,1500000,26
2026-08-07T07:41:48Z,52173,1500000,1500000,28
2026-08-07T07:41:48Z,52174,19750000,19750000,16
2026-08-07T07:41:48Z,52175,974700,974700,25
2026-08-07T07:41:48Z,52176,1500000,1500000,29
2026-08-07T07:41:48Z,52177,217600,249600,12450
2026-08-07T07:41:48Z,52178,189800,359500,26270
2026-08-07T07:41:48Z,52179,217600,220000,1230
2026-08-07T07:41:48Z,52180,212500,359500,10645
2026-08-07T07:41:48Z,52181,207900,210000,1037
2026-08-07T07:41:48Z,52182,187900,359500,21965
2026-08-07T07:41:48Z,52183,90000,93000,12213
2026-08-07T07:41:48Z,52185,76900,99000,74460
2026-08-07T07:41:48Z,52186,139500,250000,12119
2026-08-07T07:41:48Z,52188,10000,10000,3201
2026-08-07T07:41:48Z,52190,500000,500000,299
2026-08-07T07:41:48Z,52191,370000,370000,250
2026-08-07T07:41:48Z,52192,249300,249400,422
2026-08-07T07:41:48Z,52193,679000,679000,618
2026-08-07T07:41:48Z,52194,749900,750000,673
2026-08-07T07:41:48Z,52195,284300,287100,482
2026-08-07T07:41:48Z,52196,7259900,7259900,644
2026-08-07T07:41:48Z,52203,1167400,1167400,43
2026-08-07T07:41:48Z,52204,301700,9900000,32
2026-08-07T07:41:48Z,52205,1500000,9900000,52
2026-08-07T07:41:48Z,52206,2500000,2500000,55
2026-08-07T07:41:48Z,52207,832100,832100,67
2026-08-07T07:41:48Z,52208,400000,500000,49
2026-08-07T07:41:48Z,52209,80000,9990000,36
2026-08-07T07:41:48Z,52210,1000000,1000000,26
2026-08-07T07:41:48Z,52211,1714800,1714800,45
2026-08-07T07:41:48Z,52212,821200,821200,65
2026-08-07T07:41:48Z,52213,879200,1000000,48
2026-08-07T07:41:48Z,52214,9490400,9490400,44
2026-08-07T07:41:48Z,52215,9997600,9997600,20
2026-08-07T07:41:48Z,52216,3289800,3289800,55
2026-08-07T07:41:48Z,52217,1000000,1000000,35
2026-08-07T07:41:48Z,52218,3000000,3000000,26
2026-08-07T07:41:48Z,52219,599500,599500,64
2026-08-07T07:41:48Z,52220,269900,269900,40
2026-08-07T07:41:48Z,52221,3000000,3000000,26
2026-08-07T07:41:48Z,52222,9530100,9530200,34
2026-08-07T07:41:48Z,52223,2870000,3000000,27
2026-08-07T07:41:48Z,52224,9899900,9899900,42
2026-08-07T07:41:48Z,52225,999900,9990000,46
2026-08-07T07:41:48Z,52226,150000,150000,65
2026-08-07T07:41:48Z,52227,3000000,3000000,24
2026-08-07T07:41:48Z,52228,9754800,9754800,41
2026-08-07T07:41:48Z,52229,9991700,9991700,24
2026-08-07T07:41:48Z,52230,4785400,4785400,67
2026-08-07T07:41:48Z,52231,3000000,3000000,31
2026-08-07T07:41:48Z,52232,2250000,2250000,58
2026-08-07T07:41:48Z,52233,1000000,1000000,26
2026-08-07T07:41:48Z,52234,3000000,3000000,26
2026-08-07T07:41:48Z,52235,9452800,9452800,40
2026-08-07T07:41:48Z,52236,89800,89800,53
2026-08-07T07:41:48Z,52237,1730100,9980000,31
2026-08-07T07:41:48Z,52238,499400,9993300,22
2026-08-07T07:41:48Z,52239,9997900,9997900,46
2026-08-07T07:41:48Z,52240,9989900,9989900,30
2026-08-07T07:41:48Z,52241,996500,9793000,53
2026-08-07T07:41:48Z,52242,9490000,9499900,105
2026-08-07T07:41:48Z,52243,3000000,3000000,26
2026-08-07T07:41:48Z,52244,3000000,3000000,33
2026-08-07T07:41:48Z,52245,3000000,3000000,27
2026-08-07T07:41:48Z,52246,1995300,1995300,44
2026-08-07T07:41:48Z,52247,2250000,9879800,35
2026-08-07T07:41:48Z,52248,501800,501800,35
2026-08-07T07:41:48Z,52249,9991000,9991000,20
2026-08-07T07:41:48Z,52250,502600,502600,44
2026-08-07T07:41:48Z,52289,12487300,39900000,29
2026-08-07T07:41:48Z,52291,7778000,7778000,48
2026-08-07T07:41:48Z,52292,9988800,9988800,44
2026-08-07T07:41:48Z,52293,4993800,4993800,33
2026-08-07T07:41:48Z,52294,1852500,1852500,44
2026-08-07T07:41:48Z,52295,4690800,4690800,43
2026-08-07T07:41:48Z,52296,2134400,2134400,89
2026-08-07T07:41:48Z,52297,9980000,9980000,52
2026-08-07T07:41:48Z,52298,4506100,4506100,26
2026-08-07T07:41:48Z,52299,4998600,4998600,35
2026-08-07T07:41:48Z,52300,9989300,9989300,32
2026-08-07T07:41:48Z,52301,9078300,9078300,44
2026-08-07T07:41:48Z,52302,9897700,9897700,38
2026-08-07T07:41:48Z,52303,2996300,2996300,562
2026-08-07T07:41:48Z,52325,146300,271000,8841
2026-08-07T07:41:48Z,52326,346400,400000,21333
2026-08-07T07:41:48Z,52327,21700,24700,58558
2026-08-07T07:41:48Z,52328,114100,114100,46972
2026-08-07T07:41:48Z,52329,59800,62200,20674
2026-08-07T07:41:48Z,52338,50001800,50001800,4
2026-08-07T07:41:48Z,52339,990000100,990000100,1
2026-08-07T07:41:48Z,52340,25400,25500,273
2026-08-07T07:41:48Z,52555,189300,196400,9159
2026-08-07T07:41:48Z,52575,290000100,290000100,1
2026-08-07T07:41:48Z,52687,240000,240000,43
2026-08-07T07:41:48Z,52718,49500,59900,2025
2026-08-07T07:41:48Z,52719,146500,146600,2588
2026-08-07T07:41:48Z,52720,6100,6100,367
2026-08-07T07:41:48Z,52721,20000,23500,3422
2026-08-07T07:41:48Z,52722,98900,247200,3450
2026-08-07T07:41:48Z,52743,99000,153000,101
2026-08-07T07:41:48Z,52744,4500,4500,108
2026-08-07T07:41:48Z,52745,60000,70000,79
2026-08-07T07:41:48Z,52746,385700,385700,30
2026-08-07T07:41:48Z,52747,2489300,2489300,40
2026-08-07T07:41:48Z,52748,1899200,1899200,62
2026-08-07T07:41:48Z,52749,116500,116500,115
2026-08-07T07:41:48Z,52750,250000,280000,95
2026-08-07T07:41:48Z,52751,30000,30000,41
2026-08-07T07:41:48Z,52752,40000,100000,45
2026-08-07T07:41:48Z,52753,40000,90000,148
2026-08-07T07:41:48Z,52754,90000,90000,96
2026-08-07T07:41:48Z,52755,501900,1889500,49
2026-08-07T07:41:48Z,52756,150000,160000,55
2026-08-07T07:41:48Z,52757,41000,46100,84
2026-08-07T07:41:48Z,52758,10000,12400,92
2026-08-07T07:41:48Z,52759,310200,313400,74
2026-08-07T07:41:48Z,52760,90000,90000,46
2026-08-07T07:41:48Z,52761,2394000,2826000,50
2026-08-07T07:41:48Z,52762,49000,49300,100
2026-08-07T07:41:48Z,52763,19800,19800,75
2026-08-07T07:41:48Z,52764,12500,12500,62
2026-08-07T07:41:48Z,52765,207800,209800,68
2026-08-07T07:41:48Z,52766,12000,19900,109
2026-08-07T07:41:48Z,52767,15900,15900,58
2026-08-07T07:41:48Z,52768,44000,44000,55
2026-08-07T07:41:48Z,52769,225200,833500,52
2026-08-07T07:41:48Z,52770,740000,745100,64
2026-08-07T07:41:48Z,52771,66700,66700,94
2026-08-07T07:41:48Z,52772,1235000,2455000,121
2026-08-07T07:41:48Z,52773,643500,643500,71
2026-08-07T07:41:48Z,52774,3433700,3433700,91
2026-08-07T07:41:48Z,52775,1895200,1895200,108
2026-08-07T07:41:48Z,52776,3127500,3127500,98
2026-08-07T07:41:48Z,52777,319200,319200,58
2026-08-07T07:41:48Z,52778,3451700,3451700,47
2026-08-07T07:41:48Z,52779,553100,553100,68
2026-08-07T07:41:48Z,52780,775900,775900,103
2026-08-07T07:41:48Z,52781,2416900,9990500,26
2026-08-07T07:41:48Z,52782,2246300,2246300,138
2026-08-07T07:41:48Z,52783,2009700,2369700,44
2026-08-07T07:41:48Z,52784,6991000,6991000,58
2026-08-07T07:41:48Z,52785,3402500,3402500,102
2026-08-07T07:41:48Z,52843,4000000,4050000,1561
2026-08-07T07:41:48Z,52976,263900,263900,4940
2026-08-07T07:41:48Z,52977,200000,200000,1796
2026-08-07T07:41:48Z,52979,342100,382800,801
2026-08-07T07:41:48Z,52980,3511700,3511800,385
2026-08-07T07:41:48Z,52982,699400,700000,946
2026-08-07T07:41:48Z,52983,22800,23300,35930
2026-08-07T07:41:48Z,52984,43200,43200,54164
2026-08-07T07:41:48Z,52985,61900,61900,5773
2026-08-07T07:41:48Z,52986,290100,290100,1411
2026-08-07T07:41:48Z,52987,37600,37700,2643
2026-08-07T07:41:48Z,52988,26600,205400,52078
2026-08-07T07:41:48Z,53010,18500,22900,40121
2026-08-07T07:41:48Z,53038,79900,79900,5318
2026-08-07T07:41:48Z,53039,1389900,1390000,803
2026-08-07T07:41:48Z,53049,17500,18000,222
2026-08-07T07:41:48Z,53050,7800,7800,487
2026-08-07T07:41:48Z,53051,1300,22600,1631
2026-08-07T07:41:48Z,53062,8800,10100,859
2026-08-07T07:41:48Z,53063,24000,24000,3706
2026-08-07T07:41:48Z,53064,10000,31100,730
2026-08-07T07:41:48Z,53065,300000,308900,5115
2026-08-07T07:41:48Z,53066,6000,6500,1580
2026-08-07T07:41:48Z,53067,99800,100000,807
2026-08-07T07:41:48Z,53068,14300,100000,12228
2026-08-07T07:41:48Z,53069,44700,44700,836
2026-08-07T07:41:48Z,53070,600,800,1458
2026-08-07T07:41:48Z,53071,11200,11300,1160
2026-08-07T07:41:48Z,53072,10200,10200,852
2026-08-07T07:41:48Z,53643,99400,100200,5045
2026-08-07T07:41:48Z,54291,1803600,3903600,204
2026-08-07T07:41:48Z,54442,20300,20300,104
2026-08-07T07:41:48Z,54447,119200,1250000,279
2026-08-07T07:41:48Z,54448,946700,946700,353
2026-08-07T07:41:48Z,54449,2179900,2200000,125
2026-08-07T07:41:48Z,54450,997000,997000,244
2026-08-07T07:41:48Z,54469,49000800,49000800,15
2026-08-07T07:41:48Z,54619,49000100,49000100,20
2026-08-07T07:41:48Z,54620,49000100,49000100,21
2026-08-07T07:41:48Z,54623,1000,1000,33
2026-08-07T07:41:48Z,54624,49000100,49000100,20
2026-08-07T07:41:48Z,54625,49000200,49000200,20
2026-08-07T07:41:48Z,54626,49000200,49000200,20
2026-08-07T07:41:48Z,54627,49000100,49000100,25
2026-08-07T07:41:48Z,54628,49000100,49000100,20
2026-08-07T07:41:48Z,54629,30000,30000,57
2026-08-07T07:41:48Z,54630,100300,49000300,23
2026-08-07T07:41:48Z,54631,280000200,280000200,1
2026-08-07T07:41:48Z,54632,49000100,49000100,20
2026-08-07T07:41:48Z,54633,49000100,49000100,20
2026-08-07T07:41:48Z,54634,290000100,290000100,1
2026-08-07T07:41:48Z,54746,9909400,9909400,26
2026-08-07T07:41:48Z,54747,9900000,9900000,20
2026-08-07T07:41:48Z,54817,49000100,49000100,20
2026-08-07T07:41:48Z,54818,90000100,90000100,2
2026-08-07T07:41:48Z,54819,9990100,9990100,14
2026-08-07T07:41:48Z,54830,48950100,48950100,39
2026-08-07T07:41:48Z,54831,480000,480000,45
2026-08-07T07:41:48Z,54832,15500100,49000100,22
2026-08-07T07:41:48Z,54833,49000100,49000100,22
2026-08-07T07:41:48Z,54834,1000,49000100,37
2026-08-07T07:41:48Z,54835,48880000,48880000,26
2026-08-07T07:41:48Z,54836,49000700,49000700,20
2026-08-07T07:41:48Z,54837,49000400,49000400,20
2026-08-07T07:41:48Z,54849,153900,156700,1641
2026-08-07T07:41:48Z,55053,79900,79900,52
2026-08-07T07:41:48Z,55054,1640000,1640000,14
2026-08-07T07:41:48Z,55055,40000,40000,61
2026-08-07T07:41:48Z,55056,3689600,3689600,53
2026-08-07T07:41:48Z,55057,339400,339400,119
2026-08-07T07:41:48Z,55973,39999900,49000100,25
2026-08-07T07:41:48Z,55974,1500,1500,105
2026-08-07T07:41:48Z,55975,1500,1500,54
2026-08-07T07:41:48Z,55976,49001100,49001100,21
2026-08-07T07:41:48Z,55978,49000000,49000000,20
2026-08-07T07:41:48Z,55981,100000,1000000,27
2026-08-07T07:41:48Z,55982,4900,4900,72
2026-08-07T07:41:48Z,55983,20100,20100,39
2026-08-07T07:41:48Z,55984,129300,49009300,23
2026-08-07T07:41:48Z,55985,800,1000,29
2026-08-07T07:41:48Z,56033,951800,951800,36
2026-08-07T07:41:48Z,56034,100,100,31
2026-08-07T07:41:48Z,56035,3000000,49000000,22
2026-08-07T07:41:48Z,56036,90000,49000000,21
2026-08-07T07:41:48Z,56046,19900,19900,82
2026-08-07T07:41:48Z,56047,120000,120000,40
2026-08-07T07:41:48Z,56049,20500,49000500,23
2026-08-07T07:41:48Z,56051,49000200,49000200,20
2026-08-07T07:41:48Z,56052,49000500,49000500,20
2026-08-07T07:41:48Z,56053,49000600,49000600,20
2026-08-07T07:41:48Z,56054,49000900,49000900,20
2026-08-07T07:41:48Z,56055,49001300,49001300,20
2026-08-07T07:41:48Z,56056,290005100,290005100,1
2026-08-07T07:41:48Z,56150,19300,19300,46
2026-08-07T07:41:48Z,56151,120000,120000,24
2026-08-07T07:41:48Z,56156,49000100,49000100,27
2026-08-07T07:41:48Z,56158,220200,220200,36
2026-08-07T07:41:48Z,56159,49000900,49000900,20
2026-08-07T07:41:48Z,56160,49001100,49001100,20
2026-08-07T07:41:48Z,56161,290001700,290001700,1
2026-08-07T07:41:48Z,56162,9902300,9902300,59
2026-08-07T07:41:48Z,56189,290000100,290000100,1
2026-08-07T07:41:48Z,56190,290003200,290003200,1
2026-08-07T07:41:48Z,56195,49000100,49000100,23
2026-08-07T07:41:48Z,56196,2000000,2000000,24
2026-08-07T07:41:48Z,56197,140000,140000,45
2026-08-07T07:41:48Z,56198,49000000,49000000,21
2026-08-07T07:41:48Z,56200,49000500,49000500,20
2026-08-07T07:41:48Z,56201,20000000,20000000,24
2026-08-07T07:41:48Z,56202,740000,740000,26
2026-08-07T07:41:48Z,56203,1060000,1060000,26
2026-08-07T07:41:48Z,56204,18600,51900,48
2026-08-07T07:41:48Z,56205,900,900,35
2026-08-07T07:41:48Z,56206,450004600,450004600,1
2026-08-07T07:41:48Z,56234,7500100,49000100,23
2026-08-07T07:41:48Z,56236,49000100,49000100,23
2026-08-07T07:41:48Z,56237,49000100,49000100,20
2026-08-07T07:41:48Z,56238,49000300,49000300,21
2026-08-07T07:41:48Z,56239,49000700,49000700,21
2026-08-07T07:41:48Z,56240,5500001600,5500001600,1
2026-08-07T07:41:48Z,56241,45563100,45563100,6
2026-08-07T07:41:48Z,56477,14700,19700,126
2026-08-07T07:41:48Z,56502,1000000,1000000,136
2026-08-07T07:41:48Z,56503,144800,144800,41
2026-08-07T07:41:48Z,56516,313500,399900,7521
2026-08-07T07:41:48Z,56517,27500,27500,64
2026-08-07T07:41:48Z,56550,10050400,10050400,43
2026-08-07T07:41:48Z,56551,7250000,7250000,16
2026-08-07T07:41:48Z,56850,280000,290000,3613
2026-08-07T07:41:48Z,56968,40000000,49000100,21
2026-08-07T07:41:48Z,57058,207900,207900,25
2026-08-07T07:41:48Z,57059,49000200,49000200,29
2026-08-07T07:41:48Z,57060,49000200,49000200,23
2026-08-07T07:41:48Z,57061,1110300,1110300,35
2026-08-07T07:41:48Z,57062,49000000,49000000,28
2026-08-07T07:41:48Z,57063,40000,40000,31
2026-08-07T07:41:48Z,57064,49000000,49000000,23
2026-08-07T07:41:48Z,57065,29000000,29000000,3
2026-08-07T07:41:48Z,57066,4001300,49001300,23
2026-08-07T07:41:48Z,57067,290001600,290001600,2
2026-08-07T07:41:48Z,57068,25002300,49002300,21
2026-08-07T07:41:48Z,57069,990003100,990003100,1
2026-08-07T07:41:48Z,57070,290007600,290007600,1
2026-08-07T07:41:48Z,57071,290005100,290005100,1
2026-08-07T07:41:48Z,57099,8500,8500,213
2026-08-07T07:41:48Z,57191,6000,6000,1090
2026-08-07T07:41:48Z,57192,6000,6000,219
2026-08-07T07:41:48Z,57193,5000,60000,157
2026-08-07T07:41:48Z,57194,5000,5000,109
2026-08-07T07:41:48Z,58084,19600,19600,968
2026-08-07T07:41:48Z,58085,20000,30000,147
2026-08-07T07:41:48Z,58086,49900,50000,807
2026-08-07T07:41:48Z,58087,1330000,1330000,606
2026-08-07T07:41:48Z,58088,1199900,1199900,1558
2026-08-07T07:41:48Z,58089,80300,99300,133
2026-08-07T07:41:48Z,58090,5000,5000,158
2026-08-07T07:41:48Z,58091,29600,29600,273
2026-08-07T07:41:48Z,58092,44200,98100,967
2026-08-07T07:41:48Z,58093,20000,20000,167
2026-08-07T07:41:48Z,58094,37300,194900,303
2026-08-07T07:41:48Z,58142,300,300,232
2026-08-07T07:41:48Z,58143,10700,10700,201
2026-08-07T07:41:48Z,58144,93600,225000,809
2026-08-07T07:41:48Z,58145,112900,112900,288
2026-08-07T07:41:48Z,58146,12400,22400,320
2026-08-07T07:41:48Z,58148,81700,81700,70
2026-08-07T07:41:48Z,58256,1000,1000,117
2026-08-07T07:41:48Z,58257,700,700,158
2026-08-07T07:41:48Z,58258,487200,487200,63
2026-08-07T07:41:48Z,58259,1900,151900,80
2026-08-07T07:41:48Z,58260,12500,100000,234
2026-08-07T07:41:48Z,58261,99900,758400,478
2026-08-07T07:41:48Z,58262,9700,9700,108
2026-08-07T07:41:48Z,58263,1900,1900,63
2026-08-07T07:41:48Z,58264,115800,235900,51
2026-08-07T07:41:48Z,58265,70000,150000,51
2026-08-07T07:41:48Z,58266,74700,5000000,57
2026-08-07T07:41:48Z,58267,81500,87500,830
2026-08-07T07:41:48Z,58268,1300,1300,140
2026-08-07T07:41:48Z,58269,1000,1000,125
2026-08-07T07:41:48Z,58274,53600,53600,817
2026-08-07T07:41:48Z,58275,60500,60500,432
2026-08-07T07:41:48Z,58276,661600,661600,106
2026-08-07T07:41:48Z,58277,9900000,9900000,25
2026-08-07T07:41:48Z,58278,991200,1001200,89
2026-08-07T07:41:48Z,58279,6009700,6009700,31
2026-08-07T07:41:48Z,58280,499999900,499999900,20
2026-08-07T07:41:48Z,58480,5370000,5370000,513
2026-08-07T07:41:48Z,58487,970000,970000,226
2026-08-07T07:41:48Z,58488,1216000,1216000,971
2026-08-07T07:41:48Z,58489,489000,489000,1582
2026-08-07T07:41:48Z,58865,99900,999900,25
2026-08-07T07:41:48Z,58866,999900,999900,4
2026-08-07T07:41:48Z,58962,290000200,290000200,1
2026-08-07T07:41:48Z,59029,80500,89400,196
2026-08-07T07:41:48Z,59227,37500,87600,41
2026-08-07T07:41:48Z,59228,278600,278600,95
2026-08-07T07:41:48Z,59229,288100,288100,67
2026-08-07T07:41:48Z,59230,83700,4990000,51
2026-08-07T07:41:48Z,59231,240100,240100,135
2026-08-07T07:41:48Z,59232,499999900,499999900,20
2026-08-07T07:41:48Z,59477,9898600,9898600,36
2026-08-07T07:41:48Z,59478,3499400,3499400,32
2026-08-07T07:41:48Z,59479,3500000,3500000,13
2026-08-07T07:41:48Z,59480,9996000,9996000,21
2026-08-07T07:41:48Z,59489,7500000,7500000,8
2026-08-07T07:41:48Z,59491,9995000,9995000,29
2026-08-07T07:41:48Z,59493,9989700,9989800,21
2026-08-07T07:41:48Z,59496,9990000,39990000,11
2026-08-07T07:41:48Z,59594,3000000,5061500,13
2026-08-07T07:41:48Z,59595,99700,99700,74
2026-08-07T07:41:48Z,59596,27500,28000,86
2026-08-07T07:41:48Z,60224,149900,149900,2249
2026-08-07T07:41:48Z,60267,9989900,9989900,21
2026-08-07T07:41:48Z,60268,9890000,9890000,21
2026-08-07T07:41:48Z,60269,9979900,9979900,24
2026-08-07T07:41:48Z,60336,70000,70000,30
2026-08-07T07:41:48Z,60375,9988200,9988200,18
2026-08-07T07:41:48Z,60376,9999800,9999800,21
2026-08-07T07:41:48Z,60377,9989800,9989800,20
2026-08-07T07:41:48Z,60378,59700,59700,75
2026-08-07T07:41:48Z,60379,9890100,9890100,23
2026-08-07T07:41:48Z,60388,2400,2400,25
2026-08-07T07:41:48Z,60389,6800,6800,30
2026-08-07T07:41:48Z,60390,20000000,20000000,25
2026-08-07T07:41:48Z,60391,49007100,49007100,20
2026-08-07T07:41:48Z,60392,68400,49000000,34
2026-08-07T07:41:48Z,60393,49000000,49000000,24
2026-08-07T07:41:48Z,60394,44109000,49009900,23
2026-08-07T07:41:48Z,60395,1264200,49006500,21
2026-08-07T07:41:48Z,60396,43200,9903200,103
2026-08-07T07:41:48Z,60397,49000000,49000000,24
2026-08-07T07:41:48Z,60398,2100,2100,161
2026-08-07T07:41:48Z,60399,4400,4400,39
2026-08-07T07:41:48Z,60405,10000,10000,165
2026-08-07T07:41:48Z,60406,9000,9000,35
2026-08-07T07:41:48Z,60485,2100,2100,177
2026-08-07T07:41:48Z,60486,4400,4400,119
2026-08-07T07:41:48Z,60488,49002100,49002100,20
2026-08-07T07:41:48Z,60489,49006200,49006200,20
2026-08-07T07:41:48Z,60491,49002100,49002100,20
2026-08-07T07:41:48Z,60493,49006200,49006200,20
2026-08-07T07:41:48Z,60576,2100,2100,43
2026-08-07T07:41:48Z,60577,4400,6500,25
2026-08-07T07:41:48Z,60578,49003200,49003200,20
2026-08-07T07:41:48Z,60579,49000000,49000000,20
2026-08-07T07:41:48Z,60743,30100,30100,29
2026-08-07T07:41:48Z,60838,119500,119600,1452
2026-08-07T07:41:48Z,60853,39700,49700,203
2026-08-07T07:41:48Z,60858,1380000,1380000,104
2026-08-07T07:41:48Z,61978,96400,97500,4308
2026-08-07T07:41:48Z,61979,43800,43900,6016
2026-08-07T07:41:48Z,61980,52300,53600,2183
2026-08-07T07:41:48Z,61981,120100,126100,11382
2026-08-07T07:41:48Z,61982,53800,53800,127
2026-08-07T07:41:48Z,61983,500000,500000,119
2026-08-07T07:41:48Z,61984,20000,20000,202
2026-08-07T07:41:48Z,61985,99900,99900,163
2026-08-07T07:41:48Z,61986,70000,70000,370
2026-08-07T07:41:48Z,61988,199711800,199711800,75
2026-08-07T07:41:48Z,61989,2993900,8163600,60
2026-08-07T07:41:48Z,61990,12646800,12646800,35
2026-08-07T07:41:48Z,61991,116195500,116195500,12
2026-08-07T07:41:48Z,61992,8666800,8666800,9
2026-08-07T07:41:48Z,61993,49980000,49980000,13
2026-08-07T07:41:48Z,61994,17914800,17914800,31
2026-08-07T07:41:48Z,61995,7714000,7714000,35
2026-08-07T07:41:48Z,61996,199895000,199895000,6
2026-08-07T07:41:48Z,61997,12427400,12427400,14
2026-08-07T07:41:48Z,61998,49990000,49990000,14
2026-08-07T07:41:48Z,61999,49907600,49907600,9
2026-08-07T07:41:48Z,62000,39990300,39990300,10
2026-08-07T07:41:48Z,62001,19919700,19919700,24
2026-08-07T07:41:48Z,62002,197703700,197703700,7
2026-08-07T07:41:48Z,62003,20000000,20000000,79
2026-08-07T07:41:48Z,62004,39886000,39886000,9
2026-08-07T07:41:48Z,62005,49914000,49914000,10
2026-08-07T07:41:48Z,62006,39980000,39980000,15
2026-08-07T07:41:48Z,62007,10095000,39999400,13
2026-08-07T07:41:48Z,62008,1200000,1200000,18
2026-08-07T07:41:48Z,62009,49997200,49997200,7
2026-08-07T07:41:48Z,62010,4758000,4764400,9
2026-08-07T07:41:48Z,62011,5761800,5761800,18
2026-08-07T07:41:48Z,62012,39902000,39902000,11
2026-08-07T07:41:48Z,62013,39629000,39629000,15
2026-08-07T07:41:48Z,62014,4709700,4709700,14
2026-08-07T07:41:48Z,62015,20973300,20973300,13
2026-08-07T07:41:48Z,62016,199908400,199908400,8
2026-08-07T07:41:48Z,62017,16517600,16517600,29
2026-08-07T07:41:48Z,62018,197483500,197483500,5
2026-08-07T07:41:48Z,62019,10502400,10502400,12
2026-08-07T07:41:48Z,62237,23572300,111112300,15
2026-08-07T07:41:48Z,62238,300000,300000,90
2026-08-07T07:41:48Z,62239,319900,319900,204
2026-08-07T07:41:48Z,62251,1500000,1500000,158
2026-08-07T07:41:48Z,62268,9900,9900,47
2026-08-07T07:41:48Z,62269,227900,227900,37
2026-08-07T07:41:48Z,62270,120000,120000,498
2026-08-07T07:41:48Z,62271,2200,9902200,113
2026-08-07T07:41:48Z,62272,4900,9904900,103
2026-08-07T07:41:48Z,62273,51900,51900,25
2026-08-07T07:41:48Z,62274,100000,100000,153
2026-08-07T07:41:48Z,62275,2100,2100,40
2026-08-07T07:41:48Z,62276,49004500,49004500,31
2026-08-07T07:41:48Z,62277,2500,9902500,112
2026-08-07T07:41:48Z,62278,49005600,49005600,25
2026-08-07T07:41:48Z,62279,4000000,4000000,24
2026-08-07T07:41:48Z,62323,155300,156800,119
2026-08-07T07:41:48Z,62328,700,800,328
2026-08-07T07:41:48Z,62339,1500000100,1500000100,1
2026-08-07T07:41:48Z,62340,20100,9000100,39
2026-08-07T07:41:48Z,62341,50900,50900,39
2026-08-07T07:41:48Z,62370,50100,50100,30
2026-08-07T07:41:48Z,62391,67500,67500,35
2026-08-07T07:41:48Z,62413,2200,2200,296
2026-08-07T07:41:48Z,62414,4500,4500,67
2026-08-07T07:41:48Z,62421,66700,66700,141
2026-08-07T07:41:48Z,62435,49005600,49005600,20
2026-08-07T07:41:48Z,62451,49003100,49003100,20
2026-08-07T07:41:48Z,62452,49007600,49007600,20
2026-08-07T07:41:48Z,62505,14900,14900,74
2026-08-07T07:41:48Z,62512,30000,30000,49
2026-08-07T07:41:48Z,62514,108300,49008300,22
2026-08-07T07:41:48Z,62518,2300,2300,64
2026-08-07T07:41:48Z,62519,3900,3900,29
2026-08-07T07:41:48Z,62520,108900,108900,120
2026-08-07T07:41:48Z,62521,49002200,49002200,20
2026-08-07T07:41:48Z,62522,4500,5000,30
2026-08-07T07:41:48Z,62523,18000000,49000000,21
2026-08-07T07:41:48Z,62524,49006500,49006500,20
2026-08-07T07:41:48Z,62525,49000100,49000100,23
2026-08-07T07:41:48Z,62526,49000400,49000400,20
2026-08-07T07:41:48Z,62527,49003200,49003200,20
2026-08-07T07:41:48Z,62528,290000100,290000100,1
2026-08-07T07:41:48Z,62529,1000000,10000200,34
2026-08-07T07:41:48Z,62530,40000,40000,26
2026-08-07T07:41:48Z,62535,49000800,49000800,20
2026-08-07T07:41:48Z,62649,458800,489000,250
2026-08-07T07:41:48Z,62651,69900,526000,154
2026-08-07T07:41:48Z,62652,75400,8999900,70
2026-08-07T07:41:48Z,62653,2009500,2009600,79
2026-08-07T07:41:48Z,62654,40900,200000,3371
2026-08-07T07:41:48Z,62655,9909600,9909600,50
2026-08-07T07:41:48Z,62656,13400,13500,876
2026-08-07T07:41:48Z,62657,198600,198600,42
2026-08-07T07:41:48Z,62658,199100,199100,418
2026-08-07T07:41:48Z,62659,222800,222800,157
2026-08-07T07:41:48Z,62660,203400,203400,101
2026-08-07T07:41:48Z,62661,252100,402100,191
2026-08-07T07:41:48Z,62662,1250900,1250900,48
2026-08-07T07:41:48Z,62663,56900,57000,77
2026-08-07T07:41:48Z,62664,809600,1009600,352
2026-08-07T07:41:48Z,62665,243400,243400,54
2026-08-07T07:41:48Z,62666,108600,128600,90
2026-08-07T07:41:48Z,62667,3002100,3002200,246
2026-08-07T07:41:48Z,62668,68800,68900,239
2026-08-07T07:41:48Z,62669,19600,19600,1252
2026-08-07T07:41:48Z,62670,194900,194900,584
2026-08-07T07:41:48Z,62671,909700,909700,131
2026-08-07T07:41:48Z,62672,40000,40000,48
2026-08-07T07:41:48Z,62673,49300,49300,70
2026-08-07T07:41:48Z,62674,499900,499900,35
2026-08-07T07:41:48Z,62675,59100,59200,96
2026-08-07T07:41:48Z,62676,1500,1500,130
2026-08-07T07:41:48Z,62677,50000,50000,227
2026-08-07T07:41:48Z,62680,80000,100000,413
2026-08-07T07:41:48Z,62770,49000100,49000100,20
2026-08-07T07:41:48Z,62771,49009900,49009900,26
2026-08-07T07:41:48Z,62772,49001000,49001000,36
2026-08-07T07:41:48Z,62778,6400,6900,1020
2026-08-07T07:41:48Z,62779,17600,19600,2508
2026-08-07T07:41:48Z,62780,53900,94800,7497
2026-08-07T07:41:48Z,62781,22100,28700,5188
2026-08-07T07:41:48Z,62782,5900,6400,2036
2026-08-07T07:41:48Z,62783,9500,12900,7188
2026-08-07T07:41:48Z,62784,45000,99900,405848
2026-08-07T07:41:48Z,62785,9800,47500,753
2026-08-07T07:41:48Z,62786,84400,189800,1289
2026-08-07T07:41:48Z,62790,4300,4400,396
2026-08-07T07:41:48Z,62791,7500,200000,7294
2026-08-07T07:41:48Z,63024,49003200,49003200,20
2026-08-07T07:41:48Z,63025,48006500,48006500,20
2026-08-07T07:41:48Z,63122,800,900,168
2026-08-07T07:41:48Z,63127,319900,330000,3381
2026-08-07T07:41:48Z,63128,2927100,2927200,607
2026-08-07T07:41:48Z,63246,7500,7500,21222
2026-08-07T07:41:48Z,63247,49008000,49008000,23
2026-08-07T07:41:48Z,63251,481100,534500,88
2026-08-07T07:41:48Z,63271,193700,3903900,215
2026-08-07T07:41:48Z,63272,764400,764400,35
2026-08-07T07:41:48Z,63273,100000,100000,44
2026-08-07T07:41:48Z,63274,5182500,5182500,93
2026-08-07T07:41:48Z,63275,14300,28600,48
2026-08-07T07:41:48Z,63291,41000,41000,87
2026-08-07T07:41:48Z,63292,9990000,9990000,20
2026-08-07T07:41:48Z,63293,10000,10000,1010
2026-08-07T07:41:48Z,63296,4110000,4110000,28
2026-08-07T07:41:48Z,63299,404500,404500,117
2026-08-07T07:41:48Z,63303,10000,10000,189
2026-08-07T07:41:48Z,63304,21000,21000,253
2026-08-07T07:41:48Z,63305,50000,50000,292
2026-08-07T07:41:48Z,63306,33600,33600,222
2026-08-07T07:41:48Z,63307,79900,79900,180
2026-08-07T07:41:48Z,63308,147000,147000,125
2026-08-07T07:41:48Z,63310,1007500,49007500,21
2026-08-07T07:41:48Z,63311,290000100,290000100,1
2026-08-07T07:41:48Z,63312,49000100,49000100,40
2026-08-07T07:41:48Z,63313,49000100,49000100,14
2026-08-07T07:41:48Z,63314,290000100,290000100,1
2026-08-07T07:41:48Z,63316,49000100,49000100,16
2026-08-07T07:41:48Z,63317,48950100,48950100,20
2026-08-07T07:41:48Z,63318,290001800,290001800,1
2026-08-07T07:41:48Z,63321,990000100,990000100,7
2026-08-07T07:41:48Z,63323,290000100,290000100,1
2026-08-07T07:41:48Z,63327,49000100,49000100,40
2026-08-07T07:41:48Z,63337,290000100,290000100,1
2026-08-07T07:41:48Z,63341,290000100,290000100,1
2026-08-07T07:41:48Z,63342,290000100,290000100,1
2026-08-07T07:41:48Z,63343,290000100,290000100,1
2026-08-07T07:41:48Z,63347,990005100,990005100,2
2026-08-07T07:41:48Z,63348,49001500,49001500,21
2026-08-07T07:41:48Z,63388,48990000,48990000,36
2026-08-07T07:41:48Z,63396,39700,39700,149
2026-08-07T07:41:48Z,63416,1500000200,1500000200,1
2026-08-07T07:41:48Z,63481,1500007600,1500007600,1
2026-08-07T07:41:48Z,63530,157900,158000,133
2026-08-07T07:41:48Z,63539,1500000200,1500000200,1
2026-08-07T07:41:48Z,63691,9395500,9395500,45
2026-08-07T07:41:48Z,63692,9490500,9490500,34
2026-08-07T07:41:48Z,63693,7000700,9490700,38
2026-08-07T07:41:48Z,63694,9395500,9395500,47
2026-08-07T07:41:48Z,64392,2309400,4999000,122
2026-08-07T07:41:48Z,64394,49500000,49500000,6
2026-08-07T07:41:48Z,64395,3880000,4000000,560
2026-08-07T07:41:48Z,64396,39499900,39500000,149
2026-08-07T07:41:48Z,64397,35005000,35135100,472
2026-08-07T07:41:48Z,64493,1500000200,1500000200,1
2026-08-07T07:41:48Z,64670,3400,3600,2136
2026-08-07T07:41:48Z,65365,353300,354000,7823
2026-08-07T07:41:48Z,65501,290009900,290009900,1
2026-08-07T07:41:48Z,65502,290003300,290003300,1
2026-08-07T07:41:48Z,65503,290000100,290000100,1
2026-08-07T07:41:48Z,65505,290001000,290001000,1
2026-08-07T07:41:48Z,65506,49001000,49001000,16
2026-08-07T07:41:48Z,65509,49000200,49000200,20
2026-08-07T07:41:48Z,65511,290009900,290009900,1
2026-08-07T07:41:48Z,65512,290001900,290001900,1
2026-08-07T07:41:48Z,65892,45000000,45000000,17
2026-08-07T07:41:48Z,65893,26990000,26990000,141
2026-08-07T07:41:48Z,66944,1500000100,1500000100,1
2026-08-07T07:41:48Z,66945,1500005100,1500005100,1
2026-08-07T07:41:48Z,66946,290007600,290007600,1
2026-08-07T07:41:48Z,66947,290007600,290007600,1
2026-08-07T07:41:48Z,66948,290002600,290002600,1
2026-08-07T07:41:48Z,66949,290002600,290002600,1
2026-08-07T07:41:48Z,66950,1500001100,1500001100,1
2026-08-07T07:41:48Z,67229,100600,100800,601
2026-08-07T07:41:48Z,67230,97200,97200,109
2026-08-07T07:41:48Z,67252,290000200,290000200,1
2026-08-07T07:41:48Z,67256,9900200,9900200,100
2026-08-07T07:41:48Z,67257,99990200,99990200,2
2026-08-07T07:41:48Z,67276,49000200,49000200,20
2026-08-07T07:41:48Z,67277,500000,3890000,369
2026-08-07T07:41:48Z,67280,49000100,49000100,20
2026-08-07T07:41:48Z,67281,49000100,49000100,20
2026-08-07T07:41:48Z,67289,49000200,49000200,19
2026-08-07T07:41:48Z,67304,1500003000,1500003000,1
2026-08-07T07:41:48Z,67305,1500003000,1500003000,1
2026-08-07T07:41:48Z,67306,290003000,290003000,1
2026-08-07T07:41:48Z,67310,49000100,49000100,27
2026-08-07T07:41:48Z,67319,75700,76400,102
2026-08-07T07:41:48Z,67323,49007500,49007500,19
2026-08-07T07:41:48Z,67335,150400,151900,92
2026-08-07T07:41:48Z,67337,49003000,49003000,20
2026-08-07T07:41:48Z,67348,124500,124600,85
2026-08-07T07:41:48Z,67357,49000100,49000100,20
2026-08-07T07:41:48Z,67385,8900,49009900,24
2026-08-07T07:41:48Z,67388,95500,95500,24
2026-08-07T07:41:48Z,67397,300100,399300,26
2026-08-07T07:41:48Z,67399,55500,49000200,21
2026-08-07T07:41:48Z,67401,59900,59900,26
2026-08-07T07:41:48Z,67403,51100,991100,27
2026-08-07T07:41:48Z,67404,500,600,66
2026-08-07T07:41:48Z,67405,49001500,49002100,24
2026-08-07T07:41:48Z,67407,19900,49009900,23
2026-08-07T07:41:48Z,67415,6100,6100,341
2026-08-07T07:41:48Z,67438,98700,258700,537
2026-08-07T07:41:48Z,67444,100000000,100000000,10
2026-08-07T07:41:48Z,67482,1499987600,1499987600,2
2026-08-07T07:41:48Z,67483,1500000200,1500000200,1
2026-08-07T07:41:48Z,67484,1500007600,1500007600,1
2026-08-07T07:41:48Z,67485,1500007600,1500007600,1
2026-08-07T07:41:48Z,67486,1500000200,1500000200,1
2026-08-07T07:41:48Z,67487,1500007600,1500007600,1
2026-08-07T07:41:48Z,67506,49002900,49002900,20
2026-08-07T07:41:48Z,67507,49002500,49002500,20
2026-08-07T07:41:48Z,67509,2800,49003100,23
2026-08-07T07:41:48Z,67510,3000,31500,25
2026-08-07T07:41:48Z,67511,15000,15000,24
2026-08-07T07:41:48Z,67749,105000,110000,4492
2026-08-07T07:41:48Z,68039,1500000200,1500000200,1
2026-08-07T07:41:48Z,68047,205900,205900,70
2026-08-07T07:41:48Z,68049,19700,19900,345
2026-08-07T07:41:48Z,68055,290000000,290000000,4
2026-08-07T07:41:48Z,68134,964800,964800,79
2026-08-07T07:41:48Z,68140,5999900,5999900,216
2026-08-07T07:41:48Z,68196,1500000100,1500000100,1
2026-08-07T07:41:48Z,68197,1800,9901800,103
2026-08-07T07:41:48Z,68198,1600,1600,35
2026-08-07T07:41:48Z,68356,9922900,9922900,20
2026-08-07T07:41:48Z,68357,9988000,9988000,23
2026-08-07T07:41:48Z,68358,488800,9989800,25
2026-08-07T07:41:48Z,68660,19992200,19992200,15
2026-08-07T07:41:48Z,68687,1780600,1780600,40
2026-08-07T07:41:48Z,68731,45000000,45000000,20
2026-08-07T07:41:48Z,68732,49000200,49000200,20
2026-08-07T07:41:48Z,68741,9989500,9989500,31
2026-08-07T07:41:48Z,68771,5500005100,5500005100,1
2026-08-07T07:41:48Z,68778,1009900,1009900,34
2026-08-07T07:41:48Z,68779,1450000,1450000,43
2026-08-07T07:41:48Z,68780,2552000,2552100,245
2026-08-07T07:41:48Z,68784,4536400,4536400,52
2026-08-07T07:41:48Z,68785,2000000,2160700,44
2026-08-07T07:41:48Z,68786,3000900,7079000,35
2026-08-07T07:41:48Z,68793,250007600,250007600,2
2026-08-07T07:41:48Z,69237,2400,180000,10258
2026-08-07T07:41:48Z,69243,1505900,9505900,21
2026-08-07T07:41:48Z,69244,181200,181200,36
2026-08-07T07:41:48Z,69772,9902300,9902300,85
2026-08-07T07:41:48Z,69773,1500007600,1500007600,1
2026-08-07T07:41:48Z,69839,56654300,56654300,3
2026-08-07T07:41:48Z,69840,2220200,2220200,2
2026-08-07T07:41:48Z,69841,289950200,289950200,4
2026-08-07T07:41:48Z,69863,896200,896200,4
2026-08-07T07:41:48Z,69864,18000000,18000000,4
2026-08-07T07:41:48Z,69865,16650000,16650000,4
2026-08-07T07:41:48Z,69920,9969800,9969800,23
2026-08-07T07:41:48Z,69955,290000100,290000100,1
2026-08-07T07:41:48Z,70139,49502800,49502800,10
2026-08-07T07:41:48Z,71155,1500007600,1500007600,1
2026-08-07T07:41:48Z,71375,30000200,30000200,47
2026-08-07T07:41:48Z,71376,75100,75100,3
2026-08-07T07:41:48Z,71720,3005800,3005800,11
2026-08-07T07:41:48Z,71805,1220000,1220000,276
2026-08-07T07:41:48Z,71806,2200000,2200000,77
2026-08-07T07:41:48Z,71807,1700000,2000000,164
2026-08-07T07:41:48Z,71808,11220000,11220000,106
2026-08-07T07:41:48Z,71809,1200000,1200000,127
2026-08-07T07:41:48Z,71810,39999000,39999000,59
2026-08-07T07:41:48Z,71817,9187900,9187900,49
2026-08-07T07:41:48Z,71818,6457300,6457300,48
2026-08-07T07:41:48Z,71819,7424900,7424900,53
2026-08-07T07:41:48Z,71820,3824800,3824800,49
2026-08-07T07:41:48Z,71822,19993500,19993500,25
2026-08-07T07:41:48Z,71823,14902500,14902500,19
2026-08-07T07:41:48Z,71824,19932800,19932800,28
2026-08-07T07:41:48Z,71825,19943500,19943500,37
2026-08-07T07:41:48Z,71826,19995800,19995800,11
2026-08-07T07:41:48Z,71827,49909400,49909400,18
2026-08-07T07:41:48Z,71828,15302500,19989400,14
2026-08-07T07:41:48Z,71829,19970300,19970300,27
2026-08-07T07:41:48Z,71830,19985700,19986300,12
2026-08-07T07:41:48Z,71831,49997300,49997300,6
2026-08-07T07:41:48Z,71832,27000000,27000000,17
2026-08-07T07:41:48Z,71833,39905400,39905400,7
2026-08-07T07:41:48Z,71834,17807700,19905000,14
2026-08-07T07:41:48Z,71835,16247900,16247900,27
2026-08-07T07:41:48Z,71836,19902500,19903100,16
2026-08-07T07:41:48Z,71837,19986200,19986700,12
2026-08-07T07:41:48Z,71838,19904800,19904800,33
2026-08-07T07:41:48Z,71839,19981200,19981200,21
2026-08-07T07:41:48Z,71840,39985500,39985500,26
2026-08-07T07:41:48Z,71841,17485600,17485600,38
2026-08-07T07:41:48Z,71842,19898100,19898100,26
2026-08-07T07:41:48Z,71843,16994500,16994500,27
2026-08-07T07:41:48Z,71844,24998300,24998300,28
2026-08-07T07:41:48Z,71845,25003800,25003800,66
2026-08-07T07:41:48Z,71846,24999300,24999300,53
2026-08-07T07:41:48Z,71847,25003300,25003300,27
2026-08-07T07:41:48Z,71848,17482600,17482600,25
2026-08-07T07:41:48Z,71849,25005700,25005700,24
2026-08-07T07:41:48Z,71850,24979600,24979600,92
2026-08-07T07:41:48Z,71851,25003000,25003000,49
2026-08-07T07:41:48Z,71852,44950000,44950000,18
2026-08-07T07:41:48Z,71853,39902500,39902500,13
2026-08-07T07:41:48Z,71854,35007400,35007400,57
2026-08-07T07:41:48Z,71855,25000000,25000000,27
2026-08-07T07:41:48Z,71856,30006900,30006900,70
2026-08-07T07:41:48Z,71857,25002100,25002100,27
2026-08-07T07:41:48Z,71858,25005900,25005900,26
2026-08-07T07:41:48Z,71859,39904900,39904900,20
2026-08-07T07:41:48Z,71860,25005700,25005700,26
2026-08-07T07:41:48Z,71861,25003000,25003000,35
2026-08-07T07:41:48Z,71862,11120300,11120300,82
2026-08-07T07:41:48Z,71863,7503200,7503200,60
2026-08-07T07:41:48Z,71864,8801800,8801800,78
2026-08-07T07:41:48Z,71865,9993600,9993600,37
2026-08-07T07:41:48Z,71866,9951500,9951500,58
2026-08-07T07:41:48Z,71867,10588600,10588600,64
2026-08-07T07:41:48Z,71868,10577500,10577500,46
2026-08-07T07:41:48Z,71869,9967300,9967300,53
2026-08-07T07:41:48Z,71870,10588600,10588600,33
2026-08-07T07:41:48Z,71871,10576400,10576400,47
2026-08-07T07:41:48Z,71872,10590200,10590200,41
2026-08-07T07:41:48Z,71873,10499000,10499000,20
2026-08-07T07:41:48Z,71874,11237900,11237900,53
2026-08-07T07:41:48Z,71875,15025300,15025300,43
2026-08-07T07:41:48Z,71876,11238600,11238600,36
2026-08-07T07:41:48Z,71877,9973600,9973600,53
2026-08-07T07:41:48Z,71878,11627800,11627800,43
2026-08-07T07:41:48Z,71879,2003800,3783800,47
2026-08-07T07:41:48Z,71880,9924700,9924700,36
2026-08-07T07:41:48Z,71881,2001100,9991300,35
2026-08-07T07:41:48Z,71882,9971500,9971500,56
2026-08-07T07:41:48Z,71883,2002300,2371400,47
2026-08-07T07:41:48Z,71998,3400,30000,14088
2026-08-07T07:41:48Z,72092,60000,60000,62572
2026-08-07T07:41:48Z,72093,8000,9900,72906
2026-08-07T07:41:48Z,72094,191800,249900,27469
2026-08-07T07:41:48Z,72095,745000,755400,2969
2026-08-07T07:41:48Z,72096,125000,125000,16192
2026-08-07T07:41:48Z,72103,191800,200000,15024
2026-08-07T07:41:48Z,72104,4675000,4679800,3002
2026-08-07T07:41:48Z,72120,12000,12200,16067
2026-08-07T07:41:48Z,72162,8900,10800,7003
2026-08-07T07:41:48Z,72163,783700,794700,1132
2026-08-07T07:41:48Z,72234,9800,9900,15165
2026-08-07T07:41:48Z,72235,8700,11700,7611
2026-08-07T07:41:48Z,72237,13000,13000,4123
2026-08-07T07:41:48Z,72238,57900,63000,45172
2026-08-07T07:41:48Z,72985,33100,33100,583
2026-08-07T07:41:48Z,72986,7700,7700,1505
2026-08-07T07:41:48Z,72988,2300,2500,21031
2026-08-07T07:41:48Z,73260,1000,1000,862
2026-08-07T07:41:48Z,74247,10100,11900,1424
2026-08-07T07:41:48Z,74248,71100,149000,884
2026-08-07T07:41:48Z,74249,900,2500,82414
2026-08-07T07:41:48Z,74250,5800,39900,146992
2026-08-07T07:41:48Z,74252,30000,30000,1402
2026-08-07T07:41:48Z,74622,5500005100,5500005100,1
2026-08-07T07:41:48Z,74636,257100,257100,1218
2026-08-07T07:41:48Z,74641,64400,64400,148
2026-08-07T07:41:48Z,74642,97000,128200,1072
2026-08-07T07:41:48Z,74643,48900,49000,515
2026-08-07T07:41:48Z,74644,499000,499800,944
2026-08-07T07:41:48Z,74645,369900,369900,651
2026-08-07T07:41:48Z,74646,20000,29700,381
2026-08-07T07:41:48Z,74647,237600,246300,534
2026-08-07T07:41:48Z,74648,40000,69900,144
2026-08-07T07:41:48Z,74649,106900,106900,636
2026-08-07T07:41:48Z,74650,28900,40000,1636
2026-08-07T07:41:48Z,74651,196900,198000,507
2026-08-07T07:41:48Z,74652,891300,900300,392
2026-08-07T07:41:48Z,74653,27500,38100,216
2026-08-07T07:41:48Z,74654,339800,378700,507
2026-08-07T07:41:48Z,74655,291000,291000,262
2026-08-07T07:41:48Z,74656,27800,69900,972
2026-08-07T07:41:48Z,74659,17500,840000,1526
2026-08-07T07:41:48Z,74660,152000,152000,3588
2026-08-07T07:41:48Z,74661,1191800,1191800,309
2026-08-07T07:41:48Z,74662,1307500,1307500,104
2026-08-07T07:41:48Z,74700,11700,11700,34
2026-08-07T07:41:48Z,74701,36500,36900,78
2026-08-07T07:41:48Z,74703,449200,449200,79
2026-08-07T07:41:48Z,74704,741500,1999900,35
2026-08-07T07:41:48Z,74705,905800,905800,149
2026-08-07T07:41:48Z,74706,6500,6500,87
2026-08-07T07:41:48Z,74707,1900,2800,126
2026-08-07T07:41:48Z,74708,49900,49900,240
2026-08-07T07:41:48Z,74709,74000,74000,68
2026-08-07T07:41:48Z,74710,4000,4000,190
2026-08-07T07:41:48Z,74711,13000,13000,54
2026-08-07T07:41:48Z,74712,20000,20000,70
2026-08-07T07:41:48Z,74713,4900,4900,133
2026-08-07T07:41:48Z,74715,10000,13200,250
2026-08-07T07:41:48Z,74716,8300,8300,85
2026-08-07T07:41:48Z,74717,49900,49900,192
2026-08-07T07:41:48Z,74718,49900,49900,212
2026-08-07T07:41:48Z,74719,8000,11000,306
2026-08-07T07:41:48Z,74720,54000,54000,51
2026-08-07T07:41:48Z,74721,49500,49900,245
2026-08-07T07:41:48Z,74722,38500,49900,236
2026-08-07T07:41:48Z,74723,47000,47000,63
2026-08-07T07:41:48Z,74724,1008500,1008500,307
2026-08-07T07:41:48Z,74725,1550500,1551000,177
2026-08-07T07:41:48Z,74726,1007000,1007000,44
2026-08-07T07:41:48Z,74727,100600,100600,55
2026-08-07T07:41:48Z,74728,459500,459500,58
2026-08-07T07:41:48Z,74729,49500,49900,228
2026-08-07T07:41:48Z,74822,700,700,863
2026-08-07T07:41:48Z,74832,16200,16200,2579
2026-08-07T07:41:48Z,74833,20100,87300,1817
2026-08-07T07:41:48Z,74834,59800,59900,2825
2026-08-07T07:41:48Z,74837,54300,54500,3527
2026-08-07T07:41:48Z,74838,39400,49000,2212
2026-08-07T07:41:48Z,74839,119900,129500,1768
2026-08-07T07:41:48Z,74840,49900,60000,3093
2026-08-07T07:41:48Z,74841,20700,26400,4308
2026-08-07T07:41:48Z,74842,47400,55000,3135
2026-08-07T07:41:48Z,74843,81000,330700,7376
2026-08-07T07:41:48Z,74844,22800,22900,1239
2026-08-07T07:41:48Z,74845,54500,54500,1532
2026-08-07T07:41:48Z,74846,59500,60000,2290
2026-08-07T07:41:48Z,74847,79400,79500,6322
2026-08-07T07:41:48Z,74848,22400,22500,3112
2026-08-07T07:41:48Z,74849,34600,42700,11576
2026-08-07T07:41:48Z,74850,40000,40000,1967
2026-08-07T07:41:48Z,74851,600000,600000,1183
2026-08-07T07:41:48Z,74852,39500,39500,2973
2026-08-07T07:41:48Z,74853,1310000,1310000,381
2026-08-07T07:41:48Z,74854,3300,3300,1813
2026-08-07T07:41:48Z,74856,111200,111200,940
2026-08-07T07:41:48Z,74857,79000,100000,4379
2026-08-07T07:41:48Z,74859,54900,55000,3398
2026-08-07T07:41:48Z,74860,80000,88800,1059
2026-08-07T07:41:48Z,74861,44000,44000,5227
2026-08-07T07:41:48Z,74863,77300,77300,4241
2026-08-07T07:41:48Z,74864,88000,88000,1410
2026-08-07T07:41:48Z,74865,97400,97500,1193
2026-08-07T07:41:48Z,74866,18000,20000,3831
2026-08-07T07:41:48Z,74919,38000,38000,250
2026-08-07T07:41:48Z,74921,220500,220500,53
2026-08-07T07:41:48Z,75014,149400,149900,1089
2026-08-07T07:41:48Z,75016,5000,5000,262
2026-08-07T07:41:48Z,75026,5700,5700,143
2026-08-07T07:41:48Z,75037,187800,187800,76
2026-08-07T07:41:48Z,75038,250000,309900,787
2026-08-07T07:41:48Z,76061,1185400,1300000,9022
2026-08-07T07:41:48Z,76075,12600,24000,219
2026-08-07T07:41:48Z,76076,19900,19900,761
2026-08-07T07:41:48Z,76077,99900,99900,760
2026-08-07T07:41:48Z,76078,39900,69900,1107
2026-08-07T07:41:48Z,76079,10000,26800,680
2026-08-07T07:41:48Z,76080,50000,93800,725
2026-08-07T07:41:48Z,76081,80000,93800,377
2026-08-07T07:41:48Z,76083,99900,99900,197
2026-08-07T07:41:48Z,76084,187400,187500,243
2026-08-07T07:41:48Z,76085,130800,187500,1154
2026-08-07T07:41:48Z,76086,49900,50000,767
2026-08-07T07:41:48Z,76087,40000,45000,315
2026-08-07T07:41:48Z,76088,187500,187500,555
2026-08-07T07:41:48Z,76089,2700,2700,825
2026-08-07T07:41:48Z,76090,14800,14800,173
2026-08-07T07:41:48Z,76092,5700,5700,251
2026-08-07T07:41:48Z,76093,14900,14900,396
2026-08-07T07:41:48Z,76094,300,14200,1223
2026-08-07T07:41:48Z,76095,43700,93800,680
2026-08-07T07:41:48Z,76096,199600,400000,562
2026-08-07T07:41:48Z,76097,6800,7000,991
2026-08-07T07:41:48Z,76098,50000,50000,131
2026-08-07T07:41:48Z,76130,80000,90000,4670
2026-08-07T07:41:48Z,76131,129000,129000,271
2026-08-07T07:41:48Z,76132,311500,313700,1603
2026-08-07T07:41:48Z,76133,34900,34900,290
2026-08-07T07:41:48Z,76134,11500,11500,1043
2026-08-07T07:41:48Z,76135,10500,10500,1763
2026-08-07T07:41:48Z,76136,21500,21500,618
2026-08-07T07:41:48Z,76137,63000,63400,914
2026-08-07T07:41:48Z,76138,141100,141200,177
2026-08-07T07:41:48Z,76139,137500,138000,241
2026-08-07T07:41:48Z,76140,51900,51900,616
2026-08-07T07:41:48Z,76141,49500,49500,1236
2026-08-07T07:41:48Z,76142,152500,152500,312
2026-08-07T07:41:48Z,76502,29500,29500,62
2026-08-07T07:41:48Z,76504,72700,72800,76
2026-08-07T07:41:48Z,76505,40000,40000,49
2026-08-07T07:41:48Z,76506,300000,300000,33
2026-08-07T07:41:48Z,76507,103500,103500,46
2026-08-07T07:41:48Z,76508,602500,602500,35
2026-08-07T07:41:48Z,76509,10000,10000,111
2026-08-07T07:41:48Z,76510,40000,40000,35
2026-08-07T07:41:48Z,76511,61800,61800,37
2026-08-07T07:41:48Z,76512,86500,86500,53
2026-08-07T07:41:48Z,76513,20000,24200,35
2026-08-07T07:41:48Z,76514,17600,17600,80
2026-08-07T07:41:48Z,76515,322300,500000,36
2026-08-07T07:41:48Z,76517,86500,86500,35
2026-08-07T07:41:48Z,76518,86500,86500,47
2026-08-07T07:41:48Z,76519,83500,83500,52
2026-08-07T07:41:48Z,76520,39800,39800,36
2026-08-07T07:41:48Z,76521,54300,54300,34
2026-08-07T07:41:48Z,76522,889900,889900,41
2026-08-07T07:41:48Z,76523,197980200,197980200,14
2026-08-07T07:41:48Z,76524,27000,27000,38
2026-08-07T07:41:48Z,76525,80000,80000,49
2026-08-07T07:41:48Z,76526,39600,39600,60
2026-08-07T07:41:48Z,76527,22500,22500,37
2026-08-07T07:41:48Z,76528,24800,24800,32
2026-08-07T07:41:48Z,76529,20000,20000,33
2026-08-07T07:41:48Z,76530,22500,22500,32
2026-08-07T07:41:48Z,76531,500000,500000,34
2026-08-07T07:41:48Z,76532,10000,10000,30
2026-08-07T07:41:48Z,76533,20000,20000,30
2026-08-07T07:41:48Z,76534,307700,307700,49
2026-08-07T07:41:48Z,76535,27600,27600,46
2026-08-07T07:41:48Z,76536,500000,500000,33
2026-08-07T07:41:48Z,76537,79900,79900,40
2026-08-07T07:41:48Z,76538,19800,19800,39
2026-08-07T07:41:48Z,76539,28600,28600,33
2026-08-07T07:41:48Z,76540,18000,18000,118
2026-08-07T07:41:48Z,76541,21200,21200,37
2026-08-07T07:41:48Z,76542,22500,22500,38
2026-08-07T07:41:48Z,76543,21400,21400,38
2026-08-07T07:41:48Z,76544,18400,18400,36
2026-08-07T07:41:48Z,76545,21300,21300,35
2026-08-07T07:41:48Z,76546,50000,50000,33
2026-08-07T07:41:48Z,76547,22500,22500,38
2026-08-07T07:41:48Z,76548,16200,16200,41
2026-08-07T07:41:48Z,76549,30000,30000,36
2026-08-07T07:41:48Z,76550,71800,71800,42
2026-08-07T07:41:48Z,76551,20800,20800,38
2026-08-07T07:41:48Z,76552,14700,17900,119
2026-08-07T07:41:48Z,76553,22900,22900,1149
2026-08-07T07:41:48Z,76554,19300,19300,46
2026-08-07T07:41:48Z,76555,49700,49700,39
2026-08-07T07:41:48Z,76556,19500,19500,35
2026-08-07T07:41:48Z,76557,500000,500000,30
2026-08-07T07:41:48Z,76558,20800,20800,49
2026-08-07T07:41:48Z,76559,80000,80000,48
2026-08-07T07:41:48Z,76560,48900,48900,72
2026-08-07T07:41:48Z,76561,60400,60400,53
2026-08-07T07:41:48Z,76562,400000,400000,42
2026-08-07T07:41:48Z,76563,15000,15000,49
2026-08-07T07:41:48Z,76564,119800,119800,55
2026-08-07T07:41:48Z,76565,20000,20000,37
2026-08-07T07:41:48Z,76566,17000,17000,41
2026-08-07T07:41:48Z,76567,127300,127300,47
2026-08-07T07:41:48Z,76568,180000,180000,77
2026-08-07T07:41:48Z,76569,25000,25000,37
2026-08-07T07:41:48Z,76570,609000,609000,42
2026-08-07T07:41:48Z,76571,9990000,9990000,21
2026-08-07T07:41:48Z,76572,1990000,1990000,32
2026-08-07T07:41:48Z,76573,1199900,1199900,30
2026-08-07T07:41:48Z,76574,3000000,3000000,25
2026-08-07T07:41:48Z,76575,3000000,3000000,17
2026-08-07T07:41:48Z,76576,2999500,2999500,37
2026-08-07T07:41:48Z,76577,1000000,1000000,25
2026-08-07T07:41:48Z,76578,3000000,3000000,25
2026-08-07T07:41:48Z,76579,3000000,3000000,38
2026-08-07T07:41:48Z,76580,3000000,3000000,27
2026-08-07T07:41:48Z,76581,2500000,3000000,36
2026-08-07T07:41:48Z,76582,3000000,3000000,16
2026-08-07T07:41:48Z,76583,6736500,9992300,22
2026-08-07T07:41:48Z,76584,1336500,1336500,27
2026-08-07T07:41:48Z,76585,3000000,3000000,16
2026-08-07T07:41:48Z,76586,2908600,2908600,25
2026-08-07T07:41:48Z,76587,7199500,7199500,13
2026-08-07T07:41:48Z,76588,3000000,3000000,17
2026-08-07T07:41:48Z,76589,199990000,199990000,1
2026-08-07T07:41:48Z,76590,2000000,2000000,17
2026-08-07T07:41:48Z,76591,3000000,3000000,24
2026-08-07T07:41:48Z,76592,2006500,2006500,25
2026-08-07T07:41:48Z,76593,3000000,3000000,25
2026-08-07T07:41:48Z,76594,5938800,9900000,22
2026-08-07T07:41:48Z,76595,9997500,9997500,22
2026-08-07T07:41:48Z,76596,3000000,3000000,18
2026-08-07T07:41:48Z,76597,1841500,1841500,16
2026-08-07T07:41:48Z,76598,3000000,3000000,25
2026-08-07T07:41:48Z,76599,3000000,3000000,25
2026-08-07T07:41:48Z,76600,2100900,2141000,27
2026-08-07T07:41:48Z,76601,3000000,3000000,16
2026-08-07T07:41:48Z,76602,3000000,3000000,28
2026-08-07T07:41:48Z,76603,990000,990000,26
2026-08-07T07:41:48Z,76604,2533900,2533900,34
2026-08-07T07:41:48Z,76605,3000000,3000000,26
2026-08-07T07:41:48Z,76606,800000,880000,41
2026-08-07T07:41:48Z,76607,3000000,3000000,26
2026-08-07T07:41:48Z,76608,3000000,3000000,15
2026-08-07T07:41:48Z,76609,3000000,3000000,18
2026-08-07T07:41:48Z,76610,1182700,19979600,11
2026-08-07T07:41:48Z,76611,19999600,19999600,10
2026-08-07T07:41:48Z,76612,3000000,3000000,15
2026-08-07T07:41:48Z,76613,19790000,19790000,10
2026-08-07T07:41:48Z,76614,3000000,3000000,28
2026-08-07T07:41:48Z,76615,3000000,3000000,25
2026-08-07T07:41:48Z,76616,3000000,3000000,28
2026-08-07T07:41:48Z,76617,19868300,19868300,12
2026-08-07T07:41:48Z,76618,1000000,3000000,30
2026-08-07T07:41:48Z,76619,2970000,2970000,139
2026-08-07T07:41:48Z,76620,1000000,1000000,27
2026-08-07T07:41:48Z,76621,882000,882000,18
2026-08-07T07:41:48Z,76622,3000000,3000000,15
2026-08-07T07:41:48Z,76623,9989600,9989700,21
2026-08-07T07:41:48Z,76624,2400000,2400000,33
2026-08-07T07:41:48Z,76625,3000000,3000000,25
2026-08-07T07:41:48Z,76626,9801000,9801000,23
2026-08-07T07:41:48Z,76627,2250000,2250000,29
2026-08-07T07:41:48Z,76628,9998800,9998800,24
2026-08-07T07:41:48Z,76629,1815200,1815200,29
2026-08-07T07:41:48Z,76630,2650500,2650500,15
2026-08-07T07:41:48Z,76631,989900,989900,33
2026-08-07T07:41:48Z,76632,2000000,2250000,28
2026-08-07T07:41:48Z,76633,2250000,2250000,31
2026-08-07T07:41:48Z,76634,750000,750000,27
2026-08-07T07:41:48Z,76635,1000000,1000000,25
2026-08-07T07:41:48Z,76636,231100,231100,58
2026-08-07T07:41:48Z,76637,10500,10500,61
2026-08-07T07:41:48Z,76638,2210000,2210000,42
2026-08-07T07:41:48Z,76639,231100,231100,56
2026-08-07T07:41:48Z,76640,75000,75000,43
2026-08-07T07:41:48Z,76641,999500,1000000,27
2026-08-07T07:41:48Z,76642,110000,110000,37
2026-08-07T07:41:48Z,76643,101800,101800,32
2026-08-07T07:41:48Z,76644,100000,100000,44
2026-08-07T07:41:48Z,76645,1000000,1000000,34
2026-08-07T07:41:48Z,76646,80000,80000,35
2026-08-07T07:41:48Z,76647,14400,14400,39
2026-08-07T07:41:48Z,76648,95300,95300,44
2026-08-07T07:41:48Z,76649,1000000,1000000,25
2026-08-07T07:41:48Z,76650,92000,92000,33
2026-08-07T07:41:48Z,76651,90000,100000,36
2026-08-07T07:41:48Z,76652,30000,30000,38
2026-08-07T07:41:48Z,76653,99000,99000,39
2026-08-07T07:41:48Z,76654,170000,170000,39
2026-08-07T07:41:48Z,76655,17062600,17062600,8
2026-08-07T07:41:48Z,76656,60000,60000,42
2026-08-07T07:41:48Z,76657,499900,499900,47
2026-08-07T07:41:48Z,76658,70000,70000,40
2026-08-07T07:41:48Z,76659,170400,170400,35
2026-08-07T07:41:48Z,76660,109500,109500,52
2026-08-07T07:41:48Z,76661,424600,424600,36
2026-08-07T07:41:48Z,76662,70000,70000,47
2026-08-07T07:41:48Z,76663,550000,550000,40
2026-08-07T07:41:48Z,76664,30000,30000,82
2026-08-07T07:41:48Z,76665,90500,90500,37
2026-08-07T07:41:48Z,76666,107900,107900,37
2026-08-07T07:41:48Z,76667,90500,90500,37
2026-08-07T07:41:48Z,76668,42900,42900,43
2026-08-07T07:41:48Z,76669,2763500,2763500,44
2026-08-07T07:41:48Z,76670,76500,170400,34
2026-08-07T07:41:48Z,76671,182500,182500,38
2026-08-07T07:41:48Z,76672,11900,11900,39
2026-08-07T07:41:48Z,76673,229900,229900,43
2026-08-07T07:41:48Z,76674,102200,102200,38
2026-08-07T07:41:48Z,76675,15700,15700,29
2026-08-07T07:41:48Z,76676,19600,19600,35
2026-08-07T07:41:48Z,76677,19000,19000,39
2026-08-07T07:41:48Z,76678,10300,10300,49
2026-08-07T07:41:48Z,76679,67900,67900,34
2026-08-07T07:41:48Z,76680,164500,164500,42
2026-08-07T07:41:48Z,76681,55000,55000,38
2026-08-07T07:41:48Z,76682,71000,158200,32
2026-08-07T07:41:48Z,76683,299800,299800,58
2026-08-07T07:41:48Z,76684,100000,100000,38
2026-08-07T07:41:48Z,76685,65200,65200,43
2026-08-07T07:41:48Z,76686,63000,63000,40
2026-08-07T07:41:48Z,76687,74600,74600,39
2026-08-07T07:41:48Z,76688,47000,47000,46
2026-08-07T07:41:48Z,76689,19600,19600,42
2026-08-07T07:41:48Z,76690,48700,48700,49
2026-08-07T07:41:48Z,76691,50000,50000,39
2026-08-07T07:41:48Z,76692,142800,142800,54
2026-08-07T07:41:48Z,76693,233500,233500,66
2026-08-07T07:41:48Z,76694,230000,230000,58
2026-08-07T07:41:48Z,76695,45900,45900,60
2026-08-07T07:41:48Z,76696,149700,149700,48
2026-08-07T07:41:48Z,76697,110000,110000,49
2026-08-07T07:41:48Z,76698,100000,100000,84
2026-08-07T07:41:48Z,76699,96000,96000,60
2026-08-07T07:41:48Z,76700,108600,108600,55
2026-08-07T07:41:48Z,76701,17500,17500,162
2026-08-07T07:41:48Z,76728,49000100,49000100,20
2026-08-07T07:41:48Z,76734,85000,355200,2853
2026-08-07T07:41:48Z,76879,9374900,9374900,36
2026-08-07T07:41:48Z,76884,1200000,1200000,41
2026-08-07T07:41:48Z,76885,4999900,4999900,46
2026-08-07T07:41:48Z,76886,9375000,9375000,88
2026-08-07T07:41:48Z,76887,7770000,7770000,75
2026-08-07T07:41:48Z,76888,3125000,3125000,42
2026-08-07T07:41:48Z,76890,3125000,3125000,29
2026-08-07T07:41:48Z,76891,3124900,3124900,55
2026-08-07T07:41:48Z,76892,723200,3125000,40
2026-08-07T07:41:48Z,76893,9375000,9375000,31
2026-08-07T07:41:48Z,76894,350000,579200,33
2026-08-07T07:41:48Z,76895,990000,990000,57
2026-08-07T07:41:48Z,76896,5000000,5000000,76
2026-08-07T07:41:48Z,76897,4896900,4896900,86
2026-08-07T07:41:48Z,77101,230700,270500,2123
2026-08-07T07:41:48Z,77264,9000000,9000000,30
2026-08-07T07:41:48Z,77272,22500,22500,60
2026-08-07T07:41:48Z,77273,39999100,39999100,9
2026-08-07T07:41:48Z,77467,167700,350000,4123
2026-08-07T07:41:48Z,77468,77500,250000,2408
2026-08-07T07:41:48Z,77529,5000000,5000000,8
2026-08-07T07:41:48Z,77531,27800,312500,77
2026-08-07T07:41:48Z,77532,300000,300000,161
2026-08-07T07:41:48Z,77540,9902800,9902800,20
2026-08-07T07:41:48Z,77541,1472000,9904500,21
2026-08-07T07:41:48Z,77542,9998400,9998400,21
2026-08-07T07:41:48Z,77543,801400,9991000,23
2026-08-07T07:41:48Z,77544,727900,727900,29
2026-08-07T07:41:48Z,77545,809600,999700,25
2026-08-07T07:41:48Z,77546,9909100,9909100,20
2026-08-07T07:41:48Z,77547,9909700,9909700,20
2026-08-07T07:41:48Z,77589,2700,2700,122
2026-08-07T07:41:48Z,78883,1250000,1250000,99
2026-08-07T07:41:48Z,79010,14000,14500,3197
2026-08-07T07:41:48Z,79011,9400,9400,13147
2026-08-07T07:41:48Z,79101,58900,60000,1119
2026-08-07T07:41:48Z,79102,8000,8000,268
2026-08-07T07:41:48Z,79238,199008300,199008300,1
2026-08-07T07:41:48Z,79249,9800000,9850000,420
2026-08-07T07:41:48Z,79251,6400,6400,14382
2026-08-07T07:41:48Z,79253,168600,168700,2137
2026-08-07T07:41:48Z,79254,14300,14800,9764
2026-08-07T07:41:48Z,79255,295400,295400,3088
2026-08-07T07:41:48Z,79257,49000500,49000500,45
2026-08-07T07:41:48Z,79283,22000000,22000000,75
2026-08-07T07:41:48Z,79284,5003700,5003700,13
2026-08-07T07:41:48Z,79285,9714000,9714000,62
2026-08-07T07:41:48Z,79286,9910200,9910200,14
2026-08-07T07:41:48Z,79287,5005100,10005100,47
2026-08-07T07:41:48Z,79288,9000000,9000000,10
2026-08-07T07:41:48Z,79289,11000000,11500000,61
2026-08-07T07:41:48Z,79290,3499900,3499900,12
2026-08-07T07:41:48Z,79291,6003000,6003000,5
2026-08-07T07:41:48Z,79292,5293300,5293300,11
2026-08-07T07:41:48Z,79293,7999900,7999900,5
2026-08-07T07:41:48Z,79294,6001300,6001300,25
2026-08-07T07:41:48Z,79295,4000000,4000000,16
2026-08-07T07:41:48Z,79296,12003300,12003300,10
2026-08-07T07:41:48Z,79297,39999900,39999900,6
2026-08-07T07:41:48Z,79298,2500000,4990000,40
2026-08-07T07:41:48Z,79299,5007800,5007800,8
2026-08-07T07:41:48Z,79300,5003700,40003700,28
2026-08-07T07:41:48Z,79301,14247700,14247700,4
2026-08-07T07:41:48Z,79302,15001000,15001000,17
2026-08-07T07:41:48Z,79303,14249600,14249600,43
2026-08-07T07:41:48Z,79304,5004000,15004000,14
2026-08-07T07:41:48Z,79305,17062300,17062300,14
2026-08-07T07:41:48Z,79306,7000000,7499900,8
2026-08-07T07:41:48Z,79307,5555400,5555400,45
2026-08-07T07:41:48Z,79308,5999900,5999900,32
2026-08-07T07:41:48Z,79309,7246700,7246700,72
2026-08-07T07:41:48Z,79310,3506000,33335900,42
2026-08-07T07:41:48Z,79311,7159700,7159700,49
2026-08-07T07:41:48Z,79312,4999900,14500000,28
2026-08-07T07:41:48Z,79313,7599700,7599800,83
2026-08-07T07:41:48Z,79314,7499200,7499200,31
2026-08-07T07:41:48Z,79513,250000200,250000200,1
2026-08-07T07:41:48Z,79514,1500000200,1500000200,2
2026-08-07T07:41:48Z,79515,250000200,250000200,1
2026-08-07T07:41:48Z,79538,438300,560900,161
2026-08-07T07:41:48Z,79868,13800000,13800000,369
2026-08-07T07:41:48Z,79869,4030000,7499800,1044
2026-08-07T07:41:48Z,80313,19800000,19800000,18
2026-08-07T07:41:48Z,80431,388800,388800,327
2026-08-07T07:41:48Z,80433,75000,99000,7557
2026-08-07T07:41:48Z,80581,1500000200,1500000200,1
2026-08-07T07:41:48Z,80584,1500000200,1500000200,1
2026-08-07T07:41:48Z,80585,1500000200,1500000200,1
2026-08-07T07:41:48Z,80586,250000200,250000200,2
2026-08-07T07:41:48Z,80587,990700,998800,139
2026-08-07T07:41:48Z,80588,320700,329000,228
2026-08-07T07:41:48Z,80590,5000,5000,415
2026-08-07T07:41:48Z,80591,9900,11200,303
2026-08-07T07:41:48Z,80592,10800,10800,276
2026-08-07T07:41:48Z,80593,8800,8800,241
2026-08-07T07:41:48Z,80594,600000,990000,224
2026-08-07T07:41:48Z,80595,6400,6400,239
2026-08-07T07:41:48Z,81055,1800,2000,6163
2026-08-07T07:41:48Z,81175,69900,69900,57
2026-08-07T07:41:48Z,81194,400,400,376
2026-08-07T07:41:48Z,81195,752000,752000,31
2026-08-07T07:41:48Z,81196,10000,49000000,23
2026-08-07T07:41:48Z,81197,1400,1400,45
2026-08-07T07:41:48Z,81198,49001400,49001400,20
2026-08-07T07:41:48Z,81200,2000,2000,180
2026-08-07T07:41:48Z,81201,16300,49000900,29
2026-08-07T07:41:48Z,81202,1000,7901000,136
2026-08-07T07:41:48Z,81203,11100,49001700,23
2026-08-07T07:41:48Z,81204,49000800,49000800,20
2026-08-07T07:41:48Z,81205,16700,9900200,101
2026-08-07T07:41:48Z,81400,2500,2600,140
2026-08-07T07:41:48Z,81401,3002500,3002500,101
2026-08-07T07:41:48Z,81402,19500,19500,169
2026-08-07T07:41:48Z,81403,151300,306600,94
2026-08-07T07:41:48Z,81404,2000,2000,61
2026-08-07T07:41:48Z,81405,4000,4000,146
2026-08-07T07:41:48Z,81406,1200,1200,169
2026-08-07T07:41:48Z,81407,15000,15000,43
2026-08-07T07:41:48Z,81408,20000,30000,50
2026-08-07T07:41:48Z,81409,1300,1300,291
2026-08-07T07:41:48Z,81410,1400,1400,65
2026-08-07T07:41:48Z,81411,19800,23600,123
2026-08-07T07:41:48Z,81412,2800,2800,448
2026-08-07T07:41:48Z,81413,1300,1300,525
2026-08-07T07:41:48Z,81414,1300,1300,327
2026-08-07T07:41:48Z,81415,9500,9500,151
2026-08-07T07:41:48Z,81889,95900,9900000,43
2026-08-07T07:41:48Z,81916,9008300,9008300,50
2026-08-07T07:41:48Z,81917,1932900,9890000,29
2026-08-07T07:41:48Z,81918,36500,36500,93
2026-08-07T07:41:48Z,81919,18600,9790000,44
2026-08-07T07:41:48Z,81920,70700,80700,49
2026-08-07T07:41:48Z,81921,9809500,9809500,40
2026-08-07T07:41:48Z,81922,1196600,1196600,76
2026-08-07T07:41:48Z,81923,66500,9990200,43
2026-08-07T07:41:48Z,81924,9846500,9846500,40
2026-08-07T07:41:48Z,81956,1500000200,1500000200,1
2026-08-07T07:41:48Z,82300,80000,80000,65
2026-08-07T07:41:48Z,82328,44000,44000,62
2026-08-07T07:41:48Z,82330,20000200,20000200,27
2026-08-07T07:41:48Z,82343,3843000,9599900,42
2026-08-07T07:41:48Z,82344,99800,9890000,34
2026-08-07T07:41:48Z,82345,1500007600,1500007600,1
2026-08-07T07:41:48Z,82392,23000,23100,799
2026-08-07T07:41:48Z,82441,12700,20900,8615
2026-08-07T07:41:48Z,82442,39000,55200,109
2026-08-07T07:41:48Z,82443,30700,30700,74
2026-08-07T07:41:48Z,82444,1250000,1250000,152
2026-08-07T07:41:48Z,82445,260000,4300000,263
2026-08-07T07:41:48Z,82448,9899900,9899900,45
2026-08-07T07:41:48Z,82449,9890000,9890000,50
2026-08-07T07:41:48Z,82450,9500,9500,119
2026-08-07T07:41:48Z,82451,126600,126600,104
2026-08-07T07:41:48Z,82960,19800,19800,90
2026-08-07T07:41:48Z,83006,599900,754600,62
2026-08-07T07:41:48Z,83007,704400,997400,64
2026-08-07T07:41:48Z,83064,55800,72100,11147
2026-08-07T07:41:48Z,83065,3003300,49003300,23
2026-08-07T07:41:48Z,83092,219898900,219898900,102
2026-08-07T07:41:48Z,83094,99800,9978800,42
2026-08-07T07:41:48Z,83095,5727600,9990000,42
2026-08-07T07:41:48Z,83096,250007600,250007600,1
2026-08-07T07:41:48Z,83097,23000,23000,67
2026-08-07T07:41:48Z,83107,1500000200,1500000200,1
2026-08-07T07:41:48Z,83120,290006300,290006300,1
2026-08-07T07:41:48Z,83156,800,800,154
2026-08-07T07:41:48Z,83157,179900,179900,51
2026-08-07T07:41:48Z,83763,899400,2054000,334
2026-08-07T07:41:48Z,83764,2181000,2181500,38
2026-08-07T07:41:48Z,83765,2249100,2249500,34
2026-08-07T07:41:48Z,84652,1500000200,1500000200,1
2026-08-07T07:41:48Z,85221,540700,638500,148
2026-08-07T07:41:48Z,85501,8000,8000,183
2026-08-07T07:41:48Z,85504,198600,198600,91
2026-08-07T07:41:48Z,85506,4500,4500,1952
2026-08-07T07:41:48Z,85559,259800,259800,119
2026-08-07T07:41:48Z,85568,197400,197400,42
2026-08-07T07:41:48Z,85569,197900,197900,81
2026-08-07T07:41:48Z,85570,539100,539100,43
2026-08-07T07:41:48Z,85583,300000,350000,1355
2026-08-07T07:41:48Z,85584,40000,40000,824
2026-08-07T07:41:48Z,85585,88000,88000,2722
2026-08-07T07:41:48Z,85683,99990200,99990200,8
2026-08-07T07:41:48Z,85684,250007600,250007600,1
2026-08-07T07:41:48Z,85685,1500007600,1500007600,1
2026-08-07T07:41:48Z,85687,1500007600,1500007600,1
2026-08-07T07:41:48Z,85689,1500007600,1500007600,1
2026-08-07T07:41:48Z,85691,250000200,250000200,1
2026-08-07T07:41:48Z,85692,1500007600,1500007600,1
2026-08-07T07:41:48Z,85695,1500000200,1500000200,1
2026-08-07T07:41:48Z,85696,1500000200,1500000200,1
2026-08-07T07:41:48Z,85697,250007600,250007600,1
2026-08-07T07:41:48Z,85698,250007600,250007600,1
2026-08-07T07:41:48Z,85699,99990200,99990200,7
2026-08-07T07:41:48Z,85700,99990200,99990200,2
2026-08-07T07:41:48Z,86026,260000,390000,1268
2026-08-07T07:41:48Z,86057,130700,130700,95
2026-08-07T07:41:48Z,86069,165000,165000,87
2026-08-07T07:41:48Z,86070,829400,829400,50
2026-08-07T07:41:48Z,86073,390000,390000,97
2026-08-07T07:41:48Z,86074,349800,349800,100
2026-08-07T07:41:48Z,86432,31000,31000,145
2026-08-07T07:41:48Z,86541,1500000200,1500000200,7
2026-08-07T07:41:48Z,86574,205233400,205233400,4
2026-08-07T07:41:48Z,86592,18556600,19156600,66
2026-08-07T07:41:48Z,86597,5365500,5365500,43
2026-08-07T07:41:48Z,86599,2503500,2573500,24
2026-08-07T07:41:48Z,87226,5900,5900,341
2026-08-07T07:41:48Z,87228,6000,6000,60
2026-08-07T07:41:48Z,87230,3700,3700,155
2026-08-07T07:41:48Z,87232,2000000,2000000,95
2026-08-07T07:41:48Z,87234,1700,1700,318
2026-08-07T07:41:48Z,87236,28100,28100,84
2026-08-07T07:41:48Z,87238,9900,9900,471
2026-08-07T07:41:48Z,87240,273500,5705900,285
2026-08-07T07:41:48Z,87242,18400,18400,361
2026-08-07T07:41:48Z,87244,210000,210000,124
2026-08-07T07:41:48Z,87246,1600,1600,277
2026-08-07T07:41:48Z,87248,248800,248800,72
2026-08-07T07:41:48Z,87264,30000000,30000000,41
2026-08-07T07:41:48Z,87276,1500000200,1500000200,1
2026-08-07T07:41:48Z,87277,90700,413400,264
2026-08-07T07:41:48Z,87278,1500007600,1500007600,1
2026-08-07T07:41:48Z,87279,1500007600,1500007600,1
2026-08-07T07:41:48Z,87392,310700,320600,263
2026-08-07T07:41:48Z,87393,1500000200,1500000200,1
2026-08-07T07:41:48Z,87530,507000,1039000,28
2026-08-07T07:41:48Z,87559,599900,754600,57
2026-08-07T07:41:48Z,87560,230000,239600,126
2026-08-07T07:41:48Z,87577,32400,32400,74
2026-08-07T07:41:48Z,87578,72500,72500,51
2026-08-07T07:41:48Z,87579,128300,128300,48
2026-08-07T07:41:48Z,87580,124200,124200,63
2026-08-07T07:41:48Z,87647,159100,159100,69
2026-08-07T07:41:48Z,87648,243100,243100,104
2026-08-07T07:41:48Z,87764,37500,37500,557
2026-08-07T07:41:48Z,87806,270000,270000,28
2026-08-07T07:41:48Z,87831,3500000000,3500000000,1
2026-08-07T07:41:48Z,87872,80000,99900,3908
2026-08-07T07:41:48Z,87880,1500000200,1500000200,1
2026-08-07T07:41:48Z,87881,435000,589000,154
2026-08-07T07:41:48Z,87882,250000200,250000200,1
2026-08-07T07:41:48Z,87883,111000,111000,165
2026-08-07T07:41:48Z,87884,1500000200,1500000200,1
2026-08-07T07:41:48Z,87885,69900,97700,2242
2026-08-07T07:41:48Z,87887,1500000200,1500000200,1
2026-08-07T07:41:48Z,87888,227500,436400,194
2026-08-07T07:41:48Z,87889,250000200,250000200,1
2026-08-07T07:41:48Z,87890,1500000200,1500000200,1
2026-08-07T07:41:48Z,87891,1500007600,1500007600,2
2026-08-07T07:41:48Z,87892,1500007600,1500007600,1
2026-08-07T07:41:48Z,87893,1500000200,1500000200,1
2026-08-07T07:41:48Z,87894,1500000200,1500000200,1
2026-08-07T07:41:48Z,87895,1500000200,1500000200,1
2026-08-07T07:41:48Z,87896,1500007600,1500007600,1
2026-08-07T07:41:48Z,87897,99990200,99990200,3
2026-08-07T07:41:48Z,87898,1500007600,1500007600,1
2026-08-07T07:41:48Z,87899,99990200,99990200,2
2026-08-07T07:41:48Z,87900,99990200,99990200,2
2026-08-07T07:41:48Z,87901,1500000200,1500000200,1
2026-08-07T07:41:48Z,87902,250000200,250000200,1
2026-08-07T07:41:48Z,88151,290008800,290008800,1
2026-08-07T07:41:48Z,88152,450005100,450005100,1
2026-08-07T07:41:48Z,88153,290003800,290003800,1
2026-08-07T07:41:48Z,88154,290003800,290003800,1
2026-08-07T07:41:48Z,88155,49008800,49008800,20
2026-08-07T07:41:48Z,88156,290003800,290003800,1
2026-08-07T07:41:48Z,88157,290005100,290005100,1
2026-08-07T07:41:48Z,88158,290005100,290005100,1
2026-08-07T07:41:48Z,88159,290008800,290008800,1
2026-08-07T07:41:48Z,88162,49008800,49008800,14
2026-08-07T07:41:48Z,88163,290007600,290007600,1
2026-08-07T07:41:48Z,88164,290005100,290005100,1
2026-08-07T07:41:48Z,88487,9909000,9909000,48
2026-08-07T07:41:48Z,88490,19980000,19980000,10
2026-08-07T07:41:48Z,88491,72900,72900,542
2026-08-07T07:41:48Z,88492,39996200,39996200,9
2026-08-07T07:41:48Z,88493,44100,44100,644
2026-08-07T07:41:48Z,88529,65000000,65000000,3
2026-08-07T07:41:48Z,88530,9800000,9800000,23
2026-08-07T07:41:48Z,88532,5500,5500,46
2026-08-07T07:41:48Z,89112,116900,127700,29435
2026-08-07T07:41:48Z,89326,48000,69300,270
2026-08-07T07:41:48Z,89328,8900,990000,233
2026-08-07T07:41:48Z,89329,4000,4000,314
2026-08-07T07:41:48Z,89512,49000300,49000300,20
2026-08-07T07:41:48Z,89639,50000,50000,2350
2026-08-07T07:41:48Z,89674,22500,22500,47
2026-08-07T07:41:48Z,89675,20800,20800,31
2026-08-07T07:41:48Z,89676,2003500,2003500,14
2026-08-07T07:41:48Z,89678,19700,19700,47
2026-08-07T07:41:48Z,89679,3000000,3000000,25
2026-08-07T07:41:48Z,89680,1000000,1000000,40
2026-08-07T07:41:48Z,89683,7300,7300,56
2026-08-07T07:41:48Z,89737,169300,550300,63
2026-08-07T07:41:48Z,89739,951200,49001200,23
2026-08-07T07:41:48Z,89747,290000500,290000500,1
2026-08-07T07:41:48Z,89868,69900,69900,1868
2026-08-07T07:41:48Z,89888,149500,149500,267
2026-08-07T07:41:48Z,89893,5500,7900,403
2026-08-07T07:41:48Z,90043,1490000,1490000,7
2026-08-07T07:41:48Z,90044,109900,109900,3
2026-08-07T07:41:48Z,90046,5999800,6000000,31
2026-08-07T07:41:48Z,90047,40000,40000,15
2026-08-07T07:41:48Z,90057,4444400,5555500,57
2026-08-07T07:41:48Z,90058,500000,500000,50
2026-08-07T07:41:48Z,90135,9905300,9905300,19
2026-08-07T07:41:48Z,90146,17000,21800,621
2026-08-07T07:41:48Z,90407,19500,19500,583
2026-08-07T07:41:48Z,90457,9909800,9909800,25
2026-08-07T07:41:48Z,90548,3000000,3000000,3
2026-08-07T07:41:48Z,90551,590000,590000,19
2026-08-07T07:41:48Z,90552,240000000,240000000,3
2026-08-07T07:41:48Z,90553,2998100,2998100,51
2026-08-07T07:41:48Z,90554,47000000,47900000,25
2026-08-07T07:41:48Z,90555,1055800,1055800,39
2026-08-07T07:41:48Z,90556,3000000,3000000,10
2026-08-07T07:41:48Z,90557,100000000,100000000,12
2026-08-07T07:41:48Z,90558,180000000,180000000,4
2026-08-07T07:41:48Z,90561,4980000,4980000,6
2026-08-07T07:41:48Z,90659,9900000,9900000,29
2026-08-07T07:41:48Z,90660,9990000,9990000,34
2026-08-07T07:41:48Z,90715,250000200,250000200,1
2026-08-07T07:41:48Z,92049,388879800,388879800,1
2026-08-07T07:41:48Z,92050,197891400,197891400,2
2026-08-07T07:41:48Z,92051,199890600,199890600,1
2026-08-07T07:41:48Z,92052,250000000,250000000,1
2026-08-07T07:41:48Z,92053,250007800,250007800,1
2026-08-07T07:41:48Z,92054,250004300,250004300,1
2026-08-07T07:41:48Z,92055,199890000,199890000,1
2026-08-07T07:41:48Z,92056,200000100,200000100,1
2026-08-07T07:41:48Z,92057,2999900,2999900,18
2026-08-07T07:41:48Z,92058,2990000,2990000,10
2026-08-07T07:41:48Z,92059,488884100,488884100,1
2026-08-07T07:41:48Z,92422,40964800,40964800,5
2026-08-07T07:41:48Z,92427,199788200,199788200,1
2026-08-07T07:41:48Z,92428,999990000,999990000,1
2026-08-07T07:41:48Z,92429,250000000,250000000,1
2026-08-07T07:41:48Z,92430,9999900,9999900,8
2026-08-07T07:41:48Z,92431,9999900,9999900,42
2026-08-07T07:41:48Z,92432,19784700,19784700,10
2026-08-07T07:41:48Z,92433,199989900,199989900,1
2026-08-07T07:41:48Z,92434,179990100,179990100,3
2026-08-07T07:41:48Z,92435,179990100,179990100,3
2026-08-07T07:41:48Z,92436,249999700,249999700,1
2026-08-07T07:41:48Z,92437,199999900,199999900,1
2026-08-07T07:41:48Z,92438,179999800,179999800,4
2026-08-07T07:41:48Z,92439,250000000,250000000,1
2026-08-07T07:41:48Z,92442,200000100,200000100,19
2026-08-07T07:41:48Z,92443,199000000,199000000,1
2026-08-07T07:41:48Z,92525,198968700,198968700,1
2026-08-07T07:41:48Z,92526,990000100,990000100,1
2026-08-07T07:41:48Z,92528,999990000,999990000,1
2026-08-07T07:41:48Z,92530,999990000,999990000,1
2026-08-07T07:41:48Z,92532,8999999900,8999999900,2
2026-08-07T07:41:48Z,92550,5000000,5000000,4
2026-08-07T07:41:48Z,92663,250000000,250000000,1
2026-08-07T07:41:48Z,92664,349994100,349994100,1
2026-08-07T07:41:48Z,92741,74000000,99999900,232
2026-08-07T07:41:48Z,93202,250000200,250000200,1
2026-08-07T07:41:48Z,93208,504800,504800,104
2026-08-07T07:41:48Z,93351,162100,9909900,440
2026-08-07T07:41:48Z,93705,90000,90000,53
2026-08-07T07:41:48Z,93706,86500,86500,37
2026-08-07T07:41:48Z,93707,990000,3000000,25
2026-08-07T07:41:48Z,93970,499800,499800,176
2026-08-07T07:41:48Z,94288,11900,15300,588122
2026-08-07T07:41:48Z,94289,199900,200000,2259
2026-08-07T07:41:48Z,94535,974200,974200,171
2026-08-07T07:41:48Z,94536,1504200,1504200,190
2026-08-07T07:41:48Z,94645,49000300,49000300,361
2026-08-07T07:41:48Z,95373,5208100,5498100,4067
2026-08-07T07:41:48Z,95481,24000,24000,45
2026-08-07T07:41:48Z,95482,78700,78700,65
2026-08-07T07:41:48Z,97161,49000400,49000400,23
2026-08-07T07:41:48Z,97512,16500,16500,895
2026-08-07T07:41:48Z,97546,930000,930000,435
2026-08-07T07:41:48Z,97619,16000,17900,1302
2026-08-07T07:41:48Z,97620,75000,840000,459
2026-08-07T07:41:48Z,97621,70100,840000,352
2026-08-07T07:41:48Z,97622,66000,66900,610
2026-08-07T07:41:48Z,97623,48200,840000,517
2026-08-07T07:41:48Z,97624,900000,900000,360
2026-08-07T07:41:48Z,98111,9906000,9906000,54
2026-08-07T07:41:48Z,98116,4200,11700,48
2026-08-07T07:41:48Z,98117,198999300,198999300,3
2026-08-07T07:41:48Z,98118,1237200,1237400,53
2026-08-07T07:41:48Z,100734,970000,970000,3
2026-08-07T07:41:48Z,100735,290005100,290005100,1
2026-08-07T07:41:48Z,100738,222200,222200,23
2026-08-07T07:41:48Z,100739,17800,17800,201
2026-08-07T07:41:48Z,101630,420800,420800,67
2026-08-07T07:41:48Z,101661,950000,950000,84
2026-08-07T07:41:48Z,101662,1899800,1899800,308
2026-08-07T07:41:48Z,101745,25001800,25001800,8
2026-08-07T07:41:48Z,101746,9996800,9996800,26
2026-08-07T07:41:48Z,101747,19992200,19992200,10
2026-08-07T07:41:48Z,101748,49990000,49990000,14
2026-08-07T07:41:48Z,101749,9990400,9990400,24
2026-08-07T07:41:48Z,101750,19990000,19990000,10
2026-08-07T07:41:48Z,102218,548800,2909500,1207
2026-08-07T07:41:48Z,102351,134300,134400,1043
2026-08-07T07:41:48Z,102541,7600,7600,1329
2026-08-07T07:41:48Z,102542,7600,7600,800
2026-08-07T07:41:48Z,102543,7800,7800,710
2026-08-07T07:41:48Z,103786,52500,52500,155
2026-08-07T07:41:48Z,103789,30900,30900,194
2026-08-07T07:41:48Z,103795,750000,750000,279
2026-08-07T07:41:48Z,103797,159100,159100,92
2026-08-07T07:41:48Z,104046,99990200,99990200,2
2026-08-07T07:41:48Z,104048,1500000200,1500000200,1
2026-08-07T07:41:48Z,104049,1500007600,1500007600,1
2026-08-07T07:41:48Z,104053,250007600,250007600,1
2026-08-07T07:41:48Z,104055,1500007600,1500007600,1
2026-08-07T07:41:48Z,104099,270700,277000,244
2026-08-07T07:41:48Z,104102,1500000200,1500000200,1
2026-08-07T07:41:48Z,104104,900000,932100,124
2026-08-07T07:41:48Z,104105,150000,159400,253
2026-08-07T07:41:48Z,104108,47000,49700,660
2026-08-07T07:41:48Z,104109,1500000200,1500000200,1
2026-08-07T07:41:48Z,104120,380500,448800,122
2026-08-07T07:41:48Z,104122,50000,88900,269
2026-08-07T07:41:48Z,104126,540700,598400,157
2026-08-07T07:41:48Z,104127,129500,150000,116
2026-08-07T07:41:48Z,104128,1500000200,1500000200,1
2026-08-07T07:41:48Z,104130,1500000200,1500000200,1
2026-08-07T07:41:48Z,104131,1500000200,1500000200,1
2026-08-07T07:41:48Z,104133,1500000200,1500000200,1
2026-08-07T07:41:48Z,104134,1500000200,1500000200,1
2026-08-07T07:41:48Z,104135,250000200,250000200,1
2026-08-07T07:41:48Z,104136,250000200,250000200,1
2026-08-07T07:41:48Z,104137,1500000200,1500000200,1
2026-08-07T07:41:48Z,104138,40000,65400,290
2026-08-07T07:41:48Z,104196,2405600,2405600,2
2026-08-07T07:41:48Z,104270,1500000200,1500000200,1
2026-08-07T07:41:48Z,104276,1500000200,1500000200,1
2026-08-07T07:41:48Z,104314,2700,2700,64
2026-08-07T07:41:48Z,104316,9990000,9990000,372
2026-08-07T07:41:48Z,104339,9899900,9899900,40
2026-08-07T07:41:48Z,104340,9969700,9969700,40
2026-08-07T07:41:48Z,104341,46600,46600,90
2026-08-07T07:41:48Z,104342,9802900,9802900,42
2026-08-07T07:41:48Z,104343,9901000,9901000,45
2026-08-07T07:41:48Z,104344,1204500,1204500,58
2026-08-07T07:41:48Z,104348,9900200,9900200,30
2026-08-07T07:41:48Z,105700,9889800,9889800,40
2026-08-07T07:41:48Z,105701,250000,9896600,43
2026-08-07T07:41:48Z,105702,9900000,9900000,25
2026-08-07T07:41:48Z,105703,2500000,4806600,238
2026-08-07T07:41:48Z,105704,9900000,9900000,25
2026-08-07T07:41:48Z,105705,9870100,9870100,25
2026-08-07T07:41:48Z,105706,9899900,9899900,44
2026-08-07T07:41:48Z,105707,9969600,9969600,40
2026-08-07T07:41:48Z,105708,9896600,9896600,60
2026-08-07T07:41:48Z,105711,500000,500000,63
2026-08-07T07:41:48Z,105717,9890000,9890000,25
2026-08-07T07:41:48Z,105718,17500,20000,85
2026-08-07T07:41:48Z,105719,2000000,2000000,60
2026-08-07T07:41:48Z,105720,9969700,9969700,40
2026-08-07T07:41:48Z,105721,9900000,9900000,40
2026-08-07T07:41:48Z,105722,9970400,9970400,40
2026-08-07T07:41:48Z,105723,9900000,9900000,40
2026-08-07T07:41:48Z,105724,9901900,9901900,26
2026-08-07T07:41:48Z,106824,500000,500000,33
2026-08-07T07:41:48Z,106825,65000,65000,37
2026-08-07T07:41:48Z,106867,4500,4500,217
2026-08-07T07:41:48Z,106868,459000,459000,28
2026-08-07T07:41:48Z,106870,3000,49002500,22
2026-08-07T07:41:48Z,106875,45000,45000,36
2026-08-07T07:41:48Z,106888,41900,41900,34
2026-08-07T07:41:48Z,106889,33600,39800,60
2026-08-07T07:41:48Z,107392,30000,30000,25
2026-08-07T07:41:48Z,107393,550000,550000,27
2026-08-07T07:41:48Z,107461,100000,100000,31
2026-08-07T07:41:48Z,107462,47445300,49000000,21
2026-08-07T07:41:48Z,107469,9300,9300,49
2026-08-07T07:41:48Z,107472,49006000,49006000,22
2026-08-07T07:41:48Z,107476,9500000500,9500000500,1
2026-08-07T07:41:48Z,107517,39000,39000,238
2026-08-07T07:41:48Z,107518,120000,120000,27
2026-08-07T07:41:48Z,107528,18600,18600,70
2026-08-07T07:41:48Z,107603,15000,15000,68
2026-08-07T07:41:48Z,107640,5000000,5000000,43
2026-08-07T07:41:48Z,107663,200005100,200005100,2
2026-08-07T07:41:48Z,108294,393700,393700,211
2026-08-07T07:41:48Z,108296,131100,840000,197
2026-08-07T07:41:48Z,108297,26800,840000,455
2026-08-07T07:41:48Z,108298,14900,48800,504
2026-08-07T07:41:48Z,108299,985100,985100,308
2026-08-07T07:41:48Z,108300,19500,840000,656
2026-08-07T07:41:48Z,108301,43200,840000,676
2026-08-07T07:41:48Z,108302,850000,850000,538
2026-08-07T07:41:48Z,108304,672300,672300,76
2026-08-07T07:41:48Z,108305,118700,158300,767
2026-08-07T07:41:48Z,108306,91700,91900,656
2026-08-07T07:41:48Z,108307,192500,840000,421
2026-08-07T07:41:48Z,108308,130000,130000,573
2026-08-07T07:41:48Z,108309,509900,9870000,96
2026-08-07T07:41:48Z,108323,9500,9800,1180
2026-08-07T07:41:48Z,108324,6900,7500,5082
2026-08-07T07:41:48Z,108325,8700,89900,2589
2026-08-07T07:41:48Z,108326,7900,8000,2534
2026-08-07T07:41:48Z,108327,23800,24500,1587
2026-08-07T07:41:48Z,108328,9100,9200,1140
2026-08-07T07:41:48Z,108329,20000,22100,1096
2026-08-07T07:41:48Z,108330,2600,3000,1084
2026-08-07T07:41:48Z,108331,23300,23600,1087
2026-08-07T07:41:48Z,108332,12300,19500,2116
2026-08-07T07:41:48Z,108333,20000,22200,725
2026-08-07T07:41:48Z,108335,1500,1800,5785
2026-08-07T07:41:48Z,108336,4400,4400,728
2026-08-07T07:41:48Z,108337,53200,53200,1616
2026-08-07T07:41:48Z,108338,3900,4000,1350
2026-08-07T07:41:48Z,108339,1800,10700,4530
2026-08-07T07:41:48Z,108340,5700,12100,6283
2026-08-07T07:41:48Z,108341,900,2700,2392
2026-08-07T07:41:48Z,108342,3900,4900,677
2026-08-07T07:41:48Z,108343,3400,3500,5762
2026-08-07T07:41:48Z,108344,229900,229900,1369
2026-08-07T07:41:48Z,108345,135000,135000,339
2026-08-07T07:41:48Z,108346,680000,680000,296
2026-08-07T07:41:48Z,108347,1980000,1980000,312
2026-08-07T07:41:48Z,108348,172000,172000,694
2026-08-07T07:41:48Z,108349,8058400,8058400,32
2026-08-07T07:41:48Z,108350,2095100,2095100,76
2026-08-07T07:41:48Z,108351,19895000,19895000,21
2026-08-07T07:41:48Z,108352,753700,840000,454
2026-08-07T07:41:48Z,108353,449600,840000,508
2026-08-07T07:41:48Z,108354,510000,510000,231
2026-08-07T07:41:48Z,108355,812300,812300,304
2026-08-07T07:41:48Z,108356,249800,840000,461
2026-08-07T07:41:48Z,108357,9744800,9992200,28
2026-08-07T07:41:48Z,108359,8200000,8200000,127
2026-08-07T07:41:48Z,108360,159800,840000,432
2026-08-07T07:41:48Z,108361,200000,840000,230
2026-08-07T07:41:48Z,108362,9989900,9989900,42
2026-08-07T07:41:48Z,108363,3504600,3504600,51
2026-08-07T07:41:48Z,108364,2982600,9890100,100
2026-08-07T07:41:48Z,108365,303500,303500,212
2026-08-07T07:41:48Z,108391,2509900,2509900,79
2026-08-07T07:41:48Z,108439,8190000,8199800,142
2026-08-07T07:41:48Z,108649,3902500,3902500,4
2026-08-07T07:41:48Z,108920,32200,32200,141
2026-08-07T07:41:48Z,108977,190000,190000,296
2026-08-07T07:41:48Z,108978,19800,19800,57
2026-08-07T07:41:48Z,108979,20000,20000,118
2026-08-07T07:41:48Z,108980,1900000,1900000,35
2026-08-07T07:41:48Z,108996,2500,2900,8175
2026-08-07T07:41:48Z,109076,50000,51100,28252
2026-08-07T07:41:48Z,109118,7500,11700,77302
2026-08-07T07:41:48Z,109119,10500,11900,26285
2026-08-07T07:41:48Z,109120,209800,209800,24
2026-08-07T07:41:48Z,109122,1750000,1750000,24
2026-08-07T07:41:48Z,109123,37000,37000,2560
2026-08-07T07:41:48Z,109124,13400,13500,5103
2026-08-07T07:41:48Z,109125,11000,13300,4111
2026-08-07T07:41:48Z,109126,11900,12000,30332
2026-08-07T07:41:48Z,109127,10000,49900,35203
2026-08-07T07:41:48Z,109128,9500,25500,24674
2026-08-07T07:41:48Z,109129,11100,19500,20403
2026-08-07T07:41:48Z,109131,30000,99500,61182
2026-08-07T07:41:48Z,109132,9900,9900,5296
2026-08-07T07:41:48Z,109133,7000,7000,2001
2026-08-07T07:41:48Z,109134,8100,8600,2542
2026-08-07T07:41:48Z,109135,30000,77700,1550
2026-08-07T07:41:48Z,109136,7800,8000,1848
2026-08-07T07:41:48Z,109137,8100,9200,111947
2026-08-07T07:41:48Z,109138,2000,2600,8144
2026-08-07T07:41:48Z,109139,2000,2000,2242
2026-08-07T07:41:48Z,109140,2000,2000,3201
2026-08-07T07:41:48Z,109141,5500,5500,8330
2026-08-07T07:41:48Z,109142,2500,2500,3492
2026-08-07T07:41:48Z,109143,8000,8000,32176
2026-08-07T07:41:48Z,109144,1400,1500,10680
2026-08-07T07:41:48Z,109145,118800,125000,311
2026-08-07T07:41:48Z,109147,36500,40000,818
2026-08-07T07:41:48Z,109148,49800,49900,856
2026-08-07T07:41:48Z,109152,7700,113700,1891
2026-08-07T07:41:48Z,109153,159500,187300,1249
2026-08-07T07:41:48Z,109155,99900,99900,1551
2026-08-07T07:41:48Z,109156,68600,69900,1196
2026-08-07T07:41:48Z,109160,89700,89800,297
2026-08-07T07:41:48Z,109184,1900,2900,1092
2026-08-07T07:41:48Z,109217,7700,7700,977
2026-08-07T07:41:48Z,109218,94900,94900,1162
2026-08-07T07:41:48Z,109219,48100,48500,868
2026-08-07T07:41:48Z,109220,2500,2500,576
2026-08-07T07:41:48Z,109221,5400,5400,166
2026-08-07T07:41:48Z,109222,6000,6000,1196
2026-08-07T07:41:48Z,109223,1200,1200,884
2026-08-07T07:41:48Z,109226,8500,10400,1021
2026-08-07T07:41:48Z,109584,5500000,6848000,109
2026-08-07T07:41:48Z,109585,117500,500000,4563
2026-08-07T07:41:48Z,109599,1920100,1924900,128
2026-08-07T07:41:48Z,109624,1500,2400,2459
2026-08-07T07:41:48Z,109625,77600,88500,580
2026-08-07T07:41:48Z,109626,110700,840000,523
2026-08-07T07:41:48Z,109627,5500,5500,1080
2026-08-07T07:41:48Z,109628,929900,929900,841
2026-08-07T07:41:48Z,109629,900000,900000,570
2026-08-07T07:41:48Z,109693,9000,10200,28915
2026-08-07T07:41:48Z,109991,9200,9600,769
2026-08-07T07:41:48Z,109992,6700,7000,1134
2026-08-07T07:41:48Z,110609,11700,12500,100266
2026-08-07T07:41:48Z,110610,13700,13700,7125
2026-08-07T07:41:48Z,110617,89700,213000,75
2026-08-07T07:41:48Z,110618,245000,245000,57
2026-08-07T07:41:48Z,110619,89800,89800,52
2026-08-07T07:41:48Z,110620,89999800,89999800,4
2026-08-07T07:41:48Z,110621,190000,213000,66
2026-08-07T07:41:48Z,110624,277300,277300,32
2026-08-07T07:41:48Z,110625,245500,245500,141
2026-08-07T07:41:48Z,110626,295600,297000,153
2026-08-07T07:41:48Z,110627,100005800,100005800,2
2026-08-07T07:41:48Z,110628,296700,298000,67
2026-08-07T07:41:48Z,110631,99500,99500,72
2026-08-07T07:41:48Z,110632,274900,276200,163
2026-08-07T07:41:48Z,110633,284300,285500,145
2026-08-07T07:41:48Z,110634,59990900,59990900,2
2026-08-07T07:41:48Z,110635,240000,240000,59
2026-08-07T07:41:48Z,110638,392400,442400,189
2026-08-07T07:41:48Z,110639,392400,454400,130
2026-08-07T07:41:48Z,110640,371500,400000,183
2026-08-07T07:41:48Z,110641,450001000,450001000,2
2026-08-07T07:41:48Z,110642,382400,400000,139
2026-08-07T07:41:48Z,110645,395400,502300,123
2026-08-07T07:41:48Z,110646,392400,505400,177
2026-08-07T07:41:48Z,110647,392400,502000,124
2026-08-07T07:41:48Z,110648,1508286300,1508286300,3
2026-08-07T07:41:48Z,110649,392400,588100,146
2026-08-07T07:41:48Z,110652,392400,589400,260
2026-08-07T07:41:48Z,110653,392400,400000,121
2026-08-07T07:41:48Z,110654,392400,454400,126
2026-08-07T07:41:48Z,110655,1843007400,1843007400,5
2026-08-07T07:41:48Z,110656,392400,454400,130
2026-08-07T07:41:48Z,110682,1501600,1501600,46
2026-08-07T07:41:48Z,110807,1500000200,1500000200,1
2026-08-07T07:41:48Z,110809,1500000200,1500000200,1
2026-08-07T07:41:48Z,110810,1500000200,1500000200,1
2026-08-07T07:41:48Z,110818,1500000200,1500000200,1
2026-08-07T07:41:48Z,110828,1500000200,1500000200,1
2026-08-07T07:41:48Z,110829,1500000200,1500000200,1
2026-08-07T07:41:48Z,110837,1500000200,1500000200,1
2026-08-07T07:41:48Z,110847,1500000200,1500000200,1
2026-08-07T07:41:48Z,110850,49000200,49000200,20
2026-08-07T07:41:48Z,110857,1500000200,1500000200,1
2026-08-07T07:41:48Z,110873,1500000200,1500000200,1
2026-08-07T07:41:48Z,110875,1500000200,1500000200,1
2026-08-07T07:41:48Z,111245,218300,218300,721
2026-08-07T07:41:48Z,111431,182400,182400,265
2026-08-07T07:41:48Z,111433,30000,35900,1395
2026-08-07T07:41:48Z,111434,9940000,9940000,40
2026-08-07T07:41:48Z,111436,78100,78100,2600
2026-08-07T07:41:48Z,111437,25000,30000,197
2026-08-07T07:41:48Z,111438,180200,381000,1169
2026-08-07T07:41:48Z,111439,75000,75000,657
2026-08-07T07:41:48Z,111441,160400,160400,1213
2026-08-07T07:41:48Z,111442,18600,18600,1590
2026-08-07T07:41:48Z,111444,80500,80500,388
2026-08-07T07:41:48Z,111445,690000,750000,788
2026-08-07T07:41:48Z,111446,30000,37500,644
2026-08-07T07:41:48Z,111447,150000,150000,344
2026-08-07T07:41:48Z,111449,32800,34500,1666
2026-08-07T07:41:48Z,111450,854100,854100,267
2026-08-07T07:41:48Z,111452,350000,490000,169
2026-08-07T07:41:48Z,111453,5000,10000,369
2026-08-07T07:41:48Z,111454,42500,42500,285
2026-08-07T07:41:48Z,111455,8400,8500,943
2026-08-07T07:41:48Z,111456,5000,5000,1516
2026-08-07T07:41:48Z,111457,6980000,6980000,145
2026-08-07T07:41:48Z,111458,199900,199900,487
2026-08-07T07:41:48Z,111522,17900,17900,64
2026-08-07T07:41:48Z,111557,14000,14000,29585
2026-08-07T07:41:48Z,111589,4000,4200,2596
2026-08-07T07:41:48Z,111595,9000,10000,1814
2026-08-07T07:41:48Z,111601,22600,22600,3280
2026-08-07T07:41:48Z,111603,122300,122300,554
2026-08-07T07:41:48Z,111650,2400,840000,468
2026-08-07T07:41:48Z,111651,3400,840000,645
2026-08-07T07:41:48Z,111652,4900,5000,944
2026-08-07T07:41:48Z,111656,3800,3800,786
2026-08-07T07:41:48Z,111658,2300,840000,589
2026-08-07T07:41:48Z,111659,11900,11900,539
2026-08-07T07:41:48Z,111662,1000,840000,481
2026-08-07T07:41:48Z,111663,400,1800,1654
2026-08-07T07:41:48Z,111664,8800,8900,834
2026-08-07T07:41:48Z,111665,4700,4800,2268
2026-08-07T07:41:48Z,111666,2300,2400,2629
2026-08-07T07:41:48Z,111667,6800,15200,1349
2026-08-07T07:41:48Z,111668,6100,6100,6955
2026-08-07T07:41:48Z,111669,2200,2400,2406
2026-08-07T07:41:48Z,111670,1000,1100,1564
2026-08-07T07:41:48Z,111671,12500,12500,1685
2026-08-07T07:41:48Z,111672,3700,6400,8605
2026-08-07T07:41:48Z,111673,5500,5600,3280
2026-08-07T07:41:48Z,111674,2400,5900,5329
2026-08-07T07:41:48Z,111675,4300,4400,1754
2026-08-07T07:41:48Z,111676,8500,8600,1932
2026-08-07T07:41:48Z,112090,49700,49800,2807
2026-08-07T07:41:48Z,112093,145400,145400,179
2026-08-07T07:41:48Z,112095,49620700,49620700,24
2026-08-07T07:41:48Z,112111,49000100,49000100,20
2026-08-07T07:41:48Z,112115,278500,446900,69
2026-08-07T07:41:48Z,112155,2499900,2499900,17
2026-08-07T07:41:48Z,112156,517300,517300,66
2026-08-07T07:41:48Z,112157,14800,14900,510
2026-08-07T07:41:48Z,112158,77500,77500,1396
2026-08-07T07:41:48Z,112160,470600,799500,61
2026-08-07T07:41:48Z,112164,2345200,2345200,72
2026-08-07T07:41:48Z,112165,2390000,2393200,60
2026-08-07T07:41:48Z,112177,330000,330000,238
2026-08-07T07:41:48Z,112179,19900000,39990000,16
2026-08-07T07:41:48Z,112180,9900000,9900000,22
2026-08-07T07:41:48Z,112181,9877700,9877700,37
2026-08-07T07:41:48Z,112182,940000,940000,257
2026-08-07T07:41:48Z,112183,150372400,150372400,8
2026-08-07T07:41:48Z,112184,188335000,188335000,10
2026-08-07T07:41:48Z,112185,49989600,49989600,7
2026-08-07T07:41:48Z,112271,3049800,3049900,62
2026-08-07T07:41:48Z,112272,158000,159000,41
2026-08-07T07:41:48Z,112273,2199000,2199900,29
2026-08-07T07:41:48Z,112274,2220000,2220000,33
2026-08-07T07:41:48Z,112275,20009000,20009900,32
2026-08-07T07:41:48Z,112276,2220000,2220000,37
2026-08-07T07:41:48Z,112277,30000000,39690000,63
2026-08-07T07:41:48Z,112278,2500000,2500000,73
2026-08-07T07:41:48Z,112279,197000,197800,42
2026-08-07T07:41:48Z,112280,33000,34000,57
2026-08-07T07:41:48Z,112281,59000,59400,41
2026-08-07T07:41:48Z,112282,250000,250000,40
2026-08-07T07:41:48Z,112283,400000,430000,65
2026-08-07T07:41:48Z,112284,73200,73200,46
2026-08-07T07:41:48Z,112285,200000,200000,56
2026-08-07T07:41:48Z,112286,139500,139900,50
2026-08-07T07:41:48Z,112287,574000,574100,73
2026-08-07T07:41:48Z,112288,40000,40000,40
2026-08-07T07:41:48Z,112289,326700,330000,38
2026-08-07T07:41:48Z,112290,74500,74700,23
2026-08-07T07:41:48Z,112291,109800,109800,28
2026-08-07T07:41:48Z,112292,889400,890200,38
2026-08-07T07:41:48Z,112293,48000,48600,38
2026-08-07T07:41:48Z,112294,227500,227700,22
2026-08-07T07:41:48Z,112295,100100,980000,136
2026-08-07T07:41:48Z,112296,88500,89100,45
2026-08-07T07:41:48Z,112297,195000,195500,59
2026-08-07T07:41:48Z,112298,41000,41000,57
2026-08-07T07:41:48Z,112299,385500,386100,60
2026-08-07T07:41:48Z,112300,100400,500400,55
2026-08-07T07:41:48Z,112301,190200,190200,51
2026-08-07T07:41:48Z,112302,574200,580000,37
2026-08-07T07:41:48Z,112321,15000,38500,1931
2026-08-07T07:41:48Z,112449,100,100,223
2026-08-07T07:41:48Z,112463,28000,28000,325
2026-08-07T07:41:48Z,112684,400000,400000,55
2026-08-07T07:41:48Z,113108,13000,13000,51
2026-08-07T07:41:48Z,113111,8900,9900,3923
2026-08-07T07:41:48Z,113135,115000000,120000000,18
2026-08-07T07:41:48Z,113139,128750000,128750000,20
2026-08-07T07:41:48Z,113140,51115100,51115100,8
2026-08-07T07:41:48Z,113142,225000000,225000000,5
2026-08-07T07:41:48Z,113261,1900,1900,3487
2026-08-07T07:41:48Z,113262,1100,1100,5392
2026-08-07T07:41:48Z,113263,4800,5400,2959
2026-08-07T07:41:48Z,113264,1700,1800,7295
2026-08-07T07:41:48Z,113273,16990000,16990000,15
2026-08-07T07:41:48Z,113274,990000,990000,12
2026-08-07T07:41:48Z,113275,1111100,5001100,23
2026-08-07T07:41:48Z,113276,20000000,20000000,2
2026-08-07T07:41:48Z,113277,7910400,8326700,15
2026-08-07T07:41:48Z,113278,118900,119000,19
2026-08-07T07:41:48Z,113289,6500,6500,773
2026-08-07T07:41:48Z,113290,1119800,1119800,168
2026-08-07T07:41:48Z,113355,3600,4900,82784
2026-08-07T07:41:48Z,113530,149900,154900,72
2026-08-07T07:41:48Z,113574,42000,42000,16
2026-08-07T07:41:48Z,113576,34500,34500,20
2026-08-07T07:41:48Z,113585,5700,7500,2594
2026-08-07T07:41:48Z,113588,110000,133800,2947
2026-08-07T07:41:48Z,113909,290001500,290001500,1
2026-08-07T07:41:48Z,113911,290001500,290001500,1
2026-08-07T07:41:48Z,113912,290001500,290001500,1
2026-08-07T07:41:48Z,113992,71200,71200,231
2026-08-07T07:41:48Z,114001,70000,49000000,24
2026-08-07T07:41:48Z,114004,100000,950000,24
2026-08-07T07:41:48Z,114008,218900,49008900,22
2026-08-07T07:41:48Z,114013,285000,285000,34
2026-08-07T07:41:48Z,114015,100,100,72
2026-08-07T07:41:48Z,114016,24800,24800,69
2026-08-07T07:41:48Z,114017,6900,6900,85
2026-08-07T07:41:48Z,114056,406900,406900,2592
2026-08-07T07:41:48Z,114836,4800,840000,2422
2026-08-07T07:41:48Z,114931,16800,17000,10825
2026-08-07T07:41:48Z,115012,499900,49005400,22
2026-08-07T07:41:48Z,115351,509900,9899900,51
2026-08-07T07:41:48Z,115352,69900,69900,50
2026-08-07T07:41:48Z,115353,350000,9900000,41
2026-08-07T07:41:48Z,115354,9900000,9900000,50
2026-08-07T07:41:48Z,115355,49500,49500,60
2026-08-07T07:41:48Z,115464,99995000,99995000,2
2026-08-07T07:41:48Z,115470,9992700,9992700,20
2026-08-07T07:41:48Z,115502,165800,166100,277
2026-08-07T07:41:48Z,115504,10100,10100,4826
2026-08-07T07:41:48Z,115511,3330000,3330000,64
2026-08-07T07:41:48Z,115512,4650400,4650400,9
2026-08-07T07:41:48Z,115526,19600,19600,286
2026-08-07T07:41:48Z,115803,15000,15000,92
2026-08-07T07:41:48Z,115804,19800,705000,24
2026-08-07T07:41:48Z,115805,237400,237400,43
2026-08-07T07:41:48Z,115806,25000,25000,26
2026-08-07T07:41:48Z,115807,93000,93000,124
2026-08-07T07:41:48Z,115808,13800,13800,170
2026-08-07T07:41:48Z,115809,1149900,1149900,24
2026-08-07T07:41:48Z,115811,5509600,5509700,150
2026-08-07T07:41:48Z,115812,2619200,2619200,35
2026-08-07T07:41:48Z,115813,49991100,49991100,11
2026-08-07T07:41:48Z,115814,3520000,3520000,19
2026-08-07T07:41:48Z,115815,1890500,1890500,34
2026-08-07T07:41:48Z,116119,500,500,50
2026-08-07T07:41:48Z,116147,450000,450000,162
2026-08-07T07:41:48Z,116148,194600,194600,54
2026-08-07T07:41:48Z,116149,150000,150000,134
2026-08-07T07:41:48Z,116170,4100,4200,343
2026-08-07T07:41:48Z,116172,9994100,9994100,36
2026-08-07T07:41:48Z,116266,39900,39900,1701
2026-08-07T07:41:48Z,116268,45700,46100,764
2026-08-07T07:41:48Z,116271,108800,149900,7222
2026-08-07T07:41:48Z,116276,2700,31300,308
2026-08-07T07:41:48Z,116392,10002400,10002400,5
2026-08-07T07:41:48Z,116405,205700,205700,465
2026-08-07T07:41:48Z,116406,1875400,1875400,62
2026-08-07T07:41:48Z,116407,279700,309700,86
2026-08-07T07:41:48Z,116408,97600,97600,372
2026-08-07T07:41:48Z,116409,1000000,1000000,142
2026-08-07T07:41:48Z,116428,167600,167600,165
2026-08-07T07:41:48Z,116654,338500,339000,186
2026-08-07T07:41:48Z,116810,69300,69300,154
2026-08-07T07:41:48Z,116811,600000,600000,157
2026-08-07T07:41:48Z,116812,150000000,150000000,12
2026-08-07T07:41:48Z,116923,20000,20000,141
2026-08-07T07:41:48Z,116979,3500,3500,407
2026-08-07T07:41:48Z,116981,100,100,1534
2026-08-07T07:41:48Z,117415,43200,3333200,18
2026-08-07T07:41:48Z,117437,89200,89200,59
2026-08-07T07:41:48Z,117439,10600,100000,156
2026-08-07T07:41:48Z,117440,198000,198000,155
2026-08-07T07:41:48Z,117441,8900,8900,64
2026-08-07T07:41:48Z,117442,14400,14400,85
2026-08-07T07:41:48Z,117452,60000,9500000,47
2026-08-07T07:41:48Z,117453,8200,8200,124
2026-08-07T07:41:48Z,117454,30000,30000,71
2026-08-07T07:41:48Z,117457,2490000,2490000,61
2026-08-07T07:41:48Z,117469,500000,9800000,42
2026-08-07T07:41:48Z,117470,500000,9700000,41
2026-08-07T07:41:48Z,117471,500000,9940000,26
2026-08-07T07:41:48Z,117472,9899900,9899900,40
2026-08-07T07:41:48Z,117473,9905400,9905400,40
2026-08-07T07:41:48Z,117474,9900000,9900000,40
2026-08-07T07:41:48Z,117475,9899900,9899900,25
2026-08-07T07:41:48Z,117568,40000,50000,161
2026-08-07T07:41:48Z,118006,6600,6600,980
2026-08-07T07:41:48Z,118007,4500,25000,845
2026-08-07T07:41:48Z,118008,550000,550000,24
2026-08-07T07:41:48Z,118015,2217500,2230000,39
2026-08-07T07:41:48Z,118061,90700,141300,166
2026-08-07T07:41:48Z,118063,1500001600,1500001600,1
2026-08-07T07:41:48Z,118067,290000100,290000100,1
2026-08-07T07:41:48Z,118225,4000,5500,2898
2026-08-07T07:41:48Z,118280,2200,2200,59
2026-08-07T07:41:48Z,118391,37500,38000,275
2026-08-07T07:41:48Z,118392,9002100,49002100,23
2026-08-07T07:41:48Z,118414,429800,429800,7221
2026-08-07T07:41:48Z,118415,1940500,1940500,232
2026-08-07T07:41:48Z,118416,9774800,9774800,27
2026-08-07T07:41:48Z,118428,3900,31900,53
2026-08-07T07:41:48Z,118472,301100,301100,2480
2026-08-07T07:41:48Z,118565,2500000,2500000,91
2026-08-07T07:41:48Z,118576,9300,9300,268
2026-08-07T07:41:48Z,118592,556400,9996800,21
2026-08-07T07:41:48Z,118630,56900,76900,213
2026-08-07T07:41:48Z,118631,96200,96200,69
2026-08-07T07:41:48Z,118632,69900,70100,287
2026-08-07T07:41:48Z,118681,49005300,49005300,20
2026-08-07T07:41:48Z,118704,177900,177900,229
2026-08-07T07:41:48Z,118711,116600,129900,11817
2026-08-07T07:41:48Z,118898,49000100,49000100,20
2026-08-07T07:41:48Z,118899,1920000,19905900,45
2026-08-07T07:41:48Z,118900,39990100,39990100,5
2026-08-07T07:41:48Z,118901,6800,49006800,22
2026-08-07T07:41:48Z,118902,49006900,49006900,20
2026-08-07T07:41:48Z,119022,19000,19000,66
2026-08-07T07:41:48Z,119094,7048500,7048500,24
2026-08-07T07:41:48Z,119095,4198500,7672600,24
2026-08-07T07:41:48Z,119096,549700,9990000,24
2026-08-07T07:41:48Z,119097,2250000,2250000,13
2026-08-07T07:41:48Z,119098,8850000,9903200,23
2026-08-07T07:41:48Z,119099,4700000,4800000,26
2026-08-07T07:41:48Z,119100,9992500,9996800,31
2026-08-07T07:41:48Z,119101,3002500,9869500,23
2026-08-07T07:41:48Z,119102,1379700,9996700,23
2026-08-07T07:41:48Z,119157,4800000,4800000,90
2026-08-07T07:41:48Z,119213,19906700,19906700,10
2026-08-07T07:41:48Z,119324,267000,267000,65
2026-08-07T07:41:48Z,120150,59900,59900,271
2026-08-07T07:41:48Z,120168,9991200,9991200,192
2026-08-07T07:41:48Z,120257,254600,254600,288
2026-08-07T07:41:48Z,120269,20000100,20000100,6
2026-08-07T07:41:48Z,120270,290000100,290000100,1
2026-08-07T07:41:48Z,120271,290000100,290000100,2
2026-08-07T07:41:48Z,120274,45000000,45000000,10
2026-08-07T07:41:48Z,120293,9600,9600,54
2026-08-07T07:41:48Z,120300,1500000200,1500000200,1
2026-08-07T07:41:48Z,120328,290000100,290000100,2
2026-08-07T07:41:48Z,120329,100000100,100000100,2
2026-08-07T07:41:48Z,120330,100000100,100000100,2
2026-08-07T07:41:48Z,120331,290000100,290000100,1
2026-08-07T07:41:48Z,120332,45000100,45000100,3
2026-08-07T07:41:48Z,120333,290000100,290000100,2
2026-08-07T07:41:48Z,120959,136700,415700,180
2026-08-07T07:41:48Z,122343,336600,336600,834
2026-08-07T07:41:48Z,122344,9500,9500,243
2026-08-07T07:41:48Z,122345,708600,708600,179
2026-08-07T07:41:48Z,122346,157800,217800,126
2026-08-07T07:41:48Z,122347,18800,18800,195
2026-08-07T07:41:48Z,122348,74400,74400,107
2026-08-07T07:41:48Z,122742,3000,3000,87
2026-08-07T07:41:48Z,123918,53900,53900,411052
2026-08-07T07:41:48Z,123919,92500,92500,85071
2026-08-07T07:41:48Z,123956,1000000,1000000,117
2026-08-07T07:41:48Z,124101,39600,39600,17794
2026-08-07T07:41:48Z,124102,58400,58700,114056
2026-08-07T07:41:48Z,124103,39900,58900,23053
2026-08-07T07:41:48Z,124104,45600,46700,30504
2026-08-07T07:41:48Z,124105,98900,99000,6807
2026-08-07T07:41:48Z,124106,939800,989800,5049
2026-08-07T07:41:48Z,124107,1500,1500,3235
2026-08-07T07:41:48Z,124108,3900,4300,4059
2026-08-07T07:41:48Z,124109,54800,61300,2836
2026-08-07T07:41:48Z,124110,1200,1200,3439
2026-08-07T07:41:48Z,124111,4500,5000,1586
2026-08-07T07:41:48Z,124112,8900,8900,1976
2026-08-07T07:41:48Z,124113,23900,24000,14299
2026-08-07T07:41:48Z,124115,36400,37300,18494
2026-08-07T07:41:48Z,124116,780000,824500,5898
2026-08-07T07:41:48Z,124117,41500,99800,177305
2026-08-07T07:41:48Z,124118,1900,2200,6403
2026-08-07T07:41:48Z,124119,26000,339800,1440
2026-08-07T07:41:48Z,124120,14700,17700,28995
2026-08-07T07:41:48Z,124121,1400,1400,17580
2026-08-07T07:41:48Z,124125,9000000,9990000,55
2026-08-07T07:41:48Z,124436,50300,50300,383
2026-08-07T07:41:48Z,124437,9900,9900,9595
2026-08-07T07:41:48Z,124438,600,600,137229
2026-08-07T07:41:48Z,124439,900,900,150456
2026-08-07T07:41:48Z,124440,15400,15600,10358
2026-08-07T07:41:48Z,124441,31100,56300,72602
2026-08-07T07:41:48Z,124442,154000,779900,2638
2026-08-07T07:41:48Z,124444,216900,219900,1618
2026-08-07T07:41:48Z,124461,112000,160400,13378
2026-08-07T07:41:48Z,124640,29800,29800,62560
2026-08-07T07:41:48Z,124661,38800,38800,152
2026-08-07T07:41:48Z,124669,89900,99800,175954
2026-08-07T07:41:48Z,124671,2050000,2499900,66065
2026-08-07T07:41:48Z,126934,110000,110000,214
2026-08-07T07:41:48Z,126935,1000000,1000000,88
2026-08-07T07:41:48Z,126936,765400,765400,57
2026-08-07T07:41:48Z,127004,28100,28100,2818
2026-08-07T07:41:48Z,127037,11600,11900,804
2026-08-07T07:41:48Z,127368,12386600,12386600,11
2026-08-07T07:41:48Z,127681,22400,28800,4783
2026-08-07T07:41:48Z,127712,7500000400,7500000400,1
2026-08-07T07:41:48Z,127713,7500000400,7500000400,1
2026-08-07T07:41:48Z,127714,7462500300,7462500300,1
2026-08-07T07:41:48Z,127715,7500007800,7500007800,1
2026-08-07T07:41:48Z,127718,5500000400,5500000400,1
2026-08-07T07:41:48Z,127730,7500000400,7500000400,1
2026-08-07T07:41:48Z,127731,7500000400,7500000400,1
2026-08-07T07:41:48Z,127732,7500000400,7500000400,1
2026-08-07T07:41:48Z,127736,9500000400,9500000400,1
2026-08-07T07:41:48Z,127759,22500,22500,11537
2026-08-07T07:41:48Z,127760,22229900,33359900,31
2026-08-07T07:41:48Z,127761,36509900,37009900,39
2026-08-07T07:41:48Z,127762,22229900,49999900,14
2026-08-07T07:41:48Z,127763,1500000000,1500000000,1
2026-08-07T07:41:48Z,127764,8889700,10009800,34
2026-08-07T07:41:48Z,127765,19190000,56199600,49
2026-08-07T07:41:48Z,127834,60900,92500,2722
2026-08-07T07:41:48Z,127835,101200,107800,381
2026-08-07T07:41:48Z,127836,7500,7800,1421
2026-08-07T07:41:48Z,127837,37700,39900,330
2026-08-07T07:41:48Z,127838,473500,473500,1866
2026-08-07T07:41:48Z,127839,459800,459800,252
2026-08-07T07:41:48Z,127840,71300,356800,369
2026-08-07T07:41:48Z,127841,30000,53600,691
2026-08-07T07:41:48Z,127843,29200,29200,354
2026-08-07T07:41:48Z,127844,13800,14000,1165
2026-08-07T07:41:48Z,127845,159800,159800,173
2026-08-07T07:41:48Z,127846,69900,69900,324
2026-08-07T07:41:48Z,127847,157700,178100,1341
2026-08-07T07:41:48Z,127848,50000,50000,740
2026-08-07T07:41:48Z,127849,25000,25000,1120
2026-08-07T07:41:48Z,127850,40000,319500,878
2026-08-07T07:41:48Z,127991,7500,7500,1816
2026-08-07T07:41:48Z,128011,1500000400,1500000400,1
2026-08-07T07:41:48Z,128012,999998000,999998000,3
2026-08-07T07:41:48Z,128013,2500000400,2500000400,1
2026-08-07T07:41:48Z,128016,7500000400,7500000400,1
2026-08-07T07:41:48Z,128018,9500000400,9500000400,1
2026-08-07T07:41:48Z,128159,1806250100,1806250100,1
2026-08-07T07:41:48Z,128219,9900000,9900000,24
2026-08-07T07:41:48Z,128304,15000,15100,12280
2026-08-07T07:41:48Z,128312,199999200,199999200,13
2026-08-07T07:41:48Z,128314,2129900,2138800,166
2026-08-07T07:41:48Z,128315,58888000,61999000,543
2026-08-07T07:41:48Z,128385,9962300,9962300,20
2026-08-07T07:41:48Z,128436,152600,3902600,213
2026-08-07T07:41:48Z,128498,7500000,9802300,23
2026-08-07T07:41:48Z,128499,21000,840000,516
2026-08-07T07:41:48Z,128500,13300,13500,864
2026-08-07T07:41:48Z,128537,800,800,343
2026-08-07T07:41:48Z,128538,49900,50000,585
2026-08-07T07:41:48Z,128539,48500,49000,987
2026-08-07T07:41:48Z,128540,1500,1500,638
2026-08-07T07:41:48Z,128541,9000,910800,292
2026-08-07T07:41:48Z,128542,50000,50000,115
2026-08-07T07:41:48Z,128543,14700,910800,355
2026-08-07T07:41:48Z,128544,99500,99500,155
2026-08-07T07:41:48Z,128545,603700,603700,69
2026-08-07T07:41:48Z,128546,189800,435800,162
2026-08-07T07:41:48Z,128547,435800,435800,49
2026-08-07T07:41:48Z,128548,9309800,11999700,88
2026-08-07T07:41:48Z,128549,9999600,11999900,76
2026-08-07T07:41:48Z,128550,9999900,19900000,142
2026-08-07T07:41:48Z,128551,2110000,2110000,34
2026-08-07T07:41:48Z,128552,2500000,2500000,90
2026-08-07T07:41:48Z,128553,1889500,1889500,165
2026-08-07T07:41:48Z,128554,144300,147200,51
2026-08-07T07:41:48Z,128558,289600,289600,78
2026-08-07T07:41:48Z,128559,93700,94700,145
2026-08-07T07:41:48Z,128560,50000,51000,58
2026-08-07T07:41:48Z,128561,25000,29700,107
2026-08-07T07:41:48Z,128632,17400,17400,3233
2026-08-07T07:41:48Z,128648,7332500,7718400,71
2026-08-07T07:41:48Z,128650,2800,4900,4272
2026-08-07T07:41:48Z,128713,39990000,39990000,7
2026-08-07T07:41:48Z,128714,39994500,39994500,32
2026-08-07T07:41:48Z,128715,3509800,3509800,8
2026-08-07T07:41:48Z,128716,199000000,199000000,44
2026-08-07T07:41:48Z,128717,199720000,199720000,6
2026-08-07T07:41:48Z,128718,3500000,3500000,5
2026-08-07T07:41:48Z,128719,15559200,15559200,13
2026-08-07T07:41:48Z,128720,199899800,199899800,1
2026-08-07T07:41:48Z,128721,32464200,32464200,4
2026-08-07T07:41:48Z,128722,39908000,39908000,6
2026-08-07T07:41:48Z,128723,20005700,20005700,49
2026-08-07T07:41:48Z,128724,2509600,2509700,14
2026-08-07T07:41:48Z,128725,39999800,39999800,6
2026-08-07T07:41:48Z,128726,35553100,35553100,24
2026-08-07T07:41:48Z,128727,4505200,4505200,10
2026-08-07T07:41:48Z,128728,31111500,31111500,14
2026-08-07T07:41:48Z,128729,19989800,19989800,27
2026-08-07T07:41:48Z,128730,15007800,15007800,31
2026-08-07T07:41:48Z,128731,199900000,199900000,6
2026-08-07T07:41:48Z,128732,85550000,85550000,21
2026-08-07T07:41:48Z,128733,198610000,198610000,4
2026-08-07T07:41:48Z,128734,65511100,150005200,25
2026-08-07T07:41:48Z,128735,13334800,13334800,14
2026-08-07T07:41:48Z,128736,14427200,14427200,9
2026-08-07T07:41:48Z,128737,199990000,199990000,1
2026-08-07T07:41:48Z,128738,49999900,49999900,13
2026-08-07T07:41:48Z,128739,42220000,42220000,34
2026-08-07T07:41:48Z,128740,95000000,95000000,5
2026-08-07T07:41:48Z,128741,39999700,39999700,10
2026-08-07T07:41:48Z,128742,150000000,150000000,18
2026-08-07T07:41:48Z,128743,3500000,3500000,5
2026-08-07T07:41:48Z,128744,162758200,162758200,11
2026-08-07T07:41:48Z,128761,900000,900000,104
2026-08-07T07:41:48Z,128763,200800,209900,67
2026-08-07T07:41:48Z,128764,131100,131100,110
2026-08-07T07:41:48Z,128768,19900,5000000,900
2026-08-07T07:41:48Z,128793,7500,7600,50
2026-08-07T07:41:48Z,128833,1358100,1358100,70
2026-08-07T07:41:48Z,128834,240000,240000,109
2026-08-07T07:41:48Z,128835,650000,1090000,75
2026-08-07T07:41:48Z,128836,40000,40000,67
2026-08-07T07:41:48Z,128837,155000,155000,73
2026-08-07T07:41:48Z,128838,1500000,1500000,50
2026-08-07T07:41:48Z,128839,190000,190000,64
2026-08-07T07:41:48Z,128840,425000,425000,91
2026-08-07T07:41:48Z,128841,29000,29000,41
2026-08-07T07:41:48Z,128842,206700,206700,46
2026-08-07T07:41:48Z,128843,1992000,1992000,167
2026-08-07T07:41:48Z,128844,900000,900000,100
2026-08-07T07:41:48Z,128845,39600,39600,65
2026-08-07T07:41:48Z,128846,59800,59800,65
2026-08-07T07:41:48Z,128847,199900,199900,83
2026-08-07T07:41:48Z,128848,20000,20000,108
2026-08-07T07:41:48Z,128849,3000,3000,155
2026-08-07T07:41:48Z,128850,39990000,39990000,5
2026-08-07T07:41:48Z,128851,250500,250500,85
2026-08-07T07:41:48Z,128853,909900,909900,199
2026-08-07T07:41:48Z,128979,9809800,9809800,23
2026-08-07T07:41:48Z,128980,494700,494800,96
2026-08-07T07:41:48Z,128983,3000000,3900000,202
2026-08-07T07:41:48Z,128984,3262500,3262500,207
2026-08-07T07:41:48Z,128985,3004200,3904200,203
2026-08-07T07:41:48Z,128987,1999600,1999700,74
2026-08-07T07:41:48Z,128988,1000000,1000000,84
2026-08-07T07:41:48Z,128989,9986900,9986900,26
2026-08-07T07:41:48Z,128990,8246000,8246000,46
2026-08-07T07:41:48Z,128991,7804100,7804100,39
2026-08-07T07:41:48Z,128992,3464100,3464200,41
2026-08-07T07:41:48Z,128993,3001900,3545600,33
2026-08-07T07:41:48Z,128994,37500,100000,158
2026-08-07T07:41:48Z,128995,50000,50000,110
2026-08-07T07:41:48Z,128996,75000,340000,38
2026-08-07T07:41:48Z,128997,199900,199900,48
2026-08-07T07:41:48Z,128998,480200,480200,74
2026-08-07T07:41:48Z,128999,71300,71300,36
2026-08-07T07:41:48Z,129000,490000,490000,47
2026-08-07T07:41:48Z,129001,150000,150000,47
2026-08-07T07:41:48Z,129002,40000,40000,184
2026-08-07T07:41:48Z,129003,490000,490000,72
2026-08-07T07:41:48Z,129017,3999900,3999900,224
2026-08-07T07:41:48Z,129018,6890000,6890000,292
2026-08-07T07:41:48Z,129019,4405000,4406200,255
2026-08-07T07:41:48Z,129020,5005100,5005100,197
2026-08-07T07:41:48Z,129021,4001900,4002300,335
2026-08-07T07:41:48Z,129022,3800000,3800000,210
2026-08-07T07:41:48Z,129028,5709900,5959900,214
2026-08-07T07:41:48Z,129029,6006000,6007100,182
2026-08-07T07:41:48Z,129032,47900,48300,52797
2026-08-07T07:41:48Z,129034,444300,546300,34955
2026-08-07T07:41:48Z,129099,959500,959500,87
2026-08-07T07:41:48Z,129100,2300,2300,12163
2026-08-07T07:41:48Z,129158,1200,1200,1504
2026-08-07T07:41:48Z,129284,988000,988100,1121
2026-08-07T07:41:48Z,129285,888800,888800,1963
2026-08-07T07:41:48Z,129286,2177000,2177000,167
2026-08-07T07:41:48Z,129287,990000,990000,479
2026-08-07T07:41:48Z,129288,559900,600000,1914
2026-08-07T07:41:48Z,129289,9992800,17790000,219
2026-08-07T07:41:48Z,130172,107600,107700,2453
2026-08-07T07:41:48Z,130173,41100,41100,2673
2026-08-07T07:41:48Z,130174,35000,35000,3676
2026-08-07T07:41:48Z,130175,269600,269600,2661
2026-08-07T07:41:48Z,130176,27500,27600,4286
2026-08-07T07:41:48Z,130177,19000,19000,1758
2026-08-07T07:41:48Z,130178,45500,45500,215
2026-08-07T07:41:48Z,130179,159500,159600,1770
2026-08-07T07:41:48Z,130180,63600,63600,666
2026-08-07T07:41:48Z,130181,2503100,4999900,519
2026-08-07T07:41:48Z,130182,130000,130000,238
2026-08-07T07:41:48Z,130183,89800,89800,948
2026-08-07T07:41:48Z,130192,1600,1600,90
2026-08-07T07:41:48Z,130200,209400,209500,233
2026-08-07T07:41:48Z,130201,959500,959500,117
2026-08-07T07:41:48Z,130202,5744200,5744200,94
2026-08-07T07:41:48Z,130203,176300,176400,152
2026-08-07T07:41:48Z,130204,451900,451900,70
2026-08-07T07:41:48Z,130215,20000,20000,51
2026-08-07T07:41:48Z,130216,253500,253600,56
2026-08-07T07:41:48Z,130217,35900,36500,77
2026-08-07T07:41:48Z,130218,48500,48900,55
2026-08-07T07:41:48Z,130219,2598800,2598800,50
2026-08-07T07:41:48Z,130220,409900,409900,45
2026-08-07T07:41:48Z,130221,711800,711800,56
2026-08-07T07:41:48Z,130222,17500000,17940000,33
2026-08-07T07:41:48Z,130245,19900000,19900000,12
2026-08-07T07:41:48Z,130246,15464600,15464600,48
2026-08-07T07:41:48Z,130247,11113100,11113100,60
2026-08-07T07:41:48Z,130248,18504700,18504700,67
2026-08-07T07:41:48Z,130250,110000,110000,72
2026-08-07T07:41:48Z,130258,49500,49500,1056
2026-08-07T07:41:48Z,130264,99900,100000,194
2026-08-07T07:41:48Z,130265,500000,500000,32
2026-08-07T07:41:48Z,130268,10000000,10000000,50
2026-08-07T07:41:48Z,130903,668700,668800,1248
2026-08-07T07:41:48Z,130904,996400,996400,1600
2026-08-07T07:41:48Z,130905,415800,420000,424
2026-08-07T07:41:48Z,131729,39700,39700,7941
2026-08-07T07:41:48Z,131746,9863700,9863700,20
2026-08-07T07:41:48Z,132166,1500003100,1500003100,1
2026-08-07T07:41:48Z,132182,290000700,290000700,1
2026-08-07T07:41:48Z,132183,28700,28700,48
2026-08-07T07:41:48Z,132184,2000,2000,215
2026-08-07T07:41:48Z,132185,290004000,290004000,2
2026-08-07T07:41:48Z,132186,999900,999900,14
2026-08-07T07:41:48Z,132188,1500005600,1500005600,1
2026-08-07T07:41:48Z,132189,49003400,49003400,20
2026-08-07T07:41:48Z,132190,9799800,9799800,5
2026-08-07T07:41:48Z,132191,290001200,290001200,1
2026-08-07T07:41:48Z,132192,73300,73300,67
2026-08-07T07:41:48Z,132193,235000,235000,150
2026-08-07T07:41:48Z,132194,290001400,290001400,1
2026-08-07T07:41:48Z,132197,290000000,290000000,1
2026-08-07T07:41:48Z,132199,350000,350000,24
2026-08-07T07:41:48Z,132200,290007100,290007100,9
2026-08-07T07:41:48Z,132204,2100,2100,256
2026-08-07T07:41:48Z,132207,290003700,290003700,1
2026-08-07T07:41:48Z,132208,545400,49005000,22
2026-08-07T07:41:48Z,132211,5002700,49002700,18
2026-08-07T07:41:48Z,132212,3600,3600,172
2026-08-07T07:41:48Z,132213,72800,72800,4
2026-08-07T07:41:48Z,132216,1505500,1505500,4
2026-08-07T07:41:48Z,132217,25005000,25005000,23
2026-08-07T07:41:48Z,132218,507900,507900,5
2026-08-07T07:41:48Z,132219,5000000,5000000,2
2026-08-07T07:41:48Z,132220,535000,535000,37
2026-08-07T07:41:48Z,132223,26500,26500,18
2026-08-07T07:41:48Z,132224,290004400,290004400,1
2026-08-07T07:41:48Z,132225,290003900,290003900,2
2026-08-07T07:41:48Z,132227,290008400,290008400,1
2026-08-07T07:41:48Z,132229,49006100,49006100,12
2026-08-07T07:41:48Z,132230,10430900,10430900,4
2026-08-07T07:41:48Z,132231,2200,2200,262
2026-08-07T07:41:48Z,132232,2037200,2037200,2
2026-08-07T07:41:48Z,132233,2200,2200,144
2026-08-07T07:41:48Z,132234,30000,30000,39
2026-08-07T07:41:48Z,132235,290007500,290007500,1
2026-08-07T07:41:48Z,132237,2900,2900,28
2026-08-07T07:41:48Z,132238,290002000,290002000,2
2026-08-07T07:41:48Z,132239,1209600,49009800,17
2026-08-07T07:41:48Z,132240,49000700,49000700,20
2026-08-07T07:41:48Z,132509,400000,1207700,32
2026-08-07T07:41:48Z,132510,11900,11900,118
2026-08-07T07:41:48Z,132513,996100,996100,198
2026-08-07T07:41:48Z,132514,830000,850000,80205
2026-08-07T07:41:48Z,132515,200000,511100,100
2026-08-07T07:41:48Z,132516,753500,753500,753
2026-08-07T07:41:48Z,132517,12222700,12222700,6
2026-08-07T07:41:48Z,132524,15000000,15000000,2
2026-08-07T07:41:48Z,132525,6000000,9999500,236
2026-08-07T07:41:48Z,132526,4320300,4320300,10
2026-08-07T07:41:48Z,132528,4005900,4005900,20
2026-08-07T07:41:48Z,132530,39909600,39909600,25
2026-08-07T07:41:48Z,132531,3939928200,3939928200,6
2026-08-07T07:41:48Z,132752,400,4202500,249
2026-08-07T07:41:48Z,132753,18600,18800,410
2026-08-07T07:41:48Z,132982,5000000,5000000,108
2026-08-07T07:41:48Z,133545,4440800,4440800,50
2026-08-07T07:41:48Z,133553,49003800,49003800,20
2026-08-07T07:41:48Z,133557,6700,6700,353
2026-08-07T07:41:48Z,133561,17000,17200,1028
2026-08-07T07:41:48Z,133562,27200,27200,873
2026-08-07T07:41:48Z,133563,2000,2000,634
2026-08-07T07:41:48Z,133564,115700,115700,2319
2026-08-07T07:41:48Z,133565,196900,196900,219
2026-08-07T07:41:48Z,133566,69700,69800,271
2026-08-07T07:41:48Z,133567,14000,14000,410
2026-08-07T07:41:48Z,133568,509400,999800,212
2026-08-07T07:41:48Z,133569,49500,49500,270
2026-08-07T07:41:48Z,133570,1300,1300,600
2026-08-07T07:41:48Z,133571,5300,5300,238
2026-08-07T07:41:48Z,133572,2800,2900,165
2026-08-07T07:41:48Z,133573,5300,5300,1079
2026-08-07T07:41:48Z,133574,6700,6700,89
2026-08-07T07:41:48Z,133575,1400,1400,409
2026-08-07T07:41:48Z,133576,5000,7500,4911
2026-08-07T07:41:48Z,133577,17000,17000,467
2026-08-07T07:41:48Z,133578,9999900,9999900,88
2026-08-07T07:41:48Z,133579,349000,349000,103
2026-08-07T07:41:48Z,133586,20700,20700,218
2026-08-07T07:41:48Z,133588,29800,29800,1039
2026-08-07T07:41:48Z,133589,29800,29800,2545
2026-08-07T07:41:48Z,133590,8700,8700,868
2026-08-07T07:41:48Z,133591,3700,3700,1957
2026-08-07T07:41:48Z,133592,50000,58800,1610
2026-08-07T07:41:48Z,133593,20000,20000,1410
2026-08-07T07:41:48Z,133607,1600,1600,18458
2026-08-07T07:41:48Z,133680,215000,215000,2889
2026-08-07T07:41:48Z,133681,50000,50000,158
2026-08-07T07:41:48Z,133688,9700,14300,219
2026-08-07T07:41:48Z,133893,999300,9999300,28
2026-08-07T07:41:48Z,133913,9900300,9900300,102
2026-08-07T07:41:48Z,133940,33300,33300,336
2026-08-07T07:41:48Z,133942,28000,100000,394
2026-08-07T07:41:48Z,133979,199006900,199006900,1
2026-08-07T07:41:48Z,133980,230000,240000,69
2026-08-07T07:41:48Z,133981,9900000,9900000,32
2026-08-07T07:41:48Z,134048,290000100,290000100,5
2026-08-07T07:41:48Z,134049,290000100,290000100,1
2026-08-07T07:41:48Z,134050,280000100,280000100,3
2026-08-07T07:41:48Z,134051,49000100,49000100,22
2026-08-07T07:41:48Z,134052,280000100,280000100,2
2026-08-07T07:41:48Z,134053,118465700,118465700,8
2026-08-07T07:41:48Z,134054,48000100,48000100,14
2026-08-07T07:41:48Z,134860,1240000,1240000,326
2026-08-07T07:41:48Z,136342,4000,4000,1387
2026-08-07T07:41:48Z,136353,290001300,290001300,1
2026-08-07T07:41:48Z,136355,990001000,990001000,1
2026-08-07T07:41:48Z,136375,4992700,4992700,23
2026-08-07T07:41:48Z,136376,19992800,19992800,9
2026-08-07T07:41:48Z,136377,6900,7000,1280
2026-08-07T07:41:48Z,136544,49900,9969900,41
2026-08-07T07:41:48Z,136545,22600,22600,121
2026-08-07T07:41:48Z,136546,199800,199800,67
2026-08-07T07:41:48Z,136547,55500,109500,67
2026-08-07T07:41:48Z,136548,450000,450000,56
2026-08-07T07:41:48Z,136549,499900,9940000,28
2026-08-07T07:41:48Z,136550,159800,159800,58
2026-08-07T07:41:48Z,136551,78800,204000,57
2026-08-07T07:41:48Z,136552,299100,9909900,24
2026-08-07T07:41:48Z,136553,9890600,9890600,34
2026-08-07T07:41:48Z,136554,59800,59800,39
2026-08-07T07:41:48Z,136555,1800000,1800000,45
2026-08-07T07:41:48Z,136556,10500,10500,81
2026-08-07T07:41:48Z,136557,54700,54700,138
2026-08-07T07:41:48Z,136558,100000,100000,132
2026-08-07T07:41:48Z,136559,47492700,47492700,6
2026-08-07T07:41:48Z,136560,19994100,19994100,12
2026-08-07T07:41:48Z,136561,18400,18500,70
2026-08-07T07:41:48Z,136562,1951900,1951900,51
2026-08-07T07:41:48Z,136563,9899500,9899500,32
2026-08-07T07:41:48Z,136564,188500,9706900,40
2026-08-07T07:41:48Z,136565,333300,9900200,34
2026-08-07T07:41:48Z,136566,39700,9849900,42
2026-08-07T07:41:48Z,136567,29700,29700,53
2026-08-07T07:41:48Z,136568,9970000,9970000,22
2026-08-07T07:41:48Z,136569,77600,77600,120
2026-08-07T07:41:48Z,136570,290001900,290001900,1
2026-08-07T07:41:48Z,136571,9906500,9906500,100
2026-08-07T07:41:48Z,136572,450006500,450006500,1
2026-08-07T07:41:48Z,136573,290006500,290006500,1
2026-08-07T07:41:48Z,136574,5556500,5556500,2
2026-08-07T07:41:48Z,136575,290006500,290006500,1
2026-08-07T07:41:48Z,136576,990006500,990006500,1
2026-08-07T07:41:48Z,136596,9900,9900,414
2026-08-07T07:41:48Z,136597,199900,199900,25
2026-08-07T07:41:48Z,136598,49000000,49000000,20
2026-08-07T07:41:48Z,136606,225000,2227700,4325
2026-08-07T07:41:48Z,136633,25500,40000,660
2026-08-07T07:41:48Z,136636,30000,37000,206
2026-08-07T07:41:48Z,136637,11700,19900,5084
2026-08-07T07:41:48Z,136638,22400,22400,257
2026-08-07T07:41:48Z,136653,202000,202000,242
2026-08-07T07:41:48Z,136654,10000,10000,372
2026-08-07T07:41:48Z,136708,2217100,2217100,37
2026-08-07T07:41:48Z,136825,3809500,4199900,202
2026-08-07T07:41:48Z,136826,4700000,4776000,431
2026-08-07T07:41:48Z,136852,1000,1100,398
2026-08-07T07:41:48Z,136856,30000,9847800,99
2026-08-07T07:41:48Z,136857,47535200,47535200,5
2026-08-07T07:41:48Z,137188,4929700,4931300,465
2026-08-07T07:41:48Z,137191,6919600,6921600,380
2026-08-07T07:41:48Z,137238,6795600,6797100,400
2026-08-07T07:41:48Z,137239,5999200,5999400,252
2026-08-07T07:41:48Z,137240,1500007600,1500007600,1
2026-08-07T07:41:48Z,137249,6855700,6856700,125
2026-08-07T07:41:48Z,137250,3989600,6579000,560
2026-08-07T07:41:48Z,137267,5007200,5007200,159
2026-08-07T07:41:48Z,137269,5466600,5466600,227
2026-08-07T07:41:48Z,137274,5500900,5500900,141
2026-08-07T07:41:48Z,137287,4953000,4956000,105
2026-08-07T07:41:48Z,137288,5999000,5999500,205
2026-08-07T07:41:48Z,137289,4499900,4506000,88
2026-08-07T07:41:48Z,137293,5499000,5499000,183
2026-08-07T07:41:48Z,137556,946600,1787000,46
2026-08-07T07:41:48Z,137557,499500,499500,196
2026-08-07T07:41:48Z,137558,1155200,1155200,54
2026-08-07T07:41:48Z,137643,49000100,49000100,22
2026-08-07T07:41:48Z,137644,49008400,49008400,20
2026-08-07T07:41:48Z,138196,49003900,49003900,11
2026-08-07T07:41:48Z,138285,589300,589300,68
2026-08-07T07:41:48Z,138290,3500000,3500000,55
2026-08-07T07:41:48Z,138292,1300,1300,154
2026-08-07T07:41:48Z,138294,9951100,9951100,110
2026-08-07T07:41:48Z,138295,3206100,3206100,44
2026-08-07T07:41:48Z,138382,398400,398600,286
2026-08-07T07:41:48Z,138383,95000,200000,656
2026-08-07T07:41:48Z,138384,999900,999900,26
2026-08-07T07:41:48Z,138486,79100,84000,12604
2026-08-07T07:41:48Z,138488,88000,250000,17947
2026-08-07T07:41:48Z,138727,900,3200,4904
2026-08-07T07:41:48Z,138728,1000,1200,27084
2026-08-07T07:41:48Z,138729,700,1000,33136
2026-08-07T07:41:48Z,138875,900,900,445
2026-08-07T07:41:48Z,138884,19990000,19990000,14
2026-08-07T07:41:48Z,138967,500,800,5202
2026-08-07T07:41:48Z,138972,9900000,9900000,19
2026-08-07T07:41:48Z,138973,9900000,9900000,20
2026-08-07T07:41:48Z,138974,9900000,9900000,19
2026-08-07T07:41:48Z,138975,9900000,9900000,25
2026-08-07T07:41:48Z,138976,9900000,9900000,24
2026-08-07T07:41:48Z,138977,900000,900000,55
2026-08-07T07:41:48Z,138978,9900000,9900000,40
2026-08-07T07:41:48Z,138979,9600,9700,2394
2026-08-07T07:41:48Z,138980,9969700,9969700,36
2026-08-07T07:41:48Z,138981,9960200,9960200,25
2026-08-07T07:41:48Z,138982,9903200,9903200,44
2026-08-07T07:41:48Z,138983,499999900,499999900,7
2026-08-07T07:41:48Z,138986,9900000,9900000,29
2026-08-07T07:41:48Z,138987,9901900,9901900,25
2026-08-07T07:41:48Z,139036,555500,555500,541
2026-08-07T07:41:48Z,139175,1000000,1000000,229
2026-08-07T07:41:48Z,139270,5440000,5449700,106
2026-08-07T07:41:48Z,139271,5254300,5349100,86
2026-08-07T07:41:48Z,139278,5005500,5005500,63
2026-08-07T07:41:48Z,139288,4559800,4559800,188
2026-08-07T07:41:48Z,139289,4300000,4398500,244
2026-08-07T07:41:48Z,139310,6499100,8350100,181
2026-08-07T07:41:48Z,139311,6499900,6499900,97
2026-08-07T07:41:48Z,139312,255720800,255720800,4
2026-08-07T07:41:48Z,139314,5999700,5999700,91
2026-08-07T07:41:48Z,139315,6949700,6949700,223
2026-08-07T07:41:48Z,139316,290000100,290000100,6
2026-08-07T07:41:48Z,139317,290000100,290000100,3
2026-08-07T07:41:48Z,139318,290000100,290000100,2
2026-08-07T07:41:48Z,139338,5660700,5661700,213
2026-08-07T07:41:48Z,139339,4400000,4500000,459
2026-08-07T07:41:48Z,139344,9993000,9993000,25
2026-08-07T07:41:48Z,139345,9890000,9890000,40
2026-08-07T07:41:48Z,139346,9970400,9970400,23
2026-08-07T07:41:48Z,139347,9786200,9786200,49
2026-08-07T07:41:48Z,139348,5635900,5636900,140
2026-08-07T07:41:48Z,139352,5549900,5549900,53
2026-08-07T07:41:48Z,139358,5951400,5953000,257
2026-08-07T07:41:48Z,139362,4990000,4990000,236
2026-08-07T07:41:48Z,139375,884000,3114000,428
2026-08-07T07:41:48Z,139389,28810400,28810400,7
2026-08-07T07:41:48Z,139398,1203000,9959900,29
2026-08-07T07:41:48Z,139417,5508000,5508200,126
2026-08-07T07:41:48Z,139435,5983300,5984400,105
2026-08-07T07:41:48Z,139436,5957200,5957200,168
2026-08-07T07:41:48Z,139437,4990000,4999700,459
2026-08-07T07:41:48Z,139438,4999900,4999900,175
2026-08-07T07:41:48Z,139442,6606200,6606700,102
2026-08-07T07:41:48Z,139503,67200,67200,139
2026-08-07T07:41:48Z,139783,169500,169500,7
2026-08-07T07:41:48Z,139785,3484897000,3484897000,1
2026-08-07T07:41:48Z,139786,1480000,1480000,1129
2026-08-07T07:41:48Z,139890,6004500,18884900,972
2026-08-07T07:41:48Z,140187,2300,2300,100
2026-08-07T07:41:48Z,140188,2300,2300,90
2026-08-07T07:41:48Z,140189,4500,4500,118
2026-08-07T07:41:48Z,140201,9905600,9905600,70
2026-08-07T07:41:48Z,140202,9905700,9905700,64
2026-08-07T07:41:48Z,140203,9905700,9905700,20
2026-08-07T07:41:48Z,140204,154000,154000,95
2026-08-07T07:41:48Z,140205,9900400,9900400,61
2026-08-07T07:41:48Z,140206,9906900,9906900,25
2026-08-07T07:41:48Z,140207,9900000,9900000,24
2026-08-07T07:41:48Z,140265,900000,900000,99
2026-08-07T07:41:48Z,140266,864600,882200,68
2026-08-07T07:41:48Z,140269,900000,900000,90
2026-08-07T07:41:48Z,140272,197700,201700,69
2026-08-07T07:41:48Z,140273,900000,900000,70
2026-08-07T07:41:48Z,140275,9960000,9960000,40
2026-08-07T07:41:48Z,140276,22600,22600,60
2026-08-07T07:41:48Z,140286,9785200,9785200,43
2026-08-07T07:41:48Z,140296,9908000,9908000,25
2026-08-07T07:41:48Z,140297,9880000,9880000,29
2026-08-07T07:41:48Z,140298,9969800,9969800,30
2026-08-07T07:41:48Z,140299,9900000,9900000,40
2026-08-07T07:41:48Z,140300,50300,50300,30
2026-08-07T07:41:48Z,140301,9877000,9877000,39
2026-08-07T07:41:48Z,140302,9840000,9840000,25
2026-08-07T07:41:48Z,140321,290000100,290000100,1
2026-08-07T07:41:48Z,140337,9904700,9904700,41
2026-08-07T07:41:48Z,140338,5994700,9904700,27
2026-08-07T07:41:48Z,140339,9900000,9900000,25
2026-08-07T07:41:48Z,140340,9909800,9909800,25
2026-08-07T07:41:48Z,140341,9900800,9900800,33
2026-08-07T07:41:48Z,140342,9969700,9969700,7
2026-08-07T07:41:48Z,140344,3000000,3000000,46
2026-08-07T07:41:48Z,140347,25500,25500,271
2026-08-07T07:41:48Z,140351,82200,82200,86
2026-08-07T07:41:48Z,140355,4508600,9990200,26
2026-08-07T07:41:48Z,140568,4000000,4000000,23
2026-08-07T07:41:48Z,140587,93600,93600,299
2026-08-07T07:41:48Z,140626,199991000,199991000,6
2026-08-07T07:41:48Z,140627,9999900,9999900,25
2026-08-07T07:41:48Z,140629,199900100,199900100,6
2026-08-07T07:41:48Z,140630,4794900,4794900,95
2026-08-07T07:41:48Z,140631,39700,59700,50
2026-08-07T07:41:48Z,140668,19000,19800,72
2026-08-07T07:41:48Z,140679,9963100,9963100,30
2026-08-07T07:41:48Z,140753,100000,9989800,38
2026-08-07T07:41:48Z,140754,19900,9840000,42
2026-08-07T07:41:48Z,141206,9993200,9993200,30
2026-08-07T07:41:48Z,141207,1250000,1259000,50
2026-08-07T07:41:48Z,141208,9980000,9980000,25
2026-08-07T07:41:48Z,141209,9904800,9904800,23
2026-08-07T07:41:48Z,141210,9970400,9970400,25
2026-08-07T07:41:48Z,141211,9970500,9970500,25
2026-08-07T07:41:48Z,141212,9850000,9850000,24
2026-08-07T07:41:48Z,141213,9908300,9908300,25
2026-08-07T07:41:48Z,141214,9889900,9889900,45
2026-08-07T07:41:48Z,141215,9850500,9850500,40
2026-08-07T07:41:48Z,141318,4340000,4340000,15
2026-08-07T07:41:48Z,141319,4343000,4343000,29
2026-08-07T07:41:48Z,141320,975200,975200,15
2026-08-07T07:41:48Z,141333,4291300,4291300,65
2026-08-07T07:41:48Z,141446,200000,200000,1047
2026-08-07T07:41:48Z,141527,90000,90000,68
2026-08-07T07:41:48Z,141640,16409300,49009300,22
2026-08-07T07:41:48Z,141641,9992500,9992500,57
2026-08-07T07:41:48Z,141898,4980000,5065400,100
2026-08-07T07:41:48Z,141908,1809300,1809300,66
2026-08-07T07:41:48Z,141909,1999100,1999100,40
2026-08-07T07:41:48Z,141910,1056900,1056900,178
2026-08-07T07:41:48Z,141957,1500005700,1500005700,1
2026-08-07T07:41:48Z,142101,169800,169900,65
2026-08-07T07:41:48Z,142102,995300,995400,56
2026-08-07T07:41:48Z,142103,427500,450000,26
2026-08-07T07:41:48Z,142117,9900,9900,3786
2026-08-07T07:41:48Z,142262,409700,409700,51
2026-08-07T07:41:48Z,142263,42900,42900,370
2026-08-07T07:41:48Z,142264,66900,66900,65
2026-08-07T07:41:48Z,142266,300,400,7105
2026-08-07T07:41:48Z,142334,307700,307700,94
2026-08-07T07:41:48Z,142335,300,300,9077
2026-08-07T07:41:48Z,142336,1500,3400,9936
2026-08-07T07:41:48Z,142406,82600,82600,306
2026-08-07T07:41:48Z,143588,5889000,5889000,64
2026-08-07T07:41:48Z,143618,290003900,290003900,1
2026-08-07T07:41:48Z,143619,290005400,290005400,1
2026-08-07T07:41:48Z,143633,190000100,190000100,7
2026-08-07T07:41:48Z,143634,195200000,195200000,6
2026-08-07T07:41:48Z,143635,199000900,199000900,6
2026-08-07T07:41:48Z,143636,99050400,99050400,11
2026-08-07T07:41:48Z,143681,2000,2000,1321
2026-08-07T07:41:48Z,143750,4378200,4378200,141
2026-08-07T07:41:48Z,143846,1500001300,1500001300,1
2026-08-07T07:41:48Z,143853,4999900,4999900,126
2026-08-07T07:41:48Z,144283,5500000100,5500000100,1
2026-08-07T07:41:48Z,144284,5500000200,5500000200,1
2026-08-07T07:41:48Z,144287,290000100,290000100,1
2026-08-07T07:41:48Z,144289,990000100,990000100,1
2026-08-07T07:41:48Z,144290,5500000100,5500000100,1
2026-08-07T07:41:48Z,144304,283700,283700,39
2026-08-07T07:41:48Z,144305,307600,307600,61
2026-08-07T07:41:48Z,144306,853100,853100,27
2026-08-07T07:41:48Z,144307,250000,250000,75
2026-08-07T07:41:48Z,144329,6998900,6998900,205
2026-08-07T07:41:48Z,144396,199899700,199899700,1
2026-08-07T07:41:48Z,144397,199979800,199979800,1
2026-08-07T07:41:48Z,144398,39889100,39889100,5
2026-08-07T07:41:48Z,144408,49001300,49001300,23
2026-08-07T07:41:48Z,146406,9908700,9908700,40
2026-08-07T07:41:48Z,147119,7000100,7000100,210
2026-08-07T07:41:48Z,147210,49000100,49000100,23
2026-08-07T07:41:48Z,147669,99900,297000,85
2026-08-07T07:41:48Z,147774,489600,489700,49
2026-08-07T07:41:48Z,147775,899900,899900,52
2026-08-07T07:41:48Z,147776,600000,600000,166
2026-08-07T07:41:48Z,147777,500000,500000,114
2026-08-07T07:41:48Z,147868,465800,465800,30
2026-08-07T07:41:48Z,147869,8000,8000,8117
2026-08-07T07:41:48Z,147870,10700,990000,217
2026-08-07T07:41:48Z,149755,248800,248800,235
2026-08-07T07:41:48Z,151034,290001200,290001200,1
2026-08-07T07:41:48Z,151121,9988500,9988500,20
2026-08-07T07:41:48Z,151122,9900000,9900000,25
2026-08-07T07:41:48Z,151123,9990000,9990000,25
2026-08-07T07:41:48Z,151124,9990000,9990000,20
2026-08-07T07:41:48Z,151133,2908500,2908700,798
2026-08-07T07:41:48Z,151256,72800,72900,607
2026-08-07T07:41:48Z,151257,25000,25000,203
2026-08-07T07:41:48Z,151386,229900,229900,4
2026-08-07T07:41:48Z,151387,3000000,3000000,7
2026-08-07T07:41:48Z,151388,10000000,10000000,6
2026-08-07T07:41:48Z,151389,100008400,200008400,8
2026-08-07T07:41:48Z,151390,333300,500000,29
2026-08-07T07:41:48Z,151391,249900,249900,35
2026-08-07T07:41:48Z,151392,80000,80000,20
2026-08-07T07:41:48Z,151393,5000000,5000000,21
2026-08-07T07:41:48Z,151394,399900,49000000,28
2026-08-07T07:41:48Z,151431,1200000,5606800,29
2026-08-07T07:41:48Z,151444,99000,99000,28
2026-08-07T07:41:48Z,151538,6509500,6509500,157
2026-08-07T07:41:48Z,151540,6562700,8350100,76
2026-08-07T07:41:48Z,151542,6500300,6800300,329
2026-08-07T07:41:48Z,151564,64000,64000,1415
2026-08-07T07:41:48Z,151565,93100,94000,5785
2026-08-07T07:41:48Z,151566,1300,1300,50524
2026-08-07T07:41:48Z,151567,2500,650000,250832
2026-08-07T07:41:48Z,151579,111100,111200,250
2026-08-07T07:41:48Z,151580,350000,409800,48
2026-08-07T07:41:48Z,151583,753700,753900,171
2026-08-07T07:41:48Z,151584,1990000,1990000,12
2026-08-07T07:41:48Z,151585,100000,100000,44
2026-08-07T07:41:48Z,151608,400800,400800,255
2026-08-07T07:41:48Z,151609,8500,8500,2971
2026-08-07T07:41:48Z,151610,39000,39000,62
2026-08-07T07:41:48Z,151651,14001100,14001100,7
2026-08-07T07:41:48Z,151718,4443800,4446900,34
2026-08-07T07:41:48Z,151719,1679900,1689200,131
2026-08-07T07:41:48Z,151720,1989900,1989900,772
2026-08-07T07:41:48Z,151721,151400,151400,592
2026-08-07T07:41:48Z,151722,2686000,2686000,1014
2026-08-07T07:41:48Z,151774,9900000,9900000,34
2026-08-07T07:41:48Z,151775,49999900,49999900,5
2026-08-07T07:41:48Z,152099,300000,300000,119
2026-08-07T07:41:48Z,152296,49001600,49001600,29
2026-08-07T07:41:48Z,152494,44500,46600,576
2026-08-07T07:41:48Z,152495,19900,20000,94
2026-08-07T07:41:48Z,152496,2500,2500,257
2026-08-07T07:41:48Z,152497,13400,75000,453
2026-08-07T07:41:48Z,152503,29900,112500,495
2026-08-07T07:41:48Z,152505,63200,63200,10812
2026-08-07T07:41:48Z,152506,59500,67500,15768
2026-08-07T07:41:48Z,152507,57000,57500,67700
2026-08-07T07:41:48Z,152508,58900,71700,51805
2026-08-07T07:41:48Z,152509,59500,68800,26682
2026-08-07T07:41:48Z,152510,128700,137400,6384
2026-08-07T07:41:48Z,152511,59500,60900,12282
2026-08-07T07:41:48Z,152512,32500,40000,479296
2026-08-07T07:41:48Z,152513,45000,62700,9342
2026-08-07T07:41:48Z,152541,66900,66900,39124
2026-08-07T07:41:48Z,152542,700,700,162331
2026-08-07T07:41:48Z,152543,29000,29000,2665
2026-08-07T07:41:48Z,152544,6000,6500,2841
2026-08-07T07:41:48Z,152545,6600,6600,4409
2026-08-07T07:41:48Z,152546,9800,11000,13332
2026-08-07T07:41:48Z,152547,58800,58800,23083
2026-08-07T07:41:48Z,152548,100000,930000,166
2026-08-07T07:41:48Z,152549,227100,227100,3088
2026-08-07T07:41:48Z,152550,7900,10800,735
2026-08-07T07:41:48Z,152557,100000,250000,468
2026-08-07T07:41:48Z,152559,110000,110000,183
2026-08-07T07:41:48Z,152560,64300,64300,314
2026-08-07T07:41:48Z,152561,9900,9900,218
2026-08-07T07:41:48Z,152564,320400,320400,327
2026-08-07T07:41:48Z,152576,6900,8900,63319
2026-08-07T07:41:48Z,152577,26500,26500,512018
2026-08-07T07:41:48Z,152579,139900,170000,6329
2026-08-07T07:41:48Z,152615,100000,1500000,432
2026-08-07T07:41:48Z,152631,3000,3000,7354
2026-08-07T07:41:48Z,152638,202000,209800,685
2026-08-07T07:41:48Z,152639,190000,200000,1694
2026-08-07T07:41:48Z,152640,214900,3004700,445
2026-08-07T07:41:48Z,152641,280000,937500,873
2026-08-07T07:41:48Z,152717,9900000,9900000,25
2026-08-07T07:41:48Z,152718,1250000,1250000,149
2026-08-07T07:41:48Z,152812,500000,500000,350
2026-08-07T07:41:48Z,152813,750000,750000,194
2026-08-07T07:41:48Z,152867,49002700,49002700,20
2026-08-07T07:41:48Z,152875,33300,33300,3134
2026-08-07T07:41:48Z,152876,155100,156600,862
2026-08-07T07:41:48Z,152877,259900,494500,48104
2026-08-07T07:41:48Z,152897,49000000,49000000,49
2026-08-07T07:41:48Z,153015,917600,917600,79
2026-08-07T07:41:48Z,153031,6488300,6490300,298
2026-08-07T07:41:48Z,153033,6504800,6504800,57
2026-08-07T07:41:48Z,153036,9999900,14991900,76
2026-08-07T07:41:48Z,153050,9900,12200,35406
2026-08-07T07:41:48Z,153051,2500,9900,74521
2026-08-07T07:41:48Z,153133,406100,996100,28
2026-08-07T07:41:48Z,153134,290000500,290000500,1
2026-08-07T07:41:48Z,153192,99900,203500,97
2026-08-07T07:41:48Z,153219,19990100,19990100,10
2026-08-07T07:41:48Z,153251,29999500,29999500,40
2026-08-07T07:41:48Z,153430,14900,133700,86
2026-08-07T07:41:48Z,153431,248800,250000,114
2026-08-07T07:41:48Z,153434,64900,69000,48
2026-08-07T07:41:48Z,153435,39500,39500,60
2026-08-07T07:41:48Z,153437,10900,10900,100
2026-08-07T07:41:48Z,153438,18800,18800,105
2026-08-07T07:41:48Z,153439,30900,30900,80
2026-08-07T07:41:48Z,153440,35500,39100,256
2026-08-07T07:41:48Z,153441,30100,30100,65
2026-08-07T07:41:48Z,153442,476700,476700,200
2026-08-07T07:41:48Z,153443,135200,135200,72
2026-08-07T07:41:48Z,153444,24800,25000,192
2026-08-07T07:41:48Z,153445,2199400,2448000,53
2026-08-07T07:41:48Z,153476,120000,120000,270
2026-08-07T07:41:48Z,153478,327300,374700,449
2026-08-07T07:41:48Z,153479,80000,83000,144
2026-08-07T07:41:48Z,153480,689600,1177000,385
2026-08-07T07:41:48Z,153487,20000,25600,555
2026-08-07T07:41:48Z,153490,1000,150000,2312
2026-08-07T07:41:48Z,153494,20000,34300,940
2026-08-07T07:41:48Z,153510,1100000,1100000,1319
2026-08-07T07:41:48Z,153512,39900,1750000,627
2026-08-07T07:41:48Z,153566,9803800,9803800,75
2026-08-07T07:41:48Z,153567,9803800,9803800,83
2026-08-07T07:41:48Z,153568,9803800,9803800,77
2026-08-07T07:41:48Z,153569,9803800,9803800,69
2026-08-07T07:41:48Z,153570,9703800,9703800,95
2026-08-07T07:41:48Z,153597,744700,744700,2302
2026-08-07T07:41:48Z,153602,9950000,9950000,20
2026-08-07T07:41:48Z,153603,170000,170000,61
2026-08-07T07:41:48Z,153604,210000,3119900,221
2026-08-07T07:41:48Z,153605,548500,548500,30
2026-08-07T07:41:48Z,153606,559800,559800,33
2026-08-07T07:41:48Z,153607,940700,940700,40
2026-08-07T07:41:48Z,153608,260700,260700,22
2026-08-07T07:41:48Z,153609,480000,480000,33
2026-08-07T07:41:48Z,153610,989600,3119800,92
2026-08-07T07:41:48Z,153611,199700,199700,70
2026-08-07T07:41:48Z,153612,980000,980000,19
2026-08-07T07:41:48Z,153613,8900000,9900000,51
2026-08-07T07:41:48Z,153614,39859800,39859800,23
2026-08-07T07:41:48Z,153615,250000,259800,17
2026-08-07T07:41:48Z,153616,259800,259800,23
2026-08-07T07:41:48Z,153617,190000,190100,21
2026-08-07T07:41:48Z,153618,689900,689900,17
2026-08-07T07:41:48Z,153619,854000,854000,92
2026-08-07T07:41:48Z,153620,240000,240000,29
2026-08-07T07:41:48Z,153621,599900,609900,31
2026-08-07T07:41:48Z,153622,209800,209800,57
2026-08-07T07:41:48Z,153623,600000,3119900,135
2026-08-07T07:41:48Z,153624,159800,159800,52
2026-08-07T07:41:48Z,153625,495800,1896000,154
2026-08-07T07:41:48Z,153626,989500,989500,28
2026-08-07T07:41:48Z,153627,209800,210000,200
2026-08-07T07:41:48Z,153628,250000,2010000,199
2026-08-07T07:41:48Z,153629,159600,159600,102
2026-08-07T07:41:48Z,153630,900000,2999900,366
2026-08-07T07:41:48Z,153631,269900,269900,68
2026-08-07T07:41:48Z,153632,150000,150000,77
2026-08-07T07:41:48Z,153633,443600,3110000,309
2026-08-07T07:41:48Z,153634,270000,2711800,61
2026-08-07T07:41:48Z,153635,5000,5000,18477
2026-08-07T07:41:48Z,153636,255600,255800,3316
2026-08-07T07:41:48Z,153646,290000,9909500,33
2026-08-07T07:41:48Z,153647,299800,299800,167
2026-08-07T07:41:48Z,153661,250000,500000,78
2026-08-07T07:41:48Z,153662,9900400,9900400,45
2026-08-07T07:41:48Z,153663,1005100,1005200,57
2026-08-07T07:41:48Z,153664,2699900,2999900,16
2026-08-07T07:41:48Z,153665,500000,500000,48
2026-08-07T07:41:48Z,153666,900000,1499900,120
2026-08-07T07:41:48Z,153667,700000,750000,226
2026-08-07T07:41:48Z,153668,125000,888800,1204
2026-08-07T07:41:48Z,153669,21700,21700,10841
2026-08-07T07:41:48Z,153673,2689900,2699900,229
2026-08-07T07:41:48Z,153700,118800,120000,914
2026-08-07T07:41:48Z,153701,25000,25300,1084
2026-08-07T07:41:48Z,153702,83900,83900,852
2026-08-07T07:41:48Z,153703,25000,25100,421
2026-08-07T07:41:48Z,153704,29500,29500,727
2026-08-07T07:41:48Z,153705,50500,50500,928
2026-08-07T07:41:48Z,153706,176100,176100,692
2026-08-07T07:41:48Z,153707,639800,639800,45
2026-08-07T07:41:48Z,153708,450000,450000,57
2026-08-07T07:41:48Z,153709,399900,400000,25
2026-08-07T07:41:48Z,153710,228200,288200,228
2026-08-07T07:41:48Z,153711,149300,149300,108
2026-08-07T07:41:48Z,153712,29000,29000,65
2026-08-07T07:41:48Z,153713,55000,55000,107
2026-08-07T07:41:48Z,153714,28500,28500,128
2026-08-07T07:41:48Z,153715,109900,109900,28
2026-08-07T07:41:48Z,154120,64200,64800,758
2026-08-07T07:41:48Z,154121,35200,37600,647
2026-08-07T07:41:48Z,154122,39500,40000,337
2026-08-07T07:41:48Z,154123,504900,510000,524
2026-08-07T07:41:48Z,154124,188000,190000,582
2026-08-07T07:41:48Z,154125,36000,36500,544
2026-08-07T07:41:48Z,154126,120000,129900,106
2026-08-07T07:41:48Z,154127,150000,150000,75
2026-08-07T07:41:48Z,154128,38500,38800,257
2026-08-07T07:41:48Z,154129,35000,35000,180
2026-08-07T07:41:48Z,154131,9970500,9970500,25
2026-08-07T07:41:48Z,154132,9908800,9908800,40
2026-08-07T07:41:48Z,154133,9905000,9905000,25
2026-08-07T07:41:48Z,154164,7500,7600,17415
2026-08-07T07:41:48Z,154165,300,300,211690
2026-08-07T07:41:48Z,154166,50000,50000,247
2026-08-07T07:41:48Z,154167,87500,309900,157
2026-08-07T07:41:48Z,154168,462000,462000,99
2026-08-07T07:41:48Z,154169,89500,100000,1487
2026-08-07T07:41:48Z,154705,242200,244400,46
2026-08-07T07:41:48Z,154706,330000,330000,190
2026-08-07T07:41:48Z,154707,346000,346000,174
2026-08-07T07:41:48Z,154722,1100,1100,79567
2026-08-07T07:41:48Z,154881,50000,50000,683
2026-08-07T07:41:48Z,154882,20000,20000,543
2026-08-07T07:41:48Z,154883,49900,49900,337
2026-08-07T07:41:48Z,154884,5000,5000,828
2026-08-07T07:41:48Z,154885,9300,9600,1294
2026-08-07T07:41:48Z,154886,99900,99900,1927
2026-08-07T07:41:48Z,154887,30000,30000,202
2026-08-07T07:41:48Z,154888,1300,1300,818
2026-08-07T07:41:48Z,154889,30000,30000,431
2026-08-07T07:41:48Z,154891,1300,1300,440
2026-08-07T07:41:48Z,154897,700,700,9128
2026-08-07T07:41:48Z,154898,700,700,3644
2026-08-07T07:41:48Z,154899,900,1000,3604
2026-08-07T07:41:48Z,154989,3000000,3000000,201
2026-08-07T07:41:48Z,154990,4750000,5999900,315
2026-08-07T07:41:48Z,155593,20000,19900000,44
2026-08-07T07:41:48Z,155598,9400,9400,31
2026-08-07T07:41:48Z,155600,290008100,290008100,1
2026-08-07T07:41:48Z,155601,3600,3600,91
2026-08-07T07:41:48Z,155603,5500,5500,30
2026-08-07T07:41:48Z,155605,65000,65000,46
2026-08-07T07:41:48Z,155607,290008100,290008100,2
2026-08-07T07:41:48Z,155608,3200,3200,154
2026-08-07T07:41:48Z,155609,3900,3900,54
2026-08-07T07:41:48Z,155610,37500,37500,107
2026-08-07T07:41:48Z,155615,9400,9400,207
2026-08-07T07:41:48Z,155618,4000,4000,125
2026-08-07T07:41:48Z,155620,290008100,290008100,1
2026-08-07T07:41:48Z,155629,3300,73300,238
2026-08-07T07:41:48Z,155631,3900,3900,175
2026-08-07T07:41:48Z,155635,3700,3700,573
2026-08-07T07:41:48Z,155636,9900,9909900,70
2026-08-07T07:41:48Z,155649,290002300,290002300,1
2026-08-07T07:41:48Z,155810,16008400,16008400,4
2026-08-07T07:41:48Z,155811,65000,65000,143
2026-08-07T07:41:48Z,155812,59800,59800,62
2026-08-07T07:41:48Z,155813,59900,59900,200
2026-08-07T07:41:48Z,155814,105000,105000,290
2026-08-07T07:41:48Z,155907,100000,9903100,43
2026-08-07T07:41:48Z,155909,9322300,9322300,50
2026-08-07T07:41:48Z,155910,300000,300000,57
2026-08-07T07:41:48Z,156525,71000,71000,337
2026-08-07T07:41:48Z,156526,200000,200000,319
2026-08-07T07:41:48Z,156624,49000200,49000200,10
2026-08-07T07:41:48Z,156627,99991500,99991500,2
2026-08-07T07:41:48Z,156646,1500005100,1500005100,1
2026-08-07T07:41:48Z,156872,9900800,9900800,40
2026-08-07T07:41:48Z,156873,9903400,9903400,35
2026-08-07T07:41:48Z,156930,7200,8600,14323
2026-08-07T07:41:48Z,157798,39595300,39595300,10
2026-08-07T07:41:48Z,157842,4500,9904500,108
2026-08-07T07:41:48Z,157844,3500,3500,61
2026-08-07T07:41:48Z,158186,500,500,10490
2026-08-07T07:41:48Z,158187,9900,9900,31160
2026-08-07T07:41:48Z,158188,457000,457000,8795
2026-08-07T07:41:48Z,158189,5000,5000,6432
2026-08-07T07:41:48Z,158201,270000,2099900,1807
2026-08-07T07:41:48Z,158202,190000,1299900,809
2026-08-07T07:41:48Z,158203,30000,30000,257
2026-08-07T07:41:48Z,158204,1226900,1399900,582
2026-08-07T07:41:48Z,158205,900,900,9584
2026-08-07T07:41:48Z,158210,7700,7700,289
2026-08-07T07:41:48Z,158212,189900,340000,108
2026-08-07T07:41:48Z,158327,34000,34000,119
2026-08-07T07:41:48Z,158377,1000000,1000000,102
2026-08-07T07:41:48Z,158378,1900,1900,38851
2026-08-07T07:41:48Z,158379,4700,500000,4327
2026-08-07T07:41:48Z,158380,499900,550000,3421
2026-08-07T07:41:48Z,158381,4100,4100,186
2026-08-07T07:41:48Z,158382,18700,18700,268
2026-08-07T07:41:48Z,158466,47000,47000,75
2026-08-07T07:41:48Z,158736,290008900,290008900,1
2026-08-07T07:41:48Z,158740,14000,14000,38
2026-08-07T07:41:48Z,158743,290009200,290009200,1
2026-08-07T07:41:48Z,158744,1500000,1500000,4
2026-08-07T07:41:48Z,158745,11500,11500,89
2026-08-07T07:41:48Z,158746,49001000,49001000,26
2026-08-07T07:41:48Z,158747,508600,508600,27
2026-08-07T07:41:48Z,158749,290002200,290002200,1
2026-08-07T07:41:48Z,158750,4900000,49007300,22
2026-08-07T07:41:48Z,158751,6000,6000,316
2026-08-07T07:41:48Z,158752,555000,49005000,22
2026-08-07T07:41:48Z,158754,67531500,67531500,3
2026-08-07T07:41:48Z,158756,3002400,3002400,3
2026-08-07T07:41:48Z,158757,12000000,12000000,5
2026-08-07T07:41:48Z,158758,290000300,290000300,1
2026-08-07T07:41:48Z,158759,7509900,7509900,3
2026-08-07T07:41:48Z,158760,27200,27200,24
2026-08-07T07:41:48Z,158765,5000000,5000000,5
2026-08-07T07:41:48Z,158769,290008100,290008100,1
2026-08-07T07:41:48Z,158770,290009200,290009200,1
2026-08-07T07:41:48Z,158771,3100,3100,107
2026-08-07T07:41:48Z,158773,12700,12700,63
2026-08-07T07:41:48Z,158775,8800,8800,182
2026-08-07T07:41:48Z,158777,150001400,150001400,15
2026-08-07T07:41:48Z,158778,175000,175000,49
2026-08-07T07:41:48Z,158779,290000600,290000600,1
2026-08-07T07:41:48Z,158781,139301000,139301000,2
2026-08-07T07:41:48Z,158783,290000700,290000700,1
2026-08-07T07:41:48Z,158788,290004200,290004200,1
2026-08-07T07:41:48Z,158789,1972700,1972700,6
2026-08-07T07:41:48Z,158790,2500000,2500000,4
2026-08-07T07:41:48Z,158792,290002500,290002500,1
2026-08-07T07:41:48Z,158794,290000800,290000800,1
2026-08-07T07:41:48Z,158795,48000600,48000600,25
2026-08-07T07:41:48Z,158796,4680000,4680000,2
2026-08-07T07:41:48Z,158797,9005000,9005000,3
2026-08-07T07:41:48Z,158801,1501800,1501800,3
2026-08-07T07:41:48Z,158805,290008200,290008200,1
2026-08-07T07:41:48Z,158806,16000,49006000,21
2026-08-07T07:41:48Z,158808,12600,12600,32
2026-08-07T07:41:48Z,158810,290005600,290005600,1
2026-08-07T07:41:48Z,158811,770000,770000,30
2026-08-07T07:41:48Z,158813,250000,250000,46
2026-08-07T07:41:48Z,158815,50001800,50001800,2
2026-08-07T07:41:48Z,158817,290008200,290008200,1
2026-08-07T07:41:48Z,158818,290008700,290008700,1
2026-08-07T07:41:48Z,158819,2559800,2559800,8
2026-08-07T07:41:48Z,158820,290007800,290007800,1
2026-08-07T07:41:48Z,158821,417000,417000,28
2026-08-07T07:41:48Z,158822,290003000,290003000,1
2026-08-07T07:41:48Z,158823,35000000,45000000,20
2026-08-07T07:41:48Z,158826,290007000,290007000,1
2026-08-07T07:41:48Z,158828,2270200,2270200,45
2026-08-07T07:41:48Z,158830,290000000,290000000,1
2026-08-07T07:41:48Z,158831,28900,28900,61
2026-08-07T07:41:48Z,158832,6904300,6904300,4
2026-08-07T07:41:48Z,158834,15400,15400,31
2026-08-07T07:41:48Z,158836,290009500,290009500,1
2026-08-07T07:41:48Z,158838,149990000,149990000,3
2026-08-07T07:41:48Z,158839,50000,50000,57
2026-08-07T07:41:48Z,158840,290001100,290001100,1
2026-08-07T07:41:48Z,158842,990003100,990003100,1
2026-08-07T07:41:48Z,158844,290002200,290002200,1
2026-08-07T07:41:48Z,158848,1000000,49000000,27
2026-08-07T07:41:48Z,158849,209900,209900,5
2026-08-07T07:41:48Z,158850,250000000,250000000,6
2026-08-07T07:41:48Z,158851,290002000,290002000,4
2026-08-07T07:41:48Z,158853,50000000,50000000,5
2026-08-07T07:41:48Z,158855,249900,249900,6
2026-08-07T07:41:48Z,158856,1500000,49000000,22
2026-08-07T07:41:48Z,158857,289950000,289950000,2
2026-08-07T07:41:48Z,158858,290002600,290002600,1
2026-08-07T07:41:48Z,158859,11000,11000,186
2026-08-07T07:41:48Z,158860,9999900,9999900,28
2026-08-07T07:41:48Z,158861,575000,575000,29
2026-08-07T07:41:48Z,158862,14900,14900,112
2026-08-07T07:41:48Z,158863,11900,20000,78
2026-08-07T07:41:48Z,158864,54500,54500,42
2026-08-07T07:41:48Z,158865,12700,12700,124
2026-08-07T07:41:48Z,158866,75000,75000,37
2026-08-07T07:41:48Z,158867,14800,14800,362
2026-08-07T07:41:48Z,158868,49900,49009900,21
2026-08-07T07:41:48Z,158869,29300,29300,38
2026-08-07T07:41:48Z,158870,7400,7400,52
2026-08-07T07:41:48Z,158871,1500000,1500000,5
2026-08-07T07:41:48Z,158872,49006000,49006000,20
2026-08-07T07:41:48Z,158873,290000000,290000000,1
2026-08-07T07:41:48Z,158874,10999900,11009900,38
2026-08-07T07:41:48Z,158926,9882900,9882900,25
2026-08-07T07:41:48Z,158927,200000,9990000,44
2026-08-07T07:41:48Z,158936,40003000,49003000,23
2026-08-07T07:41:48Z,159140,37900,37900,25
2026-08-07T07:41:48Z,159145,290000600,290000600,1
2026-08-07T07:41:48Z,159464,12500,49400,30
2026-08-07T07:41:48Z,159466,5100,5100,45
2026-08-07T07:41:48Z,159467,174000,174400,44
2026-08-07T07:41:48Z,159468,167600,167600,54
2026-08-07T07:41:48Z,159471,11100,11100,104
2026-08-07T07:41:48Z,159750,9890000,9890000,25
2026-08-07T07:41:48Z,159756,119000,119000,26
2026-08-07T07:41:48Z,159785,209300,209400,309
2026-08-07T07:41:48Z,159786,291700,291700,212
2026-08-07T07:41:48Z,159787,110000,1469000,264
2026-08-07T07:41:48Z,159788,926300,926500,272
2026-08-07T07:41:48Z,159789,46600,1469000,287
2026-08-07T07:41:48Z,159791,179300,179300,91
2026-08-07T07:41:48Z,159792,4000,4000,66
2026-08-07T07:41:48Z,159825,50000,50000,1517
2026-08-07T07:41:48Z,159826,70000,70000,173
2026-08-07T07:41:48Z,159827,19300,19400,72
2026-08-07T07:41:48Z,159845,47200,57200,140
2026-08-07T07:41:48Z,159846,20000,297000,66
2026-08-07T07:41:48Z,159847,9800,231300,98
2026-08-07T07:41:48Z,159848,504000,504000,55
2026-08-07T07:41:48Z,159849,22100,32100,95
2026-08-07T07:41:48Z,159850,45700,55700,48
2026-08-07T07:41:48Z,159867,19000,19000,101
2026-08-07T07:41:48Z,159868,58300,58300,65
2026-08-07T07:41:48Z,159869,9900000,9900000,40
2026-08-07T07:41:48Z,159870,1250000,9970000,45
2026-08-07T07:41:48Z,159871,30000,30000,59
2026-08-07T07:41:48Z,159872,9890000,9890000,30
2026-08-07T07:41:48Z,159873,40000,40000,64
2026-08-07T07:41:48Z,159874,1259800,1259800,75
2026-08-07T07:41:48Z,159875,9900000,9900000,45
2026-08-07T07:41:48Z,159876,9900000,9900000,39
2026-08-07T07:41:48Z,159878,221000,221000,63
2026-08-07T07:41:48Z,159879,9969700,9969700,35
2026-08-07T07:41:48Z,159897,9900000,9900000,43
2026-08-07T07:41:48Z,159898,9900000,9900000,40
2026-08-07T07:41:48Z,159899,27400,47400,54
2026-08-07T07:41:48Z,159900,1250000,9900000,45
2026-08-07T07:41:48Z,159919,30200,30200,61
2026-08-07T07:41:48Z,159920,10000,10000,48
2026-08-07T07:41:48Z,159959,8000,9000,7361
2026-08-07T07:41:48Z,160053,112800,112800,469
2026-08-07T07:41:48Z,160059,700,700,7070
2026-08-07T07:41:48Z,160092,1000,1000,342
2026-08-07T07:41:48Z,160298,1600,22500,22086
2026-08-07T07:41:48Z,160328,25999900,25999900,2
2026-08-07T07:41:48Z,160330,199898600,199898600,2
2026-08-07T07:41:48Z,160398,2200,2200,2677
2026-08-07T07:41:48Z,160399,18800,18800,3174
2026-08-07T07:41:48Z,160400,7200,7200,3823
2026-08-07T07:41:48Z,160483,33600,33600,69
2026-08-07T07:41:48Z,160484,39900,39900,53
2026-08-07T07:41:48Z,160502,6400,6400,3013
2026-08-07T07:41:48Z,160518,89900,89900,85
2026-08-07T07:41:48Z,160551,290000100,290000100,1
2026-08-07T07:41:48Z,160554,9900000,9900000,40
2026-08-07T07:41:48Z,160560,49000100,49000100,25
2026-08-07T07:41:48Z,160579,990000100,990000100,1
2026-08-07T07:41:48Z,160581,290000100,290000100,1
2026-08-07T07:41:48Z,160582,1500000100,1500000100,2
2026-08-07T07:41:48Z,160611,9969700,9969700,25
2026-08-07T07:41:48Z,160705,9300,9300,10709
2026-08-07T07:41:48Z,160709,2700,2700,2084
2026-08-07T07:41:48Z,160710,1700,1700,3576
2026-08-07T07:41:48Z,160711,22000,22000,7859
2026-08-07T07:41:48Z,160712,2100,2100,1506
2026-08-07T07:41:48Z,160942,197621100,197621100,2
2026-08-07T07:41:48Z,160989,8088200,8088200,56
2026-08-07T07:41:48Z,161053,2200,2200,993
2026-08-07T07:41:48Z,161126,9900000,9900000,40
2026-08-07T07:41:48Z,161127,9851900,9851900,25
2026-08-07T07:41:48Z,161128,7400,8200,590
2026-08-07T07:41:48Z,161153,44500,44500,29
2026-08-07T07:41:48Z,161314,9700000,9700000,25
2026-08-07T07:41:48Z,161344,91000000,91000000,390
2026-08-07T07:41:48Z,161346,9969600,9969600,40
2026-08-07T07:41:48Z,161347,9900000,9900000,47
2026-08-07T07:41:48Z,161348,9989300,9989300,34
2026-08-07T07:41:48Z,161373,20500,20500,55
2026-08-07T07:41:48Z,161383,15000,15000,55
2026-08-07T07:41:48Z,161384,9909900,9909900,20
2026-08-07T07:41:48Z,162010,35000000,35000000,39
2026-08-07T07:41:48Z,162011,8999100,8999100,84
2026-08-07T07:41:48Z,162012,100000,100000,118
2026-08-07T07:41:48Z,162022,1652900,2797400,771
2026-08-07T07:41:48Z,162026,45500,65500,126
2026-08-07T07:41:48Z,162027,2098300,2098800,734
2026-08-07T07:41:48Z,162029,2836200,2836200,55
2026-08-07T07:41:48Z,162107,9500000000,9500000000,1
2026-08-07T07:41:48Z,162111,6355572000,6355572000,2
2026-08-07T07:41:48Z,162116,15000000000,15000000000,3
2026-08-07T07:41:48Z,162117,9990100,9990100,20
2026-08-07T07:41:48Z,162122,7500001400,7500001400,1
2026-08-07T07:41:48Z,162515,10000,10000,1987
2026-08-07T07:41:48Z,162516,1459800,1459900,817
2026-08-07T07:41:48Z,162517,298000,840000,1268
2026-08-07T07:41:48Z,162545,9900000,9900000,39
2026-08-07T07:41:48Z,162546,9889800,9889800,20
2026-08-07T07:41:48Z,162547,9969900,9969900,20
2026-08-07T07:41:48Z,162550,9890600,9890600,25
2026-08-07T07:41:48Z,162551,9950000,9950000,36
2026-08-07T07:41:48Z,162552,9902500,9902500,25
2026-08-07T07:41:48Z,162554,9850000,9850000,40
2026-08-07T07:41:48Z,162555,19600,19700,7295
2026-08-07T07:41:48Z,162556,9900000,9900000,29
2026-08-07T07:41:48Z,162557,30000,30000,51
2026-08-07T07:41:48Z,162558,9855700,9855700,37
2026-08-07T07:41:48Z,162559,9900,9900,53
2026-08-07T07:41:48Z,162560,1368700,7500000,57
2026-08-07T07:41:48Z,162561,46500,9950000,49
2026-08-07T07:41:48Z,162562,9959800,9959800,25
2026-08-07T07:41:48Z,162563,8001800,8001800,62
2026-08-07T07:41:48Z,162564,9849900,9849900,24
2026-08-07T07:41:48Z,162565,9890000,9890000,20
2026-08-07T07:41:48Z,162566,9900000,9900000,40
2026-08-07T07:41:48Z,162567,9900000,9900000,19
2026-08-07T07:41:48Z,162568,9974800,9974800,20
2026-08-07T07:41:48Z,162569,9904500,9904500,40
2026-08-07T07:41:48Z,162570,9957700,9957700,25
2026-08-07T07:41:48Z,162572,9890500,9890500,26
2026-08-07T07:41:48Z,162573,9897200,9897200,25
2026-08-07T07:41:48Z,162574,900000,900000,31
2026-08-07T07:41:48Z,162575,9900000,9900000,25
2026-08-07T07:41:48Z,162582,9971800,9971800,25
2026-08-07T07:41:48Z,162583,9949900,9949900,30
2026-08-07T07:41:48Z,162651,140000000,140000000,6
2026-08-07T07:41:48Z,162659,140000000,140000000,3
2026-08-07T07:41:48Z,162660,140000000,140000000,2
2026-08-07T07:41:48Z,162661,50005000,50005000,6
2026-08-07T07:41:48Z,162662,140000000,140000000,2
2026-08-07T07:41:48Z,162663,25942100,25996300,27
2026-08-07T07:41:48Z,162664,307000,307000,7
2026-08-07T07:41:48Z,162666,990001200,990001200,2
2026-08-07T07:41:48Z,162671,140000000,140000000,3
2026-08-07T07:41:48Z,162674,31679900,31680000,20
2026-08-07T07:41:48Z,162676,140000000,140000000,3
2026-08-07T07:41:48Z,162677,30000000,30000000,18
2026-08-07T07:41:48Z,162678,50005000,50005000,4
2026-08-07T07:41:48Z,162679,140000000,140000000,3
2026-08-07T07:41:48Z,162680,140000000,140000000,2
2026-08-07T07:41:48Z,162681,8494400,8494400,8
2026-08-07T07:41:48Z,162682,140000000,140000000,5
2026-08-07T07:41:48Z,162981,2503100,3903100,214
2026-08-07T07:41:48Z,162982,9000000,9000000,2
2026-08-07T07:41:48Z,163018,46200,493500,68
2026-08-07T07:41:48Z,163019,39400,59400,55
2026-08-07T07:41:48Z,163049,9950000,9950000,35
2026-08-07T07:41:48Z,163050,9900000,9900000,40
2026-08-07T07:41:48Z,163051,1250000,9880000,45
2026-08-07T07:41:48Z,163052,9893000,9893000,31
2026-08-07T07:41:48Z,163053,9989800,9989800,40
2026-08-07T07:41:48Z,163054,1259800,9900000,45
2026-08-07T07:41:48Z,163056,9900000,9900000,29
2026-08-07T07:41:48Z,163057,9997500,9997500,20
2026-08-07T07:41:48Z,163058,8880000,9990000,45
2026-08-07T07:41:48Z,163060,1250000,9700000,45
2026-08-07T07:41:48Z,163061,8373400,8373400,30
2026-08-07T07:41:48Z,163075,9954900,9954900,40
2026-08-07T07:41:48Z,163076,2998300,2998300,59
2026-08-07T07:41:48Z,163077,10300,10300,89
2026-08-07T07:41:48Z,163082,3300,3300,3588
2026-08-07T07:41:48Z,163083,9969800,9969800,40
2026-08-07T07:41:48Z,163094,406700,506700,66
2026-08-07T07:41:48Z,163098,103000,103000,58
2026-08-07T07:41:48Z,163100,9900000,9900000,50
2026-08-07T07:41:48Z,163101,9903200,9903200,40
2026-08-07T07:41:48Z,163102,9900000,9900000,40
2026-08-07T07:41:48Z,163103,39600,49600,68
2026-08-07T07:41:48Z,163104,499999900,499999900,5
2026-08-07T07:41:48Z,163105,9900000,9900000,35
2026-08-07T07:41:48Z,163106,9970000,9970000,40
2026-08-07T07:41:48Z,163107,9901600,9901600,40
2026-08-07T07:41:48Z,163109,9950000,9950000,50
2026-08-07T07:41:48Z,163110,126000,9888900,47
2026-08-07T07:41:48Z,163115,9900000,9900000,45
2026-08-07T07:41:48Z,163117,9813000,9813000,24
2026-08-07T07:41:48Z,163118,9901900,9901900,34
2026-08-07T07:41:48Z,163132,9287200,9287200,48
2026-08-07T07:41:48Z,163133,499900,499900,58
2026-08-07T07:41:48Z,163134,9969700,9969700,25
2026-08-07T07:41:48Z,163135,9890000,9890000,25
2026-08-07T07:41:48Z,163136,9600000,9600000,22
2026-08-07T07:41:48Z,163137,9896600,9896600,25
2026-08-07T07:41:48Z,163138,9965000,9965000,24
2026-08-07T07:41:48Z,163140,3500000,3500000,35
2026-08-07T07:41:48Z,163143,9896300,9896300,95
2026-08-07T07:41:48Z,163145,9970500,9970500,38
2026-08-07T07:41:48Z,163147,8000000,9000000,50
2026-08-07T07:41:48Z,163149,3100,3100,63
2026-08-07T07:41:48Z,163150,160000,169900,155
2026-08-07T07:41:48Z,163151,8000000,8950000,52
2026-08-07T07:41:48Z,163152,1000000,1400000,41
2026-08-07T07:41:48Z,163153,9008500,9898500,26
2026-08-07T07:41:48Z,163154,3300000,3330000,61
2026-08-07T07:41:48Z,163155,9908000,9968000,26
2026-08-07T07:41:48Z,163156,3333700,3333700,65
2026-08-07T07:41:48Z,163157,3300000,3330000,46
2026-08-07T07:41:48Z,163158,99000,99000,69
2026-08-07T07:41:48Z,163159,9890000,9890000,27
2026-08-07T07:41:48Z,163160,9849500,9849500,25
2026-08-07T07:41:48Z,163187,9969700,9969700,25
2026-08-07T07:41:48Z,163192,130000,140000,53
2026-08-07T07:41:48Z,163202,9944800,9944800,24
2026-08-07T07:41:48Z,163207,990000,9899900,43
2026-08-07T07:41:48Z,163208,9975000,9975000,35
2026-08-07T07:41:48Z,163222,6700,187500,894
2026-08-07T07:41:48Z,163223,4600,312500,854
2026-08-07T07:41:48Z,163224,311500,312500,511
2026-08-07T07:41:48Z,163225,3900,92400,803
2026-08-07T07:41:48Z,163387,9970500,9970500,24
2026-08-07T07:41:48Z,163388,240000,250000,145
2026-08-07T07:41:48Z,163391,8800,8800,67
2026-08-07T07:41:48Z,163395,3300000,3330000,46
2026-08-07T07:41:48Z,163399,9903200,9903200,35
2026-08-07T07:41:48Z,163407,8000000,8910000,30
2026-08-07T07:41:48Z,163411,9009700,9969700,26
2026-08-07T07:41:48Z,163417,9949000,9949000,21
2026-08-07T07:41:48Z,163522,314000,414000,115
2026-08-07T07:41:48Z,163548,208700,208700,44
2026-08-07T07:41:48Z,163549,55000,55000,110
2026-08-07T07:41:48Z,163558,1805000,1805000,487
2026-08-07T07:41:48Z,163563,13200,13200,46
2026-08-07T07:41:48Z,163569,400,400,542970
2026-08-07T07:41:48Z,163580,290000000,290000000,3
2026-08-07T07:41:48Z,163581,5007400,5007400,9
2026-08-07T07:41:48Z,163606,49000100,49000100,20
2026-08-07T07:41:48Z,163637,1507900,9907500,52
2026-08-07T07:41:48Z,163638,254400,9905700,45
2026-08-07T07:41:48Z,163639,3440000,3440000,27
2026-08-07T07:41:48Z,163640,50000,50000,47
2026-08-07T07:41:48Z,163641,450000,450000,48
2026-08-07T07:41:48Z,163642,2990000,9940000,44
2026-08-07T07:41:48Z,163643,2995600,2995600,46
2026-08-07T07:41:48Z,163651,6000000,9800000,30
2026-08-07T07:41:48Z,163685,290001100,290001100,1
2026-08-07T07:41:48Z,163686,290001900,290001900,1
2026-08-07T07:41:48Z,163687,290000100,290000100,2
2026-08-07T07:41:48Z,163688,290001800,290001800,1
2026-08-07T07:41:48Z,163691,93000,799600,541
2026-08-07T07:41:48Z,163692,990000,990000,238
2026-08-07T07:41:48Z,163695,990000,990000,424
2026-08-07T07:41:48Z,163698,35000,35000,63
2026-08-07T07:41:48Z,163700,309000,1199400,123
2026-08-07T07:41:48Z,163701,903400,903500,298
2026-08-07T07:41:48Z,163707,59300,59300,415
2026-08-07T07:41:48Z,163709,39901900,39901900,11
2026-08-07T07:41:48Z,163781,78700,109300,412
2026-08-07T07:41:48Z,163782,245200,245300,333
2026-08-07T07:41:48Z,163783,9900300,9900300,40
2026-08-07T07:41:48Z,163784,1251600,1251600,64
2026-08-07T07:41:48Z,163785,9950400,9950400,25
2026-08-07T07:41:48Z,163786,9990400,9990400,21
2026-08-07T07:41:48Z,163841,39900,39900,72
2026-08-07T07:41:48Z,163842,49003300,49003300,39
2026-08-07T07:41:48Z,163843,49003000,49003000,10
2026-08-07T07:41:48Z,163844,4440000,10000000,12
2026-08-07T07:41:48Z,163855,299900,399900,30
2026-08-07T07:41:48Z,163896,49003300,49003300,20
2026-08-07T07:41:48Z,163897,2298900,2298900,27
2026-08-07T07:41:48Z,163898,290003300,290003300,1
2026-08-07T07:41:48Z,163899,49003300,49003300,18
2026-08-07T07:41:48Z,163900,49003300,49003300,20
2026-08-07T07:41:48Z,163901,9903300,9903300,80
2026-08-07T07:41:48Z,163902,49003300,49003300,19
2026-08-07T07:41:48Z,163903,49003300,49003300,20
2026-08-07T07:41:48Z,163904,49003300,49003300,20
2026-08-07T07:41:48Z,163906,49009900,49009900,20
2026-08-07T07:41:48Z,163907,290003300,290003300,1
2026-08-07T07:41:48Z,163908,999900,49009900,21
2026-08-07T07:41:48Z,163910,49000000,49000000,20
2026-08-07T07:41:48Z,163911,49003300,49003300,17
2026-08-07T07:41:48Z,163912,49003300,49003300,20
2026-08-07T07:41:48Z,163913,290003300,290003300,1
2026-08-07T07:41:48Z,163914,6119000,49009000,22
2026-08-07T07:41:48Z,163915,49009900,49009900,12
2026-08-07T07:41:48Z,163917,49003300,49003300,20
2026-08-07T07:41:48Z,163918,19989000,19989000,25
2026-08-07T07:41:48Z,163919,49003300,49003300,20
2026-08-07T07:41:48Z,163920,49003300,49003300,20
2026-08-07T07:41:48Z,163921,9903300,9903300,60
2026-08-07T07:41:48Z,165016,11600,11800,239
2026-08-07T07:41:48Z,165017,15700,15800,428
2026-08-07T07:41:48Z,165692,2694900,2999900,182
2026-08-07T07:41:48Z,165733,759600,3999900,130
2026-08-07T07:41:48Z,165755,20000,20000,415
2026-08-07T07:41:48Z,166240,750000,750000,316
2026-08-07T07:41:48Z,166270,495400,495400,98
2026-08-07T07:41:48Z,166288,99991800,99991800,2
2026-08-07T07:41:48Z,166343,1300,15000,314
2026-08-07T07:41:48Z,166344,1300,1300,701
2026-08-07T07:41:48Z,166419,9996800,9996800,35
2026-08-07T07:41:48Z,166420,9999900,9999900,41
2026-08-07T07:41:48Z,166583,5819000,5819000,69
2026-08-07T07:41:48Z,166664,6903300,6904400,298
2026-08-07T07:41:48Z,166728,290008600,290008600,1
2026-08-07T07:41:48Z,166804,199500,199500,2619
2026-08-07T07:41:48Z,167043,3335600,3335600,45
2026-08-07T07:41:48Z,167539,496000,496000,173
2026-08-07T07:41:48Z,167548,3339600,3339600,105
2026-08-07T07:41:48Z,167738,11000,12400,111225
2026-08-07T07:41:48Z,167739,9700000,9700000,40
2026-08-07T07:41:48Z,167861,190000,192000,2033
2026-08-07T07:41:48Z,167862,227000,227000,978
2026-08-07T07:41:48Z,167933,1500000100,1500000100,1
2026-08-07T07:41:48Z,168006,290000100,290000100,1
2026-08-07T07:41:48Z,168007,290000100,290000100,1
2026-08-07T07:41:48Z,168008,1500000100,1500000100,1
2026-08-07T07:41:48Z,168009,49000100,49000100,20
2026-08-07T07:41:48Z,168019,290001900,290001900,1
2026-08-07T07:41:48Z,168185,178300,310900,54020
2026-08-07T07:41:48Z,168188,3980000,4000000,99
2026-08-07T07:41:48Z,168189,438000,438000,141
2026-08-07T07:41:48Z,168190,200000,240000,906
2026-08-07T07:41:48Z,168191,950000,1000000,1353
2026-08-07T07:41:48Z,168192,290000,300000,2264
2026-08-07T07:41:48Z,168193,280000,280000,301
2026-08-07T07:41:48Z,168215,43000,43000,34471
2026-08-07T07:41:48Z,168216,15500,15500,142286
2026-08-07T07:41:48Z,168217,80000,80000,128117
2026-08-07T07:41:48Z,168232,39500900,39500900,23
2026-08-07T07:41:48Z,168302,20000,20000,2046
2026-08-07T07:41:48Z,168303,1500,1500,2477
2026-08-07T07:41:48Z,168310,149800,149800,423
2026-08-07T07:41:48Z,168311,69200,69200,728
2026-08-07T07:41:48Z,168312,149500,149700,164
2026-08-07T07:41:48Z,168313,30000,30000,684
2026-08-07T07:41:48Z,168314,100000,100000,1393
2026-08-07T07:41:48Z,168315,2450300,2450300,56
2026-08-07T07:41:48Z,168392,9950000,9950000,28
2026-08-07T07:41:48Z,168412,2813100,2813100,22
2026-08-07T07:41:48Z,168417,10410000,10500000,3777
2026-08-07T07:41:48Z,168419,2999600,2999600,71
2026-08-07T07:41:48Z,168427,4438800,4449900,158
2026-08-07T07:41:48Z,168446,989100,990000,64
2026-08-07T07:41:48Z,168447,2567500,2567500,231
2026-08-07T07:41:48Z,168448,1698700,1698700,136
2026-08-07T07:41:48Z,168449,2144800,2144800,113
2026-08-07T07:41:48Z,168487,59900,60000,12846
2026-08-07T07:41:48Z,168489,468000,468000,680
2026-08-07T07:41:48Z,168498,713600,879400,531
2026-08-07T07:41:48Z,168499,1940300,1940300,168
2026-08-07T07:41:48Z,168500,900000,900000,482
2026-08-07T07:41:48Z,168501,1557500,1557500,415
2026-08-07T07:41:48Z,168506,157300,157300,471
2026-08-07T07:41:48Z,168529,491000,491000,682
2026-08-07T07:41:48Z,168583,78800,96400,4805
2026-08-07T07:41:48Z,168586,48000,71800,13534
2026-08-07T07:41:48Z,168589,69300,96600,24653
2026-08-07T07:41:48Z,168592,1784900,1795100,42
2026-08-07T07:41:48Z,168593,2172900,2173000,140
2026-08-07T07:41:48Z,168596,2356500,2367400,174
2026-08-07T07:41:48Z,168598,3049700,3050000,137
2026-08-07T07:41:48Z,168624,1928400,1928400,99
2026-08-07T07:41:48Z,168635,1900000,1900000,66
2026-08-07T07:41:48Z,168636,4509600,4509600,48
2026-08-07T07:41:48Z,168637,4009700,4009700,28
2026-08-07T07:41:48Z,168638,4439800,4439800,29
2026-08-07T07:41:48Z,168639,368100,368100,76
2026-08-07T07:41:48Z,168640,628800,1200000,9
2026-08-07T07:41:48Z,168641,220100,220200,60
2026-08-07T07:41:48Z,168642,50000,50000,14
2026-08-07T07:41:48Z,168645,500,1100,49527
2026-08-07T07:41:48Z,168646,32000,35700,902
2026-08-07T07:41:48Z,168649,169800,169800,12690
2026-08-07T07:41:48Z,168650,1100,1300,19071
2026-08-07T07:41:48Z,168651,1109600,1109700,226
2026-08-07T07:41:48Z,168652,1919900,1920000,576
2026-08-07T07:41:48Z,168653,2199900,2200000,434
2026-08-07T07:41:48Z,168654,2299800,2300000,982
2026-08-07T07:41:48Z,168662,99800,99900,1696
2026-08-07T07:41:48Z,168663,100000,100000,3377
2026-08-07T07:41:48Z,168755,49004600,49004600,18
2026-08-07T07:41:48Z,168786,1500000,1500000,28
2026-08-07T07:41:48Z,168788,1999800,1999800,22
2026-08-07T07:41:48Z,168789,160500,49000500,22
2026-08-07T07:41:48Z,168790,108500,108500,19
2026-08-07T07:41:48Z,168791,49009900,49009900,24
2026-08-07T07:41:48Z,168792,809900,809900,36
2026-08-07T07:41:48Z,168793,990000,1000000,7
2026-08-07T07:41:48Z,168794,50000,50000,24
2026-08-07T07:41:48Z,168795,3330000,3330000,21
2026-08-07T07:41:48Z,168796,50000,49000000,22
2026-08-07T07:41:48Z,168797,287000,287000,26
2026-08-07T07:41:48Z,168806,225000,225000,25
2026-08-07T07:41:48Z,168812,40000,40000,152
2026-08-07T07:41:48Z,168822,147500,168200,33133
2026-08-07T07:41:48Z,168825,400000,487600,11240
2026-08-07T07:41:48Z,168828,1150000,1888500,34386
2026-08-07T07:41:48Z,168956,9890000,9890000,31
2026-08-07T07:41:48Z,168959,1999700,1999700,26
2026-08-07T07:41:48Z,168960,750000,750000,174
2026-08-07T07:41:48Z,169115,220000,9850000,42
2026-08-07T07:41:48Z,169116,9919500,9919500,25
2026-08-07T07:41:48Z,169117,9997400,9997400,29
2026-08-07T07:41:48Z,169118,229500,9909500,44
2026-08-07T07:41:48Z,169119,228900,9968900,34
2026-08-07T07:41:48Z,169120,9949500,9949500,40
2026-08-07T07:41:48Z,169130,7777700,9904100,785
2026-08-07T07:41:48Z,169132,4500,5000,127
2026-08-07T07:41:48Z,169135,18500,19000,1069
2026-08-07T07:41:48Z,169138,64500,64500,44
2026-08-07T07:41:48Z,169139,22222200,22222200,31
2026-08-07T07:41:48Z,169143,9209700,9209700,30
2026-08-07T07:41:48Z,169145,19500,20000,1088
2026-08-07T07:41:48Z,169146,49009600,49009600,20
2026-08-07T07:41:48Z,169149,88500,89000,25
2026-08-07T07:41:48Z,169152,99900,99900,25
2026-08-07T07:41:48Z,169220,4157900,4157900,59
2026-08-07T07:41:48Z,169280,15100,15100,96
2026-08-07T07:41:48Z,169296,49000500,49000500,10
2026-08-07T07:41:48Z,169299,102500,102500,556
2026-08-07T07:41:48Z,169300,457400,457400,40
2026-08-07T07:41:48Z,169332,200000,4008000,18451
2026-08-07T07:41:48Z,169333,430000,4000000,23303
2026-08-07T07:41:48Z,169334,461900,461900,141
2026-08-07T07:41:48Z,169445,8189100,8189100,60
2026-08-07T07:41:48Z,169446,9990000,9990000,17
2026-08-07T07:41:48Z,169449,221900,221900,283
2026-08-07T07:41:48Z,169451,3500,13500,11481
2026-08-07T07:41:48Z,169456,100000,525300,308
2026-08-07T07:41:48Z,169660,500000,500000,80
2026-08-07T07:41:48Z,169661,2888200,2888200,60
2026-08-07T07:41:48Z,169662,9906000,9906000,40
2026-08-07T07:41:48Z,169663,9902900,9902900,40
2026-08-07T07:41:48Z,169669,9960000,9960000,25
2026-08-07T07:41:48Z,169673,600000,600000,77
2026-08-07T07:41:48Z,169674,233800,250000,91
2026-08-07T07:41:48Z,169675,490000,490000,112
2026-08-07T07:41:48Z,169697,9990100,9990100,2
2026-08-07T07:41:48Z,169701,55700,65800,39420
2026-08-07T07:41:48Z,169946,1250000,9900000,45
2026-08-07T07:41:48Z,169947,9970400,9970400,29
2026-08-07T07:41:48Z,169948,9870000,9870000,30
2026-08-07T07:41:48Z,169949,1250000,9990000,45
2026-08-07T07:41:48Z,169952,7500000,7500000,48
2026-08-07T07:41:48Z,169954,1249900,1249900,49
2026-08-07T07:41:48Z,169956,9982100,9982100,77
2026-08-07T07:41:48Z,170164,6399500,6400000,70
2026-08-07T07:41:48Z,170165,6606500,6606500,127
2026-08-07T07:41:48Z,170168,6904900,6906000,119
2026-08-07T07:41:48Z,170173,2249000,2249000,73
2026-08-07T07:41:48Z,170491,49000100,49000100,21
2026-08-07T07:41:48Z,170554,49100,51000,2151
2026-08-07T07:41:48Z,171195,39899900,39899900,14
2026-08-07T07:41:48Z,171196,427600,427600,78
2026-08-07T07:41:48Z,171203,1768800,1769000,81
2026-08-07T07:41:48Z,171263,9000,50000,503
2026-08-07T07:41:48Z,171264,49000,112500,491
2026-08-07T07:41:48Z,171266,3400,74900,1987
2026-08-07T07:41:48Z,171267,2500,50000,1305
2026-08-07T07:41:48Z,171268,4500,50000,497
2026-08-07T07:41:48Z,171269,2500,10900,920
2026-08-07T07:41:48Z,171270,10500,10500,882
2026-08-07T07:41:48Z,171271,9900,9900,405
2026-08-07T07:41:48Z,171272,5000,5000,767
2026-08-07T07:41:48Z,171273,53300,60000,1122
2026-08-07T07:41:48Z,171274,8000,8000,205
2026-08-07T07:41:48Z,171275,49800,49800,785
2026-08-07T07:41:48Z,171276,199800,300100,383
2026-08-07T07:41:48Z,171278,1009900,1009900,39
2026-08-07T07:41:48Z,171285,71200,74500,2647
2026-08-07T07:41:48Z,171286,124900,124900,266
2026-08-07T07:41:48Z,171287,56500,57500,1220
2026-08-07T07:41:48Z,171288,37200,40000,5500
2026-08-07T07:41:48Z,171289,343100,343100,6825
2026-08-07T07:41:48Z,171290,30400,34700,7905
2026-08-07T07:41:48Z,171291,30000,40000,6712
2026-08-07T07:41:48Z,171292,266900,269500,2857
2026-08-07T07:41:48Z,171301,124100,124100,140
2026-08-07T07:41:48Z,171315,103200,144600,29423
2026-08-07T07:41:48Z,171346,290000400,290000400,1
2026-08-07T07:41:48Z,171348,290003500,290003500,1
2026-08-07T07:41:48Z,171349,45900,271100,845
2026-08-07T07:41:48Z,171350,59800,59900,417
2026-08-07T07:41:48Z,171351,93300,275000,554
2026-08-07T07:41:48Z,171352,22100,22100,425
2026-08-07T07:41:48Z,171370,2700,2700,1051
2026-08-07T07:41:48Z,171428,260000,290000,878
2026-08-07T07:41:48Z,171436,1700,1700,72
2026-08-07T07:41:48Z,171437,6300,6300,514
2026-08-07T07:41:48Z,171438,1500,1500,68
2026-08-07T07:41:48Z,171439,3900,3900,246
2026-08-07T07:41:48Z,171441,72300,72700,81
2026-08-07T07:41:48Z,171828,32000,40500,20151
2026-08-07T07:41:48Z,171829,30600,30800,31463
2026-08-07T07:41:48Z,171830,32200,60000,11578
2026-08-07T07:41:48Z,171831,44000,176900,19196
2026-08-07T07:41:48Z,171832,29900,162200,8553
2026-08-07T07:41:48Z,171833,86300,98000,7652
2026-08-07T07:41:48Z,171840,700,3000,159990
2026-08-07T07:41:48Z,171841,2000,2200,40362
2026-08-07T07:41:48Z,172008,809900,809900,97
2026-08-07T07:41:48Z,172010,798700,798800,104
2026-08-07T07:41:48Z,172017,5009600,9899600,64
2026-08-07T07:41:48Z,172018,4000000,4500000,248
2026-08-07T07:41:48Z,172019,3004500,3504500,464
2026-08-07T07:41:48Z,172040,7000,9900000,170
2026-08-07T07:41:48Z,172041,1300,1300,577
2026-08-07T07:41:48Z,172042,33200,33300,195
2026-08-07T07:41:48Z,172043,968100,987800,390
2026-08-07T07:41:48Z,172044,9500,9500,317
2026-08-07T07:41:48Z,172045,4200,4200,852
2026-08-07T07:41:48Z,172046,13400,13400,702
2026-08-07T07:41:48Z,172047,9900,9900,220
2026-08-07T07:41:48Z,172048,5000,9891200,592
2026-08-07T07:41:48Z,172049,83200,83200,148
2026-08-07T07:41:48Z,172050,6000,6000,126
2026-08-07T07:41:48Z,172051,4000,4000,367
2026-08-07T07:41:48Z,172052,700,700,29075
2026-08-07T07:41:48Z,172053,700,700,8789
2026-08-07T07:41:48Z,172054,700,700,12483
2026-08-07T07:41:48Z,172055,700,700,8607
2026-08-07T07:41:48Z,172056,2000,2000,2777
2026-08-07T07:41:48Z,172057,1000,1000,1511
2026-08-07T07:41:48Z,172058,3900,3900,5454
2026-08-07T07:41:48Z,172059,3300,3300,1790
2026-08-07T07:41:48Z,172061,1500,1500,365
2026-08-07T07:41:48Z,172062,47900,47900,295
2026-08-07T07:41:48Z,172063,80800,80800,4157
2026-08-07T07:41:48Z,172068,6000,6000,218
2026-08-07T07:41:48Z,172069,29500,9999500,184
2026-08-07T07:41:48Z,172089,2800,3600,56318
2026-08-07T07:41:48Z,172091,2959300,2959300,49
2026-08-07T07:41:48Z,172092,500,10500,104821
2026-08-07T07:41:48Z,172094,11100,119700,36028
2026-08-07T07:41:48Z,172096,34500,39600,6904
2026-08-07T07:41:48Z,172097,60000,60000,5998
2026-08-07T07:41:48Z,172142,99992100,99992100,2
2026-08-07T07:41:48Z,172143,990002100,990002100,1
2026-08-07T07:41:48Z,172144,290002100,290002100,1
2026-08-07T07:41:48Z,172145,290000300,290000300,1
2026-08-07T07:41:48Z,172146,51600,51600,83
2026-08-07T07:41:48Z,172147,9992100,9992100,2
2026-08-07T07:41:48Z,172202,5500005100,5500005100,1
2026-08-07T07:41:48Z,172230,2800,9500,693183
2026-08-07T07:41:48Z,172231,3200,13500,88955
2026-08-07T07:41:48Z,172232,7100,30400,57030
2026-08-07T07:41:48Z,172233,367800,400000,413
2026-08-07T07:41:48Z,172346,4000,4000,177
2026-08-07T07:41:48Z,172347,27200,27200,394
2026-08-07T07:41:48Z,172357,1000,1000,137
2026-08-07T07:41:48Z,172358,43900,1293500,276
2026-08-07T07:41:48Z,172359,900,900,1264
2026-08-07T07:41:48Z,172360,2200,2200,963
2026-08-07T07:41:48Z,172361,1900,1900,127
2026-08-07T07:41:48Z,172362,12900,12900,152
2026-08-07T07:41:48Z,172363,10900,10900,119
2026-08-07T07:41:48Z,172364,1000,1000,87
2026-08-07T07:41:48Z,172365,27300,27300,103
2026-08-07T07:41:48Z,172366,9000,9000,109
2026-08-07T07:41:48Z,172367,9200,9200,164
2026-08-07T07:41:48Z,172368,22900,22900,125
2026-08-07T07:41:48Z,172370,50200,50200,90
2026-08-07T07:41:48Z,172406,6200,6200,72
2026-08-07T07:41:48Z,172407,2500,2500,54
2026-08-07T07:41:48Z,172408,18500,18500,105
2026-08-07T07:41:48Z,172410,140000,148600,98
2026-08-07T07:41:48Z,172411,3500,3500,96
2026-08-07T07:41:48Z,172412,15900,16000,58
2026-08-07T07:41:48Z,172413,3700,3800,221
2026-08-07T07:41:48Z,172414,6500,6500,129
2026-08-07T07:41:48Z,172415,309900,399900,513
2026-08-07T07:41:48Z,172416,10000,10000,59
2026-08-07T07:41:48Z,172418,2800,2800,138
2026-08-07T07:41:48Z,172419,5500,5500,126
2026-08-07T07:41:48Z,172437,220000,899900,7327
2026-08-07T07:41:48Z,172438,140000,140000,671
2026-08-07T07:41:48Z,172439,19000,22000,11334
2026-08-07T07:41:48Z,172449,1999900,9989600,210
2026-08-07T07:41:48Z,172451,500,1500,229
2026-08-07T07:41:48Z,172500,290002800,290002800,1
2026-08-07T07:41:48Z,172501,290002800,290002800,1
2026-08-07T07:41:48Z,172502,290002800,290002800,1
2026-08-07T07:41:48Z,172503,290002800,290002800,1
2026-08-07T07:41:48Z,172504,290002800,290002800,1
2026-08-07T07:41:48Z,172902,1250000,1250000,56
2026-08-07T07:41:48Z,172903,99600,99700,269
2026-08-07T07:41:48Z,172904,39900,40000,86
2026-08-07T07:41:48Z,172920,8500,8500,71
2026-08-07T07:41:48Z,172921,6300,20000,120
2026-08-07T07:41:48Z,172934,125000,125000,945
2026-08-07T07:41:48Z,172935,2400,2400,9768
2026-08-07T07:41:48Z,172936,199700,199700,145
2026-08-07T07:41:48Z,172937,281900,281900,913
2026-08-07T07:41:48Z,173032,4000,4600,15597
2026-08-07T07:41:48Z,173033,700,700,3007
2026-08-07T07:41:48Z,173034,700,700,2103
2026-08-07T07:41:48Z,173035,2300,2300,5414
2026-08-07T07:41:48Z,173036,9500,19900,6068
2026-08-07T07:41:48Z,173037,1900,2000,1349
2026-08-07T07:41:48Z,173038,2400,45000,411
2026-08-07T07:41:48Z,173039,2100,2100,59
2026-08-07T07:41:48Z,173040,9800,9800,63
2026-08-07T07:41:48Z,173041,9800,9800,67
2026-08-07T07:41:48Z,173042,6700,6700,59
2026-08-07T07:41:48Z,173043,40000,40000,291
2026-08-07T07:41:48Z,173048,9993800,9993800,85
2026-08-07T07:41:48Z,173049,5953700,5953700,31
2026-08-07T07:41:48Z,173051,5602700,5602700,67
2026-08-07T07:41:48Z,173053,4849600,4849600,62
2026-08-07T07:41:48Z,173056,429000,451600,8915
2026-08-07T07:41:48Z,173057,46500,46500,16356
2026-08-07T07:41:48Z,173058,430000,550000,20125
2026-08-07T07:41:48Z,173059,38300,38300,14126
2026-08-07T07:41:48Z,173060,7600,7600,5182
2026-08-07T07:41:48Z,173062,4000100,4000100,45
2026-08-07T07:41:48Z,173065,34500,34500,112
2026-08-07T07:41:48Z,173067,999900,3339900,38
2026-08-07T07:41:48Z,173070,4900000,4900000,16
2026-08-07T07:41:48Z,173071,400000,400000,10
2026-08-07T07:41:48Z,173072,2450000,2500000,17
2026-08-07T07:41:48Z,173073,2957600,2957600,67
2026-08-07T07:41:48Z,173074,850000,890000,31
2026-08-07T07:41:48Z,173075,490000,990000,20
2026-08-07T07:41:48Z,173076,400000,400000,26
2026-08-07T07:41:48Z,173077,1002100,1002100,18
2026-08-07T07:41:48Z,173079,700000,700000,33
2026-08-07T07:41:48Z,173080,404800,404800,25
2026-08-07T07:41:48Z,173081,950000,990000,23
2026-08-07T07:41:48Z,173082,499900,499900,16
2026-08-07T07:41:48Z,173083,420000,420000,26
2026-08-07T07:41:48Z,173084,4900000,5000000,133
2026-08-07T07:41:48Z,173085,400000,4000000,98
2026-08-07T07:41:48Z,173086,4005000,4005000,18
2026-08-07T07:41:48Z,173088,450000,500000,24
2026-08-07T07:41:48Z,173089,3500000,4000000,48
2026-08-07T07:41:48Z,173090,3700000,3750000,22
2026-08-07T07:41:48Z,173091,199900,199900,15
2026-08-07T07:41:48Z,173092,400000,400000,22
2026-08-07T07:41:48Z,173093,440000,440000,16
2026-08-07T07:41:48Z,173094,505000,505000,20
2026-08-07T07:41:48Z,173095,1500000,1500000,17
2026-08-07T07:41:48Z,173097,1004300,1004300,20
2026-08-07T07:41:48Z,173098,480000,509200,19
2026-08-07T07:41:48Z,173099,500000,500000,29
2026-08-07T07:41:48Z,173100,490000,490000,35
2026-08-07T07:41:48Z,173101,299900,2919900,34
2026-08-07T07:41:48Z,173102,500000,500000,34
2026-08-07T07:41:48Z,173103,1900000,1990000,22
2026-08-07T07:41:48Z,173104,950000,3119800,198
2026-08-07T07:41:48Z,173108,95900,96900,2185
2026-08-07T07:41:48Z,173109,25500,25500,1155
2026-08-07T07:41:48Z,173110,30600,39700,2056
2026-08-07T07:41:48Z,173121,600000,656000,297
2026-08-07T07:41:48Z,173122,445000,485000,275
2026-08-07T07:41:48Z,173123,309900,309900,568
2026-08-07T07:41:48Z,173124,488200,493100,29
2026-08-07T07:41:48Z,173125,1474000,1474000,822
2026-08-07T07:41:48Z,173126,172200,178600,51
2026-08-07T07:41:48Z,173127,222200,372200,58
2026-08-07T07:41:48Z,173128,489900,489900,154
2026-08-07T07:41:48Z,173129,300100,300100,421
2026-08-07T07:41:48Z,173130,516600,516600,31
2026-08-07T07:41:48Z,173160,1509900,1509900,67
2026-08-07T07:41:48Z,173161,3000000,3000000,128
2026-08-07T07:41:48Z,173162,3500000,5500000,92
2026-08-07T07:41:48Z,173163,3004100,3004100,133
2026-08-07T07:41:48Z,173168,15100,15200,974
2026-08-07T07:41:48Z,173170,742500,742500,1205
2026-08-07T07:41:48Z,173171,99000,99000,626
2026-08-07T07:41:48Z,173172,389900,389900,324
2026-08-07T07:41:48Z,173173,455700,455700,676
2026-08-07T07:41:48Z,173191,10200,10200,569
2026-08-07T07:41:48Z,173192,5500,5500,309
2026-08-07T07:41:48Z,173202,200,600,1815572
2026-08-07T07:41:48Z,173204,2800,3700,131362
2026-08-07T07:41:48Z,173359,999500,999500,5
2026-08-07T07:41:48Z,173360,20000,21000,39
2026-08-07T07:41:48Z,173361,14600,14600,371
2026-08-07T07:41:48Z,173362,9900,10000,135
2026-08-07T07:41:48Z,173759,831500,9900600,91
2026-08-07T07:41:48Z,173760,508800,508800,140
2026-08-07T07:41:48Z,173761,150000,150000,30
2026-08-07T07:41:48Z,173762,15900,15900,76
2026-08-07T07:41:48Z,173859,2800,5800,257
2026-08-07T07:41:48Z,173870,990000100,990000100,1
2026-08-07T07:41:48Z,173871,7600,9600,160
2026-08-07T07:41:48Z,173874,13000,13000,267
2026-08-07T07:41:48Z,173875,1500000,1500000,4
2026-08-07T07:41:48Z,173877,29900,401200,40
2026-08-07T07:41:48Z,173878,289737900,289737900,2
2026-08-07T07:41:48Z,173906,2500009700,2500009700,1
2026-08-07T07:41:48Z,173908,1000000,1000000,29
2026-08-07T07:41:48Z,173911,1500004400,1500004400,1
2026-08-07T07:41:48Z,173912,1500004400,1500004400,1
2026-08-07T07:41:48Z,173913,99994400,99994400,2
2026-08-07T07:41:48Z,173937,234000,234000,12
2026-08-07T07:41:48Z,174041,1120700,4456400,49
2026-08-07T07:41:48Z,174104,2504200,49004200,21
2026-08-07T07:41:48Z,174207,290005300,290005300,1
2026-08-07T07:41:48Z,174208,1500005600,1500005600,1
2026-08-07T07:41:48Z,174209,290006200,290006200,1
2026-08-07T07:41:48Z,174281,9700,9700,66
2026-08-07T07:41:48Z,174282,995600,995600,63
2026-08-07T07:41:48Z,174283,1900,1900,249
2026-08-07T07:41:48Z,174284,9899700,9899700,159
2026-08-07T07:41:48Z,174285,9907500,9907500,40
2026-08-07T07:41:48Z,174322,5286700,5286700,16
2026-08-07T07:41:48Z,174327,79900,89800,10443
2026-08-07T07:41:48Z,174328,79700,79700,1171
2026-08-07T07:41:48Z,174347,990006000,990006000,1
2026-08-07T07:41:48Z,174348,222200,222400,477
2026-08-07T07:41:48Z,174349,211500,211500,438
2026-08-07T07:41:48Z,174350,11900,11900,539
2026-08-07T07:41:48Z,174351,1000000,1000000,163
2026-08-07T07:41:48Z,174352,62000,62000,144
2026-08-07T07:41:48Z,174353,19100,259400,107283
2026-08-07T07:41:48Z,174383,49000000,49000000,22
2026-08-07T07:41:48Z,174890,1299900,1299900,16
2026-08-07T07:41:48Z,174891,500000,500000,12
2026-08-07T07:41:48Z,174983,290006000,290006000,1
2026-08-07T07:41:48Z,175052,479800,479900,33
2026-08-07T07:41:48Z,175053,374000,374000,33
2026-08-07T07:41:48Z,175054,15009700,15009700,17
2026-08-07T07:41:48Z,175056,861300,861300,19
2026-08-07T07:41:48Z,175069,50000,50000,111
2026-08-07T07:41:48Z,175241,300,300,357
2026-08-07T07:41:48Z,175788,40000,40000,30177
2026-08-07T07:41:48Z,175886,3900,3900,3357
2026-08-07T07:41:48Z,175924,3804900,3804900,39
2026-08-07T07:41:48Z,175954,290003700,290003700,1
2026-08-07T07:41:48Z,175955,5500,5500,123
2026-08-07T07:41:48Z,175957,720000,720000,40
2026-08-07T07:41:48Z,175959,290002600,290002600,1
2026-08-07T07:41:48Z,175960,50000,50000,30
2026-08-07T07:41:48Z,175962,280006300,280006300,2
2026-08-07T07:41:48Z,175965,49002300,49002300,16
2026-08-07T07:41:48Z,175970,52200,840000,3222
2026-08-07T07:41:48Z,176086,49006500,49006500,20
2026-08-07T07:41:48Z,176087,8000,8000,138
2026-08-07T07:41:48Z,176088,290005900,290005900,3
2026-08-07T07:41:48Z,176089,385000,390000,34
2026-08-07T07:41:48Z,176391,18000,18000,37
2026-08-07T07:41:48Z,176392,6600,6700,45
2026-08-07T07:41:48Z,176393,631800,631800,6
2026-08-07T07:41:48Z,176807,20200,20200,40
2026-08-07T07:41:48Z,176809,6800,6900,126
2026-08-07T07:41:48Z,176810,4155900,4155900,7
2026-08-07T07:41:48Z,176811,50000,50000,105
2026-08-07T07:41:48Z,176852,13000,13000,48
2026-08-07T07:41:48Z,176853,3800,3800,210
2026-08-07T07:41:48Z,176854,966900,966900,4
2026-08-07T07:41:48Z,176855,18600,18600,25
2026-08-07T07:41:48Z,176856,49005700,49005700,20
2026-08-07T07:41:48Z,176857,290008100,290008100,1
2026-08-07T07:41:48Z,176858,48732400,48732400,24
2026-08-07T07:41:48Z,176859,5300,5300,63
2026-08-07T07:41:48Z,176860,170000,170000,5
2026-08-07T07:41:48Z,176861,18900,18900,25
2026-08-07T07:41:48Z,176862,10000,16400,176
2026-08-07T07:41:48Z,176863,290001600,290001600,1
2026-08-07T07:41:48Z,176864,23250000,23250000,38
2026-08-07T07:41:48Z,176865,20000,20900,233
2026-08-07T07:41:48Z,176866,4000,6000,169
2026-08-07T07:41:48Z,176867,10000,11100,34
2026-08-07T07:41:48Z,176868,6000,6000,60
2026-08-07T07:41:48Z,176869,4500,6700,286
2026-08-07T07:41:48Z,176870,15700000,15700400,26
2026-08-07T07:41:48Z,176871,18100,24000,89
2026-08-07T07:41:48Z,176872,17500,21900,27
2026-08-07T07:41:48Z,176873,9904200,49001200,23
2026-08-07T07:41:48Z,176874,17700,17700,45
2026-08-07T07:41:48Z,176875,2000000,2000000,26
2026-08-07T07:41:48Z,176876,50000,50000,40
2026-08-07T07:41:48Z,176877,20000,20200,27
2026-08-07T07:41:48Z,176878,49001600,49001600,20
2026-08-07T07:41:48Z,176879,290003700,290003700,1
2026-08-07T07:41:48Z,176880,290007800,290007800,1
2026-08-07T07:41:48Z,176881,1239800,1239800,3
2026-08-07T07:41:48Z,176882,270000,270000,11
2026-08-07T07:41:48Z,176883,290009500,290009500,2
2026-08-07T07:41:48Z,176884,290007000,290007000,1
2026-08-07T07:41:48Z,176885,220000,220000,6
2026-08-07T07:41:48Z,176886,32193900,32193900,3
2026-08-07T07:41:48Z,176887,290000000,290000000,1
2026-08-07T07:41:48Z,177025,19004900,40000000,27
2026-08-07T07:41:48Z,177026,490000,490000,28
2026-08-07T07:41:48Z,177028,5700,5700,27
2026-08-07T07:41:48Z,177040,2900,2900,111
2026-08-07T07:41:48Z,177043,509700,9909700,29
2026-08-07T07:41:48Z,177061,197000,199000,2301
2026-08-07T07:41:48Z,177062,88600,88600,2826
2026-08-07T07:41:48Z,177256,110000,110000,60
2026-08-07T07:41:48Z,177659,2300,2400,105
2026-08-07T07:41:48Z,177660,75800,775800,818
2026-08-07T07:41:48Z,177661,7800,7800,75
2026-08-07T07:41:48Z,177715,1200,1200,100
2026-08-07T07:41:48Z,177716,900,900,79
2026-08-07T07:41:48Z,177840,39670900,39670900,7
2026-08-07T07:41:48Z,177841,25000000,25000000,6
2026-08-07T07:41:48Z,177842,15789500,15789500,21
2026-08-07T07:41:48Z,177843,12500000,12500000,20
2026-08-07T07:41:48Z,177962,8100,8100,112
2026-08-07T07:41:48Z,178017,290008000,290008000,1
2026-08-07T07:41:48Z,178103,49005800,49005800,21
2026-08-07T07:41:48Z,178104,6000700,49000700,21
2026-08-07T07:41:48Z,178105,990008400,990008400,1
2026-08-07T07:41:48Z,178106,1229700,49009700,23
2026-08-07T07:41:48Z,178107,49000300,49000300,20
2026-08-07T07:41:48Z,178108,290003700,290003700,1
2026-08-07T07:41:48Z,178110,5500006000,5500006000,1
2026-08-07T07:41:48Z,178111,2500001600,2500001600,1
2026-08-07T07:41:48Z,178113,4100,5900,255
2026-08-07T07:41:48Z,178114,21000,21100,275
2026-08-07T07:41:48Z,178115,290000000,290000000,1
2026-08-07T07:41:48Z,178116,290008600,290008600,1
2026-08-07T07:41:48Z,178122,290000800,290000800,1
2026-08-07T07:41:48Z,178123,49000300,49000300,20
2026-08-07T07:41:48Z,178125,49005400,49005400,20
2026-08-07T07:41:48Z,178126,49009800,49009800,20
2026-08-07T07:41:48Z,178127,11100,40000,107
2026-08-07T07:41:48Z,178129,15008300,49008300,21
2026-08-07T07:41:48Z,178130,44008700,49008700,22
2026-08-07T07:41:48Z,178131,350000,350900,25
2026-08-07T07:41:48Z,178132,14700,14700,64
2026-08-07T07:41:48Z,178133,4400,4400,115
2026-08-07T07:41:48Z,178134,79800,49009800,22
2026-08-07T07:41:48Z,178135,429500,429500,7
2026-08-07T07:41:48Z,178136,5200,10000,124
2026-08-07T07:41:48Z,178137,109766800,109766800,3
2026-08-07T07:41:48Z,178149,88200,310000,742
2026-08-07T07:41:48Z,178172,49006500,49006500,20
2026-08-07T07:41:48Z,178173,18100,49007000,21
2026-08-07T07:41:48Z,178174,290009900,290009900,1
2026-08-07T07:41:48Z,178175,49002900,49002900,21
2026-08-07T07:41:48Z,178177,289732400,289732400,2
2026-08-07T07:41:48Z,178178,3900,3900,396
2026-08-07T07:41:48Z,178216,118500,498500,101
2026-08-07T07:41:48Z,178217,3300,3300,210
2026-08-07T07:41:48Z,178218,815900,9906600,23
2026-08-07T07:41:48Z,178219,9702000,9702000,43
2026-08-07T07:41:48Z,178220,263800,263800,63
2026-08-07T07:41:48Z,178221,3500000,9909900,27
2026-08-07T07:41:48Z,178222,107000,107000,101
2026-08-07T07:41:48Z,178223,110600,1390600,38
2026-08-07T07:41:48Z,178224,9797000,9797000,121
2026-08-07T07:41:48Z,178225,113300,1113300,116
2026-08-07T07:41:48Z,178226,90000,90000,62
2026-08-07T07:41:48Z,178227,90000,90000,45
2026-08-07T07:41:48Z,178228,119700,9909700,56
2026-08-07T07:41:48Z,178247,119000,639000,101
2026-08-07T07:41:48Z,178252,90000,90000,66
2026-08-07T07:41:48Z,178518,1000700,1000700,53
2026-08-07T07:41:48Z,178534,9900000,9900000,29
2026-08-07T07:41:48Z,178535,8943000,8943000,33
2026-08-07T07:41:48Z,178536,9799800,9799900,75
2026-08-07T07:41:48Z,178537,9707000,9707000,40
2026-08-07T07:41:48Z,178538,9898900,9898900,26
2026-08-07T07:41:48Z,178539,9900000,9900000,124
2026-08-07T07:41:48Z,178540,9990000,9990000,28
2026-08-07T07:41:48Z,178541,6304300,6304300,52
2026-08-07T07:41:48Z,178542,10000,102900,50
2026-08-07T07:41:48Z,178543,9990000,9990000,33
2026-08-07T07:41:48Z,178544,363500,363500,62
2026-08-07T07:41:48Z,178545,1900,1900,159
2026-08-07T07:41:48Z,178546,1723500,9850000,26
2026-08-07T07:41:48Z,178547,9760900,9760900,31
2026-08-07T07:41:48Z,178548,9960000,9960000,40
2026-08-07T07:41:48Z,178549,9872200,9872200,25
2026-08-07T07:41:48Z,178550,1900,1900,190
2026-08-07T07:41:48Z,178551,991000,9801000,32
2026-08-07T07:41:48Z,178552,9800000,9800000,40
2026-08-07T07:41:48Z,178786,900,900,2021
2026-08-07T07:41:48Z,178787,1080000,1080000,501
2026-08-07T07:41:48Z,178900,9899000,9899000,20
2026-08-07T07:41:48Z,178923,5000000,49000000,21
2026-08-07T07:41:48Z,179001,290003300,290003300,1
2026-08-07T07:41:48Z,179003,176900,49006900,21
2026-08-07T07:41:48Z,179004,2000000,2589900,25
2026-08-07T07:41:48Z,179005,30002000,49002000,22
2026-08-07T07:41:48Z,179006,700000,700000,24
2026-08-07T07:41:48Z,179011,9902800,9902800,34
2026-08-07T07:41:48Z,179012,53200,53200,75
2026-08-07T07:41:48Z,179013,9900000,9900000,25
2026-08-07T07:41:48Z,179014,222200,9893900,29
2026-08-07T07:41:48Z,179015,4059500,9900500,41
2026-08-07T07:41:48Z,179016,9900000,9900000,24
2026-08-07T07:41:48Z,179017,9790000,9790000,39
2026-08-07T07:41:48Z,179018,9899800,9899900,41
2026-08-07T07:41:48Z,179019,9900000,9900000,40
2026-08-07T07:41:48Z,179020,49700,9894800,41
2026-08-07T07:41:48Z,179021,9902200,9902200,29
2026-08-07T07:41:48Z,179022,38900,9904800,30
2026-08-07T07:41:48Z,179023,99600,9887700,44
2026-08-07T07:41:48Z,179025,9900000,9900000,39
2026-08-07T07:41:48Z,179026,82100,6482100,124
2026-08-07T07:41:48Z,179166,9693300,9693300,42
2026-08-07T07:41:48Z,179267,9900000,9900000,25
2026-08-07T07:41:48Z,179268,9884800,9884800,40
2026-08-07T07:41:48Z,179269,9890000,9890000,40
2026-08-07T07:41:48Z,179270,9901000,9901000,25
2026-08-07T07:41:48Z,179271,75000,80000,88
2026-08-07T07:41:48Z,179272,9900000,9900000,40
2026-08-07T07:41:48Z,179273,3000000,9950000,28
2026-08-07T07:41:48Z,179274,9879300,9879300,44
2026-08-07T07:41:48Z,179275,9904900,9904900,41
2026-08-07T07:41:48Z,179276,57300,57300,48
2026-08-07T07:41:48Z,179277,997800,2152100,39
2026-08-07T07:41:48Z,179278,8100,8100,43
2026-08-07T07:41:48Z,179279,39900,9879900,29
2026-08-07T07:41:48Z,179281,9904800,9904800,40
2026-08-07T07:41:48Z,179283,50000,50000,69
2026-08-07T07:41:48Z,179284,9490500,9490500,31
2026-08-07T07:41:48Z,179285,60600,60800,36
2026-08-07T07:41:48Z,179286,208800,208900,31
2026-08-07T07:41:48Z,179287,9885600,9885600,38
2026-08-07T07:41:48Z,179288,49003300,49003300,20
2026-08-07T07:41:48Z,179289,290005100,290005100,1
2026-08-07T07:41:48Z,179290,290003300,290003300,1
2026-08-07T07:41:48Z,179291,49003300,49003300,20
2026-08-07T07:41:48Z,179292,49003300,49003300,20
2026-08-07T07:41:48Z,179293,2508200,2508200,11
2026-08-07T07:41:48Z,179294,49003300,49003300,20
2026-08-07T07:41:48Z,179295,1980000,1980000,167
2026-08-07T07:41:48Z,179296,49000000,49000000,21
2026-08-07T07:41:48Z,179297,290003300,290003300,2
2026-08-07T07:41:48Z,179298,290003300,290003300,1
2026-08-07T07:41:48Z,179299,290003300,290003300,1
2026-08-07T07:41:48Z,179300,49003300,49003300,20
2026-08-07T07:41:48Z,179307,183500,9882800,35
2026-08-07T07:41:48Z,179308,1400600,9870000,36
2026-08-07T07:41:48Z,179309,48600,48600,67
2026-08-07T07:41:48Z,179310,465200,469800,37
2026-08-07T07:41:48Z,179314,700,700,10391
2026-08-07T07:41:48Z,179315,700,700,14667
2026-08-07T07:41:48Z,179368,2050000,2100000,64
2026-08-07T07:41:48Z,179369,2200000,2250000,71
2026-08-07T07:41:48Z,179370,200000,200000,64
2026-08-07T07:41:48Z,179372,950000,980000,44
2026-08-07T07:41:48Z,179985,640000,640000,37
2026-08-07T07:41:48Z,179986,9902100,9902100,431
2026-08-07T07:41:48Z,179992,3900,3900,124
2026-08-07T07:41:48Z,179993,9908700,9908700,25
2026-08-07T07:41:48Z,180055,20000,35000,369
2026-08-07T07:41:48Z,180057,43500,200000,734
2026-08-07T07:41:48Z,180058,69800,69800,209
2026-08-07T07:41:48Z,180059,230000,300000,305
2026-08-07T07:41:48Z,180060,100000,1125000,146
2026-08-07T07:41:48Z,180088,10000,17800,27
2026-08-07T07:41:48Z,180168,76800,76800,63
2026-08-07T07:41:48Z,180307,50000000,50000000,4
2026-08-07T07:41:48Z,180309,1790000,1800000,16
2026-08-07T07:41:48Z,180310,290000000,290000000,1
2026-08-07T07:41:48Z,180317,2200,1990000,385
2026-08-07T07:41:48Z,180318,12000,75000,635
2026-08-07T07:41:48Z,180326,990006500,990006500,1
2026-08-07T07:41:48Z,180327,290006500,290006500,1
2026-08-07T07:41:48Z,180328,1500006500,1500006500,1
2026-08-07T07:41:48Z,180329,290006500,290006500,1
2026-08-07T07:41:48Z,180330,9966900,9966900,2
2026-08-07T07:41:48Z,180331,290006500,290006500,2
2026-08-07T07:41:48Z,180332,290006500,290006500,1
2026-08-07T07:41:48Z,180333,290006500,290006500,1
2026-08-07T07:41:48Z,180334,290006500,290006500,1
2026-08-07T07:41:48Z,180338,290006500,290006500,2
2026-08-07T07:41:48Z,180340,290006500,290006500,1
2026-08-07T07:41:48Z,180341,290006500,290006500,1
2026-08-07T07:41:48Z,180342,990006500,990006500,1
2026-08-07T07:41:48Z,180343,290006500,290006500,1
2026-08-07T07:41:48Z,180344,990006500,990006500,1
2026-08-07T07:41:48Z,180346,290006500,290006500,1
2026-08-07T07:41:48Z,180347,290000700,290000700,1
2026-08-07T07:41:48Z,180348,290006500,290006500,2
2026-08-07T07:41:48Z,180353,290006500,290006500,1
2026-08-07T07:41:48Z,180354,49001500,49001500,20
2026-08-07T07:41:48Z,180377,99900000,99900000,6
2026-08-07T07:41:48Z,180381,1500009000,1500009000,1
2026-08-07T07:41:48Z,180382,290009000,290009000,1
2026-08-07T07:41:48Z,180383,290009000,290009000,1
2026-08-07T07:41:48Z,180384,290009000,290009000,1
2026-08-07T07:41:48Z,180385,1500009000,1500009000,1
2026-08-07T07:41:48Z,180404,5000400,5000400,25
2026-08-07T07:41:48Z,180405,30000,1990000,117
2026-08-07T07:41:48Z,180406,290005200,290005200,1
2026-08-07T07:41:48Z,180408,1500001100,1500001100,1
2026-08-07T07:41:48Z,180409,9904600,9904600,29
2026-08-07T07:41:48Z,180410,6232300,9900600,26
2026-08-07T07:41:48Z,180411,9789600,9888400,28
2026-08-07T07:41:48Z,180412,9902300,9902400,31
2026-08-07T07:41:48Z,180429,9990000,9990000,20
2026-08-07T07:41:48Z,180430,1300,1300,73
2026-08-07T07:41:48Z,180445,8980600,8980800,287
2026-08-07T07:41:48Z,180448,1500000800,1500000800,1
2026-08-07T07:41:48Z,180449,1500000800,1500000800,1
2026-08-07T07:41:48Z,180450,4900800,4900800,200
2026-08-07T07:41:48Z,180457,636600,636600,1096
2026-08-07T07:41:48Z,180475,290009200,290009200,1
2026-08-07T07:41:48Z,180476,49006500,49006500,20
2026-08-07T07:41:48Z,180504,290003300,290003300,1
2026-08-07T07:41:48Z,180505,450003300,450003300,1
2026-08-07T07:41:48Z,180506,290003300,290003300,1
2026-08-07T07:41:48Z,180507,290003300,290003300,1
2026-08-07T07:41:48Z,180508,49003300,49003300,13
2026-08-07T07:41:48Z,180509,290003300,290003300,1
2026-08-07T07:41:48Z,180510,49003300,49003300,20
2026-08-07T07:41:48Z,180511,290003300,290003300,1
2026-08-07T07:41:48Z,180512,290003300,290003300,1
2026-08-07T07:41:48Z,180513,290003300,290003300,1
2026-08-07T07:41:48Z,180514,290003300,290003300,1
2026-08-07T07:41:48Z,180515,290003300,290003300,1
2026-08-07T07:41:48Z,180516,49003300,49003300,20
2026-08-07T07:41:48Z,180517,290003300,290003300,1
2026-08-07T07:41:48Z,180518,49003300,49003300,19
2026-08-07T07:41:48Z,180519,290003300,290003300,1
2026-08-07T07:41:48Z,180520,49003300,49003300,20
2026-08-07T07:41:48Z,180521,49003300,49003300,11
2026-08-07T07:41:48Z,180614,290005300,290005300,2
2026-08-07T07:41:48Z,180622,290007500,290007500,1
2026-08-07T07:41:48Z,180623,49001700,49001700,15
2026-08-07T07:41:48Z,180624,1000000,49000000,21
2026-08-07T07:41:48Z,180732,2900,2900,2369
2026-08-07T07:41:48Z,180733,80000,80000,1595
2026-08-07T07:41:48Z,180878,290003300,290003300,1
2026-08-07T07:41:48Z,180879,49003300,49003300,14
2026-08-07T07:41:48Z,180880,49003300,49003300,20
2026-08-07T07:41:48Z,180881,49003000,49003000,11
2026-08-07T07:41:48Z,180882,5000000,49000000,19
2026-08-07T07:41:48Z,180883,450003300,450003300,1
2026-08-07T07:41:48Z,180884,79993300,79993300,2
2026-08-07T07:41:48Z,180885,290003300,290003300,1
2026-08-07T07:41:48Z,180886,49003300,49003300,20
2026-08-07T07:41:48Z,180887,290003300,290003300,1
2026-08-07T07:41:48Z,180888,290003300,290003300,1
2026-08-07T07:41:48Z,180889,290003300,290003300,1
2026-08-07T07:41:48Z,180890,290003300,290003300,1
2026-08-07T07:41:48Z,180891,290003300,290003300,1
2026-08-07T07:41:48Z,180892,290003300,290003300,1
2026-08-07T07:41:48Z,180893,290003300,290003300,1
2026-08-07T07:41:48Z,180894,290003300,290003300,1
2026-08-07T07:41:48Z,180991,290000000,290000000,1
2026-08-07T07:41:48Z,180992,49006500,49006500,21
2026-08-07T07:41:48Z,181246,49000200,49000200,20
2026-08-07T07:41:48Z,181247,1501000,49001000,23
2026-08-07T07:41:48Z,181388,3579600,3579600,12
2026-08-07T07:41:48Z,181468,111000,113000,1111
2026-08-07T07:41:48Z,181713,17375700,49007900,26
2026-08-07T07:41:48Z,182118,9899300,9899400,26
2026-08-07T07:41:48Z,182119,9900000,9900000,25
2026-08-07T07:41:48Z,182120,9772400,9772400,25
2026-08-07T07:41:48Z,182121,13300,13300,35
2026-08-07T07:41:48Z,182122,9890100,9890100,55
2026-08-07T07:41:48Z,182123,9707600,9707600,26
2026-08-07T07:41:48Z,182299,49002200,49002200,20
2026-08-07T07:41:48Z,182367,5500000100,5500000100,1
2026-08-07T07:41:48Z,182459,210000,216300,56
2026-08-07T07:41:48Z,182581,700000,800000,590
2026-08-07T07:41:48Z,182653,600,600,74
2026-08-07T07:41:48Z,182707,49006500,49006500,19
2026-08-07T07:41:48Z,182708,290003900,290003900,1
2026-08-07T07:41:48Z,182709,290002600,290002600,2
2026-08-07T07:41:48Z,182710,250007600,250007600,4
2026-08-07T07:41:48Z,182713,49009000,49009000,28
2026-08-07T07:41:48Z,182714,49000200,49000200,20
2026-08-07T07:41:48Z,182715,1490000,49000000,13
2026-08-07T07:41:48Z,182718,49000000,49000000,25
2026-08-07T07:41:48Z,182733,49000000,49000000,94
2026-08-07T07:41:48Z,182737,13300,13300,1263
2026-08-07T07:41:48Z,182756,290009000,290009000,1
2026-08-07T07:41:48Z,182757,290009000,290009000,1
2026-08-07T07:41:48Z,182758,290006500,290006500,1
2026-08-07T07:41:48Z,182760,200000000,200000000,2
2026-08-07T07:41:48Z,182761,290001500,290001500,1
2026-08-07T07:41:48Z,182762,290004000,290004000,1
2026-08-07T07:41:48Z,182763,9966900,9966900,2
2026-08-07T07:41:48Z,182764,200000000,200000000,2
2026-08-07T07:41:48Z,182765,290004800,290004800,1
2026-08-07T07:41:48Z,182766,150003600,150003600,2
2026-08-07T07:41:48Z,182774,200000000,200000000,2
2026-08-07T07:41:48Z,182775,290001500,290001500,1
2026-08-07T07:41:48Z,182776,290001500,290001500,1
2026-08-07T07:41:48Z,182797,25005100,49005100,20
2026-08-07T07:41:48Z,183108,990003400,990003400,1
2026-08-07T07:41:48Z,183109,49008500,49008500,20
2026-08-07T07:41:48Z,183110,49006000,49006000,20
2026-08-07T07:41:48Z,183203,49000000,49006500,21
2026-08-07T07:41:48Z,183204,49000000,49000000,9
2026-08-07T07:41:48Z,183205,250000000,250000000,2
2026-08-07T07:41:48Z,183207,49000000,49000000,20
2026-08-07T07:41:48Z,183208,1000000,49008800,23
2026-08-07T07:41:48Z,183209,25009900,49009900,21
2026-08-07T07:41:48Z,183597,9901100,9901100,25
2026-08-07T07:41:48Z,183599,8625000,8625000,26
2026-08-07T07:41:48Z,183733,35007500,35007500,20
2026-08-07T07:41:48Z,183738,6200,6200,265
2026-08-07T07:41:48Z,183793,2000600,9905800,21
2026-08-07T07:41:48Z,183823,67700,67700,140
2026-08-07T07:41:48Z,183945,48462900,48732900,22
2026-08-07T07:41:48Z,183950,68200,68200,1505
2026-08-07T07:41:48Z,183951,39000,56400,2332
2026-08-07T07:41:48Z,183952,940000,940000,149
2026-08-07T07:41:48Z,183953,150000,150000,2606
2026-08-07T07:41:48Z,183954,80000,80000,2572
2026-08-07T07:41:48Z,183955,40000,40000,603
2026-08-07T07:41:48Z,183963,920000,927000,64
2026-08-07T07:41:48Z,184049,9903100,9903100,47
2026-08-07T07:41:48Z,184050,5559700,5559700,26
2026-08-07T07:41:48Z,184051,9910000,9910000,39
2026-08-07T07:41:48Z,184090,285900,366200,758
2026-08-07T07:41:48Z,184096,4136500,4136500,179
2026-08-07T07:41:48Z,184097,1379000,1379000,201
2026-08-07T07:41:48Z,184100,2834000,2834000,130
2026-08-07T07:41:48Z,184201,834800,9899100,45
2026-08-07T07:41:48Z,184202,1800,1800,323
2026-08-07T07:41:48Z,184281,9900000,9900000,59
2026-08-07T07:41:48Z,184283,2070500,9880000,26
2026-08-07T07:41:48Z,184308,29300,29300,131
2026-08-07T07:41:48Z,184309,1500006500,1500006500,1
2026-08-07T07:41:48Z,184310,1500006500,1500006500,2
2026-08-07T07:41:48Z,184340,56799000,56799000,2
2026-08-07T07:41:48Z,184341,848715000,848715000,2
2026-08-07T07:41:48Z,184342,250008800,250008800,2
2026-08-07T07:41:48Z,184343,249999600,249999600,1
2026-08-07T07:41:48Z,184344,974999600,974999600,1
2026-08-07T07:41:48Z,184345,800008800,800008800,1
2026-08-07T07:41:48Z,184346,250008400,250008400,1
2026-08-07T07:41:48Z,184347,924999800,924999800,1
2026-08-07T07:41:48Z,184390,1480000,1480000,22
2026-08-07T07:41:48Z,184391,580000,580000,35
2026-08-07T07:41:48Z,184392,430000,430000,35
2026-08-07T07:41:48Z,184393,28500,28500,21
2026-08-07T07:41:48Z,184394,49000500,49000500,11
2026-08-07T07:41:48Z,184553,290001900,290001900,1
2026-08-07T07:41:48Z,184624,3450000,3990000,213
2026-08-07T07:41:48Z,184682,284000,284000,169
2026-08-07T07:41:48Z,184690,1451800,1979900,177
2026-08-07T07:41:48Z,185476,234700,49004700,23
2026-08-07T07:41:48Z,185477,290000000,290000000,1
2026-08-07T07:41:48Z,185478,290006700,290006700,1
2026-08-07T07:41:48Z,185479,49000000,49005300,21
2026-08-07T07:41:48Z,185480,48739500,48739500,106
2026-08-07T07:41:48Z,185481,48735300,48735300,21
2026-08-07T07:41:48Z,185482,529800,529800,9
2026-08-07T07:41:48Z,185483,4007600,4007600,3
2026-08-07T07:41:48Z,185737,501300,1761300,40
2026-08-07T07:41:48Z,185739,290009000,290009000,1
2026-08-07T07:41:48Z,185910,1490000,1490000,124
2026-08-07T07:41:48Z,185968,290004200,290004200,1
2026-08-07T07:41:48Z,185970,290009500,290009500,1
2026-08-07T07:41:48Z,186017,29800,31900,8257
2026-08-07T07:41:48Z,186522,1400000,1400000,65
2026-08-07T07:41:48Z,186660,990002600,990002600,1
2026-08-07T07:41:48Z,186661,290006300,290006300,1
2026-08-07T07:41:48Z,186662,702000,1119900,67
2026-08-07T07:41:48Z,186677,290005200,290005200,2
2026-08-07T07:41:48Z,186684,990000,990000,271
2026-08-07T07:41:48Z,186704,9907500,9907500,35
2026-08-07T07:41:48Z,186725,281500,281500,94
2026-08-07T07:41:48Z,186726,999900,999900,92
2026-08-07T07:41:48Z,186975,9000,9000,78
2026-08-07T07:41:48Z,186981,537300,537300,26
2026-08-07T07:41:48Z,186982,109800,280000,236
2026-08-07T07:41:48Z,187180,9272900,9272900,24
2026-08-07T07:41:48Z,187188,290005800,290005800,2
2026-08-07T07:41:48Z,187189,290003300,290003300,2
2026-08-07T07:41:48Z,187190,290001800,290001800,2
2026-08-07T07:41:48Z,187191,290007800,290007800,1
2026-08-07T07:41:48Z,187192,290005700,290005700,1
2026-08-07T07:41:48Z,187193,60000500,60000500,8
2026-08-07T07:41:48Z,187194,290001500,290001500,1
2026-08-07T07:41:48Z,187195,290003200,290003200,1
2026-08-07T07:41:48Z,187196,290000000,290000000,1
2026-08-07T07:41:48Z,187197,290000200,290000200,1
2026-08-07T07:41:48Z,187198,49004900,49004900,19
2026-08-07T07:41:48Z,187199,290005900,290005900,1
2026-08-07T07:41:48Z,187211,290000200,290000200,1
2026-08-07T07:41:48Z,187212,49005700,49005700,20
2026-08-07T07:41:48Z,187213,49006000,49006000,21
2026-08-07T07:41:48Z,187348,49000000,49000000,25
2026-08-07T07:41:48Z,187408,290001200,290001200,1
2026-08-07T07:41:48Z,187550,690000100,690000100,2
2026-08-07T07:41:48Z,187553,699990100,699990100,2
2026-08-07T07:41:48Z,187554,5500000100,5500000100,1
2026-08-07T07:41:48Z,187555,1500000100,1500000100,2
2026-08-07T07:41:48Z,187594,45004000,45004000,23
2026-08-07T07:41:48Z,187633,100000,100000,353
2026-08-07T07:41:48Z,187634,450000,450000,137
2026-08-07T07:41:48Z,187635,440000,480000,195
2026-08-07T07:41:48Z,187636,3965000,3965000,229
2026-08-07T07:41:48Z,187648,9904000,9904000,78
2026-08-07T07:41:48Z,187699,84600,97700,4340
2026-08-07T07:41:48Z,187700,115900,120000,25943
2026-08-07T07:41:48Z,187701,6000,6500,49696
2026-08-07T07:41:48Z,187702,900,1000,10795
2026-08-07T07:41:48Z,187703,6800,14000,78602
2026-08-07T07:41:48Z,187704,700,700,52877
2026-08-07T07:41:48Z,187707,500000,508100,315
2026-08-07T07:41:48Z,187711,49001200,49001200,20
2026-08-07T07:41:48Z,187712,2800,2900,47
2026-08-07T07:41:48Z,187796,309400,309400,210
2026-08-07T07:41:48Z,187802,7000,7000,1140
2026-08-07T07:41:48Z,187805,698400,9554300,64
2026-08-07T07:41:48Z,187812,4500000,4989000,16
2026-08-07T07:41:48Z,187823,199997900,199997900,5
2026-08-07T07:41:48Z,187825,26750000,26750000,268
2026-08-07T07:41:48Z,187827,150000300,150000300,107
2026-08-07T07:41:48Z,187829,4790000,4790000,16
2026-08-07T07:41:48Z,187831,7948800,7948800,61
2026-08-07T07:41:48Z,187836,199990000,199990000,3
2026-08-07T07:41:48Z,187842,49000800,49000800,20
2026-08-07T07:41:48Z,187849,8691000,8691000,211
2026-08-07T07:41:48Z,187850,193999000,193999000,201
2026-08-07T07:41:48Z,187884,17998800,17998800,89
2026-08-07T07:41:48Z,187887,14030600,14030600,68
2026-08-07T07:41:48Z,187888,17959000,17959000,105
2026-08-07T07:41:48Z,187911,2998500,2998500,45
2026-08-07T07:41:48Z,187931,13140600,13140600,40
2026-08-07T07:41:48Z,187933,8508800,8508800,200
2026-08-07T07:41:48Z,187934,16799600,16799600,75
2026-08-07T07:41:48Z,187936,17463400,17463400,75
2026-08-07T07:41:48Z,188164,10000100,10000100,178
2026-08-07T07:41:48Z,188658,27300,29700,13948
2026-08-07T07:41:48Z,188669,267400,367400,56
2026-08-07T07:41:48Z,188670,1300,1300,619
2026-08-07T07:41:48Z,188671,22900,22900,67
2026-08-07T07:41:48Z,188672,32232400,32232400,12
2026-08-07T07:41:48Z,188681,255900,455900,27
2026-08-07T07:41:48Z,188682,73800,73800,86
2026-08-07T07:41:48Z,188683,2500000,2500000,5
2026-08-07T07:41:48Z,188684,1699700,1699700,5
2026-08-07T07:41:48Z,188685,190000000,190000000,6
2026-08-07T07:41:48Z,188760,4489100,4489100,6
2026-08-07T07:41:48Z,188761,59400,59400,41
2026-08-07T07:41:48Z,188762,1409900,2009900,8
2026-08-07T07:41:48Z,188779,290009200,290009200,2
2026-08-07T07:41:48Z,188789,290003200,290003200,3
2026-08-07T07:41:48Z,188790,656800,49006800,21
2026-08-07T07:41:48Z,188791,20007900,20007900,4
2026-08-07T07:41:48Z,188792,49009700,49009700,24
2026-08-07T07:41:48Z,188794,1800000,1800000,28
2026-08-07T07:41:48Z,188795,5005900,5005900,6
2026-08-07T07:41:48Z,188811,189000,189000,9
2026-08-07T07:41:48Z,188827,49001400,49001400,25
2026-08-07T07:41:48Z,188834,258200,258200,36
2026-08-07T07:41:48Z,188835,34900,44900,136
2026-08-07T07:41:48Z,188836,290009100,290009100,1
2026-08-07T07:41:48Z,188946,280009200,280009200,8
2026-08-07T07:41:48Z,188947,20000100,20000100,2
2026-08-07T07:41:48Z,188948,6006000,49006000,24
2026-08-07T07:41:48Z,189143,49700,58100,2408
2026-08-07T07:41:48Z,189145,13980000,33000000,249
2026-08-07T07:41:48Z,189146,79200,85000,67
2026-08-07T07:41:48Z,189147,4003300,4003300,51
2026-08-07T07:41:48Z,189148,150000,150000,66
2026-08-07T07:41:48Z,189149,189900,189900,34
2026-08-07T07:41:48Z,189150,50000,60000,179
2026-08-07T07:41:48Z,189151,35000,35000,140
2026-08-07T07:41:48Z,189152,1768900,1768900,241
2026-08-07T07:41:48Z,189153,140000,140000,124
2026-08-07T07:41:48Z,189154,78880000,78880000,107
2026-08-07T07:41:48Z,189155,54000000,55000000,157
2026-08-07T07:41:48Z,189156,19000000,19000000,18
2026-08-07T07:41:48Z,189541,1999000,1999000,455
2026-08-07T07:41:48Z,189542,1584000,1584000,123
2026-08-07T07:41:48Z,189543,2989900,2989900,242
2026-08-07T07:41:48Z,189571,20000300,20000300,3
2026-08-07T07:41:48Z,190235,49000700,49000700,20
2026-08-07T07:41:48Z,190236,290001900,290001900,1
2026-08-07T07:41:48Z,190311,34500,47100,56158
2026-08-07T07:41:48Z,190312,69500,464000,7310
2026-08-07T07:41:48Z,190313,65300,80100,12004
2026-08-07T07:41:48Z,190314,106900,149800,10387
2026-08-07T07:41:48Z,190315,158700,168000,7123
2026-08-07T07:41:48Z,190316,1456700,1456700,2185
2026-08-07T07:41:48Z,190320,102200,115500,10487
2026-08-07T07:41:48Z,190321,1009900,1050000,6414
2026-08-07T07:41:48Z,190322,243200,482100,28445
2026-08-07T07:41:48Z,190324,2404400,3700000,21770
2026-08-07T07:41:48Z,190326,119000,133300,1524
2026-08-07T07:41:48Z,190327,1108800,1239900,2495
2026-08-07T07:41:48Z,190328,186900,287700,6187
2026-08-07T07:41:48Z,190329,2999900,2999900,3972
2026-08-07T07:41:48Z,190330,11100,54400,20970
2026-08-07T07:41:48Z,190331,277200,310000,4508
2026-08-07T07:41:48Z,190378,1498300,1498300,132
2026-08-07T07:41:48Z,190380,1702300,1702300,152
2026-08-07T07:41:48Z,190388,35000,40000,188
2026-08-07T07:41:48Z,190394,4800,5200,51091
2026-08-07T07:41:48Z,190395,3900,4500,18617
2026-08-07T07:41:48Z,190396,3900,4500,42753
2026-08-07T07:41:48Z,190450,1020000,1020000,656
2026-08-07T07:41:48Z,190451,50000,204500,9042
2026-08-07T07:41:48Z,190452,145000,149900,1102
2026-08-07T07:41:48Z,190530,2029900,2077900,606
2026-08-07T07:41:48Z,190531,1996700,4506700,351
2026-08-07T07:41:48Z,190532,4035000,4045000,149
2026-08-07T07:41:48Z,190533,4979900,4991500,115
2026-08-07T07:41:48Z,190534,2974900,2974900,19
2026-08-07T07:41:48Z,190535,7117500,7117500,237
2026-08-07T07:41:48Z,190536,3000000,3500000,35
2026-08-07T07:41:48Z,190537,3179900,3179900,27
2026-08-07T07:41:48Z,190538,909100,1500000,602
2026-08-07T07:41:48Z,190880,290000,290000,104
2026-08-07T07:41:48Z,190881,9900000,9900000,25
2026-08-07T07:41:48Z,190936,9850000,9850000,6
2026-08-07T07:41:48Z,190953,9900,9900,381
2026-08-07T07:41:48Z,191250,3000000,3000000,16
2026-08-07T07:41:48Z,191256,79400,79400,162
2026-08-07T07:41:48Z,191260,250000,250000,77
2026-08-07T07:41:48Z,191318,19700,20800,269
2026-08-07T07:41:48Z,191319,82900,82900,6133
2026-08-07T07:41:48Z,191320,120000,130000,327
2026-08-07T07:41:48Z,191321,129900,625000,570
2026-08-07T07:41:48Z,191322,30000,625000,693
2026-08-07T07:41:48Z,191323,50000,625000,561
2026-08-07T07:41:48Z,191324,94500,94500,42
2026-08-07T07:41:48Z,191325,22500,22700,68
2026-08-07T07:41:48Z,191326,60000,60000,642
2026-08-07T07:41:48Z,191327,11000,41900,259
2026-08-07T07:41:48Z,191328,23300,25400,1331
2026-08-07T07:41:48Z,191329,320000,320000,1491
2026-08-07T07:41:48Z,191330,150000,154300,120
2026-08-07T07:41:48Z,191331,50000,625000,435
2026-08-07T07:41:48Z,191332,157900,157900,57
2026-08-07T07:41:48Z,191333,28000,425000,127
2026-08-07T07:41:48Z,191334,15400,19800,837
2026-08-07T07:41:48Z,191335,22200,22200,47
2026-08-07T07:41:48Z,191336,29000,1000000,490
2026-08-07T07:41:48Z,191337,98900,108000,633
2026-08-07T07:41:48Z,191338,2256900,2256900,132
2026-08-07T07:41:48Z,191339,19800,1000000,694
2026-08-07T07:41:48Z,191340,14500,70000,545
2026-08-07T07:41:48Z,191341,13300,13500,10439
2026-08-07T07:41:48Z,191348,2985000,2985000,79
2026-08-07T07:41:48Z,191349,1809900,1809900,64
2026-08-07T07:41:48Z,191350,1909500,1909600,742
2026-08-07T07:41:48Z,191351,1098900,1110000,60
2026-08-07T07:41:48Z,191352,650000,650000,132
2026-08-07T07:41:48Z,191353,2500100,2500100,618
2026-08-07T07:41:48Z,191357,1479800,1494700,1146
2026-08-07T07:41:48Z,191358,199900,2544400,2499
2026-08-07T07:41:48Z,191359,808400,3548400,1035
2026-08-07T07:41:48Z,191360,20000,20000,37
2026-08-07T07:41:48Z,191361,30000,30000,70
2026-08-07T07:41:48Z,191362,19900,19900,50
2026-08-07T07:41:48Z,191363,3100,33500,3821
2026-08-07T07:41:48Z,191364,7800,7900,3312
2026-08-07T07:41:48Z,191365,10000,10000,1378
2026-08-07T07:41:48Z,191366,16800,16800,49
2026-08-07T07:41:48Z,191367,20000,29900,468
2026-08-07T07:41:48Z,191368,30000,30000,158
2026-08-07T07:41:48Z,191369,2987100,2987100,31
2026-08-07T07:41:48Z,191370,30000,39900,41
2026-08-07T07:41:48Z,191371,179700,179700,97
2026-08-07T07:41:48Z,191372,80000,150000,177
2026-08-07T07:41:48Z,191373,10000,10000,2390
2026-08-07T07:41:48Z,191374,30000,30000,1057
2026-08-07T07:41:48Z,191375,1250000,1250000,27
2026-08-07T07:41:48Z,191376,19600,19600,43
2026-08-07T07:41:48Z,191377,26500,26500,68
2026-08-07T07:41:48Z,191378,12800,12800,1209
2026-08-07T07:41:48Z,191379,3500,3500,760
2026-08-07T07:41:48Z,191380,3000,3500,52023
2026-08-07T07:41:48Z,191381,13300,13300,270
2026-08-07T07:41:48Z,191382,44500,44500,4316
2026-08-07T07:41:48Z,191383,34400,184400,7560
2026-08-07T07:41:48Z,191384,8100,20000,820
2026-08-07T07:41:48Z,191385,54500,60000,2351
2026-08-07T07:41:48Z,191386,28800,48800,27880
2026-08-07T07:41:48Z,191387,293200,296100,128
2026-08-07T07:41:48Z,191388,279900,279900,165
2026-08-07T07:41:48Z,191389,410000,410000,193
2026-08-07T07:41:48Z,191393,3400,150000,781
2026-08-07T07:41:48Z,191394,70000,79900,459
2026-08-07T07:41:48Z,191395,199900,199900,3338
2026-08-07T07:41:48Z,191396,5900,87500,3840
2026-08-07T07:41:48Z,191397,159900,465200,50
2026-08-07T07:41:48Z,191398,499900,499900,630
2026-08-07T07:41:48Z,191399,6900,7000,46
2026-08-07T07:41:48Z,191400,10000,10000,52
2026-08-07T07:41:48Z,191401,520000,520000,115
2026-08-07T07:41:48Z,191460,5600,5800,5105
2026-08-07T07:41:48Z,191461,4000,4300,33240
2026-08-07T07:41:48Z,191462,6500,6500,50260
2026-08-07T07:41:48Z,191464,22600,23000,3750
2026-08-07T07:41:48Z,191465,21900,22900,16804
2026-08-07T07:41:48Z,191466,22300,23900,21626
2026-08-07T07:41:48Z,191467,41900,44800,1493
2026-08-07T07:41:48Z,191468,14700,15500,10079
2026-08-07T07:41:48Z,191469,19700,20000,8225
2026-08-07T07:41:48Z,191470,480000,497200,940
2026-08-07T07:41:48Z,191471,489900,599900,1878
2026-08-07T07:41:48Z,191472,540000,608800,1828
2026-08-07T07:41:48Z,191474,47800,58000,4884
2026-08-07T07:41:48Z,191475,130000,209100,2786
2026-08-07T07:41:48Z,191476,500000,500000,2739
2026-08-07T07:41:48Z,191493,6928300,6928300,94
2026-08-07T07:41:48Z,191494,9519900,9519900,148
2026-08-07T07:41:48Z,191495,5599900,5599900,160
2026-08-07T07:41:48Z,191496,470000,470400,1005
2026-08-07T07:41:48Z,191497,445000,450000,10857
2026-08-07T07:41:48Z,191498,454500,454500,2252
2026-08-07T07:41:48Z,191499,8000000,8000000,193
2026-08-07T07:41:48Z,191500,9477400,9477400,73
2026-08-07T07:41:48Z,191501,1006600,1006600,52
2026-08-07T07:41:48Z,191502,9945000,9945000,20
2026-08-07T07:41:48Z,191503,1522600,1522600,52
2026-08-07T07:41:48Z,191504,100000,100000,118
2026-08-07T07:41:48Z,191505,9899000,9899500,21
2026-08-07T07:41:48Z,191506,49000,49000,173
2026-08-07T07:41:48Z,191507,1405100,1405100,223
2026-08-07T07:41:48Z,191508,49992500,49992500,4
2026-08-07T07:41:48Z,191509,873300,9995500,28
2026-08-07T07:41:48Z,191510,6847900,6847900,99
2026-08-07T07:41:48Z,191511,831600,831600,51
2026-08-07T07:41:48Z,191512,559400,559500,280
2026-08-07T07:41:48Z,191513,150000,150000,499
2026-08-07T07:41:48Z,191514,49989200,49989200,6
2026-08-07T07:41:48Z,191515,999900,1000000,102
2026-08-07T07:41:48Z,191516,10800,11000,268
2026-08-07T07:41:48Z,191518,5000,74900,7991
2026-08-07T07:41:48Z,191519,8000,8000,866
2026-08-07T07:41:48Z,191520,975200,980100,53
2026-08-07T07:41:48Z,191521,158200,158200,157
2026-08-07T07:41:48Z,191522,570000,570000,476
2026-08-07T07:41:48Z,191523,570000,590000,34
2026-08-07T07:41:48Z,191524,4879800,4889400,338
2026-08-07T07:41:48Z,191525,2505000,2505000,71
2026-08-07T07:41:48Z,191532,197500,199600,26
2026-08-07T07:41:48Z,191533,99900,109700,90
2026-08-07T07:41:48Z,191534,2299800,2299900,18
2026-08-07T07:41:48Z,191861,495000,495000,36
2026-08-07T07:41:48Z,191864,49000100,49000100,20
2026-08-07T07:41:48Z,191872,5771500,9900000,27
2026-08-07T07:41:48Z,191873,5000000,39900000,17
2026-08-07T07:41:48Z,191933,12100,12100,40
2026-08-07T07:41:48Z,191939,140000,140000,477
2026-08-07T07:41:48Z,191940,7840000,7840000,275
2026-08-07T07:41:48Z,191943,7900,7900,57
2026-08-07T07:41:48Z,191944,10000,10000,51
2026-08-07T07:41:48Z,191945,6390300,6390300,51
2026-08-07T07:41:48Z,191948,375700,375700,25
2026-08-07T07:41:48Z,191949,100000,9895600,21
2026-08-07T07:41:48Z,191950,3008900,3009000,300
2026-08-07T07:41:48Z,192095,19800,20000,6899
2026-08-07T07:41:48Z,192096,16000,17000,3357
2026-08-07T07:41:48Z,192097,17500,17800,39065
2026-08-07T07:41:48Z,192552,8571900,8572000,96
2026-08-07T07:41:48Z,192553,17400,43200,62
2026-08-07T07:41:48Z,192554,9907400,9907400,63
2026-08-07T07:41:48Z,192604,290008400,290008400,1
2026-08-07T07:41:48Z,192605,16600,16600,25
2026-08-07T07:41:48Z,192608,6300,6300,140
2026-08-07T07:41:48Z,192609,7000,7000,45
2026-08-07T07:41:48Z,192610,6100,6100,43
2026-08-07T07:41:48Z,192611,5900,5900,78
2026-08-07T07:41:48Z,192613,100000,100000,44
2026-08-07T07:41:48Z,192614,6300,6300,158
2026-08-07T07:41:48Z,192615,6300,6300,4592
2026-08-07T07:41:48Z,192616,300002200,300002200,2
2026-08-07T07:41:48Z,192617,6400,6400,294
2026-08-07T07:41:48Z,192619,550000,550000,47
2026-08-07T07:41:48Z,192620,7000,7000,155
2026-08-07T07:41:48Z,192621,6600,6600,6943
2026-08-07T07:41:48Z,192622,7500,7900,80
2026-08-07T07:41:48Z,192623,6000,6000,68
2026-08-07T07:41:48Z,192624,7000,7000,484
2026-08-07T07:41:48Z,192625,7000,7000,235
2026-08-07T07:41:48Z,192626,6600,6600,167
2026-08-07T07:41:48Z,192627,6500,6500,133
2026-08-07T07:41:48Z,192628,6300,6300,108
2026-08-07T07:41:48Z,192629,5900,5900,85
2026-08-07T07:41:48Z,192630,8800,8800,46
2026-08-07T07:41:48Z,192631,6400,6400,326
2026-08-07T07:41:48Z,192632,15500,15500,57
2026-08-07T07:41:48Z,192634,7900,8000,55
2026-08-07T07:41:48Z,192635,6100,6100,591
2026-08-07T07:41:48Z,192636,5900,5900,764
2026-08-07T07:41:48Z,192644,16300,16300,72
2026-08-07T07:41:48Z,192645,140000,148000,30
2026-08-07T07:41:48Z,192646,15900,15900,83
2026-08-07T07:41:48Z,192647,18200,18200,82
2026-08-07T07:41:48Z,192648,17500,17500,253
2026-08-07T07:41:48Z,192650,90000,100000,25
2026-08-07T07:41:48Z,192651,70000,70000,32
2026-08-07T07:41:48Z,192652,20500,20500,44
2026-08-07T07:41:48Z,192653,29800,49800,25
2026-08-07T07:41:48Z,192654,68600,68600,44
2026-08-07T07:41:48Z,192655,17700,17700,48
2026-08-07T07:41:48Z,192656,1505600,30005600,18
2026-08-07T07:41:48Z,192657,16500,17000,25
2026-08-07T07:41:48Z,192658,18300,18300,564
2026-08-07T07:41:48Z,192659,990000,1000000,17
2026-08-07T07:41:48Z,192660,20000000,49006600,14
2026-08-07T07:41:48Z,192661,24500,24500,21
2026-08-07T07:41:48Z,192662,17600,17600,293
2026-08-07T07:41:48Z,192663,4300000,8000000,21
2026-08-07T07:41:48Z,192664,99800,99800,20
2026-08-07T07:41:48Z,192665,290004200,290004200,1
2026-08-07T07:41:48Z,192666,250000,300000,63
2026-08-07T07:41:48Z,192668,46008700,49008700,16
2026-08-07T07:41:48Z,192669,16200,16200,41
2026-08-07T07:41:48Z,192670,18900,18900,36
2026-08-07T07:41:48Z,192671,2000000,2000000,34
2026-08-07T07:41:48Z,192672,16800,16800,68
2026-08-07T07:41:48Z,192673,17900,17900,29
2026-08-07T07:41:48Z,192674,17000,17000,46
2026-08-07T07:41:48Z,192675,18600,18600,55
2026-08-07T07:41:48Z,192683,17400,17400,41
2026-08-07T07:41:48Z,192684,1500001300,1500001300,1
2026-08-07T07:41:48Z,192685,300000,300000,6
2026-08-07T07:41:48Z,192686,290000000,290000000,3
2026-08-07T07:41:48Z,192687,290005100,290005100,2
2026-08-07T07:41:48Z,192688,220300,220300,2
2026-08-07T07:41:48Z,192689,290002600,290002600,1
2026-08-07T07:41:48Z,192690,290000000,290000000,2
2026-08-07T07:41:48Z,192691,290007400,290007400,4
2026-08-07T07:41:48Z,192692,290003300,290003300,1
2026-08-07T07:41:48Z,192693,290008800,290008800,1
2026-08-07T07:41:48Z,192695,7880000,7880000,4
2026-08-07T07:41:48Z,192697,310000,310000,6
2026-08-07T07:41:48Z,192700,290006600,290006600,1
2026-08-07T07:41:48Z,192701,280000,280000,7
2026-08-07T07:41:48Z,192702,3999900,3999900,4
2026-08-07T07:41:48Z,192703,2000000,2000000,2
2026-08-07T07:41:48Z,192704,290000700,290000700,1
2026-08-07T07:41:48Z,192705,3000000,3000000,6
2026-08-07T07:41:48Z,192706,290004300,290004300,1
2026-08-07T07:41:48Z,192707,290004900,290004900,2
2026-08-07T07:41:48Z,192708,290005200,290005200,3
2026-08-07T07:41:48Z,192709,280004600,280004600,2
2026-08-07T07:41:48Z,192710,200006400,200006400,3
2026-08-07T07:41:48Z,192711,290001500,290001500,1
2026-08-07T07:41:48Z,192712,699900,699900,5
2026-08-07T07:41:48Z,192713,290003600,290003600,2
2026-08-07T07:41:48Z,192714,990007000,990007000,1
2026-08-07T07:41:48Z,192715,16600,16600,48
2026-08-07T07:41:48Z,192716,290001100,290001100,1
2026-08-07T07:41:48Z,192717,202400,202400,53
2026-08-07T07:41:48Z,192718,210000,210000,11
2026-08-07T07:41:48Z,192719,210500,210500,4
2026-08-07T07:41:48Z,192720,350000,350000,10
2026-08-07T07:41:48Z,192721,290001700,290001700,1
2026-08-07T07:41:48Z,192722,35001600,35001600,3
2026-08-07T07:41:48Z,192723,630000,630000,8
2026-08-07T07:41:48Z,192724,290008500,290008500,2
2026-08-07T07:41:48Z,192725,1500002400,1500002400,1
2026-08-07T07:41:48Z,192726,2000000,2000000,3
2026-08-07T07:41:48Z,192727,709400,709400,6
2026-08-07T07:41:48Z,192728,210000,210000,4
2026-08-07T07:41:48Z,192729,555500,809900,14
2026-08-07T07:41:48Z,192730,17600,17600,172
2026-08-07T07:41:48Z,192731,450007100,450007100,1
2026-08-07T07:41:48Z,192746,1200000,1490000,44
2026-08-07T07:41:48Z,192747,6100,6100,104
2026-08-07T07:41:48Z,192769,49000100,49000100,20
2026-08-07T07:41:48Z,192833,36000,36000,4393
2026-08-07T07:41:48Z,192834,937500,937500,182
2026-08-07T07:41:48Z,192835,399000,399000,1524
2026-08-07T07:41:48Z,192836,457400,457400,2859
2026-08-07T07:41:48Z,192837,8000,79000,6361
2026-08-07T07:41:48Z,192838,9900,70000,4320
2026-08-07T07:41:48Z,192839,84800,84800,9651
2026-08-07T07:41:48Z,192840,62500,347300,4245
2026-08-07T07:41:48Z,192841,43000,52900,4282
2026-08-07T07:41:48Z,192842,89600,104900,6711
2026-08-07T07:41:48Z,192843,15400,77600,5155
2026-08-07T07:41:48Z,192844,47000,88800,7296
2026-08-07T07:41:48Z,192845,20000,29000,5174
2026-08-07T07:41:48Z,192846,22500,72500,3188
2026-08-07T07:41:48Z,192847,31500,32200,3209
2026-08-07T07:41:48Z,192848,50000,50000,5852
2026-08-07T07:41:48Z,192849,17100,17500,5160
2026-08-07T07:41:48Z,192850,10000,10000,6815
2026-08-07T07:41:48Z,192851,15000,75000,16408
2026-08-07T07:41:48Z,192852,32600,53000,409
2026-08-07T07:41:48Z,192853,49100,229400,1637
2026-08-07T07:41:48Z,192855,400000,400000,2921
2026-08-07T07:41:48Z,192856,130100,153000,3236
2026-08-07T07:41:48Z,192857,89400,375000,4578
2026-08-07T07:41:48Z,192858,150000,150000,3067
2026-08-07T07:41:48Z,192859,54500,58000,252
2026-08-07T07:41:48Z,192860,48800,48800,1360
2026-08-07T07:41:48Z,192861,355200,355200,8044
2026-08-07T07:41:48Z,192862,52600,52600,96
2026-08-07T07:41:48Z,192863,191600,191600,171
2026-08-07T07:41:48Z,192865,227900,227900,2717
2026-08-07T07:41:48Z,192866,148500,150000,1359
2026-08-07T07:41:48Z,192867,50000,50000,5374
2026-08-07T07:41:48Z,192868,140000,350000,2698
2026-08-07T07:41:48Z,192869,1990000,1990000,234
2026-08-07T07:41:48Z,192870,4999900,5907700,850
2026-08-07T07:41:48Z,192871,1800000,1900000,548
2026-08-07T07:41:48Z,192872,5900,5900,54924
2026-08-07T07:41:48Z,192876,162000,162000,600
2026-08-07T07:41:48Z,192877,148900,148900,1557
2026-08-07T07:41:48Z,192878,229700,255300,2227
2026-08-07T07:41:48Z,192880,5300,6500,38724
2026-08-07T07:41:48Z,192883,533700,555000,454
2026-08-07T07:41:48Z,192884,152100,249900,8317
2026-08-07T07:41:48Z,192885,292800,292900,15022
2026-08-07T07:41:48Z,192887,2990000,2990000,23
2026-08-07T07:41:48Z,192894,3000,3000,684
2026-08-07T07:41:48Z,192895,20000,20000,290
2026-08-07T07:41:48Z,192896,12400,12400,119
2026-08-07T07:41:48Z,192897,85100,314200,201
2026-08-07T07:41:48Z,192898,190000,190000,315
2026-08-07T07:41:48Z,192899,109900,700000,1561
2026-08-07T07:41:48Z,192900,51300,397600,413
2026-08-07T07:41:48Z,192901,58500,58500,70
2026-08-07T07:41:48Z,192902,200000,458000,300
2026-08-07T07:41:48Z,192903,84000,434300,715
2026-08-07T07:41:48Z,192904,51900,562400,854
2026-08-07T07:41:48Z,192905,150000,350000,498
2026-08-07T07:41:48Z,192906,269800,269900,39
2026-08-07T07:41:48Z,192907,75500,456200,42
2026-08-07T07:41:48Z,192908,449000,450000,527
2026-08-07T07:41:48Z,192910,18100,498100,30
2026-08-07T07:41:48Z,192911,44200,44600,148
2026-08-07T07:41:48Z,192912,67500,500000,76
2026-08-07T07:41:48Z,192913,8400,497500,1835
2026-08-07T07:41:48Z,192914,25000,26900,1470
2026-08-07T07:41:48Z,192916,50000,450000,1889
2026-08-07T07:41:48Z,192917,7961000,7961000,3
2026-08-07T07:41:48Z,192918,7250000,7250000,25
2026-08-07T07:41:48Z,192919,1294900,1294900,31
2026-08-07T07:41:48Z,192920,831600,2001600,66
2026-08-07T07:41:48Z,192921,655900,1500000,28
2026-08-07T07:41:48Z,192922,1242500,1252500,80
2026-08-07T07:41:48Z,192923,4223000,4244200,24
2026-08-07T07:41:48Z,192924,1328800,2550600,91
2026-08-07T07:41:48Z,192925,1090000,1090000,84
2026-08-07T07:41:48Z,192926,199000000,199000000,1
2026-08-07T07:41:48Z,192927,9990000,9990000,20
2026-08-07T07:41:48Z,192928,1089900,1100000,37
2026-08-07T07:41:48Z,192929,234300,235400,45
2026-08-07T07:41:48Z,192931,345900,345900,87
2026-08-07T07:41:48Z,192932,887500,2257500,64
2026-08-07T07:41:48Z,192933,595900,9998900,22
2026-08-07T07:41:48Z,192934,495900,9990200,22
2026-08-07T07:41:48Z,192935,5000000,5000000,25
2026-08-07T07:41:48Z,192936,197595900,197595900,1
2026-08-07T07:41:48Z,192937,2110000,2110000,34
2026-08-07T07:41:48Z,192938,2252200,2252200,85
2026-08-07T07:41:48Z,192940,990006700,990006700,3
2026-08-07T07:41:48Z,192941,148500,2250000,56
2026-08-07T07:41:48Z,192942,2559800,2559800,30
2026-08-07T07:41:48Z,192943,150261900,150261900,2
2026-08-07T07:41:48Z,192944,2049700,2049700,24
2026-08-07T07:41:48Z,192945,1505400,9999800,23
2026-08-07T07:41:48Z,192946,9597500,9645700,25
2026-08-07T07:41:48Z,192947,1495900,1495900,37
2026-08-07T07:41:48Z,192948,1402900,1402900,132
2026-08-07T07:41:48Z,192950,2168200,2168200,28
2026-08-07T07:41:48Z,192951,2110000,2110000,36
2026-08-07T07:41:48Z,192952,1500200,1500200,77
2026-08-07T07:41:48Z,192953,989425400,989425400,8
2026-08-07T07:41:48Z,192954,7500000,7500000,15
2026-08-07T07:41:48Z,192955,1505000,1505000,28
2026-08-07T07:41:48Z,192956,305900,7250000,26
2026-08-07T07:41:48Z,192957,800000,7250000,31
2026-08-07T07:41:48Z,192958,1730100,1730100,28
2026-08-07T07:41:48Z,192959,205900,7250000,27
2026-08-07T07:41:48Z,192960,5000000,5000000,38
2026-08-07T07:41:48Z,192961,950400,950400,61
2026-08-07T07:41:48Z,192962,250000000,250000000,2
2026-08-07T07:41:48Z,192963,3276000,8000000,25
2026-08-07T07:41:48Z,192964,1659900,1659900,164
2026-08-07T07:41:48Z,192965,192216800,192216800,5
2026-08-07T07:41:48Z,192966,655000,9990000,22
2026-08-07T07:41:48Z,192967,1300000,7426700,27
2026-08-07T07:41:48Z,192968,52600,52600,124
2026-08-07T07:41:48Z,192969,98600,99500,769
2026-08-07T07:41:48Z,192970,2255000,2255000,105
2026-08-07T07:41:48Z,192971,7200,7300,151
2026-08-07T07:41:48Z,192972,16400,2125000,71
2026-08-07T07:41:48Z,192973,2125000,2125000,26
2026-08-07T07:41:48Z,192974,6300,6300,126
2026-08-07T07:41:48Z,192975,50000,50000,107
2026-08-07T07:41:48Z,192976,2240200,2240200,60
2026-08-07T07:41:48Z,192977,15000,15000,144
2026-08-07T07:41:48Z,192978,40000,40000,61
2026-08-07T07:41:48Z,192979,1000000,1000000,94
2026-08-07T07:41:48Z,192992,190000100,190000100,1
2026-08-07T07:41:48Z,192993,18750000,18750000,11
2026-08-07T07:41:48Z,192994,20000000,20000000,13
2026-08-07T07:41:48Z,193019,1547200,12214900,250
2026-08-07T07:41:48Z,193020,4249900,4249900,93
2026-08-07T07:41:48Z,193021,1998800,1998800,62
2026-08-07T07:41:48Z,193029,7804900,7804900,250
2026-08-07T07:41:48Z,193030,799900,799900,4014
2026-08-07T07:41:48Z,193031,99700,99700,27334
2026-08-07T07:41:48Z,193050,2000,3500,51764
2026-08-07T07:41:48Z,193053,80000,88300,9633
2026-08-07T07:41:48Z,193208,6300,8000,32176
2026-08-07T07:41:48Z,193210,5500,6700,34262
2026-08-07T07:41:48Z,193211,10000,17700,23524
2026-08-07T07:41:48Z,193213,2200,3200,35867
2026-08-07T07:41:48Z,193214,2500,3800,43793
2026-08-07T07:41:48Z,193215,4200,4300,78886
2026-08-07T07:41:48Z,193216,90000,125600,9331
2026-08-07T07:41:48Z,193217,51200,75000,7110
2026-08-07T07:41:48Z,193218,80000,85000,22520
2026-08-07T07:41:48Z,193222,30000,126600,8190
2026-08-07T07:41:48Z,193223,30000,129800,12414
2026-08-07T07:41:48Z,193224,150000,940000,3313
2026-08-07T07:41:48Z,193226,1187900,1187900,143
2026-08-07T07:41:48Z,193227,999000,2259000,273
2026-08-07T07:41:48Z,193228,2335000,2335000,1270
2026-08-07T07:41:48Z,193229,2990000,2990000,619
2026-08-07T07:41:48Z,193230,1499900,1499900,654
2026-08-07T07:41:48Z,193231,4109600,4109700,289
2026-08-07T07:41:48Z,193236,1503900,1503900,342
2026-08-07T07:41:48Z,193237,1317000,1317000,921
2026-08-07T07:41:48Z,193238,4990000,4990000,118
2026-08-07T07:41:48Z,193242,1999800,1999800,203
2026-08-07T07:41:48Z,193243,8197000,8197000,283
2026-08-07T07:41:48Z,193244,9890000,9890000,1164
2026-08-07T07:41:48Z,193245,1760900,1760900,262
2026-08-07T07:41:48Z,193246,4996500,4996500,206
2026-08-07T07:41:48Z,193247,1399900,1399900,1396
2026-08-07T07:41:48Z,193248,2495600,2495600,138
2026-08-07T07:41:48Z,193249,2450000,2450000,180
2026-08-07T07:41:48Z,193250,9990000,9990000,118
2026-08-07T07:41:48Z,193251,999900,999900,169
2026-08-07T07:41:48Z,193252,10400,12500,12639
2026-08-07T07:41:48Z,193253,6400,13500,17982
2026-08-07T07:41:48Z,193254,200000,220000,11682
2026-08-07T07:41:48Z,193255,250000,260000,6115
2026-08-07T07:41:48Z,193256,37000,59800,4152
2026-08-07T07:41:48Z,193258,10000,11000,4750
2026-08-07T07:41:48Z,193259,16800,93700,13769
2026-08-07T07:41:48Z,193261,1400,37500,109184
2026-08-07T07:41:48Z,193262,7100,16900,7830
2026-08-07T07:41:48Z,193360,594000,594000,4389
2026-08-07T07:41:48Z,193368,38700,43500,32927
2026-08-07T07:41:48Z,193369,37500,39500,14310
2026-08-07T07:41:48Z,193370,62000,62000,9589
2026-08-07T07:41:48Z,193378,3886600,3886600,542
2026-08-07T07:41:48Z,193379,2999600,3109900,1405
2026-08-07T07:41:48Z,193384,35000,47500,67
2026-08-07T07:41:48Z,193385,17000,17000,49
2026-08-07T07:41:48Z,193387,49005200,49005200,15
2026-08-07T07:41:48Z,193389,509200,1506300,28
2026-08-07T07:41:48Z,193391,850000,850000,21
2026-08-07T07:41:48Z,193410,18700,18700,25
2026-08-07T07:41:48Z,193420,8005300,8005300,5
2026-08-07T07:41:48Z,193438,325500,325500,2
2026-08-07T07:41:48Z,193448,1500007400,1500007400,1
2026-08-07T07:41:48Z,193450,290007800,290007800,1
2026-08-07T07:41:48Z,193468,240000,9999700,28
2026-08-07T07:41:48Z,193469,69550700,69550700,13
2026-08-07T07:41:48Z,193470,22900,82900,7224
2026-08-07T07:41:48Z,193551,40000,40000,145
2026-08-07T07:41:48Z,193552,4683200,9920000,28
2026-08-07T07:41:48Z,193554,19989900,19990000,15
2026-08-07T07:41:48Z,193555,9990000,9990000,29
2026-08-07T07:41:48Z,193556,199996100,199996100,1
2026-08-07T07:41:48Z,193557,992600,8992600,29
2026-08-07T07:41:48Z,193559,58100,58100,37
2026-08-07T07:41:48Z,193560,6441200,6441200,22
2026-08-07T07:41:48Z,193561,2999700,2999700,37
2026-08-07T07:41:48Z,193563,2100000,2110000,68
2026-08-07T07:41:48Z,193564,39900000,39900000,22
2026-08-07T07:41:48Z,193565,20000000,20000000,19
2026-08-07T07:41:48Z,193567,550000,550000,63
2026-08-07T07:41:48Z,193893,108000,108000,184
2026-08-07T07:41:48Z,193894,551500,551500,58
2026-08-07T07:41:48Z,193895,550000,550000,87
2026-08-07T07:41:48Z,193896,220000,220000,61
2026-08-07T07:41:48Z,193922,10000,31900,22982
2026-08-07T07:41:48Z,193923,35800,35900,5789
2026-08-07T07:41:48Z,193924,57200,57200,673
2026-08-07T07:41:48Z,193925,186200,186200,4491
2026-08-07T07:41:48Z,193926,229900,501000,938
2026-08-07T07:41:48Z,193927,71100,72100,22757
2026-08-07T07:41:48Z,193928,71400,72000,3979
2026-08-07T07:41:48Z,193929,1999100,4006600,210
2026-08-07T07:41:48Z,193930,544300,544400,4655
2026-08-07T07:41:48Z,193931,411000,671800,1520
2026-08-07T07:41:48Z,193932,3500000,3500000,145
2026-08-07T07:41:48Z,193933,1255200,1255200,394
2026-08-07T07:41:48Z,193934,1250000,1250000,1105
2026-08-07T07:41:48Z,193935,29455000,29455000,12
2026-08-07T07:41:48Z,193936,4739800,4739800,352
2026-08-07T07:41:48Z,193937,4795100,4795100,319
2026-08-07T07:41:48Z,193938,6000300,6000300,47
2026-08-07T07:41:48Z,193939,4395000,4395000,159
2026-08-07T07:41:48Z,193940,5489900,5489900,134
2026-08-07T07:41:48Z,193941,370000,370000,81
2026-08-07T07:41:48Z,193942,119900,120000,37
2026-08-07T07:41:48Z,193943,1594400,1594400,26
2026-08-07T07:41:48Z,193944,6815800,6850000,34
2026-08-07T07:41:48Z,193945,383400,383400,79
2026-08-07T07:41:48Z,193946,410000,410000,49
2026-08-07T07:41:48Z,193950,20000,60000,103
2026-08-07T07:41:48Z,193951,9800,9800,320
2026-08-07T07:41:48Z,193952,10000,10500,638
2026-08-07T07:41:48Z,193953,109800,109800,37
2026-08-07T07:41:48Z,193954,39800,39800,191
2026-08-07T07:41:48Z,193955,29600,29600,359
2026-08-07T07:41:48Z,193956,40000,40000,477
2026-08-07T07:41:48Z,193957,400000,400000,560
2026-08-07T07:41:48Z,193958,640000,640000,1094
2026-08-07T07:41:48Z,193959,9949700,9999600,171
2026-08-07T07:41:48Z,193960,153900,153900,519
2026-08-07T07:41:48Z,193961,388200,388200,549
2026-08-07T07:41:48Z,193962,554000,554000,424
2026-08-07T07:41:48Z,193963,495500,495500,752
2026-08-07T07:41:48Z,193964,508800,508800,476
2026-08-07T07:41:48Z,194008,51200,451300,825
2026-08-07T07:41:48Z,194009,330000,330100,987
2026-08-07T07:41:48Z,194010,380000,400000,180
2026-08-07T07:41:48Z,194011,14851900,14851900,10
2026-08-07T07:41:48Z,194012,13700000,13700000,31
2026-08-07T07:41:48Z,194013,11889900,11889900,13
2026-08-07T07:41:48Z,194014,199000000,199000000,4
2026-08-07T07:41:48Z,194015,6507000,6507000,6
2026-08-07T07:41:48Z,194016,14000000,14000000,52
2026-08-07T07:41:48Z,194035,100000000,100000000,35
2026-08-07T07:41:48Z,194048,11000,13500,7027
2026-08-07T07:41:48Z,194049,100000,100000,8
2026-08-07T07:41:48Z,194050,8100,9600,9628
2026-08-07T07:41:48Z,194071,20000000,20000000,7
2026-08-07T07:41:48Z,194083,1500000800,1500000800,1
2026-08-07T07:41:48Z,194122,1999900,9900000,22
2026-08-07T07:41:48Z,194123,47000,48800,17330
2026-08-07T07:41:48Z,194124,62500,63500,5657
2026-08-07T07:41:48Z,194541,14850000,14850000,142
2026-08-07T07:41:48Z,194542,14850000,14850000,20
2026-08-07T07:41:48Z,194562,2200,6000,932
2026-08-07T07:41:48Z,194566,9990000,9990200,59
2026-08-07T07:41:48Z,194567,39900,49600,94
2026-08-07T07:41:48Z,194568,1450200,1470200,57
2026-08-07T07:41:48Z,194569,9994600,9994800,61
2026-08-07T07:41:48Z,194570,48400,2500000,59
2026-08-07T07:41:48Z,194571,3050000,3050000,156
2026-08-07T07:41:48Z,194572,9892800,9893500,8868
2026-08-07T07:41:48Z,194573,63200,63200,52
2026-08-07T07:41:48Z,194574,9840000,9840000,190
2026-08-07T07:41:48Z,194575,1988200,1988300,97
2026-08-07T07:41:48Z,194576,9994400,9994400,40
2026-08-07T07:41:48Z,194577,9893100,9893100,188
2026-08-07T07:41:48Z,194578,4217300,4217800,2502
2026-08-07T07:41:48Z,194579,49800,49800,270
2026-08-07T07:41:48Z,194580,770000,770000,112
2026-08-07T07:41:48Z,194680,9554100,9554100,68
2026-08-07T07:41:48Z,194681,56000,76000,64
2026-08-07T07:41:48Z,194683,26600,26600,83
2026-08-07T07:41:48Z,194684,14800,14800,408
2026-08-07T07:41:48Z,194685,9900,9900,215
2026-08-07T07:41:48Z,194688,9770800,9770800,45
2026-08-07T07:41:48Z,194689,9900000,9900000,40
2026-08-07T07:41:48Z,194690,803200,803200,62
2026-08-07T07:41:48Z,194691,48500,48500,408
2026-08-07T07:41:48Z,194692,9909900,9909900,84
2026-08-07T07:41:48Z,194693,220000,5000000,84
2026-08-07T07:41:48Z,194694,6900,6900,67
2026-08-07T07:41:48Z,194695,229800,9899800,45
2026-08-07T07:41:48Z,194723,469700,469700,83
2026-08-07T07:41:48Z,194724,989700,989700,222
2026-08-07T07:41:48Z,194725,309600,309600,1959
2026-08-07T07:41:48Z,194730,193500,740000,26236
2026-08-07T07:41:48Z,194731,1163800,1163900,66
2026-08-07T07:41:48Z,194732,1200000,1200000,217
2026-08-07T07:41:48Z,194733,1881000,1881000,155
2026-08-07T07:41:48Z,194734,139000,209000,107
2026-08-07T07:41:48Z,194735,4500000,4500000,80
2026-08-07T07:41:48Z,194736,2958000,2958000,65
2026-08-07T07:41:48Z,194737,229800,229800,64
2026-08-07T07:41:48Z,194738,500000,500000,160
2026-08-07T07:41:48Z,194751,269600,269600,1198
2026-08-07T07:41:48Z,194752,144400,164400,2318
2026-08-07T07:41:48Z,194754,4700000,4700000,496
2026-08-07T07:41:48Z,194755,3159900,3159900,4210
2026-08-07T07:41:48Z,194756,21709000,21709000,743
2026-08-07T07:41:48Z,194758,9900000,9900000,40
2026-08-07T07:41:48Z,194760,1999300,1999300,256
2026-08-07T07:41:48Z,194761,557400,557400,959
2026-08-07T07:41:48Z,194767,884000,884000,1593
2026-08-07T07:41:48Z,194768,2214900,2214900,828
2026-08-07T07:41:48Z,194784,29500,29500,2615
2026-08-07T07:41:48Z,194785,57875200,57875200,6
2026-08-07T07:41:48Z,194786,2037800,39980000,21
2026-08-07T07:41:48Z,194787,575200,575200,23
2026-08-07T07:41:48Z,194788,679300,679300,38
2026-08-07T07:41:48Z,194789,200000,609400,29
2026-08-07T07:41:48Z,194790,970900,970900,136
2026-08-07T07:41:48Z,194791,1386000,1386000,30
2026-08-07T07:41:48Z,194792,699900,899900,29
2026-08-07T07:41:48Z,194793,89850000,89850000,5
2026-08-07T07:41:48Z,194794,1465200,1465200,33
2026-08-07T07:41:48Z,194795,4237200,4280000,33
2026-08-07T07:41:48Z,194796,765000,783700,61
2026-08-07T07:41:48Z,194797,1207700,1220000,108
2026-08-07T07:41:48Z,194798,1402800,1402900,38
2026-08-07T07:41:48Z,194799,899900,975300,14
2026-08-07T07:41:48Z,194800,19907100,19907100,32
2026-08-07T07:41:48Z,194801,99999800,99999800,6
2026-08-07T07:41:48Z,194802,500000,750000,28
2026-08-07T07:41:48Z,194803,2790000,2790000,33
2026-08-07T07:41:48Z,194804,9781300,9781300,32
2026-08-07T07:41:48Z,194805,1168200,1180000,82
2026-08-07T07:41:48Z,194806,3006600,5006600,38
2026-08-07T07:41:48Z,194807,600000,784100,29
2026-08-07T07:41:48Z,194808,930000,930000,33
2026-08-07T07:41:48Z,194809,57660000,57660000,7
2026-08-07T07:41:48Z,194810,2904600,4549900,40
2026-08-07T07:41:48Z,194811,1310000,1390000,69
2026-08-07T07:41:48Z,194812,2250000,2250000,24
2026-08-07T07:41:48Z,194813,776900,776900,27
2026-08-07T07:41:48Z,194814,1980000,1980000,24
2026-08-07T07:41:48Z,194815,783900,783900,17
2026-08-07T07:41:48Z,194816,1480000,1480000,33
2026-08-07T07:41:48Z,194817,2500,2500,550
2026-08-07T07:41:48Z,194819,2400,2700,1260
2026-08-07T07:41:48Z,194820,20000,29400,1212
2026-08-07T07:41:48Z,194821,2000,3900,448
2026-08-07T07:41:48Z,194822,7800,8200,961
2026-08-07T07:41:48Z,194823,5000,5000,1049
2026-08-07T07:41:48Z,194824,2000,2300,943
2026-08-07T07:41:48Z,194825,39900,93800,835
2026-08-07T07:41:48Z,194826,6000000,6000000,36
2026-08-07T07:41:48Z,194827,9440000,9440000,33
2026-08-07T07:41:48Z,194829,172500,172500,462
2026-08-07T07:41:48Z,194846,88600,88600,2380
2026-08-07T07:41:48Z,194850,1602000,1602000,376
2026-08-07T07:41:48Z,194852,970000,970000,1170
2026-08-07T07:41:48Z,194855,2990000,2990000,176
2026-08-07T07:41:48Z,194856,251900,251900,116
2026-08-07T07:41:48Z,194857,99900,99900,477
2026-08-07T07:41:48Z,194858,89900,89900,2344
2026-08-07T07:41:48Z,194859,2000000,2000000,379
2026-08-07T07:41:48Z,194862,8000000,8000000,194
2026-08-07T07:41:48Z,194863,4650000,4650000,567
2026-08-07T07:41:48Z,194864,8509000,11009900,352
2026-08-07T07:41:48Z,194868,99900,230200,26
2026-08-07T07:41:48Z,194869,4990100,49990100,14
2026-08-07T07:41:48Z,194870,9916300,9916300,7
2026-08-07T07:41:48Z,194871,99900,9990900,28
2026-08-07T07:41:48Z,194966,159000,750000,2251
2026-08-07T07:41:48Z,194967,224000,275500,7226
2026-08-07T07:41:48Z,194968,122300,235000,15929
2026-08-07T07:41:48Z,194969,89500,930000,16880
2026-08-07T07:41:48Z,194970,135500,152500,17552
2026-08-07T07:41:48Z,195359,49001800,49001800,20
2026-08-07T07:41:48Z,195360,49001600,49001600,20
2026-08-07T07:41:48Z,195455,9880000,9880000,25
2026-08-07T07:41:48Z,195456,9705000,9705000,40
2026-08-07T07:41:48Z,195457,9899000,9899000,35
2026-08-07T07:41:48Z,195459,9905400,9905400,45
2026-08-07T07:41:48Z,195462,999400,999400,44
2026-08-07T07:41:48Z,195463,9000,9949800,45
2026-08-07T07:41:48Z,195466,108500,108500,53
2026-08-07T07:41:48Z,195543,20200,29800,25
2026-08-07T07:41:48Z,196440,9800000,9800000,26
2026-08-07T07:41:48Z,196540,1256800,1256800,69
2026-08-07T07:41:48Z,196582,296300,296300,145
2026-08-07T07:41:48Z,196583,92100,92100,126
2026-08-07T07:41:48Z,196584,707500,742500,72
2026-08-07T07:41:48Z,196585,9900000,9900000,25
2026-08-07T07:41:48Z,197720,925200,9989900,22
2026-08-07T07:41:48Z,197721,253000,253000,641
2026-08-07T07:41:48Z,197722,255100,255100,4651
2026-08-07T07:41:48Z,197735,12499800,12500000,37
2026-08-07T07:41:48Z,197736,49996200,49996200,18
2026-08-07T07:41:48Z,197737,5555600,5555600,15
2026-08-07T07:41:48Z,197741,200,1200,329235
2026-08-07T07:41:48Z,197742,600,700,6275
2026-08-07T07:41:48Z,197743,1800,930000,19732
2026-08-07T07:41:48Z,197744,200,500,7934
2026-08-07T07:41:48Z,197745,12100,190000,14263
2026-08-07T07:41:48Z,197746,1200,17500,71024
2026-08-07T07:41:48Z,197747,300,700,130534
2026-08-07T07:41:48Z,197748,300,300,2040
2026-08-07T07:41:48Z,197749,300,400,2232
2026-08-07T07:41:48Z,197750,1700,1800,2820
2026-08-07T07:41:48Z,197751,4800,4800,6941
2026-08-07T07:41:48Z,197752,8000,8000,3228
2026-08-07T07:41:48Z,197753,99900,99900,718
2026-08-07T07:41:48Z,197754,400,800,197251
2026-08-07T07:41:48Z,197755,1700,1800,88843
2026-08-07T07:41:48Z,197756,3800,3800,1218
2026-08-07T07:41:48Z,197757,2500,14300,4451
2026-08-07T07:41:48Z,197758,2100,2100,456
2026-08-07T07:41:48Z,197759,90000,90000,189
2026-08-07T07:41:48Z,197760,49000,49000,448
2026-08-07T07:41:48Z,197761,6100,6100,226
2026-08-07T07:41:48Z,197762,382900,382900,139
2026-08-07T07:41:48Z,197763,39200,39200,196
2026-08-07T07:41:48Z,197764,7000,7000,4196
2026-08-07T07:41:48Z,197765,9800,9900,610
2026-08-07T07:41:48Z,197766,39800,39800,4036
2026-08-07T07:41:48Z,197767,143300,143300,1502
2026-08-07T07:41:48Z,197768,239800,239800,137
2026-08-07T07:41:48Z,197769,55300,55300,1626
2026-08-07T07:41:48Z,197770,4900,4900,246
2026-08-07T07:41:48Z,197771,19600,19600,1428
2026-08-07T07:41:48Z,197772,322000,322000,51
2026-08-07T07:41:48Z,197774,58300,58800,484
2026-08-07T07:41:48Z,197775,79800,84100,412
2026-08-07T07:41:48Z,197776,9900,18800,1284
2026-08-07T07:41:48Z,197777,2000,2000,200
2026-08-07T07:41:48Z,197778,4000,4000,1514
2026-08-07T07:41:48Z,197779,3500,3500,640
2026-08-07T07:41:48Z,197780,7700,7700,932
2026-08-07T07:41:48Z,197781,9400,9500,536
2026-08-07T07:41:48Z,197782,30000,30000,383
2026-08-07T07:41:48Z,197783,9600,9600,226
2026-08-07T07:41:48Z,197784,5000,5000,1103
2026-08-07T07:41:48Z,197785,24500,24500,805
2026-08-07T07:41:48Z,197786,4000,4000,435
2026-08-07T07:41:48Z,197787,25000,25000,444
2026-08-07T07:41:48Z,197788,53400,58800,4643
2026-08-07T07:41:48Z,197789,15000,15000,564
2026-08-07T07:41:48Z,197790,55000,55000,5208
2026-08-07T07:41:48Z,197791,2000,2000,447
2026-08-07T07:41:48Z,197792,209900,214500,657
2026-08-07T07:41:48Z,197793,60000,60000,1661
2026-08-07T07:41:48Z,197794,33300,35000,941
2026-08-07T07:41:48Z,197795,2422500,2422500,61
2026-08-07T07:41:48Z,197847,9900000,9900000,40
2026-08-07T07:41:48Z,197848,1186800,1186800,50
2026-08-07T07:41:48Z,197849,14800,14800,105
2026-08-07T07:41:48Z,197850,1502200,9902200,44
2026-08-07T07:41:48Z,197851,89900,89900,207
2026-08-07T07:41:48Z,197852,9860700,9860700,30
2026-08-07T07:41:48Z,197853,6900,6900,79
2026-08-07T07:41:48Z,197854,3300,3300,75
2026-08-07T07:41:48Z,197855,15000,15000,186
2026-08-07T07:41:48Z,197856,29800,29800,142
2026-08-07T07:41:48Z,197857,3000,3000,49
2026-08-07T07:41:48Z,197858,73300,73300,115
2026-08-07T07:41:48Z,198043,4999000,4999000,34
2026-08-07T07:41:48Z,198044,1299900,1299900,45
2026-08-07T07:41:48Z,198045,4000000,4000000,24
2026-08-07T07:41:48Z,198047,1309900,1309900,24
2026-08-07T07:41:48Z,198082,526300,526300,79
2026-08-07T07:41:48Z,198160,342300,342300,25
2026-08-07T07:41:48Z,198161,296500,299400,860
2026-08-07T07:41:48Z,198162,99900,140000,689
2026-08-07T07:41:48Z,198163,1652200,1652200,97
2026-08-07T07:41:48Z,198164,98900,998900,754
2026-08-07T07:41:48Z,198165,260000,1880000,408
2026-08-07T07:41:48Z,198174,15991900,15992100,18
2026-08-07T07:41:48Z,198175,999500,9905200,35
2026-08-07T07:41:48Z,198176,19993600,19993600,10
2026-08-07T07:41:48Z,198183,30000,32500,1551
2026-08-07T07:41:48Z,198184,198000,198000,1040
2026-08-07T07:41:48Z,198185,9900,17000,26467
2026-08-07T07:41:48Z,198186,165000,210000,1197
2026-08-07T07:41:48Z,198187,250000,250000,50
2026-08-07T07:41:48Z,198188,190000,200000,7530
2026-08-07T07:41:48Z,198189,380000,629000,233
2026-08-07T07:41:48Z,198190,444100,444100,212
2026-08-07T07:41:48Z,198191,420000,420000,2692
2026-08-07T07:41:48Z,198192,299900,490000,320
2026-08-07T07:41:48Z,198193,400000,533900,471
2026-08-07T07:41:48Z,198194,369900,369900,4865
2026-08-07T07:41:48Z,198195,4002100,4002100,71
2026-08-07T07:41:48Z,198196,3400000,3400000,495
2026-08-07T07:41:48Z,198197,9609800,9609800,20
2026-08-07T07:41:48Z,198198,3723600,3723600,258
2026-08-07T07:41:48Z,198199,2999400,2999500,494
2026-08-07T07:41:48Z,198200,2740000,2740000,1004
2026-08-07T07:41:48Z,198201,19900000,19900000,29
2026-08-07T07:41:48Z,198202,1999700,1999800,54
2026-08-07T07:41:48Z,198203,500000,500000,1689
2026-08-07T07:41:48Z,198207,9990000,9990000,25
2026-08-07T07:41:48Z,198208,250000,250000,45
2026-08-07T07:41:48Z,198209,703000,781100,194
2026-08-07T07:41:48Z,198210,9990000,9990000,20
2026-08-07T07:41:48Z,198211,475000,475000,47
2026-08-07T07:41:48Z,198212,3695400,3695400,91
2026-08-07T07:41:48Z,198213,200000,200000,29
2026-08-07T07:41:48Z,198214,710300,9958800,38
2026-08-07T07:41:48Z,198215,2694300,2694300,200
2026-08-07T07:41:48Z,198216,3600,163700,3056
2026-08-07T07:41:48Z,198217,169500,169800,1790
2026-08-07T07:41:48Z,198218,149600,152300,4706
2026-08-07T07:41:48Z,198219,9963000,9963000,48
2026-08-07T07:41:48Z,198220,400000,400000,52
2026-08-07T07:41:48Z,198221,4999700,4999700,53
2026-08-07T07:41:48Z,198222,889300,889300,681
2026-08-07T07:41:48Z,198223,437300,437300,402
2026-08-07T07:41:48Z,198224,582700,582700,709
2026-08-07T07:41:48Z,198228,4000000,4000000,47
2026-08-07T07:41:48Z,198229,4900000,4900000,88
2026-08-07T07:41:48Z,198230,3092700,3092700,130
2026-08-07T07:41:48Z,198231,1113400,1113400,18
2026-08-07T07:41:48Z,198232,150000,9800000,46
2026-08-07T07:41:48Z,198233,9997700,9997700,21
2026-08-07T07:41:48Z,198236,7998900,9998900,29
2026-08-07T07:41:48Z,198237,200000,9890000,43
2026-08-07T07:41:48Z,198238,49889700,49889700,5
2026-08-07T07:41:48Z,198239,1330000,1330000,61
2026-08-07T07:41:48Z,198240,169600,169600,385
2026-08-07T07:41:48Z,198241,162000,180000,90
2026-08-07T07:41:48Z,198247,499200,875000,474
2026-08-07T07:41:48Z,198253,192016700,192016700,11
2026-08-07T07:41:48Z,198254,35549300,35549300,12
2026-08-07T07:41:48Z,198255,29999900,29999900,20
2026-08-07T07:41:48Z,198256,2499700,2499800,94
2026-08-07T07:41:48Z,198257,9900000,9900000,61
2026-08-07T07:41:48Z,198258,9996400,9996400,22
2026-08-07T07:41:48Z,198259,199890000,199890000,3
2026-08-07T07:41:48Z,198260,7920600,7920600,24
2026-08-07T07:41:48Z,198261,39989100,39989100,18
2026-08-07T07:41:48Z,198265,4009000,4009000,442
2026-08-07T07:41:48Z,198268,800000,1000000,820
2026-08-07T07:41:48Z,198278,9770000,9770000,28
2026-08-07T07:41:48Z,198279,203200,203200,68
2026-08-07T07:41:48Z,198280,4450000,4450000,74
2026-08-07T07:41:48Z,198281,150000,150000,35
2026-08-07T07:41:48Z,198282,50000,50000,42
2026-08-07T07:41:48Z,198283,3109900,3109900,43
2026-08-07T07:41:48Z,198289,507500,9997500,25
2026-08-07T07:41:48Z,198290,9989600,9989600,81
2026-08-07T07:41:48Z,198291,39995100,39995100,10
2026-08-07T07:41:48Z,198292,999900,999900,39
2026-08-07T07:41:48Z,198293,200000,200000,34
2026-08-07T07:41:48Z,198294,540000,550000,44
2026-08-07T07:41:48Z,198295,150000000,150000000,4
2026-08-07T07:41:48Z,198296,19999900,19999900,8
2026-08-07T07:41:48Z,198297,199089900,199089900,4
2026-08-07T07:41:48Z,198298,300000,300000,31
2026-08-07T07:41:48Z,198299,507100,9990000,22
2026-08-07T07:41:48Z,198300,3805900,49901500,18
2026-08-07T07:41:48Z,198301,199983300,199983300,2
2026-08-07T07:41:48Z,198302,10000000,10000000,14
2026-08-07T07:41:48Z,198303,23867300,23867300,3
2026-08-07T07:41:48Z,198304,360000,366300,24
2026-08-07T07:41:48Z,198305,5509500,9789700,23
2026-08-07T07:41:48Z,198306,15444900,15444900,3
2026-08-07T07:41:48Z,198307,1503900,9999900,29
2026-08-07T07:41:48Z,198308,2000000,9900000,34
2026-08-07T07:41:48Z,198309,9989700,9989700,25
2026-08-07T07:41:48Z,198310,155300,2505300,108
2026-08-07T07:41:48Z,198311,12520500,12520500,7
2026-08-07T07:41:48Z,198312,17007600,17007600,8
2026-08-07T07:41:48Z,198313,250009000,250009000,1
2026-08-07T07:41:48Z,198314,50000000,50000000,3
2026-08-07T07:41:48Z,198315,31004000,31004000,10
2026-08-07T07:41:48Z,198316,226226500,226226500,65
2026-08-07T07:41:48Z,198317,5555800,5555800,7
2026-08-07T07:41:48Z,198318,6990000,7000000,8
2026-08-07T07:41:48Z,198356,7700,7700,80
2026-08-07T07:41:48Z,198395,89900,100000,128
2026-08-07T07:41:48Z,198397,1699500,1699700,493
2026-08-07T07:41:48Z,198401,719900,719900,103
2026-08-07T07:41:48Z,198403,190000,190000,86
2026-08-07T07:41:48Z,198412,29800,29800,2280
2026-08-07T07:41:48Z,198413,29700,29700,4714
2026-08-07T07:41:48Z,198414,300000,300000,856
2026-08-07T07:41:48Z,198415,1020000,1020000,736
2026-08-07T07:41:48Z,198416,920000,920000,1646
2026-08-07T07:41:48Z,198417,1990000,1990000,239
2026-08-07T07:41:48Z,198418,28000,28000,5963
2026-08-07T07:41:48Z,198419,39900,39900,4105
2026-08-07T07:41:48Z,198420,439900,439900,1001
2026-08-07T07:41:48Z,198421,6500,7100,27992
2026-08-07T07:41:48Z,198422,8400,8800,8559
2026-08-07T07:41:48Z,198423,72300,72300,13576
2026-08-07T07:41:48Z,198431,99900,4849200,42
2026-08-07T07:41:48Z,198436,9903800,9903800,74
2026-08-07T07:41:48Z,198437,9903800,9903800,77
2026-08-07T07:41:48Z,198440,19900100,19900100,46
2026-08-07T07:41:48Z,198441,9909800,9909800,60
2026-08-07T07:41:48Z,198487,25000,25000,3170
2026-08-07T07:41:48Z,198491,5000,5000,359
2026-08-07T07:41:48Z,198492,17500,17500,240
2026-08-07T07:41:48Z,198493,2460000,2460000,139
2026-08-07T07:41:48Z,198494,19990000,19990000,11
2026-08-07T07:41:48Z,198495,200900,946800,41
2026-08-07T07:41:48Z,198496,5009900,5009900,50
2026-08-07T07:41:48Z,198497,99000,99000,62
2026-08-07T07:41:48Z,198498,150000,150000,163
2026-08-07T07:41:48Z,198499,4399700,4399800,68
2026-08-07T07:41:48Z,198500,9791200,9791200,21
2026-08-07T07:41:48Z,198501,550000,550000,52
2026-08-07T07:41:48Z,198502,5009900,5009900,34
2026-08-07T07:41:48Z,198503,1999900,9993300,23
2026-08-07T07:41:48Z,198504,2006100,9990000,23
2026-08-07T07:41:48Z,198505,9954400,9954400,78
2026-08-07T07:41:48Z,198506,990000,9890000,23
2026-08-07T07:41:48Z,198507,80000,80000,60
2026-08-07T07:41:48Z,198508,1991000,1991100,74
2026-08-07T07:41:48Z,198534,999900,999900,32
2026-08-07T07:41:48Z,198535,200000,790000,40
2026-08-07T07:41:48Z,198536,584300,584300,68
2026-08-07T07:41:48Z,198549,760900,760900,682
2026-08-07T07:41:48Z,198550,488600,488600,424
2026-08-07T07:41:48Z,198614,2999800,2999800,26
2026-08-07T07:41:48Z,198619,39990200,39990200,5
2026-08-07T07:41:48Z,198620,7992100,7992200,26
2026-08-07T07:41:48Z,198621,168881800,168881800,9
2026-08-07T07:41:48Z,198833,52200,16924300,39
2026-08-07T07:41:48Z,199051,3003500,9903500,26
2026-08-07T07:41:48Z,199052,9990000,9990000,41
2026-08-07T07:41:48Z,199053,99900,9900000,35
2026-08-07T07:41:48Z,199054,3025100,9989500,23
2026-08-07T07:41:48Z,199055,70000,9890000,44
2026-08-07T07:41:48Z,199056,320000,9900000,34
2026-08-07T07:41:48Z,199057,320000,9989900,32
2026-08-07T07:41:48Z,199058,9980000,9980000,21
2026-08-07T07:41:48Z,199059,1304200,9750000,31
2026-08-07T07:41:48Z,199060,3609700,3609700,37
2026-08-07T07:41:48Z,199188,500900,9980900,26
2026-08-07T07:41:48Z,199189,23200,23200,25
2026-08-07T07:41:48Z,199190,199007600,199007600,5
2026-08-07T07:41:48Z,199193,39995500,39995500,8
2026-08-07T07:41:48Z,199194,7904000,7904000,79
2026-08-07T07:41:48Z,199195,9717800,9993800,21
2026-08-07T07:41:48Z,199204,5000,5000,196
2026-08-07T07:41:48Z,199206,2000,1980000,5436
2026-08-07T07:41:48Z,199216,6308900,6309000,110
2026-08-07T07:41:48Z,199219,765000,776500,107
2026-08-07T07:41:48Z,199344,84600,84600,34580
2026-08-07T07:41:48Z,199476,30000,30000,59
2026-08-07T07:41:48Z,199646,39699700,39729700,12
2026-08-07T07:41:48Z,199934,7000000,7000000,82
2026-08-07T07:41:48Z,199935,74800,415100,36
2026-08-07T07:41:48Z,199936,51100,51100,55
2026-08-07T07:41:48Z,199937,155500,155500,127
2026-08-07T07:41:48Z,199938,162934100,162934100,2
2026-08-07T07:41:48Z,199939,199000000,199000000,1
2026-08-07T07:41:48Z,199940,50000,50000,38
2026-08-07T07:41:48Z,199941,79400,79400,50
2026-08-07T07:41:48Z,199942,59400,59400,35
2026-08-07T07:41:48Z,199943,999700,999800,37
2026-08-07T07:41:48Z,199944,8884400,8884400,7
2026-08-07T07:41:48Z,199945,400000,405800,38
2026-08-07T07:41:48Z,199946,6669900,6669900,12
2026-08-07T07:41:48Z,199947,50000,50000,14
2026-08-07T07:41:48Z,199948,980000,980000,115
2026-08-07T07:41:48Z,199949,68800,68800,25
2026-08-07T07:41:48Z,199950,50000,50000,30
2026-08-07T07:41:48Z,199951,51000,51000,26
2026-08-07T07:41:48Z,199952,52400,52400,18
2026-08-07T07:41:48Z,199953,50400,50400,23
2026-08-07T07:41:48Z,199954,59900,60000,52
2026-08-07T07:41:48Z,199955,50000,50000,29
2026-08-07T07:41:48Z,199956,50000,50000,67
2026-08-07T07:41:48Z,199957,52200,52200,28
2026-08-07T07:41:48Z,199958,100000,100000,49
2026-08-07T07:41:48Z,199959,188800,188800,15
2026-08-07T07:41:48Z,199960,50000,50000,38
2026-08-07T07:41:48Z,199961,2670000,2670000,93
2026-08-07T07:41:48Z,199962,5822500,5842500,14
2026-08-07T07:41:48Z,199963,4331600,4331600,43
2026-08-07T07:41:48Z,199964,340000,340000,16
2026-08-07T07:41:48Z,199965,199991400,199991400,4
2026-08-07T07:41:48Z,199966,951600,8000000,87
2026-08-07T07:41:48Z,199967,897400,897400,34
2026-08-07T07:41:48Z,199968,90000,90000,13
2026-08-07T07:41:48Z,199969,200000,259900,35
2026-08-07T07:41:48Z,199970,4440000,4440000,31
2026-08-07T07:41:48Z,199971,200000,200000,11
2026-08-07T07:41:48Z,199972,19423600,19423600,12
2026-08-07T07:41:48Z,199973,105000,105000,16
2026-08-07T07:41:48Z,199974,8009600,8009600,5
2026-08-07T07:41:48Z,199975,905600,905600,21
2026-08-07T07:41:48Z,199976,560000,580000,177
2026-08-07T07:41:48Z,199977,400000,500000,15
2026-08-07T07:41:48Z,199978,350000,350000,69
2026-08-07T07:41:48Z,199979,88600,88600,51
2026-08-07T07:41:48Z,199980,189900,189900,15
2026-08-07T07:41:48Z,199981,39900000,39900000,7
2026-08-07T07:41:48Z,199982,68000,68000,19
2026-08-07T07:41:48Z,199983,150000,150000,19
2026-08-07T07:41:48Z,199984,792000,792000,49
2026-08-07T07:41:48Z,199985,5858400,5858400,48
2026-08-07T07:41:48Z,199986,449000,449000,11
2026-08-07T07:41:48Z,199987,2343100,2343100,47
2026-08-07T07:41:48Z,199988,558800,558800,162
2026-08-07T07:41:48Z,199989,79900,79900,88
2026-08-07T07:41:48Z,199990,323400,670000,261
2026-08-07T07:41:48Z,199991,550000,550000,48
2026-08-07T07:41:48Z,199992,80000,80000,21
2026-08-07T07:41:48Z,199993,50000,50000,39
2026-08-07T07:41:48Z,199994,250000,250000,30
2026-08-07T07:41:48Z,199995,188800,188800,54
2026-08-07T07:41:48Z,199996,220000,320000,136
2026-08-07T07:41:48Z,199997,315000,315000,142
2026-08-07T07:41:48Z,199998,299200,476300,286
2026-08-07T07:41:48Z,199999,81000,90000,45
2026-08-07T07:41:48Z,200000,118800,118800,29
2026-08-07T07:41:48Z,200001,50000,50000,14
2026-08-07T07:41:48Z,200002,50000,50000,12
2026-08-07T07:41:48Z,200003,1000000,3640000,95
2026-08-07T07:41:48Z,200004,1506900,1507200,65
2026-08-07T07:41:48Z,200005,509900,4481300,104
2026-08-07T07:41:48Z,200006,3322500,3322500,12
2026-08-07T07:41:48Z,200007,1000000,3695500,31
2026-08-07T07:41:48Z,200008,12003400,12003400,95
2026-08-07T07:41:48Z,200009,2250000,10293000,40
2026-08-07T07:41:48Z,200010,660000,660000,18
2026-08-07T07:41:48Z,200011,6009000,10226000,33
2026-08-07T07:41:48Z,200012,904500,904500,19
2026-08-07T07:41:48Z,200013,1000000,13795400,45
2026-08-07T07:41:48Z,200014,9990000,9990000,19
2026-08-07T07:41:48Z,200015,9000000,10638800,21
2026-08-07T07:41:48Z,200016,5000000,9500000,145
2026-08-07T07:41:48Z,200017,9500000,10465900,27
2026-08-07T07:41:48Z,200018,3740000,3749900,59
2026-08-07T07:41:48Z,200019,1699400,1699400,10
2026-08-07T07:41:48Z,200020,2856000,2856000,98
2026-08-07T07:41:48Z,200021,64500,64500,87
2026-08-07T07:41:48Z,200022,10503000,10503000,24
2026-08-07T07:41:48Z,200023,7995000,7996000,28
2026-08-07T07:41:48Z,200024,64900,64900,111
2026-08-07T07:41:48Z,200025,100000,100000,124
2026-08-07T07:41:48Z,200026,133300,144000,126
2026-08-07T07:41:48Z,200027,4509800,6905900,48
2026-08-07T07:41:48Z,200028,3509900,5609000,31
2026-08-07T07:41:48Z,200029,3509900,3509900,29
2026-08-07T07:41:48Z,200030,2990000,2990000,234
2026-08-07T07:41:48Z,200031,330000,330000,29
2026-08-07T07:41:48Z,200032,599900,599900,11
2026-08-07T07:41:48Z,200033,500000,600000,15
2026-08-07T07:41:48Z,200034,1499700,1499800,123
2026-08-07T07:41:48Z,200035,1000000,1000000,123
2026-08-07T07:41:48Z,200036,660000,660100,104
2026-08-07T07:41:48Z,200037,590000,590000,102
2026-08-07T07:41:48Z,200038,454500,454500,125
2026-08-07T07:41:48Z,200039,420100,420100,51
2026-08-07T07:41:48Z,200040,800000,800000,17
2026-08-07T07:41:48Z,200041,393300,541600,97
2026-08-07T07:41:48Z,200042,97000,230900,138
2026-08-07T07:41:48Z,200043,71900,71900,52
2026-08-07T07:41:48Z,200044,50000,230900,84
2026-08-07T07:41:48Z,200045,10901000,10901000,12
2026-08-07T07:41:48Z,200046,7009900,7009900,5
2026-08-07T07:41:48Z,200047,4900000,4900000,47
2026-08-07T07:41:48Z,200048,18008000,18008000,14
2026-08-07T07:41:48Z,200049,14006000,14006000,18
2026-08-07T07:41:48Z,200050,10007900,10007900,15
2026-08-07T07:41:48Z,200051,17700000,17700000,21
2026-08-07T07:41:48Z,200052,49989800,49989800,32
2026-08-07T07:41:48Z,200053,11990000,11990000,62
2026-08-07T07:41:48Z,200054,18003300,18003300,56
2026-08-07T07:41:48Z,200055,9000000,9000000,25
2026-08-07T07:41:48Z,200056,14218900,14218900,9
2026-08-07T07:41:48Z,200057,8001600,8001700,22
2026-08-07T07:41:48Z,200058,25909500,28909500,40
2026-08-07T07:41:48Z,200059,6387000,6387000,13
2026-08-07T07:41:48Z,200061,98800,203800,19028
2026-08-07T07:41:48Z,200074,109900,109900,3657
2026-08-07T07:41:48Z,200099,9879900,9879900,23
2026-08-07T07:41:48Z,200105,30000,40000,51
2026-08-07T07:41:48Z,200106,20000,20000,28
2026-08-07T07:41:48Z,200107,290005600,290005600,1
2026-08-07T07:41:48Z,200113,1581300,1601300,7855
2026-08-07T07:41:48Z,200224,4299800,5500000,2240
2026-08-07T07:41:48Z,200264,3502500,3902500,205
2026-08-07T07:41:48Z,200282,9500000,9500000,3
2026-08-07T07:41:48Z,200304,2653700,9992700,26
2026-08-07T07:41:48Z,200305,9909700,9909700,25
2026-08-07T07:41:48Z,200451,3450000,3450000,24
2026-08-07T07:41:48Z,200476,990000,990000,206
2026-08-07T07:41:48Z,200506,3300,3400,1231
2026-08-07T07:41:48Z,200507,8000,990000,16199
2026-08-07T07:41:48Z,200508,2559800,9903300,2267
2026-08-07T07:41:48Z,200509,9000,9000,29156
2026-08-07T07:41:48Z,200531,248600,248600,50
2026-08-07T07:41:48Z,200532,25004200,49004200,17
2026-08-07T07:41:48Z,200533,290002400,290002400,1
2026-08-07T07:41:48Z,200565,990000,990000,20
2026-08-07T07:41:48Z,200566,200000,948800,101
2026-08-07T07:41:48Z,200567,1000000,1000000,46
2026-08-07T07:41:48Z,200568,999900,999900,16
2026-08-07T07:41:48Z,200569,120600,1407800,51
2026-08-07T07:41:48Z,200570,1449700,1449900,151
2026-08-07T07:41:48Z,200571,999900,9890100,27
2026-08-07T07:41:48Z,200572,259400,1407800,72
2026-08-07T07:41:48Z,200573,1480000,1480000,79
2026-08-07T07:41:48Z,200574,39990000,39990000,7
2026-08-07T07:41:48Z,200575,300000,3503000,31
2026-08-07T07:41:48Z,200576,980000,9898700,60
2026-08-07T07:41:48Z,200577,39900000,39900000,7
2026-08-07T07:41:48Z,200578,250000,947800,82
2026-08-07T07:41:48Z,200579,3288800,3289900,62
2026-08-07T07:41:48Z,200580,999900,999900,8
2026-08-07T07:41:48Z,200581,700000,9897400,34
2026-08-07T07:41:48Z,200582,5000000,5000000,35
2026-08-07T07:41:48Z,200614,23500,23500,158
2026-08-07T07:41:48Z,200615,750000,750000,350
2026-08-07T07:41:48Z,200616,19999500,19999500,45
2026-08-07T07:41:48Z,200618,527991800,527991800,3
2026-08-07T07:41:48Z,200619,39990000,39990000,5
2026-08-07T07:41:48Z,200623,9901900,9901900,100
2026-08-07T07:41:48Z,200633,250000000,250000000,1
2026-08-07T07:41:48Z,200634,30001000,30001000,31
2026-08-07T07:41:48Z,200652,142500,142500,480
2026-08-07T07:41:48Z,200680,9961400,9961400,46
2026-08-07T07:41:48Z,200681,9961400,9961400,26
2026-08-07T07:41:48Z,200764,290004400,290004400,1
2026-08-07T07:41:48Z,200765,290008900,290008900,1
2026-08-07T07:41:48Z,200766,290003700,290003700,1
2026-08-07T07:41:48Z,200767,290004600,290004600,32
2026-08-07T07:41:48Z,200768,609000,609000,27
2026-08-07T07:41:48Z,200769,49900,49900,42
2026-08-07T07:41:48Z,200770,1250000,1250000,4
2026-08-07T07:41:48Z,200771,290009500,290009500,1
2026-08-07T07:41:48Z,200772,178500,178500,12
2026-08-07T07:41:48Z,200773,2000000,2000000,9
2026-08-07T07:41:48Z,200774,290001200,290001200,1
2026-08-07T07:41:48Z,200775,290007300,290007300,1
2026-08-07T07:41:48Z,200776,290008100,290008100,1
2026-08-07T07:41:48Z,200777,500000,500000,45
2026-08-07T07:41:48Z,200778,17999900,17999900,9
2026-08-07T07:41:48Z,200779,1108000,1108000,33
2026-08-07T07:41:48Z,200780,130000,130000,19
2026-08-07T07:41:48Z,200781,290008900,290008900,1
2026-08-07T07:41:48Z,200782,290005800,290005800,1
2026-08-07T07:41:48Z,200783,290008200,290008200,1
2026-08-07T07:41:48Z,200784,290004000,290004000,1
2026-08-07T07:41:48Z,200785,520000,520000,5
2026-08-07T07:41:48Z,200786,199500,199500,14
2026-08-07T07:41:48Z,200787,2500000,2500000,44
2026-08-07T07:41:48Z,200788,400000,480000,35
2026-08-07T07:41:48Z,200789,290000500,290000500,1
2026-08-07T07:41:48Z,200790,225000,225000,75
2026-08-07T07:41:48Z,200791,5003600,5003600,47
2026-08-07T07:41:48Z,200792,290009000,290009000,1
2026-08-07T07:41:48Z,200793,159800,159800,26
2026-08-07T07:41:48Z,200794,239000,239000,12
2026-08-07T07:41:48Z,200795,95000,95000,106
2026-08-07T07:41:48Z,200796,290007700,290007700,1
2026-08-07T07:41:48Z,200797,290001000,290001000,1
2026-08-07T07:41:48Z,200798,100000600,100000600,26
2026-08-07T07:41:48Z,200799,290002900,290002900,1
2026-08-07T07:41:48Z,200800,59000,59000,50
2026-08-07T07:41:48Z,200801,210000,210000,16
2026-08-07T07:41:48Z,200802,290001900,290001900,1
2026-08-07T07:41:48Z,200803,3008000,3008000,7
2026-08-07T07:41:48Z,200804,290006500,290006500,1
2026-08-07T07:41:48Z,200805,290006500,290006500,1
2026-08-07T07:41:48Z,200806,400000,400000,16
2026-08-07T07:41:48Z,200807,200003600,200003600,8
2026-08-07T07:41:48Z,200808,54800,54800,27
2026-08-07T07:41:48Z,200809,290007100,290007100,1
2026-08-07T07:41:48Z,200810,3005600,3005600,4
2026-08-07T07:41:48Z,200811,290001700,290001700,1
2026-08-07T07:41:48Z,200812,290004400,290004400,1
2026-08-07T07:41:48Z,200813,140000,140000,48
2026-08-07T07:41:48Z,200814,290002500,290002500,9
2026-08-07T07:41:48Z,200815,17390000,17390000,11
2026-08-07T07:41:48Z,200816,245000,245000,23
2026-08-07T07:41:48Z,200817,290007600,290007600,1
2026-08-07T07:41:48Z,200818,290000500,290000500,1
2026-08-07T07:41:48Z,200819,4007900,4007900,74
2026-08-07T07:41:48Z,200820,126900,126900,21
2026-08-07T07:41:48Z,200821,2479900,2479900,5
2026-08-07T07:41:48Z,200822,180000,180000,4
2026-08-07T07:41:48Z,200823,1505700,1505700,16
2026-08-07T07:41:48Z,200824,290008600,290008600,1
2026-08-07T07:41:48Z,200825,290000000,290000000,1
2026-08-07T07:41:48Z,200826,159800,159800,31
2026-08-07T07:41:48Z,200827,290007800,290007800,1
2026-08-07T07:41:48Z,200828,270000,270000,18
2026-08-07T07:41:48Z,200829,290003400,290003400,1
2026-08-07T07:41:48Z,200830,290001100,290001100,1
2026-08-07T07:41:48Z,200831,290003800,290003800,1
2026-08-07T07:41:48Z,200832,110000,120000,105
2026-08-07T07:41:48Z,200833,290003800,290003800,1
2026-08-07T07:41:48Z,200834,290009900,290009900,1
2026-08-07T07:41:48Z,200835,150000,150000,5
2026-08-07T07:41:48Z,200836,150000,150000,38
2026-08-07T07:41:48Z,200837,29999900,29999900,13
2026-08-07T07:41:48Z,200838,4649900,4649900,50
2026-08-07T07:41:48Z,200840,250009900,250009900,6
2026-08-07T07:41:48Z,200841,169900,169900,12
2026-08-07T07:41:48Z,200842,680000,680000,15
2026-08-07T07:41:48Z,200843,470000,470000,6
2026-08-07T07:41:48Z,200844,290008200,290008200,1
2026-08-07T07:41:48Z,200845,150001500,150001500,11
2026-08-07T07:41:48Z,200846,290000700,290000700,1
2026-08-07T07:41:48Z,200847,290006900,290006900,1
2026-08-07T07:41:48Z,200848,240000,240000,7
2026-08-07T07:41:48Z,200849,450000,450000,32
2026-08-07T07:41:48Z,200850,290006100,290006100,1
2026-08-07T07:41:48Z,200851,290002900,290002900,1
2026-08-07T07:41:48Z,200852,175000,185000,23
2026-08-07T07:41:48Z,200853,1250000,1250000,8
2026-08-07T07:41:48Z,200855,9960000,9960000,23
2026-08-07T07:41:48Z,200856,9905000,9905000,23
2026-08-07T07:41:48Z,200860,47200,47400,2455
2026-08-07T07:41:48Z,200871,2970000,9907000,42
2026-08-07T07:41:48Z,200938,1999700,1999700,890
2026-08-07T07:41:48Z,200944,649200,649200,53
2026-08-07T07:41:48Z,201045,39900,39900,56
2026-08-07T07:41:48Z,201046,1481500,1481500,61
2026-08-07T07:41:48Z,201047,49900,9966500,36
2026-08-07T07:41:48Z,201162,290008800,290008800,2
2026-08-07T07:41:48Z,201163,5008800,20008800,24
2026-08-07T07:41:48Z,201164,49008900,49008900,21
2026-08-07T07:41:48Z,201165,5000300,49000300,21
2026-08-07T07:41:48Z,201166,49009000,49009000,21
2026-08-07T07:41:48Z,201168,5500000200,5500000200,1
2026-08-07T07:41:48Z,201170,290009700,290009700,1
2026-08-07T07:41:48Z,201173,290009100,290009100,1
2026-08-07T07:41:48Z,201177,290009600,290009600,1
2026-08-07T07:41:48Z,201178,1500009100,1500009100,2
2026-08-07T07:41:48Z,201180,49009600,49009600,20
2026-08-07T07:41:48Z,201182,49009400,49009400,20
2026-08-07T07:41:48Z,201184,49009100,49009100,20
2026-08-07T07:41:48Z,201185,290009600,290009600,1
2026-08-07T07:41:48Z,201186,450009100,450009100,1
2026-08-07T07:41:48Z,201188,290009600,290009600,1
2026-08-07T07:41:48Z,201190,290009100,290009100,1
2026-08-07T07:41:48Z,201191,290008800,290008800,1
2026-08-07T07:41:48Z,201192,49007900,49007900,20
2026-08-07T07:41:48Z,201193,49009200,49009200,20
2026-08-07T07:41:48Z,201194,49008800,49008800,20
2026-08-07T07:41:48Z,201195,290009400,290009400,1
2026-08-07T07:41:48Z,201196,1500009000,1500009000,1
2026-08-07T07:41:48Z,201197,290009900,290009900,1
2026-08-07T07:41:48Z,201202,49009400,49009400,20
2026-08-07T07:41:48Z,201203,49009900,49009900,20
2026-08-07T07:41:48Z,201204,49008900,49008900,20
2026-08-07T07:41:48Z,201205,500000,49000000,22
2026-08-07T07:41:48Z,201206,49000100,49000100,20
2026-08-07T07:41:48Z,201207,49008800,49008800,20
2026-08-07T07:41:48Z,201209,49000500,49000500,18
2026-08-07T07:41:48Z,201216,49009400,49009400,21
2026-08-07T07:41:48Z,201219,49009600,49009600,20
2026-08-07T07:41:48Z,201220,49000500,49000500,20
2026-08-07T07:41:48Z,201221,49008700,49008700,20
2026-08-07T07:41:48Z,201222,13000,13000,31
2026-08-07T07:41:48Z,201226,49009400,49009400,20
2026-08-07T07:41:48Z,201227,290000200,290000200,1
2026-08-07T07:41:48Z,201228,290000500,290000500,1
2026-08-07T07:41:48Z,201310,19997700,19997700,29
2026-08-07T07:41:48Z,201311,750000,750000,72
2026-08-07T07:41:48Z,201312,55000,85000,110
2026-08-07T07:41:48Z,201313,992700,992700,34
2026-08-07T07:41:48Z,201314,206800,206900,66
2026-08-07T07:41:48Z,201315,1200,1200,172
2026-08-07T07:41:48Z,201316,9991900,9991900,26
2026-08-07T07:41:48Z,201317,999900,999900,88
2026-08-07T07:41:48Z,201318,9800,9800,75
2026-08-07T07:41:48Z,201319,2000500,2000500,20
2026-08-07T07:41:48Z,201320,6042600,6042600,122
2026-08-07T07:41:48Z,201321,24534400,24534400,3
2026-08-07T07:41:48Z,201325,300000,300000,95
2026-08-07T07:41:48Z,201327,500200,9990200,33
2026-08-07T07:41:48Z,201398,9880000,9880000,40
2026-08-07T07:41:48Z,201399,840000,840000,1424
2026-08-07T07:41:48Z,201400,659600,659600,294
2026-08-07T07:41:48Z,201401,299900,299900,1525
2026-08-07T07:41:48Z,201402,569700,569700,1007
2026-08-07T07:41:48Z,201403,2488500,2508600,2452
2026-08-07T07:41:48Z,201404,4075400,4075500,5622
2026-08-07T07:41:48Z,201405,7779800,9009800,551
2026-08-07T07:41:48Z,201406,74900,75000,1125
2026-08-07T07:41:48Z,201407,49985000,49985000,5
2026-08-07T07:41:48Z,201408,850000,850000,25
2026-08-07T07:41:48Z,201409,149999900,149999900,4
2026-08-07T07:41:48Z,201413,9939900,9939900,40
2026-08-07T07:41:48Z,201415,9949900,9949900,29
2026-08-07T07:41:48Z,201416,9830000,9830000,40
2026-08-07T07:41:48Z,201417,9890000,9890000,40
2026-08-07T07:41:48Z,201419,742500,742500,41
2026-08-07T07:41:48Z,201420,1299500,1409600,1844
2026-08-07T07:41:48Z,201421,1005600,1005600,1362
2026-08-07T07:41:48Z,201422,1179900,2450000,788
2026-08-07T07:41:48Z,201424,9700,9700,225
2026-08-07T07:41:48Z,201428,2490000,2490000,58
2026-08-07T07:41:48Z,201466,5500,5500,131
2026-08-07T07:41:48Z,201467,34800,34800,104
2026-08-07T07:41:48Z,201468,290000,300000,9
2026-08-07T07:41:48Z,201469,1900,1900,626
2026-08-07T07:41:48Z,201584,53900,53900,574
2026-08-07T07:41:48Z,201697,9907400,9907400,49
2026-08-07T07:41:48Z,201698,9805600,9805600,25
2026-08-07T07:41:48Z,201721,9790000,9790000,30
2026-08-07T07:41:48Z,201723,49009100,49009100,11
2026-08-07T07:41:48Z,201724,2500000100,2500000100,1
2026-08-07T07:41:48Z,201725,188800,9892000,42
2026-08-07T07:41:48Z,201729,290003800,290003800,2
2026-08-07T07:41:48Z,201813,220000,220000,47
2026-08-07T07:41:48Z,201820,9870000,9870000,25
2026-08-07T07:41:48Z,201832,200000,280000,333
2026-08-07T07:41:48Z,201883,19899900,19990000,132
2026-08-07T07:41:48Z,201991,2996600,2996600,584
2026-08-07T07:41:48Z,202065,330000,330000,230
2026-08-07T07:41:48Z,202070,4400,4400,2101
2026-08-07T07:41:48Z,202071,9800,9900,2775
2026-08-07T07:41:48Z,202290,990000,990000,550
2026-08-07T07:41:48Z,202314,9829500,9829500,92
2026-08-07T07:41:48Z,202315,9998100,9998100,148
2026-08-07T07:41:48Z,202401,5000000,5000000,50
2026-08-07T07:41:48Z,202712,80000,80000,247
2026-08-07T07:41:48Z,203407,34999200,34999200,30
2026-08-07T07:41:48Z,203408,122700000,122700000,23
2026-08-07T07:41:48Z,203409,8009600,8009600,109
2026-08-07T07:41:48Z,203410,8909800,8909800,89
2026-08-07T07:41:48Z,203411,88880000,88880000,11
2026-08-07T07:41:48Z,203412,180000000,180000000,36
2026-08-07T07:41:48Z,203413,49980000,49980000,57
2026-08-07T07:41:48Z,203414,179990000,179990000,54
2026-08-07T07:41:48Z,203415,6988800,6988800,38
2026-08-07T07:41:48Z,203416,999900,999900,286
2026-08-07T07:41:48Z,203417,41968000,41968000,20
2026-08-07T07:41:48Z,203418,999900,999900,420
2026-08-07T07:41:48Z,203419,33000000,33000000,109
2026-08-07T07:41:48Z,203652,700000,700000,251
2026-08-07T07:41:48Z,203762,136600,136600,696
2026-08-07T07:41:48Z,203763,173100,173100,206
2026-08-07T07:41:48Z,203862,740100,740100,502
2026-08-07T07:41:48Z,203865,387300,387300,3362
2026-08-07T07:41:48Z,204072,60000,60000,1670
2026-08-07T07:41:48Z,204092,5609900,5609900,23
2026-08-07T07:41:48Z,204234,49005100,49005100,20
2026-08-07T07:41:48Z,204235,29500,29600,243
2026-08-07T07:41:48Z,204237,502300,4002400,61
2026-08-07T07:41:48Z,204308,751000,751000,31
2026-08-07T07:41:48Z,204310,49008800,49008800,20
2026-08-07T07:41:48Z,204311,600000,600000,32
2026-08-07T07:41:48Z,204312,290002200,290002200,1
2026-08-07T07:41:48Z,204313,5000000,49000000,19
2026-08-07T07:41:48Z,204370,850000,850000,3132
2026-08-07T07:41:48Z,204442,49000100,49000100,20
2026-08-07T07:41:48Z,204460,67300,68700,19192
2026-08-07T07:41:48Z,204463,20406900,25266500,467
2026-08-07T07:41:48Z,204464,89900,159900,3838
2026-08-07T07:41:48Z,204565,12006000,12006000,22
2026-08-07T07:41:48Z,204567,19990000,19990000,14
2026-08-07T07:41:48Z,204568,199619900,199619900,2
2026-08-07T07:41:48Z,204613,199006700,199006700,1
2026-08-07T07:41:48Z,204614,11000000,13113800,34
2026-08-07T07:41:48Z,204615,10002700,10002700,7
2026-08-07T07:41:48Z,204621,39996500,39996500,5
2026-08-07T07:41:48Z,204622,16500500,16500500,16
2026-08-07T07:41:48Z,204623,13800000,13800000,6
2026-08-07T07:41:48Z,204700,199908900,199908900,1
2026-08-07T07:41:48Z,204701,23000000,49990000,10
2026-08-07T07:41:48Z,204702,24757500,24757500,43
2026-08-07T07:41:48Z,204708,900000,900000,147
2026-08-07T07:41:48Z,204709,6245100,6245100,48
2026-08-07T07:41:48Z,204710,499900,9989900,28
2026-08-07T07:41:48Z,204729,9969800,9969800,65
2026-08-07T07:41:48Z,204730,1900,1900,77
2026-08-07T07:41:48Z,204790,1900,1900,233
2026-08-07T07:41:48Z,204823,9940000,9940000,20
2026-08-07T07:41:48Z,204825,135300,135300,70
2026-08-07T07:41:48Z,204826,100000,100000,41
2026-08-07T07:41:48Z,204827,8990000,8990000,26
2026-08-07T07:41:48Z,204828,5489900,5490000,72
2026-08-07T07:41:48Z,204829,9989800,9989800,26
2026-08-07T07:41:48Z,204834,49000100,49000100,21
2026-08-07T07:41:48Z,204835,290000100,290000100,1
2026-08-07T07:41:48Z,204836,49000100,49000100,20
2026-08-07T07:41:48Z,204837,49000100,49000100,20
2026-08-07T07:41:48Z,204838,25000000,35000000,24
2026-08-07T07:41:48Z,204839,290000100,290000100,7
2026-08-07T07:41:48Z,204840,49000100,49000100,25
2026-08-07T07:41:48Z,204841,49000100,49000100,21
2026-08-07T07:41:48Z,204842,49000000,49000000,22
2026-08-07T07:41:48Z,204845,372100,375800,137
2026-08-07T07:41:48Z,204858,15550000,15550000,13
2026-08-07T07:41:48Z,204859,999900,5000000,44
2026-08-07T07:41:48Z,204860,2505000,7425000,52
2026-08-07T07:41:48Z,204909,990000000,990000000,2
2026-08-07T07:41:48Z,204971,9991600,9991600,20
2026-08-07T07:41:48Z,204972,73800,73800,139
2026-08-07T07:41:48Z,204973,20000,20000,179
2026-08-07T07:41:48Z,204991,6302600,6302600,24
2026-08-07T07:41:48Z,204992,9749700,9749800,111
2026-08-07T07:41:48Z,204993,199000000,199000000,1
2026-08-07T07:41:48Z,204994,7809800,7809800,13
2026-08-07T07:41:48Z,204995,33597100,33597100,10
2026-08-07T07:41:48Z,204996,4990000,4990000,284
2026-08-07T07:41:48Z,205012,49980000,49980000,7
2026-08-07T07:41:48Z,205014,7930000,7930000,20
2026-08-07T07:41:48Z,205015,35000000,35000000,15
2026-08-07T07:41:48Z,205016,149999900,149999900,14
2026-08-07T07:41:48Z,205039,196025100,196025100,20
2026-08-07T07:41:48Z,205043,1990000000,1990000000,1
2026-08-07T07:41:48Z,205044,198559400,198559400,3
2026-08-07T07:41:48Z,205115,17000000,17000000,3
2026-08-07T07:41:48Z,205170,199005600,199005600,2
2026-08-07T07:41:48Z,205171,990000000,990000000,1
2026-08-07T07:41:48Z,205172,25007600,25007600,2
2026-08-07T07:41:48Z,205173,199989700,199989700,1
2026-08-07T07:41:48Z,205221,49006200,49006200,11
2026-08-07T07:41:48Z,205222,49006600,49006600,13
2026-08-07T07:41:48Z,205224,20000100,49000100,39
2026-08-07T07:41:48Z,205235,49000100,49000100,20
2026-08-07T07:41:48Z,205236,990000100,990000100,1
2026-08-07T07:41:48Z,205237,49000100,49000100,22
2026-08-07T07:41:48Z,205238,1500000100,1500000100,2
2026-08-07T07:41:48Z,205239,49000100,49000100,23
2026-08-07T07:41:48Z,205240,49000100,49000100,19
2026-08-07T07:41:48Z,205241,40100,40100,52
2026-08-07T07:41:48Z,205242,49000100,49000100,20
2026-08-07T07:41:48Z,205243,49000100,49000100,20
2026-08-07T07:41:48Z,205244,49000100,49000100,24
2026-08-07T07:41:48Z,205411,6700000,6700000,55
2026-08-07T07:41:48Z,205413,37000000,44500000,423
2026-08-07T07:41:48Z,205417,334900,334900,44
2026-08-07T07:41:48Z,205457,25008400,25008400,3
2026-08-07T07:41:48Z,205459,25007100,49007100,24
2026-08-07T07:41:48Z,205460,30000,30000,48
2026-08-07T07:41:48Z,205461,49006900,49006900,23
2026-08-07T07:41:48Z,205462,290009000,290009000,2
2026-08-07T07:41:48Z,205464,29999900,49009900,16
2026-08-07T07:41:48Z,205465,290001000,290001000,1
2026-08-07T07:41:48Z,205466,49004000,49004000,16
2026-08-07T07:41:48Z,205467,290007500,290007500,2
2026-08-07T07:41:48Z,205468,49000000,49000000,17
2026-08-07T07:41:48Z,205469,290000900,290000900,1
2026-08-07T07:41:48Z,205470,50400,50400,29
2026-08-07T07:41:48Z,205471,49006400,49006400,14
2026-08-07T07:41:48Z,205472,990008200,990008200,1
2026-08-07T07:41:48Z,205684,980200,980200,263
2026-08-07T07:41:48Z,205686,544400,544400,27
2026-08-07T07:41:48Z,205690,9700000,9700000,25
2026-08-07T07:41:48Z,205692,9800000,9800000,25
2026-08-07T07:41:48Z,205693,500000,500000,156
2026-08-07T07:41:48Z,205695,290004000,290004000,1
2026-08-07T07:41:48Z,205697,990005900,990005900,1
2026-08-07T07:41:48Z,205698,290003900,290003900,2
2026-08-07T07:41:48Z,205699,49000600,49000600,15
2026-08-07T07:41:48Z,205700,10200,10200,76
2026-08-07T07:41:48Z,205793,220000,9900000,33
2026-08-07T07:41:48Z,205794,9894000,9894000,25
2026-08-07T07:41:48Z,205866,49007700,49007700,14
2026-08-07T07:41:48Z,205868,2000000,2400000,19
2026-08-07T07:41:48Z,205869,290004300,290004300,1
2026-08-07T07:41:48Z,205870,5000000,5000000,23
2026-08-07T07:41:48Z,205871,250003000,250003000,2
2026-08-07T07:41:48Z,205872,49005200,49005200,14
2026-08-07T07:41:48Z,205873,290004100,290004100,1
2026-08-07T07:41:48Z,205875,290003400,290003400,1
2026-08-07T07:41:48Z,206967,6570400,6570400,32
2026-08-07T07:41:48Z,206968,2508600,2508600,73
2026-08-07T07:41:48Z,206969,9998800,9998800,29
2026-08-07T07:41:48Z,207021,584600,9994600,29
2026-08-07T07:41:48Z,207022,50000,70000,3117
2026-08-07T07:41:48Z,207023,3000,3000,23218
2026-08-07T07:41:48Z,207039,39439100,39439100,20
2026-08-07T07:41:48Z,207040,120900,121000,3290
2026-08-07T07:41:48Z,207041,29100,312500,2895
2026-08-07T07:41:48Z,207054,148400,148400,94
2026-08-07T07:41:48Z,207085,459900,459900,10
2026-08-07T07:41:48Z,207086,9800000,9800000,19
2026-08-07T07:41:48Z,207087,23000000,23000000,18
2026-08-07T07:41:48Z,207088,3997900,3997900,472
2026-08-07T07:41:48Z,207702,1369900,1409000,18836
2026-08-07T07:41:48Z,207956,499900,499900,30
2026-08-07T07:41:48Z,208187,39970000,39970000,23
2026-08-07T07:41:48Z,208188,109006900,109006900,13
2026-08-07T07:41:48Z,208189,199999900,199999900,7
2026-08-07T07:41:48Z,208212,19800,19800,1169
2026-08-07T07:41:48Z,208736,49008900,49008900,13
2026-08-07T07:41:48Z,208746,199990000,199990000,1
2026-08-07T07:41:48Z,208747,48015000,48015000,6
2026-08-07T07:41:48Z,208748,150000000,150000000,8
2026-08-07T07:41:48Z,208856,300000,49000000,25
2026-08-07T07:41:48Z,209033,222200,350000,38
2026-08-07T07:41:48Z,209034,250006700,250006700,2
2026-08-07T07:41:48Z,210221,9500,49500,3669
2026-08-07T07:41:48Z,210244,500000,500000,73
2026-08-07T07:41:48Z,210245,89400,89400,84
2026-08-07T07:41:48Z,210246,9995000,9995000,45
2026-08-07T07:41:48Z,210247,3500000,3500000,241
2026-08-07T07:41:48Z,210248,180000,180000,68
2026-08-07T07:41:48Z,210249,2507500,9900000,45
2026-08-07T07:41:48Z,210438,49008800,49008800,14
2026-08-07T07:41:48Z,210443,290009900,290009900,1
2026-08-07T07:41:48Z,210444,290009000,290009000,1
2026-08-07T07:41:48Z,210445,49009400,49009400,13
2026-08-07T07:41:48Z,210449,5500009800,5500009800,1
2026-08-07T07:41:48Z,210451,10004700,49004700,14
2026-08-07T07:41:48Z,210452,1008900,45008900,24
2026-08-07T07:41:48Z,210456,88000000,88000000,48
2026-08-07T07:41:48Z,210554,290008000,290008000,1
2026-08-07T07:41:48Z,210658,49000200,49000200,20
2026-08-07T07:41:48Z,210671,8002100,8002100,91
2026-08-07T07:41:48Z,210672,430000,430000,52
2026-08-07T07:41:48Z,210673,9995900,9995900,34
2026-08-07T07:41:48Z,210688,1507200,1507200,211
2026-08-07T07:41:48Z,210796,38300,38700,13214
2026-08-07T07:41:48Z,210797,38800,41800,73958
2026-08-07T07:41:48Z,210798,50800,50900,17699
2026-08-07T07:41:48Z,210799,21600,27800,5888
2026-08-07T07:41:48Z,210800,28600,28800,12645
2026-08-07T07:41:48Z,210801,55900,56000,11049
2026-08-07T07:41:48Z,210802,16900,17000,4448
2026-08-07T07:41:48Z,210803,16400,17000,3366
2026-08-07T07:41:48Z,210804,30000,30000,2460
2026-08-07T07:41:48Z,210805,12800,13000,5776
2026-08-07T07:41:48Z,210806,12700,14600,9636
2026-08-07T07:41:48Z,210807,18500,20200,16276
2026-08-07T07:41:48Z,210808,28900,31200,51718
2026-08-07T07:41:48Z,210809,23300,37500,60925
2026-08-07T07:41:48Z,210810,36900,70000,13225
2026-08-07T07:41:48Z,210819,9980000,9980000,51
2026-08-07T07:41:48Z,210821,499999900,499999900,20
2026-08-07T07:41:48Z,210841,19500,19500,2214
2026-08-07T07:41:48Z,210842,4900000,4900000,88
2026-08-07T07:41:48Z,210930,89500,138300,98424
2026-08-07T07:41:48Z,210931,89300,91400,107020
2026-08-07T07:41:48Z,210932,134700,147900,91950
2026-08-07T07:41:48Z,210933,13700,20600,34568
2026-08-07T07:41:48Z,210934,19700,20800,61242
2026-08-07T07:41:48Z,210935,23900,24300,23078
2026-08-07T07:41:48Z,210936,11800,12400,16618
2026-08-07T07:41:48Z,210937,13700,14000,19027
2026-08-07T07:41:48Z,210938,27900,37000,70554
2026-08-07T07:41:48Z,210939,299500,300000,3605
2026-08-07T07:41:48Z,211270,290009300,290009300,6
2026-08-07T07:41:48Z,211383,800000,990000,833
2026-08-07T07:41:48Z,211400,1990000,1990000,133
2026-08-07T07:41:48Z,211474,59100,59100,2760
2026-08-07T07:41:48Z,211692,49007400,49007400,20
2026-08-07T07:41:48Z,211694,290008300,290008300,1
2026-08-07T07:41:48Z,211695,290002100,290002100,1
2026-08-07T07:41:48Z,211798,49007700,49007700,37
2026-08-07T07:41:48Z,211806,5900,5900,4988
2026-08-07T07:41:48Z,211807,21800,26800,735
2026-08-07T07:41:48Z,211808,95000,105000,1265
2026-08-07T07:41:48Z,211810,9940100,9940100,26
2026-08-07T07:41:48Z,211878,9900,9900,1725
2026-08-07T07:41:48Z,211879,9900,10000,5928
2026-08-07T07:41:48Z,211880,19900,19900,1598
2026-08-07T07:41:48Z,211943,780000,780000,388
2026-08-07T07:41:48Z,212239,10000,10000,551
2026-08-07T07:41:48Z,212240,29800,29900,1543
2026-08-07T07:41:48Z,212241,30000,50000,1016
2026-08-07T07:41:48Z,212242,10500,10500,9844
2026-08-07T07:41:48Z,212243,29200,29200,557
2026-08-07T07:41:48Z,212244,190000,190000,505
2026-08-07T07:41:48Z,212245,10100,10200,715
2026-08-07T07:41:48Z,212246,11200,11700,656
2026-08-07T07:41:48Z,212247,30000,30000,62
2026-08-07T07:41:48Z,212248,16000,18700,604
2026-08-07T07:41:48Z,212249,18900,18900,237
2026-08-07T07:41:48Z,212250,259800,290000,305
2026-08-07T07:41:48Z,212251,12700,12800,237
2026-08-07T07:41:48Z,212252,135500,135500,201
2026-08-07T07:41:48Z,212253,3500000,3500000,47
2026-08-07T07:41:48Z,212254,10600,10600,88
2026-08-07T07:41:48Z,212255,11900,12000,64
2026-08-07T07:41:48Z,212256,548400,559500,143
2026-08-07T07:41:48Z,212257,20000,20000,578
2026-08-07T07:41:48Z,212258,152800,152800,268
2026-08-07T07:41:48Z,212259,510000,510000,151
2026-08-07T07:41:48Z,212260,10600,318000,1612
2026-08-07T07:41:48Z,212261,11100,11200,130
2026-08-07T07:41:48Z,212262,20000,30000,50
2026-08-07T07:41:48Z,212263,154800,164800,204
2026-08-07T07:41:48Z,212264,9800,9800,3806
2026-08-07T07:41:48Z,212265,20000,20000,1673
2026-08-07T07:41:48Z,212266,116600,120000,235
2026-08-07T07:41:48Z,212267,119900,119900,209
2026-08-07T07:41:48Z,212268,749900,749900,1529
2026-08-07T07:41:48Z,212269,39899900,39899900,127
2026-08-07T07:41:48Z,212270,488800,489900,427
2026-08-07T07:41:48Z,212271,556600,556600,322
2026-08-07T07:41:48Z,212272,394700,394700,200
2026-08-07T07:41:48Z,212273,331900,333300,723
2026-08-07T07:41:48Z,212274,351000,351000,99
2026-08-07T07:41:48Z,212275,638800,638800,34
2026-08-07T07:41:48Z,212276,65700,65700,484
2026-08-07T07:41:48Z,212277,182200,182200,175
2026-08-07T07:41:48Z,212278,50000,50000,45
2026-08-07T07:41:48Z,212279,99500,99500,437
2026-08-07T07:41:48Z,212280,250000,310000,417
2026-08-07T07:41:48Z,212281,50000,54300,232
2026-08-07T07:41:48Z,212282,48900,48900,1457
2026-08-07T07:41:48Z,212283,50000,50000,2626
2026-08-07T07:41:48Z,212289,31000,31000,68
2026-08-07T07:41:48Z,212292,40000,100000,138
2026-08-07T07:41:48Z,212298,27000,27000,58
2026-08-07T07:41:48Z,212299,79900,390000,350
2026-08-07T07:41:48Z,212300,239400,239400,215
2026-08-07T07:41:48Z,212301,440000,570000,41
2026-08-07T07:41:48Z,212305,19200,19200,257
2026-08-07T07:41:48Z,212306,28200,28200,190
2026-08-07T07:41:48Z,212307,260000,260000,125
2026-08-07T07:41:48Z,212308,130000,130000,349
2026-08-07T07:41:48Z,212309,42200,42200,509
2026-08-07T07:41:48Z,212310,295300,295300,173
2026-08-07T07:41:48Z,212311,39800,39800,462
2026-08-07T07:41:48Z,212312,280000,280000,123
2026-08-07T07:41:48Z,212313,543300,543300,121
2026-08-07T07:41:48Z,212314,28400,28400,342
2026-08-07T07:41:48Z,212315,28500,248400,720
2026-08-07T07:41:48Z,212316,315000,315000,184
2026-08-07T07:41:48Z,212341,49008300,49008300,26
2026-08-07T07:41:48Z,212345,49009300,49009300,23
2026-08-07T07:41:48Z,212346,42429900,42429900,3
2026-08-07T07:41:48Z,212352,290001200,290001200,1
2026-08-07T07:41:48Z,212495,127400,127400,899
2026-08-07T07:41:48Z,212498,2800,3700,28409
2026-08-07T07:41:48Z,212505,490000,499900,1594
2026-08-07T07:41:48Z,212508,129900,130000,357
2026-08-07T07:41:48Z,212511,150000,158000,1556
2026-08-07T07:41:48Z,212514,263000,263700,583
2026-08-07T07:41:48Z,212531,10000000,10000000,5
2026-08-07T07:41:48Z,212533,15000100,15000100,5
2026-08-07T07:41:48Z,212534,10000000,10000000,5
2026-08-07T07:41:48Z,212563,356300,356400,186
2026-08-07T07:41:48Z,212564,420000,420000,171
2026-08-07T07:41:48Z,212565,3330000,35540000,1232
2026-08-07T07:41:48Z,212646,49007500,49007500,14
2026-08-07T07:41:48Z,212647,49006700,49006700,13
2026-08-07T07:41:48Z,212648,290008100,290008100,1
2026-08-07T07:41:48Z,212649,49005800,49005800,14
2026-08-07T07:41:48Z,212664,56600,64900,35799
2026-08-07T07:41:48Z,212665,60900,110800,16537
2026-08-07T07:41:48Z,212666,155900,155900,9126
2026-08-07T07:41:48Z,212667,19500,22300,24320
2026-08-07T07:41:48Z,212668,22300,24500,27299
2026-08-07T07:41:48Z,212669,122100,122500,4763
2026-08-07T07:41:48Z,212670,9600,19600,13078
2026-08-07T07:41:48Z,212672,18200,128900,15201
2026-08-07T07:41:48Z,212673,99000,99000,14829
2026-08-07T07:41:48Z,212674,4900,7000,7848
2026-08-07T07:41:48Z,212675,5400,8000,9158
2026-08-07T07:41:48Z,212676,79500,79500,3135
2026-08-07T07:41:48Z,212688,1009900,49009900,21
2026-08-07T07:41:48Z,212761,20000000,20000000,2
2026-08-07T07:41:48Z,212763,49000000,49000000,13
2026-08-07T07:41:48Z,212764,49006100,49006100,11
2026-08-07T07:41:48Z,212765,290007100,290007100,1
2026-08-07T07:41:48Z,212766,49008400,49008400,13
2026-08-07T07:41:48Z,212767,515100,49005100,12
2026-08-07T07:41:48Z,212768,49004000,49004000,12
2026-08-07T07:41:48Z,212770,49004300,49004300,12
2026-08-07T07:41:48Z,212771,49008500,49008500,10
2026-08-07T07:41:48Z,212772,5559900,5559900,2
2026-08-07T07:41:48Z,212774,20000000,49000000,12
2026-08-07T07:41:48Z,213026,49004500,49004500,10
2026-08-07T07:41:48Z,213027,49005800,49005800,11
2026-08-07T07:41:48Z,213028,49006300,49006300,11
2026-08-07T07:41:48Z,213029,290008500,290008500,1
2026-08-07T07:41:48Z,213030,49008100,49008100,10
2026-08-07T07:41:48Z,213031,49006600,49006600,12
2026-08-07T07:41:48Z,213032,49005800,49005800,15
2026-08-07T07:41:48Z,213033,290006400,290006400,3
2026-08-07T07:41:48Z,213034,49005700,49005700,10
2026-08-07T07:41:48Z,213035,49004700,49004700,10
2026-08-07T07:41:48Z,213037,49008700,49008700,9
2026-08-07T07:41:48Z,213038,49008200,49008200,12
2026-08-07T07:41:48Z,213039,1009900,49003900,13
2026-08-07T07:41:48Z,213040,49005200,49005200,13
2026-08-07T07:41:48Z,213041,49007900,49007900,11
2026-08-07T07:41:48Z,213042,49004200,49004200,13
2026-08-07T07:41:48Z,213043,49007600,49007600,14
2026-08-07T07:41:48Z,213044,49006600,49006600,13
2026-08-07T07:41:48Z,213045,49007800,49007800,13
2026-08-07T07:41:48Z,213179,49006700,49006700,11
2026-08-07T07:41:48Z,213180,49007400,49007400,11
2026-08-07T07:41:48Z,213182,49006000,49006000,10
2026-08-07T07:41:48Z,213184,49004400,49004400,11
2026-08-07T07:41:48Z,213194,290005800,290005800,1
2026-08-07T07:41:48Z,213195,49006000,49006000,11
2026-08-07T07:41:48Z,213196,49007500,49007500,9
2026-08-07T07:41:48Z,213197,32600,32700,5726
2026-08-07T07:41:48Z,213201,49008100,49008100,10
2026-08-07T07:41:48Z,213203,49006400,49006400,12
2026-08-07T07:41:48Z,213205,290004500,290004500,1
2026-08-07T07:41:48Z,213206,290003800,290003800,1
2026-08-07T07:41:48Z,213210,1007300,49007300,14
2026-08-07T07:41:48Z,213211,49005500,49005500,11
2026-08-07T07:41:48Z,213212,49005200,49005200,15
2026-08-07T07:41:48Z,213213,49008300,49008300,11
2026-08-07T07:41:48Z,213214,49008300,49008300,14
2026-08-07T07:41:48Z,213216,49008900,49008900,10
2026-08-07T07:41:48Z,213219,320000,320000,2132
2026-08-07T07:41:48Z,213220,318600,318600,5657
2026-08-07T07:41:48Z,213221,299900,330000,4844
2026-08-07T07:41:48Z,213234,9000000,9000000,9
2026-08-07T07:41:48Z,213235,180000,180000,47
2026-08-07T07:41:48Z,213236,290000100,290000100,1
2026-08-07T07:41:48Z,213237,1950000,1950000,18
2026-08-07T07:41:48Z,213238,1500000,2330000,70
2026-08-07T07:41:48Z,213239,290000100,290000100,1
2026-08-07T07:41:48Z,213240,300000,300000,3
2026-08-07T07:41:48Z,213241,290000000,290000000,2
2026-08-07T07:41:48Z,213242,1009500,1009500,8
2026-08-07T07:41:48Z,213245,290000000,290000000,1
2026-08-07T07:41:48Z,213246,290000100,290000100,1
2026-08-07T07:41:48Z,213247,290000100,290000100,1
2026-08-07T07:41:48Z,213248,290009900,290009900,7
2026-08-07T07:41:48Z,213249,29000100,29000100,2
2026-08-07T07:41:48Z,213250,31990000,31990000,12
2026-08-07T07:41:48Z,213251,250000000,250000000,5
2026-08-07T07:41:48Z,213252,115897700,125897700,9
2026-08-07T07:41:48Z,213253,35990000,35990000,10
2026-08-07T07:41:48Z,213254,290000000,290000000,9
2026-08-07T07:41:48Z,213255,139990000,139990000,10
2026-08-07T07:41:48Z,213256,55000100,55000100,3
2026-08-07T07:41:48Z,213257,29000000,29000000,3
2026-08-07T07:41:48Z,213258,1000000,1190000,10
2026-08-07T07:41:48Z,213259,50000100,50000100,2
2026-08-07T07:41:48Z,213260,290000100,290000100,5
2026-08-07T07:41:48Z,213261,9009800,9009800,4
2026-08-07T07:41:48Z,213262,900000,900000,6
2026-08-07T07:41:48Z,213263,250000100,250000100,3
2026-08-07T07:41:48Z,213265,999000,999000,2
2026-08-07T07:41:48Z,213266,296100,296100,4
2026-08-07T07:41:48Z,213267,189980000,189980000,3
2026-08-07T07:41:48Z,213268,290000100,290000100,1
2026-08-07T07:41:48Z,213277,290008000,290008000,1
2026-08-07T07:41:48Z,213358,49007600,49007600,10
2026-08-07T07:41:48Z,213360,290008700,290008700,1
2026-08-07T07:41:48Z,213361,60008900,60008900,7
2026-08-07T07:41:48Z,213362,290004300,290004300,1
2026-08-07T07:41:48Z,213363,40004200,49004200,11
2026-08-07T07:41:48Z,213364,49007000,49007000,10
2026-08-07T07:41:48Z,213366,49004600,49004600,12
2026-08-07T07:41:48Z,213367,49004400,49004400,12
2026-08-07T07:41:48Z,213368,49007900,49007900,9
2026-08-07T07:41:48Z,213374,49004500,49004500,12
2026-08-07T07:41:48Z,213377,49004900,49004900,11
2026-08-07T07:41:48Z,213380,40005100,49005100,11
2026-08-07T07:41:48Z,213384,49008100,49008100,10
2026-08-07T07:41:48Z,213385,49009900,49009900,9
2026-08-07T07:41:48Z,213386,49005000,49005000,14
2026-08-07T07:41:48Z,213387,45005200,49005200,14
2026-08-07T07:41:48Z,213388,49008700,49008700,10
2026-08-07T07:41:48Z,213398,5900,5900,94083
2026-08-07T07:41:48Z,213399,8000,28100,26064
2026-08-07T07:41:48Z,213453,14750000,14750000,12
2026-08-07T07:41:48Z,213454,14750000,14750000,18
2026-08-07T07:41:48Z,213455,5000000,9876900,43
2026-08-07T07:41:48Z,213456,19806800,19806800,10
2026-08-07T07:41:48Z,213457,12000000,12000000,53
2026-08-07T07:41:48Z,213458,6669600,6669600,27
2026-08-07T07:41:48Z,213459,6990000,6990000,10
2026-08-07T07:41:48Z,213460,6546100,6549200,25
2026-08-07T07:41:48Z,213461,11110000,11110000,22
2026-08-07T07:41:48Z,213462,14750000,14750000,13
2026-08-07T07:41:48Z,213463,5009900,5009900,19
2026-08-07T07:41:48Z,213464,14750000,14750000,86
2026-08-07T07:41:48Z,213465,4539900,4539900,16
2026-08-07T07:41:48Z,213466,6583500,6583500,47
2026-08-07T07:41:48Z,213467,9839500,9840000,21
2026-08-07T07:41:48Z,213468,80850000,80850000,15
2026-08-07T07:41:48Z,213469,5000000,5000000,24
2026-08-07T07:41:48Z,213470,11900000,11940000,30
2026-08-07T07:41:48Z,213471,18500000,18500000,30
2026-08-07T07:41:48Z,213472,4859000,4859400,29
2026-08-07T07:41:48Z,213473,9800000,10000000,16
2026-08-07T07:41:48Z,213474,5000000,5000000,21
2026-08-07T07:41:48Z,213475,7990000,7990000,19
2026-08-07T07:41:48Z,213476,12500000,12500000,24
2026-08-07T07:41:48Z,213477,11985800,11991600,18
2026-08-07T07:41:48Z,213478,5393900,5393900,25
2026-08-07T07:41:48Z,213479,8695000,8781300,61
2026-08-07T07:41:48Z,213480,33750000,33750000,20
2026-08-07T07:41:48Z,213481,11250000,11250000,24
2026-08-07T07:41:48Z,213482,5000000,7950000,37
2026-08-07T07:41:48Z,213483,4000000,4000000,37
2026-08-07T07:41:48Z,213484,2999800,4699800,19
2026-08-07T07:41:48Z,213485,9710000,9710000,46
2026-08-07T07:41:48Z,213486,44250000,44250000,15
2026-08-07T07:41:48Z,213487,15001600,15001600,15
2026-08-07T07:41:48Z,213488,20425000,20425000,9
2026-08-07T07:41:48Z,213489,5493600,5493600,23
2026-08-07T07:41:48Z,213490,7000600,7000600,37
2026-08-07T07:41:48Z,213491,8887000,8887000,26
2026-08-07T07:41:48Z,213492,11250000,199000000,7
2026-08-07T07:41:48Z,213493,5555900,5555900,13
2026-08-07T07:41:48Z,213494,7000000,7000000,29
2026-08-07T07:41:48Z,213495,19009900,19009900,10
2026-08-07T07:41:48Z,213496,36009900,36009900,20
2026-08-07T07:41:48Z,213497,7509500,7509500,35
2026-08-07T07:41:48Z,213498,6996900,9996900,14
2026-08-07T07:41:48Z,213499,10272800,10272800,33
2026-08-07T07:41:48Z,213500,19950000,19950000,12
2026-08-07T07:41:48Z,213501,19800,189800,64
2026-08-07T07:41:48Z,213502,215800,215800,205
2026-08-07T07:41:48Z,213503,499999900,499999900,5
2026-08-07T07:41:48Z,213504,1119800,1119900,49
2026-08-07T07:41:48Z,213505,120500,120600,92
2026-08-07T07:41:48Z,213506,9990000,9990000,82
2026-08-07T07:41:48Z,213507,100100,100100,85
2026-08-07T07:41:48Z,213508,476800,481800,136
2026-08-07T07:41:48Z,213509,4950000,4950000,40
2026-08-07T07:41:48Z,213510,39200,437500,177
2026-08-07T07:41:48Z,213511,478600,483600,212
2026-08-07T07:41:48Z,213512,4950000,4950000,87
2026-08-07T07:41:48Z,213515,4007200,4007200,23
2026-08-07T07:41:48Z,213516,4500000,5503900,138
2026-08-07T07:41:48Z,213517,12000000,35000000,49
2026-08-07T07:41:48Z,213530,290005200,290005200,1
2026-08-07T07:41:48Z,213531,290004000,290004000,1
2026-08-07T07:41:48Z,213540,49001700,49001700,20
2026-08-07T07:41:48Z,213610,2100,2500,36546
2026-08-07T07:41:48Z,213611,409800,469900,6309
2026-08-07T07:41:48Z,213612,454700,455000,4930
2026-08-07T07:41:48Z,213613,109900,110000,16148
2026-08-07T07:41:48Z,213738,800000,800000,39
2026-08-07T07:41:48Z,213739,509800,509800,15
2026-08-07T07:41:48Z,213740,14004200,14004200,22
2026-08-07T07:41:48Z,213741,699800,699900,60
2026-08-07T07:41:48Z,213742,4809800,4809800,226
2026-08-07T07:41:48Z,213743,19950000,19950000,10
2026-08-07T07:41:48Z,213744,4320000,4320000,15
2026-08-07T07:41:48Z,213745,7450000,7450000,10
2026-08-07T07:41:48Z,213746,10000000,10000000,17
2026-08-07T07:41:48Z,213747,12950000,12950000,52
2026-08-07T07:41:48Z,213748,29990000,29990000,45
2026-08-07T07:41:48Z,213749,11000000,11000000,107
2026-08-07T07:41:48Z,213750,188100,190000,941
2026-08-07T07:41:48Z,213751,187900,191700,3519
2026-08-07T07:41:48Z,213752,549800,549900,185
2026-08-07T07:41:48Z,213753,971100,971200,264
2026-08-07T07:41:48Z,213754,740000,740000,254
2026-08-07T07:41:48Z,213755,2700100,2700100,319
2026-08-07T07:41:48Z,213756,96400,97300,3655
2026-08-07T07:41:48Z,213757,61400,61400,4752
2026-08-07T07:41:48Z,213758,110000,110000,1183
2026-08-07T07:41:48Z,213759,1550000,1550000,15
2026-08-07T07:41:48Z,213760,1430000,3550000,141
2026-08-07T07:41:48Z,213761,1694900,1694900,117
2026-08-07T07:41:48Z,213762,19582200,19582200,62
2026-08-07T07:41:48Z,213763,3990000,3990000,72
2026-08-07T07:41:48Z,213764,5000400,5800400,335
2026-08-07T07:41:48Z,213765,2000000,2000000,53
2026-08-07T07:41:48Z,213766,258600,1383100,568
2026-08-07T07:41:48Z,213767,5000000,5000000,158
2026-08-07T07:41:48Z,213768,4554000,4554000,76
2026-08-07T07:41:48Z,213769,1232400,1232400,21
2026-08-07T07:41:48Z,213770,609200,609300,44
2026-08-07T07:41:48Z,213771,4009900,4009900,30
2026-08-07T07:41:48Z,213772,1008600,1008600,67
2026-08-07T07:41:48Z,213773,3077500,3077500,27
2026-08-07T07:41:48Z,213774,37500000,37500000,7
2026-08-07T07:41:48Z,213775,1254100,1254100,19
2026-08-07T07:41:48Z,213776,1250000,1250000,28
2026-08-07T07:41:48Z,213777,845800,1990000,194
2026-08-07T07:41:48Z,215236,2869500,2898400,259
2026-08-07T07:41:48Z,217113,999500,1999400,68
2026-08-07T07:41:48Z,217114,15000000,15000000,46
2026-08-07T07:41:48Z,217115,14750000,14770000,23
2026-08-07T07:41:48Z,217162,49000000,49007600,12
2026-08-07T07:41:48Z,217163,1899900,49007600,12
2026-08-07T07:41:48Z,217164,49007600,49007600,13
2026-08-07T07:41:48Z,217167,49002900,49002900,14
2026-08-07T07:41:48Z,217168,290007600,290007600,3
2026-08-07T07:41:48Z,217169,49007600,49007600,14
2026-08-07T07:41:48Z,217170,279900,49009900,26
2026-08-07T07:41:48Z,217171,49007600,49007600,14
2026-08-07T07:41:48Z,217707,60800,180000,34467
2026-08-07T07:41:48Z,217896,9900000,9900000,25
2026-08-07T07:41:48Z,218336,1000,1600,25131
2026-08-07T07:41:48Z,218337,12200,16800,12183
2026-08-07T07:41:48Z,218338,900,1300,197615
2026-08-07T07:41:48Z,218339,600,800,139687
2026-08-07T07:41:48Z,218453,2500,2500,237
2026-08-07T07:41:48Z,219002,3069000,3100000,123
2026-08-07T07:41:48Z,219003,530000,530000,65
2026-08-07T07:41:48Z,219004,1512600,1512600,89
2026-08-07T07:41:48Z,219005,209300,899900,177
2026-08-07T07:41:48Z,219006,6750000,6750000,77
2026-08-07T07:41:48Z,219013,7023000,7023000,55
2026-08-07T07:41:48Z,219148,9809600,9809600,25
2026-08-07T07:41:48Z,219495,1114900,1114900,45
2026-08-07T07:41:48Z,219496,999100,999100,31
2026-08-07T07:41:48Z,219497,772400,772400,31
2026-08-07T07:41:48Z,219504,200000,200000,128
2026-08-07T07:41:48Z,219505,88100,88100,110
2026-08-07T07:41:48Z,219506,1359500,1359900,87
2026-08-07T07:41:48Z,219880,819200,819200,339
2026-08-07T07:41:48Z,219881,462500,462500,413
2026-08-07T07:41:48Z,219882,531000,531000,282
2026-08-07T07:41:48Z,219883,400900,400900,135
2026-08-07T07:41:48Z,219884,375200,375300,322
2026-08-07T07:41:48Z,219885,1025000,1025000,279
2026-08-07T07:41:48Z,219886,772200,780000,84
2026-08-07T07:41:48Z,219887,422500,1222200,860
2026-08-07T07:41:48Z,219888,524000,524000,536
2026-08-07T07:41:48Z,219889,1000000,1000000,103
2026-08-07T07:41:48Z,219890,1028000,1038400,525
2026-08-07T07:41:48Z,219891,899900,899900,236
2026-08-07T07:41:48Z,219892,1207800,1227600,61
2026-08-07T07:41:48Z,219893,480100,480100,1227
2026-08-07T07:41:48Z,219894,527500,527500,550
2026-08-07T07:41:48Z,219898,395200,395200,83
2026-08-07T07:41:48Z,219899,430000,430000,437
2026-08-07T07:41:48Z,219900,386100,386100,52
2026-08-07T07:41:48Z,219901,699700,736700,436
2026-08-07T07:41:48Z,219902,604700,604700,930
2026-08-07T07:41:48Z,219903,1240000,1240000,110
2026-08-07T07:41:48Z,219905,4444400,4444400,2233
2026-08-07T07:41:48Z,219906,155000,305000,110
2026-08-07T07:41:48Z,219907,7076900,39590100,61
2026-08-07T07:41:48Z,219908,1440000,1440000,83
2026-08-07T07:41:48Z,219909,1700100,1700100,106
2026-08-07T07:41:48Z,219910,434900,434900,35
2026-08-07T07:41:48Z,219911,2226200,2226200,34
2026-08-07T07:41:48Z,219912,45600,45600,68
2026-08-07T07:41:48Z,219913,250000,250000,97
2026-08-07T07:41:48Z,219914,1752300,1752300,103
2026-08-07T07:41:48Z,219946,68700,68800,11422
2026-08-07T07:41:48Z,219947,77800,79900,8191
2026-08-07T07:41:48Z,219948,140000,166000,2443
2026-08-07T07:41:48Z,219949,203800,244000,3640
2026-08-07T07:41:48Z,219950,244500,244500,6073
2026-08-07T07:41:48Z,219951,287500,287500,246
2026-08-07T07:41:48Z,219952,19800,25800,5058
2026-08-07T07:41:48Z,219954,25000,37000,8135
2026-08-07T07:41:48Z,219955,130000,134900,5813
2026-08-07T07:41:48Z,220134,19200,19400,1464
2026-08-07T07:41:48Z,220135,10700,12500,1611
2026-08-07T07:41:48Z,220136,10900,14000,1192
2026-08-07T07:41:48Z,220137,12200,24100,29099
2026-08-07T07:41:48Z,220138,4400,12000,3215
2026-08-07T07:41:48Z,220139,19400,21000,9092
2026-08-07T07:41:48Z,220141,84500,96400,592
2026-08-07T07:41:48Z,220142,19200,20400,968
2026-08-07T07:41:48Z,220143,18400,38200,1514
2026-08-07T07:41:48Z,220144,928300,928300,794
2026-08-07T07:41:48Z,220145,44500,345000,8678
2026-08-07T07:41:48Z,220146,106700,245000,7328
2026-08-07T07:41:48Z,220147,77000,77200,16434
2026-08-07T07:41:48Z,220148,9700000,9700000,227
2026-08-07T07:41:48Z,220149,14000,15000,1492
2026-08-07T07:41:48Z,220150,30000,42800,4866
2026-08-07T07:41:48Z,220151,19900,73400,754
2026-08-07T07:41:48Z,220153,3750000,3910000,609
2026-08-07T07:41:48Z,220219,29008400,29008400,2
2026-08-07T07:41:48Z,220220,990005700,990005700,1
2026-08-07T07:41:48Z,220221,100000000,100000000,3
2026-08-07T07:41:48Z,220222,15007700,15007700,3
2026-08-07T07:41:48Z,220223,49007600,49007600,22
2026-08-07T07:41:48Z,220224,250000,250000,23
2026-08-07T07:41:48Z,220225,990003500,990003500,1
2026-08-07T07:41:48Z,220226,320000,320000,10
2026-08-07T07:41:48Z,220227,1009300,1009300,3
2026-08-07T07:41:48Z,220228,290003400,290003400,2
2026-08-07T07:41:48Z,220229,7504400,7504400,8
2026-08-07T07:41:48Z,220230,250000,250000,13
2026-08-07T07:41:48Z,220231,249990000,249990000,6
2026-08-07T07:41:48Z,220232,10000,10000,207
2026-08-07T07:41:48Z,220234,49009900,49009900,22
2026-08-07T07:41:48Z,220235,50000000,50000000,15
2026-08-07T07:41:48Z,220236,2000000,2002900,10
2026-08-07T07:41:48Z,220237,29000000,29000000,3
2026-08-07T07:41:48Z,220238,100001300,100001300,3
2026-08-07T07:41:48Z,220239,290007700,290007700,1
2026-08-07T07:41:48Z,220240,290007600,290007600,2
2026-08-07T07:41:48Z,220241,230009000,230009000,3
2026-08-07T07:41:48Z,220242,12502100,12502100,8
2026-08-07T07:41:48Z,220243,290007100,290007100,4
2026-08-07T07:41:48Z,220244,1007300,1007300,3
2026-08-07T07:41:48Z,220245,290009900,290009900,2
2026-08-07T07:41:48Z,220246,1500000,1500000,5
2026-08-07T07:41:48Z,220247,8400,8400,68
2026-08-07T07:41:48Z,220248,49000000,49000000,26
2026-08-07T07:41:48Z,220249,6900,6900,998
2026-08-07T07:41:48Z,220250,290007600,290007600,1
2026-08-07T07:41:48Z,220251,8200,8300,66
2026-08-07T07:41:48Z,220252,150000,179900,161
2026-08-07T07:41:48Z,220253,6600,6600,53
2026-08-07T07:41:48Z,220254,50000,50700,55
2026-08-07T07:41:48Z,220255,6300,6300,121
2026-08-07T07:41:48Z,220256,10000,10000,36
2026-08-07T07:41:48Z,220257,1009900,9909900,66
2026-08-07T07:41:48Z,220258,118900,9909900,92
2026-08-07T07:41:48Z,220259,900000,1000000,274
2026-08-07T07:41:48Z,220261,180000,180000,89
2026-08-07T07:41:48Z,220262,7000,49007000,29
2026-08-07T07:41:48Z,220263,20000,49800,41
2026-08-07T07:41:48Z,220264,7100,7100,243
2026-08-07T07:41:48Z,220265,290000300,290000300,1
2026-08-07T07:41:48Z,220266,10000,10000,149
2026-08-07T07:41:48Z,220267,9900,9900,156
2026-08-07T07:41:48Z,220268,10000,10000,59
2026-08-07T07:41:48Z,220269,49000000,49000000,23
2026-08-07T07:41:48Z,220270,49009700,49009700,28
2026-08-07T07:41:48Z,220271,10000,10000,102
2026-08-07T07:41:48Z,220272,290000000,290000000,1
2026-08-07T07:41:48Z,220273,15005900,30005900,31
2026-08-07T07:41:48Z,220274,290007600,290007600,2
2026-08-07T07:41:48Z,220275,80000,80000,34
2026-08-07T07:41:48Z,220276,20700,29700,139
2026-08-07T07:41:48Z,220277,18200,18200,488
2026-08-07T07:41:48Z,220278,290000700,290000700,1
2026-08-07T07:41:48Z,220279,30700,49000700,24
2026-08-07T07:41:48Z,220280,20000,20000,40
2026-08-07T07:41:48Z,220281,18700,20000,238
2026-08-07T07:41:48Z,220282,20400,20400,132
2026-08-07T07:41:48Z,220283,50000,50000,26
2026-08-07T07:41:48Z,220285,290007600,290007600,1
2026-08-07T07:41:48Z,220286,290007600,290007600,1
2026-08-07T07:41:48Z,220287,290007600,290007600,1
2026-08-07T07:41:48Z,220288,290001300,290001300,1
2026-08-07T07:41:48Z,220289,20000,20000,49
2026-08-07T07:41:48Z,220290,633800,633800,21
2026-08-07T07:41:48Z,220291,490000,49000000,19
2026-08-07T07:41:48Z,220292,59900,59900,39
2026-08-07T07:41:48Z,220293,49009900,49009900,15
2026-08-07T07:41:48Z,220294,49000400,49000400,14
2026-08-07T07:41:48Z,220295,19900,19900,63
2026-08-07T07:41:48Z,220296,581500,581500,32
2026-08-07T07:41:48Z,220297,19400,19400,162
2026-08-07T07:41:48Z,220298,290007600,290007600,1
2026-08-07T07:41:48Z,220299,20000,20000,32
2026-08-07T07:41:48Z,220300,30500,30500,92
2026-08-07T07:41:48Z,220301,3200000,3200000,158
2026-08-07T07:41:48Z,220302,30000,30000,40
2026-08-07T07:41:48Z,220303,49009900,49009900,19
2026-08-07T07:41:48Z,220355,9800,9800,50
2026-08-07T07:41:48Z,220361,18500,18500,53
2026-08-07T07:41:48Z,220362,32000000,49000000,24
2026-08-07T07:41:48Z,220363,20000000,20000000,5
2026-08-07T07:41:48Z,220380,49007600,49007600,20
2026-08-07T07:41:48Z,220438,5000000,49000000,32
2026-08-07T07:41:48Z,220439,49007600,49007600,10
2026-08-07T07:41:48Z,220440,5500007600,5500007600,1
2026-08-07T07:41:48Z,220441,1500007600,1500007600,1
2026-08-07T07:41:48Z,220442,290007600,290007600,1
2026-08-07T07:41:48Z,220443,290007600,290007600,1
2026-08-07T07:41:48Z,220444,290007600,290007600,1
2026-08-07T07:41:48Z,220445,1500007600,1500007600,1
2026-08-07T07:41:48Z,220447,290009900,290009900,2
2026-08-07T07:41:48Z,220448,990007600,990007600,1
2026-08-07T07:41:48Z,220484,290007600,290007600,1
2026-08-07T07:41:48Z,220486,1500007600,1500007600,1
2026-08-07T07:41:48Z,220491,49007600,49007600,21
2026-08-07T07:41:48Z,220509,5004600,6584600,45
2026-08-07T07:41:48Z,221550,49000100,49000100,19
2026-08-07T07:41:48Z,221754,20000,129900,9665
2026-08-07T07:41:48Z,221756,20000,23200,6481
2026-08-07T07:41:48Z,221757,20000,21200,4992
2026-08-07T07:41:48Z,221758,40000,239900,4340
2026-08-07T07:41:48Z,221763,17800,20100,6816
2026-08-07T07:41:48Z,221853,199900,202200,5734
2026-08-07T07:41:48Z,221854,200000,200000,1384
2026-08-07T07:41:48Z,221855,520000,520000,537
2026-08-07T07:41:48Z,221856,370000,370000,397
2026-08-07T07:41:48Z,221857,299500,300000,741
2026-08-07T07:41:48Z,221858,1099400,1099400,365
2026-08-07T07:41:48Z,221859,399500,400000,975
2026-08-07T07:41:48Z,221860,427400,427500,1200
2026-08-07T07:41:48Z,221861,593300,593500,30
2026-08-07T07:41:48Z,221862,220000,220000,65
2026-08-07T07:41:48Z,221863,400000,400000,268
2026-08-07T07:41:48Z,221864,798500,798500,348
2026-08-07T07:41:48Z,221865,593600,593600,42
2026-08-07T07:41:48Z,221866,597500,597800,188
2026-08-07T07:41:48Z,221867,1499500,1499900,317
2026-08-07T07:41:48Z,221868,578100,578100,717
2026-08-07T07:41:48Z,221869,405000,405000,505
2026-08-07T07:41:48Z,221870,4499700,4499700,374
2026-08-07T07:41:48Z,221872,483900,490000,717
2026-08-07T07:41:48Z,221873,2500000,2500000,141
2026-08-07T07:41:48Z,221874,4563600,4563600,174
2026-08-07T07:41:48Z,221876,64300,64300,203
2026-08-07T07:41:48Z,221877,40000,40000,164
2026-08-07T07:41:48Z,221878,775900,775900,84
2026-08-07T07:41:48Z,221880,68000,68000,311
2026-08-07T07:41:48Z,221881,90000,93200,72
2026-08-07T07:41:48Z,221882,460000,469500,70
2026-08-07T07:41:48Z,221904,760000,780000,87
2026-08-07T07:41:48Z,221905,755000,755000,10
2026-08-07T07:41:48Z,221906,199009900,199009900,4
2026-08-07T07:41:48Z,221908,601400,601400,122
2026-08-07T07:41:48Z,221909,609900,609900,28
2026-08-07T07:41:48Z,221910,20009500,20009500,31
2026-08-07T07:41:48Z,221911,99600,99600,25
2026-08-07T07:41:48Z,221912,99900,302700,22
2026-08-07T07:41:48Z,221913,49996500,49996500,11
2026-08-07T07:41:48Z,221914,6490300,6500000,54
2026-08-07T07:41:48Z,221915,970200,975200,21
2026-08-07T07:41:48Z,221916,6596400,49990600,18
2026-08-07T07:41:48Z,221917,5999900,5999900,52
2026-08-07T07:41:48Z,221918,150000,99996900,14
2026-08-07T07:41:48Z,221919,26250000,26250000,12
2026-08-07T07:41:48Z,221920,15009800,15009800,34
2026-08-07T07:41:48Z,221921,750000,750000,18
2026-08-07T07:41:48Z,221922,45005200,45005200,10
2026-08-07T07:41:48Z,221923,384900,384900,7
2026-08-07T07:41:48Z,221924,679000,679000,4
2026-08-07T07:41:48Z,221925,44380000,44380000,45
2026-08-07T07:41:48Z,221926,401600,401600,16
2026-08-07T07:41:48Z,221927,450000,2039900,7
2026-08-07T07:41:48Z,221928,4234900,4234900,11
2026-08-07T07:41:48Z,221932,371100,371100,19
2026-08-07T07:41:48Z,221933,400000,400000,10
2026-08-07T07:41:48Z,221934,8880400,8880400,16
2026-08-07T07:41:48Z,221935,559900,560000,22
2026-08-07T07:41:48Z,221936,15000000,15000000,6
2026-08-07T07:41:48Z,221937,7000000,7012300,9
2026-08-07T07:41:48Z,221938,499300,499400,13
2026-08-07T07:41:48Z,221939,1500000,1500000,15
2026-08-07T07:41:48Z,221940,2747900,2747900,6
2026-08-07T07:41:48Z,221941,622400,622400,11
2026-08-07T07:41:48Z,221942,6990300,6990300,8
2026-08-07T07:41:48Z,221943,1890000,1890000,7
2026-08-07T07:41:48Z,221949,195500,195600,66
2026-08-07T07:41:48Z,221953,994500,994500,203
2026-08-07T07:41:48Z,221954,1308500,1308500,170
2026-08-07T07:41:48Z,221955,4000000,4000000,140
2026-08-07T07:41:48Z,221959,885100,1106500,265
2026-08-07T07:41:48Z,222417,700000,705000,481
2026-08-07T07:41:48Z,222418,693000,693000,254
2026-08-07T07:41:48Z,222419,1500000,1500000,3285
2026-08-07T07:41:48Z,222420,1577300,1578400,80
2026-08-07T07:41:48Z,222421,1489600,1489600,46
2026-08-07T07:41:48Z,222422,1803200,1803200,120
2026-08-07T07:41:48Z,222423,850000,850000,496
2026-08-07T07:41:48Z,222424,699500,700000,139
2026-08-07T07:41:48Z,222425,1130000,1150000,509
2026-08-07T07:41:48Z,222426,1553900,1553900,145
2026-08-07T07:41:48Z,222427,1249300,1249500,287
2026-08-07T07:41:48Z,222428,2220000,2220000,228
2026-08-07T07:41:48Z,222499,23200,23200,168
2026-08-07T07:41:48Z,222500,535200,535200,110
2026-08-07T07:41:48Z,222501,2589800,2589800,125
2026-08-07T07:41:48Z,222502,157700,157700,71
2026-08-07T07:41:48Z,222503,41000,41000,1015
2026-08-07T07:41:48Z,222504,36800,36800,536
2026-08-07T07:41:48Z,222505,1777700,1777700,38
2026-08-07T07:41:48Z,222506,1777600,1777600,52
2026-08-07T07:41:48Z,222507,2009600,2209600,124
2026-08-07T07:41:48Z,222508,35500,35500,168
2026-08-07T07:41:48Z,222509,38000,38000,260
2026-08-07T07:41:48Z,222510,35100,35100,74
2026-08-07T07:41:48Z,222511,149900,149900,45
2026-08-07T07:41:48Z,222512,775300,775300,362
2026-08-07T07:41:48Z,222513,1080200,1080200,92
2026-08-07T07:41:48Z,222514,297300,297400,65
2026-08-07T07:41:48Z,222515,355600,355800,70
2026-08-07T07:41:48Z,222516,2509900,2509900,248
2026-08-07T07:41:48Z,222520,380000,380000,138
2026-08-07T07:41:48Z,222523,1240000,1240000,82
2026-08-07T07:41:48Z,222533,14500,47500,515
2026-08-07T07:41:48Z,222555,119900,120000,407
2026-08-07T07:41:48Z,222556,191000,191000,721
2026-08-07T07:41:48Z,222557,293000,293100,282
2026-08-07T07:41:48Z,222558,719900,720000,452
2026-08-07T07:41:48Z,222559,584900,589600,696
2026-08-07T07:41:48Z,222560,1009800,1009800,120
2026-08-07T07:41:48Z,222579,1979900,3434500,113
2026-08-07T07:41:48Z,222580,3008500,3008500,169
2026-08-07T07:41:48Z,222581,3000000,3000000,48
2026-08-07T07:41:48Z,222582,390100,3434500,62
2026-08-07T07:41:48Z,222583,2971000,2971000,450
2026-08-07T07:41:48Z,222584,2197300,2197300,49
2026-08-07T07:41:48Z,222585,109700,109700,35
2026-08-07T07:41:48Z,222586,1800000,1800000,305
2026-08-07T07:41:48Z,222587,1009900,2229900,136
2026-08-07T07:41:48Z,222588,220000,500000,199
2026-08-07T07:41:48Z,222589,500100,500100,55
2026-08-07T07:41:48Z,222590,2900000,3000000,50
2026-08-07T07:41:48Z,222591,250000,250000,256
2026-08-07T07:41:48Z,222592,74262000,74262000,263
2026-08-07T07:41:48Z,222593,1502500,1502500,115
2026-08-07T07:41:48Z,222594,149800,149800,43
2026-08-07T07:41:48Z,222595,18485500,18485500,87
2026-08-07T07:41:48Z,222596,2229900,2229900,144
2026-08-07T07:41:48Z,222597,29990000,29990000,10
2026-08-07T07:41:48Z,222598,3999900,3999900,36
2026-08-07T07:41:48Z,222599,2880000,2880000,9
2026-08-07T07:41:48Z,222600,1750000,1750000,15
2026-08-07T07:41:48Z,222601,1521200,1521200,32
2026-08-07T07:41:48Z,222602,3009900,3009900,10
2026-08-07T07:41:48Z,222603,1900000,1900000,31
2026-08-07T07:41:48Z,222604,3999900,3999900,46
2026-08-07T07:41:48Z,222605,1998500,1999000,21
2026-08-07T07:41:48Z,222606,680000,680000,50
2026-08-07T07:41:48Z,222607,9987500,9987500,61
2026-08-07T07:41:48Z,222608,39900800,39900800,18
2026-08-07T07:41:48Z,222609,90000,90000,599
2026-08-07T07:41:48Z,222610,94900,125000,1126
2026-08-07T07:41:48Z,222611,999900,999900,130
2026-08-07T07:41:48Z,222612,34900,34900,3740
2026-08-07T07:41:48Z,222613,39900,39900,2295
2026-08-07T07:41:48Z,222614,186000,187900,650
2026-08-07T07:41:48Z,222615,499900,509700,601
2026-08-07T07:41:48Z,222616,494700,494700,1836
2026-08-07T07:41:48Z,222617,3590000,3590000,89
2026-08-07T07:41:48Z,222618,25000,29200,12328
2026-08-07T07:41:48Z,222619,30000,30000,8384
2026-08-07T07:41:48Z,222620,50000,50000,1173
2026-08-07T07:41:48Z,222626,199900000,499999900,12
2026-08-07T07:41:48Z,222627,1996500,2366500,50
2026-08-07T07:41:48Z,222628,950000,950000,25
2026-08-07T07:41:48Z,222629,750000,750000,221
2026-08-07T07:41:48Z,222630,2199800,2200000,62
2026-08-07T07:41:48Z,222631,1919800,1919800,59
2026-08-07T07:41:48Z,222632,7428600,499999900,14
2026-08-07T07:41:48Z,222633,498300,498300,15
2026-08-07T07:41:48Z,222634,1886500,1886500,121
2026-08-07T07:41:48Z,222635,900000,900000,14
2026-08-07T07:41:48Z,222636,4969500,4969500,94
2026-08-07T07:41:48Z,222637,199999800,199999800,12
2026-08-07T07:41:48Z,222638,9999900,9999900,218
2026-08-07T07:41:48Z,222639,4998000,4998000,95
2026-08-07T07:41:48Z,222640,2206500,199009500,10
2026-08-07T07:41:48Z,222641,4999900,6979000,19
2026-08-07T07:41:48Z,222642,1068300,1068300,62
2026-08-07T07:41:48Z,222643,2999700,2999700,25
2026-08-07T07:41:48Z,222644,44440000,44440000,219
2026-08-07T07:41:48Z,222645,13462400,13462400,189
2026-08-07T07:41:48Z,222646,2990000,2990000,44
2026-08-07T07:41:48Z,222654,700000,700000,150
2026-08-07T07:41:48Z,222655,88900,88900,236
2026-08-07T07:41:48Z,222656,95000,95000,214
2026-08-07T07:41:48Z,222657,111700,111700,243
2026-08-07T07:41:48Z,222658,107000,107700,167
2026-08-07T07:41:48Z,222659,100000,100000,223
2026-08-07T07:41:48Z,222660,90000,90000,289
2026-08-07T07:41:48Z,222661,79100,79100,225
2026-08-07T07:41:48Z,222663,100000,100000,70
2026-08-07T07:41:48Z,222664,94400,94400,122
2026-08-07T07:41:48Z,222665,100700,100700,133
2026-08-07T07:41:48Z,222666,100000,102500,128
2026-08-07T07:41:48Z,222667,100800,100800,108
2026-08-07T07:41:48Z,222668,90000,90000,74
2026-08-07T07:41:48Z,222669,99000,99000,62
2026-08-07T07:41:48Z,222670,109700,109700,69
2026-08-07T07:41:48Z,222672,120000,120000,203
2026-08-07T07:41:48Z,222673,190400,560700,195
2026-08-07T07:41:48Z,222674,90000,90000,264
2026-08-07T07:41:48Z,222675,94000,94000,250
2026-08-07T07:41:48Z,222676,79800,79800,239
2026-08-07T07:41:48Z,222677,80000,80000,219
2026-08-07T07:41:48Z,222678,109900,109900,351
2026-08-07T07:41:48Z,222679,80000,80000,236
2026-08-07T07:41:48Z,222681,197990100,499999900,11
2026-08-07T07:41:48Z,222682,150000,240000,106
2026-08-07T07:41:48Z,222683,150000,150000,100
2026-08-07T07:41:48Z,222684,150000,150000,94
2026-08-07T07:41:48Z,222685,550000,550000,100
2026-08-07T07:41:48Z,222686,150000,150000,128
2026-08-07T07:41:48Z,222687,150000,479900,90
2026-08-07T07:41:48Z,222688,150000,559900,99
2026-08-07T07:41:48Z,222695,1000,1000,14818
2026-08-07T07:41:48Z,222696,300,300,10266
2026-08-07T07:41:48Z,222697,200,200,12024
2026-08-07T07:41:48Z,222699,400,400,9751
2026-08-07T07:41:48Z,222700,1100,1100,11575
2026-08-07T07:41:48Z,222701,300,300,2956
2026-08-07T07:41:48Z,222702,248700,248700,318
2026-08-07T07:41:48Z,222703,6200,21000,1228
2026-08-07T07:41:48Z,222704,800,800,321
2026-08-07T07:41:48Z,222705,97100,98000,281
2026-08-07T07:41:48Z,222706,120100,120100,155
2026-08-07T07:41:48Z,222707,17700,17700,156
2026-08-07T07:41:48Z,222708,69700,69700,409
2026-08-07T07:41:48Z,222709,248200,248200,65
2026-08-07T07:41:48Z,222710,5800,5800,714
2026-08-07T07:41:48Z,222711,9800,9800,258
2026-08-07T07:41:48Z,222712,7800,7800,523
2026-08-07T07:41:48Z,222713,27300,27300,164
2026-08-07T07:41:48Z,222714,19600,19600,139
2026-08-07T07:41:48Z,222715,59400,59400,60
2026-08-07T07:41:48Z,222716,245500,245500,295
2026-08-07T07:41:48Z,222717,190000,250000,876
2026-08-07T07:41:48Z,222718,8400,8400,135
2026-08-07T07:41:48Z,222719,28000,28000,52
2026-08-07T07:41:48Z,222720,142500,148500,232
2026-08-07T07:41:48Z,222721,100000,100000,65
2026-08-07T07:41:48Z,222722,103100,103100,376
2026-08-07T07:41:48Z,222723,89900,95000,458
2026-08-07T07:41:48Z,222724,9800,9800,273
2026-08-07T07:41:48Z,222725,19000,50000,188
2026-08-07T07:41:48Z,222726,9000,9000,1054
2026-08-07T07:41:48Z,222727,51900,111900,104
2026-08-07T07:41:48Z,222728,66700,66700,2654
2026-08-07T07:41:48Z,222729,45500,45500,705
2026-08-07T07:41:48Z,222730,494400,1134400,372
2026-08-07T07:41:48Z,222731,800000,800000,1897
2026-08-07T07:41:48Z,222732,1670000,1670000,170
2026-08-07T07:41:48Z,222733,288800,288800,359
2026-08-07T07:41:48Z,222735,9900,9900,278
2026-08-07T07:41:48Z,222736,60000,61000,3364
2026-08-07T07:41:48Z,222737,81000,81000,3522
2026-08-07T07:41:48Z,222738,1900,1900,58365
2026-08-07T07:41:48Z,222739,12200,199900,1331
2026-08-07T07:41:48Z,222741,51400,58000,17554
2026-08-07T07:41:48Z,222744,16500,16500,468
2026-08-07T07:41:48Z,222745,71800,71900,927
2026-08-07T07:41:48Z,222747,800000,800000,241
2026-08-07T07:41:48Z,222748,2138900,2138900,104
2026-08-07T07:41:48Z,222749,161300,9999500,42
2026-08-07T07:41:48Z,222784,455000,455000,699
2026-08-07T07:41:48Z,222789,1040000,1050000,292
2026-08-07T07:41:48Z,222790,989900,989900,2062
2026-08-07T07:41:48Z,222791,1230000,1239300,813
2026-08-07T07:41:48Z,222792,271300,271300,910
2026-08-07T07:41:48Z,222793,499900,499900,8537
2026-08-07T07:41:48Z,222794,279900,279900,1533
2026-08-07T07:41:48Z,222795,29100,29100,11916
2026-08-07T07:41:48Z,222796,34000,37200,54316
2026-08-07T07:41:48Z,222797,50000,53300,3733
2026-08-07T07:41:48Z,222798,3915800,39900000,27
2026-08-07T07:41:48Z,222799,1959600,1959600,337
2026-08-07T07:41:48Z,222800,2380000,2380000,385
2026-08-07T07:41:48Z,222801,9399800,9399800,192
2026-08-07T07:41:48Z,222802,1509000,1509000,268
2026-08-07T07:41:48Z,222803,1500000,1500000,1097
2026-08-07T07:41:48Z,222804,120000,138900,27417
2026-08-07T07:41:48Z,222805,133600,147000,31482
2026-08-07T07:41:48Z,222806,136700,144000,28524
2026-08-07T07:41:48Z,222868,112900,112900,485
2026-08-07T07:41:48Z,222869,179900,179900,66
2026-08-07T07:41:48Z,222870,201000,201000,66
2026-08-07T07:41:48Z,222871,169700,169900,61
2026-08-07T07:41:48Z,222872,170000,170000,47
2026-08-07T07:41:48Z,222873,4425800,4425800,40
2026-08-07T07:41:48Z,222876,59000,79600,111
2026-08-07T07:41:48Z,222877,235300,235300,125
2026-08-07T07:41:48Z,222878,241400,241400,242
2026-08-07T07:41:48Z,222879,49900,49900,73
2026-08-07T07:41:48Z,222880,94900,287600,246
2026-08-07T07:41:48Z,222881,228300,228300,232
2026-08-07T07:41:48Z,222882,14000,16300,936
2026-08-07T07:41:48Z,222883,143200,143200,419
2026-08-07T07:41:48Z,222884,205900,9996600,46
2026-08-07T07:41:48Z,222885,100000,100000,105
2026-08-07T07:41:48Z,222886,178400,180000,250
2026-08-07T07:41:48Z,222887,460300,460300,89
2026-08-07T07:41:48Z,222888,550000,550000,33
2026-08-07T07:41:48Z,222889,657500,657500,28
2026-08-07T07:41:48Z,222890,7515800,7515800,41
2026-08-07T07:41:48Z,222891,1250000,1250000,36
2026-08-07T07:41:48Z,222892,5730000,15002400,17
2026-08-07T07:41:48Z,222893,1230700,1970100,118
2026-08-07T07:41:48Z,222894,6000000,6000000,80
2026-08-07T07:41:48Z,222895,509900,509900,10
2026-08-07T07:41:48Z,222896,1128900,1152000,48
2026-08-07T07:41:48Z,222906,5000000,5000000,19
2026-08-07T07:41:48Z,223512,1100,9900,456842
2026-08-07T07:41:48Z,223618,5008300,6008300,18
2026-08-07T07:41:48Z,223649,2670000,2670000,20
2026-08-07T07:41:48Z,223650,2500000,2500000,12
2026-08-07T07:41:48Z,223651,45525900,45525900,32
2026-08-07T07:41:48Z,223652,2750000,7123800,110
2026-08-07T07:41:48Z,223653,3300000,3300000,75
2026-08-07T07:41:48Z,223654,7000000,7000000,16
2026-08-07T07:41:48Z,223655,1784000,1784000,21
2026-08-07T07:41:48Z,223656,3000000,5906400,36
2026-08-07T07:41:48Z,223657,191600,251700,104
2026-08-07T07:41:48Z,223658,700800,880800,57
2026-08-07T07:41:48Z,223659,779900,779900,205
2026-08-07T07:41:48Z,223660,4456300,4456300,59
2026-08-07T07:41:48Z,223661,2550000,2550000,92
2026-08-07T07:41:48Z,223662,8464500,11939300,17
2026-08-07T07:41:48Z,223663,449800,450000,358
2026-08-07T07:41:48Z,223664,825000,825000,60
2026-08-07T07:41:48Z,223665,1089900,1100000,47
2026-08-07T07:41:48Z,223666,50000,50000,71
2026-08-07T07:41:48Z,223667,105000,528800,108
2026-08-07T07:41:48Z,223668,2500000,3339700,64
2026-08-07T07:41:48Z,223669,50000,50000,89
2026-08-07T07:41:48Z,223670,189700,189900,78
2026-08-07T07:41:48Z,223671,179900,179900,39
2026-08-07T07:41:48Z,223672,3002600,3002600,49
2026-08-07T07:41:48Z,223673,1750000,1750000,32
2026-08-07T07:41:48Z,223674,4000000,5991000,109
2026-08-07T07:41:48Z,223675,700000,4456300,63
2026-08-07T07:41:48Z,223676,4000500,4000600,38
2026-08-07T07:41:48Z,223677,4559800,5559800,40
2026-08-07T07:41:48Z,223678,750000,750000,18
2026-08-07T07:41:48Z,223679,3512600,3512600,45
2026-08-07T07:41:48Z,223680,5502900,5502900,16
2026-08-07T07:41:48Z,223681,28101100,28101100,7
2026-08-07T07:41:48Z,223682,149254100,149254100,10
2026-08-07T07:41:48Z,223683,11000000,11000000,12
2026-08-07T07:41:48Z,223684,2400000,2400000,22
2026-08-07T07:41:48Z,223685,17934500,17934700,27
2026-08-07T07:41:48Z,223686,3459500,4009500,40
2026-08-07T07:41:48Z,223687,199981500,199981500,4
2026-08-07T07:41:48Z,223688,12220000,12220000,13
2026-08-07T07:41:48Z,223689,49000000,49000000,12
2026-08-07T07:41:48Z,223690,7009400,7009400,25
2026-08-07T07:41:48Z,223691,9120200,9120200,26
2026-08-07T07:41:48Z,223692,6000000,6770000,74
2026-08-07T07:41:48Z,223693,5510600,5510600,10
2026-08-07T07:41:48Z,223694,3374900,3374900,19
2026-08-07T07:41:48Z,223695,4500000,4500000,13
2026-08-07T07:41:48Z,223696,5752500,5752500,5
2026-08-07T07:41:48Z,223697,3003000,3003000,6
2026-08-07T07:41:48Z,223698,5387000,5387000,10
2026-08-07T07:41:48Z,223699,4009500,4009500,22
2026-08-07T07:41:48Z,223700,3004000,3094000,21
2026-08-07T07:41:48Z,223701,4400000,4400000,55
2026-08-07T07:41:48Z,223702,34950000,34950000,13
2026-08-07T07:41:48Z,223703,9509200,9509200,20
2026-08-07T07:41:48Z,223704,6424600,6424600,58
2026-08-07T07:41:48Z,223705,3339000,4449100,13
2026-08-07T07:41:48Z,223706,2567600,2567600,39
2026-08-07T07:41:48Z,223707,4954800,5004800,16
2026-08-07T07:41:48Z,223708,55300,55500,68
2026-08-07T07:41:48Z,223709,110000,784400,50
2026-08-07T07:41:48Z,223710,200000,220000,32
2026-08-07T07:41:48Z,223711,9950000,9950000,12
2026-08-07T07:41:48Z,223712,39488800,39488800,36
2026-08-07T07:41:48Z,223713,3600000,3650000,34
2026-08-07T07:41:48Z,223714,58900,58900,320
2026-08-07T07:41:48Z,223715,88300,89100,65
2026-08-07T07:41:48Z,223716,757900,757900,112
2026-08-07T07:41:48Z,223717,39750000,39750000,10
2026-08-07T07:41:48Z,223718,3800000,3800000,22
2026-08-07T07:41:48Z,223719,5000000,5000000,23
2026-08-07T07:41:48Z,223720,54500,54500,98
2026-08-07T07:41:48Z,223721,240000,994400,49
2026-08-07T07:41:48Z,223722,450000,450000,24
2026-08-07T07:41:48Z,223723,1490000,1490000,33
2026-08-07T07:41:48Z,223724,5290000,5290000,26
2026-08-07T07:41:48Z,223725,7905500,8305500,34
2026-08-07T07:41:48Z,223726,52100,72100,57
2026-08-07T07:41:48Z,223727,106800,106800,113
2026-08-07T07:41:48Z,223728,999800,999800,57
2026-08-07T07:41:48Z,223729,9990000,12000000,44
2026-08-07T07:41:48Z,223730,1980000,1980000,33
2026-08-07T07:41:48Z,223731,6375000,7800000,36
2026-08-07T07:41:48Z,223732,78300,78300,38
2026-08-07T07:41:48Z,223733,459700,994400,36
2026-08-07T07:41:48Z,223734,700000,700000,126
2026-08-07T07:41:48Z,223735,180009700,180009700,9
2026-08-07T07:41:48Z,223736,159989400,159989400,18
2026-08-07T07:41:48Z,223737,7850000,7850000,24
2026-08-07T07:41:48Z,223738,180000,204500,24
2026-08-07T07:41:48Z,223739,1990000,1998900,24
2026-08-07T07:41:48Z,223740,1009800,1009800,92
2026-08-07T07:41:48Z,223741,150200,150200,51
2026-08-07T07:41:48Z,223742,150200,150200,52
2026-08-07T07:41:48Z,223743,150200,150200,50
2026-08-07T07:41:48Z,223744,150200,150200,51
2026-08-07T07:41:48Z,223745,641300,641300,35
2026-08-07T07:41:48Z,223746,237400,239900,40
2026-08-07T07:41:48Z,223747,4489900,4550000,33
2026-08-07T07:41:48Z,223748,39989200,39989200,12
2026-08-07T07:41:48Z,223749,34000000,34000000,46
2026-08-07T07:41:48Z,223750,99999900,199990900,10
2026-08-07T07:41:48Z,223751,54700,55300,69
2026-08-07T07:41:48Z,223752,491800,491800,291
2026-08-07T07:41:48Z,223753,39888800,39900000,66
2026-08-07T07:41:48Z,223754,199989900,199989900,8
2026-08-07T07:41:48Z,223755,1700000,1700000,148
2026-08-07T07:41:48Z,223756,26466600,26466600,20
2026-08-07T07:41:48Z,223757,1655000,1672700,110
2026-08-07T07:41:48Z,223758,10885900,10885900,45
2026-08-07T07:41:48Z,223759,4750000,4750000,14
2026-08-07T07:41:48Z,223760,490000,499900,26
2026-08-07T07:41:48Z,223761,7120000,7129900,64
2026-08-07T07:41:48Z,223762,6983100,6985500,112
2026-08-07T07:41:48Z,223763,1110000,1700000,50
2026-08-07T07:41:48Z,223764,7500000,7500000,62
2026-08-07T07:41:48Z,223765,6503900,6503900,84
2026-08-07T07:41:48Z,223766,124200,124300,210
2026-08-07T07:41:48Z,223767,2459800,2500000,35
2026-08-07T07:41:48Z,223768,4699900,4733300,75
2026-08-07T07:41:48Z,223770,4920300,4920400,19
2026-08-07T07:41:48Z,223771,17290400,17290400,21
2026-08-07T07:41:48Z,223772,6500000,6500000,11
2026-08-07T07:41:48Z,223773,1121400,1121400,90
2026-08-07T07:41:48Z,223774,3895100,3895100,5
2026-08-07T07:41:48Z,223775,8000000,8000000,7
2026-08-07T07:41:48Z,223776,39900000,39900000,23
2026-08-07T07:41:48Z,223777,1450000,1450000,16
2026-08-07T07:41:48Z,223778,5007700,5007700,11
2026-08-07T07:41:48Z,223779,3990000,3990000,3
2026-08-07T07:41:48Z,223780,14999900,14999900,25
2026-08-07T07:41:48Z,223781,15007700,15007700,39
2026-08-07T07:41:48Z,223782,2990000,2990000,22
2026-08-07T07:41:48Z,223783,199003000,199003000,32
2026-08-07T07:41:48Z,223784,8389800,8390000,43
2026-08-07T07:41:48Z,223785,1149700,1149800,12
2026-08-07T07:41:48Z,223786,3310000,3310000,39
2026-08-07T07:41:48Z,223787,28000000,28000000,30
2026-08-07T07:41:48Z,223788,19999900,20000000,20
2026-08-07T07:41:48Z,223789,5000000,5000000,26
2026-08-07T07:41:48Z,223790,11110000,19990000,7
2026-08-07T07:41:48Z,223791,39993700,39993700,10
2026-08-07T07:41:48Z,223792,2996400,2996500,31
2026-08-07T07:41:48Z,223793,22225000,22225000,21
2026-08-07T07:41:48Z,223794,39650000,39650000,9
2026-08-07T07:41:48Z,223795,2000000,2000000,16
2026-08-07T07:41:48Z,223796,5959500,5959500,9
2026-08-07T07:41:48Z,223798,164138100,164138100,10
2026-08-07T07:41:48Z,223799,199899900,199899900,6
2026-08-07T07:41:48Z,223800,24750000,24750000,12
2026-08-07T07:41:48Z,223893,50000,50000,92
2026-08-07T07:41:48Z,223897,290006900,290006900,1
2026-08-07T07:41:48Z,223898,650000,659900,30
2026-08-07T07:41:48Z,223899,28008800,28008800,6
2026-08-07T07:41:48Z,223900,48990000,48990000,21
2026-08-07T07:41:48Z,223967,4800000,4800000,388
2026-08-07T07:41:48Z,223968,407000,407000,313
2026-08-07T07:41:48Z,223969,207700,207700,196
2026-08-07T07:41:48Z,223970,590000,590000,192
2026-08-07T07:41:48Z,223971,257400,264700,1078
2026-08-07T07:41:48Z,223972,499800,499800,726
2026-08-07T07:41:48Z,223973,399900,399900,228
2026-08-07T07:41:48Z,223974,176800,176800,301
2026-08-07T07:41:48Z,223975,499900,499900,558
2026-08-07T07:41:48Z,223976,449900,449900,551
2026-08-07T07:41:48Z,223977,11700,22000,2588
2026-08-07T07:41:48Z,223979,349800,5054100,45
2026-08-07T07:41:48Z,224105,27600,27600,482
2026-08-07T07:41:48Z,224106,27600,27600,708
2026-08-07T07:41:48Z,224107,29900,39600,4152
2026-08-07T07:41:48Z,224108,3164000,3164000,85
2026-08-07T07:41:48Z,224109,504000,504000,154
2026-08-07T07:41:48Z,224110,1000000,1000000,104
2026-08-07T07:41:48Z,224111,49700,49700,382
2026-08-07T07:41:48Z,224112,90000,90000,278
2026-08-07T07:41:48Z,224113,73000,73000,300
2026-08-07T07:41:48Z,224153,200009900,200009900,4
2026-08-07T07:41:48Z,224154,251600,251600,6
2026-08-07T07:41:48Z,224155,2500000,2500000,16
2026-08-07T07:41:48Z,224173,902100,902200,75
2026-08-07T07:41:48Z,224174,440000,440000,48
2026-08-07T07:41:48Z,224175,706700,706700,36
2026-08-07T07:41:48Z,224176,1150000,1170000,669
2026-08-07T07:41:48Z,224177,775000,775000,578
2026-08-07T07:41:48Z,224178,378900,379500,225
2026-08-07T07:41:48Z,224300,60000,60000,85
2026-08-07T07:41:48Z,224301,59800,837700,55
2026-08-07T07:41:48Z,224302,79900,79900,39
2026-08-07T07:41:48Z,224303,230100,237500,56
2026-08-07T07:41:48Z,224304,39906600,39906600,7
2026-08-07T07:41:48Z,224305,220000,220000,61
2026-08-07T07:41:48Z,224306,58800,864500,77
2026-08-07T07:41:48Z,224307,3342200,3342200,75
2026-08-07T07:41:48Z,224308,60000,837700,67
2026-08-07T07:41:48Z,224309,110000,864500,93
2026-08-07T07:41:48Z,224310,59800,864500,77
2026-08-07T07:41:48Z,224311,249900,837700,61
2026-08-07T07:41:48Z,224312,50000,864500,67
2026-08-07T07:41:48Z,224313,66400,864500,72
2026-08-07T07:41:48Z,224314,666400,864500,96
2026-08-07T07:41:48Z,224315,57800,57800,329
2026-08-07T07:41:48Z,224316,45400,45400,35
2026-08-07T07:41:48Z,224317,50000,864500,67
2026-08-07T07:41:48Z,224318,51800,51900,239
2026-08-07T07:41:48Z,224319,2045400,2549400,61
2026-08-07T07:41:48Z,224320,109700,109800,107
2026-08-07T07:41:48Z,224321,990000,1000000,24
2026-08-07T07:41:48Z,224322,51700,864500,86
2026-08-07T07:41:48Z,224323,2905500,2965900,80
2026-08-07T07:41:48Z,224324,777800,777800,84
2026-08-07T07:41:48Z,224325,700000,700000,109
2026-08-07T07:41:48Z,224326,450000,450000,117
2026-08-07T07:41:48Z,224327,5352300,5352300,78
2026-08-07T07:41:48Z,224328,880900,880900,17
2026-08-07T07:41:48Z,224329,900000,900000,43
2026-08-07T07:41:48Z,224330,504900,776300,27
2026-08-07T07:41:48Z,224331,64500,182100,56
2026-08-07T07:41:48Z,224332,1145700,1145700,60
2026-08-07T07:41:48Z,224333,724500,848600,142
2026-08-07T07:41:48Z,224334,129900,129900,125
2026-08-07T07:41:48Z,224335,219800,220000,113
2026-08-07T07:41:48Z,224336,721000,721000,52
2026-08-07T07:41:48Z,224337,777800,777800,97
2026-08-07T07:41:48Z,224338,251000,251000,134
2026-08-07T07:41:48Z,224339,500300,875500,47
2026-08-07T07:41:48Z,224340,721300,721300,55
2026-08-07T07:41:48Z,224341,724900,724900,112
2026-08-07T07:41:48Z,224342,489200,489200,113
2026-08-07T07:41:48Z,224343,16700000,16700000,87
2026-08-07T07:41:48Z,224344,220000,220000,97
2026-08-07T07:41:48Z,224345,777800,777800,18
2026-08-07T07:41:48Z,224346,176000,176000,97
2026-08-07T07:41:48Z,224347,450000,450000,142
2026-08-07T07:41:48Z,224348,2940900,2940900,297
2026-08-07T07:41:48Z,224349,6669900,6669900,196
2026-08-07T07:41:48Z,224350,3910500,3910500,290
2026-08-07T07:41:48Z,224351,3950000,3950000,180
2026-08-07T07:41:48Z,224352,6660000,6660000,359
2026-08-07T07:41:48Z,224353,2462500,2462500,85
2026-08-07T07:41:48Z,224354,6660000,6660000,315
2026-08-07T07:41:48Z,224355,19999900,19999900,25
2026-08-07T07:41:48Z,224356,4523700,4523700,110
2026-08-07T07:41:48Z,224357,15081700,15081700,29
2026-08-07T07:41:48Z,224358,3126400,3126400,13
2026-08-07T07:41:48Z,224359,6669900,6669900,66
2026-08-07T07:41:48Z,224360,5663700,5663700,310
2026-08-07T07:41:48Z,224361,3950000,3950000,114
2026-08-07T07:41:48Z,224362,2163400,2163400,156
2026-08-07T07:41:48Z,224363,39904000,39904000,13
2026-08-07T07:41:48Z,224364,2000000,2000000,34
2026-08-07T07:41:48Z,224365,49908700,49908700,86
2026-08-07T07:41:48Z,224366,3950000,3950000,21
2026-08-07T07:41:48Z,224367,2714100,2714100,615
2026-08-07T07:41:48Z,224368,2281500,2281500,17
2026-08-07T07:41:48Z,224369,3026700,3026700,56
2026-08-07T07:41:48Z,224370,6665000,6665000,118
2026-08-07T07:41:48Z,224371,6660000,6660000,359
2026-08-07T07:41:48Z,224440,19000,19000,293
2026-08-07T07:41:48Z,224441,7500,7500,245
2026-08-07T07:41:48Z,224442,9900000,9900000,25
2026-08-07T07:41:48Z,224572,1089900,1099700,517
2026-08-07T07:41:48Z,224762,1106900,9905400,46
2026-08-07T07:41:48Z,224764,700,800,118583
2026-08-07T07:41:48Z,224800,99700,99700,743
2026-08-07T07:41:48Z,224801,59700,59800,3720
2026-08-07T07:41:48Z,224802,59800,59800,2370
2026-08-07T07:41:48Z,224803,99900,99900,1531
2026-08-07T07:41:48Z,224804,9000,9200,2713
2026-08-07T07:41:48Z,224805,6500,6500,6971
2026-08-07T07:41:48Z,224824,856000,936000,897
2026-08-07T07:41:48Z,224826,249600,249900,1983
2026-08-07T07:41:48Z,224828,78300,80000,19120
2026-08-07T07:41:48Z,224832,400000,410100,1875
2026-08-07T07:41:48Z,224833,249900,250000,2804
2026-08-07T07:41:48Z,224834,350000,549900,1410
2026-08-07T07:41:48Z,225241,10000,15000,131
2026-08-07T07:41:48Z,225242,11100,11100,58
2026-08-07T07:41:48Z,225253,9990000,9990000,108
2026-08-07T07:41:48Z,225416,49000600,49000600,20
2026-08-07T07:41:48Z,225417,49005800,49005800,13
2026-08-07T07:41:48Z,225418,49003200,49003200,20
2026-08-07T07:41:48Z,225419,49000100,49000100,19
2026-08-07T07:41:48Z,225420,49000600,49000600,20
2026-08-07T07:41:48Z,225421,49005900,49005900,10
2026-08-07T07:41:48Z,225422,49000600,49000600,25
2026-08-07T07:41:48Z,225423,49009900,49009900,21
2026-08-07T07:41:48Z,225424,49009500,49009500,24
2026-08-07T07:41:48Z,225425,49000600,49000600,20
2026-08-07T07:41:48Z,225426,290000300,290000300,2
2026-08-07T07:41:48Z,225427,49000600,49000600,21
2026-08-07T07:41:48Z,225428,49000600,49000600,18
2026-08-07T07:41:48Z,225429,49000600,49000600,22
2026-08-07T07:41:48Z,225430,290000600,290000600,1
2026-08-07T07:41:48Z,225543,290003900,290003900,1
2026-08-07T07:41:48Z,225565,1300,1800,2765
2026-08-07T07:41:48Z,225566,500,1100,9476
2026-08-07T07:41:48Z,225567,500,6200,4181
2026-08-07T07:41:48Z,225568,3900,109900,7212
2026-08-07T07:41:48Z,225569,700,1100,46785
2026-08-07T07:41:48Z,225592,250000,250000,1191
2026-08-07T07:41:48Z,225670,300,1000,5452
2026-08-07T07:41:48Z,225671,1800,2500,4538
2026-08-07T07:41:48Z,225672,959800,959900,651
2026-08-07T07:41:48Z,225768,9990000,9990000,26
2026-08-07T07:41:48Z,225784,221500,221700,82
2026-08-07T07:41:48Z,225785,3000000,4430000,30
2026-08-07T07:41:48Z,225786,49009900,49009900,15
2026-08-07T07:41:48Z,225787,49009900,49009900,14
2026-08-07T07:41:48Z,225788,290001100,290001100,1
2026-08-07T07:41:48Z,225789,1500003300,1500003300,2
2026-08-07T07:41:48Z,225790,49000000,49000000,22
2026-08-07T07:41:48Z,225791,200000,200000,22
2026-08-07T07:41:48Z,225792,49009900,49009900,17
2026-08-07T07:41:48Z,225793,290000000,290000000,2
2026-08-07T07:41:48Z,225794,290006600,290006600,1
2026-08-07T07:41:48Z,225795,49009500,49009500,20
2026-08-07T07:41:48Z,225796,49000600,49000600,20
2026-08-07T07:41:48Z,225797,1500000500,1500000500,1
2026-08-07T07:41:48Z,225798,5500001600,5500001600,1
2026-08-07T07:41:48Z,225799,5500008900,5500008900,1
2026-08-07T07:41:48Z,225800,290005800,290005800,1
2026-08-07T07:41:48Z,225801,30000000,30000000,34
2026-08-07T07:41:48Z,225802,11100,49001100,28
2026-08-07T07:41:48Z,225803,2009500,2409500,34
2026-08-07T07:41:48Z,225804,49007600,49007600,20
2026-08-07T07:41:48Z,225807,1009900,49009900,28
2026-08-07T07:41:48Z,225809,3002100,49002000,29
2026-08-07T07:41:48Z,225810,19001300,19001300,17
2026-08-07T07:41:48Z,225811,290008900,290008900,1
2026-08-07T07:41:48Z,225812,290009500,290009500,1
2026-08-07T07:41:48Z,225813,5000000,5000000,31
2026-08-07T07:41:48Z,225814,450000,450000,31
2026-08-07T07:41:48Z,225815,32000000,32000000,34
2026-08-07T07:41:48Z,225816,2509200,49009200,22
2026-08-07T07:41:48Z,225817,20000000,24001900,18
2026-08-07T07:41:48Z,225818,290008800,290008800,1
2026-08-07T07:41:48Z,225819,290005100,290005100,1
2026-08-07T07:41:48Z,225820,490000,490000,37
2026-08-07T07:41:48Z,225821,48996900,48996900,26
2026-08-07T07:41:48Z,225822,49000000,49000000,20
2026-08-07T07:41:48Z,225823,49009900,49009900,18
2026-08-07T07:41:48Z,225824,1500009800,1500009800,1
2026-08-07T07:41:48Z,225825,290009400,290009400,1
2026-08-07T07:41:48Z,225826,290009100,290009100,1
2026-08-07T07:41:48Z,225827,10000,19900,30
2026-08-07T07:41:48Z,225828,8299700,8299700,18
2026-08-07T07:41:48Z,225829,1200000,49000000,22
2026-08-07T07:41:48Z,225830,4990000,49000000,27
2026-08-07T07:41:48Z,225831,49000000,49000000,21
2026-08-07T07:41:48Z,225832,49001600,49001600,11
2026-08-07T07:41:48Z,225833,49000000,49009900,29
2026-08-07T07:41:48Z,225834,290001400,290001400,1
2026-08-07T07:41:48Z,225835,290008400,290008400,1
2026-08-07T07:41:48Z,225836,1000000,49000000,31
2026-08-07T07:41:48Z,225837,45009100,45009100,27
2026-08-07T07:41:48Z,225839,49009900,49009900,15
2026-08-07T07:41:48Z,225840,49002800,49002800,83
2026-08-07T07:41:48Z,225841,290007300,290007300,1
2026-08-07T07:41:48Z,225842,290009400,290009400,1
2026-08-07T07:41:48Z,225843,22002800,49002800,29
2026-08-07T07:41:48Z,225844,13000000,29980000,33
2026-08-07T07:41:48Z,225845,49002100,49002100,28
2026-08-07T07:41:48Z,225846,49009900,49009900,19
2026-08-07T07:41:48Z,225847,290004400,290004400,1
2026-08-07T07:41:48Z,225848,290005200,290005200,1
2026-08-07T07:41:48Z,225849,9000,10000,30
2026-08-07T07:41:48Z,225850,170000,170000,30
2026-08-07T07:41:48Z,225852,1989500,1989500,24
2026-08-07T07:41:48Z,225853,290000200,290000200,1
2026-08-07T07:41:48Z,225854,290005800,290005800,1
2026-08-07T07:41:48Z,225875,12001400,49001400,20
2026-08-07T07:41:48Z,225876,20300,20300,734
2026-08-07T07:41:48Z,225877,290009600,290009600,1
2026-08-07T07:41:48Z,225878,290002000,290002000,1
2026-08-07T07:41:48Z,225879,290008400,290008400,1
2026-08-07T07:41:48Z,225883,77500,80000,602
2026-08-07T07:41:48Z,225911,2100,3600,19389
2026-08-07T07:41:48Z,225912,182000,190000,1776
2026-08-07T07:41:48Z,225987,50000,50000,107
2026-08-07T07:41:48Z,225988,289800,289800,114
2026-08-07T07:41:48Z,225989,1404100,9989900,44
2026-08-07T07:41:48Z,225996,506400,506600,56
2026-08-07T07:41:48Z,226022,90000000,90000000,4
2026-08-07T07:41:48Z,226023,1500000,1500000,23
2026-08-07T07:41:48Z,226024,1789900,1790900,24
2026-08-07T07:41:48Z,226025,44444400,44444400,5
2026-08-07T07:41:48Z,226026,199000000,199000000,39
2026-08-07T07:41:48Z,226027,25000000,25000000,10
2026-08-07T07:41:48Z,226028,50009900,50009900,3
2026-08-07T07:41:48Z,226029,8000000,8000000,38
2026-08-07T07:41:48Z,226030,19809800,19809800,31
2026-08-07T07:41:48Z,226031,199990000,199990000,24
2026-08-07T07:41:48Z,226032,40000000,40000000,19
2026-08-07T07:41:48Z,226033,4310600,4310600,30
2026-08-07T07:41:48Z,226034,127200,127200,106
2026-08-07T07:41:48Z,226035,515800,515800,12
2026-08-07T07:41:48Z,226036,3000000,3000000,50
2026-08-07T07:41:48Z,226037,26700,26700,9383
2026-08-07T07:41:48Z,226202,2000,3800,37339
2026-08-07T07:41:48Z,226204,500,500,6129
2026-08-07T07:41:48Z,226205,200,300,58852
2026-08-07T07:41:48Z,226232,99600,2119600,135
2026-08-07T07:41:48Z,226233,97600,97600,131
2026-08-07T07:41:48Z,226234,900900,901000,30
2026-08-07T07:41:48Z,226235,2239200,2239200,31
2026-08-07T07:41:48Z,226236,5009600,9999700,26
2026-08-07T07:41:48Z,226237,7799500,9999500,27
2026-08-07T07:41:48Z,226238,9990000,9990000,26
2026-08-07T07:41:48Z,226524,990000,990000,205
2026-08-07T07:41:48Z,226681,1905000,1905000,768
2026-08-07T07:41:48Z,226692,910000,911900,32
2026-08-07T07:41:48Z,226811,185700,185700,324
2026-08-07T07:41:48Z,227272,27300,27300,53
2026-08-07T07:41:48Z,227273,9992600,9992600,45
2026-08-07T07:41:48Z,227274,9908900,9908900,25
2026-08-07T07:41:48Z,227275,102600,9907400,43
2026-08-07T07:41:48Z,227297,9990000,9990000,40
2026-08-07T07:41:48Z,227298,110000,110000,42
2026-08-07T07:41:48Z,227299,9175700,9175700,28
2026-08-07T07:41:48Z,227300,9990000,9990000,29
2026-08-07T07:41:48Z,227301,19800,9907000,36
2026-08-07T07:41:48Z,227302,21100,21100,95
2026-08-07T07:41:48Z,227303,207000,9907400,42
2026-08-07T07:41:48Z,227304,3806800,3806800,29
2026-08-07T07:41:48Z,227305,12300,12300,133
2026-08-07T07:41:48Z,227306,94600,9904600,44
2026-08-07T07:41:48Z,227307,9900000,9900000,33
2026-08-07T07:41:48Z,227308,9801000,9801000,25
2026-08-07T07:41:48Z,227309,9907900,9907900,48
2026-08-07T07:41:48Z,227310,9902600,9902600,91
2026-08-07T07:41:48Z,227311,449900,9902700,45
2026-08-07T07:41:48Z,227312,9900000,9900000,40
2026-08-07T07:41:48Z,227313,455500,9905500,45
2026-08-07T07:41:48Z,227314,127800,127800,82
2026-08-07T07:41:48Z,227315,9658300,9658300,25
2026-08-07T07:41:48Z,227316,9907300,9907300,26
2026-08-07T07:41:48Z,227317,6900,7000,903
2026-08-07T07:41:48Z,227318,19900,20000,223
2026-08-07T07:41:48Z,227319,159900,159900,53
2026-08-07T07:41:48Z,227320,9992700,9992700,29
2026-08-07T07:41:48Z,227321,258500,258500,91
2026-08-07T07:41:48Z,227322,159800,159800,48
2026-08-07T07:41:48Z,227323,287300,9800000,32
2026-08-07T07:41:48Z,227324,1990000,1990000,105
2026-08-07T07:41:48Z,227325,1900,1900,147
2026-08-07T07:41:48Z,227326,11200,11200,486
2026-08-07T07:41:48Z,227327,1900,1900,349
2026-08-07T07:41:48Z,227328,500000,9900000,44
2026-08-07T07:41:48Z,227329,208900,308900,70
2026-08-07T07:41:48Z,227330,23500,23500,48
2026-08-07T07:41:48Z,227331,159900,159900,38
2026-08-07T07:41:48Z,227332,70000,70000,69
2026-08-07T07:41:48Z,227333,13600,13600,72
2026-08-07T07:41:48Z,227334,502100,9902100,43
2026-08-07T07:41:48Z,227335,9900000,9900000,40
2026-08-07T07:41:48Z,227336,57400,57400,96
2026-08-07T07:41:48Z,227769,7400,7500,165991
2026-08-07T07:41:48Z,227770,25000000,25000000,282
2026-08-07T07:41:48Z,227771,650000,4300000,8651
2026-08-07T07:41:48Z,227772,7000000,9999500,1976
2026-08-07T07:41:48Z,227773,123999700,123999700,457
2026-08-07T07:41:48Z,227774,2060009700,2060009700,13
2026-08-07T07:41:48Z,228099,10000,10000,157
2026-08-07T07:41:48Z,228194,1000000,1000000,86
2026-08-07T07:41:48Z,228195,350000,1000000,44
2026-08-07T07:41:48Z,228231,81200,81500,40942
2026-08-07T07:41:48Z,228232,82500,82700,14212
2026-08-07T07:41:48Z,228233,805000,921400,3978
2026-08-07T07:41:48Z,228234,798900,799100,2249
2026-08-07T07:41:48Z,228235,239900,240000,501
2026-08-07T07:41:48Z,228236,228600,228600,3600
2026-08-07T07:41:48Z,228368,1398900,1398900,120
2026-08-07T07:41:48Z,228386,48959900,48959900,25
2026-08-07T07:41:48Z,228387,30009900,49009900,26
2026-08-07T07:41:48Z,228388,9909900,9909900,106
2026-08-07T07:41:48Z,228390,49000000,49000000,25
2026-08-07T07:41:48Z,228391,1000000,49000000,29
2026-08-07T07:41:48Z,228392,339900,469900,26
2026-08-07T07:41:48Z,228393,5876800,49006800,27
2026-08-07T07:41:48Z,228394,490000,49000100,24
2026-08-07T07:41:48Z,228395,49000100,49000100,25
2026-08-07T07:41:48Z,228396,650000,1579000,31
2026-08-07T07:41:48Z,228398,1319900,49008200,27
2026-08-07T07:41:48Z,228399,2475400,49000000,24
2026-08-07T07:41:48Z,228400,10000000,15871000,31
2026-08-07T07:41:48Z,228401,39900,47500,700
2026-08-07T07:41:48Z,228402,89500,90000,115
2026-08-07T07:41:48Z,228403,727900,727900,361
2026-08-07T07:41:48Z,228404,14000,215700,2456
2026-08-07T07:41:48Z,228405,84900,235000,2043
2026-08-07T07:41:48Z,228406,350000,350000,45
2026-08-07T07:41:48Z,228414,10000,10000,2244
2026-08-07T07:41:48Z,228429,1500000100,1500000100,1
2026-08-07T07:41:48Z,228430,49001200,49001200,25
2026-08-07T07:41:48Z,228452,290005100,290005100,1
2026-08-07T07:41:48Z,228453,990003800,990003800,1
2026-08-07T07:41:48Z,228454,49003800,49003800,20
2026-08-07T07:41:48Z,228455,290000100,290000100,1
2026-08-07T07:41:48Z,228456,49007600,49007600,15
2026-08-07T07:41:48Z,228458,290000100,290000100,1
2026-08-07T07:41:48Z,228481,49003800,49003800,20
2026-08-07T07:41:48Z,228482,49003800,49003800,20
2026-08-07T07:41:48Z,228483,49006000,49006000,20
2026-08-07T07:41:48Z,228485,49003800,49003800,25
2026-08-07T07:41:48Z,228487,49003800,49003800,20
2026-08-07T07:41:48Z,228488,49007600,49007600,20
2026-08-07T07:41:48Z,228489,290005100,290005100,1
2026-08-07T07:41:48Z,228490,9500000,9903800,110
2026-08-07T07:41:48Z,228491,9909900,9909900,105
2026-08-07T07:41:48Z,228492,54300,54300,567
2026-08-07T07:41:48Z,228493,50000,50000,521
2026-08-07T07:41:48Z,228494,9000,9000,532
2026-08-07T07:41:48Z,228496,290007600,290007600,1
2026-08-07T07:41:48Z,228497,290003800,290003800,1
2026-08-07T07:41:48Z,228507,6800,6800,897
2026-08-07T07:41:48Z,228509,19100,19100,505
2026-08-07T07:41:48Z,228510,250000,270000,56
2026-08-07T07:41:48Z,228608,9903800,9903800,101
2026-08-07T07:41:48Z,228609,9903800,9903800,99
2026-08-07T07:41:48Z,228720,49005100,49005100,20
2026-08-07T07:41:48Z,228723,49007600,49007600,14
2026-08-07T07:41:48Z,228921,160000,160000,628
2026-08-07T07:41:48Z,228930,9900,11100,34783
2026-08-07T07:41:48Z,228953,9994400,9994400,28
2026-08-07T07:41:48Z,228956,83300,85000,2198
2026-08-07T07:41:48Z,228990,9899000,9899000,30
2026-08-07T07:41:48Z,229388,19500,19500,3152
2026-08-07T07:41:48Z,229413,349986500,349986500,6
2026-08-07T07:41:48Z,229809,100000,100000,50
2026-08-07T07:41:48Z,230285,59500,80100,38127
2026-08-07T07:41:48Z,231899,49006600,49006600,25
2026-08-07T07:41:48Z,232005,869900,880000,72
2026-08-07T07:41:48Z,232006,45000,50000,48
2026-08-07T07:41:48Z,232007,2250500,2250500,77
2026-08-07T07:41:48Z,232009,1505000,1505000,73
2026-08-07T07:41:48Z,232011,8999800,8999800,324
2026-08-07T07:41:48Z,232374,9990000,9990000,25
2026-08-07T07:41:48Z,232375,9909900,9909900,26
2026-08-07T07:41:48Z,232376,7425000,7425000,47
2026-08-07T07:41:48Z,232377,9989900,9989900,35
2026-08-07T07:41:48Z,232378,457300,457300,67
2026-08-07T07:41:48Z,232380,9907600,9907600,45
2026-08-07T07:41:48Z,232385,9990000,9990000,40
2026-08-07T07:41:48Z,232521,9509900,9509900,52
2026-08-07T07:41:48Z,232532,400000,700000,17
2026-08-07T07:41:48Z,232533,2000000,2000000,72
2026-08-07T07:41:48Z,232534,7777400,7777400,19
2026-08-07T07:41:48Z,232632,10000000,10000000,91
2026-08-07T07:41:48Z,232633,9500000,25000000,54
2026-08-07T07:41:48Z,232634,25000000,25000000,5
2026-08-07T07:41:48Z,232635,49009400,49009400,20
2026-08-07T07:41:48Z,232636,2006400,2006400,31
2026-08-07T07:41:48Z,232637,290002100,290002100,5
2026-08-07T07:41:48Z,232638,50000000,50000000,7
2026-08-07T07:41:48Z,232874,39540000,39600800,18
2026-08-07T07:41:48Z,232935,500000,999900,144
2026-08-07T07:41:48Z,232936,259900,499900,10
2026-08-07T07:41:48Z,232937,750000,1250000,116
2026-08-07T07:41:48Z,233029,10800,18200,45
2026-08-07T07:41:48Z,233030,59200,59200,27
2026-08-07T07:41:48Z,233031,150009900,150009900,6
2026-08-07T07:41:48Z,233800,50003600,50003600,4
2026-08-07T07:41:48Z,234197,49007300,49007300,11
2026-08-07T07:41:48Z,234203,2439800,2439800,27
2026-08-07T07:41:48Z,234204,37999900,37999900,56
2026-08-07T07:41:48Z,234205,20000,20000,56
2026-08-07T07:41:48Z,234212,49003700,49003700,25
2026-08-07T07:41:48Z,234282,2006300,2006300,47
2026-08-07T07:41:48Z,234287,4500000,4500000,30
2026-08-07T07:41:48Z,234380,252900,252900,25
2026-08-07T07:41:48Z,234381,250000,250000,86
2026-08-07T07:41:48Z,234386,250000,250000,91
2026-08-07T07:41:48Z,234387,374900,374900,29
2026-08-07T07:41:48Z,234415,250000,250000,68
2026-08-07T07:41:48Z,234416,253500,253500,35
2026-08-07T07:41:48Z,234417,252400,252400,92
2026-08-07T07:41:48Z,234418,374500,374500,36
2026-08-07T07:41:48Z,234419,250000,250000,77
2026-08-07T07:41:48Z,234420,250000,250000,62
2026-08-07T07:41:48Z,234466,9990000,9990000,25
2026-08-07T07:41:48Z,234526,4259200,4259200,122
2026-08-07T07:41:48Z,234527,1890000,499999900,22
2026-08-07T07:41:48Z,234718,70005400,70005400,3
2026-08-07T07:41:48Z,234719,30000000,30000000,4
2026-08-07T07:41:48Z,234720,290009900,290009900,4
2026-08-07T07:41:48Z,234722,290001000,290001000,1
2026-08-07T07:41:48Z,234723,50000000,50000000,2
2026-08-07T07:41:48Z,234732,290007700,290007700,1
2026-08-07T07:41:48Z,234733,290009400,290009400,1
2026-08-07T07:41:48Z,234734,290000000,290000000,1
2026-08-07T07:41:48Z,234735,290002900,290002900,1
2026-08-07T07:41:48Z,234736,290008500,290008500,1
2026-08-07T07:41:48Z,234750,290006300,290006300,1
2026-08-07T07:41:48Z,234751,290002100,290002100,1
2026-08-07T07:41:48Z,234752,290000200,290000200,1
2026-08-07T07:41:48Z,234753,290000700,290000700,1
2026-08-07T07:41:48Z,234754,290008300,290008300,1
2026-08-07T07:41:48Z,234972,25000,25100,77
2026-08-07T07:41:48Z,234973,12800,12800,85
2026-08-07T07:41:48Z,235221,990000,990000,213
2026-08-07T07:41:48Z,235230,50000,990000,234
2026-08-07T07:41:48Z,235238,490100,490100,156
2026-08-07T07:41:48Z,235255,93900,980000,224
2026-08-07T07:41:48Z,235273,1100,1100,689
2026-08-07T07:41:48Z,235335,507200,507200,46
2026-08-07T07:41:48Z,235336,4939900,4939900,34
2026-08-07T07:41:48Z,235337,5000000,5000000,36
2026-08-07T07:41:48Z,235703,76000,76000,240
2026-08-07T07:41:48Z,235704,98400,98400,673
2026-08-07T07:41:48Z,235805,14300,14300,499
2026-08-07T07:41:48Z,235845,2000,4700,9430
2026-08-07T07:41:48Z,235846,808900,9999900,26
2026-08-07T07:41:48Z,235910,3490000,3490000,15
2026-08-07T07:41:48Z,236353,99500000,129990000,24
2026-08-07T07:41:48Z,236633,8000,8000,98
2026-08-07T07:41:48Z,236634,290009400,290009400,1
2026-08-07T07:41:48Z,236635,290000200,290000200,1
2026-08-07T07:41:48Z,236636,290009900,290009900,2
2026-08-07T07:41:48Z,236637,49000300,49000300,14
2026-08-07T07:41:48Z,236638,290000300,290000300,1
2026-08-07T07:41:48Z,236639,290009400,290009400,1
2026-08-07T07:41:48Z,236640,290009900,290009900,2
2026-08-07T07:41:48Z,236646,8500,8500,109
2026-08-07T07:41:48Z,236647,9880000,9880000,44
2026-08-07T07:41:48Z,236648,9900000,9900000,25
2026-08-07T07:41:48Z,236649,4990000,4990000,85
2026-08-07T07:41:48Z,236650,7400,9907000,44
2026-08-07T07:41:48Z,236651,299009400,299009400,1
2026-08-07T07:41:48Z,236652,290009400,290009400,6
2026-08-07T07:41:48Z,236680,98200,98200,158
2026-08-07T07:41:48Z,236753,35001000,35001000,35
2026-08-07T07:41:48Z,236761,29600,32500,760608
2026-08-07T07:41:48Z,236767,52300,52400,111985
2026-08-07T07:41:48Z,236770,6800,7000,251587
2026-08-07T07:41:48Z,236771,239700,285000,47280
2026-08-07T07:41:48Z,236774,141500,145200,109039
2026-08-07T07:41:48Z,236775,479300,479500,35536
2026-08-07T07:41:48Z,236776,145200,152300,131879
2026-08-07T07:41:48Z,236777,527800,559500,7700
2026-08-07T07:41:48Z,236778,14100,15400,232747
2026-08-07T07:41:48Z,236779,284400,304900,11635
2026-08-07T07:41:48Z,236780,4060000,4109500,17456
2026-08-07T07:41:48Z,236949,17800,18000,169359
2026-08-07T07:41:48Z,236950,9200,9200,204323
2026-08-07T07:41:48Z,236951,8900,9300,307567
2026-08-07T07:41:48Z,236952,6700,6800,251597
2026-08-07T07:41:48Z,236957,149990000,170000000,21
2026-08-07T07:41:48Z,236959,28600,998600,117
2026-08-07T07:41:48Z,236963,16600,16700,270457
2026-08-07T07:41:48Z,236965,27200,27400,171175
2026-08-07T07:41:48Z,236967,42500000,49990000,264
2026-08-07T07:41:48Z,237015,789500,789600,21805
2026-08-07T07:41:48Z,237016,779900,789700,42409
2026-08-07T07:41:48Z,237017,541200,541400,52564
2026-08-07T07:41:48Z,237018,489900,490000,25944
2026-08-07T07:41:48Z,237259,143800,143800,12
2026-08-07T07:41:48Z,237260,260000,260000,19
2026-08-07T07:41:48Z,237305,290003700,290003700,1
2026-08-07T07:41:48Z,237313,49009400,49009400,19
2026-08-07T07:41:48Z,237330,500000,500000,143
2026-08-07T07:41:48Z,237331,400000,400000,233
2026-08-07T07:41:48Z,237333,197014700,197014700,2
2026-08-07T07:41:48Z,237334,9505800,9505800,52
2026-08-07T07:41:48Z,237335,753700,753700,178
2026-08-07T07:41:48Z,237359,98800,100100,150965
2026-08-07T07:41:48Z,237361,322500,392600,47196
2026-08-07T07:41:48Z,237362,105700,124800,164453
2026-08-07T07:41:48Z,237363,440500,490000,34366
2026-08-07T07:41:48Z,237364,115000,119900,29720
2026-08-07T07:41:48Z,237365,416500,435300,50236
2026-08-07T07:41:48Z,237366,149800,197200,78420
2026-08-07T07:41:48Z,237367,89900,89900,116
2026-08-07T07:41:48Z,237369,2779800,2930000,1129
2026-08-07T07:41:48Z,237370,2808800,2808800,385
2026-08-07T07:41:48Z,237371,2659900,2660000,1464
2026-08-07T07:41:48Z,237372,2989800,2999800,693
2026-08-07T07:41:48Z,237373,3059900,3495500,272
2026-08-07T07:41:48Z,238197,354900,373500,14218
2026-08-07T07:41:48Z,238198,649500,670000,4025
2026-08-07T07:41:48Z,238201,69900,80000,3530
2026-08-07T07:41:48Z,238202,1214600,1214600,2171
2026-08-07T07:41:48Z,238203,2478400,2485500,3085
2026-08-07T07:41:48Z,238204,1226200,1257400,8451
2026-08-07T07:41:48Z,238205,2299900,2299900,2638
2026-08-07T07:41:48Z,238209,109900,117000,1107
2026-08-07T07:41:48Z,238212,80900,81700,2767
2026-08-07T07:41:48Z,238213,180500,242800,51440
2026-08-07T07:41:48Z,238365,9900,15900,9716
2026-08-07T07:41:48Z,238366,108900,145000,93833
2026-08-07T07:41:48Z,238367,55500,67500,27208
2026-08-07T07:41:48Z,238368,134400,150000,9541
2026-08-07T07:41:48Z,238369,480000,519800,6910
2026-08-07T07:41:48Z,238370,13800,14800,2681
2026-08-07T07:41:48Z,238371,1450000,1493400,21638
2026-08-07T07:41:48Z,238372,14400,24900,41961
2026-08-07T07:41:48Z,238373,382700,383800,33124
2026-08-07T07:41:48Z,238374,16600,21900,33382
2026-08-07T07:41:48Z,238375,708700,769200,6511
2026-08-07T07:41:48Z,238376,110000,118700,5217
2026-08-07T07:41:48Z,238377,84400,118600,11731
2026-08-07T07:41:48Z,238378,289900,298800,14010
2026-08-07T07:41:48Z,238379,110000,129400,19769
2026-08-07T07:41:48Z,238380,1698500,1698500,5733
2026-08-07T07:41:48Z,238381,11000,13200,13871
2026-08-07T07:41:48Z,238382,329300,394800,37950
2026-08-07T07:41:48Z,238383,230000,279200,18314
2026-08-07T07:41:48Z,238384,19000,24500,23195
2026-08-07T07:41:48Z,238477,3000,3000,1003
2026-08-07T07:41:48Z,238478,500,800,1290
2026-08-07T07:41:48Z,238479,1000,1000,1309
2026-08-07T07:41:48Z,238480,900,350000,1064
2026-08-07T07:41:48Z,238481,10000,12000,1354
2026-08-07T07:41:48Z,238482,10100,19900,1469
2026-08-07T07:41:48Z,238483,2000,2500,1432
2026-08-07T07:41:48Z,238484,10700,17800,1357
2026-08-07T07:41:48Z,238485,5000,8000,1300
2026-08-07T07:41:48Z,238486,47500,450000,329
2026-08-07T07:41:48Z,238487,600,1100,1545
2026-08-07T07:41:48Z,238488,36000,450000,339
2026-08-07T07:41:48Z,238489,1700,450000,1146
2026-08-07T07:41:48Z,238491,99000,450000,492
2026-08-07T07:41:48Z,238492,10000,371000,559
2026-08-07T07:41:48Z,238493,30000,40000,116
2026-08-07T07:41:48Z,238494,300,450000,1262
2026-08-07T07:41:48Z,238495,3854700,4004700,37
2026-08-07T07:41:48Z,238496,109000,109000,120
2026-08-07T07:41:48Z,238511,39900,47400,69004
2026-08-07T07:41:48Z,238512,50200,64200,256025
2026-08-07T07:41:48Z,238513,39900,40200,40083
2026-08-07T07:41:48Z,238514,37700,40000,305303
2026-08-07T07:41:48Z,238518,108300,123600,4353
2026-08-07T07:41:48Z,238519,118200,129500,8876
2026-08-07T07:41:48Z,238520,68300,156000,46545
2026-08-07T07:41:48Z,238521,169700,178300,27397
2026-08-07T07:41:48Z,238522,139900,148300,19503
2026-08-07T07:41:48Z,238523,7500,8300,20252
2026-08-07T07:41:48Z,238525,1189700,1200000,8280
2026-08-07T07:41:48Z,238528,989900,1038800,5691
2026-08-07T07:41:48Z,238529,39119600,39500000,3830
2026-08-07T07:41:48Z,238530,6359800,7004200,2624
2026-08-07T07:41:48Z,238799,12400,12400,86
2026-08-07T07:41:48Z,238800,5507200,5507200,35
2026-08-07T07:41:48Z,238801,2500000,2500000,8
2026-08-07T07:41:48Z,238808,290000000,290000000,2
2026-08-07T07:41:48Z,238810,290009300,290009300,1
2026-08-07T07:41:48Z,238812,5009900,5009900,59
2026-08-07T07:41:48Z,238813,15004700,15004700,3
2026-08-07T07:41:48Z,238814,12007200,49007200,22
2026-08-07T07:41:48Z,238832,10000000,19900000,54
2026-08-07T07:41:48Z,238833,49009900,49009900,21
2026-08-07T07:41:48Z,238834,290000500,290000500,1
2026-08-07T07:41:48Z,238836,7000,7000,74
2026-08-07T07:41:48Z,238838,33800,33800,85
2026-08-07T07:41:48Z,238841,4500000,4500000,4
2026-08-07T07:41:48Z,238847,8500,8500,79
2026-08-07T07:41:48Z,238848,40000,49000000,21
2026-08-07T07:41:48Z,238849,112005000,112005000,2
2026-08-07T07:41:48Z,238851,1000000,49001700,18
2026-08-07T07:41:48Z,238853,290009300,290009300,1
2026-08-07T07:41:48Z,238854,49009900,49009900,28
2026-08-07T07:41:48Z,238855,30700,30700,141
2026-08-07T07:41:48Z,238856,290009300,290009300,1
2026-08-07T07:41:48Z,238865,290009300,290009300,2
2026-08-07T07:41:48Z,238866,9500,9500,125
2026-08-07T07:41:48Z,238867,24500,24500,35
2026-08-07T07:41:48Z,238868,9990000,9990000,7
2026-08-07T07:41:48Z,238869,500800,500800,53
2026-08-07T07:41:48Z,238870,15009900,49009900,21
2026-08-07T07:41:48Z,238871,290009300,290009300,2
2026-08-07T07:41:48Z,238872,10000,10000,251
2026-08-07T07:41:48Z,238873,20000,20100,131
2026-08-07T07:41:48Z,238874,290004700,290004700,1
2026-08-07T07:41:48Z,238875,15002100,20002100,28
2026-08-07T07:41:48Z,238876,4504700,4504700,3
2026-08-07T07:41:48Z,238877,3009900,3009900,43
2026-08-07T07:41:48Z,238878,4009900,20009900,30
2026-08-07T07:41:48Z,238879,45009900,45009900,4
2026-08-07T07:41:48Z,238880,49000000,49000000,25
2026-08-07T07:41:48Z,238881,290004700,290004700,1
2026-08-07T07:41:48Z,238882,290004700,290004700,1
2026-08-07T07:41:48Z,238883,15500,15500,55
2026-08-07T07:41:48Z,238884,27200,27200,66
2026-08-07T07:41:48Z,238885,45009900,90009900,7
2026-08-07T07:41:48Z,238886,1000000,1000000,55
2026-08-07T07:41:48Z,238887,10000000,10000000,30
2026-08-07T07:41:48Z,238888,150008900,150008900,2
2026-08-07T07:41:48Z,238889,290004700,290004700,1
2026-08-07T07:41:48Z,238896,150000,150000,128
2026-08-07T07:41:48Z,238944,500,700,224
2026-08-07T07:41:48Z,239115,8988400,8988400,14
2026-08-07T07:41:48Z,239129,920200,920200,366
2026-08-07T07:41:48Z,239198,1350000,1355500,2883
2026-08-07T07:41:48Z,239200,1558600,1558600,14505
2026-08-07T07:41:48Z,239201,1774700,1774700,4921
2026-08-07T07:41:48Z,239202,1769900,1779400,1630
2026-08-07T07:41:48Z,239276,45009900,45009900,78
2026-08-07T07:41:48Z,239314,2000000000,2000000000,10
2026-08-07T07:41:48Z,239690,24900,28400,7401
2026-08-07T07:41:48Z,239691,27500,32000,59188
2026-08-07T07:41:48Z,239692,48000,48000,3261
2026-08-07T07:41:48Z,239700,19800,19800,31384
2026-08-07T07:41:48Z,239701,23900,23900,40835
2026-08-07T07:41:48Z,239702,28400,28400,31870
2026-08-07T07:41:48Z,239703,35500,35500,89774
2026-08-07T07:41:48Z,239711,28600,32000,1783
2026-08-07T07:41:48Z,239713,16500,16500,22909
2026-08-07T07:41:48Z,240094,28509600,28509700,33
2026-08-07T07:41:48Z,240133,28744100,28744100,267
2026-08-07T07:41:48Z,240154,20500000,20570000,34
2026-08-07T07:41:48Z,240155,27999700,27999800,899
2026-08-07T07:41:48Z,240156,2400,2400,1341
2026-08-07T07:41:48Z,240157,81100,130000,1009
2026-08-07T07:41:48Z,240164,3432400,3432400,532
2026-08-07T07:41:48Z,240165,11999900,11999900,497
2026-08-07T07:41:48Z,240166,3000000,3520000,351
2026-08-07T07:41:48Z,240167,4989400,4989400,912
2026-08-07T07:41:48Z,240194,132900,150000,1657
2026-08-07T07:41:48Z,240216,385000,388800,328
2026-08-07T07:41:48Z,240855,594800,594900,155
2026-08-07T07:41:48Z,240856,1107700,1107700,640
2026-08-07T07:41:48Z,240857,152000,279900,299
2026-08-07T07:41:48Z,240858,1120700,1540700,507
2026-08-07T07:41:48Z,240859,172000,219200,340
2026-08-07T07:41:48Z,240860,1350000,1350000,77
2026-08-07T07:41:48Z,240861,41900,79500,679
2026-08-07T07:41:48Z,240862,1111600,1111600,371
2026-08-07T07:41:48Z,240863,434400,469900,71
2026-08-07T07:41:48Z,240864,1108800,1228800,718
2026-08-07T07:41:48Z,240865,469900,669900,120
2026-08-07T07:41:48Z,240866,1459900,1459900,274
2026-08-07T07:41:48Z,240867,129900,220000,614
2026-08-07T07:41:48Z,240868,1520000,1559900,77
2026-08-07T07:41:48Z,240869,16700,37900,486
2026-08-07T07:41:48Z,240870,1799500,1799500,647
2026-08-07T07:41:48Z,240871,154000,190000,310
2026-08-07T07:41:48Z,240872,1110000,1110000,307
2026-08-07T07:41:48Z,240873,70000,114500,314
2026-08-07T07:41:48Z,240874,1674500,1674500,155
2026-08-07T07:41:48Z,240875,97900,148000,90
2026-08-07T07:41:48Z,240876,1633000,1633000,261
2026-08-07T07:41:48Z,240877,30000,88700,539
2026-08-07T07:41:48Z,240878,1668300,1668300,882
2026-08-07T07:41:48Z,240879,99800,104000,141
2026-08-07T07:41:48Z,240880,999900,1089900,790
2026-08-07T07:41:48Z,240881,42500,47500,717
2026-08-07T07:41:48Z,240882,1425500,1425500,472
2026-08-07T07:41:48Z,240883,51100,74400,300
2026-08-07T07:41:48Z,240884,999900,999900,449
2026-08-07T07:41:48Z,240885,29900,43600,424
2026-08-07T07:41:48Z,240886,1200000,1200000,313
2026-08-07T07:41:48Z,240887,4444400,4775200,314
2026-08-07T07:41:48Z,240888,9358700,9483700,147
2026-08-07T07:41:48Z,240889,5840000,5909000,207
2026-08-07T07:41:48Z,240890,9000000,9500000,955
2026-08-07T07:41:48Z,240891,19207500,19207500,39
2026-08-07T07:41:48Z,240892,9000500,9500000,584
2026-08-07T07:41:48Z,240893,5599800,6720100,95
2026-08-07T07:41:48Z,240894,9039900,9300000,461
2026-08-07T07:41:48Z,240895,3490000,3990000,208
2026-08-07T07:41:48Z,240896,9500000,9507100,157
2026-08-07T07:41:48Z,240897,5759900,5762500,118
2026-08-07T07:41:48Z,240898,9000000,9300000,602
2026-08-07T07:41:48Z,240899,5500000,5509200,113
2026-08-07T07:41:48Z,240900,9000000,9460000,834
2026-08-07T07:41:48Z,240901,5190000,5199900,82
2026-08-07T07:41:48Z,240902,9020000,9300000,417
2026-08-07T07:41:48Z,240903,2949800,2949800,201
2026-08-07T07:41:48Z,240904,11099800,11100000,488
2026-08-07T07:41:48Z,240905,6895400,6895400,69
2026-08-07T07:41:48Z,240906,9000000,9500000,920
2026-08-07T07:41:48Z,240907,4909800,5760000,59
2026-08-07T07:41:48Z,240908,9000000,9400000,656
2026-08-07T07:41:48Z,240909,4258800,5008800,112
2026-08-07T07:41:48Z,240910,9000000,9400000,503
2026-08-07T07:41:48Z,240911,999400,1149500,361
2026-08-07T07:41:48Z,240912,8889400,9309400,159
2026-08-07T07:41:48Z,240913,4999800,4999900,148
2026-08-07T07:41:48Z,240914,9000000,9300000,385
2026-08-07T07:41:48Z,240915,5240000,5240000,59
2026-08-07T07:41:48Z,240916,9020000,9200000,516
2026-08-07T07:41:48Z,240917,5006800,5006800,65
2026-08-07T07:41:48Z,240918,7990000,7990000,38
2026-08-07T07:41:48Z,240966,2339900,11245100,140
2026-08-07T07:41:48Z,240967,13710000,13789900,198
2026-08-07T07:41:48Z,240968,6994600,6994600,93
2026-08-07T07:41:48Z,240969,14660300,14660300,537
2026-08-07T07:41:48Z,240970,1840000,1850000,328
2026-08-07T07:41:48Z,240971,12899900,12899900,104
2026-08-07T07:41:48Z,240972,619900,882300,11904
2026-08-07T07:41:48Z,240973,2209800,2455800,1211
2026-08-07T07:41:48Z,240974,5605000,5900300,1779
2026-08-07T07:41:48Z,240975,9686700,9686800,2276
2026-08-07T07:41:48Z,240982,10930000,10989500,192
2026-08-07T07:41:48Z,240983,12807500,12807500,793
2026-08-07T07:41:48Z,240990,2200500,2517500,20343
2026-08-07T07:41:48Z,240991,29600,29600,16215
2026-08-07T07:41:48Z,241141,7000,7000,1759
2026-08-07T07:41:48Z,241142,14440000,16000000,227
2026-08-07T07:41:48Z,241143,8999900,8999900,80
2026-08-07T07:41:48Z,241144,9025900,9999900,218
2026-08-07T07:41:48Z,241145,132200,159900,1189
2026-08-07T07:41:48Z,241147,68900,98900,1499
2026-08-07T07:41:48Z,241148,199400,199400,358
2026-08-07T07:41:48Z,241149,12210000,12220000,149
2026-08-07T07:41:48Z,241280,549900,552800,4828
2026-08-07T07:41:48Z,241281,292100,292100,1228
2026-08-07T07:41:48Z,241282,2940300,3206400,3079
2026-08-07T07:41:48Z,241283,1462100,1466700,2116
2026-08-07T07:41:48Z,241286,759700,759700,83
2026-08-07T07:41:48Z,241287,39900,40000,1214
2026-08-07T07:41:48Z,241288,899800,920000,10495
2026-08-07T07:41:48Z,241289,153300,154800,17541
2026-08-07T07:41:48Z,241292,1138800,1139600,1932
2026-08-07T07:41:48Z,241293,40000,50000,5058
2026-08-07T07:41:48Z,241294,651800,999900,101
2026-08-07T07:41:48Z,241295,38500,39000,6316
2026-08-07T07:41:48Z,241296,449900,449900,191
2026-08-07T07:41:48Z,241297,80000,80000,2939
2026-08-07T07:41:48Z,241298,1402500,1402500,4482
2026-08-07T07:41:48Z,241299,69200,69200,10078
2026-08-07T07:41:48Z,241300,1490000,1554200,2618
2026-08-07T07:41:48Z,241301,50100,55000,29479
2026-08-07T07:41:48Z,241302,800000,890900,1156
2026-08-07T07:41:48Z,241303,42000,43000,3401
2026-08-07T07:41:48Z,241304,1549900,1579800,9392
2026-08-07T07:41:48Z,241305,48900,49400,85105
2026-08-07T07:41:48Z,241306,310000,319900,2082
2026-08-07T07:41:48Z,241307,59900,59900,915
2026-08-07T07:41:48Z,241308,1630000,1689800,36008
2026-08-07T07:41:48Z,241309,176900,176900,56865
2026-08-07T07:41:48Z,241310,1700000,1990000,1335
2026-08-07T07:41:48Z,241311,160000,160000,2210
2026-08-07T07:41:48Z,241312,1593800,1593900,7829
2026-08-07T07:41:48Z,241313,49700,49700,556
2026-08-07T07:41:48Z,241316,1966500,1966500,3753
2026-08-07T07:41:48Z,241317,249500,249500,6496
2026-08-07T07:41:48Z,241320,4873000,4873200,3135
2026-08-07T07:41:48Z,241321,1769900,1769900,2776
2026-08-07T07:41:48Z,241322,4159700,4160000,3315
2026-08-07T07:41:48Z,241323,1910800,1930900,11927
2026-08-07T07:41:48Z,241324,4700000,5100000,5394
2026-08-07T07:41:48Z,241325,1971400,1971400,4193
2026-08-07T07:41:48Z,241326,5006900,5007400,4891
2026-08-07T07:41:48Z,241327,1999600,1999800,4054
2026-08-07T07:41:48Z,241334,789900,829700,4841
2026-08-07T07:41:48Z,241338,154600,154600,111
2026-08-07T07:41:48Z,241339,47600,47600,581
2026-08-07T07:41:48Z,242272,3260100,3260100,1402
2026-08-07T07:41:48Z,242273,3999500,3999600,4382
2026-08-07T07:41:48Z,242274,370000,370000,5201
2026-08-07T07:41:48Z,242275,435800,450800,121288
2026-08-07T07:41:48Z,242276,199900,199900,1073
2026-08-07T07:41:48Z,242277,845500,845500,709
2026-08-07T07:41:48Z,242278,490000,490000,1090
2026-08-07T07:41:48Z,242280,250000,300000,4207
2026-08-07T07:41:48Z,242281,329000,329800,2621
2026-08-07T07:41:48Z,242282,240000,240000,5307
2026-08-07T07:41:48Z,242283,59600,59700,4671
2026-08-07T07:41:48Z,242284,24900,29800,6550
2026-08-07T07:41:48Z,242285,208000,208800,2561
2026-08-07T07:41:48Z,242286,32400,32500,4576
2026-08-07T07:41:48Z,242287,88200,120000,2744
2026-08-07T07:41:48Z,242288,30000,30000,8644
2026-08-07T07:41:48Z,242289,9900,9900,5988
2026-08-07T07:41:48Z,242290,142500,142500,1764
2026-08-07T07:41:48Z,242291,350000,350000,2072
2026-08-07T07:41:48Z,242292,70000,70000,2985
2026-08-07T07:41:48Z,242293,52800,52800,3984
2026-08-07T07:41:48Z,242294,29900,29900,307
2026-08-07T07:41:48Z,242295,59200,59200,3490
2026-08-07T07:41:48Z,242296,49900,49900,9374
2026-08-07T07:41:48Z,242297,20000,20000,12773
2026-08-07T07:41:48Z,242298,145600,155700,605
2026-08-07T07:41:48Z,242299,9800,11100,35348
2026-08-07T07:41:48Z,242300,166600,173500,2475
2026-08-07T07:41:48Z,242301,185500,187900,3138
2026-08-07T07:41:48Z,242302,8300,8400,4275
2026-08-07T07:41:48Z,242303,15800,15800,2634
2026-08-07T07:41:48Z,242304,2200,3200,36535
2026-08-07T07:41:48Z,242305,4800,5000,568
2026-08-07T07:41:48Z,242306,10000,10000,383
2026-08-07T07:41:48Z,242307,3700,3800,814
2026-08-07T07:41:48Z,242308,14500,14500,1615
2026-08-07T07:41:48Z,242309,5000,5000,8593
2026-08-07T07:41:48Z,242553,639900,649900,6935
2026-08-07T07:41:48Z,242554,660600,660700,4255
2026-08-07T07:41:48Z,242606,649900,657900,5039
2026-08-07T07:41:48Z,242607,660900,661000,11034
2026-08-07T07:41:48Z,242608,627700,640000,5352
2026-08-07T07:41:48Z,242610,688000,688000,15432
2026-08-07T07:41:48Z,242611,759800,759900,3579
2026-08-07T07:41:48Z,242612,806800,806900,6026
2026-08-07T07:41:48Z,242613,1057900,1058000,4652
2026-08-07T07:41:48Z,242620,822000,822000,20615
2026-08-07T07:41:48Z,242621,1775500,2099900,78836
2026-08-07T07:41:48Z,242639,51200,55600,336733
2026-08-07T07:41:48Z,242640,52200,57400,210457
2026-08-07T07:41:48Z,242641,1300,1900,104137
2026-08-07T07:41:48Z,242642,500,1000,15157
2026-08-07T07:41:48Z,242643,800,1400,13040
2026-08-07T07:41:48Z,242644,2200,5000,228663
2026-08-07T07:41:48Z,242645,800,1400,52746
2026-08-07T07:41:48Z,242646,800,800,17183
2026-08-07T07:41:48Z,242647,1000,2200,65555
2026-08-07T07:41:48Z,242712,1760300,1761100,3047
2026-08-07T07:41:48Z,242720,1774300,1834300,2330
2026-08-07T07:41:48Z,242721,2289900,2379900,788
2026-08-07T07:41:48Z,242722,1829800,1919900,2466
2026-08-07T07:41:48Z,242723,2049800,2139900,634
2026-08-07T07:41:48Z,242724,3059900,3339900,2893
2026-08-07T07:41:48Z,242725,3158400,3278500,937
2026-08-07T07:41:48Z,242726,3199800,3279800,794
2026-08-07T07:41:48Z,242727,1622000,1742000,5477
2026-08-07T07:41:48Z,242786,865300,937300,24217
2026-08-07T07:41:48Z,242787,54200,56900,170845
2026-08-07T07:41:48Z,242788,20000,20000,42582
2026-08-07T07:41:48Z,242789,31900,31900,32197
2026-08-07T07:41:48Z,243060,3300,29800,206099
2026-08-07T07:41:48Z,243197,990006100,990006100,1
2026-08-07T07:41:48Z,243199,2500000900,2500000900,1
2026-08-07T07:41:48Z,243200,49008000,49008000,15
2026-08-07T07:41:48Z,243206,1500008700,1500008700,1
2026-08-07T07:41:48Z,243207,9500008000,9500008000,1
2026-08-07T07:41:48Z,243208,290009400,290009400,1
2026-08-07T07:41:48Z,243209,990008700,990008700,1
2026-08-07T07:41:48Z,243210,990008600,990008600,1
2026-08-07T07:41:48Z,243211,990007800,990007800,1
2026-08-07T07:41:48Z,243215,990008200,990008200,1
2026-08-07T07:41:48Z,243216,49008000,49008000,14
2026-08-07T07:41:48Z,243222,48957900,48957900,17
2026-08-07T07:41:48Z,243223,290003300,290003300,1
2026-08-07T07:41:48Z,243224,49008500,49008500,20
2026-08-07T07:41:48Z,243225,49008400,49008400,20
2026-08-07T07:41:48Z,243226,9500000100,9500000100,1
2026-08-07T07:41:48Z,243227,290008900,290008900,1
2026-08-07T07:41:48Z,243228,990007400,990007400,2
2026-08-07T07:41:48Z,243574,850000,900000,4185
2026-08-07T07:41:48Z,243575,1403000,1403200,178
2026-08-07T07:41:48Z,243576,975600,975700,11707
2026-08-07T07:41:48Z,243577,1700000,1726000,1086
2026-08-07T07:41:48Z,243578,44900,44900,8022
2026-08-07T07:41:48Z,243579,58500,79900,12419
2026-08-07T07:41:48Z,243581,32000,32500,78016
2026-08-07T07:41:48Z,243582,39000,45000,4992
2026-08-07T07:41:48Z,243599,9700,9700,141952
2026-08-07T07:41:48Z,243600,13800,13800,319310
2026-08-07T07:41:48Z,243602,26900,26900,142455
2026-08-07T07:41:48Z,243603,36000,36000,112575
2026-08-07T07:41:48Z,243605,4449900,4635400,8477
2026-08-07T07:41:48Z,243606,5990000,6099800,7182
2026-08-07T07:41:48Z,243733,24500,24500,27338
2026-08-07T07:41:48Z,243734,349900,350000,27465
2026-08-07T07:41:48Z,243735,50500,56100,2084
2026-08-07T07:41:48Z,243736,500000,650000,749
2026-08-07T07:41:48Z,243737,500000,500000,481
2026-08-07T07:41:48Z,243738,1749900,1749900,1071
2026-08-07T07:41:48Z,243773,30500,30500,301
2026-08-07T07:41:48Z,243774,20000,28300,248
2026-08-07T07:41:48Z,243775,20000,22000,238
2026-08-07T07:41:48Z,243776,30000,37500,188
2026-08-07T07:41:48Z,243777,20000,24300,188
2026-08-07T07:41:48Z,243778,50000,50700,191
2026-08-07T07:41:48Z,243779,30000,32000,174
2026-08-07T07:41:48Z,243780,10000,10600,181
2026-08-07T07:41:48Z,243781,44300,44300,164
2026-08-07T07:41:48Z,243782,40000,47900,181
2026-08-07T07:41:48Z,243783,20000,28100,190
2026-08-07T07:41:48Z,243784,20000,30000,204
2026-08-07T07:41:48Z,243785,10000,19900,208
2026-08-07T07:41:48Z,243786,24000,24000,1034
2026-08-07T07:41:48Z,243787,20000,30000,188
2026-08-07T07:41:48Z,243788,20000,24200,156
2026-08-07T07:41:48Z,243789,20000,26000,306
2026-08-07T07:41:48Z,243790,10000,13800,153
2026-08-07T07:41:48Z,243791,19200,19200,177
2026-08-07T07:41:48Z,243792,36900,36900,541
2026-08-07T07:41:48Z,243793,92200,92200,282
2026-08-07T07:41:48Z,243794,30000,32200,212
2026-08-07T07:41:48Z,243795,60000,60000,214
2026-08-07T07:41:48Z,243796,40000,46900,199
2026-08-07T07:41:48Z,243797,201300,201400,3588
2026-08-07T07:41:48Z,243798,153000,153100,127
2026-08-07T07:41:48Z,243799,239500,239500,634
2026-08-07T07:41:48Z,243800,221900,221900,663
2026-08-07T07:41:48Z,243801,133900,133900,330
2026-08-07T07:41:48Z,243802,189400,189400,311
2026-08-07T07:41:48Z,243803,122300,122300,773
2026-08-07T07:41:48Z,243804,350600,350600,969
2026-08-07T07:41:48Z,243805,310500,310500,1738
2026-08-07T07:41:48Z,243806,241000,241000,303
2026-08-07T07:41:48Z,243807,297500,297500,795
2026-08-07T07:41:48Z,243808,239700,239700,1007
2026-08-07T07:41:48Z,243809,303800,303800,683
2026-08-07T07:41:48Z,243810,297100,297100,2113
2026-08-07T07:41:48Z,243811,126900,126900,705
2026-08-07T07:41:48Z,243812,128900,128900,1851
2026-08-07T07:41:48Z,243813,229600,229600,1661
2026-08-07T07:41:48Z,243814,259700,259700,736
2026-08-07T07:41:48Z,243815,288900,288900,716
2026-08-07T07:41:48Z,243816,226700,226700,4114
2026-08-07T07:41:48Z,243817,262300,262300,3550
2026-08-07T07:41:48Z,243818,474900,474900,687
2026-08-07T07:41:48Z,243819,156600,156600,436
2026-08-07T07:41:48Z,243820,216300,216300,356
2026-08-07T07:41:48Z,243821,2504600,2504600,12
2026-08-07T07:41:48Z,243822,3500000,3500000,31
2026-08-07T07:41:48Z,243823,11999800,11999800,110
2026-08-07T07:41:48Z,243844,290000100,290000100,1
2026-08-07T07:41:48Z,243845,290009700,290009700,1
2026-08-07T07:41:48Z,243946,21499700,21499700,80
2026-08-07T07:41:48Z,243947,23214400,23214400,318
2026-08-07T07:41:48Z,243948,50000,50000,336
2026-08-07T07:41:48Z,243949,465300,465300,643
2026-08-07T07:41:48Z,243950,18980000,18990000,35
2026-08-07T07:41:48Z,243951,22320300,22320300,756
2026-08-07T07:41:48Z,243952,11880000,11880000,106
2026-08-07T07:41:48Z,243953,15835900,15850300,1472
2026-08-07T07:41:48Z,243954,1500,4000,3772
2026-08-07T07:41:48Z,243955,79500,81100,1511
2026-08-07T07:41:48Z,243956,15685800,16005900,77
2026-08-07T07:41:48Z,243957,16595900,16995900,1618
2026-08-07T07:41:48Z,243958,20662000,21750000,65
2026-08-07T07:41:48Z,243959,15995500,15995500,394
2026-08-07T07:41:48Z,243960,40500,50000,323
2026-08-07T07:41:48Z,243961,269900,270000,519
2026-08-07T07:41:48Z,243962,9979900,9979900,27
2026-08-07T07:41:48Z,243963,13709300,13709300,590
2026-08-07T07:41:48Z,243964,6990000,6991300,83
2026-08-07T07:41:48Z,243965,13449900,13450000,221
2026-08-07T07:41:48Z,243966,2408800,9795500,178
2026-08-07T07:41:48Z,243967,13473400,18213300,553
2026-08-07T07:41:48Z,243968,3000000,3000000,64
2026-08-07T07:41:48Z,243969,31500000,31509500,222
2026-08-07T07:41:48Z,243970,24000000,26989900,110
2026-08-07T07:41:48Z,243971,34640000,34647500,645
2026-08-07T07:41:48Z,243972,19990000,19990000,54
2026-08-07T07:41:48Z,243973,31996900,31996900,458
2026-08-07T07:41:48Z,243974,20004400,24244400,60
2026-08-07T07:41:48Z,243975,28004200,28004200,129
2026-08-07T07:41:48Z,243976,74200900,74280900,23
2026-08-07T07:41:48Z,243977,58799800,58899700,809
2026-08-07T07:41:48Z,243978,49500,50000,883
2026-08-07T07:41:48Z,243979,349900,349900,654
2026-08-07T07:41:48Z,243980,8623900,8623900,58
2026-08-07T07:41:48Z,243981,22489800,23733400,286
2026-08-07T07:41:48Z,243982,18009900,19899900,42
2026-08-07T07:41:48Z,243983,21395100,21395100,721
2026-08-07T07:41:48Z,243984,600,1700,5639
2026-08-07T07:41:48Z,243985,50000,79700,476
2026-08-07T07:41:48Z,243986,12904700,12904700,40
2026-08-07T07:41:48Z,243987,15501800,15591700,328
2026-08-07T07:41:48Z,243988,30000,50000,220
2026-08-07T07:41:48Z,243989,248900,248900,936
2026-08-07T07:41:48Z,243990,19989800,19989800,71
2026-08-07T07:41:48Z,243991,22787000,22787000,331
2026-08-07T07:41:48Z,243992,950000,3230900,419
2026-08-07T07:41:48Z,243993,11899600,18193200,94
2026-08-07T07:41:48Z,243994,5559700,16208600,92
2026-08-07T07:41:48Z,243995,19506300,22666500,183
2026-08-07T07:41:48Z,243996,25594300,25594300,18
2026-08-07T07:41:48Z,243997,32000700,32000700,67
2026-08-07T07:41:48Z,243998,620000,620000,310
2026-08-07T07:41:48Z,243999,11249600,11970000,224
2026-08-07T07:41:48Z,244000,25399500,25399500,32
2026-08-07T07:41:48Z,244001,34443500,34443500,283
2026-08-07T07:41:48Z,244002,16499600,16499600,40
2026-08-07T07:41:48Z,244003,26419800,26419900,1369
2026-08-07T07:41:48Z,244004,48000,50000,500
2026-08-07T07:41:48Z,244005,249800,249900,289
2026-08-07T07:41:48Z,244006,19979900,19979900,35
2026-08-07T07:41:48Z,244007,22702300,22772000,348
2026-08-07T07:41:48Z,244008,17999900,17999900,98
2026-08-07T07:41:48Z,244009,18249700,18249700,652
2026-08-07T07:41:48Z,244010,4500,7900,4213
2026-08-07T07:41:48Z,244011,100000,108000,5847
2026-08-07T07:41:48Z,244012,500,3000,4510
2026-08-07T07:41:48Z,244013,59400,59400,773
2026-08-07T07:41:48Z,244014,13680000,13680000,97
2026-08-07T07:41:48Z,244015,15592100,15592100,263
2026-08-07T07:41:48Z,244016,10999900,10999900,53
2026-08-07T07:41:48Z,244017,15992700,20952700,56
2026-08-07T07:41:48Z,244018,40500,50000,496
2026-08-07T07:41:48Z,244019,408300,408400,1752
2026-08-07T07:41:48Z,244020,1985200,1995400,169
2026-08-07T07:41:48Z,244021,11104600,11689900,720
2026-08-07T07:41:48Z,244022,796100,820700,147
2026-08-07T07:41:48Z,244023,19898700,19898900,148
2026-08-07T07:41:48Z,244024,1635500,1642300,104
2026-08-07T07:41:48Z,244025,27623600,27623600,89
2026-08-07T07:41:48Z,244026,5557200,5557200,54
2026-08-07T07:41:48Z,244027,31740000,31740000,39
2026-08-07T07:41:48Z,244028,30109300,30109300,206
2026-08-07T07:41:48Z,244029,37406200,37446300,2736
2026-08-07T07:41:48Z,244030,31997000,31997000,46
2026-08-07T07:41:48Z,244031,34999800,34999900,1067
2026-08-07T07:41:48Z,244032,4500,5500,1687
2026-08-07T07:41:48Z,244033,66500,66500,245
2026-08-07T07:41:48Z,244034,99000,99000,288
2026-08-07T07:41:48Z,244035,63200,63200,131
2026-08-07T07:41:48Z,244036,45500,45500,379
2026-08-07T07:41:48Z,244037,149000,149000,272
2026-08-07T07:41:48Z,244038,149999900,149999900,3
2026-08-07T07:41:48Z,244039,150009700,150009700,2
2026-08-07T07:41:48Z,244040,89980000,89980000,3
2026-08-07T07:41:48Z,244041,89980000,89980000,3
2026-08-07T07:41:48Z,244056,64400,64400,141
2026-08-07T07:41:48Z,244057,55000,90000,542
2026-08-07T07:41:48Z,244147,259800,499800,10
2026-08-07T07:41:48Z,244148,190000,190000,61
2026-08-07T07:41:48Z,244149,9900000,9900000,152
2026-08-07T07:41:48Z,244355,9909900,9909900,93
2026-08-07T07:41:48Z,244357,30000000,49000000,30
2026-08-07T07:41:48Z,244358,60000,60000,46
2026-08-07T07:41:48Z,244359,18800,18900,180
2026-08-07T07:41:48Z,244360,25000,29000,26
2026-08-07T07:41:48Z,244361,29000,29900,27
2026-08-07T07:41:48Z,244603,149000,149000,593
2026-08-07T07:41:48Z,244604,507300,507300,733
2026-08-07T07:41:48Z,244607,499900,499900,1515
2026-08-07T07:41:48Z,244608,979100,979200,130
2026-08-07T07:41:48Z,244631,170000,170000,242
2026-08-07T07:41:48Z,244632,219800,219800,285
2026-08-07T07:41:48Z,244633,28404800,28404800,273
2026-08-07T07:41:48Z,244634,24499000,24499100,1365
2026-08-07T07:41:48Z,244635,920000,920000,2791
2026-08-07T07:41:48Z,244636,889900,1012300,6871
2026-08-07T07:41:48Z,244637,201600,201600,1430
2026-08-07T07:41:48Z,244638,178500,178500,1294
2026-08-07T07:41:48Z,244639,1339900,1339900,1376
2026-08-07T07:41:48Z,244640,25989900,25989900,173
2026-08-07T07:41:48Z,244641,23994000,24494000,705
2026-08-07T07:41:48Z,244642,18945600,18945600,80
2026-08-07T07:41:48Z,244643,24395900,24395900,201
2026-08-07T07:41:48Z,244644,229900,299900,100
2026-08-07T07:41:48Z,244645,2000000,2080000,136
2026-08-07T07:41:48Z,244674,195000,195000,858
2026-08-07T07:41:48Z,244675,399900,399900,80
2026-08-07T07:41:48Z,244697,90000,90000,477
2026-08-07T07:41:48Z,244698,788800,788900,345
2026-08-07T07:41:48Z,244699,86500,86500,591
2026-08-07T07:41:48Z,244700,1993600,2221700,265
2026-08-07T07:41:48Z,244701,90000,90000,555
2026-08-07T07:41:48Z,244702,2549900,2550000,396
2026-08-07T07:41:48Z,244703,90000,90200,476
2026-08-07T07:41:48Z,244704,2781500,2827100,248
2026-08-07T07:41:48Z,244835,69000,69000,425
2026-08-07T07:41:48Z,244838,9900,40000,4516
2026-08-07T07:41:48Z,244839,90000,90000,1194
2026-08-07T07:41:48Z,244854,4000000,4440000,246
2026-08-07T07:41:48Z,245566,1140000,1140000,28
2026-08-07T07:41:48Z,245591,49002600,49002600,19
2026-08-07T07:41:48Z,245592,19900400,19900400,41
2026-08-07T07:41:48Z,245593,290000800,290000800,1
2026-08-07T07:41:48Z,245594,19900100,19900100,40
2026-08-07T07:41:48Z,245595,49009400,49009400,21
2026-08-07T07:41:48Z,245596,49002600,49002600,20
2026-08-07T07:41:48Z,245597,49001500,49001500,15
2026-08-07T07:41:48Z,245598,290002400,290002400,1
2026-08-07T07:41:48Z,245599,290005800,290005800,2
2026-08-07T07:41:48Z,245606,19908800,19908800,35
2026-08-07T07:41:48Z,245607,8830200,19909000,41
2026-08-07T07:41:48Z,245608,19900000,19900000,40
2026-08-07T07:41:48Z,245609,49002600,49002600,21
2026-08-07T07:41:48Z,245764,969800,970000,15720
2026-08-07T07:41:48Z,245765,2509100,2559300,2287
2026-08-07T07:41:48Z,245766,250000,250000,6900
2026-08-07T07:41:48Z,245767,880000,889400,4043
2026-08-07T07:41:48Z,245781,990000,1823800,181
2026-08-07T07:41:48Z,245782,2455500,2455500,673
2026-08-07T07:41:48Z,245783,475200,506200,948
2026-08-07T07:41:48Z,245784,2100000,2314700,1262
2026-08-07T07:41:48Z,245785,217800,313900,715
2026-08-07T07:41:48Z,245786,2390000,2390000,1345
2026-08-07T07:41:48Z,245787,544500,576000,331
2026-08-07T07:41:48Z,245788,2378000,2378000,750
2026-08-07T07:41:48Z,245789,298900,309900,965
2026-08-07T07:41:48Z,245790,2530000,2540000,3644
2026-08-07T07:41:48Z,245791,297000,330100,1023
2026-08-07T07:41:48Z,245792,2203700,2203700,647
2026-08-07T07:41:48Z,245794,1323500,1323500,76
2026-08-07T07:41:48Z,245795,146900,146900,264
2026-08-07T07:41:48Z,245796,1239900,1239900,79
2026-08-07T07:41:48Z,245797,108500,108500,148
2026-08-07T07:41:48Z,245798,1377600,1377600,120
2026-08-07T07:41:48Z,245799,146900,146900,212
2026-08-07T07:41:48Z,245800,394500,2479600,403
2026-08-07T07:41:48Z,245801,379800,379800,17998
2026-08-07T07:41:48Z,245802,929200,929900,1916
2026-08-07T07:41:48Z,245803,119800,119800,2031
2026-08-07T07:41:48Z,245804,329500,329700,12006
2026-08-07T07:41:48Z,245805,578100,578200,7472
2026-08-07T07:41:48Z,245806,1299800,1384500,4343
2026-08-07T07:41:48Z,245807,24400,24400,55114
2026-08-07T07:41:48Z,245808,174100,174100,61832
2026-08-07T07:41:48Z,245814,369500,369500,105
2026-08-07T07:41:48Z,245815,1885100,1885200,306
2026-08-07T07:41:48Z,245816,620000,659100,87
2026-08-07T07:41:48Z,245817,1989300,1989500,298
2026-08-07T07:41:48Z,245818,530000,594500,191
2026-08-07T07:41:48Z,245819,2499900,2499900,125
2026-08-07T07:41:48Z,245820,530000,559500,133
2026-08-07T07:41:48Z,245821,1289400,1289500,43
2026-08-07T07:41:48Z,245822,1520000,1609500,348
2026-08-07T07:41:48Z,245823,3109500,3159500,613
2026-08-07T07:41:48Z,245824,639600,639600,377
2026-08-07T07:41:48Z,245825,199000500,499999900,16
2026-08-07T07:41:48Z,245826,420000,449500,179
2026-08-07T07:41:48Z,245827,628200,698000,369
2026-08-07T07:41:48Z,245830,7000000,7700000,454
2026-08-07T07:41:48Z,245831,159900,194700,574
2026-08-07T07:41:48Z,245832,3255800,3255800,68
2026-08-07T07:41:48Z,245833,138900,138900,796
2026-08-07T07:41:48Z,245834,109900,149400,590
2026-08-07T07:41:48Z,245835,249900,285000,1513
2026-08-07T07:41:48Z,245836,174600,174600,508
2026-08-07T07:41:48Z,245837,149900,149900,716
2026-08-07T07:41:48Z,245838,4794900,4794900,325
2026-08-07T07:41:48Z,245839,89900,164500,625
2026-08-07T07:41:48Z,245840,99800,151200,1270
2026-08-07T07:41:48Z,245841,125000,154800,411
2026-08-07T07:41:48Z,245842,129900,159000,600
2026-08-07T07:41:48Z,245843,699900,779500,76
2026-08-07T07:41:48Z,245844,99900,168300,201
2026-08-07T07:41:48Z,245845,103200,153900,464
2026-08-07T07:41:48Z,245847,3999900,5939500,172
2026-08-07T07:41:48Z,245848,119900,139400,491
2026-08-07T07:41:48Z,245849,70000,149800,1184
2026-08-07T07:41:48Z,245850,59900,104600,662
2026-08-07T07:41:48Z,245851,59900,149900,389
2026-08-07T07:41:48Z,245852,129900,159800,801
2026-08-07T07:41:48Z,245853,119900,158600,569
2026-08-07T07:41:48Z,245854,118800,167000,1209
2026-08-07T07:41:48Z,245856,3999900,5500000,67
2026-08-07T07:41:48Z,245857,119900,146800,498
2026-08-07T07:41:48Z,245858,109000,159500,871
2026-08-07T07:41:48Z,245859,119800,159500,262
2026-08-07T07:41:48Z,245860,149900,199600,380
2026-08-07T07:41:48Z,245861,199200,203200,373
2026-08-07T07:41:48Z,245862,158900,159000,534
2026-08-07T07:41:48Z,245863,59800,170000,552
2026-08-07T07:41:48Z,245864,191600,191600,3728
2026-08-07T07:41:48Z,245865,8000,8900,31526
2026-08-07T07:41:48Z,245866,338600,338800,14579
2026-08-07T07:41:48Z,245867,15000,15000,12043
2026-08-07T07:41:48Z,245871,5199900,5199900,37
2026-08-07T07:41:48Z,245872,8499000,8509000,210
2026-08-07T07:41:48Z,245873,5300000,5300000,17
2026-08-07T07:41:48Z,245874,5993700,5993700,477
2026-08-07T07:41:48Z,245875,5550000,5550000,14
2026-08-07T07:41:48Z,245876,6696900,6996700,885
2026-08-07T07:41:48Z,245877,4949600,4950000,34
2026-08-07T07:41:48Z,245878,5999900,6790000,40
2026-08-07T07:41:48Z,245879,3196800,3196800,316
2026-08-07T07:41:48Z,245880,6590000,6600000,4873
2026-08-07T07:41:48Z,245881,2100,2100,69102
2026-08-07T07:41:48Z,245882,4000,4000,43318
2026-08-07T07:41:48Z,246063,290000100,290000100,1
2026-08-07T07:41:48Z,246376,9900000,9900000,37
2026-08-07T07:41:48Z,246383,920000,920000,230
2026-08-07T07:41:48Z,246447,136200,192600,12920
2026-08-07T07:41:48Z,246448,379800,581900,25359
2026-08-07T07:41:48Z,246449,1459600,1719000,5160
2026-08-07T07:41:48Z,246584,260002500,260002500,3
2026-08-07T07:41:48Z,247672,99600,99600,431
2026-08-07T07:41:48Z,247673,29600,29600,1417
2026-08-07T07:41:48Z,247692,9903900,9903900,40
2026-08-07T07:41:48Z,247693,20100,20100,61
2026-08-07T07:41:48Z,247694,9909900,9909900,43
2026-08-07T07:41:48Z,247695,185000,185000,111
2026-08-07T07:41:48Z,247696,9908700,9908700,40
2026-08-07T07:41:48Z,247698,9900000,9900000,40
2026-08-07T07:41:48Z,247699,8350800,8350800,125
2026-08-07T07:41:48Z,247700,66600,66600,81
2026-08-07T07:41:48Z,248130,75700,75800,888
2026-08-07T07:41:48Z,248132,202900,202900,189
2026-08-07T07:41:48Z,248133,4095300,4095400,192
2026-08-07T07:41:48Z,248135,9500,9500,595
2026-08-07T07:41:48Z,248136,231900,231900,109
2026-08-07T07:41:48Z,248137,990000,1205500,901
2026-08-07T07:41:48Z,248138,454900,454900,329
2026-08-07T07:41:48Z,248331,20000,20000,145
2026-08-07T07:41:48Z,248409,489900,489900,4683
2026-08-07T07:41:48Z,248486,369700,369700,4411
2026-08-07T07:41:48Z,248585,37000,37000,89
2026-08-07T07:41:48Z,248586,9999600,9999600,40
2026-08-07T07:41:48Z,248592,181300,181300,162
2026-08-07T07:41:48Z,249218,193100,350000,2293
2026-08-07T07:41:48Z,249700,8889700,8889800,68
2026-08-07T07:41:48Z,249702,8498900,8499000,90
2026-08-07T07:41:48Z,249704,7509800,7509900,78
2026-08-07T07:41:48Z,249706,3996700,3996700,21
2026-08-07T07:41:48Z,249707,1615500,1615500,259
2026-08-07T07:41:48Z,249708,3958700,3958700,232
2026-08-07T07:41:48Z,250305,19900000,19900000,59
2026-08-07T07:41:48Z,250317,701000,49000000,21
2026-08-07T07:41:48Z,250856,9900000,9900000,20
2026-08-07T07:41:48Z,250857,9900000,9900000,20
2026-08-07T07:41:48Z,250858,199000000,199000000,7
2026-08-07T07:41:48Z,250859,199000000,199000000,1
2026-08-07T07:41:48Z,250860,99999900,99999900,2
2026-08-07T07:41:48Z,250861,99999900,199008900,16
2026-08-07T07:41:48Z,250862,199008900,199008900,1
2026-08-07T07:41:48Z,250864,199008900,199008900,1
2026-08-07T07:41:48Z,250865,9908900,9908900,22
2026-08-07T07:41:48Z,250866,199008900,199008900,1
2026-08-07T07:41:48Z,250867,199008900,199008900,1
2026-08-07T07:41:48Z,250871,199008900,199008900,1
2026-08-07T07:41:48Z,251283,3829700,3949900,6334
2026-08-07T07:41:48Z,251285,4785300,5134200,14678
2026-08-07T07:41:48Z,251487,491000,496200,1328
2026-08-07T07:41:48Z,251488,4309200,4309200,359
2026-08-07T07:41:48Z,251489,1550000,1990000,62
2026-08-07T07:41:48Z,251490,5300000,5999900,1051
2026-08-07T07:41:48Z,251665,900,900,1044096
2026-08-07T07:41:48Z,251691,700,700,336298
2026-08-07T07:41:48Z,251923,522200,655500,8171
2026-08-07T07:41:48Z,253302,4400,5900,62029
2026-08-07T07:41:48Z,253303,2300,2400,239960
2026-08-07T07:41:48Z,253307,3449000,3840000,3841
2026-08-07T07:41:48Z,253403,11000,19900,2197646
2026-08-07T07:41:48Z,253622,208003600,208003600,4
2026-08-07T07:41:48Z,253623,290001100,290001100,1
2026-08-07T07:41:48Z,254874,340000,340000,389
2026-08-07T07:41:48Z,255843,55000,55000,344
2026-08-07T07:41:48Z,255844,20100,24400,92
2026-08-07T07:41:48Z,255845,4308900,4308900,3527
2026-08-07T07:41:48Z,255846,3120000,3150000,13289
2026-08-07T07:41:48Z,255847,430400,436400,73931
2026-08-07T07:41:48Z,255848,369000,369000,4516
2026-08-07T07:41:48Z,256559,1400,2000,173990
2026-08-07T07:41:48Z,257735,13300,13300,121
2026-08-07T07:41:48Z,257741,247700,247700,113
2026-08-07T07:41:48Z,257745,69300,69300,98
2026-08-07T07:41:48Z,257746,1116800,1116800,57
2026-08-07T07:41:48Z,257747,71100,71100,101
2026-08-07T07:41:48Z,257748,1091100,1111100,182
2026-08-07T07:41:48Z,257749,99000,99000,76
2026-08-07T07:41:48Z,257750,1829600,1829600,131
2026-08-07T07:41:48Z,257751,49809900,499999900,37
2026-08-07T07:41:48Z,257752,1498500,2057800,39
2026-08-07T07:41:48Z,259085,5599500,6003700,6535
2026-08-07T07:41:48Z,259894,700,700,2765
2026-08-07T07:41:48Z,260232,465500,490000,224
2026-08-07T07:41:48Z,260254,7000,7000,610
2026-08-07T07:41:48Z,260255,200000,200000,1467
2026-08-07T07:41:48Z,260256,9700,9700,1394
2026-08-07T07:41:48Z,260257,40000,40000,1842
2026-08-07T07:41:48Z,260258,9900,9900,1137
2026-08-07T07:41:48Z,260259,11700,11700,1674
2026-08-07T07:41:48Z,260260,13000,13000,747
2026-08-07T07:41:48Z,260261,10000,10000,4021
2026-08-07T07:41:48Z,260262,22100,22100,996
2026-08-07T07:41:48Z,260263,9906000,9906000,65
2026-08-07T07:41:48Z,260264,10500,10500,1393
2026-08-07T07:41:48Z,260267,9500,9500,305
2026-08-07T07:41:48Z,260268,9400,9400,1324
2026-08-07T07:41:48Z,260269,10900,10900,896
2026-08-07T07:41:48Z,260270,29900,29900,492
2026-08-07T07:41:48Z,260271,490000,490000,546
2026-08-07T07:41:48Z,260272,27500,27500,1648
2026-08-07T07:41:48Z,260273,15500,15500,1143
2026-08-07T07:41:48Z,260274,140600,140600,582
2026-08-07T07:41:48Z,260275,154400,154400,128
2026-08-07T07:41:48Z,260276,17900,17900,693
2026-08-07T07:41:48Z,260277,9000,9000,957
2026-08-07T07:41:48Z,260278,8000,8000,876
2026-08-07T07:41:48Z,260279,76800,76800,1163
2026-08-07T07:41:48Z,260280,49800,49800,641
2026-08-07T07:41:48Z,260281,83800,83800,700
2026-08-07T07:41:48Z,260282,69400,69400,245
2026-08-07T07:41:48Z,260283,59300,59300,1258
2026-08-07T07:41:48Z,260284,21100,21100,1078
2026-08-07T07:41:48Z,260285,20000,20000,915
2026-08-07T07:41:48Z,260286,1700000,1700000,139
2026-08-07T07:41:48Z,260287,29500,29500,1201
2026-08-07T07:41:48Z,260288,38900,38900,573
2026-08-07T07:41:48Z,260289,66100,69500,876
2026-08-07T07:41:48Z,260290,17500,17500,446
2026-08-07T07:41:48Z,260291,200000,200000,1736
2026-08-07T07:41:48Z,260292,449800,449900,1229
2026-08-07T07:41:48Z,260293,39900,39900,1799
2026-08-07T07:41:48Z,260294,68700,68700,1247
2026-08-07T07:41:48Z,260295,20000,20000,175
2026-08-07T07:41:48Z,260296,19700,19700,1021
2026-08-07T07:41:48Z,260297,99300,99300,664
2026-08-07T07:41:48Z,260298,23900,23900,1705
2026-08-07T07:41:48Z,260299,20900,20900,281
2026-08-07T07:41:48Z,260309,6800,6800,308
2026-08-07T07:41:48Z,260428,290002000,290002000,81
2026-08-07T07:41:48Z,260429,9000000,9000000,30
2026-08-07T07:41:48Z,260588,1119900,9909900,53
2026-08-07T07:41:48Z,260589,9999900,9999900,2
2026-08-07T07:41:48Z,260604,18800,18800,65
2026-08-07T07:41:48Z,260605,20000,20000,25
2026-08-07T07:41:48Z,260606,18900,18900,203
2026-08-07T07:41:48Z,260608,420000,430000,46
2026-08-07T07:41:48Z,260611,19900,20000,59
2026-08-07T07:41:48Z,260613,6900,6900,58
2026-08-07T07:41:48Z,260614,7300,7300,973
2026-08-07T07:41:48Z,260615,9700,18000,391
2026-08-07T07:41:48Z,260616,407600,407600,22
2026-08-07T07:41:48Z,260617,22900,22900,57
2026-08-07T07:41:48Z,260618,19700,19700,431
2026-08-07T07:41:48Z,260619,254000,254000,15
2026-08-07T07:41:48Z,260620,6400,6400,766
2026-08-07T07:41:48Z,260621,19200,19200,72
2026-08-07T07:41:48Z,260636,18900,18900,85
2026-08-07T07:41:48Z,260637,19200,19200,149
2026-08-07T07:41:48Z,260638,20600,20600,622
2026-08-07T07:41:48Z,260639,18700,18700,183
2026-08-07T07:41:48Z,260640,28700,29000,93
2026-08-07T07:41:48Z,260641,30000,30000,58
2026-08-07T07:41:48Z,260642,19200,19200,122
2026-08-07T07:41:48Z,260643,22900,23100,190
2026-08-07T07:41:48Z,260644,18700,18700,41
2026-08-07T07:41:48Z,260645,19700,19700,42
2026-08-07T07:41:48Z,260646,19300,19300,824
2026-08-07T07:41:48Z,260647,21200,21200,136
2026-08-07T07:41:48Z,260648,19100,19100,246
2026-08-07T07:41:48Z,260649,20600,20600,83
2026-08-07T07:41:48Z,260650,19600,19600,459
2026-08-07T07:41:48Z,260651,19600,19600,423
2026-08-07T07:41:48Z,260652,20900,20900,1492
2026-08-07T07:41:48Z,260653,7200,7200,504
2026-08-07T07:41:48Z,260654,7400,7400,410
2026-08-07T07:41:48Z,260655,6200,6200,203
2026-08-07T07:41:48Z,260656,7100,7100,476
2026-08-07T07:41:48Z,260657,6400,6400,343
2026-08-07T07:41:48Z,260658,7400,7400,189
2026-08-07T07:41:48Z,260659,7000,7000,2471
2026-08-07T07:41:48Z,260660,7100,7100,629
2026-08-07T07:41:48Z,260661,6400,6400,560
2026-08-07T07:41:48Z,260662,6800,6800,570
2026-08-07T07:41:48Z,260663,6900,6900,50
2026-08-07T07:41:48Z,260664,7000,7000,5563
2026-08-07T07:41:48Z,260665,6800,6800,1304
2026-08-07T07:41:48Z,260666,6400,6400,210
2026-08-07T07:41:48Z,260667,10000,10000,126
2026-08-07T07:41:48Z,260668,6100,6100,28
2026-08-07T07:41:48Z,260669,6200,6200,213
2026-08-07T07:41:48Z,260670,6100,6100,339
2026-08-07T07:41:48Z,260671,7400,7400,225
2026-08-07T07:41:48Z,260672,6800,6800,3516
2026-08-07T07:41:48Z,260673,7500,8000,147
2026-08-07T07:41:48Z,260674,74000000,74000000,3
2026-08-07T07:41:48Z,260675,229900,229900,47
2026-08-07T07:41:48Z,260676,257900,257900,26
2026-08-07T07:41:48Z,260677,238500,238500,155
2026-08-07T07:41:48Z,260678,2000000,2000000,309
2026-08-07T07:41:48Z,260679,219300,219300,10
2026-08-07T07:41:48Z,260680,218600,218600,16
2026-08-07T07:41:48Z,260681,244500,244500,5
2026-08-07T07:41:48Z,260683,257500,257500,40
2026-08-07T07:41:48Z,260684,255100,255100,51
2026-08-07T07:41:48Z,260685,261600,261600,18
2026-08-07T07:41:48Z,260686,262200,262200,7
2026-08-07T07:41:48Z,260687,233500,233500,76
2026-08-07T07:41:48Z,260688,249900,249900,42
2026-08-07T07:41:48Z,260689,253200,253200,108
2026-08-07T07:41:48Z,260690,218200,218200,13
2026-08-07T07:41:48Z,260691,243900,243900,26
2026-08-07T07:41:48Z,260692,230500,230500,68
2026-08-07T07:41:48Z,260693,234000,234000,18
2026-08-07T07:41:48Z,260694,250100,250100,4
2026-08-07T07:41:48Z,260695,236900,236900,8
2026-08-07T07:41:48Z,262562,19902000,19902000,38
2026-08-07T07:41:48Z,262563,19902000,19902000,40
2026-08-07T07:41:48Z,262564,19902000,19902000,40
2026-08-07T07:41:48Z,262565,19902000,19902000,39
2026-08-07T07:41:48Z,262650,10000,50000,1101
2026-08-07T07:41:48Z,262651,19400,19600,803
2026-08-07T07:41:48Z,262792,29900,30000,2333
2026-08-07T07:41:48Z,262793,2070000,2070000,1857
2026-08-07T07:41:48Z,262794,44907900,44907900,58
2026-08-07T07:41:48Z,262795,319489900,319500000,20
2026-08-07T07:41:48Z,262796,540008000,540008000,13
2026-08-07T07:41:48Z,262797,34700,40000,27772
2026-08-07T07:41:48Z,262798,2480000,2480000,2133
2026-08-07T07:41:48Z,262799,59009000,59499000,43
2026-08-07T07:41:48Z,262800,349610100,349610100,18
2026-08-07T07:41:48Z,262880,499999900,499999900,30
2026-08-07T07:41:48Z,264973,1508000,1508000,283
2026-08-07T07:41:48Z,264981,301100,301100,325
2026-08-07T07:41:48Z,264982,1208800,1208800,514
2026-08-07T07:41:48Z,264983,104600,104600,457
2026-08-07T07:41:48Z,264984,89700,89700,1598
2026-08-07T07:41:48Z,264985,19900,19900,309
2026-08-07T07:41:48Z,264987,349900,349900,625
2026-08-07T07:41:48Z,264989,38000,38000,695
2026-08-07T07:41:48Z,264990,199900,199900,547
2026-08-07T07:41:48Z,264991,309900,309900,160
2026-08-07T07:41:48Z,264992,186400,186400,205
2026-08-07T07:41:48Z,264993,1501100,1501100,524
2026-08-07T07:41:48Z,264994,1356600,1356600,361
2026-08-07T07:41:48Z,264995,909900,909900,138
2026-08-07T07:41:48Z,265040,290007600,290007600,6
2026-08-07T07:41:48Z,265041,4345500,6640000,29
2026-08-07T07:41:48Z,265043,290007600,290007600,1
2026-08-07T07:41:48Z,265044,990007600,990007600,1
2026-08-07T07:41:48Z,265048,290007600,290007600,1
2026-08-07T07:41:48Z,265049,290007600,290007600,2
2026-08-07T07:41:48Z,265050,290007600,290007600,1
2026-08-07T07:41:48Z,265051,851600,49001600,21
2026-08-07T07:41:48Z,265052,290007600,290007600,2
2026-08-07T07:41:48Z,265053,290007600,290007600,1
2026-08-07T07:41:48Z,265054,10000,10000,59
2026-08-07T07:41:48Z,265055,8977449300,8977449300,8
2026-08-07T07:41:48Z,265056,280007600,280007600,2
2026-08-07T07:41:48Z,265664,450000,450000,240
2026-08-07T07:41:48Z,265665,50000,9901100,70
2026-08-07T07:41:48Z,265666,490000,490000,163
2026-08-07T07:41:48Z,265667,70000,70000,283
2026-08-07T07:41:48Z,265668,130000,130000,121
2026-08-07T07:41:48Z,265669,108800,108800,155
2026-08-07T07:41:48Z,265800,140000,169800,10237
2026-08-07T07:41:48Z,265801,129800,169900,2591
2026-08-07T07:41:48Z,265803,11500000,12999800,723
2026-08-07T07:41:48Z,265816,360000,360000,15
2026-08-07T07:41:48Z,265828,499000,499000,10
2026-08-07T07:41:48Z,266002,10000,4903000,576
2026-08-07T07:41:48Z,266102,6300,450000,1134
2026-08-07T07:41:48Z,267379,234800,9990000,65
2026-08-07T07:41:48Z,267486,305000,305000,115
2026-08-07T07:41:48Z,267615,49800,49900,96
2026-08-07T07:41:48Z,267617,140000,140000,93
2026-08-07T07:41:48Z,267618,9800,9800,96
2026-08-07T07:41:48Z,267619,57800,907800,243
2026-08-07T07:41:48Z,267623,2301100,2301100,179
2026-08-07T07:41:48Z,267624,50000,50000,141
2026-08-07T07:41:48Z,267625,5000000,5000000,110
2026-08-07T07:41:48Z,267626,9999400,9999400,60
2026-08-07T07:41:48Z,267627,9999000,9999000,53
2026-08-07T07:41:48Z,267628,200000,200000,29
2026-08-07T07:41:48Z,267650,240000,240000,72
2026-08-07T07:41:48Z,267652,359900,359900,70
2026-08-07T07:41:48Z,268025,9990300,9990300,60
2026-08-07T07:41:48Z,268053,3500000,9906400,61
2026-08-07T07:41:48Z,268068,350000,350000,191
2026-08-07T07:41:48Z,268085,270000,9907900,64
2026-08-07T07:41:48Z,268110,50000,50000,74
2026-08-07T07:41:48Z,268111,120000,1990000,159
2026-08-07T07:41:48Z,268112,110700,9900000,68
2026-08-07T07:41:48Z,268115,88500,415800,85
2026-08-07T07:41:48Z,268116,120000,150000,58
2026-08-07T07:41:48Z,268954,39100,39100,8782
2026-08-07T07:41:48Z,268955,88800,88800,203
2026-08-07T07:41:48Z,269586,990000,1050000,3144
2026-08-07T07:41:48Z,272046,7400,7400,122
2026-08-07T07:41:48Z,272047,8300,8400,83
2026-08-07T07:41:48Z,272048,5500,6900,66
2026-08-07T07:41:48Z,272049,9500,9600,108
2026-08-07T07:41:48Z,272051,7900,8800,57
2026-08-07T07:41:48Z,272052,6800,7800,102
2026-08-07T07:41:48Z,272109,5100,5100,54
2026-08-07T07:41:48Z,272110,7600,7700,110
2026-08-07T07:41:48Z,272111,110000,110000,30
2026-08-07T07:41:48Z,272112,26900,26900,31
2026-08-07T07:41:48Z,272113,5000000,9990000,39
2026-08-07T07:41:48Z,272114,10000,10000,62
2026-08-07T07:41:48Z,272115,7600,7700,53
2026-08-07T07:41:48Z,272116,5700,5700,63
2026-08-07T07:41:48Z,272117,5100,5100,54
2026-08-07T07:41:48Z,272118,6400,6500,136
2026-08-07T07:41:48Z,272119,9000,9100,48
2026-08-07T07:41:48Z,272120,171500,171500,40
2026-08-07T07:41:48Z,272892,30000,70000,54
2026-08-07T07:41:48Z,272893,150000,49000000,23
2026-08-07T07:41:48Z,272894,5400,5400,41
2026-08-07T07:41:48Z,273013,1250000,1250000,30
2026-08-07T07:41:48Z,273014,11900,12000,98
2026-08-07T07:41:48Z,274772,4000,4400,374
2026-08-07T07:41:48Z,274774,372700,372700,85
2026-08-07T07:41:48Z,274775,9906500,9906500,19
2026-08-07T07:41:48Z,274793,3040000,9900000,22
2026-08-07T07:41:48Z,274794,88200,88300,62
2026-08-07T07:41:48Z,275699,5000000,7000000,9
2026-08-07T07:41:48Z,276343,250000,250000,63
2026-08-07T07:41:48Z,276344,270000,290000,35
2026-08-07T07:41:48Z,276345,123400,123400,37
2026-08-07T07:41:48Z,276348,1850000,4000000,29
2026-08-07T07:41:48Z,276349,50000,50000,31
2026-08-07T07:41:48Z,276350,357600,357600,36
2026-08-07T07:41:48Z,276353,1750000,1800000,58
2026-08-07T07:41:48Z,276354,9500007600,9500007600,1
2026-08-07T07:41:48Z,276355,1500000,1500000,35
2026-08-07T07:41:48Z,276357,27502000,28004400,41
2026-08-07T07:41:48Z,276358,500000,500000,48
2026-08-07T07:41:48Z,276359,1200000,1200000,43
2026-08-07T07:41:48Z,276360,1990000,2000000,44
2026-08-07T07:41:48Z,276361,20000000,21000000,27
2026-08-07T07:41:48Z,276362,1500000,1500000,25
2026-08-07T07:41:48Z,276374,1500700,1509900,320
2026-08-07T07:41:48Z,276375,400000,500000,120
