updated_utc,item_id,floor_copper,market_copper,quantity
2026-08-26T02:31:16Z,117,200,400,406
2026-08-26T02:31:16Z,118,500,1500,717
2026-08-26T02:31:16Z,159,100,100,8509
2026-08-26T02:31:16Z,414,400,2700,91
2026-08-26T02:31:16Z,422,400,400,80
2026-08-26T02:31:16Z,537,8000,49000000,21
2026-08-26T02:31:16Z,555,9500000100,9500000100,1
2026-08-26T02:31:16Z,556,49000200,49000200,23
2026-08-26T02:31:16Z,723,500,800,3685
2026-08-26T02:31:16Z,724,300,300,130
2026-08-26T02:31:16Z,729,290000100,290000100,1
2026-08-26T02:31:16Z,730,49000100,49000100,8
2026-08-26T02:31:16Z,731,290000100,290000100,1
2026-08-26T02:31:16Z,732,88789500,88789500,3
2026-08-26T02:31:16Z,733,600,600,182
2026-08-26T02:31:16Z,765,24000,34600,15094
2026-08-26T02:31:16Z,769,6900,9900,19334
2026-08-26T02:31:16Z,770,44000,44000,25
2026-08-26T02:31:16Z,771,800,800,39
2026-08-26T02:31:16Z,774,9500,45000,77888
2026-08-26T02:31:16Z,779,701400,701400,26
2026-08-26T02:31:16Z,783,22200,30300,3726
2026-08-26T02:31:16Z,785,24700,25600,29951
2026-08-26T02:31:16Z,787,2600,2600,86
2026-08-26T02:31:16Z,813,49000100,49000100,20
2026-08-26T02:31:16Z,814,200,200,701
2026-08-26T02:31:16Z,818,9000,45000,42125
2026-08-26T02:31:16Z,858,400,400,585
2026-08-26T02:31:16Z,878,280000100,280000100,1
2026-08-26T02:31:16Z,929,100,600,590
2026-08-26T02:31:16Z,954,10900,10900,32
2026-08-26T02:31:16Z,955,1500,1500,241
2026-08-26T02:31:16Z,961,10100,10100,60
2026-08-26T02:31:16Z,1015,2100,2100,1966
2026-08-26T02:31:16Z,1017,300,300,115
2026-08-26T02:31:16Z,1074,1500,1500,38
2026-08-26T02:31:16Z,1080,4400,4500,1360
2026-08-26T02:31:16Z,1081,49000100,49000100,20
2026-08-26T02:31:16Z,1082,19400,20400,91
2026-08-26T02:31:16Z,1175,49000100,49000100,17
2026-08-26T02:31:16Z,1177,200,200,39
2026-08-26T02:31:16Z,1178,18731700,19994000,45
2026-08-26T02:31:16Z,1179,100,100,1940
2026-08-26T02:31:16Z,1180,1500,1500,138
2026-08-26T02:31:16Z,1181,900,900,152
2026-08-26T02:31:16Z,1205,200,200,269
2026-08-26T02:31:16Z,1206,140000,147500,636
2026-08-26T02:31:16Z,1210,8900,45000,121398
2026-08-26T02:31:16Z,1222,49000100,49000100,32
2026-08-26T02:31:16Z,1251,100,200,947
2026-08-26T02:31:16Z,1274,49000100,49000100,44
2026-08-26T02:31:16Z,1288,1400,5400,7658
2026-08-26T02:31:16Z,1326,19990000,19990000,10
2026-08-26T02:31:16Z,1399,199999900,199999900,4
2026-08-26T02:31:16Z,1401,249990000,249990000,1
2026-08-26T02:31:16Z,1468,300,300,23239
2026-08-26T02:31:16Z,1475,10400,11000,2066
2026-08-26T02:31:16Z,1476,209400,1092000,24
2026-08-26T02:31:16Z,1477,600,600,568
2026-08-26T02:31:16Z,1478,251000,9781000,24
2026-08-26T02:31:16Z,1520,1500,1600,172
2026-08-26T02:31:16Z,1529,10000,16900,4656
2026-08-26T02:31:16Z,1630,990000100,990000100,1
2026-08-26T02:31:16Z,1645,400,3000,5752
2026-08-26T02:31:16Z,1686,9901100,9901100,101
2026-08-26T02:31:16Z,1687,1000400,49000400,21
2026-08-26T02:31:16Z,1688,290001300,290001300,1
2026-08-26T02:31:16Z,1696,1000,1000,51
2026-08-26T02:31:16Z,1697,1200700,1500700,88
2026-08-26T02:31:16Z,1701,1000,1000,45
2026-08-26T02:31:16Z,1702,49000000,49000000,20
2026-08-26T02:31:16Z,1703,196990000,196990000,3
2026-08-26T02:31:16Z,1705,6900,13400,69360
2026-08-26T02:31:16Z,1706,290000200,290000200,1
2026-08-26T02:31:16Z,1707,100,100,119
2026-08-26T02:31:16Z,1708,200,300,359
2026-08-26T02:31:16Z,1710,300,300,954
2026-08-26T02:31:16Z,1711,400,400,706
2026-08-26T02:31:16Z,1712,231300,231300,51
2026-08-26T02:31:16Z,2070,100,100,90
2026-08-26T02:31:16Z,2091,199000000,199000000,3
2026-08-26T02:31:16Z,2251,3800,4800,14700
2026-08-26T02:31:16Z,2287,100,100,276
2026-08-26T02:31:16Z,2289,200,200,472
2026-08-26T02:31:16Z,2290,600,600,551
2026-08-26T02:31:16Z,2295,500,500,34
2026-08-26T02:31:16Z,2296,291053900,291053900,2
2026-08-26T02:31:16Z,2304,900,58800,575
2026-08-26T02:31:16Z,2313,5900,5900,67
2026-08-26T02:31:16Z,2318,10000,17500,45070
2026-08-26T02:31:16Z,2319,36800,126600,9454
2026-08-26T02:31:16Z,2320,100,100,815128
2026-08-26T02:31:16Z,2321,600,600,8896
2026-08-26T02:31:16Z,2324,900,900,58993
2026-08-26T02:31:16Z,2325,3400,3400,83043
2026-08-26T02:31:16Z,2447,19900,39900,54021
2026-08-26T02:31:16Z,2449,23500,23600,9234
2026-08-26T02:31:16Z,2450,29800,37500,30291
2026-08-26T02:31:16Z,2452,25900,29800,15263
2026-08-26T02:31:16Z,2453,22700,39800,8771
2026-08-26T02:31:16Z,2454,30000,30000,434
2026-08-26T02:31:16Z,2455,200,300,361
2026-08-26T02:31:16Z,2456,1000,1000,147
2026-08-26T02:31:16Z,2457,89500,89500,358
2026-08-26T02:31:16Z,2458,86200,86200,318
2026-08-26T02:31:16Z,2459,89700,140000,7436
2026-08-26T02:31:16Z,2460,300000,500000,2293
2026-08-26T02:31:16Z,2512,364100,364100,830
2026-08-26T02:31:16Z,2515,557700,557700,2200
2026-08-26T02:31:16Z,2516,1780700,1780700,795
2026-08-26T02:31:16Z,2519,99900,119900,1871
2026-08-26T02:31:16Z,2581,800,800,378
2026-08-26T02:31:16Z,2589,300,500,4587853
2026-08-26T02:31:16Z,2590,8500000100,8500000100,1
2026-08-26T02:31:16Z,2591,990000100,990000100,1
2026-08-26T02:31:16Z,2592,700,1600,273669
2026-08-26T02:31:16Z,2593,24200,24200,95
2026-08-26T02:31:16Z,2594,3200,3200,86
2026-08-26T02:31:16Z,2595,17000,17000,159
2026-08-26T02:31:16Z,2596,40300,40300,126
2026-08-26T02:31:16Z,2604,100,100,530267
2026-08-26T02:31:16Z,2605,200,200,32070
2026-08-26T02:31:16Z,2608,12500,12500,25
2026-08-26T02:31:16Z,2665,15500,15500,336
2026-08-26T02:31:16Z,2672,800,9900,1303
2026-08-26T02:31:16Z,2673,29900,490000,3165
2026-08-26T02:31:16Z,2674,17900,20900,1226
2026-08-26T02:31:16Z,2675,8000,12100,3700
2026-08-26T02:31:16Z,2677,12800,88200,6772
2026-08-26T02:31:16Z,2678,100,100,48303
2026-08-26T02:31:16Z,2679,10200,10200,132
2026-08-26T02:31:16Z,2680,20000,20000,347
2026-08-26T02:31:16Z,2681,100,200,247
2026-08-26T02:31:16Z,2682,100,6800,120
2026-08-26T02:31:16Z,2683,5000,5000,200
2026-08-26T02:31:16Z,2684,3200,3300,111
2026-08-26T02:31:16Z,2685,9780500,9780500,40
2026-08-26T02:31:16Z,2686,709800,709800,66
2026-08-26T02:31:16Z,2687,39200,39200,975
2026-08-26T02:31:16Z,2692,49000100,49000100,20
2026-08-26T02:31:16Z,2723,100,100,73
2026-08-26T02:31:16Z,2725,722200,992200,38
2026-08-26T02:31:16Z,2728,415800,505800,38
2026-08-26T02:31:16Z,2730,504100,994100,45
2026-08-26T02:31:16Z,2732,9990000,9990000,30
2026-08-26T02:31:16Z,2734,550000,990000,33
2026-08-26T02:31:16Z,2735,308800,608800,44
2026-08-26T02:31:16Z,2738,2500000,2500000,23
2026-08-26T02:31:16Z,2740,3009900,9989900,32
2026-08-26T02:31:16Z,2742,504900,994900,34
2026-08-26T02:31:16Z,2744,996700,9993400,31
2026-08-26T02:31:16Z,2745,603700,603700,47
2026-08-26T02:31:16Z,2748,990000,9900000,31
2026-08-26T02:31:16Z,2749,550000,990000,37
2026-08-26T02:31:16Z,2750,451600,651600,38
2026-08-26T02:31:16Z,2751,750000,9990000,34
2026-08-26T02:31:16Z,2770,19000,26400,146727
2026-08-26T02:31:16Z,2771,20000,21700,40528
2026-08-26T02:31:16Z,2772,59900,130000,7456
2026-08-26T02:31:16Z,2775,136900,150000,12181
2026-08-26T02:31:16Z,2776,64500,69000,3912
2026-08-26T02:31:16Z,2798,8300,8300,120
2026-08-26T02:31:16Z,2799,700,700,134
2026-08-26T02:31:16Z,2835,400,800,1265517
2026-08-26T02:31:16Z,2836,1100,7500,65058
2026-08-26T02:31:16Z,2838,3200,3600,10622
2026-08-26T02:31:16Z,2840,22000,30000,71542
2026-08-26T02:31:16Z,2841,30000,30000,12717
2026-08-26T02:31:16Z,2842,123000,140000,2887
2026-08-26T02:31:16Z,2862,200,200,2684
2026-08-26T02:31:16Z,2863,200,200,95
2026-08-26T02:31:16Z,2871,3600,3600,512
2026-08-26T02:31:16Z,2880,100,100,10286
2026-08-26T02:31:16Z,2886,10100,12000,2363
2026-08-26T02:31:16Z,2888,60000,60000,167
2026-08-26T02:31:16Z,2892,112900,112900,48
2026-08-26T02:31:16Z,2893,290000100,290000100,1
2026-08-26T02:31:16Z,2894,337800,337800,88
2026-08-26T02:31:16Z,2924,1500,1700,1471
2026-08-26T02:31:16Z,2928,1500000100,1500000100,1
2026-08-26T02:31:16Z,2930,290000100,290000100,1
2026-08-26T02:31:16Z,2934,10800,50000,18066
2026-08-26T02:31:16Z,2940,10000,49000000,21
2026-08-26T02:31:16Z,2946,198000000,198000000,473
2026-08-26T02:31:16Z,2947,199904700,199904700,551
2026-08-26T02:31:16Z,2996,2500,4500,174710
2026-08-26T02:31:16Z,2997,6000,6500,3382
2026-08-26T02:31:16Z,3010,19900100,19900100,41
2026-08-26T02:31:16Z,3012,29900,29900,61
2026-08-26T02:31:16Z,3013,15300,15300,34
2026-08-26T02:31:16Z,3030,9100100,9100100,3012
2026-08-26T02:31:16Z,3033,4900100,4900100,200
2026-08-26T02:31:16Z,3107,3500000000,3500000000,1
2026-08-26T02:31:16Z,3108,3430350100,3430350100,1
2026-08-26T02:31:16Z,3111,3438351700,3438351700,1
2026-08-26T02:31:16Z,3137,19989900,19989900,9
2026-08-26T02:31:16Z,3164,14959900,14959900,37
2026-08-26T02:31:16Z,3167,49000300,49000300,20
2026-08-26T02:31:16Z,3168,20000100,26990100,38
2026-08-26T02:31:16Z,3169,600,600,47
2026-08-26T02:31:16Z,3170,600,600,43
2026-08-26T02:31:16Z,3171,5000,5000,48
2026-08-26T02:31:16Z,3172,49000100,49000100,11
2026-08-26T02:31:16Z,3173,15000,29900,4670
2026-08-26T02:31:16Z,3174,290000100,290000100,1
2026-08-26T02:31:16Z,3175,49000200,49000200,20
2026-08-26T02:31:16Z,3176,2644200,49000200,21
2026-08-26T02:31:16Z,3177,35001000,49001000,21
2026-08-26T02:31:16Z,3179,49000200,49000200,20
2026-08-26T02:31:16Z,3180,15000,15000,46
2026-08-26T02:31:16Z,3181,125000,490000,107
2026-08-26T02:31:16Z,3182,789800,799800,218
2026-08-26T02:31:16Z,3220,100,100,132
2026-08-26T02:31:16Z,3239,200,200,284
2026-08-26T02:31:16Z,3240,5000,9000,97
2026-08-26T02:31:16Z,3241,5000,5300,95
2026-08-26T02:31:16Z,3299,100,100,54
2026-08-26T02:31:16Z,3300,22100,22100,264
2026-08-26T02:31:16Z,3301,600,600,38
2026-08-26T02:31:16Z,3340,999600,999600,80
2026-08-26T02:31:16Z,3355,33200,73500,9034
2026-08-26T02:31:16Z,3356,42900,45900,2196
2026-08-26T02:31:16Z,3357,53400,57300,22007
2026-08-26T02:31:16Z,3358,213500,214900,3739
2026-08-26T02:31:16Z,3369,150000,152400,2915
2026-08-26T02:31:16Z,3371,100,100,62846
2026-08-26T02:31:16Z,3372,49009500,49009600,71
2026-08-26T02:31:16Z,3382,600,70000,1263
2026-08-26T02:31:16Z,3383,9100,9100,665
2026-08-26T02:31:16Z,3385,300,12500,343
2026-08-26T02:31:16Z,3386,71300,71300,107
2026-08-26T02:31:16Z,3387,560100,9960000,34
2026-08-26T02:31:16Z,3388,8600,8600,495
2026-08-26T02:31:16Z,3389,5000,20400,141
2026-08-26T02:31:16Z,3390,498100,498100,601
2026-08-26T02:31:16Z,3391,391900,391900,193
2026-08-26T02:31:16Z,3401,117400,49007400,79
2026-08-26T02:31:16Z,3402,89600,90200,24
2026-08-26T02:31:16Z,3403,400,400,38
2026-08-26T02:31:16Z,3404,44400,72900,2865
2026-08-26T02:31:16Z,3448,9900500,9900500,24
2026-08-26T02:31:16Z,3464,1500000100,1500000100,1
2026-08-26T02:31:16Z,3465,5500000100,5500000100,1
2026-08-26T02:31:16Z,3466,1800,1800,9166
2026-08-26T02:31:16Z,3470,1500,1600,2384
2026-08-26T02:31:16Z,3478,4000,4800,38752
2026-08-26T02:31:16Z,3486,13000,13400,222206
2026-08-26T02:31:16Z,3530,50000,50000,183
2026-08-26T02:31:16Z,3531,1000,1000,230
2026-08-26T02:31:16Z,3575,61500,61500,2563
2026-08-26T02:31:16Z,3576,24600,24600,4264
2026-08-26T02:31:16Z,3577,74000,95000,11259
2026-08-26T02:31:16Z,3662,140000,140000,106
2026-08-26T02:31:16Z,3663,4200,4200,93
2026-08-26T02:31:16Z,3664,500,500,297
2026-08-26T02:31:16Z,3665,1500,1500,147
2026-08-26T02:31:16Z,3666,500,150000,317
2026-08-26T02:31:16Z,3667,400,700,2133
2026-08-26T02:31:16Z,3669,3300,3300,110
2026-08-26T02:31:16Z,3670,140000,140000,268
2026-08-26T02:31:16Z,3671,2600,2600,64
2026-08-26T02:31:16Z,3673,159000,159000,61
2026-08-26T02:31:16Z,3674,1100,1100,47
2026-08-26T02:31:16Z,3676,69800,99800,341
2026-08-26T02:31:16Z,3685,4300,4400,71452
2026-08-26T02:31:16Z,3702,49001200,49001200,20
2026-08-26T02:31:16Z,3703,9995800,9995800,23
2026-08-26T02:31:16Z,3712,13400,13900,12524
2026-08-26T02:31:16Z,3713,290000100,290000100,1
2026-08-26T02:31:16Z,3726,6625300,6625300,97
2026-08-26T02:31:16Z,3727,200000,200000,125
2026-08-26T02:31:16Z,3728,131000,131000,276
2026-08-26T02:31:16Z,3729,400,400,243
2026-08-26T02:31:16Z,3730,1600,3600,1302
2026-08-26T02:31:16Z,3731,138400,138400,9281
2026-08-26T02:31:16Z,3745,120000000,120000000,11
2026-08-26T02:31:16Z,3769,450000100,450000100,2
2026-08-26T02:31:16Z,3770,300,300,562
2026-08-26T02:31:16Z,3771,100,200,372
2026-08-26T02:31:16Z,3775,149900,149900,58
2026-08-26T02:31:16Z,3776,290000300,290000300,2
2026-08-26T02:31:16Z,3818,96900,120000,2967
2026-08-26T02:31:16Z,3819,95400,149800,9581
2026-08-26T02:31:16Z,3820,47000,53000,3078
2026-08-26T02:31:16Z,3821,186900,190100,4420
2026-08-26T02:31:16Z,3823,12000,14700,202
2026-08-26T02:31:16Z,3824,742600,742600,124
2026-08-26T02:31:16Z,3825,50000,50000,151
2026-08-26T02:31:16Z,3826,39500,9988700,44
2026-08-26T02:31:16Z,3827,3300,3300,724
2026-08-26T02:31:16Z,3828,1345600,1345600,53
2026-08-26T02:31:16Z,3829,775900,775900,331
2026-08-26T02:31:16Z,3857,200,800,7334
2026-08-26T02:31:16Z,3858,46000,49700,16577
2026-08-26T02:31:16Z,3859,59400,100000,8169
2026-08-26T02:31:16Z,3860,52500,52500,34009
2026-08-26T02:31:16Z,3864,10000,13900,739
2026-08-26T02:31:16Z,3927,9000,9000,8869
2026-08-26T02:31:16Z,3928,400,13000,1095
2026-08-26T02:31:16Z,3931,5500,5500,40
2026-08-26T02:31:16Z,4093,49001100,49001100,20
2026-08-26T02:31:16Z,4096,49001000,49001000,16
2026-08-26T02:31:16Z,4097,49003900,49003900,20
2026-08-26T02:31:16Z,4099,990001700,990001700,1
2026-08-26T02:31:16Z,4231,30000,38000,13225
2026-08-26T02:31:16Z,4232,16900,29200,9657
2026-08-26T02:31:16Z,4233,28000,28600,26808
2026-08-26T02:31:16Z,4234,50000,91000,29251
2026-08-26T02:31:16Z,4235,390200,490000,429
2026-08-26T02:31:16Z,4236,627200,627200,1658
2026-08-26T02:31:16Z,4265,2000,2000,74
2026-08-26T02:31:16Z,4278,410000,410000,299
2026-08-26T02:31:16Z,4289,100,200,1685942
2026-08-26T02:31:16Z,4291,600,700,72204
2026-08-26T02:31:16Z,4304,54800,100700,67077
2026-08-26T02:31:16Z,4305,2500,2500,33516
2026-08-26T02:31:16Z,4306,900,1000,382974
2026-08-26T02:31:16Z,4337,1100,1900,4611
2026-08-26T02:31:16Z,4338,800,800,1012727
2026-08-26T02:31:16Z,4339,4000,5100,37920
2026-08-26T02:31:16Z,4340,600,600,12502
2026-08-26T02:31:16Z,4341,600,700,97417
2026-08-26T02:31:16Z,4342,1000,1300,35253
2026-08-26T02:31:16Z,4357,1500,4900,17021
2026-08-26T02:31:16Z,4358,3100,3100,259
2026-08-26T02:31:16Z,4359,33500,45800,144271
2026-08-26T02:31:16Z,4360,2000,3400,203
2026-08-26T02:31:16Z,4361,6500,6500,49
2026-08-26T02:31:16Z,4363,3400,3400,28
2026-08-26T02:31:16Z,4364,1000,2900,15478
2026-08-26T02:31:16Z,4365,800,800,351
2026-08-26T02:31:16Z,4366,43900,43900,116
2026-08-26T02:31:16Z,4367,137300,137300,43
2026-08-26T02:31:16Z,4370,3000,3000,53
2026-08-26T02:31:16Z,4371,66900,76400,8024
2026-08-26T02:31:16Z,4374,237000,237000,26
2026-08-26T02:31:16Z,4375,74500,74500,2437
2026-08-26T02:31:16Z,4377,7500,7700,3866
2026-08-26T02:31:16Z,4378,46000,46000,42
2026-08-26T02:31:16Z,4380,2600,2600,153
2026-08-26T02:31:16Z,4382,50100,75300,680
2026-08-26T02:31:16Z,4384,1800,1800,446
2026-08-26T02:31:16Z,4387,59500,60000,596
2026-08-26T02:31:16Z,4389,49500,67500,718
2026-08-26T02:31:16Z,4390,14800,14800,161
2026-08-26T02:31:16Z,4391,984200,9905000,21
2026-08-26T02:31:16Z,4392,1152200,1152200,317
2026-08-26T02:31:16Z,4394,149900,169900,205
2026-08-26T02:31:16Z,4395,672700,672700,81
2026-08-26T02:31:16Z,4398,430200,430200,81
2026-08-26T02:31:16Z,4399,300,300,14503
2026-08-26T02:31:16Z,4400,4400,4400,2192
2026-08-26T02:31:16Z,4402,839500,839500,570
2026-08-26T02:31:16Z,4404,20000,50100,1267
2026-08-26T02:31:16Z,4405,2000,5400,63
2026-08-26T02:31:16Z,4406,450000,450000,85
2026-08-26T02:31:16Z,4407,55000,55000,105
2026-08-26T02:31:16Z,4419,8900,8900,75
2026-08-26T02:31:16Z,4421,100000,9900000,22
2026-08-26T02:31:16Z,4422,22500,22500,149
2026-08-26T02:31:16Z,4424,7500,7500,117
2026-08-26T02:31:16Z,4425,22500,22500,182
2026-08-26T02:31:16Z,4426,7100,7100,256
2026-08-26T02:31:16Z,4428,40000,40000,35
2026-08-26T02:31:16Z,4457,9758600,9758600,73
2026-08-26T02:31:16Z,4459,180000200,180000200,4
2026-08-26T02:31:16Z,4460,1550000,1550000,34
2026-08-26T02:31:16Z,4461,89500,89500,1250
2026-08-26T02:31:16Z,4470,100,100,19072
2026-08-26T02:31:16Z,4479,102700,102700,28
2026-08-26T02:31:16Z,4480,6000,7500,67
2026-08-26T02:31:16Z,4481,1473400,1483400,16
2026-08-26T02:31:16Z,4536,200,200,190
2026-08-26T02:31:16Z,4537,60000,66500,120
2026-08-26T02:31:16Z,4538,400,1900,69
2026-08-26T02:31:16Z,4539,200,200,89
2026-08-26T02:31:16Z,4540,2700,2700,98
2026-08-26T02:31:16Z,4541,4800,4800,72
2026-08-26T02:31:16Z,4542,200,9900000,46
2026-08-26T02:31:16Z,4544,500,500,57
2026-08-26T02:31:16Z,4552,49000800,49000800,20
2026-08-26T02:31:16Z,4553,8500000700,8500000700,1
2026-08-26T02:31:16Z,4554,49001100,49001100,20
2026-08-26T02:31:16Z,4555,200,200,72
2026-08-26T02:31:16Z,4556,4783100,44633100,47
2026-08-26T02:31:16Z,4557,999700,999700,30
2026-08-26T02:31:16Z,4558,150500,7900500,126
2026-08-26T02:31:16Z,4580,49001200,49001200,23
2026-08-26T02:31:16Z,4581,49001300,49001300,20
2026-08-26T02:31:16Z,4582,113900,113900,52
2026-08-26T02:31:16Z,4583,49001300,49001300,20
2026-08-26T02:31:16Z,4584,8500001500,8500001500,1
2026-08-26T02:31:16Z,4585,800,800,68
2026-08-26T02:31:16Z,4586,5300,5300,43
2026-08-26T02:31:16Z,4587,53200,53200,34
2026-08-26T02:31:16Z,4588,2480000,2480000,5
2026-08-26T02:31:16Z,4589,290000800,290000800,1
2026-08-26T02:31:16Z,4590,1500001000,1500001000,1
2026-08-26T02:31:16Z,4591,1500000700,1500000700,1
2026-08-26T02:31:16Z,4592,900,330000,473
2026-08-26T02:31:16Z,4593,900,900,188
2026-08-26T02:31:16Z,4594,6100,6200,66
2026-08-26T02:31:16Z,4595,8000,8000,57
2026-08-26T02:31:16Z,4596,6448200,28118700,8
2026-08-26T02:31:16Z,4599,100,200,492
2026-08-26T02:31:16Z,4600,2600,2600,104
2026-08-26T02:31:16Z,4601,2400,2400,54
2026-08-26T02:31:16Z,4602,400,400,75
2026-08-26T02:31:16Z,4603,165000,165100,8566
2026-08-26T02:31:16Z,4604,200,200,163
2026-08-26T02:31:16Z,4605,300,300,73
2026-08-26T02:31:16Z,4606,200,200,83
2026-08-26T02:31:16Z,4607,200,200,101
2026-08-26T02:31:16Z,4608,200,200,480
2026-08-26T02:31:16Z,4611,630000,630000,95
2026-08-26T02:31:16Z,4623,1086500,9990000,37
2026-08-26T02:31:16Z,4625,23800,850000,20825
2026-08-26T02:31:16Z,4655,324500,324500,257
2026-08-26T02:31:16Z,4656,200,200,134
2026-08-26T02:31:16Z,4757,596100,596100,27
2026-08-26T02:31:16Z,4775,4000,4000,48
2026-08-26T02:31:16Z,4776,10000,49000000,22
2026-08-26T02:31:16Z,4779,49000100,49000100,22
2026-08-26T02:31:16Z,4780,49000100,49000100,20
2026-08-26T02:31:16Z,4784,400,400,322
2026-08-26T02:31:16Z,4787,600,600,212
2026-08-26T02:31:16Z,4791,4000,9894000,34
2026-08-26T02:31:16Z,4813,21500,21500,31
2026-08-26T02:31:16Z,4814,700,700,32
2026-08-26T02:31:16Z,4852,19993400,19993400,10
2026-08-26T02:31:16Z,4865,1000100,9900100,110
2026-08-26T02:31:16Z,4867,5468900,5468900,30
2026-08-26T02:31:16Z,4872,49000000,49000000,24
2026-08-26T02:31:16Z,4873,49000100,49000100,20
2026-08-26T02:31:16Z,4874,78900,220100,35
2026-08-26T02:31:16Z,4875,49000100,49000100,31
2026-08-26T02:31:16Z,4876,49000000,49000000,21
2026-08-26T02:31:16Z,4877,660900,660900,34
2026-08-26T02:31:16Z,4879,290000100,290000100,2
2026-08-26T02:31:16Z,4880,1500000200,1500000200,2
2026-08-26T02:31:16Z,4960,1500000100,1500000100,25
2026-08-26T02:31:16Z,5042,9900,25500,638
2026-08-26T02:31:16Z,5048,66600,70000,159
2026-08-26T02:31:16Z,5051,3100,10300,244
2026-08-26T02:31:16Z,5066,9990000,9990000,40
2026-08-26T02:31:16Z,5075,400,400,165
2026-08-26T02:31:16Z,5082,1990000,4550000,120
2026-08-26T02:31:16Z,5095,10800,49900,97
2026-08-26T02:31:16Z,5113,39900,1209900,40
2026-08-26T02:31:16Z,5114,300,300,97
2026-08-26T02:31:16Z,5115,400,400,53
2026-08-26T02:31:16Z,5117,2000000,2000000,32
2026-08-26T02:31:16Z,5118,10000200,10000200,37
2026-08-26T02:31:16Z,5121,49000300,49000300,24
2026-08-26T02:31:16Z,5122,490500,49000500,22
2026-08-26T02:31:16Z,5123,9500000200,9500000200,1
2026-08-26T02:31:16Z,5124,9000,9000,80
2026-08-26T02:31:16Z,5125,49000100,49000100,22
2026-08-26T02:31:16Z,5128,707200,707200,35
2026-08-26T02:31:16Z,5133,2555400,2555400,37
2026-08-26T02:31:16Z,5134,49008000,49008000,27
2026-08-26T02:31:16Z,5135,4800,49004800,23
2026-08-26T02:31:16Z,5136,200,200,33
2026-08-26T02:31:16Z,5137,400,400,60
2026-08-26T02:31:16Z,5140,32009900,32009900,40
2026-08-26T02:31:16Z,5173,49000100,49000100,18
2026-08-26T02:31:16Z,5205,5000,5000,35
2026-08-26T02:31:16Z,5206,13300,13300,114
2026-08-26T02:31:16Z,5237,54400,49008200,23
2026-08-26T02:31:16Z,5263,59800,60000,301
2026-08-26T02:31:16Z,5329,9990000,9990000,40
2026-08-26T02:31:16Z,5342,1700,2200,90
2026-08-26T02:31:16Z,5361,49000000,49000000,21
2026-08-26T02:31:16Z,5362,290000100,290000100,1
2026-08-26T02:31:16Z,5363,2119700,2119700,25
2026-08-26T02:31:16Z,5364,290000100,290000100,1
2026-08-26T02:31:16Z,5367,49009900,49009900,20
2026-08-26T02:31:16Z,5368,2007800,2007800,36
2026-08-26T02:31:16Z,5369,45000100,45000100,29
2026-08-26T02:31:16Z,5370,197992000,197992000,17
2026-08-26T02:31:16Z,5371,49000100,49000100,20
2026-08-26T02:31:16Z,5373,434900,483200,53
2026-08-26T02:31:16Z,5374,2193500,49003600,22
2026-08-26T02:31:16Z,5375,49000200,49000200,19
2026-08-26T02:31:16Z,5376,53800,53800,34
2026-08-26T02:31:16Z,5377,49000100,49000100,20
2026-08-26T02:31:16Z,5379,49000100,49000100,18
2026-08-26T02:31:16Z,5427,49000300,49000300,20
2026-08-26T02:31:16Z,5428,20000,20000,35
2026-08-26T02:31:16Z,5429,49000300,49000300,20
2026-08-26T02:31:16Z,5430,49000500,49000500,20
2026-08-26T02:31:16Z,5431,49000300,49000300,20
2026-08-26T02:31:16Z,5432,49000500,49000500,20
2026-08-26T02:31:16Z,5433,290000500,290000500,2
2026-08-26T02:31:16Z,5435,49000500,49000500,20
2026-08-26T02:31:16Z,5465,500,1100,3352
2026-08-26T02:31:16Z,5466,1900,2000,2673
2026-08-26T02:31:16Z,5467,2300,4100,1787
2026-08-26T02:31:16Z,5468,1480000,1480000,477
2026-08-26T02:31:16Z,5469,1500,1500,1747
2026-08-26T02:31:16Z,5470,3500,199900,1144
2026-08-26T02:31:16Z,5471,300,500,1323
2026-08-26T02:31:16Z,5472,700,700,379
2026-08-26T02:31:16Z,5473,1999900,2000000,47
2026-08-26T02:31:16Z,5474,1002700,1002700,150
2026-08-26T02:31:16Z,5476,9893000,9893000,65
2026-08-26T02:31:16Z,5477,49500,58200,107
2026-08-26T02:31:16Z,5478,340800,9907000,41
2026-08-26T02:31:16Z,5479,9899600,9899600,58
2026-08-26T02:31:16Z,5480,9949400,9949400,40
2026-08-26T02:31:16Z,5498,17500,31000,2150
2026-08-26T02:31:16Z,5500,55500,62800,611
2026-08-26T02:31:16Z,5503,2000,3200,60608
2026-08-26T02:31:16Z,5504,6400,6400,2896
2026-08-26T02:31:16Z,5506,49000200,49000200,22
2026-08-26T02:31:16Z,5523,4000,4100,805
2026-08-26T02:31:16Z,5524,9000,9000,791
2026-08-26T02:31:16Z,5525,100,100,507
2026-08-26T02:31:16Z,5526,2400,2500,203
2026-08-26T02:31:16Z,5527,200,200,1341
2026-08-26T02:31:16Z,5529,9900200,9900200,100
2026-08-26T02:31:16Z,5530,290000200,290000200,2
2026-08-26T02:31:16Z,5565,990001900,990001900,1
2026-08-26T02:31:16Z,5566,5253900,49000200,22
2026-08-26T02:31:16Z,5567,2006900,49006900,23
2026-08-26T02:31:16Z,5568,8500000100,8500000100,1
2026-08-26T02:31:16Z,5569,30300,30300,41
2026-08-26T02:31:16Z,5602,290000100,290000100,1
2026-08-26T02:31:16Z,5631,100000,9903000,43
2026-08-26T02:31:16Z,5633,476400,476400,153
2026-08-26T02:31:16Z,5634,339400,339400,234
2026-08-26T02:31:16Z,5635,3500,3600,1303
2026-08-26T02:31:16Z,5636,290000200,290000200,1
2026-08-26T02:31:16Z,5637,19000,21600,6539
2026-08-26T02:31:16Z,5740,58900,58900,71
2026-08-26T02:31:16Z,5741,8500000200,8500000200,2
2026-08-26T02:31:16Z,5784,4000,4900,4156
2026-08-26T02:31:16Z,5785,19500,29300,676
2026-08-26T02:31:16Z,5829,1000,1000,113
2026-08-26T02:31:16Z,5833,57900,57900,178
2026-08-26T02:31:16Z,5871,290000500,290000500,2
2026-08-26T02:31:16Z,5996,194100,194100,411
2026-08-26T02:31:16Z,5997,1400,1400,760
2026-08-26T02:31:16Z,6037,77700,86200,12080
2026-08-26T02:31:16Z,6038,9996100,9996100,34
2026-08-26T02:31:16Z,6041,6000000,6000000,36
2026-08-26T02:31:16Z,6042,91900,329300,72
2026-08-26T02:31:16Z,6043,308200,308200,123
2026-08-26T02:31:16Z,6048,47400,264700,854
2026-08-26T02:31:16Z,6049,28700,990000,227
2026-08-26T02:31:16Z,6050,1000,990000,220
2026-08-26T02:31:16Z,6051,40700,990000,238
2026-08-26T02:31:16Z,6052,20000,990000,232
2026-08-26T02:31:16Z,6149,1000,2300,346
2026-08-26T02:31:16Z,6150,1415900,12010000,1508
2026-08-26T02:31:16Z,6260,100,100,56869
2026-08-26T02:31:16Z,6261,3000,3000,23491
2026-08-26T02:31:16Z,6289,8000,8000,7526
2026-08-26T02:31:16Z,6290,1100,1200,540
2026-08-26T02:31:16Z,6291,1000,1000,2335
2026-08-26T02:31:16Z,6293,49000100,49000100,24
2026-08-26T02:31:16Z,6296,49000100,49000100,20
2026-08-26T02:31:16Z,6297,4000,9904000,101
2026-08-26T02:31:16Z,6298,60200,60200,24
2026-08-26T02:31:16Z,6299,1000,1000,102
2026-08-26T02:31:16Z,6303,4900,4900,1574
2026-08-26T02:31:16Z,6304,290000100,290000100,1
2026-08-26T02:31:16Z,6305,290000100,290000100,1
2026-08-26T02:31:16Z,6306,290000100,290000100,1
2026-08-26T02:31:16Z,6308,4700,12700,34695
2026-08-26T02:31:16Z,6316,9703300,9703300,38
2026-08-26T02:31:16Z,6317,150000,199900,1867
2026-08-26T02:31:16Z,6358,35800,38200,13216
2026-08-26T02:31:16Z,6359,33500,37300,16942
2026-08-26T02:31:16Z,6361,4000,199900,3988
2026-08-26T02:31:16Z,6362,4900,9900,4856
2026-08-26T02:31:16Z,6370,72000,72000,310
2026-08-26T02:31:16Z,6371,50000,50000,660
2026-08-26T02:31:16Z,6372,49900,129000,882
2026-08-26T02:31:16Z,6373,120000,120000,163
2026-08-26T02:31:16Z,6444,6900,6900,85
2026-08-26T02:31:16Z,6445,14900,14900,41
2026-08-26T02:31:16Z,6450,3500,3500,486
2026-08-26T02:31:16Z,6451,17100,17100,223
2026-08-26T02:31:16Z,6452,4500,4500,705
2026-08-26T02:31:16Z,6453,2502400,9985000,26
2026-08-26T02:31:16Z,6455,1500100,19900100,41
2026-08-26T02:31:16Z,6456,49000100,49000100,21
2026-08-26T02:31:16Z,6457,49006500,49006500,20
2026-08-26T02:31:16Z,6458,1100100,1100100,393
2026-08-26T02:31:16Z,6470,7500,8000,2379
2026-08-26T02:31:16Z,6471,9800,10000,1847
2026-08-26T02:31:16Z,6522,269900,290000,24188
2026-08-26T02:31:16Z,6529,500,500,875
2026-08-26T02:31:16Z,6530,100,200,737
2026-08-26T02:31:16Z,6532,200,200,280
2026-08-26T02:31:16Z,6533,29900,1990000,106
2026-08-26T02:31:16Z,6657,265000,300000,62414
2026-08-26T02:31:16Z,6662,129400,186200,8285
2026-08-26T02:31:16Z,6712,70000,118000,1025
2026-08-26T02:31:16Z,6714,149800,149800,298
2026-08-26T02:31:16Z,6807,122000,122000,110
2026-08-26T02:31:16Z,6811,9903500,9903500,44
2026-08-26T02:31:16Z,6826,9900,9900,32
2026-08-26T02:31:16Z,6887,70000,70000,303
2026-08-26T02:31:16Z,6888,200,200,337
2026-08-26T02:31:16Z,6889,66900,88400,34188
2026-08-26T02:31:16Z,6890,234700,234700,60
2026-08-26T02:31:16Z,6947,16300,16300,68
2026-08-26T02:31:16Z,6949,290000100,290000100,1
2026-08-26T02:31:16Z,6950,290000100,290000100,1
2026-08-26T02:31:16Z,6951,290000200,290000200,1
2026-08-26T02:31:16Z,6986,49000100,49000100,28
2026-08-26T02:31:16Z,7067,100,11900,1811
2026-08-26T02:31:16Z,7068,400,400,5851
2026-08-26T02:31:16Z,7069,135900,186400,2219
2026-08-26T02:31:16Z,7070,700,1300,4574
2026-08-26T02:31:16Z,7071,34100,34500,836
2026-08-26T02:31:16Z,7072,4006000,6095500,47
2026-08-26T02:31:16Z,7073,300,300,61
2026-08-26T02:31:16Z,7074,2700,2700,27
2026-08-26T02:31:16Z,7075,400,1000,16521
2026-08-26T02:31:16Z,7076,11900,92500,49162
2026-08-26T02:31:16Z,7077,400,400,6712
2026-08-26T02:31:16Z,7078,600,399900,95643
2026-08-26T02:31:16Z,7079,4400,6400,2070
2026-08-26T02:31:16Z,7080,929800,1000000,1234
2026-08-26T02:31:16Z,7081,700000,970200,435
2026-08-26T02:31:16Z,7082,100000,749900,1718
2026-08-26T02:31:16Z,7096,10000,10000,57
2026-08-26T02:31:16Z,7097,600,700,151
2026-08-26T02:31:16Z,7098,9900,9900,46
2026-08-26T02:31:16Z,7099,180000,180000,36
2026-08-26T02:31:16Z,7100,2400,2400,42
2026-08-26T02:31:16Z,7101,102000,49002000,23
2026-08-26T02:31:16Z,7191,46900,46900,5635
2026-08-26T02:31:16Z,7228,98800,98800,973
2026-08-26T02:31:16Z,7286,7800,17500,13201
2026-08-26T02:31:16Z,7287,1500000200,1500000200,1
2026-08-26T02:31:16Z,7296,156300,194900,37
2026-08-26T02:31:16Z,7307,800,900,109
2026-08-26T02:31:16Z,7392,207000,207000,781
2026-08-26T02:31:16Z,7428,290003800,290003800,1
2026-08-26T02:31:16Z,7676,15500,19500,1068
2026-08-26T02:31:16Z,7909,6500,50000,79423
2026-08-26T02:31:16Z,7910,12200,12400,1587
2026-08-26T02:31:16Z,7911,294000,300000,3332
2026-08-26T02:31:16Z,7912,14000,16900,194248
2026-08-26T02:31:16Z,7964,9900,9900,329
2026-08-26T02:31:16Z,7965,46400,46400,135
2026-08-26T02:31:16Z,7966,110000,110000,1522
2026-08-26T02:31:16Z,7967,309400,559400,79
2026-08-26T02:31:16Z,7971,60000,87700,1291
2026-08-26T02:31:16Z,7972,400,500,2090
2026-08-26T02:31:16Z,7973,128400,128400,1454
2026-08-26T02:31:16Z,7974,500,800,28245
2026-08-26T02:31:16Z,8067,49000100,49000100,20
2026-08-26T02:31:16Z,8068,49000100,49000100,23
2026-08-26T02:31:16Z,8069,49000100,49000100,22
2026-08-26T02:31:16Z,8146,600,600,49
2026-08-26T02:31:16Z,8150,300,400,23954
2026-08-26T02:31:16Z,8151,5300,5300,200
2026-08-26T02:31:16Z,8152,1000000,9900000,83
2026-08-26T02:31:16Z,8153,4505500,5477700,2431
2026-08-26T02:31:16Z,8154,8800,8800,5874
2026-08-26T02:31:16Z,8165,80000,356400,5265
2026-08-26T02:31:16Z,8167,25000,85000,25929
2026-08-26T02:31:16Z,8168,49000200,49000200,14
2026-08-26T02:31:16Z,8169,8300,11000,14266
2026-08-26T02:31:16Z,8170,34700,40600,12397
2026-08-26T02:31:16Z,8171,10000,20000,2487
2026-08-26T02:31:16Z,8172,19200,19300,25002
2026-08-26T02:31:16Z,8173,4500,4500,136
2026-08-26T02:31:16Z,8244,7008900,7008900,98
2026-08-26T02:31:16Z,8343,700,800,23292
2026-08-26T02:31:16Z,8364,23300,23300,50
2026-08-26T02:31:16Z,8365,8500,10000,2084
2026-08-26T02:31:16Z,8368,990001600,990001600,4
2026-08-26T02:31:16Z,8391,19909900,19909900,13
2026-08-26T02:31:16Z,8392,195550000,195550000,3
2026-08-26T02:31:16Z,8393,19990000,19990000,10
2026-08-26T02:31:16Z,8394,39999500,39999500,8
2026-08-26T02:31:16Z,8396,9990500,9990500,19
2026-08-26T02:31:16Z,8483,49000300,49000300,20
2026-08-26T02:31:16Z,8508,290000300,290000300,1
2026-08-26T02:31:16Z,8544,1990000,1990000,161
2026-08-26T02:31:16Z,8545,3000,3000,276
2026-08-26T02:31:16Z,8766,200,200,344
2026-08-26T02:31:16Z,8827,191100,200000,1940
2026-08-26T02:31:16Z,8831,75500,850000,10164
2026-08-26T02:31:16Z,8836,29000000,29000000,87
2026-08-26T02:31:16Z,8838,20000,28300,20125
2026-08-26T02:31:16Z,8839,41400,45000,7318
2026-08-26T02:31:16Z,8845,299900,551900,1886
2026-08-26T02:31:16Z,8846,62400,930000,14989
2026-08-26T02:31:16Z,8923,290572800,290572800,17
2026-08-26T02:31:16Z,8924,990000100,990000100,1
2026-08-26T02:31:16Z,8925,49002000,49002000,23
2026-08-26T02:31:16Z,8926,1500000200,1500000200,1
2026-08-26T02:31:16Z,8927,49000300,49000300,9
2026-08-26T02:31:16Z,8928,1500000400,1500000400,1
2026-08-26T02:31:16Z,8932,300,300,83
2026-08-26T02:31:16Z,8948,300,300,318
2026-08-26T02:31:16Z,8949,20000,20000,547
2026-08-26T02:31:16Z,8950,300,300,131
2026-08-26T02:31:16Z,8951,21600,74900,461
2026-08-26T02:31:16Z,8952,200,300,157
2026-08-26T02:31:16Z,8953,2200,2200,64
2026-08-26T02:31:16Z,8956,70000,70000,69
2026-08-26T02:31:16Z,8957,9600,9600,54
2026-08-26T02:31:16Z,8959,1400,850000,1735
2026-08-26T02:31:16Z,8984,290000100,290000100,1
2026-08-26T02:31:16Z,8985,1500000100,1500000100,1
2026-08-26T02:31:16Z,9030,9790900,9790900,23
2026-08-26T02:31:16Z,9060,497500,497500,296
2026-08-26T02:31:16Z,9061,70000,91100,1405
2026-08-26T02:31:16Z,9088,209700,209700,289
2026-08-26T02:31:16Z,9144,180000,990000,230
2026-08-26T02:31:16Z,9154,1000,1000,297
2026-08-26T02:31:16Z,9155,18500,18500,73
2026-08-26T02:31:16Z,9172,270000,279900,116
2026-08-26T02:31:16Z,9179,234900,234900,108
2026-08-26T02:31:16Z,9186,1500000300,1500000300,1
2026-08-26T02:31:16Z,9187,160000,160000,207
2026-08-26T02:31:16Z,9197,1200000,1200000,74
2026-08-26T02:31:16Z,9206,568000,568000,50
2026-08-26T02:31:16Z,9210,974100,974100,1410
2026-08-26T02:31:16Z,9224,626500,626500,191
2026-08-26T02:31:16Z,9233,800,800,798
2026-08-26T02:31:16Z,9260,14300,155500,7680
2026-08-26T02:31:16Z,9261,49000400,49000400,21
2026-08-26T02:31:16Z,9262,1000,1100,3996
2026-08-26T02:31:16Z,9264,2100000,2100000,70
2026-08-26T02:31:16Z,9308,29500,29500,688
2026-08-26T02:31:16Z,9312,5500,9900,293
2026-08-26T02:31:16Z,9313,8400,8400,234
2026-08-26T02:31:16Z,9314,49300,50000,66
2026-08-26T02:31:16Z,9315,72500,72500,63
2026-08-26T02:31:16Z,9317,749900,749900,73
2026-08-26T02:31:16Z,9318,9700,10200,215
2026-08-26T02:31:16Z,9332,57200,57200,56
2026-08-26T02:31:16Z,9333,455700,455700,72
2026-08-26T02:31:16Z,9334,9800,9800,54
2026-08-26T02:31:16Z,9335,7800,7800,124
2026-08-26T02:31:16Z,9336,434800,434800,37
2026-08-26T02:31:16Z,9355,49000600,49000600,20
2026-08-26T02:31:16Z,9356,1503900,1504400,24
2026-08-26T02:31:16Z,9357,495300,4905300,24
2026-08-26T02:31:16Z,9358,40000400,49000400,21
2026-08-26T02:31:16Z,9399,1500000100,1500000100,1
2026-08-26T02:31:16Z,9451,500,500,127
2026-08-26T02:31:16Z,9681,450000100,450000100,1
2026-08-26T02:31:16Z,10285,15000,15000,1817
2026-08-26T02:31:16Z,10286,600,700,13412
2026-08-26T02:31:16Z,10290,1200,1200,25363
2026-08-26T02:31:16Z,10305,199990000,199990000,1
2026-08-26T02:31:16Z,10306,9000,66200,45
2026-08-26T02:31:16Z,10307,40000,45000,53
2026-08-26T02:31:16Z,10308,130000,130000,1603
2026-08-26T02:31:16Z,10309,36000,66100,68
2026-08-26T02:31:16Z,10310,20000,20000,61
2026-08-26T02:31:16Z,10450,8500000600,8500000600,1
2026-08-26T02:31:16Z,10457,990000300,990000300,1
2026-08-26T02:31:16Z,10505,42400,42500,4527
2026-08-26T02:31:16Z,10507,70300,70300,1557
2026-08-26T02:31:16Z,10512,290000100,290000100,20
2026-08-26T02:31:16Z,10513,49000100,49000100,10
2026-08-26T02:31:16Z,10514,9853600,9853600,20
2026-08-26T02:31:16Z,10546,309900,699900,34
2026-08-26T02:31:16Z,10548,460000,460000,36
2026-08-26T02:31:16Z,10558,34500,34500,1733
2026-08-26T02:31:16Z,10559,173500,175000,449
2026-08-26T02:31:16Z,10560,54200,137700,20329
2026-08-26T02:31:16Z,10561,134000,137100,1533
2026-08-26T02:31:16Z,10562,800,800,276
2026-08-26T02:31:16Z,10586,500600,1108800,36
2026-08-26T02:31:16Z,10592,190000,204400,425
2026-08-26T02:31:16Z,10593,218700,218800,3918
2026-08-26T02:31:16Z,10620,17200,36800,132464
2026-08-26T02:31:16Z,10646,9900800,9900800,20
2026-08-26T02:31:16Z,10647,10700,10700,2787
2026-08-26T02:31:16Z,10648,49009900,49009900,22
2026-08-26T02:31:16Z,10839,15000100,15000100,3
2026-08-26T02:31:16Z,10840,290000100,290000100,2
2026-08-26T02:31:16Z,10841,207800,9905000,47
2026-08-26T02:31:16Z,10918,133400,133400,25
2026-08-26T02:31:16Z,10920,5500000300,5500000300,2
2026-08-26T02:31:16Z,10921,1500000100,1500000100,1
2026-08-26T02:31:16Z,10922,5500000400,5500000400,1
2026-08-26T02:31:16Z,10938,3000,3500,5967
2026-08-26T02:31:16Z,10939,6300,18700,56083
2026-08-26T02:31:16Z,10940,4000,4000,285158
2026-08-26T02:31:16Z,11018,20000,20000,414
2026-08-26T02:31:16Z,11022,8507500,8507500,94
2026-08-26T02:31:16Z,11040,150000,230000,76
2026-08-26T02:31:16Z,11184,40000,49000,225
2026-08-26T02:31:16Z,11185,30000,387900,314
2026-08-26T02:31:16Z,11186,70000,80000,377
2026-08-26T02:31:16Z,11188,9800,10000,322
2026-08-26T02:31:16Z,11284,4851100,4851100,1199
2026-08-26T02:31:16Z,11285,4805900,4805900,1020
2026-08-26T02:31:16Z,11291,13100,13300,3854
2026-08-26T02:31:16Z,11325,27500,34200,719
2026-08-26T02:31:16Z,11370,189900,235000,22935
2026-08-26T02:31:16Z,11371,1920000,1929400,3121
2026-08-26T02:31:16Z,11382,5920000,6983600,2716
2026-08-26T02:31:16Z,11384,2000200,2000200,56
2026-08-26T02:31:16Z,11385,49000100,49000100,20
2026-08-26T02:31:16Z,11386,49001100,49001100,27
2026-08-26T02:31:16Z,11387,49001600,49001600,10
2026-08-26T02:31:16Z,11388,1500000300,1500000300,1
2026-08-26T02:31:16Z,11389,290003300,290003300,1
2026-08-26T02:31:16Z,11390,290000200,290000200,12
2026-08-26T02:31:16Z,11391,800,800,48
2026-08-26T02:31:16Z,11392,1400,1400,40
2026-08-26T02:31:16Z,11393,42000,42000,48
2026-08-26T02:31:16Z,11394,4300,4300,44
2026-08-26T02:31:16Z,11395,49001300,49001300,22
2026-08-26T02:31:16Z,11402,290003800,290003800,3
2026-08-26T02:31:16Z,11403,49002400,49002400,20
2026-08-26T02:31:16Z,11404,102300,142300,29
2026-08-26T02:31:16Z,11406,50000,50000,53
2026-08-26T02:31:16Z,11407,100000,49000000,21
2026-08-26T02:31:16Z,11408,49001400,49001400,20
2026-08-26T02:31:16Z,11409,49005200,49005200,20
2026-08-26T02:31:16Z,11410,49000900,49000900,21
2026-08-26T02:31:16Z,11414,49002600,49002700,21
2026-08-26T02:31:16Z,11415,30000,30000,57
2026-08-26T02:31:16Z,11416,5000000,5000000,26
2026-08-26T02:31:16Z,11417,480000,49000000,23
2026-08-26T02:31:16Z,11418,55000,55000,29
2026-08-26T02:31:16Z,11419,200000000,200000000,4
2026-08-26T02:31:16Z,11420,290002600,290002600,2
2026-08-26T02:31:16Z,11444,8400,8400,63
2026-08-26T02:31:16Z,11584,9800,9800,266
2026-08-26T02:31:16Z,11590,300000,300000,36
2026-08-26T02:31:16Z,11630,290000100,290000100,1
2026-08-26T02:31:16Z,11754,6900,7400,8384
2026-08-26T02:31:16Z,11846,704500,704500,35
2026-08-26T02:31:16Z,11939,50000,50000,46
2026-08-26T02:31:16Z,11940,99000,99000,65
2026-08-26T02:31:16Z,11941,29100,29100,37
2026-08-26T02:31:16Z,11942,309000,309000,30
2026-08-26T02:31:16Z,12003,25000000,25000000,8
2026-08-26T02:31:16Z,12037,1200,4900,3636
2026-08-26T02:31:16Z,12184,1100,2400,33833
2026-08-26T02:31:16Z,12190,29900,29900,145
2026-08-26T02:31:16Z,12202,2000,2300,2363
2026-08-26T02:31:16Z,12203,200,199900,25218
2026-08-26T02:31:16Z,12204,1100,1600,1914
2026-08-26T02:31:16Z,12205,200,600,34565
2026-08-26T02:31:16Z,12206,5900,199900,7560
2026-08-26T02:31:16Z,12207,10000,14700,13821
2026-08-26T02:31:16Z,12208,400,500,13808
2026-08-26T02:31:16Z,12209,501500,501500,158
2026-08-26T02:31:16Z,12210,1000,2000,266
2026-08-26T02:31:16Z,12212,10000,10000,104
2026-08-26T02:31:16Z,12213,66500,66500,54
2026-08-26T02:31:16Z,12214,74300,74300,82
2026-08-26T02:31:16Z,12215,1970600,1970600,123
2026-08-26T02:31:16Z,12216,500,2000,136
2026-08-26T02:31:16Z,12217,979500,979500,41
2026-08-26T02:31:16Z,12218,225000,371200,247
2026-08-26T02:31:16Z,12223,5900,5900,1843
2026-08-26T02:31:16Z,12224,4370400,9909900,37
2026-08-26T02:31:16Z,12238,140000,296900,49
2026-08-26T02:31:16Z,12359,24500,25000,196813
2026-08-26T02:31:16Z,12360,859900,879900,1760
2026-08-26T02:31:16Z,12361,10100,15000,362
2026-08-26T02:31:16Z,12363,880000,890000,22974
2026-08-26T02:31:16Z,12364,20100,33700,851
2026-08-26T02:31:16Z,12365,300,300,267919
2026-08-26T02:31:16Z,12404,900,7100,2031
2026-08-26T02:31:16Z,12430,199000000,199000000,10
2026-08-26T02:31:16Z,12431,39999600,39999600,10
2026-08-26T02:31:16Z,12432,187156700,187156700,18
2026-08-26T02:31:16Z,12433,49500000,49500000,5
2026-08-26T02:31:16Z,12434,25006500,25006500,8
2026-08-26T02:31:16Z,12435,6000,6000,56
2026-08-26T02:31:16Z,12436,199988200,199988200,1
2026-08-26T02:31:16Z,12607,50000,50000,1269
2026-08-26T02:31:16Z,12643,14100,39900,1392
2026-08-26T02:31:16Z,12644,2700,2800,5935
2026-08-26T02:31:16Z,12645,712000,712400,153
2026-08-26T02:31:16Z,12655,60500,61500,6287
2026-08-26T02:31:16Z,12735,7800,7800,33
2026-08-26T02:31:16Z,12799,110000,114700,1335
2026-08-26T02:31:16Z,12800,29400,42700,827
2026-08-26T02:31:16Z,12803,148800,150700,1686
2026-08-26T02:31:16Z,12804,3500,4100,967
2026-08-26T02:31:16Z,12808,890000,910000,5189
2026-08-26T02:31:16Z,12809,350000,350000,495
2026-08-26T02:31:16Z,12810,999900,999900,6395
2026-08-26T02:31:16Z,12811,350000,609900,6942
2026-08-26T02:31:16Z,12820,666600,843200,2100
2026-08-26T02:31:16Z,13159,4900,5000,55
2026-08-26T02:31:16Z,13362,501900,49001900,22
2026-08-26T02:31:16Z,13363,96100,96100,26
2026-08-26T02:31:16Z,13364,149900,49009900,24
2026-08-26T02:31:16Z,13365,509900,49009900,22
2026-08-26T02:31:16Z,13366,49004500,49004500,22
2026-08-26T02:31:16Z,13422,9900,9900,972
2026-08-26T02:31:16Z,13423,40000,40000,1346
2026-08-26T02:31:16Z,13442,120000,120000,328
2026-08-26T02:31:16Z,13443,500,700,322
2026-08-26T02:31:16Z,13444,1400,1500,597
2026-08-26T02:31:16Z,13445,47300,47400,98
2026-08-26T02:31:16Z,13446,8300,8600,2120
2026-08-26T02:31:16Z,13447,1400,1400,179
2026-08-26T02:31:16Z,13452,150000,190000,279
2026-08-26T02:31:16Z,13453,55000,55000,134
2026-08-26T02:31:16Z,13454,79500,79500,392
2026-08-26T02:31:16Z,13455,51500,52100,50
2026-08-26T02:31:16Z,13456,107200,107200,214
2026-08-26T02:31:16Z,13457,25700,25700,1755
2026-08-26T02:31:16Z,13458,31500,9845300,44
2026-08-26T02:31:16Z,13459,49900,139900,57
2026-08-26T02:31:16Z,13460,1999000,9903500,29
2026-08-26T02:31:16Z,13461,87700,9843300,45
2026-08-26T02:31:16Z,13462,259700,989800,378
2026-08-26T02:31:16Z,13463,16000,18900,79840
2026-08-26T02:31:16Z,13464,15000,19600,12672
2026-08-26T02:31:16Z,13465,15400,44200,25937
2026-08-26T02:31:16Z,13466,58200,78000,15832
2026-08-26T02:31:16Z,13467,69800,96500,20307
2026-08-26T02:31:16Z,13468,9500000,9500000,4364
2026-08-26T02:31:16Z,13506,1649900,1649900,57
2026-08-26T02:31:16Z,13510,9992700,9992700,147
2026-08-26T02:31:16Z,13511,13490000,13499900,31
2026-08-26T02:31:16Z,13512,9552800,9552800,121
2026-08-26T02:31:16Z,13546,299900,9999900,57
2026-08-26T02:31:16Z,13724,9281700,9281700,52
2026-08-26T02:31:16Z,13754,19900,490000,3636
2026-08-26T02:31:16Z,13755,1658900,1998300,1052
2026-08-26T02:31:16Z,13756,66400,66400,786
2026-08-26T02:31:16Z,13757,8800,199900,10437
2026-08-26T02:31:16Z,13758,22000,199900,4160
2026-08-26T02:31:16Z,13759,95000,157200,1727
2026-08-26T02:31:16Z,13760,105000,117200,3024
2026-08-26T02:31:16Z,13851,1000,1000,164
2026-08-26T02:31:16Z,13888,30000,55800,8756
2026-08-26T02:31:16Z,13889,52500,52600,3686
2026-08-26T02:31:16Z,13890,49000200,49000200,20
2026-08-26T02:31:16Z,13893,2975500,2980000,1623
2026-08-26T02:31:16Z,13926,4490000,4753000,418
2026-08-26T02:31:16Z,13927,150700,150700,105
2026-08-26T02:31:16Z,13928,1889000,1889000,155
2026-08-26T02:31:16Z,13929,25900,25900,156
2026-08-26T02:31:16Z,13930,120000,120000,197
2026-08-26T02:31:16Z,13931,100000,100000,79
2026-08-26T02:31:16Z,13932,15000,15000,140
2026-08-26T02:31:16Z,13933,18700,18700,174
2026-08-26T02:31:16Z,13934,108500,109900,37
2026-08-26T02:31:16Z,13935,45000,45100,110
2026-08-26T02:31:16Z,14047,12800,16300,27390
2026-08-26T02:31:16Z,14048,37000,41500,2524
2026-08-26T02:31:16Z,14227,300000,1415400,1060
2026-08-26T02:31:16Z,14256,768800,775000,2383
2026-08-26T02:31:16Z,14341,3300,3300,11666
2026-08-26T02:31:16Z,14342,2150000,2150000,1367
2026-08-26T02:31:16Z,14343,2400,2500,11454
2026-08-26T02:31:16Z,14344,1600,7300,1078585
2026-08-26T02:31:16Z,14529,1989900,1989900,233
2026-08-26T02:31:16Z,14530,91600,91600,266
2026-08-26T02:31:16Z,15327,3500000000,3500000000,1
2026-08-26T02:31:16Z,15407,48300,48300,6768
2026-08-26T02:31:16Z,15408,9990000,9990000,51
2026-08-26T02:31:16Z,15409,49007800,49007800,24
2026-08-26T02:31:16Z,15410,150000,175500,1372
2026-08-26T02:31:16Z,15412,15100,17900,774
2026-08-26T02:31:16Z,15414,90000,510000,1168
2026-08-26T02:31:16Z,15415,4618400,5131500,111
2026-08-26T02:31:16Z,15416,12900,19900,10785
2026-08-26T02:31:16Z,15417,132300,132300,413
2026-08-26T02:31:16Z,15419,683000,683000,4099
2026-08-26T02:31:16Z,15420,12300000,12300000,72
2026-08-26T02:31:16Z,15422,290000800,290000800,1
2026-08-26T02:31:16Z,15423,290000800,290000800,1
2026-08-26T02:31:16Z,15564,1900,1900,63
2026-08-26T02:31:16Z,15869,7300,7400,719
2026-08-26T02:31:16Z,15870,19900,20000,753
2026-08-26T02:31:16Z,15871,22000,22000,350
2026-08-26T02:31:16Z,15872,430000,507200,79
2026-08-26T02:31:16Z,15992,4400,4500,4898
2026-08-26T02:31:16Z,15993,11000,11000,110
2026-08-26T02:31:16Z,15994,50000,147500,111939
2026-08-26T02:31:16Z,15997,290000000,290000000,1
2026-08-26T02:31:16Z,16000,58000,108000,613
2026-08-26T02:31:16Z,16005,9992700,9992700,20
2026-08-26T02:31:16Z,16006,1179500,1199900,1326
2026-08-26T02:31:16Z,16023,4046800,4046800,30
2026-08-26T02:31:16Z,16040,9994700,9994700,21
2026-08-26T02:31:16Z,16166,6768700,9899800,44
2026-08-26T02:31:16Z,16167,9799800,9799800,39
2026-08-26T02:31:16Z,16168,9800000,9800000,35
2026-08-26T02:31:16Z,16169,9899900,9899900,40
2026-08-26T02:31:16Z,16170,9909800,9909800,40
2026-08-26T02:31:16Z,16202,109000,229000,2609
2026-08-26T02:31:16Z,16203,306000,320000,3404
2026-08-26T02:31:16Z,16204,11000,11000,13790
2026-08-26T02:31:16Z,16583,290003800,290003800,1
2026-08-26T02:31:16Z,16747,49000100,49000100,20
2026-08-26T02:31:16Z,16748,49000100,49000100,20
2026-08-26T02:31:16Z,16766,2000,2000,218
2026-08-26T02:31:16Z,16971,9990000,9990000,21
2026-08-26T02:31:16Z,17010,9700,9800,6189
2026-08-26T02:31:16Z,17011,2500,22000,2036
2026-08-26T02:31:16Z,17012,10500,13000,3967
2026-08-26T02:31:16Z,17020,49002300,49002300,210
2026-08-26T02:31:16Z,17021,290000300,290000300,1
2026-08-26T02:31:16Z,17026,990000400,990000400,1
2026-08-26T02:31:16Z,17028,290000300,290000300,1
2026-08-26T02:31:16Z,17029,199999900,199999900,2
2026-08-26T02:31:16Z,17030,299000800,299000800,1
2026-08-26T02:31:16Z,17031,49999700,49999700,47
2026-08-26T02:31:16Z,17032,49000800,49000800,45
2026-08-26T02:31:16Z,17033,290009900,290009900,1
2026-08-26T02:31:16Z,17034,290000000,290000000,15
2026-08-26T02:31:16Z,17036,8500000400,8500000400,1
2026-08-26T02:31:16Z,17037,8500000600,8500000600,1
2026-08-26T02:31:16Z,17038,990000800,990000800,1
2026-08-26T02:31:16Z,17056,300,1300,29223
2026-08-26T02:31:16Z,17057,200,200,174
2026-08-26T02:31:16Z,17058,1000,1000,279
2026-08-26T02:31:16Z,17119,650000,651200,73
2026-08-26T02:31:16Z,17194,3000,5000,9017
2026-08-26T02:31:16Z,17196,33300,33300,794
2026-08-26T02:31:16Z,17197,129900,129900,52
2026-08-26T02:31:16Z,17198,407400,407400,61
2026-08-26T02:31:16Z,17202,1000,1300,778438
2026-08-26T02:31:16Z,17203,1404000,1749800,419
2026-08-26T02:31:16Z,17222,400,400,289
2026-08-26T02:31:16Z,17303,57800,57800,410
2026-08-26T02:31:16Z,17304,49500,49500,339
2026-08-26T02:31:16Z,17307,49300,49300,238
2026-08-26T02:31:16Z,17344,19900000,19900000,37
2026-08-26T02:31:16Z,17402,900000,900000,79
2026-08-26T02:31:16Z,17403,701500,701500,75
2026-08-26T02:31:16Z,17404,9000,9893000,47
2026-08-26T02:31:16Z,17405,50000,50000,63
2026-08-26T02:31:16Z,17406,29800,9857400,47
2026-08-26T02:31:16Z,17407,499900,499900,66
2026-08-26T02:31:16Z,17408,9950000,9950000,28
2026-08-26T02:31:16Z,17708,399900,400000,76
2026-08-26T02:31:16Z,17747,8880000,9800100,28
2026-08-26T02:31:16Z,17771,9553500,9553500,698
2026-08-26T02:31:16Z,18042,290000100,290000100,1
2026-08-26T02:31:16Z,18045,500,500,176
2026-08-26T02:31:16Z,18222,3100,36900,118
2026-08-26T02:31:16Z,18223,6200,6200,63
2026-08-26T02:31:16Z,18224,1800,1800,165
2026-08-26T02:31:16Z,18225,10004400,10004400,30
2026-08-26T02:31:16Z,18226,290000700,290000700,2
2026-08-26T02:31:16Z,18227,49004000,49004000,27
2026-08-26T02:31:16Z,18230,30600,30600,28
2026-08-26T02:31:16Z,18232,4440000,4440000,146
2026-08-26T02:31:16Z,18233,109900,30000000,26
2026-08-26T02:31:16Z,18234,17777700,17777700,26
2026-08-26T02:31:16Z,18236,49003700,49003700,37
2026-08-26T02:31:16Z,18237,49000800,49000800,55
2026-08-26T02:31:16Z,18251,4862600,4862600,25
2026-08-26T02:31:16Z,18253,28500,30000,63
2026-08-26T02:31:16Z,18254,221800,221800,60
2026-08-26T02:31:16Z,18255,207000,207000,2399
2026-08-26T02:31:16Z,18256,40000000,40000000,60
2026-08-26T02:31:16Z,18262,459900,459900,1295
2026-08-26T02:31:16Z,18283,85481000,85481000,12
2026-08-26T02:31:16Z,18285,40185500,40185500,29
2026-08-26T02:31:16Z,18286,14500,14500,50
2026-08-26T02:31:16Z,18287,111100,111100,65
2026-08-26T02:31:16Z,18288,111100,111100,250
2026-08-26T02:31:16Z,18294,213300,213300,424
2026-08-26T02:31:16Z,18300,39990000,39990000,6
2026-08-26T02:31:16Z,18335,5850800,5850800,415
2026-08-26T02:31:16Z,18512,1516800,1516800,25
2026-08-26T02:31:16Z,18562,544500,1139900,4285
2026-08-26T02:31:16Z,18567,29700,30000,2020
2026-08-26T02:31:16Z,18588,150000,150000,161
2026-08-26T02:31:16Z,18594,609900,609900,87
2026-08-26T02:31:16Z,18631,957500,957700,376
2026-08-26T02:31:16Z,18632,47000,47400,86
2026-08-26T02:31:16Z,18633,32000,32400,75
2026-08-26T02:31:16Z,18635,37500,39900,81
2026-08-26T02:31:16Z,18640,35000,39800,230
2026-08-26T02:31:16Z,18641,14500,14500,50
2026-08-26T02:31:16Z,18645,1660800,1660800,50
2026-08-26T02:31:16Z,18662,135400,135400,672
2026-08-26T02:31:16Z,18944,69000,9909000,110
2026-08-26T02:31:16Z,18945,200,400,29116
2026-08-26T02:31:16Z,19026,29900,29900,302
2026-08-26T02:31:16Z,19183,200,200,7145
2026-08-26T02:31:16Z,19221,31300,36600,432
2026-08-26T02:31:16Z,19222,3000,3100,170
2026-08-26T02:31:16Z,19223,200,200,80
2026-08-26T02:31:16Z,19224,200,200,162
2026-08-26T02:31:16Z,19225,19900,20000,463
2026-08-26T02:31:16Z,19227,18564500,18564600,40
2026-08-26T02:31:16Z,19230,3970000,4740000,72
2026-08-26T02:31:16Z,19231,2000000,2197700,48
2026-08-26T02:31:16Z,19232,1990000,2445300,75
2026-08-26T02:31:16Z,19233,1000900,5317000,101
2026-08-26T02:31:16Z,19234,1293600,2306700,53
2026-08-26T02:31:16Z,19235,1492500,1963100,42
2026-08-26T02:31:16Z,19236,891000,990000,42
2026-08-26T02:31:16Z,19258,507900,564300,96
2026-08-26T02:31:16Z,19259,2000100,2940300,51
2026-08-26T02:31:16Z,19260,3765000,25105000,35
2026-08-26T02:31:16Z,19261,2640200,2640400,58
2026-08-26T02:31:16Z,19262,3200600,3207500,45
2026-08-26T02:31:16Z,19263,2858900,2859100,33
2026-08-26T02:31:16Z,19264,1974500,1976500,99
2026-08-26T02:31:16Z,19265,2930300,2930400,46
2026-08-26T02:31:16Z,19268,57400,57500,220
2026-08-26T02:31:16Z,19269,3113400,5959300,47
2026-08-26T02:31:16Z,19270,1979900,1979900,50
2026-08-26T02:31:16Z,19271,2973900,2974000,70
2026-08-26T02:31:16Z,19272,4670900,4670900,42
2026-08-26T02:31:16Z,19273,39590100,39590100,33
2026-08-26T02:31:16Z,19274,2000000,2400000,21
2026-08-26T02:31:16Z,19275,495000,495000,44
2026-08-26T02:31:16Z,19276,999700,7612300,276
2026-08-26T02:31:16Z,19278,990600,4870000,225
2026-08-26T02:31:16Z,19279,3879300,3879500,64
2026-08-26T02:31:16Z,19280,841500,841500,64
2026-08-26T02:31:16Z,19281,3157900,3158000,38
2026-08-26T02:31:16Z,19282,990000,990000,51
2026-08-26T02:31:16Z,19283,1852900,1852900,49
2026-08-26T02:31:16Z,19284,14000000,14850000,80
2026-08-26T02:31:16Z,19299,1000,1000,147
2026-08-26T02:31:16Z,19300,500,500,202
2026-08-26T02:31:16Z,19304,500,600,673
2026-08-26T02:31:16Z,19305,1100,1900,113
2026-08-26T02:31:16Z,19306,100,200,156
2026-08-26T02:31:16Z,19440,60000,60000,327
2026-08-26T02:31:16Z,19441,1300,1400,3765
2026-08-26T02:31:16Z,19698,40000,40000,1362
2026-08-26T02:31:16Z,19699,40000,40000,2066
2026-08-26T02:31:16Z,19700,15000,15000,401
2026-08-26T02:31:16Z,19701,34200,40000,2339
2026-08-26T02:31:16Z,19702,18900,18900,1315
2026-08-26T02:31:16Z,19703,33600,33600,1530
2026-08-26T02:31:16Z,19704,37800,37800,1646
2026-08-26T02:31:16Z,19705,34800,34800,1976
2026-08-26T02:31:16Z,19706,20000,20000,296
2026-08-26T02:31:16Z,19726,990000800,990000800,2
2026-08-26T02:31:16Z,19767,895400,995000,370
2026-08-26T02:31:16Z,19768,291600,581800,3159
2026-08-26T02:31:16Z,19774,290007600,290007600,20
2026-08-26T02:31:16Z,19931,3526700,3526700,160
2026-08-26T02:31:16Z,19933,19000,19000,62
2026-08-26T02:31:16Z,19935,9500001300,9500001300,1
2026-08-26T02:31:16Z,19936,1500001300,1500001300,1
2026-08-26T02:31:16Z,19937,290001200,290001200,1
2026-08-26T02:31:16Z,19938,49000700,49000700,23
2026-08-26T02:31:16Z,19943,900000,1300000,5980
2026-08-26T02:31:16Z,19974,5849800,6882100,36
2026-08-26T02:31:16Z,19975,10009900,10009900,23
2026-08-26T02:31:16Z,20002,747800,747800,651
2026-08-26T02:31:16Z,20004,609800,609800,990
2026-08-26T02:31:16Z,20007,649600,649600,1033
2026-08-26T02:31:16Z,20008,169900,169900,114
2026-08-26T02:31:16Z,20016,1500005500,1500005500,1
2026-08-26T02:31:16Z,20074,1045900,1045900,135
2026-08-26T02:31:16Z,20381,759800,759800,1168
2026-08-26T02:31:16Z,20384,1009800,1509800,1154
2026-08-26T02:31:16Z,20404,144600,160600,12359
2026-08-26T02:31:16Z,20416,199000000,199000000,2
2026-08-26T02:31:16Z,20418,195550000,195550000,2
2026-08-26T02:31:16Z,20419,49990000,49990000,6
2026-08-26T02:31:16Z,20420,193750000,193750000,2
2026-08-26T02:31:16Z,20424,59900,89900,778
2026-08-26T02:31:16Z,20432,989799900,989799900,2
2026-08-26T02:31:16Z,20433,989990100,989990100,3
2026-08-26T02:31:16Z,20435,242964100,242964100,1
2026-08-26T02:31:16Z,20436,199999300,199999300,1
2026-08-26T02:31:16Z,20450,9500000100,9500000100,1
2026-08-26T02:31:16Z,20452,29900,29900,55
2026-08-26T02:31:16Z,20498,49000000,49000000,24
2026-08-26T02:31:16Z,20499,1500000800,1500000800,1
2026-08-26T02:31:16Z,20500,290003100,290003100,1
2026-08-26T02:31:16Z,20501,290003100,290003100,1
2026-08-26T02:31:16Z,20513,289985100,289985100,5
2026-08-26T02:31:16Z,20514,5500000100,5500000100,1
2026-08-26T02:31:16Z,20518,252500,252500,51
2026-08-26T02:31:16Z,20520,1489800,1490000,1751
2026-08-26T02:31:16Z,20526,166900,166900,84
2026-08-26T02:31:16Z,20527,150000,150000,60
2026-08-26T02:31:16Z,20528,10500,10600,29
2026-08-26T02:31:16Z,20531,569000,5619000,70
2026-08-26T02:31:16Z,20532,203000,203000,35
2026-08-26T02:31:16Z,20533,248700,248700,37
2026-08-26T02:31:16Z,20535,1462200,1462200,39
2026-08-26T02:31:16Z,20540,4057600,4057600,25
2026-08-26T02:31:16Z,20541,159100,189100,41
2026-08-26T02:31:16Z,20542,8424800,9993400,23
2026-08-26T02:31:16Z,20543,1755600,1755600,27
2026-08-26T02:31:16Z,20544,9892000,9892000,22
2026-08-26T02:31:16Z,20545,1369700,1369700,73
2026-08-26T02:31:16Z,20552,94300,126900,46
2026-08-26T02:31:16Z,20676,1120100,1120100,101
2026-08-26T02:31:16Z,20677,502500,502500,70
2026-08-26T02:31:16Z,20678,200000,200000,81
2026-08-26T02:31:16Z,20679,282700,285500,56
2026-08-26T02:31:16Z,20709,5900,5900,123
2026-08-26T02:31:16Z,20763,99900,99900,58
2026-08-26T02:31:16Z,20770,572500,572500,25
2026-08-26T02:31:16Z,20812,49000100,49000100,20
2026-08-26T02:31:16Z,20813,49000100,49000100,20
2026-08-26T02:31:16Z,20816,45600,45600,623
2026-08-26T02:31:16Z,20817,64700,64700,664
2026-08-26T02:31:16Z,20842,49000100,49000100,20
2026-08-26T02:31:16Z,20843,49000100,49000100,20
2026-08-26T02:31:16Z,20844,1500000200,1500000200,1
2026-08-26T02:31:16Z,20845,49003000,49003000,20
2026-08-26T02:31:16Z,20846,49000100,49000100,20
2026-08-26T02:31:16Z,20847,49000100,49000100,20
2026-08-26T02:31:16Z,20848,49000100,49000100,20
2026-08-26T02:31:16Z,20857,9992400,9992400,28
2026-08-26T02:31:16Z,20858,3700,3700,427
2026-08-26T02:31:16Z,20859,3500,3500,358
2026-08-26T02:31:16Z,20860,3600,3600,458
2026-08-26T02:31:16Z,20861,3100,3100,434
2026-08-26T02:31:16Z,20862,5500,5500,332
2026-08-26T02:31:16Z,20863,3000,3000,411
2026-08-26T02:31:16Z,20864,3000,3000,419
2026-08-26T02:31:16Z,20865,5000,9000,370
2026-08-26T02:31:16Z,20866,9900,9900,60
2026-08-26T02:31:16Z,20867,14400,113700,70
2026-08-26T02:31:16Z,20868,12000,46400,72
2026-08-26T02:31:16Z,20869,18900,19100,69
2026-08-26T02:31:16Z,20870,9900,9900,58
2026-08-26T02:31:16Z,20871,9900,10700,56
2026-08-26T02:31:16Z,20872,17400,17400,55
2026-08-26T02:31:16Z,20873,19900,19900,57
2026-08-26T02:31:16Z,20874,9900,9900,85
2026-08-26T02:31:16Z,20875,8000,8000,77
2026-08-26T02:31:16Z,20876,9900,21700,107
2026-08-26T02:31:16Z,20877,13000,13100,77
2026-08-26T02:31:16Z,20878,9900,12400,88
2026-08-26T02:31:16Z,20879,9900,9900,66
2026-08-26T02:31:16Z,20881,9900,10000,60
2026-08-26T02:31:16Z,20882,9900,10000,75
2026-08-26T02:31:16Z,20963,210000,219000,676
2026-08-26T02:31:16Z,21023,499900,499900,994
2026-08-26T02:31:16Z,21024,66100,490000,1109
2026-08-26T02:31:16Z,21030,9699800,9699800,40
2026-08-26T02:31:16Z,21031,9699600,9699600,25
2026-08-26T02:31:16Z,21033,9909600,9909600,40
2026-08-26T02:31:16Z,21071,37900,199900,26405
2026-08-26T02:31:16Z,21072,9800,9800,154
2026-08-26T02:31:16Z,21114,5300,5300,85
2026-08-26T02:31:16Z,21151,18800,41800,1140
2026-08-26T02:31:16Z,21153,12000,13100,5799
2026-08-26T02:31:16Z,21177,9908600,9908600,244
2026-08-26T02:31:16Z,21213,4900,10000,104939
2026-08-26T02:31:16Z,21215,111000,220900,1015
2026-08-26T02:31:16Z,21217,1400,1400,283
2026-08-26T02:31:16Z,21222,52500,52500,150
2026-08-26T02:31:16Z,21223,50700,50700,148
2026-08-26T02:31:16Z,21224,5000,5000,24
2026-08-26T02:31:16Z,21225,48600,48600,56
2026-08-26T02:31:16Z,21226,5000,5000,24
2026-08-26T02:31:16Z,21227,49002300,49002300,20
2026-08-26T02:31:16Z,21536,259900,259900,1012
2026-08-26T02:31:16Z,21546,429800,429800,252
2026-08-26T02:31:16Z,21552,6600,6600,202
2026-08-26T02:31:16Z,21557,9900,50000,323
2026-08-26T02:31:16Z,21558,9900,10000,681
2026-08-26T02:31:16Z,21559,9900,1990000,359
2026-08-26T02:31:16Z,21561,9900,1990000,240
2026-08-26T02:31:16Z,21562,9900,1990000,185
2026-08-26T02:31:16Z,21569,2999300,2999300,171
2026-08-26T02:31:16Z,21570,404400,404400,88
2026-08-26T02:31:16Z,21571,9900,59900,318
2026-08-26T02:31:16Z,21574,5000,9900,155
2026-08-26T02:31:16Z,21576,43700,43700,466
2026-08-26T02:31:16Z,21589,149900,9942900,75
2026-08-26T02:31:16Z,21590,9900,9950000,33
2026-08-26T02:31:16Z,21592,9900,9840000,33
2026-08-26T02:31:16Z,21593,8999800,8999800,172
2026-08-26T02:31:16Z,21595,365400,9964600,132
2026-08-26T02:31:16Z,21714,228000,228000,345
2026-08-26T02:31:16Z,21716,229000,229100,315
2026-08-26T02:31:16Z,21718,208200,208200,216
2026-08-26T02:31:16Z,21721,17000,17000,616
2026-08-26T02:31:16Z,21747,54800,54800,169
2026-08-26T02:31:16Z,21752,35000,39600,1086
2026-08-26T02:31:16Z,21830,150000000,150000000,7
2026-08-26T02:31:16Z,21840,4600,4800,17514
2026-08-26T02:31:16Z,21842,50200,50300,1384
2026-08-26T02:31:16Z,21844,20000,20000,9965
2026-08-26T02:31:16Z,21845,4899900,4899900,874
2026-08-26T02:31:16Z,21877,900,4400,364553
2026-08-26T02:31:16Z,21881,5300,5800,4336
2026-08-26T02:31:16Z,21882,1900,2800,10995
2026-08-26T02:31:16Z,21884,4859800,4859800,2403
2026-08-26T02:31:16Z,21885,1959900,2198800,4305
2026-08-26T02:31:16Z,21886,1149800,1178800,3508
2026-08-26T02:31:16Z,21887,52200,59800,1465
2026-08-26T02:31:16Z,21927,290000600,290000600,1
2026-08-26T02:31:16Z,21929,4200,4300,3924
2026-08-26T02:31:16Z,21990,2900,2900,443
2026-08-26T02:31:16Z,21991,3200,3200,473
2026-08-26T02:31:16Z,22054,291108400,291108400,18
2026-08-26T02:31:16Z,22055,290000400,290000400,21
2026-08-26T02:31:16Z,22147,290009600,290009600,2
2026-08-26T02:31:16Z,22148,49000600,49000600,20
2026-08-26T02:31:16Z,22202,19800,31800,3816
2026-08-26T02:31:16Z,22203,646200,892700,176
2026-08-26T02:31:16Z,22324,9870400,9870400,25
2026-08-26T02:31:16Z,22373,199999800,199999800,89
2026-08-26T02:31:16Z,22374,150000100,150000100,8
2026-08-26T02:31:16Z,22375,400000000,450000000,319
2026-08-26T02:31:16Z,22376,10009700,10009700,8
2026-08-26T02:31:16Z,22445,21900,21900,45084
2026-08-26T02:31:16Z,22446,93100,93400,10136
2026-08-26T02:31:16Z,22447,21400,34900,7130
2026-08-26T02:31:16Z,22448,6100,9900,4818
2026-08-26T02:31:16Z,22449,18700,52000,153634
2026-08-26T02:31:16Z,22450,19800,23500,11558
2026-08-26T02:31:16Z,22451,5546800,5547000,1856
2026-08-26T02:31:16Z,22452,68400,74700,11228
2026-08-26T02:31:16Z,22456,248800,249000,2332
2026-08-26T02:31:16Z,22457,4400000,4408200,966
2026-08-26T02:31:16Z,22459,35500,35500,52
2026-08-26T02:31:16Z,22460,9993400,9993400,23
2026-08-26T02:31:16Z,22525,2800,2800,288
2026-08-26T02:31:16Z,22526,9800,9800,560
2026-08-26T02:31:16Z,22527,800,4900800,230
2026-08-26T02:31:16Z,22528,600,600,1173
2026-08-26T02:31:16Z,22529,700000,720000,306
2026-08-26T02:31:16Z,22572,530000,549900,3093
2026-08-26T02:31:16Z,22573,4500,4700,28639
2026-08-26T02:31:16Z,22574,451500,599900,4478
2026-08-26T02:31:16Z,22575,96000,101600,33319
2026-08-26T02:31:16Z,22576,408900,439000,11888
2026-08-26T02:31:16Z,22577,25800,27400,13233
2026-08-26T02:31:16Z,22578,188800,216800,7018
2026-08-26T02:31:16Z,22641,385800,429200,641
2026-08-26T02:31:16Z,22642,429800,439500,833
2026-08-26T02:31:16Z,22644,33900,128600,36040
2026-08-26T02:31:16Z,22645,200,200,74
2026-08-26T02:31:16Z,22682,346200,346200,5116
2026-08-26T02:31:16Z,22710,15000,15000,932
2026-08-26T02:31:16Z,22785,20100,24900,11942
2026-08-26T02:31:16Z,22786,19700,19700,1397
2026-08-26T02:31:16Z,22787,85100,477500,835
2026-08-26T02:31:16Z,22788,30000,48500,1411
2026-08-26T02:31:16Z,22789,17500,95500,5192
2026-08-26T02:31:16Z,22790,18000,19000,1088
2026-08-26T02:31:16Z,22791,31000,31700,45261
2026-08-26T02:31:16Z,22792,17100,375000,12784
2026-08-26T02:31:16Z,22793,49000,79000,6120
2026-08-26T02:31:16Z,22794,69900,119000,5134
2026-08-26T02:31:16Z,22795,500,990000,835
2026-08-26T02:31:16Z,22797,199900000,199900000,9
2026-08-26T02:31:16Z,22823,323000,323000,322
2026-08-26T02:31:16Z,22824,54900,55000,166
2026-08-26T02:31:16Z,22825,4900,4900,106
2026-08-26T02:31:16Z,22826,28700,28700,62
2026-08-26T02:31:16Z,22827,549900,549900,96
2026-08-26T02:31:16Z,22828,82800,220000,163
2026-08-26T02:31:16Z,22829,5300,5300,248
2026-08-26T02:31:16Z,22830,493500,493500,99
2026-08-26T02:31:16Z,22831,59900,59900,151
2026-08-26T02:31:16Z,22832,5200,5200,445
2026-08-26T02:31:16Z,22833,9770000,9770000,25
2026-08-26T02:31:16Z,22834,30000,30000,75
2026-08-26T02:31:16Z,22835,880000,880000,96
2026-08-26T02:31:16Z,22836,27000,27000,264
2026-08-26T02:31:16Z,22837,9900000,9900000,140
2026-08-26T02:31:16Z,22838,2340000,2340000,385
2026-08-26T02:31:16Z,22839,492200,492200,74
2026-08-26T02:31:16Z,22840,196800,196800,63
2026-08-26T02:31:16Z,22841,1500000,1500000,133
2026-08-26T02:31:16Z,22842,1499900,1499900,126
2026-08-26T02:31:16Z,22844,238000,240000,61
2026-08-26T02:31:16Z,22845,449900,449900,77
2026-08-26T02:31:16Z,22846,126800,126800,150
2026-08-26T02:31:16Z,22847,9500000,9500000,51
2026-08-26T02:31:16Z,22848,300000,409900,165
2026-08-26T02:31:16Z,22849,189300,189400,38
2026-08-26T02:31:16Z,22850,7400,7400,220
2026-08-26T02:31:16Z,22851,10000,10000,100
2026-08-26T02:31:16Z,22853,25000,25000,246
2026-08-26T02:31:16Z,22854,46300,46300,117
2026-08-26T02:31:16Z,22861,246300,246300,1163
2026-08-26T02:31:16Z,22866,80000,80000,293
2026-08-26T02:31:16Z,22871,9900,9900,62
2026-08-26T02:31:16Z,23055,170000000,170000000,9
2026-08-26T02:31:16Z,23077,199800,220000,2059
2026-08-26T02:31:16Z,23079,75400,75400,3469
2026-08-26T02:31:16Z,23094,237300,2923200,26
2026-08-26T02:31:16Z,23095,15900,15900,67
2026-08-26T02:31:16Z,23096,249965100,249965100,3
2026-08-26T02:31:16Z,23097,47100,47100,291
2026-08-26T02:31:16Z,23098,10000,11500,65
2026-08-26T02:31:16Z,23099,3023700,3023700,29
2026-08-26T02:31:16Z,23100,32000,32000,80
2026-08-26T02:31:16Z,23101,599900,599900,49
2026-08-26T02:31:16Z,23103,31500,49000,56
2026-08-26T02:31:16Z,23104,7600,19700,61
2026-08-26T02:31:16Z,23105,9900300,9900300,25
2026-08-26T02:31:16Z,23106,990000000,990000000,1
2026-08-26T02:31:16Z,23107,18500,24900,2015
2026-08-26T02:31:16Z,23108,19000,28000,63
2026-08-26T02:31:16Z,23109,9808500,9808500,26
2026-08-26T02:31:16Z,23110,970400,9890000,25
2026-08-26T02:31:16Z,23111,10000,12200,73
2026-08-26T02:31:16Z,23112,39000,47000,2226
2026-08-26T02:31:16Z,23113,50000,59800,241
2026-08-26T02:31:16Z,23114,23200,23300,25
2026-08-26T02:31:16Z,23115,9900000,9900000,26
2026-08-26T02:31:16Z,23116,9500,9500,216
2026-08-26T02:31:16Z,23117,59800,62400,2122
2026-08-26T02:31:16Z,23118,9000,63600,37
2026-08-26T02:31:16Z,23119,19800,19800,156
2026-08-26T02:31:16Z,23120,40300,67900,68
2026-08-26T02:31:16Z,23121,3499999800,3499999800,1
2026-08-26T02:31:16Z,23329,7800,7800,32
2026-08-26T02:31:16Z,23330,49000100,49000100,24
2026-08-26T02:31:16Z,23331,50100,50100,31
2026-08-26T02:31:16Z,23332,2000100,49000100,21
2026-08-26T02:31:16Z,23333,49000000,49000000,17
2026-08-26T02:31:16Z,23334,400,400,3
2026-08-26T02:31:16Z,23353,100,100,56
2026-08-26T02:31:16Z,23354,300,300,30
2026-08-26T02:31:16Z,23355,200000400,200000400,5
2026-08-26T02:31:16Z,23380,49000100,49000100,28
2026-08-26T02:31:16Z,23383,49000000,49000000,20
2026-08-26T02:31:16Z,23384,2956100,2956100,32
2026-08-26T02:31:16Z,23385,49002000,49002000,31
2026-08-26T02:31:16Z,23386,4000,154600,35
2026-08-26T02:31:16Z,23424,55000,100000,20841
2026-08-26T02:31:16Z,23425,34000,89900,35359
2026-08-26T02:31:16Z,23426,2223400,2450000,3825
2026-08-26T02:31:16Z,23427,119000,130000,4966
2026-08-26T02:31:16Z,23436,650000,650000,673
2026-08-26T02:31:16Z,23437,32500,32900,293
2026-08-26T02:31:16Z,23438,56500,56500,406
2026-08-26T02:31:16Z,23439,70000,71400,316
2026-08-26T02:31:16Z,23440,309000,339900,544
2026-08-26T02:31:16Z,23441,962900,8000000,449
2026-08-26T02:31:16Z,23445,118500,249500,18056
2026-08-26T02:31:16Z,23446,50000,69800,5139
2026-08-26T02:31:16Z,23447,220000,300000,4785
2026-08-26T02:31:16Z,23448,1020000,3499900,10818
2026-08-26T02:31:16Z,23449,4690000,4690000,1246
2026-08-26T02:31:16Z,23528,134800,150000,87
2026-08-26T02:31:16Z,23529,20000,30000,3465
2026-08-26T02:31:16Z,23530,9999800,9999800,21
2026-08-26T02:31:16Z,23559,18800,67800,376
2026-08-26T02:31:16Z,23571,14828200,17898800,444
2026-08-26T02:31:16Z,23572,16000,16000,2053
2026-08-26T02:31:16Z,23573,620000,679900,2604
2026-08-26T02:31:16Z,23575,11400,67800,263
2026-08-26T02:31:16Z,23576,235000,235000,46
2026-08-26T02:31:16Z,23676,13900,24700,1328
2026-08-26T02:31:16Z,23704,650000,650000,49
2026-08-26T02:31:16Z,23736,3000,3000,222
2026-08-26T02:31:16Z,23737,10000,10000,171
2026-08-26T02:31:16Z,23756,7700,7700,110
2026-08-26T02:31:16Z,23764,1750000,1750000,31
2026-08-26T02:31:16Z,23765,39903800,39903800,7
2026-08-26T02:31:16Z,23766,39207100,39207100,5
2026-08-26T02:31:16Z,23768,900000,900000,713
2026-08-26T02:31:16Z,23769,2800000,2800000,368
2026-08-26T02:31:16Z,23771,76300,76500,419
2026-08-26T02:31:16Z,23772,41291300,41291300,6
2026-08-26T02:31:16Z,23773,9900100,9900100,1100
2026-08-26T02:31:16Z,23781,157800,157800,1712
2026-08-26T02:31:16Z,23782,386300,386400,2324
2026-08-26T02:31:16Z,23783,150000,175600,3272
2026-08-26T02:31:16Z,23784,276900,277000,1499
2026-08-26T02:31:16Z,23785,649900,650000,1672
2026-08-26T02:31:16Z,23786,10799400,10799400,246
2026-08-26T02:31:16Z,23787,2100000,2199700,2157
2026-08-26T02:31:16Z,23793,589900,590000,3292
2026-08-26T02:31:16Z,23819,9803200,9803200,19
2026-08-26T02:31:16Z,23826,5559600,6669600,67
2026-08-26T02:31:16Z,23827,2939900,2939900,46
2026-08-26T02:31:16Z,23841,790000,790000,60
2026-08-26T02:31:16Z,23848,219900,219900,88
2026-08-26T02:31:16Z,23922,1500000100,1500000100,1
2026-08-26T02:31:16Z,23938,6205100,6205100,28
2026-08-26T02:31:16Z,23939,49001800,49001800,56
2026-08-26T02:31:16Z,23941,290000100,290000100,1
2026-08-26T02:31:16Z,23942,9500000100,9500000100,1
2026-08-26T02:31:16Z,23943,8500000100,8500000100,1
2026-08-26T02:31:16Z,23944,49000100,49000100,20
2026-08-26T02:31:16Z,23945,49000100,49000100,20
2026-08-26T02:31:16Z,23946,49000100,49000100,25
2026-08-26T02:31:16Z,23947,49000100,49000100,20
2026-08-26T02:31:16Z,23948,49000100,49000100,20
2026-08-26T02:31:16Z,23949,49000100,49000100,20
2026-08-26T02:31:16Z,23952,290000100,290000100,1
2026-08-26T02:31:16Z,23953,290000100,290000100,1
2026-08-26T02:31:16Z,23955,9500000200,9500000200,1
2026-08-26T02:31:16Z,23965,49001400,49001400,22
2026-08-26T02:31:16Z,23968,1500000500,1500000500,1
2026-08-26T02:31:16Z,23972,1500000600,1500000600,1
2026-08-26T02:31:16Z,23975,290000100,290000100,1
2026-08-26T02:31:16Z,23976,49001100,49001100,21
2026-08-26T02:31:16Z,23977,49000800,49000800,26
2026-08-26T02:31:16Z,23978,48001000,48001000,30
2026-08-26T02:31:16Z,23979,49001500,49001500,21
2026-08-26T02:31:16Z,23980,8500001200,8500001200,1
2026-08-26T02:31:16Z,23984,15000,15000,573
2026-08-26T02:31:16Z,23987,49000100,49000100,20
2026-08-26T02:31:16Z,23988,49000000,49000000,20
2026-08-26T02:31:16Z,24027,3000000,3000000,28
2026-08-26T02:31:16Z,24028,797000,797000,26
2026-08-26T02:31:16Z,24030,789100,789100,44
2026-08-26T02:31:16Z,24031,950000000,950000000,1
2026-08-26T02:31:16Z,24032,1274400,1274400,28
2026-08-26T02:31:16Z,24033,150000,150000,74
2026-08-26T02:31:16Z,24035,109700,109900,68
2026-08-26T02:31:16Z,24036,789000,789000,55
2026-08-26T02:31:16Z,24037,990000000,990000000,3
2026-08-26T02:31:16Z,24039,154300,154300,200
2026-08-26T02:31:16Z,24047,3157894800,3157894800,1
2026-08-26T02:31:16Z,24048,259300,259300,66
2026-08-26T02:31:16Z,24050,450000000,450000000,1
2026-08-26T02:31:16Z,24051,725600,725600,82
2026-08-26T02:31:16Z,24052,450000000,450000000,1
2026-08-26T02:31:16Z,24053,150500,150500,25
2026-08-26T02:31:16Z,24054,9900900,9900900,35
2026-08-26T02:31:16Z,24055,250000,271300,29
2026-08-26T02:31:16Z,24056,442600,442600,37
2026-08-26T02:31:16Z,24057,400000000,400000000,2
2026-08-26T02:31:16Z,24058,446100,446100,27
2026-08-26T02:31:16Z,24059,6851500,6851500,32
2026-08-26T02:31:16Z,24060,112700,9886500,23
2026-08-26T02:31:16Z,24061,1313100,1313100,39
2026-08-26T02:31:16Z,24062,250008000,250008000,1
2026-08-26T02:31:16Z,24065,200000,200000,53
2026-08-26T02:31:16Z,24066,886500,886500,72
2026-08-26T02:31:16Z,24067,85400,85400,92
2026-08-26T02:31:16Z,24072,8400,8400,105
2026-08-26T02:31:16Z,24105,507800,507800,73
2026-08-26T02:31:16Z,24186,290000100,290000100,1
2026-08-26T02:31:16Z,24189,9100,9100,66
2026-08-26T02:31:16Z,24231,15600,15600,35
2026-08-26T02:31:16Z,24232,49007500,49007500,22
2026-08-26T02:31:16Z,24234,290000800,290000800,1
2026-08-26T02:31:16Z,24235,290001300,290001300,1
2026-08-26T02:31:16Z,24242,49002300,49002300,20
2026-08-26T02:31:16Z,24243,330000,330000,8163
2026-08-26T02:31:16Z,24245,250000,250000,4701
2026-08-26T02:31:16Z,24246,5500,22000,45074
2026-08-26T02:31:16Z,24268,7800,9857900,27
2026-08-26T02:31:16Z,24271,10653500,10653500,448
2026-08-26T02:31:16Z,24272,6208000,6208000,484
2026-08-26T02:31:16Z,24273,48749900,48749900,4
2026-08-26T02:31:16Z,24274,22761200,22761200,14
2026-08-26T02:31:16Z,24275,11566000,11566000,30
2026-08-26T02:31:16Z,24276,31144500,31144500,9
2026-08-26T02:31:16Z,24281,49000500,49000500,20
2026-08-26T02:31:16Z,24282,49009900,49009900,20
2026-08-26T02:31:16Z,24291,250000,250000,1996
2026-08-26T02:31:16Z,24338,300,300,125
2026-08-26T02:31:16Z,24368,47300,47500,1399
2026-08-26T02:31:16Z,24401,47500,50000,749
2026-08-26T02:31:16Z,24403,3607700,3607700,32
2026-08-26T02:31:16Z,24404,1444500,5004500,24
2026-08-26T02:31:16Z,24405,300000,300000,35
2026-08-26T02:31:16Z,24406,30001200,49001200,23
2026-08-26T02:31:16Z,24449,650000,805500,2283
2026-08-26T02:31:16Z,24476,34400,37100,1974
2026-08-26T02:31:16Z,24477,200,500,22829
2026-08-26T02:31:16Z,24478,44500,44500,1060
2026-08-26T02:31:16Z,24479,3749500,3749500,215
2026-08-26T02:31:16Z,24506,49001000,49001000,18
2026-08-26T02:31:16Z,24507,1400,9901400,101
2026-08-26T02:31:16Z,24508,1200,1200,157
2026-08-26T02:31:16Z,24509,290001100,290001100,1
2026-08-26T02:31:16Z,24510,49000000,49000000,20
2026-08-26T02:31:16Z,24511,1400,1400,141
2026-08-26T02:31:16Z,24516,49000000,49000000,20
2026-08-26T02:31:16Z,24517,49001500,49001500,20
2026-08-26T02:31:16Z,24519,205200,205200,104
2026-08-26T02:31:16Z,24521,102000,102000,28
2026-08-26T02:31:16Z,24539,9900000,9900000,30
2026-08-26T02:31:16Z,25408,49001400,49001400,20
2026-08-26T02:31:16Z,25409,12000,14000,63
2026-08-26T02:31:16Z,25410,49001500,49001500,20
2026-08-26T02:31:16Z,25411,26700,9906700,115
2026-08-26T02:31:16Z,25412,49001600,49001600,39
2026-08-26T02:31:16Z,25413,290001800,290001800,1
2026-08-26T02:31:16Z,25414,5001500,49001500,23
2026-08-26T02:31:16Z,25415,9500002000,9500002000,1
2026-08-26T02:31:16Z,25416,350000,359900,690
2026-08-26T02:31:16Z,25417,199999900,199999900,2
2026-08-26T02:31:16Z,25418,1200,1200,60
2026-08-26T02:31:16Z,25420,19999900,49009900,15
2026-08-26T02:31:16Z,25421,2000,3000,125
2026-08-26T02:31:16Z,25425,10000,10000,72
2026-08-26T02:31:16Z,25426,1200,1200,180
2026-08-26T02:31:16Z,25427,50000,50000,35
2026-08-26T02:31:16Z,25428,35000,35000,51
2026-08-26T02:31:16Z,25429,11400,11400,32
2026-08-26T02:31:16Z,25430,10000,56100,293
2026-08-26T02:31:16Z,25431,15852400,15852400,97
2026-08-26T02:31:16Z,25432,43700,43700,37
2026-08-26T02:31:16Z,25434,10000,49000000,21
2026-08-26T02:31:16Z,25435,11700,11700,161
2026-08-26T02:31:16Z,25436,880000,49000000,23
2026-08-26T02:31:16Z,25437,39700,39700,67
2026-08-26T02:31:16Z,25440,150000,150000,27
2026-08-26T02:31:16Z,25441,19999900,49009900,21
2026-08-26T02:31:16Z,25442,9902500,9902500,101
2026-08-26T02:31:16Z,25443,49002000,49002000,20
2026-08-26T02:31:16Z,25444,200000,49000000,22
2026-08-26T02:31:16Z,25445,35600,35600,37
2026-08-26T02:31:16Z,25446,400000,800000,28
2026-08-26T02:31:16Z,25447,32001600,32001600,26
2026-08-26T02:31:16Z,25450,49001400,49001400,20
2026-08-26T02:31:16Z,25451,1200,9901200,109
2026-08-26T02:31:16Z,25452,290001500,290001500,1
2026-08-26T02:31:16Z,25453,8100,8100,53
2026-08-26T02:31:16Z,25454,1746500,1746500,27
2026-08-26T02:31:16Z,25456,9900,9900,55
2026-08-26T02:31:16Z,25463,79800,109900,1624
2026-08-26T02:31:16Z,25466,49000100,49000100,20
2026-08-26T02:31:16Z,25467,49000100,49000100,20
2026-08-26T02:31:16Z,25521,280000,280000,30
2026-08-26T02:31:16Z,25548,9990000,9990000,24
2026-08-26T02:31:16Z,25550,9506600,9506600,68
2026-08-26T02:31:16Z,25649,12700,14300,5482
2026-08-26T02:31:16Z,25650,8300,8300,240
2026-08-26T02:31:16Z,25651,1660500,1660500,37
2026-08-26T02:31:16Z,25652,8844200,8844200,21
2026-08-26T02:31:16Z,25679,17300,17300,50
2026-08-26T02:31:16Z,25699,100000,157300,25238
2026-08-26T02:31:16Z,25700,80000,95200,4415
2026-08-26T02:31:16Z,25703,450000200,450000200,1
2026-08-26T02:31:16Z,25707,69400,384300,2306
2026-08-26T02:31:16Z,25708,749200,749200,849
2026-08-26T02:31:16Z,25719,220000,220000,647
2026-08-26T02:31:16Z,25723,9900100,9900100,107
2026-08-26T02:31:16Z,25724,290000100,290000100,4
2026-08-26T02:31:16Z,25744,590000,709300,13898
2026-08-26T02:31:16Z,25802,757000,857000,9365
2026-08-26T02:31:16Z,25813,43002000,49002000,23
2026-08-26T02:31:16Z,25867,4000000,4200000,234
2026-08-26T02:31:16Z,25868,20950000,20950000,196
2026-08-26T02:31:16Z,25886,202100,202100,501
2026-08-26T02:31:16Z,25890,49989600,49989700,10
2026-08-26T02:31:16Z,25893,34999400,34999400,9
2026-08-26T02:31:16Z,25894,49989600,49989700,17
2026-08-26T02:31:16Z,25895,49990000,49990100,31
2026-08-26T02:31:16Z,25896,20790400,20790400,10
2026-08-26T02:31:16Z,25897,49990100,198990000,23
2026-08-26T02:31:16Z,25898,23834700,23834700,8
2026-08-26T02:31:16Z,25899,7498300,7498300,13
2026-08-26T02:31:16Z,25901,289000,289000,44
2026-08-26T02:31:16Z,27422,1000,2500,40284
2026-08-26T02:31:16Z,27425,800,1900,4589
2026-08-26T02:31:16Z,27429,4000,5000,2243
2026-08-26T02:31:16Z,27435,1000,1400,2342
2026-08-26T02:31:16Z,27437,9500,10000,1642
2026-08-26T02:31:16Z,27438,1200,1400,2299
2026-08-26T02:31:16Z,27439,21200,29600,15653
2026-08-26T02:31:16Z,27441,60000,60000,35
2026-08-26T02:31:16Z,27442,3600000,3600000,6
2026-08-26T02:31:16Z,27443,49002000,49002100,31
2026-08-26T02:31:16Z,27498,5000,5000,62
2026-08-26T02:31:16Z,27499,37200,37200,65
2026-08-26T02:31:16Z,27500,14700,14700,40
2026-08-26T02:31:16Z,27501,5000,5000,127
2026-08-26T02:31:16Z,27502,12700,12700,59
2026-08-26T02:31:16Z,27503,19700,19800,102
2026-08-26T02:31:16Z,27515,1917500,2000000,182
2026-08-26T02:31:16Z,27516,450000,1549800,140
2026-08-26T02:31:16Z,27635,19900,19900,52
2026-08-26T02:31:16Z,27636,118500,9830200,44
2026-08-26T02:31:16Z,27651,1200,1200,212
2026-08-26T02:31:16Z,27655,2400,2400,214
2026-08-26T02:31:16Z,27656,199999900,199999900,2
2026-08-26T02:31:16Z,27657,4900,4900,117
2026-08-26T02:31:16Z,27658,4500,59300,203
2026-08-26T02:31:16Z,27659,40000,40000,179
2026-08-26T02:31:16Z,27660,73000,73000,169
2026-08-26T02:31:16Z,27661,9840000,9840000,40
2026-08-26T02:31:16Z,27662,19900,20000,142
2026-08-26T02:31:16Z,27663,2900,3000,126
2026-08-26T02:31:16Z,27664,2600,2600,72
2026-08-26T02:31:16Z,27665,24300,24300,84
2026-08-26T02:31:16Z,27666,49000,49000,86
2026-08-26T02:31:16Z,27667,150000,150000,105
2026-08-26T02:31:16Z,27668,1700,1700,1631
2026-08-26T02:31:16Z,27669,19700,19700,2227
2026-08-26T02:31:16Z,27671,1700,2000,2184
2026-08-26T02:31:16Z,27674,3000,3200,4427
2026-08-26T02:31:16Z,27676,29900,29900,50
2026-08-26T02:31:16Z,27677,1500,2000,3600
2026-08-26T02:31:16Z,27678,800,900,3480
2026-08-26T02:31:16Z,27681,3500,3500,1749
2026-08-26T02:31:16Z,27682,7500,8100,11253
2026-08-26T02:31:16Z,27729,49000200,49001200,14
2026-08-26T02:31:16Z,27854,300,300,179
2026-08-26T02:31:16Z,27855,300,300,169
2026-08-26T02:31:16Z,27856,20000,20000,111
2026-08-26T02:31:16Z,27857,1400,1400,96
2026-08-26T02:31:16Z,27858,300,300,137
2026-08-26T02:31:16Z,27859,300,300,66
2026-08-26T02:31:16Z,27860,500,500,133
2026-08-26T02:31:16Z,27932,49000000,49000000,23
2026-08-26T02:31:16Z,27933,290001500,290001500,2
2026-08-26T02:31:16Z,27934,49001700,49001700,358
2026-08-26T02:31:16Z,27935,49002000,49002000,102
2026-08-26T02:31:16Z,28053,19999900,49009900,21
2026-08-26T02:31:16Z,28056,49000100,49000100,20
2026-08-26T02:31:16Z,28058,1053200,9903200,106
2026-08-26T02:31:16Z,28059,18502300,18502300,24
2026-08-26T02:31:16Z,28060,5509700,5509700,181
2026-08-26T02:31:16Z,28061,49000100,49000100,110
2026-08-26T02:31:16Z,28100,1000,1500,529
2026-08-26T02:31:16Z,28101,15500,35500,62
2026-08-26T02:31:16Z,28102,30000,30000,98
2026-08-26T02:31:16Z,28103,75000,417600,205
2026-08-26T02:31:16Z,28104,42400,42400,92
2026-08-26T02:31:16Z,28118,559000,559000,287
2026-08-26T02:31:16Z,28119,9997400,9997400,18
2026-08-26T02:31:16Z,28123,5071600,5071700,26
2026-08-26T02:31:16Z,28284,30000,30000,137
2026-08-26T02:31:16Z,28290,250000000,250000000,6
2026-08-26T02:31:16Z,28362,1198500,1198600,946
2026-08-26T02:31:16Z,28363,5000000,5000000,142
2026-08-26T02:31:16Z,28399,300,300,450
2026-08-26T02:31:16Z,28420,15000,15000,120
2026-08-26T02:31:16Z,28421,99600,100100,240
2026-08-26T02:31:16Z,28452,5300,5300,50
2026-08-26T02:31:16Z,28458,138800,138800,292
2026-08-26T02:31:16Z,28459,36900,3995900,52
2026-08-26T02:31:16Z,28461,30000,3990000,56
2026-08-26T02:31:16Z,28462,250000000,250000000,1
2026-08-26T02:31:16Z,28463,1500000,3990000,51
2026-08-26T02:31:16Z,28464,995000,3993200,52
2026-08-26T02:31:16Z,28467,40400,40400,654
2026-08-26T02:31:16Z,28468,50100,3990100,54
2026-08-26T02:31:16Z,28470,1505300,3995300,52
2026-08-26T02:31:16Z,28486,9900500,9900500,25
2026-08-26T02:31:16Z,28501,800,800,67
2026-08-26T02:31:16Z,28595,34400,139800,55
2026-08-26T02:31:16Z,29110,290000100,290000100,2
2026-08-26T02:31:16Z,29111,290000100,290000100,2
2026-08-26T02:31:16Z,29112,138200,138200,146
2026-08-26T02:31:16Z,29292,144300,144300,79
2026-08-26T02:31:16Z,29393,9900000,9900000,60
2026-08-26T02:31:16Z,29394,9900000,9900000,45
2026-08-26T02:31:16Z,29395,40000,40000,88
2026-08-26T02:31:16Z,29401,708800,708800,81
2026-08-26T02:31:16Z,29412,9909600,9909600,30
2026-08-26T02:31:16Z,29425,64900,65000,3770
2026-08-26T02:31:16Z,29426,138600,141100,1634
2026-08-26T02:31:16Z,29448,600,600,52
2026-08-26T02:31:16Z,29449,500,500,144
2026-08-26T02:31:16Z,29450,40000,40000,70
2026-08-26T02:31:16Z,29451,400,400,1003
2026-08-26T02:31:16Z,29452,600,600,78
2026-08-26T02:31:16Z,29453,500,9940500,134
2026-08-26T02:31:16Z,29454,29400,29400,36
2026-08-26T02:31:16Z,29460,1499900,1600000,2505
2026-08-26T02:31:16Z,29533,29216100,29216100,7
2026-08-26T02:31:16Z,29534,7524000,7825300,15
2026-08-26T02:31:16Z,29535,63301700,63301700,5
2026-08-26T02:31:16Z,29536,21362400,21362400,30
2026-08-26T02:31:16Z,29539,1999800,1999800,1200
2026-08-26T02:31:16Z,29547,1250000,1250000,356
2026-08-26T02:31:16Z,29548,500000,500000,3421
2026-08-26T02:31:16Z,29551,1500001100,1500001100,1
2026-08-26T02:31:16Z,29557,49006100,49006100,26
2026-08-26T02:31:16Z,29558,290001500,290001500,16
2026-08-26T02:31:16Z,29559,990000,990000,93
2026-08-26T02:31:16Z,29560,5000000,5000000,30
2026-08-26T02:31:16Z,29561,49001400,49001400,32
2026-08-26T02:31:16Z,29562,49001500,49001500,30
2026-08-26T02:31:16Z,29563,1230000,1230000,189
2026-08-26T02:31:16Z,29564,58200,58200,93
2026-08-26T02:31:16Z,29565,1231400,49001400,29
2026-08-26T02:31:16Z,29566,1500001500,1500001500,1
2026-08-26T02:31:16Z,29567,501800,501800,29
2026-08-26T02:31:16Z,29568,49002000,49002000,21
2026-08-26T02:31:16Z,29570,49001100,49001100,20
2026-08-26T02:31:16Z,29571,999700,3909700,201
2026-08-26T02:31:16Z,29572,290001100,290001100,1
2026-08-26T02:31:16Z,29573,48999900,48999900,24
2026-08-26T02:31:16Z,29574,49000200,49000200,20
2026-08-26T02:31:16Z,29575,290001100,290001100,1
2026-08-26T02:31:16Z,29576,49000000,49000000,19
2026-08-26T02:31:16Z,29577,49000200,49000200,24
2026-08-26T02:31:16Z,29578,290001500,290001500,1
2026-08-26T02:31:16Z,29579,49001400,49001400,20
2026-08-26T02:31:16Z,29580,4451700,4451700,41
2026-08-26T02:31:16Z,29581,20001900,20001900,31
2026-08-26T02:31:16Z,29739,21000,23900,23162
2026-08-26T02:31:16Z,29740,217800,217800,703
2026-08-26T02:31:16Z,29750,1009600,1009600,375
2026-08-26T02:31:16Z,29799,60000,60000,50
2026-08-26T02:31:16Z,29800,49002000,49002000,20
2026-08-26T02:31:16Z,30155,15000,15000,109
2026-08-26T02:31:16Z,30183,20000,20000,842
2026-08-26T02:31:16Z,30355,9900000,9900000,26
2026-08-26T02:31:16Z,30457,46200,46200,44
2026-08-26T02:31:16Z,30458,400,400,53
2026-08-26T02:31:16Z,30466,49000000,49000000,21
2026-08-26T02:31:16Z,30467,290002000,290002000,1
2026-08-26T02:31:16Z,30475,49003500,49003500,25
2026-08-26T02:31:16Z,30476,20008100,49008100,21
2026-08-26T02:31:16Z,30477,49001800,49001800,27
2026-08-26T02:31:16Z,30478,49002000,49002000,21
2026-08-26T02:31:16Z,30506,290000600,290000600,1
2026-08-26T02:31:16Z,30507,290000200,290000200,1
2026-08-26T02:31:16Z,30508,49000100,49000100,19
2026-08-26T02:31:16Z,30509,49000100,49000100,20
2026-08-26T02:31:16Z,30510,351700,351700,24
2026-08-26T02:31:16Z,30511,49002000,49002000,20
2026-08-26T02:31:16Z,30512,49004000,49004000,20
2026-08-26T02:31:16Z,30513,49000000,49000000,20
2026-08-26T02:31:16Z,30610,46500,46500,31
2026-08-26T02:31:16Z,30809,10000,11700,19698
2026-08-26T02:31:16Z,30810,500,600,42253
2026-08-26T02:31:16Z,30812,596400,596400,223
2026-08-26T02:31:16Z,30813,91800,91800,65
2026-08-26T02:31:16Z,30814,49001800,49001800,20
2026-08-26T02:31:16Z,30815,49000000,49000000,21
2026-08-26T02:31:16Z,30816,700,700,723
2026-08-26T02:31:16Z,30817,100,100,56572
2026-08-26T02:31:16Z,30820,2300,2300,159
2026-08-26T02:31:16Z,30821,35600,35600,162
2026-08-26T02:31:16Z,31079,1488700,1488700,1581
2026-08-26T02:31:16Z,31670,7700,8800,1247
2026-08-26T02:31:16Z,31671,10000,11000,1643
2026-08-26T02:31:16Z,31672,9800,9800,1194
2026-08-26T02:31:16Z,31673,9800,9800,1136
2026-08-26T02:31:16Z,31676,2523100,2523100,60
2026-08-26T02:31:16Z,31677,305000,305000,59
2026-08-26T02:31:16Z,31679,1874500,1874500,119
2026-08-26T02:31:16Z,31860,3500000200,3500000200,1
2026-08-26T02:31:16Z,31861,2500000600,2500000600,1
2026-08-26T02:31:16Z,31862,1500000000,1500000000,1
2026-08-26T02:31:16Z,31863,2500000600,2500000600,1
2026-08-26T02:31:16Z,31864,3500000200,3500000200,1
2026-08-26T02:31:16Z,31866,5944800,5944800,30
2026-08-26T02:31:16Z,31867,300000,300000,58
2026-08-26T02:31:16Z,31868,90000,90000,44
2026-08-26T02:31:16Z,31869,3133900,9800500,44
2026-08-26T02:31:16Z,31882,25400,25400,111
2026-08-26T02:31:16Z,31883,39000,39700,55
2026-08-26T02:31:16Z,31884,25000,25000,53
2026-08-26T02:31:16Z,31885,6801200,6801200,20
2026-08-26T02:31:16Z,31886,25000,25000,50
2026-08-26T02:31:16Z,31887,29100,29100,39
2026-08-26T02:31:16Z,31888,29897000,29947000,22
2026-08-26T02:31:16Z,31889,59990000,59990000,15
2026-08-26T02:31:16Z,31892,29900,30000,189
2026-08-26T02:31:16Z,31893,54600,54700,123
2026-08-26T02:31:16Z,31894,89900,3115400,209
2026-08-26T02:31:16Z,31895,10000000,10000000,15
2026-08-26T02:31:16Z,31896,25200,295100,36
2026-08-26T02:31:16Z,31898,40000,40000,50
2026-08-26T02:31:16Z,31899,40000000,40000000,13
2026-08-26T02:31:16Z,31900,9800000,9800000,7
2026-08-26T02:31:16Z,31901,400000,2094400,59
2026-08-26T02:31:16Z,31902,27700,27700,59
2026-08-26T02:31:16Z,31903,28000,3119400,198
2026-08-26T02:31:16Z,31904,25000000,199900000,18
2026-08-26T02:31:16Z,31905,25000,25000,41
2026-08-26T02:31:16Z,31906,25300,25300,64
2026-08-26T02:31:16Z,31908,49997100,49997100,10
2026-08-26T02:31:16Z,31909,198997700,198997700,9
2026-08-26T02:31:16Z,31910,50000,88100,376
2026-08-26T02:31:16Z,31911,27000,27600,38
2026-08-26T02:31:16Z,31912,25000,3115000,128
2026-08-26T02:31:16Z,31913,20000000,20000000,9
2026-08-26T02:31:16Z,31915,27600,27600,73
2026-08-26T02:31:16Z,31916,48000,60000,64
2026-08-26T02:31:16Z,31917,19990000,44000000,9
2026-08-26T02:31:16Z,31918,10000000,10000000,9
2026-08-26T02:31:16Z,31941,15479900,15479900,101
2026-08-26T02:31:16Z,31944,30000000,30000000,32
2026-08-26T02:31:16Z,31945,49000000,49000000,21
2026-08-26T02:31:16Z,32062,310000,310000,75
2026-08-26T02:31:16Z,32063,9699900,9699900,55
2026-08-26T02:31:16Z,32067,4500,4500,326
2026-08-26T02:31:16Z,32068,3000000,3000000,41
2026-08-26T02:31:16Z,32079,19999800,19999800,11
2026-08-26T02:31:16Z,32193,69500,69500,228
2026-08-26T02:31:16Z,32194,56100,106100,209
2026-08-26T02:31:16Z,32196,48700,48700,150
2026-08-26T02:31:16Z,32198,5478500,5478500,38
2026-08-26T02:31:16Z,32199,3990000,3990000,54
2026-08-26T02:31:16Z,32200,97700,98400,146
2026-08-26T02:31:16Z,32201,96900,97500,107
2026-08-26T02:31:16Z,32203,96900,97900,230
2026-08-26T02:31:16Z,32205,636400,636400,267
2026-08-26T02:31:16Z,32206,96900,98400,64
2026-08-26T02:31:16Z,32209,392000,392500,44
2026-08-26T02:31:16Z,32211,1549900,1549900,47
2026-08-26T02:31:16Z,32212,1999800,2259800,161
2026-08-26T02:31:16Z,32215,1499800,1499800,61
2026-08-26T02:31:16Z,32217,499200,499200,68
2026-08-26T02:31:16Z,32218,337000,337000,75
2026-08-26T02:31:16Z,32220,367900,367900,42
2026-08-26T02:31:16Z,32221,414900,415000,71
2026-08-26T02:31:16Z,32222,499300,499400,104
2026-08-26T02:31:16Z,32223,1993200,1993200,33
2026-08-26T02:31:16Z,32224,39000,39000,358
2026-08-26T02:31:16Z,32225,979500,979500,90
2026-08-26T02:31:16Z,32226,3799900,3799900,55
2026-08-26T02:31:16Z,32227,56100,88700,1339
2026-08-26T02:31:16Z,32228,5800,7000,1582
2026-08-26T02:31:16Z,32229,6000,7000,728
2026-08-26T02:31:16Z,32230,9800,9900,677
2026-08-26T02:31:16Z,32231,8000,9100,436
2026-08-26T02:31:16Z,32249,8600,105000,3111
2026-08-26T02:31:16Z,32388,870000,870000,16400
2026-08-26T02:31:16Z,32409,199001000,199001000,10
2026-08-26T02:31:16Z,32410,49990100,49990100,9
2026-08-26T02:31:16Z,32413,181800,181800,221
2026-08-26T02:31:16Z,32423,387400,387400,2781
2026-08-26T02:31:16Z,32428,5600,57000,5306
2026-08-26T02:31:16Z,32453,49800,49800,55
2026-08-26T02:31:16Z,32455,9900000,9900000,25
2026-08-26T02:31:16Z,32464,9800,9900,4640
2026-08-26T02:31:16Z,32468,10000,10000,457
2026-08-26T02:31:16Z,32470,49900,49900,419
2026-08-26T02:31:16Z,32576,10600,10700,48
2026-08-26T02:31:16Z,32596,198276300,198276300,3
2026-08-26T02:31:16Z,32597,198000000,198000000,1
2026-08-26T02:31:16Z,32598,19990500,19990500,10
2026-08-26T02:31:16Z,32599,37500000,37500000,6
2026-08-26T02:31:16Z,32600,197990000,197990000,3
2026-08-26T02:31:16Z,32601,9800000,9900000,25
2026-08-26T02:31:16Z,32620,269800,275300,12322
2026-08-26T02:31:16Z,32667,9900000,9900000,23
2026-08-26T02:31:16Z,32668,9960000,9960000,43
2026-08-26T02:31:16Z,32685,9969700,9969700,23
2026-08-26T02:31:16Z,32686,9840000,9840000,25
2026-08-26T02:31:16Z,32714,105300,105300,45
2026-08-26T02:31:16Z,32715,2390000,2400000,37
2026-08-26T02:31:16Z,32716,2380000,8895100,357
2026-08-26T02:31:16Z,32717,2390000,9938900,197
2026-08-26T02:31:16Z,32718,4390000,4390000,105
2026-08-26T02:31:16Z,32720,4000000,4000000,45
2026-08-26T02:31:16Z,32722,3339900,3339900,49
2026-08-26T02:31:16Z,32725,49000100,49000100,20
2026-08-26T02:31:16Z,32727,49000000,49000000,14
2026-08-26T02:31:16Z,32728,9900400,9900400,100
2026-08-26T02:31:16Z,32758,9904100,9904100,41
2026-08-26T02:31:16Z,32773,17781100,17781100,1
2026-08-26T02:31:16Z,32833,220500,220500,160
2026-08-26T02:31:16Z,32836,296900,296900,180
2026-08-26T02:31:16Z,32839,197490000,197490000,4
2026-08-26T02:31:16Z,32849,190000000,190000000,3
2026-08-26T02:31:16Z,32850,194990000,194990000,1
2026-08-26T02:31:16Z,32851,29990000,29990000,6
2026-08-26T02:31:16Z,32852,39330800,39330800,9
2026-08-26T02:31:16Z,32897,9500,10000,300773
2026-08-26T02:31:16Z,32902,100,100,11780
2026-08-26T02:31:16Z,32905,100,100,754
2026-08-26T02:31:16Z,32947,49909900,49909900,4
2026-08-26T02:31:16Z,32948,25000000,25000000,10
2026-08-26T02:31:16Z,33042,30000,30000,699
2026-08-26T02:31:16Z,33048,300,400,127
2026-08-26T02:31:16Z,33052,10000,10000,80
2026-08-26T02:31:16Z,33053,70000,70000,97
2026-08-26T02:31:16Z,33081,2999900,3333300,63
2026-08-26T02:31:16Z,33092,9990400,9990400,25
2026-08-26T02:31:16Z,33093,225000,225000,60
2026-08-26T02:31:16Z,33185,9641200,9641600,21
2026-08-26T02:31:16Z,33234,9894900,9894900,53
2026-08-26T02:31:16Z,33236,2100,2100,92
2026-08-26T02:31:16Z,33246,337500,337500,52
2026-08-26T02:31:16Z,33254,66300,66300,37
2026-08-26T02:31:16Z,33443,500,500,160
2026-08-26T02:31:16Z,33444,500,500,138
2026-08-26T02:31:16Z,33445,700,700,176
2026-08-26T02:31:16Z,33447,19500,20000,788
2026-08-26T02:31:16Z,33448,6500,6500,134
2026-08-26T02:31:16Z,33449,10000,10000,49
2026-08-26T02:31:16Z,33451,22100,22100,72
2026-08-26T02:31:16Z,33452,600,600,303
2026-08-26T02:31:16Z,33454,500,500,216
2026-08-26T02:31:16Z,33457,300,300,80
2026-08-26T02:31:16Z,33458,85900,85900,1084
2026-08-26T02:31:16Z,33459,300,300,70
2026-08-26T02:31:16Z,33460,300,300,72
2026-08-26T02:31:16Z,33461,300,300,127
2026-08-26T02:31:16Z,33462,300,300,121
2026-08-26T02:31:16Z,33470,2300,2400,342741
2026-08-26T02:31:16Z,33546,10000,10000,65
2026-08-26T02:31:16Z,33547,29800,29800,54
2026-08-26T02:31:16Z,33548,1000000,1002700,25
2026-08-26T02:31:16Z,33549,12400,12400,33
2026-08-26T02:31:16Z,33550,290001800,290001800,1
2026-08-26T02:31:16Z,33551,49002000,49002000,20
2026-08-26T02:31:16Z,33553,49002400,49002400,20
2026-08-26T02:31:16Z,33555,49002700,49002700,20
2026-08-26T02:31:16Z,33556,49001800,49001800,20
2026-08-26T02:31:16Z,33560,49002000,49002000,21
2026-08-26T02:31:16Z,33561,10000,10000,29
2026-08-26T02:31:16Z,33562,49002700,49002700,21
2026-08-26T02:31:16Z,33567,12200,12200,658
2026-08-26T02:31:16Z,33568,57400,65000,25305
2026-08-26T02:31:16Z,33569,49002400,49002400,21
2026-08-26T02:31:16Z,33571,290002700,290002700,1
2026-08-26T02:31:16Z,33575,17600,17600,135
2026-08-26T02:31:16Z,33576,550000,550000,42
2026-08-26T02:31:16Z,33629,35001900,45001900,40
2026-08-26T02:31:16Z,33630,45003200,49003200,21
2026-08-26T02:31:16Z,33631,600,600,117
2026-08-26T02:31:16Z,33632,10000,10000,47
2026-08-26T02:31:16Z,33638,9002400,9002400,42
2026-08-26T02:31:16Z,33639,902700,1002700,28
2026-08-26T02:31:16Z,33782,65000,65000,34
2026-08-26T02:31:16Z,33803,1500000100,1500000100,801
2026-08-26T02:31:16Z,33823,780800,780800,373
2026-08-26T02:31:16Z,33824,110000,110000,1091
2026-08-26T02:31:16Z,33825,48900,9865200,30
2026-08-26T02:31:16Z,33846,290000700,290000700,2
2026-08-26T02:31:16Z,33854,290000900,290000900,2
2026-08-26T02:31:16Z,33856,20000000,20000000,2
2026-08-26T02:31:16Z,33866,195800,195800,259
2026-08-26T02:31:16Z,33867,737100,9892300,42
2026-08-26T02:31:16Z,33872,157000,157000,149
2026-08-26T02:31:16Z,33874,24400,24400,3947
2026-08-26T02:31:16Z,34052,119600,119600,4547
2026-08-26T02:31:16Z,34053,35000,43300,548
2026-08-26T02:31:16Z,34054,2500,2800,160522
2026-08-26T02:31:16Z,34055,6300,6400,14301
2026-08-26T02:31:16Z,34056,2200,4100,36783
2026-08-26T02:31:16Z,34057,13600,17100,17454
2026-08-26T02:31:16Z,34068,8200,10000,305560
2026-08-26T02:31:16Z,34113,5490000,9990000,519
2026-08-26T02:31:16Z,34125,19900,19900,60
2026-08-26T02:31:16Z,34207,1564200,1564600,111
2026-08-26T02:31:16Z,34220,28009700,28009700,6
2026-08-26T02:31:16Z,34330,850000,899900,89
2026-08-26T02:31:16Z,34411,9990000,9990000,24
2026-08-26T02:31:16Z,34440,100000,100000,1037
2026-08-26T02:31:16Z,34537,9900000,9900000,50
2026-08-26T02:31:16Z,34599,700,700,432
2026-08-26T02:31:16Z,34664,22000,22600,891
2026-08-26T02:31:16Z,34721,2300,2300,310
2026-08-26T02:31:16Z,34722,3000,3000,493
2026-08-26T02:31:16Z,34736,36700,39700,5626
2026-08-26T02:31:16Z,34747,390000,399700,95
2026-08-26T02:31:16Z,34748,17100,17500,128
2026-08-26T02:31:16Z,34749,9000,9900,295
2026-08-26T02:31:16Z,34750,300,300,112
2026-08-26T02:31:16Z,34751,3900,4000,106
2026-08-26T02:31:16Z,34752,10000,19000,317
2026-08-26T02:31:16Z,34753,49900,59900,442
2026-08-26T02:31:16Z,34754,4500,4500,65
2026-08-26T02:31:16Z,34755,19900,35000,95
2026-08-26T02:31:16Z,34756,3500,33900,45
2026-08-26T02:31:16Z,34757,1700,22800,67
2026-08-26T02:31:16Z,34758,355600,355700,72
2026-08-26T02:31:16Z,34759,28500,64900,115
2026-08-26T02:31:16Z,34760,400,6700,94
2026-08-26T02:31:16Z,34761,2200,5300,97
2026-08-26T02:31:16Z,34762,7000,7000,91
2026-08-26T02:31:16Z,34763,15600,15600,131
2026-08-26T02:31:16Z,34764,19000,22000,106
2026-08-26T02:31:16Z,34765,50000,50000,165
2026-08-26T02:31:16Z,34766,27900,27900,59
2026-08-26T02:31:16Z,34767,28800,28800,150
2026-08-26T02:31:16Z,34768,179900,179900,91
2026-08-26T02:31:16Z,34769,15800,15800,113
2026-08-26T02:31:16Z,34822,290006300,290006300,4
2026-08-26T02:31:16Z,34823,33330000,33330000,7
2026-08-26T02:31:16Z,34824,290005000,290005000,1
2026-08-26T02:31:16Z,34825,287102600,287102600,3
2026-08-26T02:31:16Z,34831,247500,9990000,22
2026-08-26T02:31:16Z,34832,9900,10000,2598
2026-08-26T02:31:16Z,34839,29007700,49007700,18
2026-08-26T02:31:16Z,34841,9906100,9906100,103
2026-08-26T02:31:16Z,34843,11100000,49000000,23
2026-08-26T02:31:16Z,34850,109900,109900,114
2026-08-26T02:31:16Z,34860,1730000,1730000,20
2026-08-26T02:31:16Z,34861,2200,2800,387
2026-08-26T02:31:16Z,34907,20000000,20000000,31
2026-08-26T02:31:16Z,35128,17509900,17509900,179
2026-08-26T02:31:16Z,35285,49300,9900000,50
2026-08-26T02:31:16Z,35287,197500000,197500000,3
2026-08-26T02:31:16Z,35314,1779500,1779500,34
2026-08-26T02:31:16Z,35315,9999500,9999500,40
2026-08-26T02:31:16Z,35318,9997000,9997000,23
2026-08-26T02:31:16Z,35501,88695900,88695900,5
2026-08-26T02:31:16Z,35503,49990100,49990100,7
2026-08-26T02:31:16Z,35557,199800,280500,18919
2026-08-26T02:31:16Z,35562,105500,106900,22792
2026-08-26T02:31:16Z,35563,500,500,230
2026-08-26T02:31:16Z,35565,3600,3600,374
2026-08-26T02:31:16Z,35622,637700,667700,1975
2026-08-26T02:31:16Z,35623,510000,777500,2689
2026-08-26T02:31:16Z,35624,73200,82100,5856
2026-08-26T02:31:16Z,35625,799700,799700,2966
2026-08-26T02:31:16Z,35627,445400,449900,1364
2026-08-26T02:31:16Z,35691,5000,5000,127
2026-08-26T02:31:16Z,35707,9993600,9993600,23
2026-08-26T02:31:16Z,35720,4900,11600,665
2026-08-26T02:31:16Z,35758,199700,199700,47
2026-08-26T02:31:16Z,35759,198900,199000,103
2026-08-26T02:31:16Z,35760,499500,500000,582
2026-08-26T02:31:16Z,35761,638900,638900,200
2026-08-26T02:31:16Z,35788,49001600,49001600,20
2026-08-26T02:31:16Z,35790,49001600,49001600,20
2026-08-26T02:31:16Z,35791,290001500,290001500,1
2026-08-26T02:31:16Z,35794,209400,559400,319
2026-08-26T02:31:16Z,35799,939800,939800,101
2026-08-26T02:31:16Z,35836,199899900,199899900,2
2026-08-26T02:31:16Z,35947,1000,1000,190
2026-08-26T02:31:16Z,35948,1200,1200,97
2026-08-26T02:31:16Z,35949,9000,9000,127
2026-08-26T02:31:16Z,35950,26200,26200,58
2026-08-26T02:31:16Z,35951,1000,1000,72
2026-08-26T02:31:16Z,35952,900,900,82
2026-08-26T02:31:16Z,35953,900,900,310
2026-08-26T02:31:16Z,35954,7700,9900,324
2026-08-26T02:31:16Z,36743,772000,772000,129
2026-08-26T02:31:16Z,36758,18800,18800,98
2026-08-26T02:31:16Z,36781,28300,29700,256
2026-08-26T02:31:16Z,36782,5900,101000,1211
2026-08-26T02:31:16Z,36783,450000,480000,305
2026-08-26T02:31:16Z,36784,850000,980000,35
2026-08-26T02:31:16Z,36788,49001800,49001800,20
2026-08-26T02:31:16Z,36789,49002100,49002100,22
2026-08-26T02:31:16Z,36794,9901800,9901800,185
2026-08-26T02:31:16Z,36797,49001800,49001800,20
2026-08-26T02:31:16Z,36798,290002000,290002000,1
2026-08-26T02:31:16Z,36801,43201700,48001800,49
2026-08-26T02:31:16Z,36802,252001800,252001800,10
2026-08-26T02:31:16Z,36804,290001800,290001800,1
2026-08-26T02:31:16Z,36805,290002700,290002700,1
2026-08-26T02:31:16Z,36806,1500000300,1500000300,1
2026-08-26T02:31:16Z,36808,49002500,49002500,20
2026-08-26T02:31:16Z,36809,501000,501000,37
2026-08-26T02:31:16Z,36810,20000,20000,58
2026-08-26T02:31:16Z,36811,900000,900000,54
2026-08-26T02:31:16Z,36812,29800,29800,970
2026-08-26T02:31:16Z,36813,1509700,1509700,31
2026-08-26T02:31:16Z,36814,102700,102700,62
2026-08-26T02:31:16Z,36816,1002400,1002400,83
2026-08-26T02:31:16Z,36817,1002700,1002700,29
2026-08-26T02:31:16Z,36823,5002400,49002400,22
2026-08-26T02:31:16Z,36824,502700,502700,4
2026-08-26T02:31:16Z,36829,290001800,290001800,1
2026-08-26T02:31:16Z,36830,1500002000,1500002000,1
2026-08-26T02:31:16Z,36860,729900,729900,2579
2026-08-26T02:31:16Z,36901,15000,18800,5859
2026-08-26T02:31:16Z,36903,27500,27500,5070
2026-08-26T02:31:16Z,36904,17000,18800,1951
2026-08-26T02:31:16Z,36905,22000,22000,5536
2026-08-26T02:31:16Z,36906,20000,20300,3592
2026-08-26T02:31:16Z,36907,20000,29700,4212
2026-08-26T02:31:16Z,36908,13900,65000,7445
2026-08-26T02:31:16Z,36909,170000,195000,68193
2026-08-26T02:31:16Z,36910,449900,699900,12844
2026-08-26T02:31:16Z,36912,59000,65000,17097
2026-08-26T02:31:16Z,36913,168000,179900,44900
2026-08-26T02:31:16Z,36916,169600,179900,17965
2026-08-26T02:31:16Z,36917,20000,27400,537
2026-08-26T02:31:16Z,36918,45300,45400,213
2026-08-26T02:31:16Z,36919,99900,147500,262
2026-08-26T02:31:16Z,36920,10000,60000,590
2026-08-26T02:31:16Z,36921,34000,40000,205
2026-08-26T02:31:16Z,36922,59400,59400,916
2026-08-26T02:31:16Z,36923,169900,237300,1021
2026-08-26T02:31:16Z,36924,103700,310000,1732
2026-08-26T02:31:16Z,36925,88300,100000,586
2026-08-26T02:31:16Z,36926,20000,20000,360
2026-08-26T02:31:16Z,36927,297000,300000,281
2026-08-26T02:31:16Z,36928,990000,990000,255
2026-08-26T02:31:16Z,36929,25900,27000,1249
2026-08-26T02:31:16Z,36930,379900,410000,279
2026-08-26T02:31:16Z,36931,3100000,3120000,3904
2026-08-26T02:31:16Z,36932,85000,100000,2595
2026-08-26T02:31:16Z,36933,90000,110000,263
2026-08-26T02:31:16Z,36934,107600,280000,2903
2026-08-26T02:31:16Z,37091,300,300,45
2026-08-26T02:31:16Z,37092,10000,10000,74
2026-08-26T02:31:16Z,37093,300,300,133
2026-08-26T02:31:16Z,37094,28600,28600,75
2026-08-26T02:31:16Z,37097,300,300,81
2026-08-26T02:31:16Z,37098,8000,28600,55
2026-08-26T02:31:16Z,37101,9900100,9900100,100
2026-08-26T02:31:16Z,37118,2300,2300,672
2026-08-26T02:31:16Z,37140,34000,34400,95
2026-08-26T02:31:16Z,37143,44000,44400,105
2026-08-26T02:31:16Z,37145,69000,69500,80
2026-08-26T02:31:16Z,37147,98100,100000,63
2026-08-26T02:31:16Z,37156,34000,34400,88
2026-08-26T02:31:16Z,37159,46600,46700,58
2026-08-26T02:31:16Z,37160,63800,64400,68
2026-08-26T02:31:16Z,37201,49000200,49000200,40
2026-08-26T02:31:16Z,37252,496200,496200,65
2026-08-26T02:31:16Z,37253,1650000,1650000,60
2026-08-26T02:31:16Z,37452,19990300,19990300,12
2026-08-26T02:31:16Z,37467,62000,3902000,231
2026-08-26T02:31:16Z,37567,49900,49900,370
2026-08-26T02:31:16Z,37588,1500000500,1500000500,1
2026-08-26T02:31:16Z,37602,19900000,19900000,22
2026-08-26T02:31:16Z,37603,40000,40000,52
2026-08-26T02:31:16Z,37663,3797500,3800000,8147
2026-08-26T02:31:16Z,37674,4500000,49001100,15
2026-08-26T02:31:16Z,37700,49900,99900,3765
2026-08-26T02:31:16Z,37701,6100,20000,26184
2026-08-26T02:31:16Z,37702,72800,80000,6613
2026-08-26T02:31:16Z,37703,43900,43900,14111
2026-08-26T02:31:16Z,37704,209500,209500,1683
2026-08-26T02:31:16Z,37705,39500,64900,59548
2026-08-26T02:31:16Z,37713,290000100,290000100,1
2026-08-26T02:31:16Z,37921,16800,16800,8686
2026-08-26T02:31:16Z,38260,49006600,49006600,20
2026-08-26T02:31:16Z,38261,49000300,49000300,21
2026-08-26T02:31:16Z,38263,49001500,49001500,20
2026-08-26T02:31:16Z,38264,1001500,49001500,21
2026-08-26T02:31:16Z,38266,1460468400,1460468400,4
2026-08-26T02:31:16Z,38267,2500000100,2500000100,1
2026-08-26T02:31:16Z,38269,49001500,49001500,27
2026-08-26T02:31:16Z,38273,990001500,990001500,1
2026-08-26T02:31:16Z,38274,290001500,290001500,1
2026-08-26T02:31:16Z,38303,7900,7900,174
2026-08-26T02:31:16Z,38348,1500002900,1500002900,1
2026-08-26T02:31:16Z,38350,9849900,9849900,20
2026-08-26T02:31:16Z,38371,5549500,5549900,32
2026-08-26T02:31:16Z,38372,120000,120000,32
2026-08-26T02:31:16Z,38373,159000,199000,23
2026-08-26T02:31:16Z,38374,50000,50000,102
2026-08-26T02:31:16Z,38375,29000,29000,73
2026-08-26T02:31:16Z,38376,200000,200000,56
2026-08-26T02:31:16Z,38425,393900,498900,3301
2026-08-26T02:31:16Z,38426,8800,10000,1152
2026-08-26T02:31:16Z,38427,68500,68500,53
2026-08-26T02:31:16Z,38428,3985800,3985800,56
2026-08-26T02:31:16Z,38429,9906000,9906000,25
2026-08-26T02:31:16Z,38430,9801000,9801000,40
2026-08-26T02:31:16Z,38431,9900000,9900000,40
2026-08-26T02:31:16Z,38432,79800,696900,75
2026-08-26T02:31:16Z,38466,48300,48800,68
2026-08-26T02:31:16Z,38516,49002200,49002200,24
2026-08-26T02:31:16Z,38517,290003300,290003300,2
2026-08-26T02:31:16Z,38518,990000,990000,31
2026-08-26T02:31:16Z,38520,49001100,49001100,13
2026-08-26T02:31:16Z,38557,110000,110000,4482
2026-08-26T02:31:16Z,38558,227500,229400,2164
2026-08-26T02:31:16Z,38561,130000,130000,262
2026-08-26T02:31:16Z,38581,290008500,290008500,2
2026-08-26T02:31:16Z,38583,49002000,49002000,20
2026-08-26T02:31:16Z,38584,1425300,49000000,22
2026-08-26T02:31:16Z,38585,49002000,49002000,20
2026-08-26T02:31:16Z,38586,9902800,9902800,86
2026-08-26T02:31:16Z,38625,70000,99500,55
2026-08-26T02:31:16Z,38679,1100,1500,298
2026-08-26T02:31:16Z,38682,1600,1900,15545
2026-08-26T02:31:16Z,38698,25000,28900,52
2026-08-26T02:31:16Z,38706,4256500,4343300,84
2026-08-26T02:31:16Z,38766,1000,1000,209
2026-08-26T02:31:16Z,38767,2400,2400,61
2026-08-26T02:31:16Z,38768,2500,2500,397
2026-08-26T02:31:16Z,38769,11100,9905700,44
2026-08-26T02:31:16Z,38771,1800,2300,266
2026-08-26T02:31:16Z,38772,9900,12500,443
2026-08-26T02:31:16Z,38773,2000,2000,78
2026-08-26T02:31:16Z,38774,8600,11500,74
2026-08-26T02:31:16Z,38775,7000,7000,104
2026-08-26T02:31:16Z,38776,14700,14700,75
2026-08-26T02:31:16Z,38777,2000,2000,156
2026-08-26T02:31:16Z,38778,10000,10000,83
2026-08-26T02:31:16Z,38779,51200,51200,51
2026-08-26T02:31:16Z,38780,2000,2100,52
2026-08-26T02:31:16Z,38781,6000,6000,51
2026-08-26T02:31:16Z,38782,8000,8000,70
2026-08-26T02:31:16Z,38783,87500,9908800,44
2026-08-26T02:31:16Z,38785,2500,5000,167
2026-08-26T02:31:16Z,38786,8400,27000,77
2026-08-26T02:31:16Z,38787,1500,1500,141
2026-08-26T02:31:16Z,38788,380000,380000,106
2026-08-26T02:31:16Z,38789,9800,9800,71
2026-08-26T02:31:16Z,38790,19000,500000,45
2026-08-26T02:31:16Z,38791,243400,243400,51
2026-08-26T02:31:16Z,38792,209200,209200,68
2026-08-26T02:31:16Z,38793,2600,2600,222
2026-08-26T02:31:16Z,38794,5500,9400,232
2026-08-26T02:31:16Z,38796,12800,22800,75
2026-08-26T02:31:16Z,38797,39400,39500,149
2026-08-26T02:31:16Z,38798,99300,99400,68
2026-08-26T02:31:16Z,38799,44800,328900,52
2026-08-26T02:31:16Z,38800,277800,9908500,46
2026-08-26T02:31:16Z,38801,436100,436100,45
2026-08-26T02:31:16Z,38802,2327300,2327300,29
2026-08-26T02:31:16Z,38803,1700,1700,136
2026-08-26T02:31:16Z,38804,234900,234900,107
2026-08-26T02:31:16Z,38805,200000,240000,73
2026-08-26T02:31:16Z,38806,4800,4800,81
2026-08-26T02:31:16Z,38807,7800,7800,65
2026-08-26T02:31:16Z,38808,8000,8000,132
2026-08-26T02:31:16Z,38809,67500,67500,89
2026-08-26T02:31:16Z,38810,3000,3000,75
2026-08-26T02:31:16Z,38811,299900,9903400,34
2026-08-26T02:31:16Z,38812,9000,9909700,45
2026-08-26T02:31:16Z,38813,783200,783200,37
2026-08-26T02:31:16Z,38814,771500,771500,64
2026-08-26T02:31:16Z,38816,464400,464400,71
2026-08-26T02:31:16Z,38817,12500,12500,405
2026-08-26T02:31:16Z,38818,40000,40000,42
2026-08-26T02:31:16Z,38819,747600,900000,37
2026-08-26T02:31:16Z,38820,1095500,9905500,36
2026-08-26T02:31:16Z,38821,573000,573000,43
2026-08-26T02:31:16Z,38822,16700,16700,115
2026-08-26T02:31:16Z,38823,1427900,1427900,34
2026-08-26T02:31:16Z,38824,9909900,9909900,34
2026-08-26T02:31:16Z,38825,5000,5000,51
2026-08-26T02:31:16Z,38827,289800,289800,99
2026-08-26T02:31:16Z,38828,23900,9900100,42
2026-08-26T02:31:16Z,38829,2000,2000,68
2026-08-26T02:31:16Z,38830,6400,6400,93
2026-08-26T02:31:16Z,38831,1530400,1530400,35
2026-08-26T02:31:16Z,38832,691900,691900,46
2026-08-26T02:31:16Z,38833,2500,2500,391
2026-08-26T02:31:16Z,38834,1573300,1573300,30
2026-08-26T02:31:16Z,38835,179900,179900,51
2026-08-26T02:31:16Z,38836,701300,701300,75
2026-08-26T02:31:16Z,38837,701600,701600,81
2026-08-26T02:31:16Z,38838,13500,14900,193
2026-08-26T02:31:16Z,38839,225700,9908600,45
2026-08-26T02:31:16Z,38840,486400,9907200,32
2026-08-26T02:31:16Z,38841,50000,59500,74
2026-08-26T02:31:16Z,38842,823900,824000,44
2026-08-26T02:31:16Z,38844,40000,44800,87
2026-08-26T02:31:16Z,38845,10000,10000,220
2026-08-26T02:31:16Z,38846,46900,770000,189
2026-08-26T02:31:16Z,38847,90000,99500,56
2026-08-26T02:31:16Z,38848,52000,52000,73
2026-08-26T02:31:16Z,38849,22800,22800,90
2026-08-26T02:31:16Z,38850,145400,145400,125
2026-08-26T02:31:16Z,38851,8854900,8854900,39
2026-08-26T02:31:16Z,38852,8400,8500,89
2026-08-26T02:31:16Z,38853,1754000,1754000,70
2026-08-26T02:31:16Z,38854,2043700,2043700,58
2026-08-26T02:31:16Z,38855,129000,139000,89
2026-08-26T02:31:16Z,38856,9000,10000,273
2026-08-26T02:31:16Z,38857,160000,1351500,40
2026-08-26T02:31:16Z,38859,189800,9908500,47
2026-08-26T02:31:16Z,38860,10000,10000,60
2026-08-26T02:31:16Z,38861,99100,9905700,43
2026-08-26T02:31:16Z,38862,249300,249300,113
2026-08-26T02:31:16Z,38863,10322200,10874900,33
2026-08-26T02:31:16Z,38864,1137600,1137600,99
2026-08-26T02:31:16Z,38865,428200,698100,54
2026-08-26T02:31:16Z,38866,41700,41800,52
2026-08-26T02:31:16Z,38867,15500,16400,145
2026-08-26T02:31:16Z,38868,2480400,2480400,24
2026-08-26T02:31:16Z,38869,920100,920100,46
2026-08-26T02:31:16Z,38870,1380400,9909700,36
2026-08-26T02:31:16Z,38871,6237800,6237800,329
2026-08-26T02:31:16Z,38872,2995900,4275900,36
2026-08-26T02:31:16Z,38873,827800,827900,335
2026-08-26T02:31:16Z,38874,1008100,1638100,67
2026-08-26T02:31:16Z,38875,999900,999900,53
2026-08-26T02:31:16Z,38876,9997500,9997500,28
2026-08-26T02:31:16Z,38877,12998300,12998300,27
2026-08-26T02:31:16Z,38878,5002600,5843100,30
2026-08-26T02:31:16Z,38879,946100,9903300,32
2026-08-26T02:31:16Z,38880,1178900,1178900,49
2026-08-26T02:31:16Z,38881,5572600,5572600,40
2026-08-26T02:31:16Z,38882,1109700,1109700,53
2026-08-26T02:31:16Z,38883,2519400,2519500,47
2026-08-26T02:31:16Z,38884,2904800,9997500,31
2026-08-26T02:31:16Z,38885,5002000,5002000,8
2026-08-26T02:31:16Z,38886,4782200,4794100,19
2026-08-26T02:31:16Z,38887,4350200,4350200,16
2026-08-26T02:31:16Z,38888,186100,186100,65
2026-08-26T02:31:16Z,38889,1782700,1782700,37
2026-08-26T02:31:16Z,38890,9999800,9999800,11
2026-08-26T02:31:16Z,38893,498900,498900,51
2026-08-26T02:31:16Z,38894,2809000,2809000,35
2026-08-26T02:31:16Z,38895,924000,924000,37
2026-08-26T02:31:16Z,38896,951800,9990000,30
2026-08-26T02:31:16Z,38897,96100,96100,77
2026-08-26T02:31:16Z,38898,24000,24000,107
2026-08-26T02:31:16Z,38899,467000,9907300,40
2026-08-26T02:31:16Z,38900,5555500,7081600,34
2026-08-26T02:31:16Z,38901,1007200,9909400,33
2026-08-26T02:31:16Z,38902,960000,960000,48
2026-08-26T02:31:16Z,38903,49332200,49332200,11
2026-08-26T02:31:16Z,38904,1165900,1165900,48
2026-08-26T02:31:16Z,38905,482100,482100,52
2026-08-26T02:31:16Z,38906,2219000,2219000,32
2026-08-26T02:31:16Z,38908,400000,9900000,42
2026-08-26T02:31:16Z,38909,1600,1600,111
2026-08-26T02:31:16Z,38910,89700,163900,50
2026-08-26T02:31:16Z,38911,281000,281100,64
2026-08-26T02:31:16Z,38912,9901500,9901500,41
2026-08-26T02:31:16Z,38913,904600,904600,51
2026-08-26T02:31:16Z,38914,17400,17600,79
2026-08-26T02:31:16Z,38917,1559000,1559100,42
2026-08-26T02:31:16Z,38918,2458300,2458300,74
2026-08-26T02:31:16Z,38919,990000,1374500,49
2026-08-26T02:31:16Z,38920,839300,839300,51
2026-08-26T02:31:16Z,38921,6002700,8552800,71
2026-08-26T02:31:16Z,38922,1507500,1507500,51
2026-08-26T02:31:16Z,38923,49989300,49989500,27
2026-08-26T02:31:16Z,38924,18726400,18726400,23
2026-08-26T02:31:16Z,38925,1889000,1889300,53
2026-08-26T02:31:16Z,38926,2513800,2513800,66
2026-08-26T02:31:16Z,38927,4641000,4641000,19
2026-08-26T02:31:16Z,38928,2300,2300,174
2026-08-26T02:31:16Z,38929,90000,90000,69
2026-08-26T02:31:16Z,38930,440000,450000,55
2026-08-26T02:31:16Z,38931,70000,70000,60
2026-08-26T02:31:16Z,38932,807300,1242300,49
2026-08-26T02:31:16Z,38933,1000,1000,276
2026-08-26T02:31:16Z,38934,115200,115200,65
2026-08-26T02:31:16Z,38935,38666600,38666600,22
2026-08-26T02:31:16Z,38936,7996300,7996300,19
2026-08-26T02:31:16Z,38937,124300,124400,68
2026-08-26T02:31:16Z,38938,4500,9000,93
2026-08-26T02:31:16Z,38939,15003700,15003700,58
2026-08-26T02:31:16Z,38940,4193600,4816000,20
2026-08-26T02:31:16Z,38943,34990000,35000000,21
2026-08-26T02:31:16Z,38944,1209500,1949500,94
2026-08-26T02:31:16Z,38945,250000,305400,77
2026-08-26T02:31:16Z,38946,27569200,27569200,15
2026-08-26T02:31:16Z,38947,29839800,29839800,33
2026-08-26T02:31:16Z,38948,1701200,1701200,45
2026-08-26T02:31:16Z,38949,1700,1700,105
2026-08-26T02:31:16Z,38951,10000,10000,69
2026-08-26T02:31:16Z,38953,22300,52300,196
2026-08-26T02:31:16Z,38954,110000,113100,56
2026-08-26T02:31:16Z,38955,10000,10000,117
2026-08-26T02:31:16Z,38959,27400,27400,112
2026-08-26T02:31:16Z,38960,12900,12900,155
2026-08-26T02:31:16Z,38961,20700,20700,75
2026-08-26T02:31:16Z,38962,6900,6900,123
2026-08-26T02:31:16Z,38963,250000,9904800,45
2026-08-26T02:31:16Z,38964,17600,27600,60
2026-08-26T02:31:16Z,38965,3550000,3550000,38
2026-08-26T02:31:16Z,38966,18400,18400,100
2026-08-26T02:31:16Z,38967,311800,321800,68
2026-08-26T02:31:16Z,38968,1700,2900,55
2026-08-26T02:31:16Z,38971,12200,12900,55
2026-08-26T02:31:16Z,38972,3046500,3046500,121
2026-08-26T02:31:16Z,38973,192700,192700,74
2026-08-26T02:31:16Z,38974,25100,25100,105
2026-08-26T02:31:16Z,38975,8900,8900,72
2026-08-26T02:31:16Z,38976,10000,10000,58
2026-08-26T02:31:16Z,38978,2792200,2799100,40
2026-08-26T02:31:16Z,38979,13300,13300,70
2026-08-26T02:31:16Z,38980,2500,5100,92
2026-08-26T02:31:16Z,38981,1000000,1000000,72
2026-08-26T02:31:16Z,38984,62300,62300,47
2026-08-26T02:31:16Z,38986,50000,75500,47
2026-08-26T02:31:16Z,38987,30000,31600,85
2026-08-26T02:31:16Z,38988,1383000,1383000,49
2026-08-26T02:31:16Z,38989,48700,48700,86
2026-08-26T02:31:16Z,38990,2989500,2989500,58
2026-08-26T02:31:16Z,38991,63000,63000,84
2026-08-26T02:31:16Z,38992,217900,217900,50
2026-08-26T02:31:16Z,38993,9800,9800,61
2026-08-26T02:31:16Z,38995,1476100,1476200,41
2026-08-26T02:31:16Z,38997,100000,499900,51
2026-08-26T02:31:16Z,38998,15004700,15004700,31
2026-08-26T02:31:16Z,38999,108700,108700,54
2026-08-26T02:31:16Z,39000,750000,780000,38
2026-08-26T02:31:16Z,39001,90000,90000,106
2026-08-26T02:31:16Z,39002,81300,81300,96
2026-08-26T02:31:16Z,39003,642200,642300,67
2026-08-26T02:31:16Z,39004,16300,16300,89
2026-08-26T02:31:16Z,39005,32000,32000,73
2026-08-26T02:31:16Z,39006,333900,333900,92
2026-08-26T02:31:16Z,39151,39600,39600,1835
2026-08-26T02:31:16Z,39201,34900000,34990000,58
2026-08-26T02:31:16Z,39203,46660000,46660000,34
2026-08-26T02:31:16Z,39204,1500006900,1500006900,1
2026-08-26T02:31:16Z,39207,34900000,34990000,63
2026-08-26T02:31:16Z,39209,249000,249000,53
2026-08-26T02:31:16Z,39210,19990000,19990000,37
2026-08-26T02:31:16Z,39211,5000,5000,186
2026-08-26T02:31:16Z,39212,2500,2500,70
2026-08-26T02:31:16Z,39218,255000,255000,33
2026-08-26T02:31:16Z,39219,505000,505000,26
2026-08-26T02:31:16Z,39220,207500,237500,72
2026-08-26T02:31:16Z,39222,55000,49005000,31
2026-08-26T02:31:16Z,39223,1255000,49003800,22
2026-08-26T02:31:16Z,39317,2300,49002300,23
2026-08-26T02:31:16Z,39334,490000,490000,425
2026-08-26T02:31:16Z,39338,76900,76900,446
2026-08-26T02:31:16Z,39339,184400,184600,469
2026-08-26T02:31:16Z,39340,49200,49600,1651
2026-08-26T02:31:16Z,39341,17500,17500,53562
2026-08-26T02:31:16Z,39342,34900,35000,1675
2026-08-26T02:31:16Z,39343,27500,27500,6200
2026-08-26T02:31:16Z,39349,39970000,39970000,11
2026-08-26T02:31:16Z,39350,7999900,49989300,10
2026-08-26T02:31:16Z,39351,46838800,46838800,24
2026-08-26T02:31:16Z,39353,150600,49000600,21
2026-08-26T02:31:16Z,39354,100,100,224076
2026-08-26T02:31:16Z,39356,5000500,5000500,24
2026-08-26T02:31:16Z,39357,1000000,1000000,36
2026-08-26T02:31:16Z,39358,104500,104500,25
2026-08-26T02:31:16Z,39360,44800,54800,33
2026-08-26T02:31:16Z,39361,15007800,15007800,36
2026-08-26T02:31:16Z,39469,79200,83800,2526
2026-08-26T02:31:16Z,39501,49009800,49009800,32
2026-08-26T02:31:16Z,39502,25007600,25007600,27
2026-08-26T02:31:16Z,39512,4500,4500,153
2026-08-26T02:31:16Z,39513,323600,323600,37
2026-08-26T02:31:16Z,39516,24000000,24000000,41
2026-08-26T02:31:16Z,39520,3000,3000,122
2026-08-26T02:31:16Z,39524,125000,125000,28
2026-08-26T02:31:16Z,39525,49003800,49003800,20
2026-08-26T02:31:16Z,39526,157400,157400,44
2026-08-26T02:31:16Z,39527,106500,106500,61
2026-08-26T02:31:16Z,39532,290001800,290001800,1
2026-08-26T02:31:16Z,39533,990002000,990002000,1
2026-08-26T02:31:16Z,39549,35003000,35003000,27
2026-08-26T02:31:16Z,39550,35003700,49003700,23
2026-08-26T02:31:16Z,39551,49003000,49003000,20
2026-08-26T02:31:16Z,39552,49006100,49006100,25
2026-08-26T02:31:16Z,39559,49003800,49003800,20
2026-08-26T02:31:16Z,39562,29993000,49003000,22
2026-08-26T02:31:16Z,39563,49003800,49003800,20
2026-08-26T02:31:16Z,39567,15000,15000,54
2026-08-26T02:31:16Z,39568,103500,49003500,21
2026-08-26T02:31:16Z,39569,104800,104800,25
2026-08-26T02:31:16Z,39570,49003000,49003000,20
2026-08-26T02:31:16Z,39666,24900,30000,320
2026-08-26T02:31:16Z,39671,83300,83300,115
2026-08-26T02:31:16Z,39681,160000,182300,5293
2026-08-26T02:31:16Z,39682,303900,448900,3468
2026-08-26T02:31:16Z,39683,1650000,1800000,835
2026-08-26T02:31:16Z,39684,9900,9900,2957
2026-08-26T02:31:16Z,39685,400000000,400000000,2
2026-08-26T02:31:16Z,39686,990003400,990003400,2
2026-08-26T02:31:16Z,39690,288400,288500,5118
2026-08-26T02:31:16Z,39691,8500,8500,274
2026-08-26T02:31:16Z,39774,69900,69900,3746
2026-08-26T02:31:16Z,39900,35600,44200,75
2026-08-26T02:31:16Z,39905,27300,40700,50
2026-08-26T02:31:16Z,39906,250000000,250000000,2
2026-08-26T02:31:16Z,39907,9100,33400,83
2026-08-26T02:31:16Z,39908,120000,120000,40
2026-08-26T02:31:16Z,39909,14000,14000,63
2026-08-26T02:31:16Z,39910,167200,167200,31
2026-08-26T02:31:16Z,39911,200459300,200459300,8
2026-08-26T02:31:16Z,39912,200700,1298900,45
2026-08-26T02:31:16Z,39914,990000000,990000000,6
2026-08-26T02:31:16Z,39915,203800,203800,51
2026-08-26T02:31:16Z,39916,250000000,250000000,7
2026-08-26T02:31:16Z,39917,987500,9895700,21
2026-08-26T02:31:16Z,39918,38500,38500,77
2026-08-26T02:31:16Z,39919,189400,189400,43
2026-08-26T02:31:16Z,39920,250003100,250003100,2
2026-08-26T02:31:16Z,39927,80000,80000,94
2026-08-26T02:31:16Z,39932,199100,199100,44
2026-08-26T02:31:16Z,39933,46200,52000,44
2026-08-26T02:31:16Z,39934,26800,225000,59
2026-08-26T02:31:16Z,39935,26800,37200,52
2026-08-26T02:31:16Z,39936,249981300,249981300,4
2026-08-26T02:31:16Z,39937,247880000,247880000,2
2026-08-26T02:31:16Z,39938,248253300,248253300,2
2026-08-26T02:31:16Z,39939,19900100,19900100,11
2026-08-26T02:31:16Z,39940,26800,71600,37
2026-08-26T02:31:16Z,39941,250001300,250001300,1
2026-08-26T02:31:16Z,39942,26800,28500,44
2026-08-26T02:31:16Z,39943,250000000,250000000,2
2026-08-26T02:31:16Z,39944,1997506100,1997506100,2
2026-08-26T02:31:16Z,39945,48000,48000,95
2026-08-26T02:31:16Z,39946,197980000,197980000,3
2026-08-26T02:31:16Z,39947,43900,43900,44
2026-08-26T02:31:16Z,39948,35600,35600,53
2026-08-26T02:31:16Z,39949,14500,14500,56
2026-08-26T02:31:16Z,39950,5382400,5382400,39
2026-08-26T02:31:16Z,39951,98900,98900,79
2026-08-26T02:31:16Z,39952,3007600,9767600,21
2026-08-26T02:31:16Z,39953,240489700,240489700,3
2026-08-26T02:31:16Z,39954,9990000,9990000,54
2026-08-26T02:31:16Z,39955,152900,153500,36
2026-08-26T02:31:16Z,39956,19900,28400,55
2026-08-26T02:31:16Z,39957,26800,26800,39
2026-08-26T02:31:16Z,39958,9991000,9991000,20
2026-08-26T02:31:16Z,39959,9896400,9896400,21
2026-08-26T02:31:16Z,39960,1500009900,1500009900,2
2026-08-26T02:31:16Z,39961,249978500,249978500,2
2026-08-26T02:31:16Z,39962,1250005000,1250005000,1
2026-08-26T02:31:16Z,39963,250001300,250001300,1
2026-08-26T02:31:16Z,39964,2494115400,2494115400,3
2026-08-26T02:31:16Z,39965,58400,58400,72
2026-08-26T02:31:16Z,39966,30000,30000,126
2026-08-26T02:31:16Z,39967,32900,36100,40
2026-08-26T02:31:16Z,39968,39100,39100,46
2026-08-26T02:31:16Z,39969,9991200,9991200,46
2026-08-26T02:31:16Z,39970,10000,20100,621
2026-08-26T02:31:16Z,39974,255881600,255881600,4
2026-08-26T02:31:16Z,39975,2654800,9989900,21
2026-08-26T02:31:16Z,39976,58900,58900,81
2026-08-26T02:31:16Z,39977,9990100,9990100,21
2026-08-26T02:31:16Z,39978,46200,53600,48
2026-08-26T02:31:16Z,39979,9990000,9990000,20
2026-08-26T02:31:16Z,39980,46200,52900,79
2026-08-26T02:31:16Z,39981,33900,34200,101
2026-08-26T02:31:16Z,39982,1776400,1776400,25
2026-08-26T02:31:16Z,39983,33000,33000,76
2026-08-26T02:31:16Z,39984,250009200,250009200,1
2026-08-26T02:31:16Z,39985,1474962500,1474962500,2
2026-08-26T02:31:16Z,39986,4500000600,4500000600,1
2026-08-26T02:31:16Z,39989,1500000000,1500000000,1
2026-08-26T02:31:16Z,39990,250003200,250003200,1
2026-08-26T02:31:16Z,39991,2100000,2100000,24
2026-08-26T02:31:16Z,39992,9793900,9793900,28
2026-08-26T02:31:16Z,39996,3009400,3009400,31
2026-08-26T02:31:16Z,39997,503400,503400,60
2026-08-26T02:31:16Z,39998,606500,606500,27
2026-08-26T02:31:16Z,39999,171849000,171849000,2
2026-08-26T02:31:16Z,40000,4641000,9925900,21
2026-08-26T02:31:16Z,40001,9981500,9981500,23
2026-08-26T02:31:16Z,40002,450000000,450000000,1
2026-08-26T02:31:16Z,40003,9959600,9959600,37
2026-08-26T02:31:16Z,40008,3509800,3509900,26
2026-08-26T02:31:16Z,40009,42346100,42346100,6
2026-08-26T02:31:16Z,40010,185500,200000,28
2026-08-26T02:31:16Z,40011,9941700,9941800,32
2026-08-26T02:31:16Z,40013,3000000,4505000,31
2026-08-26T02:31:16Z,40014,2999900,3000000,32
2026-08-26T02:31:16Z,40015,250002900,250002900,2
2026-08-26T02:31:16Z,40016,2001100,2001100,26
2026-08-26T02:31:16Z,40017,97100,97100,44
2026-08-26T02:31:16Z,40022,601700,601700,30
2026-08-26T02:31:16Z,40023,4507000,5007000,24
2026-08-26T02:31:16Z,40024,3500000000,3500000000,1
2026-08-26T02:31:16Z,40025,9950000,9960000,23
2026-08-26T02:31:16Z,40026,566900,566900,32
2026-08-26T02:31:16Z,40027,2000000000,2000000000,2
2026-08-26T02:31:16Z,40028,2212100,9991500,29
2026-08-26T02:31:16Z,40029,199900000,199900000,6
2026-08-26T02:31:16Z,40030,249001800,249001800,1
2026-08-26T02:31:16Z,40031,250000000,250000000,2
2026-08-26T02:31:16Z,40032,9990000,9990000,46
2026-08-26T02:31:16Z,40033,2409516000,2409516000,1
2026-08-26T02:31:16Z,40034,11110400,19992000,11
2026-08-26T02:31:16Z,40035,100000,100000,129
2026-08-26T02:31:16Z,40036,9863100,9863100,41
2026-08-26T02:31:16Z,40037,4184700,4184700,35
2026-08-26T02:31:16Z,40038,442000,485700,58
2026-08-26T02:31:16Z,40039,844000,844000,44
2026-08-26T02:31:16Z,40040,9992800,9992800,26
2026-08-26T02:31:16Z,40041,4184600,4184700,33
2026-08-26T02:31:16Z,40042,29500,30000,73
2026-08-26T02:31:16Z,40043,246079500,246079500,3
2026-08-26T02:31:16Z,40044,50000,575800,26
2026-08-26T02:31:16Z,40045,7036900,19799500,22
2026-08-26T02:31:16Z,40046,198734600,198734600,7
2026-08-26T02:31:16Z,40047,250004700,250004700,2
2026-08-26T02:31:16Z,40048,19762100,19762100,16
2026-08-26T02:31:16Z,40049,4274400,19932100,11
2026-08-26T02:31:16Z,40050,5678500,9980000,21
2026-08-26T02:31:16Z,40051,9436700,9436700,24
2026-08-26T02:31:16Z,40052,9959800,9959800,22
2026-08-26T02:31:16Z,40053,19699600,19699600,10
2026-08-26T02:31:16Z,40054,8500002300,8500002300,1
2026-08-26T02:31:16Z,40055,4994700,9989300,21
2026-08-26T02:31:16Z,40056,450000000,450000000,1
2026-08-26T02:31:16Z,40057,9990000,9990000,39
2026-08-26T02:31:16Z,40058,4168500,4168500,40
2026-08-26T02:31:16Z,40059,842900,861900,28
2026-08-26T02:31:16Z,40067,17000,17000,71
2026-08-26T02:31:16Z,40068,37600,77600,131
2026-08-26T02:31:16Z,40070,8900,8900,201
2026-08-26T02:31:16Z,40072,391700,391700,97
2026-08-26T02:31:16Z,40073,15000,16300,597
2026-08-26T02:31:16Z,40076,6500,7200,201
2026-08-26T02:31:16Z,40077,288700,288700,917
2026-08-26T02:31:16Z,40078,69500,69500,225
2026-08-26T02:31:16Z,40079,40000,40000,71
2026-08-26T02:31:16Z,40081,9900,9900,322
2026-08-26T02:31:16Z,40082,1882555100,1882555100,15
2026-08-26T02:31:16Z,40083,182993100,182993100,2
2026-08-26T02:31:16Z,40084,410781100,410781100,2
2026-08-26T02:31:16Z,40085,2995914600,2995914600,1
2026-08-26T02:31:16Z,40086,9996500,9996500,22
2026-08-26T02:31:16Z,40087,280000,300000,83
2026-08-26T02:31:16Z,40088,9975900,9975900,21
2026-08-26T02:31:16Z,40089,4041200,19612900,11
2026-08-26T02:31:16Z,40090,9989300,9989400,28
2026-08-26T02:31:16Z,40091,9893400,9893400,22
2026-08-26T02:31:16Z,40092,7338462900,7338462900,1
2026-08-26T02:31:16Z,40093,7600,7600,294
2026-08-26T02:31:16Z,40094,49990000,49990000,5
2026-08-26T02:31:16Z,40095,5005500,9880000,23
2026-08-26T02:31:16Z,40096,990004300,990004300,1
2026-08-26T02:31:16Z,40097,15000,16500,123
2026-08-26T02:31:16Z,40098,19679300,19679300,11
2026-08-26T02:31:16Z,40099,3017359800,3017359800,6
2026-08-26T02:31:16Z,40100,1257000,2757100,31
2026-08-26T02:31:16Z,40101,450003200,450003200,2
2026-08-26T02:31:16Z,40102,9989300,9989400,26
2026-08-26T02:31:16Z,40103,250005000,250005000,1
2026-08-26T02:31:16Z,40104,6328942100,6328942100,3
2026-08-26T02:31:16Z,40105,9989500,9989500,25
2026-08-26T02:31:16Z,40106,9880300,9880300,25
2026-08-26T02:31:16Z,40109,87300,87500,74
2026-08-26T02:31:16Z,40111,158900,159000,272
2026-08-26T02:31:16Z,40112,159400,159400,197
2026-08-26T02:31:16Z,40113,159400,159400,170
2026-08-26T02:31:16Z,40114,2500002100,2500002100,1
2026-08-26T02:31:16Z,40115,9895000,9895500,30
2026-08-26T02:31:16Z,40116,9655500,9655500,30
2026-08-26T02:31:16Z,40117,1500000000,1500000000,1
2026-08-26T02:31:16Z,40118,1000000,1000000,38
2026-08-26T02:31:16Z,40119,945400,945400,92
2026-08-26T02:31:16Z,40120,993900,993900,90
2026-08-26T02:31:16Z,40122,9962000,9962500,99
2026-08-26T02:31:16Z,40123,450000000,450000000,1
2026-08-26T02:31:16Z,40124,4929700,4929700,80
2026-08-26T02:31:16Z,40125,962600,962600,97
2026-08-26T02:31:16Z,40126,980002100,980002100,5
2026-08-26T02:31:16Z,40127,9497900,9497900,41
2026-08-26T02:31:16Z,40128,2251400,2251400,108
2026-08-26T02:31:16Z,40129,779000,779000,143
2026-08-26T02:31:16Z,40130,9735300,9735400,38
2026-08-26T02:31:16Z,40132,450003200,450003200,1
2026-08-26T02:31:16Z,40133,970800,970900,113
2026-08-26T02:31:16Z,40134,250000000,250000000,1
2026-08-26T02:31:16Z,40135,9876000,9876400,47
2026-08-26T02:31:16Z,40136,2500009100,2500009100,1
2026-08-26T02:31:16Z,40138,2468683500,2468683500,5
2026-08-26T02:31:16Z,40139,9937900,9938400,34
2026-08-26T02:31:16Z,40140,2500000000,2500000000,1
2026-08-26T02:31:16Z,40141,9979400,9979400,31
2026-08-26T02:31:16Z,40142,1299800,1300000,64
2026-08-26T02:31:16Z,40143,977800,977800,43
2026-08-26T02:31:16Z,40144,2500000,9770100,32
2026-08-26T02:31:16Z,40145,1240000,9998300,22
2026-08-26T02:31:16Z,40146,2390000,2399500,178
2026-08-26T02:31:16Z,40147,1219700,1220000,49
2026-08-26T02:31:16Z,40148,3490321400,3490321400,2
2026-08-26T02:31:16Z,40149,1240000,9991100,33
2026-08-26T02:31:16Z,40150,2500000,9915900,34
2026-08-26T02:31:16Z,40151,199977600,199977600,1
2026-08-26T02:31:16Z,40152,1239300,1239300,39
2026-08-26T02:31:16Z,40153,997100,997500,74
2026-08-26T02:31:16Z,40154,2500000,9978800,24
2026-08-26T02:31:16Z,40155,990000,1000900,40
2026-08-26T02:31:16Z,40156,1500003700,1500003700,1
2026-08-26T02:31:16Z,40157,976600,976600,37
2026-08-26T02:31:16Z,40158,990000000,990000000,1
2026-08-26T02:31:16Z,40159,1500000000,1500000000,1
2026-08-26T02:31:16Z,40160,1240000,9740000,37
2026-08-26T02:31:16Z,40161,3500000000,3500000000,1
2026-08-26T02:31:16Z,40162,989200,989200,31
2026-08-26T02:31:16Z,40163,2500000,9971700,29
2026-08-26T02:31:16Z,40164,9767000,9767400,36
2026-08-26T02:31:16Z,40165,9723000,9723000,47
2026-08-26T02:31:16Z,40166,8880000,9929500,31
2026-08-26T02:31:16Z,40167,9715500,9718900,39
2026-08-26T02:31:16Z,40168,9970000,9970000,39
2026-08-26T02:31:16Z,40169,7000000,8000500,36
2026-08-26T02:31:16Z,40171,998000,998000,30
2026-08-26T02:31:16Z,40173,9990900,9990900,30
2026-08-26T02:31:16Z,40174,9900000000,9900000000,1
2026-08-26T02:31:16Z,40175,2500000000,2500000000,1
2026-08-26T02:31:16Z,40176,4500002100,4500002100,1
2026-08-26T02:31:16Z,40177,997800,999000,71
2026-08-26T02:31:16Z,40179,1000000,1000000,63
2026-08-26T02:31:16Z,40180,4451000,4509500,160
2026-08-26T02:31:16Z,40181,1500000000,1500000000,1
2026-08-26T02:31:16Z,40182,1000000,3312800,105
2026-08-26T02:31:16Z,40195,7900,7900,3321
2026-08-26T02:31:16Z,40199,9000,9000,3807
2026-08-26T02:31:16Z,40202,1496400,1496400,71
2026-08-26T02:31:16Z,40211,20000,26200,515
2026-08-26T02:31:16Z,40212,8500,9600,136
2026-08-26T02:31:16Z,40213,999900,999900,88
2026-08-26T02:31:16Z,40214,1150000,1150000,39
2026-08-26T02:31:16Z,40215,2259900,2306000,37
2026-08-26T02:31:16Z,40216,2000000,2000000,54
2026-08-26T02:31:16Z,40217,100000,100000,45
2026-08-26T02:31:16Z,40356,9900600,9900600,36
2026-08-26T02:31:16Z,40357,9990000,9990000,23
2026-08-26T02:31:16Z,40358,9990700,9990700,25
2026-08-26T02:31:16Z,40359,9909900,9909900,25
2026-08-26T02:31:16Z,40360,494900,9905000,556
2026-08-26T02:31:16Z,40361,7902700,7902700,118
2026-08-26T02:31:16Z,40391,49000900,49000900,14
2026-08-26T02:31:16Z,40392,290000900,290000900,1
2026-08-26T02:31:16Z,40393,290000700,290000700,1
2026-08-26T02:31:16Z,40404,1499900100,1499900100,6
2026-08-26T02:31:16Z,40411,49009900,49009900,25
2026-08-26T02:31:16Z,40533,87000,87400,903
2026-08-26T02:31:16Z,40536,2900,2900,1361
2026-08-26T02:31:16Z,40769,350000,350000,1616
2026-08-26T02:31:16Z,40771,330000,330100,277
2026-08-26T02:31:16Z,40896,1500007600,1500007600,1
2026-08-26T02:31:16Z,40897,250007600,250007600,1
2026-08-26T02:31:16Z,40899,250007600,250007600,1
2026-08-26T02:31:16Z,40900,1500000200,1500000200,1
2026-08-26T02:31:16Z,40901,1500007600,1500007600,1
2026-08-26T02:31:16Z,40902,1500007600,1500007600,1
2026-08-26T02:31:16Z,40903,1500000200,1500000200,1
2026-08-26T02:31:16Z,40906,1500007600,1500007600,1
2026-08-26T02:31:16Z,40908,1500007600,1500007600,1
2026-08-26T02:31:16Z,40909,250007600,250007600,1
2026-08-26T02:31:16Z,40912,1500000200,1500000200,1
2026-08-26T02:31:16Z,40913,1500007600,1500007600,3
2026-08-26T02:31:16Z,40914,250007600,250007600,1
2026-08-26T02:31:16Z,40915,1500007600,1500007600,1
2026-08-26T02:31:16Z,40916,1500007600,1500007600,1
2026-08-26T02:31:16Z,40919,205200,205400,492
2026-08-26T02:31:16Z,40920,1500000200,1500000200,1
2026-08-26T02:31:16Z,40921,250000200,250000200,1
2026-08-26T02:31:16Z,40922,1500007600,1500007600,1
2026-08-26T02:31:16Z,40923,1500007600,1500007600,1
2026-08-26T02:31:16Z,40924,1500007600,1500007600,1
2026-08-26T02:31:16Z,41092,299999900,299999900,2
2026-08-26T02:31:16Z,41094,1500000200,1500000200,1
2026-08-26T02:31:16Z,41095,250000200,250000200,1
2026-08-26T02:31:16Z,41096,1500000200,1500000200,1
2026-08-26T02:31:16Z,41097,1500007600,1500007600,1
2026-08-26T02:31:16Z,41098,250007600,250007600,1
2026-08-26T02:31:16Z,41099,250000200,250000200,3
2026-08-26T02:31:16Z,41100,108400,108500,6776
2026-08-26T02:31:16Z,41101,1500000200,1500000200,1
2026-08-26T02:31:16Z,41102,1500000200,1500000200,1
2026-08-26T02:31:16Z,41103,1500000200,1500000200,3
2026-08-26T02:31:16Z,41104,1500007600,1500007600,1
2026-08-26T02:31:16Z,41106,149999900,149999900,2
2026-08-26T02:31:16Z,41108,249993500,249993500,2
2026-08-26T02:31:16Z,41109,1500007600,1500007600,1
2026-08-26T02:31:16Z,41110,1500000200,1500000200,1
2026-08-26T02:31:16Z,41119,400,400,828
2026-08-26T02:31:16Z,41146,75800,75800,87
2026-08-26T02:31:16Z,41163,949900,950000,4173
2026-08-26T02:31:16Z,41164,49000100,49000100,17
2026-08-26T02:31:16Z,41165,19908400,19908400,240
2026-08-26T02:31:16Z,41166,7993200,8005200,68
2026-08-26T02:31:16Z,41167,36800,36800,66
2026-08-26T02:31:16Z,41266,1000000,1000000,358
2026-08-26T02:31:16Z,41285,4999800,4999800,36
2026-08-26T02:31:16Z,41307,9990000,9990000,27
2026-08-26T02:31:16Z,41333,9900000,9900000,26
2026-08-26T02:31:16Z,41334,790000,790000,238
2026-08-26T02:31:16Z,41335,19981700,19981700,20
2026-08-26T02:31:16Z,41337,700000,700000,161
2026-08-26T02:31:16Z,41338,83200,83200,44
2026-08-26T02:31:16Z,41339,845200,845300,61
2026-08-26T02:31:16Z,41368,49000000,49000000,23
2026-08-26T02:31:16Z,41369,9513900,9513900,26
2026-08-26T02:31:16Z,41373,9500006900,9500006900,1
2026-08-26T02:31:16Z,41375,747400,747400,72
2026-08-26T02:31:16Z,41376,4999800,4999900,37
2026-08-26T02:31:16Z,41377,19969600,19969600,15
2026-08-26T02:31:16Z,41378,9993400,9993400,30
2026-08-26T02:31:16Z,41379,18906500,18906500,24
2026-08-26T02:31:16Z,41380,2001000,2001000,40
2026-08-26T02:31:16Z,41381,69300,70000,112
2026-08-26T02:31:16Z,41382,19859800,19859800,18
2026-08-26T02:31:16Z,41385,44441000,44441000,22
2026-08-26T02:31:16Z,41389,7709900,7709900,35
2026-08-26T02:31:16Z,41395,7282700,7282700,35
2026-08-26T02:31:16Z,41396,1979800,1979900,27
2026-08-26T02:31:16Z,41397,2005200,2005200,121
2026-08-26T02:31:16Z,41398,5000000,9979900,21
2026-08-26T02:31:16Z,41400,9990000,9990000,27
2026-08-26T02:31:16Z,41401,2009400,2009400,24
2026-08-26T02:31:16Z,41427,228900,228900,126
2026-08-26T02:31:16Z,41432,500000,500000,36
2026-08-26T02:31:16Z,41433,4500001300,4500001300,1
2026-08-26T02:31:16Z,41434,3736500,9800000,22
2026-08-26T02:31:16Z,41435,930000,930000,27
2026-08-26T02:31:16Z,41436,4200000,9805500,23
2026-08-26T02:31:16Z,41437,9997400,9997400,33
2026-08-26T02:31:16Z,41438,990007600,990007600,1
2026-08-26T02:31:16Z,41439,1900000,9990000,21
2026-08-26T02:31:16Z,41440,9950000,9950000,21
2026-08-26T02:31:16Z,41441,500000,9900000,24
2026-08-26T02:31:16Z,41442,2486548300,2486548300,5
2026-08-26T02:31:16Z,41443,2999800,2999800,34
2026-08-26T02:31:16Z,41444,1298400,1298400,55
2026-08-26T02:31:16Z,41445,39995600,39995600,6
2026-08-26T02:31:16Z,41446,2000000,9901300,22
2026-08-26T02:31:16Z,41447,9990000,9990000,20
2026-08-26T02:31:16Z,41448,250000000,250000000,1
2026-08-26T02:31:16Z,41449,8987966000,8987966000,2
2026-08-26T02:31:16Z,41450,450001600,450001600,1
2026-08-26T02:31:16Z,41451,192493800,192493800,1
2026-08-26T02:31:16Z,41452,1949996000,1949996000,1
2026-08-26T02:31:16Z,41453,1804800,1804800,54
2026-08-26T02:31:16Z,41454,3500000000,3500000000,1
2026-08-26T02:31:16Z,41455,5017700,5017700,46
2026-08-26T02:31:16Z,41456,4490000,9989900,21
2026-08-26T02:31:16Z,41457,4464429100,4464429100,2
2026-08-26T02:31:16Z,41458,5500004800,5500004800,1
2026-08-26T02:31:16Z,41460,9001100,9889900,31
2026-08-26T02:31:16Z,41461,8350700,9893100,22
2026-08-26T02:31:16Z,41462,9995600,9995600,40
2026-08-26T02:31:16Z,41463,1957894800,1957894800,1
2026-08-26T02:31:16Z,41464,500000,500000,57
2026-08-26T02:31:16Z,41465,9500000000,9500000000,1
2026-08-26T02:31:16Z,41466,5961600,5961600,28
2026-08-26T02:31:16Z,41467,8009100,9999100,23
2026-08-26T02:31:16Z,41468,250002600,250002600,3
2026-08-26T02:31:16Z,41469,2000000000,2000000000,1
2026-08-26T02:31:16Z,41470,9891300,9891300,23
2026-08-26T02:31:16Z,41472,2500000000,2500000000,1
2026-08-26T02:31:16Z,41473,199000000,199000000,2
2026-08-26T02:31:16Z,41474,192938100,192938100,8
2026-08-26T02:31:16Z,41475,500000,500000,29
2026-08-26T02:31:16Z,41476,9997800,9997800,20
2026-08-26T02:31:16Z,41477,2495002500,2495002500,1
2026-08-26T02:31:16Z,41478,49903800,49903800,7
2026-08-26T02:31:16Z,41479,9000000,9800000,24
2026-08-26T02:31:16Z,41480,192228000,192228000,6
2026-08-26T02:31:16Z,41481,198121000,198121000,2
2026-08-26T02:31:16Z,41482,1007500,1107600,55
2026-08-26T02:31:16Z,41483,498300,498300,30
2026-08-26T02:31:16Z,41484,199980000,199980000,1
2026-08-26T02:31:16Z,41485,2950000,2950000,94
2026-08-26T02:31:16Z,41486,39608300,39608300,6
2026-08-26T02:31:16Z,41487,1500000000,1500000000,1
2026-08-26T02:31:16Z,41488,3053700,3053700,42
2026-08-26T02:31:16Z,41489,1998900,2000000,52
2026-08-26T02:31:16Z,41490,153900,9890100,23
2026-08-26T02:31:16Z,41491,249991300,249991300,1
2026-08-26T02:31:16Z,41492,1759600,1759700,33
2026-08-26T02:31:16Z,41493,19245600,19245600,23
2026-08-26T02:31:16Z,41494,250000000,250000000,1
2026-08-26T02:31:16Z,41495,4271000,4271000,28
2026-08-26T02:31:16Z,41496,2500000000,2500000000,1
2026-08-26T02:31:16Z,41497,39990000,39990000,6
2026-08-26T02:31:16Z,41498,3780000,3780000,31
2026-08-26T02:31:16Z,41499,9892700,9892700,20
2026-08-26T02:31:16Z,41500,3500000000,3500000000,1
2026-08-26T02:31:16Z,41502,410900,4693700,43
2026-08-26T02:31:16Z,41509,38100,38100,58
2026-08-26T02:31:16Z,41510,11700,11900,5597
2026-08-26T02:31:16Z,41511,25300,26800,1639
2026-08-26T02:31:16Z,41517,1500000200,1500000200,1
2026-08-26T02:31:16Z,41524,1500000200,1500000200,1
2026-08-26T02:31:16Z,41527,1500000200,1500000200,1
2026-08-26T02:31:16Z,41529,1500000200,1500000200,1
2026-08-26T02:31:16Z,41530,10000200,10000200,3
2026-08-26T02:31:16Z,41531,250007600,250007600,1
2026-08-26T02:31:16Z,41532,1500000200,1500000200,1
2026-08-26T02:31:16Z,41533,250000200,250000200,1
2026-08-26T02:31:16Z,41534,1500007600,1500007600,1
2026-08-26T02:31:16Z,41535,1500000200,1500000200,1
2026-08-26T02:31:16Z,41536,250007600,250007600,1
2026-08-26T02:31:16Z,41537,1500000200,1500000200,6
2026-08-26T02:31:16Z,41538,1500000200,1500000200,1
2026-08-26T02:31:16Z,41539,250007600,250007600,1
2026-08-26T02:31:16Z,41540,1500000200,1500000200,1
2026-08-26T02:31:16Z,41541,1500000200,1500000200,3
2026-08-26T02:31:16Z,41542,1500000200,1500000200,1
2026-08-26T02:31:16Z,41547,1500000200,1500000200,1
2026-08-26T02:31:16Z,41552,1500000200,1500000200,1
2026-08-26T02:31:16Z,41584,129400,129400,2369
2026-08-26T02:31:16Z,41586,5500100,5500100,194
2026-08-26T02:31:16Z,41593,2450000,2450000,1027
2026-08-26T02:31:16Z,41594,1940000,1950000,439
2026-08-26T02:31:16Z,41595,1940000,1940000,1733
2026-08-26T02:31:16Z,41601,219900,219900,24
2026-08-26T02:31:16Z,41602,6008800,6008800,13
2026-08-26T02:31:16Z,41603,299700,299700,34
2026-08-26T02:31:16Z,41604,3300000,3300000,20
2026-08-26T02:31:16Z,41611,1999500,1999500,160
2026-08-26T02:31:16Z,41729,9900000,9900000,22
2026-08-26T02:31:16Z,41731,1100,1100,271
2026-08-26T02:31:16Z,41751,400,400,215
2026-08-26T02:31:16Z,41800,250000,293800,520
2026-08-26T02:31:16Z,41801,5000,10000,3173
2026-08-26T02:31:16Z,41802,50000,62300,2270
2026-08-26T02:31:16Z,41803,40000,40000,1170
2026-08-26T02:31:16Z,41805,350000,400000,479
2026-08-26T02:31:16Z,41806,9500,9500,3406
2026-08-26T02:31:16Z,41807,40000,70000,540
2026-08-26T02:31:16Z,41808,6100,8200,2402
2026-08-26T02:31:16Z,41809,10000,51700,2845
2026-08-26T02:31:16Z,41810,5000,5000,4355
2026-08-26T02:31:16Z,41812,2900,3000,1646
2026-08-26T02:31:16Z,41813,10000,22500,2232
2026-08-26T02:31:16Z,41814,100000,145800,5798
2026-08-26T02:31:16Z,41976,1002400,1330800,68
2026-08-26T02:31:16Z,42225,14950000,15003800,782
2026-08-26T02:31:16Z,42253,9900,10000,3303
2026-08-26T02:31:16Z,42396,1500000200,1500000200,1
2026-08-26T02:31:16Z,42397,250000200,250000200,5
2026-08-26T02:31:16Z,42398,249988300,249988300,2
2026-08-26T02:31:16Z,42399,250000200,250000200,1
2026-08-26T02:31:16Z,42400,1500007600,1500007600,1
2026-08-26T02:31:16Z,42401,1500007600,1500007600,1
2026-08-26T02:31:16Z,42402,1500007600,1500007600,1
2026-08-26T02:31:16Z,42403,1500000200,1500000200,1
2026-08-26T02:31:16Z,42405,1500000200,1500000200,1
2026-08-26T02:31:16Z,42406,250007600,250007600,1
2026-08-26T02:31:16Z,42407,1500000200,1500000200,1
2026-08-26T02:31:16Z,42408,250000200,250000200,7
2026-08-26T02:31:16Z,42409,250000200,250000200,1
2026-08-26T02:31:16Z,42410,1500000200,1500000200,1
2026-08-26T02:31:16Z,42411,1500007600,1500007600,6
2026-08-26T02:31:16Z,42412,1500000200,1500000200,1
2026-08-26T02:31:16Z,42414,1500007600,1500007600,1
2026-08-26T02:31:16Z,42415,1500000200,1500000200,1
2026-08-26T02:31:16Z,42416,1500007600,1500007600,1
2026-08-26T02:31:16Z,42428,9899900,9899900,40
2026-08-26T02:31:16Z,42429,77500,80000,398
2026-08-26T02:31:16Z,42430,277500,300000,187
2026-08-26T02:31:16Z,42431,703700,703700,234
2026-08-26T02:31:16Z,42432,701900,701900,49
2026-08-26T02:31:16Z,42433,100000,9890000,47
2026-08-26T02:31:16Z,42434,9900000,9900000,42
2026-08-26T02:31:16Z,42453,250000200,250000200,1
2026-08-26T02:31:16Z,42455,1500007600,1500007600,2
2026-08-26T02:31:16Z,42456,250000200,250000200,1
2026-08-26T02:31:16Z,42457,250000200,250000200,1
2026-08-26T02:31:16Z,42458,1500007600,1500007600,6
2026-08-26T02:31:16Z,42459,182300,182300,361
2026-08-26T02:31:16Z,42460,1500007600,1500007600,1
2026-08-26T02:31:16Z,42461,250000200,250000200,2
2026-08-26T02:31:16Z,42462,250007600,250007600,1
2026-08-26T02:31:16Z,42464,279997600,279997600,1
2026-08-26T02:31:16Z,42465,1500000200,1500000200,1
2026-08-26T02:31:16Z,42466,1500000200,1500000200,1
2026-08-26T02:31:16Z,42467,500000200,500000200,3
2026-08-26T02:31:16Z,42468,290007600,290007600,1
2026-08-26T02:31:16Z,42469,1500007600,1500007600,1
2026-08-26T02:31:16Z,42470,85540200,85540200,2
2026-08-26T02:31:16Z,42471,1500007600,1500007600,1
2026-08-26T02:31:16Z,42472,1500000200,1500000200,2
2026-08-26T02:31:16Z,42473,250000200,250000200,1
2026-08-26T02:31:16Z,42500,1205400,1485400,75
2026-08-26T02:31:16Z,42545,998100,999500,280
2026-08-26T02:31:16Z,42546,3000,3000,1189
2026-08-26T02:31:16Z,42641,8300,8300,580
2026-08-26T02:31:16Z,42701,400000,735500,68
2026-08-26T02:31:16Z,42702,406400,406400,116
2026-08-26T02:31:16Z,42734,1500007600,1500007600,2
2026-08-26T02:31:16Z,42735,250007600,250007600,8
2026-08-26T02:31:16Z,42736,1500000200,1500000200,1
2026-08-26T02:31:16Z,42737,1500007600,1500007600,3
2026-08-26T02:31:16Z,42738,250007600,250007600,1
2026-08-26T02:31:16Z,42739,1500000200,1500000200,1
2026-08-26T02:31:16Z,42740,1500007600,1500007600,1
2026-08-26T02:31:16Z,42741,250005200,250005200,1
2026-08-26T02:31:16Z,42742,1998008500,1998008500,1
2026-08-26T02:31:16Z,42743,277557900,277557900,1
2026-08-26T02:31:16Z,42744,1500000200,1500000200,1
2026-08-26T02:31:16Z,42745,1500000200,1500000200,1
2026-08-26T02:31:16Z,42746,250000200,250000200,3
2026-08-26T02:31:16Z,42747,1500007600,1500007600,1
2026-08-26T02:31:16Z,42748,1500000200,1500000200,1
2026-08-26T02:31:16Z,42749,1500007600,1500007600,1
2026-08-26T02:31:16Z,42750,1500007600,1500007600,1
2026-08-26T02:31:16Z,42751,374400,382000,146
2026-08-26T02:31:16Z,42752,1500007600,1500007600,1
2026-08-26T02:31:16Z,42753,1500000200,1500000200,8
2026-08-26T02:31:16Z,42754,1500000200,1500000200,1
2026-08-26T02:31:16Z,42777,9970500,9970500,20
2026-08-26T02:31:16Z,42778,9981600,9981600,20
2026-08-26T02:31:16Z,42779,9900900,9900900,41
2026-08-26T02:31:16Z,42780,52700,52700,19198
2026-08-26T02:31:16Z,42897,250000200,250000200,1
2026-08-26T02:31:16Z,42899,1500007600,1500007600,1
2026-08-26T02:31:16Z,42900,250007600,250007600,1
2026-08-26T02:31:16Z,42902,1500000200,1500000200,1
2026-08-26T02:31:16Z,42903,1500000200,1500000200,1
2026-08-26T02:31:16Z,42904,250000200,250000200,1
2026-08-26T02:31:16Z,42905,1500000200,1500000200,1
2026-08-26T02:31:16Z,42906,1500000200,1500000200,1
2026-08-26T02:31:16Z,42907,1500007600,1500007600,1
2026-08-26T02:31:16Z,42908,250000200,250000200,1
2026-08-26T02:31:16Z,42909,1500007600,1500007600,1
2026-08-26T02:31:16Z,42910,1500000200,1500000200,2
2026-08-26T02:31:16Z,42911,1500007600,1500007600,1
2026-08-26T02:31:16Z,42912,1500000200,1500000200,10
2026-08-26T02:31:16Z,42913,250007600,250007600,1
2026-08-26T02:31:16Z,42914,250007600,250007600,1
2026-08-26T02:31:16Z,42915,250000200,250000200,1
2026-08-26T02:31:16Z,42916,1500007600,1500007600,1
2026-08-26T02:31:16Z,42917,1500000200,1500000200,1
2026-08-26T02:31:16Z,42930,505000,505000,57
2026-08-26T02:31:16Z,42931,20000,20000,91
2026-08-26T02:31:16Z,42942,34000,34000,80
2026-08-26T02:31:16Z,42954,1500007600,1500007600,1
2026-08-26T02:31:16Z,42955,1500007600,1500007600,1
2026-08-26T02:31:16Z,42956,250000200,250000200,1
2026-08-26T02:31:16Z,42957,1500000200,1500000200,1
2026-08-26T02:31:16Z,42958,250007600,250007600,1
2026-08-26T02:31:16Z,42959,1500007600,1500007600,4
2026-08-26T02:31:16Z,42960,1500000200,1500000200,3
2026-08-26T02:31:16Z,42961,1500000200,1500000200,1
2026-08-26T02:31:16Z,42962,1500007600,1500007600,1
2026-08-26T02:31:16Z,42963,1500000200,1500000200,1
2026-08-26T02:31:16Z,42964,1500000200,1500000200,1
2026-08-26T02:31:16Z,42965,1500000200,1500000200,1
2026-08-26T02:31:16Z,42966,1500000200,1500000200,1
2026-08-26T02:31:16Z,42967,1500000200,1500000200,6
2026-08-26T02:31:16Z,42968,250000200,250000200,1
2026-08-26T02:31:16Z,42969,1500007600,1500007600,1
2026-08-26T02:31:16Z,42970,250000200,250000200,4
2026-08-26T02:31:16Z,42971,250000200,250000200,1
2026-08-26T02:31:16Z,42972,1500007600,1500007600,1
2026-08-26T02:31:16Z,42973,250000200,250000200,3
2026-08-26T02:31:16Z,42974,1500000200,1500000200,2
2026-08-26T02:31:16Z,42993,19700,19700,106
2026-08-26T02:31:16Z,42994,54100,54100,45
2026-08-26T02:31:16Z,42995,1009800,1009800,76
2026-08-26T02:31:16Z,42996,787000,787200,79
2026-08-26T02:31:16Z,42997,60000,60000,1151
2026-08-26T02:31:16Z,42998,50000,50000,217
2026-08-26T02:31:16Z,42999,95000,95000,73
2026-08-26T02:31:16Z,43000,109700,109700,76
2026-08-26T02:31:16Z,43001,80000,80000,219
2026-08-26T02:31:16Z,43004,1200,1200,326
2026-08-26T02:31:16Z,43005,7000,20000,117
2026-08-26T02:31:16Z,43007,12200,12900,131605
2026-08-26T02:31:16Z,43009,5400,59900,1463
2026-08-26T02:31:16Z,43010,4800,5000,2039
2026-08-26T02:31:16Z,43011,6900,7700,24124
2026-08-26T02:31:16Z,43012,2900,7100,4973
2026-08-26T02:31:16Z,43013,24400,171700,36857
2026-08-26T02:31:16Z,43015,51800,51800,57
2026-08-26T02:31:16Z,43086,49700,49700,105
2026-08-26T02:31:16Z,43087,9909900,9909900,25
2026-08-26T02:31:16Z,43102,660000,670000,4298
2026-08-26T02:31:16Z,43103,990000,990000,210
2026-08-26T02:31:16Z,43104,110900,273600,815
2026-08-26T02:31:16Z,43105,27800,28000,521
2026-08-26T02:31:16Z,43106,55900,55900,3634
2026-08-26T02:31:16Z,43107,375400,375600,4187
2026-08-26T02:31:16Z,43108,12000,12000,3343
2026-08-26T02:31:16Z,43109,91900,490000,456
2026-08-26T02:31:16Z,43115,119900,119900,1926
2026-08-26T02:31:16Z,43116,173200,173200,2260
2026-08-26T02:31:16Z,43117,57300,69000,3573
2026-08-26T02:31:16Z,43118,359800,359800,2415
2026-08-26T02:31:16Z,43119,24900,24900,974
2026-08-26T02:31:16Z,43120,99400,109400,7377
2026-08-26T02:31:16Z,43121,30000,30000,7084
2026-08-26T02:31:16Z,43122,46600,46600,11508
2026-08-26T02:31:16Z,43123,199900,286300,2677
2026-08-26T02:31:16Z,43124,49400,49400,5517
2026-08-26T02:31:16Z,43125,19900,27600,62524
2026-08-26T02:31:16Z,43126,44400,44400,1541
2026-08-26T02:31:16Z,43127,252500,252500,780
2026-08-26T02:31:16Z,43145,3809200,3809200,43
2026-08-26T02:31:16Z,43146,19300000,19300000,17
2026-08-26T02:31:16Z,43231,49001700,49001700,20
2026-08-26T02:31:16Z,43233,49001900,49001900,20
2026-08-26T02:31:16Z,43235,49000800,49000800,20
2026-08-26T02:31:16Z,43236,9700000,9700000,40
2026-08-26T02:31:16Z,43268,19800,19900,113
2026-08-26T02:31:16Z,43316,1000000200,1000000200,2
2026-08-26T02:31:16Z,43321,9990800,9990800,3
2026-08-26T02:31:16Z,43325,290000800,290000800,2
2026-08-26T02:31:16Z,43326,45000800,45000800,4
2026-08-26T02:31:16Z,43328,290000800,290000800,2
2026-08-26T02:31:16Z,43329,25000800,25000800,3
2026-08-26T02:31:16Z,43330,30000000,49000000,18
2026-08-26T02:31:16Z,43331,1500000200,1500000200,1
2026-08-26T02:31:16Z,43332,1500000200,1500000200,2
2026-08-26T02:31:16Z,43333,35000800,35000800,7
2026-08-26T02:31:16Z,43334,442100,442100,232
2026-08-26T02:31:16Z,43335,1500000200,1500000200,1
2026-08-26T02:31:16Z,43338,1500000200,1500000200,1
2026-08-26T02:31:16Z,43339,1500000200,1500000200,1
2026-08-26T02:31:16Z,43340,1500000200,1500000200,1
2026-08-26T02:31:16Z,43341,290000800,290000800,2
2026-08-26T02:31:16Z,43342,1500000200,1500000200,1
2026-08-26T02:31:16Z,43343,1500000200,1500000200,1
2026-08-26T02:31:16Z,43344,1500007600,1500007600,1
2026-08-26T02:31:16Z,43350,72400,73300,327
2026-08-26T02:31:16Z,43351,250000200,250000200,1
2026-08-26T02:31:16Z,43354,1500007600,1500007600,1
2026-08-26T02:31:16Z,43356,1500000200,1500000200,1
2026-08-26T02:31:16Z,43359,1500000200,1500000200,1
2026-08-26T02:31:16Z,43360,290000200,290000200,1
2026-08-26T02:31:16Z,43361,1500000200,1500000200,1
2026-08-26T02:31:16Z,43362,1500000200,1500000200,1
2026-08-26T02:31:16Z,43364,1500000200,1500000200,1
2026-08-26T02:31:16Z,43365,1500000200,1500000200,1
2026-08-26T02:31:16Z,43366,262100,262200,448
2026-08-26T02:31:16Z,43367,1500007600,1500007600,1
2026-08-26T02:31:16Z,43368,1500000200,1500000200,1
2026-08-26T02:31:16Z,43369,392500,992200,737
2026-08-26T02:31:16Z,43370,1500007600,1500007600,1
2026-08-26T02:31:16Z,43371,250007600,250007600,1
2026-08-26T02:31:16Z,43373,126600,126600,349
2026-08-26T02:31:16Z,43374,1500000200,1500000200,1
2026-08-26T02:31:16Z,43376,1500000200,1500000200,1
2026-08-26T02:31:16Z,43377,1500000200,1500000200,1
2026-08-26T02:31:16Z,43378,1500000200,1500000200,1
2026-08-26T02:31:16Z,43379,1500000200,1500000200,1
2026-08-26T02:31:16Z,43380,250000200,250000200,1
2026-08-26T02:31:16Z,43381,1500000200,1500000200,1
2026-08-26T02:31:16Z,43385,1500000200,1500000200,1
2026-08-26T02:31:16Z,43386,252100,252400,3424
2026-08-26T02:31:16Z,43388,250000200,250000200,1
2026-08-26T02:31:16Z,43389,1500000200,1500000200,1
2026-08-26T02:31:16Z,43390,250007600,250007600,1
2026-08-26T02:31:16Z,43391,250000200,250000200,1
2026-08-26T02:31:16Z,43393,250000200,250000200,1
2026-08-26T02:31:16Z,43394,1192500,1212100,174
2026-08-26T02:31:16Z,43395,250000200,250000200,1
2026-08-26T02:31:16Z,43396,1500000200,1500000200,1
2026-08-26T02:31:16Z,43397,1500007600,1500007600,1
2026-08-26T02:31:16Z,43398,809900,999900,307
2026-08-26T02:31:16Z,43399,1500000200,1500000200,1
2026-08-26T02:31:16Z,43400,809900,989900,244
2026-08-26T02:31:16Z,43412,1500000200,1500000200,1
2026-08-26T02:31:16Z,43413,1500007600,1500007600,1
2026-08-26T02:31:16Z,43414,79978200,79978200,5
2026-08-26T02:31:16Z,43415,1500007600,1500007600,1
2026-08-26T02:31:16Z,43416,1500007600,1500007600,1
2026-08-26T02:31:16Z,43417,1500000200,1500000200,3
2026-08-26T02:31:16Z,43418,1500007600,1500007600,1
2026-08-26T02:31:16Z,43419,1500000200,1500000200,1
2026-08-26T02:31:16Z,43420,1500007600,1500007600,1
2026-08-26T02:31:16Z,43422,250000200,250000200,1
2026-08-26T02:31:16Z,43423,1500007600,1500007600,1
2026-08-26T02:31:16Z,43424,250000000,250000000,5
2026-08-26T02:31:16Z,43425,250000200,250000200,1
2026-08-26T02:31:16Z,43427,1500007600,1500007600,4
2026-08-26T02:31:16Z,43428,250000200,250000200,1
2026-08-26T02:31:16Z,43432,1500000200,1500000200,3
2026-08-26T02:31:16Z,43463,300,300,99
2026-08-26T02:31:16Z,43464,28600,28600,104
2026-08-26T02:31:16Z,43465,300,300,130
2026-08-26T02:31:16Z,43466,7000,7000,74
2026-08-26T02:31:16Z,43467,300,300,70
2026-08-26T02:31:16Z,43478,1700000,1700000,385
2026-08-26T02:31:16Z,43480,660000,660000,613
2026-08-26T02:31:16Z,43488,49500,49500,124
2026-08-26T02:31:16Z,43490,19500,39700,67
2026-08-26T02:31:16Z,43491,73800,73800,56
2026-08-26T02:31:16Z,43492,848900,848900,160
2026-08-26T02:31:16Z,43501,12000,19800,739
2026-08-26T02:31:16Z,43519,1500007600,1500007600,1
2026-08-26T02:31:16Z,43520,990000100,990000100,1
2026-08-26T02:31:16Z,43521,200000000,200000000,3
2026-08-26T02:31:16Z,43522,990006700,990006700,1
2026-08-26T02:31:16Z,43530,9500000000,9500000000,1
2026-08-26T02:31:16Z,43533,250000200,250000200,1
2026-08-26T02:31:16Z,43534,1500007600,1500007600,1
2026-08-26T02:31:16Z,43535,524400,525000,188
2026-08-26T02:31:16Z,43536,1500000200,1500000200,2
2026-08-26T02:31:16Z,43537,1500000200,1500000200,1
2026-08-26T02:31:16Z,43539,1500000200,1500000200,1
2026-08-26T02:31:16Z,43541,1500007600,1500007600,1
2026-08-26T02:31:16Z,43542,250007600,250007600,1
2026-08-26T02:31:16Z,43543,1500000200,1500000200,1
2026-08-26T02:31:16Z,43544,1500000200,1500000200,1
2026-08-26T02:31:16Z,43546,250000200,250000200,1
2026-08-26T02:31:16Z,43547,1500000200,1500000200,1
2026-08-26T02:31:16Z,43548,1500000200,1500000200,1
2026-08-26T02:31:16Z,43549,1500000200,1500000200,1
2026-08-26T02:31:16Z,43550,1500007600,1500007600,1
2026-08-26T02:31:16Z,43551,112300,219900,605
2026-08-26T02:31:16Z,43552,1500000200,1500000200,8
2026-08-26T02:31:16Z,43553,1300000200,1300000200,2
2026-08-26T02:31:16Z,43554,250000200,250000200,1
2026-08-26T02:31:16Z,43557,450000,450000,108
2026-08-26T02:31:16Z,43571,4900,5200,301
2026-08-26T02:31:16Z,43572,19500,20600,1078
2026-08-26T02:31:16Z,43574,49009800,49009800,22
2026-08-26T02:31:16Z,43576,290002700,290002700,1
2026-08-26T02:31:16Z,43577,290002700,290002700,1
2026-08-26T02:31:16Z,43645,47009900,49009900,21
2026-08-26T02:31:16Z,43646,600,600,224
2026-08-26T02:31:16Z,43647,4900,4900,138
2026-08-26T02:31:16Z,43652,9900,9900,59
2026-08-26T02:31:16Z,43653,500000,49000000,21
2026-08-26T02:31:16Z,43658,11500,4999900,44
2026-08-26T02:31:16Z,43671,1500000200,1500000200,1
2026-08-26T02:31:16Z,43672,1500000200,1500000200,1
2026-08-26T02:31:16Z,43673,250000200,250000200,1
2026-08-26T02:31:16Z,43694,2990100,49000100,22
2026-08-26T02:31:16Z,43695,28500,28600,44
2026-08-26T02:31:16Z,43696,20000,25000,59
2026-08-26T02:31:16Z,43725,1400000200,1400000200,2
2026-08-26T02:31:16Z,43825,1500007600,1500007600,1
2026-08-26T02:31:16Z,43826,1500000200,1500000200,1
2026-08-26T02:31:16Z,43827,1500007600,1500007600,1
2026-08-26T02:31:16Z,43850,398900,398900,82
2026-08-26T02:31:16Z,43851,557000,1000000,230
2026-08-26T02:31:16Z,43852,120000,120000,298
2026-08-26T02:31:16Z,43853,150000,150000,1704
2026-08-26T02:31:16Z,43854,40000,40000,503
2026-08-26T02:31:16Z,43867,1500007600,1500007600,6
2026-08-26T02:31:16Z,43868,250007600,250007600,1
2026-08-26T02:31:16Z,43869,1500000200,1500000200,1
2026-08-26T02:31:16Z,43987,1399900,1399900,51
2026-08-26T02:31:16Z,44066,15008500,15008500,9
2026-08-26T02:31:16Z,44076,199006900,199006900,5
2026-08-26T02:31:16Z,44078,30000000,30000000,15
2026-08-26T02:31:16Z,44081,49901300,49901300,4
2026-08-26T02:31:16Z,44082,19991400,19991400,10
2026-08-26T02:31:16Z,44084,19974800,19974800,9
2026-08-26T02:31:16Z,44087,39990900,39990900,5
2026-08-26T02:31:16Z,44088,100000000,100000000,2
2026-08-26T02:31:16Z,44089,15000900,19900900,11
2026-08-26T02:31:16Z,44128,692800,770000,1175
2026-08-26T02:31:16Z,44143,750000,800000,147
2026-08-26T02:31:16Z,44144,274000,274500,66
2026-08-26T02:31:16Z,44145,89000,89400,83
2026-08-26T02:31:16Z,44146,77600,77600,70
2026-08-26T02:31:16Z,44147,166700,166700,67
2026-08-26T02:31:16Z,44154,69000,69600,84
2026-08-26T02:31:16Z,44155,80800,1991100,164
2026-08-26T02:31:16Z,44156,78500,79000,73
2026-08-26T02:31:16Z,44157,100000,100000,69
2026-08-26T02:31:16Z,44165,46700,46700,67
2026-08-26T02:31:16Z,44206,49003000,49003000,23
2026-08-26T02:31:16Z,44207,49003800,49003800,26
2026-08-26T02:31:16Z,44208,9990000,49009900,41
2026-08-26T02:31:16Z,44260,34151100,34151100,16
2026-08-26T02:31:16Z,44261,39900000,39900000,18
2026-08-26T02:31:16Z,44262,99995000,99995000,41
2026-08-26T02:31:16Z,44263,14502500,14502500,19
2026-08-26T02:31:16Z,44264,20000000,20000000,43
2026-08-26T02:31:16Z,44265,7500000,7500000,29
2026-08-26T02:31:16Z,44266,29000000,29000000,15
2026-08-26T02:31:16Z,44267,19995000,35625000,17
2026-08-26T02:31:16Z,44268,12707500,12707500,15
2026-08-26T02:31:16Z,44269,5324500,8211400,16
2026-08-26T02:31:16Z,44270,17823800,17823800,17
2026-08-26T02:31:16Z,44271,8616100,8616100,41
2026-08-26T02:31:16Z,44272,6394500,6394500,19
2026-08-26T02:31:16Z,44273,3818900,3818900,55
2026-08-26T02:31:16Z,44274,39704900,39704900,18
2026-08-26T02:31:16Z,44275,39498600,39498600,16
2026-08-26T02:31:16Z,44277,8925200,8925200,16
2026-08-26T02:31:16Z,44278,8380000,8380000,25
2026-08-26T02:31:16Z,44279,9704000,9704000,7
2026-08-26T02:31:16Z,44280,3750000,13750000,57
2026-08-26T02:31:16Z,44281,4754600,4754600,36
2026-08-26T02:31:16Z,44282,39800000,39800000,18
2026-08-26T02:31:16Z,44284,39997800,39997800,13
2026-08-26T02:31:16Z,44285,20000000,20000000,28
2026-08-26T02:31:16Z,44286,2004200,2004200,24
2026-08-26T02:31:16Z,44287,4250000,4250000,24
2026-08-26T02:31:16Z,44288,11879900,39999800,10
2026-08-26T02:31:16Z,44289,6619800,6619800,16
2026-08-26T02:31:16Z,44290,4000000,4000000,17
2026-08-26T02:31:16Z,44291,5958000,5958000,33
2026-08-26T02:31:16Z,44292,14795600,14795600,97
2026-08-26T02:31:16Z,44293,2916000,2916000,25
2026-08-26T02:31:16Z,44314,10000,10000,88
2026-08-26T02:31:16Z,44315,65700,9953600,27
2026-08-26T02:31:16Z,44325,80000,147500,79
2026-08-26T02:31:16Z,44327,66600,66600,112
2026-08-26T02:31:16Z,44328,35000,40000,130
2026-08-26T02:31:16Z,44329,87400,87400,97
2026-08-26T02:31:16Z,44330,43500,89000,64
2026-08-26T02:31:16Z,44331,60000,60000,245
2026-08-26T02:31:16Z,44332,80000,80000,151
2026-08-26T02:31:16Z,44449,23300,24800,109
2026-08-26T02:31:16Z,44453,29500,29500,76
2026-08-26T02:31:16Z,44455,36600,9900100,44
2026-08-26T02:31:16Z,44456,29600,29600,99
2026-08-26T02:31:16Z,44457,210800,9906900,44
2026-08-26T02:31:16Z,44458,27500,47800,280
2026-08-26T02:31:16Z,44463,9905900,9905900,31
2026-08-26T02:31:16Z,44464,290000100,290000100,1
2026-08-26T02:31:16Z,44465,210000,210000,81
2026-08-26T02:31:16Z,44466,850000,850000,77
2026-08-26T02:31:16Z,44467,1495000,1495000,61
2026-08-26T02:31:16Z,44468,290000200,290000200,1
2026-08-26T02:31:16Z,44469,902500,902500,60
2026-08-26T02:31:16Z,44470,223600,9899700,46
2026-08-26T02:31:16Z,44481,4900,5000,117
2026-08-26T02:31:16Z,44482,800,800,118
2026-08-26T02:31:16Z,44493,660000,660000,123
2026-08-26T02:31:16Z,44497,1153800,1153800,51
2026-08-26T02:31:16Z,44499,39990000,39990000,26
2026-08-26T02:31:16Z,44500,18800800,18800800,100
2026-08-26T02:31:16Z,44501,11000000,11000000,589
2026-08-26T02:31:16Z,44570,45500,45500,93
2026-08-26T02:31:16Z,44571,30000,30000,76
2026-08-26T02:31:16Z,44573,26600,26600,51
2026-08-26T02:31:16Z,44574,30000,9952000,45
2026-08-26T02:31:16Z,44575,25800,25800,59
2026-08-26T02:31:16Z,44599,800,800,85
2026-08-26T02:31:16Z,44601,1100,1100,72
2026-08-26T02:31:16Z,44605,49001900,49001900,20
2026-08-26T02:31:16Z,44607,9900000,9900000,24
2026-08-26T02:31:16Z,44608,9989700,9989700,22
2026-08-26T02:31:16Z,44609,9989800,9989800,21
2026-08-26T02:31:16Z,44614,290002700,290002700,1
2026-08-26T02:31:16Z,44615,49000800,49000800,16
2026-08-26T02:31:16Z,44616,1122200,9900500,41
2026-08-26T02:31:16Z,44617,30000,30000,60
2026-08-26T02:31:16Z,44618,19100,19100,61
2026-08-26T02:31:16Z,44619,89800,89800,65
2026-08-26T02:31:16Z,44684,250007600,250007600,1
2026-08-26T02:31:16Z,44699,9500000100,9500000100,1
2026-08-26T02:31:16Z,44716,9908200,9908200,67
2026-08-26T02:31:16Z,44722,9200,9200,66
2026-08-26T02:31:16Z,44729,49008800,49008800,17
2026-08-26T02:31:16Z,44739,36000,36000,209
2026-08-26T02:31:16Z,44749,9888000,9888000,52
2026-08-26T02:31:16Z,44750,9987300,9987300,28
2026-08-26T02:31:16Z,44752,49006300,49006300,22
2026-08-26T02:31:16Z,44753,49003800,49003800,22
2026-08-26T02:31:16Z,44754,49003000,49003000,24
2026-08-26T02:31:16Z,44755,129900,129900,26
2026-08-26T02:31:16Z,44756,22900,22900,77
2026-08-26T02:31:16Z,44757,353800,353800,33
2026-08-26T02:31:16Z,44758,19900,19900,132
2026-08-26T02:31:16Z,44759,4509800,49009800,25
2026-08-26T02:31:16Z,44760,251700,9901700,113
2026-08-26T02:31:16Z,44761,5003800,49003800,24
2026-08-26T02:31:16Z,44762,49000000,49000000,32
2026-08-26T02:31:16Z,44763,49002700,49002700,21
2026-08-26T02:31:16Z,44764,952400,952400,37
2026-08-26T02:31:16Z,44765,20000000,20000000,20
2026-08-26T02:31:16Z,44766,19902400,19902400,61
2026-08-26T02:31:16Z,44767,290002700,290002700,6
2026-08-26T02:31:16Z,44768,49003000,49003000,21
2026-08-26T02:31:16Z,44769,49003800,49003800,20
2026-08-26T02:31:16Z,44770,49003000,49003000,20
2026-08-26T02:31:16Z,44771,30000,30000,142
2026-08-26T02:31:16Z,44772,32003000,32003000,27
2026-08-26T02:31:16Z,44773,3582200,49002200,23
2026-08-26T02:31:16Z,44774,49003000,49003000,23
2026-08-26T02:31:16Z,44775,49003800,49003800,20
2026-08-26T02:31:16Z,44776,1002400,1002400,25
2026-08-26T02:31:16Z,44777,1002700,1002700,19
2026-08-26T02:31:16Z,44778,49000000,49000000,21
2026-08-26T02:31:16Z,44779,4902400,49002400,22
2026-08-26T02:31:16Z,44780,9900000,9900000,55
2026-08-26T02:31:16Z,44781,45008000,45008000,25
2026-08-26T02:31:16Z,44782,49002400,49002400,19
2026-08-26T02:31:16Z,44783,290002700,290002700,1
2026-08-26T02:31:16Z,44815,196400,9858400,46
2026-08-26T02:31:16Z,44920,250000200,250000200,1
2026-08-26T02:31:16Z,44922,97100,1000000,157178
2026-08-26T02:31:16Z,44923,1500000200,1500000200,1
2026-08-26T02:31:16Z,44928,250007600,250007600,1
2026-08-26T02:31:16Z,44936,39980000,39980000,28
2026-08-26T02:31:16Z,44940,1000,1000,61
2026-08-26T02:31:16Z,44941,500,500,96
2026-08-26T02:31:16Z,44947,250000,250000,58
2026-08-26T02:31:16Z,44953,19900,24900,126
2026-08-26T02:31:16Z,44955,1500000200,1500000200,1
2026-08-26T02:31:16Z,44958,299400,299400,149
2026-08-26T02:31:16Z,44963,440000,440000,22
2026-08-26T02:31:16Z,45056,1189700,1189700,46
2026-08-26T02:31:16Z,45060,74500,74500,76
2026-08-26T02:31:16Z,45087,2100,2100,2922
2026-08-26T02:31:16Z,45188,2500,49002900,22
2026-08-26T02:31:16Z,45189,127600,127600,27
2026-08-26T02:31:16Z,45190,125000,9905000,117
2026-08-26T02:31:16Z,45191,500,25000,24
2026-08-26T02:31:16Z,45194,25000,9905000,113
2026-08-26T02:31:16Z,45195,150000,49000000,21
2026-08-26T02:31:16Z,45196,200,9900200,123
2026-08-26T02:31:16Z,45197,15859900,15859900,201
2026-08-26T02:31:16Z,45198,54900,54900,31
2026-08-26T02:31:16Z,45199,750200,750200,25
2026-08-26T02:31:16Z,45200,500,7900500,130
2026-08-26T02:31:16Z,45201,2152000,9902000,274
2026-08-26T02:31:16Z,45202,10000,49000000,21
2026-08-26T02:31:16Z,45601,1500000200,1500000200,18
2026-08-26T02:31:16Z,45602,250000200,250000200,1
2026-08-26T02:31:16Z,45603,1500007600,1500007600,1
2026-08-26T02:31:16Z,45604,1500000200,1500000200,1
2026-08-26T02:31:16Z,45621,14900,14900,109
2026-08-26T02:31:16Z,45622,1500000200,1500000200,1
2026-08-26T02:31:16Z,45623,1500000200,1500000200,1
2026-08-26T02:31:16Z,45625,1500007600,1500007600,1
2026-08-26T02:31:16Z,45628,26500,26500,83
2026-08-26T02:31:16Z,45732,1500000200,1500000200,1
2026-08-26T02:31:16Z,45737,1500007600,1500007600,1
2026-08-26T02:31:16Z,45738,1500000200,1500000200,1
2026-08-26T02:31:16Z,45739,1500007600,1500007600,1
2026-08-26T02:31:16Z,45740,1500000200,1500000200,1
2026-08-26T02:31:16Z,45741,1500000200,1500000200,1
2026-08-26T02:31:16Z,45742,1500007600,1500007600,1
2026-08-26T02:31:16Z,45743,250007600,250007600,1
2026-08-26T02:31:16Z,45744,1500007600,1500007600,1
2026-08-26T02:31:16Z,45745,1500007600,1500007600,1
2026-08-26T02:31:16Z,45746,1500007600,1500007600,1
2026-08-26T02:31:16Z,45753,250007600,250007600,1
2026-08-26T02:31:16Z,45755,1500000200,1500000200,1
2026-08-26T02:31:16Z,45756,1500007600,1500007600,1
2026-08-26T02:31:16Z,45757,250000200,250000200,1
2026-08-26T02:31:16Z,45758,1500000200,1500000200,1
2026-08-26T02:31:16Z,45760,250000200,250000200,4
2026-08-26T02:31:16Z,45761,250000200,250000200,1
2026-08-26T02:31:16Z,45767,1500007600,1500007600,1
2026-08-26T02:31:16Z,45768,342100,342100,160
2026-08-26T02:31:16Z,45769,250000200,250000200,1
2026-08-26T02:31:16Z,45771,1500000200,1500000200,1
2026-08-26T02:31:16Z,45775,1500000200,1500000200,1
2026-08-26T02:31:16Z,45776,1500000200,1500000200,1
2026-08-26T02:31:16Z,45777,1500007600,1500007600,1
2026-08-26T02:31:16Z,45780,1500007600,1500007600,1
2026-08-26T02:31:16Z,45781,1500007600,1500007600,1
2026-08-26T02:31:16Z,45782,250000200,250000200,1
2026-08-26T02:31:16Z,45783,250000200,250000200,1
2026-08-26T02:31:16Z,45785,250000200,250000200,1
2026-08-26T02:31:16Z,45789,808500,808500,114
2026-08-26T02:31:16Z,45790,1500000200,1500000200,1
2026-08-26T02:31:16Z,45792,1500000200,1500000200,1
2026-08-26T02:31:16Z,45793,1500000200,1500000200,1
2026-08-26T02:31:16Z,45794,250000200,250000200,1
2026-08-26T02:31:16Z,45795,250000200,250000200,1
2026-08-26T02:31:16Z,45799,1500000200,1500000200,1
2026-08-26T02:31:16Z,45800,1500000200,1500000200,1
2026-08-26T02:31:16Z,45804,1500000200,1500000200,1
2026-08-26T02:31:16Z,45805,1500007600,1500007600,1
2026-08-26T02:31:16Z,45806,1500000200,1500000200,1
2026-08-26T02:31:16Z,45862,417236800,417236800,5
2026-08-26T02:31:16Z,45879,51199800,51199800,5
2026-08-26T02:31:16Z,45880,49999300,49999300,4
2026-08-26T02:31:16Z,45881,180009600,180009600,2
2026-08-26T02:31:16Z,45882,250000000,250000000,1
2026-08-26T02:31:16Z,45883,37543600,37543600,3
2026-08-26T02:31:16Z,45901,9900000,9900000,21
2026-08-26T02:31:16Z,45907,500,49002500,23
2026-08-26T02:31:16Z,45909,1000000,1116500,85
2026-08-26T02:31:16Z,45912,2435000,2459500,66
2026-08-26T02:31:16Z,45932,2000000,2000000,142
2026-08-26T02:31:16Z,45978,4940100,4990000,35
2026-08-26T02:31:16Z,45979,29009900,29009900,2
2026-08-26T02:31:16Z,45980,7899900,7899900,2
2026-08-26T02:31:16Z,45981,290005100,290005100,1
2026-08-26T02:31:16Z,45987,78947400,78947400,2
2026-08-26T02:31:16Z,45999,49007500,49007500,20
2026-08-26T02:31:16Z,46000,49000100,49000100,20
2026-08-26T02:31:16Z,46001,2990100,49000100,21
2026-08-26T02:31:16Z,46002,49000100,49000100,20
2026-08-26T02:31:16Z,46003,48880000,48880000,20
2026-08-26T02:31:16Z,46023,612400,3909900,215
2026-08-26T02:31:16Z,46026,6410400,6410400,22
2026-08-26T02:31:16Z,46098,508400,508400,78
2026-08-26T02:31:16Z,46361,49003800,49003800,20
2026-08-26T02:31:16Z,46368,1500006400,1500006400,1
2026-08-26T02:31:16Z,46372,1500007600,1500007600,1
2026-08-26T02:31:16Z,46376,40000,50000,361
2026-08-26T02:31:16Z,46377,5600,5600,453
2026-08-26T02:31:16Z,46378,15000,19800,218
2026-08-26T02:31:16Z,46379,50000,1990000,302
2026-08-26T02:31:16Z,46390,49000100,49000100,22
2026-08-26T02:31:16Z,46391,30000000,30000000,27
2026-08-26T02:31:16Z,46703,49000000,49000000,25
2026-08-26T02:31:16Z,46849,3769900,3770000,2477
2026-08-26T02:31:16Z,47556,21900,62500,10728
2026-08-26T02:31:16Z,47831,9900100,9900100,78
2026-08-26T02:31:16Z,48720,250007600,250007600,1
2026-08-26T02:31:16Z,49084,402000,402000,496
2026-08-26T02:31:16Z,49100,49000100,49000100,20
2026-08-26T02:31:16Z,49110,9998100,9998100,14
2026-08-26T02:31:16Z,49209,290000100,290000100,1
2026-08-26T02:31:16Z,49253,980100,980100,45
2026-08-26T02:31:16Z,49254,980100,980100,45
2026-08-26T02:31:16Z,49300,49000100,49000100,20
2026-08-26T02:31:16Z,49397,12900,9994400,35
2026-08-26T02:31:16Z,49600,10000,10000,63
2026-08-26T02:31:16Z,49601,10000,10000,65
2026-08-26T02:31:16Z,49602,9903300,9903300,75
2026-08-26T02:31:16Z,49619,49000100,49000100,21
2026-08-26T02:31:16Z,49624,49000100,49000100,25
2026-08-26T02:31:16Z,49625,49000100,49000100,21
2026-08-26T02:31:16Z,49626,49000100,49000100,20
2026-08-26T02:31:16Z,49627,290000100,290000100,1
2026-08-26T02:31:16Z,49632,9998800,9998800,38
2026-08-26T02:31:16Z,49884,702000,702000,44
2026-08-26T02:31:16Z,49908,75000,75000,887
2026-08-26T02:31:16Z,50045,1500000200,1500000200,1
2026-08-26T02:31:16Z,50077,250000200,250000200,1
2026-08-26T02:31:16Z,50125,1500007600,1500007600,1
2026-08-26T02:31:16Z,50438,49000100,49000100,20
2026-08-26T02:31:16Z,50816,4989600,4989700,85
2026-08-26T02:31:16Z,51950,155500,180000,1960
2026-08-26T02:31:16Z,52020,49000100,49000100,2020
2026-08-26T02:31:16Z,52021,49000100,49000100,602
2026-08-26T02:31:16Z,52074,49000,131500,25
2026-08-26T02:31:16Z,52078,22200,100000,44658
2026-08-26T02:31:16Z,52081,129800,159800,42
2026-08-26T02:31:16Z,52082,55400,55400,46
2026-08-26T02:31:16Z,52083,127100,215700,52
2026-08-26T02:31:16Z,52084,94900,195000,68
2026-08-26T02:31:16Z,52085,140500,147000,63
2026-08-26T02:31:16Z,52086,163800,163800,72
2026-08-26T02:31:16Z,52087,20000,20000,47
2026-08-26T02:31:16Z,52088,326700,326700,40
2026-08-26T02:31:16Z,52089,15000,19500,60
2026-08-26T02:31:16Z,52090,200000,221400,39
2026-08-26T02:31:16Z,52091,24500,25000,65
2026-08-26T02:31:16Z,52093,50000,50000,151
2026-08-26T02:31:16Z,52094,68900,108900,102
2026-08-26T02:31:16Z,52095,99900,99900,54
2026-08-26T02:31:16Z,52096,50000,50000,50
2026-08-26T02:31:16Z,52097,252200,252200,53
2026-08-26T02:31:16Z,52098,222000,222000,35
2026-08-26T02:31:16Z,52099,259800,259800,38
2026-08-26T02:31:16Z,52100,1466500,1466500,38
2026-08-26T02:31:16Z,52101,10000,227000,62
2026-08-26T02:31:16Z,52102,198300,198300,37
2026-08-26T02:31:16Z,52103,250000,250000,27
2026-08-26T02:31:16Z,52104,187200,187200,55
2026-08-26T02:31:16Z,52105,73800,73800,50
2026-08-26T02:31:16Z,52106,418000,418000,71
2026-08-26T02:31:16Z,52108,252700,252700,69
2026-08-26T02:31:16Z,52109,418000,418000,33
2026-08-26T02:31:16Z,52110,418000,418000,47
2026-08-26T02:31:16Z,52111,475400,475400,49
2026-08-26T02:31:16Z,52112,1531900,1531900,36
2026-08-26T02:31:16Z,52113,441100,441100,91
2026-08-26T02:31:16Z,52114,230000,230000,42
2026-08-26T02:31:16Z,52115,90000,100000,114
2026-08-26T02:31:16Z,52116,350000,350000,54
2026-08-26T02:31:16Z,52117,400000,400000,67
2026-08-26T02:31:16Z,52118,197600,418000,24
2026-08-26T02:31:16Z,52119,185700,264000,25
2026-08-26T02:31:16Z,52120,255200,264000,26
2026-08-26T02:31:16Z,52121,10000,10000,58
2026-08-26T02:31:16Z,52122,264000,264000,39
2026-08-26T02:31:16Z,52123,259600,259600,49
2026-08-26T02:31:16Z,52124,50000,227800,57
2026-08-26T02:31:16Z,52125,247400,247400,51
2026-08-26T02:31:16Z,52126,35000,35000,61
2026-08-26T02:31:16Z,52127,453000,453000,42
2026-08-26T02:31:16Z,52128,35000,35000,97
2026-08-26T02:31:16Z,52129,3276200,3276200,35
2026-08-26T02:31:16Z,52130,9999900,9999900,31
2026-08-26T02:31:16Z,52131,1800000,1823400,27
2026-08-26T02:31:16Z,52132,9999100,9999100,20
2026-08-26T02:31:16Z,52133,39995400,39995400,10
2026-08-26T02:31:16Z,52134,2296300,2296400,13
2026-08-26T02:31:16Z,52135,11322000,11322000,27
2026-08-26T02:31:16Z,52136,990000000,990000000,2
2026-08-26T02:31:16Z,52137,4949500,4949500,23
2026-08-26T02:31:16Z,52138,39999800,39999800,7
2026-08-26T02:31:16Z,52139,19998600,19998600,10
2026-08-26T02:31:16Z,52140,9471100,9471100,27
2026-08-26T02:31:16Z,52141,3999900,4000000,23
2026-08-26T02:31:16Z,52142,1000000,1000000,37
2026-08-26T02:31:16Z,52143,3000000,3200000,24
2026-08-26T02:31:16Z,52144,9000000,9880300,21
2026-08-26T02:31:16Z,52145,39900800,39900800,10
2026-08-26T02:31:16Z,52146,1028300,1028300,41
2026-08-26T02:31:16Z,52147,24722400,24722400,20
2026-08-26T02:31:16Z,52148,3111200,3111200,16
2026-08-26T02:31:16Z,52149,9998100,9998100,30
2026-08-26T02:31:16Z,52151,18913700,18913700,20
2026-08-26T02:31:16Z,52152,9996000,9996000,21
2026-08-26T02:31:16Z,52153,4990000,4990000,27
2026-08-26T02:31:16Z,52154,39900000,39900000,13
2026-08-26T02:31:16Z,52155,1625000,1625000,25
2026-08-26T02:31:16Z,52156,3343900,3343900,21
2026-08-26T02:31:16Z,52157,19990500,19990500,10
2026-08-26T02:31:16Z,52158,19998900,19998900,11
2026-08-26T02:31:16Z,52159,240000000,240000000,3
2026-08-26T02:31:16Z,52160,39909500,39909500,23
2026-08-26T02:31:16Z,52161,19256300,19256300,10
2026-08-26T02:31:16Z,52162,9993500,9993500,27
2026-08-26T02:31:16Z,52163,607800,704800,31
2026-08-26T02:31:16Z,52164,350000,509600,32
2026-08-26T02:31:16Z,52166,9802900,9802900,21
2026-08-26T02:31:16Z,52167,19242500,19242500,15
2026-08-26T02:31:16Z,52168,4000200,4000200,32
2026-08-26T02:31:16Z,52169,9967600,9967600,20
2026-08-26T02:31:16Z,52170,3733400,3733400,26
2026-08-26T02:31:16Z,52171,199700000,199700000,2
2026-08-26T02:31:16Z,52172,2000000,2000000,25
2026-08-26T02:31:16Z,52173,3000000,3000000,26
2026-08-26T02:31:16Z,52174,4452900,4452900,21
2026-08-26T02:31:16Z,52175,800000,800000,30
2026-08-26T02:31:16Z,52176,608200,608200,30
2026-08-26T02:31:16Z,52177,19900,200000,8753
2026-08-26T02:31:16Z,52178,124400,201000,27435
2026-08-26T02:31:16Z,52179,19900,127700,3229
2026-08-26T02:31:16Z,52180,16900,371500,11301
2026-08-26T02:31:16Z,52181,19900,147800,2268
2026-08-26T02:31:16Z,52182,144400,189500,5166
2026-08-26T02:31:16Z,52183,83800,120000,5799
2026-08-26T02:31:16Z,52185,60000,101500,36371
2026-08-26T02:31:16Z,52186,121000,129900,23548
2026-08-26T02:31:16Z,52188,14500,14500,524
2026-08-26T02:31:16Z,52190,450000,1400000,362
2026-08-26T02:31:16Z,52191,295500,295500,1034
2026-08-26T02:31:16Z,52192,148500,150000,353
2026-08-26T02:31:16Z,52193,681200,681200,1475
2026-08-26T02:31:16Z,52194,150000,193000,1047
2026-08-26T02:31:16Z,52195,180000,180000,874
2026-08-26T02:31:16Z,52196,7779700,7779800,576
2026-08-26T02:31:16Z,52203,1509100,1509100,70
2026-08-26T02:31:16Z,52204,2808000,9850000,34
2026-08-26T02:31:16Z,52205,9900000,9900000,51
2026-08-26T02:31:16Z,52206,8950400,8950400,52
2026-08-26T02:31:16Z,52207,4000000,4000000,54
2026-08-26T02:31:16Z,52208,6999900,7000000,126
2026-08-26T02:31:16Z,52209,9979800,9979800,32
2026-08-26T02:31:16Z,52210,4864200,4864200,31
2026-08-26T02:31:16Z,52211,6999900,7000200,42
2026-08-26T02:31:16Z,52212,821100,821100,45
2026-08-26T02:31:16Z,52213,499600,649700,58
2026-08-26T02:31:16Z,52214,9889800,9889800,65
2026-08-26T02:31:16Z,52215,7502300,9990000,22
2026-08-26T02:31:16Z,52216,6998300,9990000,23
2026-08-26T02:31:16Z,52217,249800,319000,40
2026-08-26T02:31:16Z,52218,9990000,9990000,21
2026-08-26T02:31:16Z,52219,597300,597400,81
2026-08-26T02:31:16Z,52220,1249900,9860000,40
2026-08-26T02:31:16Z,52221,9891800,9891800,21
2026-08-26T02:31:16Z,52222,9528400,9528400,46
2026-08-26T02:31:16Z,52223,9989600,9989600,21
2026-08-26T02:31:16Z,52224,9899700,9899700,33
2026-08-26T02:31:16Z,52225,479100,9990000,44
2026-08-26T02:31:16Z,52226,447900,448000,48
2026-08-26T02:31:16Z,52227,9901800,9901800,21
2026-08-26T02:31:16Z,52228,647400,647400,79
2026-08-26T02:31:16Z,52229,3500000,9991700,21
2026-08-26T02:31:16Z,52230,7973200,9904200,47
2026-08-26T02:31:16Z,52231,2999900,2999900,31
2026-08-26T02:31:16Z,52232,400000,409900,78
2026-08-26T02:31:16Z,52233,2156700,9990000,22
2026-08-26T02:31:16Z,52234,9989500,9989600,22
2026-08-26T02:31:16Z,52235,2162500,9300000,48
2026-08-26T02:31:16Z,52236,2801900,2802000,70
2026-08-26T02:31:16Z,52237,654700,1454700,37
2026-08-26T02:31:16Z,52238,268400,271700,26
2026-08-26T02:31:16Z,52239,9997700,9997700,33
2026-08-26T02:31:16Z,52240,1703900,9730000,35
2026-08-26T02:31:16Z,52241,9791800,9791800,57
2026-08-26T02:31:16Z,52242,249700,249800,43
2026-08-26T02:31:16Z,52243,949200,9898900,21
2026-08-26T02:31:16Z,52244,2676800,2676800,34
2026-08-26T02:31:16Z,52245,3069500,9989900,23
2026-08-26T02:31:16Z,52246,2279900,2280000,46
2026-08-26T02:31:16Z,52247,9879600,9879600,55
2026-08-26T02:31:16Z,52248,9992400,9992400,20
2026-08-26T02:31:16Z,52249,4469300,9991000,22
2026-08-26T02:31:16Z,52250,2952700,2952800,39
2026-08-26T02:31:16Z,52289,9989900,9989900,29
2026-08-26T02:31:16Z,52291,6999900,6999900,62
2026-08-26T02:31:16Z,52292,9988600,9988600,65
2026-08-26T02:31:16Z,52293,9986400,9986500,21
2026-08-26T02:31:16Z,52294,1852300,1852300,24
2026-08-26T02:31:16Z,52295,4621100,4621200,33
2026-08-26T02:31:16Z,52296,2737300,9989800,86
2026-08-26T02:31:16Z,52297,9979800,9979800,38
2026-08-26T02:31:16Z,52298,9989900,9989900,26
2026-08-26T02:31:16Z,52299,4998300,9989800,23
2026-08-26T02:31:16Z,52300,4994700,9989300,21
2026-08-26T02:31:16Z,52301,3333000,3333000,32
2026-08-26T02:31:16Z,52302,9897500,9897600,74
2026-08-26T02:31:16Z,52303,1900000,1900000,306
2026-08-26T02:31:16Z,52325,146800,147500,31885
2026-08-26T02:31:16Z,52326,268000,589000,13431
2026-08-26T02:31:16Z,52327,26000,26500,54038
2026-08-26T02:31:16Z,52328,129100,139500,74542
2026-08-26T02:31:16Z,52329,52300,54600,25882
2026-08-26T02:31:16Z,52338,112646400,112646400,3
2026-08-26T02:31:16Z,52339,990000100,990000100,1
2026-08-26T02:31:16Z,52340,33200,33200,689
2026-08-26T02:31:16Z,52555,130000,157000,7287
2026-08-26T02:31:16Z,52575,290009900,290009900,4
2026-08-26T02:31:16Z,52687,113300,303300,73
2026-08-26T02:31:16Z,52718,42000,45200,2479
2026-08-26T02:31:16Z,52719,189900,191100,1068
2026-08-26T02:31:16Z,52720,14000,490000,1060
2026-08-26T02:31:16Z,52721,37500,37500,5104
2026-08-26T02:31:16Z,52722,37700,37700,6608
2026-08-26T02:31:16Z,52743,100000,100000,75
2026-08-26T02:31:16Z,52744,93100,93100,88
2026-08-26T02:31:16Z,52745,20000,20000,96
2026-08-26T02:31:16Z,52746,40000,100000,113
2026-08-26T02:31:16Z,52747,1799900,2261800,39
2026-08-26T02:31:16Z,52748,1114800,1444800,54
2026-08-26T02:31:16Z,52749,50400,50400,88
2026-08-26T02:31:16Z,52750,39500,39500,56
2026-08-26T02:31:16Z,52751,240000,249900,52
2026-08-26T02:31:16Z,52752,600000,650000,57
2026-08-26T02:31:16Z,52753,20000,20000,146
2026-08-26T02:31:16Z,52754,402400,1112400,109
2026-08-26T02:31:16Z,52755,1100000,1100000,40
2026-08-26T02:31:16Z,52756,20000,20000,57
2026-08-26T02:31:16Z,52757,220000,220000,121
2026-08-26T02:31:16Z,52758,2500,2500,78
2026-08-26T02:31:16Z,52759,40000,40000,67
2026-08-26T02:31:16Z,52760,259900,879900,81
2026-08-26T02:31:16Z,52761,2112900,2112900,38
2026-08-26T02:31:16Z,52762,8900,8900,75
2026-08-26T02:31:16Z,52763,4000,4000,71
2026-08-26T02:31:16Z,52764,350000,350000,90
2026-08-26T02:31:16Z,52765,200400,200400,65
2026-08-26T02:31:16Z,52766,5700,5700,76
2026-08-26T02:31:16Z,52767,499100,499100,66
2026-08-26T02:31:16Z,52768,23400,23400,65
2026-08-26T02:31:16Z,52769,592900,592900,72
2026-08-26T02:31:16Z,52770,1062500,1062500,49
2026-08-26T02:31:16Z,52771,53800,53800,72
2026-08-26T02:31:16Z,52772,984400,984400,145
2026-08-26T02:31:16Z,52773,306100,356100,73
2026-08-26T02:31:16Z,52774,3347300,3347300,54
2026-08-26T02:31:16Z,52775,1488900,1488900,87
2026-08-26T02:31:16Z,52776,2156200,2156200,74
2026-08-26T02:31:16Z,52777,405900,405900,74
2026-08-26T02:31:16Z,52778,6364100,6364100,69
2026-08-26T02:31:16Z,52779,9903100,9903100,31
2026-08-26T02:31:16Z,52780,1249800,1854000,39
2026-08-26T02:31:16Z,52781,4831200,4831200,77
2026-08-26T02:31:16Z,52782,1648700,1648700,86
2026-08-26T02:31:16Z,52783,9902300,9902300,49
2026-08-26T02:31:16Z,52784,2809700,2809700,64
2026-08-26T02:31:16Z,52785,2501400,2501400,58
2026-08-26T02:31:16Z,52843,4000000,4000000,2314
2026-08-26T02:31:16Z,52976,49300,52400,62120
2026-08-26T02:31:16Z,52977,25200,26600,5049
2026-08-26T02:31:16Z,52979,90000,128300,872
2026-08-26T02:31:16Z,52980,2999800,2999900,485
2026-08-26T02:31:16Z,52982,50300,55900,2695
2026-08-26T02:31:16Z,52983,18900,990000,8353
2026-08-26T02:31:16Z,52984,12500,20000,1596
2026-08-26T02:31:16Z,52985,60000,81800,15142
2026-08-26T02:31:16Z,52986,105500,105500,17606
2026-08-26T02:31:16Z,52987,29900,59900,3820
2026-08-26T02:31:16Z,52988,49900,60000,30250
2026-08-26T02:31:16Z,53010,16400,18800,18329
2026-08-26T02:31:16Z,53038,70000,73200,28899
2026-08-26T02:31:16Z,53039,1240000,1750000,1582
2026-08-26T02:31:16Z,53049,2500,2500,318
2026-08-26T02:31:16Z,53050,6200,6200,342
2026-08-26T02:31:16Z,53051,12900,12900,585
2026-08-26T02:31:16Z,53062,7500,7500,1465
2026-08-26T02:31:16Z,53063,5800,22800,1737
2026-08-26T02:31:16Z,53064,15900,19900,6591
2026-08-26T02:31:16Z,53065,340000,349900,7763
2026-08-26T02:31:16Z,53066,2800,3000,1812
2026-08-26T02:31:16Z,53067,80000,89700,507
2026-08-26T02:31:16Z,53068,53400,54100,15682
2026-08-26T02:31:16Z,53069,6900,6900,1101
2026-08-26T02:31:16Z,53070,195500,199800,3207
2026-08-26T02:31:16Z,53071,2100,2800,1360
2026-08-26T02:31:16Z,53072,7400,7400,9145
2026-08-26T02:31:16Z,53643,93300,94600,4561
2026-08-26T02:31:16Z,54291,2561100,3909900,201
2026-08-26T02:31:16Z,54442,170800,170800,70
2026-08-26T02:31:16Z,54447,225000,225000,46
2026-08-26T02:31:16Z,54448,174500,174500,221
2026-08-26T02:31:16Z,54449,500000,500000,34
2026-08-26T02:31:16Z,54450,1130000,1130000,356
2026-08-26T02:31:16Z,54469,49000800,49000800,14
2026-08-26T02:31:16Z,54619,48510000,48510000,32
2026-08-26T02:31:16Z,54620,48510100,49000100,23
2026-08-26T02:31:16Z,54623,3961800,49000100,21
2026-08-26T02:31:16Z,54624,1000000,1000000,30
2026-08-26T02:31:16Z,54625,49000000,49000000,20
2026-08-26T02:31:16Z,54626,49000200,49000200,22
2026-08-26T02:31:16Z,54627,49000100,49000100,20
2026-08-26T02:31:16Z,54628,49000100,49000100,20
2026-08-26T02:31:16Z,54629,7500,7500,40
2026-08-26T02:31:16Z,54630,49000300,49000300,22
2026-08-26T02:31:16Z,54631,290000200,290000200,1
2026-08-26T02:31:16Z,54632,49000100,49000100,23
2026-08-26T02:31:16Z,54633,49000100,49000100,21
2026-08-26T02:31:16Z,54634,290000100,290000100,1
2026-08-26T02:31:16Z,54746,9909200,9909200,34
2026-08-26T02:31:16Z,54747,9900000,9900000,21
2026-08-26T02:31:16Z,54817,49000100,49000100,20
2026-08-26T02:31:16Z,54818,9990100,9990100,2
2026-08-26T02:31:16Z,54819,290000100,290000100,1
2026-08-26T02:31:16Z,54830,10100,10100,28
2026-08-26T02:31:16Z,54831,14000,14000,86
2026-08-26T02:31:16Z,54832,69100,69100,26
2026-08-26T02:31:16Z,54833,100000,35625800,24
2026-08-26T02:31:16Z,54834,49000100,49000100,20
2026-08-26T02:31:16Z,54835,49000100,49000100,27
2026-08-26T02:31:16Z,54836,498200,498200,24
2026-08-26T02:31:16Z,54837,49000400,49000400,27
2026-08-26T02:31:16Z,54849,140000,144800,4540
2026-08-26T02:31:16Z,55053,25000,25000,275
2026-08-26T02:31:16Z,55054,2749600,2749600,51
2026-08-26T02:31:16Z,55055,14400,14400,147
2026-08-26T02:31:16Z,55056,2988300,2988700,84
2026-08-26T02:31:16Z,55057,170500,189900,58
2026-08-26T02:31:16Z,55973,45045100,45045100,27
2026-08-26T02:31:16Z,55974,10100,10100,32
2026-08-26T02:31:16Z,55975,400,400,64
2026-08-26T02:31:16Z,55976,49001100,49001100,20
2026-08-26T02:31:16Z,55978,92200,92200,41
2026-08-26T02:31:16Z,55981,8000500,8000500,26
2026-08-26T02:31:16Z,55982,500,500,56
2026-08-26T02:31:16Z,55983,15900,15900,37
2026-08-26T02:31:16Z,55984,474200,49003400,22
2026-08-26T02:31:16Z,55985,450000,450000,30
2026-08-26T02:31:16Z,56033,7000,7000,63
2026-08-26T02:31:16Z,56034,10100,2970000,25
2026-08-26T02:31:16Z,56035,100000,200000,31
2026-08-26T02:31:16Z,56036,376800,376800,59
2026-08-26T02:31:16Z,56046,3900,3900,118
2026-08-26T02:31:16Z,56047,57000,57000,51
2026-08-26T02:31:16Z,56049,14000,14000,29
2026-08-26T02:31:16Z,56051,49000000,49000000,20
2026-08-26T02:31:16Z,56052,49000500,49000500,20
2026-08-26T02:31:16Z,56053,49000600,49000600,20
2026-08-26T02:31:16Z,56054,49000900,49000900,20
2026-08-26T02:31:16Z,56055,49001300,49001300,21
2026-08-26T02:31:16Z,56056,290005100,290005100,1
2026-08-26T02:31:16Z,56150,5009300,5009300,46
2026-08-26T02:31:16Z,56151,6067500,6067500,33
2026-08-26T02:31:16Z,56156,49000100,49000100,20
2026-08-26T02:31:16Z,56158,9000,9000,26
2026-08-26T02:31:16Z,56159,49009900,49009900,20
2026-08-26T02:31:16Z,56160,49001100,49001100,20
2026-08-26T02:31:16Z,56161,290001700,290001700,1
2026-08-26T02:31:16Z,56162,19902300,19902300,40
2026-08-26T02:31:16Z,56189,290000100,290000100,2
2026-08-26T02:31:16Z,56190,290003200,290003200,1
2026-08-26T02:31:16Z,56195,49000100,49000100,20
2026-08-26T02:31:16Z,56196,49005400,49005400,25
2026-08-26T02:31:16Z,56197,1299000,49005100,21
2026-08-26T02:31:16Z,56198,49000200,49000200,20
2026-08-26T02:31:16Z,56200,49000300,49000300,20
2026-08-26T02:31:16Z,56201,49000400,49000400,21
2026-08-26T02:31:16Z,56202,49000400,49000400,20
2026-08-26T02:31:16Z,56203,49000700,49000700,23
2026-08-26T02:31:16Z,56204,23400,23400,79
2026-08-26T02:31:16Z,56205,18000,18000,61
2026-08-26T02:31:16Z,56206,450004600,450004600,1
2026-08-26T02:31:16Z,56234,11140200,49000200,23
2026-08-26T02:31:16Z,56236,1671600,49009700,23
2026-08-26T02:31:16Z,56237,49000100,49000100,22
2026-08-26T02:31:16Z,56238,49000300,49000300,21
2026-08-26T02:31:16Z,56239,49000700,49000700,21
2026-08-26T02:31:16Z,56240,8500001600,8500001600,1
2026-08-26T02:31:16Z,56241,3553100,3553100,2
2026-08-26T02:31:16Z,56477,8000,8000,66
2026-08-26T02:31:16Z,56502,449900,559900,182
2026-08-26T02:31:16Z,56503,255600,255600,73
2026-08-26T02:31:16Z,56516,381100,381100,6971
2026-08-26T02:31:16Z,56517,990000,1181200,73
2026-08-26T02:31:16Z,56550,8357800,8357800,44
2026-08-26T02:31:16Z,56551,7250000,7250000,35
2026-08-26T02:31:16Z,56850,260000,260000,3637
2026-08-26T02:31:16Z,56968,49000100,49000100,30
2026-08-26T02:31:16Z,57058,15100,25040500,24
2026-08-26T02:31:16Z,57059,49000000,49000000,20
2026-08-26T02:31:16Z,57060,990200,49000200,22
2026-08-26T02:31:16Z,57061,49000300,49000300,20
2026-08-26T02:31:16Z,57062,49000400,49000400,20
2026-08-26T02:31:16Z,57063,1821100,1821100,30
2026-08-26T02:31:16Z,57064,49000800,49000800,20
2026-08-26T02:31:16Z,57065,290001000,290001000,1
2026-08-26T02:31:16Z,57066,505000,15007300,28
2026-08-26T02:31:16Z,57067,290000000,290000000,2
2026-08-26T02:31:16Z,57068,49002300,49002300,20
2026-08-26T02:31:16Z,57069,990003100,990003100,1
2026-08-26T02:31:16Z,57070,290007600,290007600,1
2026-08-26T02:31:16Z,57071,290005100,290005100,1
2026-08-26T02:31:16Z,57099,7100,7100,139
2026-08-26T02:31:16Z,57191,6100,6100,201
2026-08-26T02:31:16Z,57192,70000,70000,215
2026-08-26T02:31:16Z,57193,48200,48200,157
2026-08-26T02:31:16Z,57194,140000,150000,117
2026-08-26T02:31:16Z,58084,41600,41600,1504
2026-08-26T02:31:16Z,58085,20000,29000,315
2026-08-26T02:31:16Z,58086,220000,220000,190
2026-08-26T02:31:16Z,58087,1501500,1750000,932
2026-08-26T02:31:16Z,58088,945300,957600,730
2026-08-26T02:31:16Z,58089,352000,352000,131
2026-08-26T02:31:16Z,58090,5500,5500,175
2026-08-26T02:31:16Z,58091,29000,29000,142
2026-08-26T02:31:16Z,58092,5000,5000,682
2026-08-26T02:31:16Z,58093,270000,303400,300
2026-08-26T02:31:16Z,58094,30000,39900,379
2026-08-26T02:31:16Z,58142,9800,9800,257
2026-08-26T02:31:16Z,58143,7700,7700,172
2026-08-26T02:31:16Z,58144,224800,224900,325
2026-08-26T02:31:16Z,58145,54400,54400,187
2026-08-26T02:31:16Z,58146,70000,70000,86
2026-08-26T02:31:16Z,58148,119900,120000,332
2026-08-26T02:31:16Z,58256,700,700,184
2026-08-26T02:31:16Z,58257,10500,10500,114
2026-08-26T02:31:16Z,58258,90400,95400,272
2026-08-26T02:31:16Z,58259,1400,1400,514
2026-08-26T02:31:16Z,58260,9900,10900,297
2026-08-26T02:31:16Z,58261,59800,59800,221
2026-08-26T02:31:16Z,58262,4300,4300,142
2026-08-26T02:31:16Z,58263,2700,2800,1775
2026-08-26T02:31:16Z,58264,475000,475000,198
2026-08-26T02:31:16Z,58265,90000,90000,156
2026-08-26T02:31:16Z,58266,39900,39900,78
2026-08-26T02:31:16Z,58267,39900,39900,1168
2026-08-26T02:31:16Z,58268,1000,1000,237
2026-08-26T02:31:16Z,58269,1000,1200,172
2026-08-26T02:31:16Z,58274,97900,97900,2629
2026-08-26T02:31:16Z,58275,54800,54800,1571
2026-08-26T02:31:16Z,58276,200000,200000,1229
2026-08-26T02:31:16Z,58277,9900000,9900000,28
2026-08-26T02:31:16Z,58278,3674900,3674900,171
2026-08-26T02:31:16Z,58279,159700,159700,460
2026-08-26T02:31:16Z,58280,47300,47300,201
2026-08-26T02:31:16Z,58480,5255500,5255500,1086
2026-08-26T02:31:16Z,58487,650000,650000,301
2026-08-26T02:31:16Z,58488,1052500,1052500,1064
2026-08-26T02:31:16Z,58489,299800,299800,286
2026-08-26T02:31:16Z,58865,555500,49009900,25
2026-08-26T02:31:16Z,58866,3333300,3333300,9
2026-08-26T02:31:16Z,58962,290000200,290000200,1
2026-08-26T02:31:16Z,59029,63600,63600,141
2026-08-26T02:31:16Z,59227,145800,145800,497
2026-08-26T02:31:16Z,59228,249000,249000,222
2026-08-26T02:31:16Z,59229,249000,249000,218
2026-08-26T02:31:16Z,59230,80000,89400,272
2026-08-26T02:31:16Z,59231,9780100,9780100,63
2026-08-26T02:31:16Z,59232,2751700,2751700,339
2026-08-26T02:31:16Z,59477,9890000,9890000,23
2026-08-26T02:31:16Z,59478,1504500,1504600,33
2026-08-26T02:31:16Z,59479,7989800,7989900,15
2026-08-26T02:31:16Z,59480,4994200,4994300,30
2026-08-26T02:31:16Z,59489,6229600,6229600,5
2026-08-26T02:31:16Z,59491,9995000,9995000,321
2026-08-26T02:31:16Z,59493,7989400,9989500,21
2026-08-26T02:31:16Z,59496,8959900,8959900,3
2026-08-26T02:31:16Z,59594,2990000,2995100,24
2026-08-26T02:31:16Z,59595,700000,747500,42
2026-08-26T02:31:16Z,59596,30000,30000,46
2026-08-26T02:31:16Z,60224,90000,129500,7776
2026-08-26T02:31:16Z,60267,9989900,9989900,21
2026-08-26T02:31:16Z,60268,9890000,9890000,21
2026-08-26T02:31:16Z,60269,9979900,9979900,23
2026-08-26T02:31:16Z,60336,4908000,49008000,24
2026-08-26T02:31:16Z,60375,9988200,9988200,19
2026-08-26T02:31:16Z,60376,9999800,9999800,21
2026-08-26T02:31:16Z,60377,9989800,9989800,21
2026-08-26T02:31:16Z,60378,2400,2400,215
2026-08-26T02:31:16Z,60379,9890100,9890100,22
2026-08-26T02:31:16Z,60388,2300,2300,151
2026-08-26T02:31:16Z,60389,39000,39000,74
2026-08-26T02:31:16Z,60390,10000,30000000,29
2026-08-26T02:31:16Z,60391,50000,49000000,21
2026-08-26T02:31:16Z,60392,7400,7400,61
2026-08-26T02:31:16Z,60393,21600,21600,25
2026-08-26T02:31:16Z,60394,99800,99800,59
2026-08-26T02:31:16Z,60395,301100,301100,30
2026-08-26T02:31:16Z,60396,50000,50000,147
2026-08-26T02:31:16Z,60397,25000,25000,54
2026-08-26T02:31:16Z,60398,2100,2100,422
2026-08-26T02:31:16Z,60399,4400,4400,58
2026-08-26T02:31:16Z,60405,8200,8200,146
2026-08-26T02:31:16Z,60406,7000,7000,27
2026-08-26T02:31:16Z,60485,2500,2500,872
2026-08-26T02:31:16Z,60486,26500,39500,211
2026-08-26T02:31:16Z,60488,49002100,49002100,20
2026-08-26T02:31:16Z,60489,49006200,49006200,20
2026-08-26T02:31:16Z,60491,5000000,49002100,23
2026-08-26T02:31:16Z,60493,49006200,49006200,20
2026-08-26T02:31:16Z,60576,2100,2100,220
2026-08-26T02:31:16Z,60577,4400,4400,58
2026-08-26T02:31:16Z,60578,49003100,49003100,46
2026-08-26T02:31:16Z,60579,30009700,49009700,37
2026-08-26T02:31:16Z,60743,6000000,6000000,26
2026-08-26T02:31:16Z,60838,185600,250000,1553
2026-08-26T02:31:16Z,60853,90000,90000,160
2026-08-26T02:31:16Z,60858,100000,110000,51
2026-08-26T02:31:16Z,61978,88500,88500,3087
2026-08-26T02:31:16Z,61979,60000,60000,7616
2026-08-26T02:31:16Z,61980,70200,99800,9506
2026-08-26T02:31:16Z,61981,50000,84900,13931
2026-08-26T02:31:16Z,61982,1650000,1650000,50
2026-08-26T02:31:16Z,61983,9950300,9950300,26
2026-08-26T02:31:16Z,61984,33900,33900,77
2026-08-26T02:31:16Z,61985,21100,21100,191
2026-08-26T02:31:16Z,61986,2000,2000,346
2026-08-26T02:31:16Z,61988,18756800,18756800,66
2026-08-26T02:31:16Z,61989,2216400,39900000,73
2026-08-26T02:31:16Z,61990,6507800,6507800,18
2026-08-26T02:31:16Z,61991,49999800,49999800,16
2026-08-26T02:31:16Z,61992,2216000,2216000,13
2026-08-26T02:31:16Z,61993,49980000,49980000,14
2026-08-26T02:31:16Z,61994,39882700,39882700,47
2026-08-26T02:31:16Z,61995,2877400,2877400,48
2026-08-26T02:31:16Z,61996,150000000,150000000,15
2026-08-26T02:31:16Z,61997,9866300,9866300,18
2026-08-26T02:31:16Z,61998,35000000,35000000,19
2026-08-26T02:31:16Z,61999,49907600,49907600,17
2026-08-26T02:31:16Z,62000,9361500,9361500,22
2026-08-26T02:31:16Z,62001,198823800,198823800,42
2026-08-26T02:31:16Z,62002,197506000,197506000,8
2026-08-26T02:31:16Z,62003,21250000,21250000,19
2026-08-26T02:31:16Z,62004,19974600,19974600,23
2026-08-26T02:31:16Z,62005,11667300,11667300,21
2026-08-26T02:31:16Z,62006,39980000,39980000,21
2026-08-26T02:31:16Z,62007,6009200,6009200,20
2026-08-26T02:31:16Z,62008,30000000,30000000,22
2026-08-26T02:31:16Z,62009,6008600,6008600,14
2026-08-26T02:31:16Z,62010,35891100,35891100,15
2026-08-26T02:31:16Z,62011,3500000,3500000,23
2026-08-26T02:31:16Z,62012,1000000,2000000,20
2026-08-26T02:31:16Z,62013,9263500,9276900,28
2026-08-26T02:31:16Z,62014,4700000,4700000,24
2026-08-26T02:31:16Z,62015,154881000,154881000,19
2026-08-26T02:31:16Z,62016,49844100,49844100,14
2026-08-26T02:31:16Z,62017,16517400,16517400,39
2026-08-26T02:31:16Z,62018,49956500,49956500,13
2026-08-26T02:31:16Z,62019,39900000,39900000,13
2026-08-26T02:31:16Z,62237,50000000,150000000,14
2026-08-26T02:31:16Z,62238,68100,68100,271
2026-08-26T02:31:16Z,62239,289700,289700,174
2026-08-26T02:31:16Z,62251,524900,583200,168
2026-08-26T02:31:16Z,62268,2200,2200,41
2026-08-26T02:31:16Z,62269,51100,51100,25
2026-08-26T02:31:16Z,62270,36900,36900,30
2026-08-26T02:31:16Z,62271,5000,5000,126
2026-08-26T02:31:16Z,62272,25000,9905000,110
2026-08-26T02:31:16Z,62273,6300,6300,49
2026-08-26T02:31:16Z,62274,109900,109900,152
2026-08-26T02:31:16Z,62275,4900000,4900000,42
2026-08-26T02:31:16Z,62276,5000,7500,43
2026-08-26T02:31:16Z,62277,4500,4500,151
2026-08-26T02:31:16Z,62278,49005600,49005600,20
2026-08-26T02:31:16Z,62279,5008100,49008100,23
2026-08-26T02:31:16Z,62323,200000,200000,76
2026-08-26T02:31:16Z,62328,400,400,34
2026-08-26T02:31:16Z,62339,1500000100,1500000100,1
2026-08-26T02:31:16Z,62340,990100,990100,33
2026-08-26T02:31:16Z,62341,100000,100000,27
2026-08-26T02:31:16Z,62370,49000100,49000100,20
2026-08-26T02:31:16Z,62391,990000,49000000,32
2026-08-26T02:31:16Z,62413,2200,2200,216
2026-08-26T02:31:16Z,62414,4200,4200,71
2026-08-26T02:31:16Z,62421,7500,9907500,113
2026-08-26T02:31:16Z,62435,49005600,49005600,20
2026-08-26T02:31:16Z,62451,49000000,49000000,20
2026-08-26T02:31:16Z,62452,49007600,49007600,20
2026-08-26T02:31:16Z,62505,10000,2110000,41
2026-08-26T02:31:16Z,62512,49900,49009900,27
2026-08-26T02:31:16Z,62514,49000100,49000100,20
2026-08-26T02:31:16Z,62518,2300,2300,109
2026-08-26T02:31:16Z,62519,3800,3800,40
2026-08-26T02:31:16Z,62520,9908000,9908000,100
2026-08-26T02:31:16Z,62521,49000000,49000000,20
2026-08-26T02:31:16Z,62522,902200,1002200,31
2026-08-26T02:31:16Z,62523,3333300,49003300,23
2026-08-26T02:31:16Z,62524,12006500,49006500,23
2026-08-26T02:31:16Z,62525,49000100,49000100,20
2026-08-26T02:31:16Z,62526,49000300,49000300,20
2026-08-26T02:31:16Z,62527,10003200,49003200,22
2026-08-26T02:31:16Z,62528,290000100,290000100,1
2026-08-26T02:31:16Z,62529,49000200,49000200,20
2026-08-26T02:31:16Z,62530,150000,150000,25
2026-08-26T02:31:16Z,62535,49000800,49000800,25
2026-08-26T02:31:16Z,62649,249900,249900,427
2026-08-26T02:31:16Z,62651,90000,90000,180
2026-08-26T02:31:16Z,62652,66000,66600,1130
2026-08-26T02:31:16Z,62653,37500,37500,55
2026-08-26T02:31:16Z,62654,95500,95500,1943
2026-08-26T02:31:16Z,62655,109400,129400,1394
2026-08-26T02:31:16Z,62656,45000,45000,490
2026-08-26T02:31:16Z,62657,147200,147200,647
2026-08-26T02:31:16Z,62658,97500,97500,564
2026-08-26T02:31:16Z,62659,70000,70000,954
2026-08-26T02:31:16Z,62660,29900,158300,165
2026-08-26T02:31:16Z,62661,99500,99800,197
2026-08-26T02:31:16Z,62662,100000,130000,163
2026-08-26T02:31:16Z,62663,63400,63500,842
2026-08-26T02:31:16Z,62664,45600,85700,1061
2026-08-26T02:31:16Z,62665,220000,220000,260
2026-08-26T02:31:16Z,62666,25300,25300,904
2026-08-26T02:31:16Z,62667,42000,42000,665
2026-08-26T02:31:16Z,62668,29900,29900,385
2026-08-26T02:31:16Z,62669,24300,29800,1452
2026-08-26T02:31:16Z,62670,139200,148000,832
2026-08-26T02:31:16Z,62671,9895000,9899600,373
2026-08-26T02:31:16Z,62672,70000,79300,616
2026-08-26T02:31:16Z,62673,29800,29800,163
2026-08-26T02:31:16Z,62674,309900,309900,189
2026-08-26T02:31:16Z,62675,17500,20000,385
2026-08-26T02:31:16Z,62676,400,400,313
2026-08-26T02:31:16Z,62677,19900,80000,159
2026-08-26T02:31:16Z,62680,60000,60000,75
2026-08-26T02:31:16Z,62770,49000100,49000100,20
2026-08-26T02:31:16Z,62771,49009900,49009900,26
2026-08-26T02:31:16Z,62772,49000100,49000100,20
2026-08-26T02:31:16Z,62778,4400,5300,4127
2026-08-26T02:31:16Z,62779,5100,5100,10468
2026-08-26T02:31:16Z,62780,11100,11100,787
2026-08-26T02:31:16Z,62781,30900,30900,5563
2026-08-26T02:31:16Z,62782,3900,3900,1694
2026-08-26T02:31:16Z,62783,7500,7500,14964
2026-08-26T02:31:16Z,62784,24400,28700,66152
2026-08-26T02:31:16Z,62785,4500,5400,2290
2026-08-26T02:31:16Z,62786,15000,79700,8523
2026-08-26T02:31:16Z,62790,9800,9800,977
2026-08-26T02:31:16Z,62791,6500,49500,3627
2026-08-26T02:31:16Z,63024,5000000,49000000,21
2026-08-26T02:31:16Z,63025,5000000,49000000,21
2026-08-26T02:31:16Z,63122,1000,1100,248
2026-08-26T02:31:16Z,63127,100000,142000,1029
2026-08-26T02:31:16Z,63128,3689700,3690000,373
2026-08-26T02:31:16Z,63246,5600,5700,20996
2026-08-26T02:31:16Z,63247,49000100,49000100,20
2026-08-26T02:31:16Z,63251,593100,593100,49
2026-08-26T02:31:16Z,63271,1966000,3906000,233
2026-08-26T02:31:16Z,63272,1414200,1414200,37
2026-08-26T02:31:16Z,63273,49000100,49000100,20
2026-08-26T02:31:16Z,63274,19900100,19900100,48
2026-08-26T02:31:16Z,63275,20000,20000,177
2026-08-26T02:31:16Z,63291,50000,50000,140
2026-08-26T02:31:16Z,63292,9990000,9990000,20
2026-08-26T02:31:16Z,63293,99900,100000,1084
2026-08-26T02:31:16Z,63296,7902300,7902300,16
2026-08-26T02:31:16Z,63299,200000,300000,120
2026-08-26T02:31:16Z,63303,7300,7300,193
2026-08-26T02:31:16Z,63304,10100,18500,118
2026-08-26T02:31:16Z,63305,20000,29800,136
2026-08-26T02:31:16Z,63306,18800,18800,71
2026-08-26T02:31:16Z,63307,20000,30000,72
2026-08-26T02:31:16Z,63308,10000,17700,61
2026-08-26T02:31:16Z,63310,49009900,49009900,20
2026-08-26T02:31:16Z,63311,290000100,290000100,1
2026-08-26T02:31:16Z,63312,3242900,49008100,22
2026-08-26T02:31:16Z,63313,49000100,49000100,13
2026-08-26T02:31:16Z,63314,290000100,290000100,2
2026-08-26T02:31:16Z,63316,49000100,49000100,16
2026-08-26T02:31:16Z,63317,49000100,49000100,21
2026-08-26T02:31:16Z,63318,290000100,290000100,1
2026-08-26T02:31:16Z,63321,989970100,989970100,4
2026-08-26T02:31:16Z,63323,290000100,290000100,1
2026-08-26T02:31:16Z,63327,48969900,48969900,26
2026-08-26T02:31:16Z,63337,290000100,290000100,1
2026-08-26T02:31:16Z,63341,290000100,290000100,1
2026-08-26T02:31:16Z,63342,290000100,290000100,1
2026-08-26T02:31:16Z,63343,290000100,290000100,1
2026-08-26T02:31:16Z,63347,990005100,990005100,2
2026-08-26T02:31:16Z,63348,359400,359400,28
2026-08-26T02:31:16Z,63388,9990000,9990000,46
2026-08-26T02:31:16Z,63396,4400,4400,80
2026-08-26T02:31:16Z,63416,1500000200,1500000200,1
2026-08-26T02:31:16Z,63481,1500007600,1500007600,1
2026-08-26T02:31:16Z,63530,3000,3000,403
2026-08-26T02:31:16Z,63539,1500000200,1500000200,1
2026-08-26T02:31:16Z,63691,9890000,9890000,40
2026-08-26T02:31:16Z,63692,9900500,9900500,29
2026-08-26T02:31:16Z,63693,9990200,9990200,25
2026-08-26T02:31:16Z,63694,9890000,9890000,46
2026-08-26T02:31:16Z,64392,3699900,3699900,120
2026-08-26T02:31:16Z,64394,2499800,2898800,220
2026-08-26T02:31:16Z,64395,3729900,3729900,96
2026-08-26T02:31:16Z,64396,15559600,19989900,137
2026-08-26T02:31:16Z,64397,34999900,55555500,1417
2026-08-26T02:31:16Z,64493,1500000200,1500000200,1
2026-08-26T02:31:16Z,64670,2600,2800,1992
2026-08-26T02:31:16Z,65365,485400,490000,8702
2026-08-26T02:31:16Z,65501,290000800,290000800,2
2026-08-26T02:31:16Z,65502,290000500,290000500,1
2026-08-26T02:31:16Z,65503,290000100,290000100,1
2026-08-26T02:31:16Z,65505,290001000,290001000,3
2026-08-26T02:31:16Z,65506,49002000,49002000,19
2026-08-26T02:31:16Z,65509,49000200,49000200,20
2026-08-26T02:31:16Z,65511,290000800,290000800,1
2026-08-26T02:31:16Z,65512,290001900,290001900,3
2026-08-26T02:31:16Z,65892,45000000,45000000,10
2026-08-26T02:31:16Z,65893,26979900,26979900,207
2026-08-26T02:31:16Z,66944,1500000100,1500000100,1
2026-08-26T02:31:16Z,66945,1500005100,1500005100,1
2026-08-26T02:31:16Z,66946,290007600,290007600,1
2026-08-26T02:31:16Z,66947,290007600,290007600,1
2026-08-26T02:31:16Z,66948,290002600,290002600,1
2026-08-26T02:31:16Z,66949,290002600,290002600,1
2026-08-26T02:31:16Z,66950,990001100,990001100,1
2026-08-26T02:31:16Z,67229,37500,50000,940
2026-08-26T02:31:16Z,67230,2500,2500,104
2026-08-26T02:31:16Z,67252,290000200,290000200,1
2026-08-26T02:31:16Z,67256,9900200,9900200,100
2026-08-26T02:31:16Z,67257,290000200,290000200,1
2026-08-26T02:31:16Z,67276,49000200,49000200,20
2026-08-26T02:31:16Z,67277,732500,732500,614
2026-08-26T02:31:16Z,67280,49000100,49000100,21
2026-08-26T02:31:16Z,67281,49000100,49000100,20
2026-08-26T02:31:16Z,67289,49000200,49000200,20
2026-08-26T02:31:16Z,67304,1500003000,1500003000,1
2026-08-26T02:31:16Z,67305,1500003000,1500003000,1
2026-08-26T02:31:16Z,67306,290003000,290003000,1
2026-08-26T02:31:16Z,67310,49000100,49000100,20
2026-08-26T02:31:16Z,67319,52600,52700,68
2026-08-26T02:31:16Z,67323,49007500,49007500,20
2026-08-26T02:31:16Z,67335,97800,97800,67
2026-08-26T02:31:16Z,67337,49003000,49003000,20
2026-08-26T02:31:16Z,67348,139600,9870000,37
2026-08-26T02:31:16Z,67357,49000100,49000100,20
2026-08-26T02:31:16Z,67385,24900,24900,29
2026-08-26T02:31:16Z,67388,135800,49000000,23
2026-08-26T02:31:16Z,67397,4000,177400,28
2026-08-26T02:31:16Z,67399,5500,5500,32
2026-08-26T02:31:16Z,67401,7900,7900,25
2026-08-26T02:31:16Z,67403,51500,49000000,27
2026-08-26T02:31:16Z,67404,25500,29700,40
2026-08-26T02:31:16Z,67405,6900,6900,32
2026-08-26T02:31:16Z,67407,5500,5500,35
2026-08-26T02:31:16Z,67415,10000,10000,494
2026-08-26T02:31:16Z,67438,20000,20000,76
2026-08-26T02:31:16Z,67444,290005100,290005100,1
2026-08-26T02:31:16Z,67482,1500007600,1500007600,1
2026-08-26T02:31:16Z,67483,1500000200,1500000200,1
2026-08-26T02:31:16Z,67484,1500007600,1500007600,1
2026-08-26T02:31:16Z,67485,1500007600,1500007600,1
2026-08-26T02:31:16Z,67486,1500000200,1500000200,1
2026-08-26T02:31:16Z,67487,1500007600,1500007600,1
2026-08-26T02:31:16Z,67506,49002900,49002900,20
2026-08-26T02:31:16Z,67507,25678400,25678400,24
2026-08-26T02:31:16Z,67509,5800,5800,237
2026-08-26T02:31:16Z,67510,2700,2700,108
2026-08-26T02:31:16Z,67511,5700,5700,60
2026-08-26T02:31:16Z,67749,990000,1000000,4171
2026-08-26T02:31:16Z,68039,1500000200,1500000200,1
2026-08-26T02:31:16Z,68047,20000,20000,71
2026-08-26T02:31:16Z,68049,50000,50000,424
2026-08-26T02:31:16Z,68055,311300,311300,6
2026-08-26T02:31:16Z,68134,200000,200000,61
2026-08-26T02:31:16Z,68140,150000,150000,177
2026-08-26T02:31:16Z,68196,1500000100,1500000100,1
2026-08-26T02:31:16Z,68197,1800,9901800,108
2026-08-26T02:31:16Z,68198,1600,1600,43
2026-08-26T02:31:16Z,68356,9922700,9922800,22
2026-08-26T02:31:16Z,68357,9987700,9987800,23
2026-08-26T02:31:16Z,68358,454500,9989800,22
2026-08-26T02:31:16Z,68660,19992200,19992200,10
2026-08-26T02:31:16Z,68687,1455000,1458800,131
2026-08-26T02:31:16Z,68731,2000000,2000000,36
2026-08-26T02:31:16Z,68732,49000200,49000200,20
2026-08-26T02:31:16Z,68741,9989300,9989300,32
2026-08-26T02:31:16Z,68771,8500005100,8500005100,1
2026-08-26T02:31:16Z,68778,1200000,2002000,38
2026-08-26T02:31:16Z,68779,1200000,1250000,56
2026-08-26T02:31:16Z,68780,1200000,1200000,47
2026-08-26T02:31:16Z,68784,6262800,13007800,72
2026-08-26T02:31:16Z,68785,2424900,2424900,40
2026-08-26T02:31:16Z,68786,6071600,6071600,35
2026-08-26T02:31:16Z,68793,275008400,275008400,2
2026-08-26T02:31:16Z,69237,2000,2000,2117
2026-08-26T02:31:16Z,69243,9900000,9900000,23
2026-08-26T02:31:16Z,69244,181200,181200,63
2026-08-26T02:31:16Z,69772,9903300,9903300,89
2026-08-26T02:31:16Z,69773,1500007600,1500007600,1
2026-08-26T02:31:16Z,69839,290000000,290000000,2
2026-08-26T02:31:16Z,69840,290000200,290000200,3
2026-08-26T02:31:16Z,69841,299000000,299000000,4
2026-08-26T02:31:16Z,69863,1001200,1001200,3
2026-08-26T02:31:16Z,69864,20009800,20009800,1
2026-08-26T02:31:16Z,69865,7500800,7500800,4
2026-08-26T02:31:16Z,69920,9969800,9969800,28
2026-08-26T02:31:16Z,69955,290000100,290000100,1
2026-08-26T02:31:16Z,70139,49007300,49007300,10
2026-08-26T02:31:16Z,71155,1500007600,1500007600,1
2026-08-26T02:31:16Z,71375,49000200,49000200,20
2026-08-26T02:31:16Z,71376,177770000,177770000,2
2026-08-26T02:31:16Z,71720,4589400,4589400,41
2026-08-26T02:31:16Z,71805,1100700,9491700,1911
2026-08-26T02:31:16Z,71806,1683000,1700000,83
2026-08-26T02:31:16Z,71807,1207800,1480000,101
2026-08-26T02:31:16Z,71808,13431200,13703800,110
2026-08-26T02:31:16Z,71809,2726700,4093600,138
2026-08-26T02:31:16Z,71810,29700400,30000400,57
2026-08-26T02:31:16Z,71817,2620000,2620000,56
2026-08-26T02:31:16Z,71818,4995700,4995700,55
2026-08-26T02:31:16Z,71819,2620700,2620700,60
2026-08-26T02:31:16Z,71820,2620100,2620100,50
2026-08-26T02:31:16Z,71822,19980200,19980200,46
2026-08-26T02:31:16Z,71823,19986200,19986200,41
2026-08-26T02:31:16Z,71824,19919000,19919000,50
2026-08-26T02:31:16Z,71825,19935700,19935700,40
2026-08-26T02:31:16Z,71826,19993300,19993300,24
2026-08-26T02:31:16Z,71827,49902000,49902000,33
2026-08-26T02:31:16Z,71828,19989200,19989200,31
2026-08-26T02:31:16Z,71829,19962900,19962900,28
2026-08-26T02:31:16Z,71830,19978300,19978300,32
2026-08-26T02:31:16Z,71831,41453500,41453500,29
2026-08-26T02:31:16Z,71832,39978400,39978400,27
2026-08-26T02:31:16Z,71833,39890400,39890400,27
2026-08-26T02:31:16Z,71834,19897300,19897300,31
2026-08-26T02:31:16Z,71835,19984200,19984200,28
2026-08-26T02:31:16Z,71836,19895300,19895300,38
2026-08-26T02:31:16Z,71837,19978800,19978800,36
2026-08-26T02:31:16Z,71838,19893800,19893800,33
2026-08-26T02:31:16Z,71839,19975200,19975200,42
2026-08-26T02:31:16Z,71840,13005200,13005200,23
2026-08-26T02:31:16Z,71841,24997500,24997500,31
2026-08-26T02:31:16Z,71842,18408900,18408900,34
2026-08-26T02:31:16Z,71843,14999500,15000000,72
2026-08-26T02:31:16Z,71844,24993800,24993800,13
2026-08-26T02:31:16Z,71845,25000000,25000000,51
2026-08-26T02:31:16Z,71846,24994400,24994400,38
2026-08-26T02:31:16Z,71847,24998500,24998500,11
2026-08-26T02:31:16Z,71848,17468900,17468900,53
2026-08-26T02:31:16Z,71849,25003000,25003000,25
2026-08-26T02:31:16Z,71850,18998900,18998900,106
2026-08-26T02:31:16Z,71851,18998900,18998900,88
2026-08-26T02:31:16Z,71852,19982400,19982400,38
2026-08-26T02:31:16Z,71853,18942800,18942800,34
2026-08-26T02:31:16Z,71854,19986900,19986900,38
2026-08-26T02:31:16Z,71855,24990700,24990700,28
2026-08-26T02:31:16Z,71856,15008500,15008500,113
2026-08-26T02:31:16Z,71857,24998000,24998000,11
2026-08-26T02:31:16Z,71858,25003400,25003400,11
2026-08-26T02:31:16Z,71859,19803800,19803800,23
2026-08-26T02:31:16Z,71860,25002500,25002500,11
2026-08-26T02:31:16Z,71861,24998800,24998800,10
2026-08-26T02:31:16Z,71862,4992600,4992600,102
2026-08-26T02:31:16Z,71863,1987900,1987900,45
2026-08-26T02:31:16Z,71864,4992500,4992500,86
2026-08-26T02:31:16Z,71865,9986400,9986400,30
2026-08-26T02:31:16Z,71866,4992600,4992600,62
2026-08-26T02:31:16Z,71867,4543000,4543000,76
2026-08-26T02:31:16Z,71868,2499600,2499600,77
2026-08-26T02:31:16Z,71869,2457400,7497000,80
2026-08-26T02:31:16Z,71870,9987400,9987400,33
2026-08-26T02:31:16Z,71871,9878500,9878500,62
2026-08-26T02:31:16Z,71872,9981500,9981500,59
2026-08-26T02:31:16Z,71873,9985900,9985900,35
2026-08-26T02:31:16Z,71874,2252000,6501900,63
2026-08-26T02:31:16Z,71875,15769500,15769500,31
2026-08-26T02:31:16Z,71876,7495100,7495100,53
2026-08-26T02:31:16Z,71877,7497000,7497000,46
2026-08-26T02:31:16Z,71878,11352700,11352700,37
2026-08-26T02:31:16Z,71879,3743100,3743100,107
2026-08-26T02:31:16Z,71880,7498000,7498000,42
2026-08-26T02:31:16Z,71881,1999700,1999700,91
2026-08-26T02:31:16Z,71882,9962300,9962300,22
2026-08-26T02:31:16Z,71883,7495100,7495100,84
2026-08-26T02:31:16Z,71998,9800,9800,1994
2026-08-26T02:31:16Z,72092,42800,42800,295579
2026-08-26T02:31:16Z,72093,8000,8400,65158
2026-08-26T02:31:16Z,72094,169100,269900,13261
2026-08-26T02:31:16Z,72095,750000,750000,5216
2026-08-26T02:31:16Z,72096,87800,87800,19097
2026-08-26T02:31:16Z,72103,160000,181500,5885
2026-08-26T02:31:16Z,72104,4360000,4416700,6911
2026-08-26T02:31:16Z,72120,8000,11900,27081
2026-08-26T02:31:16Z,72162,9400,15000,8613
2026-08-26T02:31:16Z,72163,505400,545500,1704
2026-08-26T02:31:16Z,72234,18900,18900,13839
2026-08-26T02:31:16Z,72235,12500,16200,13944
2026-08-26T02:31:16Z,72237,18000,18900,2291
2026-08-26T02:31:16Z,72238,53300,59800,36313
2026-08-26T02:31:16Z,72985,59700,59700,242
2026-08-26T02:31:16Z,72986,5600,5900,1051
2026-08-26T02:31:16Z,72988,2000,2200,66903
2026-08-26T02:31:16Z,73260,1500,1500,99
2026-08-26T02:31:16Z,74247,8900,14200,6975
2026-08-26T02:31:16Z,74248,71000,99900,12065
2026-08-26T02:31:16Z,74249,400,41100,131809
2026-08-26T02:31:16Z,74250,5900,26300,158966
2026-08-26T02:31:16Z,74252,2000,5100,1489
2026-08-26T02:31:16Z,74622,1450005100,1450005100,3
2026-08-26T02:31:16Z,74636,190000,194200,213
2026-08-26T02:31:16Z,74641,180000,180100,906
2026-08-26T02:31:16Z,74642,91800,91800,1682
2026-08-26T02:31:16Z,74643,49500,89000,1387
2026-08-26T02:31:16Z,74644,285700,285800,1263
2026-08-26T02:31:16Z,74645,280900,281000,516
2026-08-26T02:31:16Z,74646,19900,29700,597
2026-08-26T02:31:16Z,74647,249900,249900,170
2026-08-26T02:31:16Z,74648,32500,32500,776
2026-08-26T02:31:16Z,74649,142700,142800,1510
2026-08-26T02:31:16Z,74650,90000,98800,645
2026-08-26T02:31:16Z,74651,89500,89500,746
2026-08-26T02:31:16Z,74652,493600,493600,194
2026-08-26T02:31:16Z,74653,25000,25000,325
2026-08-26T02:31:16Z,74654,189700,189700,144
2026-08-26T02:31:16Z,74655,260400,260400,368
2026-08-26T02:31:16Z,74656,7400,68700,1015
2026-08-26T02:31:16Z,74659,40000,49900,1287
2026-08-26T02:31:16Z,74660,41500,41500,2882
2026-08-26T02:31:16Z,74661,1639900,1658300,1148
2026-08-26T02:31:16Z,74662,1189400,1189400,1292
2026-08-26T02:31:16Z,74700,7700,7700,56
2026-08-26T02:31:16Z,74701,10000,10000,49
2026-08-26T02:31:16Z,74703,1989900,1989900,79
2026-08-26T02:31:16Z,74704,372500,372500,53
2026-08-26T02:31:16Z,74705,466700,466700,114
2026-08-26T02:31:16Z,74706,5000,7900,70
2026-08-26T02:31:16Z,74707,7000,7100,94
2026-08-26T02:31:16Z,74708,43200,43200,382
2026-08-26T02:31:16Z,74709,35400,9908900,43
2026-08-26T02:31:16Z,74710,11700,11700,127
2026-08-26T02:31:16Z,74711,9900,9900,51
2026-08-26T02:31:16Z,74712,18400,18400,84
2026-08-26T02:31:16Z,74713,5000,5000,76
2026-08-26T02:31:16Z,74715,32300,38100,292
2026-08-26T02:31:16Z,74716,10000,10000,92
2026-08-26T02:31:16Z,74717,29000,49900,252
2026-08-26T02:31:16Z,74718,49900,49900,138
2026-08-26T02:31:16Z,74719,13600,16100,352
2026-08-26T02:31:16Z,74720,34000,40000,63
2026-08-26T02:31:16Z,74721,48100,49900,201
2026-08-26T02:31:16Z,74722,49800,49900,179
2026-08-26T02:31:16Z,74723,33800,33800,81
2026-08-26T02:31:16Z,74724,927400,927400,238
2026-08-26T02:31:16Z,74725,180000,180000,261
2026-08-26T02:31:16Z,74726,1358300,9900000,38
2026-08-26T02:31:16Z,74727,45000,45000,79
2026-08-26T02:31:16Z,74728,589100,589100,81
2026-08-26T02:31:16Z,74729,49900,49900,128
2026-08-26T02:31:16Z,74822,5100,5200,158
2026-08-26T02:31:16Z,74832,9800,9800,2349
2026-08-26T02:31:16Z,74833,58500,66600,10622
2026-08-26T02:31:16Z,74834,29900,41800,615
2026-08-26T02:31:16Z,74837,88700,88700,16537
2026-08-26T02:31:16Z,74838,35500,40000,626
2026-08-26T02:31:16Z,74839,95000,144600,10069
2026-08-26T02:31:16Z,74840,46400,125000,8893
2026-08-26T02:31:16Z,74841,10000,12500,45037
2026-08-26T02:31:16Z,74842,66700,123800,9626
2026-08-26T02:31:16Z,74843,49900,75100,13742
2026-08-26T02:31:16Z,74844,11700,11900,69700
2026-08-26T02:31:16Z,74845,43000,48200,957
2026-08-26T02:31:16Z,74846,50000,58600,11859
2026-08-26T02:31:16Z,74847,60000,125000,8087
2026-08-26T02:31:16Z,74848,20900,24900,24038
2026-08-26T02:31:16Z,74849,120000,124900,18688
2026-08-26T02:31:16Z,74850,118800,120500,7736
2026-08-26T02:31:16Z,74851,278600,278600,734
2026-08-26T02:31:16Z,74852,15000,15000,1918
2026-08-26T02:31:16Z,74853,1208900,1208900,3031
2026-08-26T02:31:16Z,74854,46400,46400,1304
2026-08-26T02:31:16Z,74856,174600,174600,5592
2026-08-26T02:31:16Z,74857,70000,70000,688
2026-08-26T02:31:16Z,74859,54200,54200,7998
2026-08-26T02:31:16Z,74860,50400,50400,6231
2026-08-26T02:31:16Z,74861,86100,86100,12027
2026-08-26T02:31:16Z,74863,38800,49400,4341
2026-08-26T02:31:16Z,74864,69900,930000,1460
2026-08-26T02:31:16Z,74865,89900,89900,5688
2026-08-26T02:31:16Z,74866,18900,18900,6768
2026-08-26T02:31:16Z,74919,40000,40000,190
2026-08-26T02:31:16Z,74921,97500,100000,59
2026-08-26T02:31:16Z,75014,223500,250000,1272
2026-08-26T02:31:16Z,75016,19400,20000,261
2026-08-26T02:31:16Z,75026,9000,9500,324
2026-08-26T02:31:16Z,75037,169900,179900,1212
2026-08-26T02:31:16Z,75038,269800,269800,1793
2026-08-26T02:31:16Z,76061,1100000,1190000,592
2026-08-26T02:31:16Z,76075,9900,14000,498
2026-08-26T02:31:16Z,76076,9500,250000,1082
2026-08-26T02:31:16Z,76077,35600,35600,173
2026-08-26T02:31:16Z,76078,49800,150000,2361
2026-08-26T02:31:16Z,76079,9200,9200,123
2026-08-26T02:31:16Z,76080,16200,16200,162
2026-08-26T02:31:16Z,76081,7000,7000,1963
2026-08-26T02:31:16Z,76083,23000,23000,221
2026-08-26T02:31:16Z,76084,40000,40000,372
2026-08-26T02:31:16Z,76085,319700,319800,1168
2026-08-26T02:31:16Z,76086,29900,29900,192
2026-08-26T02:31:16Z,76087,10000,10000,155
2026-08-26T02:31:16Z,76088,10000,10000,279
2026-08-26T02:31:16Z,76089,6900,10000,700
2026-08-26T02:31:16Z,76090,27000,27000,92
2026-08-26T02:31:16Z,76092,5400,5400,84
2026-08-26T02:31:16Z,76093,5000,250000,1547
2026-08-26T02:31:16Z,76094,500,500,860
2026-08-26T02:31:16Z,76095,25700,25700,55
2026-08-26T02:31:16Z,76096,80000,100000,152
2026-08-26T02:31:16Z,76097,6200,6200,429
2026-08-26T02:31:16Z,76098,30000,35500,1076
2026-08-26T02:31:16Z,76130,10500,10500,338
2026-08-26T02:31:16Z,76131,110000,119700,647
2026-08-26T02:31:16Z,76132,352800,352800,213
2026-08-26T02:31:16Z,76133,43900,43900,565
2026-08-26T02:31:16Z,76134,14500,15000,1727
2026-08-26T02:31:16Z,76135,10100,10100,841
2026-08-26T02:31:16Z,76136,24500,25000,2799
2026-08-26T02:31:16Z,76137,29000,29700,1701
2026-08-26T02:31:16Z,76138,159900,160000,790
2026-08-26T02:31:16Z,76139,114300,114500,3226
2026-08-26T02:31:16Z,76140,39900,39900,344
2026-08-26T02:31:16Z,76141,35000,35000,465
2026-08-26T02:31:16Z,76142,110000,113700,701
2026-08-26T02:31:16Z,76502,25000,30000,260
2026-08-26T02:31:16Z,76504,93200,93200,75
2026-08-26T02:31:16Z,76505,62200,62200,55
2026-08-26T02:31:16Z,76506,60000,60000,68
2026-08-26T02:31:16Z,76507,5734800,5734800,53
2026-08-26T02:31:16Z,76508,900000,900000,51
2026-08-26T02:31:16Z,76509,13700,13700,121
2026-08-26T02:31:16Z,76510,30000,30000,75
2026-08-26T02:31:16Z,76511,73400,73400,63
2026-08-26T02:31:16Z,76512,300000,300000,35
2026-08-26T02:31:16Z,76513,70000,70000,84
2026-08-26T02:31:16Z,76514,19200,44900,305
2026-08-26T02:31:16Z,76515,47900,47900,63
2026-08-26T02:31:16Z,76517,8166700,8166700,63
2026-08-26T02:31:16Z,76518,45700,45700,142
2026-08-26T02:31:16Z,76519,47100,47100,68
2026-08-26T02:31:16Z,76520,44900,44900,52
2026-08-26T02:31:16Z,76521,45500,45500,56
2026-08-26T02:31:16Z,76522,51600,51600,66
2026-08-26T02:31:16Z,76523,197980200,197980200,31
2026-08-26T02:31:16Z,76524,10000,10000,50
2026-08-26T02:31:16Z,76525,44900,44900,43
2026-08-26T02:31:16Z,76526,11000,14400,157
2026-08-26T02:31:16Z,76527,330000,330000,45
2026-08-26T02:31:16Z,76528,24800,24800,48
2026-08-26T02:31:16Z,76529,179900,180000,55
2026-08-26T02:31:16Z,76530,95500,95500,66
2026-08-26T02:31:16Z,76531,2350100,2350100,43
2026-08-26T02:31:16Z,76532,20700,20700,57
2026-08-26T02:31:16Z,76533,21100,21100,66
2026-08-26T02:31:16Z,76534,21100,21100,67
2026-08-26T02:31:16Z,76535,21600,21600,65
2026-08-26T02:31:16Z,76536,20700,20700,57
2026-08-26T02:31:16Z,76537,3460200,3460200,46
2026-08-26T02:31:16Z,76538,21200,21200,65
2026-08-26T02:31:16Z,76539,997600,997600,55
2026-08-26T02:31:16Z,76540,21000,21100,68
2026-08-26T02:31:16Z,76541,20900,20900,40
2026-08-26T02:31:16Z,76542,300000,300000,54
2026-08-26T02:31:16Z,76543,21100,21100,44
2026-08-26T02:31:16Z,76544,273000,273000,64
2026-08-26T02:31:16Z,76545,169200,169200,64
2026-08-26T02:31:16Z,76546,29300,29300,69
2026-08-26T02:31:16Z,76547,24400,24400,53
2026-08-26T02:31:16Z,76548,99900,99900,42
2026-08-26T02:31:16Z,76549,19600,19600,50
2026-08-26T02:31:16Z,76550,19600,19600,68
2026-08-26T02:31:16Z,76551,19300,19600,58
2026-08-26T02:31:16Z,76552,50000,59600,173
2026-08-26T02:31:16Z,76553,13000,15100,54
2026-08-26T02:31:16Z,76554,20500,20500,46
2026-08-26T02:31:16Z,76555,130300,130300,67
2026-08-26T02:31:16Z,76556,19900,19900,34
2026-08-26T02:31:16Z,76557,19600,19600,75
2026-08-26T02:31:16Z,76558,17100,17100,56
2026-08-26T02:31:16Z,76559,19900,19900,41
2026-08-26T02:31:16Z,76560,64800,64800,65
2026-08-26T02:31:16Z,76561,39800,39800,70
2026-08-26T02:31:16Z,76562,55500,55500,60
2026-08-26T02:31:16Z,76563,15000,15000,37
2026-08-26T02:31:16Z,76564,153800,153800,65
2026-08-26T02:31:16Z,76565,20000,20000,64
2026-08-26T02:31:16Z,76566,24600,24600,69
2026-08-26T02:31:16Z,76567,27700,27700,39
2026-08-26T02:31:16Z,76568,10000,10800,51
2026-08-26T02:31:16Z,76569,20000,20000,61
2026-08-26T02:31:16Z,76570,5000000,5000000,48
2026-08-26T02:31:16Z,76571,9979600,9979600,21
2026-08-26T02:31:16Z,76572,2928400,9990000,23
2026-08-26T02:31:16Z,76573,500000,9903000,23
2026-08-26T02:31:16Z,76574,1387600,1387600,26
2026-08-26T02:31:16Z,76575,19900000,19900000,12
2026-08-26T02:31:16Z,76576,1163400,1163400,35
2026-08-26T02:31:16Z,76577,9991800,9991800,21
2026-08-26T02:31:16Z,76578,9991000,9991000,25
2026-08-26T02:31:16Z,76579,9990000,9990000,21
2026-08-26T02:31:16Z,76580,8990000,8990000,25
2026-08-26T02:31:16Z,76581,1801500,9999300,22
2026-08-26T02:31:16Z,76582,19996200,19996200,13
2026-08-26T02:31:16Z,76583,9992300,9992300,21
2026-08-26T02:31:16Z,76584,9893600,9893600,24
2026-08-26T02:31:16Z,76585,19750100,19750100,24
2026-08-26T02:31:16Z,76586,898600,9998600,24
2026-08-26T02:31:16Z,76587,11519900,11519900,12
2026-08-26T02:31:16Z,76588,12261900,12261900,23
2026-08-26T02:31:16Z,76589,199990000,199990000,2
2026-08-26T02:31:16Z,76590,1500000,7457600,12
2026-08-26T02:31:16Z,76591,9996800,9996800,28
2026-08-26T02:31:16Z,76592,3000000,3780100,27
2026-08-26T02:31:16Z,76593,9992000,9992000,20
2026-08-26T02:31:16Z,76594,9900000,9900000,23
2026-08-26T02:31:16Z,76595,9997500,9997500,21
2026-08-26T02:31:16Z,76596,7006700,7006700,16
2026-08-26T02:31:16Z,76597,3683000,3683000,15
2026-08-26T02:31:16Z,76598,9990000,9990000,20
2026-08-26T02:31:16Z,76599,1050000,1051400,32
2026-08-26T02:31:16Z,76600,3004400,3004400,30
2026-08-26T02:31:16Z,76601,19998300,19998300,10
2026-08-26T02:31:16Z,76602,9991900,9991900,26
2026-08-26T02:31:16Z,76603,622000,1468900,24
2026-08-26T02:31:16Z,76604,9996500,9996500,20
2026-08-26T02:31:16Z,76605,9990000,9990000,21
2026-08-26T02:31:16Z,76606,980000,980000,41
2026-08-26T02:31:16Z,76607,9158400,9998500,21
2026-08-26T02:31:16Z,76608,19991500,19991500,10
2026-08-26T02:31:16Z,76609,19969800,19969800,10
2026-08-26T02:31:16Z,76610,1121800,1121800,17
2026-08-26T02:31:16Z,76611,19999600,19999600,18
2026-08-26T02:31:16Z,76612,19959500,19959500,10
2026-08-26T02:31:16Z,76613,19790000,19790000,10
2026-08-26T02:31:16Z,76614,9990000,9990000,23
2026-08-26T02:31:16Z,76615,2500000,2500000,26
2026-08-26T02:31:16Z,76616,8886600,9996600,23
2026-08-26T02:31:16Z,76617,19868300,19868300,17
2026-08-26T02:31:16Z,76618,100000,100000,36
2026-08-26T02:31:16Z,76619,9999900,9999900,22
2026-08-26T02:31:16Z,76620,9993500,9993500,25
2026-08-26T02:31:16Z,76621,897200,1113600,15
2026-08-26T02:31:16Z,76622,19991900,19991900,14
2026-08-26T02:31:16Z,76623,9989500,9989500,21
2026-08-26T02:31:16Z,76624,640000,640000,29
2026-08-26T02:31:16Z,76625,9996200,9996200,23
2026-08-26T02:31:16Z,76626,9991000,9991000,20
2026-08-26T02:31:16Z,76627,8882000,8882000,45
2026-08-26T02:31:16Z,76628,819900,819900,26
2026-08-26T02:31:16Z,76629,9900000,9900000,25
2026-08-26T02:31:16Z,76630,2875000,9995000,21
2026-08-26T02:31:16Z,76631,5188300,9989900,22
2026-08-26T02:31:16Z,76632,9987500,9987500,23
2026-08-26T02:31:16Z,76633,3434900,3434900,48
2026-08-26T02:31:16Z,76634,9996800,9996800,21
2026-08-26T02:31:16Z,76635,9890000,9899800,21
2026-08-26T02:31:16Z,76636,56000,56100,59
2026-08-26T02:31:16Z,76637,150000,151900,67
2026-08-26T02:31:16Z,76638,201700,221900,28
2026-08-26T02:31:16Z,76639,119900,119900,86
2026-08-26T02:31:16Z,76640,38500,168600,47
2026-08-26T02:31:16Z,76641,800000,899800,82
2026-08-26T02:31:16Z,76642,110000,114900,54
2026-08-26T02:31:16Z,76643,250000,250000,69
2026-08-26T02:31:16Z,76644,27500,114900,84
2026-08-26T02:31:16Z,76645,35300,315300,62
2026-08-26T02:31:16Z,76646,59800,114900,46
2026-08-26T02:31:16Z,76647,149800,149900,47
2026-08-26T02:31:16Z,76648,89800,114900,73
2026-08-26T02:31:16Z,76649,769700,769900,69
2026-08-26T02:31:16Z,76650,59400,108600,33
2026-08-26T02:31:16Z,76651,10000,11000,38
2026-08-26T02:31:16Z,76652,70900,114900,36
2026-08-26T02:31:16Z,76653,98300,114900,147
2026-08-26T02:31:16Z,76654,129700,129800,68
2026-08-26T02:31:16Z,76655,24422600,24422600,16
2026-08-26T02:31:16Z,76656,21200,114900,54
2026-08-26T02:31:16Z,76657,23900,23900,89
2026-08-26T02:31:16Z,76658,28000,28000,65
2026-08-26T02:31:16Z,76659,93700,2213700,33
2026-08-26T02:31:16Z,76660,89500,89600,43
2026-08-26T02:31:16Z,76661,394700,394900,90
2026-08-26T02:31:16Z,76662,190200,190200,77
2026-08-26T02:31:16Z,76663,837000,837100,99
2026-08-26T02:31:16Z,76664,11700,11800,69
2026-08-26T02:31:16Z,76665,49300,49500,68
2026-08-26T02:31:16Z,76666,88400,88600,78
2026-08-26T02:31:16Z,76667,59800,74500,65
2026-08-26T02:31:16Z,76668,29900,53300,69
2026-08-26T02:31:16Z,76669,499800,499800,68
2026-08-26T02:31:16Z,76670,70000,74500,46
2026-08-26T02:31:16Z,76671,205500,205500,84
2026-08-26T02:31:16Z,76672,19700,74500,82
2026-08-26T02:31:16Z,76673,69800,69900,67
2026-08-26T02:31:16Z,76674,27400,54800,81
2026-08-26T02:31:16Z,76675,60000,74500,78
2026-08-26T02:31:16Z,76676,640000,640000,160
2026-08-26T02:31:16Z,76677,60000,74500,72
2026-08-26T02:31:16Z,76678,10000,74500,63
2026-08-26T02:31:16Z,76679,30000,54800,53
2026-08-26T02:31:16Z,76680,20000,33200,65
2026-08-26T02:31:16Z,76681,20000,52300,54
2026-08-26T02:31:16Z,76682,40000,56300,111
2026-08-26T02:31:16Z,76683,199600,199700,107
2026-08-26T02:31:16Z,76684,158700,158700,35
2026-08-26T02:31:16Z,76685,49500,56300,56
2026-08-26T02:31:16Z,76686,109200,109300,61
2026-08-26T02:31:16Z,76687,59500,59700,81
2026-08-26T02:31:16Z,76688,55800,56000,46
2026-08-26T02:31:16Z,76689,30000,56300,73
2026-08-26T02:31:16Z,76690,19600,19700,86
2026-08-26T02:31:16Z,76691,29900,55300,43
2026-08-26T02:31:16Z,76692,215900,215900,51
2026-08-26T02:31:16Z,76693,199900,200000,99
2026-08-26T02:31:16Z,76694,99900,99900,134
2026-08-26T02:31:16Z,76695,59000,69000,51
2026-08-26T02:31:16Z,76696,178500,178500,40
2026-08-26T02:31:16Z,76697,84600,84600,67
2026-08-26T02:31:16Z,76698,89900,100300,64
2026-08-26T02:31:16Z,76699,65300,65300,62
2026-08-26T02:31:16Z,76700,174200,174300,65
2026-08-26T02:31:16Z,76701,67500,70000,75
2026-08-26T02:31:16Z,76728,49000100,49000100,20
2026-08-26T02:31:16Z,76734,190400,190400,233
2026-08-26T02:31:16Z,76879,9374600,9374700,73
2026-08-26T02:31:16Z,76884,999800,999800,30
2026-08-26T02:31:16Z,76885,1249800,1249800,39
2026-08-26T02:31:16Z,76886,1249800,1249800,20
2026-08-26T02:31:16Z,76887,9989800,9989800,27
2026-08-26T02:31:16Z,76888,1249800,1249800,40
2026-08-26T02:31:16Z,76890,7027900,7028000,29
2026-08-26T02:31:16Z,76891,9007200,9007200,54
2026-08-26T02:31:16Z,76892,865000,865100,61
2026-08-26T02:31:16Z,76893,9374800,9374900,47
2026-08-26T02:31:16Z,76894,500000,800000,35
2026-08-26T02:31:16Z,76895,499900,500000,31
2026-08-26T02:31:16Z,76896,500000,729900,32
2026-08-26T02:31:16Z,76897,8009600,8009700,42
2026-08-26T02:31:16Z,77101,180000,220700,20459
2026-08-26T02:31:16Z,77264,9990000,9990000,28
2026-08-26T02:31:16Z,77272,19803400,19803400,29
2026-08-26T02:31:16Z,77273,39999100,39999100,5
2026-08-26T02:31:16Z,77467,148000,148000,10878
2026-08-26T02:31:16Z,77468,43000,43000,2846
2026-08-26T02:31:16Z,77529,1997500,1997500,15
2026-08-26T02:31:16Z,77531,29700,29700,81
2026-08-26T02:31:16Z,77532,90000,90000,117
2026-08-26T02:31:16Z,77540,208200,208200,29
2026-08-26T02:31:16Z,77541,805600,805600,43
2026-08-26T02:31:16Z,77542,1004600,1004600,31
2026-08-26T02:31:16Z,77543,439200,2584700,24
2026-08-26T02:31:16Z,77544,497600,497600,27
2026-08-26T02:31:16Z,77545,339200,339300,35
2026-08-26T02:31:16Z,77546,202000,9909100,23
2026-08-26T02:31:16Z,77547,3998500,3998600,25
2026-08-26T02:31:16Z,77589,2500,3000,410
2026-08-26T02:31:16Z,78883,929700,929700,221
2026-08-26T02:31:16Z,79010,21000,21300,4418
2026-08-26T02:31:16Z,79011,10000,11000,3582
2026-08-26T02:31:16Z,79101,71800,253900,4912
2026-08-26T02:31:16Z,79102,90000,90000,292
2026-08-26T02:31:16Z,79238,199008300,199008300,1
2026-08-26T02:31:16Z,79249,50000,50000,287
2026-08-26T02:31:16Z,79251,4300,4300,39040
2026-08-26T02:31:16Z,79253,245500,810000,2174
2026-08-26T02:31:16Z,79254,9600,9600,11060
2026-08-26T02:31:16Z,79255,250000,250000,2150
2026-08-26T02:31:16Z,79257,48990500,48990500,25
2026-08-26T02:31:16Z,79283,4399800,4399800,13
2026-08-26T02:31:16Z,79284,1500000,7425000,14
2026-08-26T02:31:16Z,79285,11141400,11141400,11
2026-08-26T02:31:16Z,79286,8009700,8009900,102
2026-08-26T02:31:16Z,79287,22213000,22213000,15
2026-08-26T02:31:16Z,79288,34999800,34999800,10
2026-08-26T02:31:16Z,79289,5599800,5599800,23
2026-08-26T02:31:16Z,79290,7004100,7004100,26
2026-08-26T02:31:16Z,79291,28513700,28513700,8
2026-08-26T02:31:16Z,79292,5292500,5292500,13
2026-08-26T02:31:16Z,79293,7003600,7003600,8
2026-08-26T02:31:16Z,79294,5999500,5999500,10
2026-08-26T02:31:16Z,79295,5940000,39909700,16
2026-08-26T02:31:16Z,79296,7002800,7002900,16
2026-08-26T02:31:16Z,79297,35000000,35000000,8
2026-08-26T02:31:16Z,79298,5830000,5830000,40
2026-08-26T02:31:16Z,79299,5007100,5007100,10
2026-08-26T02:31:16Z,79300,7007100,7007100,26
2026-08-26T02:31:16Z,79301,14999700,14999700,7
2026-08-26T02:31:16Z,79302,10000700,10000700,14
2026-08-26T02:31:16Z,79303,14249100,14249100,6
2026-08-26T02:31:16Z,79304,20009600,20009600,6
2026-08-26T02:31:16Z,79305,19999900,19999900,11
2026-08-26T02:31:16Z,79306,15991500,39999900,12
2026-08-26T02:31:16Z,79307,5554800,5554800,46
2026-08-26T02:31:16Z,79308,15009500,15009500,19
2026-08-26T02:31:16Z,79309,5007400,5007400,35
2026-08-26T02:31:16Z,79310,7026200,7026200,45
2026-08-26T02:31:16Z,79311,5007300,5007400,29
2026-08-26T02:31:16Z,79312,9999800,12999900,34
2026-08-26T02:31:16Z,79313,11350000,11350000,10
2026-08-26T02:31:16Z,79314,40004000,197910500,7
2026-08-26T02:31:16Z,79513,250000200,250000200,1
2026-08-26T02:31:16Z,79514,1500000200,1500000200,2
2026-08-26T02:31:16Z,79515,250000200,250000200,1
2026-08-26T02:31:16Z,79538,232100,316300,106
2026-08-26T02:31:16Z,79868,9349700,9349700,147
2026-08-26T02:31:16Z,79869,3557400,3557400,1229
2026-08-26T02:31:16Z,80313,68000,68000,13
2026-08-26T02:31:16Z,80431,4990000,4990000,74
2026-08-26T02:31:16Z,80433,15000,21000,2034
2026-08-26T02:31:16Z,80581,1500000200,1500000200,1
2026-08-26T02:31:16Z,80584,1500000200,1500000200,1
2026-08-26T02:31:16Z,80585,1500000200,1500000200,1
2026-08-26T02:31:16Z,80586,250000400,250000400,2
2026-08-26T02:31:16Z,80587,999900,999900,322
2026-08-26T02:31:16Z,80588,402000,402000,348
2026-08-26T02:31:16Z,80590,12500,989900,360
2026-08-26T02:31:16Z,80591,9000,9600,261
2026-08-26T02:31:16Z,80592,7500,990000,232
2026-08-26T02:31:16Z,80593,10000,11300,301
2026-08-26T02:31:16Z,80594,30000,990000,223
2026-08-26T02:31:16Z,80595,3000,3000,332
2026-08-26T02:31:16Z,81055,1700,2500,1379
2026-08-26T02:31:16Z,81175,90000,100500,63
2026-08-26T02:31:16Z,81194,13000,14200,188
2026-08-26T02:31:16Z,81195,49009000,49009000,20
2026-08-26T02:31:16Z,81196,12500,12500,51
2026-08-26T02:31:16Z,81197,1100,1100,54
2026-08-26T02:31:16Z,81198,101000,101000,32
2026-08-26T02:31:16Z,81200,1200,1200,141
2026-08-26T02:31:16Z,81201,4950000,8000000,105
2026-08-26T02:31:16Z,81202,400,400,159
2026-08-26T02:31:16Z,81203,23000,24900,27
2026-08-26T02:31:16Z,81204,49000800,49000800,20
2026-08-26T02:31:16Z,81205,310000,310000,163
2026-08-26T02:31:16Z,81400,1900,1900,138
2026-08-26T02:31:16Z,81401,8000,8200,61
2026-08-26T02:31:16Z,81402,39600,39600,152
2026-08-26T02:31:16Z,81403,50000,50000,239
2026-08-26T02:31:16Z,81404,8700,8900,63
2026-08-26T02:31:16Z,81405,1300,1400,198
2026-08-26T02:31:16Z,81406,1400,1500,180
2026-08-26T02:31:16Z,81407,6600,6900,49
2026-08-26T02:31:16Z,81408,9600,9700,93
2026-08-26T02:31:16Z,81409,1500,1600,317
2026-08-26T02:31:16Z,81410,1500,2000,86
2026-08-26T02:31:16Z,81411,5000,6900,340
2026-08-26T02:31:16Z,81412,1500,1500,163
2026-08-26T02:31:16Z,81413,1400,1400,418
2026-08-26T02:31:16Z,81414,1400,1400,345
2026-08-26T02:31:16Z,81415,6800,6800,196
2026-08-26T02:31:16Z,81889,29900,29900,50
2026-08-26T02:31:16Z,81916,29900,29900,60
2026-08-26T02:31:16Z,81917,9890000,9890000,25
2026-08-26T02:31:16Z,81918,30100,30100,78
2026-08-26T02:31:16Z,81919,4087700,4087700,70
2026-08-26T02:31:16Z,81920,5594000,5594000,55
2026-08-26T02:31:16Z,81921,346600,346600,232
2026-08-26T02:31:16Z,81922,440000,440000,225
2026-08-26T02:31:16Z,81923,150200,150200,76
2026-08-26T02:31:16Z,81924,9846500,9846500,25
2026-08-26T02:31:16Z,81956,1500000200,1500000200,1
2026-08-26T02:31:16Z,82300,9900,9900,66
2026-08-26T02:31:16Z,82328,1500,1500,95
2026-08-26T02:31:16Z,82330,49000200,49000200,20
2026-08-26T02:31:16Z,82343,91200,91200,57
2026-08-26T02:31:16Z,82344,17900,17900,114
2026-08-26T02:31:16Z,82345,1500007600,1500007600,1
2026-08-26T02:31:16Z,82392,4600,199800,1712
2026-08-26T02:31:16Z,82441,11700,12000,4357
2026-08-26T02:31:16Z,82442,23000,23000,41
2026-08-26T02:31:16Z,82443,44100,44100,84
2026-08-26T02:31:16Z,82444,3914400,3914400,112
2026-08-26T02:31:16Z,82445,845600,994800,25
2026-08-26T02:31:16Z,82448,9899700,9899700,40
2026-08-26T02:31:16Z,82449,9800000,9800000,40
2026-08-26T02:31:16Z,82450,2509800,2509800,79
2026-08-26T02:31:16Z,82451,34400,34400,87
2026-08-26T02:31:16Z,82960,72100,98800,164
2026-08-26T02:31:16Z,83006,599800,599900,143
2026-08-26T02:31:16Z,83007,504900,599900,146
2026-08-26T02:31:16Z,83064,20000,24700,1581
2026-08-26T02:31:16Z,83065,49001300,49001300,20
2026-08-26T02:31:16Z,83092,219007000,219007000,80
2026-08-26T02:31:16Z,83094,339800,339800,81
2026-08-26T02:31:16Z,83095,338600,338600,59
2026-08-26T02:31:16Z,83096,250007600,250007600,1
2026-08-26T02:31:16Z,83097,19000,20000,55
2026-08-26T02:31:16Z,83107,1500000200,1500000200,1
2026-08-26T02:31:16Z,83120,290003000,290003000,2
2026-08-26T02:31:16Z,83156,9900300,9900300,156
2026-08-26T02:31:16Z,83157,800,49000400,21
2026-08-26T02:31:16Z,83763,1893300,1893300,315
2026-08-26T02:31:16Z,83764,3008200,3008200,93
2026-08-26T02:31:16Z,83765,2903500,2903900,74
2026-08-26T02:31:16Z,84652,1500000200,1500000200,1
2026-08-26T02:31:16Z,85221,575500,599900,371
2026-08-26T02:31:16Z,85501,7900,7900,139
2026-08-26T02:31:16Z,85504,19900,19900,124
2026-08-26T02:31:16Z,85506,3300,4800,2615
2026-08-26T02:31:16Z,85559,8300,8300,100
2026-08-26T02:31:16Z,85568,32500,32500,47
2026-08-26T02:31:16Z,85569,59900,59900,70
2026-08-26T02:31:16Z,85570,300400,300400,60
2026-08-26T02:31:16Z,85583,39800,39800,2349
2026-08-26T02:31:16Z,85584,20000,20000,635
2026-08-26T02:31:16Z,85585,9000,9000,2309
2026-08-26T02:31:16Z,85683,1500000200,1500000200,8
2026-08-26T02:31:16Z,85684,250007600,250007600,1
2026-08-26T02:31:16Z,85685,1500007600,1500007600,1
2026-08-26T02:31:16Z,85687,1500007600,1500007600,1
2026-08-26T02:31:16Z,85689,1500007600,1500007600,1
2026-08-26T02:31:16Z,85691,250000200,250000200,1
2026-08-26T02:31:16Z,85692,1500007600,1500007600,1
2026-08-26T02:31:16Z,85695,1500000200,1500000200,1
2026-08-26T02:31:16Z,85696,1500000200,1500000200,1
2026-08-26T02:31:16Z,85697,250007600,250007600,1
2026-08-26T02:31:16Z,85698,250007600,250007600,1
2026-08-26T02:31:16Z,85699,1500000200,1500000200,7
2026-08-26T02:31:16Z,85700,1500000200,1500000200,2
2026-08-26T02:31:16Z,86026,789300,789300,620
2026-08-26T02:31:16Z,86057,25500,25500,385
2026-08-26T02:31:16Z,86069,65000,65000,220
2026-08-26T02:31:16Z,86070,1067200,1067300,368
2026-08-26T02:31:16Z,86073,160000,160000,299
2026-08-26T02:31:16Z,86074,259200,259200,449
2026-08-26T02:31:16Z,86432,124100,124100,104
2026-08-26T02:31:16Z,86541,1500000200,1500000200,7
2026-08-26T02:31:16Z,86574,450000000,450000000,2
2026-08-26T02:31:16Z,86592,12345600,12345600,98
2026-08-26T02:31:16Z,86597,3000000,3000000,71
2026-08-26T02:31:16Z,86599,2573600,2573600,26
2026-08-26T02:31:16Z,87226,5400,5400,300
2026-08-26T02:31:16Z,87228,9975600,9975600,171
2026-08-26T02:31:16Z,87230,97500,97500,273
2026-08-26T02:31:16Z,87232,394800,394800,86
2026-08-26T02:31:16Z,87234,4800,4800,259
2026-08-26T02:31:16Z,87236,138500,1033700,173
2026-08-26T02:31:16Z,87238,88200,88200,244
2026-08-26T02:31:16Z,87240,2808300,2808300,101
2026-08-26T02:31:16Z,87242,50000,50000,282
2026-08-26T02:31:16Z,87244,1500000,9791100,69
2026-08-26T02:31:16Z,87246,34900,35000,273
2026-08-26T02:31:16Z,87248,59400,59500,66
2026-08-26T02:31:16Z,87264,39993600,39993600,6
2026-08-26T02:31:16Z,87276,1500000200,1500000200,1
2026-08-26T02:31:16Z,87277,29400,29400,200
2026-08-26T02:31:16Z,87278,1500007600,1500007600,1
2026-08-26T02:31:16Z,87279,1500007600,1500007600,1
2026-08-26T02:31:16Z,87392,412000,412000,297
2026-08-26T02:31:16Z,87393,1500000200,1500000200,1
2026-08-26T02:31:16Z,87530,250000,250000,26
2026-08-26T02:31:16Z,87559,599900,599900,134
2026-08-26T02:31:16Z,87560,137500,1455700,119
2026-08-26T02:31:16Z,87577,50200,50200,68
2026-08-26T02:31:16Z,87578,65600,65600,42
2026-08-26T02:31:16Z,87579,61100,61100,61
2026-08-26T02:31:16Z,87580,339900,339900,46
2026-08-26T02:31:16Z,87647,82500,82500,103
2026-08-26T02:31:16Z,87648,82500,82500,112
2026-08-26T02:31:16Z,87764,28800,28800,379
2026-08-26T02:31:16Z,87806,267800,267900,1096
2026-08-26T02:31:16Z,87831,3500000000,3500000000,1
2026-08-26T02:31:16Z,87872,109800,109800,2830
2026-08-26T02:31:16Z,87880,1500000200,1500000200,2
2026-08-26T02:31:16Z,87881,392000,392000,230
2026-08-26T02:31:16Z,87882,250000200,250000200,1
2026-08-26T02:31:16Z,87883,161100,161100,126
2026-08-26T02:31:16Z,87884,1500000200,1500000200,1
2026-08-26T02:31:16Z,87885,90700,90700,1287
2026-08-26T02:31:16Z,87887,1500000200,1500000200,1
2026-08-26T02:31:16Z,87888,109900,110000,122
2026-08-26T02:31:16Z,87889,250000200,250000200,1
2026-08-26T02:31:16Z,87890,1500000200,1500000200,1
2026-08-26T02:31:16Z,87891,1500001400,1500001400,2
2026-08-26T02:31:16Z,87892,1500007600,1500007600,1
2026-08-26T02:31:16Z,87893,1500000200,1500000200,1
2026-08-26T02:31:16Z,87894,1500000200,1500000200,1
2026-08-26T02:31:16Z,87895,1500000200,1500000200,1
2026-08-26T02:31:16Z,87896,1500007600,1500007600,1
2026-08-26T02:31:16Z,87897,1500000200,1500000200,3
2026-08-26T02:31:16Z,87898,1500007600,1500007600,1
2026-08-26T02:31:16Z,87899,1500000200,1500000200,2
2026-08-26T02:31:16Z,87900,1500000200,1500000200,2
2026-08-26T02:31:16Z,87901,1500000200,1500000200,1
2026-08-26T02:31:16Z,87902,250000200,250000200,1
2026-08-26T02:31:16Z,88151,290008800,290008800,1
2026-08-26T02:31:16Z,88152,450005100,450005100,1
2026-08-26T02:31:16Z,88153,290003800,290003800,1
2026-08-26T02:31:16Z,88154,290003800,290003800,1
2026-08-26T02:31:16Z,88155,49008800,49008800,20
2026-08-26T02:31:16Z,88156,290000000,290000000,2
2026-08-26T02:31:16Z,88157,290005100,290005100,1
2026-08-26T02:31:16Z,88158,290005100,290005100,1
2026-08-26T02:31:16Z,88159,290008800,290008800,1
2026-08-26T02:31:16Z,88162,258800,49008800,16
2026-08-26T02:31:16Z,88163,290007600,290007600,1
2026-08-26T02:31:16Z,88164,290005100,290005100,1
2026-08-26T02:31:16Z,88487,14900,14900,86
2026-08-26T02:31:16Z,88490,18502500,19980000,13
2026-08-26T02:31:16Z,88491,29800,211500,71
2026-08-26T02:31:16Z,88492,84400,84400,11
2026-08-26T02:31:16Z,88493,29700,29700,671
2026-08-26T02:31:16Z,88529,101300,101300,7
2026-08-26T02:31:16Z,88530,9800000,9800000,26
2026-08-26T02:31:16Z,88532,2000,2000,53
2026-08-26T02:31:16Z,89112,100500,119500,34191
2026-08-26T02:31:16Z,89326,89900,990000,216
2026-08-26T02:31:16Z,89328,80000,990000,208
2026-08-26T02:31:16Z,89329,1500,1500,262
2026-08-26T02:31:16Z,89512,49000300,49000300,20
2026-08-26T02:31:16Z,89639,48400,48400,275
2026-08-26T02:31:16Z,89674,20000,21400,57
2026-08-26T02:31:16Z,89675,90700,90700,48
2026-08-26T02:31:16Z,89676,4246700,4246700,14
2026-08-26T02:31:16Z,89678,17700,19600,65
2026-08-26T02:31:16Z,89679,9145900,9145900,28
2026-08-26T02:31:16Z,89680,121800,121900,28
2026-08-26T02:31:16Z,89683,7500,7800,53
2026-08-26T02:31:16Z,89737,33500,33500,57
2026-08-26T02:31:16Z,89739,255000,737700,24
2026-08-26T02:31:16Z,89747,290000800,290000800,3
2026-08-26T02:31:16Z,89868,158800,159100,303
2026-08-26T02:31:16Z,89888,129400,129400,297
2026-08-26T02:31:16Z,89893,7900,7900,192
2026-08-26T02:31:16Z,90043,1500000,1500000,3
2026-08-26T02:31:16Z,90044,100000000,100000000,2
2026-08-26T02:31:16Z,90046,4998300,4998800,64
2026-08-26T02:31:16Z,90047,409700,599700,13
2026-08-26T02:31:16Z,90057,200000,200000,68
2026-08-26T02:31:16Z,90058,5900,8000,30
2026-08-26T02:31:16Z,90135,9905300,9905300,21
2026-08-26T02:31:16Z,90146,27500,34800,2607
2026-08-26T02:31:16Z,90407,9900,14000,2147
2026-08-26T02:31:16Z,90457,9909800,9909800,25
2026-08-26T02:31:16Z,90548,290000100,290000100,3
2026-08-26T02:31:16Z,90551,420000,420000,28
2026-08-26T02:31:16Z,90552,74200000,74200000,5
2026-08-26T02:31:16Z,90553,49008100,49008100,37
2026-08-26T02:31:16Z,90554,37000000,49000000,23
2026-08-26T02:31:16Z,90555,25000000,25000000,33
2026-08-26T02:31:16Z,90556,20000800,20000800,6
2026-08-26T02:31:16Z,90557,990000200,990000200,2
2026-08-26T02:31:16Z,90558,74200000,74200000,8
2026-08-26T02:31:16Z,90561,5991500,5991500,4
2026-08-26T02:31:16Z,90659,9900000,9900000,33
2026-08-26T02:31:16Z,90660,9990000,9990000,49
2026-08-26T02:31:16Z,90715,250000200,250000200,1
2026-08-26T02:31:16Z,92049,198879800,198879800,1
2026-08-26T02:31:16Z,92050,197891400,197891400,2
2026-08-26T02:31:16Z,92051,199890600,199890600,1
2026-08-26T02:31:16Z,92052,250000000,250000000,1
2026-08-26T02:31:16Z,92053,201506400,201506400,2
2026-08-26T02:31:16Z,92054,250004300,250004300,1
2026-08-26T02:31:16Z,92055,199890000,199890000,1
2026-08-26T02:31:16Z,92056,200000100,200000100,1
2026-08-26T02:31:16Z,92057,990100,990100,17
2026-08-26T02:31:16Z,92058,990000,990000,10
2026-08-26T02:31:16Z,92059,488884100,488884100,2
2026-08-26T02:31:16Z,92422,411091000,411091000,1
2026-08-26T02:31:16Z,92427,199788200,199788200,1
2026-08-26T02:31:16Z,92428,999990000,999990000,1
2026-08-26T02:31:16Z,92429,250000000,250000000,1
2026-08-26T02:31:16Z,92430,199000000,199000000,1
2026-08-26T02:31:16Z,92431,19990000,19990000,40
2026-08-26T02:31:16Z,92432,19784700,19784700,11
2026-08-26T02:31:16Z,92433,199989900,199989900,1
2026-08-26T02:31:16Z,92434,99990100,99990100,3
2026-08-26T02:31:16Z,92435,99990100,99990100,3
2026-08-26T02:31:16Z,92436,199999700,199999700,4
2026-08-26T02:31:16Z,92437,199999900,199999900,1
2026-08-26T02:31:16Z,92438,99999800,99999800,4
2026-08-26T02:31:16Z,92439,199000000,199000000,1
2026-08-26T02:31:16Z,92442,200000100,200000100,18
2026-08-26T02:31:16Z,92443,199000000,199000000,1
2026-08-26T02:31:16Z,92525,198968700,198968700,1
2026-08-26T02:31:16Z,92526,990000100,990000100,1
2026-08-26T02:31:16Z,92528,999990000,999990000,1
2026-08-26T02:31:16Z,92530,999990000,999990000,1
2026-08-26T02:31:16Z,92532,279999900,279999900,4
2026-08-26T02:31:16Z,92550,99000100,99000100,2
2026-08-26T02:31:16Z,92663,250000000,250000000,1
2026-08-26T02:31:16Z,92664,349994100,349994100,1
2026-08-26T02:31:16Z,92741,75000000,84999800,279
2026-08-26T02:31:16Z,93202,250000200,250000200,1
2026-08-26T02:31:16Z,93208,802900,802900,86
2026-08-26T02:31:16Z,93351,99800,99900,243
2026-08-26T02:31:16Z,93705,126100,126200,63
2026-08-26T02:31:16Z,93706,504000,2524000,66
2026-08-26T02:31:16Z,93707,9973100,9973100,24
2026-08-26T02:31:16Z,93970,208500,208500,25
2026-08-26T02:31:16Z,94288,13000,17800,625322
2026-08-26T02:31:16Z,94289,135500,136300,1835
2026-08-26T02:31:16Z,94535,129700,129700,151
2026-08-26T02:31:16Z,94536,4996300,4996300,127
2026-08-26T02:31:16Z,94645,3900300,3900300,240
2026-08-26T02:31:16Z,95373,4491000,4491000,3592
2026-08-26T02:31:16Z,95481,20000,20000,45
2026-08-26T02:31:16Z,95482,99900,99900,70
2026-08-26T02:31:16Z,97161,2000500,49000500,23
2026-08-26T02:31:16Z,97512,8500,18000,1226
2026-08-26T02:31:16Z,97546,48800,990000,278
2026-08-26T02:31:16Z,97619,178500,179300,1589
2026-08-26T02:31:16Z,97620,29700,29700,319
2026-08-26T02:31:16Z,97621,19900,24800,403
2026-08-26T02:31:16Z,97622,29900,34500,609
2026-08-26T02:31:16Z,97623,29900,39900,666
2026-08-26T02:31:16Z,97624,67500,75000,288
2026-08-26T02:31:16Z,98111,9000,9000,59
2026-08-26T02:31:16Z,98116,24800,25000,48
2026-08-26T02:31:16Z,98117,83930600,83930600,3
2026-08-26T02:31:16Z,98118,21800,9899600,44
2026-08-26T02:31:16Z,100734,290005100,290005100,1
2026-08-26T02:31:16Z,100735,99995100,99995100,10
2026-08-26T02:31:16Z,100738,23105800,23105800,14
2026-08-26T02:31:16Z,100739,495800,495800,112
2026-08-26T02:31:16Z,101630,1300000,1300000,72
2026-08-26T02:31:16Z,101661,1508000,1508000,62
2026-08-26T02:31:16Z,101662,1749700,1749700,96
2026-08-26T02:31:16Z,101745,25001800,25001800,18
2026-08-26T02:31:16Z,101746,9996800,9996800,25
2026-08-26T02:31:16Z,101747,19992200,19992200,10
2026-08-26T02:31:16Z,101748,12766100,12766100,16
2026-08-26T02:31:16Z,101749,9990400,9990400,26
2026-08-26T02:31:16Z,101750,19990000,19990000,10
2026-08-26T02:31:16Z,102218,700000,700000,372
2026-08-26T02:31:16Z,102351,440000,440000,98
2026-08-26T02:31:16Z,102541,7800,7900,1050
2026-08-26T02:31:16Z,102542,7500,7500,1087
2026-08-26T02:31:16Z,102543,7000,7800,658
2026-08-26T02:31:16Z,103786,32400,32500,90
2026-08-26T02:31:16Z,103789,1488800,1488800,82
2026-08-26T02:31:16Z,103795,1700000,1700000,231
2026-08-26T02:31:16Z,103797,49900,49900,89
2026-08-26T02:31:16Z,104046,1500000200,1500000200,2
2026-08-26T02:31:16Z,104048,1500000200,1500000200,1
2026-08-26T02:31:16Z,104049,1500007600,1500007600,1
2026-08-26T02:31:16Z,104053,250007600,250007600,1
2026-08-26T02:31:16Z,104055,1500007600,1500007600,1
2026-08-26T02:31:16Z,104099,282500,312000,234
2026-08-26T02:31:16Z,104102,1500000200,1500000200,1
2026-08-26T02:31:16Z,104104,1000000,1000000,127
2026-08-26T02:31:16Z,104105,149800,149900,451
2026-08-26T02:31:16Z,104108,48800,49900,831
2026-08-26T02:31:16Z,104109,1500000200,1500000200,1
2026-08-26T02:31:16Z,104120,122300,122300,154
2026-08-26T02:31:16Z,104122,59900,232600,1599
2026-08-26T02:31:16Z,104126,569400,569400,113
2026-08-26T02:31:16Z,104127,222500,222500,129
2026-08-26T02:31:16Z,104128,1500000200,1500000200,1
2026-08-26T02:31:16Z,104130,1500000200,1500000200,1
2026-08-26T02:31:16Z,104131,1500000200,1500000200,1
2026-08-26T02:31:16Z,104133,1500000200,1500000200,1
2026-08-26T02:31:16Z,104134,1500000200,1500000200,1
2026-08-26T02:31:16Z,104135,250000200,250000200,1
2026-08-26T02:31:16Z,104136,250000200,250000200,1
2026-08-26T02:31:16Z,104137,1500000200,1500000200,1
2026-08-26T02:31:16Z,104138,301800,392000,437
2026-08-26T02:31:16Z,104196,1494899900,1494899900,2
2026-08-26T02:31:16Z,104270,1500000200,1500000200,1
2026-08-26T02:31:16Z,104276,1500000200,1500000200,1
2026-08-26T02:31:16Z,104314,29900,29900,51
2026-08-26T02:31:16Z,104316,1209800,1600000,3484
2026-08-26T02:31:16Z,104339,9899900,9899900,40
2026-08-26T02:31:16Z,104340,9969700,9969700,40
2026-08-26T02:31:16Z,104341,82000,82000,82
2026-08-26T02:31:16Z,104342,9802900,9802900,42
2026-08-26T02:31:16Z,104343,40900,40900,58
2026-08-26T02:31:16Z,104344,9864500,9864500,57
2026-08-26T02:31:16Z,104348,9760300,9760300,50
2026-08-26T02:31:16Z,105700,439800,9889800,45
2026-08-26T02:31:16Z,105701,9896600,9896600,43
2026-08-26T02:31:16Z,105702,9900000,9900000,27
2026-08-26T02:31:16Z,105703,9899100,9899100,125
2026-08-26T02:31:16Z,105704,957200,957200,33
2026-08-26T02:31:16Z,105705,9870100,9870100,25
2026-08-26T02:31:16Z,105706,449900,9899900,43
2026-08-26T02:31:16Z,105707,9969600,9969600,44
2026-08-26T02:31:16Z,105708,9896600,9896600,44
2026-08-26T02:31:16Z,105711,2500000,2500000,123
2026-08-26T02:31:16Z,105717,9890000,9890000,25
2026-08-26T02:31:16Z,105718,52200,52200,64
2026-08-26T02:31:16Z,105719,9800000,9800000,40
2026-08-26T02:31:16Z,105720,9969700,9969700,40
2026-08-26T02:31:16Z,105721,9900000,9900000,40
2026-08-26T02:31:16Z,105722,509100,9970400,41
2026-08-26T02:31:16Z,105723,9900000,9900000,40
2026-08-26T02:31:16Z,105724,9901900,9901900,27
2026-08-26T02:31:16Z,106824,10000,10000,60
2026-08-26T02:31:16Z,106825,271300,271400,29
2026-08-26T02:31:16Z,106867,4400,4400,122
2026-08-26T02:31:16Z,106868,499900,499900,24
2026-08-26T02:31:16Z,106870,9300,9300,67
2026-08-26T02:31:16Z,106875,49800,49800,38
2026-08-26T02:31:16Z,106888,33200,33200,71
2026-08-26T02:31:16Z,106889,380000,380000,47
2026-08-26T02:31:16Z,107392,150000,150000,28
2026-08-26T02:31:16Z,107393,124500,49004500,22
2026-08-26T02:31:16Z,107461,49006300,49006300,22
2026-08-26T02:31:16Z,107462,49009900,49009900,21
2026-08-26T02:31:16Z,107469,10000,13200,34
2026-08-26T02:31:16Z,107472,26000,26000,41
2026-08-26T02:31:16Z,107476,9500000500,9500000500,1
2026-08-26T02:31:16Z,107517,4900,105000,135
2026-08-26T02:31:16Z,107518,114000,114000,28
2026-08-26T02:31:16Z,107528,9400,9400,31
2026-08-26T02:31:16Z,107603,29000,29000,48
2026-08-26T02:31:16Z,107640,2455100,2455200,118
2026-08-26T02:31:16Z,107663,290005100,290005100,1
2026-08-26T02:31:16Z,108294,240000,240000,349
2026-08-26T02:31:16Z,108296,270000,272200,258
2026-08-26T02:31:16Z,108297,20000,21200,1354
2026-08-26T02:31:16Z,108298,39700,250000,807
2026-08-26T02:31:16Z,108299,640000,640000,356
2026-08-26T02:31:16Z,108300,170000,170000,1924
2026-08-26T02:31:16Z,108301,49000,49000,1709
2026-08-26T02:31:16Z,108302,20000,20000,877
2026-08-26T02:31:16Z,108304,9860000,9868000,70
2026-08-26T02:31:16Z,108305,129000,129000,930
2026-08-26T02:31:16Z,108306,98000,98000,662
2026-08-26T02:31:16Z,108307,200000,990000,253
2026-08-26T02:31:16Z,108308,50000,222800,289
2026-08-26T02:31:16Z,108309,5000000,9860000,56
2026-08-26T02:31:16Z,108323,3000,3800,2510
2026-08-26T02:31:16Z,108324,3200,3300,4800
2026-08-26T02:31:16Z,108325,2900,3100,3238
2026-08-26T02:31:16Z,108326,8600,9900,1981
2026-08-26T02:31:16Z,108327,23200,23200,4573
2026-08-26T02:31:16Z,108328,7800,9500,1548
2026-08-26T02:31:16Z,108329,27200,27200,1403
2026-08-26T02:31:16Z,108330,4400,4400,1438
2026-08-26T02:31:16Z,108331,15000,16900,2303
2026-08-26T02:31:16Z,108332,2400,2700,3078
2026-08-26T02:31:16Z,108333,64000,64800,873
2026-08-26T02:31:16Z,108335,1800,4800,3318
2026-08-26T02:31:16Z,108336,2500,3900,1681
2026-08-26T02:31:16Z,108337,42000,42000,1823
2026-08-26T02:31:16Z,108338,4200,4200,2723
2026-08-26T02:31:16Z,108339,1400,2000,7115
2026-08-26T02:31:16Z,108340,1300,1300,2853
2026-08-26T02:31:16Z,108341,1400,1400,3754
2026-08-26T02:31:16Z,108342,131000,131300,4145
2026-08-26T02:31:16Z,108343,6000,6000,3546
2026-08-26T02:31:16Z,108344,141300,990000,252
2026-08-26T02:31:16Z,108345,30000,50000,333
2026-08-26T02:31:16Z,108346,439900,439900,298
2026-08-26T02:31:16Z,108347,1700000,1980000,132
2026-08-26T02:31:16Z,108348,149900,150200,305
2026-08-26T02:31:16Z,108349,8058400,8058400,31
2026-08-26T02:31:16Z,108350,9870000,9870000,30
2026-08-26T02:31:16Z,108351,19895000,19895000,17
2026-08-26T02:31:16Z,108352,89900,89900,257
2026-08-26T02:31:16Z,108353,29200,990000,252
2026-08-26T02:31:16Z,108354,191100,191100,226
2026-08-26T02:31:16Z,108355,481900,481900,173
2026-08-26T02:31:16Z,108356,950000,990000,257
2026-08-26T02:31:16Z,108357,12200,12200,47
2026-08-26T02:31:16Z,108359,6330100,6330100,103
2026-08-26T02:31:16Z,108360,832200,832200,480
2026-08-26T02:31:16Z,108361,190000,190000,70
2026-08-26T02:31:16Z,108362,2484900,2484900,78
2026-08-26T02:31:16Z,108363,490000,490000,76
2026-08-26T02:31:16Z,108364,9990000,9990000,47
2026-08-26T02:31:16Z,108365,370000,370000,215
2026-08-26T02:31:16Z,108391,2267900,2268000,75
2026-08-26T02:31:16Z,108439,3989900,3989900,295
2026-08-26T02:31:16Z,108649,3909900,3909900,198
2026-08-26T02:31:16Z,108920,10000,10000,167
2026-08-26T02:31:16Z,108977,4500,4700,359
2026-08-26T02:31:16Z,108978,25700,25700,38
2026-08-26T02:31:16Z,108979,24900,24900,27
2026-08-26T02:31:16Z,108980,49004300,49004300,20
2026-08-26T02:31:16Z,108996,6300,14500,29232
2026-08-26T02:31:16Z,109076,39300,40000,17359
2026-08-26T02:31:16Z,109118,4500,10000,159473
2026-08-26T02:31:16Z,109119,10000,11600,36319
2026-08-26T02:31:16Z,109120,9999900,9999900,6
2026-08-26T02:31:16Z,109122,559900,559900,24
2026-08-26T02:31:16Z,109123,35500,112200,73900
2026-08-26T02:31:16Z,109124,10000,11100,12310
2026-08-26T02:31:16Z,109125,10000,14200,7394
2026-08-26T02:31:16Z,109126,17000,17700,23320
2026-08-26T02:31:16Z,109127,10200,10500,18494
2026-08-26T02:31:16Z,109128,20000,23900,8188
2026-08-26T02:31:16Z,109129,19900,27600,7327
2026-08-26T02:31:16Z,109131,39500,59200,56968
2026-08-26T02:31:16Z,109132,10400,12300,2057
2026-08-26T02:31:16Z,109133,9400,17900,1751
2026-08-26T02:31:16Z,109134,50000,50000,2375
2026-08-26T02:31:16Z,109135,11500,11500,3798
2026-08-26T02:31:16Z,109136,24900,45000,16145
2026-08-26T02:31:16Z,109137,8100,8100,98813
2026-08-26T02:31:16Z,109138,7400,7400,32382
2026-08-26T02:31:16Z,109139,2600,2700,7387
2026-08-26T02:31:16Z,109140,3000,3000,2575
2026-08-26T02:31:16Z,109141,2500,3000,4994
2026-08-26T02:31:16Z,109142,4000,4000,6282
2026-08-26T02:31:16Z,109143,8000,8500,62577
2026-08-26T02:31:16Z,109144,19000,19000,39818
2026-08-26T02:31:16Z,109145,49500,50000,160
2026-08-26T02:31:16Z,109147,50000,59900,238
2026-08-26T02:31:16Z,109148,50000,50000,164
2026-08-26T02:31:16Z,109152,20000,20000,328
2026-08-26T02:31:16Z,109153,53300,53300,184
2026-08-26T02:31:16Z,109155,79900,79900,303
2026-08-26T02:31:16Z,109156,48500,48700,349
2026-08-26T02:31:16Z,109160,54900,54900,230
2026-08-26T02:31:16Z,109184,1500,1500,248
2026-08-26T02:31:16Z,109217,14300,30300,494
2026-08-26T02:31:16Z,109218,8300,8400,399
2026-08-26T02:31:16Z,109219,3500,3500,545
2026-08-26T02:31:16Z,109220,10000,10000,367
2026-08-26T02:31:16Z,109221,5500,5500,154
2026-08-26T02:31:16Z,109222,7600,7600,242
2026-08-26T02:31:16Z,109223,7000,7500,446
2026-08-26T02:31:16Z,109226,2400,2400,359
2026-08-26T02:31:16Z,109584,3549000,3549000,177
2026-08-26T02:31:16Z,109585,199600,199600,5087
2026-08-26T02:31:16Z,109599,2207500,3990000,525
2026-08-26T02:31:16Z,109624,1500,2100,2651
2026-08-26T02:31:16Z,109625,89900,91100,674
2026-08-26T02:31:16Z,109626,30000,30000,885
2026-08-26T02:31:16Z,109627,8800,199900,1130
2026-08-26T02:31:16Z,109628,247500,247500,833
2026-08-26T02:31:16Z,109629,150300,150300,1330
2026-08-26T02:31:16Z,109693,9000,9800,106734
2026-08-26T02:31:16Z,109991,9900,9900,1425
2026-08-26T02:31:16Z,109992,9000,9500,1710
2026-08-26T02:31:16Z,110609,11000,19400,165485
2026-08-26T02:31:16Z,110610,1600,2200,7066
2026-08-26T02:31:16Z,110617,249900,249900,59
2026-08-26T02:31:16Z,110618,499900,9901700,47
2026-08-26T02:31:16Z,110619,499900,9908000,46
2026-08-26T02:31:16Z,110620,162451600,162451600,9
2026-08-26T02:31:16Z,110621,258700,9900000,48
2026-08-26T02:31:16Z,110624,303600,9907200,47
2026-08-26T02:31:16Z,110625,499900,9909600,46
2026-08-26T02:31:16Z,110626,219900,9901700,47
2026-08-26T02:31:16Z,110627,112557500,112557500,19
2026-08-26T02:31:16Z,110628,310000,9902500,47
2026-08-26T02:31:16Z,110631,210000,499900,52
2026-08-26T02:31:16Z,110632,217600,499900,52
2026-08-26T02:31:16Z,110633,18400,9909800,47
2026-08-26T02:31:16Z,110634,141342100,141342100,19
2026-08-26T02:31:16Z,110635,499900,9902300,47
2026-08-26T02:31:16Z,110638,389600,389600,138
2026-08-26T02:31:16Z,110639,383300,400000,126
2026-08-26T02:31:16Z,110640,375300,379800,115
2026-08-26T02:31:16Z,110641,45001000,45001000,3
2026-08-26T02:31:16Z,110642,393100,400000,122
2026-08-26T02:31:16Z,110645,392000,400000,108
2026-08-26T02:31:16Z,110646,396500,459000,197
2026-08-26T02:31:16Z,110647,392000,400000,94
2026-08-26T02:31:16Z,110648,1508286300,1508286300,1
2026-08-26T02:31:16Z,110649,302400,502500,150
2026-08-26T02:31:16Z,110652,393100,503200,185
2026-08-26T02:31:16Z,110653,604300,704300,85
2026-08-26T02:31:16Z,110654,381300,400000,112
2026-08-26T02:31:16Z,110655,90942000,90942000,6
2026-08-26T02:31:16Z,110656,381500,400000,137
2026-08-26T02:31:16Z,110682,1705900,2335000,31
2026-08-26T02:31:16Z,110807,1500000200,1500000200,1
2026-08-26T02:31:16Z,110809,1500000200,1500000200,1
2026-08-26T02:31:16Z,110810,1500000200,1500000200,1
2026-08-26T02:31:16Z,110818,1500000200,1500000200,1
2026-08-26T02:31:16Z,110828,1500000200,1500000200,1
2026-08-26T02:31:16Z,110829,1500000200,1500000200,1
2026-08-26T02:31:16Z,110837,1500000200,1500000200,1
2026-08-26T02:31:16Z,110847,1500000200,1500000200,1
2026-08-26T02:31:16Z,110850,49000200,49000200,20
2026-08-26T02:31:16Z,110857,1500000200,1500000200,1
2026-08-26T02:31:16Z,110873,1500000200,1500000200,1
2026-08-26T02:31:16Z,110875,1500000200,1500000200,1
2026-08-26T02:31:16Z,111245,178600,225000,2187
2026-08-26T02:31:16Z,111431,90000,9900000,622
2026-08-26T02:31:16Z,111433,21500,21500,2595
2026-08-26T02:31:16Z,111434,42300,42300,1282
2026-08-26T02:31:16Z,111436,42200,42200,3473
2026-08-26T02:31:16Z,111437,174000,174000,135
2026-08-26T02:31:16Z,111438,97500,97600,728
2026-08-26T02:31:16Z,111439,10000,10000,133
2026-08-26T02:31:16Z,111441,19600,19600,2539
2026-08-26T02:31:16Z,111442,999700,999700,175
2026-08-26T02:31:16Z,111444,63800,63800,351
2026-08-26T02:31:16Z,111445,39000,39500,1426
2026-08-26T02:31:16Z,111446,34500,34500,1158
2026-08-26T02:31:16Z,111447,55300,55300,253
2026-08-26T02:31:16Z,111449,64900,65000,4207
2026-08-26T02:31:16Z,111450,33500,34000,279
2026-08-26T02:31:16Z,111452,23000,23700,963
2026-08-26T02:31:16Z,111453,39700,39700,366
2026-08-26T02:31:16Z,111454,26500,26500,291
2026-08-26T02:31:16Z,111455,9500,9700,1456
2026-08-26T02:31:16Z,111456,1300,1300,1299
2026-08-26T02:31:16Z,111457,9900,9900,485
2026-08-26T02:31:16Z,111458,3500,4200,423
2026-08-26T02:31:16Z,111522,4500,4500,87
2026-08-26T02:31:16Z,111557,9900,14000,35688
2026-08-26T02:31:16Z,111589,7500,8000,2685
2026-08-26T02:31:16Z,111595,7900,9000,2933
2026-08-26T02:31:16Z,111601,9900,35000,9840
2026-08-26T02:31:16Z,111603,4900,4900,1710
2026-08-26T02:31:16Z,111650,42200,43500,778
2026-08-26T02:31:16Z,111651,9400,9900,1229
2026-08-26T02:31:16Z,111652,4000,9500,1549
2026-08-26T02:31:16Z,111656,1400,12700,1556
2026-08-26T02:31:16Z,111658,1300,1600,1266
2026-08-26T02:31:16Z,111659,30000,30000,1050
2026-08-26T02:31:16Z,111662,900,199900,1100
2026-08-26T02:31:16Z,111663,900,2100,2060
2026-08-26T02:31:16Z,111664,15400,15400,1969
2026-08-26T02:31:16Z,111665,2200,4500,2952
2026-08-26T02:31:16Z,111666,8200,8200,2752
2026-08-26T02:31:16Z,111667,3300,9900,1739
2026-08-26T02:31:16Z,111668,7300,9900,2182
2026-08-26T02:31:16Z,111669,4700,4800,1691
2026-08-26T02:31:16Z,111670,1100,4500,2099
2026-08-26T02:31:16Z,111671,14000,14000,2763
2026-08-26T02:31:16Z,111672,3300,7200,2829
2026-08-26T02:31:16Z,111673,3300,7000,2616
2026-08-26T02:31:16Z,111674,23800,23800,2023
2026-08-26T02:31:16Z,111675,23200,23200,1590
2026-08-26T02:31:16Z,111676,5500,21600,1804
2026-08-26T02:31:16Z,112090,149800,149800,2763
2026-08-26T02:31:16Z,112093,74000,74000,249
2026-08-26T02:31:16Z,112095,14500000,15000000,33
2026-08-26T02:31:16Z,112111,49000100,49000100,20
2026-08-26T02:31:16Z,112115,784500,9909000,52
2026-08-26T02:31:16Z,112155,3489300,3489300,14
2026-08-26T02:31:16Z,112156,367700,367700,112
2026-08-26T02:31:16Z,112157,69900,990000,232
2026-08-26T02:31:16Z,112158,59700,59700,610
2026-08-26T02:31:16Z,112160,531300,531400,69
2026-08-26T02:31:16Z,112164,2306700,2306700,90
2026-08-26T02:31:16Z,112165,2238400,2238400,61
2026-08-26T02:31:16Z,112177,100000,100000,251
2026-08-26T02:31:16Z,112179,39990000,39990000,24
2026-08-26T02:31:16Z,112180,5330000,5334100,49
2026-08-26T02:31:16Z,112181,8000000,8390000,52
2026-08-26T02:31:16Z,112182,9990000,9990000,37
2026-08-26T02:31:16Z,112183,140203800,140203800,10
2026-08-26T02:31:16Z,112184,43578000,43578000,13
2026-08-26T02:31:16Z,112185,17530000,17530000,45
2026-08-26T02:31:16Z,112271,550000,792500,56
2026-08-26T02:31:16Z,112272,149700,39750000,30
2026-08-26T02:31:16Z,112273,404800,825000,77
2026-08-26T02:31:16Z,112274,550000,550000,18
2026-08-26T02:31:16Z,112275,549900,1180000,35
2026-08-26T02:31:16Z,112276,78500,78800,38
2026-08-26T02:31:16Z,112277,348500,348800,44
2026-08-26T02:31:16Z,112278,330000,330000,66
2026-08-26T02:31:16Z,112279,50000,39909800,35
2026-08-26T02:31:16Z,112280,40000,3110000,44
2026-08-26T02:31:16Z,112281,479800,39350000,17
2026-08-26T02:31:16Z,112282,800000,800000,29
2026-08-26T02:31:16Z,112283,60000,60000,17
2026-08-26T02:31:16Z,112284,3000000,39300000,34
2026-08-26T02:31:16Z,112285,1000000,39900000,31
2026-08-26T02:31:16Z,112286,107800,107900,18
2026-08-26T02:31:16Z,112287,159100,3019200,66
2026-08-26T02:31:16Z,112288,100000,39750100,30
2026-08-26T02:31:16Z,112289,210400,210400,36
2026-08-26T02:31:16Z,112290,47000,39900000,22
2026-08-26T02:31:16Z,112291,92100,182100,31
2026-08-26T02:31:16Z,112292,184400,186200,28
2026-08-26T02:31:16Z,112293,103500,103900,35
2026-08-26T02:31:16Z,112294,140000,142600,30
2026-08-26T02:31:16Z,112295,185200,3117000,81
2026-08-26T02:31:16Z,112296,136500,138200,25
2026-08-26T02:31:16Z,112297,56000,56000,39
2026-08-26T02:31:16Z,112298,210000,39900000,23
2026-08-26T02:31:16Z,112299,108600,2219600,51
2026-08-26T02:31:16Z,112300,872300,964900,31
2026-08-26T02:31:16Z,112301,24250000,24250000,25
2026-08-26T02:31:16Z,112302,113100,114200,32
2026-08-26T02:31:16Z,112321,14900,15000,2637
2026-08-26T02:31:16Z,112449,200,200,563
2026-08-26T02:31:16Z,112463,1400,1400,344
2026-08-26T02:31:16Z,112684,5000,5000,84
2026-08-26T02:31:16Z,113108,441000,441000,76
2026-08-26T02:31:16Z,113111,12500,12500,4864
2026-08-26T02:31:16Z,113135,39952800,39952800,13
2026-08-26T02:31:16Z,113139,102499400,102499600,19
2026-08-26T02:31:16Z,113140,67687400,100000000,16
2026-08-26T02:31:16Z,113142,80000000,80000000,6
2026-08-26T02:31:16Z,113261,1500,2100,40549
2026-08-26T02:31:16Z,113262,1000,9000,43490
2026-08-26T02:31:16Z,113263,9700,12100,10561
2026-08-26T02:31:16Z,113264,1300,2100,74076
2026-08-26T02:31:16Z,113273,489900,489900,18
2026-08-26T02:31:16Z,113274,9999000,9999000,20
2026-08-26T02:31:16Z,113275,10000000,10000000,18
2026-08-26T02:31:16Z,113276,26730000,27000000,17
2026-08-26T02:31:16Z,113277,4651900,4651900,16
2026-08-26T02:31:16Z,113278,499900,9998200,28
2026-08-26T02:31:16Z,113289,9600,9600,263
2026-08-26T02:31:16Z,113290,229700,229700,161
2026-08-26T02:31:16Z,113355,17300,40500,64703
2026-08-26T02:31:16Z,113530,74400,74400,96
2026-08-26T02:31:16Z,113574,1000,1000,26
2026-08-26T02:31:16Z,113576,30000,30000,36
2026-08-26T02:31:16Z,113585,3000,3000,4140
2026-08-26T02:31:16Z,113588,119400,128700,20129
2026-08-26T02:31:16Z,113909,290001500,290001500,1
2026-08-26T02:31:16Z,113911,290001500,290001500,1
2026-08-26T02:31:16Z,113912,290001500,290001500,1
2026-08-26T02:31:16Z,113992,89900,89900,170
2026-08-26T02:31:16Z,114001,20000,49000000,23
2026-08-26T02:31:16Z,114004,80000,80000,29
2026-08-26T02:31:16Z,114008,699900,49007700,26
2026-08-26T02:31:16Z,114013,99900,99900,28
2026-08-26T02:31:16Z,114015,19300,19300,165
2026-08-26T02:31:16Z,114016,24800,24800,57
2026-08-26T02:31:16Z,114017,1400,1400,141
2026-08-26T02:31:16Z,114056,5000,5000,1261
2026-08-26T02:31:16Z,114836,120000,120000,2808
2026-08-26T02:31:16Z,114931,29800,49600,12380
2026-08-26T02:31:16Z,115012,40004500,49004500,21
2026-08-26T02:31:16Z,115351,9899900,9899900,48
2026-08-26T02:31:16Z,115352,50000,50000,471
2026-08-26T02:31:16Z,115353,5000,5000,62
2026-08-26T02:31:16Z,115354,125000,9900000,108
2026-08-26T02:31:16Z,115355,79900,79900,87
2026-08-26T02:31:16Z,115464,4998800,4998800,2
2026-08-26T02:31:16Z,115470,9992700,9992700,107
2026-08-26T02:31:16Z,115502,165900,165900,430
2026-08-26T02:31:16Z,115504,10800,12200,8826
2026-08-26T02:31:16Z,115511,9990000,9990000,25
2026-08-26T02:31:16Z,115512,90009900,90009900,22
2026-08-26T02:31:16Z,115526,3000,3000,115
2026-08-26T02:31:16Z,115803,130000,140000,51
2026-08-26T02:31:16Z,115804,140000,150000,228
2026-08-26T02:31:16Z,115805,509900,509900,427
2026-08-26T02:31:16Z,115806,870000,879900,62
2026-08-26T02:31:16Z,115807,13900,13900,162
2026-08-26T02:31:16Z,115808,130000,130000,207
2026-08-26T02:31:16Z,115809,3499900,3499900,24
2026-08-26T02:31:16Z,115811,5060300,5060300,87
2026-08-26T02:31:16Z,115812,2459500,2459500,59
2026-08-26T02:31:16Z,115813,39991100,39991100,7
2026-08-26T02:31:16Z,115814,5322700,5322700,21
2026-08-26T02:31:16Z,115815,5424700,5424700,14
2026-08-26T02:31:16Z,116119,400,400,51
2026-08-26T02:31:16Z,116147,280000,280000,207
2026-08-26T02:31:16Z,116148,139900,139900,280
2026-08-26T02:31:16Z,116149,149400,149400,31
2026-08-26T02:31:16Z,116170,3100,3100,196
2026-08-26T02:31:16Z,116172,4444400,9900000,36
2026-08-26T02:31:16Z,116266,9900,9900,274
2026-08-26T02:31:16Z,116268,27400,27400,272
2026-08-26T02:31:16Z,116271,70000,75800,10861
2026-08-26T02:31:16Z,116276,12300,12400,69
2026-08-26T02:31:16Z,116392,29253400,29253400,16
2026-08-26T02:31:16Z,116405,149900,149900,335
2026-08-26T02:31:16Z,116406,9990000,9990000,38
2026-08-26T02:31:16Z,116407,440000,3339800,166
2026-08-26T02:31:16Z,116408,59500,59500,82
2026-08-26T02:31:16Z,116409,1500000,1500000,133
2026-08-26T02:31:16Z,116428,59800,70000,220
2026-08-26T02:31:16Z,116654,10000,10000,213
2026-08-26T02:31:16Z,116810,60500,60500,187
2026-08-26T02:31:16Z,116811,93900,94000,236
2026-08-26T02:31:16Z,116812,90000000,90000000,60
2026-08-26T02:31:16Z,116923,10600,19900,124
2026-08-26T02:31:16Z,116979,1500,1500,637
2026-08-26T02:31:16Z,116981,2800,2800,3134
2026-08-26T02:31:16Z,117415,20008000,20008000,12
2026-08-26T02:31:16Z,117437,99900,100000,153
2026-08-26T02:31:16Z,117439,10000,10000,201
2026-08-26T02:31:16Z,117440,556000,556000,369
2026-08-26T02:31:16Z,117441,452200,452200,52
2026-08-26T02:31:16Z,117442,10000,10000,101
2026-08-26T02:31:16Z,117452,5000,5000,704
2026-08-26T02:31:16Z,117453,10700,10700,150
2026-08-26T02:31:16Z,117454,9900,9900,3518
2026-08-26T02:31:16Z,117457,9781200,9781200,41
2026-08-26T02:31:16Z,117469,650000,9800000,41
2026-08-26T02:31:16Z,117470,9700000,9700000,40
2026-08-26T02:31:16Z,117471,300000,300000,124
2026-08-26T02:31:16Z,117472,9899900,9899900,40
2026-08-26T02:31:16Z,117473,8500000,9905400,45
2026-08-26T02:31:16Z,117474,30000,9900000,42
2026-08-26T02:31:16Z,117475,9890000,9890000,27
2026-08-26T02:31:16Z,117568,46700,46700,110
2026-08-26T02:31:16Z,118006,1600,1600,180
2026-08-26T02:31:16Z,118007,35000,35000,230
2026-08-26T02:31:16Z,118008,2008600,2008600,14
2026-08-26T02:31:16Z,118015,1508700,1508700,46
2026-08-26T02:31:16Z,118061,52300,52300,1461
2026-08-26T02:31:16Z,118063,1500001600,1500001600,1
2026-08-26T02:31:16Z,118067,290000100,290000100,1
2026-08-26T02:31:16Z,118225,1300,1400,1229
2026-08-26T02:31:16Z,118280,1300,1300,73
2026-08-26T02:31:16Z,118391,9980000,9980000,25
2026-08-26T02:31:16Z,118392,49002100,49002100,20
2026-08-26T02:31:16Z,118414,425000,473800,7186
2026-08-26T02:31:16Z,118415,396000,396000,153
2026-08-26T02:31:16Z,118416,3701900,3701900,32
2026-08-26T02:31:16Z,118428,20000,22000,86
2026-08-26T02:31:16Z,118472,250000,259200,4554
2026-08-26T02:31:16Z,118565,3177600,3678400,17
2026-08-26T02:31:16Z,118576,11100,11100,346
2026-08-26T02:31:16Z,118592,9996500,9996500,23
2026-08-26T02:31:16Z,118630,98600,98600,47
2026-08-26T02:31:16Z,118631,50000,50000,302
2026-08-26T02:31:16Z,118632,54800,54800,231
2026-08-26T02:31:16Z,118681,49006900,49006900,20
2026-08-26T02:31:16Z,118704,79900,79900,385
2026-08-26T02:31:16Z,118711,40000,100000,3416
2026-08-26T02:31:16Z,118898,555500,555500,48
2026-08-26T02:31:16Z,118899,4531700,19901700,45
2026-08-26T02:31:16Z,118900,39990100,39990100,8
2026-08-26T02:31:16Z,118901,8700,49008800,21
2026-08-26T02:31:16Z,118902,7900,7900,46
2026-08-26T02:31:16Z,119022,303600,303600,85
2026-08-26T02:31:16Z,119094,79900,9990000,24
2026-08-26T02:31:16Z,119095,9989500,9989500,21
2026-08-26T02:31:16Z,119096,1268400,9990000,23
2026-08-26T02:31:16Z,119097,19890000,19890000,15
2026-08-26T02:31:16Z,119098,9900000,9900000,24
2026-08-26T02:31:16Z,119099,9996500,9996500,22
2026-08-26T02:31:16Z,119100,9974800,9974800,21
2026-08-26T02:31:16Z,119101,2957000,9869500,22
2026-08-26T02:31:16Z,119102,9996700,9996700,22
2026-08-26T02:31:16Z,119157,339800,9898000,45
2026-08-26T02:31:16Z,119213,19906600,19906700,12
2026-08-26T02:31:16Z,119324,2647300,2647300,66
2026-08-26T02:31:16Z,120150,18600,18700,367
2026-08-26T02:31:16Z,120168,851000,851000,254
2026-08-26T02:31:16Z,120257,48300,48300,943
2026-08-26T02:31:16Z,120269,290000100,290000100,7
2026-08-26T02:31:16Z,120270,290000100,290000100,1
2026-08-26T02:31:16Z,120271,290000100,290000100,1
2026-08-26T02:31:16Z,120274,290000000,290000000,7
2026-08-26T02:31:16Z,120293,19100,19100,107
2026-08-26T02:31:16Z,120300,1500000200,1500000200,1
2026-08-26T02:31:16Z,120328,299000100,299000100,1
2026-08-26T02:31:16Z,120329,290000100,290000100,1
2026-08-26T02:31:16Z,120330,290000100,290000100,2
2026-08-26T02:31:16Z,120331,290000100,290000100,1
2026-08-26T02:31:16Z,120332,90000100,90000100,3
2026-08-26T02:31:16Z,120333,290000100,290000100,1
2026-08-26T02:31:16Z,120959,222800,222800,141
2026-08-26T02:31:16Z,122343,9600,9700,134
2026-08-26T02:31:16Z,122344,4000,4000,192
2026-08-26T02:31:16Z,122345,90000,91500,251
2026-08-26T02:31:16Z,122346,11600,91700,170
2026-08-26T02:31:16Z,122347,14900,14900,179
2026-08-26T02:31:16Z,122348,18400,18500,69
2026-08-26T02:31:16Z,122742,500,500,57
2026-08-26T02:31:16Z,123918,71900,83200,2182111
2026-08-26T02:31:16Z,123919,6800,57000,250369
2026-08-26T02:31:16Z,123956,1920600,1920600,370
2026-08-26T02:31:16Z,124101,47000,47000,102023
2026-08-26T02:31:16Z,124102,52500,58000,117712
2026-08-26T02:31:16Z,124103,46300,49000,11317
2026-08-26T02:31:16Z,124104,55000,55900,32291
2026-08-26T02:31:16Z,124105,70000,84900,9060
2026-08-26T02:31:16Z,124106,917000,918700,26128
2026-08-26T02:31:16Z,124107,1000,3100,2700
2026-08-26T02:31:16Z,124108,1300,1500,3523
2026-08-26T02:31:16Z,124109,42600,42900,6878
2026-08-26T02:31:16Z,124110,900,1400,3697
2026-08-26T02:31:16Z,124111,3000,3000,8756
2026-08-26T02:31:16Z,124112,4000,9000,7167
2026-08-26T02:31:16Z,124113,22100,22200,82180
2026-08-26T02:31:16Z,124115,59900,69300,55942
2026-08-26T02:31:16Z,124116,629900,650000,27817
2026-08-26T02:31:16Z,124117,15300,19800,52001
2026-08-26T02:31:16Z,124118,600,2200,7866
2026-08-26T02:31:16Z,124119,20000,25300,24999
2026-08-26T02:31:16Z,124120,5100,8700,13947
2026-08-26T02:31:16Z,124121,300,1700,61504
2026-08-26T02:31:16Z,124125,17500000,19900000,43
2026-08-26T02:31:16Z,124436,26700,26700,4521
2026-08-26T02:31:16Z,124437,6900,8600,23085
2026-08-26T02:31:16Z,124438,200,1000,335159
2026-08-26T02:31:16Z,124439,300,300,223472
2026-08-26T02:31:16Z,124440,35700,37500,18457
2026-08-26T02:31:16Z,124441,34000,34000,23876
2026-08-26T02:31:16Z,124442,94800,104800,7162
2026-08-26T02:31:16Z,124444,158900,159400,25034
2026-08-26T02:31:16Z,124461,117900,117900,28730
2026-08-26T02:31:16Z,124640,36500,36900,40622
2026-08-26T02:31:16Z,124661,118300,120700,673
2026-08-26T02:31:16Z,124669,90000,134500,183433
2026-08-26T02:31:16Z,124671,2200000,2219900,100806
2026-08-26T02:31:16Z,126934,390000,390000,113
2026-08-26T02:31:16Z,126935,59900,109900,111
2026-08-26T02:31:16Z,126936,489900,494900,133
2026-08-26T02:31:16Z,127004,69800,69800,5246
2026-08-26T02:31:16Z,127037,25400,30000,12534
2026-08-26T02:31:16Z,127368,12379700,12379700,7
2026-08-26T02:31:16Z,127681,19900,20000,3452
2026-08-26T02:31:16Z,127712,8500000400,8500000400,1
2026-08-26T02:31:16Z,127713,8500000400,8500000400,1
2026-08-26T02:31:16Z,127714,1000000400,1000000400,2
2026-08-26T02:31:16Z,127715,8500000400,8500000400,1
2026-08-26T02:31:16Z,127718,8500000400,8500000400,1
2026-08-26T02:31:16Z,127730,8500000400,8500000400,1
2026-08-26T02:31:16Z,127731,8500000400,8500000400,1
2026-08-26T02:31:16Z,127732,1000000400,1000000400,2
2026-08-26T02:31:16Z,127736,8500000400,8500000400,1
2026-08-26T02:31:16Z,127759,8000,11600,14675
2026-08-26T02:31:16Z,127760,54004500,54004500,34
2026-08-26T02:31:16Z,127761,27709700,27750000,36
2026-08-26T02:31:16Z,127762,30000000,30000000,15
2026-08-26T02:31:16Z,127763,1500000000,1500000000,1
2026-08-26T02:31:16Z,127764,6482800,15000000,27
2026-08-26T02:31:16Z,127765,38190000,54599400,45
2026-08-26T02:31:16Z,127834,60000,60000,2631
2026-08-26T02:31:16Z,127835,61300,96200,1351
2026-08-26T02:31:16Z,127836,9000,9000,824
2026-08-26T02:31:16Z,127837,75300,75300,153
2026-08-26T02:31:16Z,127838,449800,449800,1718
2026-08-26T02:31:16Z,127839,674800,1990000,62
2026-08-26T02:31:16Z,127840,199900,199900,264
2026-08-26T02:31:16Z,127841,163100,163100,139
2026-08-26T02:31:16Z,127843,78900,78900,204
2026-08-26T02:31:16Z,127844,12100,12100,306
2026-08-26T02:31:16Z,127845,58900,58900,248
2026-08-26T02:31:16Z,127846,650000,650000,114
2026-08-26T02:31:16Z,127847,98000,98000,280
2026-08-26T02:31:16Z,127848,25300,25400,168
2026-08-26T02:31:16Z,127849,400000,500000,407
2026-08-26T02:31:16Z,127850,126700,126700,461
2026-08-26T02:31:16Z,127991,13700,13700,3898
2026-08-26T02:31:16Z,128011,1500000400,1500000400,2
2026-08-26T02:31:16Z,128012,7500000400,7500000400,3
2026-08-26T02:31:16Z,128013,2499990400,2499990400,1
2026-08-26T02:31:16Z,128015,100000400,100000400,2
2026-08-26T02:31:16Z,128016,8500000400,8500000400,1
2026-08-26T02:31:16Z,128017,1499990000,1499990000,1
2026-08-26T02:31:16Z,128018,9499990400,9499990400,1
2026-08-26T02:31:16Z,128159,2125000100,2125000100,4
2026-08-26T02:31:16Z,128219,909800,9900000,25
2026-08-26T02:31:16Z,128304,15000,15000,41484
2026-08-26T02:31:16Z,128312,199999900,199999900,10
2026-08-26T02:31:16Z,128314,1800000,2200000,554
2026-08-26T02:31:16Z,128315,52620100,56009800,1072
2026-08-26T02:31:16Z,128385,9962300,9962300,20
2026-08-26T02:31:16Z,128436,150000,3903000,186
2026-08-26T02:31:16Z,128498,280000,280000,52
2026-08-26T02:31:16Z,128499,19600,29000,845
2026-08-26T02:31:16Z,128500,30000,30400,927
2026-08-26T02:31:16Z,128537,4400,4400,225
2026-08-26T02:31:16Z,128538,8000,8000,591
2026-08-26T02:31:16Z,128539,9000,9000,332
2026-08-26T02:31:16Z,128540,1000,2000,203
2026-08-26T02:31:16Z,128541,80000,80000,348
2026-08-26T02:31:16Z,128542,269000,269000,105
2026-08-26T02:31:16Z,128543,50000,59700,239
2026-08-26T02:31:16Z,128544,104900,109900,96
2026-08-26T02:31:16Z,128545,594000,9905100,48
2026-08-26T02:31:16Z,128546,174900,281800,54
2026-08-26T02:31:16Z,128547,390000,9904100,47
2026-08-26T02:31:16Z,128548,9648800,9648800,29
2026-08-26T02:31:16Z,128549,6499900,6649900,45
2026-08-26T02:31:16Z,128550,9999600,9999600,30
2026-08-26T02:31:16Z,128551,2000000,2490000,208
2026-08-26T02:31:16Z,128552,2571400,2581400,130
2026-08-26T02:31:16Z,128553,2309500,2309500,189
2026-08-26T02:31:16Z,128554,106700,106700,140
2026-08-26T02:31:16Z,128558,59900,59900,208
2026-08-26T02:31:16Z,128559,86900,89300,159
2026-08-26T02:31:16Z,128560,49900,49900,126
2026-08-26T02:31:16Z,128561,36400,36400,246
2026-08-26T02:31:16Z,128632,19900,111100,116492
2026-08-26T02:31:16Z,128648,5667300,5667300,118
2026-08-26T02:31:16Z,128650,33200,33300,6986
2026-08-26T02:31:16Z,128713,29920400,29951300,14
2026-08-26T02:31:16Z,128714,39994400,39994400,13
2026-08-26T02:31:16Z,128715,19349300,199908700,10
2026-08-26T02:31:16Z,128716,198999900,198999900,5
2026-08-26T02:31:16Z,128717,29995100,29995100,10
2026-08-26T02:31:16Z,128718,23486800,99990000,8
2026-08-26T02:31:16Z,128719,15481200,15496700,23
2026-08-26T02:31:16Z,128720,199899700,199899700,4
2026-08-26T02:31:16Z,128721,131621900,159990000,9
2026-08-26T02:31:16Z,128722,32228000,32228000,14
2026-08-26T02:31:16Z,128723,14971000,21116600,51
2026-08-26T02:31:16Z,128724,4491700,4497300,19
2026-08-26T02:31:16Z,128725,39880400,39920300,16
2026-08-26T02:31:16Z,128726,26966900,30006100,36
2026-08-26T02:31:16Z,128727,20703100,20703100,12
2026-08-26T02:31:16Z,128728,30001500,30001500,21
2026-08-26T02:31:16Z,128729,19969000,19993000,37
2026-08-26T02:31:16Z,128730,19977100,19997000,41
2026-08-26T02:31:16Z,128731,198702700,198702700,7
2026-08-26T02:31:16Z,128732,22000000,22000000,20
2026-08-26T02:31:16Z,128733,60000000,60000000,10
2026-08-26T02:31:16Z,128734,99990000,99990000,19
2026-08-26T02:31:16Z,128735,19956900,19992000,17
2026-08-26T02:31:16Z,128736,198478200,198478200,5
2026-08-26T02:31:16Z,128737,152220000,152220000,3
2026-08-26T02:31:16Z,128738,6000000,6000000,19
2026-08-26T02:31:16Z,128739,29997900,29998000,17
2026-08-26T02:31:16Z,128740,199989900,199989900,4
2026-08-26T02:31:16Z,128741,29976600,30000000,17
2026-08-26T02:31:16Z,128742,152038400,152225300,31
2026-08-26T02:31:16Z,128743,39992300,39992300,10
2026-08-26T02:31:16Z,128744,100000000,150000000,12
2026-08-26T02:31:16Z,128761,29700,29700,70
2026-08-26T02:31:16Z,128763,100000,100000,101
2026-08-26T02:31:16Z,128764,788100,788100,73
2026-08-26T02:31:16Z,128768,499900,499900,68
2026-08-26T02:31:16Z,128793,800,2200,59
2026-08-26T02:31:16Z,128833,224700,224700,140
2026-08-26T02:31:16Z,128834,150000,150000,160
2026-08-26T02:31:16Z,128835,807900,807900,115
2026-08-26T02:31:16Z,128836,700000,700000,114
2026-08-26T02:31:16Z,128837,149200,149200,128
2026-08-26T02:31:16Z,128838,9700000,9700000,42
2026-08-26T02:31:16Z,128839,111200,111200,159
2026-08-26T02:31:16Z,128840,43000,43000,85
2026-08-26T02:31:16Z,128841,18900,18900,56
2026-08-26T02:31:16Z,128842,178000,178000,45
2026-08-26T02:31:16Z,128843,556300,556300,220
2026-08-26T02:31:16Z,128844,125100,125100,105
2026-08-26T02:31:16Z,128845,49600,49600,135
2026-08-26T02:31:16Z,128846,44100,44100,124
2026-08-26T02:31:16Z,128847,199900,199900,265
2026-08-26T02:31:16Z,128848,5000,5000,65
2026-08-26T02:31:16Z,128849,40000,40000,85
2026-08-26T02:31:16Z,128850,39990000,39990000,5
2026-08-26T02:31:16Z,128851,230500,230500,181
2026-08-26T02:31:16Z,128853,709900,709900,115
2026-08-26T02:31:16Z,128979,9807600,9807700,25
2026-08-26T02:31:16Z,128980,1100000,1100000,78
2026-08-26T02:31:16Z,128983,3902300,3902300,200
2026-08-26T02:31:16Z,128984,3900100,3900100,200
2026-08-26T02:31:16Z,128985,3901700,3901700,198
2026-08-26T02:31:16Z,128987,299900,299900,63
2026-08-26T02:31:16Z,128988,5742000,5742000,100
2026-08-26T02:31:16Z,128989,4232900,4232900,60
2026-08-26T02:31:16Z,128990,3566800,3566800,99
2026-08-26T02:31:16Z,128991,5001500,5001500,60
2026-08-26T02:31:16Z,128992,3531200,3531200,36
2026-08-26T02:31:16Z,128993,1009900,3499900,73
2026-08-26T02:31:16Z,128994,120000,120000,140
2026-08-26T02:31:16Z,128995,28100,28100,85
2026-08-26T02:31:16Z,128996,2999900,9899900,50
2026-08-26T02:31:16Z,128997,405400,995400,73
2026-08-26T02:31:16Z,128998,2990000,2990000,58
2026-08-26T02:31:16Z,128999,44400,45000,58
2026-08-26T02:31:16Z,129000,199000,399000,69
2026-08-26T02:31:16Z,129001,4990000,9887300,33
2026-08-26T02:31:16Z,129002,300000,300000,61
2026-08-26T02:31:16Z,129003,176900,176900,82
2026-08-26T02:31:16Z,129017,5434100,5434600,331
2026-08-26T02:31:16Z,129018,6208500,6208500,469
2026-08-26T02:31:16Z,129019,4985600,4986800,233
2026-08-26T02:31:16Z,129020,6498000,6500000,234
2026-08-26T02:31:16Z,129021,4882400,4882400,239
2026-08-26T02:31:16Z,129022,6952800,6953300,248
2026-08-26T02:31:16Z,129028,6005300,6005300,258
2026-08-26T02:31:16Z,129029,6003200,6003200,171
2026-08-26T02:31:16Z,129032,67000,67000,99622
2026-08-26T02:31:16Z,129034,489900,489900,48668
2026-08-26T02:31:16Z,129099,599000,599000,126
2026-08-26T02:31:16Z,129100,2300,2300,27160
2026-08-26T02:31:16Z,129158,200,200,776
2026-08-26T02:31:16Z,129284,520000,1099700,580
2026-08-26T02:31:16Z,129285,249900,514600,2037
2026-08-26T02:31:16Z,129286,990000,990000,254
2026-08-26T02:31:16Z,129287,900000,900000,384
2026-08-26T02:31:16Z,129288,298700,298900,630
2026-08-26T02:31:16Z,129289,8999900,11000000,157
2026-08-26T02:31:16Z,130172,55800,55900,3049
2026-08-26T02:31:16Z,130173,22500,22500,1782
2026-08-26T02:31:16Z,130174,22500,24000,1507
2026-08-26T02:31:16Z,130175,149900,149900,3443
2026-08-26T02:31:16Z,130176,47600,47600,1090
2026-08-26T02:31:16Z,130177,20000,20000,2978
2026-08-26T02:31:16Z,130178,149900,150000,658
2026-08-26T02:31:16Z,130179,100000,100000,3132
2026-08-26T02:31:16Z,130180,52200,52200,629
2026-08-26T02:31:16Z,130181,1599900,1600000,2317
2026-08-26T02:31:16Z,130182,30000,30000,638
2026-08-26T02:31:16Z,130183,29900,29900,308
2026-08-26T02:31:16Z,130192,200,200,156
2026-08-26T02:31:16Z,130200,459400,459400,120
2026-08-26T02:31:16Z,130201,290000,290000,110
2026-08-26T02:31:16Z,130202,700000,700000,136
2026-08-26T02:31:16Z,130203,80000,80000,137
2026-08-26T02:31:16Z,130204,194700,194700,54
2026-08-26T02:31:16Z,130215,20000,20000,103
2026-08-26T02:31:16Z,130216,60000,60000,188
2026-08-26T02:31:16Z,130217,19600,19700,131
2026-08-26T02:31:16Z,130218,139000,139000,155
2026-08-26T02:31:16Z,130219,823000,823000,53
2026-08-26T02:31:16Z,130220,750000,750000,131
2026-08-26T02:31:16Z,130221,590000,796300,76
2026-08-26T02:31:16Z,130222,250000,250000,79
2026-08-26T02:31:16Z,130245,9403500,9403500,54
2026-08-26T02:31:16Z,130246,15008500,15008500,106
2026-08-26T02:31:16Z,130247,9990600,9990600,107
2026-08-26T02:31:16Z,130248,15480000,15480000,90
2026-08-26T02:31:16Z,130250,140600,1241500,119
2026-08-26T02:31:16Z,130258,79500,79500,1222
2026-08-26T02:31:16Z,130264,203300,203300,413
2026-08-26T02:31:16Z,130265,45000,45000,76
2026-08-26T02:31:16Z,130268,45000,49005000,11
2026-08-26T02:31:16Z,130903,549900,549900,1356
2026-08-26T02:31:16Z,130904,153500,453500,2062
2026-08-26T02:31:16Z,130905,449000,449000,1460
2026-08-26T02:31:16Z,131729,20000,30000,10091
2026-08-26T02:31:16Z,131746,559100,559100,161
2026-08-26T02:31:16Z,132166,1500003100,1500003100,1
2026-08-26T02:31:16Z,132182,290000700,290000700,1
2026-08-26T02:31:16Z,132183,28700,28700,55
2026-08-26T02:31:16Z,132184,2000,2000,185
2026-08-26T02:31:16Z,132185,500000,500000,5
2026-08-26T02:31:16Z,132186,889900,889900,23
2026-08-26T02:31:16Z,132188,1500005600,1500005600,2
2026-08-26T02:31:16Z,132189,664000,49003400,22
2026-08-26T02:31:16Z,132190,6397400,6397400,16
2026-08-26T02:31:16Z,132191,375001200,375001200,2
2026-08-26T02:31:16Z,132192,29000,29000,56
2026-08-26T02:31:16Z,132193,3600,3600,141
2026-08-26T02:31:16Z,132194,290001400,290001400,2
2026-08-26T02:31:16Z,132197,290002000,290002000,2
2026-08-26T02:31:16Z,132199,40000,40000,36
2026-08-26T02:31:16Z,132200,200007100,200007100,10
2026-08-26T02:31:16Z,132204,2100,2100,208
2026-08-26T02:31:16Z,132207,290003700,290003700,2
2026-08-26T02:31:16Z,132208,49005000,49005000,21
2026-08-26T02:31:16Z,132211,45009900,45009900,19
2026-08-26T02:31:16Z,132212,2300,2300,165
2026-08-26T02:31:16Z,132213,199000,199000,14
2026-08-26T02:31:16Z,132216,5372900,5372900,4
2026-08-26T02:31:16Z,132217,27100,27100,25
2026-08-26T02:31:16Z,132218,290009900,290009900,1
2026-08-26T02:31:16Z,132219,74729700,74729700,2
2026-08-26T02:31:16Z,132220,303000,303000,44
2026-08-26T02:31:16Z,132223,29500,29500,29
2026-08-26T02:31:16Z,132224,290004400,290004400,2
2026-08-26T02:31:16Z,132225,290003900,290003900,4
2026-08-26T02:31:16Z,132227,290008400,290008400,1
2026-08-26T02:31:16Z,132229,49006100,49006100,11
2026-08-26T02:31:16Z,132230,2009000,2009000,4
2026-08-26T02:31:16Z,132231,2200,2200,289
2026-08-26T02:31:16Z,132232,499900,499900,4
2026-08-26T02:31:16Z,132233,2200,2200,135
2026-08-26T02:31:16Z,132234,29000,29000,54
2026-08-26T02:31:16Z,132235,40000000,40000000,10
2026-08-26T02:31:16Z,132237,53200,53200,61
2026-08-26T02:31:16Z,132238,290002000,290002000,2
2026-08-26T02:31:16Z,132239,450000,450000,23
2026-08-26T02:31:16Z,132240,49000700,49000700,20
2026-08-26T02:31:16Z,132509,770000,850000,75
2026-08-26T02:31:16Z,132510,1000,1000,1059
2026-08-26T02:31:16Z,132513,4990000,4990000,77
2026-08-26T02:31:16Z,132514,1250000,1350000,81617
2026-08-26T02:31:16Z,132515,250000,250000,204
2026-08-26T02:31:16Z,132516,423500,423500,3107
2026-08-26T02:31:16Z,132517,7000000,7000000,22
2026-08-26T02:31:16Z,132524,7779900,7779900,15
2026-08-26T02:31:16Z,132525,7800000,7889500,244
2026-08-26T02:31:16Z,132526,4320300,4320300,10
2026-08-26T02:31:16Z,132528,4005800,4005800,24
2026-08-26T02:31:16Z,132530,39789500,39789500,14
2026-08-26T02:31:16Z,132531,3939926800,3939926800,3
2026-08-26T02:31:16Z,132752,22100,22100,157
2026-08-26T02:31:16Z,132753,1900,1900,263
2026-08-26T02:31:16Z,132982,5770800,5770800,132
2026-08-26T02:31:16Z,133545,3334700,9999900,23
2026-08-26T02:31:16Z,133553,11147500,49003800,21
2026-08-26T02:31:16Z,133557,1300,1300,422
2026-08-26T02:31:16Z,133561,38900,39600,111
2026-08-26T02:31:16Z,133562,90000,100000,745
2026-08-26T02:31:16Z,133563,4000,4000,465
2026-08-26T02:31:16Z,133564,100000,120000,1434
2026-08-26T02:31:16Z,133565,4000,4500,1065
2026-08-26T02:31:16Z,133566,37700,37700,177
2026-08-26T02:31:16Z,133567,1300,1300,49
2026-08-26T02:31:16Z,133568,145900,155900,259
2026-08-26T02:31:16Z,133569,7500,15400,157
2026-08-26T02:31:16Z,133570,1300,1300,358
2026-08-26T02:31:16Z,133571,2500,107000,587
2026-08-26T02:31:16Z,133572,1400,1400,734
2026-08-26T02:31:16Z,133573,2100,2200,242
2026-08-26T02:31:16Z,133574,12700,12900,184
2026-08-26T02:31:16Z,133575,1300,1300,838
2026-08-26T02:31:16Z,133576,47300,47300,1412
2026-08-26T02:31:16Z,133577,3300,3300,629
2026-08-26T02:31:16Z,133578,1990000,1990000,369
2026-08-26T02:31:16Z,133579,655500,655500,48
2026-08-26T02:31:16Z,133586,9880000,9880000,210
2026-08-26T02:31:16Z,133588,5000,5000,1680
2026-08-26T02:31:16Z,133589,6900,6900,3703
2026-08-26T02:31:16Z,133590,2500,2500,1036
2026-08-26T02:31:16Z,133591,20000,20000,1982
2026-08-26T02:31:16Z,133592,61700,61700,2034
2026-08-26T02:31:16Z,133593,9800,9800,2549
2026-08-26T02:31:16Z,133607,1700,1700,11278
2026-08-26T02:31:16Z,133680,129900,136700,6713
2026-08-26T02:31:16Z,133681,5000,5000,713
2026-08-26T02:31:16Z,133688,53700,53700,107
2026-08-26T02:31:16Z,133893,9999300,9999300,24
2026-08-26T02:31:16Z,133913,9990300,9990300,102
2026-08-26T02:31:16Z,133940,79200,100000,2590
2026-08-26T02:31:16Z,133942,5000,5000,176
2026-08-26T02:31:16Z,133979,199006900,199006900,1
2026-08-26T02:31:16Z,133980,2698100,9890000,45
2026-08-26T02:31:16Z,133981,9900000,9900000,32
2026-08-26T02:31:16Z,134048,290000100,290000100,1
2026-08-26T02:31:16Z,134049,290000100,290000100,1
2026-08-26T02:31:16Z,134050,290000100,290000100,1
2026-08-26T02:31:16Z,134051,49000100,49000100,40
2026-08-26T02:31:16Z,134052,290000100,290000100,1
2026-08-26T02:31:16Z,134053,290000100,290000100,1
2026-08-26T02:31:16Z,134054,49000100,49000100,12
2026-08-26T02:31:16Z,134860,1229900,9990000,247
2026-08-26T02:31:16Z,136342,29500,29500,912
2026-08-26T02:31:16Z,136353,290001300,290001300,1
2026-08-26T02:31:16Z,136355,990001000,990001000,1
2026-08-26T02:31:16Z,136375,2666600,2666600,36
2026-08-26T02:31:16Z,136376,19992800,19992800,8
2026-08-26T02:31:16Z,136377,9700,9900,1475
2026-08-26T02:31:16Z,136544,1000000,1000000,58
2026-08-26T02:31:16Z,136545,9905000,9905000,48
2026-08-26T02:31:16Z,136546,28300,28300,53
2026-08-26T02:31:16Z,136547,33800,33900,53
2026-08-26T02:31:16Z,136548,59400,59400,44
2026-08-26T02:31:16Z,136549,140000,9940000,28
2026-08-26T02:31:16Z,136550,159800,159800,57
2026-08-26T02:31:16Z,136551,43700,43700,58
2026-08-26T02:31:16Z,136552,298900,9909900,24
2026-08-26T02:31:16Z,136553,299800,9890600,37
2026-08-26T02:31:16Z,136554,149800,149800,39
2026-08-26T02:31:16Z,136555,9900000,9900000,37
2026-08-26T02:31:16Z,136556,6400,6400,64
2026-08-26T02:31:16Z,136557,31700,31700,80
2026-08-26T02:31:16Z,136558,60000,60000,80
2026-08-26T02:31:16Z,136559,49992300,49992300,7
2026-08-26T02:31:16Z,136560,9993300,9993300,22
2026-08-26T02:31:16Z,136561,14800,14800,73
2026-08-26T02:31:16Z,136562,5000,5000,34
2026-08-26T02:31:16Z,136563,9808900,9808900,31
2026-08-26T02:31:16Z,136564,55500,55500,47
2026-08-26T02:31:16Z,136565,1642200,1642200,37
2026-08-26T02:31:16Z,136566,29900,9849900,40
2026-08-26T02:31:16Z,136567,199000,199000,70
2026-08-26T02:31:16Z,136568,700000,700000,41
2026-08-26T02:31:16Z,136569,30000,30000,177
2026-08-26T02:31:16Z,136570,290006500,290006500,1
2026-08-26T02:31:16Z,136571,9906500,9906500,100
2026-08-26T02:31:16Z,136572,450006500,450006500,1
2026-08-26T02:31:16Z,136573,290006500,290006500,1
2026-08-26T02:31:16Z,136574,290006500,290006500,1
2026-08-26T02:31:16Z,136575,290006500,290006500,1
2026-08-26T02:31:16Z,136576,990006500,990006500,1
2026-08-26T02:31:16Z,136596,9900100,9900100,100
2026-08-26T02:31:16Z,136597,49009900,49009900,20
2026-08-26T02:31:16Z,136598,49000100,49000100,20
2026-08-26T02:31:16Z,136606,67000,67000,225
2026-08-26T02:31:16Z,136633,22000,700000,4223
2026-08-26T02:31:16Z,136636,49500,49500,661
2026-08-26T02:31:16Z,136637,10100,20000,5581
2026-08-26T02:31:16Z,136638,23900,24000,190
2026-08-26T02:31:16Z,136653,48900,58900,395
2026-08-26T02:31:16Z,136654,1220000,1500000,316
2026-08-26T02:31:16Z,136708,2664300,2664300,130
2026-08-26T02:31:16Z,136825,5005500,5508900,234
2026-08-26T02:31:16Z,136826,4993800,5000300,415
2026-08-26T02:31:16Z,136852,9400,9400,335
2026-08-26T02:31:16Z,136856,78900,3097300,101
2026-08-26T02:31:16Z,136857,41520100,41520100,6
2026-08-26T02:31:16Z,137188,7004400,7006400,406
2026-08-26T02:31:16Z,137191,6000200,6000200,283
2026-08-26T02:31:16Z,137238,4006600,4006600,333
2026-08-26T02:31:16Z,137239,5007600,5007600,294
2026-08-26T02:31:16Z,137240,1500007600,1500007600,1
2026-08-26T02:31:16Z,137249,4960800,4961300,205
2026-08-26T02:31:16Z,137250,4973200,6522300,584
2026-08-26T02:31:16Z,137267,5007200,5007200,155
2026-08-26T02:31:16Z,137269,6506600,6507100,277
2026-08-26T02:31:16Z,137274,6509200,6509200,208
2026-08-26T02:31:16Z,137287,5509900,5509900,153
2026-08-26T02:31:16Z,137288,4950000,4950000,287
2026-08-26T02:31:16Z,137289,6911300,6911300,152
2026-08-26T02:31:16Z,137293,5599700,5599700,211
2026-08-26T02:31:16Z,137556,754200,754200,30
2026-08-26T02:31:16Z,137557,358300,358300,59
2026-08-26T02:31:16Z,137558,1336500,1336500,61
2026-08-26T02:31:16Z,137643,25578400,49002200,22
2026-08-26T02:31:16Z,137644,49000100,49000100,21
2026-08-26T02:31:16Z,138196,49003900,49003900,10
2026-08-26T02:31:16Z,138285,591200,591200,77
2026-08-26T02:31:16Z,138290,9900000,9900000,40
2026-08-26T02:31:16Z,138292,1900,1900,333
2026-08-26T02:31:16Z,138294,6500000,6684200,30
2026-08-26T02:31:16Z,138295,5000000,6000000,45
2026-08-26T02:31:16Z,138382,609600,609700,396
2026-08-26T02:31:16Z,138383,306900,306900,65
2026-08-26T02:31:16Z,138384,402000,402000,198
2026-08-26T02:31:16Z,138486,55400,66000,4823
2026-08-26T02:31:16Z,138488,40100,66000,16066
2026-08-26T02:31:16Z,138727,2200,3700,10802
2026-08-26T02:31:16Z,138728,700,1000,12628
2026-08-26T02:31:16Z,138729,400,800,7958
2026-08-26T02:31:16Z,138875,100,100,291
2026-08-26T02:31:16Z,138884,19990000,19990000,23
2026-08-26T02:31:16Z,138967,500,500,6208
2026-08-26T02:31:16Z,138972,9900000,9900000,22
2026-08-26T02:31:16Z,138973,9900000,9900000,20
2026-08-26T02:31:16Z,138974,9900000,9900000,22
2026-08-26T02:31:16Z,138975,9900000,9900000,25
2026-08-26T02:31:16Z,138976,9900000,9900000,24
2026-08-26T02:31:16Z,138977,495000,495000,114
2026-08-26T02:31:16Z,138978,9900000,9900000,40
2026-08-26T02:31:16Z,138979,5000,5000,1378
2026-08-26T02:31:16Z,138980,9969700,9969700,36
2026-08-26T02:31:16Z,138981,9960200,9960200,25
2026-08-26T02:31:16Z,138982,9903200,9903200,38
2026-08-26T02:31:16Z,138983,9969800,9969800,26
2026-08-26T02:31:16Z,138986,9900000,9900000,29
2026-08-26T02:31:16Z,138987,9901900,9901900,27
2026-08-26T02:31:16Z,139036,142300,142300,417
2026-08-26T02:31:16Z,139175,899900,899900,153
2026-08-26T02:31:16Z,139270,5500000,6000000,83
2026-08-26T02:31:16Z,139271,5490000,5490000,183
2026-08-26T02:31:16Z,139278,4999400,4999400,126
2026-08-26T02:31:16Z,139288,4009900,4009900,108
2026-08-26T02:31:16Z,139289,6982500,6983500,245
2026-08-26T02:31:16Z,139310,6480000,6480000,229
2026-08-26T02:31:16Z,139311,6709900,6709900,137
2026-08-26T02:31:16Z,139312,255720800,255720800,4
2026-08-26T02:31:16Z,139314,8009800,8009800,181
2026-08-26T02:31:16Z,139315,6490000,6490000,144
2026-08-26T02:31:16Z,139316,290000200,290000200,6
2026-08-26T02:31:16Z,139317,290000200,290000200,3
2026-08-26T02:31:16Z,139318,290000100,290000100,2
2026-08-26T02:31:16Z,139338,4004900,4004900,207
2026-08-26T02:31:16Z,139339,4962900,4969100,426
2026-08-26T02:31:16Z,139344,9993000,9993000,25
2026-08-26T02:31:16Z,139345,9890000,9890000,40
2026-08-26T02:31:16Z,139346,9970400,9970400,25
2026-08-26T02:31:16Z,139347,9786200,9786200,49
2026-08-26T02:31:16Z,139348,4986300,4986300,131
2026-08-26T02:31:16Z,139352,7000100,7000400,103
2026-08-26T02:31:16Z,139358,4805500,4905500,149
2026-08-26T02:31:16Z,139362,5501100,5501100,137
2026-08-26T02:31:16Z,139375,356600,937500,415
2026-08-26T02:31:16Z,139389,22563300,22563300,8
2026-08-26T02:31:16Z,139398,1997700,9959900,27
2026-08-26T02:31:16Z,139417,5504400,5504400,111
2026-08-26T02:31:16Z,139435,5503800,5504900,100
2026-08-26T02:31:16Z,139436,6493400,6493400,119
2026-08-26T02:31:16Z,139437,5482200,5485700,345
2026-08-26T02:31:16Z,139438,5483200,5484200,164
2026-08-26T02:31:16Z,139442,5498400,5498400,152
2026-08-26T02:31:16Z,139503,45000,45000,559
2026-08-26T02:31:16Z,139783,99999400,99999400,4
2026-08-26T02:31:16Z,139785,3484897100,3484897100,1
2026-08-26T02:31:16Z,139786,1444300,1850000,475
2026-08-26T02:31:16Z,139890,4987500,49990000,832
2026-08-26T02:31:16Z,140187,7500,7900,342
2026-08-26T02:31:16Z,140188,1300,1300,185
2026-08-26T02:31:16Z,140189,1300,1300,253
2026-08-26T02:31:16Z,140201,9905600,9905600,70
2026-08-26T02:31:16Z,140202,2225700,2225700,64
2026-08-26T02:31:16Z,140203,9905700,9905700,22
2026-08-26T02:31:16Z,140204,105700,105700,95
2026-08-26T02:31:16Z,140205,9900000,9900000,61
2026-08-26T02:31:16Z,140206,9906900,9906900,25
2026-08-26T02:31:16Z,140207,9900000,9900000,24
2026-08-26T02:31:16Z,140265,700000,700000,149
2026-08-26T02:31:16Z,140266,709800,709800,109
2026-08-26T02:31:16Z,140269,700000,700000,124
2026-08-26T02:31:16Z,140272,709800,709800,140
2026-08-26T02:31:16Z,140273,700000,700000,89
2026-08-26T02:31:16Z,140275,700000,700000,80
2026-08-26T02:31:16Z,140276,2600,2600,154
2026-08-26T02:31:16Z,140286,59500,9589500,43
2026-08-26T02:31:16Z,140296,9908000,9908000,29
2026-08-26T02:31:16Z,140297,9880000,9880000,24
2026-08-26T02:31:16Z,140298,9969800,9969800,34
2026-08-26T02:31:16Z,140299,9900000,9900000,40
2026-08-26T02:31:16Z,140300,9870300,9870300,25
2026-08-26T02:31:16Z,140301,2300000,2300000,54
2026-08-26T02:31:16Z,140302,9840000,9840000,25
2026-08-26T02:31:16Z,140321,49000100,49000100,20
2026-08-26T02:31:16Z,140337,79600,79600,236
2026-08-26T02:31:16Z,140338,999600,999600,41
2026-08-26T02:31:16Z,140339,9900000,9900000,25
2026-08-26T02:31:16Z,140340,9909800,9909800,25
2026-08-26T02:31:16Z,140341,79500,79500,96
2026-08-26T02:31:16Z,140342,9969700,9969700,25
2026-08-26T02:31:16Z,140344,49700,49700,100
2026-08-26T02:31:16Z,140347,26700,990000,221
2026-08-26T02:31:16Z,140351,55500,55500,101
2026-08-26T02:31:16Z,140355,9990100,9990100,24
2026-08-26T02:31:16Z,140567,9980100,9980100,23
2026-08-26T02:31:16Z,140568,2999900,2999900,18
2026-08-26T02:31:16Z,140587,93600,93600,610
2026-08-26T02:31:16Z,140626,199991000,199991000,6
2026-08-26T02:31:16Z,140627,9999900,9999900,25
2026-08-26T02:31:16Z,140628,19898200,19898200,9
2026-08-26T02:31:16Z,140629,39900100,39900100,10
2026-08-26T02:31:16Z,140630,5000100,5000100,146
2026-08-26T02:31:16Z,140631,9969700,9969700,40
2026-08-26T02:31:16Z,140668,18700,18700,72
2026-08-26T02:31:16Z,140679,9963100,9963100,24
2026-08-26T02:31:16Z,140753,1000,9989800,40
2026-08-26T02:31:16Z,140754,1000,9840000,44
2026-08-26T02:31:16Z,141206,9993200,9993200,30
2026-08-26T02:31:16Z,141207,9989000,9989000,40
2026-08-26T02:31:16Z,141208,1650000,1650000,45
2026-08-26T02:31:16Z,141209,9904800,9904800,25
2026-08-26T02:31:16Z,141210,9970400,9970400,25
2026-08-26T02:31:16Z,141211,9970500,9970500,25
2026-08-26T02:31:16Z,141212,9849900,9849900,24
2026-08-26T02:31:16Z,141213,9908300,9908300,30
2026-08-26T02:31:16Z,141214,9889900,9889900,25
2026-08-26T02:31:16Z,141215,1650000,1650000,60
2026-08-26T02:31:16Z,141318,4443800,4443800,52
2026-08-26T02:31:16Z,141319,19503000,19503000,35
2026-08-26T02:31:16Z,141320,1028000,1028000,37
2026-08-26T02:31:16Z,141333,2199700,2199700,66
2026-08-26T02:31:16Z,141446,70000,450000,786
2026-08-26T02:31:16Z,141527,9000,9000,86
2026-08-26T02:31:16Z,141640,16409300,49009300,22
2026-08-26T02:31:16Z,141641,2583500,2583500,35
2026-08-26T02:31:16Z,141898,6005500,6006500,387
2026-08-26T02:31:16Z,141908,2037400,2037400,111
2026-08-26T02:31:16Z,141909,2006300,2006300,186
2026-08-26T02:31:16Z,141910,1750000,1750000,94
2026-08-26T02:31:16Z,141957,1500005700,1500005700,1
2026-08-26T02:31:16Z,142101,196900,9940000,52
2026-08-26T02:31:16Z,142102,97900,2676700,36
2026-08-26T02:31:16Z,142103,134800,9900000,37
2026-08-26T02:31:16Z,142117,8800,8800,3227
2026-08-26T02:31:16Z,142262,1824000,3228700,19
2026-08-26T02:31:16Z,142263,55700,55700,671
2026-08-26T02:31:16Z,142264,41800,41800,184
2026-08-26T02:31:16Z,142266,1600,3200,3507
2026-08-26T02:31:16Z,142334,5000,5000,184
2026-08-26T02:31:16Z,142335,2200,9000,78747
2026-08-26T02:31:16Z,142336,3700,6800,48989
2026-08-26T02:31:16Z,142406,69800,69800,105
2026-08-26T02:31:16Z,143588,5500000,5500000,84
2026-08-26T02:31:16Z,143618,290003900,290003900,1
2026-08-26T02:31:16Z,143619,290005400,290005400,1
2026-08-26T02:31:16Z,143633,197990100,197990100,6
2026-08-26T02:31:16Z,143634,195200000,195200000,1
2026-08-26T02:31:16Z,143635,199000900,199000900,4
2026-08-26T02:31:16Z,143636,199900400,199900400,1
2026-08-26T02:31:16Z,143681,400,400,749
2026-08-26T02:31:16Z,143750,4360000,4368000,201
2026-08-26T02:31:16Z,143846,1500001300,1500001300,1
2026-08-26T02:31:16Z,143853,4999900,4999900,147
2026-08-26T02:31:16Z,144283,8500000100,8500000100,1
2026-08-26T02:31:16Z,144284,8500000200,8500000200,1
2026-08-26T02:31:16Z,144287,290000100,290000100,1
2026-08-26T02:31:16Z,144289,990000100,990000100,1
2026-08-26T02:31:16Z,144290,8500000100,8500000100,1
2026-08-26T02:31:16Z,144304,333800,9909800,48
2026-08-26T02:31:16Z,144305,443100,443100,65
2026-08-26T02:31:16Z,144306,850000,850000,75
2026-08-26T02:31:16Z,144307,700000,700000,68
2026-08-26T02:31:16Z,144329,5445000,5445000,745
2026-08-26T02:31:16Z,144396,199899700,199899700,1
2026-08-26T02:31:16Z,144397,200000000,200000000,1
2026-08-26T02:31:16Z,144398,39889100,39889100,5
2026-08-26T02:31:16Z,144408,49001300,49001300,23
2026-08-26T02:31:16Z,146406,9907900,9907900,40
2026-08-26T02:31:16Z,147119,6789900,6789900,210
2026-08-26T02:31:16Z,147210,49000100,49000100,20
2026-08-26T02:31:16Z,147669,30000,9800000,74
2026-08-26T02:31:16Z,147774,199500,199500,53
2026-08-26T02:31:16Z,147775,790100,790100,552
2026-08-26T02:31:16Z,147776,220000,220000,70
2026-08-26T02:31:16Z,147777,499900,500000,92
2026-08-26T02:31:16Z,147868,199600,199600,52
2026-08-26T02:31:16Z,147869,2300,3200,3402
2026-08-26T02:31:16Z,147870,990000,990000,214
2026-08-26T02:31:16Z,149755,408500,408500,212
2026-08-26T02:31:16Z,151034,290001200,290001200,1
2026-08-26T02:31:16Z,151121,9988500,9988500,21
2026-08-26T02:31:16Z,151122,9900000,9900000,25
2026-08-26T02:31:16Z,151123,9990000,9990000,25
2026-08-26T02:31:16Z,151124,9990000,9990000,21
2026-08-26T02:31:16Z,151133,2749900,2897300,537
2026-08-26T02:31:16Z,151256,9700,9800,128
2026-08-26T02:31:16Z,151257,84900,89900,215
2026-08-26T02:31:16Z,151386,4420000,4420000,3
2026-08-26T02:31:16Z,151387,13000000,13000000,3
2026-08-26T02:31:16Z,151388,229955800,229955800,3
2026-08-26T02:31:16Z,151389,1799900,1799900,5
2026-08-26T02:31:16Z,151390,600000,600000,32
2026-08-26T02:31:16Z,151391,240000,240000,42
2026-08-26T02:31:16Z,151392,80000,80000,19
2026-08-26T02:31:16Z,151393,45000000,49000000,14
2026-08-26T02:31:16Z,151394,49009800,49009900,27
2026-08-26T02:31:16Z,151431,49004600,49004600,16
2026-08-26T02:31:16Z,151444,92400,92400,29
2026-08-26T02:31:16Z,151538,6380000,6380000,61
2026-08-26T02:31:16Z,151540,6470000,6470000,193
2026-08-26T02:31:16Z,151542,6490000,6500000,471
2026-08-26T02:31:16Z,151564,60500,98500,86798
2026-08-26T02:31:16Z,151565,83500,85000,16589
2026-08-26T02:31:16Z,151566,1300,1400,122004
2026-08-26T02:31:16Z,151567,2400,2700,114990
2026-08-26T02:31:16Z,151579,90000,100000,738
2026-08-26T02:31:16Z,151580,295000,295000,183
2026-08-26T02:31:16Z,151583,309800,309800,30
2026-08-26T02:31:16Z,151584,5000000,5000000,43
2026-08-26T02:31:16Z,151585,200000,200000,178
2026-08-26T02:31:16Z,151608,790000,790000,303
2026-08-26T02:31:16Z,151609,18800,20000,845
2026-08-26T02:31:16Z,151610,110000,110000,58
2026-08-26T02:31:16Z,151651,13400000,13400000,14
2026-08-26T02:31:16Z,151718,5459900,5459900,632
2026-08-26T02:31:16Z,151719,109900,109900,510
2026-08-26T02:31:16Z,151720,110000,110000,1216
2026-08-26T02:31:16Z,151721,48300,48300,1171
2026-08-26T02:31:16Z,151722,39600,39600,1028
2026-08-26T02:31:16Z,151774,9604000,9604000,34
2026-08-26T02:31:16Z,151775,39999900,39999900,6
2026-08-26T02:31:16Z,152099,9000100,9000100,94
2026-08-26T02:31:16Z,152296,20000000,20000000,24
2026-08-26T02:31:16Z,152494,10000,10000,307
2026-08-26T02:31:16Z,152495,27400,27400,69
2026-08-26T02:31:16Z,152496,12000,12000,230
2026-08-26T02:31:16Z,152497,3400,5700,360
2026-08-26T02:31:16Z,152503,15000,15700,126
2026-08-26T02:31:16Z,152505,82100,82100,4627
2026-08-26T02:31:16Z,152506,75600,77500,21479
2026-08-26T02:31:16Z,152507,68900,70000,41619
2026-08-26T02:31:16Z,152508,70900,96500,41871
2026-08-26T02:31:16Z,152509,9300,70000,10876
2026-08-26T02:31:16Z,152510,59900,115000,6117
2026-08-26T02:31:16Z,152511,77100,77100,8543
2026-08-26T02:31:16Z,152512,27000,34400,579486
2026-08-26T02:31:16Z,152513,37500,62500,29209
2026-08-26T02:31:16Z,152541,23000,27500,92366
2026-08-26T02:31:16Z,152542,600,700,67347
2026-08-26T02:31:16Z,152543,13200,13200,40493
2026-08-26T02:31:16Z,152544,9500,9900,51180
2026-08-26T02:31:16Z,152545,5900,5900,44558
2026-08-26T02:31:16Z,152546,5800,5900,34597
2026-08-26T02:31:16Z,152547,57800,57800,17110
2026-08-26T02:31:16Z,152548,670000,670000,1037
2026-08-26T02:31:16Z,152549,135000,147400,1079
2026-08-26T02:31:16Z,152550,8900,8900,206
2026-08-26T02:31:16Z,152557,70000,70000,63
2026-08-26T02:31:16Z,152559,7700,7700,174
2026-08-26T02:31:16Z,152560,30000,30000,115
2026-08-26T02:31:16Z,152561,3900,4000,221
2026-08-26T02:31:16Z,152564,170600,170600,416
2026-08-26T02:31:16Z,152576,4000,8400,250971
2026-08-26T02:31:16Z,152577,25000,39000,363947
2026-08-26T02:31:16Z,152579,114000,118700,257373
2026-08-26T02:31:16Z,152615,150000,328900,186
2026-08-26T02:31:16Z,152631,700,700,5344
2026-08-26T02:31:16Z,152638,310000,310000,207
2026-08-26T02:31:16Z,152639,76500,76500,228
2026-08-26T02:31:16Z,152640,30000,30000,132
2026-08-26T02:31:16Z,152641,397700,397700,291
2026-08-26T02:31:16Z,152717,9900000,9900000,25
2026-08-26T02:31:16Z,152718,9800000,9800000,40
2026-08-26T02:31:16Z,152812,700200,700600,622
2026-08-26T02:31:16Z,152813,620500,771500,89
2026-08-26T02:31:16Z,152867,49002700,49002700,21
2026-08-26T02:31:16Z,152875,24400,24800,36292
2026-08-26T02:31:16Z,152876,141900,149800,8163
2026-08-26T02:31:16Z,152877,244500,492500,50095
2026-08-26T02:31:16Z,152897,49001300,49001300,20
2026-08-26T02:31:16Z,153015,905600,905600,97
2026-08-26T02:31:16Z,153031,6492300,6500300,256
2026-08-26T02:31:16Z,153033,4800000,4800000,91
2026-08-26T02:31:16Z,153036,9877400,9878500,176
2026-08-26T02:31:16Z,153050,7700,13300,82208
2026-08-26T02:31:16Z,153051,100,800,29727
2026-08-26T02:31:16Z,153133,49001200,49001200,21
2026-08-26T02:31:16Z,153134,290000500,290000500,1
2026-08-26T02:31:16Z,153192,99900,99900,107
2026-08-26T02:31:16Z,153219,19990100,19990100,10
2026-08-26T02:31:16Z,153251,37009500,37009500,93
2026-08-26T02:31:16Z,153430,19500,19500,28
2026-08-26T02:31:16Z,153431,70000,70000,60
2026-08-26T02:31:16Z,153434,19300,19300,73
2026-08-26T02:31:16Z,153435,24500,24500,97
2026-08-26T02:31:16Z,153437,86000,86000,132
2026-08-26T02:31:16Z,153438,9800,9800,295
2026-08-26T02:31:16Z,153439,15000,15000,110
2026-08-26T02:31:16Z,153440,4000,4000,97
2026-08-26T02:31:16Z,153441,28100,28300,91
2026-08-26T02:31:16Z,153442,25500,2869100,54
2026-08-26T02:31:16Z,153443,240000,250000,107
2026-08-26T02:31:16Z,153444,608500,608500,105
2026-08-26T02:31:16Z,153445,330000,330000,58
2026-08-26T02:31:16Z,153476,150200,150300,183
2026-08-26T02:31:16Z,153478,1132400,1132400,181
2026-08-26T02:31:16Z,153479,60000,60400,69
2026-08-26T02:31:16Z,153480,239900,239900,83
2026-08-26T02:31:16Z,153487,1100,1300,201
2026-08-26T02:31:16Z,153490,2200,2900,749
2026-08-26T02:31:16Z,153494,32500,32500,117
2026-08-26T02:31:16Z,153510,1146900,1146900,1678
2026-08-26T02:31:16Z,153512,42500,90000,149
2026-08-26T02:31:16Z,153566,9903800,9903800,70
2026-08-26T02:31:16Z,153567,9903800,9903800,78
2026-08-26T02:31:16Z,153568,9903800,9903800,72
2026-08-26T02:31:16Z,153569,9903800,9903800,65
2026-08-26T02:31:16Z,153570,9903800,9903800,91
2026-08-26T02:31:16Z,153597,252500,262600,2036
2026-08-26T02:31:16Z,153602,9950000,9950000,20
2026-08-26T02:31:16Z,153603,227700,227700,70
2026-08-26T02:31:16Z,153604,3009800,3009800,173
2026-08-26T02:31:16Z,153605,90000,90000,22
2026-08-26T02:31:16Z,153606,1547000,1547000,50
2026-08-26T02:31:16Z,153607,77700,79000,26
2026-08-26T02:31:16Z,153608,79000,79000,25
2026-08-26T02:31:16Z,153609,475000,39850000,28
2026-08-26T02:31:16Z,153610,2504400,2504400,34
2026-08-26T02:31:16Z,153611,229500,229500,88
2026-08-26T02:31:16Z,153612,1480000,1480900,227
2026-08-26T02:31:16Z,153613,5500000,7000500,68
2026-08-26T02:31:16Z,153614,490000,490000,13
2026-08-26T02:31:16Z,153615,1795000,1795000,24
2026-08-26T02:31:16Z,153616,188100,39900000,19
2026-08-26T02:31:16Z,153617,5005700,5005700,19
2026-08-26T02:31:16Z,153618,4000000,5001900,58
2026-08-26T02:31:16Z,153619,352800,352800,38
2026-08-26T02:31:16Z,153620,195600,3115600,64
2026-08-26T02:31:16Z,153621,191900,191900,40
2026-08-26T02:31:16Z,153622,178700,178700,60
2026-08-26T02:31:16Z,153623,160000,2500000,223
2026-08-26T02:31:16Z,153624,167700,177700,58
2026-08-26T02:31:16Z,153625,182700,182700,38
2026-08-26T02:31:16Z,153626,190700,190700,34
2026-08-26T02:31:16Z,153627,142000,142000,58
2026-08-26T02:31:16Z,153628,495000,495000,46
2026-08-26T02:31:16Z,153629,149400,149400,94
2026-08-26T02:31:16Z,153630,836100,9990000,43
2026-08-26T02:31:16Z,153631,256400,256400,85
2026-08-26T02:31:16Z,153632,192500,192500,83
2026-08-26T02:31:16Z,153633,1385900,1385900,300
2026-08-26T02:31:16Z,153634,45700,45700,37
2026-08-26T02:31:16Z,153635,5000,5000,121648
2026-08-26T02:31:16Z,153636,354300,354300,8731
2026-08-26T02:31:16Z,153646,2074400,7009000,44
2026-08-26T02:31:16Z,153647,440000,440000,169
2026-08-26T02:31:16Z,153661,900000,900000,43
2026-08-26T02:31:16Z,153662,149600,149600,61
2026-08-26T02:31:16Z,153663,474900,474900,37
2026-08-26T02:31:16Z,153664,1394600,1394600,42
2026-08-26T02:31:16Z,153665,995000,995000,65
2026-08-26T02:31:16Z,153666,572300,572300,208
2026-08-26T02:31:16Z,153667,750000,1999900,224
2026-08-26T02:31:16Z,153668,101000,1299900,961
2026-08-26T02:31:16Z,153669,5000,5000,12843
2026-08-26T02:31:16Z,153673,2699900,5999900,229
2026-08-26T02:31:16Z,153700,25000,25000,507
2026-08-26T02:31:16Z,153701,25000,25000,937
2026-08-26T02:31:16Z,153702,25000,25000,525
2026-08-26T02:31:16Z,153703,79900,90000,1618
2026-08-26T02:31:16Z,153704,25000,25000,620
2026-08-26T02:31:16Z,153705,50000,50000,328
2026-08-26T02:31:16Z,153706,99700,99800,1763
2026-08-26T02:31:16Z,153707,390100,390100,112
2026-08-26T02:31:16Z,153708,507900,508000,77
2026-08-26T02:31:16Z,153709,350000,376600,129
2026-08-26T02:31:16Z,153710,39800,39900,156
2026-08-26T02:31:16Z,153711,30000,30000,116
2026-08-26T02:31:16Z,153712,66700,290000,69
2026-08-26T02:31:16Z,153713,30000,32500,50
2026-08-26T02:31:16Z,153714,45000,83400,357
2026-08-26T02:31:16Z,153715,89000,89000,174
2026-08-26T02:31:16Z,154120,397700,397800,1454
2026-08-26T02:31:16Z,154121,39400,39400,1217
2026-08-26T02:31:16Z,154122,36300,36300,743
2026-08-26T02:31:16Z,154123,309800,797400,680
2026-08-26T02:31:16Z,154124,39900,39900,644
2026-08-26T02:31:16Z,154125,64600,64700,371
2026-08-26T02:31:16Z,154126,45000,45000,55
2026-08-26T02:31:16Z,154127,150000,150000,229
2026-08-26T02:31:16Z,154128,55000,55000,491
2026-08-26T02:31:16Z,154129,35000,73000,300
2026-08-26T02:31:16Z,154131,9970500,9970500,25
2026-08-26T02:31:16Z,154132,9908800,9908800,40
2026-08-26T02:31:16Z,154133,9905000,9905000,25
2026-08-26T02:31:16Z,154164,8000,9900,119492
2026-08-26T02:31:16Z,154165,700,1300,192345
2026-08-26T02:31:16Z,154166,212500,212500,94
2026-08-26T02:31:16Z,154167,29700,29700,252
2026-08-26T02:31:16Z,154168,3690000,3690000,296
2026-08-26T02:31:16Z,154169,200000,200000,353
2026-08-26T02:31:16Z,154705,229000,229000,126
2026-08-26T02:31:16Z,154706,340000,340000,272
2026-08-26T02:31:16Z,154707,157000,157000,309
2026-08-26T02:31:16Z,154722,600,900,154768
2026-08-26T02:31:16Z,154881,39500,39500,1108
2026-08-26T02:31:16Z,154882,9700,9700,741
2026-08-26T02:31:16Z,154883,10000,10000,340
2026-08-26T02:31:16Z,154884,1300,1300,314
2026-08-26T02:31:16Z,154885,19900,19900,1401
2026-08-26T02:31:16Z,154886,52100,52100,507
2026-08-26T02:31:16Z,154887,19900,19900,506
2026-08-26T02:31:16Z,154888,1300,1300,155
2026-08-26T02:31:16Z,154889,3900,3900,1154
2026-08-26T02:31:16Z,154891,5200,5200,1655
2026-08-26T02:31:16Z,154897,700,700,10579
2026-08-26T02:31:16Z,154898,1000,1100,5433
2026-08-26T02:31:16Z,154899,700,700,14104
2026-08-26T02:31:16Z,154989,3000000,3490000,259
2026-08-26T02:31:16Z,154990,2500000,2557200,599
2026-08-26T02:31:16Z,155593,12000,26800,57
2026-08-26T02:31:16Z,155598,5300,5300,40
2026-08-26T02:31:16Z,155600,290008100,290008100,4
2026-08-26T02:31:16Z,155601,3600,3600,35
2026-08-26T02:31:16Z,155603,4500,4500,50
2026-08-26T02:31:16Z,155605,500000,980000,32
2026-08-26T02:31:16Z,155607,100008100,100008100,4
2026-08-26T02:31:16Z,155608,3200,3200,94
2026-08-26T02:31:16Z,155609,3900,3900,43
2026-08-26T02:31:16Z,155610,140000,142500,92
2026-08-26T02:31:16Z,155615,3800,3800,150
2026-08-26T02:31:16Z,155618,4000,4000,131
2026-08-26T02:31:16Z,155620,290008100,290008100,1
2026-08-26T02:31:16Z,155629,3300,4903300,207
2026-08-26T02:31:16Z,155631,3900,3900,38
2026-08-26T02:31:16Z,155635,3400,3400,49
2026-08-26T02:31:16Z,155636,9400,9909400,68
2026-08-26T02:31:16Z,155649,1500000,1500000,2
2026-08-26T02:31:16Z,155810,1900000,1900000,42
2026-08-26T02:31:16Z,155811,49900,147400,132
2026-08-26T02:31:16Z,155812,48900,48900,172
2026-08-26T02:31:16Z,155813,50000,59200,503
2026-08-26T02:31:16Z,155814,51100,51100,367
2026-08-26T02:31:16Z,155907,9903100,9903100,40
2026-08-26T02:31:16Z,155909,9904600,9904600,40
2026-08-26T02:31:16Z,155910,9906000,9906000,40
2026-08-26T02:31:16Z,156525,140000,140000,127
2026-08-26T02:31:16Z,156526,36200,36200,244
2026-08-26T02:31:16Z,156624,25859900,25859900,14
2026-08-26T02:31:16Z,156627,99991500,99991500,6
2026-08-26T02:31:16Z,156646,1500005100,1500005100,1
2026-08-26T02:31:16Z,156872,7808000,9760000,42
2026-08-26T02:31:16Z,156873,9500000,9903400,37
2026-08-26T02:31:16Z,156930,8100,10300,30619
2026-08-26T02:31:16Z,157798,39595300,39595300,15
2026-08-26T02:31:16Z,157842,50000,50000,228
2026-08-26T02:31:16Z,157844,3500,3500,59
2026-08-26T02:31:16Z,158186,200,200,58383
2026-08-26T02:31:16Z,158187,9000,9000,50195
2026-08-26T02:31:16Z,158188,490000,490000,16384
2026-08-26T02:31:16Z,158189,12000,12000,16690
2026-08-26T02:31:16Z,158201,350000,1999900,1800
2026-08-26T02:31:16Z,158202,336600,386000,949
2026-08-26T02:31:16Z,158203,9900000,9900000,15
2026-08-26T02:31:16Z,158204,103300,1999900,632
2026-08-26T02:31:16Z,158205,3900,3900,14899
2026-08-26T02:31:16Z,158210,3200,3200,33
2026-08-26T02:31:16Z,158212,238000,238000,38
2026-08-26T02:31:16Z,158327,206300,206300,47
2026-08-26T02:31:16Z,158377,52200,52200,44
2026-08-26T02:31:16Z,158378,2700,3000,66641
2026-08-26T02:31:16Z,158379,335000,377800,801
2026-08-26T02:31:16Z,158380,149900,149900,491
2026-08-26T02:31:16Z,158381,6900,6900,407
2026-08-26T02:31:16Z,158382,10000,19500,435
2026-08-26T02:31:16Z,158466,9997000,9997000,57
2026-08-26T02:31:16Z,158736,290008900,290008900,1
2026-08-26T02:31:16Z,158740,150000,150000,29
2026-08-26T02:31:16Z,158743,2909200,2909200,2
2026-08-26T02:31:16Z,158744,150007800,150007800,2
2026-08-26T02:31:16Z,158745,11500,11500,25
2026-08-26T02:31:16Z,158746,35003300,35003300,27
2026-08-26T02:31:16Z,158747,760000,7999900,30
2026-08-26T02:31:16Z,158749,290002200,290002200,1
2026-08-26T02:31:16Z,158750,49007300,49007300,20
2026-08-26T02:31:16Z,158751,3900,5700,249
2026-08-26T02:31:16Z,158752,188800,188800,54
2026-08-26T02:31:16Z,158754,107874800,107874800,3
2026-08-26T02:31:16Z,158756,1800000,1800000,7
2026-08-26T02:31:16Z,158757,280001100,280001100,3
2026-08-26T02:31:16Z,158758,290000300,290000300,1
2026-08-26T02:31:16Z,158759,44999900,44999900,2
2026-08-26T02:31:16Z,158760,326000,326000,39
2026-08-26T02:31:16Z,158765,290009900,290009900,2
2026-08-26T02:31:16Z,158769,290008100,290008100,1
2026-08-26T02:31:16Z,158770,10009200,10009200,5
2026-08-26T02:31:16Z,158771,3100,3100,45
2026-08-26T02:31:16Z,158773,32000,34000,67
2026-08-26T02:31:16Z,158775,40008500,49008500,23
2026-08-26T02:31:16Z,158777,290006100,290006100,1
2026-08-26T02:31:16Z,158778,22000,22000,34
2026-08-26T02:31:16Z,158779,290000600,290000600,1
2026-08-26T02:31:16Z,158781,290001000,290001000,1
2026-08-26T02:31:16Z,158783,290000700,290000700,1
2026-08-26T02:31:16Z,158788,290004200,290004200,1
2026-08-26T02:31:16Z,158789,295400,295400,2
2026-08-26T02:31:16Z,158790,290003800,290003800,1
2026-08-26T02:31:16Z,158792,290002500,290002500,1
2026-08-26T02:31:16Z,158794,290000800,290000800,3
2026-08-26T02:31:16Z,158795,49002200,49002200,23
2026-08-26T02:31:16Z,158796,290004000,290004000,1
2026-08-26T02:31:16Z,158797,290009900,290009900,1
2026-08-26T02:31:16Z,158801,290000400,290000400,1
2026-08-26T02:31:16Z,158805,290008100,290008100,1
2026-08-26T02:31:16Z,158806,30000,32000,28
2026-08-26T02:31:16Z,158808,15000,15000,32
2026-08-26T02:31:16Z,158810,290005600,290005600,2
2026-08-26T02:31:16Z,158811,1000000,49000000,22
2026-08-26T02:31:16Z,158813,61700,49001700,23
2026-08-26T02:31:16Z,158815,30001800,30001800,2
2026-08-26T02:31:16Z,158817,290008200,290008200,1
2026-08-26T02:31:16Z,158818,290008700,290008700,1
2026-08-26T02:31:16Z,158819,290009800,290009800,1
2026-08-26T02:31:16Z,158820,290007700,290007700,1
2026-08-26T02:31:16Z,158821,19900,49009900,22
2026-08-26T02:31:16Z,158822,290000000,290000000,1
2026-08-26T02:31:16Z,158823,49003000,49003000,16
2026-08-26T02:31:16Z,158826,290006900,290006900,1
2026-08-26T02:31:16Z,158828,49009900,49009900,24
2026-08-26T02:31:16Z,158830,440000,440000,5
2026-08-26T02:31:16Z,158831,49008900,49008900,20
2026-08-26T02:31:16Z,158832,20004800,20004800,3
2026-08-26T02:31:16Z,158834,30000,40000,53
2026-08-26T02:31:16Z,158836,290009000,290009000,1
2026-08-26T02:31:16Z,158838,290009900,290009900,1
2026-08-26T02:31:16Z,158839,7400,7400,31
2026-08-26T02:31:16Z,158840,290001000,290001000,1
2026-08-26T02:31:16Z,158842,990003100,990003100,1
2026-08-26T02:31:16Z,158844,290002200,290002200,2
2026-08-26T02:31:16Z,158848,49003300,49003300,22
2026-08-26T02:31:16Z,158849,4005700,4005700,6
2026-08-26T02:31:16Z,158850,25001200,25001200,3
2026-08-26T02:31:16Z,158851,150002000,150002000,3
2026-08-26T02:31:16Z,158853,290001700,290001700,1
2026-08-26T02:31:16Z,158855,146300,146300,6
2026-08-26T02:31:16Z,158856,49006500,49006500,20
2026-08-26T02:31:16Z,158857,8000800,8000800,7
2026-08-26T02:31:16Z,158858,290002600,290002600,1
2026-08-26T02:31:16Z,158859,11000,11000,221
2026-08-26T02:31:16Z,158860,59800,49009800,23
2026-08-26T02:31:16Z,158861,59000,59000,33
2026-08-26T02:31:16Z,158862,14700,14700,49
2026-08-26T02:31:16Z,158863,11900,49001900,21
2026-08-26T02:31:16Z,158864,13800,13800,26
2026-08-26T02:31:16Z,158865,16300,16300,45
2026-08-26T02:31:16Z,158866,299900,299900,47
2026-08-26T02:31:16Z,158867,18000,18000,25
2026-08-26T02:31:16Z,158868,28200,28300,28
2026-08-26T02:31:16Z,158869,272300,272300,26
2026-08-26T02:31:16Z,158870,5000,49006100,106
2026-08-26T02:31:16Z,158871,5050000,5050000,11
2026-08-26T02:31:16Z,158872,49006000,49006000,20
2026-08-26T02:31:16Z,158873,290006100,290006100,1
2026-08-26T02:31:16Z,158874,17500,17500,56
2026-08-26T02:31:16Z,158926,9882900,9882900,30
2026-08-26T02:31:16Z,158927,190000,190000,191
2026-08-26T02:31:16Z,158936,49003000,49003000,20
2026-08-26T02:31:16Z,159140,50000,60000,26
2026-08-26T02:31:16Z,159145,290000600,290000600,1
2026-08-26T02:31:16Z,159464,75600,75600,88
2026-08-26T02:31:16Z,159466,9906500,9906500,41
2026-08-26T02:31:16Z,159467,170000,170000,89
2026-08-26T02:31:16Z,159468,179900,179900,57
2026-08-26T02:31:16Z,159471,9500,9500,63
2026-08-26T02:31:16Z,159750,9890000,9890000,25
2026-08-26T02:31:16Z,159756,2490000,2490000,26
2026-08-26T02:31:16Z,159785,52200,52200,157
2026-08-26T02:31:16Z,159786,301000,301000,91
2026-08-26T02:31:16Z,159787,180000,220000,102
2026-08-26T02:31:16Z,159788,609700,609700,82
2026-08-26T02:31:16Z,159789,300000,300000,64
2026-08-26T02:31:16Z,159791,177000,500000,34
2026-08-26T02:31:16Z,159792,19300,19300,67
2026-08-26T02:31:16Z,159825,49900,50000,977
2026-08-26T02:31:16Z,159826,100000,122300,290
2026-08-26T02:31:16Z,159827,19700,19800,463
2026-08-26T02:31:16Z,159845,24900,24900,338
2026-08-26T02:31:16Z,159846,150700,150700,139
2026-08-26T02:31:16Z,159847,150600,150600,234
2026-08-26T02:31:16Z,159848,665600,665700,39
2026-08-26T02:31:16Z,159849,29600,29600,220
2026-08-26T02:31:16Z,159850,149600,149600,145
2026-08-26T02:31:16Z,159867,18200,18200,110
2026-08-26T02:31:16Z,159868,668400,668400,54
2026-08-26T02:31:16Z,159869,9900000,9900000,40
2026-08-26T02:31:16Z,159870,9970000,9970000,40
2026-08-26T02:31:16Z,159871,9900000,9900000,40
2026-08-26T02:31:16Z,159872,9800000,9800000,25
2026-08-26T02:31:16Z,159873,9900000,9900000,40
2026-08-26T02:31:16Z,159874,40000,40000,72
2026-08-26T02:31:16Z,159875,440000,440000,53
2026-08-26T02:31:16Z,159876,9800000,9800000,34
2026-08-26T02:31:16Z,159878,9901000,9901000,45
2026-08-26T02:31:16Z,159879,9969700,9969700,45
2026-08-26T02:31:16Z,159897,9900000,9900000,38
2026-08-26T02:31:16Z,159898,330000,9900000,44
2026-08-26T02:31:16Z,159899,9890000,9890000,40
2026-08-26T02:31:16Z,159900,9900000,9900000,40
2026-08-26T02:31:16Z,159919,9900000,9900000,42
2026-08-26T02:31:16Z,159920,9975000,9975000,41
2026-08-26T02:31:16Z,159959,7300,7400,23668
2026-08-26T02:31:16Z,160053,128800,156000,583
2026-08-26T02:31:16Z,160059,800,800,9744
2026-08-26T02:31:16Z,160092,10000,9990000,42
2026-08-26T02:31:16Z,160298,800,800,8498
2026-08-26T02:31:16Z,160328,197777400,197777400,1
2026-08-26T02:31:16Z,160330,199898600,199898600,1
2026-08-26T02:31:16Z,160398,8900,8900,6492
2026-08-26T02:31:16Z,160399,2400,2400,9017
2026-08-26T02:31:16Z,160400,8400,8400,25191
2026-08-26T02:31:16Z,160483,1800,2100,105
2026-08-26T02:31:16Z,160484,70000,9901800,48
2026-08-26T02:31:16Z,160502,6000,6000,4688
2026-08-26T02:31:16Z,160518,99900,9879900,44
2026-08-26T02:31:16Z,160551,290000100,290000100,1
2026-08-26T02:31:16Z,160554,830000,830000,62
2026-08-26T02:31:16Z,160560,9990100,9990100,29
2026-08-26T02:31:16Z,160579,990000100,990000100,1
2026-08-26T02:31:16Z,160581,290000100,290000100,1
2026-08-26T02:31:16Z,160582,1500000100,1500000100,2
2026-08-26T02:31:16Z,160611,9870100,9870100,25
2026-08-26T02:31:16Z,160705,5000,5000,88807
2026-08-26T02:31:16Z,160709,2400,2400,26419
2026-08-26T02:31:16Z,160710,1900,1900,7939
2026-08-26T02:31:16Z,160711,12200,12200,3633
2026-08-26T02:31:16Z,160712,1400,1400,3463
2026-08-26T02:31:16Z,160942,197621100,197621100,1
2026-08-26T02:31:16Z,160989,9900000,9900000,40
2026-08-26T02:31:16Z,161053,2400,2400,1068
2026-08-26T02:31:16Z,161126,650000,650000,64
2026-08-26T02:31:16Z,161127,9851900,9851900,25
2026-08-26T02:31:16Z,161128,46000,46000,523
2026-08-26T02:31:16Z,161153,18700,18700,128
2026-08-26T02:31:16Z,161314,9700000,9700000,25
2026-08-26T02:31:16Z,161344,94701000,94761000,232
2026-08-26T02:31:16Z,161346,9969600,9969600,40
2026-08-26T02:31:16Z,161347,890000,890000,48
2026-08-26T02:31:16Z,161348,5441900,5441900,49
2026-08-26T02:31:16Z,161373,9900,9900500,45
2026-08-26T02:31:16Z,161383,2202200,2202200,57
2026-08-26T02:31:16Z,161384,9909900,9909900,33
2026-08-26T02:31:16Z,162010,54500000,55550000,29
2026-08-26T02:31:16Z,162011,1999500,1999500,106
2026-08-26T02:31:16Z,162012,108300,108400,126
2026-08-26T02:31:16Z,162022,2199900,2499900,683
2026-08-26T02:31:16Z,162026,103600,103600,154
2026-08-26T02:31:16Z,162027,2499300,2699900,742
2026-08-26T02:31:16Z,162029,2932500,2932500,111
2026-08-26T02:31:16Z,162107,9500000000,9500000000,1
2026-08-26T02:31:16Z,162111,6011943800,6011943800,2
2026-08-26T02:31:16Z,162116,15000000000,15000000000,2
2026-08-26T02:31:16Z,162117,9990100,9990100,24
2026-08-26T02:31:16Z,162122,7500001400,7500001400,1
2026-08-26T02:31:16Z,162515,6900,6900,12965
2026-08-26T02:31:16Z,162516,520000,9859900,222
2026-08-26T02:31:16Z,162517,226600,990000,258
2026-08-26T02:31:16Z,162545,550000,550000,81
2026-08-26T02:31:16Z,162546,9889800,9889800,20
2026-08-26T02:31:16Z,162547,9969900,9969900,20
2026-08-26T02:31:16Z,162550,9890600,9890600,25
2026-08-26T02:31:16Z,162551,10000,9950000,37
2026-08-26T02:31:16Z,162552,702500,702500,34
2026-08-26T02:31:16Z,162554,339800,339800,74
2026-08-26T02:31:16Z,162555,4800,5000,5653
2026-08-26T02:31:16Z,162556,9900000,9900000,39
2026-08-26T02:31:16Z,162557,29100,29100,53
2026-08-26T02:31:16Z,162558,9855700,9855700,37
2026-08-26T02:31:16Z,162559,19800,19800,54
2026-08-26T02:31:16Z,162560,202300,202300,69
2026-08-26T02:31:16Z,162561,46500,104700,58
2026-08-26T02:31:16Z,162562,9959800,9959800,25
2026-08-26T02:31:16Z,162563,9991800,9991800,62
2026-08-26T02:31:16Z,162564,9849900,9849900,28
2026-08-26T02:31:16Z,162565,9890000,9890000,22
2026-08-26T02:31:16Z,162566,9900000,9900000,30
2026-08-26T02:31:16Z,162567,9900000,9900000,22
2026-08-26T02:31:16Z,162568,9974800,9974800,20
2026-08-26T02:31:16Z,162569,9904500,9904500,40
2026-08-26T02:31:16Z,162570,1000000,1000000,46
2026-08-26T02:31:16Z,162572,3136900,9890500,27
2026-08-26T02:31:16Z,162573,9897200,9897200,25
2026-08-26T02:31:16Z,162574,900000,900000,46
2026-08-26T02:31:16Z,162575,700000,700000,36
2026-08-26T02:31:16Z,162582,3159300,9971800,26
2026-08-26T02:31:16Z,162583,9949900,9949900,30
2026-08-26T02:31:16Z,162651,999980000,999980000,3
2026-08-26T02:31:16Z,162659,1500000000,1500000000,1
2026-08-26T02:31:16Z,162660,151537400,151537400,2
2026-08-26T02:31:16Z,162661,999980000,999980000,3
2026-08-26T02:31:16Z,162662,990000000,990000000,1
2026-08-26T02:31:16Z,162663,4500000,49000000,21
2026-08-26T02:31:16Z,162664,290009800,290009800,1
2026-08-26T02:31:16Z,162666,990001200,990001200,1
2026-08-26T02:31:16Z,162671,1500000000,1500000000,1
2026-08-26T02:31:16Z,162674,4507900,33582700,11
2026-08-26T02:31:16Z,162676,990000000,990000000,1
2026-08-26T02:31:16Z,162677,100000000,100000000,7
2026-08-26T02:31:16Z,162678,999980000,999980000,2
2026-08-26T02:31:16Z,162679,4500000000,4500000000,1
2026-08-26T02:31:16Z,162680,990000000,990000000,1
2026-08-26T02:31:16Z,162681,5238800,5238800,3
2026-08-26T02:31:16Z,162682,999980000,999980000,4
2026-08-26T02:31:16Z,162981,3909900,3909900,210
2026-08-26T02:31:16Z,162982,190000300,190000300,1
2026-08-26T02:31:16Z,163018,43100,43100,141
2026-08-26T02:31:16Z,163019,19100,29100,56
2026-08-26T02:31:16Z,163049,9950000,9950000,30
2026-08-26T02:31:16Z,163050,9900000,9900000,60
2026-08-26T02:31:16Z,163051,699500,9880000,43
2026-08-26T02:31:16Z,163052,9893000,9893000,31
2026-08-26T02:31:16Z,163053,9989800,9989800,40
2026-08-26T02:31:16Z,163054,9900000,9900000,40
2026-08-26T02:31:16Z,163056,9900000,9900000,29
2026-08-26T02:31:16Z,163057,9997500,9997500,23
2026-08-26T02:31:16Z,163058,9990000,9990000,40
2026-08-26T02:31:16Z,163060,9700000,9700000,40
2026-08-26T02:31:16Z,163061,6690300,7483000,34
2026-08-26T02:31:16Z,163075,306300,306300,54
2026-08-26T02:31:16Z,163076,80500,80500,63
2026-08-26T02:31:16Z,163077,49900,49900,84
2026-08-26T02:31:16Z,163082,300,500,734
2026-08-26T02:31:16Z,163083,9969800,9969800,58
2026-08-26T02:31:16Z,163094,404900,752500,49
2026-08-26T02:31:16Z,163098,102500,102500,62
2026-08-26T02:31:16Z,163100,7275100,7275100,58
2026-08-26T02:31:16Z,163101,9903200,9903200,40
2026-08-26T02:31:16Z,163102,9900000,9900000,40
2026-08-26T02:31:16Z,163103,48800,48800,64
2026-08-26T02:31:16Z,163104,9904000,9904000,24
2026-08-26T02:31:16Z,163105,9900000,9900000,55
2026-08-26T02:31:16Z,163106,9970000,9970000,40
2026-08-26T02:31:16Z,163107,9901600,9901600,30
2026-08-26T02:31:16Z,163109,9950000,9950000,40
2026-08-26T02:31:16Z,163110,55600,55600,583
2026-08-26T02:31:16Z,163115,9900000,9900000,40
2026-08-26T02:31:16Z,163117,9813000,9813000,24
2026-08-26T02:31:16Z,163118,9901900,9901900,34
2026-08-26T02:31:16Z,163132,140400,140400,50
2026-08-26T02:31:16Z,163133,48000,48000,42
2026-08-26T02:31:16Z,163134,9969700,9969700,25
2026-08-26T02:31:16Z,163135,9890000,9890000,25
2026-08-26T02:31:16Z,163136,9800000,9800000,21
2026-08-26T02:31:16Z,163137,3583200,3583200,125
2026-08-26T02:31:16Z,163138,9955000,9955000,25
2026-08-26T02:31:16Z,163140,6500000,6500000,34
2026-08-26T02:31:16Z,163143,300000,300000,56
2026-08-26T02:31:16Z,163145,1500000,9970000,26
2026-08-26T02:31:16Z,163147,1500000,1500000,49
2026-08-26T02:31:16Z,163149,15000,9947100,46
2026-08-26T02:31:16Z,163150,599800,599800,110
2026-08-26T02:31:16Z,163151,1500000,1500000,45
2026-08-26T02:31:16Z,163152,9899400,9899400,25
2026-08-26T02:31:16Z,163153,415800,415800,37
2026-08-26T02:31:16Z,163154,249900,249900,128
2026-08-26T02:31:16Z,163155,420000,9908000,27
2026-08-26T02:31:16Z,163156,9803700,9803700,25
2026-08-26T02:31:16Z,163157,9899300,9899300,25
2026-08-26T02:31:16Z,163158,8900,8900,140
2026-08-26T02:31:16Z,163159,9890000,9890000,25
2026-08-26T02:31:16Z,163160,9849500,9849500,25
2026-08-26T02:31:16Z,163187,9969700,9969700,25
2026-08-26T02:31:16Z,163192,1499900,1499900,145
2026-08-26T02:31:16Z,163202,9944800,9944800,26
2026-08-26T02:31:16Z,163207,97300,97300,132
2026-08-26T02:31:16Z,163208,390000,390000,75
2026-08-26T02:31:16Z,163222,2200,2500,767
2026-08-26T02:31:16Z,163223,10000,16800,220
2026-08-26T02:31:16Z,163224,5200,5200,266
2026-08-26T02:31:16Z,163225,2200,2500,80
2026-08-26T02:31:16Z,163387,9970500,9970500,45
2026-08-26T02:31:16Z,163388,9000,9000,129
2026-08-26T02:31:16Z,163391,5900,5900,62
2026-08-26T02:31:16Z,163395,9900000,9900000,25
2026-08-26T02:31:16Z,163399,6500000,6500000,36
2026-08-26T02:31:16Z,163407,9701500,9701500,25
2026-08-26T02:31:16Z,163411,890000,890000,38
2026-08-26T02:31:16Z,163417,9948900,9948900,21
2026-08-26T02:31:16Z,163522,313900,313900,45
2026-08-26T02:31:16Z,163548,198600,198600,70
2026-08-26T02:31:16Z,163549,194500,194500,95
2026-08-26T02:31:16Z,163558,900000,900000,430
2026-08-26T02:31:16Z,163563,9800000,9800000,26
2026-08-26T02:31:16Z,163569,100,100,676912
2026-08-26T02:31:16Z,163580,290003300,290003300,3
2026-08-26T02:31:16Z,163581,5009700,5009700,3
2026-08-26T02:31:16Z,163606,1424900,49004900,20
2026-08-26T02:31:16Z,163637,406900,406900,62
2026-08-26T02:31:16Z,163638,164300,164400,49
2026-08-26T02:31:16Z,163639,1898800,1898800,9
2026-08-26T02:31:16Z,163640,229400,229500,76
2026-08-26T02:31:16Z,163641,449500,449500,52
2026-08-26T02:31:16Z,163642,499400,499400,50
2026-08-26T02:31:16Z,163643,1119700,1119700,37
2026-08-26T02:31:16Z,163651,9790000,9799900,33
2026-08-26T02:31:16Z,163685,290001100,290001100,1
2026-08-26T02:31:16Z,163686,290001900,290001900,1
2026-08-26T02:31:16Z,163687,290000100,290000100,2
2026-08-26T02:31:16Z,163688,290001800,290001800,1
2026-08-26T02:31:16Z,163691,5600,149900,528
2026-08-26T02:31:16Z,163692,280000,280000,340
2026-08-26T02:31:16Z,163695,57600,57700,1255
2026-08-26T02:31:16Z,163698,8000,20000,120
2026-08-26T02:31:16Z,163700,9900,990000,213
2026-08-26T02:31:16Z,163701,9700,990000,224
2026-08-26T02:31:16Z,163707,92200,99900,456
2026-08-26T02:31:16Z,163709,39901900,39901900,10
2026-08-26T02:31:16Z,163781,79900,80000,667
2026-08-26T02:31:16Z,163782,299900,309900,296
2026-08-26T02:31:16Z,163783,3164200,3164200,50
2026-08-26T02:31:16Z,163784,40000,40000,110
2026-08-26T02:31:16Z,163785,9950400,9950400,25
2026-08-26T02:31:16Z,163786,9990400,9990400,21
2026-08-26T02:31:16Z,163841,9000,9000,107
2026-08-26T02:31:16Z,163842,49003300,49003300,22
2026-08-26T02:31:16Z,163843,49003000,49003000,11
2026-08-26T02:31:16Z,163844,49003000,49003000,10
2026-08-26T02:31:16Z,163855,30000000,30000000,24
2026-08-26T02:31:16Z,163896,49003300,49003300,22
2026-08-26T02:31:16Z,163897,712800,712800,27
2026-08-26T02:31:16Z,163898,290003300,290003300,1
2026-08-26T02:31:16Z,163899,49003300,49003300,18
2026-08-26T02:31:16Z,163900,49003300,49003300,21
2026-08-26T02:31:16Z,163901,9903300,9903300,80
2026-08-26T02:31:16Z,163902,49003300,49003300,19
2026-08-26T02:31:16Z,163903,49003300,49003300,20
2026-08-26T02:31:16Z,163904,49003300,49003300,20
2026-08-26T02:31:16Z,163906,49009900,49009900,34
2026-08-26T02:31:16Z,163907,290003300,290003300,1
2026-08-26T02:31:16Z,163908,49003300,49003300,12
2026-08-26T02:31:16Z,163910,49003300,49003300,20
2026-08-26T02:31:16Z,163911,49003300,49003300,17
2026-08-26T02:31:16Z,163912,49003300,49003300,20
2026-08-26T02:31:16Z,163913,290003300,290003300,1
2026-08-26T02:31:16Z,163914,48508200,49008200,22
2026-08-26T02:31:16Z,163915,49003300,49003300,12
2026-08-26T02:31:16Z,163917,49003300,49003300,20
2026-08-26T02:31:16Z,163918,19979000,19989000,31
2026-08-26T02:31:16Z,163919,49003300,49003300,20
2026-08-26T02:31:16Z,163920,49003300,49003300,20
2026-08-26T02:31:16Z,163921,9903300,9903300,60
2026-08-26T02:31:16Z,165016,11500,11500,205
2026-08-26T02:31:16Z,165017,14300,14300,485
2026-08-26T02:31:16Z,165692,2899600,4999900,198
2026-08-26T02:31:16Z,165733,8999900,8999900,124
2026-08-26T02:31:16Z,165755,150000,150000,189
2026-08-26T02:31:16Z,166240,840000,840000,307
2026-08-26T02:31:16Z,166270,209400,209400,30
2026-08-26T02:31:16Z,166288,290001800,290001800,1
2026-08-26T02:31:16Z,166343,20000,20000,436
2026-08-26T02:31:16Z,166344,10000,11900,545
2026-08-26T02:31:16Z,166419,9996800,9996800,35
2026-08-26T02:31:16Z,166420,7849000,9999900,42
2026-08-26T02:31:16Z,166583,5498600,5498600,121
2026-08-26T02:31:16Z,166664,3202600,3202600,167
2026-08-26T02:31:16Z,166728,290008600,290008600,1
2026-08-26T02:31:16Z,166804,110300,110300,4451
2026-08-26T02:31:16Z,167043,9905300,9905300,125
2026-08-26T02:31:16Z,167539,473400,473400,123
2026-08-26T02:31:16Z,167548,9899200,9899200,125
2026-08-26T02:31:16Z,167738,10800,10900,17821
2026-08-26T02:31:16Z,167739,9700000,9700000,40
2026-08-26T02:31:16Z,167861,190000,199800,1624
2026-08-26T02:31:16Z,167862,290900,290900,3351
2026-08-26T02:31:16Z,167933,1500000100,1500000100,2
2026-08-26T02:31:16Z,168006,290000100,290000100,1
2026-08-26T02:31:16Z,168007,290000100,290000100,1
2026-08-26T02:31:16Z,168008,1500000100,1500000100,1
2026-08-26T02:31:16Z,168009,49000100,49000100,20
2026-08-26T02:31:16Z,168019,290001900,290001900,1
2026-08-26T02:31:16Z,168185,157300,293700,52617
2026-08-26T02:31:16Z,168188,789800,840000,413
2026-08-26T02:31:16Z,168189,50000,50000,672
2026-08-26T02:31:16Z,168190,79900,79900,407
2026-08-26T02:31:16Z,168191,59900,59900,606
2026-08-26T02:31:16Z,168192,75000,75000,455
2026-08-26T02:31:16Z,168193,316500,316700,454
2026-08-26T02:31:16Z,168215,696900,696900,7358
2026-08-26T02:31:16Z,168216,45400,48000,127534
2026-08-26T02:31:16Z,168217,82100,90000,30788
2026-08-26T02:31:16Z,168232,28220800,39500800,27
2026-08-26T02:31:16Z,168302,33400,33500,1767
2026-08-26T02:31:16Z,168303,4500,14600,6688
2026-08-26T02:31:16Z,168310,17500,18400,513
2026-08-26T02:31:16Z,168311,160000,160000,492
2026-08-26T02:31:16Z,168312,112700,115000,235
2026-08-26T02:31:16Z,168313,7500,7500,198
2026-08-26T02:31:16Z,168314,120000,120000,564
2026-08-26T02:31:16Z,168315,2995500,2995500,55
2026-08-26T02:31:16Z,168392,9950000,9950000,28
2026-08-26T02:31:16Z,168412,2858200,2858200,777
2026-08-26T02:31:16Z,168417,10209900,10250000,5277
2026-08-26T02:31:16Z,168419,1448700,1449200,1355
2026-08-26T02:31:16Z,168427,2800000,2800000,209
2026-08-26T02:31:16Z,168446,1440800,1440800,66
2026-08-26T02:31:16Z,168447,1937100,1937100,260
2026-08-26T02:31:16Z,168448,1506200,1506200,131
2026-08-26T02:31:16Z,168449,1554100,1554100,104
2026-08-26T02:31:16Z,168487,65200,65200,33646
2026-08-26T02:31:16Z,168489,990000,990000,107
2026-08-26T02:31:16Z,168498,1000000,1000000,134
2026-08-26T02:31:16Z,168499,987100,987100,124
2026-08-26T02:31:16Z,168500,1000000,1300000,109
2026-08-26T02:31:16Z,168501,961800,961800,227
2026-08-26T02:31:16Z,168506,55000,55000,209
2026-08-26T02:31:16Z,168529,498400,1400000,515
2026-08-26T02:31:16Z,168583,68900,79000,32748
2026-08-26T02:31:16Z,168586,50500,58800,23772
2026-08-26T02:31:16Z,168589,69900,70000,19536
2026-08-26T02:31:16Z,168592,1207200,9900000,36
2026-08-26T02:31:16Z,168593,2023100,2050300,148
2026-08-26T02:31:16Z,168596,2959700,2986700,92
2026-08-26T02:31:16Z,168598,2973700,2974000,89
2026-08-26T02:31:16Z,168624,500000,500000,117
2026-08-26T02:31:16Z,168635,1450000,1450000,195
2026-08-26T02:31:16Z,168636,2729800,2729800,72
2026-08-26T02:31:16Z,168637,2006400,2006400,91
2026-08-26T02:31:16Z,168638,2785700,2785700,109
2026-08-26T02:31:16Z,168639,150000,190000,435
2026-08-26T02:31:16Z,168640,434900,434900,61
2026-08-26T02:31:16Z,168641,353700,353700,92
2026-08-26T02:31:16Z,168642,334200,339700,67
2026-08-26T02:31:16Z,168645,700,900,17305
2026-08-26T02:31:16Z,168646,25000,29800,694
2026-08-26T02:31:16Z,168649,110400,110400,13578
2026-08-26T02:31:16Z,168650,1600,1600,32185
2026-08-26T02:31:16Z,168651,1680000,1680000,434
2026-08-26T02:31:16Z,168652,800000,990000,487
2026-08-26T02:31:16Z,168653,1920000,1920000,218
2026-08-26T02:31:16Z,168654,899900,1009600,295
2026-08-26T02:31:16Z,168662,78100,78100,2509
2026-08-26T02:31:16Z,168663,59800,59800,4570
2026-08-26T02:31:16Z,168755,49004600,49004600,18
2026-08-26T02:31:16Z,168786,799700,799700,36
2026-08-26T02:31:16Z,168788,350000,350000,9
2026-08-26T02:31:16Z,168789,1724900,49000000,22
2026-08-26T02:31:16Z,168790,190000,190000,15
2026-08-26T02:31:16Z,168791,454500,1500000,29
2026-08-26T02:31:16Z,168792,2009800,2009800,36
2026-08-26T02:31:16Z,168793,9990000,9990000,4
2026-08-26T02:31:16Z,168794,142600,142600,23
2026-08-26T02:31:16Z,168795,112500,224100,18
2026-08-26T02:31:16Z,168796,4322000,4322000,25
2026-08-26T02:31:16Z,168797,287000,287000,28
2026-08-26T02:31:16Z,168806,950000,990000,26
2026-08-26T02:31:16Z,168812,45200,9892500,24
2026-08-26T02:31:16Z,168822,189900,189900,49541
2026-08-26T02:31:16Z,168825,289800,449500,8507
2026-08-26T02:31:16Z,168828,1439500,1439500,4610
2026-08-26T02:31:16Z,168956,7990000,9890000,23
2026-08-26T02:31:16Z,168959,500000,4999900,75
2026-08-26T02:31:16Z,168960,400000,499900,154
2026-08-26T02:31:16Z,169115,9850000,9850000,38
2026-08-26T02:31:16Z,169116,9919200,9919200,25
2026-08-26T02:31:16Z,169117,777000,777000,35
2026-08-26T02:31:16Z,169118,9909300,9909300,40
2026-08-26T02:31:16Z,169119,9968700,9968700,30
2026-08-26T02:31:16Z,169120,9949200,9949200,40
2026-08-26T02:31:16Z,169130,9900,9909900,87
2026-08-26T02:31:16Z,169132,15000,9905000,68
2026-08-26T02:31:16Z,169135,10000,9900000,107
2026-08-26T02:31:16Z,169138,210000,210000,31
2026-08-26T02:31:16Z,169139,49009700,49009700,20
2026-08-26T02:31:16Z,169143,49009700,49009700,20
2026-08-26T02:31:16Z,169145,10000,10000,54
2026-08-26T02:31:16Z,169146,49009700,49009700,20
2026-08-26T02:31:16Z,169149,750000,760000,26
2026-08-26T02:31:16Z,169152,210000,950000,40
2026-08-26T02:31:16Z,169220,1886500,1991900,167
2026-08-26T02:31:16Z,169280,226600,226600,83
2026-08-26T02:31:16Z,169296,25850500,25850500,63
2026-08-26T02:31:16Z,169299,20000,20000,255
2026-08-26T02:31:16Z,169300,308900,9989700,44
2026-08-26T02:31:16Z,169332,169900,173600,1061
2026-08-26T02:31:16Z,169333,33000,45000,967
2026-08-26T02:31:16Z,169334,689700,689700,889
2026-08-26T02:31:16Z,169445,2500000,2500000,570
2026-08-26T02:31:16Z,169446,9990000,9990000,20
2026-08-26T02:31:16Z,169449,6600,6600,235
2026-08-26T02:31:16Z,169451,8900,9000,8082
2026-08-26T02:31:16Z,169456,375700,375700,223
2026-08-26T02:31:16Z,169660,450000,450000,153
2026-08-26T02:31:16Z,169661,108800,108800,87
2026-08-26T02:31:16Z,169662,458200,458200,56
2026-08-26T02:31:16Z,169663,459300,459300,115
2026-08-26T02:31:16Z,169669,9800000,9800000,25
2026-08-26T02:31:16Z,169673,265100,265100,59
2026-08-26T02:31:16Z,169674,699900,700000,102
2026-08-26T02:31:16Z,169675,450000,450000,77
2026-08-26T02:31:16Z,169697,990000100,990000100,1
2026-08-26T02:31:16Z,169701,50000,51900,14664
2026-08-26T02:31:16Z,169946,9900000,9900000,49
2026-08-26T02:31:16Z,169947,9970400,9970400,29
2026-08-26T02:31:16Z,169948,9870000,9870000,30
2026-08-26T02:31:16Z,169949,9990000,9990000,40
2026-08-26T02:31:16Z,169952,9899900,9899900,33
2026-08-26T02:31:16Z,169954,88000,88000,92
2026-08-26T02:31:16Z,169956,9972100,9972100,57
2026-08-26T02:31:16Z,170164,7450300,7453300,191
2026-08-26T02:31:16Z,170165,4969900,4969900,162
2026-08-26T02:31:16Z,170168,5528600,5528600,100
2026-08-26T02:31:16Z,170173,8499900,8499900,105
2026-08-26T02:31:16Z,170491,12000100,12000100,31
2026-08-26T02:31:16Z,170554,60500,70000,23690
2026-08-26T02:31:16Z,171195,1720000,1730000,139
2026-08-26T02:31:16Z,171196,214500,214500,174
2026-08-26T02:31:16Z,171203,1004700,1004700,145
2026-08-26T02:31:16Z,171263,9600,9600,123
2026-08-26T02:31:16Z,171264,31100,31500,214
2026-08-26T02:31:16Z,171266,10600,10700,867
2026-08-26T02:31:16Z,171267,2800,2900,1094
2026-08-26T02:31:16Z,171268,24600,24800,313
2026-08-26T02:31:16Z,171269,2500,2600,146
2026-08-26T02:31:16Z,171270,403100,403100,347
2026-08-26T02:31:16Z,171271,65500,65600,161
2026-08-26T02:31:16Z,171272,3000,3300,152
2026-08-26T02:31:16Z,171273,12500,12500,423
2026-08-26T02:31:16Z,171274,29000,29000,65
2026-08-26T02:31:16Z,171275,14300,14400,382
2026-08-26T02:31:16Z,171276,250000,259400,4561
2026-08-26T02:31:16Z,171278,25000,25000,866
2026-08-26T02:31:16Z,171285,11600,11600,312
2026-08-26T02:31:16Z,171286,109400,110500,189
2026-08-26T02:31:16Z,171287,57500,60000,856
2026-08-26T02:31:16Z,171288,17500,19200,2653
2026-08-26T02:31:16Z,171289,119000,119000,2998
2026-08-26T02:31:16Z,171290,109500,110000,5873
2026-08-26T02:31:16Z,171291,92100,92100,574
2026-08-26T02:31:16Z,171292,200000,200000,4936
2026-08-26T02:31:16Z,171301,600000,600000,182
2026-08-26T02:31:16Z,171315,80500,96400,20326
2026-08-26T02:31:16Z,171346,290000400,290000400,1
2026-08-26T02:31:16Z,171348,12003500,12003500,3
2026-08-26T02:31:16Z,171349,99700,99800,369
2026-08-26T02:31:16Z,171350,50000,83000,219
2026-08-26T02:31:16Z,171351,77100,77100,72
2026-08-26T02:31:16Z,171352,22200,22200,147
2026-08-26T02:31:16Z,171370,70000,74000,216
2026-08-26T02:31:16Z,171428,250000,274000,2645
2026-08-26T02:31:16Z,171436,30500,30500,157
2026-08-26T02:31:16Z,171437,2800,2800,399
2026-08-26T02:31:16Z,171438,1000,1000,124
2026-08-26T02:31:16Z,171439,2700,2700,546
2026-08-26T02:31:16Z,171441,44900,44900,96
2026-08-26T02:31:16Z,171828,29600,30000,50275
2026-08-26T02:31:16Z,171829,33600,34900,78566
2026-08-26T02:31:16Z,171830,30000,30400,3094
2026-08-26T02:31:16Z,171831,69900,69900,12813
2026-08-26T02:31:16Z,171832,29000,30000,3997
2026-08-26T02:31:16Z,171833,140000,144400,8632
2026-08-26T02:31:16Z,171840,100,3200,231990
2026-08-26T02:31:16Z,171841,1900,3600,15355
2026-08-26T02:31:16Z,172008,499800,499800,122
2026-08-26T02:31:16Z,172010,959400,959500,53
2026-08-26T02:31:16Z,172017,4131700,8009600,48
2026-08-26T02:31:16Z,172018,1939600,9500000,236
2026-08-26T02:31:16Z,172019,3002500,25000000,432
2026-08-26T02:31:16Z,172040,3900,3900,226
2026-08-26T02:31:16Z,172041,1500,1500,551
2026-08-26T02:31:16Z,172042,29500,29500,117
2026-08-26T02:31:16Z,172043,370000,380000,274
2026-08-26T02:31:16Z,172044,4500,4500,226
2026-08-26T02:31:16Z,172045,1300,1300,712
2026-08-26T02:31:16Z,172046,1900,2000,673
2026-08-26T02:31:16Z,172047,13000,13000,251
2026-08-26T02:31:16Z,172048,24000,9891200,601
2026-08-26T02:31:16Z,172049,51700,51700,1004
2026-08-26T02:31:16Z,172050,9200,9200,339
2026-08-26T02:31:16Z,172051,9700,9700,472
2026-08-26T02:31:16Z,172052,700,700,19273
2026-08-26T02:31:16Z,172053,100,700,9511
2026-08-26T02:31:16Z,172054,700,700,14971
2026-08-26T02:31:16Z,172055,700,700,7140
2026-08-26T02:31:16Z,172056,1900,1900,3217
2026-08-26T02:31:16Z,172057,6000,7400,7319
2026-08-26T02:31:16Z,172058,3900,4500,5021
2026-08-26T02:31:16Z,172059,1100,1100,3162
2026-08-26T02:31:16Z,172061,4900,4900,418
2026-08-26T02:31:16Z,172062,9700,9800,127
2026-08-26T02:31:16Z,172063,64700,64700,5847
2026-08-26T02:31:16Z,172068,6400,6500,186
2026-08-26T02:31:16Z,172069,11700,11700,346
2026-08-26T02:31:16Z,172089,2700,2900,94705
2026-08-26T02:31:16Z,172091,800000,800000,70
2026-08-26T02:31:16Z,172092,200,600,67823
2026-08-26T02:31:16Z,172094,10000,10000,13306
2026-08-26T02:31:16Z,172096,42800,51100,11437
2026-08-26T02:31:16Z,172097,49800,49900,51264
2026-08-26T02:31:16Z,172142,1500002100,1500002100,1
2026-08-26T02:31:16Z,172143,990002100,990002100,1
2026-08-26T02:31:16Z,172144,290002100,290002100,1
2026-08-26T02:31:16Z,172145,290000300,290000300,1
2026-08-26T02:31:16Z,172146,999900,999900,68
2026-08-26T02:31:16Z,172147,9992100,9992100,2
2026-08-26T02:31:16Z,172202,500005100,500005100,7
2026-08-26T02:31:16Z,172230,2200,2500,30683
2026-08-26T02:31:16Z,172231,4900,6300,181394
2026-08-26T02:31:16Z,172232,9700,10600,54969
2026-08-26T02:31:16Z,172233,20000,28500,236
2026-08-26T02:31:16Z,172346,23300,24500,203
2026-08-26T02:31:16Z,172347,4200,4200,168
2026-08-26T02:31:16Z,172357,5000,5000,105
2026-08-26T02:31:16Z,172358,5000,5000,124
2026-08-26T02:31:16Z,172359,4000,4000,389
2026-08-26T02:31:16Z,172360,9900,10000,759
2026-08-26T02:31:16Z,172361,19100,19100,127
2026-08-26T02:31:16Z,172362,5000,10000,137
2026-08-26T02:31:16Z,172363,5000,5000,96
2026-08-26T02:31:16Z,172364,9800,9800,116
2026-08-26T02:31:16Z,172365,26600,599900,66
2026-08-26T02:31:16Z,172366,14000,14000,226
2026-08-26T02:31:16Z,172367,19900,20000,78
2026-08-26T02:31:16Z,172368,49000,49300,82
2026-08-26T02:31:16Z,172370,9000,10000,56
2026-08-26T02:31:16Z,172406,5000,5000,154
2026-08-26T02:31:16Z,172407,455500,455500,74
2026-08-26T02:31:16Z,172408,29000,29600,180
2026-08-26T02:31:16Z,172410,21000,22000,107
2026-08-26T02:31:16Z,172411,29500,29900,124
2026-08-26T02:31:16Z,172412,19000,349900,70
2026-08-26T02:31:16Z,172413,39600,39600,119
2026-08-26T02:31:16Z,172414,3000,3000,127
2026-08-26T02:31:16Z,172415,8900,9600,133
2026-08-26T02:31:16Z,172416,30000,30000,138
2026-08-26T02:31:16Z,172418,12000,12500,97
2026-08-26T02:31:16Z,172419,5000,5000,156
2026-08-26T02:31:16Z,172437,250000,260000,2023
2026-08-26T02:31:16Z,172438,120000,130000,2434
2026-08-26T02:31:16Z,172439,13000,13000,8149
2026-08-26T02:31:16Z,172449,4739700,4739700,246
2026-08-26T02:31:16Z,172451,200,200,77
2026-08-26T02:31:16Z,172500,290000000,290000000,2
2026-08-26T02:31:16Z,172501,290001400,290001400,1
2026-08-26T02:31:16Z,172502,290002800,290002800,1
2026-08-26T02:31:16Z,172503,290000000,290000000,1
2026-08-26T02:31:16Z,172504,290002800,290002800,1
2026-08-26T02:31:16Z,172902,1437600,1437600,137
2026-08-26T02:31:16Z,172903,52000,52500,111
2026-08-26T02:31:16Z,172904,50000,50000,127
2026-08-26T02:31:16Z,172920,4600,4600,92
2026-08-26T02:31:16Z,172921,2600,2700,145
2026-08-26T02:31:16Z,172934,9900,49900,16631
2026-08-26T02:31:16Z,172935,1700,1800,16067
2026-08-26T02:31:16Z,172936,19900,167500,594
2026-08-26T02:31:16Z,172937,19900,199900,914
2026-08-26T02:31:16Z,173032,400,5000,40953
2026-08-26T02:31:16Z,173033,1000,1000,21100
2026-08-26T02:31:16Z,173034,700,700,13235
2026-08-26T02:31:16Z,173035,400,900,5410
2026-08-26T02:31:16Z,173036,900,9900,3683
2026-08-26T02:31:16Z,173037,1900,49900,23604
2026-08-26T02:31:16Z,173038,9200,9200,167
2026-08-26T02:31:16Z,173039,9900,9900,36
2026-08-26T02:31:16Z,173040,9952900,9952900,25
2026-08-26T02:31:16Z,173041,9000,9000,61
2026-08-26T02:31:16Z,173042,9800,9800,47
2026-08-26T02:31:16Z,173043,8400,8400,104
2026-08-26T02:31:16Z,173048,9795000,9795000,91
2026-08-26T02:31:16Z,173049,3000000,3000000,30
2026-08-26T02:31:16Z,173051,5602700,5602700,46
2026-08-26T02:31:16Z,173053,7201700,7201700,58
2026-08-26T02:31:16Z,173056,380000,550000,12526
2026-08-26T02:31:16Z,173057,22800,68000,97682
2026-08-26T02:31:16Z,173058,450000,550000,38998
2026-08-26T02:31:16Z,173059,50000,55000,19985
2026-08-26T02:31:16Z,173060,26500,26500,21191
2026-08-26T02:31:16Z,173062,7599100,7599100,53
2026-08-26T02:31:16Z,173065,30000,30000,127
2026-08-26T02:31:16Z,173067,9990000,9990200,33
2026-08-26T02:31:16Z,173070,25000100,39590100,62
2026-08-26T02:31:16Z,173071,1980000,1980000,30
2026-08-26T02:31:16Z,173072,2500000,3802200,71
2026-08-26T02:31:16Z,173073,1990000,1990000,60
2026-08-26T02:31:16Z,173074,1000000,39906800,57
2026-08-26T02:31:16Z,173075,4800000,4800000,65
2026-08-26T02:31:16Z,173076,3000900,3850900,39
2026-08-26T02:31:16Z,173077,39000000,39992000,44
2026-08-26T02:31:16Z,173079,500000,500000,18
2026-08-26T02:31:16Z,173080,90000,388200,47
2026-08-26T02:31:16Z,173081,1246900,1246900,28
2026-08-26T02:31:16Z,173082,645500,645500,19
2026-08-26T02:31:16Z,173083,1400000,3110000,204
2026-08-26T02:31:16Z,173084,1700000,1780000,86
2026-08-26T02:31:16Z,173085,990000,990000,51
2026-08-26T02:31:16Z,173086,3500000,3500000,16
2026-08-26T02:31:16Z,173088,770000,770000,24
2026-08-26T02:31:16Z,173089,199900,1450000,29
2026-08-26T02:31:16Z,173090,2000000,2000000,32
2026-08-26T02:31:16Z,173091,900000,900000,22
2026-08-26T02:31:16Z,173092,190000,190000,25
2026-08-26T02:31:16Z,173093,7400000,7400000,24
2026-08-26T02:31:16Z,173094,1870000,1870000,28
2026-08-26T02:31:16Z,173095,990000,990000,21
2026-08-26T02:31:16Z,173097,2990000,3494200,26
2026-08-26T02:31:16Z,173098,450000,450000,29
2026-08-26T02:31:16Z,173099,2500000,3000000,36
2026-08-26T02:31:16Z,173100,2200000,2500000,43
2026-08-26T02:31:16Z,173101,999900,2990000,34
2026-08-26T02:31:16Z,173102,4500000,4500000,41
2026-08-26T02:31:16Z,173103,2000000,3000000,26
2026-08-26T02:31:16Z,173104,2221800,3001800,182
2026-08-26T02:31:16Z,173108,29600,29600,2250
2026-08-26T02:31:16Z,173109,26400,26400,2764
2026-08-26T02:31:16Z,173110,25900,25900,1895
2026-08-26T02:31:16Z,173121,107800,107800,341
2026-08-26T02:31:16Z,173122,173000,173000,219
2026-08-26T02:31:16Z,173123,100000,100000,229
2026-08-26T02:31:16Z,173124,80000,81500,280
2026-08-26T02:31:16Z,173125,59000,59000,365
2026-08-26T02:31:16Z,173126,145700,145700,251
2026-08-26T02:31:16Z,173127,99900,99900,165
2026-08-26T02:31:16Z,173128,284600,284600,369
2026-08-26T02:31:16Z,173129,255500,255500,118
2026-08-26T02:31:16Z,173130,95000,95000,579
2026-08-26T02:31:16Z,173160,1800000,1800000,496
2026-08-26T02:31:16Z,173161,999900,999900,581
2026-08-26T02:31:16Z,173162,2020700,2921900,296
2026-08-26T02:31:16Z,173163,1350000,1500000,338
2026-08-26T02:31:16Z,173168,9000,9100,1938
2026-08-26T02:31:16Z,173170,593900,593900,9964
2026-08-26T02:31:16Z,173171,93500,93500,8474
2026-08-26T02:31:16Z,173172,92000,92000,17227
2026-08-26T02:31:16Z,173173,314900,314900,10622
2026-08-26T02:31:16Z,173191,1800,1800,419
2026-08-26T02:31:16Z,173192,3000,3000,507
2026-08-26T02:31:16Z,173202,300,2200,11453065
2026-08-26T02:31:16Z,173204,2200,4000,93722
2026-08-26T02:31:16Z,173359,120009700,120009700,2
2026-08-26T02:31:16Z,173360,49800,49800,48
2026-08-26T02:31:16Z,173361,13400,13400,33
2026-08-26T02:31:16Z,173362,8400,8400,118
2026-08-26T02:31:16Z,173759,199000,199000,100
2026-08-26T02:31:16Z,173760,225400,755600,106
2026-08-26T02:31:16Z,173761,50000,50000,48
2026-08-26T02:31:16Z,173762,29900,29900,61
2026-08-26T02:31:16Z,173859,1900,1900,221
2026-08-26T02:31:16Z,173870,990000100,990000100,1
2026-08-26T02:31:16Z,173871,4000,4000,46
2026-08-26T02:31:16Z,173874,13000,13000,78
2026-08-26T02:31:16Z,173875,290002400,290002400,1
2026-08-26T02:31:16Z,173877,49009900,49009900,23
2026-08-26T02:31:16Z,173878,290007900,290007900,2
2026-08-26T02:31:16Z,173906,2500009700,2500009700,1
2026-08-26T02:31:16Z,173908,49004700,49004700,20
2026-08-26T02:31:16Z,173911,1500004400,1500004400,1
2026-08-26T02:31:16Z,173912,1500004400,1500004400,1
2026-08-26T02:31:16Z,173913,9994400,9994400,2
2026-08-26T02:31:16Z,173937,900000,900000,14
2026-08-26T02:31:16Z,174041,192800,192800,70
2026-08-26T02:31:16Z,174104,49004200,49004200,20
2026-08-26T02:31:16Z,174207,290005300,290005300,1
2026-08-26T02:31:16Z,174208,1500005600,1500005600,1
2026-08-26T02:31:16Z,174209,290006200,290006200,1
2026-08-26T02:31:16Z,174281,54900,54900,57
2026-08-26T02:31:16Z,174282,9805800,9805800,60
2026-08-26T02:31:16Z,174283,52000,52000,502
2026-08-26T02:31:16Z,174284,9899700,9899700,40
2026-08-26T02:31:16Z,174285,10000,9905000,41
2026-08-26T02:31:16Z,174322,290000000,290000000,1
2026-08-26T02:31:16Z,174327,70600,74000,985
2026-08-26T02:31:16Z,174328,206600,209400,1013
2026-08-26T02:31:16Z,174347,1500006000,1500006000,1
2026-08-26T02:31:16Z,174348,419800,419800,68
2026-08-26T02:31:16Z,174349,491700,491700,132
2026-08-26T02:31:16Z,174350,10000,10000,1050
2026-08-26T02:31:16Z,174351,659900,659900,162
2026-08-26T02:31:16Z,174352,38000,38000,504
2026-08-26T02:31:16Z,174353,6800,199900,471425
2026-08-26T02:31:16Z,174383,49001000,49001000,20
2026-08-26T02:31:16Z,174890,664100,2329600,24
2026-08-26T02:31:16Z,174891,343000,39998300,7
2026-08-26T02:31:16Z,174983,290006000,290006000,1
2026-08-26T02:31:16Z,175052,420000,420000,25
2026-08-26T02:31:16Z,175053,101700,101700,27
2026-08-26T02:31:16Z,175054,83800,83800,16
2026-08-26T02:31:16Z,175056,17991100,19991100,12
2026-08-26T02:31:16Z,175069,50000,50000,103
2026-08-26T02:31:16Z,175241,4200,4200,328
2026-08-26T02:31:16Z,175788,40000,40000,5164
2026-08-26T02:31:16Z,175886,600,700,2808
2026-08-26T02:31:16Z,175924,9906700,9906700,57
2026-08-26T02:31:16Z,175954,290003700,290003700,1
2026-08-26T02:31:16Z,175955,49005400,49005400,23
2026-08-26T02:31:16Z,175957,159500,49009900,21
2026-08-26T02:31:16Z,175959,290002600,290002600,1
2026-08-26T02:31:16Z,175960,30000,49000000,22
2026-08-26T02:31:16Z,175962,290006300,290006300,1
2026-08-26T02:31:16Z,175965,49002300,49002300,17
2026-08-26T02:31:16Z,175970,55000,55000,2379
2026-08-26T02:31:16Z,176086,49006500,49006500,65
2026-08-26T02:31:16Z,176087,2226900,9800000,95
2026-08-26T02:31:16Z,176088,270006300,270006300,3
2026-08-26T02:31:16Z,176089,49003000,49003000,24
2026-08-26T02:31:16Z,176391,18200,18200,44
2026-08-26T02:31:16Z,176392,49009900,49009900,24
2026-08-26T02:31:16Z,176393,1713400,1713400,2
2026-08-26T02:31:16Z,176807,255600,255600,39
2026-08-26T02:31:16Z,176809,4700,4700,67
2026-08-26T02:31:16Z,176810,781300,781300,7
2026-08-26T02:31:16Z,176811,50000,70000,138
2026-08-26T02:31:16Z,176852,258800,258800,29
2026-08-26T02:31:16Z,176853,3800,3800,129
2026-08-26T02:31:16Z,176854,290006000,290006000,2
2026-08-26T02:31:16Z,176855,240000,240000,47
2026-08-26T02:31:16Z,176856,49005700,49005700,20
2026-08-26T02:31:16Z,176857,290008100,290008100,1
2026-08-26T02:31:16Z,176858,49002400,49002400,21
2026-08-26T02:31:16Z,176859,48999000,48999000,42
2026-08-26T02:31:16Z,176860,590000,590000,11
2026-08-26T02:31:16Z,176861,45008000,49008000,37
2026-08-26T02:31:16Z,176862,3800,3800,156
2026-08-26T02:31:16Z,176863,290001600,290001600,1
2026-08-26T02:31:16Z,176864,49006000,49006000,33
2026-08-26T02:31:16Z,176865,128500,128500,55
2026-08-26T02:31:16Z,176866,4000,4000,135
2026-08-26T02:31:16Z,176867,49009900,49009900,22
2026-08-26T02:31:16Z,176868,30000,30000,121
2026-08-26T02:31:16Z,176869,5000,5000,160
2026-08-26T02:31:16Z,176870,8506500,8506500,35
2026-08-26T02:31:16Z,176871,17700,17700,30
2026-08-26T02:31:16Z,176872,16900,16900,25
2026-08-26T02:31:16Z,176873,49009000,49009000,26
2026-08-26T02:31:16Z,176874,13800,13800,59
2026-08-26T02:31:16Z,176875,49009900,49009900,23
2026-08-26T02:31:16Z,176876,850000,850000,53
2026-08-26T02:31:16Z,176877,402400,402400,49
2026-08-26T02:31:16Z,176878,49001600,49001600,20
2026-08-26T02:31:16Z,176879,290003700,290003700,2
2026-08-26T02:31:16Z,176880,290007000,290007000,2
2026-08-26T02:31:16Z,176881,290002500,290002500,1
2026-08-26T02:31:16Z,176882,250000,320000,16
2026-08-26T02:31:16Z,176883,100003000,100003000,5
2026-08-26T02:31:16Z,176884,289737000,289737000,1
2026-08-26T02:31:16Z,176885,289900000,289900000,2
2026-08-26T02:31:16Z,176886,7346000,7346000,3
2026-08-26T02:31:16Z,176887,289989800,289989800,3
2026-08-26T02:31:16Z,177025,49009900,49009900,20
2026-08-26T02:31:16Z,177026,49009400,49009400,21
2026-08-26T02:31:16Z,177028,49005700,49005700,22
2026-08-26T02:31:16Z,177040,2900,2900,138
2026-08-26T02:31:16Z,177043,9909700,9909700,25
2026-08-26T02:31:16Z,177061,120000,139800,2281
2026-08-26T02:31:16Z,177062,88700,93000,3650
2026-08-26T02:31:16Z,177256,98700,98700,44
2026-08-26T02:31:16Z,177659,4300,4300,80
2026-08-26T02:31:16Z,177660,12500,13500,394
2026-08-26T02:31:16Z,177661,19700,19700,369
2026-08-26T02:31:16Z,177715,5000,5000,112
2026-08-26T02:31:16Z,177716,14000,15000,216
2026-08-26T02:31:16Z,177840,9003000,9003000,31
2026-08-26T02:31:16Z,177841,4000000,4000000,94
2026-08-26T02:31:16Z,177842,2970000,2970000,19
2026-08-26T02:31:16Z,177843,1500000,3792500,21
2026-08-26T02:31:16Z,177962,4400,7000,127
2026-08-26T02:31:16Z,178017,290000000,290000000,2
2026-08-26T02:31:16Z,178103,49005800,49005800,21
2026-08-26T02:31:16Z,178104,1490000,1490000,29
2026-08-26T02:31:16Z,178105,990008400,990008400,1
2026-08-26T02:31:16Z,178106,48999900,48999900,20
2026-08-26T02:31:16Z,178107,49000300,49000300,21
2026-08-26T02:31:16Z,178108,290003700,290003700,1
2026-08-26T02:31:16Z,178110,8500006000,8500006000,1
2026-08-26T02:31:16Z,178111,2500001600,2500001600,1
2026-08-26T02:31:16Z,178113,3900,3900,200
2026-08-26T02:31:16Z,178114,16900,49006900,22
2026-08-26T02:31:16Z,178115,199994000,199994000,2
2026-08-26T02:31:16Z,178116,290008600,290008600,1
2026-08-26T02:31:16Z,178122,290000800,290000800,1
2026-08-26T02:31:16Z,178123,49000300,49000300,22
2026-08-26T02:31:16Z,178125,49005400,49005400,21
2026-08-26T02:31:16Z,178126,49009800,49009800,23
2026-08-26T02:31:16Z,178127,859800,49009800,22
2026-08-26T02:31:16Z,178129,10008300,49008300,22
2026-08-26T02:31:16Z,178130,48999900,48999900,21
2026-08-26T02:31:16Z,178131,49007000,49007600,23
2026-08-26T02:31:16Z,178132,19700,49009700,21
2026-08-26T02:31:16Z,178133,77900,77900,57
2026-08-26T02:31:16Z,178134,890000,49009900,21
2026-08-26T02:31:16Z,178135,289999900,289999900,1
2026-08-26T02:31:16Z,178136,4200,4200,116
2026-08-26T02:31:16Z,178137,289999900,289999900,1
2026-08-26T02:31:16Z,178149,44300,44300,91
2026-08-26T02:31:16Z,178172,49000000,49000000,21
2026-08-26T02:31:16Z,178173,200000,49001400,23
2026-08-26T02:31:16Z,178174,290000400,290000400,2
2026-08-26T02:31:16Z,178175,49002900,49002900,22
2026-08-26T02:31:16Z,178177,290002400,290002400,1
2026-08-26T02:31:16Z,178178,3900,3900,147
2026-08-26T02:31:16Z,178216,110500,110500,101
2026-08-26T02:31:16Z,178217,2000,2000,93
2026-08-26T02:31:16Z,178218,880000,880000,38
2026-08-26T02:31:16Z,178219,9702000,9702000,45
2026-08-26T02:31:16Z,178220,700000,709800,51
2026-08-26T02:31:16Z,178221,3500000,3500000,31
2026-08-26T02:31:16Z,178222,80200,80200,272
2026-08-26T02:31:16Z,178223,1990000,1990000,59
2026-08-26T02:31:16Z,178224,1007000,1007000,64
2026-08-26T02:31:16Z,178225,681800,681800,119
2026-08-26T02:31:16Z,178226,9801000,9801000,58
2026-08-26T02:31:16Z,178227,50000,50000,49
2026-08-26T02:31:16Z,178228,1160700,2200000,76
2026-08-26T02:31:16Z,178247,949000,949000,87
2026-08-26T02:31:16Z,178252,54000,54000,64
2026-08-26T02:31:16Z,178518,50200,50200,154
2026-08-26T02:31:16Z,178534,9900000,9900000,34
2026-08-26T02:31:16Z,178535,9794500,9893400,29
2026-08-26T02:31:16Z,178536,9799600,9799600,75
2026-08-26T02:31:16Z,178537,9603700,9603700,76
2026-08-26T02:31:16Z,178538,9898400,9898400,26
2026-08-26T02:31:16Z,178539,9900000,9900000,59
2026-08-26T02:31:16Z,178540,9990000,9990000,28
2026-08-26T02:31:16Z,178541,9509700,9509700,87
2026-08-26T02:31:16Z,178542,19400,19500,65
2026-08-26T02:31:16Z,178543,207900,9990000,34
2026-08-26T02:31:16Z,178544,991900,991900,112
2026-08-26T02:31:16Z,178545,9802100,9802100,73
2026-08-26T02:31:16Z,178546,423400,423400,31
2026-08-26T02:31:16Z,178547,9760900,9760900,24
2026-08-26T02:31:16Z,178548,9960000,9960000,54
2026-08-26T02:31:16Z,178549,2743900,2743900,36
2026-08-26T02:31:16Z,178550,1900,1900,149
2026-08-26T02:31:16Z,178551,99600,9606000,30
2026-08-26T02:31:16Z,178552,60000,60000,52
2026-08-26T02:31:16Z,178786,13000,14400,4374
2026-08-26T02:31:16Z,178787,1098000,1098000,854
2026-08-26T02:31:16Z,178900,9899000,9899000,21
2026-08-26T02:31:16Z,178923,49000800,49000800,20
2026-08-26T02:31:16Z,179001,290003300,290003300,1
2026-08-26T02:31:16Z,179003,48999900,48999900,23
2026-08-26T02:31:16Z,179004,49000800,49000800,20
2026-08-26T02:31:16Z,179005,48093700,48093700,20
2026-08-26T02:31:16Z,179006,48999900,48999900,23
2026-08-26T02:31:16Z,179011,9902800,9902800,29
2026-08-26T02:31:16Z,179012,9903200,9903200,40
2026-08-26T02:31:16Z,179013,9900000,9900000,25
2026-08-26T02:31:16Z,179014,111100,222100,34
2026-08-26T02:31:16Z,179015,9015700,9900500,42
2026-08-26T02:31:16Z,179016,9900000,9900000,24
2026-08-26T02:31:16Z,179017,3710000,9790000,39
2026-08-26T02:31:16Z,179018,72700,9899900,41
2026-08-26T02:31:16Z,179019,9900000,9900000,40
2026-08-26T02:31:16Z,179020,48100,9894800,42
2026-08-26T02:31:16Z,179021,9902200,9902200,29
2026-08-26T02:31:16Z,179022,9904800,9904800,30
2026-08-26T02:31:16Z,179023,51800,9887600,44
2026-08-26T02:31:16Z,179025,9900000,9900000,34
2026-08-26T02:31:16Z,179026,3850500,3889300,124
2026-08-26T02:31:16Z,179166,9693300,9693300,40
2026-08-26T02:31:16Z,179267,9900000,9900000,25
2026-08-26T02:31:16Z,179268,9884800,9884800,40
2026-08-26T02:31:16Z,179269,9890000,9890000,40
2026-08-26T02:31:16Z,179270,9511000,9607000,26
2026-08-26T02:31:16Z,179271,30300,30300,113
2026-08-26T02:31:16Z,179272,9900000,9900000,40
2026-08-26T02:31:16Z,179273,715400,9950000,27
2026-08-26T02:31:16Z,179274,9870000,9870000,41
2026-08-26T02:31:16Z,179275,9904900,9904900,40
2026-08-26T02:31:16Z,179276,36900,9859200,44
2026-08-26T02:31:16Z,179277,9900000,9900000,30
2026-08-26T02:31:16Z,179278,188000,188000,36
2026-08-26T02:31:16Z,179279,49900,9879900,28
2026-08-26T02:31:16Z,179281,9904800,9904800,40
2026-08-26T02:31:16Z,179283,40000,9860000,45
2026-08-26T02:31:16Z,179284,7052300,9790200,32
2026-08-26T02:31:16Z,179285,40400,40400,34
2026-08-26T02:31:16Z,179286,148600,9990900,28
2026-08-26T02:31:16Z,179287,9875800,9875800,38
2026-08-26T02:31:16Z,179288,49003300,49003300,20
2026-08-26T02:31:16Z,179289,290003300,290003300,1
2026-08-26T02:31:16Z,179290,290003300,290003300,1
2026-08-26T02:31:16Z,179291,49003300,49003300,20
2026-08-26T02:31:16Z,179292,49003300,49003300,20
2026-08-26T02:31:16Z,179293,39989900,39989900,6
2026-08-26T02:31:16Z,179294,49003300,49003300,20
2026-08-26T02:31:16Z,179295,2646300,2940300,115
2026-08-26T02:31:16Z,179296,149900,49009900,21
2026-08-26T02:31:16Z,179297,8999900,8999900,3
2026-08-26T02:31:16Z,179298,290003300,290003300,1
2026-08-26T02:31:16Z,179299,290003300,290003300,1
2026-08-26T02:31:16Z,179300,49009900,49009900,20
2026-08-26T02:31:16Z,179307,425200,425300,42
2026-08-26T02:31:16Z,179308,280000,9870000,36
2026-08-26T02:31:16Z,179309,89800,9902700,44
2026-08-26T02:31:16Z,179310,182600,183500,43
2026-08-26T02:31:16Z,179314,100,700,8621
2026-08-26T02:31:16Z,179315,700,700,12542
2026-08-26T02:31:16Z,179368,49000000,49000000,18
2026-08-26T02:31:16Z,179369,327200,327200,25
2026-08-26T02:31:16Z,179370,200000,200000,43
2026-08-26T02:31:16Z,179372,49000000,49000000,42
2026-08-26T02:31:16Z,179985,49005700,49005700,21
2026-08-26T02:31:16Z,179986,9902100,9902100,100
2026-08-26T02:31:16Z,179992,3900,3900,146
2026-08-26T02:31:16Z,179993,9908700,9908700,25
2026-08-26T02:31:16Z,180055,4800,5000,352
2026-08-26T02:31:16Z,180057,42200,990000,232
2026-08-26T02:31:16Z,180058,195700,400000,362
2026-08-26T02:31:16Z,180059,1990000,1990000,121
2026-08-26T02:31:16Z,180060,899000,1990000,135
2026-08-26T02:31:16Z,180088,500,6100,25
2026-08-26T02:31:16Z,180168,500000,500000,33
2026-08-26T02:31:16Z,180307,290006000,290006000,3
2026-08-26T02:31:16Z,180309,16301800,16301800,3
2026-08-26T02:31:16Z,180310,290002700,290002700,1
2026-08-26T02:31:16Z,180317,8800,1990000,407
2026-08-26T02:31:16Z,180318,1900,2000,286
2026-08-26T02:31:16Z,180326,990006500,990006500,1
2026-08-26T02:31:16Z,180327,290006500,290006500,1
2026-08-26T02:31:16Z,180328,1500006500,1500006500,1
2026-08-26T02:31:16Z,180329,290006500,290006500,1
2026-08-26T02:31:16Z,180330,290006500,290006500,1
2026-08-26T02:31:16Z,180331,290000700,290000700,2
2026-08-26T02:31:16Z,180332,290006500,290006500,1
2026-08-26T02:31:16Z,180333,290006400,290006400,1
2026-08-26T02:31:16Z,180334,290006500,290006500,1
2026-08-26T02:31:16Z,180338,290000000,290000000,1
2026-08-26T02:31:16Z,180340,290006500,290006500,1
2026-08-26T02:31:16Z,180341,290006500,290006500,1
2026-08-26T02:31:16Z,180342,990006500,990006500,1
2026-08-26T02:31:16Z,180343,290006500,290006500,1
2026-08-26T02:31:16Z,180344,990006500,990006500,1
2026-08-26T02:31:16Z,180346,290006500,290006500,1
2026-08-26T02:31:16Z,180347,290006500,290006500,1
2026-08-26T02:31:16Z,180348,290000000,290000000,3
2026-08-26T02:31:16Z,180353,290006500,290006500,1
2026-08-26T02:31:16Z,180354,49001500,49001500,20
2026-08-26T02:31:16Z,180377,190000000,190000000,6
2026-08-26T02:31:16Z,180381,1500009000,1500009000,1
2026-08-26T02:31:16Z,180382,290009000,290009000,1
2026-08-26T02:31:16Z,180383,290009000,290009000,1
2026-08-26T02:31:16Z,180384,290009000,290009000,1
2026-08-26T02:31:16Z,180385,1500009000,1500009000,1
2026-08-26T02:31:16Z,180404,893000,9990400,35
2026-08-26T02:31:16Z,180405,10000,25300,135
2026-08-26T02:31:16Z,180406,290005200,290005200,1
2026-08-26T02:31:16Z,180408,1500001100,1500001100,1
2026-08-26T02:31:16Z,180409,9904600,9904600,27
2026-08-26T02:31:16Z,180410,991200,9311300,27
2026-08-26T02:31:16Z,180411,9888400,9888400,25
2026-08-26T02:31:16Z,180412,3070300,9902400,33
2026-08-26T02:31:16Z,180429,9990000,9990000,30
2026-08-26T02:31:16Z,180430,1300,1300,118
2026-08-26T02:31:16Z,180445,5200000,5209000,1119
2026-08-26T02:31:16Z,180448,1500000800,1500000800,1
2026-08-26T02:31:16Z,180449,1500000800,1500000800,1
2026-08-26T02:31:16Z,180450,4900800,4900800,200
2026-08-26T02:31:16Z,180457,1050000,1050000,722
2026-08-26T02:31:16Z,180475,290009200,290009200,1
2026-08-26T02:31:16Z,180476,49006500,49006500,20
2026-08-26T02:31:16Z,180504,290003300,290003300,1
2026-08-26T02:31:16Z,180505,450003300,450003300,1
2026-08-26T02:31:16Z,180506,290003300,290003300,1
2026-08-26T02:31:16Z,180507,290003300,290003300,1
2026-08-26T02:31:16Z,180508,49003300,49003300,13
2026-08-26T02:31:16Z,180509,290003300,290003300,1
2026-08-26T02:31:16Z,180510,49003300,49003300,20
2026-08-26T02:31:16Z,180511,290003300,290003300,1
2026-08-26T02:31:16Z,180512,290003300,290003300,1
2026-08-26T02:31:16Z,180513,290003300,290003300,1
2026-08-26T02:31:16Z,180514,290003300,290003300,1
2026-08-26T02:31:16Z,180515,290003300,290003300,1
2026-08-26T02:31:16Z,180516,49003300,49003300,20
2026-08-26T02:31:16Z,180517,290003300,290003300,1
2026-08-26T02:31:16Z,180518,49003300,49003300,19
2026-08-26T02:31:16Z,180519,290003300,290003300,1
2026-08-26T02:31:16Z,180520,49003300,49003300,20
2026-08-26T02:31:16Z,180521,49003300,49003300,11
2026-08-26T02:31:16Z,180614,250005300,250005300,2
2026-08-26T02:31:16Z,180622,290000000,290000000,2
2026-08-26T02:31:16Z,180623,49001700,49001700,20
2026-08-26T02:31:16Z,180624,48900000,48900000,32
2026-08-26T02:31:16Z,180732,7100,7100,6729
2026-08-26T02:31:16Z,180733,68000,78000,3911
2026-08-26T02:31:16Z,180878,290003300,290003300,1
2026-08-26T02:31:16Z,180879,49003300,49003300,14
2026-08-26T02:31:16Z,180880,49003300,49003300,20
2026-08-26T02:31:16Z,180881,49003000,49003000,13
2026-08-26T02:31:16Z,180882,49003300,49003300,18
2026-08-26T02:31:16Z,180883,450003300,450003300,1
2026-08-26T02:31:16Z,180884,290000000,290000000,2
2026-08-26T02:31:16Z,180885,290003300,290003300,1
2026-08-26T02:31:16Z,180886,49003300,49003300,20
2026-08-26T02:31:16Z,180887,290003300,290003300,1
2026-08-26T02:31:16Z,180888,290003300,290003300,1
2026-08-26T02:31:16Z,180889,290003300,290003300,1
2026-08-26T02:31:16Z,180890,290003300,290003300,1
2026-08-26T02:31:16Z,180891,290003300,290003300,1
2026-08-26T02:31:16Z,180892,290003300,290003300,1
2026-08-26T02:31:16Z,180893,290003300,290003300,1
2026-08-26T02:31:16Z,180894,290003300,290003300,1
2026-08-26T02:31:16Z,180991,290008100,290008100,1
2026-08-26T02:31:16Z,180992,49009800,49009800,25
2026-08-26T02:31:16Z,181246,49000200,49000200,20
2026-08-26T02:31:16Z,181247,1268000,1268000,27
2026-08-26T02:31:16Z,181388,39989600,39989600,6
2026-08-26T02:31:16Z,181468,128500,129000,2456
2026-08-26T02:31:16Z,181713,49009900,49009900,25
2026-08-26T02:31:16Z,182118,9898700,9898700,25
2026-08-26T02:31:16Z,182119,9900000,9900000,32
2026-08-26T02:31:16Z,182120,9772400,9772400,33
2026-08-26T02:31:16Z,182121,8100,1008400,31
2026-08-26T02:31:16Z,182122,9804400,9804400,55
2026-08-26T02:31:16Z,182123,9700000,9700000,27
2026-08-26T02:31:16Z,182299,49002200,49002200,20
2026-08-26T02:31:16Z,182367,8500000100,8500000100,1
2026-08-26T02:31:16Z,182459,1952800,1952800,73
2026-08-26T02:31:16Z,182581,900000,940000,1005
2026-08-26T02:31:16Z,182653,2300,2400,247
2026-08-26T02:31:16Z,182707,49006500,49006500,19
2026-08-26T02:31:16Z,182708,290003900,290003900,1
2026-08-26T02:31:16Z,182709,290000000,290000000,1
2026-08-26T02:31:16Z,182710,290007600,290007600,1
2026-08-26T02:31:16Z,182713,49009000,49009000,28
2026-08-26T02:31:16Z,182714,48999900,48999900,20
2026-08-26T02:31:16Z,182715,48999900,48999900,13
2026-08-26T02:31:16Z,182718,49000000,49000000,25
2026-08-26T02:31:16Z,182733,49006500,49006500,56
2026-08-26T02:31:16Z,182737,3300,3500,139
2026-08-26T02:31:16Z,182756,290009000,290009000,1
2026-08-26T02:31:16Z,182757,290009000,290009000,1
2026-08-26T02:31:16Z,182758,7776900,7776900,2
2026-08-26T02:31:16Z,182760,7776900,7776900,2
2026-08-26T02:31:16Z,182761,7776900,7776900,2
2026-08-26T02:31:16Z,182762,290004000,290004000,1
2026-08-26T02:31:16Z,182763,7776900,7776900,2
2026-08-26T02:31:16Z,182764,7776900,7776900,2
2026-08-26T02:31:16Z,182765,290004800,290004800,1
2026-08-26T02:31:16Z,182766,10003600,10003600,2
2026-08-26T02:31:16Z,182774,290001500,290001500,1
2026-08-26T02:31:16Z,182775,290001500,290001500,1
2026-08-26T02:31:16Z,182776,290001500,290001500,1
2026-08-26T02:31:16Z,182797,49005100,49005100,19
2026-08-26T02:31:16Z,183108,990003400,990003400,1
2026-08-26T02:31:16Z,183109,49006900,49006900,20
2026-08-26T02:31:16Z,183110,49006000,49006000,20
2026-08-26T02:31:16Z,183203,49006000,49006500,21
2026-08-26T02:31:16Z,183204,48900000,48900000,12
2026-08-26T02:31:16Z,183205,289900000,289900000,3
2026-08-26T02:31:16Z,183207,189900,49009900,21
2026-08-26T02:31:16Z,183208,458000,458000,26
2026-08-26T02:31:16Z,183209,890000,890000,25
2026-08-26T02:31:16Z,183597,9901100,9901100,35
2026-08-26T02:31:16Z,183599,9702000,9702000,31
2026-08-26T02:31:16Z,183733,25007500,25007500,34
2026-08-26T02:31:16Z,183738,124500,124500,120
2026-08-26T02:31:16Z,183793,9405000,9405000,32
2026-08-26T02:31:16Z,183823,9000,9500,748
2026-08-26T02:31:16Z,183945,49002900,49002900,21
2026-08-26T02:31:16Z,183950,22600,22600,382
2026-08-26T02:31:16Z,183951,99900,185700,2391
2026-08-26T02:31:16Z,183952,34100,34200,1612
2026-08-26T02:31:16Z,183953,50000,50000,1402
2026-08-26T02:31:16Z,183954,29900,29900,2733
2026-08-26T02:31:16Z,183955,75000,75000,1950
2026-08-26T02:31:16Z,183963,158400,1381100,66
2026-08-26T02:31:16Z,184049,9903100,9903100,25
2026-08-26T02:31:16Z,184050,999700,999700,35
2026-08-26T02:31:16Z,184051,999900,999900,49
2026-08-26T02:31:16Z,184090,294800,294800,488
2026-08-26T02:31:16Z,184096,2899200,2899200,179
2026-08-26T02:31:16Z,184097,2900000,2900000,110
2026-08-26T02:31:16Z,184100,2976400,2976400,74
2026-08-26T02:31:16Z,184201,209100,209100,727
2026-08-26T02:31:16Z,184202,500000,980000,309
2026-08-26T02:31:16Z,184281,9900000,9900000,59
2026-08-26T02:31:16Z,184283,9880000,9880000,25
2026-08-26T02:31:16Z,184308,21200,21200,131
2026-08-26T02:31:16Z,184309,1500006500,1500006500,1
2026-08-26T02:31:16Z,184310,1500006500,1500006500,1
2026-08-26T02:31:16Z,184340,248897300,248897300,1
2026-08-26T02:31:16Z,184341,776226600,776226600,4
2026-08-26T02:31:16Z,184342,250008800,250008800,6
2026-08-26T02:31:16Z,184343,249999600,249999600,1
2026-08-26T02:31:16Z,184344,974999600,974999600,1
2026-08-26T02:31:16Z,184345,800008800,800008800,8
2026-08-26T02:31:16Z,184346,250008400,250008400,6
2026-08-26T02:31:16Z,184347,924999800,924999800,1
2026-08-26T02:31:16Z,184390,40000,40000,17
2026-08-26T02:31:16Z,184391,50000,50000,29
2026-08-26T02:31:16Z,184392,79900,79900,36
2026-08-26T02:31:16Z,184393,358900,358900,18
2026-08-26T02:31:16Z,184394,49000500,49000500,13
2026-08-26T02:31:16Z,184553,290001900,290001900,1
2026-08-26T02:31:16Z,184624,9904300,9904300,37
2026-08-26T02:31:16Z,184682,250000,250000,54
2026-08-26T02:31:16Z,184690,837400,837400,46
2026-08-26T02:31:16Z,185476,1004200,49004200,21
2026-08-26T02:31:16Z,185477,290006700,290006700,1
2026-08-26T02:31:16Z,185478,290006700,290006700,1
2026-08-26T02:31:16Z,185479,49005300,49005300,21
2026-08-26T02:31:16Z,185480,49009500,49009500,21
2026-08-26T02:31:16Z,185481,49000000,49000000,20
2026-08-26T02:31:16Z,185482,290009900,290009900,1
2026-08-26T02:31:16Z,185483,290003900,290003900,3
2026-08-26T02:31:16Z,185737,49006300,49006300,21
2026-08-26T02:31:16Z,185739,290009000,290009000,1
2026-08-26T02:31:16Z,185910,19990000,19990000,35
2026-08-26T02:31:16Z,185968,290004200,290004200,1
2026-08-26T02:31:16Z,185970,290009500,290009500,1
2026-08-26T02:31:16Z,186017,13900,14500,1705
2026-08-26T02:31:16Z,186522,990000,990000,99
2026-08-26T02:31:16Z,186660,990002600,990002600,1
2026-08-26T02:31:16Z,186661,290006300,290006300,1
2026-08-26T02:31:16Z,186662,9939900,9939900,62
2026-08-26T02:31:16Z,186677,290005200,290005200,1
2026-08-26T02:31:16Z,186684,990000,990000,201
2026-08-26T02:31:16Z,186704,7246000,7246000,37
2026-08-26T02:31:16Z,186725,313100,313100,78
2026-08-26T02:31:16Z,186726,248900,248900,84
2026-08-26T02:31:16Z,186975,1400,1400,46
2026-08-26T02:31:16Z,186981,119100,119100,25
2026-08-26T02:31:16Z,186982,509800,509800,331
2026-08-26T02:31:16Z,187180,49000000,49000000,20
2026-08-26T02:31:16Z,187188,290005800,290005800,1
2026-08-26T02:31:16Z,187189,290003300,290003300,1
2026-08-26T02:31:16Z,187190,290001800,290001800,1
2026-08-26T02:31:16Z,187191,290007800,290007800,1
2026-08-26T02:31:16Z,187192,290005700,290005700,1
2026-08-26T02:31:16Z,187193,60000500,60000500,8
2026-08-26T02:31:16Z,187194,290001500,290001500,1
2026-08-26T02:31:16Z,187195,290001600,290001600,1
2026-08-26T02:31:16Z,187196,155550000,155550000,2
2026-08-26T02:31:16Z,187197,290000200,290000200,1
2026-08-26T02:31:16Z,187198,49004900,49004900,19
2026-08-26T02:31:16Z,187199,290005900,290005900,1
2026-08-26T02:31:16Z,187211,290000200,290000200,1
2026-08-26T02:31:16Z,187212,49005700,49005700,20
2026-08-26T02:31:16Z,187213,49006000,49006000,20
2026-08-26T02:31:16Z,187348,49000000,49000000,15
2026-08-26T02:31:16Z,187408,290001200,290001200,1
2026-08-26T02:31:16Z,187550,990000100,990000100,1
2026-08-26T02:31:16Z,187553,990000100,990000100,1
2026-08-26T02:31:16Z,187554,8500000100,8500000100,1
2026-08-26T02:31:16Z,187555,990000100,990000100,1
2026-08-26T02:31:16Z,187594,49004000,49004000,20
2026-08-26T02:31:16Z,187633,661600,661600,315
2026-08-26T02:31:16Z,187634,784000,784000,137
2026-08-26T02:31:16Z,187635,195000,235000,243
2026-08-26T02:31:16Z,187636,2749000,2749000,259
2026-08-26T02:31:16Z,187648,9999600,9999600,204
2026-08-26T02:31:16Z,187699,90000,102700,4928
2026-08-26T02:31:16Z,187700,110000,137100,27362
2026-08-26T02:31:16Z,187701,12000,59100,46270
2026-08-26T02:31:16Z,187702,800,150900,38646
2026-08-26T02:31:16Z,187703,2200,2500,26104
2026-08-26T02:31:16Z,187704,1000,1000,20636
2026-08-26T02:31:16Z,187707,689900,698000,238
2026-08-26T02:31:16Z,187711,49001200,49001200,20
2026-08-26T02:31:16Z,187712,10000,10000,39
2026-08-26T02:31:16Z,187796,758700,758800,102
2026-08-26T02:31:16Z,187802,200000,200000,240
2026-08-26T02:31:16Z,187805,9897700,9897700,57
2026-08-26T02:31:16Z,187812,16000900,16000900,65
2026-08-26T02:31:16Z,187823,4709700,4709700,18
2026-08-26T02:31:16Z,187825,25000000,25000000,13
2026-08-26T02:31:16Z,187827,99990000,99990000,22
2026-08-26T02:31:16Z,187829,4790000,4790000,20
2026-08-26T02:31:16Z,187831,6989800,6989800,66
2026-08-26T02:31:16Z,187836,7775800,7775800,8
2026-08-26T02:31:16Z,187842,672500,49002500,21
2026-08-26T02:31:16Z,187849,7200000,7200000,19
2026-08-26T02:31:16Z,187850,25555000,25555000,24
2026-08-26T02:31:16Z,187884,16989000,16989000,188
2026-08-26T02:31:16Z,187887,12997100,12997100,165
2026-08-26T02:31:16Z,187888,14006700,14006800,181
2026-08-26T02:31:16Z,187911,9990000,9990000,35
2026-08-26T02:31:16Z,187931,12599900,12600000,149
2026-08-26T02:31:16Z,187933,6268900,6268900,135
2026-08-26T02:31:16Z,187934,16792500,16792500,219
2026-08-26T02:31:16Z,187936,17458000,17458000,168
2026-08-26T02:31:16Z,188164,8804800,8923700,160
2026-08-26T02:31:16Z,188658,9500,19500,24595
2026-08-26T02:31:16Z,188669,376200,376200,64
2026-08-26T02:31:16Z,188670,1700,1700,435
2026-08-26T02:31:16Z,188671,1799700,1799700,56
2026-08-26T02:31:16Z,188672,13740500,13740500,15
2026-08-26T02:31:16Z,188681,999900,999900,24
2026-08-26T02:31:16Z,188682,228500,228500,52
2026-08-26T02:31:16Z,188683,290006700,290006700,1
2026-08-26T02:31:16Z,188684,4994700,4994700,6
2026-08-26T02:31:16Z,188685,155710000,155710000,3
2026-08-26T02:31:16Z,188760,4488400,4488400,6
2026-08-26T02:31:16Z,188761,353500,353500,194
2026-08-26T02:31:16Z,188762,63685500,63685500,5
2026-08-26T02:31:16Z,188779,290009200,290009200,1
2026-08-26T02:31:16Z,188789,290003200,290003200,1
2026-08-26T02:31:16Z,188790,657200,49007200,22
2026-08-26T02:31:16Z,188791,290007900,290007900,1
2026-08-26T02:31:16Z,188792,2509500,8009500,21
2026-08-26T02:31:16Z,188794,49009600,49009600,25
2026-08-26T02:31:16Z,188795,290005800,290005800,2
2026-08-26T02:31:16Z,188811,651200,651200,7
2026-08-26T02:31:16Z,188827,49003200,49003200,20
2026-08-26T02:31:16Z,188834,49008400,49008400,16
2026-08-26T02:31:16Z,188835,35003500,35003500,24
2026-08-26T02:31:16Z,188836,290009100,290009100,1
2026-08-26T02:31:16Z,188946,290009200,290009200,2
2026-08-26T02:31:16Z,188947,290000100,290000100,1
2026-08-26T02:31:16Z,188948,5006600,5006600,21
2026-08-26T02:31:16Z,189143,19900,21700,5455
2026-08-26T02:31:16Z,189145,17640000,17640000,143
2026-08-26T02:31:16Z,189146,1360000,1360000,106
2026-08-26T02:31:16Z,189147,15000000,15000000,48
2026-08-26T02:31:16Z,189148,650000,650000,98
2026-08-26T02:31:16Z,189149,475000,475000,142
2026-08-26T02:31:16Z,189150,380000,387000,408
2026-08-26T02:31:16Z,189151,383000,383000,182
2026-08-26T02:31:16Z,189152,1940000,1940000,244
2026-08-26T02:31:16Z,189153,90000,119700,138
2026-08-26T02:31:16Z,189154,115730000,115750000,159
2026-08-26T02:31:16Z,189155,27000000,27000000,69
2026-08-26T02:31:16Z,189156,129999900,129999900,49
2026-08-26T02:31:16Z,189541,940000,949900,829
2026-08-26T02:31:16Z,189542,999000,999000,1919
2026-08-26T02:31:16Z,189543,1494300,1494300,256
2026-08-26T02:31:16Z,189571,290000300,290000300,1
2026-08-26T02:31:16Z,190235,49000700,49000700,20
2026-08-26T02:31:16Z,190236,290001900,290001900,4
2026-08-26T02:31:16Z,190311,9500,20500,22186
2026-08-26T02:31:16Z,190312,59900,85000,2916
2026-08-26T02:31:16Z,190313,59100,70000,13464
2026-08-26T02:31:16Z,190314,80000,469500,6656
2026-08-26T02:31:16Z,190315,97700,118000,18714
2026-08-26T02:31:16Z,190316,1121300,1170000,12310
2026-08-26T02:31:16Z,190320,110000,129700,3971
2026-08-26T02:31:16Z,190321,1060000,1273000,5068
2026-08-26T02:31:16Z,190322,309700,400000,11222
2026-08-26T02:31:16Z,190324,3500000,3635000,21050
2026-08-26T02:31:16Z,190326,110000,118200,24461
2026-08-26T02:31:16Z,190327,1119900,1130000,11383
2026-08-26T02:31:16Z,190328,115000,124900,21989
2026-08-26T02:31:16Z,190329,1030700,1030700,13278
2026-08-26T02:31:16Z,190330,14600,23300,28894
2026-08-26T02:31:16Z,190331,263200,339500,4708
2026-08-26T02:31:16Z,190378,1701100,2251200,608
2026-08-26T02:31:16Z,190380,3590500,4140500,450
2026-08-26T02:31:16Z,190388,90000,161100,281
2026-08-26T02:31:16Z,190394,3600,4400,81231
2026-08-26T02:31:16Z,190395,3700,4100,13375
2026-08-26T02:31:16Z,190396,3500,4000,39595
2026-08-26T02:31:16Z,190450,979600,1007800,4024
2026-08-26T02:31:16Z,190451,89900,299900,3357
2026-08-26T02:31:16Z,190452,120000,128000,1246
2026-08-26T02:31:16Z,190530,1070100,1080100,178
2026-08-26T02:31:16Z,190531,1706400,1706400,284
2026-08-26T02:31:16Z,190532,1000000,1000000,105
2026-08-26T02:31:16Z,190533,7921300,7921300,29
2026-08-26T02:31:16Z,190534,2574800,2574800,2079
2026-08-26T02:31:16Z,190535,3490000,4111000,1803
2026-08-26T02:31:16Z,190536,3997700,3997700,22
2026-08-26T02:31:16Z,190537,1990000,39902500,146
2026-08-26T02:31:16Z,190538,999800,999800,1017
2026-08-26T02:31:16Z,190880,500000,500000,141
2026-08-26T02:31:16Z,190881,9900000,9900000,25
2026-08-26T02:31:16Z,190936,9850000,9850000,24
2026-08-26T02:31:16Z,190953,1300,1300,291
2026-08-26T02:31:16Z,191250,4121700,6738800,43
2026-08-26T02:31:16Z,191256,110000,127200,120
2026-08-26T02:31:16Z,191260,279900,279900,152
2026-08-26T02:31:16Z,191318,13500,13500,80
2026-08-26T02:31:16Z,191319,16200,16200,81
2026-08-26T02:31:16Z,191320,79900,79900,150
2026-08-26T02:31:16Z,191321,1000000,1000000,75
2026-08-26T02:31:16Z,191322,13500,14500,75
2026-08-26T02:31:16Z,191323,9946500,9946500,90
2026-08-26T02:31:16Z,191324,39800,39800,72
2026-08-26T02:31:16Z,191325,30000,30000,70
2026-08-26T02:31:16Z,191326,10000,10000,74
2026-08-26T02:31:16Z,191327,200000,9980000,53
2026-08-26T02:31:16Z,191328,9300,9300,508
2026-08-26T02:31:16Z,191329,120000,120000,468
2026-08-26T02:31:16Z,191330,90000,98600,95
2026-08-26T02:31:16Z,191331,38800,48900,145
2026-08-26T02:31:16Z,191332,400000,509800,90
2026-08-26T02:31:16Z,191333,5500,5500,61
2026-08-26T02:31:16Z,191334,19700,20000,495
2026-08-26T02:31:16Z,191335,50000,50000,170
2026-08-26T02:31:16Z,191336,27500,27500,177
2026-08-26T02:31:16Z,191337,50000,50000,112
2026-08-26T02:31:16Z,191338,138500,148900,128
2026-08-26T02:31:16Z,191339,20000,20000,154
2026-08-26T02:31:16Z,191340,9200,9200,161
2026-08-26T02:31:16Z,191341,40000,47100,2045
2026-08-26T02:31:16Z,191348,1940400,1940400,106
2026-08-26T02:31:16Z,191349,1099800,1099800,1111
2026-08-26T02:31:16Z,191350,1209300,1209400,1618
2026-08-26T02:31:16Z,191351,1000000,1000000,53
2026-08-26T02:31:16Z,191352,753800,753800,150
2026-08-26T02:31:16Z,191353,495000,495000,918
2026-08-26T02:31:16Z,191357,99900,99900,83
2026-08-26T02:31:16Z,191358,187200,197000,412
2026-08-26T02:31:16Z,191359,341100,341100,327
2026-08-26T02:31:16Z,191360,18300,18400,68
2026-08-26T02:31:16Z,191361,18000,18200,161
2026-08-26T02:31:16Z,191362,100000,116600,46
2026-08-26T02:31:16Z,191363,3000,3000,532
2026-08-26T02:31:16Z,191364,22900,23700,323
2026-08-26T02:31:16Z,191365,20000,20000,102
2026-08-26T02:31:16Z,191366,195400,195400,107
2026-08-26T02:31:16Z,191367,10000,10000,427
2026-08-26T02:31:16Z,191368,25500,25500,51
2026-08-26T02:31:16Z,191369,206100,206100,41
2026-08-26T02:31:16Z,191370,28900,28900,242
2026-08-26T02:31:16Z,191371,100000,100000,121
2026-08-26T02:31:16Z,191372,15700,15800,320
2026-08-26T02:31:16Z,191373,7800,7800,913
2026-08-26T02:31:16Z,191374,9800,9900,1156
2026-08-26T02:31:16Z,191375,50000,50000,52
2026-08-26T02:31:16Z,191376,19300,19300,73
2026-08-26T02:31:16Z,191377,10000,10000,134
2026-08-26T02:31:16Z,191378,1000,1000,1448
2026-08-26T02:31:16Z,191379,8900,9000,167
2026-08-26T02:31:16Z,191380,2900,2900,6060
2026-08-26T02:31:16Z,191381,20000,20000,404
2026-08-26T02:31:16Z,191382,57000,57000,8244
2026-08-26T02:31:16Z,191383,23700,23700,950
2026-08-26T02:31:16Z,191384,1000,1100,1138
2026-08-26T02:31:16Z,191385,20000,20000,173
2026-08-26T02:31:16Z,191386,100000,102500,10937
2026-08-26T02:31:16Z,191387,663100,663200,209
2026-08-26T02:31:16Z,191388,370000,370000,236
2026-08-26T02:31:16Z,191389,560000,560000,244
2026-08-26T02:31:16Z,191393,3000,3300,6449
2026-08-26T02:31:16Z,191394,50000,59800,392
2026-08-26T02:31:16Z,191395,100000,100000,4043
2026-08-26T02:31:16Z,191396,2800,3200,854
2026-08-26T02:31:16Z,191397,490000,490000,291
2026-08-26T02:31:16Z,191398,500000,500000,1287
2026-08-26T02:31:16Z,191399,686300,686300,87
2026-08-26T02:31:16Z,191400,5500,5500,86
2026-08-26T02:31:16Z,191401,80000,80000,767
2026-08-26T02:31:16Z,191460,4700,142000,38943
2026-08-26T02:31:16Z,191461,6400,8800,65145
2026-08-26T02:31:16Z,191462,12000,12400,54298
2026-08-26T02:31:16Z,191464,41000,80000,1429
2026-08-26T02:31:16Z,191465,11100,45000,1206
2026-08-26T02:31:16Z,191466,34100,34200,4891
2026-08-26T02:31:16Z,191467,29400,42000,3417
2026-08-26T02:31:16Z,191468,5000,15000,8908
2026-08-26T02:31:16Z,191469,26600,26600,8410
2026-08-26T02:31:16Z,191470,399700,989900,1015
2026-08-26T02:31:16Z,191471,340000,396000,4715
2026-08-26T02:31:16Z,191472,408700,449900,8542
2026-08-26T02:31:16Z,191474,79000,79000,2757
2026-08-26T02:31:16Z,191475,104500,104700,820
2026-08-26T02:31:16Z,191476,250000,250000,6740
2026-08-26T02:31:16Z,191493,4763300,4763600,186
2026-08-26T02:31:16Z,191494,4545500,4545600,204
2026-08-26T02:31:16Z,191495,2200000,2699700,453
2026-08-26T02:31:16Z,191496,805000,807300,242
2026-08-26T02:31:16Z,191497,599900,599900,6482
2026-08-26T02:31:16Z,191498,600000,600200,18952
2026-08-26T02:31:16Z,191499,55000,55000,52
2026-08-26T02:31:16Z,191500,1990000,3000000,60
2026-08-26T02:31:16Z,191501,206000,206000,116
2026-08-26T02:31:16Z,191502,9845600,9845600,35
2026-08-26T02:31:16Z,191503,349800,349800,55
2026-08-26T02:31:16Z,191504,409000,409000,118
2026-08-26T02:31:16Z,191505,9989800,9989800,24
2026-08-26T02:31:16Z,191506,290000,290000,169
2026-08-26T02:31:16Z,191507,558400,558400,543
2026-08-26T02:31:16Z,191508,49992500,49992500,4
2026-08-26T02:31:16Z,191509,9995400,9995400,28
2026-08-26T02:31:16Z,191510,190000,190000,56
2026-08-26T02:31:16Z,191511,601100,601100,95
2026-08-26T02:31:16Z,191512,171500,171500,259
2026-08-26T02:31:16Z,191513,1599700,1599700,221
2026-08-26T02:31:16Z,191514,20009200,20009200,10
2026-08-26T02:31:16Z,191515,117300,117300,59
2026-08-26T02:31:16Z,191516,14000,14000,208
2026-08-26T02:31:16Z,191518,7900,7900,656
2026-08-26T02:31:16Z,191519,67900,120000,478
2026-08-26T02:31:16Z,191520,1141400,9898700,44
2026-08-26T02:31:16Z,191521,72000,79900,67
2026-08-26T02:31:16Z,191522,249900,249900,84
2026-08-26T02:31:16Z,191523,396000,396000,34
2026-08-26T02:31:16Z,191524,699800,699800,118
2026-08-26T02:31:16Z,191525,6899800,6899800,671
2026-08-26T02:31:16Z,191532,195500,195500,27
2026-08-26T02:31:16Z,191533,9137300,9980000,47
2026-08-26T02:31:16Z,191534,5189800,5189800,21
2026-08-26T02:31:16Z,191861,47500,47500,34
2026-08-26T02:31:16Z,191864,49000100,49000100,20
2026-08-26T02:31:16Z,191872,1823900,1823900,45
2026-08-26T02:31:16Z,191873,31471300,31471300,16
2026-08-26T02:31:16Z,191933,101300,101300,45
2026-08-26T02:31:16Z,191939,20900,20900,740
2026-08-26T02:31:16Z,191940,550000,550000,244
2026-08-26T02:31:16Z,191943,11300,11300,54
2026-08-26T02:31:16Z,191944,344700,344700,129
2026-08-26T02:31:16Z,191945,562500,562500,62
2026-08-26T02:31:16Z,191948,390500,390500,71
2026-08-26T02:31:16Z,191949,1110000,1110000,175
2026-08-26T02:31:16Z,191950,505400,506700,343
2026-08-26T02:31:16Z,192095,13400,30000,5308
2026-08-26T02:31:16Z,192096,9900,13600,4674
2026-08-26T02:31:16Z,192097,13700,13800,6941
2026-08-26T02:31:16Z,192552,1708600,1708600,136
2026-08-26T02:31:16Z,192553,68400,72000,301
2026-08-26T02:31:16Z,192554,198000,198000,87
2026-08-26T02:31:16Z,192604,290008400,290008400,1
2026-08-26T02:31:16Z,192605,16600,16600,31
2026-08-26T02:31:16Z,192608,6300,6300,261
2026-08-26T02:31:16Z,192609,8200,11600,27
2026-08-26T02:31:16Z,192610,6100,6100,205
2026-08-26T02:31:16Z,192611,5900,5900,79
2026-08-26T02:31:16Z,192613,10000,12000,25
2026-08-26T02:31:16Z,192614,6300,6300,381
2026-08-26T02:31:16Z,192615,6300,6300,13682
2026-08-26T02:31:16Z,192616,290002200,290002200,1
2026-08-26T02:31:16Z,192617,6400,6400,532
2026-08-26T02:31:16Z,192619,49004600,49004600,20
2026-08-26T02:31:16Z,192620,6200,6200,28
2026-08-26T02:31:16Z,192621,6600,6600,313
2026-08-26T02:31:16Z,192622,6500,6500,115
2026-08-26T02:31:16Z,192623,6000,6000,65
2026-08-26T02:31:16Z,192624,7000,7000,273
2026-08-26T02:31:16Z,192625,7000,7000,437
2026-08-26T02:31:16Z,192626,6600,6600,221
2026-08-26T02:31:16Z,192627,6400,6400,62
2026-08-26T02:31:16Z,192628,6300,6300,122
2026-08-26T02:31:16Z,192629,5900,5900,123
2026-08-26T02:31:16Z,192630,109500,109500,52
2026-08-26T02:31:16Z,192631,9600,9600,412
2026-08-26T02:31:16Z,192632,700000,810000,46
2026-08-26T02:31:16Z,192634,6900,6900,34
2026-08-26T02:31:16Z,192635,6100,6100,482
2026-08-26T02:31:16Z,192636,5900,5900,1484
2026-08-26T02:31:16Z,192644,16300,16300,70
2026-08-26T02:31:16Z,192645,100000,100000,37
2026-08-26T02:31:16Z,192646,15900,15900,62
2026-08-26T02:31:16Z,192647,18200,18200,101
2026-08-26T02:31:16Z,192648,17500,17500,313
2026-08-26T02:31:16Z,192650,40000,40000,24
2026-08-26T02:31:16Z,192651,48800,58800,33
2026-08-26T02:31:16Z,192652,494500,40006500,25
2026-08-26T02:31:16Z,192653,18400,49008400,17
2026-08-26T02:31:16Z,192654,17900,17900,24
2026-08-26T02:31:16Z,192655,17700,17700,29
2026-08-26T02:31:16Z,192656,49005600,49005600,15
2026-08-26T02:31:16Z,192657,16800,16800,24
2026-08-26T02:31:16Z,192658,18300,18300,1048
2026-08-26T02:31:16Z,192659,309800,309800,28
2026-08-26T02:31:16Z,192660,49006600,49006600,13
2026-08-26T02:31:16Z,192661,755000,49005000,17
2026-08-26T02:31:16Z,192662,17600,17600,215
2026-08-26T02:31:16Z,192663,25000000,45504300,21
2026-08-26T02:31:16Z,192664,49006900,49006900,15
2026-08-26T02:31:16Z,192665,290004200,290004200,1
2026-08-26T02:31:16Z,192666,296600,296600,31
2026-08-26T02:31:16Z,192668,49005000,49005000,15
2026-08-26T02:31:16Z,192669,16200,16200,32
2026-08-26T02:31:16Z,192670,18900,18900,45
2026-08-26T02:31:16Z,192671,5003900,5003900,44
2026-08-26T02:31:16Z,192672,16800,16800,55
2026-08-26T02:31:16Z,192673,16500,16500,25
2026-08-26T02:31:16Z,192674,17000,17000,33
2026-08-26T02:31:16Z,192675,18600,18600,46
2026-08-26T02:31:16Z,192683,17400,17400,29
2026-08-26T02:31:16Z,192684,1500001300,1500001300,1
2026-08-26T02:31:16Z,192685,3000000,6000000,10
2026-08-26T02:31:16Z,192686,290001000,290001000,1
2026-08-26T02:31:16Z,192687,2005100,2005100,3
2026-08-26T02:31:16Z,192688,290000,290000,2
2026-08-26T02:31:16Z,192689,290002600,290002600,1
2026-08-26T02:31:16Z,192690,290004500,290004500,2
2026-08-26T02:31:16Z,192691,290007400,290007400,1
2026-08-26T02:31:16Z,192692,290003300,290003300,1
2026-08-26T02:31:16Z,192693,290008800,290008800,1
2026-08-26T02:31:16Z,192695,95000000,95000000,3
2026-08-26T02:31:16Z,192697,750000,750000,10
2026-08-26T02:31:16Z,192700,280006400,280006400,2
2026-08-26T02:31:16Z,192701,310000,310000,4
2026-08-26T02:31:16Z,192702,180000000,180000000,2
2026-08-26T02:31:16Z,192703,290000500,290000500,1
2026-08-26T02:31:16Z,192704,290000700,290000700,1
2026-08-26T02:31:16Z,192705,1509700,1509700,9
2026-08-26T02:31:16Z,192706,5002000,5002000,2
2026-08-26T02:31:16Z,192707,290004900,290004900,1
2026-08-26T02:31:16Z,192708,290005200,290005200,3
2026-08-26T02:31:16Z,192709,9004000,9004000,7
2026-08-26T02:31:16Z,192710,290007400,290007400,1
2026-08-26T02:31:16Z,192711,290001500,290001500,1
2026-08-26T02:31:16Z,192712,218700,218700,3
2026-08-26T02:31:16Z,192713,290003600,290003600,1
2026-08-26T02:31:16Z,192714,990007000,990007000,1
2026-08-26T02:31:16Z,192715,17000,17000,50
2026-08-26T02:31:16Z,192716,290001100,290001100,1
2026-08-26T02:31:16Z,192717,202500,202700,31
2026-08-26T02:31:16Z,192718,1500300,1500300,9
2026-08-26T02:31:16Z,192719,8000000,8000000,9
2026-08-26T02:31:16Z,192720,3000000,3000000,8
2026-08-26T02:31:16Z,192721,290001700,290001700,1
2026-08-26T02:31:16Z,192722,290000800,290000800,1
2026-08-26T02:31:16Z,192723,10000100,10000100,4
2026-08-26T02:31:16Z,192724,290008500,290008500,1
2026-08-26T02:31:16Z,192725,1500002400,1500002400,1
2026-08-26T02:31:16Z,192726,310000,310000,3
2026-08-26T02:31:16Z,192727,2909900,2909900,3
2026-08-26T02:31:16Z,192728,45508900,45508900,2
2026-08-26T02:31:16Z,192729,257600,257600,5
2026-08-26T02:31:16Z,192730,17600,17600,60
2026-08-26T02:31:16Z,192731,290009600,290009600,1
2026-08-26T02:31:16Z,192746,19700,49009700,21
2026-08-26T02:31:16Z,192747,6100,6100,86
2026-08-26T02:31:16Z,192769,49000100,49000100,20
2026-08-26T02:31:16Z,192833,4300,4300,2806
2026-08-26T02:31:16Z,192834,146400,148500,193
2026-08-26T02:31:16Z,192835,54200,54200,195
2026-08-26T02:31:16Z,192836,45000,55000,3573
2026-08-26T02:31:16Z,192837,5900,5900,1693
2026-08-26T02:31:16Z,192838,7500,8400,408
2026-08-26T02:31:16Z,192839,100000,100000,197
2026-08-26T02:31:16Z,192840,41200,45400,1894
2026-08-26T02:31:16Z,192841,30000,33300,2997
2026-08-26T02:31:16Z,192842,33300,39800,1852
2026-08-26T02:31:16Z,192843,7000,7300,1542
2026-08-26T02:31:16Z,192844,7000,557100,3096
2026-08-26T02:31:16Z,192845,15600,24000,2044
2026-08-26T02:31:16Z,192846,7000,7000,2984
2026-08-26T02:31:16Z,192847,6900,487000,3156
2026-08-26T02:31:16Z,192848,14800,14800,1343
2026-08-26T02:31:16Z,192849,7000,7000,3902
2026-08-26T02:31:16Z,192850,6200,6200,8547
2026-08-26T02:31:16Z,192851,12500,20000,3441
2026-08-26T02:31:16Z,192852,22100,22100,415
2026-08-26T02:31:16Z,192853,20000,22300,166
2026-08-26T02:31:16Z,192855,21100,21100,277
2026-08-26T02:31:16Z,192856,39500,39500,449
2026-08-26T02:31:16Z,192857,25000,28800,812
2026-08-26T02:31:16Z,192858,20000,30000,854
2026-08-26T02:31:16Z,192859,22900,22900,202
2026-08-26T02:31:16Z,192860,25900,26000,694
2026-08-26T02:31:16Z,192861,36400,50000,1372
2026-08-26T02:31:16Z,192862,34700,34700,212
2026-08-26T02:31:16Z,192863,36300,36400,542
2026-08-26T02:31:16Z,192865,98000,119900,836
2026-08-26T02:31:16Z,192866,24900,25100,959
2026-08-26T02:31:16Z,192867,23100,23200,1601
2026-08-26T02:31:16Z,192868,25200,25200,1042
2026-08-26T02:31:16Z,192869,1590000,1590000,435
2026-08-26T02:31:16Z,192870,429300,429500,1115
2026-08-26T02:31:16Z,192871,2200000,2200000,790
2026-08-26T02:31:16Z,192872,5700,5700,2305
2026-08-26T02:31:16Z,192876,108900,110000,225
2026-08-26T02:31:16Z,192877,99900,99900,2700
2026-08-26T02:31:16Z,192878,179700,179700,979
2026-08-26T02:31:16Z,192880,4800,4900,13377
2026-08-26T02:31:16Z,192883,269700,559900,3470
2026-08-26T02:31:16Z,192884,134400,134400,11558
2026-08-26T02:31:16Z,192885,144700,144700,4095
2026-08-26T02:31:16Z,192887,701900,701900,330
2026-08-26T02:31:16Z,192894,3500,29900,693
2026-08-26T02:31:16Z,192895,13600,16000,598
2026-08-26T02:31:16Z,192896,15500,15500,644
2026-08-26T02:31:16Z,192897,39300,43600,56
2026-08-26T02:31:16Z,192898,327800,9990000,164
2026-08-26T02:31:16Z,192899,109700,109700,196
2026-08-26T02:31:16Z,192900,28800,28900,53
2026-08-26T02:31:16Z,192901,349700,349800,34
2026-08-26T02:31:16Z,192902,198000,198000,93
2026-08-26T02:31:16Z,192903,1205000,1499900,34
2026-08-26T02:31:16Z,192904,264900,265000,45
2026-08-26T02:31:16Z,192905,190000,190000,90
2026-08-26T02:31:16Z,192906,29900,35500,30
2026-08-26T02:31:16Z,192907,139900,140000,28
2026-08-26T02:31:16Z,192908,180000,180000,60
2026-08-26T02:31:16Z,192910,181900,182000,33
2026-08-26T02:31:16Z,192911,165000,165000,29
2026-08-26T02:31:16Z,192912,190000,190000,90
2026-08-26T02:31:16Z,192913,6500,12500,892
2026-08-26T02:31:16Z,192914,40000,40000,115
2026-08-26T02:31:16Z,192916,550000,550000,92
2026-08-26T02:31:16Z,192917,62209900,62209900,5
2026-08-26T02:31:16Z,192918,3999900,4000000,27
2026-08-26T02:31:16Z,192919,9804900,9994900,23
2026-08-26T02:31:16Z,192920,446500,9909900,22
2026-08-26T02:31:16Z,192921,2500000,6388700,58
2026-08-26T02:31:16Z,192922,1500000,9990000,29
2026-08-26T02:31:16Z,192923,5009000,9994900,22
2026-08-26T02:31:16Z,192924,2999800,2999800,27
2026-08-26T02:31:16Z,192925,1490000,9999400,21
2026-08-26T02:31:16Z,192926,199000000,199000000,3
2026-08-26T02:31:16Z,192927,9980000,9980000,20
2026-08-26T02:31:16Z,192928,1800000,2959100,27
2026-08-26T02:31:16Z,192929,9990400,9990400,36
2026-08-26T02:31:16Z,192931,1500000,9980000,85
2026-08-26T02:31:16Z,192932,9990900,9990900,135
2026-08-26T02:31:16Z,192933,998900,9998900,22
2026-08-26T02:31:16Z,192934,300000,6405200,49
2026-08-26T02:31:16Z,192935,4006300,9890000,23
2026-08-26T02:31:16Z,192936,197595900,197595900,2
2026-08-26T02:31:16Z,192937,1350000,1430000,28
2026-08-26T02:31:16Z,192938,2007600,2007600,30
2026-08-26T02:31:16Z,192940,989945000,989945000,3
2026-08-26T02:31:16Z,192941,64900,65000,51
2026-08-26T02:31:16Z,192942,4999900,4999900,26
2026-08-26T02:31:16Z,192943,151410900,151410900,21
2026-08-26T02:31:16Z,192944,1761200,1761200,26
2026-08-26T02:31:16Z,192945,492100,492100,28
2026-08-26T02:31:16Z,192946,507100,507100,24
2026-08-26T02:31:16Z,192947,934700,6817400,60
2026-08-26T02:31:16Z,192948,500400,500400,69
2026-08-26T02:31:16Z,192950,1500000,19993800,11
2026-08-26T02:31:16Z,192951,2326500,6368700,29
2026-08-26T02:31:16Z,192952,739900,740000,36
2026-08-26T02:31:16Z,192953,948536200,948536200,9
2026-08-26T02:31:16Z,192954,600000,600000,13
2026-08-26T02:31:16Z,192955,1500000,9997700,23
2026-08-26T02:31:16Z,192956,990000,9990000,23
2026-08-26T02:31:16Z,192957,4970600,6408800,60
2026-08-26T02:31:16Z,192958,1500700,9970700,22
2026-08-26T02:31:16Z,192959,7500000,9900000,22
2026-08-26T02:31:16Z,192960,4890000,6396000,40
2026-08-26T02:31:16Z,192961,480300,480300,39
2026-08-26T02:31:16Z,192962,249990000,249990000,1
2026-08-26T02:31:16Z,192963,3999900,4000000,27
2026-08-26T02:31:16Z,192964,150100,151100,128
2026-08-26T02:31:16Z,192965,192216800,192216800,5
2026-08-26T02:31:16Z,192966,999900,999900,26
2026-08-26T02:31:16Z,192967,1500000,9990000,22
2026-08-26T02:31:16Z,192968,499800,499900,31
2026-08-26T02:31:16Z,192969,5483700,9902000,21
2026-08-26T02:31:16Z,192970,1537900,1537900,25
2026-08-26T02:31:16Z,192971,13400,13500,148
2026-08-26T02:31:16Z,192972,200000,200000,45
2026-08-26T02:31:16Z,192973,1500000,9990000,24
2026-08-26T02:31:16Z,192974,9600,9700,146
2026-08-26T02:31:16Z,192975,19900,19900,56
2026-08-26T02:31:16Z,192976,1456500,9989800,21
2026-08-26T02:31:16Z,192977,9900,10000,151
2026-08-26T02:31:16Z,192978,200000,200000,58
2026-08-26T02:31:16Z,192979,9990000,9990000,23
2026-08-26T02:31:16Z,192992,15736300,15736300,8
2026-08-26T02:31:16Z,192993,8980000,8980000,54
2026-08-26T02:31:16Z,192994,16000000,16000000,23
2026-08-26T02:31:16Z,193019,7499500,39990000,10
2026-08-26T02:31:16Z,193020,3249500,3249500,53
2026-08-26T02:31:16Z,193021,39992000,39992000,17
2026-08-26T02:31:16Z,193029,3990000,3990000,84
2026-08-26T02:31:16Z,193030,329900,329900,814
2026-08-26T02:31:16Z,193031,169800,169800,16117
2026-08-26T02:31:16Z,193050,1800,2000,246349
2026-08-26T02:31:16Z,193053,100,9900,4292
2026-08-26T02:31:16Z,193208,8900,13000,14764
2026-08-26T02:31:16Z,193210,3500,3900,24392
2026-08-26T02:31:16Z,193211,9600,10000,30580
2026-08-26T02:31:16Z,193213,1800,2000,15444
2026-08-26T02:31:16Z,193214,2200,4000,35772
2026-08-26T02:31:16Z,193215,4200,4400,19986
2026-08-26T02:31:16Z,193216,60000,74200,2045
2026-08-26T02:31:16Z,193217,71500,71500,11979
2026-08-26T02:31:16Z,193218,118900,119300,4516
2026-08-26T02:31:16Z,193222,9500,9900,453
2026-08-26T02:31:16Z,193223,222200,426800,268
2026-08-26T02:31:16Z,193224,205200,205200,2753
2026-08-26T02:31:16Z,193226,1073700,1073700,538
2026-08-26T02:31:16Z,193227,799900,799900,1572
2026-08-26T02:31:16Z,193228,950000,950000,366
2026-08-26T02:31:16Z,193229,2455400,2455400,762
2026-08-26T02:31:16Z,193230,1049900,1049900,1353
2026-08-26T02:31:16Z,193231,7909900,8909900,1537
2026-08-26T02:31:16Z,193236,1501500,2573900,278
2026-08-26T02:31:16Z,193237,1452900,1492900,352
2026-08-26T02:31:16Z,193238,3000000,3000000,130
2026-08-26T02:31:16Z,193242,2121000,2121000,274
2026-08-26T02:31:16Z,193243,1250000,1250000,2881
2026-08-26T02:31:16Z,193244,1900000,9890000,798
2026-08-26T02:31:16Z,193245,1076200,1076200,282
2026-08-26T02:31:16Z,193246,1430300,1430300,318
2026-08-26T02:31:16Z,193247,7088600,7088600,162
2026-08-26T02:31:16Z,193248,1712100,1712100,510
2026-08-26T02:31:16Z,193249,750000,750000,390
2026-08-26T02:31:16Z,193250,2990000,2999100,264
2026-08-26T02:31:16Z,193251,590000,620000,10376
2026-08-26T02:31:16Z,193252,7200,11400,27792
2026-08-26T02:31:16Z,193253,9800,13600,19481
2026-08-26T02:31:16Z,193254,189900,192400,14844
2026-08-26T02:31:16Z,193255,150000,566400,13810
2026-08-26T02:31:16Z,193256,30000,289700,9124
2026-08-26T02:31:16Z,193258,9000,11200,22236
2026-08-26T02:31:16Z,193259,7000,10000,17996
2026-08-26T02:31:16Z,193261,400,199900,89454
2026-08-26T02:31:16Z,193262,38400,38800,7230
2026-08-26T02:31:16Z,193360,159200,9869900,1925
2026-08-26T02:31:16Z,193368,22400,55400,25522
2026-08-26T02:31:16Z,193369,20700,35500,7147
2026-08-26T02:31:16Z,193370,20000,20000,4144
2026-08-26T02:31:16Z,193378,896000,896000,175
2026-08-26T02:31:16Z,193379,3896000,3896000,227
2026-08-26T02:31:16Z,193384,18200,18200,48
2026-08-26T02:31:16Z,193385,16100,16100,112
2026-08-26T02:31:16Z,193387,49006900,49006900,19
2026-08-26T02:31:16Z,193389,17500,17500,29
2026-08-26T02:31:16Z,193391,183900,183900,28
2026-08-26T02:31:16Z,193410,5000000,10000000,29
2026-08-26T02:31:16Z,193420,10008000,10008000,3
2026-08-26T02:31:16Z,193438,14990000,14990000,8
2026-08-26T02:31:16Z,193448,1500007400,1500007400,1
2026-08-26T02:31:16Z,193450,290007800,290007800,2
2026-08-26T02:31:16Z,193468,456600,507300,64
2026-08-26T02:31:16Z,193469,21402200,21402200,17
2026-08-26T02:31:16Z,193470,12000,12000,1946
2026-08-26T02:31:16Z,193551,7000000,7000000,77
2026-08-26T02:31:16Z,193552,99900,99900,33
2026-08-26T02:31:16Z,193554,19989800,19989800,9
2026-08-26T02:31:16Z,193555,5343800,5343800,31
2026-08-26T02:31:16Z,193556,199996100,199996100,6
2026-08-26T02:31:16Z,193557,18993000,19992600,14
2026-08-26T02:31:16Z,193559,539900,540000,54
2026-08-26T02:31:16Z,193560,2444900,2444900,21
2026-08-26T02:31:16Z,193561,4200000,4200000,20
2026-08-26T02:31:16Z,193563,170000,200000,55
2026-08-26T02:31:16Z,193564,9000000,10009800,25
2026-08-26T02:31:16Z,193565,25000000,25000000,35
2026-08-26T02:31:16Z,193567,140000,9780000,32
2026-08-26T02:31:16Z,193893,250000,250000,70
2026-08-26T02:31:16Z,193894,450000,450000,66
2026-08-26T02:31:16Z,193895,9404900,9404900,67
2026-08-26T02:31:16Z,193896,9899300,9899300,74
2026-08-26T02:31:16Z,193922,13500,14700,51909
2026-08-26T02:31:16Z,193923,40000,40000,27572
2026-08-26T02:31:16Z,193924,40000,45600,34634
2026-08-26T02:31:16Z,193925,190000,190000,2085
2026-08-26T02:31:16Z,193926,500100,505200,1120
2026-08-26T02:31:16Z,193927,59300,59500,16479
2026-08-26T02:31:16Z,193928,48000,50000,17071
2026-08-26T02:31:16Z,193929,190000,190000,829
2026-08-26T02:31:16Z,193930,190000,190000,1779
2026-08-26T02:31:16Z,193931,260000,260000,646
2026-08-26T02:31:16Z,193932,4512400,4512400,120
2026-08-26T02:31:16Z,193933,895000,895000,329
2026-08-26T02:31:16Z,193934,939900,939900,158
2026-08-26T02:31:16Z,193935,18000000,18000000,46
2026-08-26T02:31:16Z,193936,4200000,4200000,226
2026-08-26T02:31:16Z,193937,4700000,4700000,141
2026-08-26T02:31:16Z,193938,6885000,6885000,28
2026-08-26T02:31:16Z,193939,4599900,4599900,282
2026-08-26T02:31:16Z,193940,5009900,5509000,44
2026-08-26T02:31:16Z,193941,149300,149400,65
2026-08-26T02:31:16Z,193942,8910000,8910000,38
2026-08-26T02:31:16Z,193943,1467500,1467500,28
2026-08-26T02:31:16Z,193944,3415800,3450100,35
2026-08-26T02:31:16Z,193945,351800,9840000,61
2026-08-26T02:31:16Z,193946,5157900,5157900,69
2026-08-26T02:31:16Z,193950,9500,9500,182
2026-08-26T02:31:16Z,193951,2000,2000,336
2026-08-26T02:31:16Z,193952,29700,29700,322
2026-08-26T02:31:16Z,193953,250000,250000,49
2026-08-26T02:31:16Z,193954,37800,9969000,46
2026-08-26T02:31:16Z,193955,21900,21900,736
2026-08-26T02:31:16Z,193956,9900,92400,552
2026-08-26T02:31:16Z,193957,213900,990000,245
2026-08-26T02:31:16Z,193958,35000,35000,1226
2026-08-26T02:31:16Z,193959,467900,522400,68
2026-08-26T02:31:16Z,193960,65700,66000,436
2026-08-26T02:31:16Z,193961,341400,341500,1083
2026-08-26T02:31:16Z,193962,151200,151200,428
2026-08-26T02:31:16Z,193963,20000,29500,968
2026-08-26T02:31:16Z,193964,430000,433400,278
2026-08-26T02:31:16Z,194008,550000,550000,62
2026-08-26T02:31:16Z,194009,521700,521800,91
2026-08-26T02:31:16Z,194010,493200,493200,54
2026-08-26T02:31:16Z,194011,4726300,4726300,128
2026-08-26T02:31:16Z,194012,4726700,4726700,104
2026-08-26T02:31:16Z,194013,9000000,9000000,76
2026-08-26T02:31:16Z,194014,9009400,9009400,73
2026-08-26T02:31:16Z,194015,5000100,5000100,90
2026-08-26T02:31:16Z,194016,9900000,11000000,73
2026-08-26T02:31:16Z,194035,290002700,290002700,1
2026-08-26T02:31:16Z,194048,3500,3900,913
2026-08-26T02:31:16Z,194049,45000,990000,234
2026-08-26T02:31:16Z,194050,3900,3900,3686
2026-08-26T02:31:16Z,194071,290006400,290006400,1
2026-08-26T02:31:16Z,194083,1500000800,1500000800,1
2026-08-26T02:31:16Z,194122,2000000,9900000,28
2026-08-26T02:31:16Z,194123,14900,28800,31234
2026-08-26T02:31:16Z,194124,40000,54300,2682
2026-08-26T02:31:16Z,194541,15664000,15664000,55
2026-08-26T02:31:16Z,194542,14409000,14409000,56
2026-08-26T02:31:16Z,194562,5400,8300,628
2026-08-26T02:31:16Z,194566,2441900,2441900,145
2026-08-26T02:31:16Z,194567,353700,353700,191
2026-08-26T02:31:16Z,194568,959000,959000,104
2026-08-26T02:31:16Z,194569,6000000,6006900,58
2026-08-26T02:31:16Z,194570,424500,424500,90
2026-08-26T02:31:16Z,194571,873800,873800,175
2026-08-26T02:31:16Z,194572,1999900,1999900,134
2026-08-26T02:31:16Z,194573,2830000,2830000,122
2026-08-26T02:31:16Z,194574,835600,835600,150
2026-08-26T02:31:16Z,194575,1454600,2954600,68
2026-08-26T02:31:16Z,194576,4990000,5400000,58
2026-08-26T02:31:16Z,194577,824700,824700,106
2026-08-26T02:31:16Z,194578,2951600,2951600,125
2026-08-26T02:31:16Z,194579,4980000,4980000,57
2026-08-26T02:31:16Z,194580,749800,749800,105
2026-08-26T02:31:16Z,194680,1560000,1560000,45
2026-08-26T02:31:16Z,194681,125500,125500,83
2026-08-26T02:31:16Z,194683,10000,10000,52
2026-08-26T02:31:16Z,194684,7500,7500,873
2026-08-26T02:31:16Z,194685,10000,10000,265
2026-08-26T02:31:16Z,194688,9712600,9722300,45
2026-08-26T02:31:16Z,194689,120000,120000,117
2026-08-26T02:31:16Z,194690,745800,745800,85
2026-08-26T02:31:16Z,194691,29900,29900,3196
2026-08-26T02:31:16Z,194692,6800,7500,59
2026-08-26T02:31:16Z,194693,6509700,6509700,57
2026-08-26T02:31:16Z,194694,37100,37100,94
2026-08-26T02:31:16Z,194695,59800,9899800,43
2026-08-26T02:31:16Z,194723,108400,108400,153
2026-08-26T02:31:16Z,194724,976200,976200,73
2026-08-26T02:31:16Z,194725,554100,554100,775
2026-08-26T02:31:16Z,194730,10000,50000,21396
2026-08-26T02:31:16Z,194731,1159900,1159900,82
2026-08-26T02:31:16Z,194732,890000,890000,207
2026-08-26T02:31:16Z,194733,900000,900000,113
2026-08-26T02:31:16Z,194734,748600,748600,127
2026-08-26T02:31:16Z,194735,1978300,1978300,33
2026-08-26T02:31:16Z,194736,2603800,2603800,63
2026-08-26T02:31:16Z,194737,110900,110900,133
2026-08-26T02:31:16Z,194738,555500,555500,52
2026-08-26T02:31:16Z,194751,130800,130800,637
2026-08-26T02:31:16Z,194752,97100,97100,470
2026-08-26T02:31:16Z,194754,3500000,3990800,3505
2026-08-26T02:31:16Z,194755,2919800,2919800,4650
2026-08-26T02:31:16Z,194756,14208900,14209000,1271
2026-08-26T02:31:16Z,194758,1574300,3260000,342
2026-08-26T02:31:16Z,194760,1084800,1084900,175
2026-08-26T02:31:16Z,194761,495500,495500,2030
2026-08-26T02:31:16Z,194767,969800,970000,4907
2026-08-26T02:31:16Z,194768,1229000,1229000,1891
2026-08-26T02:31:16Z,194784,9800,9800,5073
2026-08-26T02:31:16Z,194785,87000000,89980000,17
2026-08-26T02:31:16Z,194786,38000000,38000000,30
2026-08-26T02:31:16Z,194787,972000,972000,29
2026-08-26T02:31:16Z,194788,1080000,1105000,42
2026-08-26T02:31:16Z,194789,12500000,12500000,33
2026-08-26T02:31:16Z,194790,950000,952000,112
2026-08-26T02:31:16Z,194791,889000,889000,28
2026-08-26T02:31:16Z,194792,1280000,1290000,29
2026-08-26T02:31:16Z,194793,89980000,89980000,6
2026-08-26T02:31:16Z,194794,649700,649800,34
2026-08-26T02:31:16Z,194795,19993500,19993500,27
2026-08-26T02:31:16Z,194796,1000000,3110000,125
2026-08-26T02:31:16Z,194797,666300,3116300,163
2026-08-26T02:31:16Z,194798,19990000,19990000,42
2026-08-26T02:31:16Z,194799,29990000,29990000,20
2026-08-26T02:31:16Z,194800,1662900,2742900,55
2026-08-26T02:31:16Z,194801,100000000,100000000,3
2026-08-26T02:31:16Z,194802,716800,39995000,20
2026-08-26T02:31:16Z,194803,987900,39900000,33
2026-08-26T02:31:16Z,194804,1120000,1120000,44
2026-08-26T02:31:16Z,194805,1831300,19990000,26
2026-08-26T02:31:16Z,194806,19990000,19990000,35
2026-08-26T02:31:16Z,194807,1781300,1781300,29
2026-08-26T02:31:16Z,194808,1196100,1196100,31
2026-08-26T02:31:16Z,194809,100000000,100000000,5
2026-08-26T02:31:16Z,194810,919600,919700,27
2026-08-26T02:31:16Z,194811,534600,534600,30
2026-08-26T02:31:16Z,194812,1685600,1720000,34
2026-08-26T02:31:16Z,194813,1769100,2647900,31
2026-08-26T02:31:16Z,194814,517900,517900,21
2026-08-26T02:31:16Z,194815,509100,609100,24
2026-08-26T02:31:16Z,194816,1266600,1266600,34
2026-08-26T02:31:16Z,194817,20000,30000,223
2026-08-26T02:31:16Z,194819,27700,27700,279
2026-08-26T02:31:16Z,194820,9500,9500,470
2026-08-26T02:31:16Z,194821,20000,20000,233
2026-08-26T02:31:16Z,194822,42100,42200,182
2026-08-26T02:31:16Z,194823,9900,9900,682
2026-08-26T02:31:16Z,194824,2000,2000,174
2026-08-26T02:31:16Z,194825,52300,52400,109
2026-08-26T02:31:16Z,194826,98000,100000,85
2026-08-26T02:31:16Z,194827,14107500,14107500,8
2026-08-26T02:31:16Z,194829,145700,10009900,977
2026-08-26T02:31:16Z,194846,64000,64000,2622
2026-08-26T02:31:16Z,194850,742200,742200,698
2026-08-26T02:31:16Z,194852,349500,349500,3158
2026-08-26T02:31:16Z,194855,1250000,1250000,541
2026-08-26T02:31:16Z,194856,98100,99000,253
2026-08-26T02:31:16Z,194857,99000,99000,327
2026-08-26T02:31:16Z,194858,59600,59600,2198
2026-08-26T02:31:16Z,194859,2938300,2938300,1129
2026-08-26T02:31:16Z,194862,7000000,7000000,306
2026-08-26T02:31:16Z,194863,3791100,3791100,2814
2026-08-26T02:31:16Z,194864,12999800,12999800,772
2026-08-26T02:31:16Z,194868,980100,980100,29
2026-08-26T02:31:16Z,194869,9990100,9990100,24
2026-08-26T02:31:16Z,194870,8919100,8919100,11
2026-08-26T02:31:16Z,194871,9694200,9792100,27
2026-08-26T02:31:16Z,194966,10000,27800,16211
2026-08-26T02:31:16Z,194967,25000,33000,16271
2026-08-26T02:31:16Z,194968,15000,24500,7309
2026-08-26T02:31:16Z,194969,15000,29600,20770
2026-08-26T02:31:16Z,194970,67000,95000,27551
2026-08-26T02:31:16Z,195359,1801800,49001800,21
2026-08-26T02:31:16Z,195360,5001600,5001600,24
2026-08-26T02:31:16Z,195455,190000,9880000,27
2026-08-26T02:31:16Z,195456,1650000,1650000,60
2026-08-26T02:31:16Z,195457,1650000,1650000,50
2026-08-26T02:31:16Z,195459,9900000,9900000,45
2026-08-26T02:31:16Z,195462,5000000,5000000,40
2026-08-26T02:31:16Z,195463,9949700,9949700,93
2026-08-26T02:31:16Z,195466,90000,90000,50
2026-08-26T02:31:16Z,195543,14900,14900,34
2026-08-26T02:31:16Z,196440,9800000,9800000,26
2026-08-26T02:31:16Z,196540,336800,336800,58
2026-08-26T02:31:16Z,196582,1176000,1176000,168
2026-08-26T02:31:16Z,196583,999700,999700,30
2026-08-26T02:31:16Z,196584,742500,742500,91
2026-08-26T02:31:16Z,196585,9900000,9900000,25
2026-08-26T02:31:16Z,197720,9989900,9989900,31
2026-08-26T02:31:16Z,197721,242700,5550300,527
2026-08-26T02:31:16Z,197722,209800,210000,2470
2026-08-26T02:31:16Z,197735,17167500,17167500,178
2026-08-26T02:31:16Z,197736,29993500,29993500,128
2026-08-26T02:31:16Z,197737,300000,9990000,21
2026-08-26T02:31:16Z,197741,100,900,1169152
2026-08-26T02:31:16Z,197742,100,1100,9080
2026-08-26T02:31:16Z,197743,900,1000,9658
2026-08-26T02:31:16Z,197744,100,600,37772
2026-08-26T02:31:16Z,197745,100,10500,51568
2026-08-26T02:31:16Z,197746,1000,1100,92201
2026-08-26T02:31:16Z,197747,100,700,95789
2026-08-26T02:31:16Z,197748,100,200,5638
2026-08-26T02:31:16Z,197749,100,500,18377
2026-08-26T02:31:16Z,197750,4700,4800,7792
2026-08-26T02:31:16Z,197751,100,6800,6231
2026-08-26T02:31:16Z,197752,2000,12000,2336
2026-08-26T02:31:16Z,197753,15000,25000,4242
2026-08-26T02:31:16Z,197754,100,400,178691
2026-08-26T02:31:16Z,197755,1200,1200,89642
2026-08-26T02:31:16Z,197756,100,7000,4002
2026-08-26T02:31:16Z,197757,100,9800,3309
2026-08-26T02:31:16Z,197758,3900,3900,174
2026-08-26T02:31:16Z,197759,222200,222200,142
2026-08-26T02:31:16Z,197760,55200,55200,153
2026-08-26T02:31:16Z,197761,11100,11100,248
2026-08-26T02:31:16Z,197762,9902400,9902400,40
2026-08-26T02:31:16Z,197763,8700,8700,247
2026-08-26T02:31:16Z,197764,42700,42800,1362
2026-08-26T02:31:16Z,197765,8600,8700,661
2026-08-26T02:31:16Z,197766,41800,41800,581
2026-08-26T02:31:16Z,197767,176800,176800,2918
2026-08-26T02:31:16Z,197768,550000,550000,564
2026-08-26T02:31:16Z,197769,37900,37900,1121
2026-08-26T02:31:16Z,197770,28900,28900,367
2026-08-26T02:31:16Z,197771,11200,11200,3676
2026-08-26T02:31:16Z,197772,460000,460000,67
2026-08-26T02:31:16Z,197774,95400,95400,345
2026-08-26T02:31:16Z,197775,2000,2000,370
2026-08-26T02:31:16Z,197776,29900,30000,6692
2026-08-26T02:31:16Z,197777,2100,2100,145
2026-08-26T02:31:16Z,197778,2000,2000,642
2026-08-26T02:31:16Z,197779,4700,4700,1102
2026-08-26T02:31:16Z,197780,3900,3900,982
2026-08-26T02:31:16Z,197781,2600,2700,932
2026-08-26T02:31:16Z,197782,5500,5500,1499
2026-08-26T02:31:16Z,197783,4800,4800,505
2026-08-26T02:31:16Z,197784,9900,9900,1252
2026-08-26T02:31:16Z,197785,30000,30000,464
2026-08-26T02:31:16Z,197786,2900,2900,635
2026-08-26T02:31:16Z,197787,50000,50000,853
2026-08-26T02:31:16Z,197788,4500,9900,1551
2026-08-26T02:31:16Z,197789,9900,9900,857
2026-08-26T02:31:16Z,197790,50000,60000,4456
2026-08-26T02:31:16Z,197791,9200,9200,109
2026-08-26T02:31:16Z,197792,120000,200000,1067
2026-08-26T02:31:16Z,197793,28100,98100,942
2026-08-26T02:31:16Z,197794,66000,66000,1263
2026-08-26T02:31:16Z,197795,500000,500000,255
2026-08-26T02:31:16Z,197847,549900,549900,74
2026-08-26T02:31:16Z,197848,95300,95300,65
2026-08-26T02:31:16Z,197849,2800,2800,49
2026-08-26T02:31:16Z,197850,50000,50000,49
2026-08-26T02:31:16Z,197851,668200,668200,49
2026-08-26T02:31:16Z,197852,9792100,9792100,30
2026-08-26T02:31:16Z,197853,4400,4400,129
2026-08-26T02:31:16Z,197854,150100,150100,224
2026-08-26T02:31:16Z,197855,111100,111100,308
2026-08-26T02:31:16Z,197856,74700,74700,310
2026-08-26T02:31:16Z,197857,400000,400000,70
2026-08-26T02:31:16Z,197858,69000,69000,94
2026-08-26T02:31:16Z,198043,1200800,7460800,47
2026-08-26T02:31:16Z,198044,1999800,1999800,41
2026-08-26T02:31:16Z,198045,1832500,9900000,24
2026-08-26T02:31:16Z,198047,2009400,2009400,35
2026-08-26T02:31:16Z,198082,204900,204900,85
2026-08-26T02:31:16Z,198160,939000,9971100,29
2026-08-26T02:31:16Z,198161,12900,12900,513
2026-08-26T02:31:16Z,198162,12400,12800,683
2026-08-26T02:31:16Z,198163,1620000,1620000,11
2026-08-26T02:31:16Z,198164,174600,3994700,58
2026-08-26T02:31:16Z,198165,1508000,1508000,60
2026-08-26T02:31:16Z,198174,3150000,3500000,25
2026-08-26T02:31:16Z,198175,54800,9905200,32
2026-08-26T02:31:16Z,198176,9992300,9992300,12
2026-08-26T02:31:16Z,198183,31000,31000,1166
2026-08-26T02:31:16Z,198184,10000,29400,4239
2026-08-26T02:31:16Z,198185,8500,8500,151760
2026-08-26T02:31:16Z,198186,149900,167500,1235
2026-08-26T02:31:16Z,198187,264600,264600,767
2026-08-26T02:31:16Z,198188,174000,174000,13424
2026-08-26T02:31:16Z,198189,129800,130300,1446
2026-08-26T02:31:16Z,198190,213900,225300,631
2026-08-26T02:31:16Z,198191,161500,161500,2631
2026-08-26T02:31:16Z,198192,286300,286300,232
2026-08-26T02:31:16Z,198193,313800,330300,606
2026-08-26T02:31:16Z,198194,290000,290000,6714
2026-08-26T02:31:16Z,198195,2904900,2904900,44
2026-08-26T02:31:16Z,198196,2800000,2800000,1087
2026-08-26T02:31:16Z,198197,3369000,3379600,188
2026-08-26T02:31:16Z,198198,2850000,2850000,49
2026-08-26T02:31:16Z,198199,1799900,1799900,219
2026-08-26T02:31:16Z,198200,1800000,1800000,1888
2026-08-26T02:31:16Z,198201,18500000,19900000,12
2026-08-26T02:31:16Z,198202,406900,496900,48
2026-08-26T02:31:16Z,198203,469800,469800,2211
2026-08-26T02:31:16Z,198207,9990000,9990000,22
2026-08-26T02:31:16Z,198208,90000,250000,26
2026-08-26T02:31:16Z,198209,220000,220000,41
2026-08-26T02:31:16Z,198210,90000,90000,28
2026-08-26T02:31:16Z,198211,9480000,9480000,29
2026-08-26T02:31:16Z,198212,1379400,1379400,27
2026-08-26T02:31:16Z,198213,2009800,2009800,60
2026-08-26T02:31:16Z,198214,2000000,2000000,64
2026-08-26T02:31:16Z,198215,2336800,2336800,251
2026-08-26T02:31:16Z,198216,28000,29900,423
2026-08-26T02:31:16Z,198217,103300,103300,138
2026-08-26T02:31:16Z,198218,7100,7200,185
2026-08-26T02:31:16Z,198219,17900,18100,714
2026-08-26T02:31:16Z,198220,80800,80800,89
2026-08-26T02:31:16Z,198221,3339900,3339900,130
2026-08-26T02:31:16Z,198222,696400,696400,873
2026-08-26T02:31:16Z,198223,293100,293100,416
2026-08-26T02:31:16Z,198224,357000,357000,497
2026-08-26T02:31:16Z,198228,1110000,2220000,37
2026-08-26T02:31:16Z,198229,1029400,1029400,607
2026-08-26T02:31:16Z,198230,3086300,3086300,162
2026-08-26T02:31:16Z,198231,450000,500000,25
2026-08-26T02:31:16Z,198232,19900,50000,88
2026-08-26T02:31:16Z,198233,9990000,9990000,23
2026-08-26T02:31:16Z,198236,630000,699900,33
2026-08-26T02:31:16Z,198237,149900,150000,64
2026-08-26T02:31:16Z,198238,9998800,9998800,8
2026-08-26T02:31:16Z,198239,35000,35000,92
2026-08-26T02:31:16Z,198240,49700,49700,40
2026-08-26T02:31:16Z,198241,96600,96600,592
2026-08-26T02:31:16Z,198247,480000,480000,95
2026-08-26T02:31:16Z,198253,195915300,195915300,3
2026-08-26T02:31:16Z,198254,10000000,10000000,11
2026-08-26T02:31:16Z,198255,28009200,28009200,30
2026-08-26T02:31:16Z,198256,750000,999800,90
2026-08-26T02:31:16Z,198257,210000,210000,54
2026-08-26T02:31:16Z,198258,3335700,9995900,27
2026-08-26T02:31:16Z,198259,109889900,109889900,16
2026-08-26T02:31:16Z,198260,7989900,7989900,94
2026-08-26T02:31:16Z,198261,39987600,39987600,24
2026-08-26T02:31:16Z,198265,3929200,3929300,806
2026-08-26T02:31:16Z,198268,950000,950000,643
2026-08-26T02:31:16Z,198278,50800,70800,97
2026-08-26T02:31:16Z,198279,39700,39700,41
2026-08-26T02:31:16Z,198280,905000,919900,36
2026-08-26T02:31:16Z,198281,37700,37700,51
2026-08-26T02:31:16Z,198282,39900,40000,46
2026-08-26T02:31:16Z,198283,1009900,1009900,43
2026-08-26T02:31:16Z,198289,8998900,9997600,22
2026-08-26T02:31:16Z,198290,9989600,9989600,76
2026-08-26T02:31:16Z,198291,39993600,39993600,14
2026-08-26T02:31:16Z,198292,220000,330000,43
2026-08-26T02:31:16Z,198293,250000,250000,173
2026-08-26T02:31:16Z,198294,189900,190000,65
2026-08-26T02:31:16Z,198295,195020000,195020000,1
2026-08-26T02:31:16Z,198296,7440300,7440300,8
2026-08-26T02:31:16Z,198297,84449000,84449000,12
2026-08-26T02:31:16Z,198298,47500,47600,30
2026-08-26T02:31:16Z,198299,1997800,1997800,27
2026-08-26T02:31:16Z,198300,7009900,8009900,18
2026-08-26T02:31:16Z,198301,199983300,199983300,2
2026-08-26T02:31:16Z,198302,2990000,19900000,12
2026-08-26T02:31:16Z,198303,27857400,27857400,8
2026-08-26T02:31:16Z,198304,280000,284300,25
2026-08-26T02:31:16Z,198305,9269400,9269400,31
2026-08-26T02:31:16Z,198306,11939000,11939100,8
2026-08-26T02:31:16Z,198307,727300,808100,35
2026-08-26T02:31:16Z,198308,50000,9900000,33
2026-08-26T02:31:16Z,198309,9500000,9500000,42
2026-08-26T02:31:16Z,198310,699800,699800,32
2026-08-26T02:31:16Z,198311,2000000,2006600,39
2026-08-26T02:31:16Z,198312,6000000,6000000,12
2026-08-26T02:31:16Z,198313,199009000,199009000,2
2026-08-26T02:31:16Z,198314,9276300,9276300,9
2026-08-26T02:31:16Z,198315,15007100,15007100,24
2026-08-26T02:31:16Z,198316,9826300,52455200,67
2026-08-26T02:31:16Z,198317,8820000,8820000,10
2026-08-26T02:31:16Z,198318,7305000,7305000,20
2026-08-26T02:31:16Z,198356,150000,150000,213
2026-08-26T02:31:16Z,198395,129800,149900,1021
2026-08-26T02:31:16Z,198397,2000000,2200000,213
2026-08-26T02:31:16Z,198401,9899600,9899600,52
2026-08-26T02:31:16Z,198403,227500,227500,32
2026-08-26T02:31:16Z,198412,45000,45000,4550
2026-08-26T02:31:16Z,198413,75400,75400,4194
2026-08-26T02:31:16Z,198414,169800,169800,1466
2026-08-26T02:31:16Z,198415,2560300,3291800,1593
2026-08-26T02:31:16Z,198416,890000,890000,4572
2026-08-26T02:31:16Z,198417,1733500,1733500,463
2026-08-26T02:31:16Z,198418,28900,28900,3432
2026-08-26T02:31:16Z,198419,40000,40000,1219
2026-08-26T02:31:16Z,198420,297000,297000,757
2026-08-26T02:31:16Z,198421,7500,9400,11916
2026-08-26T02:31:16Z,198422,900000,900000,6989
2026-08-26T02:31:16Z,198423,24000,24000,4171
2026-08-26T02:31:16Z,198431,9614400,9909900,24
2026-08-26T02:31:16Z,198436,9903800,9903800,74
2026-08-26T02:31:16Z,198437,9903800,9903800,77
2026-08-26T02:31:16Z,198440,19900100,19900100,46
2026-08-26T02:31:16Z,198441,89500,89500,154
2026-08-26T02:31:16Z,198487,18500,18500,9631
2026-08-26T02:31:16Z,198491,7000,7000,376
2026-08-26T02:31:16Z,198492,14900,14900,73
2026-08-26T02:31:16Z,198493,500000,500000,50
2026-08-26T02:31:16Z,198494,9801000,19990000,17
2026-08-26T02:31:16Z,198495,6833500,6833500,44
2026-08-26T02:31:16Z,198496,5000000,5000000,50
2026-08-26T02:31:16Z,198497,79800,79900,30
2026-08-26T02:31:16Z,198498,950000,950000,67
2026-08-26T02:31:16Z,198499,2998000,2998000,57
2026-08-26T02:31:16Z,198500,9791200,9791200,26
2026-08-26T02:31:16Z,198501,1332900,1332900,39
2026-08-26T02:31:16Z,198502,9999600,9999600,51
2026-08-26T02:31:16Z,198503,6434900,6435000,41
2026-08-26T02:31:16Z,198504,2747300,2747300,60
2026-08-26T02:31:16Z,198505,8821100,9001100,57
2026-08-26T02:31:16Z,198506,3000000,9890000,27
2026-08-26T02:31:16Z,198507,945000,945000,57
2026-08-26T02:31:16Z,198508,1839300,1839300,74
2026-08-26T02:31:16Z,198534,792000,792000,39
2026-08-26T02:31:16Z,198535,617000,617000,68
2026-08-26T02:31:16Z,198536,544900,544900,57
2026-08-26T02:31:16Z,198549,249800,249800,315
2026-08-26T02:31:16Z,198550,301000,301000,1159
2026-08-26T02:31:16Z,198614,3999800,3999900,21
2026-08-26T02:31:16Z,198619,39990200,39990200,5
2026-08-26T02:31:16Z,198620,7990000,9990400,24
2026-08-26T02:31:16Z,198621,39990600,39990600,14
2026-08-26T02:31:16Z,198833,69900,19999900,27
2026-08-26T02:31:16Z,199051,153300,170300,30
2026-08-26T02:31:16Z,199052,9880000,9990000,41
2026-08-26T02:31:16Z,199053,9900000,9900000,40
2026-08-26T02:31:16Z,199054,4587800,9989500,24
2026-08-26T02:31:16Z,199055,2949600,9890000,44
2026-08-26T02:31:16Z,199056,2900000,2900000,42
2026-08-26T02:31:16Z,199057,7340600,7340700,36
2026-08-26T02:31:16Z,199058,9980000,9980000,21
2026-08-26T02:31:16Z,199059,1155800,1155800,32
2026-08-26T02:31:16Z,199060,9507000,9507000,36
2026-08-26T02:31:16Z,199188,50800,60300,54
2026-08-26T02:31:16Z,199189,30700,9992400,21
2026-08-26T02:31:16Z,199190,13997900,13997900,6
2026-08-26T02:31:16Z,199193,39995500,39995500,5
2026-08-26T02:31:16Z,199194,250000,250000,25
2026-08-26T02:31:16Z,199195,8000000,8000000,75
2026-08-26T02:31:16Z,199204,1000,1000,337
2026-08-26T02:31:16Z,199206,700,1991000,4293
2026-08-26T02:31:16Z,199216,4303100,4303100,96
2026-08-26T02:31:16Z,199219,196900,197900,67
2026-08-26T02:31:16Z,199344,190000,299700,5491
2026-08-26T02:31:16Z,199476,3800,3800,29
2026-08-26T02:31:16Z,199646,39609700,39609700,9
2026-08-26T02:31:16Z,199934,2174800,39900000,26
2026-08-26T02:31:16Z,199935,1490000,1490000,73
2026-08-26T02:31:16Z,199936,250000,250000,65
2026-08-26T02:31:16Z,199937,71500,71500,47
2026-08-26T02:31:16Z,199938,1990000,1990000,6
2026-08-26T02:31:16Z,199939,199000000,199000000,1
2026-08-26T02:31:16Z,199940,53500,53500,23
2026-08-26T02:31:16Z,199941,78500,78500,64
2026-08-26T02:31:16Z,199942,69300,69300,77
2026-08-26T02:31:16Z,199943,200000,200000,64
2026-08-26T02:31:16Z,199944,60201000,60231000,10
2026-08-26T02:31:16Z,199945,155600,195600,55
2026-08-26T02:31:16Z,199946,9608100,9608100,9
2026-08-26T02:31:16Z,199947,380000,380000,135
2026-08-26T02:31:16Z,199948,70000,70000,131
2026-08-26T02:31:16Z,199949,50000,50000,94
2026-08-26T02:31:16Z,199950,440000,440000,84
2026-08-26T02:31:16Z,199951,270000,270000,39
2026-08-26T02:31:16Z,199952,370000,370000,101
2026-08-26T02:31:16Z,199953,53700,53700,56
2026-08-26T02:31:16Z,199954,200000,200000,80
2026-08-26T02:31:16Z,199955,164200,164200,55
2026-08-26T02:31:16Z,199956,51400,51400,85
2026-08-26T02:31:16Z,199957,50000,50000,36
2026-08-26T02:31:16Z,199958,19999800,39900000,12
2026-08-26T02:31:16Z,199959,50000,50000,37
2026-08-26T02:31:16Z,199960,57900,57900,98
2026-08-26T02:31:16Z,199961,1990000,1990000,30
2026-08-26T02:31:16Z,199962,490000,500000,16
2026-08-26T02:31:16Z,199963,3991500,3991500,21
2026-08-26T02:31:16Z,199964,39997800,39997800,30
2026-08-26T02:31:16Z,199965,199991400,199991400,12
2026-08-26T02:31:16Z,199966,39990000,39990000,24
2026-08-26T02:31:16Z,199967,4250000,4250000,21
2026-08-26T02:31:16Z,199968,400000,1500000,52
2026-08-26T02:31:16Z,199969,500800,500800,17
2026-08-26T02:31:16Z,199970,19000000,19000000,10
2026-08-26T02:31:16Z,199971,2509400,2509400,14
2026-08-26T02:31:16Z,199972,4750000,5000000,9
2026-08-26T02:31:16Z,199973,700000,700000,65
2026-08-26T02:31:16Z,199974,19999500,19999500,10
2026-08-26T02:31:16Z,199975,20007700,20007700,41
2026-08-26T02:31:16Z,199976,2108700,2108700,41
2026-08-26T02:31:16Z,199977,727000,727300,34
2026-08-26T02:31:16Z,199978,475000,475000,83
2026-08-26T02:31:16Z,199979,330000,330000,39
2026-08-26T02:31:16Z,199980,353600,353600,30
2026-08-26T02:31:16Z,199981,743800,743800,18
2026-08-26T02:31:16Z,199982,60000,60000,31
2026-08-26T02:31:16Z,199983,59900,89900,22
2026-08-26T02:31:16Z,199984,71600,71600,39
2026-08-26T02:31:16Z,199985,4670000,4670000,23
2026-08-26T02:31:16Z,199986,330000,330000,37
2026-08-26T02:31:16Z,199987,502700,502700,27
2026-08-26T02:31:16Z,199988,523600,523600,54
2026-08-26T02:31:16Z,199989,56500,61800,69
2026-08-26T02:31:16Z,199990,50000,7270600,19
2026-08-26T02:31:16Z,199991,463100,463100,22
2026-08-26T02:31:16Z,199992,426600,426600,33
2026-08-26T02:31:16Z,199993,351300,351300,78
2026-08-26T02:31:16Z,199994,290000,290000,47
2026-08-26T02:31:16Z,199995,77700,77700,38
2026-08-26T02:31:16Z,199996,95000,95000,56
2026-08-26T02:31:16Z,199997,60000,69700,44
2026-08-26T02:31:16Z,199998,290200,290200,44
2026-08-26T02:31:16Z,199999,50000,50000,41
2026-08-26T02:31:16Z,200000,50000,50000,24
2026-08-26T02:31:16Z,200001,55500,55500,40
2026-08-26T02:31:16Z,200002,989800,989800,27
2026-08-26T02:31:16Z,200003,1990000,1990000,12
2026-08-26T02:31:16Z,200004,3812600,3812600,65
2026-08-26T02:31:16Z,200005,2008100,2008100,36
2026-08-26T02:31:16Z,200006,3149900,3149900,43
2026-08-26T02:31:16Z,200007,3445500,3445500,23
2026-08-26T02:31:16Z,200008,455200,485200,36
2026-08-26T02:31:16Z,200009,8422300,8422300,70
2026-08-26T02:31:16Z,200010,750000,750000,20
2026-08-26T02:31:16Z,200011,7809400,7809400,10
2026-08-26T02:31:16Z,200012,28000000,28829100,48
2026-08-26T02:31:16Z,200013,10392700,10392700,10
2026-08-26T02:31:16Z,200014,7995000,10945000,10
2026-08-26T02:31:16Z,200015,5500000,5500000,9
2026-08-26T02:31:16Z,200016,13999800,13999800,59
2026-08-26T02:31:16Z,200017,3009900,3009900,5
2026-08-26T02:31:16Z,200018,9999600,9999700,91
2026-08-26T02:31:16Z,200019,1599100,1599100,23
2026-08-26T02:31:16Z,200020,1425000,1499900,42
2026-08-26T02:31:16Z,200021,500100,500100,87
2026-08-26T02:31:16Z,200022,4206000,4207000,46
2026-08-26T02:31:16Z,200023,2990000,2990000,34
2026-08-26T02:31:16Z,200024,109800,109800,44
2026-08-26T02:31:16Z,200025,142500,142500,39
2026-08-26T02:31:16Z,200026,129900,129900,23
2026-08-26T02:31:16Z,200027,8509900,8909900,406
2026-08-26T02:31:16Z,200028,3909900,3909900,43
2026-08-26T02:31:16Z,200029,9809900,9900000,26
2026-08-26T02:31:16Z,200030,474500,474500,124
2026-08-26T02:31:16Z,200031,550000,550000,53
2026-08-26T02:31:16Z,200032,659900,710000,65
2026-08-26T02:31:16Z,200033,472500,472500,249
2026-08-26T02:31:16Z,200034,1950000,1950000,111
2026-08-26T02:31:16Z,200035,1009900,1009900,114
2026-08-26T02:31:16Z,200036,1979800,1979800,104
2026-08-26T02:31:16Z,200037,90000,100000,25
2026-08-26T02:31:16Z,200038,130000,130000,118
2026-08-26T02:31:16Z,200039,150000,150000,75
2026-08-26T02:31:16Z,200040,1650000,1650000,27
2026-08-26T02:31:16Z,200041,50000,50000,18
2026-08-26T02:31:16Z,200042,99900,99900,62
2026-08-26T02:31:16Z,200043,62900,62900,15
2026-08-26T02:31:16Z,200044,60000,60000,18
2026-08-26T02:31:16Z,200045,10302000,10303000,16
2026-08-26T02:31:16Z,200046,12845400,14850000,13
2026-08-26T02:31:16Z,200047,5001900,7601900,51
2026-08-26T02:31:16Z,200048,7500100,7500100,12
2026-08-26T02:31:16Z,200049,5007000,5007000,12
2026-08-26T02:31:16Z,200050,15073400,15073500,68
2026-08-26T02:31:16Z,200051,17809900,17819900,27
2026-08-26T02:31:16Z,200052,27997600,27997600,99
2026-08-26T02:31:16Z,200053,7009100,10579100,41
2026-08-26T02:31:16Z,200054,24989400,24989500,33
2026-08-26T02:31:16Z,200055,16989900,16989900,29
2026-08-26T02:31:16Z,200056,15009800,15009900,40
2026-08-26T02:31:16Z,200057,2202100,2222100,19
2026-08-26T02:31:16Z,200058,30009700,30009700,59
2026-08-26T02:31:16Z,200059,5004100,6004100,24
2026-08-26T02:31:16Z,200061,40000,154100,23722
2026-08-26T02:31:16Z,200074,47000,67900,2353
2026-08-26T02:31:16Z,200099,9879900,9879900,23
2026-08-26T02:31:16Z,200105,43900,43900,26
2026-08-26T02:31:16Z,200106,30000,30000,17
2026-08-26T02:31:16Z,200107,290005600,290005600,1
2026-08-26T02:31:16Z,200113,1489300,1489400,3977
2026-08-26T02:31:16Z,200224,3050000,3329900,2350
2026-08-26T02:31:16Z,200264,3902500,3902500,200
2026-08-26T02:31:16Z,200282,1000000,1000000,2
2026-08-26T02:31:16Z,200304,9990000,9990000,81
2026-08-26T02:31:16Z,200305,9810700,9810700,35
2026-08-26T02:31:16Z,200451,49007900,49007900,21
2026-08-26T02:31:16Z,200476,960600,960600,238
2026-08-26T02:31:16Z,200506,1600,1700,759
2026-08-26T02:31:16Z,200507,9300,9400,1810
2026-08-26T02:31:16Z,200508,9903300,20000000,1030
2026-08-26T02:31:16Z,200509,7400,7500,29175
2026-08-26T02:31:16Z,200531,49900,49900,40
2026-08-26T02:31:16Z,200532,49004200,49004200,15
2026-08-26T02:31:16Z,200533,290005500,290005500,1
2026-08-26T02:31:16Z,200565,3465000,3465000,21
2026-08-26T02:31:16Z,200566,354000,811300,109
2026-08-26T02:31:16Z,200567,755700,755700,37
2026-08-26T02:31:16Z,200568,2500000,2500000,43
2026-08-26T02:31:16Z,200569,835600,835600,79
2026-08-26T02:31:16Z,200570,798900,798900,159
2026-08-26T02:31:16Z,200571,9596400,9596400,30
2026-08-26T02:31:16Z,200572,1204200,1204200,92
2026-08-26T02:31:16Z,200573,890000,890000,66
2026-08-26T02:31:16Z,200574,23760000,23760000,11
2026-08-26T02:31:16Z,200575,3330000,9894900,29
2026-08-26T02:31:16Z,200576,1487700,1487700,79
2026-08-26T02:31:16Z,200577,39000000,39900000,8
2026-08-26T02:31:16Z,200578,686800,824700,85
2026-08-26T02:31:16Z,200579,3217000,3217000,65
2026-08-26T02:31:16Z,200580,2820100,2820100,13
2026-08-26T02:31:16Z,200581,686800,686800,48
2026-08-26T02:31:16Z,200582,1600300,1600300,60
2026-08-26T02:31:16Z,200614,360000,360000,105
2026-08-26T02:31:16Z,200615,250000,250000,113
2026-08-26T02:31:16Z,200616,19999500,19999500,58
2026-08-26T02:31:16Z,200618,15550000,15550000,18
2026-08-26T02:31:16Z,200619,39990000,39990000,5
2026-08-26T02:31:16Z,200623,9901900,9901900,100
2026-08-26T02:31:16Z,200633,60206300,60206300,5
2026-08-26T02:31:16Z,200634,27002700,27002700,105
2026-08-26T02:31:16Z,200652,377000,9990000,506
2026-08-26T02:31:16Z,200680,9961400,9961400,45
2026-08-26T02:31:16Z,200681,9961400,9961400,25
2026-08-26T02:31:16Z,200764,290004400,290004400,1
2026-08-26T02:31:16Z,200765,290008900,290008900,1
2026-08-26T02:31:16Z,200766,290003700,290003700,1
2026-08-26T02:31:16Z,200767,290004600,290004600,1
2026-08-26T02:31:16Z,200768,9000000,9000000,31
2026-08-26T02:31:16Z,200769,49800,49800,26
2026-08-26T02:31:16Z,200770,280009900,280009900,6
2026-08-26T02:31:16Z,200771,290009500,290009500,1
2026-08-26T02:31:16Z,200772,119900,119900,12
2026-08-26T02:31:16Z,200773,657800,657800,4
2026-08-26T02:31:16Z,200774,290001200,290001200,1
2026-08-26T02:31:16Z,200775,290007300,290007300,1
2026-08-26T02:31:16Z,200776,290008000,290008000,1
2026-08-26T02:31:16Z,200777,160800,160800,12
2026-08-26T02:31:16Z,200778,290003600,290003600,1
2026-08-26T02:31:16Z,200779,290002900,290002900,1
2026-08-26T02:31:16Z,200780,149800,149800,14
2026-08-26T02:31:16Z,200781,290008900,290008900,1
2026-08-26T02:31:16Z,200782,290005800,290005800,1
2026-08-26T02:31:16Z,200783,85000000,85000000,7
2026-08-26T02:31:16Z,200784,290004000,290004000,1
2026-08-26T02:31:16Z,200785,5527300,5527300,4
2026-08-26T02:31:16Z,200786,198900,198900,9
2026-08-26T02:31:16Z,200787,9509100,9509100,70
2026-08-26T02:31:16Z,200788,139900,139900,4
2026-08-26T02:31:16Z,200789,290009900,290009900,1
2026-08-26T02:31:16Z,200790,321000,321000,25
2026-08-26T02:31:16Z,200791,5009900,5009900,17
2026-08-26T02:31:16Z,200792,290009000,290009000,1
2026-08-26T02:31:16Z,200793,489600,489600,11
2026-08-26T02:31:16Z,200794,236800,236800,10
2026-08-26T02:31:16Z,200795,76200,76200,19
2026-08-26T02:31:16Z,200796,290007700,290007700,16
2026-08-26T02:31:16Z,200797,290001000,290001000,1
2026-08-26T02:31:16Z,200798,290000600,290000600,1
2026-08-26T02:31:16Z,200799,290002900,290002900,1
2026-08-26T02:31:16Z,200800,59500,59500,26
2026-08-26T02:31:16Z,200801,259900,259900,21
2026-08-26T02:31:16Z,200802,290001900,290001900,2
2026-08-26T02:31:16Z,200803,6660000,15000000,18
2026-08-26T02:31:16Z,200804,250006500,250006500,32
2026-08-26T02:31:16Z,200805,270006400,270006400,5
2026-08-26T02:31:16Z,200806,187300,187300,9
2026-08-26T02:31:16Z,200807,290003600,290003600,1
2026-08-26T02:31:16Z,200808,3000000,3000000,17
2026-08-26T02:31:16Z,200809,290007100,290007100,1
2026-08-26T02:31:16Z,200810,100000000,100000000,2
2026-08-26T02:31:16Z,200811,180001700,180001700,51
2026-08-26T02:31:16Z,200812,290004400,290004400,1
2026-08-26T02:31:16Z,200813,80000,80000,28
2026-08-26T02:31:16Z,200814,50000000,50000000,2
2026-08-26T02:31:16Z,200815,124000000,124000000,4
2026-08-26T02:31:16Z,200816,480000,480000,11
2026-08-26T02:31:16Z,200817,290007600,290007600,1
2026-08-26T02:31:16Z,200818,290000500,290000500,1
2026-08-26T02:31:16Z,200819,17007900,17007900,77
2026-08-26T02:31:16Z,200820,138900,138900,28
2026-08-26T02:31:16Z,200821,9990000,9990000,9
2026-08-26T02:31:16Z,200822,169400,169400,17
2026-08-26T02:31:16Z,200823,20005700,20005700,15
2026-08-26T02:31:16Z,200824,290008600,290008600,1
2026-08-26T02:31:16Z,200825,289999800,289999800,1
2026-08-26T02:31:16Z,200826,500000,500000,10
2026-08-26T02:31:16Z,200827,290007800,290007800,1
2026-08-26T02:31:16Z,200828,509800,509800,7
2026-08-26T02:31:16Z,200829,290003400,290003400,1
2026-08-26T02:31:16Z,200830,509900,509900,27
2026-08-26T02:31:16Z,200831,290003800,290003800,1
2026-08-26T02:31:16Z,200832,150000000,150000000,45
2026-08-26T02:31:16Z,200833,290003800,290003800,1
2026-08-26T02:31:16Z,200834,299009900,299009900,1
2026-08-26T02:31:16Z,200835,106900,106900,8
2026-08-26T02:31:16Z,200836,129700,129700,10
2026-08-26T02:31:16Z,200837,27770000,27770000,5
2026-08-26T02:31:16Z,200838,2007500,2007500,40
2026-08-26T02:31:16Z,200840,290005300,290005300,1
2026-08-26T02:31:16Z,200841,1009000,1009000,13
2026-08-26T02:31:16Z,200842,1404000,1404000,17
2026-08-26T02:31:16Z,200843,500000,500000,4
2026-08-26T02:31:16Z,200844,290008100,290008100,1
2026-08-26T02:31:16Z,200845,70000000,70000000,2
2026-08-26T02:31:16Z,200846,290000700,290000700,1
2026-08-26T02:31:16Z,200847,290006900,290006900,1
2026-08-26T02:31:16Z,200848,219900,219900,2
2026-08-26T02:31:16Z,200849,140000000,140000000,15
2026-08-26T02:31:16Z,200850,290006100,290006100,1
2026-08-26T02:31:16Z,200851,290002900,290002900,1
2026-08-26T02:31:16Z,200852,160008700,160008700,11
2026-08-26T02:31:16Z,200853,299000000,299000000,1
2026-08-26T02:31:16Z,200855,3500000,3500000,33
2026-08-26T02:31:16Z,200856,9905000,9905000,23
2026-08-26T02:31:16Z,200860,33400,41900,896
2026-08-26T02:31:16Z,200871,446200,446300,68
2026-08-26T02:31:16Z,200938,900000,988300,816
2026-08-26T02:31:16Z,200944,985000,985000,53
2026-08-26T02:31:16Z,201045,23700,23800,71
2026-08-26T02:31:16Z,201046,499800,1648400,60
2026-08-26T02:31:16Z,201047,34700,34800,63
2026-08-26T02:31:16Z,201162,290008800,290008800,1
2026-08-26T02:31:16Z,201163,5008700,49008700,26
2026-08-26T02:31:16Z,201164,49008900,49008900,20
2026-08-26T02:31:16Z,201165,49000200,49000200,26
2026-08-26T02:31:16Z,201166,49009000,49009000,20
2026-08-26T02:31:16Z,201168,8500000200,8500000200,1
2026-08-26T02:31:16Z,201170,290009700,290009700,1
2026-08-26T02:31:16Z,201173,290009100,290009100,1
2026-08-26T02:31:16Z,201177,290009600,290009600,1
2026-08-26T02:31:16Z,201178,990009100,990009100,1
2026-08-26T02:31:16Z,201180,49009600,49009600,20
2026-08-26T02:31:16Z,201182,49009400,49009400,20
2026-08-26T02:31:16Z,201184,49009100,49009100,20
2026-08-26T02:31:16Z,201185,290009600,290009600,1
2026-08-26T02:31:16Z,201186,450009100,450009100,1
2026-08-26T02:31:16Z,201188,290009600,290009600,1
2026-08-26T02:31:16Z,201190,290009100,290009100,1
2026-08-26T02:31:16Z,201191,290008800,290008800,1
2026-08-26T02:31:16Z,201192,49009100,49009100,20
2026-08-26T02:31:16Z,201193,49009200,49009200,20
2026-08-26T02:31:16Z,201194,49008800,49008800,20
2026-08-26T02:31:16Z,201195,290009400,290009400,1
2026-08-26T02:31:16Z,201196,1500009000,1500009000,1
2026-08-26T02:31:16Z,201197,290009900,290009900,1
2026-08-26T02:31:16Z,201202,49009400,49009400,20
2026-08-26T02:31:16Z,201203,49009900,49009900,20
2026-08-26T02:31:16Z,201204,49008900,49008900,20
2026-08-26T02:31:16Z,201205,49009700,49009700,20
2026-08-26T02:31:16Z,201206,49000100,49000100,20
2026-08-26T02:31:16Z,201207,49008800,49008800,20
2026-08-26T02:31:16Z,201209,49000500,49000500,18
2026-08-26T02:31:16Z,201216,49009400,49009400,20
2026-08-26T02:31:16Z,201219,49009600,49009600,22
2026-08-26T02:31:16Z,201220,49000500,49000500,20
2026-08-26T02:31:16Z,201221,49008700,49008700,20
2026-08-26T02:31:16Z,201222,49800,49800,25
2026-08-26T02:31:16Z,201226,49009400,49009400,20
2026-08-26T02:31:16Z,201227,290000200,290000200,1
2026-08-26T02:31:16Z,201228,290000500,290000500,1
2026-08-26T02:31:16Z,201310,19997700,19997700,48
2026-08-26T02:31:16Z,201311,2227200,2227200,60
2026-08-26T02:31:16Z,201312,50000,50000,134
2026-08-26T02:31:16Z,201313,440000,450000,38
2026-08-26T02:31:16Z,201314,750000,750000,77
2026-08-26T02:31:16Z,201315,10000,10000,66
2026-08-26T02:31:16Z,201316,9991900,9991900,47
2026-08-26T02:31:16Z,201317,500000,500000,122
2026-08-26T02:31:16Z,201318,20900,21000,165
2026-08-26T02:31:16Z,201319,10270000,10270000,21
2026-08-26T02:31:16Z,201320,9890000,9890000,46
2026-08-26T02:31:16Z,201321,52470300,52470300,5
2026-08-26T02:31:16Z,201325,1090000,1090000,247
2026-08-26T02:31:16Z,201327,9990100,9990100,32
2026-08-26T02:31:16Z,201398,1650000,1650000,60
2026-08-26T02:31:16Z,201399,41000,45000,1795
2026-08-26T02:31:16Z,201400,389500,391300,1912
2026-08-26T02:31:16Z,201401,130000,245100,2106
2026-08-26T02:31:16Z,201402,59900,60000,443
2026-08-26T02:31:16Z,201403,490000,490000,2537
2026-08-26T02:31:16Z,201404,3600000,3609800,5598
2026-08-26T02:31:16Z,201405,1910000,1911000,2173
2026-08-26T02:31:16Z,201406,67400,67400,1020
2026-08-26T02:31:16Z,201407,10003000,10003000,8
2026-08-26T02:31:16Z,201408,9993000,9993000,20
2026-08-26T02:31:16Z,201409,19732700,19732900,48
2026-08-26T02:31:16Z,201413,1650000,1650000,65
2026-08-26T02:31:16Z,201415,9949900,9949900,29
2026-08-26T02:31:16Z,201416,9830000,9830000,41
2026-08-26T02:31:16Z,201417,9890000,9890000,40
2026-08-26T02:31:16Z,201419,508700,508700,44
2026-08-26T02:31:16Z,201420,1149000,1149000,1212
2026-08-26T02:31:16Z,201421,1108000,1108000,1703
2026-08-26T02:31:16Z,201422,1357700,1507900,3297
2026-08-26T02:31:16Z,201424,6800,6800,61
2026-08-26T02:31:16Z,201428,490000,1814600,58
2026-08-26T02:31:16Z,201466,7600,7600,122
2026-08-26T02:31:16Z,201467,35000,35000,60
2026-08-26T02:31:16Z,201468,980000,980000,12
2026-08-26T02:31:16Z,201469,1900,1900,940
2026-08-26T02:31:16Z,201584,240500,240500,295
2026-08-26T02:31:16Z,201697,9907400,9907400,40
2026-08-26T02:31:16Z,201698,9805600,9805600,29
2026-08-26T02:31:16Z,201721,9790000,9790000,25
2026-08-26T02:31:16Z,201723,49009100,49009100,11
2026-08-26T02:31:16Z,201724,2499999900,2499999900,3
2026-08-26T02:31:16Z,201725,9892000,9892000,333
2026-08-26T02:31:16Z,201729,290003800,290003800,1
2026-08-26T02:31:16Z,201813,401900,401900,30
2026-08-26T02:31:16Z,201820,9870000,9870000,25
2026-08-26T02:31:16Z,201832,152900,160900,1278
2026-08-26T02:31:16Z,201883,16000000,17000000,270
2026-08-26T02:31:16Z,201991,2770000,2799900,1418
2026-08-26T02:31:16Z,202065,49000000,49000000,20
2026-08-26T02:31:16Z,202070,4400,4400,2430
2026-08-26T02:31:16Z,202071,4100,4100,1583
2026-08-26T02:31:16Z,202290,130000,130000,767
2026-08-26T02:31:16Z,202314,2300000,2300000,30
2026-08-26T02:31:16Z,202315,9998000,9998000,25
2026-08-26T02:31:16Z,202401,509800,509900,90
2026-08-26T02:31:16Z,202712,6900,6900,365
2026-08-26T02:31:16Z,203407,36268500,36268600,67
2026-08-26T02:31:16Z,203408,59999900,59999900,49
2026-08-26T02:31:16Z,203409,9906000,9906000,112
2026-08-26T02:31:16Z,203410,9940300,9940300,68
2026-08-26T02:31:16Z,203411,59990000,59990000,23
2026-08-26T02:31:16Z,203412,115205400,115205400,33
2026-08-26T02:31:16Z,203413,46739900,46739900,39
2026-08-26T02:31:16Z,203414,49999900,49999900,61
2026-08-26T02:31:16Z,203415,6982900,6982900,50
2026-08-26T02:31:16Z,203416,9999700,9999800,89
2026-08-26T02:31:16Z,203417,49890200,49890200,35
2026-08-26T02:31:16Z,203418,4007900,4008000,216
2026-08-26T02:31:16Z,203419,28413000,36999900,183
2026-08-26T02:31:16Z,203652,850000,850000,245
2026-08-26T02:31:16Z,203762,60000,64500,3085
2026-08-26T02:31:16Z,203763,130000,130000,2188
2026-08-26T02:31:16Z,203862,624900,624900,1378
2026-08-26T02:31:16Z,203865,469900,469900,2210
2026-08-26T02:31:16Z,204072,60000,60000,865
2026-08-26T02:31:16Z,204092,6903000,6904000,39
2026-08-26T02:31:16Z,204234,49005100,49005100,19
2026-08-26T02:31:16Z,204235,2000,2900,125
2026-08-26T02:31:16Z,204237,296800,297000,71
2026-08-26T02:31:16Z,204308,49001600,49001600,22
2026-08-26T02:31:16Z,204310,49008800,49008800,20
2026-08-26T02:31:16Z,204311,50000,50000,29
2026-08-26T02:31:16Z,204312,290002200,290002200,2
2026-08-26T02:31:16Z,204313,49009800,49009800,18
2026-08-26T02:31:16Z,204370,999000,999000,1370
2026-08-26T02:31:16Z,204442,49000100,49000100,20
2026-08-26T02:31:16Z,204460,32800,58700,29837
2026-08-26T02:31:16Z,204463,9990000,9990000,544
2026-08-26T02:31:16Z,204464,77000,150000,2299
2026-08-26T02:31:16Z,204565,12422400,12422400,26
2026-08-26T02:31:16Z,204567,9990000,9990000,20
2026-08-26T02:31:16Z,204568,199519900,199519900,1
2026-08-26T02:31:16Z,204613,4126900,49999700,8
2026-08-26T02:31:16Z,204614,6475600,6475600,13
2026-08-26T02:31:16Z,204615,7500000,7500000,6
2026-08-26T02:31:16Z,204621,39906500,39906500,11
2026-08-26T02:31:16Z,204622,4000000,4000000,18
2026-08-26T02:31:16Z,204623,35000000,35000000,4
2026-08-26T02:31:16Z,204700,199696500,199696500,2
2026-08-26T02:31:16Z,204701,14000000,49990000,11
2026-08-26T02:31:16Z,204702,23909000,23909000,17
2026-08-26T02:31:16Z,204708,599700,9999800,42
2026-08-26T02:31:16Z,204709,9992800,9992800,26
2026-08-26T02:31:16Z,204710,742400,742400,35
2026-08-26T02:31:16Z,204729,3959800,3959800,32
2026-08-26T02:31:16Z,204730,9400,9400,123
2026-08-26T02:31:16Z,204790,1900,1900,377
2026-08-26T02:31:16Z,204823,99900,99900,64
2026-08-26T02:31:16Z,204825,19900,19900,26
2026-08-26T02:31:16Z,204826,230400,230400,29
2026-08-26T02:31:16Z,204827,9990900,9990900,20
2026-08-26T02:31:16Z,204828,250000,9980000,22
2026-08-26T02:31:16Z,204829,6100000,6100000,24
2026-08-26T02:31:16Z,204834,49000100,49000100,21
2026-08-26T02:31:16Z,204835,290000100,290000100,2
2026-08-26T02:31:16Z,204836,49000100,49000100,21
2026-08-26T02:31:16Z,204837,49000100,49000100,20
2026-08-26T02:31:16Z,204838,49009800,49009800,20
2026-08-26T02:31:16Z,204839,290000100,290000100,6
2026-08-26T02:31:16Z,204840,49000100,49000100,21
2026-08-26T02:31:16Z,204841,49000100,49000100,20
2026-08-26T02:31:16Z,204842,57600,49007600,23
2026-08-26T02:31:16Z,204845,168500,168500,3996
2026-08-26T02:31:16Z,204858,39905000,39905000,20
2026-08-26T02:31:16Z,204859,759900,759900,54
2026-08-26T02:31:16Z,204860,1709000,3720000,66
2026-08-26T02:31:16Z,204909,990000000,990000000,2
2026-08-26T02:31:16Z,204971,499800,499800,28
2026-08-26T02:31:16Z,204972,44400,47700,95
2026-08-26T02:31:16Z,204973,9960000,9960000,25
2026-08-26T02:31:16Z,204991,9989900,9989900,27
2026-08-26T02:31:16Z,204992,2999600,2999700,56
2026-08-26T02:31:16Z,204993,197010000,197010000,2
2026-08-26T02:31:16Z,204994,6999900,7009900,258
2026-08-26T02:31:16Z,204995,35698400,35698400,34
2026-08-26T02:31:16Z,204996,3501100,3501100,90
2026-08-26T02:31:16Z,205012,43065600,43065600,9
2026-08-26T02:31:16Z,205014,6773400,6773400,64
2026-08-26T02:31:16Z,205015,19991900,19991900,10
2026-08-26T02:31:16Z,205016,99999100,99999100,10
2026-08-26T02:31:16Z,205039,45009400,45009400,53
2026-08-26T02:31:16Z,205043,1990000000,1990000000,1
2026-08-26T02:31:16Z,205044,80009900,80009900,6
2026-08-26T02:31:16Z,205115,10000000,10000000,3
2026-08-26T02:31:16Z,205170,19905600,19905600,5
2026-08-26T02:31:16Z,205171,990000000,990000000,2
2026-08-26T02:31:16Z,205172,197997600,197997600,3
2026-08-26T02:31:16Z,205173,199989700,199989700,1
2026-08-26T02:31:16Z,205221,49006200,49006200,11
2026-08-26T02:31:16Z,205222,49006600,49006600,11
2026-08-26T02:31:16Z,205224,49000100,49000100,18
2026-08-26T02:31:16Z,205235,49000100,49000100,20
2026-08-26T02:31:16Z,205236,990000100,990000100,1
2026-08-26T02:31:16Z,205237,49000100,49000100,20
2026-08-26T02:31:16Z,205238,1500000100,1500000100,2
2026-08-26T02:31:16Z,205239,49000100,49000100,23
2026-08-26T02:31:16Z,205240,49000100,49000100,20
2026-08-26T02:31:16Z,205241,49000100,49000100,20
2026-08-26T02:31:16Z,205242,49000100,49000100,20
2026-08-26T02:31:16Z,205243,49000100,49000100,20
2026-08-26T02:31:16Z,205244,49000100,49000100,24
2026-08-26T02:31:16Z,205411,3759900,3759900,49
2026-08-26T02:31:16Z,205413,39880100,499999800,2239
2026-08-26T02:31:16Z,205417,904900,904900,47
2026-08-26T02:31:16Z,205457,290008400,290008400,1
2026-08-26T02:31:16Z,205459,49000000,49000000,17
2026-08-26T02:31:16Z,205460,108500,108500,33
2026-08-26T02:31:16Z,205461,998700,998700,31
2026-08-26T02:31:16Z,205462,270009000,270009000,3
2026-08-26T02:31:16Z,205464,49000000,49006800,15
2026-08-26T02:31:16Z,205465,290001000,290001000,1
2026-08-26T02:31:16Z,205466,304000,49004000,17
2026-08-26T02:31:16Z,205467,290007500,290007500,1
2026-08-26T02:31:16Z,205468,46000000,49000000,19
2026-08-26T02:31:16Z,205469,290000900,290000900,2
2026-08-26T02:31:16Z,205470,2500400,49000400,24
2026-08-26T02:31:16Z,205471,49006400,49006400,14
2026-08-26T02:31:16Z,205472,990008200,990008200,1
2026-08-26T02:31:16Z,205684,1515000,1545900,789
2026-08-26T02:31:16Z,205686,357200,357200,953
2026-08-26T02:31:16Z,205690,9700000,9700000,25
2026-08-26T02:31:16Z,205692,970000,970000,30
2026-08-26T02:31:16Z,205693,440000,440000,160
2026-08-26T02:31:16Z,205695,290004000,290004000,1
2026-08-26T02:31:16Z,205697,990005900,990005900,1
2026-08-26T02:31:16Z,205698,290003900,290003900,1
2026-08-26T02:31:16Z,205699,1505600,49005600,16
2026-08-26T02:31:16Z,205700,35200,35200,56
2026-08-26T02:31:16Z,205793,178000,178000,55
2026-08-26T02:31:16Z,205794,22200,22200,64
2026-08-26T02:31:16Z,205866,1507700,49007700,16
2026-08-26T02:31:16Z,205868,8004300,8004300,19
2026-08-26T02:31:16Z,205869,290004300,290004300,1
2026-08-26T02:31:16Z,205870,49006100,49006100,16
2026-08-26T02:31:16Z,205871,290003000,290003000,1
2026-08-26T02:31:16Z,205872,49005200,49005200,14
2026-08-26T02:31:16Z,205873,290004100,290004100,1
2026-08-26T02:31:16Z,205875,150003400,150003400,2
2026-08-26T02:31:16Z,206967,5500000,5500000,45
2026-08-26T02:31:16Z,206968,9998600,9998600,49
2026-08-26T02:31:16Z,206969,9990100,9990100,27
2026-08-26T02:31:16Z,207021,9990000,9994600,38
2026-08-26T02:31:16Z,207022,24000,24000,585
2026-08-26T02:31:16Z,207023,2200,2200,11395
2026-08-26T02:31:16Z,207039,39439100,39439100,20
2026-08-26T02:31:16Z,207040,100000,100000,589
2026-08-26T02:31:16Z,207041,29100,29100,97
2026-08-26T02:31:16Z,207054,148400,148400,77
2026-08-26T02:31:16Z,207085,9998800,9998800,53
2026-08-26T02:31:16Z,207086,3444700,3444700,32
2026-08-26T02:31:16Z,207087,17945500,17945500,21
2026-08-26T02:31:16Z,207088,2989900,2999200,8100
2026-08-26T02:31:16Z,207702,1048900,1076900,17062
2026-08-26T02:31:16Z,207956,4940000,4949000,93
2026-08-26T02:31:16Z,208187,39970000,39970000,10
2026-08-26T02:31:16Z,208188,59999600,59999600,17
2026-08-26T02:31:16Z,208189,199999900,199999900,15
2026-08-26T02:31:16Z,208212,11000,14400,7837
2026-08-26T02:31:16Z,208736,49008900,49008900,13
2026-08-26T02:31:16Z,208746,38225000,38225000,5
2026-08-26T02:31:16Z,208747,9598100,49905000,25
2026-08-26T02:31:16Z,208748,49998100,49998100,19
2026-08-26T02:31:16Z,208856,242200,242300,28
2026-08-26T02:31:16Z,209033,49009900,49009900,32
2026-08-26T02:31:16Z,209034,290006700,290006700,2
2026-08-26T02:31:16Z,210221,2000,2500,48125
2026-08-26T02:31:16Z,210244,2840500,9900000,29
2026-08-26T02:31:16Z,210245,750000,2694500,47
2026-08-26T02:31:16Z,210246,7999500,7999500,70
2026-08-26T02:31:16Z,210247,2200000,2600000,64
2026-08-26T02:31:16Z,210248,56600,56600,65
2026-08-26T02:31:16Z,210249,1440000,1980000,89
2026-08-26T02:31:16Z,210438,49008800,49008800,17
2026-08-26T02:31:16Z,210443,290009900,290009900,1
2026-08-26T02:31:16Z,210444,290009000,290009000,1
2026-08-26T02:31:16Z,210445,49009400,49009400,13
2026-08-26T02:31:16Z,210449,8500009800,8500009800,1
2026-08-26T02:31:16Z,210451,18812100,49002100,14
2026-08-26T02:31:16Z,210452,20008800,49008800,21
2026-08-26T02:31:16Z,210456,33337900,33337900,158
2026-08-26T02:31:16Z,210554,290008000,290008000,1
2026-08-26T02:31:16Z,210658,38009900,49009900,22
2026-08-26T02:31:16Z,210671,451600,451600,78
2026-08-26T02:31:16Z,210672,417300,417300,56
2026-08-26T02:31:16Z,210673,9990000,9990000,30
2026-08-26T02:31:16Z,210688,4000400,4000400,211
2026-08-26T02:31:16Z,210796,15000,27600,20108
2026-08-26T02:31:16Z,210797,20000,35500,69838
2026-08-26T02:31:16Z,210798,17700,29900,23445
2026-08-26T02:31:16Z,210799,29900,30400,54335
2026-08-26T02:31:16Z,210800,12200,48900,16606
2026-08-26T02:31:16Z,210801,33300,40000,6744
2026-08-26T02:31:16Z,210802,15400,15500,4469
2026-08-26T02:31:16Z,210803,15900,16000,82991
2026-08-26T02:31:16Z,210804,17700,27000,7409
2026-08-26T02:31:16Z,210805,29200,30000,5127
2026-08-26T02:31:16Z,210806,20000,27000,12736
2026-08-26T02:31:16Z,210807,22200,24500,5194
2026-08-26T02:31:16Z,210808,19900,22100,4719
2026-08-26T02:31:16Z,210809,22200,26700,40218
2026-08-26T02:31:16Z,210810,26600,54500,5638
2026-08-26T02:31:16Z,210819,1000000,1000000,73
2026-08-26T02:31:16Z,210821,1000000,1000000,74
2026-08-26T02:31:16Z,210841,36600,36600,1372
2026-08-26T02:31:16Z,210842,1504300,1504300,73
2026-08-26T02:31:16Z,210930,81000,103900,131418
2026-08-26T02:31:16Z,210931,78800,140000,86294
2026-08-26T02:31:16Z,210932,100900,129400,123346
2026-08-26T02:31:16Z,210933,14900,33300,117252
2026-08-26T02:31:16Z,210934,16000,19700,92488
2026-08-26T02:31:16Z,210935,17200,19900,6532
2026-08-26T02:31:16Z,210936,9000,15300,76113
2026-08-26T02:31:16Z,210937,11000,14600,111301
2026-08-26T02:31:16Z,210938,13000,34800,129507
2026-08-26T02:31:16Z,210939,356000,398900,4219
2026-08-26T02:31:16Z,211270,290009300,290009300,1
2026-08-26T02:31:16Z,211383,940000,940000,55
2026-08-26T02:31:16Z,211400,1449900,9990000,1494
2026-08-26T02:31:16Z,211474,8500,8700,1156
2026-08-26T02:31:16Z,211692,49007400,49007400,20
2026-08-26T02:31:16Z,211694,290008300,290008300,1
2026-08-26T02:31:16Z,211695,290002100,290002100,1
2026-08-26T02:31:16Z,211798,49007700,49007700,28
2026-08-26T02:31:16Z,211806,3300,5700,20210
2026-08-26T02:31:16Z,211807,7700,7700,608
2026-08-26T02:31:16Z,211808,75600,89500,5406
2026-08-26T02:31:16Z,211810,9940100,9940100,25
2026-08-26T02:31:16Z,211878,7000,7000,1270
2026-08-26T02:31:16Z,211879,7000,7000,3831
2026-08-26T02:31:16Z,211880,26900,31600,175
2026-08-26T02:31:16Z,211943,740100,747500,276
2026-08-26T02:31:16Z,212239,10000,10000,528
2026-08-26T02:31:16Z,212240,9700,9700,1125
2026-08-26T02:31:16Z,212241,138300,138300,3444
2026-08-26T02:31:16Z,212242,10500,10500,9647
2026-08-26T02:31:16Z,212243,11100,11100,387
2026-08-26T02:31:16Z,212244,9999800,9999800,25
2026-08-26T02:31:16Z,212245,18900,19000,536
2026-08-26T02:31:16Z,212246,29900,29900,366
2026-08-26T02:31:16Z,212247,65600,68600,613
2026-08-26T02:31:16Z,212248,10000,10000,543
2026-08-26T02:31:16Z,212249,67600,67600,839
2026-08-26T02:31:16Z,212250,400000,400000,437
2026-08-26T02:31:16Z,212251,10000,10000,82
2026-08-26T02:31:16Z,212252,10000,10000,152
2026-08-26T02:31:16Z,212253,399900,399900,519
2026-08-26T02:31:16Z,212254,14000,14000,113
2026-08-26T02:31:16Z,212255,29800,29800,102
2026-08-26T02:31:16Z,212256,53000,103000,44
2026-08-26T02:31:16Z,212257,18500,18500,253
2026-08-26T02:31:16Z,212258,69700,69700,409
2026-08-26T02:31:16Z,212259,2240200,9746600,336
2026-08-26T02:31:16Z,212260,148500,150000,527
2026-08-26T02:31:16Z,212261,39500,39500,364
2026-08-26T02:31:16Z,212262,63000,73000,161
2026-08-26T02:31:16Z,212263,16300,16300,1449
2026-08-26T02:31:16Z,212264,9800,9800,6268
2026-08-26T02:31:16Z,212265,10000,10000,3323
2026-08-26T02:31:16Z,212266,75800,75800,466
2026-08-26T02:31:16Z,212267,105200,105200,1117
2026-08-26T02:31:16Z,212268,710000,710000,843
2026-08-26T02:31:16Z,212269,271700,271700,105
2026-08-26T02:31:16Z,212270,250000,250000,1073
2026-08-26T02:31:16Z,212271,5500000,5500000,60
2026-08-26T02:31:16Z,212272,200000,200000,314
2026-08-26T02:31:16Z,212273,190000,190000,816
2026-08-26T02:31:16Z,212274,502500,782500,615
2026-08-26T02:31:16Z,212275,2222200,2222200,40
2026-08-26T02:31:16Z,212276,250000,250000,857
2026-08-26T02:31:16Z,212277,299000,299000,737
2026-08-26T02:31:16Z,212278,150000,150000,142
2026-08-26T02:31:16Z,212279,140000,140000,1302
2026-08-26T02:31:16Z,212280,601100,601100,514
2026-08-26T02:31:16Z,212281,699900,737000,404
2026-08-26T02:31:16Z,212282,50000,50000,3483
2026-08-26T02:31:16Z,212283,77300,77600,1550
2026-08-26T02:31:16Z,212289,508400,508400,130
2026-08-26T02:31:16Z,212292,90000,90000,2176
2026-08-26T02:31:16Z,212298,444400,444400,331
2026-08-26T02:31:16Z,212299,32900,32900,376
2026-08-26T02:31:16Z,212300,595500,685500,386
2026-08-26T02:31:16Z,212301,3000000,3000000,71
2026-08-26T02:31:16Z,212305,13500,13500,103
2026-08-26T02:31:16Z,212306,49500,49500,218
2026-08-26T02:31:16Z,212307,209800,209800,171
2026-08-26T02:31:16Z,212308,119900,120000,547
2026-08-26T02:31:16Z,212309,21000,21600,1546
2026-08-26T02:31:16Z,212310,800000,1000000,980
2026-08-26T02:31:16Z,212311,22500,22500,157
2026-08-26T02:31:16Z,212312,89800,89800,262
2026-08-26T02:31:16Z,212313,553300,554500,2144
2026-08-26T02:31:16Z,212314,27500,27500,140
2026-08-26T02:31:16Z,212315,86900,87000,222
2026-08-26T02:31:16Z,212316,79900,79900,207
2026-08-26T02:31:16Z,212341,39008300,39008300,26
2026-08-26T02:31:16Z,212345,49009300,49009300,20
2026-08-26T02:31:16Z,212346,290009900,290009900,1
2026-08-26T02:31:16Z,212352,290001200,290001200,1
2026-08-26T02:31:16Z,212495,110000,119700,13533
2026-08-26T02:31:16Z,212498,2800,2900,31033
2026-08-26T02:31:16Z,212505,100000,120000,547
2026-08-26T02:31:16Z,212508,138000,138000,619
2026-08-26T02:31:16Z,212511,110000,130000,390
2026-08-26T02:31:16Z,212514,555500,1109600,1683
2026-08-26T02:31:16Z,212531,30000100,30000100,2
2026-08-26T02:31:16Z,212533,50000100,50000100,2
2026-08-26T02:31:16Z,212534,30000100,30000100,2
2026-08-26T02:31:16Z,212563,325100,325100,133
2026-08-26T02:31:16Z,212564,200000,200000,366
2026-08-26T02:31:16Z,212565,333300,333300,230
2026-08-26T02:31:16Z,212646,49007500,49007500,14
2026-08-26T02:31:16Z,212647,49006700,49006700,13
2026-08-26T02:31:16Z,212648,200007500,200007500,3
2026-08-26T02:31:16Z,212649,49005800,49005800,13
2026-08-26T02:31:16Z,212664,35100,55000,69279
2026-08-26T02:31:16Z,212665,40000,49000,39884
2026-08-26T02:31:16Z,212666,50000,108900,19762
2026-08-26T02:31:16Z,212667,23600,29900,34669
2026-08-26T02:31:16Z,212668,29200,32100,9890
2026-08-26T02:31:16Z,212669,33300,35000,16865
2026-08-26T02:31:16Z,212670,8500,14200,15723
2026-08-26T02:31:16Z,212672,11700,13900,7349
2026-08-26T02:31:16Z,212673,44400,49500,2625
2026-08-26T02:31:16Z,212674,5000,8900,7585
2026-08-26T02:31:16Z,212675,16900,17000,10065
2026-08-26T02:31:16Z,212676,42200,43000,1324
2026-08-26T02:31:16Z,212688,49008000,49008000,20
2026-08-26T02:31:16Z,212761,290004800,290004800,1
2026-08-26T02:31:16Z,212763,49004000,49004000,12
2026-08-26T02:31:16Z,212764,49006100,49006100,11
2026-08-26T02:31:16Z,212765,290007100,290007100,1
2026-08-26T02:31:16Z,212766,49008400,49008400,13
2026-08-26T02:31:16Z,212767,49005100,49005100,12
2026-08-26T02:31:16Z,212768,49004000,49004000,12
2026-08-26T02:31:16Z,212770,49004300,49004300,12
2026-08-26T02:31:16Z,212771,49008500,49008500,10
2026-08-26T02:31:16Z,212772,290004300,290004300,1
2026-08-26T02:31:16Z,212774,49003900,49003900,11
2026-08-26T02:31:16Z,213026,49004500,49004500,10
2026-08-26T02:31:16Z,213027,49005800,49005800,11
2026-08-26T02:31:16Z,213028,49006300,49006300,11
2026-08-26T02:31:16Z,213029,290008400,290008400,2
2026-08-26T02:31:16Z,213030,49008100,49008100,10
2026-08-26T02:31:16Z,213031,49006600,49006600,12
2026-08-26T02:31:16Z,213032,49005800,49005800,15
2026-08-26T02:31:16Z,213033,290006400,290006400,1
2026-08-26T02:31:16Z,213034,49005700,49005700,10
2026-08-26T02:31:16Z,213035,49004700,49004700,10
2026-08-26T02:31:16Z,213037,49008700,49008700,9
2026-08-26T02:31:16Z,213038,49008200,49008200,12
2026-08-26T02:31:16Z,213039,49003900,49003900,13
2026-08-26T02:31:16Z,213040,49005200,49005200,14
2026-08-26T02:31:16Z,213041,49007900,49007900,11
2026-08-26T02:31:16Z,213042,49004200,49004200,12
2026-08-26T02:31:16Z,213043,49007600,49007600,14
2026-08-26T02:31:16Z,213044,49006600,49006600,13
2026-08-26T02:31:16Z,213045,49007800,49007800,15
2026-08-26T02:31:16Z,213179,49006700,49006700,11
2026-08-26T02:31:16Z,213180,49007400,49007400,11
2026-08-26T02:31:16Z,213182,49006000,49006000,10
2026-08-26T02:31:16Z,213184,49004400,49004400,10
2026-08-26T02:31:16Z,213194,290005800,290005800,1
2026-08-26T02:31:16Z,213195,49006000,49006000,11
2026-08-26T02:31:16Z,213196,49007500,49007500,9
2026-08-26T02:31:16Z,213197,30000,30000,2007
2026-08-26T02:31:16Z,213201,49008100,49008100,10
2026-08-26T02:31:16Z,213203,49006400,49006400,12
2026-08-26T02:31:16Z,213205,290004500,290004500,2
2026-08-26T02:31:16Z,213206,290003800,290003800,1
2026-08-26T02:31:16Z,213210,49007300,49007300,14
2026-08-26T02:31:16Z,213211,49005500,49005500,11
2026-08-26T02:31:16Z,213212,49005200,49005200,15
2026-08-26T02:31:16Z,213213,49008300,49008300,11
2026-08-26T02:31:16Z,213214,47007500,49008300,14
2026-08-26T02:31:16Z,213216,49008900,49008900,10
2026-08-26T02:31:16Z,213219,320000,320000,979
2026-08-26T02:31:16Z,213220,227300,227400,4302
2026-08-26T02:31:16Z,213221,300000,300000,5244
2026-08-26T02:31:16Z,213234,2430000,2430000,54
2026-08-26T02:31:16Z,213235,1410000,1410000,103
2026-08-26T02:31:16Z,213236,290000100,290000100,1
2026-08-26T02:31:16Z,213237,9000000,9000000,30
2026-08-26T02:31:16Z,213238,490000,490000,135
2026-08-26T02:31:16Z,213239,290000100,290000100,1
2026-08-26T02:31:16Z,213240,3600000,8990000,35
2026-08-26T02:31:16Z,213241,45000000,50000000,11
2026-08-26T02:31:16Z,213242,303300,303300,21
2026-08-26T02:31:16Z,213245,290000100,290000100,1
2026-08-26T02:31:16Z,213246,290000100,290000100,1
2026-08-26T02:31:16Z,213247,290000100,290000100,1
2026-08-26T02:31:16Z,213248,290009800,290009800,6
2026-08-26T02:31:16Z,213249,290000100,290000100,2
2026-08-26T02:31:16Z,213250,100009900,279999900,7
2026-08-26T02:31:16Z,213251,280000000,280000000,3
2026-08-26T02:31:16Z,213252,3203600,3203600,8
2026-08-26T02:31:16Z,213253,290009800,290009800,5
2026-08-26T02:31:16Z,213254,200009900,200009900,8
2026-08-26T02:31:16Z,213255,18492100,18492100,6
2026-08-26T02:31:16Z,213256,99990100,99990100,3
2026-08-26T02:31:16Z,213257,290000100,290000100,1
2026-08-26T02:31:16Z,213258,1132800,1132800,4
2026-08-26T02:31:16Z,213259,259999800,259999800,5
2026-08-26T02:31:16Z,213260,98000000,98000000,9
2026-08-26T02:31:16Z,213261,1400000,1400000,3
2026-08-26T02:31:16Z,213262,1217500,1217500,6
2026-08-26T02:31:16Z,213263,290000100,290000100,1
2026-08-26T02:31:16Z,213265,18800000,18800000,6
2026-08-26T02:31:16Z,213266,3509800,3509800,3
2026-08-26T02:31:16Z,213267,29990000,29990000,2
2026-08-26T02:31:16Z,213268,290000100,290000100,1
2026-08-26T02:31:16Z,213277,290008000,290008000,1
2026-08-26T02:31:16Z,213358,49007600,49007600,10
2026-08-26T02:31:16Z,213360,290008700,290008700,1
2026-08-26T02:31:16Z,213361,60008900,60008900,7
2026-08-26T02:31:16Z,213363,49004200,49004200,10
2026-08-26T02:31:16Z,213364,49007000,49007000,10
2026-08-26T02:31:16Z,213366,49004600,49004600,12
2026-08-26T02:31:16Z,213367,49005600,49005600,13
2026-08-26T02:31:16Z,213368,49007900,49007900,9
2026-08-26T02:31:16Z,213374,49004500,49004500,12
2026-08-26T02:31:16Z,213377,49009800,49009800,11
2026-08-26T02:31:16Z,213380,49005100,49005100,10
2026-08-26T02:31:16Z,213384,24448100,49008100,11
2026-08-26T02:31:16Z,213385,49007200,49007200,9
2026-08-26T02:31:16Z,213386,49005000,49005000,14
2026-08-26T02:31:16Z,213387,49005200,49005200,13
2026-08-26T02:31:16Z,213388,49008700,49008700,10
2026-08-26T02:31:16Z,213398,2400,2400,39033
2026-08-26T02:31:16Z,213399,6500,8800,13016
2026-08-26T02:31:16Z,213453,197010000,197010000,7
2026-08-26T02:31:16Z,213454,2990000,2990000,16
2026-08-26T02:31:16Z,213455,6000000,6000000,73
2026-08-26T02:31:16Z,213456,17750000,17750000,9
2026-08-26T02:31:16Z,213457,5491900,5491900,409
2026-08-26T02:31:16Z,213458,6997000,7497100,91
2026-08-26T02:31:16Z,213459,13125000,13125000,9
2026-08-26T02:31:16Z,213460,4930400,4930400,25
2026-08-26T02:31:16Z,213461,3500000,5000000,39
2026-08-26T02:31:16Z,213462,4999900,8031100,118
2026-08-26T02:31:16Z,213463,9999900,9999900,65
2026-08-26T02:31:16Z,213464,9990000,9990000,62
2026-08-26T02:31:16Z,213465,9920000,9920000,12
2026-08-26T02:31:16Z,213466,4499900,4499900,28
2026-08-26T02:31:16Z,213467,7490000,7490000,82
2026-08-26T02:31:16Z,213468,55009600,55009600,18
2026-08-26T02:31:16Z,213469,5445600,5445600,29
2026-08-26T02:31:16Z,213470,3997400,3997400,83
2026-08-26T02:31:16Z,213471,9750000,9750000,8
2026-08-26T02:31:16Z,213472,4950000,4950000,195
2026-08-26T02:31:16Z,213473,3509900,5009900,54
2026-08-26T02:31:16Z,213474,6999900,7000000,87
2026-08-26T02:31:16Z,213475,7302800,7302800,88
2026-08-26T02:31:16Z,213476,9999000,9999000,95
2026-08-26T02:31:16Z,213477,4950000,4950000,61
2026-08-26T02:31:16Z,213478,5391000,5391000,201
2026-08-26T02:31:16Z,213479,3503600,6801600,72
2026-08-26T02:31:16Z,213480,49990000,49990000,9
2026-08-26T02:31:16Z,213481,3997600,3997600,56
2026-08-26T02:31:16Z,213482,7500000,7500000,118
2026-08-26T02:31:16Z,213483,11909700,12909700,21
2026-08-26T02:31:16Z,213484,9000000,9000000,16
2026-08-26T02:31:16Z,213485,7400000,7400000,44
2026-08-26T02:31:16Z,213486,7899900,7920000,109
2026-08-26T02:31:16Z,213487,18003900,20003900,62
2026-08-26T02:31:16Z,213488,14300000,14300000,66
2026-08-26T02:31:16Z,213489,5303600,15000000,50
2026-08-26T02:31:16Z,213490,11110900,11110900,28
2026-08-26T02:31:16Z,213491,7390600,7390600,58
2026-08-26T02:31:16Z,213492,7000000,7000000,36
2026-08-26T02:31:16Z,213493,5303400,5303400,38
2026-08-26T02:31:16Z,213494,6669900,6669900,77
2026-08-26T02:31:16Z,213495,19909900,19909900,6
2026-08-26T02:31:16Z,213496,19509300,19509300,40
2026-08-26T02:31:16Z,213497,10000000,10000000,56
2026-08-26T02:31:16Z,213498,34281100,36085400,105
2026-08-26T02:31:16Z,213499,15004600,15004600,93
2026-08-26T02:31:16Z,213500,10090000,10090000,50
2026-08-26T02:31:16Z,213501,51000,51100,240
2026-08-26T02:31:16Z,213502,200200,200200,236
2026-08-26T02:31:16Z,213503,1673500,1673600,74
2026-08-26T02:31:16Z,213504,71200,143800,235
2026-08-26T02:31:16Z,213505,100000,309500,162
2026-08-26T02:31:16Z,213506,854100,854100,55
2026-08-26T02:31:16Z,213507,109900,110000,143
2026-08-26T02:31:16Z,213508,250000,250000,123
2026-08-26T02:31:16Z,213509,2590000,2590000,380
2026-08-26T02:31:16Z,213510,79900,99000,186
2026-08-26T02:31:16Z,213511,200000,200000,89
2026-08-26T02:31:16Z,213512,1207800,1220000,38
2026-08-26T02:31:16Z,213515,14404500,19997300,26
2026-08-26T02:31:16Z,213516,5500000,5500000,140
2026-08-26T02:31:16Z,213517,16500000,16500000,130
2026-08-26T02:31:16Z,213530,290005200,290005200,1
2026-08-26T02:31:16Z,213531,290004000,290004000,1
2026-08-26T02:31:16Z,213540,49001700,49001700,20
2026-08-26T02:31:16Z,213610,2000,2000,20692
2026-08-26T02:31:16Z,213611,25000,32200,16506
2026-08-26T02:31:16Z,213612,185500,499900,41118
2026-08-26T02:31:16Z,213613,53500,75500,9913
2026-08-26T02:31:16Z,213738,990000,990000,70
2026-08-26T02:31:16Z,213739,3009900,3009900,20
2026-08-26T02:31:16Z,213740,11000000,11000000,33
2026-08-26T02:31:16Z,213741,500000,550000,19
2026-08-26T02:31:16Z,213742,3316600,3316600,261
2026-08-26T02:31:16Z,213743,14949900,14949900,62
2026-08-26T02:31:16Z,213744,2180000,2180000,44
2026-08-26T02:31:16Z,213745,7909000,7909000,32
2026-08-26T02:31:16Z,213746,11799900,11799900,35
2026-08-26T02:31:16Z,213747,12500000,12500000,140
2026-08-26T02:31:16Z,213748,8504700,8504700,121
2026-08-26T02:31:16Z,213749,12000000,12000000,143
2026-08-26T02:31:16Z,213750,89900,89900,908
2026-08-26T02:31:16Z,213751,124300,124300,529
2026-08-26T02:31:16Z,213752,259800,259800,353
2026-08-26T02:31:16Z,213753,1009100,1119300,169
2026-08-26T02:31:16Z,213754,2724700,19902100,120
2026-08-26T02:31:16Z,213755,458400,458600,1211
2026-08-26T02:31:16Z,213756,69900,80000,3032
2026-08-26T02:31:16Z,213757,90000,95000,11082
2026-08-26T02:31:16Z,213758,80000,90000,2143
2026-08-26T02:31:16Z,213759,1500000,1500000,274
2026-08-26T02:31:16Z,213760,1228400,1228500,373
2026-08-26T02:31:16Z,213761,1289900,1289900,161
2026-08-26T02:31:16Z,213762,18229100,19582200,32
2026-08-26T02:31:16Z,213763,1450000,1450000,36
2026-08-26T02:31:16Z,213764,2500000,2500000,328
2026-08-26T02:31:16Z,213765,2000000,2000000,48
2026-08-26T02:31:16Z,213766,484600,1159800,598
2026-08-26T02:31:16Z,213767,9990000,9990000,109
2026-08-26T02:31:16Z,213768,504000,2004000,60
2026-08-26T02:31:16Z,213769,39853000,39853000,18
2026-08-26T02:31:16Z,213770,247500,250000,46
2026-08-26T02:31:16Z,213771,198599900,198599900,6
2026-08-26T02:31:16Z,213772,1250000,1250000,35
2026-08-26T02:31:16Z,213773,2700000,2707900,89
2026-08-26T02:31:16Z,213774,49992200,49992200,16
2026-08-26T02:31:16Z,213775,4497200,39906400,13
2026-08-26T02:31:16Z,213776,26780000,26780000,28
2026-08-26T02:31:16Z,213777,644500,645000,470
2026-08-26T02:31:16Z,215236,2499900,2554200,462
2026-08-26T02:31:16Z,217113,2500000,2990000,28
2026-08-26T02:31:16Z,217114,3500000,3500000,40
2026-08-26T02:31:16Z,217115,8789200,8789200,40
2026-08-26T02:31:16Z,217162,40009900,42009900,15
2026-08-26T02:31:16Z,217163,509900,49009900,12
2026-08-26T02:31:16Z,217164,4009900,49009900,15
2026-08-26T02:31:16Z,217167,20009900,49009900,16
2026-08-26T02:31:16Z,217168,290007600,290007600,2
2026-08-26T02:31:16Z,217169,33339900,49009900,15
2026-08-26T02:31:16Z,217170,30000900,49000900,26
2026-08-26T02:31:16Z,217171,7509900,7509900,16
2026-08-26T02:31:16Z,217707,50000,102500,19082
2026-08-26T02:31:16Z,217896,499900,499900,58
2026-08-26T02:31:16Z,218336,600,700,19082
2026-08-26T02:31:16Z,218337,10000,11200,10802
2026-08-26T02:31:16Z,218338,600,10600,126227
2026-08-26T02:31:16Z,218339,1000,1000,41554
2026-08-26T02:31:16Z,218453,300,300,151
2026-08-26T02:31:16Z,219002,1150000,1150000,49
2026-08-26T02:31:16Z,219003,450000,450000,85
2026-08-26T02:31:16Z,219004,1207200,1207200,621
2026-08-26T02:31:16Z,219005,280000,280000,1547
2026-08-26T02:31:16Z,219006,1204100,1204100,91
2026-08-26T02:31:16Z,219013,4444400,4900000,2551
2026-08-26T02:31:16Z,219148,9809600,9809600,28
2026-08-26T02:31:16Z,219495,296300,296300,95
2026-08-26T02:31:16Z,219496,578500,578500,43
2026-08-26T02:31:16Z,219497,676800,39997700,92
2026-08-26T02:31:16Z,219504,69900,69900,779
2026-08-26T02:31:16Z,219505,228600,228600,157
2026-08-26T02:31:16Z,219506,92200,92200,127
2026-08-26T02:31:16Z,219880,559700,559800,291
2026-08-26T02:31:16Z,219881,345800,346000,1899
2026-08-26T02:31:16Z,219882,601000,601000,2083
2026-08-26T02:31:16Z,219883,399000,399000,161
2026-08-26T02:31:16Z,219884,345500,385500,1428
2026-08-26T02:31:16Z,219885,380000,380000,970
2026-08-26T02:31:16Z,219886,482900,482900,142
2026-08-26T02:31:16Z,219887,844600,844600,879
2026-08-26T02:31:16Z,219888,370000,370000,490
2026-08-26T02:31:16Z,219889,1276000,1376000,415
2026-08-26T02:31:16Z,219890,2505400,2505500,616
2026-08-26T02:31:16Z,219891,973800,983600,1065
2026-08-26T02:31:16Z,219892,387900,387900,131
2026-08-26T02:31:16Z,219893,381100,381400,1039
2026-08-26T02:31:16Z,219894,386500,406600,1094
2026-08-26T02:31:16Z,219898,300000,350000,356
2026-08-26T02:31:16Z,219899,340000,340000,169
2026-08-26T02:31:16Z,219900,590800,590900,427
2026-08-26T02:31:16Z,219901,1202800,1445000,401
2026-08-26T02:31:16Z,219902,576200,576200,1170
2026-08-26T02:31:16Z,219903,580900,580900,341
2026-08-26T02:31:16Z,219905,6449600,6449600,6035
2026-08-26T02:31:16Z,219906,1489900,1489900,151
2026-08-26T02:31:16Z,219907,2350000,2350000,36
2026-08-26T02:31:16Z,219908,3008800,3008800,68
2026-08-26T02:31:16Z,219909,509900,509900,35
2026-08-26T02:31:16Z,219910,419800,419800,50
2026-08-26T02:31:16Z,219911,506000,506000,95
2026-08-26T02:31:16Z,219912,129900,130000,64
2026-08-26T02:31:16Z,219913,59900,76000,61
2026-08-26T02:31:16Z,219914,1206500,1206500,51
2026-08-26T02:31:16Z,219946,81300,83600,11241
2026-08-26T02:31:16Z,219947,82000,82000,13247
2026-08-26T02:31:16Z,219948,206700,206800,902
2026-08-26T02:31:16Z,219949,196900,197500,1818
2026-08-26T02:31:16Z,219950,279900,279900,879
2026-08-26T02:31:16Z,219951,300000,300000,148
2026-08-26T02:31:16Z,219952,12100,15000,18748
2026-08-26T02:31:16Z,219954,12900,16000,2205
2026-08-26T02:31:16Z,219955,79900,88000,3598
2026-08-26T02:31:16Z,220134,10000,12900,10218
2026-08-26T02:31:16Z,220135,7500,9900,13577
2026-08-26T02:31:16Z,220136,9400,9400,347
2026-08-26T02:31:16Z,220137,9600,18100,27945
2026-08-26T02:31:16Z,220138,7700,11100,6975
2026-08-26T02:31:16Z,220139,8000,18500,5972
2026-08-26T02:31:16Z,220141,24400,116500,2124
2026-08-26T02:31:16Z,220142,17500,19500,12391
2026-08-26T02:31:16Z,220143,6600,7400,697
2026-08-26T02:31:16Z,220144,8000,10000,1200
2026-08-26T02:31:16Z,220145,7700,10000,933
2026-08-26T02:31:16Z,220146,11100,22200,3637
2026-08-26T02:31:16Z,220147,27500,46400,10253
2026-08-26T02:31:16Z,220148,7750000,7777100,91
2026-08-26T02:31:16Z,220149,66800,80000,3363
2026-08-26T02:31:16Z,220150,17700,17700,722
2026-08-26T02:31:16Z,220151,280000,350000,398
2026-08-26T02:31:16Z,220153,2400000,9990000,1151
2026-08-26T02:31:16Z,220219,551900,551900,13
2026-08-26T02:31:16Z,220220,990005700,990005700,1
2026-08-26T02:31:16Z,220221,78004700,78004700,2
2026-08-26T02:31:16Z,220222,25000000,25000000,2
2026-08-26T02:31:16Z,220223,49007600,49007600,22
2026-08-26T02:31:16Z,220224,242000,242000,11
2026-08-26T02:31:16Z,220225,990003500,990003500,1
2026-08-26T02:31:16Z,220226,280000,280000,9
2026-08-26T02:31:16Z,220227,200009100,200009100,2
2026-08-26T02:31:16Z,220228,29000000,29000000,6
2026-08-26T02:31:16Z,220229,770000,770000,7
2026-08-26T02:31:16Z,220230,240000,240000,8
2026-08-26T02:31:16Z,220231,280006200,280006200,2
2026-08-26T02:31:16Z,220232,7200,60600,35
2026-08-26T02:31:16Z,220234,49000000,49000000,22
2026-08-26T02:31:16Z,220235,2775800,2775800,3
2026-08-26T02:31:16Z,220236,29996000,29996000,8
2026-08-26T02:31:16Z,220237,100005400,100005400,3
2026-08-26T02:31:16Z,220238,290001300,290001300,1
2026-08-26T02:31:16Z,220239,290007700,290007700,1
2026-08-26T02:31:16Z,220240,290007600,290007600,1
2026-08-26T02:31:16Z,220241,20007500,20007500,2
2026-08-26T02:31:16Z,220242,19224800,19224800,3
2026-08-26T02:31:16Z,220243,290007100,290007100,1
2026-08-26T02:31:16Z,220244,360000,360000,2
2026-08-26T02:31:16Z,220245,290009900,290009900,2
2026-08-26T02:31:16Z,220246,15000000,15000000,5
2026-08-26T02:31:16Z,220247,6500,7900,202
2026-08-26T02:31:16Z,220248,171000,49004800,29
2026-08-26T02:31:16Z,220249,7600,7600,473
2026-08-26T02:31:16Z,220250,290007600,290007600,1
2026-08-26T02:31:16Z,220251,6500,6500,318
2026-08-26T02:31:16Z,220252,6700,6700,133
2026-08-26T02:31:16Z,220253,6600,6600,60
2026-08-26T02:31:16Z,220254,16900,16900,63
2026-08-26T02:31:16Z,220255,6300,6300,294
2026-08-26T02:31:16Z,220256,15500,16500,234
2026-08-26T02:31:16Z,220257,30000,30000,99
2026-08-26T02:31:16Z,220258,29000,30000,115
2026-08-26T02:31:16Z,220259,19000,19000,162
2026-08-26T02:31:16Z,220261,16500,16500,205
2026-08-26T02:31:16Z,220262,7000,7000,34
2026-08-26T02:31:16Z,220263,9100,9100,40
2026-08-26T02:31:16Z,220264,7100,7100,214
2026-08-26T02:31:16Z,220265,290000300,290000300,1
2026-08-26T02:31:16Z,220266,7800,7800,321
2026-08-26T02:31:16Z,220267,7200,7200,251
2026-08-26T02:31:16Z,220268,7000,7000,260
2026-08-26T02:31:16Z,220269,49000000,49000000,22
2026-08-26T02:31:16Z,220270,49009500,49009500,26
2026-08-26T02:31:16Z,220271,7400,7400,77
2026-08-26T02:31:16Z,220272,290000000,290000000,1
2026-08-26T02:31:16Z,220273,184700,184700,36
2026-08-26T02:31:16Z,220274,290007600,290007600,1
2026-08-26T02:31:16Z,220275,27000,28600,30
2026-08-26T02:31:16Z,220276,20000,20000,31
2026-08-26T02:31:16Z,220277,18200,18200,483
2026-08-26T02:31:16Z,220278,290000700,290000700,1
2026-08-26T02:31:16Z,220279,28000,29500,31
2026-08-26T02:31:16Z,220280,20000,20000,40
2026-08-26T02:31:16Z,220281,18700,18700,232
2026-08-26T02:31:16Z,220282,20400,20400,239
2026-08-26T02:31:16Z,220283,19500,19500,46
2026-08-26T02:31:16Z,220285,290007600,290007600,1
2026-08-26T02:31:16Z,220286,290007600,290007600,1
2026-08-26T02:31:16Z,220287,290007600,290007600,1
2026-08-26T02:31:16Z,220288,290001300,290001300,1
2026-08-26T02:31:16Z,220289,18800,18800,40
2026-08-26T02:31:16Z,220290,38000,39600,27
2026-08-26T02:31:16Z,220291,316100,316100,21
2026-08-26T02:31:16Z,220292,139900,139900,28
2026-08-26T02:31:16Z,220293,49009800,49009800,15
2026-08-26T02:31:16Z,220294,49000400,49000400,15
2026-08-26T02:31:16Z,220295,18200,18200,163
2026-08-26T02:31:16Z,220296,31500,31500,134
2026-08-26T02:31:16Z,220297,19000,19000,33
2026-08-26T02:31:16Z,220298,290007600,290007600,1
2026-08-26T02:31:16Z,220299,19800,19800,36
2026-08-26T02:31:16Z,220300,22600,22700,24
2026-08-26T02:31:16Z,220301,63500,73500,121
2026-08-26T02:31:16Z,220302,4900000,5000000,47
2026-08-26T02:31:16Z,220303,49009900,49009900,19
2026-08-26T02:31:16Z,220355,150000,150000,111
2026-08-26T02:31:16Z,220361,40000,19900000,50
2026-08-26T02:31:16Z,220362,3999900,3999900,64
2026-08-26T02:31:16Z,220363,125005700,125005700,8
2026-08-26T02:31:16Z,220380,49007600,49007600,20
2026-08-26T02:31:16Z,220438,28007600,32007600,36
2026-08-26T02:31:16Z,220439,49007600,49007600,10
2026-08-26T02:31:16Z,220440,8500007600,8500007600,1
2026-08-26T02:31:16Z,220441,1500007600,1500007600,1
2026-08-26T02:31:16Z,220442,290007600,290007600,1
2026-08-26T02:31:16Z,220443,290007600,290007600,1
2026-08-26T02:31:16Z,220444,290007600,290007600,1
2026-08-26T02:31:16Z,220445,1500007600,1500007600,1
2026-08-26T02:31:16Z,220447,290009900,290009900,2
2026-08-26T02:31:16Z,220448,990007600,990007600,1
2026-08-26T02:31:16Z,220484,290007600,290007600,1
2026-08-26T02:31:16Z,220486,1500007600,1500007600,1
2026-08-26T02:31:16Z,220491,49007600,49007600,21
2026-08-26T02:31:16Z,220509,1500000,1500000,11
2026-08-26T02:31:16Z,221550,9757500,49007300,40
2026-08-26T02:31:16Z,221754,19800,25900,8277
2026-08-26T02:31:16Z,221756,20100,24000,6642
2026-08-26T02:31:16Z,221757,20500,22300,5255
2026-08-26T02:31:16Z,221758,35000,73000,10733
2026-08-26T02:31:16Z,221763,21100,23500,7051
2026-08-26T02:31:16Z,221853,140000,159900,7979
2026-08-26T02:31:16Z,221854,159500,159600,3893
2026-08-26T02:31:16Z,221855,485500,485500,1216
2026-08-26T02:31:16Z,221856,230000,230000,1615
2026-08-26T02:31:16Z,221857,328300,328300,1423
2026-08-26T02:31:16Z,221858,360000,360000,1697
2026-08-26T02:31:16Z,221859,200000,229900,722
2026-08-26T02:31:16Z,221860,222500,232500,406
2026-08-26T02:31:16Z,221861,437800,437800,315
2026-08-26T02:31:16Z,221862,200000,260000,439
2026-08-26T02:31:16Z,221863,157100,157100,232
2026-08-26T02:31:16Z,221864,380000,380000,241
2026-08-26T02:31:16Z,221865,453900,453900,326
2026-08-26T02:31:16Z,221866,442500,442500,604
2026-08-26T02:31:16Z,221867,2558400,2558400,151
2026-08-26T02:31:16Z,221868,453400,453400,695
2026-08-26T02:31:16Z,221869,483500,483500,435
2026-08-26T02:31:16Z,221870,1879900,1879900,1113
2026-08-26T02:31:16Z,221872,85200,85200,246
2026-08-26T02:31:16Z,221873,100000,100000,71
2026-08-26T02:31:16Z,221874,1990000,1990000,178
2026-08-26T02:31:16Z,221876,66900,66900,128
2026-08-26T02:31:16Z,221877,260000,260000,403
2026-08-26T02:31:16Z,221878,2450000,2450000,91
2026-08-26T02:31:16Z,221880,64800,64800,490
2026-08-26T02:31:16Z,221881,317700,317800,155
2026-08-26T02:31:16Z,221882,380000,380000,378
2026-08-26T02:31:16Z,221904,890000,890000,60
2026-08-26T02:31:16Z,221905,1009900,1009900,31
2026-08-26T02:31:16Z,221906,5977900,5977900,35
2026-08-26T02:31:16Z,221908,601100,601100,140
2026-08-26T02:31:16Z,221909,609900,901500,26
2026-08-26T02:31:16Z,221910,4969600,4969600,58
2026-08-26T02:31:16Z,221911,91400,91400,34
2026-08-26T02:31:16Z,221912,1034800,1034800,40
2026-08-26T02:31:16Z,221913,9994100,9994100,48
2026-08-26T02:31:16Z,221914,299900,299900,149
2026-08-26T02:31:16Z,221915,862400,880000,28
2026-08-26T02:31:16Z,221916,5996400,5996400,23
2026-08-26T02:31:16Z,221917,2384800,2384800,20
2026-08-26T02:31:16Z,221918,29989900,49989900,20
2026-08-26T02:31:16Z,221919,9995400,9995400,17
2026-08-26T02:31:16Z,221920,2226100,2226100,30
2026-08-26T02:31:16Z,221921,5004600,6644600,22
2026-08-26T02:31:16Z,221922,11116500,11116500,36
2026-08-26T02:31:16Z,221923,384400,384400,75
2026-08-26T02:31:16Z,221924,715400,715400,14
2026-08-26T02:31:16Z,221925,19999200,19999300,123
2026-08-26T02:31:16Z,221926,401600,401600,27
2026-08-26T02:31:16Z,221927,419900,419900,14
2026-08-26T02:31:16Z,221928,2669100,2669100,23
2026-08-26T02:31:16Z,221932,371100,371100,61
2026-08-26T02:31:16Z,221933,4752500,4752500,14
2026-08-26T02:31:16Z,221934,3330000,3330000,20
2026-08-26T02:31:16Z,221935,489200,489200,15
2026-08-26T02:31:16Z,221936,556600,556600,16
2026-08-26T02:31:16Z,221937,980000,980400,9
2026-08-26T02:31:16Z,221938,440000,440000,16
2026-08-26T02:31:16Z,221939,759400,759400,11
2026-08-26T02:31:16Z,221940,3582000,3582000,12
2026-08-26T02:31:16Z,221941,489900,489900,11
2026-08-26T02:31:16Z,221942,2798600,2798600,18
2026-08-26T02:31:16Z,221943,2538400,2538500,19
2026-08-26T02:31:16Z,221949,249500,249500,181
2026-08-26T02:31:16Z,221953,279900,279900,296
2026-08-26T02:31:16Z,221954,2229800,2229800,1124
2026-08-26T02:31:16Z,221955,909900,909900,356
2026-08-26T02:31:16Z,221959,835900,835900,731
2026-08-26T02:31:16Z,222417,757300,789800,2138
2026-08-26T02:31:16Z,222418,649900,650000,3490
2026-08-26T02:31:16Z,222419,1009800,1009900,4126
2026-08-26T02:31:16Z,222420,999900,1000000,251
2026-08-26T02:31:16Z,222421,1200000,1200000,1031
2026-08-26T02:31:16Z,222422,1424200,1424200,1288
2026-08-26T02:31:16Z,222423,624400,624400,353
2026-08-26T02:31:16Z,222424,250000,859800,592
2026-08-26T02:31:16Z,222425,1340000,1340000,593
2026-08-26T02:31:16Z,222426,1399000,1399000,207
2026-08-26T02:31:16Z,222427,1337300,1337300,627
2026-08-26T02:31:16Z,222428,1700000,1800000,799
2026-08-26T02:31:16Z,222499,52500,52500,433
2026-08-26T02:31:16Z,222500,352400,352400,324
2026-08-26T02:31:16Z,222501,1574700,1574700,133
2026-08-26T02:31:16Z,222502,150000,150000,45
2026-08-26T02:31:16Z,222503,37200,37200,703
2026-08-26T02:31:16Z,222504,35300,35300,573
2026-08-26T02:31:16Z,222505,3330000,39000000,28
2026-08-26T02:31:16Z,222506,809200,809200,292
2026-08-26T02:31:16Z,222507,1832500,1851000,551
2026-08-26T02:31:16Z,222508,35400,35400,77
2026-08-26T02:31:16Z,222509,37100,37100,135
2026-08-26T02:31:16Z,222510,35100,35100,93
2026-08-26T02:31:16Z,222511,180500,180500,115
2026-08-26T02:31:16Z,222512,554900,554900,266
2026-08-26T02:31:16Z,222513,960800,960800,165
2026-08-26T02:31:16Z,222514,564100,564100,69
2026-08-26T02:31:16Z,222515,551000,551000,232
2026-08-26T02:31:16Z,222516,1323100,1323100,170
2026-08-26T02:31:16Z,222520,159900,159900,4596
2026-08-26T02:31:16Z,222523,1000000,1000000,372
2026-08-26T02:31:16Z,222533,5500,8500,4160
2026-08-26T02:31:16Z,222555,100000,127500,1673
2026-08-26T02:31:16Z,222556,170000,179700,1235
2026-08-26T02:31:16Z,222557,159000,159000,455
2026-08-26T02:31:16Z,222558,500000,900000,605
2026-08-26T02:31:16Z,222559,630000,637000,2516
2026-08-26T02:31:16Z,222560,948600,948600,290
2026-08-26T02:31:16Z,222579,5540000,5550000,124
2026-08-26T02:31:16Z,222580,1823400,1823500,120
2026-08-26T02:31:16Z,222581,1590000,1990000,377
2026-08-26T02:31:16Z,222582,770000,1173100,67
2026-08-26T02:31:16Z,222583,2057700,2816900,95
2026-08-26T02:31:16Z,222584,1490000,1890000,311
2026-08-26T02:31:16Z,222585,300000,300000,55
2026-08-26T02:31:16Z,222586,1050000,1050000,85
2026-08-26T02:31:16Z,222587,1590000,2090000,427
2026-08-26T02:31:16Z,222588,1950000,1989900,193
2026-08-26T02:31:16Z,222589,1509500,1509500,41
2026-08-26T02:31:16Z,222590,1490000,1990000,387
2026-08-26T02:31:16Z,222591,1170000,1189900,177
2026-08-26T02:31:16Z,222592,1992900,1992900,212
2026-08-26T02:31:16Z,222593,1390000,1390000,528
2026-08-26T02:31:16Z,222594,1000000,1007900,43
2026-08-26T02:31:16Z,222595,199996500,499999800,8
2026-08-26T02:31:16Z,222596,1290000,1690000,347
2026-08-26T02:31:16Z,222597,1805000,1805000,25
2026-08-26T02:31:16Z,222598,4749900,4749900,26
2026-08-26T02:31:16Z,222599,6020000,6020000,19
2026-08-26T02:31:16Z,222600,108462400,108462400,15
2026-08-26T02:31:16Z,222601,504400,509600,72
2026-08-26T02:31:16Z,222602,10008000,10008000,31
2026-08-26T02:31:16Z,222603,18980000,18980000,62
2026-08-26T02:31:16Z,222604,9981600,9981600,83
2026-08-26T02:31:16Z,222605,3509400,3509400,24
2026-08-26T02:31:16Z,222606,451300,451300,67
2026-08-26T02:31:16Z,222607,3500000,9980100,29
2026-08-26T02:31:16Z,222608,8989500,8989500,16
2026-08-26T02:31:16Z,222609,60000,65000,1500
2026-08-26T02:31:16Z,222610,59800,139900,3669
2026-08-26T02:31:16Z,222611,399800,399900,599
2026-08-26T02:31:16Z,222612,27300,27300,10948
2026-08-26T02:31:16Z,222613,32000,32900,21213
2026-08-26T02:31:16Z,222614,68100,68200,2030
2026-08-26T02:31:16Z,222615,400000,400000,345
2026-08-26T02:31:16Z,222616,500000,540000,902
2026-08-26T02:31:16Z,222617,850000,850000,422
2026-08-26T02:31:16Z,222618,10000,39000,14025
2026-08-26T02:31:16Z,222619,28700,28700,8552
2026-08-26T02:31:16Z,222620,65200,65200,2579
2026-08-26T02:31:16Z,222626,1800000,199900000,14
2026-08-26T02:31:16Z,222627,660200,660200,31
2026-08-26T02:31:16Z,222628,994500,994600,16
2026-08-26T02:31:16Z,222629,800000,800000,12
2026-08-26T02:31:16Z,222630,993100,993100,22
2026-08-26T02:31:16Z,222631,1961600,1961600,69
2026-08-26T02:31:16Z,222632,1669500,49990500,17
2026-08-26T02:31:16Z,222633,1252100,1252100,26
2026-08-26T02:31:16Z,222634,3900000,3900000,34
2026-08-26T02:31:16Z,222635,19999800,19999800,12
2026-08-26T02:31:16Z,222636,3330000,3330000,20
2026-08-26T02:31:16Z,222637,1909000,1909000,33
2026-08-26T02:31:16Z,222638,99500000,199500000,7
2026-08-26T02:31:16Z,222639,689300,689300,28
2026-08-26T02:31:16Z,222640,1000000,1000000,26
2026-08-26T02:31:16Z,222641,1000000,1000000,27
2026-08-26T02:31:16Z,222642,660200,660200,23
2026-08-26T02:31:16Z,222643,2009200,2009200,28
2026-08-26T02:31:16Z,222644,1000000,1000000,12
2026-08-26T02:31:16Z,222645,7976400,7976400,22
2026-08-26T02:31:16Z,222646,2959800,2959800,77
2026-08-26T02:31:16Z,222654,150000,180000,196
2026-08-26T02:31:16Z,222655,150000,150000,149
2026-08-26T02:31:16Z,222656,100000,120000,198
2026-08-26T02:31:16Z,222657,90000,100000,213
2026-08-26T02:31:16Z,222658,150000,155000,160
2026-08-26T02:31:16Z,222659,30000,39800,195
2026-08-26T02:31:16Z,222660,50000,60000,224
2026-08-26T02:31:16Z,222661,30000,56700,282
2026-08-26T02:31:16Z,222663,120000,129900,22
2026-08-26T02:31:16Z,222664,64800,64800,59
2026-08-26T02:31:16Z,222665,100000,190000,168
2026-08-26T02:31:16Z,222666,125000,158700,72
2026-08-26T02:31:16Z,222667,118700,118700,60
2026-08-26T02:31:16Z,222668,65000,66600,59
2026-08-26T02:31:16Z,222669,100000,150000,77
2026-08-26T02:31:16Z,222670,39600,40000,63
2026-08-26T02:31:16Z,222672,100000,109800,156
2026-08-26T02:31:16Z,222673,50000,50000,160
2026-08-26T02:31:16Z,222674,50000,50000,95
2026-08-26T02:31:16Z,222675,80000,80000,109
2026-08-26T02:31:16Z,222676,40000,50000,217
2026-08-26T02:31:16Z,222677,100000,115000,137
2026-08-26T02:31:16Z,222678,60000,60000,132
2026-08-26T02:31:16Z,222679,50000,128800,1075
2026-08-26T02:31:16Z,222681,400000,425000,49
2026-08-26T02:31:16Z,222682,70000,89900,82
2026-08-26T02:31:16Z,222683,180000,199900,72
2026-08-26T02:31:16Z,222684,60000,70000,94
2026-08-26T02:31:16Z,222685,50000,62500,70
2026-08-26T02:31:16Z,222686,50000,77600,74
2026-08-26T02:31:16Z,222687,299900,350000,81
2026-08-26T02:31:16Z,222688,50000,66600,55
2026-08-26T02:31:16Z,222695,300,300,12312
2026-08-26T02:31:16Z,222696,400,400,12366
2026-08-26T02:31:16Z,222697,3200,3200,3644
2026-08-26T02:31:16Z,222699,300,300,7740
2026-08-26T02:31:16Z,222700,1100,1100,43722
2026-08-26T02:31:16Z,222701,300,300,9010
2026-08-26T02:31:16Z,222702,67400,124100,1089
2026-08-26T02:31:16Z,222703,39900,49900,2167
2026-08-26T02:31:16Z,222704,1300,1300,917
2026-08-26T02:31:16Z,222705,55000,990000,4565
2026-08-26T02:31:16Z,222706,201700,356600,63
2026-08-26T02:31:16Z,222707,3600,3600,258
2026-08-26T02:31:16Z,222708,18300,18300,181
2026-08-26T02:31:16Z,222709,70600,72700,217
2026-08-26T02:31:16Z,222710,6900,6900,557
2026-08-26T02:31:16Z,222711,5500,5500,711
2026-08-26T02:31:16Z,222712,7300,7300,467
2026-08-26T02:31:16Z,222713,4000,4000,149
2026-08-26T02:31:16Z,222714,164700,164700,441
2026-08-26T02:31:16Z,222715,20000,20000,69
2026-08-26T02:31:16Z,222716,176500,176500,309
2026-08-26T02:31:16Z,222717,52200,52200,86
2026-08-26T02:31:16Z,222718,245700,245700,103
2026-08-26T02:31:16Z,222719,9400,9804400,51
2026-08-26T02:31:16Z,222720,150000,150000,672
2026-08-26T02:31:16Z,222721,36400,36400,173
2026-08-26T02:31:16Z,222722,260000,260000,124
2026-08-26T02:31:16Z,222723,8000,8000,308
2026-08-26T02:31:16Z,222724,99500,99500,579
2026-08-26T02:31:16Z,222725,34000,34000,400
2026-08-26T02:31:16Z,222726,7800,7800,1230
2026-08-26T02:31:16Z,222727,1600400,1600400,666
2026-08-26T02:31:16Z,222728,3500,3500,11666
2026-08-26T02:31:16Z,222729,30700,30700,604
2026-08-26T02:31:16Z,222730,9500,9500,375
2026-08-26T02:31:16Z,222731,400000,400000,5001
2026-08-26T02:31:16Z,222732,2500000,2500000,177
2026-08-26T02:31:16Z,222733,408000,443500,2507
2026-08-26T02:31:16Z,222735,33600,33600,956
2026-08-26T02:31:16Z,222736,14100,14100,395
2026-08-26T02:31:16Z,222737,45000,45000,5572
2026-08-26T02:31:16Z,222738,2100,2100,14270
2026-08-26T02:31:16Z,222739,1700,1900,22654
2026-08-26T02:31:16Z,222741,27700,34900,19533
2026-08-26T02:31:16Z,222744,4900,4900,1324
2026-08-26T02:31:16Z,222745,9900,9900,7502
2026-08-26T02:31:16Z,222747,690000,690000,78
2026-08-26T02:31:16Z,222748,1538800,1538800,179
2026-08-26T02:31:16Z,222749,70000,70000,69
2026-08-26T02:31:16Z,222784,199900,199900,349
2026-08-26T02:31:16Z,222789,1200000,1200000,432
2026-08-26T02:31:16Z,222790,1180000,1197900,7283
2026-08-26T02:31:16Z,222791,1217700,1235100,3433
2026-08-26T02:31:16Z,222792,264400,264400,2275
2026-08-26T02:31:16Z,222793,240000,247700,8939
2026-08-26T02:31:16Z,222794,280000,280000,2239
2026-08-26T02:31:16Z,222795,9900,17000,20588
2026-08-26T02:31:16Z,222796,19000,19800,60974
2026-08-26T02:31:16Z,222797,40000,42100,15031
2026-08-26T02:31:16Z,222798,1700000,1700000,309
2026-08-26T02:31:16Z,222799,1400000,1400000,1253
2026-08-26T02:31:16Z,222800,1508000,1508000,206
2026-08-26T02:31:16Z,222801,1989600,1989600,312
2026-08-26T02:31:16Z,222802,1600000,1603600,2029
2026-08-26T02:31:16Z,222803,1715700,1715700,321
2026-08-26T02:31:16Z,222804,100000,166800,22744
2026-08-26T02:31:16Z,222805,112200,167100,25024
2026-08-26T02:31:16Z,222806,97000,176400,24514
2026-08-26T02:31:16Z,222868,2990000,3000000,287
2026-08-26T02:31:16Z,222869,153000,153000,109
2026-08-26T02:31:16Z,222870,210800,247900,62
2026-08-26T02:31:16Z,222871,303100,303600,70
2026-08-26T02:31:16Z,222872,2475200,2500200,80
2026-08-26T02:31:16Z,222873,750000,750000,33
2026-08-26T02:31:16Z,222876,30000,40000,119
2026-08-26T02:31:16Z,222877,105300,105400,136
2026-08-26T02:31:16Z,222878,190000,190000,105
2026-08-26T02:31:16Z,222879,50000,52000,304
2026-08-26T02:31:16Z,222880,19900,20000,49
2026-08-26T02:31:16Z,222881,201300,201300,124
2026-08-26T02:31:16Z,222882,10200,10200,683
2026-08-26T02:31:16Z,222883,44700,44900,909
2026-08-26T02:31:16Z,222884,9996600,9996600,113
2026-08-26T02:31:16Z,222885,95500,127800,68
2026-08-26T02:31:16Z,222886,129000,129000,137
2026-08-26T02:31:16Z,222887,100000,100000,193
2026-08-26T02:31:16Z,222888,400000,400000,32
2026-08-26T02:31:16Z,222889,380000,441400,16
2026-08-26T02:31:16Z,222890,2749900,2750000,467
2026-08-26T02:31:16Z,222891,199971300,199971300,6
2026-08-26T02:31:16Z,222892,959900,959900,20
2026-08-26T02:31:16Z,222893,2540000,2550000,183
2026-08-26T02:31:16Z,222894,850000,900000,16
2026-08-26T02:31:16Z,222895,2500000,25000000,15
2026-08-26T02:31:16Z,222896,6000000,6000000,63
2026-08-26T02:31:16Z,222906,1100000,1100000,21
2026-08-26T02:31:16Z,223512,500,1500,628231
2026-08-26T02:31:16Z,223618,2749800,9999800,27
2026-08-26T02:31:16Z,223649,3989800,3989900,25
2026-08-26T02:31:16Z,223650,3884600,7805300,41
2026-08-26T02:31:16Z,223651,4896600,4896600,14
2026-08-26T02:31:16Z,223652,3500000,3500000,27
2026-08-26T02:31:16Z,223653,14999800,14999800,187
2026-08-26T02:31:16Z,223654,198900000,198900000,13
2026-08-26T02:31:16Z,223655,3009900,3009900,33
2026-08-26T02:31:16Z,223656,4499900,4499900,36
2026-08-26T02:31:16Z,223657,70000,70000,71
2026-08-26T02:31:16Z,223658,509700,509700,36
2026-08-26T02:31:16Z,223659,356000,396000,231
2026-08-26T02:31:16Z,223660,10000000,10000000,34
2026-08-26T02:31:16Z,223661,1959700,1959700,37
2026-08-26T02:31:16Z,223662,7311700,7500000,284
2026-08-26T02:31:16Z,223663,60000,60000,438
2026-08-26T02:31:16Z,223664,600000,604300,59
2026-08-26T02:31:16Z,223665,499800,499800,113
2026-08-26T02:31:16Z,223666,474900,474900,184
2026-08-26T02:31:16Z,223667,1500000,1600000,64
2026-08-26T02:31:16Z,223668,507000,507000,102
2026-08-26T02:31:16Z,223669,100200,100200,162
2026-08-26T02:31:16Z,223670,239900,249900,77
2026-08-26T02:31:16Z,223671,395600,395600,110
2026-08-26T02:31:16Z,223672,1803300,1803300,27
2026-08-26T02:31:16Z,223673,3000000,3000000,47
2026-08-26T02:31:16Z,223674,9999900,11003900,39
2026-08-26T02:31:16Z,223675,15000000,15000000,38
2026-08-26T02:31:16Z,223676,992000,992000,33
2026-08-26T02:31:16Z,223677,5300000,5300000,110
2026-08-26T02:31:16Z,223678,22008500,22008500,25
2026-08-26T02:31:16Z,223679,8043600,8043600,39
2026-08-26T02:31:16Z,223680,10008100,10008100,49
2026-08-26T02:31:16Z,223681,299999900,299999900,6
2026-08-26T02:31:16Z,223682,40004100,40004100,19
2026-08-26T02:31:16Z,223683,7009800,7009800,49
2026-08-26T02:31:16Z,223684,4490000,7600000,42
2026-08-26T02:31:16Z,223685,4599600,4599600,34
2026-08-26T02:31:16Z,223686,8000000,8000000,22
2026-08-26T02:31:16Z,223687,20008200,20008200,14
2026-08-26T02:31:16Z,223688,16000000,16000000,27
2026-08-26T02:31:16Z,223689,10002100,10002200,88
2026-08-26T02:31:16Z,223690,24000000,24000000,15
2026-08-26T02:31:16Z,223691,10130800,10130800,24
2026-08-26T02:31:16Z,223692,8905200,10009800,85
2026-08-26T02:31:16Z,223693,5000600,199990000,14
2026-08-26T02:31:16Z,223694,1008100,1008100,28
2026-08-26T02:31:16Z,223695,6761100,6829300,35
2026-08-26T02:31:16Z,223696,2972200,2972300,22
2026-08-26T02:31:16Z,223697,1900000,2000000,28
2026-08-26T02:31:16Z,223698,4500000,4500000,99
2026-08-26T02:31:16Z,223699,1485000,1485000,27
2026-08-26T02:31:16Z,223700,1499900,2000000,28
2026-08-26T02:31:16Z,223701,3425400,3425400,104
2026-08-26T02:31:16Z,223702,3000000,33092800,14
2026-08-26T02:31:16Z,223703,2505400,2505400,33
2026-08-26T02:31:16Z,223704,4508600,4508600,82
2026-08-26T02:31:16Z,223705,34297200,36377700,26
2026-08-26T02:31:16Z,223706,3502200,3502200,49
2026-08-26T02:31:16Z,223707,3475600,3475600,71
2026-08-26T02:31:16Z,223708,197400,247500,51
2026-08-26T02:31:16Z,223709,509900,509900,25
2026-08-26T02:31:16Z,223710,1321800,1321800,55
2026-08-26T02:31:16Z,223711,4800000,15000000,14
2026-08-26T02:31:16Z,223712,2303600,2303600,40
2026-08-26T02:31:16Z,223713,7561100,19009700,58
2026-08-26T02:31:16Z,223714,400000,400000,176
2026-08-26T02:31:16Z,223715,450000,450000,62
2026-08-26T02:31:16Z,223716,900000,900000,118
2026-08-26T02:31:16Z,223717,25000000,39750000,16
2026-08-26T02:31:16Z,223718,1610000,2672300,35
2026-08-26T02:31:16Z,223719,4894200,4894300,39
2026-08-26T02:31:16Z,223720,399800,399800,100
2026-08-26T02:31:16Z,223721,905100,1305100,33
2026-08-26T02:31:16Z,223722,510000,510000,467
2026-08-26T02:31:16Z,223723,22316000,22316000,22
2026-08-26T02:31:16Z,223724,2000000,2000000,85
2026-08-26T02:31:16Z,223725,6009600,7839800,105
2026-08-26T02:31:16Z,223726,232500,232500,69
2026-08-26T02:31:16Z,223727,12990000,12998600,33
2026-08-26T02:31:16Z,223728,1750000,1750000,125
2026-08-26T02:31:16Z,223729,22222200,39990000,32
2026-08-26T02:31:16Z,223730,11110100,11110100,19
2026-08-26T02:31:16Z,223731,7999900,8009300,79
2026-08-26T02:31:16Z,223732,329900,329900,65
2026-08-26T02:31:16Z,223733,2454500,39990000,21
2026-08-26T02:31:16Z,223734,1205000,1205000,92
2026-08-26T02:31:16Z,223735,7000000,7670000,22
2026-08-26T02:31:16Z,223736,3509800,3999900,102
2026-08-26T02:31:16Z,223737,4957500,39999700,21
2026-08-26T02:31:16Z,223738,371500,371500,63
2026-08-26T02:31:16Z,223739,1005500,1005500,37
2026-08-26T02:31:16Z,223740,1000000,1090000,232
2026-08-26T02:31:16Z,223741,109000,9909000,50
2026-08-26T02:31:16Z,223742,100800,9900800,49
2026-08-26T02:31:16Z,223743,109000,9909000,49
2026-08-26T02:31:16Z,223744,109000,9909000,53
2026-08-26T02:31:16Z,223745,486500,486500,39
2026-08-26T02:31:16Z,223746,1509700,1509800,51
2026-08-26T02:31:16Z,223747,3556600,3556600,40
2026-08-26T02:31:16Z,223748,5000000,9500000,28
2026-08-26T02:31:16Z,223749,1990000,33000000,27
2026-08-26T02:31:16Z,223750,5008000,5008000,36
2026-08-26T02:31:16Z,223751,49000,49000,67
2026-08-26T02:31:16Z,223752,510000,510000,83
2026-08-26T02:31:16Z,223753,3490000,3490000,40
2026-08-26T02:31:16Z,223754,49990000,49990000,19
2026-08-26T02:31:16Z,223755,2479000,2479000,146
2026-08-26T02:31:16Z,223756,25001200,25001200,30
2026-08-26T02:31:16Z,223757,1000000,1139900,63
2026-08-26T02:31:16Z,223758,6899800,6899800,36
2026-08-26T02:31:16Z,223759,5009800,5009800,91
2026-08-26T02:31:16Z,223760,8406500,8406500,30
2026-08-26T02:31:16Z,223761,3400000,3440000,44
2026-08-26T02:31:16Z,223762,3909900,3909900,148
2026-08-26T02:31:16Z,223763,900000,990000,33
2026-08-26T02:31:16Z,223764,5000600,5000600,25
2026-08-26T02:31:16Z,223765,12254500,12254500,85
2026-08-26T02:31:16Z,223766,380000,387000,48
2026-08-26T02:31:16Z,223767,2509700,3009700,36
2026-08-26T02:31:16Z,223768,6000000,6000000,156
2026-08-26T02:31:16Z,223770,3450000,3500000,32
2026-08-26T02:31:16Z,223771,3920000,3920000,22
2026-08-26T02:31:16Z,223772,9860000,9860000,43
2026-08-26T02:31:16Z,223773,532100,543000,27
2026-08-26T02:31:16Z,223774,2029900,2030000,17
2026-08-26T02:31:16Z,223775,9699500,9700000,168
2026-08-26T02:31:16Z,223776,800000,840000,43
2026-08-26T02:31:16Z,223777,3705900,3705900,36
2026-08-26T02:31:16Z,223778,5916600,5916600,101
2026-08-26T02:31:16Z,223779,4000000,4000000,18
2026-08-26T02:31:16Z,223780,7500000,9500000,54
2026-08-26T02:31:16Z,223781,4909500,4909600,158
2026-08-26T02:31:16Z,223782,4990000,11122900,14
2026-08-26T02:31:16Z,223783,3990000,3990000,29
2026-08-26T02:31:16Z,223784,3235800,3395900,177
2026-08-26T02:31:16Z,223785,5005300,35005300,18
2026-08-26T02:31:16Z,223786,3530000,9999900,37
2026-08-26T02:31:16Z,223787,10000000,15009900,22
2026-08-26T02:31:16Z,223788,5000000,39800000,21
2026-08-26T02:31:16Z,223789,4500000,5000000,33
2026-08-26T02:31:16Z,223790,2999900,4001900,38
2026-08-26T02:31:16Z,223791,39909700,39909700,21
2026-08-26T02:31:16Z,223792,4499800,4500000,36
2026-08-26T02:31:16Z,223793,13506600,14178300,37
2026-08-26T02:31:16Z,223794,22099800,22099800,23
2026-08-26T02:31:16Z,223795,559600,609600,23
2026-08-26T02:31:16Z,223796,11196000,11196000,13
2026-08-26T02:31:16Z,223798,130500000,130500000,17
2026-08-26T02:31:16Z,223799,34308400,34654900,13
2026-08-26T02:31:16Z,223800,14225200,14225200,106
2026-08-26T02:31:16Z,223893,7600,7700,61
2026-08-26T02:31:16Z,223897,240009600,240009600,5
2026-08-26T02:31:16Z,223898,69700,89700,29
2026-08-26T02:31:16Z,223899,90009900,90009900,2
2026-08-26T02:31:16Z,223900,90000,90000,29
2026-08-26T02:31:16Z,223967,9800000,9800000,26
2026-08-26T02:31:16Z,223968,651200,651200,91
2026-08-26T02:31:16Z,223969,192100,192100,6758
2026-08-26T02:31:16Z,223970,695200,2255200,1134
2026-08-26T02:31:16Z,223971,188100,188100,6865
2026-08-26T02:31:16Z,223972,209900,209900,2094
2026-08-26T02:31:16Z,223973,199900,199900,270
2026-08-26T02:31:16Z,223974,168800,168800,55
2026-08-26T02:31:16Z,223975,70000,70000,360
2026-08-26T02:31:16Z,223976,80000,80000,926
2026-08-26T02:31:16Z,223977,2900,3500,7436
2026-08-26T02:31:16Z,223979,1762900,1762900,72
2026-08-26T02:31:16Z,224105,27900,27900,315
2026-08-26T02:31:16Z,224106,27600,27600,1213
2026-08-26T02:31:16Z,224107,27600,27600,2482
2026-08-26T02:31:16Z,224108,190000,190000,100
2026-08-26T02:31:16Z,224109,250000,250000,1350
2026-08-26T02:31:16Z,224110,349500,349500,141
2026-08-26T02:31:16Z,224111,100000,100000,134
2026-08-26T02:31:16Z,224112,20000,20000,243
2026-08-26T02:31:16Z,224113,1505500,1970200,281
2026-08-26T02:31:16Z,224153,14500000,14500000,7
2026-08-26T02:31:16Z,224154,209000,209000,22
2026-08-26T02:31:16Z,224155,5880000,5880000,36
2026-08-26T02:31:16Z,224173,319700,319700,39
2026-08-26T02:31:16Z,224174,290000,300000,89
2026-08-26T02:31:16Z,224175,759900,759900,134
2026-08-26T02:31:16Z,224176,1059900,1059900,435
2026-08-26T02:31:16Z,224177,1780000,1780000,196
2026-08-26T02:31:16Z,224178,305000,375000,94
2026-08-26T02:31:16Z,224300,280300,280300,39
2026-08-26T02:31:16Z,224301,831600,831600,29
2026-08-26T02:31:16Z,224302,734900,734900,47
2026-08-26T02:31:16Z,224303,100000,100000,24
2026-08-26T02:31:16Z,224304,39906600,39906600,11
2026-08-26T02:31:16Z,224305,150900,150900,83
2026-08-26T02:31:16Z,224306,123200,123200,42
2026-08-26T02:31:16Z,224307,5001900,5001900,40
2026-08-26T02:31:16Z,224308,509600,509600,39
2026-08-26T02:31:16Z,224309,56200,56200,36
2026-08-26T02:31:16Z,224310,2161800,2161800,27
2026-08-26T02:31:16Z,224311,159900,159900,51
2026-08-26T02:31:16Z,224312,49900,49900,32
2026-08-26T02:31:16Z,224313,752600,752600,31
2026-08-26T02:31:16Z,224314,559700,559700,44
2026-08-26T02:31:16Z,224315,948900,948900,47
2026-08-26T02:31:16Z,224316,44600,44600,74
2026-08-26T02:31:16Z,224317,435500,435500,52
2026-08-26T02:31:16Z,224318,179900,179900,31
2026-08-26T02:31:16Z,224319,1127600,1127600,33
2026-08-26T02:31:16Z,224320,352500,39900000,23
2026-08-26T02:31:16Z,224321,258000,258000,33
2026-08-26T02:31:16Z,224322,267400,267400,32
2026-08-26T02:31:16Z,224323,1007800,39906900,28
2026-08-26T02:31:16Z,224324,945200,945200,67
2026-08-26T02:31:16Z,224325,650000,650000,43
2026-08-26T02:31:16Z,224326,766300,766300,44
2026-08-26T02:31:16Z,224327,5299800,5299800,33
2026-08-26T02:31:16Z,224328,806800,806800,21
2026-08-26T02:31:16Z,224329,2740900,2740900,19
2026-08-26T02:31:16Z,224330,766300,766300,40
2026-08-26T02:31:16Z,224331,766300,766300,47
2026-08-26T02:31:16Z,224332,1520500,1520500,90
2026-08-26T02:31:16Z,224333,867700,867700,37
2026-08-26T02:31:16Z,224334,900000,900000,79
2026-08-26T02:31:16Z,224335,740000,740000,38
2026-08-26T02:31:16Z,224336,700000,700000,42
2026-08-26T02:31:16Z,224337,500600,500600,47
2026-08-26T02:31:16Z,224338,766300,766300,66
2026-08-26T02:31:16Z,224339,766300,766300,87
2026-08-26T02:31:16Z,224340,333200,333200,38
2026-08-26T02:31:16Z,224341,775800,775800,25
2026-08-26T02:31:16Z,224342,489100,489100,75
2026-08-26T02:31:16Z,224343,2990000,2990000,98
2026-08-26T02:31:16Z,224344,97600,97600,139
2026-08-26T02:31:16Z,224345,766300,766300,26
2026-08-26T02:31:16Z,224346,745700,745700,26
2026-08-26T02:31:16Z,224347,766300,766300,27
2026-08-26T02:31:16Z,224348,39909900,39909900,29
2026-08-26T02:31:16Z,224349,2549300,2549300,44
2026-08-26T02:31:16Z,224350,2295000,2295000,30
2026-08-26T02:31:16Z,224351,3500000,3500000,65
2026-08-26T02:31:16Z,224352,4950000,4950000,26
2026-08-26T02:31:16Z,224353,3224100,3224100,40
2026-08-26T02:31:16Z,224354,1596500,1596500,40
2026-08-26T02:31:16Z,224355,4939900,4939900,25
2026-08-26T02:31:16Z,224356,9368600,29803400,90
2026-08-26T02:31:16Z,224357,3950000,3950000,43
2026-08-26T02:31:16Z,224358,2592800,2592800,25
2026-08-26T02:31:16Z,224359,3950000,3950000,37
2026-08-26T02:31:16Z,224360,1344000,1344000,44
2026-08-26T02:31:16Z,224361,4200000,4200000,52
2026-08-26T02:31:16Z,224362,4950000,4950000,77
2026-08-26T02:31:16Z,224363,3950000,3950000,93
2026-08-26T02:31:16Z,224364,15371600,15371600,26
2026-08-26T02:31:16Z,224365,3087500,3650000,129
2026-08-26T02:31:16Z,224366,2500000,2500000,23
2026-08-26T02:31:16Z,224367,1004100,4285500,270
2026-08-26T02:31:16Z,224368,2000000,2000000,30
2026-08-26T02:31:16Z,224369,2557900,2557900,110
2026-08-26T02:31:16Z,224370,3950000,3950000,37
2026-08-26T02:31:16Z,224371,1787300,1787400,38
2026-08-26T02:31:16Z,224440,9600,9700,1851
2026-08-26T02:31:16Z,224441,81100,101100,479
2026-08-26T02:31:16Z,224442,41200,41200,136
2026-08-26T02:31:16Z,224572,836000,860900,1203
2026-08-26T02:31:16Z,224762,23900,23900,510
2026-08-26T02:31:16Z,224764,500,700,113892
2026-08-26T02:31:16Z,224800,80000,80000,2395
2026-08-26T02:31:16Z,224801,10000,10000,5681
2026-08-26T02:31:16Z,224802,4100,4800,9242
2026-08-26T02:31:16Z,224803,98800,98800,15758
2026-08-26T02:31:16Z,224804,5900,5900,1823
2026-08-26T02:31:16Z,224805,7900,25000,13050
2026-08-26T02:31:16Z,224824,1740000,1990000,520
2026-08-26T02:31:16Z,224826,380000,399900,10672
2026-08-26T02:31:16Z,224828,68800,73100,7930
2026-08-26T02:31:16Z,224832,185000,185000,628
2026-08-26T02:31:16Z,224833,179900,190000,16883
2026-08-26T02:31:16Z,224834,200000,260000,977
2026-08-26T02:31:16Z,225241,10000,11100,67
2026-08-26T02:31:16Z,225242,11100,11100,81
2026-08-26T02:31:16Z,225253,9993400,9993400,32
2026-08-26T02:31:16Z,225416,49009900,49009900,20
2026-08-26T02:31:16Z,225417,49000600,49000600,13
2026-08-26T02:31:16Z,225418,49005000,49005000,20
2026-08-26T02:31:16Z,225419,49000900,49000900,19
2026-08-26T02:31:16Z,225420,49000600,49000600,20
2026-08-26T02:31:16Z,225421,49008800,49008800,11
2026-08-26T02:31:16Z,225422,49009900,49009900,25
2026-08-26T02:31:16Z,225423,49009900,49009900,21
2026-08-26T02:31:16Z,225424,49009500,49009500,24
2026-08-26T02:31:16Z,225425,49000600,49000600,20
2026-08-26T02:31:16Z,225426,290009900,290009900,2
2026-08-26T02:31:16Z,225427,49000600,49000600,21
2026-08-26T02:31:16Z,225428,49009900,49009900,18
2026-08-26T02:31:16Z,225429,49009900,49009900,22
2026-08-26T02:31:16Z,225430,290000600,290000600,1
2026-08-26T02:31:16Z,225543,290003900,290003900,1
2026-08-26T02:31:16Z,225565,1000,4800,15900
2026-08-26T02:31:16Z,225566,800,6200,19971
2026-08-26T02:31:16Z,225567,300,400,7076
2026-08-26T02:31:16Z,225568,2500,5200,11588
2026-08-26T02:31:16Z,225569,900,1200,77858
2026-08-26T02:31:16Z,225592,59200,59200,321
2026-08-26T02:31:16Z,225670,500,600,28505
2026-08-26T02:31:16Z,225671,4900,5500,1246
2026-08-26T02:31:16Z,225672,199900,229700,492
2026-08-26T02:31:16Z,225768,6040000,6040000,236
2026-08-26T02:31:16Z,225784,559900,559900,78
2026-08-26T02:31:16Z,225785,49009800,49009800,25
2026-08-26T02:31:16Z,225786,49008200,49008200,15
2026-08-26T02:31:16Z,225787,49008200,49008200,13
2026-08-26T02:31:16Z,225788,290001100,290001100,1
2026-08-26T02:31:16Z,225789,1500003300,1500003300,2
2026-08-26T02:31:16Z,225790,49007200,49007200,20
2026-08-26T02:31:16Z,225791,49002300,49002300,16
2026-08-26T02:31:16Z,225792,5000000,49000000,18
2026-08-26T02:31:16Z,225793,290007400,290007400,1
2026-08-26T02:31:16Z,225794,290006600,290006600,2
2026-08-26T02:31:16Z,225795,49009500,49009500,21
2026-08-26T02:31:16Z,225796,49000000,49000000,20
2026-08-26T02:31:16Z,225797,1500000500,1500000500,1
2026-08-26T02:31:16Z,225798,8500001600,8500001600,1
2026-08-26T02:31:16Z,225799,8500008900,8500008900,1
2026-08-26T02:31:16Z,225800,290005800,290005800,1
2026-08-26T02:31:16Z,225801,31000000,31000000,37
2026-08-26T02:31:16Z,225802,19800,19800,123
2026-08-26T02:31:16Z,225803,30009800,30009800,36
2026-08-26T02:31:16Z,225804,49008600,49008600,20
2026-08-26T02:31:16Z,225807,49009000,49009000,26
2026-08-26T02:31:16Z,225809,49000400,49000400,28
2026-08-26T02:31:16Z,225810,7680000,49000000,16
2026-08-26T02:31:16Z,225811,290008900,290008900,1
2026-08-26T02:31:16Z,225812,290009500,290009500,1
2026-08-26T02:31:16Z,225813,49000000,49000000,24
2026-08-26T02:31:16Z,225814,409300,409300,32
2026-08-26T02:31:16Z,225815,49000000,49000000,28
2026-08-26T02:31:16Z,225816,49009200,49009200,20
2026-08-26T02:31:16Z,225817,49001900,49001900,15
2026-08-26T02:31:16Z,225818,290008800,290008800,1
2026-08-26T02:31:16Z,225819,290005100,290005100,1
2026-08-26T02:31:16Z,225820,400000,500000,30
2026-08-26T02:31:16Z,225821,49000000,49000000,27
2026-08-26T02:31:16Z,225822,49001000,49001000,21
2026-08-26T02:31:16Z,225823,49009400,49009400,20
2026-08-26T02:31:16Z,225824,1500009800,1500009800,1
2026-08-26T02:31:16Z,225825,290009400,290009400,1
2026-08-26T02:31:16Z,225826,290009100,290009100,1
2026-08-26T02:31:16Z,225827,415500,415500,31
2026-08-26T02:31:16Z,225828,49001700,49001700,14
2026-08-26T02:31:16Z,225829,49007300,49007300,20
2026-08-26T02:31:16Z,225830,49009300,49009300,26
2026-08-26T02:31:16Z,225831,49009500,49009500,25
2026-08-26T02:31:16Z,225832,49001600,49001600,11
2026-08-26T02:31:16Z,225833,49009600,49009600,26
2026-08-26T02:31:16Z,225834,290001400,290001400,1
2026-08-26T02:31:16Z,225835,290008400,290008400,1
2026-08-26T02:31:16Z,225836,809700,49009700,31
2026-08-26T02:31:16Z,225837,37009900,49009900,27
2026-08-26T02:31:16Z,225839,49009800,49009800,15
2026-08-26T02:31:16Z,225840,49002800,49002800,12
2026-08-26T02:31:16Z,225841,290007300,290007300,1
2026-08-26T02:31:16Z,225842,290009400,290009400,1
2026-08-26T02:31:16Z,225843,8009800,49009800,28
2026-08-26T02:31:16Z,225844,49000000,49000000,25
2026-08-26T02:31:16Z,225845,1999900,49009900,26
2026-08-26T02:31:16Z,225846,40000000,49000000,19
2026-08-26T02:31:16Z,225847,290004400,290004400,1
2026-08-26T02:31:16Z,225848,290005200,290005200,1
2026-08-26T02:31:16Z,225849,47009600,49009600,28
2026-08-26T02:31:16Z,225850,1499700,49009700,28
2026-08-26T02:31:16Z,225852,1908000,49008000,19
2026-08-26T02:31:16Z,225853,290000200,290000200,1
2026-08-26T02:31:16Z,225854,290008300,290008300,2
2026-08-26T02:31:16Z,225875,49001400,49001400,20
2026-08-26T02:31:16Z,225876,22900,24500,3583
2026-08-26T02:31:16Z,225877,290009600,290009600,1
2026-08-26T02:31:16Z,225878,290002000,290002000,1
2026-08-26T02:31:16Z,225879,290008400,290008400,1
2026-08-26T02:31:16Z,225883,990000,990000,232
2026-08-26T02:31:16Z,225911,1400,1970000,15949
2026-08-26T02:31:16Z,225912,48900,56900,6525
2026-08-26T02:31:16Z,225987,438800,459200,50
2026-08-26T02:31:16Z,225988,9993100,9993100,41
2026-08-26T02:31:16Z,225989,1169400,1169400,61
2026-08-26T02:31:16Z,225996,49700,9900000,35
2026-08-26T02:31:16Z,226022,89705000,89705000,10
2026-08-26T02:31:16Z,226023,14450000,14450000,5
2026-08-26T02:31:16Z,226024,4923900,4933900,43
2026-08-26T02:31:16Z,226025,12000000,12000000,32
2026-08-26T02:31:16Z,226026,6500000,6500000,10
2026-08-26T02:31:16Z,226027,15000000,15000000,26
2026-08-26T02:31:16Z,226028,55550000,55550000,7
2026-08-26T02:31:16Z,226029,2500000,2500000,5
2026-08-26T02:31:16Z,226030,17000000,17000000,37
2026-08-26T02:31:16Z,226031,80007000,80007000,7
2026-08-26T02:31:16Z,226032,2500000,2500000,11
2026-08-26T02:31:16Z,226033,4000000,4000000,39
2026-08-26T02:31:16Z,226034,107000,107000,225
2026-08-26T02:31:16Z,226035,499700,499700,25
2026-08-26T02:31:16Z,226036,979500,999400,72
2026-08-26T02:31:16Z,226037,19700,19700,43376
2026-08-26T02:31:16Z,226202,2400,2400,21520
2026-08-26T02:31:16Z,226204,500,500,16315
2026-08-26T02:31:16Z,226205,100,1200,46080
2026-08-26T02:31:16Z,226232,3109900,3110000,118
2026-08-26T02:31:16Z,226233,501000,501100,260
2026-08-26T02:31:16Z,226234,9990000,9990000,28
2026-08-26T02:31:16Z,226235,505800,9996800,29
2026-08-26T02:31:16Z,226236,1009300,1009400,36
2026-08-26T02:31:16Z,226237,6499500,6499500,35
2026-08-26T02:31:16Z,226238,9990000,9990000,32
2026-08-26T02:31:16Z,226524,990000,990000,206
2026-08-26T02:31:16Z,226681,2500000,2500000,4798
2026-08-26T02:31:16Z,226692,37000,38400,34
2026-08-26T02:31:16Z,226811,217200,217200,234
2026-08-26T02:31:16Z,227272,10000,14900,50
2026-08-26T02:31:16Z,227273,39700,39700,54
2026-08-26T02:31:16Z,227274,9908900,9908900,25
2026-08-26T02:31:16Z,227275,459800,459800,125
2026-08-26T02:31:16Z,227297,9990000,9990000,40
2026-08-26T02:31:16Z,227298,1700000,1700000,70
2026-08-26T02:31:16Z,227299,9909900,9909900,62
2026-08-26T02:31:16Z,227300,9990000,9990000,29
2026-08-26T02:31:16Z,227301,35000,35000,84
2026-08-26T02:31:16Z,227302,669800,669800,52
2026-08-26T02:31:16Z,227303,459800,459800,122
2026-08-26T02:31:16Z,227304,9863200,9863200,24
2026-08-26T02:31:16Z,227305,13000,13000,141
2026-08-26T02:31:16Z,227306,220000,224600,94
2026-08-26T02:31:16Z,227307,5000000,5000000,89
2026-08-26T02:31:16Z,227308,9801000,9801000,25
2026-08-26T02:31:16Z,227309,94900,94900,126
2026-08-26T02:31:16Z,227310,502600,9902600,46
2026-08-26T02:31:16Z,227311,452700,452700,229
2026-08-26T02:31:16Z,227312,9899900,9899900,298
2026-08-26T02:31:16Z,227313,1500000,1500000,50
2026-08-26T02:31:16Z,227314,454600,9909400,49
2026-08-26T02:31:16Z,227315,9658300,9658300,24
2026-08-26T02:31:16Z,227316,9907300,9907300,26
2026-08-26T02:31:16Z,227317,2600,2600,376
2026-08-26T02:31:16Z,227318,1900,1900,247
2026-08-26T02:31:16Z,227319,456200,456200,120
2026-08-26T02:31:16Z,227320,9992700,9992700,29
2026-08-26T02:31:16Z,227321,43200,43200,161
2026-08-26T02:31:16Z,227322,1600000,1600000,103
2026-08-26T02:31:16Z,227323,9800000,9800000,28
2026-08-26T02:31:16Z,227324,1990000,1990000,105
2026-08-26T02:31:16Z,227325,1900,1900,367
2026-08-26T02:31:16Z,227326,1900,1900,342
2026-08-26T02:31:16Z,227327,2500,2500,344
2026-08-26T02:31:16Z,227328,300000,450000,162
2026-08-26T02:31:16Z,227329,409800,449800,405
2026-08-26T02:31:16Z,227330,9900000,9900000,40
2026-08-26T02:31:16Z,227331,420000,420000,113
2026-08-26T02:31:16Z,227332,50000,50000,1001
2026-08-26T02:31:16Z,227333,450000,450000,64
2026-08-26T02:31:16Z,227334,9902100,9902100,40
2026-08-26T02:31:16Z,227335,343600,343600,102
2026-08-26T02:31:16Z,227336,220000,220000,152
2026-08-26T02:31:16Z,227769,500,900,151905
2026-08-26T02:31:16Z,227770,24000000,24000000,696
2026-08-26T02:31:16Z,227771,500000,4009800,9137
2026-08-26T02:31:16Z,227772,6990000,6990000,2470
2026-08-26T02:31:16Z,227773,122000000,123008000,467
2026-08-26T02:31:16Z,227774,2750000000,2750000000,31
2026-08-26T02:31:16Z,228099,49009800,49009800,25
2026-08-26T02:31:16Z,228194,8900000,9900000,73
2026-08-26T02:31:16Z,228195,32003300,33003300,40
2026-08-26T02:31:16Z,228231,74400,95000,5425
2026-08-26T02:31:16Z,228232,69900,70200,7206
2026-08-26T02:31:16Z,228233,1000000,1000000,718
2026-08-26T02:31:16Z,228234,1050000,1095400,391
2026-08-26T02:31:16Z,228235,380000,380000,2200
2026-08-26T02:31:16Z,228236,380000,380000,6225
2026-08-26T02:31:16Z,228368,9990000,9990000,28
2026-08-26T02:31:16Z,228386,49000100,49000100,25
2026-08-26T02:31:16Z,228387,49009900,49009900,29
2026-08-26T02:31:16Z,228388,9909800,9909800,105
2026-08-26T02:31:16Z,228390,49009900,49009900,26
2026-08-26T02:31:16Z,228391,890700,49000700,28
2026-08-26T02:31:16Z,228392,1500,4999900,27
2026-08-26T02:31:16Z,228393,151500,49001500,26
2026-08-26T02:31:16Z,228394,99800,49009800,25
2026-08-26T02:31:16Z,228395,49009900,49009900,26
2026-08-26T02:31:16Z,228396,2970000,49001100,29
2026-08-26T02:31:16Z,228398,1000000,49006900,27
2026-08-26T02:31:16Z,228399,49000100,49000100,19
2026-08-26T02:31:16Z,228400,15871000,15871000,31
2026-08-26T02:31:16Z,228401,46300,46300,111
2026-08-26T02:31:16Z,228402,100000,100000,64
2026-08-26T02:31:16Z,228403,420000,420000,165
2026-08-26T02:31:16Z,228404,30000,30000,383
2026-08-26T02:31:16Z,228405,130000,130000,68
2026-08-26T02:31:16Z,228406,377200,377200,72
2026-08-26T02:31:16Z,228414,10500,10500,1643
2026-08-26T02:31:16Z,228429,1500000000,1500000000,1
2026-08-26T02:31:16Z,228430,4999900,49009900,27
2026-08-26T02:31:16Z,228452,315130600,315130600,2
2026-08-26T02:31:16Z,228453,990003800,990003800,1
2026-08-26T02:31:16Z,228454,49003800,49003800,20
2026-08-26T02:31:16Z,228455,290000100,290000100,1
2026-08-26T02:31:16Z,228456,49007500,49007500,15
2026-08-26T02:31:16Z,228458,290000100,290000100,1
2026-08-26T02:31:16Z,228481,49003800,49003800,20
2026-08-26T02:31:16Z,228482,49003800,49003800,20
2026-08-26T02:31:16Z,228483,49006000,49006000,20
2026-08-26T02:31:16Z,228485,49003800,49003800,25
2026-08-26T02:31:16Z,228487,49003800,49003800,20
2026-08-26T02:31:16Z,228488,49007600,49007600,20
2026-08-26T02:31:16Z,228489,290005100,290005100,1
2026-08-26T02:31:16Z,228490,9903800,9903800,99
2026-08-26T02:31:16Z,228491,9000000,9000000,106
2026-08-26T02:31:16Z,228492,44300,990000,274
2026-08-26T02:31:16Z,228493,50000,50000,406
2026-08-26T02:31:16Z,228494,100000,100000,387
2026-08-26T02:31:16Z,228496,290007600,290007600,1
2026-08-26T02:31:16Z,228497,290003800,290003800,1
2026-08-26T02:31:16Z,228507,6800,6800,315
2026-08-26T02:31:16Z,228509,19100,19100,269
2026-08-26T02:31:16Z,228510,249900,249900,4
2026-08-26T02:31:16Z,228608,6839000,9909000,101
2026-08-26T02:31:16Z,228609,9903800,9903800,98
2026-08-26T02:31:16Z,228720,49005100,49005100,20
2026-08-26T02:31:16Z,228723,49007600,49007600,8
2026-08-26T02:31:16Z,228921,300000,300000,439
2026-08-26T02:31:16Z,228930,400,400,18720
2026-08-26T02:31:16Z,228953,9994400,9994400,30
2026-08-26T02:31:16Z,228956,68400,68400,1730
2026-08-26T02:31:16Z,228990,6666600,6666600,33
2026-08-26T02:31:16Z,229388,2800,2900,16204
2026-08-26T02:31:16Z,229413,349986000,349986000,11
2026-08-26T02:31:16Z,229809,40000,44900,56
2026-08-26T02:31:16Z,230285,92000,100000,26679
2026-08-26T02:31:16Z,231899,49000100,49000100,25
2026-08-26T02:31:16Z,232005,89000,89000,94
2026-08-26T02:31:16Z,232006,4800,9998000,47
2026-08-26T02:31:16Z,232007,7000000,7000000,60
2026-08-26T02:31:16Z,232009,900000,900000,106
2026-08-26T02:31:16Z,232011,3158800,49999700,302
2026-08-26T02:31:16Z,232374,700000,700000,80
2026-08-26T02:31:16Z,232375,9909900,9909900,26
2026-08-26T02:31:16Z,232376,9192000,9192000,47
2026-08-26T02:31:16Z,232377,9989900,9989900,58
2026-08-26T02:31:16Z,232378,459900,459900,56
2026-08-26T02:31:16Z,232380,997600,9907600,42
2026-08-26T02:31:16Z,232385,9990000,9990000,45
2026-08-26T02:31:16Z,232521,7597300,7717300,162
2026-08-26T02:31:16Z,232532,1990000,1990000,19
2026-08-26T02:31:16Z,232533,700000,2464600,109
2026-08-26T02:31:16Z,232534,8989400,8989400,79
2026-08-26T02:31:16Z,232632,9909800,9909800,80
2026-08-26T02:31:16Z,232633,49000000,49000000,25
2026-08-26T02:31:16Z,232634,290000300,290000300,1
2026-08-26T02:31:16Z,232635,49009400,49009400,20
2026-08-26T02:31:16Z,232636,49008000,49008000,17
2026-08-26T02:31:16Z,232637,290002100,290002100,1
2026-08-26T02:31:16Z,232638,290003800,290003800,1
2026-08-26T02:31:16Z,232874,199000100,199000100,2
2026-08-26T02:31:16Z,232935,499900,499900,14
2026-08-26T02:31:16Z,232936,30000000,30000000,17
2026-08-26T02:31:16Z,232937,335700,335800,48
2026-08-26T02:31:16Z,233029,8500,9400,163
2026-08-26T02:31:16Z,233030,39900,39900,70
2026-08-26T02:31:16Z,233031,2009900,2009900,4
2026-08-26T02:31:16Z,233800,290003600,290003600,1
2026-08-26T02:31:16Z,234197,15000000,15499800,14
2026-08-26T02:31:16Z,234203,2438600,2438600,33
2026-08-26T02:31:16Z,234204,9889500,9889500,44
2026-08-26T02:31:16Z,234205,2973100,2973100,31
2026-08-26T02:31:16Z,234212,49009700,49009700,21
2026-08-26T02:31:16Z,234282,501800,501800,33
2026-08-26T02:31:16Z,234287,5000000,5000000,110
2026-08-26T02:31:16Z,234380,360000,362400,127
2026-08-26T02:31:16Z,234381,300000,307900,161
2026-08-26T02:31:16Z,234386,250000,250000,121
2026-08-26T02:31:16Z,234387,306400,306400,180
2026-08-26T02:31:16Z,234415,330000,330000,118
2026-08-26T02:31:16Z,234416,280000,280000,123
2026-08-26T02:31:16Z,234417,300000,300000,109
2026-08-26T02:31:16Z,234418,290000,290000,115
2026-08-26T02:31:16Z,234419,316800,316800,129
2026-08-26T02:31:16Z,234420,300000,300000,121
2026-08-26T02:31:16Z,234466,9980000,9980000,94
2026-08-26T02:31:16Z,234526,3465000,3465000,140
2026-08-26T02:31:16Z,234527,1620000,1990000,137
2026-08-26T02:31:16Z,234718,290005400,290005400,2
2026-08-26T02:31:16Z,234719,290009200,290009200,1
2026-08-26T02:31:16Z,234720,290009900,290009900,2
2026-08-26T02:31:16Z,234722,290001000,290001000,1
2026-08-26T02:31:16Z,234723,290002400,290002400,1
2026-08-26T02:31:16Z,234732,290007700,290007700,1
2026-08-26T02:31:16Z,234733,290009400,290009400,1
2026-08-26T02:31:16Z,234734,290002100,290002100,1
2026-08-26T02:31:16Z,234735,290002900,290002900,2
2026-08-26T02:31:16Z,234736,290008500,290008500,1
2026-08-26T02:31:16Z,234750,290006300,290006300,1
2026-08-26T02:31:16Z,234751,290002100,290002100,2
2026-08-26T02:31:16Z,234752,290000200,290000200,1
2026-08-26T02:31:16Z,234753,290000700,290000700,1
2026-08-26T02:31:16Z,234754,290008300,290008300,1
2026-08-26T02:31:16Z,234972,10000,10000,66
2026-08-26T02:31:16Z,234973,12800,12800,111
2026-08-26T02:31:16Z,235221,10300,10300,362
2026-08-26T02:31:16Z,235230,40000,990000,254
2026-08-26T02:31:16Z,235238,10000,1990000,134
2026-08-26T02:31:16Z,235255,26900,47800,301
2026-08-26T02:31:16Z,235273,1200,1200,279
2026-08-26T02:31:16Z,235335,2149000,2149000,20
2026-08-26T02:31:16Z,235336,3999900,3999900,90
2026-08-26T02:31:16Z,235337,4008100,4008100,54
2026-08-26T02:31:16Z,235703,78900,78900,12942
2026-08-26T02:31:16Z,235704,88900,88900,14294
2026-08-26T02:31:16Z,235805,48000,48000,84
2026-08-26T02:31:16Z,235845,3500,4200,8343
2026-08-26T02:31:16Z,235846,2249800,2249800,119
2026-08-26T02:31:16Z,235910,999700,999700,14
2026-08-26T02:31:16Z,236353,25000000,25000000,12
2026-08-26T02:31:16Z,236633,9907700,9907700,57
2026-08-26T02:31:16Z,236634,290009400,290009400,1
2026-08-26T02:31:16Z,236635,290009400,290009400,1
2026-08-26T02:31:16Z,236636,290009900,290009900,2
2026-08-26T02:31:16Z,236637,49000300,49000300,14
2026-08-26T02:31:16Z,236638,290000300,290000300,1
2026-08-26T02:31:16Z,236639,290009400,290009400,1
2026-08-26T02:31:16Z,236640,290009900,290009900,2
2026-08-26T02:31:16Z,236646,80000,80000,175
2026-08-26T02:31:16Z,236647,9880000,9880000,40
2026-08-26T02:31:16Z,236648,9899800,9899800,88
2026-08-26T02:31:16Z,236649,4880000,4880000,170
2026-08-26T02:31:16Z,236650,9907000,9907000,40
2026-08-26T02:31:16Z,236651,290009400,290009400,7
2026-08-26T02:31:16Z,236652,290009400,290009400,6
2026-08-26T02:31:16Z,236680,51000,51000,156
2026-08-26T02:31:16Z,236753,39008800,39008800,53
2026-08-26T02:31:16Z,236761,25100,26900,685896
2026-08-26T02:31:16Z,236767,29600,32000,730706
2026-08-26T02:31:16Z,236770,4000,6000,525955
2026-08-26T02:31:16Z,236771,302100,377900,99104
2026-08-26T02:31:16Z,236774,269800,312100,413630
2026-08-26T02:31:16Z,236775,558800,599000,213371
2026-08-26T02:31:16Z,236776,216700,239900,260002
2026-08-26T02:31:16Z,236777,751000,823900,56832
2026-08-26T02:31:16Z,236778,9400,11900,399244
2026-08-26T02:31:16Z,236779,285500,329500,47512
2026-08-26T02:31:16Z,236780,4095500,4682200,45850
2026-08-26T02:31:16Z,236949,11500,16800,1948864
2026-08-26T02:31:16Z,236950,11200,12800,996702
2026-08-26T02:31:16Z,236951,9000,11700,370864
2026-08-26T02:31:16Z,236952,4000,4800,782337
2026-08-26T02:31:16Z,236957,93200000,93200000,34
2026-08-26T02:31:16Z,236959,90000,99000,67
2026-08-26T02:31:16Z,236963,12800,14100,611119
2026-08-26T02:31:16Z,236965,16600,24900,160690
2026-08-26T02:31:16Z,236967,60000000,499999800,241
2026-08-26T02:31:16Z,237015,706400,713800,32617
2026-08-26T02:31:16Z,237016,742100,742300,84417
2026-08-26T02:31:16Z,237017,446500,460000,87010
2026-08-26T02:31:16Z,237018,384000,393000,77644
2026-08-26T02:31:16Z,237259,19400,29400,15
2026-08-26T02:31:16Z,237260,17700,37800,22
2026-08-26T02:31:16Z,237305,290003700,290003700,1
2026-08-26T02:31:16Z,237313,49009400,49009400,19
2026-08-26T02:31:16Z,237330,500000,500000,138
2026-08-26T02:31:16Z,237331,609800,609800,82
2026-08-26T02:31:16Z,237333,7000000,7000000,190
2026-08-26T02:31:16Z,237334,8009800,8009800,40
2026-08-26T02:31:16Z,237335,200000,200000,99
2026-08-26T02:31:16Z,237359,64500,69300,568245
2026-08-26T02:31:16Z,237361,328600,331100,154613
2026-08-26T02:31:16Z,237362,81900,87800,210085
2026-08-26T02:31:16Z,237363,415400,416600,94869
2026-08-26T02:31:16Z,237364,80300,83500,205433
2026-08-26T02:31:16Z,237365,393800,399900,99916
2026-08-26T02:31:16Z,237366,110900,130000,79934
2026-08-26T02:31:16Z,237367,200000,425700,1601
2026-08-26T02:31:16Z,237369,4200000,4200000,1280
2026-08-26T02:31:16Z,237370,4881100,4881100,405
2026-08-26T02:31:16Z,237371,5300000,5500000,1857
2026-08-26T02:31:16Z,237372,4980000,4980000,835
2026-08-26T02:31:16Z,237373,5866100,5866100,4357
2026-08-26T02:31:16Z,238197,241000,241000,77985
2026-08-26T02:31:16Z,238198,631100,656800,30982
2026-08-26T02:31:16Z,238201,90800,91000,809
2026-08-26T02:31:16Z,238202,946300,946300,21631
2026-08-26T02:31:16Z,238203,2142100,2540000,90263
2026-08-26T02:31:16Z,238204,944700,1100900,27414
2026-08-26T02:31:16Z,238205,2193000,2471800,108773
2026-08-26T02:31:16Z,238209,50000,120000,3158
2026-08-26T02:31:16Z,238212,81800,81900,944
2026-08-26T02:31:16Z,238213,80000,225600,53895
2026-08-26T02:31:16Z,238365,13700,18900,74510
2026-08-26T02:31:16Z,238366,100000,103300,112172
2026-08-26T02:31:16Z,238367,22000,27600,82747
2026-08-26T02:31:16Z,238368,205700,205800,2782
2026-08-26T02:31:16Z,238369,299700,339700,17796
2026-08-26T02:31:16Z,238370,9500,25000,177353
2026-08-26T02:31:16Z,238371,676600,677300,26254
2026-08-26T02:31:16Z,238372,25900,50000,30297
2026-08-26T02:31:16Z,238373,286500,364800,69569
2026-08-26T02:31:16Z,238374,21500,46700,122557
2026-08-26T02:31:16Z,238375,119800,179500,27665
2026-08-26T02:31:16Z,238376,379900,389800,35647
2026-08-26T02:31:16Z,238377,99800,125700,46353
2026-08-26T02:31:16Z,238378,555500,607700,25193
2026-08-26T02:31:16Z,238379,70000,81100,22337
2026-08-26T02:31:16Z,238380,988500,988500,17582
2026-08-26T02:31:16Z,238381,10000,18900,49192
2026-08-26T02:31:16Z,238382,204300,308900,63108
2026-08-26T02:31:16Z,238383,141900,144800,21541
2026-08-26T02:31:16Z,238384,30000,32900,14523
2026-08-26T02:31:16Z,238477,20000,300000,1069
2026-08-26T02:31:16Z,238478,1500,450000,1178
2026-08-26T02:31:16Z,238479,2300,450000,1184
2026-08-26T02:31:16Z,238480,2000,350000,1170
2026-08-26T02:31:16Z,238481,5000,450000,1192
2026-08-26T02:31:16Z,238482,11000,11600,1448
2026-08-26T02:31:16Z,238483,1500,450000,1191
2026-08-26T02:31:16Z,238484,5000,6900,2493
2026-08-26T02:31:16Z,238485,10000,10500,2378
2026-08-26T02:31:16Z,238486,450000,450000,489
2026-08-26T02:31:16Z,238487,1600,8700,1276
2026-08-26T02:31:16Z,238488,93500,450000,624
2026-08-26T02:31:16Z,238489,900,1700,1341
2026-08-26T02:31:16Z,238491,450000,450000,599
2026-08-26T02:31:16Z,238492,39600,39600,699
2026-08-26T02:31:16Z,238493,450000,450000,275
2026-08-26T02:31:16Z,238494,4100,19000,1261
2026-08-26T02:31:16Z,238495,9900,9900,60
2026-08-26T02:31:16Z,238496,450000,450000,255
2026-08-26T02:31:16Z,238511,20000,31900,247967
2026-08-26T02:31:16Z,238512,28300,34100,778943
2026-08-26T02:31:16Z,238513,8000,10400,1020898
2026-08-26T02:31:16Z,238514,8800,11100,574517
2026-08-26T02:31:16Z,238518,39300,94100,45420
2026-08-26T02:31:16Z,238519,67300,168900,36453
2026-08-26T02:31:16Z,238520,10000,19400,26738
2026-08-26T02:31:16Z,238521,84300,173000,37451
2026-08-26T02:31:16Z,238522,309000,400000,44088
2026-08-26T02:31:16Z,238523,5000,7100,212335
2026-08-26T02:31:16Z,238525,1800000,2220000,20741
2026-08-26T02:31:16Z,238528,700000,810000,52470
2026-08-26T02:31:16Z,238529,38007800,44149000,26206
2026-08-26T02:31:16Z,238530,5940200,5999500,6906
2026-08-26T02:31:16Z,238799,10900,10900,90
2026-08-26T02:31:16Z,238800,3409500,3499500,34
2026-08-26T02:31:16Z,238801,290004600,290004600,1
2026-08-26T02:31:16Z,238808,290009300,290009300,1
2026-08-26T02:31:16Z,238810,290009300,290009300,1
2026-08-26T02:31:16Z,238812,210000,219600,54
2026-08-26T02:31:16Z,238813,290004700,290004700,1
2026-08-26T02:31:16Z,238814,3276100,49006100,22
2026-08-26T02:31:16Z,238832,14500,14500,63
2026-08-26T02:31:16Z,238833,49009900,49009900,17
2026-08-26T02:31:16Z,238834,290009300,290009300,1
2026-08-26T02:31:16Z,238836,9700,9900,239
2026-08-26T02:31:16Z,238838,20500,49000500,21
2026-08-26T02:31:16Z,238841,290009300,290009300,1
2026-08-26T02:31:16Z,238847,7700,7700,93
2026-08-26T02:31:16Z,238848,39009800,39009800,22
2026-08-26T02:31:16Z,238849,45509300,45509300,2
2026-08-26T02:31:16Z,238851,49009700,49009700,18
2026-08-26T02:31:16Z,238853,290009300,290009300,1
2026-08-26T02:31:16Z,238854,49008700,49008700,25
2026-08-26T02:31:16Z,238855,49000700,49000700,20
2026-08-26T02:31:16Z,238856,290009300,290009300,1
2026-08-26T02:31:16Z,238865,290008700,290008700,1
2026-08-26T02:31:16Z,238866,7100,7100,85
2026-08-26T02:31:16Z,238867,22000,22000,226
2026-08-26T02:31:16Z,238868,290009300,290009300,1
2026-08-26T02:31:16Z,238869,1990000,19900000,46
2026-08-26T02:31:16Z,238870,49009800,49009800,20
2026-08-26T02:31:16Z,238871,290009300,290009300,1
2026-08-26T02:31:16Z,238872,9400,9400,65
2026-08-26T02:31:16Z,238873,49009800,49009800,20
2026-08-26T02:31:16Z,238874,290004700,290004700,1
2026-08-26T02:31:16Z,238875,19900,49009900,22
2026-08-26T02:31:16Z,238876,290009900,290009900,1
2026-08-26T02:31:16Z,238877,50000,49000000,26
2026-08-26T02:31:16Z,238878,49009800,49009800,20
2026-08-26T02:31:16Z,238879,290009800,290009800,2
2026-08-26T02:31:16Z,238880,49007200,49007200,25
2026-08-26T02:31:16Z,238881,290004700,290004700,1
2026-08-26T02:31:16Z,238882,290004700,290004700,1
2026-08-26T02:31:16Z,238883,989900,19909900,47
2026-08-26T02:31:16Z,238884,19700,49009700,21
2026-08-26T02:31:16Z,238885,85009800,85009800,6
2026-08-26T02:31:16Z,238886,19909800,19909800,45
2026-08-26T02:31:16Z,238887,46550500,49000500,21
2026-08-26T02:31:16Z,238888,99990000,99990000,2
2026-08-26T02:31:16Z,238889,290004700,290004700,1
2026-08-26T02:31:16Z,238896,100000,100000,367
2026-08-26T02:31:16Z,238944,200,300,453
2026-08-26T02:31:16Z,239115,50008900,50008900,5
2026-08-26T02:31:16Z,239129,97700,97700,337
2026-08-26T02:31:16Z,239198,915500,1255100,36128
2026-08-26T02:31:16Z,239200,908200,1421800,55804
2026-08-26T02:31:16Z,239201,1687800,1688100,28061
2026-08-26T02:31:16Z,239202,1674500,1688500,42515
2026-08-26T02:31:16Z,239276,35000000,35000000,32
2026-08-26T02:31:16Z,239314,499990000,499990000,28
2026-08-26T02:31:16Z,239690,26800,26800,2842
2026-08-26T02:31:16Z,239691,18800,51200,54712
2026-08-26T02:31:16Z,239692,25000,44400,4070
2026-08-26T02:31:16Z,239700,15400,16300,323618
2026-08-26T02:31:16Z,239701,19700,19800,142610
2026-08-26T02:31:16Z,239702,31300,33000,36245
2026-08-26T02:31:16Z,239703,34000,36000,273541
2026-08-26T02:31:16Z,239711,14600,15000,4219
2026-08-26T02:31:16Z,239713,19900,20000,19437
2026-08-26T02:31:16Z,240094,45000000,70000000,71
2026-08-26T02:31:16Z,240133,41835900,45152500,2530
2026-08-26T02:31:16Z,240154,48000000,48000000,80
2026-08-26T02:31:16Z,240155,38890000,46509100,1975
2026-08-26T02:31:16Z,240156,2000,5300,11075
2026-08-26T02:31:16Z,240157,119500,149900,1720
2026-08-26T02:31:16Z,240164,2641400,2641400,103
2026-08-26T02:31:16Z,240165,4921800,4921800,530
2026-08-26T02:31:16Z,240166,2756900,2950000,877
2026-08-26T02:31:16Z,240167,4451600,5891900,6119
2026-08-26T02:31:16Z,240194,50000,50000,364
2026-08-26T02:31:16Z,240216,280000,348000,649
2026-08-26T02:31:16Z,240855,890000,899800,1000
2026-08-26T02:31:16Z,240856,950000,999900,1946
2026-08-26T02:31:16Z,240857,450000,459700,464
2026-08-26T02:31:16Z,240858,2000300,2000400,658
2026-08-26T02:31:16Z,240859,352400,469500,729
2026-08-26T02:31:16Z,240860,1947100,1949600,721
2026-08-26T02:31:16Z,240861,97500,199500,2797
2026-08-26T02:31:16Z,240862,1995400,2193900,889
2026-08-26T02:31:16Z,240863,240000,249800,218
2026-08-26T02:31:16Z,240864,985100,985100,2288
2026-08-26T02:31:16Z,240865,289900,299800,1799
2026-08-26T02:31:16Z,240866,4785800,4809900,761
2026-08-26T02:31:16Z,240867,150000,249900,669
2026-08-26T02:31:16Z,240868,3507000,3507100,577
2026-08-26T02:31:16Z,240869,40000,127400,3065
2026-08-26T02:31:16Z,240870,1500000,1500000,517
2026-08-26T02:31:16Z,240871,508900,509000,1114
2026-08-26T02:31:16Z,240872,809900,994800,1246
2026-08-26T02:31:16Z,240873,800000,900000,2584
2026-08-26T02:31:16Z,240874,2288400,2288500,612
2026-08-26T02:31:16Z,240875,230000,246500,1996
2026-08-26T02:31:16Z,240876,1788900,1798000,416
2026-08-26T02:31:16Z,240877,99900,230000,2858
2026-08-26T02:31:16Z,240878,2437800,2450000,1730
2026-08-26T02:31:16Z,240879,40000,1311800,2243
2026-08-26T02:31:16Z,240880,991500,991600,693
2026-08-26T02:31:16Z,240881,47500,79900,2757
2026-08-26T02:31:16Z,240882,2361100,2361200,543
2026-08-26T02:31:16Z,240883,180000,200000,2678
2026-08-26T02:31:16Z,240884,2399500,2399500,331
2026-08-26T02:31:16Z,240885,39900,499700,1006
2026-08-26T02:31:16Z,240886,4148600,4148600,358
2026-08-26T02:31:16Z,240887,8200000,12339900,286
2026-08-26T02:31:16Z,240888,14379600,14990000,749
2026-08-26T02:31:16Z,240889,11748900,11748900,437
2026-08-26T02:31:16Z,240890,14899100,15199900,3080
2026-08-26T02:31:16Z,240891,9980900,12080600,420
2026-08-26T02:31:16Z,240892,14949300,15307400,3372
2026-08-26T02:31:16Z,240893,9809500,9809500,227
2026-08-26T02:31:16Z,240894,14895800,15000000,1833
2026-08-26T02:31:16Z,240895,9969900,9970000,367
2026-08-26T02:31:16Z,240896,13999900,13999900,1250
2026-08-26T02:31:16Z,240897,11210000,11217300,482
2026-08-26T02:31:16Z,240898,14950000,15008300,3012
2026-08-26T02:31:16Z,240899,10642500,10749900,477
2026-08-26T02:31:16Z,240900,14883400,14983400,2185
2026-08-26T02:31:16Z,240901,11000000,11000000,385
2026-08-26T02:31:16Z,240902,14893400,14893400,629
2026-08-26T02:31:16Z,240903,7490000,7490000,246
2026-08-26T02:31:16Z,240904,13509700,13970000,203
2026-08-26T02:31:16Z,240905,11557900,11558000,639
2026-08-26T02:31:16Z,240906,14949900,15000000,3542
2026-08-26T02:31:16Z,240907,14000000,14000000,204
2026-08-26T02:31:16Z,240908,14355500,14999500,3541
2026-08-26T02:31:16Z,240909,8999600,10000000,289
2026-08-26T02:31:16Z,240910,14800000,15430000,1522
2026-08-26T02:31:16Z,240911,2199900,4999700,218
2026-08-26T02:31:16Z,240912,14535000,14535000,552
2026-08-26T02:31:16Z,240913,4008800,11990000,236
2026-08-26T02:31:16Z,240914,14899900,15230000,1255
2026-08-26T02:31:16Z,240915,8500000,11990000,249
2026-08-26T02:31:16Z,240916,14869100,15599700,1484
2026-08-26T02:31:16Z,240917,9750000,9750000,257
2026-08-26T02:31:16Z,240918,14703300,14703300,1814
2026-08-26T02:31:16Z,240966,22009400,22009400,235
2026-08-26T02:31:16Z,240967,22875800,22995200,1523
2026-08-26T02:31:16Z,240968,15004900,16334900,60
2026-08-26T02:31:16Z,240969,22770500,22770600,392
2026-08-26T02:31:16Z,240970,14478500,14478600,155
2026-08-26T02:31:16Z,240971,15990000,15990000,754
2026-08-26T02:31:16Z,240972,615700,618800,12459
2026-08-26T02:31:16Z,240973,1545000,1580000,2743
2026-08-26T02:31:16Z,240974,4149900,4290000,5304
2026-08-26T02:31:16Z,240975,9805400,9999900,17625
2026-08-26T02:31:16Z,240982,20009300,20009400,415
2026-08-26T02:31:16Z,240983,21999800,22969900,5729
2026-08-26T02:31:16Z,240990,2120000,2459700,65019
2026-08-26T02:31:16Z,240991,29900,31000,188092
2026-08-26T02:31:16Z,241141,7500,7500,1956
2026-08-26T02:31:16Z,241142,5559900,5559900,409
2026-08-26T02:31:16Z,241143,6989900,6990000,537
2026-08-26T02:31:16Z,241144,6990000,6990000,1781
2026-08-26T02:31:16Z,241145,35000,199900,5222
2026-08-26T02:31:16Z,241147,189500,189700,2280
2026-08-26T02:31:16Z,241148,233000,234700,1069
2026-08-26T02:31:16Z,241149,4004800,4364800,169
2026-08-26T02:31:16Z,241151,1268400,1350000,1086
2026-08-26T02:31:16Z,241280,599900,619800,10762
2026-08-26T02:31:16Z,241281,349800,599900,5778
2026-08-26T02:31:16Z,241282,2168900,2679500,16909
2026-08-26T02:31:16Z,241283,913000,922200,12431
2026-08-26T02:31:16Z,241286,625200,1155600,1213
2026-08-26T02:31:16Z,241287,29400,53400,2062
2026-08-26T02:31:16Z,241288,1129900,1198500,157791
2026-08-26T02:31:16Z,241289,253800,254400,278196
2026-08-26T02:31:16Z,241292,1105200,1228200,5350
2026-08-26T02:31:16Z,241293,69900,79900,11599
2026-08-26T02:31:16Z,241294,2514500,2514500,2691
2026-08-26T02:31:16Z,241295,22000,30000,4505
2026-08-26T02:31:16Z,241296,509800,509900,982
2026-08-26T02:31:16Z,241297,26000,27800,2382
2026-08-26T02:31:16Z,241298,800000,1104900,4177
2026-08-26T02:31:16Z,241299,129800,134300,6091
2026-08-26T02:31:16Z,241300,1400000,2959900,12578
2026-08-26T02:31:16Z,241301,45500,48500,31083
2026-08-26T02:31:16Z,241302,798700,2518700,7056
2026-08-26T02:31:16Z,241303,30000,30000,4894
2026-08-26T02:31:16Z,241304,900000,1247000,46752
2026-08-26T02:31:16Z,241305,48000,50000,211865
2026-08-26T02:31:16Z,241306,362200,389800,2564
2026-08-26T02:31:16Z,241307,34300,44900,20817
2026-08-26T02:31:16Z,241308,1500000,1755300,288254
2026-08-26T02:31:16Z,241309,229800,299900,746165
2026-08-26T02:31:16Z,241310,1990000,1990000,2638
2026-08-26T02:31:16Z,241311,230000,281100,9431
2026-08-26T02:31:16Z,241312,999900,999900,7836
2026-08-26T02:31:16Z,241313,62200,62200,7773
2026-08-26T02:31:16Z,241316,2198600,2198600,3060
2026-08-26T02:31:16Z,241317,220000,244000,11234
2026-08-26T02:31:16Z,241320,4526700,4689900,8549
2026-08-26T02:31:16Z,241321,1858900,1859500,7657
2026-08-26T02:31:16Z,241322,4300000,4595600,39271
2026-08-26T02:31:16Z,241323,1600000,1620000,48774
2026-08-26T02:31:16Z,241324,5398800,5584800,27994
2026-08-26T02:31:16Z,241325,2289900,2378500,40424
2026-08-26T02:31:16Z,241326,5340000,5750000,37387
2026-08-26T02:31:16Z,241327,2499700,2950000,35683
2026-08-26T02:31:16Z,241334,650000,698900,14698
2026-08-26T02:31:16Z,241338,84500,84500,236
2026-08-26T02:31:16Z,241339,24300,26400,19446
2026-08-26T02:31:16Z,242272,5900000,5900000,2653
2026-08-26T02:31:16Z,242273,7990000,8446900,3891
2026-08-26T02:31:16Z,242274,287500,290000,47027
2026-08-26T02:31:16Z,242275,341900,364900,403648
2026-08-26T02:31:16Z,242276,199500,199500,3768
2026-08-26T02:31:16Z,242277,902900,1012900,4224
2026-08-26T02:31:16Z,242278,652000,652000,2339
2026-08-26T02:31:16Z,242280,204300,204300,6393
2026-08-26T02:31:16Z,242281,299800,342900,9526
2026-08-26T02:31:16Z,242282,280000,323600,3329
2026-08-26T02:31:16Z,242283,85800,86000,4497
2026-08-26T02:31:16Z,242284,39400,39600,41215
2026-08-26T02:31:16Z,242285,169800,169800,4447
2026-08-26T02:31:16Z,242286,57700,58700,59459
2026-08-26T02:31:16Z,242287,143300,149900,8479
2026-08-26T02:31:16Z,242288,52100,52100,11435
2026-08-26T02:31:16Z,242289,14500,14800,10603
2026-08-26T02:31:16Z,242290,35000,35000,1652
2026-08-26T02:31:16Z,242291,288000,288000,1616
2026-08-26T02:31:16Z,242292,37000,37000,4928
2026-08-26T02:31:16Z,242293,59200,59800,3706
2026-08-26T02:31:16Z,242294,25500,28800,837
2026-08-26T02:31:16Z,242295,34900,50000,1244
2026-08-26T02:31:16Z,242296,49800,98900,8481
2026-08-26T02:31:16Z,242297,29500,29800,29417
2026-08-26T02:31:16Z,242298,206000,206400,18131
2026-08-26T02:31:16Z,242299,9600,18400,131555
2026-08-26T02:31:16Z,242300,80000,109500,8420
2026-08-26T02:31:16Z,242301,180000,590000,10047
2026-08-26T02:31:16Z,242302,11700,11800,26048
2026-08-26T02:31:16Z,242303,15900,15900,3594
2026-08-26T02:31:16Z,242304,2300,2800,67001
2026-08-26T02:31:16Z,242305,3800,3800,1419
2026-08-26T02:31:16Z,242306,20000,30100,16284
2026-08-26T02:31:16Z,242307,11900,21900,3202
2026-08-26T02:31:16Z,242308,9400,100000,10135
2026-08-26T02:31:16Z,242309,10000,20000,480
2026-08-26T02:31:16Z,242553,456800,468200,11299
2026-08-26T02:31:16Z,242554,449900,458000,17444
2026-08-26T02:31:16Z,242606,430000,448800,19235
2026-08-26T02:31:16Z,242607,440000,448500,14944
2026-08-26T02:31:16Z,242608,487200,488900,11395
2026-08-26T02:31:16Z,242610,651700,661800,18506
2026-08-26T02:31:16Z,242611,579300,584800,14805
2026-08-26T02:31:16Z,242612,589400,593300,13573
2026-08-26T02:31:16Z,242613,520000,530000,11152
2026-08-26T02:31:16Z,242620,580000,589900,55737
2026-08-26T02:31:16Z,242621,2007600,2068700,49865
2026-08-26T02:31:16Z,242639,40000,44800,1343033
2026-08-26T02:31:16Z,242640,46500,47900,723705
2026-08-26T02:31:16Z,242641,2200,2200,267082
2026-08-26T02:31:16Z,242642,800,800,71260
2026-08-26T02:31:16Z,242643,1600,1900,185068
2026-08-26T02:31:16Z,242644,700,700,384677
2026-08-26T02:31:16Z,242645,2500,3200,106331
2026-08-26T02:31:16Z,242646,1000,1000,31127
2026-08-26T02:31:16Z,242647,1800,1900,77700
2026-08-26T02:31:16Z,242712,1839000,1851900,15942
2026-08-26T02:31:16Z,242720,1646800,1647200,6758
2026-08-26T02:31:16Z,242721,1609900,1630000,4717
2026-08-26T02:31:16Z,242722,1600000,1600000,6987
2026-08-26T02:31:16Z,242723,1639500,1642400,4159
2026-08-26T02:31:16Z,242724,1600000,1630000,13204
2026-08-26T02:31:16Z,242725,1889700,1889700,11137
2026-08-26T02:31:16Z,242726,1640100,1649800,8130
2026-08-26T02:31:16Z,242727,1680000,1934900,12887
2026-08-26T02:31:16Z,242786,739100,780000,30230
2026-08-26T02:31:16Z,242787,70000,71500,115107
2026-08-26T02:31:16Z,242788,20000,20800,105401
2026-08-26T02:31:16Z,242789,21000,24000,108789
2026-08-26T02:31:16Z,243060,3800,14500,522803
2026-08-26T02:31:16Z,243197,990006100,990006100,1
2026-08-26T02:31:16Z,243199,2500000900,2500000900,1
2026-08-26T02:31:16Z,243200,49008000,49008000,19
2026-08-26T02:31:16Z,243206,1500008700,1500008700,1
2026-08-26T02:31:16Z,243207,9500008000,9500008000,1
2026-08-26T02:31:16Z,243208,290009400,290009400,1
2026-08-26T02:31:16Z,243209,990008700,990008700,1
2026-08-26T02:31:16Z,243210,990008600,990008600,1
2026-08-26T02:31:16Z,243211,990007800,990007800,1
2026-08-26T02:31:16Z,243215,990008200,990008200,1
2026-08-26T02:31:16Z,243216,49008000,49008000,14
2026-08-26T02:31:16Z,243222,49007900,49007900,17
2026-08-26T02:31:16Z,243223,290000000,290000000,1
2026-08-26T02:31:16Z,243224,49008500,49008500,20
2026-08-26T02:31:16Z,243225,49008400,49008400,20
2026-08-26T02:31:16Z,243226,9500000100,9500000100,1
2026-08-26T02:31:16Z,243227,290008900,290008900,1
2026-08-26T02:31:16Z,243228,290007400,290007400,1
2026-08-26T02:31:16Z,243574,590000,640000,9927
2026-08-26T02:31:16Z,243575,900000,900000,1675
2026-08-26T02:31:16Z,243576,609800,688100,23797
2026-08-26T02:31:16Z,243577,2850000,2879800,1158
2026-08-26T02:31:16Z,243578,39900,40900,37278
2026-08-26T02:31:16Z,243579,51400,70000,18333
2026-08-26T02:31:16Z,243581,27400,29600,89466
2026-08-26T02:31:16Z,243582,39600,49400,91286
2026-08-26T02:31:16Z,243599,9200,10000,211210
2026-08-26T02:31:16Z,243600,30800,30800,450501
2026-08-26T02:31:16Z,243602,22100,22900,282106
2026-08-26T02:31:16Z,243603,60000,80600,248028
2026-08-26T02:31:16Z,243605,1484900,1652100,23727
2026-08-26T02:31:16Z,243606,5046200,5488900,11322
2026-08-26T02:31:16Z,243733,23900,29800,102017
2026-08-26T02:31:16Z,243734,318800,328900,178447
2026-08-26T02:31:16Z,243735,171900,998900,3420
2026-08-26T02:31:16Z,243736,2990000,3009900,1877
2026-08-26T02:31:16Z,243737,779900,4399900,520
2026-08-26T02:31:16Z,243738,1448500,1448500,434
2026-08-26T02:31:16Z,243773,141700,990000,247
2026-08-26T02:31:16Z,243774,1400,1700,347
2026-08-26T02:31:16Z,243775,500,5700,336
2026-08-26T02:31:16Z,243776,17000,26300,590
2026-08-26T02:31:16Z,243777,2500,2500,527
2026-08-26T02:31:16Z,243778,12100,12100,796
2026-08-26T02:31:16Z,243779,8500,8500,358
2026-08-26T02:31:16Z,243780,18200,18200,382
2026-08-26T02:31:16Z,243781,74900,75000,515
2026-08-26T02:31:16Z,243782,8700,8700,378
2026-08-26T02:31:16Z,243783,20000,990000,352
2026-08-26T02:31:16Z,243784,8900,9300,328
2026-08-26T02:31:16Z,243785,9700,9700,379
2026-08-26T02:31:16Z,243786,88300,88400,420
2026-08-26T02:31:16Z,243787,12500,15300,529
2026-08-26T02:31:16Z,243788,11400,11700,434
2026-08-26T02:31:16Z,243789,8000,8000,440
2026-08-26T02:31:16Z,243790,25900,30000,259
2026-08-26T02:31:16Z,243791,19600,22100,321
2026-08-26T02:31:16Z,243792,50000,131800,503
2026-08-26T02:31:16Z,243793,9800,989000,283
2026-08-26T02:31:16Z,243794,7100,21400,824
2026-08-26T02:31:16Z,243795,600,600,377
2026-08-26T02:31:16Z,243796,30000,30000,786
2026-08-26T02:31:16Z,243797,807800,807800,4071
2026-08-26T02:31:16Z,243798,169200,169200,1074
2026-08-26T02:31:16Z,243799,229500,229500,1769
2026-08-26T02:31:16Z,243800,404700,404700,482
2026-08-26T02:31:16Z,243801,323900,323900,994
2026-08-26T02:31:16Z,243802,209700,209700,1290
2026-08-26T02:31:16Z,243803,411600,411600,642
2026-08-26T02:31:16Z,243804,134300,134400,809
2026-08-26T02:31:16Z,243805,418600,418600,3409
2026-08-26T02:31:16Z,243806,155900,155900,474
2026-08-26T02:31:16Z,243807,199800,199800,2077
2026-08-26T02:31:16Z,243808,149600,149600,1874
2026-08-26T02:31:16Z,243809,479700,479800,1298
2026-08-26T02:31:16Z,243810,269600,269600,5916
2026-08-26T02:31:16Z,243811,114600,114600,526
2026-08-26T02:31:16Z,243812,282100,282100,2563
2026-08-26T02:31:16Z,243813,499800,499800,1991
2026-08-26T02:31:16Z,243814,498200,498200,1165
2026-08-26T02:31:16Z,243815,499800,499800,1413
2026-08-26T02:31:16Z,243816,485900,486000,2042
2026-08-26T02:31:16Z,243817,423100,423100,3413
2026-08-26T02:31:16Z,243818,399700,399800,1659
2026-08-26T02:31:16Z,243819,99900,99900,580
2026-08-26T02:31:16Z,243820,494900,494900,1924
2026-08-26T02:31:16Z,243821,114146300,114146300,14
2026-08-26T02:31:16Z,243822,2500000,3990000,33
2026-08-26T02:31:16Z,243823,5991000,5991000,80
2026-08-26T02:31:16Z,243844,290000100,290000100,2
2026-08-26T02:31:16Z,243845,290000100,290000100,2
2026-08-26T02:31:16Z,243946,29955000,29958800,295
2026-08-26T02:31:16Z,243947,32498800,34557900,954
2026-08-26T02:31:16Z,243948,200000,200000,464
2026-08-26T02:31:16Z,243949,310100,315500,833
2026-08-26T02:31:16Z,243950,28420100,29983100,85
2026-08-26T02:31:16Z,243951,32943800,32946100,1638
2026-08-26T02:31:16Z,243952,25502200,26750000,101
2026-08-26T02:31:16Z,243953,29223300,29918700,2582
2026-08-26T02:31:16Z,243954,2000,4000,28385
2026-08-26T02:31:16Z,243955,60400,516000,4951
2026-08-26T02:31:16Z,243956,27700000,27725500,117
2026-08-26T02:31:16Z,243957,28993900,29358800,8225
2026-08-26T02:31:16Z,243958,21999900,21999900,127
2026-08-26T02:31:16Z,243959,27987500,29258900,1782
2026-08-26T02:31:16Z,243960,150000,159300,366
2026-08-26T02:31:16Z,243961,274000,274400,2046
2026-08-26T02:31:16Z,243962,6429100,6494000,96
2026-08-26T02:31:16Z,243963,10643000,10643000,992
2026-08-26T02:31:16Z,243964,1999900,1999900,47
2026-08-26T02:31:16Z,243965,10990100,11109900,123
2026-08-26T02:31:16Z,243966,1100000,1100000,80
2026-08-26T02:31:16Z,243967,7908300,11501700,667
2026-08-26T02:31:16Z,243968,44750000,44750000,190
2026-08-26T02:31:16Z,243969,34999900,34999900,206
2026-08-26T02:31:16Z,243970,43004300,59989900,60
2026-08-26T02:31:16Z,243971,52002000,60399100,1024
2026-08-26T02:31:16Z,243972,42900000,49000000,119
2026-08-26T02:31:16Z,243973,56795000,58975100,2266
2026-08-26T02:31:16Z,243974,29998300,29998300,82
2026-08-26T02:31:16Z,243975,30950000,39879900,240
2026-08-26T02:31:16Z,243976,60507500,64997800,59
2026-08-26T02:31:16Z,243977,69429800,69885600,8758
2026-08-26T02:31:16Z,243978,53800,53900,1553
2026-08-26T02:31:16Z,243979,331000,331000,969
2026-08-26T02:31:16Z,243980,21349100,25499800,83
2026-08-26T02:31:16Z,243981,31281200,32376400,4496
2026-08-26T02:31:16Z,243982,30009300,30009300,122
2026-08-26T02:31:16Z,243983,35793800,35793800,1150
2026-08-26T02:31:16Z,243984,2500,2500,6311
2026-08-26T02:31:16Z,243985,60500,498000,4678
2026-08-26T02:31:16Z,243986,24990000,24990000,72
2026-08-26T02:31:16Z,243987,27997400,28486400,538
2026-08-26T02:31:16Z,243988,484500,484500,69
2026-08-26T02:31:16Z,243989,265500,480000,769
2026-08-26T02:31:16Z,243990,25006600,25006600,108
2026-08-26T02:31:16Z,243991,33007400,33852000,1227
2026-08-26T02:31:16Z,243992,490000,490000,62
2026-08-26T02:31:16Z,243993,6624200,9186800,1654
2026-08-26T02:31:16Z,243994,4029500,15008600,96
2026-08-26T02:31:16Z,243995,12000000,12000000,818
2026-08-26T02:31:16Z,243996,42000000,44500000,59
2026-08-26T02:31:16Z,243997,49880000,49880000,84
2026-08-26T02:31:16Z,243998,1960000,1960000,2271
2026-08-26T02:31:16Z,243999,24000000,24000000,363
2026-08-26T02:31:16Z,244000,24009400,39009400,25
2026-08-26T02:31:16Z,244001,45000000,48000000,84
2026-08-26T02:31:16Z,244002,30008300,30008300,67
2026-08-26T02:31:16Z,244003,32005200,34005600,830
2026-08-26T02:31:16Z,244004,77500,79500,949
2026-08-26T02:31:16Z,244005,362500,362600,940
2026-08-26T02:31:16Z,244006,29989600,34996700,81
2026-08-26T02:31:16Z,244007,34530800,37275800,884
2026-08-26T02:31:16Z,244008,28004700,28004700,88
2026-08-26T02:31:16Z,244009,30040900,30930300,627
2026-08-26T02:31:16Z,244010,8000,9900,6454
2026-08-26T02:31:16Z,244011,68400,82700,8731
2026-08-26T02:31:16Z,244012,1700,1800,1113
2026-08-26T02:31:16Z,244013,60400,60500,2140
2026-08-26T02:31:16Z,244014,20008500,26588700,285
2026-08-26T02:31:16Z,244015,28005300,29445600,3177
2026-08-26T02:31:16Z,244016,22670300,24489900,59
2026-08-26T02:31:16Z,244017,28490100,29496600,216
2026-08-26T02:31:16Z,244018,53800,54100,658
2026-08-26T02:31:16Z,244019,329400,329400,1392
2026-08-26T02:31:16Z,244020,1239900,2389300,274
2026-08-26T02:31:16Z,244021,8990000,8999200,1738
2026-08-26T02:31:16Z,244022,900400,900400,113
2026-08-26T02:31:16Z,244023,5991700,7442000,114
2026-08-26T02:31:16Z,244024,4600000,4800000,221
2026-08-26T02:31:16Z,244025,13233500,13233500,87
2026-08-26T02:31:16Z,244026,47082600,47082600,39
2026-08-26T02:31:16Z,244027,33320000,87989800,107
2026-08-26T02:31:16Z,244028,52999900,56980000,123
2026-08-26T02:31:16Z,244029,57999700,61752300,6650
2026-08-26T02:31:16Z,244030,39980000,40000000,56
2026-08-26T02:31:16Z,244031,54022800,60480400,2299
2026-08-26T02:31:16Z,244032,5000,5000,907
2026-08-26T02:31:16Z,244033,199600,199600,294
2026-08-26T02:31:16Z,244034,6600,55600,101
2026-08-26T02:31:16Z,244035,215000,215000,157
2026-08-26T02:31:16Z,244036,27600,29300,617
2026-08-26T02:31:16Z,244037,598600,598600,414
2026-08-26T02:31:16Z,244038,290000100,290000100,2
2026-08-26T02:31:16Z,244039,290000100,290000100,3
2026-08-26T02:31:16Z,244040,290000100,290000100,1
2026-08-26T02:31:16Z,244041,250000100,250000100,3
2026-08-26T02:31:16Z,244056,30000,34700,128
2026-08-26T02:31:16Z,244057,499800,499800,3204
2026-08-26T02:31:16Z,244147,759900,195020000,12
2026-08-26T02:31:16Z,244148,130000,130000,30
2026-08-26T02:31:16Z,244149,300000,300000,63
2026-08-26T02:31:16Z,244355,9909500,9909500,93
2026-08-26T02:31:16Z,244357,879600,879600,32
2026-08-26T02:31:16Z,244358,11400,11400,39
2026-08-26T02:31:16Z,244359,18700,18700,42
2026-08-26T02:31:16Z,244360,24900,24900,43
2026-08-26T02:31:16Z,244361,20200,20200,41
2026-08-26T02:31:16Z,244603,256000,306600,1713
2026-08-26T02:31:16Z,244604,331000,331000,1165
2026-08-26T02:31:16Z,244607,220000,220000,581
2026-08-26T02:31:16Z,244608,809000,809000,282
2026-08-26T02:31:16Z,244631,60000,69800,28162
2026-08-26T02:31:16Z,244632,117900,249400,18516
2026-08-26T02:31:16Z,244633,25750000,25750000,464
2026-08-26T02:31:16Z,244634,23551600,25227800,3477
2026-08-26T02:31:16Z,244635,1582700,1582900,4985
2026-08-26T02:31:16Z,244636,1499500,1598400,21730
2026-08-26T02:31:16Z,244637,96600,96900,29605
2026-08-26T02:31:16Z,244638,105300,133700,78742
2026-08-26T02:31:16Z,244639,1389700,2316700,33881
2026-08-26T02:31:16Z,244640,39698400,43004400,331
2026-08-26T02:31:16Z,244641,37590000,38590000,1900
2026-08-26T02:31:16Z,244642,37000000,37000000,114
2026-08-26T02:31:16Z,244643,41610300,41610300,916
2026-08-26T02:31:16Z,244644,293800,293800,93
2026-08-26T02:31:16Z,244645,1519000,1550000,3508
2026-08-26T02:31:16Z,244674,415400,417500,697
2026-08-26T02:31:16Z,244675,749900,749900,4351
2026-08-26T02:31:16Z,244697,80000,86400,335
2026-08-26T02:31:16Z,244698,1399900,1462200,307
2026-08-26T02:31:16Z,244699,80000,86500,411
2026-08-26T02:31:16Z,244700,3506500,3506500,290
2026-08-26T02:31:16Z,244701,650000,650000,887
2026-08-26T02:31:16Z,244702,3000300,3000300,361
2026-08-26T02:31:16Z,244703,140000,150000,706
2026-08-26T02:31:16Z,244704,2228600,2228800,689
2026-08-26T02:31:16Z,244835,89100,89100,324
2026-08-26T02:31:16Z,244838,210000,210000,3845
2026-08-26T02:31:16Z,244839,101500,102000,2608
2026-08-26T02:31:16Z,244854,64000,64000,263
2026-08-26T02:31:16Z,245566,78900,79400,29
2026-08-26T02:31:16Z,245591,49002600,49002600,18
2026-08-26T02:31:16Z,245592,19900400,19900400,40
2026-08-26T02:31:16Z,245593,290000800,290000800,1
2026-08-26T02:31:16Z,245594,19900100,19900100,40
2026-08-26T02:31:16Z,245595,49009400,49009400,20
2026-08-26T02:31:16Z,245596,49002600,49002600,20
2026-08-26T02:31:16Z,245597,49001500,49001500,15
2026-08-26T02:31:16Z,245598,290002400,290002400,1
2026-08-26T02:31:16Z,245599,290005800,290005800,1
2026-08-26T02:31:16Z,245606,19908800,19908800,36
2026-08-26T02:31:16Z,245607,15004200,19904200,43
2026-08-26T02:31:16Z,245608,19900400,19900400,40
2026-08-26T02:31:16Z,245609,49002600,49002600,21
2026-08-26T02:31:16Z,245764,860000,1640000,8338
2026-08-26T02:31:16Z,245765,3403000,3409500,31256
2026-08-26T02:31:16Z,245766,198500,260100,28890
2026-08-26T02:31:16Z,245767,899900,1120000,27372
2026-08-26T02:31:16Z,245781,857200,857200,532
2026-08-26T02:31:16Z,245782,2663600,2673700,3754
2026-08-26T02:31:16Z,245783,620000,620400,472
2026-08-26T02:31:16Z,245784,2753600,3303100,8252
2026-08-26T02:31:16Z,245785,500000,600000,450
2026-08-26T02:31:16Z,245786,2761100,2899000,11577
2026-08-26T02:31:16Z,245787,1054800,1178100,1006
2026-08-26T02:31:16Z,245788,2899900,2960000,2950
2026-08-26T02:31:16Z,245789,309900,450000,718
2026-08-26T02:31:16Z,245790,2839500,2839900,6624
2026-08-26T02:31:16Z,245791,613800,613800,319
2026-08-26T02:31:16Z,245792,2108800,2895000,3158
2026-08-26T02:31:16Z,245794,979900,999900,325
2026-08-26T02:31:16Z,245795,108500,108500,158
2026-08-26T02:31:16Z,245796,1069700,1069700,232
2026-08-26T02:31:16Z,245797,108500,108500,195
2026-08-26T02:31:16Z,245798,700000,700000,247
2026-08-26T02:31:16Z,245799,110000,110000,222
2026-08-26T02:31:16Z,245800,302200,749800,343
2026-08-26T02:31:16Z,245801,141900,149300,38495
2026-08-26T02:31:16Z,245802,995000,1293800,15704
2026-08-26T02:31:16Z,245803,219000,219000,31454
2026-08-26T02:31:16Z,245804,394000,655900,12426
2026-08-26T02:31:16Z,245805,440200,506200,23641
2026-08-26T02:31:16Z,245806,1546000,1789300,7936
2026-08-26T02:31:16Z,245807,22000,22500,108859
2026-08-26T02:31:16Z,245808,21000,21000,100925
2026-08-26T02:31:16Z,245814,1344700,1344700,707
2026-08-26T02:31:16Z,245815,2219400,2219500,711
2026-08-26T02:31:16Z,245816,1779900,1779900,1346
2026-08-26T02:31:16Z,245817,3558400,3558400,1315
2026-08-26T02:31:16Z,245818,602700,602700,184
2026-08-26T02:31:16Z,245819,4597100,4597200,1462
2026-08-26T02:31:16Z,245820,392300,392300,480
2026-08-26T02:31:16Z,245821,507100,507200,109
2026-08-26T02:31:16Z,245822,1275800,1275900,1376
2026-08-26T02:31:16Z,245823,2682100,2682200,1352
2026-08-26T02:31:16Z,245824,380000,380000,653
2026-08-26T02:31:16Z,245825,809900,809900,280
2026-08-26T02:31:16Z,245826,591800,591800,839
2026-08-26T02:31:16Z,245827,1870400,1870400,1021
2026-08-26T02:31:16Z,245830,2960000,3504800,2243
2026-08-26T02:31:16Z,245831,98800,166500,1088
2026-08-26T02:31:16Z,245832,89500,132200,1224
2026-08-26T02:31:16Z,245833,99400,99900,824
2026-08-26T02:31:16Z,245834,91000,106900,953
2026-08-26T02:31:16Z,245835,132900,153000,1660
2026-08-26T02:31:16Z,245836,100000,100000,668
2026-08-26T02:31:16Z,245837,192400,199800,393
2026-08-26T02:31:16Z,245838,2299800,2499000,1181
2026-08-26T02:31:16Z,245839,62000,67500,609
2026-08-26T02:31:16Z,245840,89800,98000,1068
2026-08-26T02:31:16Z,245841,59900,99800,1286
2026-08-26T02:31:16Z,245842,49900,100000,967
2026-08-26T02:31:16Z,245843,75000,109900,774
2026-08-26T02:31:16Z,245844,49900,115000,1184
2026-08-26T02:31:16Z,245845,67800,109500,373
2026-08-26T02:31:16Z,245847,2299900,2300000,390
2026-08-26T02:31:16Z,245848,20000,93900,999
2026-08-26T02:31:16Z,245849,43000,99000,1038
2026-08-26T02:31:16Z,245850,100000,109100,848
2026-08-26T02:31:16Z,245851,90000,159900,674
2026-08-26T02:31:16Z,245852,91300,111700,1124
2026-08-26T02:31:16Z,245853,74900,120000,782
2026-08-26T02:31:16Z,245854,50000,110000,720
2026-08-26T02:31:16Z,245856,11125300,11125400,753
2026-08-26T02:31:16Z,245857,40400,63500,614
2026-08-26T02:31:16Z,245858,70000,98000,1228
2026-08-26T02:31:16Z,245859,59500,99800,1169
2026-08-26T02:31:16Z,245860,50000,101000,819
2026-08-26T02:31:16Z,245861,30000,49900,654
2026-08-26T02:31:16Z,245862,559400,600900,496
2026-08-26T02:31:16Z,245863,68500,109700,465
2026-08-26T02:31:16Z,245864,219900,220000,22539
2026-08-26T02:31:16Z,245865,30200,91500,39054
2026-08-26T02:31:16Z,245866,219900,230000,6811
2026-08-26T02:31:16Z,245867,12400,12400,32705
2026-08-26T02:31:16Z,245871,7673600,7830200,90
2026-08-26T02:31:16Z,245872,11559800,11559800,142
2026-08-26T02:31:16Z,245873,5000000,5000000,77
2026-08-26T02:31:16Z,245874,4691000,4691000,425
2026-08-26T02:31:16Z,245875,4881800,4881800,167
2026-08-26T02:31:16Z,245876,3992700,3992700,1671
2026-08-26T02:31:16Z,245877,2900800,2900800,95
2026-08-26T02:31:16Z,245878,8509800,8509800,218
2026-08-26T02:31:16Z,245879,2000000,2800000,2015
2026-08-26T02:31:16Z,245880,4650000,5546600,13122
2026-08-26T02:31:16Z,245881,1800,5300,187582
2026-08-26T02:31:16Z,245882,2800,3000,78778
2026-08-26T02:31:16Z,246063,290000100,290000100,1
2026-08-26T02:31:16Z,246376,10000,10000,73
2026-08-26T02:31:16Z,246383,140000,140000,743
2026-08-26T02:31:16Z,246447,187700,222600,206831
2026-08-26T02:31:16Z,246448,549700,626200,5694
2026-08-26T02:31:16Z,246449,2098200,2218600,18545
2026-08-26T02:31:16Z,246584,290002500,290002500,1
2026-08-26T02:31:16Z,247672,24700,24700,646
2026-08-26T02:31:16Z,247673,23000,23000,94
2026-08-26T02:31:16Z,247692,13900,13900,117
2026-08-26T02:31:16Z,247693,450100,450100,79
2026-08-26T02:31:16Z,247694,9909800,9909800,22
2026-08-26T02:31:16Z,247695,7432500,7432500,38
2026-08-26T02:31:16Z,247696,90000,90000,103
2026-08-26T02:31:16Z,247698,1210700,1210700,89
2026-08-26T02:31:16Z,247699,76000,76000,60
2026-08-26T02:31:16Z,247700,79800,79800,217
2026-08-26T02:31:16Z,248130,100000,100000,2277
2026-08-26T02:31:16Z,248132,8490000,8490000,749
2026-08-26T02:31:16Z,248133,1008200,1008200,304
2026-08-26T02:31:16Z,248135,5200,5200,668
2026-08-26T02:31:16Z,248136,174700,174700,91
2026-08-26T02:31:16Z,248137,450000,500000,925
2026-08-26T02:31:16Z,248138,150000,207000,261
2026-08-26T02:31:16Z,248331,10000,10000,208
2026-08-26T02:31:16Z,248409,359900,360000,12044
2026-08-26T02:31:16Z,248486,399900,400000,4107
2026-08-26T02:31:16Z,248585,10000,10000,78
2026-08-26T02:31:16Z,248586,200300,200300,87
2026-08-26T02:31:16Z,248592,228600,228600,238
2026-08-26T02:31:16Z,249218,282200,364000,1400
2026-08-26T02:31:16Z,249700,6489800,6489800,62
2026-08-26T02:31:16Z,249702,6499500,6499500,55
2026-08-26T02:31:16Z,249704,14089100,14089100,109
2026-08-26T02:31:16Z,249706,39997000,39997000,30
2026-08-26T02:31:16Z,249707,49985100,49985100,15
2026-08-26T02:31:16Z,249708,3500000,3500000,56
2026-08-26T02:31:16Z,250305,19909900,19909900,46
2026-08-26T02:31:16Z,250317,80800,49008400,23
2026-08-26T02:31:16Z,250856,708500,708500,48
2026-08-26T02:31:16Z,250857,700000,700000,32
2026-08-26T02:31:16Z,250858,5000000,5000000,8
2026-08-26T02:31:16Z,250859,1499900,1499900,13
2026-08-26T02:31:16Z,250860,199008900,199008900,1
2026-08-26T02:31:16Z,250861,199008900,199008900,1
2026-08-26T02:31:16Z,250862,199008900,199008900,1
2026-08-26T02:31:16Z,250864,199008900,199008900,1
2026-08-26T02:31:16Z,250865,708900,708900,30
2026-08-26T02:31:16Z,250866,199008900,199008900,1
2026-08-26T02:31:16Z,250867,199008900,199008900,1
2026-08-26T02:31:16Z,250871,199008900,199008900,1
2026-08-26T02:31:16Z,251283,1251000,1430000,28012
2026-08-26T02:31:16Z,251285,11309900,12069800,77470
2026-08-26T02:31:16Z,251487,455100,1009800,2101
2026-08-26T02:31:16Z,251488,5599700,5599700,622
2026-08-26T02:31:16Z,251489,700000,700000,266
2026-08-26T02:31:16Z,251490,7989900,7990000,1148
2026-08-26T02:31:16Z,251665,800,900,1943514
2026-08-26T02:31:16Z,251691,500,600,353831
2026-08-26T02:31:16Z,251923,180000,225900,31721
2026-08-26T02:31:16Z,253302,1900,2000,109978
2026-08-26T02:31:16Z,253303,2100,3400,175520
2026-08-26T02:31:16Z,253307,2699900,2790000,10187
2026-08-26T02:31:16Z,253403,12600,13700,2083612
2026-08-26T02:31:16Z,253622,4504700,4504700,4
2026-08-26T02:31:16Z,253623,290000000,290000000,1
2026-08-26T02:31:16Z,254874,39999900,39999900,165
2026-08-26T02:31:16Z,255843,22500,23200,292
2026-08-26T02:31:16Z,255844,22200,22200,209
2026-08-26T02:31:16Z,255845,7490000,7696700,3687
2026-08-26T02:31:16Z,255846,6509900,6999900,53085
2026-08-26T02:31:16Z,255847,374000,420000,182556
2026-08-26T02:31:16Z,255848,299800,299900,22459
2026-08-26T02:31:16Z,256559,1700,2000,328195
2026-08-26T02:31:16Z,257735,9800,9900,281
2026-08-26T02:31:16Z,257741,195200,195200,438
2026-08-26T02:31:16Z,257745,1670000,2258900,92
2026-08-26T02:31:16Z,257746,1684500,1684500,408
2026-08-26T02:31:16Z,257747,138600,138600,132
2026-08-26T02:31:16Z,257748,2199600,2200000,317
2026-08-26T02:31:16Z,257749,240000,249700,69
2026-08-26T02:31:16Z,257750,2495000,2499600,544
2026-08-26T02:31:16Z,257751,650000,650000,121
2026-08-26T02:31:16Z,257752,4737100,4737200,768
2026-08-26T02:31:16Z,259085,3796600,4086200,47515
2026-08-26T02:31:16Z,259894,1000,1000,28707
2026-08-26T02:31:16Z,260232,324500,324500,412
2026-08-26T02:31:16Z,260254,5000,5000,1194
2026-08-26T02:31:16Z,260255,5000,5000,1301
2026-08-26T02:31:16Z,260256,9500,9500,1324
2026-08-26T02:31:16Z,260257,4000,4000,1132
2026-08-26T02:31:16Z,260258,14400,14400,1408
2026-08-26T02:31:16Z,260259,21000,28900,4102
2026-08-26T02:31:16Z,260260,19900,19900,2030
2026-08-26T02:31:16Z,260261,7700,7700,2970
2026-08-26T02:31:16Z,260262,14900,14900,1747
2026-08-26T02:31:16Z,260263,12200,12200,946
2026-08-26T02:31:16Z,260264,22500,22500,3107
2026-08-26T02:31:16Z,260267,19000,19000,416
2026-08-26T02:31:16Z,260268,4400,4400,1585
2026-08-26T02:31:16Z,260269,9600,9600,1125
2026-08-26T02:31:16Z,260270,29800,29800,749
2026-08-26T02:31:16Z,260271,200000,200000,1263
2026-08-26T02:31:16Z,260272,9500,9500,1784
2026-08-26T02:31:16Z,260273,82000,82000,837
2026-08-26T02:31:16Z,260274,96000,96000,1323
2026-08-26T02:31:16Z,260275,89000,89000,1217
2026-08-26T02:31:16Z,260276,60100,70100,859
2026-08-26T02:31:16Z,260277,18300,18400,820
2026-08-26T02:31:16Z,260278,6500,6500,1242
2026-08-26T02:31:16Z,260279,69800,69800,1520
2026-08-26T02:31:16Z,260280,48200,48200,941
2026-08-26T02:31:16Z,260281,64900,64900,1125
2026-08-26T02:31:16Z,260282,68000,68000,1076
2026-08-26T02:31:16Z,260283,57500,57500,1553
2026-08-26T02:31:16Z,260284,21100,21100,1217
2026-08-26T02:31:16Z,260285,10000,10000,180
2026-08-26T02:31:16Z,260286,191000,191000,539
2026-08-26T02:31:16Z,260287,301000,301000,713
2026-08-26T02:31:16Z,260288,19700,19700,1143
2026-08-26T02:31:16Z,260289,25500,25500,1232
2026-08-26T02:31:16Z,260290,2300,4300,3910
2026-08-26T02:31:16Z,260291,190000,190000,1282
2026-08-26T02:31:16Z,260292,290000,290000,2390
2026-08-26T02:31:16Z,260293,39000,39000,1903
2026-08-26T02:31:16Z,260294,64500,64500,1488
2026-08-26T02:31:16Z,260295,100000,100000,1495
2026-08-26T02:31:16Z,260296,19900,19900,585
2026-08-26T02:31:16Z,260297,92900,92900,1168
2026-08-26T02:31:16Z,260298,20000,20000,1565
2026-08-26T02:31:16Z,260299,30100,30100,2828
2026-08-26T02:31:16Z,260309,6800,6800,725
2026-08-26T02:31:16Z,260428,9902000,9902000,100
2026-08-26T02:31:16Z,260429,199800000,199800000,10
2026-08-26T02:31:16Z,260588,9909900,9909900,49
2026-08-26T02:31:16Z,260589,290000200,290000200,1
2026-08-26T02:31:16Z,260604,18400,18400,142
2026-08-26T02:31:16Z,260605,20500,20500,64
2026-08-26T02:31:16Z,260606,18900,18900,266
2026-08-26T02:31:16Z,260608,216700,216700,166
2026-08-26T02:31:16Z,260611,19900,19900,24
2026-08-26T02:31:16Z,260613,6900,6900,160
2026-08-26T02:31:16Z,260614,7300,7300,1866
2026-08-26T02:31:16Z,260615,6400,6400,247
2026-08-26T02:31:16Z,260616,252600,252600,32
2026-08-26T02:31:16Z,260617,21700,21700,42
2026-08-26T02:31:16Z,260618,19700,19700,383
2026-08-26T02:31:16Z,260619,254000,254000,34
2026-08-26T02:31:16Z,260620,6400,6400,764
2026-08-26T02:31:16Z,260621,19200,19200,173
2026-08-26T02:31:16Z,260636,18800,18800,281
2026-08-26T02:31:16Z,260637,19200,19200,186
2026-08-26T02:31:16Z,260638,20600,20600,992
2026-08-26T02:31:16Z,260639,18700,18700,643
2026-08-26T02:31:16Z,260640,20400,20400,145
2026-08-26T02:31:16Z,260641,27700,27900,152
2026-08-26T02:31:16Z,260642,19200,19200,265
2026-08-26T02:31:16Z,260643,22000,22000,190
2026-08-26T02:31:16Z,260644,18700,18700,106
2026-08-26T02:31:16Z,260645,19700,19700,121
2026-08-26T02:31:16Z,260646,19300,19300,465
2026-08-26T02:31:16Z,260647,21200,21200,914
2026-08-26T02:31:16Z,260648,19100,19100,916
2026-08-26T02:31:16Z,260649,20600,20600,69
2026-08-26T02:31:16Z,260650,19600,19600,470
2026-08-26T02:31:16Z,260651,19600,19600,772
2026-08-26T02:31:16Z,260652,20900,20900,369
2026-08-26T02:31:16Z,260653,7200,7200,453
2026-08-26T02:31:16Z,260654,7400,7400,498
2026-08-26T02:31:16Z,260655,6200,6200,346
2026-08-26T02:31:16Z,260656,7000,7100,556
2026-08-26T02:31:16Z,260657,6400,6400,1966
2026-08-26T02:31:16Z,260658,7400,7400,171
2026-08-26T02:31:16Z,260659,7000,7000,4110
2026-08-26T02:31:16Z,260660,7100,7100,1124
2026-08-26T02:31:16Z,260661,6400,6400,1473
2026-08-26T02:31:16Z,260662,6800,6800,1013
2026-08-26T02:31:16Z,260663,6900,6900,70
2026-08-26T02:31:16Z,260664,6800,7000,1501
2026-08-26T02:31:16Z,260665,6800,6800,732
2026-08-26T02:31:16Z,260666,6400,6400,240
2026-08-26T02:31:16Z,260667,8100,8200,146
2026-08-26T02:31:16Z,260668,6100,6100,39
2026-08-26T02:31:16Z,260669,9000,9000,339
2026-08-26T02:31:16Z,260670,6100,6100,510
2026-08-26T02:31:16Z,260671,7400,7400,174
2026-08-26T02:31:16Z,260672,6800,6800,1077
2026-08-26T02:31:16Z,260673,6200,6200,153
2026-08-26T02:31:16Z,260674,500000,500000,3
2026-08-26T02:31:16Z,260675,229900,229900,49
2026-08-26T02:31:16Z,260676,257900,257900,30
2026-08-26T02:31:16Z,260677,238500,238500,239
2026-08-26T02:31:16Z,260678,241200,241200,88
2026-08-26T02:31:16Z,260679,218700,218700,18
2026-08-26T02:31:16Z,260680,218600,218600,16
2026-08-26T02:31:16Z,260681,244400,244900,35
2026-08-26T02:31:16Z,260683,257500,257500,61
2026-08-26T02:31:16Z,260684,255100,255100,131
2026-08-26T02:31:16Z,260685,261600,261600,91
2026-08-26T02:31:16Z,260686,262200,262200,92
2026-08-26T02:31:16Z,260687,233500,233500,293
2026-08-26T02:31:16Z,260688,249900,249900,30
2026-08-26T02:31:16Z,260689,253200,253200,158
2026-08-26T02:31:16Z,260690,218200,218200,29
2026-08-26T02:31:16Z,260691,243900,243900,22
2026-08-26T02:31:16Z,260692,230500,230500,84
2026-08-26T02:31:16Z,260693,234900,234900,91
2026-08-26T02:31:16Z,260694,250100,250100,33
2026-08-26T02:31:16Z,260695,235900,235900,30
2026-08-26T02:31:16Z,262562,15002000,19902000,39
2026-08-26T02:31:16Z,262563,15002000,19902000,41
2026-08-26T02:31:16Z,262564,19902000,19902000,40
2026-08-26T02:31:16Z,262565,1002000,19902000,36
2026-08-26T02:31:16Z,262650,39900,51000,4042
2026-08-26T02:31:16Z,262651,22000,39400,4252
2026-08-26T02:31:16Z,262792,104200,116000,18145
2026-08-26T02:31:16Z,262793,4585400,4585500,4257
2026-08-26T02:31:16Z,262794,93000000,93000000,116
2026-08-26T02:31:16Z,262795,540000000,540000000,31
2026-08-26T02:31:16Z,262796,1029999900,1033999900,47
2026-08-26T02:31:16Z,262797,32800,60000,12774
2026-08-26T02:31:16Z,262798,3690000,3692200,3893
2026-08-26T02:31:16Z,262799,93990700,95000000,65
2026-08-26T02:31:16Z,262800,540000000,540000000,15
2026-08-26T02:31:16Z,262880,19769900,19769900,68
2026-08-26T02:31:16Z,264973,709900,709900,441
2026-08-26T02:31:16Z,264981,139900,139900,1087
2026-08-26T02:31:16Z,264982,139900,139900,743
2026-08-26T02:31:16Z,264983,44500,44500,433
2026-08-26T02:31:16Z,264984,58700,58700,2086
2026-08-26T02:31:16Z,264985,19900,19900,1129
2026-08-26T02:31:16Z,264987,9900,9900,1228
2026-08-26T02:31:16Z,264989,19900,19900,635
2026-08-26T02:31:16Z,264990,88800,88800,394
2026-08-26T02:31:16Z,264991,229900,699900,577
2026-08-26T02:31:16Z,264992,691000,691000,534
2026-08-26T02:31:16Z,264993,691100,691100,844
2026-08-26T02:31:16Z,264994,706600,706600,477
2026-08-26T02:31:16Z,264995,509900,509900,326
2026-08-26T02:31:16Z,265040,290007600,290007600,1
2026-08-26T02:31:16Z,265041,149900,149900,30
2026-08-26T02:31:16Z,265043,290007600,290007600,1
2026-08-26T02:31:16Z,265044,990007600,990007600,2
2026-08-26T02:31:16Z,265048,290007600,290007600,1
2026-08-26T02:31:16Z,265049,290007600,290007600,1
2026-08-26T02:31:16Z,265050,290007600,290007600,1
2026-08-26T02:31:16Z,265051,599500,600000,30
2026-08-26T02:31:16Z,265052,290007600,290007600,1
2026-08-26T02:31:16Z,265053,290007600,290007600,1
2026-08-26T02:31:16Z,265054,15000,15000,25
2026-08-26T02:31:16Z,265055,9500007600,9500007600,1
2026-08-26T02:31:16Z,265664,189900,189900,594
2026-08-26T02:31:16Z,265665,99900,99900,562
2026-08-26T02:31:16Z,265666,700900,700900,452
2026-08-26T02:31:16Z,265667,29900,29900,397
2026-08-26T02:31:16Z,265668,19900,19900,282
2026-08-26T02:31:16Z,265669,505100,505100,380
2026-08-26T02:31:16Z,265800,190000,232700,18847
2026-08-26T02:31:16Z,265801,130000,130000,4081
2026-08-26T02:31:16Z,265803,25000000,26004400,1122
2026-08-26T02:31:16Z,265816,199600,199600,10
2026-08-26T02:31:16Z,265828,498000,498000,10
2026-08-26T02:31:16Z,266002,2500,4903000,1228
2026-08-26T02:31:16Z,266102,10500,450000,1152
2026-08-26T02:31:16Z,267379,89800,90000,107
2026-08-26T02:31:16Z,267486,230000,230000,182
2026-08-26T02:31:16Z,267615,107000,107000,149
2026-08-26T02:31:16Z,267617,99900,99900,115
2026-08-26T02:31:16Z,267618,9800,29800,74
2026-08-26T02:31:16Z,267619,90000,90000,203
2026-08-26T02:31:16Z,267623,4990000,4990000,650
2026-08-26T02:31:16Z,267624,10000,10000,211
2026-08-26T02:31:16Z,267625,2001800,2001800,243
2026-08-26T02:31:16Z,267626,233500,233500,319
2026-08-26T02:31:16Z,267627,338100,338100,178
2026-08-26T02:31:16Z,267628,6667900,6667900,63
2026-08-26T02:31:16Z,267650,1300700,9992100,23
2026-08-26T02:31:16Z,267652,309900,309900,47
2026-08-26T02:31:16Z,268025,90000,90000,116
2026-08-26T02:31:16Z,268053,204900,204900,90
2026-08-26T02:31:16Z,268068,435800,435800,480
2026-08-26T02:31:16Z,268085,9907900,9907900,137
2026-08-26T02:31:16Z,268110,20000,20000,134
2026-08-26T02:31:16Z,268111,1990000,1990000,140
2026-08-26T02:31:16Z,268112,408600,992200,72
2026-08-26T02:31:16Z,268115,90000,100000,312
2026-08-26T02:31:16Z,268116,100000,100000,588
2026-08-26T02:31:16Z,268954,24900,25500,5857
2026-08-26T02:31:16Z,268955,7500000,7500000,1293
2026-08-26T02:31:16Z,269586,1550000,1599900,6045
2026-08-26T02:31:16Z,270898,2500000,4009800,1086
2026-08-26T02:31:16Z,270899,4375000,4405500,390
2026-08-26T02:31:16Z,271717,5692500,5692500,23
2026-08-26T02:31:16Z,271883,229800,311000,300707
2026-08-26T02:31:16Z,271884,2509100,2541000,53310
2026-08-26T02:31:16Z,271886,179600,179600,38464
2026-08-26T02:31:16Z,271887,3989900,3989900,7665
2026-08-26T02:31:16Z,271889,104900,125000,13960
2026-08-26T02:31:16Z,271890,1507900,1507900,2918
2026-08-26T02:31:16Z,272046,7100,7300,57
2026-08-26T02:31:16Z,272047,7300,7500,48
2026-08-26T02:31:16Z,272048,151100,7000000,48
2026-08-26T02:31:16Z,272049,5100,5100,49
2026-08-26T02:31:16Z,272051,6300,6500,89
2026-08-26T02:31:16Z,272052,9400,9400,131
2026-08-26T02:31:16Z,272109,5100,5100,56
2026-08-26T02:31:16Z,272110,6800,6900,61
2026-08-26T02:31:16Z,272111,18100,18300,47
2026-08-26T02:31:16Z,272112,19600,19600,55
2026-08-26T02:31:16Z,272113,129400,129500,44
2026-08-26T02:31:16Z,272114,9700,9700,24
2026-08-26T02:31:16Z,272115,13600,13600,80
2026-08-26T02:31:16Z,272116,5100,5100,54
2026-08-26T02:31:16Z,272117,7300,7500,50
2026-08-26T02:31:16Z,272118,9700,19909700,43
2026-08-26T02:31:16Z,272119,7500,10000,62
2026-08-26T02:31:16Z,272120,17100,17100,30
2026-08-26T02:31:16Z,272194,11879900,13000000,811
2026-08-26T02:31:16Z,272195,15509600,18999700,11502
2026-08-26T02:31:16Z,272892,9300,9300,45
2026-08-26T02:31:16Z,272893,2890000,3000000,31
2026-08-26T02:31:16Z,272894,9300,9400,54
2026-08-26T02:31:16Z,273013,1470100,19999900,29
2026-08-26T02:31:16Z,273014,5100,5300,59
2026-08-26T02:31:16Z,273059,2285500,2290000,657
2026-08-26T02:31:16Z,273060,4660200,4660400,10496
2026-08-26T02:31:16Z,273068,1609600,2009900,1724
2026-08-26T02:31:16Z,273069,4899900,4899900,1876
2026-08-26T02:31:16Z,273071,67006900,68696900,98
2026-08-26T02:31:16Z,273072,69501100,69899900,1270
2026-08-26T02:31:16Z,274464,131200,235500,16864
2026-08-26T02:31:16Z,274468,110000,140000,25468
2026-08-26T02:31:16Z,274469,182200,276500,5485
2026-08-26T02:31:16Z,274470,48700,50000,182691
2026-08-26T02:31:16Z,274471,141800,141800,12876
2026-08-26T02:31:16Z,274472,48800,64000,239296
2026-08-26T02:31:16Z,274473,202700,203900,12793
2026-08-26T02:31:16Z,274474,319900,319900,11233
2026-08-26T02:31:16Z,274475,158000,159700,16295
2026-08-26T02:31:16Z,274587,15000,34500,81215
2026-08-26T02:31:16Z,274588,116400,184900,74760
2026-08-26T02:31:16Z,274589,1000000,1050000,15154
2026-08-26T02:31:16Z,274590,24400,27700,204926
2026-08-26T02:31:16Z,274591,686000,700000,16871
2026-08-26T02:31:16Z,274592,37900,40000,169011
2026-08-26T02:31:16Z,274593,10000,38500,91651
2026-08-26T02:31:16Z,274594,100100,118800,45830
2026-08-26T02:31:16Z,274595,2862200,2950000,2508
2026-08-26T02:31:16Z,274596,163100,176800,38493
2026-08-26T02:31:16Z,274597,483500,579800,14226
2026-08-26T02:31:16Z,274772,100,100,645
2026-08-26T02:31:16Z,274774,89000,144500,208
2026-08-26T02:31:16Z,274775,50000,55000,275
2026-08-26T02:31:16Z,274777,83200,92800,105761
2026-08-26T02:31:16Z,274781,309900,326000,139760
2026-08-26T02:31:16Z,274793,133000,133000,209
2026-08-26T02:31:16Z,274794,38000,38000,53
2026-08-26T02:31:16Z,274951,2900,6400,1890
2026-08-26T02:31:16Z,274953,18700,18700,885
2026-08-26T02:31:16Z,274954,230500,230500,186
2026-08-26T02:31:16Z,275013,6005300,6005300,106
2026-08-26T02:31:16Z,275258,619700,649700,33072
2026-08-26T02:31:16Z,275260,549900,582900,16379
2026-08-26T02:31:16Z,275261,1317800,1407800,3584
2026-08-26T02:31:16Z,275264,9900000,9970000,2900
2026-08-26T02:31:16Z,275265,10990000,11000000,3109
2026-08-26T02:31:16Z,275266,9970300,9980300,2793
2026-08-26T02:31:16Z,275280,80000,90000,4750
2026-08-26T02:31:16Z,275281,90000,100000,4990
2026-08-26T02:31:16Z,275282,80000,103300,7309
2026-08-26T02:31:16Z,275283,90000,105400,22202
2026-08-26T02:31:16Z,275284,83400,99000,6913
2026-08-26T02:31:16Z,275285,78900,115000,13522
2026-08-26T02:31:16Z,275286,90000,100000,1822
2026-08-26T02:31:16Z,275287,91000,129900,6919
2026-08-26T02:31:16Z,275288,86900,107900,5178
2026-08-26T02:31:16Z,275289,100000,102000,6745
2026-08-26T02:31:16Z,275380,228700,390000,30946
2026-08-26T02:31:16Z,275676,332400,332500,268
2026-08-26T02:31:16Z,275699,4000000,4000000,6
2026-08-26T02:31:16Z,276117,305400,333800,15801
2026-08-26T02:31:16Z,276124,169900,186400,13939
2026-08-26T02:31:16Z,276126,688800,730000,14109
2026-08-26T02:31:16Z,276343,57000,57000,24
2026-08-26T02:31:16Z,276344,10000,10000,37
2026-08-26T02:31:16Z,276345,897000,49006300,21
2026-08-26T02:31:16Z,276348,500000,49000000,23
2026-08-26T02:31:16Z,276349,309300,49007600,23
2026-08-26T02:31:16Z,276350,49002800,49002800,21
2026-08-26T02:31:16Z,276353,70000,90000,24
2026-08-26T02:31:16Z,276354,9500007600,9500007600,1
2026-08-26T02:31:16Z,276355,425900,439100,24
2026-08-26T02:31:16Z,276357,508600,2593300,24
2026-08-26T02:31:16Z,276358,250000,250000,36
2026-08-26T02:31:16Z,276359,80000,80000,27
2026-08-26T02:31:16Z,276360,977500,977500,26
2026-08-26T02:31:16Z,276361,707600,707600,21
2026-08-26T02:31:16Z,276362,5000000,5000000,28
2026-08-26T02:31:16Z,276374,438300,440500,371
2026-08-26T02:31:16Z,276375,154500,154500,4078
2026-08-26T02:31:16Z,277821,738800,738800,5122
2026-08-26T02:31:16Z,277968,130000,130000,417
2026-08-26T02:31:16Z,277969,3110300,3110300,1117
2026-08-26T02:31:16Z,279091,15000,105000,48673
2026-08-26T02:31:16Z,279093,19300,28000,66639
2026-08-26T02:31:16Z,279094,28800,70000,15945
2026-08-26T02:31:16Z,279100,4900,7900,93715
2026-08-26T02:31:16Z,279105,15000,20000,61595
2026-08-26T02:31:16Z,279106,14900,55900,27756
2026-08-26T02:31:16Z,279142,15000000,15000000,6
2026-08-26T02:31:16Z,279143,290000100,290000100,5
2026-08-26T02:31:16Z,279145,4000000,4000000,8
2026-08-26T02:31:16Z,279146,20000000,40000000,9
2026-08-26T02:31:16Z,279147,500009800,899999800,10
2026-08-26T02:31:16Z,279148,19009900,19009900,5
2026-08-26T02:31:16Z,279152,12000000,12000000,8
2026-08-26T02:31:16Z,279153,700000,700000,14
2026-08-26T02:31:16Z,279154,1380000,1390000,18
2026-08-26T02:31:16Z,279157,250000,300000,13
2026-08-26T02:31:16Z,279160,315000,318800,11
2026-08-26T02:31:16Z,279166,4930000,4930000,12
2026-08-26T02:31:16Z,280182,39000,39000,1660
2026-08-26T02:31:16Z,280183,80000,80000,1448
2026-08-26T02:31:16Z,280184,39000,39000,1266
2026-08-26T02:31:16Z,280409,1000000,1770000,159
2026-08-26T02:31:16Z,280422,10000,10000,305
2026-08-26T02:31:16Z,280425,50000,50000,161
