updated_utc,item_id,floor_copper,market_copper,quantity
2026-08-24T02:12:55Z,117,100,100,263
2026-08-24T02:12:55Z,118,100,1000,1063
2026-08-24T02:12:55Z,159,900,1600,9327
2026-08-24T02:12:55Z,414,100,100,94
2026-08-24T02:12:55Z,422,800,800,93
2026-08-24T02:12:55Z,537,50000,49000000,21
2026-08-24T02:12:55Z,555,9500000100,9500000100,1
2026-08-24T02:12:55Z,556,49000200,49000200,20
2026-08-24T02:12:55Z,723,200,800,3345
2026-08-24T02:12:55Z,724,300,300,114
2026-08-24T02:12:55Z,729,290000100,290000100,1
2026-08-24T02:12:55Z,731,289996800,289996800,1
2026-08-24T02:12:55Z,732,88789700,88789700,3
2026-08-24T02:12:55Z,733,600,600,197
2026-08-24T02:12:55Z,765,37400,37400,73186
2026-08-24T02:12:55Z,769,5000,7100,25506
2026-08-24T02:12:55Z,770,44100,44100,26
2026-08-24T02:12:55Z,771,800,800,38
2026-08-24T02:12:55Z,774,6600,52000,74559
2026-08-24T02:12:55Z,779,49000000,49000000,30
2026-08-24T02:12:55Z,783,199800,199800,17244
2026-08-24T02:12:55Z,785,19400,28400,27953
2026-08-24T02:12:55Z,787,2600,2600,548
2026-08-24T02:12:55Z,813,49000100,49000100,20
2026-08-24T02:12:55Z,814,600,800,5430
2026-08-24T02:12:55Z,818,9900,65000,40414
2026-08-24T02:12:55Z,858,100,500,922
2026-08-24T02:12:55Z,878,280000100,280000100,2
2026-08-24T02:12:55Z,929,100,400,427
2026-08-24T02:12:55Z,954,10900,9808000,22
2026-08-24T02:12:55Z,955,11600,11700,58
2026-08-24T02:12:55Z,961,100,100,86
2026-08-24T02:12:55Z,1015,2000,2300,20409
2026-08-24T02:12:55Z,1017,300,300,411
2026-08-24T02:12:55Z,1074,1600,1600,82
2026-08-24T02:12:55Z,1080,5000,13200,1583
2026-08-24T02:12:55Z,1081,49000100,49000100,20
2026-08-24T02:12:55Z,1082,20400,20400,92
2026-08-24T02:12:55Z,1175,49000100,49000100,19
2026-08-24T02:12:55Z,1177,200,200,55
2026-08-24T02:12:55Z,1178,19994000,19994000,14
2026-08-24T02:12:55Z,1179,100,300,2069
2026-08-24T02:12:55Z,1180,100,100,32
2026-08-24T02:12:55Z,1181,900,900,103
2026-08-24T02:12:55Z,1205,100,100,174
2026-08-24T02:12:55Z,1206,163300,171500,536
2026-08-24T02:12:55Z,1210,6600,65000,109470
2026-08-24T02:12:55Z,1222,49000100,49000100,20
2026-08-24T02:12:55Z,1251,100,100,595
2026-08-24T02:12:55Z,1274,49000100,49000100,17
2026-08-24T02:12:55Z,1288,16100,26100,13608
2026-08-24T02:12:55Z,1326,19990000,19990000,30
2026-08-24T02:12:55Z,1399,180000000,180000000,4
2026-08-24T02:12:55Z,1401,249990000,249990000,1
2026-08-24T02:12:55Z,1468,400,400,17311
2026-08-24T02:12:55Z,1475,3000,5500,8762
2026-08-24T02:12:55Z,1476,209400,209400,38
2026-08-24T02:12:55Z,1477,800,800,473
2026-08-24T02:12:55Z,1478,100900,9781000,21
2026-08-24T02:12:55Z,1520,1600,1600,163
2026-08-24T02:12:55Z,1529,9900,24600,2724
2026-08-24T02:12:55Z,1630,990000100,990000100,1
2026-08-24T02:12:55Z,1645,500,3000,5297
2026-08-24T02:12:55Z,1686,9901100,9901100,101
2026-08-24T02:12:55Z,1687,49000400,49000400,20
2026-08-24T02:12:55Z,1688,290001300,290001300,1
2026-08-24T02:12:55Z,1696,1000,1000,51
2026-08-24T02:12:55Z,1697,19000700,19000700,49
2026-08-24T02:12:55Z,1701,1100,1100,40
2026-08-24T02:12:55Z,1702,30000,30000,35
2026-08-24T02:12:55Z,1703,196990000,196990000,2
2026-08-24T02:12:55Z,1705,6600,65000,57434
2026-08-24T02:12:55Z,1706,290000200,290000200,1
2026-08-24T02:12:55Z,1707,100,100,342
2026-08-24T02:12:55Z,1708,100,100,176
2026-08-24T02:12:55Z,1710,200,8700,890
2026-08-24T02:12:55Z,1711,1000,1000,529
2026-08-24T02:12:55Z,1712,231300,231300,39
2026-08-24T02:12:55Z,2070,100,200,79
2026-08-24T02:12:55Z,2091,199000000,199000000,5
2026-08-24T02:12:55Z,2251,10000,14200,23917
2026-08-24T02:12:55Z,2287,100,100,292
2026-08-24T02:12:55Z,2289,300,300,448
2026-08-24T02:12:55Z,2290,900,900,417
2026-08-24T02:12:55Z,2295,500,500,41
2026-08-24T02:12:55Z,2296,291053900,291053900,2
2026-08-24T02:12:55Z,2304,3600,3900,388
2026-08-24T02:12:55Z,2313,6000,6000,61
2026-08-24T02:12:55Z,2318,12400,13900,13677
2026-08-24T02:12:55Z,2319,24900,31800,8577
2026-08-24T02:12:55Z,2320,100,100,866962
2026-08-24T02:12:55Z,2321,600,100000,10766
2026-08-24T02:12:55Z,2324,100,100,46063
2026-08-24T02:12:55Z,2325,3500,3500,61583
2026-08-24T02:12:55Z,2447,26900,34300,54853
2026-08-24T02:12:55Z,2449,23700,29900,50721
2026-08-24T02:12:55Z,2450,24800,34500,7431
2026-08-24T02:12:55Z,2452,34900,42700,15991
2026-08-24T02:12:55Z,2453,24000,34000,14020
2026-08-24T02:12:55Z,2454,800,800,427
2026-08-24T02:12:55Z,2455,100,400,678
2026-08-24T02:12:55Z,2456,500,500,181
2026-08-24T02:12:55Z,2457,90000,90000,670
2026-08-24T02:12:55Z,2458,1000,1000,866
2026-08-24T02:12:55Z,2459,68900,69400,6426
2026-08-24T02:12:55Z,2460,330000,330000,2621
2026-08-24T02:12:55Z,2512,2600000,2600000,500
2026-08-24T02:12:55Z,2515,557700,557700,9067
2026-08-24T02:12:55Z,2516,4000000,4000000,48
2026-08-24T02:12:55Z,2519,945000,945000,1057
2026-08-24T02:12:55Z,2581,800,800,320
2026-08-24T02:12:55Z,2589,500,500,956711
2026-08-24T02:12:55Z,2590,5500000100,5500000100,1
2026-08-24T02:12:55Z,2591,990000100,990000100,1
2026-08-24T02:12:55Z,2592,1700,1700,237484
2026-08-24T02:12:55Z,2593,26900,27000,133
2026-08-24T02:12:55Z,2594,16100,16200,165
2026-08-24T02:12:55Z,2595,19900,19900,220
2026-08-24T02:12:55Z,2596,43600,44400,262
2026-08-24T02:12:55Z,2604,100,100,433851
2026-08-24T02:12:55Z,2605,300,400,27745
2026-08-24T02:12:55Z,2608,12500,12500,29
2026-08-24T02:12:55Z,2665,270800,270800,994
2026-08-24T02:12:55Z,2672,9900,9900,4657
2026-08-24T02:12:55Z,2673,39000,490000,3145
2026-08-24T02:12:55Z,2674,18500,22500,2560
2026-08-24T02:12:55Z,2675,3900,3900,2496
2026-08-24T02:12:55Z,2677,99800,99800,13299
2026-08-24T02:12:55Z,2678,100,100,41753
2026-08-24T02:12:55Z,2679,100,100,640
2026-08-24T02:12:55Z,2680,100,100,492
2026-08-24T02:12:55Z,2681,400,400,485
2026-08-24T02:12:55Z,2682,100,100,195
2026-08-24T02:12:55Z,2683,9900,9900,80
2026-08-24T02:12:55Z,2684,3400,3400,89
2026-08-24T02:12:55Z,2685,990400,990400,58
2026-08-24T02:12:55Z,2686,95000,99700,67
2026-08-24T02:12:55Z,2687,100,100,181
2026-08-24T02:12:55Z,2692,49000100,49000100,20
2026-08-24T02:12:55Z,2723,100,100,112
2026-08-24T02:12:55Z,2725,2222200,3996000,32
2026-08-24T02:12:55Z,2728,1505800,1505800,45
2026-08-24T02:12:55Z,2730,1004100,1204100,30
2026-08-24T02:12:55Z,2732,209100,209100,37
2026-08-24T02:12:55Z,2734,3000000,3000000,36
2026-08-24T02:12:55Z,2735,608800,9960100,36
2026-08-24T02:12:55Z,2738,100000100,199790100,14
2026-08-24T02:12:55Z,2740,400000,408000,31
2026-08-24T02:12:55Z,2742,5004900,5004900,43
2026-08-24T02:12:55Z,2744,6006700,8896700,35
2026-08-24T02:12:55Z,2745,603700,683700,38
2026-08-24T02:12:55Z,2748,4000000,4004000,38
2026-08-24T02:12:55Z,2749,2500000,2850000,44
2026-08-24T02:12:55Z,2750,651600,9980100,33
2026-08-24T02:12:55Z,2751,1000000,1008000,39
2026-08-24T02:12:55Z,2770,15000,21000,180738
2026-08-24T02:12:55Z,2771,20200,31200,89204
2026-08-24T02:12:55Z,2772,55800,59500,5950
2026-08-24T02:12:55Z,2775,142500,165000,1745
2026-08-24T02:12:55Z,2776,64200,65400,6168
2026-08-24T02:12:55Z,2798,9400,9900,146
2026-08-24T02:12:55Z,2799,200,200,109
2026-08-24T02:12:55Z,2835,600,800,207453
2026-08-24T02:12:55Z,2836,800,1200,36079
2026-08-24T02:12:55Z,2838,8600,8800,54962
2026-08-24T02:12:55Z,2840,21500,23500,11770
2026-08-24T02:12:55Z,2841,29000,29000,12666
2026-08-24T02:12:55Z,2842,76600,150500,2351
2026-08-24T02:12:55Z,2862,200,200,1166
2026-08-24T02:12:55Z,2863,300,400,378
2026-08-24T02:12:55Z,2871,3600,3600,370
2026-08-24T02:12:55Z,2880,100,100,5161
2026-08-24T02:12:55Z,2886,2900,199900,1299
2026-08-24T02:12:55Z,2888,79900,99900,94
2026-08-24T02:12:55Z,2892,112900,112900,25
2026-08-24T02:12:55Z,2893,290000100,290000100,2
2026-08-24T02:12:55Z,2894,9800000,9800000,45
2026-08-24T02:12:55Z,2924,7800,99900,3551
2026-08-24T02:12:55Z,2928,1500000100,1500000100,1
2026-08-24T02:12:55Z,2930,290000100,290000100,1
2026-08-24T02:12:55Z,2934,11100,120000,20413
2026-08-24T02:12:55Z,2940,10000,49000000,22
2026-08-24T02:12:55Z,2946,198000000,198000000,480
2026-08-24T02:12:55Z,2947,199904700,199904700,551
2026-08-24T02:12:55Z,2996,1300,1300,123197
2026-08-24T02:12:55Z,2997,5300,7800,1752
2026-08-24T02:12:55Z,3010,2883100,19900200,43
2026-08-24T02:12:55Z,3012,9841400,9841400,20
2026-08-24T02:12:55Z,3013,15300,9960000,22
2026-08-24T02:12:55Z,3030,9200100,9200100,2100
2026-08-24T02:12:55Z,3033,4900000,4900000,201
2026-08-24T02:12:55Z,3107,3500000000,3500000000,1
2026-08-24T02:12:55Z,3108,3430350100,3430350100,203
2026-08-24T02:12:55Z,3111,3438351700,3438351700,1
2026-08-24T02:12:55Z,3137,19989900,19989900,49
2026-08-24T02:12:55Z,3164,14959900,14959900,19
2026-08-24T02:12:55Z,3167,300,300,47
2026-08-24T02:12:55Z,3168,49000100,49000100,24
2026-08-24T02:12:55Z,3169,600,600,40
2026-08-24T02:12:55Z,3170,800,800,47
2026-08-24T02:12:55Z,3171,5000,5000,86
2026-08-24T02:12:55Z,3172,49009900,49009900,11
2026-08-24T02:12:55Z,3173,200,900,4068
2026-08-24T02:12:55Z,3174,290000100,290000100,1
2026-08-24T02:12:55Z,3175,49000200,49000200,23
2026-08-24T02:12:55Z,3176,49008700,49008700,20
2026-08-24T02:12:55Z,3177,3991000,3991000,32
2026-08-24T02:12:55Z,3179,45000200,49000200,21
2026-08-24T02:12:55Z,3180,15500,49005500,23
2026-08-24T02:12:55Z,3181,6900,6900,42
2026-08-24T02:12:55Z,3182,875500,875500,111
2026-08-24T02:12:55Z,3220,200,200,141
2026-08-24T02:12:55Z,3239,300,500,547
2026-08-24T02:12:55Z,3240,8500,9000,448
2026-08-24T02:12:55Z,3241,5000,5000,351
2026-08-24T02:12:55Z,3299,200,200,81
2026-08-24T02:12:55Z,3300,30000,30000,218
2026-08-24T02:12:55Z,3301,600,600,51
2026-08-24T02:12:55Z,3340,999700,999700,72
2026-08-24T02:12:55Z,3355,42900,63100,7182
2026-08-24T02:12:55Z,3356,45000,75500,8150
2026-08-24T02:12:55Z,3357,58200,62400,38887
2026-08-24T02:12:55Z,3358,96500,118800,2903
2026-08-24T02:12:55Z,3369,200000,200000,1507
2026-08-24T02:12:55Z,3371,100,100,41652
2026-08-24T02:12:55Z,3372,49009700,49009800,21
2026-08-24T02:12:55Z,3382,400,60200,1552
2026-08-24T02:12:55Z,3383,10000,10000,649
2026-08-24T02:12:55Z,3385,100,200,828
2026-08-24T02:12:55Z,3386,79200,79200,142
2026-08-24T02:12:55Z,3387,560300,655900,73
2026-08-24T02:12:55Z,3388,9700,9900,316
2026-08-24T02:12:55Z,3389,33200,33200,202
2026-08-24T02:12:55Z,3390,498300,498300,459
2026-08-24T02:12:55Z,3391,420700,420700,283
2026-08-24T02:12:55Z,3401,49007400,49007400,20
2026-08-24T02:12:55Z,3402,90200,198900,28
2026-08-24T02:12:55Z,3403,400,400,36
2026-08-24T02:12:55Z,3404,88800,97700,3428
2026-08-24T02:12:55Z,3448,9900500,9900500,39
2026-08-24T02:12:55Z,3464,1500000100,1500000100,1
2026-08-24T02:12:55Z,3465,5500000100,5500000100,101
2026-08-24T02:12:55Z,3466,2500,2500,3916
2026-08-24T02:12:55Z,3470,1200,1500,3081
2026-08-24T02:12:55Z,3478,4800,5300,24098
2026-08-24T02:12:55Z,3486,13200,13200,210997
2026-08-24T02:12:55Z,3530,400,400,321
2026-08-24T02:12:55Z,3531,1000,1000,316
2026-08-24T02:12:55Z,3575,63500,70000,1238
2026-08-24T02:12:55Z,3576,26500,30000,5190
2026-08-24T02:12:55Z,3577,63000,88500,10034
2026-08-24T02:12:55Z,3662,141500,141500,92
2026-08-24T02:12:55Z,3663,4200,4200,92
2026-08-24T02:12:55Z,3664,1000,1000,281
2026-08-24T02:12:55Z,3665,4900,8000,121
2026-08-24T02:12:55Z,3666,500,500,420
2026-08-24T02:12:55Z,3667,400,800,5284
2026-08-24T02:12:55Z,3669,3400,3400,51
2026-08-24T02:12:55Z,3670,189800,189800,211
2026-08-24T02:12:55Z,3671,2700,2700,74
2026-08-24T02:12:55Z,3673,159400,159500,49
2026-08-24T02:12:55Z,3674,1200,1200,52
2026-08-24T02:12:55Z,3676,99900,100000,284
2026-08-24T02:12:55Z,3685,9900,9900,68820
2026-08-24T02:12:55Z,3702,2051200,2128000,27
2026-08-24T02:12:55Z,3703,9995800,9995800,23
2026-08-24T02:12:55Z,3712,11000,199900,10249
2026-08-24T02:12:55Z,3713,2220000,2220000,2
2026-08-24T02:12:55Z,3726,6625300,6625400,206
2026-08-24T02:12:55Z,3727,240000,240000,51
2026-08-24T02:12:55Z,3728,181900,181900,196
2026-08-24T02:12:55Z,3729,1000,1000,245
2026-08-24T02:12:55Z,3730,400,199900,1382
2026-08-24T02:12:55Z,3731,111100,930000,3845
2026-08-24T02:12:55Z,3745,199800000,199800000,1
2026-08-24T02:12:55Z,3769,450000100,450000100,1
2026-08-24T02:12:55Z,3770,300,300,290
2026-08-24T02:12:55Z,3771,100,100,281
2026-08-24T02:12:55Z,3775,152600,49009200,34
2026-08-24T02:12:55Z,3776,290000300,290000300,1
2026-08-24T02:12:55Z,3818,87000,98700,3791
2026-08-24T02:12:55Z,3819,95200,100800,1490
2026-08-24T02:12:55Z,3820,206400,299900,3101
2026-08-24T02:12:55Z,3821,199500,210000,976
2026-08-24T02:12:55Z,3823,19800,19800,505
2026-08-24T02:12:55Z,3824,782500,789500,361
2026-08-24T02:12:55Z,3825,50000,50000,147
2026-08-24T02:12:55Z,3826,39500,40000,184
2026-08-24T02:12:55Z,3827,500,25000,910
2026-08-24T02:12:55Z,3828,1342500,1342500,119
2026-08-24T02:12:55Z,3829,861400,861600,675
2026-08-24T02:12:55Z,3857,9000,12900,4804
2026-08-24T02:12:55Z,3858,45500,49000,8183
2026-08-24T02:12:55Z,3859,60000,60000,3494
2026-08-24T02:12:55Z,3860,53000,59000,4587
2026-08-24T02:12:55Z,3864,8800,14800,2948
2026-08-24T02:12:55Z,3927,9900,9900,5362
2026-08-24T02:12:55Z,3928,15000,15000,1505
2026-08-24T02:12:55Z,3931,5500,5500,62
2026-08-24T02:12:55Z,4093,49001100,49001100,23
2026-08-24T02:12:55Z,4096,49001000,49001000,16
2026-08-24T02:12:55Z,4097,3900,3900,27
2026-08-24T02:12:55Z,4099,50000,50000,3
2026-08-24T02:12:55Z,4231,34300,40700,12068
2026-08-24T02:12:55Z,4232,12000,27700,2913
2026-08-24T02:12:55Z,4233,28900,43800,21599
2026-08-24T02:12:55Z,4234,62200,72800,18273
2026-08-24T02:12:55Z,4235,600700,656000,1068
2026-08-24T02:12:55Z,4236,633600,640000,1238
2026-08-24T02:12:55Z,4265,2000,2000,174
2026-08-24T02:12:55Z,4278,410000,426300,362
2026-08-24T02:12:55Z,4289,200,300,67971
2026-08-24T02:12:55Z,4291,700,700,42848
2026-08-24T02:12:55Z,4304,54800,64000,11392
2026-08-24T02:12:55Z,4305,2600,2600,21208
2026-08-24T02:12:55Z,4306,1100,1200,325563
2026-08-24T02:12:55Z,4337,1900,7700,18416
2026-08-24T02:12:55Z,4338,1100,1200,1030527
2026-08-24T02:12:55Z,4339,13400,14300,34026
2026-08-24T02:12:55Z,4340,700,800,5254
2026-08-24T02:12:55Z,4341,700,800,49575
2026-08-24T02:12:55Z,4342,1600,22000,18153
2026-08-24T02:12:55Z,4357,8600,8600,11229
2026-08-24T02:12:55Z,4358,300,300,474
2026-08-24T02:12:55Z,4359,19800,22100,168530
2026-08-24T02:12:55Z,4360,7000,7000,402
2026-08-24T02:12:55Z,4361,6900,6900,75
2026-08-24T02:12:55Z,4363,3400,3400,29
2026-08-24T02:12:55Z,4364,28800,28800,8252
2026-08-24T02:12:55Z,4365,900,1000,585
2026-08-24T02:12:55Z,4366,6000,6000,354
2026-08-24T02:12:55Z,4367,137300,137300,88
2026-08-24T02:12:55Z,4370,6000,6000,143
2026-08-24T02:12:55Z,4371,126400,127600,5135
2026-08-24T02:12:55Z,4374,237600,237600,104
2026-08-24T02:12:55Z,4375,67000,71300,662
2026-08-24T02:12:55Z,4377,8000,29500,10280
2026-08-24T02:12:55Z,4378,46900,46900,215
2026-08-24T02:12:55Z,4380,5000,5000,187
2026-08-24T02:12:55Z,4382,76400,421800,734
2026-08-24T02:12:55Z,4384,1800,1800,179
2026-08-24T02:12:55Z,4387,60000,67200,925
2026-08-24T02:12:55Z,4389,70000,79800,1588
2026-08-24T02:12:55Z,4390,21700,21700,327
2026-08-24T02:12:55Z,4391,100000,300000,31
2026-08-24T02:12:55Z,4392,1152200,1152200,128
2026-08-24T02:12:55Z,4394,130100,130100,215
2026-08-24T02:12:55Z,4395,672700,672700,191
2026-08-24T02:12:55Z,4398,430300,430300,120
2026-08-24T02:12:55Z,4399,300,300,7201
2026-08-24T02:12:55Z,4400,900,1000,755
2026-08-24T02:12:55Z,4402,650000,650000,1739
2026-08-24T02:12:55Z,4404,83800,197900,1400
2026-08-24T02:12:55Z,4405,5900,5900,146
2026-08-24T02:12:55Z,4406,455000,455000,182
2026-08-24T02:12:55Z,4407,100000,100000,198
2026-08-24T02:12:55Z,4419,11800,11800,139
2026-08-24T02:12:55Z,4421,9900000,9900000,24
2026-08-24T02:12:55Z,4422,30000,30000,49
2026-08-24T02:12:55Z,4424,10000,10000,60
2026-08-24T02:12:55Z,4425,30000,30000,86
2026-08-24T02:12:55Z,4426,9400,9400,99
2026-08-24T02:12:55Z,4428,40000,40000,38
2026-08-24T02:12:55Z,4457,54200,54200,237
2026-08-24T02:12:55Z,4459,290000300,290000300,1
2026-08-24T02:12:55Z,4460,1550100,1550100,49
2026-08-24T02:12:55Z,4461,80000,142000,996
2026-08-24T02:12:55Z,4470,100,100,2804
2026-08-24T02:12:55Z,4479,54300,9997400,23
2026-08-24T02:12:55Z,4480,10000,10000,73
2026-08-24T02:12:55Z,4481,7900,8000,13
2026-08-24T02:12:55Z,4536,100,100,142
2026-08-24T02:12:55Z,4537,9000,10000,223
2026-08-24T02:12:55Z,4538,100,100,72
2026-08-24T02:12:55Z,4539,300,400,110
2026-08-24T02:12:55Z,4540,2800,2800,101
2026-08-24T02:12:55Z,4541,4800,5400,63
2026-08-24T02:12:55Z,4542,700,800,77
2026-08-24T02:12:55Z,4544,100,100,71
2026-08-24T02:12:55Z,4552,49000800,49000800,23
2026-08-24T02:12:55Z,4553,5500000700,5500000700,1
2026-08-24T02:12:55Z,4554,49001100,49001100,20
2026-08-24T02:12:55Z,4555,400,400,46
2026-08-24T02:12:55Z,4556,44633200,44633200,48
2026-08-24T02:12:55Z,4557,999800,999800,26
2026-08-24T02:12:55Z,4558,502400,7902400,124
2026-08-24T02:12:55Z,4580,49001200,49001200,22
2026-08-24T02:12:55Z,4581,49001300,49001300,20
2026-08-24T02:12:55Z,4582,113900,113900,51
2026-08-24T02:12:55Z,4583,49001300,49001300,20
2026-08-24T02:12:55Z,4584,5500001500,5500001500,1
2026-08-24T02:12:55Z,4585,900,900,152
2026-08-24T02:12:55Z,4586,5500,5500,135
2026-08-24T02:12:55Z,4587,10000,10000,72
2026-08-24T02:12:55Z,4588,2490000,2490000,3
2026-08-24T02:12:55Z,4589,290000800,290000800,1
2026-08-24T02:12:55Z,4590,1500001000,1500001000,1
2026-08-24T02:12:55Z,4591,1500000700,1500000700,1
2026-08-24T02:12:55Z,4592,800,800,156
2026-08-24T02:12:55Z,4593,900,2600,417
2026-08-24T02:12:55Z,4594,1800,2100,259
2026-08-24T02:12:55Z,4595,16200,16200,68
2026-08-24T02:12:55Z,4596,39996600,39996600,11
2026-08-24T02:12:55Z,4599,100,100,123
2026-08-24T02:12:55Z,4600,2900,2900,262
2026-08-24T02:12:55Z,4601,2400,2400,55
2026-08-24T02:12:55Z,4602,400,400,84
2026-08-24T02:12:55Z,4603,144600,247500,7622
2026-08-24T02:12:55Z,4604,100,100,270
2026-08-24T02:12:55Z,4605,100,100,96
2026-08-24T02:12:55Z,4606,100,200,121
2026-08-24T02:12:55Z,4607,200,200,84
2026-08-24T02:12:55Z,4608,200,200,155
2026-08-24T02:12:55Z,4611,740000,740000,76
2026-08-24T02:12:55Z,4623,1086600,9990000,42
2026-08-24T02:12:55Z,4625,29900,30000,4993
2026-08-24T02:12:55Z,4655,325200,325200,63
2026-08-24T02:12:55Z,4656,200,200,175
2026-08-24T02:12:55Z,4757,117700,117700,51
2026-08-24T02:12:55Z,4775,4000,4000,49
2026-08-24T02:12:55Z,4776,10000,10000,41
2026-08-24T02:12:55Z,4779,49000100,49000100,21
2026-08-24T02:12:55Z,4780,49000100,49000100,21
2026-08-24T02:12:55Z,4784,400,400,347
2026-08-24T02:12:55Z,4787,600,600,167
2026-08-24T02:12:55Z,4791,4000,4000,51
2026-08-24T02:12:55Z,4813,21500,21500,34
2026-08-24T02:12:55Z,4814,700,700,45
2026-08-24T02:12:55Z,4852,19993400,19993400,10
2026-08-24T02:12:55Z,4865,100,100,151
2026-08-24T02:12:55Z,4867,49000100,49000100,20
2026-08-24T02:12:55Z,4872,35000000,35000000,27
2026-08-24T02:12:55Z,4873,157200,49009400,21
2026-08-24T02:12:55Z,4874,49000300,49000300,20
2026-08-24T02:12:55Z,4875,49000100,49000100,30
2026-08-24T02:12:55Z,4876,49000000,49000100,21
2026-08-24T02:12:55Z,4877,5000000,49000000,21
2026-08-24T02:12:55Z,4879,290000100,290000100,1
2026-08-24T02:12:55Z,4880,1500000200,1500000200,1
2026-08-24T02:12:55Z,4960,1500000100,1500000100,1
2026-08-24T02:12:55Z,5042,10000,10000,3134
2026-08-24T02:12:55Z,5048,96900,96900,103
2026-08-24T02:12:55Z,5051,3200,3200,271
2026-08-24T02:12:55Z,5066,10000,10000,57
2026-08-24T02:12:55Z,5075,1000,1000,184
2026-08-24T02:12:55Z,5082,2500000,2500000,136
2026-08-24T02:12:55Z,5095,500,500,193
2026-08-24T02:12:55Z,5113,39900,39900,27
2026-08-24T02:12:55Z,5114,300,300,75
2026-08-24T02:12:55Z,5115,400,400,32
2026-08-24T02:12:55Z,5117,2000000,2000000,35
2026-08-24T02:12:55Z,5118,10000200,10000200,25
2026-08-24T02:12:55Z,5121,49000300,49000300,20
2026-08-24T02:12:55Z,5122,49000000,49000000,20
2026-08-24T02:12:55Z,5123,9500000200,9500000200,1
2026-08-24T02:12:55Z,5124,9000,9000,40
2026-08-24T02:12:55Z,5125,49000100,49000200,21
2026-08-24T02:12:55Z,5128,707300,707300,31
2026-08-24T02:12:55Z,5133,2555500,2555500,26
2026-08-24T02:12:55Z,5134,4008000,4008000,25
2026-08-24T02:12:55Z,5135,4800,4800,31
2026-08-24T02:12:55Z,5136,200,300,78
2026-08-24T02:12:55Z,5137,400,400,151
2026-08-24T02:12:55Z,5140,48999900,49000000,21
2026-08-24T02:12:55Z,5173,49000100,49000100,18
2026-08-24T02:12:55Z,5205,5000,5000,25
2026-08-24T02:12:55Z,5206,9900,9900,70
2026-08-24T02:12:55Z,5237,19999900,49004800,21
2026-08-24T02:12:55Z,5263,59900,60000,282
2026-08-24T02:12:55Z,5329,49000000,49000000,21
2026-08-24T02:12:55Z,5342,5500,15000,130
2026-08-24T02:12:55Z,5361,49000000,49000100,21
2026-08-24T02:12:55Z,5362,290000100,290000100,1
2026-08-24T02:12:55Z,5363,9336900,9336900,30
2026-08-24T02:12:55Z,5364,290000100,290000100,1
2026-08-24T02:12:55Z,5367,99900,49009900,21
2026-08-24T02:12:55Z,5368,2007800,2007800,25
2026-08-24T02:12:55Z,5369,49000100,49000100,22
2026-08-24T02:12:55Z,5370,45000100,217983700,17
2026-08-24T02:12:55Z,5371,49000100,49000100,20
2026-08-24T02:12:55Z,5373,184900,184900,273
2026-08-24T02:12:55Z,5374,2193600,2193600,24
2026-08-24T02:12:55Z,5375,49000200,49000200,19
2026-08-24T02:12:55Z,5376,53800,53800,25
2026-08-24T02:12:55Z,5377,49000100,49000100,20
2026-08-24T02:12:55Z,5379,49000100,49000100,19
2026-08-24T02:12:55Z,5427,49000300,49000300,20
2026-08-24T02:12:55Z,5428,20000,20000,50
2026-08-24T02:12:55Z,5429,1000000,1000000,32
2026-08-24T02:12:55Z,5430,49000500,49000500,20
2026-08-24T02:12:55Z,5431,11100000,49000000,21
2026-08-24T02:12:55Z,5432,49000000,49000000,20
2026-08-24T02:12:55Z,5433,290009900,290009900,1
2026-08-24T02:12:55Z,5435,49000500,49000500,19
2026-08-24T02:12:55Z,5465,1900,1900,9287
2026-08-24T02:12:55Z,5466,5000,5000,2495
2026-08-24T02:12:55Z,5467,4500,4500,1849
2026-08-24T02:12:55Z,5468,1500000,1500000,532
2026-08-24T02:12:55Z,5469,3000,3000,1803
2026-08-24T02:12:55Z,5470,2500,9900,10899
2026-08-24T02:12:55Z,5471,400,1100,3563
2026-08-24T02:12:55Z,5472,100,100,208
2026-08-24T02:12:55Z,5473,9909800,9909800,44
2026-08-24T02:12:55Z,5474,1002800,1002800,130
2026-08-24T02:12:55Z,5476,9893000,9893000,105
2026-08-24T02:12:55Z,5477,508300,508400,68
2026-08-24T02:12:55Z,5478,149800,149800,63
2026-08-24T02:12:55Z,5479,259700,259700,75
2026-08-24T02:12:55Z,5480,9949400,9949400,40
2026-08-24T02:12:55Z,5498,37700,97500,2371
2026-08-24T02:12:55Z,5500,40000,50000,583
2026-08-24T02:12:55Z,5503,1400,2700,59003
2026-08-24T02:12:55Z,5504,5500,5500,1681
2026-08-24T02:12:55Z,5506,49000200,49000200,20
2026-08-24T02:12:55Z,5523,7700,7700,839
2026-08-24T02:12:55Z,5524,9900,12400,1038
2026-08-24T02:12:55Z,5525,100,100,566
2026-08-24T02:12:55Z,5526,2900,2900,166
2026-08-24T02:12:55Z,5527,200,200,1038
2026-08-24T02:12:55Z,5529,9900200,9900200,100
2026-08-24T02:12:55Z,5530,55550200,55550200,2
2026-08-24T02:12:55Z,5565,990001900,990001900,1
2026-08-24T02:12:55Z,5566,3000000,49000000,21
2026-08-24T02:12:55Z,5567,7456900,7458500,31
2026-08-24T02:12:55Z,5568,5500000100,5500000100,1
2026-08-24T02:12:55Z,5569,30400,30400,32
2026-08-24T02:12:55Z,5602,290000100,290000100,1
2026-08-24T02:12:55Z,5631,20000,20000,423
2026-08-24T02:12:55Z,5633,476500,490000,230
2026-08-24T02:12:55Z,5634,374600,374600,255
2026-08-24T02:12:55Z,5635,8300,97800,2724
2026-08-24T02:12:55Z,5636,290000200,290000200,1
2026-08-24T02:12:55Z,5637,23900,23900,10339
2026-08-24T02:12:55Z,5740,189900,189900,88
2026-08-24T02:12:55Z,5741,5500000200,5500000200,1
2026-08-24T02:12:55Z,5784,19700,125300,7038
2026-08-24T02:12:55Z,5785,8500,8600,6192
2026-08-24T02:12:55Z,5829,1000,1000,88
2026-08-24T02:12:55Z,5833,99900,99900,66
2026-08-24T02:12:55Z,5871,290000500,290000500,1
2026-08-24T02:12:55Z,5996,199900,199900,584
2026-08-24T02:12:55Z,5997,1400,1400,555
2026-08-24T02:12:55Z,6037,12800,12800,8018
2026-08-24T02:12:55Z,6038,9996100,9996100,30
2026-08-24T02:12:55Z,6041,6000000,6000000,19
2026-08-24T02:12:55Z,6042,109000,384900,77
2026-08-24T02:12:55Z,6043,99900,309000,95
2026-08-24T02:12:55Z,6048,50000,59800,2248
2026-08-24T02:12:55Z,6049,28900,990000,229
2026-08-24T02:12:55Z,6050,2000,990000,237
2026-08-24T02:12:55Z,6051,23900,67500,335
2026-08-24T02:12:55Z,6052,4300,77700,363
2026-08-24T02:12:55Z,6149,3600,8300,732
2026-08-24T02:12:55Z,6150,12010000,12010000,232
2026-08-24T02:12:55Z,6260,100,100,91537
2026-08-24T02:12:55Z,6261,3000,3500,27403
2026-08-24T02:12:55Z,6289,100,200,3201
2026-08-24T02:12:55Z,6290,1500,9872100,591
2026-08-24T02:12:55Z,6291,1300,1300,12851
2026-08-24T02:12:55Z,6293,10100,10100,24
2026-08-24T02:12:55Z,6296,49000100,49000100,21
2026-08-24T02:12:55Z,6297,4000,9904000,105
2026-08-24T02:12:55Z,6298,60200,49000200,21
2026-08-24T02:12:55Z,6299,1000,1000,106
2026-08-24T02:12:55Z,6303,19900,19900,4009
2026-08-24T02:12:55Z,6304,290000100,290000100,1
2026-08-24T02:12:55Z,6305,290000100,290000100,1
2026-08-24T02:12:55Z,6306,290000100,290000100,1
2026-08-24T02:12:55Z,6308,4400,22900,21173
2026-08-24T02:12:55Z,6316,448800,448800,161
2026-08-24T02:12:55Z,6317,199900,199900,2060
2026-08-24T02:12:55Z,6358,53900,63100,31051
2026-08-24T02:12:55Z,6359,40500,40500,22905
2026-08-24T02:12:55Z,6361,6800,6900,19587
2026-08-24T02:12:55Z,6362,1400,1400,4718
2026-08-24T02:12:55Z,6370,80100,200000,1691
2026-08-24T02:12:55Z,6371,54500,55900,4371
2026-08-24T02:12:55Z,6372,82800,84500,4920
2026-08-24T02:12:55Z,6373,125000,203000,304
2026-08-24T02:12:55Z,6444,6900,6900,38
2026-08-24T02:12:55Z,6445,14900,168900,27
2026-08-24T02:12:55Z,6450,12000,12000,519
2026-08-24T02:12:55Z,6451,10000,10000,234
2026-08-24T02:12:55Z,6452,4500,4900,456
2026-08-24T02:12:55Z,6453,12000,12000,623
2026-08-24T02:12:55Z,6455,1500100,1500100,212
2026-08-24T02:12:55Z,6456,150100,150100,72
2026-08-24T02:12:55Z,6457,256500,256600,45
2026-08-24T02:12:55Z,6458,1200100,1200100,505
2026-08-24T02:12:55Z,6470,1500,11100,4591
2026-08-24T02:12:55Z,6471,5000,30200,12249
2026-08-24T02:12:55Z,6522,239900,499800,8342
2026-08-24T02:12:55Z,6529,100,100,401
2026-08-24T02:12:55Z,6530,300,1100,3840
2026-08-24T02:12:55Z,6532,200,300,76
2026-08-24T02:12:55Z,6533,9900,9900,776
2026-08-24T02:12:55Z,6657,270000,270000,39562
2026-08-24T02:12:55Z,6662,130000,187200,12118
2026-08-24T02:12:55Z,6712,30000,118000,1313
2026-08-24T02:12:55Z,6714,151300,152800,1987
2026-08-24T02:12:55Z,6807,122000,122000,175
2026-08-24T02:12:55Z,6811,33300,33300,66
2026-08-24T02:12:55Z,6826,10000,10500,30
2026-08-24T02:12:55Z,6887,85000,100000,260
2026-08-24T02:12:55Z,6888,200,300,529
2026-08-24T02:12:55Z,6889,80000,123700,45051
2026-08-24T02:12:55Z,6890,50600,50600,90
2026-08-24T02:12:55Z,6947,16400,19906400,43
2026-08-24T02:12:55Z,6949,290000100,290000100,1
2026-08-24T02:12:55Z,6950,290000100,290000100,2
2026-08-24T02:12:55Z,6951,290000200,290000200,2
2026-08-24T02:12:55Z,6986,49000100,49000100,20
2026-08-24T02:12:55Z,7067,14300,16300,4822
2026-08-24T02:12:55Z,7068,400,400,7359
2026-08-24T02:12:55Z,7069,187000,489400,1964
2026-08-24T02:12:55Z,7070,500,1200,2261
2026-08-24T02:12:55Z,7071,35000,187500,754
2026-08-24T02:12:55Z,7072,6950000,6950000,32
2026-08-24T02:12:55Z,7073,300,300,65
2026-08-24T02:12:55Z,7074,100,100,87
2026-08-24T02:12:55Z,7075,400,500,3836
2026-08-24T02:12:55Z,7076,10000,52500,49939
2026-08-24T02:12:55Z,7077,400,600,6679
2026-08-24T02:12:55Z,7078,4100,4100,7539
2026-08-24T02:12:55Z,7079,6700,152200,19583
2026-08-24T02:12:55Z,7080,999000,1000000,2495
2026-08-24T02:12:55Z,7081,989800,989800,913
2026-08-24T02:12:55Z,7082,152200,995500,1195
2026-08-24T02:12:55Z,7096,10000,10000,33
2026-08-24T02:12:55Z,7097,700,700,113
2026-08-24T02:12:55Z,7098,9900,9900,50
2026-08-24T02:12:55Z,7099,180000,180000,37
2026-08-24T02:12:55Z,7100,2500,2500,60
2026-08-24T02:12:55Z,7101,102000,49000000,21
2026-08-24T02:12:55Z,7191,39900,42800,4767
2026-08-24T02:12:55Z,7228,509900,509900,165
2026-08-24T02:12:55Z,7286,7500,12100,4063
2026-08-24T02:12:55Z,7287,1500000200,1500000200,1
2026-08-24T02:12:55Z,7296,194900,194900,28
2026-08-24T02:12:55Z,7307,1000,1000,132
2026-08-24T02:12:55Z,7392,237000,354700,304
2026-08-24T02:12:55Z,7428,290003800,290003800,1
2026-08-24T02:12:55Z,7676,20000,20000,1909
2026-08-24T02:12:55Z,7909,3300,65000,77606
2026-08-24T02:12:55Z,7910,6800,7400,544
2026-08-24T02:12:55Z,7911,8300,8300,108466
2026-08-24T02:12:55Z,7912,16200,27000,205330
2026-08-24T02:12:55Z,7964,10000,19300,523
2026-08-24T02:12:55Z,7965,46500,46500,298
2026-08-24T02:12:55Z,7966,10000,87500,927
2026-08-24T02:12:55Z,7967,559400,559800,87
2026-08-24T02:12:55Z,7971,69900,79900,858
2026-08-24T02:12:55Z,7972,400,500,3285
2026-08-24T02:12:55Z,7973,178100,551100,765
2026-08-24T02:12:55Z,7974,400,700,26115
2026-08-24T02:12:55Z,8067,49000100,49000100,925
2026-08-24T02:12:55Z,8068,49000100,49000100,20
2026-08-24T02:12:55Z,8069,49000100,49000100,20
2026-08-24T02:12:55Z,8146,700,700,63
2026-08-24T02:12:55Z,8150,300,300,6918
2026-08-24T02:12:55Z,8151,5400,5500,210
2026-08-24T02:12:55Z,8152,1929800,9909800,84
2026-08-24T02:12:55Z,8153,3990000,3990000,1432
2026-08-24T02:12:55Z,8154,8700,36200,5410
2026-08-24T02:12:55Z,8165,113000,377400,5312
2026-08-24T02:12:55Z,8167,34900,35000,5436
2026-08-24T02:12:55Z,8168,49000200,49000200,14
2026-08-24T02:12:55Z,8169,13900,15000,9417
2026-08-24T02:12:55Z,8170,39300,43300,7155
2026-08-24T02:12:55Z,8171,12200,20000,5675
2026-08-24T02:12:55Z,8172,19800,21100,1179
2026-08-24T02:12:55Z,8173,4500,4500,124
2026-08-24T02:12:55Z,8244,7298900,7499900,474
2026-08-24T02:12:55Z,8343,800,1000,22443
2026-08-24T02:12:55Z,8364,23300,23300,83
2026-08-24T02:12:55Z,8365,50000,58600,2268
2026-08-24T02:12:55Z,8368,990001600,990001600,4
2026-08-24T02:12:55Z,8391,19909900,19909900,10
2026-08-24T02:12:55Z,8392,195550000,195550000,1
2026-08-24T02:12:55Z,8393,5999900,5999900,19
2026-08-24T02:12:55Z,8394,39999500,39999500,5
2026-08-24T02:12:55Z,8396,9990500,9990500,18
2026-08-24T02:12:55Z,8483,49000300,49000300,20
2026-08-24T02:12:55Z,8508,290000300,290000300,1
2026-08-24T02:12:55Z,8544,11000,18400,387
2026-08-24T02:12:55Z,8545,8000,8000,484
2026-08-24T02:12:55Z,8766,300,300,291
2026-08-24T02:12:55Z,8827,59500,170000,385
2026-08-24T02:12:55Z,8831,75300,89600,1034
2026-08-24T02:12:55Z,8836,30000000,30000000,87
2026-08-24T02:12:55Z,8838,21400,49700,16153
2026-08-24T02:12:55Z,8839,53900,72200,2052
2026-08-24T02:12:55Z,8845,358100,399800,1804
2026-08-24T02:12:55Z,8846,50000,82000,1120
2026-08-24T02:12:55Z,8923,290572800,290572800,17
2026-08-24T02:12:55Z,8924,990000100,990000100,1
2026-08-24T02:12:55Z,8925,49002000,49002000,22
2026-08-24T02:12:55Z,8926,1500000200,1500000200,1
2026-08-24T02:12:55Z,8927,49000300,49000300,9
2026-08-24T02:12:55Z,8928,1500000400,1500000400,1
2026-08-24T02:12:55Z,8932,300,300,132
2026-08-24T02:12:55Z,8948,6000,9000300,164
2026-08-24T02:12:55Z,8949,20000,20000,518
2026-08-24T02:12:55Z,8950,300,300,114
2026-08-24T02:12:55Z,8951,1300,85000,831
2026-08-24T02:12:55Z,8952,200,200,526
2026-08-24T02:12:55Z,8953,2300,2300,103
2026-08-24T02:12:55Z,8956,70000,70000,120
2026-08-24T02:12:55Z,8957,9700,9700,357
2026-08-24T02:12:55Z,8959,2000,890000,2029
2026-08-24T02:12:55Z,8984,290000100,290000100,1
2026-08-24T02:12:55Z,8985,1500000100,1500000100,1
2026-08-24T02:12:55Z,9030,9790900,9790900,27
2026-08-24T02:12:55Z,9060,499600,499600,201
2026-08-24T02:12:55Z,9061,91100,151000,888
2026-08-24T02:12:55Z,9088,210000,210000,304
2026-08-24T02:12:55Z,9144,190000,190000,1266
2026-08-24T02:12:55Z,9154,92000,92000,538
2026-08-24T02:12:55Z,9155,19000,333600,219
2026-08-24T02:12:55Z,9172,289900,289900,218
2026-08-24T02:12:55Z,9179,235000,235000,367
2026-08-24T02:12:55Z,9186,1500000300,1500000300,1
2026-08-24T02:12:55Z,9187,187300,344100,325
2026-08-24T02:12:55Z,9197,1200000,1200000,74
2026-08-24T02:12:55Z,9206,568500,568500,278
2026-08-24T02:12:55Z,9210,1068900,1068900,1661
2026-08-24T02:12:55Z,9224,626600,626600,165
2026-08-24T02:12:55Z,9233,800,800,480
2026-08-24T02:12:55Z,9260,111100,111100,8464
2026-08-24T02:12:55Z,9261,49000400,49000400,21
2026-08-24T02:12:55Z,9262,1100,21400,2848
2026-08-24T02:12:55Z,9264,2102600,2102600,118
2026-08-24T02:12:55Z,9308,13700,33300,54518
2026-08-24T02:12:55Z,9312,18500,20000,385
2026-08-24T02:12:55Z,9313,10000,10000,145
2026-08-24T02:12:55Z,9314,250000,250000,26
2026-08-24T02:12:55Z,9315,442500,442500,45
2026-08-24T02:12:55Z,9317,749900,749900,94
2026-08-24T02:12:55Z,9318,21400,21600,385
2026-08-24T02:12:55Z,9332,49006000,49006000,20
2026-08-24T02:12:55Z,9333,555800,555800,53
2026-08-24T02:12:55Z,9334,9900,9900,27
2026-08-24T02:12:55Z,9335,7900,9907900,114
2026-08-24T02:12:55Z,9336,435100,435100,40
2026-08-24T02:12:55Z,9355,550600,49000600,22
2026-08-24T02:12:55Z,9356,1504400,49004900,23
2026-08-24T02:12:55Z,9357,4905300,49005300,23
2026-08-24T02:12:55Z,9358,4900400,49000400,22
2026-08-24T02:12:55Z,9399,1500000100,1500000100,1
2026-08-24T02:12:55Z,9451,500,600,75
2026-08-24T02:12:55Z,9681,450000100,450000100,1
2026-08-24T02:12:55Z,10285,11700,21900,1897
2026-08-24T02:12:55Z,10286,400,500,4602
2026-08-24T02:12:55Z,10290,1400,1400,3965
2026-08-24T02:12:55Z,10305,199990000,199990000,1
2026-08-24T02:12:55Z,10306,8900,8900,33
2026-08-24T02:12:55Z,10307,45000,45000,60
2026-08-24T02:12:55Z,10308,138400,138400,667
2026-08-24T02:12:55Z,10309,37000,37000,99
2026-08-24T02:12:55Z,10310,20000,20000,92
2026-08-24T02:12:55Z,10450,5500000600,5500000600,1
2026-08-24T02:12:55Z,10457,990000300,990000300,1
2026-08-24T02:12:55Z,10505,61000,88000,1818
2026-08-24T02:12:55Z,10507,70500,70500,2837
2026-08-24T02:12:55Z,10512,290000100,290000100,1
2026-08-24T02:12:55Z,10513,49000100,49000100,1001
2026-08-24T02:12:55Z,10514,5500,5500,154
2026-08-24T02:12:55Z,10546,900000,900000,53
2026-08-24T02:12:55Z,10548,460000,460000,86
2026-08-24T02:12:55Z,10558,30000,32000,1563
2026-08-24T02:12:55Z,10559,229800,229900,840
2026-08-24T02:12:55Z,10560,135600,137700,2057
2026-08-24T02:12:55Z,10561,138600,141300,1272
2026-08-24T02:12:55Z,10562,800,800,491
2026-08-24T02:12:55Z,10586,990600,990600,145
2026-08-24T02:12:55Z,10592,112200,112200,501
2026-08-24T02:12:55Z,10593,218800,888800,5029
2026-08-24T02:12:55Z,10620,17400,17400,538969
2026-08-24T02:12:55Z,10646,3058600,3058600,42
2026-08-24T02:12:55Z,10647,19900,20400,4058
2026-08-24T02:12:55Z,10648,49009800,49009800,21
2026-08-24T02:12:55Z,10839,29990100,29990100,2
2026-08-24T02:12:55Z,10840,35500100,35500100,4
2026-08-24T02:12:55Z,10841,29300,29300,124
2026-08-24T02:12:55Z,10918,133400,133400,38
2026-08-24T02:12:55Z,10920,5500000300,5500000300,2
2026-08-24T02:12:55Z,10921,1500000100,1500000100,1
2026-08-24T02:12:55Z,10922,5500000400,5500000400,1
2026-08-24T02:12:55Z,10938,2000,4000,4575
2026-08-24T02:12:55Z,10939,6600,9700,105800
2026-08-24T02:12:55Z,10940,1500,3600,265943
2026-08-24T02:12:55Z,11018,49900,49900,444
2026-08-24T02:12:55Z,11022,8997500,9000000,91
2026-08-24T02:12:55Z,11040,242200,249500,70
2026-08-24T02:12:55Z,11184,498700,498700,1070
2026-08-24T02:12:55Z,11185,399900,399900,1145
2026-08-24T02:12:55Z,11186,92400,92400,881
2026-08-24T02:12:55Z,11188,14900,14900,1022
2026-08-24T02:12:55Z,11284,4851100,4851100,2203
2026-08-24T02:12:55Z,11285,4619000,4619000,1020
2026-08-24T02:12:55Z,11291,1700,490000,860
2026-08-24T02:12:55Z,11325,34200,34200,119
2026-08-24T02:12:55Z,11370,217800,274200,14735
2026-08-24T02:12:55Z,11371,1890000,1929800,2632
2026-08-24T02:12:55Z,11382,5444500,15000300,766
2026-08-24T02:12:55Z,11384,49000000,49000000,20
2026-08-24T02:12:55Z,11385,1230100,40000100,29
2026-08-24T02:12:55Z,11386,49001100,49001100,20
2026-08-24T02:12:55Z,11387,49001600,49001600,10
2026-08-24T02:12:55Z,11388,1500000300,1500000300,1
2026-08-24T02:12:55Z,11389,290003300,290003300,3
2026-08-24T02:12:55Z,11390,290000200,290000200,1
2026-08-24T02:12:55Z,11391,900,900,65
2026-08-24T02:12:55Z,11392,1500,1500,46
2026-08-24T02:12:55Z,11393,42100,42100,53
2026-08-24T02:12:55Z,11394,4300,4300,59
2026-08-24T02:12:55Z,11395,49001300,49001300,21
2026-08-24T02:12:55Z,11402,290003800,290003800,2
2026-08-24T02:12:55Z,11403,49002400,49002400,20
2026-08-24T02:12:55Z,11404,162300,40003200,24
2026-08-24T02:12:55Z,11406,54900,54900,82
2026-08-24T02:12:55Z,11407,100000,100000,30
2026-08-24T02:12:55Z,11408,49001400,49001400,20
2026-08-24T02:12:55Z,11409,285200,49006700,21
2026-08-24T02:12:55Z,11410,49000900,49000900,20
2026-08-24T02:12:55Z,11414,49002700,49002800,22
2026-08-24T02:12:55Z,11415,40000,44800,58
2026-08-24T02:12:55Z,11416,5003700,20003700,29
2026-08-24T02:12:55Z,11417,490000,49009900,23
2026-08-24T02:12:55Z,11418,66600,66600,34
2026-08-24T02:12:55Z,11419,280000000,280000000,2
2026-08-24T02:12:55Z,11420,290002600,290002600,1
2026-08-24T02:12:55Z,11444,8500,8500,75
2026-08-24T02:12:55Z,11584,9900,9900,143
2026-08-24T02:12:55Z,11590,9904600,9904600,47
2026-08-24T02:12:55Z,11630,290000100,290000100,1
2026-08-24T02:12:55Z,11754,3300,11000,7618
2026-08-24T02:12:55Z,11846,704500,704500,32
2026-08-24T02:12:55Z,11939,50300,50300,49
2026-08-24T02:12:55Z,11940,99600,99600,57
2026-08-24T02:12:55Z,11941,99600,99600,44
2026-08-24T02:12:55Z,11942,229800,229800,66
2026-08-24T02:12:55Z,12003,25000000,25000000,8
2026-08-24T02:12:55Z,12037,200,800,11154
2026-08-24T02:12:55Z,12184,2000,2400,41430
2026-08-24T02:12:55Z,12190,40000,1569100,1727
2026-08-24T02:12:55Z,12202,99500,101300,11731
2026-08-24T02:12:55Z,12203,200,700,44955
2026-08-24T02:12:55Z,12204,2500,29900,3233
2026-08-24T02:12:55Z,12205,700,700,60806
2026-08-24T02:12:55Z,12206,1900,199900,7201
2026-08-24T02:12:55Z,12207,3500,99700,26281
2026-08-24T02:12:55Z,12208,400,500,67928
2026-08-24T02:12:55Z,12209,3635500,3635500,52
2026-08-24T02:12:55Z,12210,2500,2500,165
2026-08-24T02:12:55Z,12212,50000,50000,206
2026-08-24T02:12:55Z,12213,66500,66500,85
2026-08-24T02:12:55Z,12214,75000,75000,200
2026-08-24T02:12:55Z,12215,1970700,1970700,112
2026-08-24T02:12:55Z,12216,8000,10000,208
2026-08-24T02:12:55Z,12217,979600,979600,79
2026-08-24T02:12:55Z,12218,495000,495000,235
2026-08-24T02:12:55Z,12223,199700,199700,4530
2026-08-24T02:12:55Z,12224,4370400,4370400,55
2026-08-24T02:12:55Z,12238,150000,9990000,48
2026-08-24T02:12:55Z,12359,23500,24800,46214
2026-08-24T02:12:55Z,12360,829500,829700,3867
2026-08-24T02:12:55Z,12361,15000,19400,256
2026-08-24T02:12:55Z,12363,885000,899700,13141
2026-08-24T02:12:55Z,12364,23500,33700,383
2026-08-24T02:12:55Z,12365,300,300,50803
2026-08-24T02:12:55Z,12404,2500,4000,2136
2026-08-24T02:12:55Z,12430,199000000,199000000,7
2026-08-24T02:12:55Z,12431,39999600,39999600,5
2026-08-24T02:12:55Z,12432,187166700,187166700,19
2026-08-24T02:12:55Z,12433,49500000,49500000,5
2026-08-24T02:12:55Z,12434,25006500,25006500,8
2026-08-24T02:12:55Z,12435,10000,10000,45
2026-08-24T02:12:55Z,12436,199988200,199988200,1
2026-08-24T02:12:55Z,12607,21600,37500,1003
2026-08-24T02:12:55Z,12643,15400,15400,1830
2026-08-24T02:12:55Z,12644,4200,4200,8437
2026-08-24T02:12:55Z,12645,712400,1052700,148
2026-08-24T02:12:55Z,12655,61000,123800,1605
2026-08-24T02:12:55Z,12735,7800,7800,53
2026-08-24T02:12:55Z,12799,990100,990100,171
2026-08-24T02:12:55Z,12800,39700,53300,747
2026-08-24T02:12:55Z,12803,70000,87300,5680
2026-08-24T02:12:55Z,12804,5200,990000,4143
2026-08-24T02:12:55Z,12808,980900,989600,14818
2026-08-24T02:12:55Z,12809,419800,420000,1225
2026-08-24T02:12:55Z,12810,995000,995000,3650
2026-08-24T02:12:55Z,12811,412800,509700,8766
2026-08-24T02:12:55Z,12820,730000,740000,1176
2026-08-24T02:12:55Z,13159,6900,6900,57
2026-08-24T02:12:55Z,13362,881900,881900,45
2026-08-24T02:12:55Z,13363,186100,186100,50
2026-08-24T02:12:55Z,13364,149900,149900,30
2026-08-24T02:12:55Z,13365,999900,999900,39
2026-08-24T02:12:55Z,13366,49004500,49004500,25
2026-08-24T02:12:55Z,13422,12900,86500,6571
2026-08-24T02:12:55Z,13423,19900,100000,2243
2026-08-24T02:12:55Z,13442,140000,140000,127
2026-08-24T02:12:55Z,13443,500,25000,489
2026-08-24T02:12:55Z,13444,1600,1600,436
2026-08-24T02:12:55Z,13445,47500,47500,230
2026-08-24T02:12:55Z,13446,36900,37500,477
2026-08-24T02:12:55Z,13447,1500,1500,416
2026-08-24T02:12:55Z,13452,200000,229800,252
2026-08-24T02:12:55Z,13453,55500,377700,170
2026-08-24T02:12:55Z,13454,80000,80000,745
2026-08-24T02:12:55Z,13455,51600,51600,181
2026-08-24T02:12:55Z,13456,107700,107700,215
2026-08-24T02:12:55Z,13457,900,27200,134
2026-08-24T02:12:55Z,13458,31500,32000,108
2026-08-24T02:12:55Z,13459,149900,499500,65
2026-08-24T02:12:55Z,13460,2100000,9903500,29
2026-08-24T02:12:55Z,13461,88900,9843300,48
2026-08-24T02:12:55Z,13462,15000,294400,336
2026-08-24T02:12:55Z,13463,19400,19900,54072
2026-08-24T02:12:55Z,13464,18500,21300,11677
2026-08-24T02:12:55Z,13465,48500,48500,4227
2026-08-24T02:12:55Z,13466,60000,83700,3012
2026-08-24T02:12:55Z,13467,195000,197400,12496
2026-08-24T02:12:55Z,13468,10000000,14005500,5961
2026-08-24T02:12:55Z,13506,1499900,1499900,501
2026-08-24T02:12:55Z,13510,12992900,12992900,277
2026-08-24T02:12:55Z,13511,6660000,9235700,24
2026-08-24T02:12:55Z,13512,10582600,10895200,113
2026-08-24T02:12:55Z,13546,300000,3899900,36
2026-08-24T02:12:55Z,13724,9007000,9970400,33
2026-08-24T02:12:55Z,13754,99900,126100,4160
2026-08-24T02:12:55Z,13755,1409400,1409500,206
2026-08-24T02:12:55Z,13756,75500,75600,1066
2026-08-24T02:12:55Z,13757,9900,199900,10194
2026-08-24T02:12:55Z,13758,10000,199900,3992
2026-08-24T02:12:55Z,13759,95000,102300,2413
2026-08-24T02:12:55Z,13760,117400,117400,2944
2026-08-24T02:12:55Z,13851,1500,1900,150
2026-08-24T02:12:55Z,13888,196500,196500,8342
2026-08-24T02:12:55Z,13889,52600,56100,3926
2026-08-24T02:12:55Z,13890,49000200,49000200,20
2026-08-24T02:12:55Z,13893,2989900,2989900,1662
2026-08-24T02:12:55Z,13926,5252500,5500000,539
2026-08-24T02:12:55Z,13927,131000,131000,80
2026-08-24T02:12:55Z,13928,2009100,2009100,121
2026-08-24T02:12:55Z,13929,27000,27000,98
2026-08-24T02:12:55Z,13930,120400,124400,162
2026-08-24T02:12:55Z,13931,110000,320000,79
2026-08-24T02:12:55Z,13932,136900,136900,118
2026-08-24T02:12:55Z,13933,28900,28900,210
2026-08-24T02:12:55Z,13934,129500,129900,84
2026-08-24T02:12:55Z,13935,45100,45100,128
2026-08-24T02:12:55Z,14047,13300,14000,6734
2026-08-24T02:12:55Z,14048,39800,47400,1509
2026-08-24T02:12:55Z,14227,249800,290000,1374
2026-08-24T02:12:55Z,14256,599900,777900,4163
2026-08-24T02:12:55Z,14341,3600,3600,13231
2026-08-24T02:12:55Z,14342,2159400,2159400,677
2026-08-24T02:12:55Z,14343,3100,3500,8606
2026-08-24T02:12:55Z,14344,1100,6700,1021245
2026-08-24T02:12:55Z,14529,9900,11100,297
2026-08-24T02:12:55Z,14530,990000,990000,239
2026-08-24T02:12:55Z,15327,3500000000,3500000000,1
2026-08-24T02:12:55Z,15407,49500,69900,5922
2026-08-24T02:12:55Z,15408,389900,389900,1954
2026-08-24T02:12:55Z,15409,49007900,49007900,24
2026-08-24T02:12:55Z,15410,212200,219800,3529
2026-08-24T02:12:55Z,15412,15400,16000,1636
2026-08-24T02:12:55Z,15414,150000,313200,1314
2026-08-24T02:12:55Z,15415,4300000,4600000,164
2026-08-24T02:12:55Z,15416,12000,22200,6654
2026-08-24T02:12:55Z,15417,105000,105000,2145
2026-08-24T02:12:55Z,15419,630000,863500,2693
2026-08-24T02:12:55Z,15420,49000200,49000200,20
2026-08-24T02:12:55Z,15422,290000800,290000800,1
2026-08-24T02:12:55Z,15423,290000800,290000800,1
2026-08-24T02:12:55Z,15564,2000,2000,106
2026-08-24T02:12:55Z,15869,128700,128700,518
2026-08-24T02:12:55Z,15870,98000,98000,276
2026-08-24T02:12:55Z,15871,104900,104900,187
2026-08-24T02:12:55Z,15872,440000,497100,102
2026-08-24T02:12:55Z,15992,199700,199700,4806
2026-08-24T02:12:55Z,15993,11000,11000,171
2026-08-24T02:12:55Z,15994,118800,120700,38277
2026-08-24T02:12:55Z,15997,290000000,290000000,1001
2026-08-24T02:12:55Z,16000,118800,137700,1382
2026-08-24T02:12:55Z,16005,9992700,9992700,24
2026-08-24T02:12:55Z,16006,1179800,1199900,1261
2026-08-24T02:12:55Z,16023,1373100,1373100,55
2026-08-24T02:12:55Z,16040,9994700,9994700,31
2026-08-24T02:12:55Z,16166,19900,20000,67
2026-08-24T02:12:55Z,16167,9799700,9799800,48
2026-08-24T02:12:55Z,16168,9800000,9800100,39
2026-08-24T02:12:55Z,16169,49900,9899900,50
2026-08-24T02:12:55Z,16170,9909800,9909800,45
2026-08-24T02:12:55Z,16202,109900,124500,6572
2026-08-24T02:12:55Z,16203,349900,350000,21158
2026-08-24T02:12:55Z,16204,10500,11400,13489
2026-08-24T02:12:55Z,16583,290003800,290003800,1
2026-08-24T02:12:55Z,16747,100100,49000100,21
2026-08-24T02:12:55Z,16748,50100,49000100,21
2026-08-24T02:12:55Z,16766,5000,5000,433
2026-08-24T02:12:55Z,16971,9990000,9990000,21
2026-08-24T02:12:55Z,17010,6000,10700,2764
2026-08-24T02:12:55Z,17011,5900,6500,931
2026-08-24T02:12:55Z,17012,7100,17200,13935
2026-08-24T02:12:55Z,17020,7000400,7000400,60
2026-08-24T02:12:55Z,17021,290000300,290000300,1
2026-08-24T02:12:55Z,17026,990000400,990000400,1
2026-08-24T02:12:55Z,17028,290000300,290000300,1
2026-08-24T02:12:55Z,17029,199999900,199999900,2
2026-08-24T02:12:55Z,17030,299000800,299000800,1
2026-08-24T02:12:55Z,17031,49999800,49999800,21
2026-08-24T02:12:55Z,17032,49000800,49000800,20
2026-08-24T02:12:55Z,17033,290007500,290007500,1
2026-08-24T02:12:55Z,17034,9990000,9990000,16
2026-08-24T02:12:55Z,17036,5500000400,5500000400,1
2026-08-24T02:12:55Z,17037,5500000600,5500000600,1
2026-08-24T02:12:55Z,17038,990000800,990000800,1
2026-08-24T02:12:55Z,17056,200,200,14926
2026-08-24T02:12:55Z,17057,200,200,188
2026-08-24T02:12:55Z,17058,1300,1300,207
2026-08-24T02:12:55Z,17119,11100,11100,59
2026-08-24T02:12:55Z,17194,4700,5000,278643
2026-08-24T02:12:55Z,17196,33300,33300,89512
2026-08-24T02:12:55Z,17197,239900,259900,1579
2026-08-24T02:12:55Z,17198,5007400,5007400,66
2026-08-24T02:12:55Z,17202,500,2800,1343910
2026-08-24T02:12:55Z,17203,1799900,1813900,418
2026-08-24T02:12:55Z,17222,500,500,203
2026-08-24T02:12:55Z,17303,57900,57900,603
2026-08-24T02:12:55Z,17304,49600,49600,293
2026-08-24T02:12:55Z,17307,49400,49400,190
2026-08-24T02:12:55Z,17344,19900000,19900000,17
2026-08-24T02:12:55Z,17402,900000,900000,104
2026-08-24T02:12:55Z,17403,701500,701500,80
2026-08-24T02:12:55Z,17404,9000,9000,66
2026-08-24T02:12:55Z,17405,50000,50000,57
2026-08-24T02:12:55Z,17406,44900,9857400,48
2026-08-24T02:12:55Z,17407,500000,500000,636
2026-08-24T02:12:55Z,17408,9950000,9950000,33
2026-08-24T02:12:55Z,17708,420000,420000,129
2026-08-24T02:12:55Z,17747,9800200,9800200,23
2026-08-24T02:12:55Z,17771,8940000,8940000,967
2026-08-24T02:12:55Z,18042,290000100,290000100,1
2026-08-24T02:12:55Z,18045,500,500,100
2026-08-24T02:12:55Z,18222,3100,3100,158
2026-08-24T02:12:55Z,18223,6200,6200,57
2026-08-24T02:12:55Z,18224,1800,1800,195
2026-08-24T02:12:55Z,18225,24400,49004400,24
2026-08-24T02:12:55Z,18226,290000700,290000700,1
2026-08-24T02:12:55Z,18227,104000,49004000,21
2026-08-24T02:12:55Z,18230,24900,24900,26
2026-08-24T02:12:55Z,18232,2020000,2040000,700
2026-08-24T02:12:55Z,18233,29999900,49002000,23
2026-08-24T02:12:55Z,18234,23330000,27004300,26
2026-08-24T02:12:55Z,18236,49003800,49003800,42
2026-08-24T02:12:55Z,18237,49000900,49000900,51
2026-08-24T02:12:55Z,18251,19992700,19992700,13
2026-08-24T02:12:55Z,18253,30000,194600,74
2026-08-24T02:12:55Z,18254,300000,300000,69
2026-08-24T02:12:55Z,18255,245000,250000,2107
2026-08-24T02:12:55Z,18256,40000000,40000000,38
2026-08-24T02:12:55Z,18262,759900,759900,232
2026-08-24T02:12:55Z,18283,85481000,85481000,14
2026-08-24T02:12:55Z,18285,40185600,49006800,30
2026-08-24T02:12:55Z,18286,14600,14600,71
2026-08-24T02:12:55Z,18287,111100,111100,12060
2026-08-24T02:12:55Z,18288,111100,111100,12260
2026-08-24T02:12:55Z,18294,243500,243500,398
2026-08-24T02:12:55Z,18300,39990000,39990000,6
2026-08-24T02:12:55Z,18335,6870500,6939800,1546
2026-08-24T02:12:55Z,18512,49006800,49006800,20
2026-08-24T02:12:55Z,18562,619800,800000,2927
2026-08-24T02:12:55Z,18567,29900,29900,4631
2026-08-24T02:12:55Z,18588,50000,100000,263
2026-08-24T02:12:55Z,18594,609900,609900,130
2026-08-24T02:12:55Z,18631,1500000,1500000,437
2026-08-24T02:12:55Z,18632,47500,49600,53
2026-08-24T02:12:55Z,18633,32500,34600,70
2026-08-24T02:12:55Z,18635,40000,41100,74
2026-08-24T02:12:55Z,18640,14900,45500,195
2026-08-24T02:12:55Z,18641,14800,14900,276
2026-08-24T02:12:55Z,18645,1655500,1655500,45
2026-08-24T02:12:55Z,18662,100000,144500,2758
2026-08-24T02:12:55Z,18944,69800,1009800,945
2026-08-24T02:12:55Z,18945,2200,2200,226232
2026-08-24T02:12:55Z,19026,40000,40000,874
2026-08-24T02:12:55Z,19183,1500,990000,4595
2026-08-24T02:12:55Z,19221,42900,50000,1463
2026-08-24T02:12:55Z,19222,4600,4600,124
2026-08-24T02:12:55Z,19223,200,200,199
2026-08-24T02:12:55Z,19224,100,100,231
2026-08-24T02:12:55Z,19225,27800,27800,466
2026-08-24T02:12:55Z,19227,18752300,18752600,31
2026-08-24T02:12:55Z,19230,4889700,4889900,34
2026-08-24T02:12:55Z,19231,2990000,2990000,34
2026-08-24T02:12:55Z,19232,3500000,4440000,55
2026-08-24T02:12:55Z,19233,5370900,5371300,80
2026-08-24T02:12:55Z,19234,2353500,2353600,25
2026-08-24T02:12:55Z,19235,1983300,1983300,29
2026-08-24T02:12:55Z,19236,1006800,3686800,59
2026-08-24T02:12:55Z,19258,643400,2169900,65
2026-08-24T02:12:55Z,19259,2971300,2974300,37
2026-08-24T02:12:55Z,19260,3764900,3765000,18
2026-08-24T02:12:55Z,19261,2007100,2667300,37
2026-08-24T02:12:55Z,19262,3249700,3249800,29
2026-08-24T02:12:55Z,19263,2268100,2268200,16
2026-08-24T02:12:55Z,19264,3000000,39997500,77
2026-08-24T02:12:55Z,19265,2004000,2969900,28
2026-08-24T02:12:55Z,19268,58900,99600,197
2026-08-24T02:12:55Z,19269,19999900,19999900,22
2026-08-24T02:12:55Z,19270,2000000,19594100,32
2026-08-24T02:12:55Z,19271,4374200,4374300,19
2026-08-24T02:12:55Z,19272,4728000,4728000,9
2026-08-24T02:12:55Z,19273,5279900,5279900,10
2026-08-24T02:12:55Z,19274,2000000,2500000,14
2026-08-24T02:12:55Z,19275,3004800,3004900,21
2026-08-24T02:12:55Z,19276,3039800,7612300,147
2026-08-24T02:12:55Z,19278,2505800,2995900,47
2026-08-24T02:12:55Z,19279,3919800,3959500,22
2026-08-24T02:12:55Z,19280,700000,2948000,35
2026-08-24T02:12:55Z,19281,3199200,3199200,21
2026-08-24T02:12:55Z,19282,1890200,1890200,26
2026-08-24T02:12:55Z,19283,2400000,2400000,28
2026-08-24T02:12:55Z,19284,15000000,19601900,36
2026-08-24T02:12:55Z,19299,1700,1700,257
2026-08-24T02:12:55Z,19300,1100,1100,22457
2026-08-24T02:12:55Z,19304,600,9000,857
2026-08-24T02:12:55Z,19305,1900,2000,263
2026-08-24T02:12:55Z,19306,200,200,315
2026-08-24T02:12:55Z,19440,60000,80000,372
2026-08-24T02:12:55Z,19441,1500,3100,3834
2026-08-24T02:12:55Z,19698,59500,59500,1697
2026-08-24T02:12:55Z,19699,49300,49300,2930
2026-08-24T02:12:55Z,19700,18100,18100,290
2026-08-24T02:12:55Z,19701,86000,86000,507
2026-08-24T02:12:55Z,19702,25200,25200,1694
2026-08-24T02:12:55Z,19703,110000,110000,509
2026-08-24T02:12:55Z,19704,40000,42500,2550
2026-08-24T02:12:55Z,19705,43600,43600,1915
2026-08-24T02:12:55Z,19706,22800,22800,190
2026-08-24T02:12:55Z,19726,1000000800,1000000800,2
2026-08-24T02:12:55Z,19767,995000,1000000,149
2026-08-24T02:12:55Z,19768,450000,450000,249
2026-08-24T02:12:55Z,19774,290007600,290007600,1
2026-08-24T02:12:55Z,19931,3526700,6446800,87
2026-08-24T02:12:55Z,19933,20000,23800,40
2026-08-24T02:12:55Z,19935,9500001300,9500001300,1
2026-08-24T02:12:55Z,19936,1500001300,1500001300,1
2026-08-24T02:12:55Z,19937,290001200,290001200,1
2026-08-24T02:12:55Z,19938,35000700,49000700,23
2026-08-24T02:12:55Z,19943,894600,1100000,5554
2026-08-24T02:12:55Z,19974,6882100,6882100,37
2026-08-24T02:12:55Z,19975,10009900,15559900,26
2026-08-24T02:12:55Z,20002,751700,751700,878
2026-08-24T02:12:55Z,20004,736100,736100,1330
2026-08-24T02:12:55Z,20007,649800,649800,1256
2026-08-24T02:12:55Z,20008,200000,259900,123
2026-08-24T02:12:55Z,20016,1500005500,1500005500,1
2026-08-24T02:12:55Z,20074,1046000,1046000,130
2026-08-24T02:12:55Z,20381,790300,1309800,83
2026-08-24T02:12:55Z,20384,1509800,1509800,1746
2026-08-24T02:12:55Z,20404,140000,449700,13337
2026-08-24T02:12:55Z,20416,199000000,199000000,1
2026-08-24T02:12:55Z,20418,195550000,195550000,1
2026-08-24T02:12:55Z,20419,1500000,1500000,5
2026-08-24T02:12:55Z,20420,193750000,193750000,5
2026-08-24T02:12:55Z,20424,117700,177700,1310
2026-08-24T02:12:55Z,20432,989799900,989799900,2
2026-08-24T02:12:55Z,20433,989990100,989990100,2
2026-08-24T02:12:55Z,20435,242964100,242964100,1
2026-08-24T02:12:55Z,20436,199999300,199999300,1
2026-08-24T02:12:55Z,20450,9500000100,9500000100,1
2026-08-24T02:12:55Z,20452,500000,500000,106
2026-08-24T02:12:55Z,20498,49001600,49001600,25
2026-08-24T02:12:55Z,20499,1500000800,1500000800,1
2026-08-24T02:12:55Z,20500,290003100,290003100,1
2026-08-24T02:12:55Z,20501,290003100,290003100,1
2026-08-24T02:12:55Z,20513,289985100,289985100,2
2026-08-24T02:12:55Z,20514,5500000100,5500000100,2
2026-08-24T02:12:55Z,20518,255000,255000,50
2026-08-24T02:12:55Z,20520,1870000,1870000,1511
2026-08-24T02:12:55Z,20526,166900,166900,84
2026-08-24T02:12:55Z,20527,250000,250000,60
2026-08-24T02:12:55Z,20528,10700,10700,31
2026-08-24T02:12:55Z,20531,569000,569000,70
2026-08-24T02:12:55Z,20532,203000,203000,35
2026-08-24T02:12:55Z,20533,248700,248700,37
2026-08-24T02:12:55Z,20535,1462200,1462200,40
2026-08-24T02:12:55Z,20540,4057600,4057600,25
2026-08-24T02:12:55Z,20541,316500,316500,31
2026-08-24T02:12:55Z,20542,7779800,9993400,23
2026-08-24T02:12:55Z,20543,1590900,1590900,28
2026-08-24T02:12:55Z,20544,9892000,9892000,23
2026-08-24T02:12:55Z,20545,940000,941000,75
2026-08-24T02:12:55Z,20552,94300,94300,55
2026-08-24T02:12:55Z,20676,1120100,1120100,98
2026-08-24T02:12:55Z,20677,502500,502500,59
2026-08-24T02:12:55Z,20678,200000,200000,82
2026-08-24T02:12:55Z,20679,285500,285500,53
2026-08-24T02:12:55Z,20709,26600,26600,938
2026-08-24T02:12:55Z,20763,100000,100000,66
2026-08-24T02:12:55Z,20770,10000,10000,52
2026-08-24T02:12:55Z,20812,49000100,49000100,29
2026-08-24T02:12:55Z,20813,49000100,49000100,31
2026-08-24T02:12:55Z,20816,35700,42300,787
2026-08-24T02:12:55Z,20817,64800,64800,305
2026-08-24T02:12:55Z,20842,49000100,49000100,33
2026-08-24T02:12:55Z,20843,150100,150100,27
2026-08-24T02:12:55Z,20844,1500000200,1500000200,1
2026-08-24T02:12:55Z,20845,49003000,49003000,32
2026-08-24T02:12:55Z,20846,49000100,49000100,31
2026-08-24T02:12:55Z,20847,150100,150100,28
2026-08-24T02:12:55Z,20848,150100,150100,30
2026-08-24T02:12:55Z,20857,2400,9992400,37
2026-08-24T02:12:55Z,20858,7500,7500,513
2026-08-24T02:12:55Z,20859,3000,3000,266
2026-08-24T02:12:55Z,20860,3800,3800,338
2026-08-24T02:12:55Z,20861,3200,3500,311
2026-08-24T02:12:55Z,20862,7000,7000,265
2026-08-24T02:12:55Z,20863,3200,3200,391
2026-08-24T02:12:55Z,20864,3800,3800,379
2026-08-24T02:12:55Z,20865,9500,9500,303
2026-08-24T02:12:55Z,20866,10000,10600,54
2026-08-24T02:12:55Z,20867,191900,4998400,46
2026-08-24T02:12:55Z,20868,47500,56400,76
2026-08-24T02:12:55Z,20869,19500,19500,54
2026-08-24T02:12:55Z,20870,10000,12300,55
2026-08-24T02:12:55Z,20871,9900,9900,50
2026-08-24T02:12:55Z,20872,17500,17500,58
2026-08-24T02:12:55Z,20873,27500,27500,61
2026-08-24T02:12:55Z,20874,180000,180000,18
2026-08-24T02:12:55Z,20875,11100,11100,72
2026-08-24T02:12:55Z,20876,180000,4989900,84
2026-08-24T02:12:55Z,20877,13100,13100,59
2026-08-24T02:12:55Z,20878,12400,12400,59
2026-08-24T02:12:55Z,20879,17700,17700,66
2026-08-24T02:12:55Z,20881,12800,12800,58
2026-08-24T02:12:55Z,20882,19800,176000,244
2026-08-24T02:12:55Z,20963,243600,246000,530
2026-08-24T02:12:55Z,21023,499900,499900,96
2026-08-24T02:12:55Z,21024,800000,800000,586
2026-08-24T02:12:55Z,21030,9699800,9699900,48
2026-08-24T02:12:55Z,21031,9699600,9699700,33
2026-08-24T02:12:55Z,21033,9909600,9909700,44
2026-08-24T02:12:55Z,21071,6500,199900,25063
2026-08-24T02:12:55Z,21072,200,200,364
2026-08-24T02:12:55Z,21114,2100,6600,258
2026-08-24T02:12:55Z,21151,1100,1700,437
2026-08-24T02:12:55Z,21153,11400,490000,5507
2026-08-24T02:12:55Z,21177,9908600,9908600,100
2026-08-24T02:12:55Z,21213,9800,50000,18126
2026-08-24T02:12:55Z,21215,111000,111000,4955
2026-08-24T02:12:55Z,21217,4000,7500,434
2026-08-24T02:12:55Z,21222,52500,52500,291
2026-08-24T02:12:55Z,21223,50700,50700,158
2026-08-24T02:12:55Z,21224,5000,5000,61
2026-08-24T02:12:55Z,21225,48600,48600,82
2026-08-24T02:12:55Z,21226,5000,49000000,32
2026-08-24T02:12:55Z,21227,49002300,49002300,20
2026-08-24T02:12:55Z,21536,395900,396000,474
2026-08-24T02:12:55Z,21546,436800,436800,286
2026-08-24T02:12:55Z,21552,27500,27500,852
2026-08-24T02:12:55Z,21557,10000,10000,12133
2026-08-24T02:12:55Z,21558,10000,10000,12458
2026-08-24T02:12:55Z,21559,9900,10000,13543
2026-08-24T02:12:55Z,21561,10000,10000,3336
2026-08-24T02:12:55Z,21562,10000,10000,3390
2026-08-24T02:12:55Z,21569,2999400,2999400,173
2026-08-24T02:12:55Z,21570,454900,459500,218
2026-08-24T02:12:55Z,21571,10000,10000,9888
2026-08-24T02:12:55Z,21574,10000,10000,10745
2026-08-24T02:12:55Z,21576,43800,43800,510
2026-08-24T02:12:55Z,21589,150000,150000,52
2026-08-24T02:12:55Z,21590,10000,10000,1778
2026-08-24T02:12:55Z,21592,10000,10000,907
2026-08-24T02:12:55Z,21593,9979900,9979900,42
2026-08-24T02:12:55Z,21595,405500,445500,108
2026-08-24T02:12:55Z,21714,248100,248100,577
2026-08-24T02:12:55Z,21716,239700,239900,643
2026-08-24T02:12:55Z,21718,258800,259000,452
2026-08-24T02:12:55Z,21721,17000,17000,769
2026-08-24T02:12:55Z,21747,54900,54900,414
2026-08-24T02:12:55Z,21752,39600,40000,1086
2026-08-24T02:12:55Z,21830,176381300,176381300,2
2026-08-24T02:12:55Z,21840,4600,4600,18258
2026-08-24T02:12:55Z,21842,40000,51000,915
2026-08-24T02:12:55Z,21844,20300,20300,11176
2026-08-24T02:12:55Z,21845,4901900,4901900,380
2026-08-24T02:12:55Z,21877,900,900,240587
2026-08-24T02:12:55Z,21881,5900,9900,2578
2026-08-24T02:12:55Z,21882,2500,4900,6683
2026-08-24T02:12:55Z,21884,4990000,5300000,785
2026-08-24T02:12:55Z,21885,1992200,2085200,454
2026-08-24T02:12:55Z,21886,959900,1405200,3766
2026-08-24T02:12:55Z,21887,58800,63000,8572
2026-08-24T02:12:55Z,21927,290000600,290000600,1
2026-08-24T02:12:55Z,21929,6600,7500,4103
2026-08-24T02:12:55Z,21990,2900,2900,396
2026-08-24T02:12:55Z,21991,3000,3000,664
2026-08-24T02:12:55Z,22054,291108400,291108400,18
2026-08-24T02:12:55Z,22055,290000400,290000400,21
2026-08-24T02:12:55Z,22147,290009700,290009700,2
2026-08-24T02:12:55Z,22148,49000600,49000600,20
2026-08-24T02:12:55Z,22202,154600,154600,4049
2026-08-24T02:12:55Z,22203,892900,892900,582
2026-08-24T02:12:55Z,22324,9870400,9870400,25
2026-08-24T02:12:55Z,22373,199999800,199999800,89
2026-08-24T02:12:55Z,22374,200000100,200000100,27
2026-08-24T02:12:55Z,22375,450000000,450000000,35
2026-08-24T02:12:55Z,22376,10009800,10009800,2
2026-08-24T02:12:55Z,22445,20500,25900,138839
2026-08-24T02:12:55Z,22446,95600,95600,31461
2026-08-24T02:12:55Z,22447,182900,184900,6188
2026-08-24T02:12:55Z,22448,5300,9900,8449
2026-08-24T02:12:55Z,22449,18700,26100,218923
2026-08-24T02:12:55Z,22450,23500,26400,20188
2026-08-24T02:12:55Z,22451,4410000,4439700,519
2026-08-24T02:12:55Z,22452,62200,72000,6857
2026-08-24T02:12:55Z,22456,253600,269500,1931
2026-08-24T02:12:55Z,22457,4019900,4019900,721
2026-08-24T02:12:55Z,22459,6600,35500,83
2026-08-24T02:12:55Z,22460,203400,9993400,132
2026-08-24T02:12:55Z,22525,2800,2900,236
2026-08-24T02:12:55Z,22526,9900,9900,875
2026-08-24T02:12:55Z,22527,800,800,398
2026-08-24T02:12:55Z,22528,800,800,1031
2026-08-24T02:12:55Z,22529,720000,720000,37
2026-08-24T02:12:55Z,22572,410000,429900,2884
2026-08-24T02:12:55Z,22573,5400,5400,43459
2026-08-24T02:12:55Z,22574,477500,600000,9076
2026-08-24T02:12:55Z,22575,107500,108000,31213
2026-08-24T02:12:55Z,22576,379500,384500,5961
2026-08-24T02:12:55Z,22577,27500,30000,15336
2026-08-24T02:12:55Z,22578,194500,195500,6081
2026-08-24T02:12:55Z,22641,547400,557600,1056
2026-08-24T02:12:55Z,22642,333800,339900,2328
2026-08-24T02:12:55Z,22644,7500,9000,1068
2026-08-24T02:12:55Z,22645,200,200,160
2026-08-24T02:12:55Z,22682,227400,236700,1852
2026-08-24T02:12:55Z,22710,15000,15000,968
2026-08-24T02:12:55Z,22785,19900,25000,27275
2026-08-24T02:12:55Z,22786,39500,52900,2666
2026-08-24T02:12:55Z,22787,29500,33000,1855
2026-08-24T02:12:55Z,22788,71900,123200,1919
2026-08-24T02:12:55Z,22789,15500,18000,2231
2026-08-24T02:12:55Z,22790,14500,18000,3293
2026-08-24T02:12:55Z,22791,39500,39500,34173
2026-08-24T02:12:55Z,22792,15000,15500,15627
2026-08-24T02:12:55Z,22793,70000,79500,5688
2026-08-24T02:12:55Z,22794,90000,143500,2218
2026-08-24T02:12:55Z,22795,700,700,310
2026-08-24T02:12:55Z,22797,3000000,199900000,112
2026-08-24T02:12:55Z,22823,290000,290000,269
2026-08-24T02:12:55Z,22824,55200,9841800,50
2026-08-24T02:12:55Z,22825,5000,5000,109
2026-08-24T02:12:55Z,22826,28800,105300,89
2026-08-24T02:12:55Z,22827,599900,599900,88
2026-08-24T02:12:55Z,22828,101800,101800,103
2026-08-24T02:12:55Z,22829,5000,5000,487
2026-08-24T02:12:55Z,22830,493500,493500,95
2026-08-24T02:12:55Z,22831,61100,61100,139
2026-08-24T02:12:55Z,22832,5000,5300,334
2026-08-24T02:12:55Z,22833,9770000,9770000,36
2026-08-24T02:12:55Z,22834,55000,59300,213
2026-08-24T02:12:55Z,22835,555500,555500,75
2026-08-24T02:12:55Z,22836,29900,1334200,4423
2026-08-24T02:12:55Z,22837,1846500,1846500,82
2026-08-24T02:12:55Z,22838,1064400,4989800,543
2026-08-24T02:12:55Z,22839,492200,492200,66
2026-08-24T02:12:55Z,22840,196800,196800,79
2026-08-24T02:12:55Z,22841,1500000,1500000,75
2026-08-24T02:12:55Z,22842,1499900,1499900,74
2026-08-24T02:12:55Z,22844,259000,259500,111
2026-08-24T02:12:55Z,22845,449900,449900,94
2026-08-24T02:12:55Z,22846,103300,103300,147
2026-08-24T02:12:55Z,22847,9799900,9799900,48
2026-08-24T02:12:55Z,22848,410000,410000,259
2026-08-24T02:12:55Z,22849,189400,189400,70
2026-08-24T02:12:55Z,22850,7600,7600,266
2026-08-24T02:12:55Z,22851,10000,10000,235
2026-08-24T02:12:55Z,22853,25000,25000,254
2026-08-24T02:12:55Z,22854,46300,46300,201
2026-08-24T02:12:55Z,22861,246300,246300,1236
2026-08-24T02:12:55Z,22866,170000,170000,457
2026-08-24T02:12:55Z,22871,20000,20000,65
2026-08-24T02:12:55Z,23055,110000000,110000000,11
2026-08-24T02:12:55Z,23077,410000,440000,1630
2026-08-24T02:12:55Z,23079,9000,10000,1423
2026-08-24T02:12:55Z,23094,54800,124800,29
2026-08-24T02:12:55Z,23095,45900,45900,261
2026-08-24T02:12:55Z,23096,249965100,249965100,3
2026-08-24T02:12:55Z,23097,47200,97200,76
2026-08-24T02:12:55Z,23098,19700,29700,53
2026-08-24T02:12:55Z,23099,3023700,3023700,29
2026-08-24T02:12:55Z,23100,32000,43100,36
2026-08-24T02:12:55Z,23101,599900,599900,32
2026-08-24T02:12:55Z,23103,44200,243200,34
2026-08-24T02:12:55Z,23104,19800,19800,38
2026-08-24T02:12:55Z,23105,6343400,6343400,26
2026-08-24T02:12:55Z,23106,990000000,990000000,1
2026-08-24T02:12:55Z,23107,30000,34700,7245
2026-08-24T02:12:55Z,23108,20000,43100,63
2026-08-24T02:12:55Z,23109,9808500,9808500,26
2026-08-24T02:12:55Z,23110,4306100,4306100,25
2026-08-24T02:12:55Z,23111,12300,12300,78
2026-08-24T02:12:55Z,23112,21100,23800,1107
2026-08-24T02:12:55Z,23113,59800,9990000,23
2026-08-24T02:12:55Z,23114,22000,42100,36
2026-08-24T02:12:55Z,23115,9900000,9900000,25
2026-08-24T02:12:55Z,23116,10000,10000,146
2026-08-24T02:12:55Z,23117,36600,39900,3581
2026-08-24T02:12:55Z,23118,24100,24100,230
2026-08-24T02:12:55Z,23119,19900,20000,72
2026-08-24T02:12:55Z,23120,36000,36000,77
2026-08-24T02:12:55Z,23121,3499999800,3499999800,1
2026-08-24T02:12:55Z,23329,8200,8200,34
2026-08-24T02:12:55Z,23330,49000100,49000100,20
2026-08-24T02:12:55Z,23331,48008900,48008900,20
2026-08-24T02:12:55Z,23332,48000100,48000100,20
2026-08-24T02:12:55Z,23333,9000000,9000000,25
2026-08-24T02:12:55Z,23334,2000,2000,3
2026-08-24T02:12:55Z,23353,150100,19900100,44
2026-08-24T02:12:55Z,23354,300,300,44
2026-08-24T02:12:55Z,23355,290000400,290000400,1
2026-08-24T02:12:55Z,23380,49005000,49005000,20
2026-08-24T02:12:55Z,23383,45000000,45000000,24
2026-08-24T02:12:55Z,23384,1000900,1000900,29
2026-08-24T02:12:55Z,23385,2000,2000,33
2026-08-24T02:12:55Z,23386,100,100,31
2026-08-24T02:12:55Z,23424,60000,69800,3375
2026-08-24T02:12:55Z,23425,25000,25000,13492
2026-08-24T02:12:55Z,23426,2170000,2299000,1598
2026-08-24T02:12:55Z,23427,120000,220000,3173
2026-08-24T02:12:55Z,23436,400000,412000,321
2026-08-24T02:12:55Z,23437,33300,40000,445
2026-08-24T02:12:55Z,23438,80000,90000,312
2026-08-24T02:12:55Z,23439,31100,36300,209
2026-08-24T02:12:55Z,23440,90000,100000,314
2026-08-24T02:12:55Z,23441,101100,108000,210
2026-08-24T02:12:55Z,23445,128800,129900,4696
2026-08-24T02:12:55Z,23446,62200,63200,6845
2026-08-24T02:12:55Z,23447,229900,309300,3641
2026-08-24T02:12:55Z,23448,970000,970000,954
2026-08-24T02:12:55Z,23449,4720000,4750000,569
2026-08-24T02:12:55Z,23528,20000,144900,321
2026-08-24T02:12:55Z,23529,10000,48800,2349
2026-08-24T02:12:55Z,23530,72210000,72210000,1
2026-08-24T02:12:55Z,23559,20000,21900,410
2026-08-24T02:12:55Z,23571,14118800,15200000,427
2026-08-24T02:12:55Z,23572,17500,17600,1036
2026-08-24T02:12:55Z,23573,640000,690000,1332
2026-08-24T02:12:55Z,23575,11800,11800,391
2026-08-24T02:12:55Z,23576,250000,250000,44
2026-08-24T02:12:55Z,23676,12500,49900,18884
2026-08-24T02:12:55Z,23704,650000,650000,92
2026-08-24T02:12:55Z,23736,3000,3800,1339
2026-08-24T02:12:55Z,23737,175400,175400,1268
2026-08-24T02:12:55Z,23756,8100,8100,104
2026-08-24T02:12:55Z,23764,1761800,1761800,31
2026-08-24T02:12:55Z,23765,39903800,39903800,8
2026-08-24T02:12:55Z,23766,39207100,39207100,13
2026-08-24T02:12:55Z,23768,9000,20600,1457
2026-08-24T02:12:55Z,23769,3000000,3000000,255
2026-08-24T02:12:55Z,23771,78300,79700,283
2026-08-24T02:12:55Z,23772,290000100,290000100,1
2026-08-24T02:12:55Z,23773,9900100,9900100,769
2026-08-24T02:12:55Z,23781,130300,131700,2423
2026-08-24T02:12:55Z,23782,389500,389600,1171
2026-08-24T02:12:55Z,23783,139900,139900,4494
2026-08-24T02:12:55Z,23784,277100,279900,1090
2026-08-24T02:12:55Z,23785,670000,739800,751
2026-08-24T02:12:55Z,23786,10299900,10300000,110
2026-08-24T02:12:55Z,23787,1990000,2500000,2098
2026-08-24T02:12:55Z,23793,385500,389700,9630
2026-08-24T02:12:55Z,23819,9803200,9803200,23
2026-08-24T02:12:55Z,23826,7999600,7999600,254
2026-08-24T02:12:55Z,23827,2939900,2939900,29
2026-08-24T02:12:55Z,23841,799900,799900,68
2026-08-24T02:12:55Z,23848,309800,309800,190
2026-08-24T02:12:55Z,23922,1500000100,1500000100,1
2026-08-24T02:12:55Z,23938,2095700,2095700,25
2026-08-24T02:12:55Z,23939,49001800,49001800,44
2026-08-24T02:12:55Z,23941,290000100,290000100,1
2026-08-24T02:12:55Z,23942,9500000100,9500000100,1
2026-08-24T02:12:55Z,23943,5500000100,5500000100,1
2026-08-24T02:12:55Z,23944,49000100,49000100,20
2026-08-24T02:12:55Z,23945,49000100,49000100,20
2026-08-24T02:12:55Z,23946,49000100,49000100,20
2026-08-24T02:12:55Z,23947,49000100,49000100,20
2026-08-24T02:12:55Z,23948,49005400,49005400,20
2026-08-24T02:12:55Z,23949,49007700,49007700,20
2026-08-24T02:12:55Z,23952,290000100,290000100,1
2026-08-24T02:12:55Z,23953,290000100,290000100,1
2026-08-24T02:12:55Z,23955,9500000200,9500000200,1
2026-08-24T02:12:55Z,23965,49001400,49001400,20
2026-08-24T02:12:55Z,23968,1500000500,1500000500,1
2026-08-24T02:12:55Z,23972,1500000600,1500000600,1
2026-08-24T02:12:55Z,23975,290000100,290000100,1
2026-08-24T02:12:55Z,23976,49001100,49001100,21
2026-08-24T02:12:55Z,23977,49000800,49000800,22
2026-08-24T02:12:55Z,23978,49001000,49001000,25
2026-08-24T02:12:55Z,23979,49001500,49001500,20
2026-08-24T02:12:55Z,23980,5500001200,5500001200,1
2026-08-24T02:12:55Z,23984,44400,44400,27387
2026-08-24T02:12:55Z,23987,49000100,49000100,20
2026-08-24T02:12:55Z,23988,100000,100000,24
2026-08-24T02:12:55Z,24027,3000000,3000000,8
2026-08-24T02:12:55Z,24028,900000,900000,29
2026-08-24T02:12:55Z,24030,931100,931100,48
2026-08-24T02:12:55Z,24031,950000000,950000000,1
2026-08-24T02:12:55Z,24032,1274400,9909500,38
2026-08-24T02:12:55Z,24033,150000,150000,57
2026-08-24T02:12:55Z,24035,109900,131000,30
2026-08-24T02:12:55Z,24036,3470500,3470500,47
2026-08-24T02:12:55Z,24037,990000000,990000000,3
2026-08-24T02:12:55Z,24039,299900,300000,214
2026-08-24T02:12:55Z,24047,3157894800,3157894800,1
2026-08-24T02:12:55Z,24048,468800,468800,68
2026-08-24T02:12:55Z,24050,450000000,450000000,1
2026-08-24T02:12:55Z,24051,725600,1000000,92
2026-08-24T02:12:55Z,24052,450000000,450000000,1
2026-08-24T02:12:55Z,24053,150500,150500,73
2026-08-24T02:12:55Z,24054,476200,476200,48
2026-08-24T02:12:55Z,24055,220000,271300,39
2026-08-24T02:12:55Z,24056,442600,442600,38
2026-08-24T02:12:55Z,24057,450000000,450000000,1
2026-08-24T02:12:55Z,24058,103600,103600,27
2026-08-24T02:12:55Z,24059,6851500,6851500,42
2026-08-24T02:12:55Z,24060,293900,293900,26
2026-08-24T02:12:55Z,24061,1356000,1356000,40
2026-08-24T02:12:55Z,24062,250008000,250008000,1
2026-08-24T02:12:55Z,24065,750000,750000,55
2026-08-24T02:12:55Z,24066,208100,5628100,74
2026-08-24T02:12:55Z,24067,85400,85500,35
2026-08-24T02:12:55Z,24072,8800,8800,145
2026-08-24T02:12:55Z,24105,597400,9909500,48
2026-08-24T02:12:55Z,24186,290000100,290000100,1
2026-08-24T02:12:55Z,24189,9100,9100,53
2026-08-24T02:12:55Z,24231,15600,15600,28
2026-08-24T02:12:55Z,24232,49007500,49007500,21
2026-08-24T02:12:55Z,24234,290000800,290000800,1
2026-08-24T02:12:55Z,24235,290001300,290001300,1
2026-08-24T02:12:55Z,24242,49002300,49002300,20
2026-08-24T02:12:55Z,24243,390000,390000,5985
2026-08-24T02:12:55Z,24245,250000,299100,3587
2026-08-24T02:12:55Z,24246,6900,22900,29414
2026-08-24T02:12:55Z,24268,1700,1700,990
2026-08-24T02:12:55Z,24271,10653500,10653500,356
2026-08-24T02:12:55Z,24272,6208100,6208100,539
2026-08-24T02:12:55Z,24273,48749900,48749900,5
2026-08-24T02:12:55Z,24274,22761200,22761200,12
2026-08-24T02:12:55Z,24275,11566000,11566000,13
2026-08-24T02:12:55Z,24276,31144700,31144700,11
2026-08-24T02:12:55Z,24281,49000500,49000500,20
2026-08-24T02:12:55Z,24282,1909900,49009900,22
2026-08-24T02:12:55Z,24291,189500,822800,6806
2026-08-24T02:12:55Z,24338,300,300,130
2026-08-24T02:12:55Z,24368,19900,20000,2820
2026-08-24T02:12:55Z,24401,124900,125000,17641
2026-08-24T02:12:55Z,24403,6594700,6594700,26
2026-08-24T02:12:55Z,24404,49000800,49000800,20
2026-08-24T02:12:55Z,24405,300000,300000,63
2026-08-24T02:12:55Z,24406,49000000,49000000,20
2026-08-24T02:12:55Z,24449,600000,800000,1914
2026-08-24T02:12:55Z,24476,60400,200000,2480
2026-08-24T02:12:55Z,24477,300,500,21013
2026-08-24T02:12:55Z,24478,97000,120000,642
2026-08-24T02:12:55Z,24479,3249600,3999900,295
2026-08-24T02:12:55Z,24506,20001000,49001000,21
2026-08-24T02:12:55Z,24507,119000,9909000,115
2026-08-24T02:12:55Z,24508,1200,1200,350
2026-08-24T02:12:55Z,24509,1231100,1231100,4
2026-08-24T02:12:55Z,24510,10000,49000000,22
2026-08-24T02:12:55Z,24511,1400,1400,165
2026-08-24T02:12:55Z,24516,100000,49000000,23
2026-08-24T02:12:55Z,24517,49001500,49001500,20
2026-08-24T02:12:55Z,24519,205200,205200,108
2026-08-24T02:12:55Z,24521,102000,102000,31
2026-08-24T02:12:55Z,24539,9900000,9900000,25
2026-08-24T02:12:55Z,25408,49001400,49001400,20
2026-08-24T02:12:55Z,25409,54800,54800,41
2026-08-24T02:12:55Z,25410,49001500,49001500,20
2026-08-24T02:12:55Z,25411,28500,9908500,105
2026-08-24T02:12:55Z,25412,1381600,1381600,42
2026-08-24T02:12:55Z,25413,290001800,290001800,1
2026-08-24T02:12:55Z,25414,49001500,49001500,23
2026-08-24T02:12:55Z,25415,9500002000,9500002000,1
2026-08-24T02:12:55Z,25416,298300,368400,1380
2026-08-24T02:12:55Z,25417,199999900,199999900,2
2026-08-24T02:12:55Z,25418,1200,1200,232
2026-08-24T02:12:55Z,25420,19999800,49009800,15
2026-08-24T02:12:55Z,25421,3000,3000,146
2026-08-24T02:12:55Z,25425,10000,15200,42
2026-08-24T02:12:55Z,25426,1200,1200,342
2026-08-24T02:12:55Z,25427,100000,100000,29
2026-08-24T02:12:55Z,25428,35000,35000,73
2026-08-24T02:12:55Z,25429,11400,49001400,31
2026-08-24T02:12:55Z,25430,14200,14200,445
2026-08-24T02:12:55Z,25431,15852400,15852400,250
2026-08-24T02:12:55Z,25432,46700,49007000,23
2026-08-24T02:12:55Z,25434,10000,10000,70
2026-08-24T02:12:55Z,25435,11800,11800,49
2026-08-24T02:12:55Z,25436,900000,1001500,32
2026-08-24T02:12:55Z,25437,39800,49002000,35
2026-08-24T02:12:55Z,25440,250000,250000,25
2026-08-24T02:12:55Z,25441,1999400,49009400,21
2026-08-24T02:12:55Z,25442,9902500,9902500,102
2026-08-24T02:12:55Z,25443,49000000,49000000,20
2026-08-24T02:12:55Z,25444,200000,200000,62
2026-08-24T02:12:55Z,25445,35600,35600,142
2026-08-24T02:12:55Z,25446,400000,800000,25
2026-08-24T02:12:55Z,25447,40001900,40001900,51
2026-08-24T02:12:55Z,25450,49001400,49001400,20
2026-08-24T02:12:55Z,25451,1200,1200,140
2026-08-24T02:12:55Z,25452,290001500,290001500,1
2026-08-24T02:12:55Z,25453,8200,8200,44
2026-08-24T02:12:55Z,25454,1746600,1746700,25
2026-08-24T02:12:55Z,25456,10000,10000,29
2026-08-24T02:12:55Z,25463,69900,110100,1641
2026-08-24T02:12:55Z,25466,49000100,49000100,20
2026-08-24T02:12:55Z,25467,49000100,49000100,21
2026-08-24T02:12:55Z,25521,280000,280000,47
2026-08-24T02:12:55Z,25548,9990000,9990000,20
2026-08-24T02:12:55Z,25550,9906600,9916500,31
2026-08-24T02:12:55Z,25649,9200,13400,8840
2026-08-24T02:12:55Z,25650,8300,8300,201
2026-08-24T02:12:55Z,25651,1660500,1660500,38
2026-08-24T02:12:55Z,25652,8844200,8849500,17
2026-08-24T02:12:55Z,25679,18700,18700,105
2026-08-24T02:12:55Z,25699,12400,15900,3987
2026-08-24T02:12:55Z,25700,92500,92500,821
2026-08-24T02:12:55Z,25703,450000200,450000200,1
2026-08-24T02:12:55Z,25707,44400,49700,1198
2026-08-24T02:12:55Z,25708,750000,805000,1095
2026-08-24T02:12:55Z,25719,200000,300000,2038
2026-08-24T02:12:55Z,25723,9900100,9900100,100
2026-08-24T02:12:55Z,25724,290000100,290000100,1
2026-08-24T02:12:55Z,25744,709300,716400,11234
2026-08-24T02:12:55Z,25802,1107500,1200000,8668
2026-08-24T02:12:55Z,25813,2000,11600,31
2026-08-24T02:12:55Z,25867,4200000,4200000,466
2026-08-24T02:12:55Z,25868,21000000,21000000,227
2026-08-24T02:12:55Z,25886,202200,202200,1038
2026-08-24T02:12:55Z,25890,49990000,49990000,18
2026-08-24T02:12:55Z,25893,34999700,34999700,6
2026-08-24T02:12:55Z,25894,49989800,49989800,15
2026-08-24T02:12:55Z,25895,49990100,88426500,31
2026-08-24T02:12:55Z,25896,72583900,72583900,6
2026-08-24T02:12:55Z,25897,198990000,198990000,21
2026-08-24T02:12:55Z,25898,23834700,23834700,13
2026-08-24T02:12:55Z,25899,7498400,7498400,7
2026-08-24T02:12:55Z,25901,399000,399000,39
2026-08-24T02:12:55Z,27422,1500,1500,7251
2026-08-24T02:12:55Z,27425,500,2600,5109
2026-08-24T02:12:55Z,27429,1600,1900,1574
2026-08-24T02:12:55Z,27435,1900,2000,2269
2026-08-24T02:12:55Z,27437,5000,5700,1582
2026-08-24T02:12:55Z,27438,1500,2200,1710
2026-08-24T02:12:55Z,27439,30000,31100,9021
2026-08-24T02:12:55Z,27441,90000,90000,35
2026-08-24T02:12:55Z,27442,5300000,5300000,5
2026-08-24T02:12:55Z,27443,49002100,49002100,28
2026-08-24T02:12:55Z,27498,5000,5000,82
2026-08-24T02:12:55Z,27499,37200,37200,46
2026-08-24T02:12:55Z,27500,14700,14700,38
2026-08-24T02:12:55Z,27501,9900,9900,49
2026-08-24T02:12:55Z,27502,12700,12700,62
2026-08-24T02:12:55Z,27503,19800,19800,66
2026-08-24T02:12:55Z,27515,2800000,4976900,126
2026-08-24T02:12:55Z,27516,3850200,4970000,129
2026-08-24T02:12:55Z,27635,9400,9400,59
2026-08-24T02:12:55Z,27636,118800,118800,136
2026-08-24T02:12:55Z,27651,1200,2000,130
2026-08-24T02:12:55Z,27655,30000,30000,961
2026-08-24T02:12:55Z,27656,199999900,199999900,2
2026-08-24T02:12:55Z,27657,5000,5000,121
2026-08-24T02:12:55Z,27658,9900,9900,531
2026-08-24T02:12:55Z,27659,40000,40000,150
2026-08-24T02:12:55Z,27660,20000,73200,133
2026-08-24T02:12:55Z,27661,200,200,70
2026-08-24T02:12:55Z,27662,20000,26500,107
2026-08-24T02:12:55Z,27663,3500,3500,88
2026-08-24T02:12:55Z,27664,2800,2800,73
2026-08-24T02:12:55Z,27665,24400,24400,116
2026-08-24T02:12:55Z,27666,110000,110000,114
2026-08-24T02:12:55Z,27667,154000,154000,85
2026-08-24T02:12:55Z,27668,900,6700,7755
2026-08-24T02:12:55Z,27669,20000,20000,2339
2026-08-24T02:12:55Z,27671,2400,12300,6964
2026-08-24T02:12:55Z,27674,11100,11100,1576
2026-08-24T02:12:55Z,27676,29900,19909900,44
2026-08-24T02:12:55Z,27677,800,14300,9841
2026-08-24T02:12:55Z,27678,1500,2000,6058
2026-08-24T02:12:55Z,27681,7000,7000,3713
2026-08-24T02:12:55Z,27682,14500,16200,11294
2026-08-24T02:12:55Z,27729,49000100,49001100,14
2026-08-24T02:12:55Z,27854,300,300,371
2026-08-24T02:12:55Z,27855,300,300,187
2026-08-24T02:12:55Z,27856,29800,29800,169
2026-08-24T02:12:55Z,27857,1400,1400,116
2026-08-24T02:12:55Z,27858,300,300,156
2026-08-24T02:12:55Z,27859,300,300,61
2026-08-24T02:12:55Z,27860,400,400,188
2026-08-24T02:12:55Z,27932,10000,10000,32
2026-08-24T02:12:55Z,27933,290001500,290001500,1
2026-08-24T02:12:55Z,27934,49001700,49001800,30
2026-08-24T02:12:55Z,27935,49002000,49002000,21
2026-08-24T02:12:55Z,28053,19999600,49009600,21
2026-08-24T02:12:55Z,28056,49000100,49000100,1020
2026-08-24T02:12:55Z,28058,1150000,9903700,115
2026-08-24T02:12:55Z,28059,121500,49001500,23
2026-08-24T02:12:55Z,28060,5509800,5509800,181
2026-08-24T02:12:55Z,28061,49000100,49000100,20
2026-08-24T02:12:55Z,28100,1000,1500,856
2026-08-24T02:12:55Z,28101,36500,36600,100
2026-08-24T02:12:55Z,28102,8700,9943000,52
2026-08-24T02:12:55Z,28103,2500,2500,353
2026-08-24T02:12:55Z,28104,43000,43000,335
2026-08-24T02:12:55Z,28118,899400,899400,241
2026-08-24T02:12:55Z,28119,9997400,9997400,22
2026-08-24T02:12:55Z,28123,5071700,5071700,31
2026-08-24T02:12:55Z,28284,39000,39000,121
2026-08-24T02:12:55Z,28290,250000000,250000000,7
2026-08-24T02:12:55Z,28362,1199200,1199600,838
2026-08-24T02:12:55Z,28363,9880000,9880000,23
2026-08-24T02:12:55Z,28399,300,300,456
2026-08-24T02:12:55Z,28420,21800,21800,160
2026-08-24T02:12:55Z,28421,50000,50000,248
2026-08-24T02:12:55Z,28452,200,300,44
2026-08-24T02:12:55Z,28458,140000,149900,860
2026-08-24T02:12:55Z,28459,40000,3995900,52
2026-08-24T02:12:55Z,28461,110000,187800,60
2026-08-24T02:12:55Z,28462,250000000,250000000,1
2026-08-24T02:12:55Z,28463,30000,4990000,43
2026-08-24T02:12:55Z,28464,3993200,3993200,51
2026-08-24T02:12:55Z,28467,40400,40400,659
2026-08-24T02:12:55Z,28468,50300,3990100,54
2026-08-24T02:12:55Z,28470,20000,3995300,54
2026-08-24T02:12:55Z,28486,9900500,9900500,29
2026-08-24T02:12:55Z,28501,800,1900,82
2026-08-24T02:12:55Z,28595,139900,140000,54
2026-08-24T02:12:55Z,29110,290000100,290000100,2
2026-08-24T02:12:55Z,29111,290000100,290000100,3
2026-08-24T02:12:55Z,29112,18700,138300,121
2026-08-24T02:12:55Z,29292,20000,80000,88
2026-08-24T02:12:55Z,29393,9900000,9900000,60
2026-08-24T02:12:55Z,29394,40000,9900000,45
2026-08-24T02:12:55Z,29395,40000,40000,93
2026-08-24T02:12:55Z,29401,708800,708800,90
2026-08-24T02:12:55Z,29412,9909600,9909600,30
2026-08-24T02:12:55Z,29425,70000,80000,38227
2026-08-24T02:12:55Z,29426,246500,249900,2531
2026-08-24T02:12:55Z,29448,600,600,135
2026-08-24T02:12:55Z,29449,500,500,167
2026-08-24T02:12:55Z,29450,44900,45000,101
2026-08-24T02:12:55Z,29451,500,500,911
2026-08-24T02:12:55Z,29452,400,400,74
2026-08-24T02:12:55Z,29453,400,400,184
2026-08-24T02:12:55Z,29454,29400,9900000,36
2026-08-24T02:12:55Z,29460,1002500,1139500,697
2026-08-24T02:12:55Z,29533,29216600,29217000,7
2026-08-24T02:12:55Z,29534,7524600,7525000,18
2026-08-24T02:12:55Z,29535,63302100,63302100,5
2026-08-24T02:12:55Z,29536,21362800,21363200,19
2026-08-24T02:12:55Z,29539,2099900,2103400,640
2026-08-24T02:12:55Z,29547,879900,2095200,651
2026-08-24T02:12:55Z,29548,645000,647400,3970
2026-08-24T02:12:55Z,29551,1500001100,1500001100,1
2026-08-24T02:12:55Z,29557,1231400,1231400,18
2026-08-24T02:12:55Z,29558,290001500,290001500,2
2026-08-24T02:12:55Z,29559,1231800,49001800,22
2026-08-24T02:12:55Z,29560,49001000,49001000,20
2026-08-24T02:12:55Z,29561,1231400,1231400,37
2026-08-24T02:12:55Z,29562,1221500,1221500,24
2026-08-24T02:12:55Z,29563,1230000,7900000,138
2026-08-24T02:12:55Z,29564,58200,9908200,73
2026-08-24T02:12:55Z,29565,1231400,1231400,30
2026-08-24T02:12:55Z,29566,1500001500,1500001500,1
2026-08-24T02:12:55Z,29567,1231800,1231800,37
2026-08-24T02:12:55Z,29568,49002000,49002000,21
2026-08-24T02:12:55Z,29570,49001100,49001100,20
2026-08-24T02:12:55Z,29571,999700,3909700,221
2026-08-24T02:12:55Z,29572,290001100,290001100,1
2026-08-24T02:12:55Z,29573,49000000,49000000,20
2026-08-24T02:12:55Z,29574,49000200,49000200,20
2026-08-24T02:12:55Z,29575,1251100,1251100,13
2026-08-24T02:12:55Z,29576,49000000,49000000,17
2026-08-24T02:12:55Z,29577,49000200,49000200,21
2026-08-24T02:12:55Z,29578,1231500,1231500,4
2026-08-24T02:12:55Z,29579,11400,11400,24
2026-08-24T02:12:55Z,29580,4451800,4451800,38
2026-08-24T02:12:55Z,29581,49002000,49002000,28
2026-08-24T02:12:55Z,29739,28200,28500,34044
2026-08-24T02:12:55Z,29740,200000,290000,3726
2026-08-24T02:12:55Z,29750,625000,625000,362
2026-08-24T02:12:55Z,29799,31003000,31003000,32
2026-08-24T02:12:55Z,29800,202000,49002000,21
2026-08-24T02:12:55Z,30155,19900,19900,112
2026-08-24T02:12:55Z,30183,21900,22000,486
2026-08-24T02:12:55Z,30355,9900000,9900000,31
2026-08-24T02:12:55Z,30457,46600,9990000,39
2026-08-24T02:12:55Z,30458,400,400,56
2026-08-24T02:12:55Z,30466,49000000,49000000,20
2026-08-24T02:12:55Z,30467,290002000,290002000,1
2026-08-24T02:12:55Z,30475,49003500,49003500,26
2026-08-24T02:12:55Z,30476,40008100,49008100,21
2026-08-24T02:12:55Z,30477,51800,51800,31
2026-08-24T02:12:55Z,30478,1232000,1232000,25
2026-08-24T02:12:55Z,30506,290000600,290000600,1
2026-08-24T02:12:55Z,30507,290009900,290009900,1
2026-08-24T02:12:55Z,30508,49000100,49000100,19
2026-08-24T02:12:55Z,30509,49000100,49000100,20
2026-08-24T02:12:55Z,30510,551800,551800,32
2026-08-24T02:12:55Z,30511,49002000,49002000,22
2026-08-24T02:12:55Z,30512,554000,554000,27
2026-08-24T02:12:55Z,30513,40000000,40000000,29
2026-08-24T02:12:55Z,30610,46500,9840000,36
2026-08-24T02:12:55Z,30809,10800,13400,21657
2026-08-24T02:12:55Z,30810,300,800,36018
2026-08-24T02:12:55Z,30812,676500,676500,54
2026-08-24T02:12:55Z,30813,101800,49001900,27
2026-08-24T02:12:55Z,30814,49001800,49001800,20
2026-08-24T02:12:55Z,30815,49000000,49000000,21
2026-08-24T02:12:55Z,30816,800,800,892
2026-08-24T02:12:55Z,30817,100,100,58763
2026-08-24T02:12:55Z,30820,2400,2600,143
2026-08-24T02:12:55Z,30821,130000,305000,125
2026-08-24T02:12:55Z,31079,960000,960000,923
2026-08-24T02:12:55Z,31670,7500,9800,9512
2026-08-24T02:12:55Z,31671,7300,7300,1825
2026-08-24T02:12:55Z,31672,29900,29900,251
2026-08-24T02:12:55Z,31673,555500,555500,187
2026-08-24T02:12:55Z,31676,2523100,2523100,61
2026-08-24T02:12:55Z,31677,308900,308900,55
2026-08-24T02:12:55Z,31679,1874500,1874500,200
2026-08-24T02:12:55Z,31860,3500000200,3500000200,1
2026-08-24T02:12:55Z,31861,2500000600,2500000600,1
2026-08-24T02:12:55Z,31862,1500000000,1500000000,1
2026-08-24T02:12:55Z,31863,2500000600,2500000600,1
2026-08-24T02:12:55Z,31864,3500000200,3500000200,1
2026-08-24T02:12:55Z,31866,340400,340400,38
2026-08-24T02:12:55Z,31867,190600,255400,43
2026-08-24T02:12:55Z,31868,90000,90000,50
2026-08-24T02:12:55Z,31869,210000,210000,46
2026-08-24T02:12:55Z,31882,25900,25900,112
2026-08-24T02:12:55Z,31883,39700,39700,73
2026-08-24T02:12:55Z,31884,25000,25000,99
2026-08-24T02:12:55Z,31885,1008900,1008900,17
2026-08-24T02:12:55Z,31886,25000,25000,48
2026-08-24T02:12:55Z,31887,31500,31600,48
2026-08-24T02:12:55Z,31888,29947000,29947000,16
2026-08-24T02:12:55Z,31889,60000000,60000000,10
2026-08-24T02:12:55Z,31892,30000,445500,215
2026-08-24T02:12:55Z,31893,54800,79000,122
2026-08-24T02:12:55Z,31894,107500,3118900,204
2026-08-24T02:12:55Z,31895,20000000,20000000,10
2026-08-24T02:12:55Z,31896,25200,25400,48
2026-08-24T02:12:55Z,31898,50000,3110000,173
2026-08-24T02:12:55Z,31899,50009900,50009900,4
2026-08-24T02:12:55Z,31900,4696300,4696400,10
2026-08-24T02:12:55Z,31901,25000,25000,104
2026-08-24T02:12:55Z,31902,27900,27900,55
2026-08-24T02:12:55Z,31903,29400,29400,69
2026-08-24T02:12:55Z,31904,14990000,14990000,20
2026-08-24T02:12:55Z,31905,26600,26700,52
2026-08-24T02:12:55Z,31906,25400,25400,63
2026-08-24T02:12:55Z,31908,23932900,23932900,10
2026-08-24T02:12:55Z,31909,5854500,5854500,10
2026-08-24T02:12:55Z,31910,90000,3000000,388
2026-08-24T02:12:55Z,31911,28400,3119100,225
2026-08-24T02:12:55Z,31912,25000,3115000,128
2026-08-24T02:12:55Z,31913,9990000,9990000,15
2026-08-24T02:12:55Z,31915,27800,27800,53
2026-08-24T02:12:55Z,31916,126700,126700,50
2026-08-24T02:12:55Z,31917,24999900,24999900,8
2026-08-24T02:12:55Z,31918,10000000,10000000,12
2026-08-24T02:12:55Z,31941,8503400,8503400,83
2026-08-24T02:12:55Z,31944,40000000,49000000,23
2026-08-24T02:12:55Z,31945,49000000,49001500,22
2026-08-24T02:12:55Z,32062,310000,310000,173
2026-08-24T02:12:55Z,32063,599900,599900,116
2026-08-24T02:12:55Z,32067,2900,18000,256
2026-08-24T02:12:55Z,32068,9989100,9989100,25
2026-08-24T02:12:55Z,32079,22500000,22500000,17
2026-08-24T02:12:55Z,32193,69500,69500,149
2026-08-24T02:12:55Z,32194,69500,97000,133
2026-08-24T02:12:55Z,32196,37700,37700,249
2026-08-24T02:12:55Z,32198,5478500,8259000,82
2026-08-24T02:12:55Z,32199,3997300,3997300,54
2026-08-24T02:12:55Z,32200,98800,344800,166
2026-08-24T02:12:55Z,32201,98800,98900,72
2026-08-24T02:12:55Z,32203,98800,669400,179
2026-08-24T02:12:55Z,32205,637300,637300,236
2026-08-24T02:12:55Z,32206,98800,9990600,51
2026-08-24T02:12:55Z,32209,9999500,9999500,31
2026-08-24T02:12:55Z,32211,1552100,1552100,39
2026-08-24T02:12:55Z,32212,3989900,3989900,28
2026-08-24T02:12:55Z,32215,1826100,1826100,41
2026-08-24T02:12:55Z,32217,499800,499800,96
2026-08-24T02:12:55Z,32218,337400,337400,151
2026-08-24T02:12:55Z,32220,368100,368100,36
2026-08-24T02:12:55Z,32221,417100,417100,132
2026-08-24T02:12:55Z,32222,499800,499800,128
2026-08-24T02:12:55Z,32223,1993200,1993200,47
2026-08-24T02:12:55Z,32224,290000,290000,130
2026-08-24T02:12:55Z,32225,990000,1000000,45
2026-08-24T02:12:55Z,32226,3909000,3909000,51
2026-08-24T02:12:55Z,32227,14000,19500,988
2026-08-24T02:12:55Z,32228,3000,7800,1603
2026-08-24T02:12:55Z,32229,8700,8800,576
2026-08-24T02:12:55Z,32230,8600,8600,556
2026-08-24T02:12:55Z,32231,9900,10000,539
2026-08-24T02:12:55Z,32249,7600,7700,691
2026-08-24T02:12:55Z,32388,700000,700000,7067
2026-08-24T02:12:55Z,32409,199001000,199001000,6
2026-08-24T02:12:55Z,32410,49990100,49990100,18
2026-08-24T02:12:55Z,32413,362000,362000,539
2026-08-24T02:12:55Z,32423,389800,389800,781
2026-08-24T02:12:55Z,32428,5000,7500,5734
2026-08-24T02:12:55Z,32453,49800,49800,59
2026-08-24T02:12:55Z,32455,9900000,9900000,29
2026-08-24T02:12:55Z,32464,10400,10400,1000
2026-08-24T02:12:55Z,32468,10200,10300,392
2026-08-24T02:12:55Z,32470,50000,50000,470
2026-08-24T02:12:55Z,32576,1000,2000,94
2026-08-24T02:12:55Z,32596,198276300,198276300,4
2026-08-24T02:12:55Z,32597,198000000,198000000,3
2026-08-24T02:12:55Z,32598,2492400,4502400,58
2026-08-24T02:12:55Z,32599,9770000,9770000,7
2026-08-24T02:12:55Z,32600,197990000,197990000,5
2026-08-24T02:12:55Z,32601,990000,9900000,25
2026-08-24T02:12:55Z,32620,310000,310000,10534
2026-08-24T02:12:55Z,32667,9900000,9900000,23
2026-08-24T02:12:55Z,32668,9960000,9960000,48
2026-08-24T02:12:55Z,32685,9969700,9969700,23
2026-08-24T02:12:55Z,32686,9840000,9840000,30
2026-08-24T02:12:55Z,32714,105300,105300,25
2026-08-24T02:12:55Z,32715,4999700,4999700,192
2026-08-24T02:12:55Z,32716,1007500,8895100,333
2026-08-24T02:12:55Z,32717,1008900,9939000,258
2026-08-24T02:12:55Z,32718,5773800,5773800,71
2026-08-24T02:12:55Z,32720,4500000,6000000,96
2026-08-24T02:12:55Z,32722,3339900,3339900,30
2026-08-24T02:12:55Z,32725,49000100,49000100,20
2026-08-24T02:12:55Z,32727,4980000,49000000,16
2026-08-24T02:12:55Z,32728,9900000,9900000,100
2026-08-24T02:12:55Z,32758,9904100,9904100,30
2026-08-24T02:12:55Z,32773,39990000,39990000,6
2026-08-24T02:12:55Z,32833,333200,333300,136
2026-08-24T02:12:55Z,32836,296900,297000,193
2026-08-24T02:12:55Z,32839,197490000,197490000,4
2026-08-24T02:12:55Z,32849,190000000,190000000,3
2026-08-24T02:12:55Z,32850,194990000,194990000,2
2026-08-24T02:12:55Z,32851,29990000,29990000,6
2026-08-24T02:12:55Z,32852,39330800,39330800,10
2026-08-24T02:12:55Z,32897,1500,2200,14646
2026-08-24T02:12:55Z,32902,100,100,797
2026-08-24T02:12:55Z,32905,100,100,392
2026-08-24T02:12:55Z,32947,49909900,49909900,4
2026-08-24T02:12:55Z,32948,25000000,25000000,8
2026-08-24T02:12:55Z,33042,30000,30000,214
2026-08-24T02:12:55Z,33048,400,400,103
2026-08-24T02:12:55Z,33052,15800,15800,62
2026-08-24T02:12:55Z,33053,85000,85000,79
2026-08-24T02:12:55Z,33081,5815300,8888800,307
2026-08-24T02:12:55Z,33092,9990400,9990400,29
2026-08-24T02:12:55Z,33093,225000,225000,105
2026-08-24T02:12:55Z,33185,9641600,9642000,19
2026-08-24T02:12:55Z,33234,9899400,9899500,40
2026-08-24T02:12:55Z,33236,2100,2100,58
2026-08-24T02:12:55Z,33246,300000,300000,28
2026-08-24T02:12:55Z,33254,9906300,9906300,20
2026-08-24T02:12:55Z,33443,500,500,131
2026-08-24T02:12:55Z,33444,700,10000,1612
2026-08-24T02:12:55Z,33445,8900,10000,954
2026-08-24T02:12:55Z,33447,78300,78300,138
2026-08-24T02:12:55Z,33448,8900,16000,353
2026-08-24T02:12:55Z,33449,10000,10000,130
2026-08-24T02:12:55Z,33451,22100,22100,58
2026-08-24T02:12:55Z,33452,800,10000,1586
2026-08-24T02:12:55Z,33454,500,500,182
2026-08-24T02:12:55Z,33457,300,500,77
2026-08-24T02:12:55Z,33458,88800,140700,183
2026-08-24T02:12:55Z,33459,300,300,67
2026-08-24T02:12:55Z,33460,300,300,63
2026-08-24T02:12:55Z,33461,300,500,67
2026-08-24T02:12:55Z,33462,300,500,127
2026-08-24T02:12:55Z,33470,2100,2500,158751
2026-08-24T02:12:55Z,33546,19900,19900,56
2026-08-24T02:12:55Z,33547,39900,39900,39
2026-08-24T02:12:55Z,33548,1002700,1002700,26
2026-08-24T02:12:55Z,33549,12400,12400,49
2026-08-24T02:12:55Z,33550,290001800,290001800,1
2026-08-24T02:12:55Z,33551,49002000,49002000,20
2026-08-24T02:12:55Z,33553,49002400,49002400,20
2026-08-24T02:12:55Z,33555,49002700,49002700,20
2026-08-24T02:12:55Z,33556,49001800,49001800,20
2026-08-24T02:12:55Z,33560,49002000,49002000,20
2026-08-24T02:12:55Z,33561,49002400,49002400,20
2026-08-24T02:12:55Z,33562,49002700,49002700,20
2026-08-24T02:12:55Z,33567,11500,11500,1684
2026-08-24T02:12:55Z,33568,43600,59000,25364
2026-08-24T02:12:55Z,33569,49002400,49002400,25
2026-08-24T02:12:55Z,33571,290002700,290002700,1
2026-08-24T02:12:55Z,33575,17600,17600,70
2026-08-24T02:12:55Z,33576,550000,49004100,23
2026-08-24T02:12:55Z,33629,49001900,49001900,20
2026-08-24T02:12:55Z,33630,3200,203200,25
2026-08-24T02:12:55Z,33631,600,600,176
2026-08-24T02:12:55Z,33632,14900,14900,67
2026-08-24T02:12:55Z,33638,49002400,49002400,20
2026-08-24T02:12:55Z,33639,49002700,49002700,20
2026-08-24T02:12:55Z,33782,69000,69000,55
2026-08-24T02:12:55Z,33803,1500000100,1500000100,201
2026-08-24T02:12:55Z,33823,807300,807300,202
2026-08-24T02:12:55Z,33824,127900,128200,26170
2026-08-24T02:12:55Z,33825,49000,49000,44
2026-08-24T02:12:55Z,33846,290000700,290000700,1
2026-08-24T02:12:55Z,33854,290000900,290000900,1
2026-08-24T02:12:55Z,33856,20000000,20000000,9
2026-08-24T02:12:55Z,33866,199700,199700,677
2026-08-24T02:12:55Z,33867,737100,737100,60
2026-08-24T02:12:55Z,33872,157000,157000,80
2026-08-24T02:12:55Z,33874,24400,24400,4059
2026-08-24T02:12:55Z,34052,104400,129300,9061
2026-08-24T02:12:55Z,34053,54500,56900,772
2026-08-24T02:12:55Z,34054,2300,3000,141795
2026-08-24T02:12:55Z,34055,7200,7600,32650
2026-08-24T02:12:55Z,34056,1900,2500,9979
2026-08-24T02:12:55Z,34057,18700,22300,19912
2026-08-24T02:12:55Z,34068,3700,51500,242072
2026-08-24T02:12:55Z,34113,4250000,4250000,451
2026-08-24T02:12:55Z,34125,32200,32200,61
2026-08-24T02:12:55Z,34207,1561500,1564600,93
2026-08-24T02:12:55Z,34220,28009800,28009800,6
2026-08-24T02:12:55Z,34330,999600,1000000,3980
2026-08-24T02:12:55Z,34411,10000000,11406900,40
2026-08-24T02:12:55Z,34440,110000,110000,989
2026-08-24T02:12:55Z,34537,9900,9903800,46
2026-08-24T02:12:55Z,34599,400,400,446
2026-08-24T02:12:55Z,34664,22600,22600,1138
2026-08-24T02:12:55Z,34721,2400,2400,346
2026-08-24T02:12:55Z,34722,3000,3000,380
2026-08-24T02:12:55Z,34736,48800,48800,13168
2026-08-24T02:12:55Z,34747,399900,399900,65
2026-08-24T02:12:55Z,34748,18900,66500,129
2026-08-24T02:12:55Z,34749,19700,19700,326
2026-08-24T02:12:55Z,34750,300,29400,103
2026-08-24T02:12:55Z,34751,4000,4000,139
2026-08-24T02:12:55Z,34752,10000,10000,691
2026-08-24T02:12:55Z,34753,59900,60000,430
2026-08-24T02:12:55Z,34754,30000,30000,62
2026-08-24T02:12:55Z,34755,109700,9900000,47
2026-08-24T02:12:55Z,34756,10000,10000,72
2026-08-24T02:12:55Z,34757,5000,5000,86
2026-08-24T02:12:55Z,34758,385800,385800,72
2026-08-24T02:12:55Z,34759,28700,28700,132
2026-08-24T02:12:55Z,34760,500,14200,107
2026-08-24T02:12:55Z,34761,2400,2400,126
2026-08-24T02:12:55Z,34762,7000,7000,148
2026-08-24T02:12:55Z,34763,19900,19900,287
2026-08-24T02:12:55Z,34764,22000,22000,150
2026-08-24T02:12:55Z,34765,54900,54900,174
2026-08-24T02:12:55Z,34766,28300,28300,93
2026-08-24T02:12:55Z,34767,29800,29800,180
2026-08-24T02:12:55Z,34768,180100,180100,124
2026-08-24T02:12:55Z,34769,16000,16000,98
2026-08-24T02:12:55Z,34822,290006300,290006300,3
2026-08-24T02:12:55Z,34823,33330000,33330000,7
2026-08-24T02:12:55Z,34824,290005000,290005000,2
2026-08-24T02:12:55Z,34825,287102600,287102600,2
2026-08-24T02:12:55Z,34831,247500,247500,29
2026-08-24T02:12:55Z,34832,10000,10000,20860
2026-08-24T02:12:55Z,34839,38847700,49007700,16
2026-08-24T02:12:55Z,34841,9906100,9906100,100
2026-08-24T02:12:55Z,34843,11100000,11100000,25
2026-08-24T02:12:55Z,34850,699900,699900,123
2026-08-24T02:12:55Z,34860,1730000,49000000,16
2026-08-24T02:12:55Z,34861,3000,3100,521
2026-08-24T02:12:55Z,34907,39002600,39002600,31
2026-08-24T02:12:55Z,35128,18500000,18879600,100
2026-08-24T02:12:55Z,35285,49300,8000000,99
2026-08-24T02:12:55Z,35287,197500000,197500000,5
2026-08-24T02:12:55Z,35314,20359500,20359500,35
2026-08-24T02:12:55Z,35315,5892500,5892500,27
2026-08-24T02:12:55Z,35318,9997000,9997000,24
2026-08-24T02:12:55Z,35501,88695900,88695900,2
2026-08-24T02:12:55Z,35503,49990100,49990100,8
2026-08-24T02:12:55Z,35557,200000,242100,19645
2026-08-24T02:12:55Z,35562,107700,107700,26364
2026-08-24T02:12:55Z,35563,1000,2000,295
2026-08-24T02:12:55Z,35565,3700,3800,554
2026-08-24T02:12:55Z,35622,410000,494400,4974
2026-08-24T02:12:55Z,35623,500000,522500,5247
2026-08-24T02:12:55Z,35624,79900,80000,16005
2026-08-24T02:12:55Z,35625,749800,749900,2322
2026-08-24T02:12:55Z,35627,480000,480000,1340
2026-08-24T02:12:55Z,35691,5000,10000,206
2026-08-24T02:12:55Z,35707,3003600,9993600,27
2026-08-24T02:12:55Z,35720,3500,15000,1828
2026-08-24T02:12:55Z,35758,199800,199800,54
2026-08-24T02:12:55Z,35759,458800,458900,35
2026-08-24T02:12:55Z,35760,500000,500000,373
2026-08-24T02:12:55Z,35761,641100,641100,76
2026-08-24T02:12:55Z,35788,1991600,49001600,22
2026-08-24T02:12:55Z,35790,49001600,49001600,20
2026-08-24T02:12:55Z,35791,290001500,290001500,1
2026-08-24T02:12:55Z,35794,559400,559400,304
2026-08-24T02:12:55Z,35799,940000,949900,58
2026-08-24T02:12:55Z,35836,199909600,199909600,2
2026-08-24T02:12:55Z,35947,8900,10000,1055
2026-08-24T02:12:55Z,35948,800,900,70
2026-08-24T02:12:55Z,35949,9000,9100,171
2026-08-24T02:12:55Z,35950,26200,26200,57
2026-08-24T02:12:55Z,35951,1000,1000,96
2026-08-24T02:12:55Z,35952,900,9951200,70
2026-08-24T02:12:55Z,35953,800,800,368
2026-08-24T02:12:55Z,35954,10000,10000,410
2026-08-24T02:12:55Z,36743,9810600,9810600,20
2026-08-24T02:12:55Z,36758,18800,19900,132
2026-08-24T02:12:55Z,36781,77400,77400,184
2026-08-24T02:12:55Z,36782,1100,199900,1382
2026-08-24T02:12:55Z,36783,530000,530000,463
2026-08-24T02:12:55Z,36784,990000,990000,44
2026-08-24T02:12:55Z,36788,49001800,49001800,20
2026-08-24T02:12:55Z,36789,49002100,49002100,20
2026-08-24T02:12:55Z,36794,9901800,9901800,297
2026-08-24T02:12:55Z,36797,49001800,49001800,23
2026-08-24T02:12:55Z,36798,290002000,290002000,1
2026-08-24T02:12:55Z,36801,49003000,49003000,20
2026-08-24T02:12:55Z,36802,290002000,290002000,1
2026-08-24T02:12:55Z,36804,290001800,290001800,1
2026-08-24T02:12:55Z,36805,290002700,290002700,1
2026-08-24T02:12:55Z,36806,1500000300,1500000300,1
2026-08-24T02:12:55Z,36808,49002500,49002500,20
2026-08-24T02:12:55Z,36809,551000,580000,28
2026-08-24T02:12:55Z,36810,42800,42800,55
2026-08-24T02:12:55Z,36811,1002400,1002400,60
2026-08-24T02:12:55Z,36812,40100,40100,1256
2026-08-24T02:12:55Z,36813,49009700,49009700,68
2026-08-24T02:12:55Z,36814,102700,49002700,58
2026-08-24T02:12:55Z,36816,2002400,2002400,54
2026-08-24T02:12:55Z,36817,1002700,1002700,28
2026-08-24T02:12:55Z,36823,32400,49002400,23
2026-08-24T02:12:55Z,36824,1002700,1002700,2
2026-08-24T02:12:55Z,36829,290001800,290001800,1
2026-08-24T02:12:55Z,36830,1500002000,1500002000,1
2026-08-24T02:12:55Z,36860,759900,759900,1053
2026-08-24T02:12:55Z,36901,23200,25600,3477
2026-08-24T02:12:55Z,36903,25000,40000,6367
2026-08-24T02:12:55Z,36904,20000,26200,5432
2026-08-24T02:12:55Z,36905,19000,20000,5837
2026-08-24T02:12:55Z,36906,29900,56600,3264
2026-08-24T02:12:55Z,36907,34000,51800,4619
2026-08-24T02:12:55Z,36908,16000,19300,8533
2026-08-24T02:12:55Z,36909,120000,120000,75093
2026-08-24T02:12:55Z,36910,441000,441000,7803
2026-08-24T02:12:55Z,36912,51500,51500,457660
2026-08-24T02:12:55Z,36913,113000,116400,39991
2026-08-24T02:12:55Z,36916,130500,141000,3580
2026-08-24T02:12:55Z,36917,30000,30000,1104
2026-08-24T02:12:55Z,36918,30000,60000,2298
2026-08-24T02:12:55Z,36919,65000,80000,453
2026-08-24T02:12:55Z,36920,20000,22700,852
2026-08-24T02:12:55Z,36921,45000,53300,986
2026-08-24T02:12:55Z,36922,34000,46800,540
2026-08-24T02:12:55Z,36923,170000,170000,1632
2026-08-24T02:12:55Z,36924,45000,189000,1441
2026-08-24T02:12:55Z,36925,130000,154900,497
2026-08-24T02:12:55Z,36926,8800,29000,1360
2026-08-24T02:12:55Z,36927,400000,450000,411
2026-08-24T02:12:55Z,36928,8000,9900,1141
2026-08-24T02:12:55Z,36929,28800,29900,1089
2026-08-24T02:12:55Z,36930,429900,480000,224
2026-08-24T02:12:55Z,36931,1175000,3499900,3702
2026-08-24T02:12:55Z,36932,25200,39100,1666
2026-08-24T02:12:55Z,36933,900000,19007900,420
2026-08-24T02:12:55Z,36934,50000,310000,2680
2026-08-24T02:12:55Z,37091,300,300,47
2026-08-24T02:12:55Z,37092,10000,10000,31
2026-08-24T02:12:55Z,37093,400,500,75
2026-08-24T02:12:55Z,37094,25300,25300,46
2026-08-24T02:12:55Z,37097,2100,2100,63
2026-08-24T02:12:55Z,37098,8000,8000,103
2026-08-24T02:12:55Z,37101,9500000,9800100,197
2026-08-24T02:12:55Z,37118,3000,3000,500
2026-08-24T02:12:55Z,37140,100000,165500,114
2026-08-24T02:12:55Z,37143,50000,80000,130
2026-08-24T02:12:55Z,37145,79200,79200,61
2026-08-24T02:12:55Z,37147,128400,129700,57
2026-08-24T02:12:55Z,37156,80000,100000,154
2026-08-24T02:12:55Z,37159,55300,55800,53
2026-08-24T02:12:55Z,37160,67900,67900,73
2026-08-24T02:12:55Z,37201,49000200,49000200,40
2026-08-24T02:12:55Z,37252,496200,496200,66
2026-08-24T02:12:55Z,37253,9940000,9940000,45
2026-08-24T02:12:55Z,37452,19990400,19990400,10
2026-08-24T02:12:55Z,37467,148500,3908500,206
2026-08-24T02:12:55Z,37567,50000,50000,461
2026-08-24T02:12:55Z,37588,1500000500,1500000500,1
2026-08-24T02:12:55Z,37602,19900000,19900000,23
2026-08-24T02:12:55Z,37603,40000,40000,62
2026-08-24T02:12:55Z,37663,3986700,5440000,12057
2026-08-24T02:12:55Z,37674,49001100,49001100,12
2026-08-24T02:12:55Z,37700,40000,45500,29945
2026-08-24T02:12:55Z,37701,6300,6500,64442
2026-08-24T02:12:55Z,37702,77000,150000,3389
2026-08-24T02:12:55Z,37703,46300,46800,105813
2026-08-24T02:12:55Z,37704,68800,99800,3041
2026-08-24T02:12:55Z,37705,39500,39500,69245
2026-08-24T02:12:55Z,37713,290000100,290000100,1
2026-08-24T02:12:55Z,37921,19000,19800,4897
2026-08-24T02:12:55Z,38260,49006600,49006600,20
2026-08-24T02:12:55Z,38261,49000300,49000300,20
2026-08-24T02:12:55Z,38263,49001500,49001500,21
2026-08-24T02:12:55Z,38264,49000000,49000000,20
2026-08-24T02:12:55Z,38266,1475220600,1475220600,4
2026-08-24T02:12:55Z,38267,2500000100,2500000100,1
2026-08-24T02:12:55Z,38269,49001500,49001500,20
2026-08-24T02:12:55Z,38273,990001500,990001500,1
2026-08-24T02:12:55Z,38274,290001500,290001500,1
2026-08-24T02:12:55Z,38303,8700,8800,286
2026-08-24T02:12:55Z,38348,1500002900,1500002900,1
2026-08-24T02:12:55Z,38350,9849900,9849900,20
2026-08-24T02:12:55Z,38371,5556000,5556400,36
2026-08-24T02:12:55Z,38372,122900,200000,47
2026-08-24T02:12:55Z,38373,199900,3159000,23
2026-08-24T02:12:55Z,38374,100000,100000,97
2026-08-24T02:12:55Z,38375,29000,29000,69
2026-08-24T02:12:55Z,38376,200000,200000,204
2026-08-24T02:12:55Z,38425,379900,386700,3914
2026-08-24T02:12:55Z,38426,19800,19800,2613
2026-08-24T02:12:55Z,38427,68600,68600,64
2026-08-24T02:12:55Z,38428,9900000,9900000,43
2026-08-24T02:12:55Z,38429,6589900,6589900,149
2026-08-24T02:12:55Z,38430,9801000,9801000,45
2026-08-24T02:12:55Z,38431,9900000,9900000,48
2026-08-24T02:12:55Z,38432,79800,9800000,47
2026-08-24T02:12:55Z,38466,48800,49300,167
2026-08-24T02:12:55Z,38516,49002200,49002200,19
2026-08-24T02:12:55Z,38517,290003300,290003300,1
2026-08-24T02:12:55Z,38518,990000,990000,40
2026-08-24T02:12:55Z,38520,49001100,49001100,13
2026-08-24T02:12:55Z,38557,19900,22500,2203
2026-08-24T02:12:55Z,38558,226700,238300,3703
2026-08-24T02:12:55Z,38561,174700,174900,705
2026-08-24T02:12:55Z,38581,290008500,290008500,2
2026-08-24T02:12:55Z,38583,5002000,49002000,23
2026-08-24T02:12:55Z,38584,950000,2425300,25
2026-08-24T02:12:55Z,38585,1002000,1002000,27
2026-08-24T02:12:55Z,38586,9902800,9902800,83
2026-08-24T02:12:55Z,38625,99500,100000,49
2026-08-24T02:12:55Z,38679,1600,1600,503
2026-08-24T02:12:55Z,38682,1300,1400,22720
2026-08-24T02:12:55Z,38698,29100,29100,57
2026-08-24T02:12:55Z,38706,23300,23700,160
2026-08-24T02:12:55Z,38766,1900,1900,240
2026-08-24T02:12:55Z,38767,2400,2500,81
2026-08-24T02:12:55Z,38768,4900,4900,237
2026-08-24T02:12:55Z,38769,11200,11300,80
2026-08-24T02:12:55Z,38771,2300,2300,366
2026-08-24T02:12:55Z,38772,12500,13000,127
2026-08-24T02:12:55Z,38773,2100,2300,113
2026-08-24T02:12:55Z,38774,11600,1556100,70
2026-08-24T02:12:55Z,38775,7000,7000,105
2026-08-24T02:12:55Z,38776,17200,17200,121
2026-08-24T02:12:55Z,38777,2000,2000,109
2026-08-24T02:12:55Z,38778,10000,10000,315
2026-08-24T02:12:55Z,38779,54900,54900,134
2026-08-24T02:12:55Z,38780,2200,2400,60
2026-08-24T02:12:55Z,38781,6200,7600,71
2026-08-24T02:12:55Z,38782,8400,8400,80
2026-08-24T02:12:55Z,38783,87500,274500,76
2026-08-24T02:12:55Z,38785,5000,5000,113
2026-08-24T02:12:55Z,38786,8400,8400,136
2026-08-24T02:12:55Z,38787,1800,1800,247
2026-08-24T02:12:55Z,38788,380000,380000,95
2026-08-24T02:12:55Z,38789,9800,9800,81
2026-08-24T02:12:55Z,38790,19000,19000,84
2026-08-24T02:12:55Z,38791,243600,243600,55
2026-08-24T02:12:55Z,38792,209200,209200,101
2026-08-24T02:12:55Z,38793,4800,4800,180
2026-08-24T02:12:55Z,38794,9400,32700,74
2026-08-24T02:12:55Z,38796,22100,22100,60
2026-08-24T02:12:55Z,38797,39500,39600,61
2026-08-24T02:12:55Z,38798,99500,99500,75
2026-08-24T02:12:55Z,38799,44800,44800,70
2026-08-24T02:12:55Z,38800,277900,278000,95
2026-08-24T02:12:55Z,38801,436100,436100,53
2026-08-24T02:12:55Z,38802,1814600,19995000,14
2026-08-24T02:12:55Z,38803,1800,1900,123
2026-08-24T02:12:55Z,38804,237000,237000,95
2026-08-24T02:12:55Z,38805,240600,240700,81
2026-08-24T02:12:55Z,38806,4800,4800,73
2026-08-24T02:12:55Z,38807,7900,8000,78
2026-08-24T02:12:55Z,38808,8000,8000,106
2026-08-24T02:12:55Z,38809,77500,77500,97
2026-08-24T02:12:55Z,38810,3300,3300,94
2026-08-24T02:12:55Z,38811,299900,375000,50
2026-08-24T02:12:55Z,38812,9000,9000,92
2026-08-24T02:12:55Z,38813,783200,783200,85
2026-08-24T02:12:55Z,38814,771500,771500,76
2026-08-24T02:12:55Z,38816,467900,467900,116
2026-08-24T02:12:55Z,38817,23900,23900,336
2026-08-24T02:12:55Z,38818,50000,50000,111
2026-08-24T02:12:55Z,38819,747600,747600,58
2026-08-24T02:12:55Z,38820,1095600,1095700,53
2026-08-24T02:12:55Z,38821,578400,589300,102
2026-08-24T02:12:55Z,38822,82200,82200,108
2026-08-24T02:12:55Z,38823,1428000,1428100,65
2026-08-24T02:12:55Z,38824,190000,500000,77
2026-08-24T02:12:55Z,38825,5000,5000,67
2026-08-24T02:12:55Z,38827,295200,295200,105
2026-08-24T02:12:55Z,38828,23900,24000,69
2026-08-24T02:12:55Z,38829,2200,2200,91
2026-08-24T02:12:55Z,38830,16400,16400,271
2026-08-24T02:12:55Z,38831,1530400,1530600,30
2026-08-24T02:12:55Z,38832,697300,760200,80
2026-08-24T02:12:55Z,38833,5300,5300,378
2026-08-24T02:12:55Z,38834,1573300,1573300,134
2026-08-24T02:12:55Z,38835,180000,180000,77
2026-08-24T02:12:55Z,38836,706300,706300,142
2026-08-24T02:12:55Z,38837,718500,718500,72
2026-08-24T02:12:55Z,38838,14300,16900,231
2026-08-24T02:12:55Z,38839,237500,682500,48
2026-08-24T02:12:55Z,38840,269700,784400,44
2026-08-24T02:12:55Z,38841,62000,62000,99
2026-08-24T02:12:55Z,38842,824100,824200,69
2026-08-24T02:12:55Z,38844,45000,45000,233
2026-08-24T02:12:55Z,38845,17000,17000,92
2026-08-24T02:12:55Z,38846,47400,47400,219
2026-08-24T02:12:55Z,38847,100000,9900000,45
2026-08-24T02:12:55Z,38848,52800,53400,73
2026-08-24T02:12:55Z,38849,22900,23000,121
2026-08-24T02:12:55Z,38850,145400,145400,138
2026-08-24T02:12:55Z,38851,8854900,8854900,47
2026-08-24T02:12:55Z,38852,11900,11900,145
2026-08-24T02:12:55Z,38853,1754200,1754300,85
2026-08-24T02:12:55Z,38854,1111300,2447100,48
2026-08-24T02:12:55Z,38855,139100,139100,55
2026-08-24T02:12:55Z,38856,52000,52000,289
2026-08-24T02:12:55Z,38857,160000,160000,62
2026-08-24T02:12:55Z,38859,189800,189800,77
2026-08-24T02:12:55Z,38860,20000,20000,103
2026-08-24T02:12:55Z,38861,99200,99300,107
2026-08-24T02:12:55Z,38862,249300,249300,191
2026-08-24T02:12:55Z,38863,2009900,9633200,41
2026-08-24T02:12:55Z,38864,1137700,1137700,67
2026-08-24T02:12:55Z,38865,428200,428200,53
2026-08-24T02:12:55Z,38866,41800,52600,73
2026-08-24T02:12:55Z,38867,37500,37500,162
2026-08-24T02:12:55Z,38868,2480600,2480600,32
2026-08-24T02:12:55Z,38869,920200,920300,49
2026-08-24T02:12:55Z,38870,1380500,1380700,48
2026-08-24T02:12:55Z,38871,6238500,6238500,368
2026-08-24T02:12:55Z,38872,3913100,4940900,27
2026-08-24T02:12:55Z,38873,859800,868600,206
2026-08-24T02:12:55Z,38874,1638200,1638200,70
2026-08-24T02:12:55Z,38875,999900,1517900,62
2026-08-24T02:12:55Z,38876,1014300,1014300,71
2026-08-24T02:12:55Z,38877,12998400,12998400,12
2026-08-24T02:12:55Z,38878,6062700,6062700,60
2026-08-24T02:12:55Z,38879,946100,946200,63
2026-08-24T02:12:55Z,38880,1178900,9900200,34
2026-08-24T02:12:55Z,38881,5573000,5573100,62
2026-08-24T02:12:55Z,38882,1109900,1110000,67
2026-08-24T02:12:55Z,38883,2519500,2519600,107
2026-08-24T02:12:55Z,38884,2904900,2904900,35
2026-08-24T02:12:55Z,38885,5002000,5002000,28
2026-08-24T02:12:55Z,38886,4818200,4818200,33
2026-08-24T02:12:55Z,38887,3750000,3750000,23
2026-08-24T02:12:55Z,38888,186300,186400,53
2026-08-24T02:12:55Z,38889,1782700,1782700,76
2026-08-24T02:12:55Z,38890,9999800,9999800,4
2026-08-24T02:12:55Z,38893,498900,499000,59
2026-08-24T02:12:55Z,38894,2819200,2819200,44
2026-08-24T02:12:55Z,38895,954100,954100,54
2026-08-24T02:12:55Z,38896,951800,9990000,27
2026-08-24T02:12:55Z,38897,3300,3300,57
2026-08-24T02:12:55Z,38898,40000,43400,111
2026-08-24T02:12:55Z,38899,467000,467200,69
2026-08-24T02:12:55Z,38900,4549800,5036800,29
2026-08-24T02:12:55Z,38901,706300,706300,49
2026-08-24T02:12:55Z,38902,1080000,1080000,94
2026-08-24T02:12:55Z,38903,49332300,49332300,31
2026-08-24T02:12:55Z,38904,1177800,1177900,70
2026-08-24T02:12:55Z,38905,482100,482100,59
2026-08-24T02:12:55Z,38906,2219100,2219200,78
2026-08-24T02:12:55Z,38908,400000,400000,76
2026-08-24T02:12:55Z,38909,1700,1800,111
2026-08-24T02:12:55Z,38910,89700,89700,54
2026-08-24T02:12:55Z,38911,209600,304800,67
2026-08-24T02:12:55Z,38912,12000,12000,153
2026-08-24T02:12:55Z,38913,904600,904600,51
2026-08-24T02:12:55Z,38914,106700,106700,179
2026-08-24T02:12:55Z,38917,1559200,1559200,36
2026-08-24T02:12:55Z,38918,2508400,2508400,94
2026-08-24T02:12:55Z,38919,990000,990000,104
2026-08-24T02:12:55Z,38920,457600,457600,60
2026-08-24T02:12:55Z,38921,8552900,8553700,75
2026-08-24T02:12:55Z,38922,1507700,1507700,54
2026-08-24T02:12:55Z,38923,49989500,49989500,26
2026-08-24T02:12:55Z,38924,18726600,18726600,42
2026-08-24T02:12:55Z,38925,1989500,1989600,114
2026-08-24T02:12:55Z,38926,2514000,2514000,76
2026-08-24T02:12:55Z,38927,3027400,3027400,30
2026-08-24T02:12:55Z,38928,3500,3500,152
2026-08-24T02:12:55Z,38929,90000,90000,110
2026-08-24T02:12:55Z,38930,499800,499900,60
2026-08-24T02:12:55Z,38931,70000,70000,67
2026-08-24T02:12:55Z,38932,807400,9990400,42
2026-08-24T02:12:55Z,38933,4500,4500,191
2026-08-24T02:12:55Z,38934,170000,170000,124
2026-08-24T02:12:55Z,38935,38666600,38666600,33
2026-08-24T02:12:55Z,38936,7996400,7996400,19
2026-08-24T02:12:55Z,38937,124600,151800,70
2026-08-24T02:12:55Z,38938,9000,9000,209
2026-08-24T02:12:55Z,38939,15003800,15003800,86
2026-08-24T02:12:55Z,38940,4193600,4731000,20
2026-08-24T02:12:55Z,38943,35000000,35000000,20
2026-08-24T02:12:55Z,38944,1949700,9989900,34
2026-08-24T02:12:55Z,38945,313400,313400,118
2026-08-24T02:12:55Z,38946,27569300,27569300,11
2026-08-24T02:12:55Z,38947,29839900,29839900,11
2026-08-24T02:12:55Z,38948,1701500,1701600,58
2026-08-24T02:12:55Z,38949,6800,6900,125
2026-08-24T02:12:55Z,38951,20000,39400,107
2026-08-24T02:12:55Z,38953,52400,52400,301
2026-08-24T02:12:55Z,38954,119000,123900,64
2026-08-24T02:12:55Z,38955,20000,20000,134
2026-08-24T02:12:55Z,38959,29300,31000,137
2026-08-24T02:12:55Z,38960,13100,13100,135
2026-08-24T02:12:55Z,38961,20800,9900200,46
2026-08-24T02:12:55Z,38962,7000,7000,146
2026-08-24T02:12:55Z,38963,260000,260000,102
2026-08-24T02:12:55Z,38964,29800,29800,90
2026-08-24T02:12:55Z,38965,3550000,3550000,68
2026-08-24T02:12:55Z,38966,20000,20000,115
2026-08-24T02:12:55Z,38967,199900,200000,107
2026-08-24T02:12:55Z,38968,3000,8900,115
2026-08-24T02:12:55Z,38971,13000,13000,113
2026-08-24T02:12:55Z,38972,3046500,3046500,146
2026-08-24T02:12:55Z,38973,202700,202700,102
2026-08-24T02:12:55Z,38974,27100,27100,152
2026-08-24T02:12:55Z,38975,10000,10000,93
2026-08-24T02:12:55Z,38976,10000,10000,88
2026-08-24T02:12:55Z,38978,2813300,2813400,61
2026-08-24T02:12:55Z,38979,15400,15400,105
2026-08-24T02:12:55Z,38980,7500,45600,68
2026-08-24T02:12:55Z,38981,1006800,1006900,153
2026-08-24T02:12:55Z,38984,67200,67200,60
2026-08-24T02:12:55Z,38986,53000,86100,73
2026-08-24T02:12:55Z,38987,45300,45400,178
2026-08-24T02:12:55Z,38988,1383100,1383200,80
2026-08-24T02:12:55Z,38989,48700,48700,144
2026-08-24T02:12:55Z,38990,2999600,2999600,81
2026-08-24T02:12:55Z,38991,63000,64000,85
2026-08-24T02:12:55Z,38992,140000,140000,72
2026-08-24T02:12:55Z,38993,9800,61300,66
2026-08-24T02:12:55Z,38995,891700,916800,64
2026-08-24T02:12:55Z,38997,118100,118100,73
2026-08-24T02:12:55Z,38998,15524700,15524800,33
2026-08-24T02:12:55Z,38999,501900,501900,81
2026-08-24T02:12:55Z,39000,784000,784000,71
2026-08-24T02:12:55Z,39001,95500,95500,84
2026-08-24T02:12:55Z,39002,70000,70000,88
2026-08-24T02:12:55Z,39003,652300,652300,85
2026-08-24T02:12:55Z,39004,16800,16800,96
2026-08-24T02:12:55Z,39005,32100,32100,107
2026-08-24T02:12:55Z,39006,114000,114000,116
2026-08-24T02:12:55Z,39151,39600,39600,1502
2026-08-24T02:12:55Z,39201,49000100,49000100,31
2026-08-24T02:12:55Z,39203,47506900,47506900,34
2026-08-24T02:12:55Z,39204,1500005500,1500005500,1
2026-08-24T02:12:55Z,39207,49006000,49006000,36
2026-08-24T02:12:55Z,39209,310000,310000,37
2026-08-24T02:12:55Z,39210,48990000,48990000,20
2026-08-24T02:12:55Z,39211,5000,9905000,117
2026-08-24T02:12:55Z,39212,2500,2500,32
2026-08-24T02:12:55Z,39218,30004500,49004500,23
2026-08-24T02:12:55Z,39219,30002700,49002700,21
2026-08-24T02:12:55Z,39220,249900,249900,158
2026-08-24T02:12:55Z,39222,49005000,49005000,20
2026-08-24T02:12:55Z,39223,4803800,48003800,21
2026-08-24T02:12:55Z,39317,12300,12300,34
2026-08-24T02:12:55Z,39334,38500,38500,2565
2026-08-24T02:12:55Z,39338,77100,77100,1780
2026-08-24T02:12:55Z,39339,185000,185000,1428
2026-08-24T02:12:55Z,39340,90000,90000,981
2026-08-24T02:12:55Z,39341,17700,60600,51429
2026-08-24T02:12:55Z,39342,39800,40000,2713
2026-08-24T02:12:55Z,39343,29800,29800,3241
2026-08-24T02:12:55Z,39349,10000000,10000000,15
2026-08-24T02:12:55Z,39350,49989300,49989300,13
2026-08-24T02:12:55Z,39351,49000000,49000000,22
2026-08-24T02:12:55Z,39353,150600,150600,25
2026-08-24T02:12:55Z,39354,100,100,150581
2026-08-24T02:12:55Z,39356,5000500,49000500,23
2026-08-24T02:12:55Z,39357,1000000,1000000,27
2026-08-24T02:12:55Z,39358,104500,2206500,28
2026-08-24T02:12:55Z,39360,54800,49004800,22
2026-08-24T02:12:55Z,39361,22177800,22177800,24
2026-08-24T02:12:55Z,39469,85000,85800,1513
2026-08-24T02:12:55Z,39501,49009800,49009800,33
2026-08-24T02:12:55Z,39502,25007600,25007600,43
2026-08-24T02:12:55Z,39512,4600,4900,136
2026-08-24T02:12:55Z,39513,65000,49009800,23
2026-08-24T02:12:55Z,39516,25000000,25000000,45
2026-08-24T02:12:55Z,39520,3900,3900,138
2026-08-24T02:12:55Z,39524,49002900,49003000,23
2026-08-24T02:12:55Z,39525,49003800,49003800,20
2026-08-24T02:12:55Z,39526,9998700,9998700,37
2026-08-24T02:12:55Z,39527,306500,306600,50
2026-08-24T02:12:55Z,39532,290001800,290001800,1
2026-08-24T02:12:55Z,39533,990002000,990002000,1
2026-08-24T02:12:55Z,39549,49003000,49003000,20
2026-08-24T02:12:55Z,39550,49003700,49003700,20
2026-08-24T02:12:55Z,39551,49003000,49003000,20
2026-08-24T02:12:55Z,39552,49006100,49006100,26
2026-08-24T02:12:55Z,39559,49003800,49003800,21
2026-08-24T02:12:55Z,39562,49003000,49003000,22
2026-08-24T02:12:55Z,39563,49003800,49003800,20
2026-08-24T02:12:55Z,39567,15000,15000,26
2026-08-24T02:12:55Z,39568,103500,49003500,21
2026-08-24T02:12:55Z,39569,104900,104900,37
2026-08-24T02:12:55Z,39570,49003000,49003000,20
2026-08-24T02:12:55Z,39666,40000,40000,328
2026-08-24T02:12:55Z,39671,202000,202000,173
2026-08-24T02:12:55Z,39681,189900,190000,2003
2026-08-24T02:12:55Z,39682,499600,499800,2463
2026-08-24T02:12:55Z,39683,1479900,1530000,710
2026-08-24T02:12:55Z,39684,9900,9900,2394
2026-08-24T02:12:55Z,39685,300000000,300000000,2
2026-08-24T02:12:55Z,39686,990003400,990003400,1
2026-08-24T02:12:55Z,39690,99000,338800,2737
2026-08-24T02:12:55Z,39691,8500,8500,249
2026-08-24T02:12:55Z,39774,74200,108800,7095
2026-08-24T02:12:55Z,39900,72400,72400,44
2026-08-24T02:12:55Z,39905,27300,27300,55
2026-08-24T02:12:55Z,39906,250000000,250000000,1
2026-08-24T02:12:55Z,39907,9300,33400,101
2026-08-24T02:12:55Z,39908,160000,160000,50
2026-08-24T02:12:55Z,39909,14500,14500,55
2026-08-24T02:12:55Z,39910,167200,167200,46
2026-08-24T02:12:55Z,39911,200459300,200459300,8
2026-08-24T02:12:55Z,39912,40500,40500,46
2026-08-24T02:12:55Z,39914,950849000,950849000,6
2026-08-24T02:12:55Z,39915,70000,70000,91
2026-08-24T02:12:55Z,39916,250000000,250000000,3
2026-08-24T02:12:55Z,39917,653500,653500,33
2026-08-24T02:12:55Z,39918,92600,92600,95
2026-08-24T02:12:55Z,39919,189500,189500,44
2026-08-24T02:12:55Z,39920,250003100,250003100,2
2026-08-24T02:12:55Z,39927,80000,80000,89
2026-08-24T02:12:55Z,39932,69700,69700,127
2026-08-24T02:12:55Z,39933,44800,52000,50
2026-08-24T02:12:55Z,39934,32600,40600,58
2026-08-24T02:12:55Z,39935,37500,1238500,50
2026-08-24T02:12:55Z,39936,249981300,249981300,4
2026-08-24T02:12:55Z,39937,247880000,247880000,2
2026-08-24T02:12:55Z,39938,248253300,248253300,2
2026-08-24T02:12:55Z,39939,19900100,19900100,10
2026-08-24T02:12:55Z,39940,71600,2558500,38
2026-08-24T02:12:55Z,39941,250001300,250001300,1
2026-08-24T02:12:55Z,39942,32300,41600,47
2026-08-24T02:12:55Z,39943,250000000,250000000,2
2026-08-24T02:12:55Z,39944,1997506100,1997506100,2
2026-08-24T02:12:55Z,39945,48000,48000,58
2026-08-24T02:12:55Z,39946,197980000,197980000,3
2026-08-24T02:12:55Z,39947,225000,225000,43
2026-08-24T02:12:55Z,39948,35600,35600,35
2026-08-24T02:12:55Z,39949,14600,14600,78
2026-08-24T02:12:55Z,39950,5382400,5382400,38
2026-08-24T02:12:55Z,39951,99600,99700,54
2026-08-24T02:12:55Z,39952,3767600,9767600,24
2026-08-24T02:12:55Z,39953,240489700,240489700,3
2026-08-24T02:12:55Z,39954,9726700,9726700,53
2026-08-24T02:12:55Z,39955,45100,45100,29
2026-08-24T02:12:55Z,39956,28400,45100,50
2026-08-24T02:12:55Z,39957,32300,52100,33
2026-08-24T02:12:55Z,39958,9991000,9991000,20
2026-08-24T02:12:55Z,39959,3006400,9896400,24
2026-08-24T02:12:55Z,39960,1500009900,1500009900,3
2026-08-24T02:12:55Z,39961,249978500,249978500,2
2026-08-24T02:12:55Z,39962,1250005000,1250005000,1
2026-08-24T02:12:55Z,39963,250001300,250001300,1
2026-08-24T02:12:55Z,39964,2494115400,2494115400,3
2026-08-24T02:12:55Z,39965,78400,78400,89
2026-08-24T02:12:55Z,39966,30000,30000,78
2026-08-24T02:12:55Z,39967,1291300,1291300,40
2026-08-24T02:12:55Z,39968,56800,56800,52
2026-08-24T02:12:55Z,39969,9991200,49001200,22
2026-08-24T02:12:55Z,39970,23000,99900,992
2026-08-24T02:12:55Z,39974,236768300,236768300,4
2026-08-24T02:12:55Z,39975,9989900,9989900,21
2026-08-24T02:12:55Z,39976,90000,90000,80
2026-08-24T02:12:55Z,39977,9980100,9980100,25
2026-08-24T02:12:55Z,39978,45400,54100,51
2026-08-24T02:12:55Z,39979,3000000,9990000,23
2026-08-24T02:12:55Z,39980,45400,54100,70
2026-08-24T02:12:55Z,39981,34200,34200,108
2026-08-24T02:12:55Z,39982,1776400,1776400,30
2026-08-24T02:12:55Z,39983,33300,33300,85
2026-08-24T02:12:55Z,39984,250009200,250009200,1
2026-08-24T02:12:55Z,39985,1474962500,1474962500,2
2026-08-24T02:12:55Z,39986,4500000600,4500000600,1
2026-08-24T02:12:55Z,39989,1500000000,1500000000,1
2026-08-24T02:12:55Z,39990,250003200,250003200,1
2026-08-24T02:12:55Z,39991,2100000,2100000,33
2026-08-24T02:12:55Z,39992,9793900,9793900,31
2026-08-24T02:12:55Z,39996,3009400,9959400,34
2026-08-24T02:12:55Z,39997,703500,703500,59
2026-08-24T02:12:55Z,39998,1206600,1206700,90
2026-08-24T02:12:55Z,39999,153138600,153138600,2
2026-08-24T02:12:55Z,40000,9925400,9925900,22
2026-08-24T02:12:55Z,40001,9981500,9982000,21
2026-08-24T02:12:55Z,40002,450000000,450000000,1
2026-08-24T02:12:55Z,40003,8909200,8909200,33
2026-08-24T02:12:55Z,40008,3509900,3509900,30
2026-08-24T02:12:55Z,40009,4501600,4501600,6
2026-08-24T02:12:55Z,40010,402200,9983900,28
2026-08-24T02:12:55Z,40011,5551700,5551800,32
2026-08-24T02:12:55Z,40013,4505500,9948100,23
2026-08-24T02:12:55Z,40014,1990200,9960000,25
2026-08-24T02:12:55Z,40015,250002900,250002900,2
2026-08-24T02:12:55Z,40016,2001100,4201200,28
2026-08-24T02:12:55Z,40017,997100,997100,55
2026-08-24T02:12:55Z,40022,671300,671300,31
2026-08-24T02:12:55Z,40023,9997000,9997500,23
2026-08-24T02:12:55Z,40024,3500000000,3500000000,1
2026-08-24T02:12:55Z,40025,9960000,9960000,22
2026-08-24T02:12:55Z,40026,567300,567300,47
2026-08-24T02:12:55Z,40027,2000000000,2000000000,2
2026-08-24T02:12:55Z,40028,715000,715000,25
2026-08-24T02:12:55Z,40029,199900000,199900000,6
2026-08-24T02:12:55Z,40030,249001800,249001800,1
2026-08-24T02:12:55Z,40031,250000000,250000000,2
2026-08-24T02:12:55Z,40032,9990000,9990000,53
2026-08-24T02:12:55Z,40033,2409516000,2409516000,1
2026-08-24T02:12:55Z,40034,11110400,11950400,13
2026-08-24T02:12:55Z,40035,280000,9900000,46
2026-08-24T02:12:55Z,40036,9860000,9860000,65
2026-08-24T02:12:55Z,40037,4184700,4184700,55
2026-08-24T02:12:55Z,40038,442400,496900,76
2026-08-24T02:12:55Z,40039,4184700,4184700,47
2026-08-24T02:12:55Z,40040,9992800,9992800,47
2026-08-24T02:12:55Z,40041,4184700,4184700,28
2026-08-24T02:12:55Z,40042,34700,34700,73
2026-08-24T02:12:55Z,40043,246079500,246079500,3
2026-08-24T02:12:55Z,40044,100000,567000,25
2026-08-24T02:12:55Z,40045,4500000,4500000,22
2026-08-24T02:12:55Z,40046,198734600,198734600,7
2026-08-24T02:12:55Z,40047,250004700,250004700,2
2026-08-24T02:12:55Z,40048,19762200,19762200,16
2026-08-24T02:12:55Z,40049,3002100,3002100,12
2026-08-24T02:12:55Z,40050,3712700,3712700,30
2026-08-24T02:12:55Z,40051,9990400,9990400,20
2026-08-24T02:12:55Z,40052,9898900,9899000,26
2026-08-24T02:12:55Z,40053,19699600,19699600,10
2026-08-24T02:12:55Z,40054,8500002300,8500002300,1
2026-08-24T02:12:55Z,40055,9989300,9989300,24
2026-08-24T02:12:55Z,40056,450000000,450000000,1
2026-08-24T02:12:55Z,40057,9990000,9990000,39
2026-08-24T02:12:55Z,40058,4168500,4168500,40
2026-08-24T02:12:55Z,40059,861900,861900,91
2026-08-24T02:12:55Z,40067,18000,18000,193
2026-08-24T02:12:55Z,40068,77700,77700,254
2026-08-24T02:12:55Z,40070,9900,82500,310
2026-08-24T02:12:55Z,40072,391800,391800,189
2026-08-24T02:12:55Z,40073,16400,16500,777
2026-08-24T02:12:55Z,40076,7000,7000,260
2026-08-24T02:12:55Z,40077,97100,97100,1073
2026-08-24T02:12:55Z,40078,71600,91600,165
2026-08-24T02:12:55Z,40079,40000,50000,93
2026-08-24T02:12:55Z,40081,9900,9900,454
2026-08-24T02:12:55Z,40082,1882555100,1882555100,15
2026-08-24T02:12:55Z,40083,188703600,188703600,2
2026-08-24T02:12:55Z,40084,423786300,423786300,2
2026-08-24T02:12:55Z,40085,2995914600,2995914600,2
2026-08-24T02:12:55Z,40086,9996500,9996500,21
2026-08-24T02:12:55Z,40087,300000,350000,117
2026-08-24T02:12:55Z,40088,9975900,9975900,25
2026-08-24T02:12:55Z,40089,3002900,19612400,17
2026-08-24T02:12:55Z,40090,9989400,9989500,27
2026-08-24T02:12:55Z,40091,9893400,9893400,25
2026-08-24T02:12:55Z,40092,7338462900,7338462900,1
2026-08-24T02:12:55Z,40093,5600,5600,841
2026-08-24T02:12:55Z,40094,49990000,49990000,7
2026-08-24T02:12:55Z,40095,6999900,6999900,28
2026-08-24T02:12:55Z,40096,990004300,990004300,1
2026-08-24T02:12:55Z,40097,16800,16900,172
2026-08-24T02:12:55Z,40098,19679300,19679300,14
2026-08-24T02:12:55Z,40099,3017359800,3017359800,6
2026-08-24T02:12:55Z,40100,2757100,7577300,37
2026-08-24T02:12:55Z,40101,450003200,450003200,2
2026-08-24T02:12:55Z,40102,9989400,9989400,26
2026-08-24T02:12:55Z,40103,250005000,250005000,1
2026-08-24T02:12:55Z,40104,6328942100,6328942100,3
2026-08-24T02:12:55Z,40105,9990000,9990500,27
2026-08-24T02:12:55Z,40106,9880300,9880400,26
2026-08-24T02:12:55Z,40109,87800,87900,133
2026-08-24T02:12:55Z,40111,558500,558500,231
2026-08-24T02:12:55Z,40112,208900,209000,252
2026-08-24T02:12:55Z,40113,558000,558500,167
2026-08-24T02:12:55Z,40114,2500002100,2500002100,1
2026-08-24T02:12:55Z,40115,9899500,9900000,30
2026-08-24T02:12:55Z,40116,9650000,9650000,41
2026-08-24T02:12:55Z,40117,1500000000,1500000000,1
2026-08-24T02:12:55Z,40118,1000000,1000000,62
2026-08-24T02:12:55Z,40119,955500,955500,87
2026-08-24T02:12:55Z,40120,995500,995500,76
2026-08-24T02:12:55Z,40122,9964500,9964500,75
2026-08-24T02:12:55Z,40123,450000000,450000000,1
2026-08-24T02:12:55Z,40124,4987000,4987000,97
2026-08-24T02:12:55Z,40125,974000,974000,77
2026-08-24T02:12:55Z,40126,980002100,980002100,2
2026-08-24T02:12:55Z,40127,9499500,9499500,57
2026-08-24T02:12:55Z,40128,4946500,4946500,98
2026-08-24T02:12:55Z,40129,779000,779500,145
2026-08-24T02:12:55Z,40130,9737500,9737500,54
2026-08-24T02:12:55Z,40132,450003200,450003200,1
2026-08-24T02:12:55Z,40133,971000,972000,128
2026-08-24T02:12:55Z,40134,250000000,250000000,1
2026-08-24T02:12:55Z,40135,9878000,9878000,51
2026-08-24T02:12:55Z,40136,2500009100,2500009100,1
2026-08-24T02:12:55Z,40138,2468683500,2468683500,5
2026-08-24T02:12:55Z,40139,9939000,9939000,49
2026-08-24T02:12:55Z,40140,2500000000,2500000000,1
2026-08-24T02:12:55Z,40141,9980500,9980500,50
2026-08-24T02:12:55Z,40142,2250000,9993500,41
2026-08-24T02:12:55Z,40143,988000,988000,40
2026-08-24T02:12:55Z,40144,1250000,9769500,56
2026-08-24T02:12:55Z,40145,1250000,9997500,40
2026-08-24T02:12:55Z,40146,1250000,1250000,239
2026-08-24T02:12:55Z,40147,1249500,1249500,68
2026-08-24T02:12:55Z,40148,3490321400,3490321400,2
2026-08-24T02:12:55Z,40149,1250000,9990000,52
2026-08-24T02:12:55Z,40150,4999000,4999000,87
2026-08-24T02:12:55Z,40151,199977600,199977600,1
2026-08-24T02:12:55Z,40152,1249500,1249500,69
2026-08-24T02:12:55Z,40153,997500,997500,87
2026-08-24T02:12:55Z,40154,1250000,9978000,43
2026-08-24T02:12:55Z,40155,990000,1500000,65
2026-08-24T02:12:55Z,40156,1500003700,1500003700,1
2026-08-24T02:12:55Z,40157,987000,987000,57
2026-08-24T02:12:55Z,40158,990000000,990000000,1
2026-08-24T02:12:55Z,40159,1500000000,1500000000,1
2026-08-24T02:12:55Z,40160,1250000,9739000,58
2026-08-24T02:12:55Z,40161,3500000000,3500000000,1
2026-08-24T02:12:55Z,40162,1000000,9900500,43
2026-08-24T02:12:55Z,40163,1500000,9971000,52
2026-08-24T02:12:55Z,40164,9769500,9769500,51
2026-08-24T02:12:55Z,40165,9724000,9724000,47
2026-08-24T02:12:55Z,40166,9928500,9928500,47
2026-08-24T02:12:55Z,40167,9723500,9723500,55
2026-08-24T02:12:55Z,40168,9972500,9972500,45
2026-08-24T02:12:55Z,40169,8000500,8000500,59
2026-08-24T02:12:55Z,40171,998000,998000,49
2026-08-24T02:12:55Z,40173,9991000,9991000,46
2026-08-24T02:12:55Z,40175,2500000000,2500000000,1
2026-08-24T02:12:55Z,40176,4500002100,4500002100,1
2026-08-24T02:12:55Z,40177,999000,999000,52
2026-08-24T02:12:55Z,40179,997500,997500,77
2026-08-24T02:12:55Z,40180,999000,4509500,187
2026-08-24T02:12:55Z,40181,1500000000,1500000000,1
2026-08-24T02:12:55Z,40182,997000,997500,61
2026-08-24T02:12:55Z,40195,18800,18800,4635
2026-08-24T02:12:55Z,40199,30000,30000,5985
2026-08-24T02:12:55Z,40202,1496500,1496500,98
2026-08-24T02:12:55Z,40211,152000,187500,453
2026-08-24T02:12:55Z,40212,19600,20400,269
2026-08-24T02:12:55Z,40213,999900,999900,141
2026-08-24T02:12:55Z,40214,1150000,1150000,41
2026-08-24T02:12:55Z,40215,2353000,9909500,45
2026-08-24T02:12:55Z,40216,9958800,9958800,56
2026-08-24T02:12:55Z,40217,9909400,9909400,37
2026-08-24T02:12:55Z,40356,9900600,9900600,45
2026-08-24T02:12:55Z,40357,9990000,9990000,36
2026-08-24T02:12:55Z,40358,5055100,5055100,34
2026-08-24T02:12:55Z,40359,4178100,4178100,37
2026-08-24T02:12:55Z,40360,495000,9905000,549
2026-08-24T02:12:55Z,40361,7902700,7902700,118
2026-08-24T02:12:55Z,40391,49000900,49000900,14
2026-08-24T02:12:55Z,40392,290000900,290000900,1
2026-08-24T02:12:55Z,40393,290000700,290000700,1
2026-08-24T02:12:55Z,40404,1499900100,1499900100,7
2026-08-24T02:12:55Z,40411,49009900,49009900,25
2026-08-24T02:12:55Z,40533,74500,74500,115
2026-08-24T02:12:55Z,40536,5400,5400,1583
2026-08-24T02:12:55Z,40769,308800,350000,1240
2026-08-24T02:12:55Z,40771,990000,990000,805
2026-08-24T02:12:55Z,40896,1500007600,1500007600,1
2026-08-24T02:12:55Z,40897,250007600,250007600,1
2026-08-24T02:12:55Z,40899,250007600,250007600,1
2026-08-24T02:12:55Z,40900,1500000200,1500000200,1
2026-08-24T02:12:55Z,40901,1500007600,1500007600,1
2026-08-24T02:12:55Z,40902,507600,507600,2
2026-08-24T02:12:55Z,40903,1500000200,1500000200,1
2026-08-24T02:12:55Z,40906,1500007600,1500007600,1
2026-08-24T02:12:55Z,40908,1500007600,1500007600,1
2026-08-24T02:12:55Z,40909,507600,507600,2
2026-08-24T02:12:55Z,40912,1500000200,1500000200,1
2026-08-24T02:12:55Z,40913,1500007600,1500007600,3
2026-08-24T02:12:55Z,40914,250007600,250007600,1
2026-08-24T02:12:55Z,40915,1500007600,1500007600,1
2026-08-24T02:12:55Z,40916,1499997600,1499997600,6
2026-08-24T02:12:55Z,40919,128700,130300,410
2026-08-24T02:12:55Z,40920,1500000200,1500000200,1
2026-08-24T02:12:55Z,40921,250000200,250000200,1
2026-08-24T02:12:55Z,40922,1500007600,1500007600,1
2026-08-24T02:12:55Z,40923,1500007600,1500007600,1
2026-08-24T02:12:55Z,40924,1500007600,1500007600,1
2026-08-24T02:12:55Z,41092,299999900,299999900,2
2026-08-24T02:12:55Z,41094,1500000200,1500000200,1
2026-08-24T02:12:55Z,41095,99990200,99990200,9
2026-08-24T02:12:55Z,41096,1500000200,1500000200,1
2026-08-24T02:12:55Z,41097,1500007600,1500007600,8
2026-08-24T02:12:55Z,41098,250007600,250007600,1
2026-08-24T02:12:55Z,41099,250000200,250000200,1
2026-08-24T02:12:55Z,41100,108500,109000,10901
2026-08-24T02:12:55Z,41101,1500000200,1500000200,1
2026-08-24T02:12:55Z,41102,1500000200,1500000200,1
2026-08-24T02:12:55Z,41103,1500000200,1500000200,1
2026-08-24T02:12:55Z,41104,1500007600,1500007600,1
2026-08-24T02:12:55Z,41106,149999900,149999900,2
2026-08-24T02:12:55Z,41108,249993500,249993500,1
2026-08-24T02:12:55Z,41109,1500007600,1500007600,1
2026-08-24T02:12:55Z,41110,1500000200,1500000200,1
2026-08-24T02:12:55Z,41119,500,500,1494
2026-08-24T02:12:55Z,41146,125800,125800,78
2026-08-24T02:12:55Z,41163,899800,899900,2567
2026-08-24T02:12:55Z,41164,49000100,49000100,17
2026-08-24T02:12:55Z,41165,19900100,19900100,240
2026-08-24T02:12:55Z,41166,9885200,9885200,86
2026-08-24T02:12:55Z,41167,36900,36900,65
2026-08-24T02:12:55Z,41266,1100000,1100000,242
2026-08-24T02:12:55Z,41285,4999900,9989900,29
2026-08-24T02:12:55Z,41307,6860900,6860900,26
2026-08-24T02:12:55Z,41333,9900000,9900000,24
2026-08-24T02:12:55Z,41334,800000,800000,1857
2026-08-24T02:12:55Z,41335,19981800,19981800,14
2026-08-24T02:12:55Z,41337,799900,799900,165
2026-08-24T02:12:55Z,41338,83200,83200,76
2026-08-24T02:12:55Z,41339,100000,100000,166
2026-08-24T02:12:55Z,41368,49000000,49000000,20
2026-08-24T02:12:55Z,41369,7572100,7572100,27
2026-08-24T02:12:55Z,41373,9500006900,9500006900,1
2026-08-24T02:12:55Z,41375,747400,747400,107
2026-08-24T02:12:55Z,41376,4999900,4999900,35
2026-08-24T02:12:55Z,41377,19969700,19969700,13
2026-08-24T02:12:55Z,41378,9993400,9993400,26
2026-08-24T02:12:55Z,41379,18906600,18906600,17
2026-08-24T02:12:55Z,41380,2001000,2001000,51
2026-08-24T02:12:55Z,41381,76900,76900,71
2026-08-24T02:12:55Z,41382,19859900,19859900,20
2026-08-24T02:12:55Z,41385,44441100,44441100,22
2026-08-24T02:12:55Z,41389,7709900,7710000,37
2026-08-24T02:12:55Z,41395,8091800,8091800,32
2026-08-24T02:12:55Z,41396,1979900,1979900,33
2026-08-24T02:12:55Z,41397,3458000,3458000,90
2026-08-24T02:12:55Z,41398,5000000,9979900,23
2026-08-24T02:12:55Z,41400,3772400,3772400,31
2026-08-24T02:12:55Z,41401,2009400,2009400,30
2026-08-24T02:12:55Z,41427,229200,229200,110
2026-08-24T02:12:55Z,41432,500000,500000,33
2026-08-24T02:12:55Z,41433,4500001300,4500001300,1
2026-08-24T02:12:55Z,41434,9800000,9800000,30
2026-08-24T02:12:55Z,41435,930000,9894900,24
2026-08-24T02:12:55Z,41436,9007500,9805500,22
2026-08-24T02:12:55Z,41437,9997400,9997400,34
2026-08-24T02:12:55Z,41438,990007600,990007600,1
2026-08-24T02:12:55Z,41439,2000000,6000000,28
2026-08-24T02:12:55Z,41440,9950000,9950000,29
2026-08-24T02:12:55Z,41441,1707200,9900000,22
2026-08-24T02:12:55Z,41442,2486548300,2486548300,5
2026-08-24T02:12:55Z,41443,2999800,2999800,45
2026-08-24T02:12:55Z,41444,1299800,1299900,59
2026-08-24T02:12:55Z,41445,39995600,39995600,7
2026-08-24T02:12:55Z,41446,9901300,9901300,21
2026-08-24T02:12:55Z,41447,9990000,9990000,21
2026-08-24T02:12:55Z,41448,250000000,250000000,1
2026-08-24T02:12:55Z,41449,8987966000,8987966000,2
2026-08-24T02:12:55Z,41450,450001600,450001600,1
2026-08-24T02:12:55Z,41451,192493800,192493800,1
2026-08-24T02:12:55Z,41452,1949996000,1949996000,1
2026-08-24T02:12:55Z,41453,1804800,1804800,52
2026-08-24T02:12:55Z,41454,3500000000,3500000000,1
2026-08-24T02:12:55Z,41455,3563100,3563100,39
2026-08-24T02:12:55Z,41456,9989900,9989900,21
2026-08-24T02:12:55Z,41457,4464429100,4464429100,2
2026-08-24T02:12:55Z,41458,5500004800,5500004800,1
2026-08-24T02:12:55Z,41460,9889900,9889900,30
2026-08-24T02:12:55Z,41461,9893100,9893100,23
2026-08-24T02:12:55Z,41462,9995600,9995600,37
2026-08-24T02:12:55Z,41463,1957894800,1957894800,1
2026-08-24T02:12:55Z,41464,550000,550000,54
2026-08-24T02:12:55Z,41465,9500000000,9500000000,1
2026-08-24T02:12:55Z,41466,3998600,3998600,29
2026-08-24T02:12:55Z,41467,9999100,9999100,24
2026-08-24T02:12:55Z,41468,250002600,250002600,3
2026-08-24T02:12:55Z,41469,2000000000,2000000000,1
2026-08-24T02:12:55Z,41470,1201300,9891300,24
2026-08-24T02:12:55Z,41472,2500000000,2500000000,1
2026-08-24T02:12:55Z,41473,199000000,199000000,2
2026-08-24T02:12:55Z,41474,192938100,192938100,8
2026-08-24T02:12:55Z,41475,500000,500000,55
2026-08-24T02:12:55Z,41476,9997800,9997800,20
2026-08-24T02:12:55Z,41477,2495002500,2495002500,1
2026-08-24T02:12:55Z,41478,49903800,49903800,7
2026-08-24T02:12:55Z,41479,9800000,9800000,27
2026-08-24T02:12:55Z,41480,192228000,192228000,7
2026-08-24T02:12:55Z,41481,198121000,198121000,3
2026-08-24T02:12:55Z,41482,1107700,1107800,35
2026-08-24T02:12:55Z,41483,498500,498500,31
2026-08-24T02:12:55Z,41484,199980000,199980000,2
2026-08-24T02:12:55Z,41485,2950000,2950000,95
2026-08-24T02:12:55Z,41486,39608300,39608300,6
2026-08-24T02:12:55Z,41487,1500000000,1500000000,1
2026-08-24T02:12:55Z,41488,3053700,3053700,44
2026-08-24T02:12:55Z,41489,2000000,2000000,47
2026-08-24T02:12:55Z,41490,9890100,9890100,29
2026-08-24T02:12:55Z,41491,249991300,249991300,1
2026-08-24T02:12:55Z,41492,765700,765700,31
2026-08-24T02:12:55Z,41493,15009000,15009000,23
2026-08-24T02:12:55Z,41494,250000000,250000000,1
2026-08-24T02:12:55Z,41495,1600000,1600000,29
2026-08-24T02:12:55Z,41496,2500000000,2500000000,1
2026-08-24T02:12:55Z,41497,39990000,39990000,6
2026-08-24T02:12:55Z,41498,3780000,3780000,33
2026-08-24T02:12:55Z,41499,9892700,9892700,20
2026-08-24T02:12:55Z,41500,3500000000,3500000000,1
2026-08-24T02:12:55Z,41502,5671800,5671800,39
2026-08-24T02:12:55Z,41509,37500,37500,248
2026-08-24T02:12:55Z,41510,11500,11700,4054
2026-08-24T02:12:55Z,41511,26600,26900,2425
2026-08-24T02:12:55Z,41517,1500000200,1500000200,1
2026-08-24T02:12:55Z,41524,1500000200,1500000200,1
2026-08-24T02:12:55Z,41527,1500000200,1500000200,1
2026-08-24T02:12:55Z,41529,1500000200,1500000200,1
2026-08-24T02:12:55Z,41530,99990200,99990200,7
2026-08-24T02:12:55Z,41531,250007600,250007600,1
2026-08-24T02:12:55Z,41532,1500000200,1500000200,1
2026-08-24T02:12:55Z,41533,286777600,286777600,1
2026-08-24T02:12:55Z,41534,1500007600,1500007600,1
2026-08-24T02:12:55Z,41535,1500000200,1500000200,1
2026-08-24T02:12:55Z,41536,250007600,250007600,1
2026-08-24T02:12:55Z,41537,1500000200,1500000200,1
2026-08-24T02:12:55Z,41538,1500000200,1500000200,1
2026-08-24T02:12:55Z,41539,250007600,250007600,3
2026-08-24T02:12:55Z,41540,1500000200,1500000200,1
2026-08-24T02:12:55Z,41541,1500000200,1500000200,1
2026-08-24T02:12:55Z,41542,1500000200,1500000200,1
2026-08-24T02:12:55Z,41547,500200,500200,2
2026-08-24T02:12:55Z,41552,1500000200,1500000200,1
2026-08-24T02:12:55Z,41584,721200,721200,5903
2026-08-24T02:12:55Z,41586,2220100,4900100,200
2026-08-24T02:12:55Z,41593,1000000,1000000,208
2026-08-24T02:12:55Z,41594,1950000,1950000,282
2026-08-24T02:12:55Z,41595,2489900,2489900,736
2026-08-24T02:12:55Z,41601,219900,219900,112
2026-08-24T02:12:55Z,41602,6009000,6009000,26
2026-08-24T02:12:55Z,41603,299700,19995000,17
2026-08-24T02:12:55Z,41604,8407200,8407200,21
2026-08-24T02:12:55Z,41611,1613400,1898100,128
2026-08-24T02:12:55Z,41729,9900000,9900000,22
2026-08-24T02:12:55Z,41731,1200,1200,233
2026-08-24T02:12:55Z,41751,500,500,199
2026-08-24T02:12:55Z,41800,370000,370000,230
2026-08-24T02:12:55Z,41801,12000,14500,796
2026-08-24T02:12:55Z,41802,10000,19000,2873
2026-08-24T02:12:55Z,41803,50000,50000,601
2026-08-24T02:12:55Z,41805,500000,500000,638
2026-08-24T02:12:55Z,41806,6600,10000,1843
2026-08-24T02:12:55Z,41807,78200,700000,911
2026-08-24T02:12:55Z,41808,10000,10000,1928
2026-08-24T02:12:55Z,41809,10500,14700,2680
2026-08-24T02:12:55Z,41810,7300,7300,2632
2026-08-24T02:12:55Z,41812,4800,199900,1447
2026-08-24T02:12:55Z,41813,25500,33800,2602
2026-08-24T02:12:55Z,41814,145900,148500,6317
2026-08-24T02:12:55Z,41976,1330800,1331200,70
2026-08-24T02:12:55Z,42225,11999800,11999800,34
2026-08-24T02:12:55Z,42253,10000,10100,5254
2026-08-24T02:12:55Z,42396,1500000200,1500000200,1
2026-08-24T02:12:55Z,42397,250000200,250000200,1
2026-08-24T02:12:55Z,42398,249988300,249988300,2
2026-08-24T02:12:55Z,42399,250000200,250000200,1
2026-08-24T02:12:55Z,42400,1500007600,1500007600,1
2026-08-24T02:12:55Z,42401,1500007600,1500007600,1
2026-08-24T02:12:55Z,42402,1500007600,1500007600,1
2026-08-24T02:12:55Z,42403,1500000200,1500000200,1
2026-08-24T02:12:55Z,42405,1500000200,1500000200,1
2026-08-24T02:12:55Z,42406,250007600,250007600,1
2026-08-24T02:12:55Z,42407,1500000200,1500000200,1
2026-08-24T02:12:55Z,42408,250000200,250000200,1
2026-08-24T02:12:55Z,42409,250000200,250000200,1
2026-08-24T02:12:55Z,42410,1500000200,1500000200,1
2026-08-24T02:12:55Z,42411,527600,527600,2
2026-08-24T02:12:55Z,42412,1500000200,1500000200,1
2026-08-24T02:12:55Z,42414,1500007600,1500007600,1
2026-08-24T02:12:55Z,42415,1500000200,1500000200,1
2026-08-24T02:12:55Z,42416,1500007600,1500007600,1
2026-08-24T02:12:55Z,42428,9899900,9899900,40
2026-08-24T02:12:55Z,42429,100000,100000,243
2026-08-24T02:12:55Z,42430,300000,311800,185
2026-08-24T02:12:55Z,42431,703700,703700,188
2026-08-24T02:12:55Z,42432,701900,701900,54
2026-08-24T02:12:55Z,42433,100000,100000,98
2026-08-24T02:12:55Z,42434,254100,9900000,50
2026-08-24T02:12:55Z,42453,240000200,240000200,1
2026-08-24T02:12:55Z,42455,1500007600,1500007600,2
2026-08-24T02:12:55Z,42456,250000200,250000200,1
2026-08-24T02:12:55Z,42457,250000200,250000200,1
2026-08-24T02:12:55Z,42458,1500007600,1500007600,6
2026-08-24T02:12:55Z,42459,160600,9899800,28
2026-08-24T02:12:55Z,42460,1500007600,1500007600,1
2026-08-24T02:12:55Z,42461,250000200,250000200,6
2026-08-24T02:12:55Z,42462,250007600,250007600,1
2026-08-24T02:12:55Z,42464,279997600,279997600,1
2026-08-24T02:12:55Z,42465,1500000200,1500000200,1
2026-08-24T02:12:55Z,42466,1500000200,1500000200,1
2026-08-24T02:12:55Z,42467,1000000200,1000000200,3
2026-08-24T02:12:55Z,42468,290007600,290007600,1
2026-08-24T02:12:55Z,42469,1500007600,1500007600,1
2026-08-24T02:12:55Z,42470,85540200,85540200,10
2026-08-24T02:12:55Z,42471,1500007600,1500007600,1
2026-08-24T02:12:55Z,42472,1500000200,1500000200,2
2026-08-24T02:12:55Z,42473,500200,500200,2
2026-08-24T02:12:55Z,42500,1486900,1487300,71
2026-08-24T02:12:55Z,42545,2235300,2238600,144
2026-08-24T02:12:55Z,42546,3700,3700,921
2026-08-24T02:12:55Z,42641,8300,8300,333
2026-08-24T02:12:55Z,42701,400000,400000,87
2026-08-24T02:12:55Z,42702,406500,1488000,50
2026-08-24T02:12:55Z,42734,1500007600,1500007600,3
2026-08-24T02:12:55Z,42735,250007600,250007600,8
2026-08-24T02:12:55Z,42736,1500000200,1500000200,1
2026-08-24T02:12:55Z,42737,1500007600,1500007600,2
2026-08-24T02:12:55Z,42738,286788600,286788600,1
2026-08-24T02:12:55Z,42739,1500000200,1500000200,1
2026-08-24T02:12:55Z,42740,1500007600,1500007600,3
2026-08-24T02:12:55Z,42741,250007600,250007600,2
2026-08-24T02:12:55Z,42742,1998008500,1998008500,2
2026-08-24T02:12:55Z,42743,250000200,250000200,2
2026-08-24T02:12:55Z,42744,1500000200,1500000200,1
2026-08-24T02:12:55Z,42745,1500000200,1500000200,3
2026-08-24T02:12:55Z,42746,500200,500200,3
2026-08-24T02:12:55Z,42747,1500007600,1500007600,1
2026-08-24T02:12:55Z,42748,1500000200,1500000200,4
2026-08-24T02:12:55Z,42749,1500007600,1500007600,1
2026-08-24T02:12:55Z,42750,1500007600,1500007600,2
2026-08-24T02:12:55Z,42751,417700,418200,97
2026-08-24T02:12:55Z,42752,1500007600,1500007600,1
2026-08-24T02:12:55Z,42753,1500000200,1500000200,1
2026-08-24T02:12:55Z,42754,1500000200,1500000200,1
2026-08-24T02:12:55Z,42777,9970500,9970500,20
2026-08-24T02:12:55Z,42778,9981600,9981600,20
2026-08-24T02:12:55Z,42779,9900900,9900900,56
2026-08-24T02:12:55Z,42780,19000,20900,35869
2026-08-24T02:12:55Z,42897,500200,500200,2
2026-08-24T02:12:55Z,42899,1500007600,1500007600,1
2026-08-24T02:12:55Z,42900,250007600,250007600,1
2026-08-24T02:12:55Z,42902,1500000200,1500000200,2
2026-08-24T02:12:55Z,42903,1500000200,1500000200,1
2026-08-24T02:12:55Z,42904,286777600,286777600,1
2026-08-24T02:12:55Z,42905,1499990200,1499990200,3
2026-08-24T02:12:55Z,42906,1500000200,1500000200,1
2026-08-24T02:12:55Z,42907,1500007600,1500007600,1
2026-08-24T02:12:55Z,42908,250000200,250000200,1
2026-08-24T02:12:55Z,42909,1500007600,1500007600,1
2026-08-24T02:12:55Z,42910,1500000200,1500000200,2
2026-08-24T02:12:55Z,42911,1500007600,1500007600,1
2026-08-24T02:12:55Z,42912,1500000200,1500000200,1
2026-08-24T02:12:55Z,42913,250007600,250007600,1
2026-08-24T02:12:55Z,42914,250007600,250007600,1
2026-08-24T02:12:55Z,42915,250000200,250000200,1
2026-08-24T02:12:55Z,42916,1500007600,1500007600,1
2026-08-24T02:12:55Z,42917,1500000200,1500000200,1
2026-08-24T02:12:55Z,42930,49005000,49005000,161
2026-08-24T02:12:55Z,42931,33200,33200,77
2026-08-24T02:12:55Z,42942,34200,34200,64
2026-08-24T02:12:55Z,42954,1499997600,1499997600,2
2026-08-24T02:12:55Z,42955,1500007600,1500007600,1
2026-08-24T02:12:55Z,42956,250000200,250000200,1
2026-08-24T02:12:55Z,42957,1500000200,1500000200,1
2026-08-24T02:12:55Z,42958,250007600,250007600,1
2026-08-24T02:12:55Z,42959,1500007600,1500007600,1
2026-08-24T02:12:55Z,42960,1500000200,1500000200,3
2026-08-24T02:12:55Z,42961,1500000200,1500000200,1
2026-08-24T02:12:55Z,42962,1500007600,1500007600,1
2026-08-24T02:12:55Z,42963,1500000200,1500000200,1
2026-08-24T02:12:55Z,42964,1500000200,1500000200,1
2026-08-24T02:12:55Z,42965,1500000200,1500000200,14
2026-08-24T02:12:55Z,42966,1500000200,1500000200,1
2026-08-24T02:12:55Z,42967,1500000200,1500000200,1
2026-08-24T02:12:55Z,42968,250000200,250000200,1
2026-08-24T02:12:55Z,42969,1500007600,1500007600,1
2026-08-24T02:12:55Z,42970,250000200,250000200,1
2026-08-24T02:12:55Z,42971,250000200,250000200,1
2026-08-24T02:12:55Z,42972,1500007600,1500007600,1
2026-08-24T02:12:55Z,42973,250000200,250000200,1
2026-08-24T02:12:55Z,42974,1500000200,1500000200,19
2026-08-24T02:12:55Z,42993,19700,19700,186
2026-08-24T02:12:55Z,42994,54100,61300,44
2026-08-24T02:12:55Z,42995,9900000,9900000,45
2026-08-24T02:12:55Z,42996,787300,797300,75
2026-08-24T02:12:55Z,42997,62700,62700,1062
2026-08-24T02:12:55Z,42998,50000,50000,241
2026-08-24T02:12:55Z,42999,15300,15300,97
2026-08-24T02:12:55Z,43000,109700,109700,81
2026-08-24T02:12:55Z,43001,80000,80000,199
2026-08-24T02:12:55Z,43004,1400,1400,694
2026-08-24T02:12:55Z,43005,20000,20000,143
2026-08-24T02:12:55Z,43007,9500,19800,368329
2026-08-24T02:12:55Z,43009,3000,3000,2049
2026-08-24T02:12:55Z,43010,7000,7000,2225
2026-08-24T02:12:55Z,43011,6900,8400,24922
2026-08-24T02:12:55Z,43012,5000,7900,12712
2026-08-24T02:12:55Z,43013,61700,489900,2158
2026-08-24T02:12:55Z,43015,53800,54300,73
2026-08-24T02:12:55Z,43086,49700,49700,135
2026-08-24T02:12:55Z,43087,499999900,499999900,5
2026-08-24T02:12:55Z,43102,730000,890000,2195
2026-08-24T02:12:55Z,43103,97000,97900,1272
2026-08-24T02:12:55Z,43104,38200,38700,757
2026-08-24T02:12:55Z,43105,28000,34800,821
2026-08-24T02:12:55Z,43106,66500,66500,1396
2026-08-24T02:12:55Z,43107,375700,375700,1825
2026-08-24T02:12:55Z,43108,12000,12500,2806
2026-08-24T02:12:55Z,43109,91900,291100,845
2026-08-24T02:12:55Z,43115,139400,139400,1984
2026-08-24T02:12:55Z,43116,199800,199800,1026
2026-08-24T02:12:55Z,43117,25000,38800,3285
2026-08-24T02:12:55Z,43118,369600,369800,367
2026-08-24T02:12:55Z,43119,24700,45000,1615
2026-08-24T02:12:55Z,43120,109400,120000,7393
2026-08-24T02:12:55Z,43121,30000,49400,4039
2026-08-24T02:12:55Z,43122,29900,29900,5574
2026-08-24T02:12:55Z,43123,385500,389500,3603
2026-08-24T02:12:55Z,43124,49400,49400,5248
2026-08-24T02:12:55Z,43125,24900,199900,59755
2026-08-24T02:12:55Z,43126,44800,49400,6305
2026-08-24T02:12:55Z,43127,375000,375000,1951
2026-08-24T02:12:55Z,43145,9989200,9989200,25
2026-08-24T02:12:55Z,43146,19300000,19300000,15
2026-08-24T02:12:55Z,43231,49001700,49001700,20
2026-08-24T02:12:55Z,43233,49001900,49001900,20
2026-08-24T02:12:55Z,43235,49000800,49000800,20
2026-08-24T02:12:55Z,43236,9700000,9700000,40
2026-08-24T02:12:55Z,43268,19900,27000,102
2026-08-24T02:12:55Z,43316,1500000200,1500000200,1
2026-08-24T02:12:55Z,43321,9990800,9990800,5
2026-08-24T02:12:55Z,43325,290000800,290000800,1
2026-08-24T02:12:55Z,43326,45000800,45000800,2
2026-08-24T02:12:55Z,43328,290000800,290000800,1
2026-08-24T02:12:55Z,43329,290000800,290000800,2
2026-08-24T02:12:55Z,43330,30000000,30000000,20
2026-08-24T02:12:55Z,43331,1500000200,1500000200,1
2026-08-24T02:12:55Z,43332,1500000200,1500000200,1
2026-08-24T02:12:55Z,43333,45000800,45000800,6
2026-08-24T02:12:55Z,43334,291100,1000000,47
2026-08-24T02:12:55Z,43335,1500000200,1500000200,1
2026-08-24T02:12:55Z,43338,1500000200,1500000200,1
2026-08-24T02:12:55Z,43339,1500000200,1500000200,1
2026-08-24T02:12:55Z,43340,1500000200,1500000200,1
2026-08-24T02:12:55Z,43341,290000800,290000800,1
2026-08-24T02:12:55Z,43342,1500000200,1500000200,1
2026-08-24T02:12:55Z,43343,1500000200,1500000200,2
2026-08-24T02:12:55Z,43344,1500007600,1500007600,1
2026-08-24T02:12:55Z,43350,139100,3500000,454
2026-08-24T02:12:55Z,43351,250000200,250000200,1
2026-08-24T02:12:55Z,43354,1500007600,1500007600,1
2026-08-24T02:12:55Z,43356,1500000200,1500000200,1
2026-08-24T02:12:55Z,43359,1500000200,1500000200,1
2026-08-24T02:12:55Z,43360,290000200,290000200,1
2026-08-24T02:12:55Z,43361,1500000200,1500000200,1
2026-08-24T02:12:55Z,43362,1500000200,1500000200,4
2026-08-24T02:12:55Z,43364,1500000200,1500000200,1
2026-08-24T02:12:55Z,43365,1500000200,1500000200,1
2026-08-24T02:12:55Z,43366,333200,333200,956
2026-08-24T02:12:55Z,43367,1500007600,1500007600,1
2026-08-24T02:12:55Z,43368,1500000200,1500000200,1
2026-08-24T02:12:55Z,43369,392200,992200,408
2026-08-24T02:12:55Z,43370,1500007600,1500007600,1
2026-08-24T02:12:55Z,43371,250007600,250007600,1
2026-08-24T02:12:55Z,43373,164800,164800,460
2026-08-24T02:12:55Z,43374,1500000200,1500000200,1
2026-08-24T02:12:55Z,43376,1500000200,1500000200,1
2026-08-24T02:12:55Z,43377,1500000200,1500000200,1
2026-08-24T02:12:55Z,43378,1500000200,1500000200,1
2026-08-24T02:12:55Z,43379,1500000200,1500000200,1
2026-08-24T02:12:55Z,43380,250000200,250000200,1
2026-08-24T02:12:55Z,43381,1500000200,1500000200,1
2026-08-24T02:12:55Z,43385,1500000200,1500000200,1
2026-08-24T02:12:55Z,43386,333300,333300,523
2026-08-24T02:12:55Z,43388,250000200,250000200,1
2026-08-24T02:12:55Z,43389,1500000200,1500000200,1
2026-08-24T02:12:55Z,43390,250007600,250007600,1
2026-08-24T02:12:55Z,43391,250000200,250000200,1
2026-08-24T02:12:55Z,43393,500200,500200,2
2026-08-24T02:12:55Z,43394,1212100,1212300,33
2026-08-24T02:12:55Z,43395,250000200,250000200,1
2026-08-24T02:12:55Z,43396,1500000200,1500000200,1
2026-08-24T02:12:55Z,43397,1500007600,1500007600,1
2026-08-24T02:12:55Z,43398,1490900,2222200,255
2026-08-24T02:12:55Z,43399,1500000200,1500000200,1
2026-08-24T02:12:55Z,43400,1493200,2222200,227
2026-08-24T02:12:55Z,43412,1500000200,1500000200,1
2026-08-24T02:12:55Z,43413,1500007600,1500007600,1
2026-08-24T02:12:55Z,43414,89978200,89978200,13
2026-08-24T02:12:55Z,43415,1500007600,1500007600,1
2026-08-24T02:12:55Z,43416,1500007600,1500007600,1
2026-08-24T02:12:55Z,43417,1500000200,1500000200,1
2026-08-24T02:12:55Z,43418,1500007600,1500007600,1
2026-08-24T02:12:55Z,43419,1500000200,1500000200,1
2026-08-24T02:12:55Z,43420,1500007600,1500007600,1
2026-08-24T02:12:55Z,43422,250000200,250000200,1
2026-08-24T02:12:55Z,43423,1500007600,1500007600,1
2026-08-24T02:12:55Z,43424,500000,500000,7
2026-08-24T02:12:55Z,43425,250000200,250000200,1
2026-08-24T02:12:55Z,43427,1500007600,1500007600,1
2026-08-24T02:12:55Z,43428,250000200,250000200,1
2026-08-24T02:12:55Z,43432,1500000200,1500000200,1
2026-08-24T02:12:55Z,43463,400,900,57
2026-08-24T02:12:55Z,43464,7000,7000,63
2026-08-24T02:12:55Z,43465,300,900,133
2026-08-24T02:12:55Z,43466,7000,7000,51
2026-08-24T02:12:55Z,43467,300,300,61
2026-08-24T02:12:55Z,43478,1800000,1800000,375
2026-08-24T02:12:55Z,43480,199900,479800,1102
2026-08-24T02:12:55Z,43488,19500,19700,117
2026-08-24T02:12:55Z,43490,19600,19600,91
2026-08-24T02:12:55Z,43491,74500,75000,86
2026-08-24T02:12:55Z,43492,940700,940900,151
2026-08-24T02:12:55Z,43501,8200,30200,2467
2026-08-24T02:12:55Z,43519,1500007600,1500007600,1
2026-08-24T02:12:55Z,43520,990000100,990000100,1
2026-08-24T02:12:55Z,43521,290000000,290000000,1
2026-08-24T02:12:55Z,43522,990006700,990006700,2
2026-08-24T02:12:55Z,43530,9500000000,9500000000,1
2026-08-24T02:12:55Z,43533,250000200,250000200,1
2026-08-24T02:12:55Z,43534,1500007600,1500007600,1
2026-08-24T02:12:55Z,43535,666600,852200,87
2026-08-24T02:12:55Z,43536,1500000200,1500000200,1
2026-08-24T02:12:55Z,43537,1500000200,1500000200,1
2026-08-24T02:12:55Z,43539,1500000200,1500000200,1
2026-08-24T02:12:55Z,43541,1500007600,1500007600,1
2026-08-24T02:12:55Z,43542,250007600,250007600,1
2026-08-24T02:12:55Z,43543,1500000200,1500000200,1
2026-08-24T02:12:55Z,43544,1500000200,1500000200,1
2026-08-24T02:12:55Z,43546,250000200,250000200,1
2026-08-24T02:12:55Z,43547,1500000200,1500000200,1
2026-08-24T02:12:55Z,43548,1500000200,1500000200,1
2026-08-24T02:12:55Z,43549,1500000200,1500000200,1
2026-08-24T02:12:55Z,43550,1500007600,1500007600,1
2026-08-24T02:12:55Z,43551,229500,229500,1013
2026-08-24T02:12:55Z,43552,1500000200,1500000200,1
2026-08-24T02:12:55Z,43553,1400000200,1400000200,1
2026-08-24T02:12:55Z,43554,250000200,250000200,4
2026-08-24T02:12:55Z,43557,450000,450000,103
2026-08-24T02:12:55Z,43571,5300,5400,388
2026-08-24T02:12:55Z,43572,29900,33600,775
2026-08-24T02:12:55Z,43574,49009800,49009800,22
2026-08-24T02:12:55Z,43576,290002700,290002700,1
2026-08-24T02:12:55Z,43577,290002700,290002700,1
2026-08-24T02:12:55Z,43645,99900,49000100,22
2026-08-24T02:12:55Z,43646,600,600,589
2026-08-24T02:12:55Z,43647,4900,5000,311
2026-08-24T02:12:55Z,43652,9900,21000,827
2026-08-24T02:12:55Z,43653,49000000,49000100,21
2026-08-24T02:12:55Z,43658,49001500,49001500,20
2026-08-24T02:12:55Z,43671,1500000200,1500000200,1
2026-08-24T02:12:55Z,43672,1500000200,1500000200,1
2026-08-24T02:12:55Z,43673,250000200,250000200,1
2026-08-24T02:12:55Z,43694,49000000,49000000,20
2026-08-24T02:12:55Z,43695,28600,28600,66
2026-08-24T02:12:55Z,43696,25000,25000,81
2026-08-24T02:12:55Z,43725,1500000200,1500000200,1
2026-08-24T02:12:55Z,43825,1500007600,1500007600,1
2026-08-24T02:12:55Z,43826,1500000200,1500000200,1
2026-08-24T02:12:55Z,43827,1500007600,1500007600,1
2026-08-24T02:12:55Z,43850,402900,402900,76
2026-08-24T02:12:55Z,43851,1000,1000,151
2026-08-24T02:12:55Z,43852,5000,5000,146
2026-08-24T02:12:55Z,43853,190000,190000,1418
2026-08-24T02:12:55Z,43854,59000,59000,452
2026-08-24T02:12:55Z,43867,1500007600,1500007600,1
2026-08-24T02:12:55Z,43868,250007600,250007600,1
2026-08-24T02:12:55Z,43869,1500000200,1500000200,1
2026-08-24T02:12:55Z,43987,1400000,1448300,117
2026-08-24T02:12:55Z,44066,19998500,19998500,10
2026-08-24T02:12:55Z,44076,199006900,199006900,6
2026-08-24T02:12:55Z,44078,57000000,60000000,19
2026-08-24T02:12:55Z,44081,47406300,47406300,8
2026-08-24T02:12:55Z,44082,18042400,18042400,33
2026-08-24T02:12:55Z,44084,19974800,19974800,9
2026-08-24T02:12:55Z,44087,39990900,39990900,5
2026-08-24T02:12:55Z,44088,150000000,150000000,2
2026-08-24T02:12:55Z,44089,19900900,19900900,10
2026-08-24T02:12:55Z,44128,680000,689500,757
2026-08-24T02:12:55Z,44143,841500,850000,84
2026-08-24T02:12:55Z,44144,287100,291600,66
2026-08-24T02:12:55Z,44145,109300,110400,78
2026-08-24T02:12:55Z,44146,80800,81600,61
2026-08-24T02:12:55Z,44147,179300,181100,60
2026-08-24T02:12:55Z,44154,83000,83800,113
2026-08-24T02:12:55Z,44155,81600,240700,55
2026-08-24T02:12:55Z,44156,81700,83100,88
2026-08-24T02:12:55Z,44157,145800,147200,74
2026-08-24T02:12:55Z,44165,47900,48300,61
2026-08-24T02:12:55Z,44206,49003000,49003000,20
2026-08-24T02:12:55Z,44207,49009900,49009900,16
2026-08-24T02:12:55Z,44208,1999900,49009900,21
2026-08-24T02:12:55Z,44260,10000000,10000000,15
2026-08-24T02:12:55Z,44261,39904500,39904500,20
2026-08-24T02:12:55Z,44262,99995000,99995000,37
2026-08-24T02:12:55Z,44263,14502500,14502500,12
2026-08-24T02:12:55Z,44264,20000000,20000000,40
2026-08-24T02:12:55Z,44265,7500000,7500000,30
2026-08-24T02:12:55Z,44266,2250000,2250000,18
2026-08-24T02:12:55Z,44267,35625000,35625000,11
2026-08-24T02:12:55Z,44268,12707500,12707500,13
2026-08-24T02:12:55Z,44269,5324500,5324500,17
2026-08-24T02:12:55Z,44270,17823800,17823800,11
2026-08-24T02:12:55Z,44271,8616100,8616100,36
2026-08-24T02:12:55Z,44272,6394500,6394500,13
2026-08-24T02:12:55Z,44273,11174300,11174300,52
2026-08-24T02:12:55Z,44274,39704900,39704900,17
2026-08-24T02:12:55Z,44275,39498600,39498600,17
2026-08-24T02:12:55Z,44277,8925200,8925200,15
2026-08-24T02:12:55Z,44278,8387800,8387800,24
2026-08-24T02:12:55Z,44279,9704000,9704000,29
2026-08-24T02:12:55Z,44280,3750000,13750000,51
2026-08-24T02:12:55Z,44281,4754600,4754600,32
2026-08-24T02:12:55Z,44282,39800000,39800000,14
2026-08-24T02:12:55Z,44284,39997800,39997800,13
2026-08-24T02:12:55Z,44285,20000000,20000000,28
2026-08-24T02:12:55Z,44286,2004200,2004200,19
2026-08-24T02:12:55Z,44287,4250000,4250000,18
2026-08-24T02:12:55Z,44288,1009500,1009500,10
2026-08-24T02:12:55Z,44289,6619800,6619800,12
2026-08-24T02:12:55Z,44290,4000000,4000000,17
2026-08-24T02:12:55Z,44291,5958000,5958000,27
2026-08-24T02:12:55Z,44292,14795600,14795600,101
2026-08-24T02:12:55Z,44293,2916000,2916000,25
2026-08-24T02:12:55Z,44314,10000,10000,62
2026-08-24T02:12:55Z,44315,65700,66400,54
2026-08-24T02:12:55Z,44325,147500,147500,109
2026-08-24T02:12:55Z,44327,66700,66700,143
2026-08-24T02:12:55Z,44328,40000,40000,151
2026-08-24T02:12:55Z,44329,89000,89000,99
2026-08-24T02:12:55Z,44330,89900,93800,143
2026-08-24T02:12:55Z,44331,60000,125000,307
2026-08-24T02:12:55Z,44332,84000,84000,164
2026-08-24T02:12:55Z,44449,24700,24700,103
2026-08-24T02:12:55Z,44453,29500,29500,101
2026-08-24T02:12:55Z,44455,39000,41100,51
2026-08-24T02:12:55Z,44456,30000,30000,140
2026-08-24T02:12:55Z,44457,221900,221900,89
2026-08-24T02:12:55Z,44458,49200,49200,320
2026-08-24T02:12:55Z,44463,9905900,9905900,30
2026-08-24T02:12:55Z,44464,290009900,290009900,1
2026-08-24T02:12:55Z,44465,209900,209900,134
2026-08-24T02:12:55Z,44466,850000,851300,97
2026-08-24T02:12:55Z,44467,1495100,1495100,85
2026-08-24T02:12:55Z,44468,290000200,290000200,1
2026-08-24T02:12:55Z,44469,902500,902500,54
2026-08-24T02:12:55Z,44470,223700,9899700,46
2026-08-24T02:12:55Z,44481,5300,5300,135
2026-08-24T02:12:55Z,44482,800,800,127
2026-08-24T02:12:55Z,44493,3490000,9904900,39
2026-08-24T02:12:55Z,44497,1219900,1220000,109
2026-08-24T02:12:55Z,44499,39990000,39990000,26
2026-08-24T02:12:55Z,44500,18801000,18801000,47
2026-08-24T02:12:55Z,44501,11000000,11000000,121
2026-08-24T02:12:55Z,44570,48300,48700,58
2026-08-24T02:12:55Z,44571,30000,40000,89
2026-08-24T02:12:55Z,44573,28000,28000,74
2026-08-24T02:12:55Z,44574,32000,9952000,49
2026-08-24T02:12:55Z,44575,25800,25900,183
2026-08-24T02:12:55Z,44599,800,800,114
2026-08-24T02:12:55Z,44601,1100,1200,209
2026-08-24T02:12:55Z,44605,49001900,49001900,20
2026-08-24T02:12:55Z,44607,9900000,9900000,29
2026-08-24T02:12:55Z,44608,9989700,9989700,26
2026-08-24T02:12:55Z,44609,9989800,9989800,21
2026-08-24T02:12:55Z,44614,290002700,290002700,1
2026-08-24T02:12:55Z,44615,49000800,49000800,53
2026-08-24T02:12:55Z,44616,535100,9900500,47
2026-08-24T02:12:55Z,44617,30000,9950000,47
2026-08-24T02:12:55Z,44618,19300,19500,57
2026-08-24T02:12:55Z,44619,89800,89800,92
2026-08-24T02:12:55Z,44684,250007600,250007600,1
2026-08-24T02:12:55Z,44699,9500000100,9500000100,1
2026-08-24T02:12:55Z,44716,9908200,9908200,68
2026-08-24T02:12:55Z,44722,9800,9800,100
2026-08-24T02:12:55Z,44729,49008800,49008800,17
2026-08-24T02:12:55Z,44739,36000,36000,317
2026-08-24T02:12:55Z,44749,29900,29900,71
2026-08-24T02:12:55Z,44750,9000000,9987300,30
2026-08-24T02:12:55Z,44752,1256300,49006300,22
2026-08-24T02:12:55Z,44753,49003800,49003800,22
2026-08-24T02:12:55Z,44754,49003000,49003000,20
2026-08-24T02:12:55Z,44755,129900,129900,32
2026-08-24T02:12:55Z,44756,22900,23000,25
2026-08-24T02:12:55Z,44757,49003800,49003800,30
2026-08-24T02:12:55Z,44758,19900,19900,368
2026-08-24T02:12:55Z,44759,4509800,4509800,56
2026-08-24T02:12:55Z,44760,9903000,9903000,102
2026-08-24T02:12:55Z,44761,49003800,49003800,21
2026-08-24T02:12:55Z,44762,40000000,40000000,32
2026-08-24T02:12:55Z,44763,49002700,49002700,20
2026-08-24T02:12:55Z,44764,1002400,1002400,30
2026-08-24T02:12:55Z,44765,49000000,49000000,15
2026-08-24T02:12:55Z,44766,1002400,1002400,69
2026-08-24T02:12:55Z,44767,290002700,290002700,1
2026-08-24T02:12:55Z,44768,49003000,49003000,20
2026-08-24T02:12:55Z,44769,49003800,49003800,20
2026-08-24T02:12:55Z,44770,49003000,49003000,20
2026-08-24T02:12:55Z,44771,30200,9900300,111
2026-08-24T02:12:55Z,44772,32003000,32003000,105
2026-08-24T02:12:55Z,44773,3582200,3582200,51
2026-08-24T02:12:55Z,44774,49003000,49003000,20
2026-08-24T02:12:55Z,44775,49003800,49003800,20
2026-08-24T02:12:55Z,44776,49002400,49002400,22
2026-08-24T02:12:55Z,44777,49002700,49002700,16
2026-08-24T02:12:55Z,44778,49000000,49000000,20
2026-08-24T02:12:55Z,44779,4902400,49002400,21
2026-08-24T02:12:55Z,44780,9903000,9903000,54
2026-08-24T02:12:55Z,44781,45008000,45008000,25
2026-08-24T02:12:55Z,44782,49002400,49002400,24
2026-08-24T02:12:55Z,44783,290002700,290002700,1
2026-08-24T02:12:55Z,44815,204200,204200,114
2026-08-24T02:12:55Z,44920,250000200,250000200,1
2026-08-24T02:12:55Z,44922,98000,100000,77742
2026-08-24T02:12:55Z,44923,1500000200,1500000200,1
2026-08-24T02:12:55Z,44928,250007600,250007600,1
2026-08-24T02:12:55Z,44936,39980000,39980000,18
2026-08-24T02:12:55Z,44940,1000,1000,181
2026-08-24T02:12:55Z,44941,500,500,256
2026-08-24T02:12:55Z,44947,68700,84500,48
2026-08-24T02:12:55Z,44953,24900,29900,135
2026-08-24T02:12:55Z,44955,1500000200,1500000200,2
2026-08-24T02:12:55Z,44958,357000,749900,2369
2026-08-24T02:12:55Z,44963,250000,3135000,28
2026-08-24T02:12:55Z,45056,1189800,1189800,43
2026-08-24T02:12:55Z,45060,74700,74700,100
2026-08-24T02:12:55Z,45087,5500,5500,5412
2026-08-24T02:12:55Z,45188,2900,12500,33
2026-08-24T02:12:55Z,45189,127600,127600,29
2026-08-24T02:12:55Z,45190,171000,9900000,134
2026-08-24T02:12:55Z,45191,3500,29900,24
2026-08-24T02:12:55Z,45194,53700,9900200,116
2026-08-24T02:12:55Z,45195,30000,30000,24
2026-08-24T02:12:55Z,45196,200,500,159
2026-08-24T02:12:55Z,45197,15859900,15859900,398
2026-08-24T02:12:55Z,45198,150000,150000,42
2026-08-24T02:12:55Z,45199,750200,750200,25
2026-08-24T02:12:55Z,45200,500,500,188
2026-08-24T02:12:55Z,45201,2152000,2152000,503
2026-08-24T02:12:55Z,45202,10000,49000000,21
2026-08-24T02:12:55Z,45601,1500000200,1500000200,1
2026-08-24T02:12:55Z,45602,250000200,250000200,1
2026-08-24T02:12:55Z,45603,1500007600,1500007600,1
2026-08-24T02:12:55Z,45604,1500000200,1500000200,1
2026-08-24T02:12:55Z,45621,35000,40000,154
2026-08-24T02:12:55Z,45622,1500000200,1500000200,1
2026-08-24T02:12:55Z,45623,1500000200,1500000200,1
2026-08-24T02:12:55Z,45625,1500007600,1500007600,1
2026-08-24T02:12:55Z,45628,27000,27500,90
2026-08-24T02:12:55Z,45732,1500000200,1500000200,1
2026-08-24T02:12:55Z,45737,1500007600,1500007600,3
2026-08-24T02:12:55Z,45738,1500000200,1500000200,1
2026-08-24T02:12:55Z,45739,1500007600,1500007600,1
2026-08-24T02:12:55Z,45740,1500000200,1500000200,1
2026-08-24T02:12:55Z,45741,1500000200,1500000200,1
2026-08-24T02:12:55Z,45742,1500007600,1500007600,1
2026-08-24T02:12:55Z,45743,250007600,250007600,1
2026-08-24T02:12:55Z,45744,1500007600,1500007600,1
2026-08-24T02:12:55Z,45745,1500007600,1500007600,1
2026-08-24T02:12:55Z,45746,1500007600,1500007600,1
2026-08-24T02:12:55Z,45753,250007600,250007600,1
2026-08-24T02:12:55Z,45755,1500000200,1500000200,1
2026-08-24T02:12:55Z,45756,1500007600,1500007600,1
2026-08-24T02:12:55Z,45757,250000200,250000200,1
2026-08-24T02:12:55Z,45758,1500000200,1500000200,1
2026-08-24T02:12:55Z,45760,250000200,250000200,1
2026-08-24T02:12:55Z,45761,250000200,250000200,1
2026-08-24T02:12:55Z,45767,1500007600,1500007600,1
2026-08-24T02:12:55Z,45768,201300,201300,209
2026-08-24T02:12:55Z,45769,250000200,250000200,1
2026-08-24T02:12:55Z,45771,1500000200,1500000200,1
2026-08-24T02:12:55Z,45775,1500000200,1500000200,1
2026-08-24T02:12:55Z,45776,1500000200,1500000200,1
2026-08-24T02:12:55Z,45777,1500007600,1500007600,1
2026-08-24T02:12:55Z,45780,1500007600,1500007600,1
2026-08-24T02:12:55Z,45781,1500007600,1500007600,1
2026-08-24T02:12:55Z,45782,250000200,250000200,1
2026-08-24T02:12:55Z,45783,250000200,250000200,1
2026-08-24T02:12:55Z,45785,250000200,250000200,1
2026-08-24T02:12:55Z,45789,909000,1410000,124
2026-08-24T02:12:55Z,45790,1500000200,1500000200,1
2026-08-24T02:12:55Z,45792,1500000200,1500000200,1
2026-08-24T02:12:55Z,45793,1500000200,1500000200,1
2026-08-24T02:12:55Z,45794,250000200,250000200,1
2026-08-24T02:12:55Z,45795,250000200,250000200,1
2026-08-24T02:12:55Z,45799,1500000200,1500000200,1
2026-08-24T02:12:55Z,45800,1500000200,1500000200,1
2026-08-24T02:12:55Z,45804,1500000200,1500000200,1
2026-08-24T02:12:55Z,45805,1500007600,1500007600,1
2026-08-24T02:12:55Z,45806,1500000200,1500000200,2
2026-08-24T02:12:55Z,45862,300000000,300000000,6
2026-08-24T02:12:55Z,45879,70000000,70000000,5
2026-08-24T02:12:55Z,45880,49999300,49999300,5
2026-08-24T02:12:55Z,45881,199989600,199989600,1
2026-08-24T02:12:55Z,45882,250000000,250000000,2
2026-08-24T02:12:55Z,45883,9200000,9200000,6
2026-08-24T02:12:55Z,45901,9900000,9900000,21
2026-08-24T02:12:55Z,45907,2500,49000100,21
2026-08-24T02:12:55Z,45909,1133400,3893100,74
2026-08-24T02:12:55Z,45912,2699500,2699500,83
2026-08-24T02:12:55Z,45932,5000600,5000600,159
2026-08-24T02:12:55Z,45978,4990000,40000000,31
2026-08-24T02:12:55Z,45979,19999900,19999900,2
2026-08-24T02:12:55Z,45980,290005100,290005100,3
2026-08-24T02:12:55Z,45981,290005100,290005100,1
2026-08-24T02:12:55Z,45987,70000600,70000600,2
2026-08-24T02:12:55Z,45999,7500,150000,32
2026-08-24T02:12:55Z,46000,49000100,49000100,21
2026-08-24T02:12:55Z,46001,49001800,49001800,20
2026-08-24T02:12:55Z,46002,49000100,49000100,20
2026-08-24T02:12:55Z,46003,48880000,48888800,22
2026-08-24T02:12:55Z,46023,612400,3909900,201
2026-08-24T02:12:55Z,46026,6410400,6410400,25
2026-08-24T02:12:55Z,46098,508500,508500,72
2026-08-24T02:12:55Z,46361,49003800,49003800,20
2026-08-24T02:12:55Z,46368,1500006400,1500006400,1
2026-08-24T02:12:55Z,46372,1500007600,1500007600,1
2026-08-24T02:12:55Z,46376,80000,80000,280
2026-08-24T02:12:55Z,46377,12000,12000,495
2026-08-24T02:12:55Z,46378,20000,27600,430
2026-08-24T02:12:55Z,46379,20000,26300,255
2026-08-24T02:12:55Z,46390,49000100,49000100,20
2026-08-24T02:12:55Z,46391,41650000,49000000,21
2026-08-24T02:12:55Z,46703,500000,49000000,21
2026-08-24T02:12:55Z,46849,5500000,5500000,2399
2026-08-24T02:12:55Z,47556,19900,62500,5628
2026-08-24T02:12:55Z,47831,90100,9900100,85
2026-08-24T02:12:55Z,48720,250007600,250007600,1
2026-08-24T02:12:55Z,49084,421100,421100,382
2026-08-24T02:12:55Z,49100,800100,800100,41
2026-08-24T02:12:55Z,49110,10000000,10000000,11
2026-08-24T02:12:55Z,49209,290000100,290000100,1
2026-08-24T02:12:55Z,49253,3000000,3000000,45
2026-08-24T02:12:55Z,49254,1000000,1000000,45
2026-08-24T02:12:55Z,49300,49000100,49000100,20
2026-08-24T02:12:55Z,49397,12900,9994400,43
2026-08-24T02:12:55Z,49600,1000000,1000000,49
2026-08-24T02:12:55Z,49601,1000000,1000000,45
2026-08-24T02:12:55Z,49602,9903300,9903300,65
2026-08-24T02:12:55Z,49619,49000100,49000100,23
2026-08-24T02:12:55Z,49624,49000100,49000100,24
2026-08-24T02:12:55Z,49625,49000100,49000100,21
2026-08-24T02:12:55Z,49626,49000100,49000100,20
2026-08-24T02:12:55Z,49627,290000100,290000100,1
2026-08-24T02:12:55Z,49632,20428800,20428800,43
2026-08-24T02:12:55Z,49884,859700,859700,77
2026-08-24T02:12:55Z,49908,90000,90000,1737
2026-08-24T02:12:55Z,50045,1500000200,1500000200,1
2026-08-24T02:12:55Z,50077,250000200,250000200,1
2026-08-24T02:12:55Z,50125,1500007600,1500007600,1
2026-08-24T02:12:55Z,50438,49000100,49000100,20
2026-08-24T02:12:55Z,50816,4989900,4990000,34
2026-08-24T02:12:55Z,51950,131200,131200,4193
2026-08-24T02:12:55Z,52020,49000100,49000100,195
2026-08-24T02:12:55Z,52021,49000100,49000100,1000
2026-08-24T02:12:55Z,52074,131500,131500,28
2026-08-24T02:12:55Z,52078,30900,100000,42751
2026-08-24T02:12:55Z,52081,159800,159800,39
2026-08-24T02:12:55Z,52082,90400,90400,42
2026-08-24T02:12:55Z,52083,158000,198000,75
2026-08-24T02:12:55Z,52084,195000,364400,38
2026-08-24T02:12:55Z,52085,147000,147100,67
2026-08-24T02:12:55Z,52086,163900,800000,65
2026-08-24T02:12:55Z,52087,20000,20000,36
2026-08-24T02:12:55Z,52088,326700,326700,43
2026-08-24T02:12:55Z,52089,19600,19600,88
2026-08-24T02:12:55Z,52090,200000,240000,38
2026-08-24T02:12:55Z,52091,30000,175800,63
2026-08-24T02:12:55Z,52093,61100,220800,154
2026-08-24T02:12:55Z,52094,112000,112700,104
2026-08-24T02:12:55Z,52095,128700,128700,49
2026-08-24T02:12:55Z,52096,187200,195200,50
2026-08-24T02:12:55Z,52097,252200,252200,54
2026-08-24T02:12:55Z,52098,202000,202000,47
2026-08-24T02:12:55Z,52099,333400,333400,37
2026-08-24T02:12:55Z,52100,1466500,2722200,45
2026-08-24T02:12:55Z,52101,39400,204500,65
2026-08-24T02:12:55Z,52102,187200,611800,35
2026-08-24T02:12:55Z,52103,250000,250000,28
2026-08-24T02:12:55Z,52104,187200,1512000,63
2026-08-24T02:12:55Z,52105,74500,74500,61
2026-08-24T02:12:55Z,52106,418000,418000,74
2026-08-24T02:12:55Z,52108,252700,252800,70
2026-08-24T02:12:55Z,52109,2090000,2090000,34
2026-08-24T02:12:55Z,52110,418000,418000,48
2026-08-24T02:12:55Z,52111,475400,475400,58
2026-08-24T02:12:55Z,52112,226100,2436100,38
2026-08-24T02:12:55Z,52113,271100,271100,163
2026-08-24T02:12:55Z,52114,240000,240000,40
2026-08-24T02:12:55Z,52115,100000,328000,96
2026-08-24T02:12:55Z,52116,350000,418000,59
2026-08-24T02:12:55Z,52117,400000,404400,54
2026-08-24T02:12:55Z,52118,197600,344900,34
2026-08-24T02:12:55Z,52119,185700,187000,34
2026-08-24T02:12:55Z,52120,255200,255200,45
2026-08-24T02:12:55Z,52121,10000,90300,58
2026-08-24T02:12:55Z,52122,250100,250100,41
2026-08-24T02:12:55Z,52123,259600,259600,63
2026-08-24T02:12:55Z,52124,187000,210400,53
2026-08-24T02:12:55Z,52125,247400,247400,53
2026-08-24T02:12:55Z,52126,110000,110000,52
2026-08-24T02:12:55Z,52127,453000,453000,43
2026-08-24T02:12:55Z,52128,39800,39800,93
2026-08-24T02:12:55Z,52129,3363900,3363900,38
2026-08-24T02:12:55Z,52130,9999900,9999900,29
2026-08-24T02:12:55Z,52131,1823400,1823400,33
2026-08-24T02:12:55Z,52132,9999100,9999100,21
2026-08-24T02:12:55Z,52133,39995400,39995400,10
2026-08-24T02:12:55Z,52134,1999900,2000000,18
2026-08-24T02:12:55Z,52135,9443100,9443100,18
2026-08-24T02:12:55Z,52136,990000000,990000000,2
2026-08-24T02:12:55Z,52137,4940100,4940100,29
2026-08-24T02:12:55Z,52138,39999800,39999800,7
2026-08-24T02:12:55Z,52139,4302800,4302800,14
2026-08-24T02:12:55Z,52140,9980000,9980000,25
2026-08-24T02:12:55Z,52141,4000000,7082200,23
2026-08-24T02:12:55Z,52142,2000000,3008900,35
2026-08-24T02:12:55Z,52143,3500000,3500000,26
2026-08-24T02:12:55Z,52144,7990000,9880300,23
2026-08-24T02:12:55Z,52145,39900800,39900800,8
2026-08-24T02:12:55Z,52146,979800,979800,44
2026-08-24T02:12:55Z,52147,24722400,24722400,20
2026-08-24T02:12:55Z,52148,3002300,3315400,17
2026-08-24T02:12:55Z,52149,9998100,9998100,30
2026-08-24T02:12:55Z,52151,18913700,18913700,21
2026-08-24T02:12:55Z,52152,1000000,9996000,22
2026-08-24T02:12:55Z,52153,4990000,4990000,27
2026-08-24T02:12:55Z,52154,39900000,39900000,13
2026-08-24T02:12:55Z,52155,1625000,1625000,26
2026-08-24T02:12:55Z,52156,3343900,3343900,23
2026-08-24T02:12:55Z,52157,19990500,19990500,11
2026-08-24T02:12:55Z,52158,19998900,19998900,10
2026-08-24T02:12:55Z,52159,250000100,250000100,2
2026-08-24T02:12:55Z,52160,39909500,39909500,22
2026-08-24T02:12:55Z,52161,9187400,17904000,15
2026-08-24T02:12:55Z,52162,2000000,9993500,22
2026-08-24T02:12:55Z,52163,1104900,1485000,31
2026-08-24T02:12:55Z,52164,559800,699800,29
2026-08-24T02:12:55Z,52166,9802900,9802900,22
2026-08-24T02:12:55Z,52167,6157200,6157200,15
2026-08-24T02:12:55Z,52168,2568700,2568700,32
2026-08-24T02:12:55Z,52169,9967600,9967600,21
2026-08-24T02:12:55Z,52170,2120400,9990000,23
2026-08-24T02:12:55Z,52171,199700000,199700000,2
2026-08-24T02:12:55Z,52172,2200000,2200000,30
2026-08-24T02:12:55Z,52173,3990000,5000000,26
2026-08-24T02:12:55Z,52174,4000100,4990000,22
2026-08-24T02:12:55Z,52175,831300,2501300,26
2026-08-24T02:12:55Z,52176,1008200,1200200,30
2026-08-24T02:12:55Z,52177,190000,200000,11324
2026-08-24T02:12:55Z,52178,199800,202800,33463
2026-08-24T02:12:55Z,52179,200000,200000,1340
2026-08-24T02:12:55Z,52180,209400,450000,10595
2026-08-24T02:12:55Z,52181,190000,208000,2292
2026-08-24T02:12:55Z,52182,240000,320000,24378
2026-08-24T02:12:55Z,52183,72000,75900,19860
2026-08-24T02:12:55Z,52185,52100,52100,165836
2026-08-24T02:12:55Z,52186,114000,120000,15670
2026-08-24T02:12:55Z,52188,14500,14500,1014
2026-08-24T02:12:55Z,52190,480700,480700,469
2026-08-24T02:12:55Z,52191,361900,361900,508
2026-08-24T02:12:55Z,52192,230000,240000,1978
2026-08-24T02:12:55Z,52193,710000,710000,714
2026-08-24T02:12:55Z,52194,290000,290000,747
2026-08-24T02:12:55Z,52195,290000,290000,868
2026-08-24T02:12:55Z,52196,5499800,7779900,526
2026-08-24T02:12:55Z,52203,1000000,1000000,64
2026-08-24T02:12:55Z,52204,9850000,9850000,32
2026-08-24T02:12:55Z,52205,999900,9900000,59
2026-08-24T02:12:55Z,52206,8977800,8978300,62
2026-08-24T02:12:55Z,52207,5500000,5500000,39
2026-08-24T02:12:55Z,52208,9889900,9889900,35
2026-08-24T02:12:55Z,52209,9979900,9979900,36
2026-08-24T02:12:55Z,52210,2485900,2485900,31
2026-08-24T02:12:55Z,52211,7770200,7770200,46
2026-08-24T02:12:55Z,52212,821200,9990000,33
2026-08-24T02:12:55Z,52213,649700,649800,55
2026-08-24T02:12:55Z,52214,9989700,9989700,45
2026-08-24T02:12:55Z,52215,7574000,9990000,21
2026-08-24T02:12:55Z,52216,9990000,9990000,21
2026-08-24T02:12:55Z,52217,249900,9500000,40
2026-08-24T02:12:55Z,52218,9990000,9990000,21
2026-08-24T02:12:55Z,52219,597400,597500,81
2026-08-24T02:12:55Z,52220,1250000,9860000,36
2026-08-24T02:12:55Z,52221,9891800,9891800,23
2026-08-24T02:12:55Z,52222,9528500,9528500,41
2026-08-24T02:12:55Z,52223,9989600,9989600,21
2026-08-24T02:12:55Z,52224,9899800,9899800,34
2026-08-24T02:12:55Z,52225,752300,9990000,45
2026-08-24T02:12:55Z,52226,449900,450000,49
2026-08-24T02:12:55Z,52227,9901700,9901800,23
2026-08-24T02:12:55Z,52228,647400,647400,81
2026-08-24T02:12:55Z,52229,3500000,4999900,25
2026-08-24T02:12:55Z,52230,5700700,9904200,47
2026-08-24T02:12:55Z,52231,2999900,2999900,35
2026-08-24T02:12:55Z,52232,639900,640800,81
2026-08-24T02:12:55Z,52233,613900,9990000,23
2026-08-24T02:12:55Z,52234,9989600,9989600,20
2026-08-24T02:12:55Z,52235,9300000,9300000,40
2026-08-24T02:12:55Z,52236,2982000,2982000,47
2026-08-24T02:12:55Z,52237,858700,9980000,36
2026-08-24T02:12:55Z,52238,275400,278800,28
2026-08-24T02:12:55Z,52239,9997800,9997800,34
2026-08-24T02:12:55Z,52240,9730000,9730000,30
2026-08-24T02:12:55Z,52241,9791900,9792400,63
2026-08-24T02:12:55Z,52242,250000,669400,36
2026-08-24T02:12:55Z,52243,9898900,9898900,20
2026-08-24T02:12:55Z,52244,9990000,9990000,29
2026-08-24T02:12:55Z,52245,3069600,3069600,28
2026-08-24T02:12:55Z,52246,1003700,9933900,34
2026-08-24T02:12:55Z,52247,9879700,9879700,56
2026-08-24T02:12:55Z,52248,9992400,9992400,20
2026-08-24T02:12:55Z,52249,9425300,9991000,21
2026-08-24T02:12:55Z,52250,2952800,2952800,42
2026-08-24T02:12:55Z,52289,499999800,499999800,1
2026-08-24T02:12:55Z,52291,7000000,7000000,37
2026-08-24T02:12:55Z,52292,9988600,9988600,33
2026-08-24T02:12:55Z,52293,9986500,9986500,20
2026-08-24T02:12:55Z,52294,1852400,1852400,50
2026-08-24T02:12:55Z,52295,4628100,4628200,30
2026-08-24T02:12:55Z,52296,9989800,9989900,83
2026-08-24T02:12:55Z,52297,9979900,9979900,50
2026-08-24T02:12:55Z,52298,9989900,9990000,27
2026-08-24T02:12:55Z,52299,4998400,9989800,23
2026-08-24T02:12:55Z,52300,9989300,9989300,20
2026-08-24T02:12:55Z,52301,3333100,3333100,31
2026-08-24T02:12:55Z,52302,9897500,9897500,85
2026-08-24T02:12:55Z,52303,2000000,2000000,773
2026-08-24T02:12:55Z,52325,146600,169600,12467
2026-08-24T02:12:55Z,52326,309800,320000,28574
2026-08-24T02:12:55Z,52327,27500,33900,63228
2026-08-24T02:12:55Z,52328,119800,140000,120214
2026-08-24T02:12:55Z,52329,45000,46400,67623
2026-08-24T02:12:55Z,52338,29999800,29999800,4
2026-08-24T02:12:55Z,52339,990000100,990000100,1
2026-08-24T02:12:55Z,52340,33000,34100,813
2026-08-24T02:12:55Z,52555,179000,179900,5650
2026-08-24T02:12:55Z,52575,290009900,290009900,1
2026-08-24T02:12:55Z,52687,59300,119300,83
2026-08-24T02:12:55Z,52718,40000,73700,3713
2026-08-24T02:12:55Z,52719,140000,248200,15689
2026-08-24T02:12:55Z,52720,10500,14400,1386
2026-08-24T02:12:55Z,52721,66700,66700,40442
2026-08-24T02:12:55Z,52722,36900,37800,62301
2026-08-24T02:12:55Z,52743,216800,216800,116
2026-08-24T02:12:55Z,52744,10000,101400,71
2026-08-24T02:12:55Z,52745,66700,66700,88
2026-08-24T02:12:55Z,52746,110000,110000,71
2026-08-24T02:12:55Z,52747,2119800,2119800,53
2026-08-24T02:12:55Z,52748,1444900,1751700,75
2026-08-24T02:12:55Z,52749,51600,51600,102
2026-08-24T02:12:55Z,52750,39500,39500,79
2026-08-24T02:12:55Z,52751,249900,250000,58
2026-08-24T02:12:55Z,52752,650000,742600,61
2026-08-24T02:12:55Z,52753,29100,29100,144
2026-08-24T02:12:55Z,52754,1112600,1112700,96
2026-08-24T02:12:55Z,52755,1100000,1420000,73
2026-08-24T02:12:55Z,52756,20000,20000,104
2026-08-24T02:12:55Z,52757,375900,375900,104
2026-08-24T02:12:55Z,52758,2500,2500,86
2026-08-24T02:12:55Z,52759,50000,50000,82
2026-08-24T02:12:55Z,52760,879900,886200,81
2026-08-24T02:12:55Z,52761,2142900,2142900,98
2026-08-24T02:12:55Z,52762,9000,9000,83
2026-08-24T02:12:55Z,52763,4500,5000,85
2026-08-24T02:12:55Z,52764,350000,1558600,81
2026-08-24T02:12:55Z,52765,200500,200500,57
2026-08-24T02:12:55Z,52766,5700,5700,81
2026-08-24T02:12:55Z,52767,499500,499500,73
2026-08-24T02:12:55Z,52768,24000,1527400,67
2026-08-24T02:12:55Z,52769,667800,782300,58
2026-08-24T02:12:55Z,52770,1062500,1062500,59
2026-08-24T02:12:55Z,52771,55100,55100,66
2026-08-24T02:12:55Z,52772,984500,984500,144
2026-08-24T02:12:55Z,52773,356100,2015400,45
2026-08-24T02:12:55Z,52774,3347400,3347500,92
2026-08-24T02:12:55Z,52775,1489000,1499800,111
2026-08-24T02:12:55Z,52776,2156400,2156500,69
2026-08-24T02:12:55Z,52777,406000,406000,69
2026-08-24T02:12:55Z,52778,6364300,6364400,103
2026-08-24T02:12:55Z,52779,415600,415800,50
2026-08-24T02:12:55Z,52780,1249900,1793100,63
2026-08-24T02:12:55Z,52781,4831500,4831500,99
2026-08-24T02:12:55Z,52782,1658700,1658700,121
2026-08-24T02:12:55Z,52783,1117800,1117800,85
2026-08-24T02:12:55Z,52784,2899900,2900000,86
2026-08-24T02:12:55Z,52785,2501500,2501500,78
2026-08-24T02:12:55Z,52843,4420000,4439900,1522
2026-08-24T02:12:55Z,52976,66400,66400,45245
2026-08-24T02:12:55Z,52977,34000,46000,3499
2026-08-24T02:12:55Z,52979,320000,320000,758
2026-08-24T02:12:55Z,52980,3690000,3690000,1154
2026-08-24T02:12:55Z,52982,89100,89100,1066
2026-08-24T02:12:55Z,52983,21500,21700,12217
2026-08-24T02:12:55Z,52984,21900,21900,208791
2026-08-24T02:12:55Z,52985,63000,70000,73214
2026-08-24T02:12:55Z,52986,120000,120000,11500
2026-08-24T02:12:55Z,52987,889900,889900,1821
2026-08-24T02:12:55Z,52988,169900,169900,23692
2026-08-24T02:12:55Z,53010,15000,19000,24749
2026-08-24T02:12:55Z,53038,63300,74000,36889
2026-08-24T02:12:55Z,53039,1209800,1210000,7400
2026-08-24T02:12:55Z,53049,10000,10000,279
2026-08-24T02:12:55Z,53050,6200,6200,436
2026-08-24T02:12:55Z,53051,13800,15700,1656
2026-08-24T02:12:55Z,53062,9300,490000,716
2026-08-24T02:12:55Z,53063,10000,10700,5782
2026-08-24T02:12:55Z,53064,14800,14800,7661
2026-08-24T02:12:55Z,53065,349900,349900,2794
2026-08-24T02:12:55Z,53066,5300,5300,10659
2026-08-24T02:12:55Z,53067,99800,99800,6973
2026-08-24T02:12:55Z,53068,141700,149700,14210
2026-08-24T02:12:55Z,53069,60000,490000,668
2026-08-24T02:12:55Z,53070,4400,4400,1403
2026-08-24T02:12:55Z,53071,9900,9900,3685
2026-08-24T02:12:55Z,53072,8300,8300,4656
2026-08-24T02:12:55Z,53643,88700,89900,8639
2026-08-24T02:12:55Z,54291,3909900,3909900,200
2026-08-24T02:12:55Z,54442,42500,42500,78
2026-08-24T02:12:55Z,54447,222700,1513900,256
2026-08-24T02:12:55Z,54448,500000,500000,148
2026-08-24T02:12:55Z,54449,1994500,2100000,111
2026-08-24T02:12:55Z,54450,1597000,1598000,272
2026-08-24T02:12:55Z,54469,19999900,49009900,16
2026-08-24T02:12:55Z,54619,49000000,49000000,25
2026-08-24T02:12:55Z,54620,49000100,49000100,21
2026-08-24T02:12:55Z,54623,49009900,49009900,20
2026-08-24T02:12:55Z,54624,49009900,49009900,20
2026-08-24T02:12:55Z,54625,49000000,49000000,22
2026-08-24T02:12:55Z,54626,49000200,49000200,25
2026-08-24T02:12:55Z,54627,49000100,49000100,21
2026-08-24T02:12:55Z,54628,10100,10100,30
2026-08-24T02:12:55Z,54629,10000,10000,49
2026-08-24T02:12:55Z,54630,49000300,49000300,20
2026-08-24T02:12:55Z,54631,290000200,290000200,1
2026-08-24T02:12:55Z,54632,49000100,49000100,20
2026-08-24T02:12:55Z,54633,49000100,49000100,20
2026-08-24T02:12:55Z,54634,290000100,290000100,1
2026-08-24T02:12:55Z,54746,9909200,9909200,54
2026-08-24T02:12:55Z,54747,9900000,9900000,20
2026-08-24T02:12:55Z,54817,49000100,49000100,20
2026-08-24T02:12:55Z,54818,9990100,9990100,2
2026-08-24T02:12:55Z,54819,290000100,290000100,14
2026-08-24T02:12:55Z,54830,10100,10100,26
2026-08-24T02:12:55Z,54831,14200,14200,73
2026-08-24T02:12:55Z,54832,69100,69100,34
2026-08-24T02:12:55Z,54833,100000,100000,50
2026-08-24T02:12:55Z,54834,49000100,49000100,20
2026-08-24T02:12:55Z,54835,200100,200100,34
2026-08-24T02:12:55Z,54836,48200,48200,25
2026-08-24T02:12:55Z,54837,49000400,49000400,20
2026-08-24T02:12:55Z,54849,146000,149400,6630
2026-08-24T02:12:55Z,55053,49900,100000,144
2026-08-24T02:12:55Z,55054,3509100,3799600,39
2026-08-24T02:12:55Z,55055,14400,59400,178
2026-08-24T02:12:55Z,55056,2988800,2988800,83
2026-08-24T02:12:55Z,55057,150000,150000,169
2026-08-24T02:12:55Z,55973,45500100,45500100,24
2026-08-24T02:12:55Z,55974,20100,40100,37
2026-08-24T02:12:55Z,55975,400,400,34
2026-08-24T02:12:55Z,55976,49001100,49001100,22
2026-08-24T02:12:55Z,55978,92200,92200,27
2026-08-24T02:12:55Z,55981,8000500,10000500,32
2026-08-24T02:12:55Z,55982,500,500,47
2026-08-24T02:12:55Z,55983,26000,26000,40
2026-08-24T02:12:55Z,55984,293400,293400,25
2026-08-24T02:12:55Z,55985,450000,500000,47
2026-08-24T02:12:55Z,56033,7000,8900,57
2026-08-24T02:12:55Z,56034,10100,49000100,21
2026-08-24T02:12:55Z,56035,190000,190000,25
2026-08-24T02:12:55Z,56036,376900,376900,68
2026-08-24T02:12:55Z,56046,4000,4000,152
2026-08-24T02:12:55Z,56047,58000,58000,49
2026-08-24T02:12:55Z,56049,14000,420000,35
2026-08-24T02:12:55Z,56051,2000000,2000000,24
2026-08-24T02:12:55Z,56052,49000500,49000500,20
2026-08-24T02:12:55Z,56053,49000600,49000600,20
2026-08-24T02:12:55Z,56054,49000900,49000900,20
2026-08-24T02:12:55Z,56055,49002600,49002600,20
2026-08-24T02:12:55Z,56056,290005100,290005100,1
2026-08-24T02:12:55Z,56150,159300,159300,53
2026-08-24T02:12:55Z,56151,197500,237500,34
2026-08-24T02:12:55Z,56156,49000100,49000100,28
2026-08-24T02:12:55Z,56158,9000,49009000,21
2026-08-24T02:12:55Z,56159,479900,49000900,21
2026-08-24T02:12:55Z,56160,49001100,49001100,20
2026-08-24T02:12:55Z,56161,290001700,290001700,1
2026-08-24T02:12:55Z,56162,19902300,19902300,40
2026-08-24T02:12:55Z,56189,290000100,290000100,1
2026-08-24T02:12:55Z,56190,290003200,290003200,1
2026-08-24T02:12:55Z,56195,49000100,49000100,21
2026-08-24T02:12:55Z,56196,49005400,49005400,23
2026-08-24T02:12:55Z,56197,375100,49000100,22
2026-08-24T02:12:55Z,56198,49000200,49000200,22
2026-08-24T02:12:55Z,56200,50300,49000300,23
2026-08-24T02:12:55Z,56201,49000400,49000400,22
2026-08-24T02:12:55Z,56202,49000400,49000400,20
2026-08-24T02:12:55Z,56203,49000700,49000700,20
2026-08-24T02:12:55Z,56204,23500,23500,77
2026-08-24T02:12:55Z,56205,18100,18100,62
2026-08-24T02:12:55Z,56206,450004600,450004600,1
2026-08-24T02:12:55Z,56234,11140200,49009900,21
2026-08-24T02:12:55Z,56236,1799700,49000100,23
2026-08-24T02:12:55Z,56237,49000100,49000100,20
2026-08-24T02:12:55Z,56238,49000300,49000300,20
2026-08-24T02:12:55Z,56239,49000700,49000700,21
2026-08-24T02:12:55Z,56240,5500001600,5500001600,1
2026-08-24T02:12:55Z,56241,35563100,35563100,6
2026-08-24T02:12:55Z,56477,19900,20000,89
2026-08-24T02:12:55Z,56502,779900,779900,192
2026-08-24T02:12:55Z,56503,660600,660600,59
2026-08-24T02:12:55Z,56516,395000,395000,12120
2026-08-24T02:12:55Z,56517,75000,1574900,94
2026-08-24T02:12:55Z,56550,8358200,8358600,39
2026-08-24T02:12:55Z,56551,7250000,7250000,43
2026-08-24T02:12:55Z,56850,320000,320000,1596
2026-08-24T02:12:55Z,56968,49000100,49000100,25
2026-08-24T02:12:55Z,57058,13195400,49001500,21
2026-08-24T02:12:55Z,57059,150000,49000000,22
2026-08-24T02:12:55Z,57060,990200,49000200,21
2026-08-24T02:12:55Z,57061,49000300,49000300,20
2026-08-24T02:12:55Z,57062,45500500,45500500,20
2026-08-24T02:12:55Z,57063,1821100,1821100,41
2026-08-24T02:12:55Z,57064,49000800,49000800,20
2026-08-24T02:12:55Z,57065,290001000,290001000,1
2026-08-24T02:12:55Z,57066,20007300,39007300,48
2026-08-24T02:12:55Z,57067,9000000,9000000,2
2026-08-24T02:12:55Z,57068,49000000,49000000,20
2026-08-24T02:12:55Z,57069,990003100,990003100,1
2026-08-24T02:12:55Z,57070,290007600,290007600,1
2026-08-24T02:12:55Z,57071,290005100,290005100,2
2026-08-24T02:12:55Z,57099,7100,7100,246
2026-08-24T02:12:55Z,57191,6000,6000,719
2026-08-24T02:12:55Z,57192,80000,113400,170
2026-08-24T02:12:55Z,57193,49000,59000,382
2026-08-24T02:12:55Z,57194,5000,5000,144
2026-08-24T02:12:55Z,58084,5700,55000,1504
2026-08-24T02:12:55Z,58085,49000,50500,197
2026-08-24T02:12:55Z,58086,460000,460000,620
2026-08-24T02:12:55Z,58087,1777600,1777700,1157
2026-08-24T02:12:55Z,58088,1201700,1201800,329
2026-08-24T02:12:55Z,58089,333600,333600,66
2026-08-24T02:12:55Z,58090,5500,5500,144
2026-08-24T02:12:55Z,58091,300000,300000,170
2026-08-24T02:12:55Z,58092,5000,151600,554
2026-08-24T02:12:55Z,58093,303400,303400,406
2026-08-24T02:12:55Z,58094,40000,40000,225
2026-08-24T02:12:55Z,58142,9800,9800,148
2026-08-24T02:12:55Z,58143,9200,9200,300
2026-08-24T02:12:55Z,58144,144200,225000,272
2026-08-24T02:12:55Z,58145,55500,60000,254
2026-08-24T02:12:55Z,58146,19000,30000,320
2026-08-24T02:12:55Z,58148,120000,122300,83
2026-08-24T02:12:55Z,58256,700,700,172
2026-08-24T02:12:55Z,58257,700,700,233
2026-08-24T02:12:55Z,58258,180500,180500,239
2026-08-24T02:12:55Z,58259,1400,18600,468
2026-08-24T02:12:55Z,58260,9900,11000,289
2026-08-24T02:12:55Z,58261,59800,59800,184
2026-08-24T02:12:55Z,58262,4400,4400,172
2026-08-24T02:12:55Z,58263,2900,3000,535
2026-08-24T02:12:55Z,58264,500000,500000,186
2026-08-24T02:12:55Z,58265,99800,99800,402
2026-08-24T02:12:55Z,58266,99900,99900,167
2026-08-24T02:12:55Z,58267,48000,50000,785
2026-08-24T02:12:55Z,58268,900,1000,306
2026-08-24T02:12:55Z,58269,1000,1000,229
2026-08-24T02:12:55Z,58274,98000,98000,164
2026-08-24T02:12:55Z,58275,24400,54500,1674
2026-08-24T02:12:55Z,58276,200000,250000,139
2026-08-24T02:12:55Z,58277,9900000,9900000,33
2026-08-24T02:12:55Z,58278,70000,80000,107
2026-08-24T02:12:55Z,58279,159800,159800,469
2026-08-24T02:12:55Z,58280,117400,117400,234
2026-08-24T02:12:55Z,58480,5650000,5700000,2193
2026-08-24T02:12:55Z,58487,755000,755000,344
2026-08-24T02:12:55Z,58488,954500,1074500,946
2026-08-24T02:12:55Z,58489,320000,320000,1783
2026-08-24T02:12:55Z,58865,399900,49009900,22
2026-08-24T02:12:55Z,58866,1759900,1759900,3
2026-08-24T02:12:55Z,58962,290000200,290000200,1
2026-08-24T02:12:55Z,59029,64300,64300,237
2026-08-24T02:12:55Z,59227,147200,147200,488
2026-08-24T02:12:55Z,59228,249900,249900,193
2026-08-24T02:12:55Z,59229,249900,249900,182
2026-08-24T02:12:55Z,59230,89500,89900,255
2026-08-24T02:12:55Z,59231,94200,94200,113
2026-08-24T02:12:55Z,59232,2751900,2751900,229
2026-08-24T02:12:55Z,59477,9890000,9890000,27
2026-08-24T02:12:55Z,59478,2505000,2505000,31
2026-08-24T02:12:55Z,59479,2508900,2508900,16
2026-08-24T02:12:55Z,59480,4994600,4994600,37
2026-08-24T02:12:55Z,59489,7989800,7989800,5
2026-08-24T02:12:55Z,59491,9995000,9995000,321
2026-08-24T02:12:55Z,59493,7989400,9989500,21
2026-08-24T02:12:55Z,59496,12499900,12499900,4
2026-08-24T02:12:55Z,59594,2995100,2995100,34
2026-08-24T02:12:55Z,59595,1890000,1890000,24
2026-08-24T02:12:55Z,59596,30000,30000,62
2026-08-24T02:12:55Z,60224,129900,130000,1424
2026-08-24T02:12:55Z,60267,9989900,9989900,21
2026-08-24T02:12:55Z,60268,9890000,9890000,21
2026-08-24T02:12:55Z,60269,9979900,9979900,28
2026-08-24T02:12:55Z,60336,38000,38000,26
2026-08-24T02:12:55Z,60375,9988200,9988200,24
2026-08-24T02:12:55Z,60376,9999800,9999800,23
2026-08-24T02:12:55Z,60377,9989800,9989800,28
2026-08-24T02:12:55Z,60378,2400,2500,255
2026-08-24T02:12:55Z,60379,9890100,9890100,28
2026-08-24T02:12:55Z,60388,2400,2400,607
2026-08-24T02:12:55Z,60389,39900,39900,168
2026-08-24T02:12:55Z,60390,2000000,2000000,24
2026-08-24T02:12:55Z,60391,1000000,49000000,21
2026-08-24T02:12:55Z,60392,7500,7500,43
2026-08-24T02:12:55Z,60393,21600,49001600,23
2026-08-24T02:12:55Z,60394,99900,194400,86
2026-08-24T02:12:55Z,60395,301200,49001200,23
2026-08-24T02:12:55Z,60396,72500,9902500,108
2026-08-24T02:12:55Z,60397,27000,27000,30
2026-08-24T02:12:55Z,60398,2100,2100,219
2026-08-24T02:12:55Z,60399,4400,4400,47
2026-08-24T02:12:55Z,60405,8200,9908200,117
2026-08-24T02:12:55Z,60406,7000,49007000,22
2026-08-24T02:12:55Z,60485,3600,3700,1087
2026-08-24T02:12:55Z,60486,6300,6400,285
2026-08-24T02:12:55Z,60488,49002100,49002100,20
2026-08-24T02:12:55Z,60489,49006200,49006200,20
2026-08-24T02:12:55Z,60491,30002100,49002100,36
2026-08-24T02:12:55Z,60493,49006200,49006200,20
2026-08-24T02:12:55Z,60576,2100,2100,144
2026-08-24T02:12:55Z,60577,4400,4400,54
2026-08-24T02:12:55Z,60578,19003200,19003200,25
2026-08-24T02:12:55Z,60579,49009800,49009800,28
2026-08-24T02:12:55Z,60743,400000,400000,26
2026-08-24T02:12:55Z,60838,100000,100000,255
2026-08-24T02:12:55Z,60853,141000,141000,341
2026-08-24T02:12:55Z,60858,50000,110000,161
2026-08-24T02:12:55Z,61978,89500,89500,4063
2026-08-24T02:12:55Z,61979,79700,79800,7715
2026-08-24T02:12:55Z,61980,49900,49900,8284
2026-08-24T02:12:55Z,61981,50000,256600,10482
2026-08-24T02:12:55Z,61982,22300,22400,54
2026-08-24T02:12:55Z,61983,9950300,9950300,30
2026-08-24T02:12:55Z,61984,33900,33900,66
2026-08-24T02:12:55Z,61985,21200,21200,179
2026-08-24T02:12:55Z,61986,5000,5000,300
2026-08-24T02:12:55Z,61988,18756800,18756800,78
2026-08-24T02:12:55Z,61989,39900000,39900000,69
2026-08-24T02:12:55Z,61990,12001300,12001300,16
2026-08-24T02:12:55Z,61991,4000000,4000000,13
2026-08-24T02:12:55Z,61992,39990000,39990000,9
2026-08-24T02:12:55Z,61993,30000000,30000000,11
2026-08-24T02:12:55Z,61994,26867800,26867800,39
2026-08-24T02:12:55Z,61995,3389900,3389900,41
2026-08-24T02:12:55Z,61996,150000000,150000000,12
2026-08-24T02:12:55Z,61997,9876500,9876500,16
2026-08-24T02:12:55Z,61998,3501100,3501100,21
2026-08-24T02:12:55Z,61999,49907600,49907600,9
2026-08-24T02:12:55Z,62000,11013500,11013500,15
2026-08-24T02:12:55Z,62001,198999900,198999900,39
2026-08-24T02:12:55Z,62002,197506000,197506000,10
2026-08-24T02:12:55Z,62003,21250000,25000000,15
2026-08-24T02:12:55Z,62004,20000500,20000500,16
2026-08-24T02:12:55Z,62005,13746400,13746400,13
2026-08-24T02:12:55Z,62006,39980000,39980000,16
2026-08-24T02:12:55Z,62007,6350900,6350900,17
2026-08-24T02:12:55Z,62008,700000,800000,16
2026-08-24T02:12:55Z,62009,39999900,49950400,7
2026-08-24T02:12:55Z,62010,39900600,39900600,10
2026-08-24T02:12:55Z,62011,3066800,3066800,21
2026-08-24T02:12:55Z,62012,2000000,4000000,15
2026-08-24T02:12:55Z,62013,10914000,10914000,20
2026-08-24T02:12:55Z,62014,4704700,4704700,15
2026-08-24T02:12:55Z,62015,30975700,30975700,12
2026-08-24T02:12:55Z,62016,49990000,150000000,113
2026-08-24T02:12:55Z,62017,16517400,16517400,33
2026-08-24T02:12:55Z,62018,50003500,50003500,11
2026-08-24T02:12:55Z,62019,39900000,39900000,12
2026-08-24T02:12:55Z,62237,399990000,399990000,22
2026-08-24T02:12:55Z,62238,68700,68700,246
2026-08-24T02:12:55Z,62239,289600,289700,340
2026-08-24T02:12:55Z,62251,583200,583200,197
2026-08-24T02:12:55Z,62268,2300,2300,57
2026-08-24T02:12:55Z,62269,51200,51300,33
2026-08-24T02:12:55Z,62270,36900,37000,34
2026-08-24T02:12:55Z,62271,5100,5300,134
2026-08-24T02:12:55Z,62272,47400,9907500,107
2026-08-24T02:12:55Z,62273,6500,9400,83
2026-08-24T02:12:55Z,62274,109900,109900,152
2026-08-24T02:12:55Z,62275,10000,990000,38
2026-08-24T02:12:55Z,62276,17500,17600,57
2026-08-24T02:12:55Z,62277,14500,14500,215
2026-08-24T02:12:55Z,62278,115600,49005600,21
2026-08-24T02:12:55Z,62279,5008100,49008100,21
2026-08-24T02:12:55Z,62323,273000,273000,158
2026-08-24T02:12:55Z,62328,400,400,41
2026-08-24T02:12:55Z,62339,1500000100,1500000100,1
2026-08-24T02:12:55Z,62340,1000100,10000100,28
2026-08-24T02:12:55Z,62341,100000,100000,30
2026-08-24T02:12:55Z,62370,49000100,49000100,20
2026-08-24T02:12:55Z,62391,990000,990000,38
2026-08-24T02:12:55Z,62413,2200,2200,182
2026-08-24T02:12:55Z,62414,4200,4200,60
2026-08-24T02:12:55Z,62421,10000,10000,133
2026-08-24T02:12:55Z,62435,49005600,49005600,27
2026-08-24T02:12:55Z,62451,49000000,49000000,22
2026-08-24T02:12:55Z,62452,49007600,49007600,20
2026-08-24T02:12:55Z,62505,10000,10000,51
2026-08-24T02:12:55Z,62512,49900,49900,25
2026-08-24T02:12:55Z,62514,49000100,49000100,21
2026-08-24T02:12:55Z,62518,2300,2300,58
2026-08-24T02:12:55Z,62519,3800,3800,48
2026-08-24T02:12:55Z,62520,458000,9908000,103
2026-08-24T02:12:55Z,62521,990000,990000,29
2026-08-24T02:12:55Z,62522,2002200,2002200,41
2026-08-24T02:12:55Z,62523,3333300,49003300,22
2026-08-24T02:12:55Z,62524,49006500,49006500,20
2026-08-24T02:12:55Z,62525,49000100,49000100,29
2026-08-24T02:12:55Z,62526,20300,20300,25
2026-08-24T02:12:55Z,62527,49003200,49003200,20
2026-08-24T02:12:55Z,62528,290000100,290000100,1
2026-08-24T02:12:55Z,62529,15000200,49000200,21
2026-08-24T02:12:55Z,62530,151200,151200,59
2026-08-24T02:12:55Z,62535,49000800,49000800,20
2026-08-24T02:12:55Z,62649,315500,315500,600
2026-08-24T02:12:55Z,62651,147700,147700,379
2026-08-24T02:12:55Z,62652,66600,66600,531
2026-08-24T02:12:55Z,62653,39600,39600,360
2026-08-24T02:12:55Z,62654,105700,105700,3021
2026-08-24T02:12:55Z,62655,19900,19900,848
2026-08-24T02:12:55Z,62656,70000,70000,488
2026-08-24T02:12:55Z,62657,147400,147400,782
2026-08-24T02:12:55Z,62658,97800,97800,669
2026-08-24T02:12:55Z,62659,70000,70000,911
2026-08-24T02:12:55Z,62660,158300,158300,265
2026-08-24T02:12:55Z,62661,199900,749700,204
2026-08-24T02:12:55Z,62662,130000,130000,216
2026-08-24T02:12:55Z,62663,9900300,9900300,593
2026-08-24T02:12:55Z,62664,85700,85800,1141
2026-08-24T02:12:55Z,62665,222100,222100,225
2026-08-24T02:12:55Z,62666,78800,78800,471
2026-08-24T02:12:55Z,62667,92100,92100,336
2026-08-24T02:12:55Z,62668,97500,97500,360
2026-08-24T02:12:55Z,62669,33100,33100,1630
2026-08-24T02:12:55Z,62670,148400,148400,340
2026-08-24T02:12:55Z,62671,69400,69400,564
2026-08-24T02:12:55Z,62672,79500,79500,83
2026-08-24T02:12:55Z,62673,44400,44400,91
2026-08-24T02:12:55Z,62674,309900,309900,292
2026-08-24T02:12:55Z,62675,35000,35000,334
2026-08-24T02:12:55Z,62676,400,700,262
2026-08-24T02:12:55Z,62677,150000,150000,82
2026-08-24T02:12:55Z,62680,70700,70700,515
2026-08-24T02:12:55Z,62770,49000100,49000100,20
2026-08-24T02:12:55Z,62771,109900,49009900,26
2026-08-24T02:12:55Z,62772,70100,70100,42
2026-08-24T02:12:55Z,62778,5400,199900,1626
2026-08-24T02:12:55Z,62779,8700,8700,19569
2026-08-24T02:12:55Z,62780,15000,37100,7925
2026-08-24T02:12:55Z,62781,71400,71400,1147
2026-08-24T02:12:55Z,62782,5200,5200,3472
2026-08-24T02:12:55Z,62783,8200,9100,13156
2026-08-24T02:12:55Z,62784,27800,28000,20465
2026-08-24T02:12:55Z,62785,8300,8500,1972
2026-08-24T02:12:55Z,62786,15000,40000,6882
2026-08-24T02:12:55Z,62790,4800,4800,149
2026-08-24T02:12:55Z,62791,2500,3900,2370
2026-08-24T02:12:55Z,63024,30000000,49003200,22
2026-08-24T02:12:55Z,63025,30000000,49006500,22
2026-08-24T02:12:55Z,63122,3000,3000,579
2026-08-24T02:12:55Z,63127,200000,202200,511
2026-08-24T02:12:55Z,63128,3699900,3699900,265
2026-08-24T02:12:55Z,63246,5700,5800,21028
2026-08-24T02:12:55Z,63247,49000000,49000000,20
2026-08-24T02:12:55Z,63251,593100,658900,54
2026-08-24T02:12:55Z,63271,1966000,3906000,206
2026-08-24T02:12:55Z,63272,764400,49004400,21
2026-08-24T02:12:55Z,63273,49000300,49000300,20
2026-08-24T02:12:55Z,63274,19900100,19900100,47
2026-08-24T02:12:55Z,63275,20000,20000,205
2026-08-24T02:12:55Z,63291,77600,77600,86
2026-08-24T02:12:55Z,63292,9990000,9990000,20
2026-08-24T02:12:55Z,63293,399800,399800,887
2026-08-24T02:12:55Z,63296,7902400,7902400,24
2026-08-24T02:12:55Z,63299,300000,300000,80
2026-08-24T02:12:55Z,63303,7600,7600,203
2026-08-24T02:12:55Z,63304,18500,18500,90
2026-08-24T02:12:55Z,63305,31300,31400,193
2026-08-24T02:12:55Z,63306,18800,18800,112
2026-08-24T02:12:55Z,63307,31800,31800,68
2026-08-24T02:12:55Z,63308,12500,12500,58
2026-08-24T02:12:55Z,63310,1009900,1009900,33
2026-08-24T02:12:55Z,63311,290000100,290000100,1
2026-08-24T02:12:55Z,63312,1718100,12612600,24
2026-08-24T02:12:55Z,63313,49000100,49000100,13
2026-08-24T02:12:55Z,63314,290000100,290000100,2
2026-08-24T02:12:55Z,63316,49000100,49000100,16
2026-08-24T02:12:55Z,63317,49000100,49000100,21
2026-08-24T02:12:55Z,63318,290000100,290000100,1
2026-08-24T02:12:55Z,63321,989980100,989990100,7
2026-08-24T02:12:55Z,63323,290000100,290000100,1
2026-08-24T02:12:55Z,63327,48979900,48979900,26
2026-08-24T02:12:55Z,63337,290000100,290000100,1
2026-08-24T02:12:55Z,63341,290000100,290000100,1
2026-08-24T02:12:55Z,63342,290000100,290000100,1
2026-08-24T02:12:55Z,63343,290000100,290000100,1
2026-08-24T02:12:55Z,63347,990005100,990005100,1
2026-08-24T02:12:55Z,63348,359400,359400,26
2026-08-24T02:12:55Z,63388,30000000,30000000,15
2026-08-24T02:12:55Z,63396,4500,4500,356
2026-08-24T02:12:55Z,63416,1500000200,1500000200,1
2026-08-24T02:12:55Z,63481,1500007600,1500007600,1
2026-08-24T02:12:55Z,63530,4500,4500,212
2026-08-24T02:12:55Z,63539,1500000200,1500000200,1
2026-08-24T02:12:55Z,63691,9890000,9890000,45
2026-08-24T02:12:55Z,63692,9490500,9490500,34
2026-08-24T02:12:55Z,63693,9990200,9990200,30
2026-08-24T02:12:55Z,63694,99900,9890000,41
2026-08-24T02:12:55Z,64392,3723800,3723800,262
2026-08-24T02:12:55Z,64394,2900000,3622100,523
2026-08-24T02:12:55Z,64395,3731400,3769500,71
2026-08-24T02:12:55Z,64396,19790100,39999500,396
2026-08-24T02:12:55Z,64397,39969900,55555500,1545
2026-08-24T02:12:55Z,64493,1500000200,1500000200,1
2026-08-24T02:12:55Z,64670,2900,3100,1751
2026-08-24T02:12:55Z,65365,389500,389900,1287
2026-08-24T02:12:55Z,65501,290000800,290000800,1
2026-08-24T02:12:55Z,65502,290000500,290000500,1
2026-08-24T02:12:55Z,65503,290000100,290000100,1
2026-08-24T02:12:55Z,65505,290001000,290001000,1
2026-08-24T02:12:55Z,65506,49001000,49001000,16
2026-08-24T02:12:55Z,65509,49000200,49000200,20
2026-08-24T02:12:55Z,65511,290000800,290000800,1
2026-08-24T02:12:55Z,65512,290001900,290001900,1
2026-08-24T02:12:55Z,65892,45000000,45000000,53
2026-08-24T02:12:55Z,65893,26979900,26979900,273
2026-08-24T02:12:55Z,66944,1500000100,1500000100,1
2026-08-24T02:12:55Z,66945,1500005100,1500005100,1
2026-08-24T02:12:55Z,66946,290007600,290007600,1
2026-08-24T02:12:55Z,66947,290007600,290007600,1
2026-08-24T02:12:55Z,66948,290002600,290002600,1
2026-08-24T02:12:55Z,66949,299002600,299002600,1
2026-08-24T02:12:55Z,66950,990001100,990001100,1
2026-08-24T02:12:55Z,67229,51800,490000,846
2026-08-24T02:12:55Z,67230,5000,5000,137
2026-08-24T02:12:55Z,67252,290000200,290000200,1
2026-08-24T02:12:55Z,67256,9900200,9900200,100
2026-08-24T02:12:55Z,67257,290000200,290000200,2
2026-08-24T02:12:55Z,67276,49000200,49000200,20
2026-08-24T02:12:55Z,67277,732500,732500,823
2026-08-24T02:12:55Z,67280,49000100,49000100,25
2026-08-24T02:12:55Z,67281,49000100,49000100,26
2026-08-24T02:12:55Z,67289,49000200,49000200,25
2026-08-24T02:12:55Z,67304,1500003000,1500003000,1
2026-08-24T02:12:55Z,67305,1500003000,1500003000,1
2026-08-24T02:12:55Z,67306,290003000,290003000,1
2026-08-24T02:12:55Z,67310,100100,100100,29
2026-08-24T02:12:55Z,67319,52900,52900,125
2026-08-24T02:12:55Z,67323,49007500,49007500,25
2026-08-24T02:12:55Z,67335,97900,97900,142
2026-08-24T02:12:55Z,67337,49003000,49003000,20
2026-08-24T02:12:55Z,67348,139600,142400,124
2026-08-24T02:12:55Z,67357,40000100,49000100,21
2026-08-24T02:12:55Z,67385,12800,16900,27
2026-08-24T02:12:55Z,67388,50000,49000000,22
2026-08-24T02:12:55Z,67397,11100,18800,25
2026-08-24T02:12:55Z,67399,7900,1000000,24
2026-08-24T02:12:55Z,67401,11100,49001100,22
2026-08-24T02:12:55Z,67403,54500,49000000,22
2026-08-24T02:12:55Z,67404,2600,9000,34
2026-08-24T02:12:55Z,67405,9900,12300,25
2026-08-24T02:12:55Z,67407,11100,17500,25
2026-08-24T02:12:55Z,67415,12000,25000,603
2026-08-24T02:12:55Z,67438,20000,28300,133
2026-08-24T02:12:55Z,67444,290005100,290005100,1
2026-08-24T02:12:55Z,67482,1500007600,1500007600,1
2026-08-24T02:12:55Z,67483,1500000200,1500000200,1
2026-08-24T02:12:55Z,67484,1500007600,1500007600,1
2026-08-24T02:12:55Z,67485,1500007600,1500007600,1
2026-08-24T02:12:55Z,67486,1500000200,1500000200,1
2026-08-24T02:12:55Z,67487,1500007600,1500007600,1
2026-08-24T02:12:55Z,67506,49002900,49002900,20
2026-08-24T02:12:55Z,67507,27698800,49002500,22
2026-08-24T02:12:55Z,67509,6400,6400,29
2026-08-24T02:12:55Z,67510,2700,2700,85
2026-08-24T02:12:55Z,67511,5900,5900,41
2026-08-24T02:12:55Z,67749,99000,100000,1705
2026-08-24T02:12:55Z,68039,1500000200,1500000200,1
2026-08-24T02:12:55Z,68047,29400,39000,100
2026-08-24T02:12:55Z,68049,8100,8100,165
2026-08-24T02:12:55Z,68055,954400,954400,5
2026-08-24T02:12:55Z,68134,500000,500000,97
2026-08-24T02:12:55Z,68140,500000,500000,73
2026-08-24T02:12:55Z,68196,1500000100,1500000100,1
2026-08-24T02:12:55Z,68197,1800,1800,130
2026-08-24T02:12:55Z,68198,1600,1600,154
2026-08-24T02:12:55Z,68356,9922800,9922900,23
2026-08-24T02:12:55Z,68357,9987800,9987900,28
2026-08-24T02:12:55Z,68358,482700,488800,25
2026-08-24T02:12:55Z,68660,550000,19992200,12
2026-08-24T02:12:55Z,68687,1458800,1458800,121
2026-08-24T02:12:55Z,68731,2000000,2000000,40
2026-08-24T02:12:55Z,68732,49000200,49000200,20
2026-08-24T02:12:55Z,68741,9989400,9989400,35
2026-08-24T02:12:55Z,68771,5500005100,5500005100,1
2026-08-24T02:12:55Z,68778,1250000,1638700,46
2026-08-24T02:12:55Z,68779,1400000,1400000,54
2026-08-24T02:12:55Z,68780,1250000,1280000,71
2026-08-24T02:12:55Z,68784,4154400,4154400,58
2026-08-24T02:12:55Z,68785,2425000,2425000,75
2026-08-24T02:12:55Z,68786,6071700,6071800,47
2026-08-24T02:12:55Z,68793,275008400,275008400,2
2026-08-24T02:12:55Z,69237,3000,60000,10372
2026-08-24T02:12:55Z,69243,9490000,9490000,28
2026-08-24T02:12:55Z,69244,181200,181200,72
2026-08-24T02:12:55Z,69772,9903300,9903300,85
2026-08-24T02:12:55Z,69773,1500007600,1500007600,1
2026-08-24T02:12:55Z,69839,290000000,290000000,1
2026-08-24T02:12:55Z,69840,290000200,290000200,1
2026-08-24T02:12:55Z,69841,99990000,99990000,3
2026-08-24T02:12:55Z,69863,3261300,3261300,4
2026-08-24T02:12:55Z,69864,20009800,20009800,4
2026-08-24T02:12:55Z,69865,7500900,7500900,2
2026-08-24T02:12:55Z,69920,9969800,9969800,23
2026-08-24T02:12:55Z,69955,290000100,290000100,1
2026-08-24T02:12:55Z,70139,49007300,49007300,4
2026-08-24T02:12:55Z,71155,1500007600,1500007600,1
2026-08-24T02:12:55Z,71375,49000200,49000200,20
2026-08-24T02:12:55Z,71376,290000000,290000000,3
2026-08-24T02:12:55Z,71720,4594100,4594700,52
2026-08-24T02:12:55Z,71805,1298800,9991200,1899
2026-08-24T02:12:55Z,71806,1909400,1999400,148
2026-08-24T02:12:55Z,71807,1507500,1558400,132
2026-08-24T02:12:55Z,71808,15000000,19790000,54
2026-08-24T02:12:55Z,71809,1141300,1176200,111
2026-08-24T02:12:55Z,71810,40000400,44440400,40
2026-08-24T02:12:55Z,71817,2621500,2621500,73
2026-08-24T02:12:55Z,71818,4999000,4999000,75
2026-08-24T02:12:55Z,71819,2622000,2622000,72
2026-08-24T02:12:55Z,71820,2621500,2621500,67
2026-08-24T02:12:55Z,71822,19981500,19981500,51
2026-08-24T02:12:55Z,71823,19987500,19987500,41
2026-08-24T02:12:55Z,71824,19922000,19922000,86
2026-08-24T02:12:55Z,71825,19936500,19936500,42
2026-08-24T02:12:55Z,71826,19993500,19993500,23
2026-08-24T02:12:55Z,71827,49903500,49903500,34
2026-08-24T02:12:55Z,71828,19989000,19989000,25
2026-08-24T02:12:55Z,71829,19964000,19964000,25
2026-08-24T02:12:55Z,71830,19979500,19979500,31
2026-08-24T02:12:55Z,71831,41873000,41873000,20
2026-08-24T02:12:55Z,71832,39981500,39981500,30
2026-08-24T02:12:55Z,71833,39892500,39892500,29
2026-08-24T02:12:55Z,71834,19898000,19898000,30
2026-08-24T02:12:55Z,71835,19984500,19984500,26
2026-08-24T02:12:55Z,71836,19895500,19895500,29
2026-08-24T02:12:55Z,71837,19979500,19979500,38
2026-08-24T02:12:55Z,71838,19894500,19894500,34
2026-08-24T02:12:55Z,71839,19976000,19976000,34
2026-08-24T02:12:55Z,71840,13005400,13005900,39
2026-08-24T02:12:55Z,71841,24998900,24998900,35
2026-08-24T02:12:55Z,71842,18409500,18410000,38
2026-08-24T02:12:55Z,71843,16985500,16986000,84
2026-08-24T02:12:55Z,71844,24994500,24995000,29
2026-08-24T02:12:55Z,71845,25001000,25001000,68
2026-08-24T02:12:55Z,71846,24995000,24995500,60
2026-08-24T02:12:55Z,71847,24999900,24999900,27
2026-08-24T02:12:55Z,71848,17471500,17472000,59
2026-08-24T02:12:55Z,71849,25003500,25003500,25
2026-08-24T02:12:55Z,71850,24969000,24969000,101
2026-08-24T02:12:55Z,71851,24992000,24992000,98
2026-08-24T02:12:55Z,71852,19983500,19984000,37
2026-08-24T02:12:55Z,71853,18944000,18944000,28
2026-08-24T02:12:55Z,71854,19988500,19988500,34
2026-08-24T02:12:55Z,71855,24993000,24993000,36
2026-08-24T02:12:55Z,71856,15009500,15009500,116
2026-08-24T02:12:55Z,71857,24998700,24998700,26
2026-08-24T02:12:55Z,71858,25004000,25004000,25
2026-08-24T02:12:55Z,71859,19805000,19805000,34
2026-08-24T02:12:55Z,71860,25003500,25003500,25
2026-08-24T02:12:55Z,71861,24999400,24999400,25
2026-08-24T02:12:55Z,71862,4994500,4995000,108
2026-08-24T02:12:55Z,71863,1988500,1989000,159
2026-08-24T02:12:55Z,71864,4994500,4994500,85
2026-08-24T02:12:55Z,71865,9987500,9987500,46
2026-08-24T02:12:55Z,71866,4994500,4994500,64
2026-08-24T02:12:55Z,71867,4546500,4546500,73
2026-08-24T02:12:55Z,71868,4995000,4995000,68
2026-08-24T02:12:55Z,71869,7499500,7499500,88
2026-08-24T02:12:55Z,71870,9988000,9988000,48
2026-08-24T02:12:55Z,71871,9981000,9981000,58
2026-08-24T02:12:55Z,71872,9984000,9984000,66
2026-08-24T02:12:55Z,71873,9987000,9987000,49
2026-08-24T02:12:55Z,71874,6503000,6503000,80
2026-08-24T02:12:55Z,71875,11357500,11357500,51
2026-08-24T02:12:55Z,71876,7498500,7498500,65
2026-08-24T02:12:55Z,71877,7498500,7498500,60
2026-08-24T02:12:55Z,71878,11356000,11356000,48
2026-08-24T02:12:55Z,71879,3744300,3744300,105
2026-08-24T02:12:55Z,71880,7498500,7498500,82
2026-08-24T02:12:55Z,71881,2000300,2000300,165
2026-08-24T02:12:55Z,71882,9963000,9963000,45
2026-08-24T02:12:55Z,71883,7497500,7497500,93
2026-08-24T02:12:55Z,71998,2000,2100,3405
2026-08-24T02:12:55Z,72092,40700,40700,818553
2026-08-24T02:12:55Z,72093,6600,8900,61179
2026-08-24T02:12:55Z,72094,157700,179900,15669
2026-08-24T02:12:55Z,72095,668800,800000,8844
2026-08-24T02:12:55Z,72096,90000,90000,29370
2026-08-24T02:12:55Z,72103,156500,156500,18793
2026-08-24T02:12:55Z,72104,4000000,4150000,6186
2026-08-24T02:12:55Z,72120,9900,13300,15274
2026-08-24T02:12:55Z,72162,5000,5000,4520
2026-08-24T02:12:55Z,72163,556600,590000,992
2026-08-24T02:12:55Z,72234,15300,27800,15490
2026-08-24T02:12:55Z,72235,9900,13100,13335
2026-08-24T02:12:55Z,72237,13300,18200,1824
2026-08-24T02:12:55Z,72238,62900,80000,40369
2026-08-24T02:12:55Z,72985,59900,59900,373
2026-08-24T02:12:55Z,72986,15000,120000,510
2026-08-24T02:12:55Z,72988,2300,2300,146906
2026-08-24T02:12:55Z,73260,1000,1000,192
2026-08-24T02:12:55Z,74247,13000,14700,3071
2026-08-24T02:12:55Z,74248,68800,69000,1160
2026-08-24T02:12:55Z,74249,500,1100,32964
2026-08-24T02:12:55Z,74250,5800,7200,37846
2026-08-24T02:12:55Z,74252,5600,21500,1702
2026-08-24T02:12:55Z,74622,1500005100,1500005100,1
2026-08-24T02:12:55Z,74636,196100,198000,127
2026-08-24T02:12:55Z,74641,180500,186200,1397
2026-08-24T02:12:55Z,74642,92200,92200,510
2026-08-24T02:12:55Z,74643,49800,49800,1220
2026-08-24T02:12:55Z,74644,301000,309700,731
2026-08-24T02:12:55Z,74645,281000,281100,520
2026-08-24T02:12:55Z,74646,34900,34900,1242
2026-08-24T02:12:55Z,74647,140000,140000,365
2026-08-24T02:12:55Z,74648,9800,34400,671
2026-08-24T02:12:55Z,74649,143300,143300,1489
2026-08-24T02:12:55Z,74650,29700,30000,257
2026-08-24T02:12:55Z,74651,129800,129900,984
2026-08-24T02:12:55Z,74652,493600,493600,208
2026-08-24T02:12:55Z,74653,42500,42500,350
2026-08-24T02:12:55Z,74654,189900,189900,233
2026-08-24T02:12:55Z,74655,260900,260900,754
2026-08-24T02:12:55Z,74656,99900,501300,964
2026-08-24T02:12:55Z,74659,49900,890000,1529
2026-08-24T02:12:55Z,74660,41500,41500,358
2026-08-24T02:12:55Z,74661,1679400,1679400,1237
2026-08-24T02:12:55Z,74662,1189600,1189600,2132
2026-08-24T02:12:55Z,74700,7700,7700,86
2026-08-24T02:12:55Z,74701,10000,10000,81
2026-08-24T02:12:55Z,74703,1999900,1999900,54
2026-08-24T02:12:55Z,74704,372600,372700,77
2026-08-24T02:12:55Z,74705,200000,504000,85
2026-08-24T02:12:55Z,74706,7900,8000,82
2026-08-24T02:12:55Z,74707,7100,7200,81
2026-08-24T02:12:55Z,74708,19900,29900,390
2026-08-24T02:12:55Z,74709,35500,35500,163
2026-08-24T02:12:55Z,74710,12700,13400,76
2026-08-24T02:12:55Z,74711,10000,10000,61
2026-08-24T02:12:55Z,74712,18400,18400,64
2026-08-24T02:12:55Z,74713,5100,5300,111
2026-08-24T02:12:55Z,74715,49900,49900,240
2026-08-24T02:12:55Z,74716,10600,10700,105
2026-08-24T02:12:55Z,74717,29000,49900,268
2026-08-24T02:12:55Z,74718,49900,49900,72
2026-08-24T02:12:55Z,74719,16100,49900,220
2026-08-24T02:12:55Z,74720,30000,49900,61
2026-08-24T02:12:55Z,74721,48500,48700,82
2026-08-24T02:12:55Z,74722,49800,49800,153
2026-08-24T02:12:55Z,74723,33800,33800,112
2026-08-24T02:12:55Z,74724,927400,927400,280
2026-08-24T02:12:55Z,74725,180000,180000,84
2026-08-24T02:12:55Z,74726,1358300,1358300,59
2026-08-24T02:12:55Z,74727,66500,67000,75
2026-08-24T02:12:55Z,74728,589200,589200,83
2026-08-24T02:12:55Z,74729,45000,49900,188
2026-08-24T02:12:55Z,74822,5200,5200,402
2026-08-24T02:12:55Z,74832,9800,9800,507
2026-08-24T02:12:55Z,74833,90000,92700,22149
2026-08-24T02:12:55Z,74834,40000,40000,912
2026-08-24T02:12:55Z,74837,76900,126900,27788
2026-08-24T02:12:55Z,74838,58800,77700,1246
2026-08-24T02:12:55Z,74839,137400,144600,8553
2026-08-24T02:12:55Z,74840,45000,95100,9828
2026-08-24T02:12:55Z,74841,18800,18800,35411
2026-08-24T02:12:55Z,74842,55500,205400,10605
2026-08-24T02:12:55Z,74843,59900,199900,10445
2026-08-24T02:12:55Z,74844,14600,18900,60954
2026-08-24T02:12:55Z,74845,48200,1930000,300
2026-08-24T02:12:55Z,74846,46600,80000,30819
2026-08-24T02:12:55Z,74847,90000,199900,21676
2026-08-24T02:12:55Z,74848,31100,32800,14772
2026-08-24T02:12:55Z,74849,28900,28900,18038
2026-08-24T02:12:55Z,74850,200000,200000,10578
2026-08-24T02:12:55Z,74851,49500,1930000,250
2026-08-24T02:12:55Z,74852,15000,15000,660
2026-08-24T02:12:55Z,74853,1214200,1214200,2300
2026-08-24T02:12:55Z,74854,46400,46400,927
2026-08-24T02:12:55Z,74856,199600,199600,4049
2026-08-24T02:12:55Z,74857,84900,84900,1486
2026-08-24T02:12:55Z,74859,85000,93200,6599
2026-08-24T02:12:55Z,74860,59700,59800,6327
2026-08-24T02:12:55Z,74861,57800,57900,7509
2026-08-24T02:12:55Z,74863,75000,79800,2741
2026-08-24T02:12:55Z,74864,49800,49800,1552
2026-08-24T02:12:55Z,74865,139800,139900,11184
2026-08-24T02:12:55Z,74866,28400,28400,7139
2026-08-24T02:12:55Z,74919,80000,80000,233
2026-08-24T02:12:55Z,74921,19500,9990000,44
2026-08-24T02:12:55Z,75014,288000,288000,9760
2026-08-24T02:12:55Z,75016,42000,42000,170
2026-08-24T02:12:55Z,75026,9500,9800,367
2026-08-24T02:12:55Z,75037,209800,209800,976
2026-08-24T02:12:55Z,75038,279600,279700,1906
2026-08-24T02:12:55Z,76061,1100000,1190000,34698
2026-08-24T02:12:55Z,76075,10000,29700,1841
2026-08-24T02:12:55Z,76076,9900,93800,1303
2026-08-24T02:12:55Z,76077,35500,35600,710
2026-08-24T02:12:55Z,76078,38200,38300,2856
2026-08-24T02:12:55Z,76079,9200,9200,397
2026-08-24T02:12:55Z,76080,16200,16200,370
2026-08-24T02:12:55Z,76081,7000,21500,382
2026-08-24T02:12:55Z,76083,34500,34900,295
2026-08-24T02:12:55Z,76084,49000,49800,101
2026-08-24T02:12:55Z,76085,169800,169900,1287
2026-08-24T02:12:55Z,76086,40000,49900,327
2026-08-24T02:12:55Z,76087,10000,12500,303
2026-08-24T02:12:55Z,76088,20000,20000,157
2026-08-24T02:12:55Z,76089,20000,25500,789
2026-08-24T02:12:55Z,76090,27200,37200,158
2026-08-24T02:12:55Z,76092,5500,5500,296
2026-08-24T02:12:55Z,76093,9900,10000,1855
2026-08-24T02:12:55Z,76094,500,1000,1311
2026-08-24T02:12:55Z,76095,5000,5000,226
2026-08-24T02:12:55Z,76096,160000,170000,1454
2026-08-24T02:12:55Z,76097,6500,6500,1582
2026-08-24T02:12:55Z,76098,40000,49900,105
2026-08-24T02:12:55Z,76130,17400,90000,6741
2026-08-24T02:12:55Z,76131,123000,123100,688
2026-08-24T02:12:55Z,76132,490000,490000,495
2026-08-24T02:12:55Z,76133,44000,44000,1210
2026-08-24T02:12:55Z,76134,180000,180000,553
2026-08-24T02:12:55Z,76135,10400,10400,681
2026-08-24T02:12:55Z,76136,38100,38100,1732
2026-08-24T02:12:55Z,76137,50600,59000,2193
2026-08-24T02:12:55Z,76138,164900,164900,549
2026-08-24T02:12:55Z,76139,142800,188800,3531
2026-08-24T02:12:55Z,76140,49800,55800,974
2026-08-24T02:12:55Z,76141,47500,49800,1239
2026-08-24T02:12:55Z,76142,127500,127500,648
2026-08-24T02:12:55Z,76502,40000,40000,204
2026-08-24T02:12:55Z,76504,93200,93200,42
2026-08-24T02:12:55Z,76505,40000,59900,44
2026-08-24T02:12:55Z,76506,50000,50000,54
2026-08-24T02:12:55Z,76507,202200,202200,71
2026-08-24T02:12:55Z,76508,900000,900000,34
2026-08-24T02:12:55Z,76509,13700,13700,196
2026-08-24T02:12:55Z,76510,20000,30000,66
2026-08-24T02:12:55Z,76511,45700,45700,75
2026-08-24T02:12:55Z,76512,300000,300000,36
2026-08-24T02:12:55Z,76513,80000,3406000,117
2026-08-24T02:12:55Z,76514,19300,40900,314
2026-08-24T02:12:55Z,76515,201500,201500,63
2026-08-24T02:12:55Z,76517,7660000,7660000,62
2026-08-24T02:12:55Z,76518,45700,45700,145
2026-08-24T02:12:55Z,76519,45700,45700,67
2026-08-24T02:12:55Z,76520,15000,15000,109
2026-08-24T02:12:55Z,76521,45600,45600,63
2026-08-24T02:12:55Z,76522,51600,51600,69
2026-08-24T02:12:55Z,76523,197980200,197980200,31
2026-08-24T02:12:55Z,76524,30000,30500,51
2026-08-24T02:12:55Z,76525,40000,48500,47
2026-08-24T02:12:55Z,76526,11000,11000,397
2026-08-24T02:12:55Z,76527,330000,330000,106
2026-08-24T02:12:55Z,76528,95500,96100,63
2026-08-24T02:12:55Z,76529,250000,299900,59
2026-08-24T02:12:55Z,76530,95500,300000,76
2026-08-24T02:12:55Z,76531,300000,300000,44
2026-08-24T02:12:55Z,76532,95500,550000,70
2026-08-24T02:12:55Z,76533,26900,27000,67
2026-08-24T02:12:55Z,76534,21500,21500,85
2026-08-24T02:12:55Z,76535,21600,21600,27
2026-08-24T02:12:55Z,76536,17100,21100,59
2026-08-24T02:12:55Z,76537,5005000,7645000,53
2026-08-24T02:12:55Z,76538,70800,200500,82
2026-08-24T02:12:55Z,76539,997600,997600,58
2026-08-24T02:12:55Z,76540,21400,21400,166
2026-08-24T02:12:55Z,76541,21000,21100,45
2026-08-24T02:12:55Z,76542,300000,300000,59
2026-08-24T02:12:55Z,76543,21100,21100,41
2026-08-24T02:12:55Z,76544,274200,274200,63
2026-08-24T02:12:55Z,76545,169300,9905900,71
2026-08-24T02:12:55Z,76546,29300,29300,52
2026-08-24T02:12:55Z,76547,24400,24400,57
2026-08-24T02:12:55Z,76548,99900,99900,40
2026-08-24T02:12:55Z,76549,20000,20500,28
2026-08-24T02:12:55Z,76550,19700,19700,91
2026-08-24T02:12:55Z,76551,19300,20500,61
2026-08-24T02:12:55Z,76552,59900,59900,210
2026-08-24T02:12:55Z,76553,14600,20500,59
2026-08-24T02:12:55Z,76554,20500,20500,55
2026-08-24T02:12:55Z,76555,130400,248300,82
2026-08-24T02:12:55Z,76556,19900,20500,38
2026-08-24T02:12:55Z,76557,196900,3548300,86
2026-08-24T02:12:55Z,76558,17100,20500,47
2026-08-24T02:12:55Z,76559,20000,20000,52
2026-08-24T02:12:55Z,76560,29900,29900,70
2026-08-24T02:12:55Z,76561,39900,40000,57
2026-08-24T02:12:55Z,76562,55500,55500,65
2026-08-24T02:12:55Z,76563,15000,15000,39
2026-08-24T02:12:55Z,76564,160200,160200,48
2026-08-24T02:12:55Z,76565,20000,20000,49
2026-08-24T02:12:55Z,76566,24600,24600,49
2026-08-24T02:12:55Z,76567,27700,9990000,22
2026-08-24T02:12:55Z,76568,20900,20900,50
2026-08-24T02:12:55Z,76569,24400,24400,49
2026-08-24T02:12:55Z,76570,5000000,5000000,42
2026-08-24T02:12:55Z,76571,9979600,9979600,22
2026-08-24T02:12:55Z,76572,2928500,2928500,49
2026-08-24T02:12:55Z,76573,800000,810000,26
2026-08-24T02:12:55Z,76574,200000,207400,34
2026-08-24T02:12:55Z,76575,19900000,19900000,13
2026-08-24T02:12:55Z,76576,1163400,2548000,41
2026-08-24T02:12:55Z,76577,9991900,9991900,23
2026-08-24T02:12:55Z,76578,9991000,9991000,25
2026-08-24T02:12:55Z,76579,9990000,9990000,21
2026-08-24T02:12:55Z,76580,990000,8996500,31
2026-08-24T02:12:55Z,76581,1801500,1881500,30
2026-08-24T02:12:55Z,76582,19996200,19996200,13
2026-08-24T02:12:55Z,76583,9992300,9992300,20
2026-08-24T02:12:55Z,76584,7262800,7262800,27
2026-08-24T02:12:55Z,76585,4989900,4989900,16
2026-08-24T02:12:55Z,76586,9998600,9998600,25
2026-08-24T02:12:55Z,76587,11530400,11530400,12
2026-08-24T02:12:55Z,76588,12261900,12261900,20
2026-08-24T02:12:55Z,76589,199990000,199990000,1
2026-08-24T02:12:55Z,76590,1509800,10699800,12
2026-08-24T02:12:55Z,76591,3500000,5080000,30
2026-08-24T02:12:55Z,76592,3000000,3000000,47
2026-08-24T02:12:55Z,76593,5002000,5002000,32
2026-08-24T02:12:55Z,76594,9900000,9900000,22
2026-08-24T02:12:55Z,76595,4990000,9997500,21
2026-08-24T02:12:55Z,76596,7006700,7006700,18
2026-08-24T02:12:55Z,76597,1841500,1841500,15
2026-08-24T02:12:55Z,76598,9990000,9990000,22
2026-08-24T02:12:55Z,76599,800000,1428700,36
2026-08-24T02:12:55Z,76600,3004400,4004400,33
2026-08-24T02:12:55Z,76601,19998300,19998300,11
2026-08-24T02:12:55Z,76602,9991900,9991900,27
2026-08-24T02:12:55Z,76603,622000,9999700,23
2026-08-24T02:12:55Z,76604,206500,206500,24
2026-08-24T02:12:55Z,76605,9000100,9990000,21
2026-08-24T02:12:55Z,76606,1000000,1006000,44
2026-08-24T02:12:55Z,76607,2008500,9998500,23
2026-08-24T02:12:55Z,76608,19991500,19991500,11
2026-08-24T02:12:55Z,76609,19969800,19969800,10
2026-08-24T02:12:55Z,76610,1091500,1091500,16
2026-08-24T02:12:55Z,76611,19999600,19999600,18
2026-08-24T02:12:55Z,76612,19959500,19959500,11
2026-08-24T02:12:55Z,76613,19790000,19790000,10
2026-08-24T02:12:55Z,76614,9990000,9990000,22
2026-08-24T02:12:55Z,76615,2500000,2695800,27
2026-08-24T02:12:55Z,76616,9996600,9996600,25
2026-08-24T02:12:55Z,76617,19868300,19868300,16
2026-08-24T02:12:55Z,76618,494900,494900,45
2026-08-24T02:12:55Z,76619,9999900,9999900,23
2026-08-24T02:12:55Z,76620,9993500,9993500,29
2026-08-24T02:12:55Z,76621,3637200,19995500,17
2026-08-24T02:12:55Z,76622,19991900,19991900,13
2026-08-24T02:12:55Z,76623,9989400,9989400,20
2026-08-24T02:12:55Z,76624,980000,980000,28
2026-08-24T02:12:55Z,76625,9996200,9996200,21
2026-08-24T02:12:55Z,76626,4990000,9801000,24
2026-08-24T02:12:55Z,76627,9890000,9890000,38
2026-08-24T02:12:55Z,76628,819900,1075200,28
2026-08-24T02:12:55Z,76629,9900000,9990000,28
2026-08-24T02:12:55Z,76630,970000,980000,36
2026-08-24T02:12:55Z,76631,2395100,9989900,22
2026-08-24T02:12:55Z,76632,9991300,9991300,22
2026-08-24T02:12:55Z,76633,3437900,3437900,50
2026-08-24T02:12:55Z,76634,9996800,9996800,23
2026-08-24T02:12:55Z,76635,9899800,9899900,24
2026-08-24T02:12:55Z,76636,86000,86200,63
2026-08-24T02:12:55Z,76637,152000,152100,75
2026-08-24T02:12:55Z,76638,221900,221900,103
2026-08-24T02:12:55Z,76639,139500,139600,72
2026-08-24T02:12:55Z,76640,168700,287400,50
2026-08-24T02:12:55Z,76641,899800,900000,85
2026-08-24T02:12:55Z,76642,49900,113800,42
2026-08-24T02:12:55Z,76643,250000,250000,66
2026-08-24T02:12:55Z,76644,29000,104300,108
2026-08-24T02:12:55Z,76645,315300,315300,72
2026-08-24T02:12:55Z,76646,50000,99500,53
2026-08-24T02:12:55Z,76647,149900,149900,51
2026-08-24T02:12:55Z,76648,89900,113800,75
2026-08-24T02:12:55Z,76649,769900,790000,75
2026-08-24T02:12:55Z,76650,59500,59500,41
2026-08-24T02:12:55Z,76651,25000,107500,36
2026-08-24T02:12:55Z,76652,71300,71400,42
2026-08-24T02:12:55Z,76653,98400,113800,147
2026-08-24T02:12:55Z,76654,129800,129900,72
2026-08-24T02:12:55Z,76655,22645400,22645400,9
2026-08-24T02:12:55Z,76656,21400,104300,59
2026-08-24T02:12:55Z,76657,24000,113800,74
2026-08-24T02:12:55Z,76658,50000,69900,49
2026-08-24T02:12:55Z,76659,63200,190300,26
2026-08-24T02:12:55Z,76660,89600,89700,44
2026-08-24T02:12:55Z,76661,395000,395900,77
2026-08-24T02:12:55Z,76662,79900,79900,74
2026-08-24T02:12:55Z,76663,837100,837200,100
2026-08-24T02:12:55Z,76664,11800,63300,61
2026-08-24T02:12:55Z,76665,49600,49700,69
2026-08-24T02:12:55Z,76666,88700,88800,88
2026-08-24T02:12:55Z,76667,70000,77500,68
2026-08-24T02:12:55Z,76668,30000,63300,76
2026-08-24T02:12:55Z,76669,499900,499900,80
2026-08-24T02:12:55Z,76670,70700,70700,64
2026-08-24T02:12:55Z,76671,205600,205600,114
2026-08-24T02:12:55Z,76672,20000,44000,88
2026-08-24T02:12:55Z,76673,79900,79900,75
2026-08-24T02:12:55Z,76674,29300,44000,80
2026-08-24T02:12:55Z,76675,69700,70000,79
2026-08-24T02:12:55Z,76676,650000,650000,161
2026-08-24T02:12:55Z,76677,100000,197900,71
2026-08-24T02:12:55Z,76678,31000,63300,71
2026-08-24T02:12:55Z,76679,50000,59900,52
2026-08-24T02:12:55Z,76680,33200,33200,64
2026-08-24T02:12:55Z,76681,35000,43900,64
2026-08-24T02:12:55Z,76682,47200,62100,126
2026-08-24T02:12:55Z,76683,199700,199800,118
2026-08-24T02:12:55Z,76684,158700,158700,38
2026-08-24T02:12:55Z,76685,59700,79800,60
2026-08-24T02:12:55Z,76686,109400,109400,71
2026-08-24T02:12:55Z,76687,59700,59800,85
2026-08-24T02:12:55Z,76688,56200,56300,59
2026-08-24T02:12:55Z,76689,35100,62100,71
2026-08-24T02:12:55Z,76690,49900,49900,91
2026-08-24T02:12:55Z,76691,55300,55400,42
2026-08-24T02:12:55Z,76692,115100,115100,46
2026-08-24T02:12:55Z,76693,204500,204700,88
2026-08-24T02:12:55Z,76694,120000,120000,98
2026-08-24T02:12:55Z,76695,70000,108100,43
2026-08-24T02:12:55Z,76696,180400,180400,43
2026-08-24T02:12:55Z,76697,84800,84800,74
2026-08-24T02:12:55Z,76698,179900,179900,85
2026-08-24T02:12:55Z,76699,75500,75500,50
2026-08-24T02:12:55Z,76700,105000,105000,57
2026-08-24T02:12:55Z,76701,70000,89400,66
2026-08-24T02:12:55Z,76728,49000100,49000100,20
2026-08-24T02:12:55Z,76734,190400,190400,389
2026-08-24T02:12:55Z,76879,9374700,9374800,75
2026-08-24T02:12:55Z,76884,999900,999900,46
2026-08-24T02:12:55Z,76885,1249900,1249900,38
2026-08-24T02:12:55Z,76886,1249900,2071000,19
2026-08-24T02:12:55Z,76887,9989900,9989900,25
2026-08-24T02:12:55Z,76888,1249900,1249900,44
2026-08-24T02:12:55Z,76890,7028000,7028100,28
2026-08-24T02:12:55Z,76891,9997200,9997200,53
2026-08-24T02:12:55Z,76892,4999900,9900000,66
2026-08-24T02:12:55Z,76893,9374900,9375000,49
2026-08-24T02:12:55Z,76894,800000,900000,32
2026-08-24T02:12:55Z,76895,500000,500000,54
2026-08-24T02:12:55Z,76896,730000,730000,41
2026-08-24T02:12:55Z,76897,9799700,9799800,88
2026-08-24T02:12:55Z,77101,180000,1000000,19671
2026-08-24T02:12:55Z,77264,9990000,9990000,30
2026-08-24T02:12:55Z,77272,19803400,19803400,29
2026-08-24T02:12:55Z,77273,39999100,39999100,9
2026-08-24T02:12:55Z,77467,149900,149900,3198
2026-08-24T02:12:55Z,77468,50000,50000,2765
2026-08-24T02:12:55Z,77529,1999900,1999900,33
2026-08-24T02:12:55Z,77531,30000,39900,84
2026-08-24T02:12:55Z,77532,90000,120000,155
2026-08-24T02:12:55Z,77540,208300,208400,61
2026-08-24T02:12:55Z,77541,805900,806200,45
2026-08-24T02:12:55Z,77542,1004900,1005000,28
2026-08-24T02:12:55Z,77543,439600,439800,54
2026-08-24T02:12:55Z,77544,497600,497700,55
2026-08-24T02:12:55Z,77545,339500,339500,58
2026-08-24T02:12:55Z,77546,95400,202100,47
2026-08-24T02:12:55Z,77547,3998800,3998800,31
2026-08-24T02:12:55Z,77589,3000,3000,563
2026-08-24T02:12:55Z,78883,950000,1074000,513
2026-08-24T02:12:55Z,79010,27700,27700,2163
2026-08-24T02:12:55Z,79011,6600,9600,2668
2026-08-24T02:12:55Z,79101,57400,57400,8658
2026-08-24T02:12:55Z,79102,100000,100000,240
2026-08-24T02:12:55Z,79238,15008300,15008300,4
2026-08-24T02:12:55Z,79249,80000,80000,327
2026-08-24T02:12:55Z,79251,5500,5500,24267
2026-08-24T02:12:55Z,79253,990000,990000,275
2026-08-24T02:12:55Z,79254,9900,11000,5467
2026-08-24T02:12:55Z,79255,562000,563000,8886
2026-08-24T02:12:55Z,79257,48990500,48990500,46
2026-08-24T02:12:55Z,79283,4399900,4399900,20
2026-08-24T02:12:55Z,79284,1009900,1009900,14
2026-08-24T02:12:55Z,79285,7002400,7002400,15
2026-08-24T02:12:55Z,79286,8009900,9910000,106
2026-08-24T02:12:55Z,79287,22900000,22900000,20
2026-08-24T02:12:55Z,79288,34999800,34999800,9
2026-08-24T02:12:55Z,79289,5599900,6009900,26
2026-08-24T02:12:55Z,79290,7004200,7004200,27
2026-08-24T02:12:55Z,79291,28513800,28513800,10
2026-08-24T02:12:55Z,79292,5292700,5292700,14
2026-08-24T02:12:55Z,79293,7003800,7003800,11
2026-08-24T02:12:55Z,79294,5999500,5999500,9
2026-08-24T02:12:55Z,79295,39909700,39909700,13
2026-08-24T02:12:55Z,79296,7002900,7002900,16
2026-08-24T02:12:55Z,79297,35000000,35000000,14
2026-08-24T02:12:55Z,79298,5830000,5830000,46
2026-08-24T02:12:55Z,79299,5007200,5007200,11
2026-08-24T02:12:55Z,79300,7007100,7007100,16
2026-08-24T02:12:55Z,79301,14999800,14999800,8
2026-08-24T02:12:55Z,79302,10000700,10000700,12
2026-08-24T02:12:55Z,79303,14249300,14249300,6
2026-08-24T02:12:55Z,79304,20009800,20009800,7
2026-08-24T02:12:55Z,79305,19999900,19999900,10
2026-08-24T02:12:55Z,79306,15991600,15991600,14
2026-08-24T02:12:55Z,79307,5554900,5554900,52
2026-08-24T02:12:55Z,79308,20009500,20009500,17
2026-08-24T02:12:55Z,79309,5007400,5007400,34
2026-08-24T02:12:55Z,79310,7026200,7026300,45
2026-08-24T02:12:55Z,79311,5007400,5007400,24
2026-08-24T02:12:55Z,79312,12999900,12999900,33
2026-08-24T02:12:55Z,79313,11397300,11397300,7
2026-08-24T02:12:55Z,79314,4008600,4008600,5
2026-08-24T02:12:55Z,79513,250000200,250000200,1
2026-08-24T02:12:55Z,79514,1500000200,1500000200,1
2026-08-24T02:12:55Z,79515,250000200,250000200,1
2026-08-24T02:12:55Z,79538,232300,1000000,50
2026-08-24T02:12:55Z,79868,9389900,9389900,105
2026-08-24T02:12:55Z,79869,3800000,3800000,560
2026-08-24T02:12:55Z,80313,68000,68000,27
2026-08-24T02:12:55Z,80431,850000,850000,253
2026-08-24T02:12:55Z,80433,30000,60900,2549
2026-08-24T02:12:55Z,80581,1500000200,1500000200,1
2026-08-24T02:12:55Z,80584,1500000200,1500000200,1
2026-08-24T02:12:55Z,80585,1499990200,1499990200,2
2026-08-24T02:12:55Z,80586,250000400,500000400,16
2026-08-24T02:12:55Z,80587,1508300,1728300,183
2026-08-24T02:12:55Z,80588,420000,421100,315
2026-08-24T02:12:55Z,80590,989800,989900,220
2026-08-24T02:12:55Z,80591,9600,9600,275
2026-08-24T02:12:55Z,80592,7900,990000,216
2026-08-24T02:12:55Z,80593,11300,990000,217
2026-08-24T02:12:55Z,80594,39900,990000,210
2026-08-24T02:12:55Z,80595,3500,990000,221
2026-08-24T02:12:55Z,81055,2100,2100,712
2026-08-24T02:12:55Z,81175,10500,9894400,47
2026-08-24T02:12:55Z,81194,14200,900000,207
2026-08-24T02:12:55Z,81195,49009000,49009000,20
2026-08-24T02:12:55Z,81196,49002000,49002000,21
2026-08-24T02:12:55Z,81197,1100,1100,41
2026-08-24T02:12:55Z,81198,101400,101400,33
2026-08-24T02:12:55Z,81200,1200,1200,187
2026-08-24T02:12:55Z,81201,51900,51900,69
2026-08-24T02:12:55Z,81202,600,600,144
2026-08-24T02:12:55Z,81203,24900,24900,95
2026-08-24T02:12:55Z,81204,49000800,49000800,20
2026-08-24T02:12:55Z,81205,600000,600000,306
2026-08-24T02:12:55Z,81400,1900,1900,84
2026-08-24T02:12:55Z,81401,8500,8500,74
2026-08-24T02:12:55Z,81402,39600,39600,108
2026-08-24T02:12:55Z,81403,19000,19900,174
2026-08-24T02:12:55Z,81404,8900,8900,83
2026-08-24T02:12:55Z,81405,1500,1700,294
2026-08-24T02:12:55Z,81406,2100,2300,248
2026-08-24T02:12:55Z,81407,7000,7000,58
2026-08-24T02:12:55Z,81408,9900,10000,56
2026-08-24T02:12:55Z,81409,1600,1600,292
2026-08-24T02:12:55Z,81410,2000,2000,74
2026-08-24T02:12:55Z,81411,7000,150000,603
2026-08-24T02:12:55Z,81412,1500,1500,152
2026-08-24T02:12:55Z,81413,1600,1600,274
2026-08-24T02:12:55Z,81414,1500,1500,299
2026-08-24T02:12:55Z,81415,6800,6800,197
2026-08-24T02:12:55Z,81889,20000,20000,55
2026-08-24T02:12:55Z,81916,48300,48300,65
2026-08-24T02:12:55Z,81917,9890000,9890000,30
2026-08-24T02:12:55Z,81918,30100,30100,77
2026-08-24T02:12:55Z,81919,9789900,9789900,55
2026-08-24T02:12:55Z,81920,9901000,9901000,60
2026-08-24T02:12:55Z,81921,346600,346600,209
2026-08-24T02:12:55Z,81922,553200,556600,211
2026-08-24T02:12:55Z,81923,9100,9200,51
2026-08-24T02:12:55Z,81924,15000,15000,83
2026-08-24T02:12:55Z,81956,1500000200,1500000200,1
2026-08-24T02:12:55Z,82300,5000,5000,64
2026-08-24T02:12:55Z,82328,1600,1700,79
2026-08-24T02:12:55Z,82330,49000000,49000000,20
2026-08-24T02:12:55Z,82343,190000,190000,57
2026-08-24T02:12:55Z,82344,88800,88800,50
2026-08-24T02:12:55Z,82345,1500007600,1500007600,1
2026-08-24T02:12:55Z,82392,3700,3700,181
2026-08-24T02:12:55Z,82441,10000,11700,12344
2026-08-24T02:12:55Z,82442,23000,24300,93
2026-08-24T02:12:55Z,82443,44100,44100,156
2026-08-24T02:12:55Z,82444,979100,979100,116
2026-08-24T02:12:55Z,82445,994800,3931700,266
2026-08-24T02:12:55Z,82448,9899600,9899700,50
2026-08-24T02:12:55Z,82449,9800000,9800000,105
2026-08-24T02:12:55Z,82450,35700,35700,263
2026-08-24T02:12:55Z,82451,34400,34400,183
2026-08-24T02:12:55Z,82960,42900,43300,368
2026-08-24T02:12:55Z,83006,599900,768200,31
2026-08-24T02:12:55Z,83007,509900,509900,35
2026-08-24T02:12:55Z,83064,31400,150000,20639
2026-08-24T02:12:55Z,83065,49001300,49001300,20
2026-08-24T02:12:55Z,83092,219007000,219007000,43
2026-08-24T02:12:55Z,83094,9978800,9978800,45
2026-08-24T02:12:55Z,83095,9989900,9989900,40
2026-08-24T02:12:55Z,83096,250007600,250007600,1
2026-08-24T02:12:55Z,83097,20000,9879400,50
2026-08-24T02:12:55Z,83107,1500000200,1500000200,1
2026-08-24T02:12:55Z,83120,7003000,7003000,2
2026-08-24T02:12:55Z,83156,200,300,121
2026-08-24T02:12:55Z,83157,400,500,52
2026-08-24T02:12:55Z,83763,1893300,1893700,99
2026-08-24T02:12:55Z,83764,3799200,3799800,74
2026-08-24T02:12:55Z,83765,3003900,3004300,46
2026-08-24T02:12:55Z,84652,1500000200,1500000200,1
2026-08-24T02:12:55Z,85221,999900,999900,252
2026-08-24T02:12:55Z,85501,8000,8000,117
2026-08-24T02:12:55Z,85504,198500,218500,87
2026-08-24T02:12:55Z,85506,5000,199800,2746
2026-08-24T02:12:55Z,85559,8400,8400,95
2026-08-24T02:12:55Z,85568,136000,191200,74
2026-08-24T02:12:55Z,85569,59900,191200,90
2026-08-24T02:12:55Z,85570,423300,423300,110
2026-08-24T02:12:55Z,85583,39900,48700,1385
2026-08-24T02:12:55Z,85584,20000,20000,534
2026-08-24T02:12:55Z,85585,18500,18500,2412
2026-08-24T02:12:55Z,85683,1500000200,1500000200,1
2026-08-24T02:12:55Z,85684,250007600,250007600,1
2026-08-24T02:12:55Z,85685,1500007600,1500007600,1
2026-08-24T02:12:55Z,85687,1500007600,1500007600,1
2026-08-24T02:12:55Z,85689,1500007600,1500007600,1
2026-08-24T02:12:55Z,85691,250000200,250000200,1
2026-08-24T02:12:55Z,85692,1500007600,1500007600,1
2026-08-24T02:12:55Z,85695,1500000200,1500000200,1
2026-08-24T02:12:55Z,85696,1500000200,1500000200,1
2026-08-24T02:12:55Z,85697,250007600,250007600,1
2026-08-24T02:12:55Z,85698,250007600,250007600,1
2026-08-24T02:12:55Z,85699,1500000200,1500000200,1
2026-08-24T02:12:55Z,85700,1500000200,1500000200,1
2026-08-24T02:12:55Z,86026,789300,789300,548
2026-08-24T02:12:55Z,86057,75500,75500,323
2026-08-24T02:12:55Z,86069,99900,129900,349
2026-08-24T02:12:55Z,86070,1067500,1067500,327
2026-08-24T02:12:55Z,86073,160000,350000,120
2026-08-24T02:12:55Z,86074,259600,259600,426
2026-08-24T02:12:55Z,86432,124100,124100,109
2026-08-24T02:12:55Z,86541,1500000200,1500000200,1
2026-08-24T02:12:55Z,86574,150000000,222177900,9
2026-08-24T02:12:55Z,86592,12345600,12345600,53
2026-08-24T02:12:55Z,86597,4858800,4859200,91
2026-08-24T02:12:55Z,86599,1499900,1500300,25
2026-08-24T02:12:55Z,87226,5400,5400,232
2026-08-24T02:12:55Z,87228,999900,2118800,175
2026-08-24T02:12:55Z,87230,97700,98600,273
2026-08-24T02:12:55Z,87232,2138200,2138200,81
2026-08-24T02:12:55Z,87234,97900,98800,339
2026-08-24T02:12:55Z,87236,138500,1004800,181
2026-08-24T02:12:55Z,87238,88200,89000,385
2026-08-24T02:12:55Z,87240,2808300,2808300,119
2026-08-24T02:12:55Z,87242,51000,51500,295
2026-08-24T02:12:55Z,87244,1500000,9791100,52
2026-08-24T02:12:55Z,87246,37500,39900,311
2026-08-24T02:12:55Z,87248,59600,59700,53
2026-08-24T02:12:55Z,87264,30000000,30000000,66
2026-08-24T02:12:55Z,87276,1500000200,1500000200,1
2026-08-24T02:12:55Z,87277,29400,29400,202
2026-08-24T02:12:55Z,87278,1500007600,1500007600,1
2026-08-24T02:12:55Z,87279,1500007600,1500007600,1
2026-08-24T02:12:55Z,87392,444400,467000,82
2026-08-24T02:12:55Z,87393,1500000200,1500000200,1
2026-08-24T02:12:55Z,87530,250000,365000,28
2026-08-24T02:12:55Z,87559,599900,789400,26
2026-08-24T02:12:55Z,87560,137800,137800,38
2026-08-24T02:12:55Z,87577,999600,999600,28
2026-08-24T02:12:55Z,87578,73000,73000,36
2026-08-24T02:12:55Z,87579,61400,61400,40
2026-08-24T02:12:55Z,87580,452400,452400,30
2026-08-24T02:12:55Z,87647,82500,82500,89
2026-08-24T02:12:55Z,87648,82500,82600,92
2026-08-24T02:12:55Z,87764,29300,29300,398
2026-08-24T02:12:55Z,87806,288000,300000,82
2026-08-24T02:12:55Z,87831,3500000000,3500000000,1
2026-08-24T02:12:55Z,87872,117700,119600,7104
2026-08-24T02:12:55Z,87880,1500000200,1500000200,1
2026-08-24T02:12:55Z,87881,406600,444400,110
2026-08-24T02:12:55Z,87882,250000200,250000200,1
2026-08-24T02:12:55Z,87883,165700,198800,147
2026-08-24T02:12:55Z,87884,1500000200,1500000200,1
2026-08-24T02:12:55Z,87885,90000,90700,4071
2026-08-24T02:12:55Z,87887,1500000200,1500000200,1
2026-08-24T02:12:55Z,87888,119400,1000000,247
2026-08-24T02:12:55Z,87889,250000200,250000200,1
2026-08-24T02:12:55Z,87890,1500000200,1500000200,1
2026-08-24T02:12:55Z,87891,1500007600,1500007600,2
2026-08-24T02:12:55Z,87892,1500007600,1500007600,1
2026-08-24T02:12:55Z,87893,1500000200,1500000200,1
2026-08-24T02:12:55Z,87894,1500000200,1500000200,1
2026-08-24T02:12:55Z,87895,1500000200,1500000200,1
2026-08-24T02:12:55Z,87896,1500007600,1500007600,1
2026-08-24T02:12:55Z,87897,1500000200,1500000200,1
2026-08-24T02:12:55Z,87898,1500007600,1500007600,1
2026-08-24T02:12:55Z,87899,1500000200,1500000200,1
2026-08-24T02:12:55Z,87900,1500000200,1500000200,1
2026-08-24T02:12:55Z,87901,1500000200,1500000200,1
2026-08-24T02:12:55Z,87902,250000200,250000200,1
2026-08-24T02:12:55Z,88151,290008800,290008800,1
2026-08-24T02:12:55Z,88152,450005100,450005100,1
2026-08-24T02:12:55Z,88153,290003800,290003800,1
2026-08-24T02:12:55Z,88154,290003800,290003800,1
2026-08-24T02:12:55Z,88155,158800,49008800,21
2026-08-24T02:12:55Z,88156,1003800,1003800,2
2026-08-24T02:12:55Z,88157,290005100,290005100,1
2026-08-24T02:12:55Z,88158,290005100,290005100,1
2026-08-24T02:12:55Z,88159,290008800,290008800,1
2026-08-24T02:12:55Z,88162,1228800,1228800,18
2026-08-24T02:12:55Z,88163,299007600,299007600,1
2026-08-24T02:12:55Z,88164,2225100,2225100,2
2026-08-24T02:12:55Z,88487,120000,170000,92
2026-08-24T02:12:55Z,88490,4002500,18502600,23
2026-08-24T02:12:55Z,88491,89900,89900,70
2026-08-24T02:12:55Z,88492,84400,84400,16
2026-08-24T02:12:55Z,88493,29800,29800,469
2026-08-24T02:12:55Z,88529,101300,101300,8
2026-08-24T02:12:55Z,88530,9800000,9800000,49
2026-08-24T02:12:55Z,88532,2000,2000,66
2026-08-24T02:12:55Z,89112,100800,124900,51238
2026-08-24T02:12:55Z,89326,100000,990000,208
2026-08-24T02:12:55Z,89328,17900,990000,202
2026-08-24T02:12:55Z,89329,2000,2000,259
2026-08-24T02:12:55Z,89512,49000300,49000300,20
2026-08-24T02:12:55Z,89639,40000,48500,882
2026-08-24T02:12:55Z,89674,21400,21400,49
2026-08-24T02:12:55Z,89675,90700,90700,148
2026-08-24T02:12:55Z,89676,2009100,2009100,54
2026-08-24T02:12:55Z,89678,17700,17700,85
2026-08-24T02:12:55Z,89679,9900000,9900000,29
2026-08-24T02:12:55Z,89680,121900,122000,26
2026-08-24T02:12:55Z,89683,8900,8900,50
2026-08-24T02:12:55Z,89737,37500,39900,150
2026-08-24T02:12:55Z,89739,737700,49005000,22
2026-08-24T02:12:55Z,89747,290000800,290000800,1
2026-08-24T02:12:55Z,89868,135500,223300,3967
2026-08-24T02:12:55Z,89888,129500,129500,327
2026-08-24T02:12:55Z,89893,10000,10000,2512
2026-08-24T02:12:55Z,90043,1500000,1500000,6
2026-08-24T02:12:55Z,90044,900000,900000,3
2026-08-24T02:12:55Z,90046,4009200,5212700,63
2026-08-24T02:12:55Z,90047,599900,599900,19
2026-08-24T02:12:55Z,90057,201000,201000,35
2026-08-24T02:12:55Z,90058,8000,8000,26
2026-08-24T02:12:55Z,90135,499999900,499999900,1
2026-08-24T02:12:55Z,90146,50000,80000,746
2026-08-24T02:12:55Z,90407,14900,14900,3552
2026-08-24T02:12:55Z,90457,9909800,9909800,35
2026-08-24T02:12:55Z,90548,1000000,1000000,2
2026-08-24T02:12:55Z,90551,420000,420000,34
2026-08-24T02:12:55Z,90552,3333300,3333300,3
2026-08-24T02:12:55Z,90553,49008100,49008100,20
2026-08-24T02:12:55Z,90554,49000000,49000000,23
2026-08-24T02:12:55Z,90555,1990000,1990000,47
2026-08-24T02:12:55Z,90556,8989800,20000700,8
2026-08-24T02:12:55Z,90557,500000200,500000200,2
2026-08-24T02:12:55Z,90558,290007600,290007600,1
2026-08-24T02:12:55Z,90561,5991500,5991500,7
2026-08-24T02:12:55Z,90659,500000,9900000,37
2026-08-24T02:12:55Z,90660,9990000,9990000,29
2026-08-24T02:12:55Z,90715,250000200,250000200,1
2026-08-24T02:12:55Z,92049,198879800,198879800,1
2026-08-24T02:12:55Z,92050,197891400,197891400,1
2026-08-24T02:12:55Z,92051,199890600,199890600,1
2026-08-24T02:12:55Z,92052,250000000,250000000,3
2026-08-24T02:12:55Z,92053,207969800,207969800,2
2026-08-24T02:12:55Z,92054,250004300,250004300,1
2026-08-24T02:12:55Z,92055,199890000,199890000,1
2026-08-24T02:12:55Z,92056,200000100,200000100,1
2026-08-24T02:12:55Z,92057,990100,990100,17
2026-08-24T02:12:55Z,92058,990000,990000,10
2026-08-24T02:12:55Z,92059,488884100,488884100,1
2026-08-24T02:12:55Z,92422,40964800,40964800,5
2026-08-24T02:12:55Z,92427,199788200,199788200,1
2026-08-24T02:12:55Z,92428,999990000,999990000,1
2026-08-24T02:12:55Z,92429,250000000,250000000,1
2026-08-24T02:12:55Z,92430,999900,999900,4
2026-08-24T02:12:55Z,92431,999900,999900,60
2026-08-24T02:12:55Z,92432,19784700,19784700,10
2026-08-24T02:12:55Z,92433,199989900,199989900,1
2026-08-24T02:12:55Z,92434,199990100,199990100,1
2026-08-24T02:12:55Z,92435,199990100,199990100,1
2026-08-24T02:12:55Z,92436,199999700,199999700,4
2026-08-24T02:12:55Z,92437,199999900,199999900,1
2026-08-24T02:12:55Z,92438,199989800,199989800,1
2026-08-24T02:12:55Z,92439,199000000,199000000,1
2026-08-24T02:12:55Z,92442,200000100,200000100,1
2026-08-24T02:12:55Z,92443,199000000,199000000,1
2026-08-24T02:12:55Z,92525,198968700,198968700,1
2026-08-24T02:12:55Z,92526,990000100,990000100,1
2026-08-24T02:12:55Z,92528,999990000,999990000,1
2026-08-24T02:12:55Z,92530,999990000,999990000,1
2026-08-24T02:12:55Z,92532,6999999900,6999999900,4
2026-08-24T02:12:55Z,92550,99000100,99000100,3
2026-08-24T02:12:55Z,92663,250000000,250000000,1
2026-08-24T02:12:55Z,92664,349994100,349994100,1
2026-08-24T02:12:55Z,92741,75000000,84999800,384
2026-08-24T02:12:55Z,93202,250000200,250000200,1
2026-08-24T02:12:55Z,93208,9900000,9900000,65
2026-08-24T02:12:55Z,93351,99900,99900,180
2026-08-24T02:12:55Z,93705,117600,117600,64
2026-08-24T02:12:55Z,93706,40000,40900,65
2026-08-24T02:12:55Z,93707,7540200,9980000,23
2026-08-24T02:12:55Z,93970,208600,49008600,22
2026-08-24T02:12:55Z,94288,10000,12800,499949
2026-08-24T02:12:55Z,94289,148900,148900,1002
2026-08-24T02:12:55Z,94535,474200,474200,149
2026-08-24T02:12:55Z,94536,4996300,9831300,145
2026-08-24T02:12:55Z,94645,1510300,1510300,518
2026-08-24T02:12:55Z,95373,4491000,4491000,4195
2026-08-24T02:12:55Z,95481,20000,20000,40
2026-08-24T02:12:55Z,95482,100000,100000,80
2026-08-24T02:12:55Z,97161,2000500,49000500,23
2026-08-24T02:12:55Z,97512,8500,8500,2024
2026-08-24T02:12:55Z,97546,48800,990000,479
2026-08-24T02:12:55Z,97619,30000,490000,1328
2026-08-24T02:12:55Z,97620,30000,30000,516
2026-08-24T02:12:55Z,97621,24800,28500,487
2026-08-24T02:12:55Z,97622,34800,39300,715
2026-08-24T02:12:55Z,97623,39900,490000,906
2026-08-24T02:12:55Z,97624,70000,90400,435
2026-08-24T02:12:55Z,98111,9900,10000,59
2026-08-24T02:12:55Z,98116,25100,9954800,45
2026-08-24T02:12:55Z,98117,83960600,83960600,3
2026-08-24T02:12:55Z,98118,22000,22200,58
2026-08-24T02:12:55Z,100734,290005100,290005100,2
2026-08-24T02:12:55Z,100735,9995100,9995100,8
2026-08-24T02:12:55Z,100738,49009900,49009900,10
2026-08-24T02:12:55Z,100739,221300,49002000,46
2026-08-24T02:12:55Z,101630,1300000,1300000,82
2026-08-24T02:12:55Z,101661,1508000,1508000,92
2026-08-24T02:12:55Z,101662,1897800,1897800,244
2026-08-24T02:12:55Z,101745,25001800,25001800,18
2026-08-24T02:12:55Z,101746,9996800,9996800,27
2026-08-24T02:12:55Z,101747,19992200,19992200,10
2026-08-24T02:12:55Z,101748,49990000,49990000,9
2026-08-24T02:12:55Z,101749,9990400,9990400,31
2026-08-24T02:12:55Z,101750,19990000,19990000,10
2026-08-24T02:12:55Z,102218,770000,777700,131
2026-08-24T02:12:55Z,102351,444400,498600,295
2026-08-24T02:12:55Z,102541,6600,7500,1525
2026-08-24T02:12:55Z,102542,7500,7500,1404
2026-08-24T02:12:55Z,102543,7500,7500,1213
2026-08-24T02:12:55Z,103786,32500,32500,110
2026-08-24T02:12:55Z,103789,1488800,1488800,43
2026-08-24T02:12:55Z,103795,1738400,1738400,68
2026-08-24T02:12:55Z,103797,49900,49900,126
2026-08-24T02:12:55Z,104046,1500000200,1500000200,1
2026-08-24T02:12:55Z,104048,1500000200,1500000200,1
2026-08-24T02:12:55Z,104049,1500007600,1500007600,1
2026-08-24T02:12:55Z,104053,250007600,250007600,1
2026-08-24T02:12:55Z,104055,1500007600,1500007600,1
2026-08-24T02:12:55Z,104099,333300,333300,108
2026-08-24T02:12:55Z,104102,1500000200,1500000200,1
2026-08-24T02:12:55Z,104104,909800,1109800,54
2026-08-24T02:12:55Z,104105,166700,166700,540
2026-08-24T02:12:55Z,104108,70900,93300,1025
2026-08-24T02:12:55Z,104109,1500000200,1500000200,1
2026-08-24T02:12:55Z,104120,122300,122300,171
2026-08-24T02:12:55Z,104122,60000,60000,500
2026-08-24T02:12:55Z,104126,450000,450000,62
2026-08-24T02:12:55Z,104127,330000,330000,314
2026-08-24T02:12:55Z,104128,1500000200,1500000200,1
2026-08-24T02:12:55Z,104130,1500000200,1500000200,1
2026-08-24T02:12:55Z,104131,1500000200,1500000200,1
2026-08-24T02:12:55Z,104133,1500000200,1500000200,1
2026-08-24T02:12:55Z,104134,1500000200,1500000200,1
2026-08-24T02:12:55Z,104135,250000200,250000200,1
2026-08-24T02:12:55Z,104136,250000200,250000200,1
2026-08-24T02:12:55Z,104137,1500000200,1500000200,1
2026-08-24T02:12:55Z,104138,441300,441300,425
2026-08-24T02:12:55Z,104196,1494899900,1494899900,1
2026-08-24T02:12:55Z,104270,1500000200,1500000200,1
2026-08-24T02:12:55Z,104276,1500000200,1500000200,1
2026-08-24T02:12:55Z,104314,30000,30000,83
2026-08-24T02:12:55Z,104316,1650000,1699900,4903
2026-08-24T02:12:55Z,104339,9899900,9899900,40
2026-08-24T02:12:55Z,104340,9969700,9969700,40
2026-08-24T02:12:55Z,104341,50000,9900000,52
2026-08-24T02:12:55Z,104342,52900,9802900,47
2026-08-24T02:12:55Z,104343,41000,41000,78
2026-08-24T02:12:55Z,104344,9864500,9864500,45
2026-08-24T02:12:55Z,104348,29800,29800,54
2026-08-24T02:12:55Z,105700,439800,439800,63
2026-08-24T02:12:55Z,105701,250000,9896600,51
2026-08-24T02:12:55Z,105702,9900000,9900000,30
2026-08-24T02:12:55Z,105703,8492200,8492200,343
2026-08-24T02:12:55Z,105704,957200,9900000,33
2026-08-24T02:12:55Z,105705,9870100,9870100,30
2026-08-24T02:12:55Z,105706,449900,449900,59
2026-08-24T02:12:55Z,105707,409600,9969600,44
2026-08-24T02:12:55Z,105708,16600,9896600,49
2026-08-24T02:12:55Z,105711,2500000,2500000,147
2026-08-24T02:12:55Z,105717,5840300,9890000,35
2026-08-24T02:12:55Z,105718,52200,52200,60
2026-08-24T02:12:55Z,105719,1813800,9800000,44
2026-08-24T02:12:55Z,105720,7574100,9969700,49
2026-08-24T02:12:55Z,105721,1781500,9900000,41
2026-08-24T02:12:55Z,105722,130400,9970400,46
2026-08-24T02:12:55Z,105723,9900000,9900000,45
2026-08-24T02:12:55Z,105724,9901900,9901900,32
2026-08-24T02:12:55Z,106824,20000,20000,71
2026-08-24T02:12:55Z,106825,271400,271400,43
2026-08-24T02:12:55Z,106867,4400,4400,234
2026-08-24T02:12:55Z,106868,499900,499900,35
2026-08-24T02:12:55Z,106870,9300,9300,120
2026-08-24T02:12:55Z,106875,49900,49900,48
2026-08-24T02:12:55Z,106888,33200,33200,54
2026-08-24T02:12:55Z,106889,380000,380500,44
2026-08-24T02:12:55Z,107392,156600,156600,43
2026-08-24T02:12:55Z,107393,124500,49000000,23
2026-08-24T02:12:55Z,107461,49006300,49006300,30
2026-08-24T02:12:55Z,107462,8149900,49000000,23
2026-08-24T02:12:55Z,107469,13200,33200,82
2026-08-24T02:12:55Z,107472,49006000,49006000,29
2026-08-24T02:12:55Z,107476,9500000500,9500000500,1
2026-08-24T02:12:55Z,107517,4900,4900,253
2026-08-24T02:12:55Z,107518,114200,114200,31
2026-08-24T02:12:55Z,107528,9400,9400,55
2026-08-24T02:12:55Z,107603,30000,38800,86
2026-08-24T02:12:55Z,107640,2509800,2509800,70
2026-08-24T02:12:55Z,107663,290005100,290005100,1
2026-08-24T02:12:55Z,108294,248800,250000,272
2026-08-24T02:12:55Z,108296,272700,274000,509
2026-08-24T02:12:55Z,108297,21200,199900,1364
2026-08-24T02:12:55Z,108298,490000,490000,694
2026-08-24T02:12:55Z,108299,690000,700000,312
2026-08-24T02:12:55Z,108300,178500,550000,901
2026-08-24T02:12:55Z,108301,89600,90000,1797
2026-08-24T02:12:55Z,108302,80000,80000,706
2026-08-24T02:12:55Z,108304,9868000,9868000,40
2026-08-24T02:12:55Z,108305,139300,139300,1013
2026-08-24T02:12:55Z,108306,100000,490000,766
2026-08-24T02:12:55Z,108307,200000,200000,627
2026-08-24T02:12:55Z,108308,30000,30000,308
2026-08-24T02:12:55Z,108309,1500000,1500000,131
2026-08-24T02:12:55Z,108323,3800,4400,2880
2026-08-24T02:12:55Z,108324,3700,4100,6797
2026-08-24T02:12:55Z,108325,2000,2900,5250
2026-08-24T02:12:55Z,108326,8900,9700,2762
2026-08-24T02:12:55Z,108327,33200,33200,2525
2026-08-24T02:12:55Z,108328,8500,9000,2913
2026-08-24T02:12:55Z,108329,10200,10500,2015
2026-08-24T02:12:55Z,108330,3900,4100,1826
2026-08-24T02:12:55Z,108331,20500,20600,2728
2026-08-24T02:12:55Z,108332,1900,2800,3237
2026-08-24T02:12:55Z,108333,89000,89000,1143
2026-08-24T02:12:55Z,108335,2500,3000,2742
2026-08-24T02:12:55Z,108336,4200,4200,1950
2026-08-24T02:12:55Z,108337,47800,48300,1915
2026-08-24T02:12:55Z,108338,6500,6900,1822
2026-08-24T02:12:55Z,108339,1300,2300,9743
2026-08-24T02:12:55Z,108340,1000,1500,4206
2026-08-24T02:12:55Z,108341,2300,3200,3279
2026-08-24T02:12:55Z,108342,5000,14900,2906
2026-08-24T02:12:55Z,108343,199900,199900,2783
2026-08-24T02:12:55Z,108344,141300,990000,439
2026-08-24T02:12:55Z,108345,50000,50000,302
2026-08-24T02:12:55Z,108346,439900,439900,397
2026-08-24T02:12:55Z,108347,1980000,1980000,297
2026-08-24T02:12:55Z,108348,150400,990000,459
2026-08-24T02:12:55Z,108349,8058400,8058400,30
2026-08-24T02:12:55Z,108350,2400000,2400000,34
2026-08-24T02:12:55Z,108351,19895000,19895000,15
2026-08-24T02:12:55Z,108352,89900,90000,561
2026-08-24T02:12:55Z,108353,29200,29200,766
2026-08-24T02:12:55Z,108354,194900,194900,200
2026-08-24T02:12:55Z,108355,481900,481900,404
2026-08-24T02:12:55Z,108356,990000,990000,431
2026-08-24T02:12:55Z,108357,9992200,9992200,34
2026-08-24T02:12:55Z,108359,6337400,6337400,73
2026-08-24T02:12:55Z,108360,832200,990000,435
2026-08-24T02:12:55Z,108361,190000,190000,313
2026-08-24T02:12:55Z,108362,2484900,9989900,197
2026-08-24T02:12:55Z,108363,490000,490000,65
2026-08-24T02:12:55Z,108364,9990000,9990000,62
2026-08-24T02:12:55Z,108365,168800,168800,134
2026-08-24T02:12:55Z,108391,2295200,2295200,112
2026-08-24T02:12:55Z,108439,2200000,2700000,171
2026-08-24T02:12:55Z,108920,11800,11800,167
2026-08-24T02:12:55Z,108977,5600,5800,498
2026-08-24T02:12:55Z,108978,27200,27200,60
2026-08-24T02:12:55Z,108979,24900,24900,30
2026-08-24T02:12:55Z,108980,3904300,3904300,49
2026-08-24T02:12:55Z,108996,4400,5300,42540
2026-08-24T02:12:55Z,109076,42900,44200,20163
2026-08-24T02:12:55Z,109118,8000,10000,128584
2026-08-24T02:12:55Z,109119,11500,14000,35815
2026-08-24T02:12:55Z,109120,250000,2208200,15
2026-08-24T02:12:55Z,109122,649900,649900,18
2026-08-24T02:12:55Z,109123,20000,113700,24633
2026-08-24T02:12:55Z,109124,10000,11400,8421
2026-08-24T02:12:55Z,109125,16900,16900,7090
2026-08-24T02:12:55Z,109126,16500,17800,18194
2026-08-24T02:12:55Z,109127,9700,10400,16199
2026-08-24T02:12:55Z,109128,15300,15300,9682
2026-08-24T02:12:55Z,109129,23700,25800,14248
2026-08-24T02:12:55Z,109131,24000,24800,13134
2026-08-24T02:12:55Z,109132,15000,20000,2189
2026-08-24T02:12:55Z,109133,20000,20000,1645
2026-08-24T02:12:55Z,109134,4600,29900,1483
2026-08-24T02:12:55Z,109135,14400,19900,2913
2026-08-24T02:12:55Z,109136,70000,490000,23659
2026-08-24T02:12:55Z,109137,8400,9000,226960
2026-08-24T02:12:55Z,109138,2700,2800,40438
2026-08-24T02:12:55Z,109139,2900,3700,6825
2026-08-24T02:12:55Z,109140,3000,3900,4320
2026-08-24T02:12:55Z,109141,3900,5100,8243
2026-08-24T02:12:55Z,109142,24000,24000,11164
2026-08-24T02:12:55Z,109143,10100,13500,109429
2026-08-24T02:12:55Z,109144,600,700,48696
2026-08-24T02:12:55Z,109145,33300,34500,446
2026-08-24T02:12:55Z,109147,70000,110000,426
2026-08-24T02:12:55Z,109148,160000,169900,355
2026-08-24T02:12:55Z,109152,2700,191900,1855
2026-08-24T02:12:55Z,109153,125700,125700,797
2026-08-24T02:12:55Z,109155,79900,79900,620
2026-08-24T02:12:55Z,109156,20000,22300,360
2026-08-24T02:12:55Z,109160,76500,159400,185
2026-08-24T02:12:55Z,109184,2500,2500,474
2026-08-24T02:12:55Z,109217,36600,56900,563
2026-08-24T02:12:55Z,109218,8400,8500,716
2026-08-24T02:12:55Z,109219,5000,8900,607
2026-08-24T02:12:55Z,109220,10000,14500,313
2026-08-24T02:12:55Z,109221,5000,5000,152
2026-08-24T02:12:55Z,109222,9006200,9006200,138
2026-08-24T02:12:55Z,109223,2000,2100,721
2026-08-24T02:12:55Z,109226,3000,11100,437
2026-08-24T02:12:55Z,109584,4000000,4700000,711
2026-08-24T02:12:55Z,109585,279200,800000,3179
2026-08-24T02:12:55Z,109599,5501300,5501300,84
2026-08-24T02:12:55Z,109624,2300,3800,3897
2026-08-24T02:12:55Z,109625,100000,490000,765
2026-08-24T02:12:55Z,109626,37400,37500,1127
2026-08-24T02:12:55Z,109627,8800,10000,1445
2026-08-24T02:12:55Z,109628,290000,300000,1276
2026-08-24T02:12:55Z,109629,37400,40000,1165
2026-08-24T02:12:55Z,109693,10800,10900,156445
2026-08-24T02:12:55Z,109991,9900,9900,885
2026-08-24T02:12:55Z,109992,9500,199900,1417
2026-08-24T02:12:55Z,110609,19700,19700,76110
2026-08-24T02:12:55Z,110610,1100,2700,10939
2026-08-24T02:12:55Z,110617,260000,260000,143
2026-08-24T02:12:55Z,110618,302100,302100,94
2026-08-24T02:12:55Z,110619,280000,280000,140
2026-08-24T02:12:55Z,110620,162451800,162451800,4
2026-08-24T02:12:55Z,110621,278700,278700,60
2026-08-24T02:12:55Z,110624,303600,303600,66
2026-08-24T02:12:55Z,110625,302500,9909600,46
2026-08-24T02:12:55Z,110626,219900,219900,63
2026-08-24T02:12:55Z,110627,106253500,106253500,5
2026-08-24T02:12:55Z,110628,277000,277000,69
2026-08-24T02:12:55Z,110631,229000,229400,86
2026-08-24T02:12:55Z,110632,217800,217800,65
2026-08-24T02:12:55Z,110633,288500,288500,71
2026-08-24T02:12:55Z,110634,106600700,106600700,7
2026-08-24T02:12:55Z,110635,236900,236900,64
2026-08-24T02:12:55Z,110638,390900,701400,180
2026-08-24T02:12:55Z,110639,394300,589100,123
2026-08-24T02:12:55Z,110640,380300,381200,201
2026-08-24T02:12:55Z,110641,45001000,45001000,2
2026-08-24T02:12:55Z,110642,395200,603200,136
2026-08-24T02:12:55Z,110645,393200,394400,135
2026-08-24T02:12:55Z,110646,399900,778300,179
2026-08-24T02:12:55Z,110647,394200,504200,141
2026-08-24T02:12:55Z,110648,1000006300,1000006300,3
2026-08-24T02:12:55Z,110649,394000,604300,163
2026-08-24T02:12:55Z,110652,395400,701500,198
2026-08-24T02:12:55Z,110653,400000,459000,127
2026-08-24T02:12:55Z,110654,383200,604400,117
2026-08-24T02:12:55Z,110655,88887400,88887400,6
2026-08-24T02:12:55Z,110656,382800,400000,139
2026-08-24T02:12:55Z,110682,1706000,1786500,87
2026-08-24T02:12:55Z,110807,1500000200,1500000200,1
2026-08-24T02:12:55Z,110809,1500000200,1500000200,1
2026-08-24T02:12:55Z,110810,1500000200,1500000200,1
2026-08-24T02:12:55Z,110818,1500000200,1500000200,1
2026-08-24T02:12:55Z,110828,1500000200,1500000200,1
2026-08-24T02:12:55Z,110829,1500000200,1500000200,1
2026-08-24T02:12:55Z,110837,1500000200,1500000200,1
2026-08-24T02:12:55Z,110847,1500000200,1500000200,1
2026-08-24T02:12:55Z,110850,49000200,49000200,20
2026-08-24T02:12:55Z,110857,1500000200,1500000200,1
2026-08-24T02:12:55Z,110873,1500000200,1500000200,1
2026-08-24T02:12:55Z,110875,1500000200,1500000200,1
2026-08-24T02:12:55Z,111245,499900,499900,611
2026-08-24T02:12:55Z,111431,19000,30000,782
2026-08-24T02:12:55Z,111433,21800,21900,3815
2026-08-24T02:12:55Z,111434,42400,42400,1271
2026-08-24T02:12:55Z,111436,42400,42400,3523
2026-08-24T02:12:55Z,111437,174000,174900,111
2026-08-24T02:12:55Z,111438,97900,300500,347
2026-08-24T02:12:55Z,111439,4900,9800,134
2026-08-24T02:12:55Z,111441,18800,19600,2587
2026-08-24T02:12:55Z,111442,13900,15000,133
2026-08-24T02:12:55Z,111444,29900,29900,570
2026-08-24T02:12:55Z,111445,95000,95000,190
2026-08-24T02:12:55Z,111446,34800,34900,598
2026-08-24T02:12:55Z,111447,55600,59000,959
2026-08-24T02:12:55Z,111449,69500,69500,6035
2026-08-24T02:12:55Z,111450,34900,48800,698
2026-08-24T02:12:55Z,111452,24000,24500,1026
2026-08-24T02:12:55Z,111453,39900,40000,842
2026-08-24T02:12:55Z,111454,26600,29900,2848
2026-08-24T02:12:55Z,111455,9900,13400,515
2026-08-24T02:12:55Z,111456,1300,1300,1735
2026-08-24T02:12:55Z,111457,155000,155000,317
2026-08-24T02:12:55Z,111458,4300,4400,457
2026-08-24T02:12:55Z,111522,9300,9400,124
2026-08-24T02:12:55Z,111557,11000,14600,49409
2026-08-24T02:12:55Z,111589,13900,14300,2255
2026-08-24T02:12:55Z,111595,15000,61100,2659
2026-08-24T02:12:55Z,111601,79500,90000,8108
2026-08-24T02:12:55Z,111603,20000,36000,870
2026-08-24T02:12:55Z,111650,44500,490000,894
2026-08-24T02:12:55Z,111651,8000,199900,1450
2026-08-24T02:12:55Z,111652,1400,199900,1503
2026-08-24T02:12:55Z,111656,2000,2500,1965
2026-08-24T02:12:55Z,111658,1600,1700,1849
2026-08-24T02:12:55Z,111659,35500,39900,1138
2026-08-24T02:12:55Z,111662,900,199900,1276
2026-08-24T02:12:55Z,111663,200,2100,1793
2026-08-24T02:12:55Z,111664,15900,17000,1987
2026-08-24T02:12:55Z,111665,4400,14200,2965
2026-08-24T02:12:55Z,111666,1000,2900,2065
2026-08-24T02:12:55Z,111667,1100,2100,1580
2026-08-24T02:12:55Z,111668,2100,3600,2510
2026-08-24T02:12:55Z,111669,2400,2600,1766
2026-08-24T02:12:55Z,111670,1500,1900,1870
2026-08-24T02:12:55Z,111671,18400,18500,1785
2026-08-24T02:12:55Z,111672,4200,7000,1697
2026-08-24T02:12:55Z,111673,4400,8000,3044
2026-08-24T02:12:55Z,111674,4500,4900,3006
2026-08-24T02:12:55Z,111675,4500,199900,1235
2026-08-24T02:12:55Z,111676,4300,199900,1391
2026-08-24T02:12:55Z,112090,149900,149900,3131
2026-08-24T02:12:55Z,112093,148000,148000,359
2026-08-24T02:12:55Z,112095,15000000,15000000,11
2026-08-24T02:12:55Z,112111,49000000,49000000,20
2026-08-24T02:12:55Z,112115,784500,785000,75
2026-08-24T02:12:55Z,112155,3489300,3489300,24
2026-08-24T02:12:55Z,112156,368800,368800,167
2026-08-24T02:12:55Z,112157,109900,990000,433
2026-08-24T02:12:55Z,112158,109900,110000,1376
2026-08-24T02:12:55Z,112160,531500,532000,91
2026-08-24T02:12:55Z,112164,2306800,2306800,135
2026-08-24T02:12:55Z,112165,1489000,1499500,100
2026-08-24T02:12:55Z,112177,140000,140000,192
2026-08-24T02:12:55Z,112179,39990000,39990000,8
2026-08-24T02:12:55Z,112180,5334100,5334100,38
2026-08-24T02:12:55Z,112181,8390000,8390000,44
2026-08-24T02:12:55Z,112182,690000,1970000,257
2026-08-24T02:12:55Z,112183,117314500,117314500,8
2026-08-24T02:12:55Z,112184,43578000,43578000,9
2026-08-24T02:12:55Z,112185,17530000,17530100,56
2026-08-24T02:12:55Z,112271,794000,794000,47
2026-08-24T02:12:55Z,112272,149700,149800,33
2026-08-24T02:12:55Z,112273,825500,830000,106
2026-08-24T02:12:55Z,112274,1080000,1080000,26
2026-08-24T02:12:55Z,112275,1180000,1180000,38
2026-08-24T02:12:55Z,112276,159500,161100,39
2026-08-24T02:12:55Z,112277,350000,350000,31
2026-08-24T02:12:55Z,112278,332100,332100,71
2026-08-24T02:12:55Z,112279,90000,90000,33
2026-08-24T02:12:55Z,112280,40000,3110000,46
2026-08-24T02:12:55Z,112281,479800,484600,26
2026-08-24T02:12:55Z,112282,900000,900000,36
2026-08-24T02:12:55Z,112283,130000,130000,22
2026-08-24T02:12:55Z,112284,1090000,1090000,43
2026-08-24T02:12:55Z,112285,2000000,2000000,36
2026-08-24T02:12:55Z,112286,107900,107900,56
2026-08-24T02:12:55Z,112287,309200,3019400,62
2026-08-24T02:12:55Z,112288,200000,200000,38
2026-08-24T02:12:55Z,112289,210400,39850000,29
2026-08-24T02:12:55Z,112290,48000,48000,24
2026-08-24T02:12:55Z,112291,182100,182100,29
2026-08-24T02:12:55Z,112292,188100,188100,41
2026-08-24T02:12:55Z,112293,106000,106500,32
2026-08-24T02:12:55Z,112294,145000,147000,41
2026-08-24T02:12:55Z,112295,188800,2212900,80
2026-08-24T02:12:55Z,112296,139500,139800,24
2026-08-24T02:12:55Z,112297,107500,108000,50
2026-08-24T02:12:55Z,112298,213300,213300,21
2026-08-24T02:12:55Z,112299,231900,2316500,45
2026-08-24T02:12:55Z,112300,664900,664900,31
2026-08-24T02:12:55Z,112301,24250000,24250000,26
2026-08-24T02:12:55Z,112302,196200,196200,27
2026-08-24T02:12:55Z,112321,10000,10000,410
2026-08-24T02:12:55Z,112449,100,100,593
2026-08-24T02:12:55Z,112463,1400,1400,397
2026-08-24T02:12:55Z,112684,5000,9000,103
2026-08-24T02:12:55Z,113108,771000,771000,56
2026-08-24T02:12:55Z,113111,14500,14500,7201
2026-08-24T02:12:55Z,113135,99999900,101999900,14
2026-08-24T02:12:55Z,113139,102499600,102499700,19
2026-08-24T02:12:55Z,113140,100000000,200000000,17
2026-08-24T02:12:55Z,113142,150000000,150000000,5
2026-08-24T02:12:55Z,113261,2400,9700,44887
2026-08-24T02:12:55Z,113262,1900,8900,55757
2026-08-24T02:12:55Z,113263,7200,8700,872
2026-08-24T02:12:55Z,113264,2400,9400,76202
2026-08-24T02:12:55Z,113273,489900,1500000,18
2026-08-24T02:12:55Z,113274,499900,499900,24
2026-08-24T02:12:55Z,113275,10000000,19991200,24
2026-08-24T02:12:55Z,113276,27000000,27000000,10
2026-08-24T02:12:55Z,113277,4651900,4651900,29
2026-08-24T02:12:55Z,113278,450000,690000,25
2026-08-24T02:12:55Z,113289,12500,12500,516
2026-08-24T02:12:55Z,113290,779800,779800,308
2026-08-24T02:12:55Z,113355,6500,7500,586855
2026-08-24T02:12:55Z,113530,74500,74500,102
2026-08-24T02:12:55Z,113574,1000,1000,32
2026-08-24T02:12:55Z,113576,30000,30000,20
2026-08-24T02:12:55Z,113585,3800,4300,5353
2026-08-24T02:12:55Z,113588,142100,190400,27623
2026-08-24T02:12:55Z,113909,290001500,290001500,1
2026-08-24T02:12:55Z,113911,290001500,290001500,1
2026-08-24T02:12:55Z,113912,290001500,290001500,1
2026-08-24T02:12:55Z,113992,89900,89900,163
2026-08-24T02:12:55Z,114001,20000,49000000,23
2026-08-24T02:12:55Z,114004,80000,49000000,23
2026-08-24T02:12:55Z,114008,77700,77700,24
2026-08-24T02:12:55Z,114013,99900,99900,33
2026-08-24T02:12:55Z,114015,19500,19500,132
2026-08-24T02:12:55Z,114016,24800,24800,70
2026-08-24T02:12:55Z,114017,1400,1400,142
2026-08-24T02:12:55Z,114056,5000,5000,847
2026-08-24T02:12:55Z,114836,123800,990000,2546
2026-08-24T02:12:55Z,114931,15900,15900,17991
2026-08-24T02:12:55Z,115012,34500,100000,24
2026-08-24T02:12:55Z,115351,49900,49900,58
2026-08-24T02:12:55Z,115352,50000,50000,192
2026-08-24T02:12:55Z,115353,5000,5000,52
2026-08-24T02:12:55Z,115354,9900000,9900000,40
2026-08-24T02:12:55Z,115355,40000,83000,66
2026-08-24T02:12:55Z,115464,9997500,9997500,8
2026-08-24T02:12:55Z,115470,9793900,9793900,104
2026-08-24T02:12:55Z,115502,165900,297100,1433
2026-08-24T02:12:55Z,115504,15400,15400,12441
2026-08-24T02:12:55Z,115512,5009900,5009900,34
2026-08-24T02:12:55Z,115526,3000,5900,239
2026-08-24T02:12:55Z,115803,140000,143500,62
2026-08-24T02:12:55Z,115804,200000,225000,460
2026-08-24T02:12:55Z,115805,752400,759900,123
2026-08-24T02:12:55Z,115806,880000,990000,34
2026-08-24T02:12:55Z,115807,14000,14000,157
2026-08-24T02:12:55Z,115808,140000,140000,90
2026-08-24T02:12:55Z,115809,3499900,3499900,25
2026-08-24T02:12:55Z,115811,4000000,4500000,159
2026-08-24T02:12:55Z,115812,2509600,2509600,53
2026-08-24T02:12:55Z,115813,1504100,39991100,8
2026-08-24T02:12:55Z,115814,3508200,3508200,43
2026-08-24T02:12:55Z,115815,2219800,2219800,34
2026-08-24T02:12:55Z,116119,500,500,20
2026-08-24T02:12:55Z,116147,280000,280000,175
2026-08-24T02:12:55Z,116148,139900,139900,284
2026-08-24T02:12:55Z,116149,149400,149400,240
2026-08-24T02:12:55Z,116170,3100,1345300,387
2026-08-24T02:12:55Z,116172,4444400,4444400,449
2026-08-24T02:12:55Z,116266,9900,10000,1661
2026-08-24T02:12:55Z,116268,28800,33600,335
2026-08-24T02:12:55Z,116271,75800,75900,6681
2026-08-24T02:12:55Z,116276,19400,19400,139
2026-08-24T02:12:55Z,116392,29253500,29253500,37
2026-08-24T02:12:55Z,116405,89200,89200,403
2026-08-24T02:12:55Z,116406,9990000,9990000,38
2026-08-24T02:12:55Z,116407,449900,449900,408
2026-08-24T02:12:55Z,116408,99500,99500,145
2026-08-24T02:12:55Z,116409,2000000,2000000,73
2026-08-24T02:12:55Z,116428,70500,70500,130
2026-08-24T02:12:55Z,116654,10000,209600,180
2026-08-24T02:12:55Z,116810,60500,60500,138
2026-08-24T02:12:55Z,116811,95000,95100,164
2026-08-24T02:12:55Z,116812,99900000,99900000,36
2026-08-24T02:12:55Z,116923,19900,19900,148
2026-08-24T02:12:55Z,116979,1500,2000,560
2026-08-24T02:12:55Z,116981,3000,3000,2390
2026-08-24T02:12:55Z,117415,20008000,30008000,17
2026-08-24T02:12:55Z,117437,12500,12500,178
2026-08-24T02:12:55Z,117439,10000,10000,231
2026-08-24T02:12:55Z,117440,456000,456000,374
2026-08-24T02:12:55Z,117441,452200,452200,188
2026-08-24T02:12:55Z,117442,14200,14300,112
2026-08-24T02:12:55Z,117452,5000,5000,740
2026-08-24T02:12:55Z,117453,10700,10700,139
2026-08-24T02:12:55Z,117454,9900,9900,4188
2026-08-24T02:12:55Z,117457,9781200,9781200,36
2026-08-24T02:12:55Z,117469,650000,650000,50
2026-08-24T02:12:55Z,117470,220000,220000,62
2026-08-24T02:12:55Z,117471,950000,950000,104
2026-08-24T02:12:55Z,117472,9899900,9899900,45
2026-08-24T02:12:55Z,117473,9905400,9905400,40
2026-08-24T02:12:55Z,117474,30000,30000,71
2026-08-24T02:12:55Z,117475,9899900,9899900,29
2026-08-24T02:12:55Z,117568,46700,46700,205
2026-08-24T02:12:55Z,118006,1200,1200,452
2026-08-24T02:12:55Z,118007,13800,13800,321
2026-08-24T02:12:55Z,118008,1000000,1000000,12
2026-08-24T02:12:55Z,118015,1788700,1788700,73
2026-08-24T02:12:55Z,118061,61600,62000,316
2026-08-24T02:12:55Z,118063,1500001600,1500001600,1
2026-08-24T02:12:55Z,118067,290000100,290000100,1
2026-08-24T02:12:55Z,118225,400,500,2712
2026-08-24T02:12:55Z,118280,1300,1300,57
2026-08-24T02:12:55Z,118391,33300,33300,26167
2026-08-24T02:12:55Z,118392,49002100,49002100,20
2026-08-24T02:12:55Z,118414,595100,595100,8554
2026-08-24T02:12:55Z,118415,500000,500000,60
2026-08-24T02:12:55Z,118416,1000000,1000000,27
2026-08-24T02:12:55Z,118428,110100,111100,665
2026-08-24T02:12:55Z,118472,262300,284000,3480
2026-08-24T02:12:55Z,118565,4009000,4009000,40
2026-08-24T02:12:55Z,118576,40000,99900,498
2026-08-24T02:12:55Z,118592,9996500,9996800,22
2026-08-24T02:12:55Z,118630,98700,98700,178
2026-08-24T02:12:55Z,118631,57800,57800,89
2026-08-24T02:12:55Z,118632,56300,56300,186
2026-08-24T02:12:55Z,118681,136900,136900,31
2026-08-24T02:12:55Z,118704,86900,87000,887
2026-08-24T02:12:55Z,118711,49400,50000,616
2026-08-24T02:12:55Z,118898,29486300,49009900,23
2026-08-24T02:12:55Z,118899,4531700,19901700,47
2026-08-24T02:12:55Z,118900,39990100,39990100,13
2026-08-24T02:12:55Z,118901,8800,49008800,21
2026-08-24T02:12:55Z,118902,95000,49009900,22
2026-08-24T02:12:55Z,119022,303600,303600,92
2026-08-24T02:12:55Z,119094,79900,9990000,22
2026-08-24T02:12:55Z,119095,9989500,9989500,20
2026-08-24T02:12:55Z,119096,557000,9990000,22
2026-08-24T02:12:55Z,119097,4125000,4125000,12
2026-08-24T02:12:55Z,119098,9900000,9900000,21
2026-08-24T02:12:55Z,119099,9996500,9996500,22
2026-08-24T02:12:55Z,119100,9974800,9980000,23
2026-08-24T02:12:55Z,119101,79900,9869500,21
2026-08-24T02:12:55Z,119102,9996700,9996700,22
2026-08-24T02:12:55Z,119157,9898000,9898000,40
2026-08-24T02:12:55Z,119213,9950000,19906700,14
2026-08-24T02:12:55Z,119324,918700,918700,68
2026-08-24T02:12:55Z,120150,19200,19200,322
2026-08-24T02:12:55Z,120168,1006000,1006000,358
2026-08-24T02:12:55Z,120257,49400,49900,2175
2026-08-24T02:12:55Z,120269,15000100,15000100,5
2026-08-24T02:12:55Z,120270,290000000,290000000,2
2026-08-24T02:12:55Z,120271,290000100,290000100,1
2026-08-24T02:12:55Z,120274,14990000,14990000,5
2026-08-24T02:12:55Z,120293,19400,19400,147
2026-08-24T02:12:55Z,120300,1500000200,1500000200,1
2026-08-24T02:12:55Z,120328,299000100,299000100,1
2026-08-24T02:12:55Z,120329,290000100,290000100,1
2026-08-24T02:12:55Z,120330,150000100,150000100,2
2026-08-24T02:12:55Z,120331,290000100,290000100,1
2026-08-24T02:12:55Z,120332,990000100,990000100,1
2026-08-24T02:12:55Z,120333,290000100,290000100,3
2026-08-24T02:12:55Z,120959,49400,49400,202
2026-08-24T02:12:55Z,122343,9600,9700,335
2026-08-24T02:12:55Z,122344,4200,4300,223
2026-08-24T02:12:55Z,122345,92100,92200,214
2026-08-24T02:12:55Z,122346,129500,129500,137
2026-08-24T02:12:55Z,122347,47700,47800,71
2026-08-24T02:12:55Z,122348,18400,18600,125
2026-08-24T02:12:55Z,122742,500,500,56
2026-08-24T02:12:55Z,123918,55000,87000,2576558
2026-08-24T02:12:55Z,123919,10000,16800,136569
2026-08-24T02:12:55Z,123956,1921000,5319200,404
2026-08-24T02:12:55Z,124101,49500,56900,61189
2026-08-24T02:12:55Z,124102,57500,58900,130959
2026-08-24T02:12:55Z,124103,74200,77000,16207
2026-08-24T02:12:55Z,124104,42100,59900,6251
2026-08-24T02:12:55Z,124105,89400,89900,3409
2026-08-24T02:12:55Z,124106,980000,1180000,2715
2026-08-24T02:12:55Z,124107,3300,5600,3306
2026-08-24T02:12:55Z,124108,1700,1700,9674
2026-08-24T02:12:55Z,124109,46900,46900,2990
2026-08-24T02:12:55Z,124110,2000,2400,2765
2026-08-24T02:12:55Z,124111,1200,1200,10212
2026-08-24T02:12:55Z,124112,9900,9900,26857
2026-08-24T02:12:55Z,124113,25100,27600,167368
2026-08-24T02:12:55Z,124115,52500,109900,15125
2026-08-24T02:12:55Z,124116,709900,824900,26596
2026-08-24T02:12:55Z,124117,17500,31100,23360
2026-08-24T02:12:55Z,124118,1000,1800,8329
2026-08-24T02:12:55Z,124119,20000,25300,22122
2026-08-24T02:12:55Z,124120,400,900,38388
2026-08-24T02:12:55Z,124121,2000,6900,117443
2026-08-24T02:12:55Z,124125,17505200,17505200,47
2026-08-24T02:12:55Z,124436,37100,37100,4484
2026-08-24T02:12:55Z,124437,7700,9400,5788
2026-08-24T02:12:55Z,124438,900,1000,347421
2026-08-24T02:12:55Z,124439,100,400,66953
2026-08-24T02:12:55Z,124440,37400,37400,7204
2026-08-24T02:12:55Z,124441,34000,35800,144105
2026-08-24T02:12:55Z,124442,113000,130000,10753
2026-08-24T02:12:55Z,124444,187800,190000,7291
2026-08-24T02:12:55Z,124461,128500,128700,16121
2026-08-24T02:12:55Z,124640,31500,38000,13404
2026-08-24T02:12:55Z,124661,110000,122000,333
2026-08-24T02:12:55Z,124669,84200,145200,202767
2026-08-24T02:12:55Z,124671,2229900,2260000,68883
2026-08-24T02:12:55Z,126934,127500,399400,729
2026-08-24T02:12:55Z,126935,1004000,1004100,434
2026-08-24T02:12:55Z,126936,499900,509000,1439
2026-08-24T02:12:55Z,127004,27500,27500,9078
2026-08-24T02:12:55Z,127037,11900,14500,2144
2026-08-24T02:12:55Z,127368,12379800,12379800,5
2026-08-24T02:12:55Z,127681,35000,38000,2090
2026-08-24T02:12:55Z,127712,7500000400,7500000400,1
2026-08-24T02:12:55Z,127713,7500000400,7500000400,1
2026-08-24T02:12:55Z,127714,7500000400,7500000400,1
2026-08-24T02:12:55Z,127715,7500000400,7500000400,1
2026-08-24T02:12:55Z,127718,5500000400,5500000400,1
2026-08-24T02:12:55Z,127730,7500000400,7500000400,1
2026-08-24T02:12:55Z,127731,7500000400,7500000400,1
2026-08-24T02:12:55Z,127732,7500000400,7500000400,1
2026-08-24T02:12:55Z,127736,5500000400,5500000400,1
2026-08-24T02:12:55Z,127759,7700,12900,48112
2026-08-24T02:12:55Z,127760,60854800,60854900,26
2026-08-24T02:12:55Z,127761,27759500,39999900,35
2026-08-24T02:12:55Z,127762,39999900,40000000,13
2026-08-24T02:12:55Z,127763,1500000000,1500000000,1
2026-08-24T02:12:55Z,127764,10009900,13330000,33
2026-08-24T02:12:55Z,127765,38190000,54599400,45
2026-08-24T02:12:55Z,127834,83600,93600,2841
2026-08-24T02:12:55Z,127835,65500,65500,1578
2026-08-24T02:12:55Z,127836,9000,9500,771
2026-08-24T02:12:55Z,127837,75600,75600,186
2026-08-24T02:12:55Z,127838,579500,579500,1837
2026-08-24T02:12:55Z,127839,200000,200000,188
2026-08-24T02:12:55Z,127840,200200,200200,333
2026-08-24T02:12:55Z,127841,170700,170700,462
2026-08-24T02:12:55Z,127843,110100,110100,167
2026-08-24T02:12:55Z,127844,12100,12100,481
2026-08-24T02:12:55Z,127845,58900,58900,172
2026-08-24T02:12:55Z,127846,700000,913600,239
2026-08-24T02:12:55Z,127847,98000,1983100,506
2026-08-24T02:12:55Z,127848,27200,27500,675
2026-08-24T02:12:55Z,127849,500000,603500,587
2026-08-24T02:12:55Z,127850,444400,937500,506
2026-08-24T02:12:55Z,127991,14800,3499900,51829
2026-08-24T02:12:55Z,128011,1500000400,1500000400,2
2026-08-24T02:12:55Z,128012,7500000400,7500000400,1
2026-08-24T02:12:55Z,128013,2499990400,2499990400,2
2026-08-24T02:12:55Z,128016,7500000400,7500000400,1
2026-08-24T02:12:55Z,128017,1499990000,1499990000,1
2026-08-24T02:12:55Z,128018,9499990400,9499990400,2
2026-08-24T02:12:55Z,128159,2500000100,2500000100,1
2026-08-24T02:12:55Z,128219,199900,9900000,25
2026-08-24T02:12:55Z,128304,12500,14900,36746
2026-08-24T02:12:55Z,128312,990000100,990000100,1
2026-08-24T02:12:55Z,128314,2479900,2479900,453
2026-08-24T02:12:55Z,128315,52997800,52998400,1045
2026-08-24T02:12:55Z,128385,9962300,9962300,20
2026-08-24T02:12:55Z,128436,150000,3900000,182
2026-08-24T02:12:55Z,128498,280000,280000,53
2026-08-24T02:12:55Z,128499,55000,930000,532
2026-08-24T02:12:55Z,128500,33800,34100,1382
2026-08-24T02:12:55Z,128537,4400,5000,229
2026-08-24T02:12:55Z,128538,8800,121100,145
2026-08-24T02:12:55Z,128539,9200,9200,571
2026-08-24T02:12:55Z,128540,2500,2500,344
2026-08-24T02:12:55Z,128541,99900,99900,921
2026-08-24T02:12:55Z,128542,280000,400000,138
2026-08-24T02:12:55Z,128543,59900,59900,722
2026-08-24T02:12:55Z,128544,111100,115000,158
2026-08-24T02:12:55Z,128545,594000,594000,82
2026-08-24T02:12:55Z,128546,174900,174900,109
2026-08-24T02:12:55Z,128547,390000,435800,129
2026-08-24T02:12:55Z,128548,9649200,11999900,85
2026-08-24T02:12:55Z,128549,7508200,10009900,84
2026-08-24T02:12:55Z,128550,10008800,19889500,137
2026-08-24T02:12:55Z,128551,3400000,3500000,117
2026-08-24T02:12:55Z,128552,1807300,2479100,60
2026-08-24T02:12:55Z,128553,2409500,2409500,79
2026-08-24T02:12:55Z,128554,106700,106700,93
2026-08-24T02:12:55Z,128558,59900,149900,70
2026-08-24T02:12:55Z,128559,89300,89300,98
2026-08-24T02:12:55Z,128560,49900,49900,247
2026-08-24T02:12:55Z,128561,36400,36400,64
2026-08-24T02:12:55Z,128632,13600,13600,1565
2026-08-24T02:12:55Z,128648,5667300,5667300,115
2026-08-24T02:12:55Z,128650,33300,33300,59648
2026-08-24T02:12:55Z,128713,30711300,30711300,10
2026-08-24T02:12:55Z,128714,39994400,39994400,17
2026-08-24T02:12:55Z,128715,199908700,199908700,6
2026-08-24T02:12:55Z,128716,198999900,198999900,2
2026-08-24T02:12:55Z,128717,187235100,192770700,7
2026-08-24T02:12:55Z,128718,7739600,7739600,3
2026-08-24T02:12:55Z,128719,15496700,15496700,22
2026-08-24T02:12:55Z,128720,199899700,199899700,3
2026-08-24T02:12:55Z,128721,192500000,192500000,2
2026-08-24T02:12:55Z,128722,39908000,39908000,7
2026-08-24T02:12:55Z,128723,24926600,24926600,38
2026-08-24T02:12:55Z,128724,4497300,4502500,9
2026-08-24T02:12:55Z,128725,39920300,39920300,6
2026-08-24T02:12:55Z,128726,32066100,32066100,23
2026-08-24T02:12:55Z,128727,11653500,11653500,10
2026-08-24T02:12:55Z,128728,31111500,31111500,14
2026-08-24T02:12:55Z,128729,23983000,23983000,35
2026-08-24T02:12:55Z,128730,22647000,49829000,15
2026-08-24T02:12:55Z,128731,198901700,198901700,7
2026-08-24T02:12:55Z,128732,32100000,32100000,4
2026-08-24T02:12:55Z,128733,60000000,165413100,18
2026-08-24T02:12:55Z,128734,118807500,118807500,19
2026-08-24T02:12:55Z,128735,49962000,49962000,11
2026-08-24T02:12:55Z,128736,198663600,198838300,9
2026-08-24T02:12:55Z,128737,199990000,199990000,3
2026-08-24T02:12:55Z,128738,39999900,39999900,15
2026-08-24T02:12:55Z,128739,39998000,39998000,4
2026-08-24T02:12:55Z,128740,150000000,150000000,5
2026-08-24T02:12:55Z,128741,39999600,39999600,9
2026-08-24T02:12:55Z,128742,198685300,198883800,28
2026-08-24T02:12:55Z,128743,3002300,3002300,12
2026-08-24T02:12:55Z,128744,50000000,50000000,8
2026-08-24T02:12:55Z,128761,29700,29800,90
2026-08-24T02:12:55Z,128763,100000,100000,130
2026-08-24T02:12:55Z,128764,788100,788100,80
2026-08-24T02:12:55Z,128768,1111100,1111100,3397
2026-08-24T02:12:55Z,128793,1000,1000,82
2026-08-24T02:12:55Z,128833,224700,224800,162
2026-08-24T02:12:55Z,128834,150000,150000,255
2026-08-24T02:12:55Z,128835,857900,897900,132
2026-08-24T02:12:55Z,128836,40000,40000,119
2026-08-24T02:12:55Z,128837,149300,149300,103
2026-08-24T02:12:55Z,128838,9700000,9700000,40
2026-08-24T02:12:55Z,128839,111200,215000,54
2026-08-24T02:12:55Z,128840,43000,45200,94
2026-08-24T02:12:55Z,128841,18900,18900,51
2026-08-24T02:12:55Z,128842,178000,178000,68
2026-08-24T02:12:55Z,128843,556400,556400,185
2026-08-24T02:12:55Z,128844,700000,700000,107
2026-08-24T02:12:55Z,128845,49600,49700,142
2026-08-24T02:12:55Z,128846,44100,44200,134
2026-08-24T02:12:55Z,128847,199900,199900,257
2026-08-24T02:12:55Z,128848,5000,5000,74
2026-08-24T02:12:55Z,128849,40000,40000,95
2026-08-24T02:12:55Z,128850,39990000,39990000,5
2026-08-24T02:12:55Z,128851,230500,230500,181
2026-08-24T02:12:55Z,128853,159900,159900,183
2026-08-24T02:12:55Z,128979,9807800,9808000,27
2026-08-24T02:12:55Z,128980,1400000,1484900,85
2026-08-24T02:12:55Z,128983,3999900,3999900,3
2026-08-24T02:12:55Z,128984,3902500,3902500,199
2026-08-24T02:12:55Z,128985,3900100,3900100,198
2026-08-24T02:12:55Z,128987,299900,299900,63
2026-08-24T02:12:55Z,128988,5742000,5742000,58
2026-08-24T02:12:55Z,128989,4232900,4232900,58
2026-08-24T02:12:55Z,128990,3566800,3566800,85
2026-08-24T02:12:55Z,128991,5001500,5001500,61
2026-08-24T02:12:55Z,128992,3531200,3566800,28
2026-08-24T02:12:55Z,128993,3544800,3580600,57
2026-08-24T02:12:55Z,128994,280000,337000,191
2026-08-24T02:12:55Z,128995,31000,31000,245
2026-08-24T02:12:55Z,128996,999900,999900,97
2026-08-24T02:12:55Z,128997,995400,995400,261
2026-08-24T02:12:55Z,128998,470000,470000,144
2026-08-24T02:12:55Z,128999,45000,994900,215
2026-08-24T02:12:55Z,129000,399000,999000,69
2026-08-24T02:12:55Z,129001,997200,997200,187
2026-08-24T02:12:55Z,129002,330000,330000,190
2026-08-24T02:12:55Z,129003,218900,218900,164
2026-08-24T02:12:55Z,129017,5988600,5990100,384
2026-08-24T02:12:55Z,129018,6489000,6489000,439
2026-08-24T02:12:55Z,129019,4991200,4992300,160
2026-08-24T02:12:55Z,129020,7040500,7040500,135
2026-08-24T02:12:55Z,129021,4882400,4882400,288
2026-08-24T02:12:55Z,129022,6978800,6980800,145
2026-08-24T02:12:55Z,129028,6005300,6005300,132
2026-08-24T02:12:55Z,129029,6005400,6005400,125
2026-08-24T02:12:55Z,129032,49900,49900,23882
2026-08-24T02:12:55Z,129034,418900,598500,36998
2026-08-24T02:12:55Z,129099,648900,648900,113
2026-08-24T02:12:55Z,129100,2300,2300,28301
2026-08-24T02:12:55Z,129158,200,200,925
2026-08-24T02:12:55Z,129284,520000,930000,586
2026-08-24T02:12:55Z,129285,499900,549900,2137
2026-08-24T02:12:55Z,129286,1500000,1503300,248
2026-08-24T02:12:55Z,129287,900000,900000,430
2026-08-24T02:12:55Z,129288,200000,220000,145
2026-08-24T02:12:55Z,129289,9493300,10050000,337
2026-08-24T02:12:55Z,130172,70000,70000,2018
2026-08-24T02:12:55Z,130173,32900,32900,6795
2026-08-24T02:12:55Z,130174,24700,24700,13223
2026-08-24T02:12:55Z,130175,240000,240000,2285
2026-08-24T02:12:55Z,130176,29600,29600,5656
2026-08-24T02:12:55Z,130177,30000,30000,4787
2026-08-24T02:12:55Z,130178,180000,180000,826
2026-08-24T02:12:55Z,130179,121000,121000,2274
2026-08-24T02:12:55Z,130180,88800,88800,1514
2026-08-24T02:12:55Z,130181,2000000,2000000,1006
2026-08-24T02:12:55Z,130182,38900,38900,1176
2026-08-24T02:12:55Z,130183,29900,29900,1907
2026-08-24T02:12:55Z,130192,200,200,132
2026-08-24T02:12:55Z,130200,459400,459500,86
2026-08-24T02:12:55Z,130201,328900,329000,56
2026-08-24T02:12:55Z,130202,751800,751800,82
2026-08-24T02:12:55Z,130203,91800,91900,79
2026-08-24T02:12:55Z,130204,214700,214800,56
2026-08-24T02:12:55Z,130215,20000,20000,99
2026-08-24T02:12:55Z,130216,60000,60000,93
2026-08-24T02:12:55Z,130217,20000,24700,244
2026-08-24T02:12:55Z,130218,140000,140000,65
2026-08-24T02:12:55Z,130219,820000,823000,63
2026-08-24T02:12:55Z,130220,750000,753800,94
2026-08-24T02:12:55Z,130221,740000,749400,77
2026-08-24T02:12:55Z,130222,290000,299900,90
2026-08-24T02:12:55Z,130245,9600000,9600000,65
2026-08-24T02:12:55Z,130246,15298500,15298500,114
2026-08-24T02:12:55Z,130247,11000600,11000600,117
2026-08-24T02:12:55Z,130248,15489900,15489900,97
2026-08-24T02:12:55Z,130250,143400,143400,431
2026-08-24T02:12:55Z,130258,79500,79500,1474
2026-08-24T02:12:55Z,130264,49000000,49000000,20
2026-08-24T02:12:55Z,130265,1000000,1000000,18
2026-08-24T02:12:55Z,130268,49000000,49000000,10
2026-08-24T02:12:55Z,130903,595800,595800,2426
2026-08-24T02:12:55Z,130904,603100,750000,1649
2026-08-24T02:12:55Z,130905,977300,977300,5187
2026-08-24T02:12:55Z,131729,32300,32300,8551
2026-08-24T02:12:55Z,131746,659100,659500,146
2026-08-24T02:12:55Z,132166,1500003100,1500003100,1
2026-08-24T02:12:55Z,132182,290000700,290000700,1
2026-08-24T02:12:55Z,132183,28700,28700,21
2026-08-24T02:12:55Z,132184,2000,2000,156
2026-08-24T02:12:55Z,132185,509900,509900,2
2026-08-24T02:12:55Z,132186,889900,889900,37
2026-08-24T02:12:55Z,132188,1500005600,1500005600,1
2026-08-24T02:12:55Z,132189,25000000,49000000,22
2026-08-24T02:12:55Z,132190,3271800,3271800,13
2026-08-24T02:12:55Z,132191,375001200,375001200,2
2026-08-24T02:12:55Z,132192,29600,29600,30
2026-08-24T02:12:55Z,132193,3700,3700,116
2026-08-24T02:12:55Z,132194,290000000,290000000,1
2026-08-24T02:12:55Z,132197,290002000,290002000,1
2026-08-24T02:12:55Z,132199,41700,41700,24
2026-08-24T02:12:55Z,132200,290007100,290007100,1
2026-08-24T02:12:55Z,132204,2100,2100,263
2026-08-24T02:12:55Z,132207,290003700,290003700,1
2026-08-24T02:12:55Z,132208,49000000,49000000,20
2026-08-24T02:12:55Z,132211,48999900,48999900,25
2026-08-24T02:12:55Z,132212,2400,2400,251
2026-08-24T02:12:55Z,132213,199800,199800,6
2026-08-24T02:12:55Z,132216,1000000,1000000,5
2026-08-24T02:12:55Z,132217,27100,27100,24
2026-08-24T02:12:55Z,132218,79900,79900,8
2026-08-24T02:12:55Z,132219,129200,129200,5
2026-08-24T02:12:55Z,132220,303200,303200,88
2026-08-24T02:12:55Z,132223,29900,29900,66
2026-08-24T02:12:55Z,132224,290000000,290000000,1
2026-08-24T02:12:55Z,132225,290003900,290003900,1
2026-08-24T02:12:55Z,132227,208400,208400,3
2026-08-24T02:12:55Z,132229,48006100,48006100,10
2026-08-24T02:12:55Z,132230,2009900,2009900,4
2026-08-24T02:12:55Z,132231,2200,2200,225
2026-08-24T02:12:55Z,132232,499900,499900,9
2026-08-24T02:12:55Z,132233,2200,9902200,105
2026-08-24T02:12:55Z,132234,29000,29000,30
2026-08-24T02:12:55Z,132235,50000000,50000000,5
2026-08-24T02:12:55Z,132237,53200,53300,49
2026-08-24T02:12:55Z,132238,290002000,290002000,1
2026-08-24T02:12:55Z,132239,49009900,49009900,16
2026-08-24T02:12:55Z,132240,49000700,49000700,20
2026-08-24T02:12:55Z,132509,895000,895000,162
2026-08-24T02:12:55Z,132510,1500,199900,1309
2026-08-24T02:12:55Z,132513,6992400,6992400,179
2026-08-24T02:12:55Z,132514,1190000,1200000,60806
2026-08-24T02:12:55Z,132515,250000,250000,263
2026-08-24T02:12:55Z,132516,452000,453000,2022
2026-08-24T02:12:55Z,132517,8980000,8980000,30
2026-08-24T02:12:55Z,132524,7779900,7779900,11
2026-08-24T02:12:55Z,132525,7889500,8580400,165
2026-08-24T02:12:55Z,132526,4320300,4320300,33
2026-08-24T02:12:55Z,132528,4005800,4005800,24
2026-08-24T02:12:55Z,132530,39789500,39789500,30
2026-08-24T02:12:55Z,132531,3939926800,3939926800,3
2026-08-24T02:12:55Z,132752,22200,22200,3528
2026-08-24T02:12:55Z,132753,10000,10000,860
2026-08-24T02:12:55Z,132982,5771800,5771800,138
2026-08-24T02:12:55Z,133545,6654700,6654700,24
2026-08-24T02:12:55Z,133553,8502000,49003800,21
2026-08-24T02:12:55Z,133557,1300,1400,487
2026-08-24T02:12:55Z,133561,43100,1991200,67
2026-08-24T02:12:55Z,133562,119800,119800,542
2026-08-24T02:12:55Z,133563,4900,5000,749
2026-08-24T02:12:55Z,133564,99000,99000,1522
2026-08-24T02:12:55Z,133565,10000,10000,1249
2026-08-24T02:12:55Z,133566,37700,37700,128
2026-08-24T02:12:55Z,133567,1300,1300,519
2026-08-24T02:12:55Z,133568,187900,187900,271
2026-08-24T02:12:55Z,133569,15500,15500,338
2026-08-24T02:12:55Z,133570,1300,1300,529
2026-08-24T02:12:55Z,133571,2500,2500,646
2026-08-24T02:12:55Z,133572,1400,1500,546
2026-08-24T02:12:55Z,133573,2400,2400,824
2026-08-24T02:12:55Z,133574,31800,31900,175
2026-08-24T02:12:55Z,133575,1300,1300,1209
2026-08-24T02:12:55Z,133576,17000,17000,1678
2026-08-24T02:12:55Z,133577,3300,3300,435
2026-08-24T02:12:55Z,133578,1990000,1990000,30
2026-08-24T02:12:55Z,133579,655500,679900,70
2026-08-24T02:12:55Z,133586,9880000,9880000,215
2026-08-24T02:12:55Z,133588,8700,8800,3467
2026-08-24T02:12:55Z,133589,8600,8700,5767
2026-08-24T02:12:55Z,133590,2500,2500,1245
2026-08-24T02:12:55Z,133591,33800,34000,2113
2026-08-24T02:12:55Z,133592,9900,9900,2362
2026-08-24T02:12:55Z,133593,7700,9800,2925
2026-08-24T02:12:55Z,133607,1300,1400,16967
2026-08-24T02:12:55Z,133680,72500,72500,2434
2026-08-24T02:12:55Z,133681,19000,19000,190
2026-08-24T02:12:55Z,133688,222200,222200,558
2026-08-24T02:12:55Z,133893,9999300,9999300,29
2026-08-24T02:12:55Z,133913,9990300,9990300,97
2026-08-24T02:12:55Z,133940,40000,49700,1011
2026-08-24T02:12:55Z,133942,5000,138400,413
2026-08-24T02:12:55Z,133979,199006900,199006900,5
2026-08-24T02:12:55Z,133980,2698100,2698100,53
2026-08-24T02:12:55Z,133981,9900000,9900000,32
2026-08-24T02:12:55Z,134048,290000100,290000100,5
2026-08-24T02:12:55Z,134049,290000100,290000100,1
2026-08-24T02:12:55Z,134050,290000100,290000100,1
2026-08-24T02:12:55Z,134051,49000100,49000100,20
2026-08-24T02:12:55Z,134052,290000100,290000100,1
2026-08-24T02:12:55Z,134053,290000100,290000100,1
2026-08-24T02:12:55Z,134054,49000100,49000100,12
2026-08-24T02:12:55Z,134860,1230000,1230000,246
2026-08-24T02:12:55Z,136342,29500,29500,900
2026-08-24T02:12:55Z,136353,290001300,290001300,1
2026-08-24T02:12:55Z,136355,990001000,990001000,1
2026-08-24T02:12:55Z,136375,2666600,2666600,50
2026-08-24T02:12:55Z,136376,19992800,19992800,11
2026-08-24T02:12:55Z,136377,5300,5500,805
2026-08-24T02:12:55Z,136544,9969800,9969800,60
2026-08-24T02:12:55Z,136545,2000,2100,64
2026-08-24T02:12:55Z,136546,28300,28300,65
2026-08-24T02:12:55Z,136547,33900,33900,66
2026-08-24T02:12:55Z,136548,69400,69400,50
2026-08-24T02:12:55Z,136549,140000,140000,33
2026-08-24T02:12:55Z,136550,159800,159800,57
2026-08-24T02:12:55Z,136551,43700,43700,65
2026-08-24T02:12:55Z,136552,298900,9909900,27
2026-08-24T02:12:55Z,136553,390600,9890600,37
2026-08-24T02:12:55Z,136554,149800,149800,43
2026-08-24T02:12:55Z,136555,9900000,9900000,39
2026-08-24T02:12:55Z,136556,6500,6500,49
2026-08-24T02:12:55Z,136557,31700,31700,64
2026-08-24T02:12:55Z,136558,60000,60000,78
2026-08-24T02:12:55Z,136559,49992300,49992300,6
2026-08-24T02:12:55Z,136560,9993300,9993300,26
2026-08-24T02:12:55Z,136561,14800,14800,64
2026-08-24T02:12:55Z,136562,449900,449900,43
2026-08-24T02:12:55Z,136563,9808900,9808900,36
2026-08-24T02:12:55Z,136564,55500,185500,55
2026-08-24T02:12:55Z,136565,1642200,9900200,42
2026-08-24T02:12:55Z,136566,29900,9849900,47
2026-08-24T02:12:55Z,136567,199000,199000,122
2026-08-24T02:12:55Z,136568,700000,700000,46
2026-08-24T02:12:55Z,136569,33000,33000,165
2026-08-24T02:12:55Z,136570,290006500,290006500,1
2026-08-24T02:12:55Z,136571,9906500,9906500,99
2026-08-24T02:12:55Z,136572,450006500,450006500,1
2026-08-24T02:12:55Z,136573,290006500,290006500,1
2026-08-24T02:12:55Z,136574,290006500,290006500,1
2026-08-24T02:12:55Z,136575,290006500,290006500,1
2026-08-24T02:12:55Z,136576,990006500,990006500,1
2026-08-24T02:12:55Z,136596,19900,19900,214
2026-08-24T02:12:55Z,136597,499900,499900,25
2026-08-24T02:12:55Z,136598,49003300,49003300,20
2026-08-24T02:12:55Z,136606,69800,69800,308
2026-08-24T02:12:55Z,136633,27500,27500,1007
2026-08-24T02:12:55Z,136636,431000,431000,616
2026-08-24T02:12:55Z,136637,12500,15800,1641
2026-08-24T02:12:55Z,136638,30000,40100,519
2026-08-24T02:12:55Z,136653,69000,79500,269
2026-08-24T02:12:55Z,136654,5000,1970000,468
2026-08-24T02:12:55Z,136708,1080400,1080800,241
2026-08-24T02:12:55Z,136825,3909900,5009900,167
2026-08-24T02:12:55Z,136826,5299800,5302300,366
2026-08-24T02:12:55Z,136852,9500,9500,430
2026-08-24T02:12:55Z,136856,78900,78900,99
2026-08-24T02:12:55Z,136857,41520100,41520100,2
2026-08-24T02:12:55Z,137188,8006600,9786700,469
2026-08-24T02:12:55Z,137191,6500200,6500200,186
2026-08-24T02:12:55Z,137238,4006600,6661600,155
2026-08-24T02:12:55Z,137239,5007600,5007600,142
2026-08-24T02:12:55Z,137240,1500007600,1500007600,1
2026-08-24T02:12:55Z,137249,4975300,4979800,130
2026-08-24T02:12:55Z,137250,4985500,5273300,302
2026-08-24T02:12:55Z,137267,5007200,5007200,149
2026-08-24T02:12:55Z,137269,6529800,6529800,293
2026-08-24T02:12:55Z,137274,6509200,6509200,185
2026-08-24T02:12:55Z,137287,5999900,5999900,125
2026-08-24T02:12:55Z,137288,4950000,4950000,228
2026-08-24T02:12:55Z,137289,6919800,6919800,65
2026-08-24T02:12:55Z,137293,5599900,5599900,225
2026-08-24T02:12:55Z,137556,754200,844200,56
2026-08-24T02:12:55Z,137557,358600,358600,83
2026-08-24T02:12:55Z,137558,758300,758300,39
2026-08-24T02:12:55Z,137643,30092200,49002200,22
2026-08-24T02:12:55Z,137644,49000100,49000100,21
2026-08-24T02:12:55Z,138196,49003900,49003900,12
2026-08-24T02:12:55Z,138285,600900,600900,62
2026-08-24T02:12:55Z,138290,9900000,9900000,87
2026-08-24T02:12:55Z,138292,1900,1900,304
2026-08-24T02:12:55Z,138294,6684200,9951100,36
2026-08-24T02:12:55Z,138295,6507900,6507900,51
2026-08-24T02:12:55Z,138382,615800,999900,407
2026-08-24T02:12:55Z,138383,309900,309900,127
2026-08-24T02:12:55Z,138384,800000,800000,76
2026-08-24T02:12:55Z,138486,75000,86900,16300
2026-08-24T02:12:55Z,138488,60000,86500,9270
2026-08-24T02:12:55Z,138727,2100,4700,11947
2026-08-24T02:12:55Z,138728,1400,1500,10882
2026-08-24T02:12:55Z,138729,1200,1500,14715
2026-08-24T02:12:55Z,138875,100,100,523
2026-08-24T02:12:55Z,138884,19990000,19990000,20
2026-08-24T02:12:55Z,138967,1600,1700,6245
2026-08-24T02:12:55Z,138972,9900000,9900000,22
2026-08-24T02:12:55Z,138973,9900000,9900000,20
2026-08-24T02:12:55Z,138974,9900000,9900000,22
2026-08-24T02:12:55Z,138975,9900000,9900000,25
2026-08-24T02:12:55Z,138976,9900000,9900000,24
2026-08-24T02:12:55Z,138977,685000,685000,115
2026-08-24T02:12:55Z,138978,9900000,9900000,45
2026-08-24T02:12:55Z,138979,5300,5300,1204
2026-08-24T02:12:55Z,138980,869700,9969700,41
2026-08-24T02:12:55Z,138981,9960200,9960200,32
2026-08-24T02:12:55Z,138982,9903200,9903200,75
2026-08-24T02:12:55Z,138983,9969800,9969800,33
2026-08-24T02:12:55Z,138986,9900000,9900000,29
2026-08-24T02:12:55Z,138987,9901900,9901900,31
2026-08-24T02:12:55Z,139036,142300,190000,340
2026-08-24T02:12:55Z,139175,904000,954000,240
2026-08-24T02:12:55Z,139270,5500000,5500000,23
2026-08-24T02:12:55Z,139271,5499900,5499900,119
2026-08-24T02:12:55Z,139278,5004700,5004700,52
2026-08-24T02:12:55Z,139288,4009900,5499900,179
2026-08-24T02:12:55Z,139289,8258500,8259500,112
2026-08-24T02:12:55Z,139310,6480000,6480000,193
2026-08-24T02:12:55Z,139311,6713600,6713600,141
2026-08-24T02:12:55Z,139312,255720800,255720800,3
2026-08-24T02:12:55Z,139314,8496500,8496500,165
2026-08-24T02:12:55Z,139315,6501700,7002000,70
2026-08-24T02:12:55Z,139316,290000100,290000100,1
2026-08-24T02:12:55Z,139317,290000100,290000100,1
2026-08-24T02:12:55Z,139318,290000100,290000100,1
2026-08-24T02:12:55Z,139338,4004900,6004900,156
2026-08-24T02:12:55Z,139339,4993700,4995200,196
2026-08-24T02:12:55Z,139344,499999900,499999900,5
2026-08-24T02:12:55Z,139345,50500,50500,64
2026-08-24T02:12:55Z,139346,9970400,9970400,30
2026-08-24T02:12:55Z,139347,9786200,9786200,25
2026-08-24T02:12:55Z,139348,4986300,4987800,116
2026-08-24T02:12:55Z,139352,7000500,7000500,118
2026-08-24T02:12:55Z,139358,4925500,6550000,103
2026-08-24T02:12:55Z,139362,5506600,5506600,118
2026-08-24T02:12:55Z,139375,506600,506600,57
2026-08-24T02:12:55Z,139389,22562900,22562900,13
2026-08-24T02:12:55Z,139398,1997700,2197700,38
2026-08-24T02:12:55Z,139417,5504400,7004400,63
2026-08-24T02:12:55Z,139435,5977100,6387800,70
2026-08-24T02:12:55Z,139436,6500000,6501100,146
2026-08-24T02:12:55Z,139437,5491200,5497200,286
2026-08-24T02:12:55Z,139438,5492300,5494800,181
2026-08-24T02:12:55Z,139442,5498400,7500000,65
2026-08-24T02:12:55Z,139503,79900,79900,907
2026-08-24T02:12:55Z,139783,29400,29400,11
2026-08-24T02:12:55Z,139785,3484897100,3484897100,1
2026-08-24T02:12:55Z,139786,1500000,1600000,368
2026-08-24T02:12:55Z,139890,19800000,19800000,37
2026-08-24T02:12:55Z,140187,9900,15000,189
2026-08-24T02:12:55Z,140188,1400,1400,176
2026-08-24T02:12:55Z,140189,1400,1400,144
2026-08-24T02:12:55Z,140201,9905600,9905600,28
2026-08-24T02:12:55Z,140202,9905700,9905700,22
2026-08-24T02:12:55Z,140203,9905700,9905700,22
2026-08-24T02:12:55Z,140204,3834000,9945000,43
2026-08-24T02:12:55Z,140205,9900000,9900000,41
2026-08-24T02:12:55Z,140206,9906900,9906900,29
2026-08-24T02:12:55Z,140207,9900000,9900000,24
2026-08-24T02:12:55Z,140265,700000,700000,154
2026-08-24T02:12:55Z,140266,709800,709800,109
2026-08-24T02:12:55Z,140269,700000,700000,124
2026-08-24T02:12:55Z,140272,709900,709900,100
2026-08-24T02:12:55Z,140273,100000,100000,90
2026-08-24T02:12:55Z,140275,40000,40000,80
2026-08-24T02:12:55Z,140276,2600,2600,113
2026-08-24T02:12:55Z,140286,59500,59500,79
2026-08-24T02:12:55Z,140296,868000,868000,50
2026-08-24T02:12:55Z,140297,9880000,9880000,29
2026-08-24T02:12:55Z,140298,889800,889800,63
2026-08-24T02:12:55Z,140299,760000,760000,105
2026-08-24T02:12:55Z,140300,770300,770300,69
2026-08-24T02:12:55Z,140301,9877000,9877000,44
2026-08-24T02:12:55Z,140302,9840000,9840000,30
2026-08-24T02:12:55Z,140321,49000100,49000100,20
2026-08-24T02:12:55Z,140337,79600,79600,82
2026-08-24T02:12:55Z,140338,999600,999700,40
2026-08-24T02:12:55Z,140339,9900000,9900000,30
2026-08-24T02:12:55Z,140340,9909800,9909800,30
2026-08-24T02:12:55Z,140341,79500,79500,99
2026-08-24T02:12:55Z,140342,569700,569700,36
2026-08-24T02:12:55Z,140344,49700,49700,90
2026-08-24T02:12:55Z,140347,29100,990000,221
2026-08-24T02:12:55Z,140351,55500,55500,96
2026-08-24T02:12:55Z,140355,9990100,9990100,24
2026-08-24T02:12:55Z,140567,4000000,9980100,20
2026-08-24T02:12:55Z,140568,2999900,2999900,13
2026-08-24T02:12:55Z,140587,93600,93600,1034
2026-08-24T02:12:55Z,140626,199991000,199991000,6
2026-08-24T02:12:55Z,140627,9999900,9999900,25
2026-08-24T02:12:55Z,140628,19898200,19898200,9
2026-08-24T02:12:55Z,140629,39900100,39900100,10
2026-08-24T02:12:55Z,140630,5000100,5000100,120
2026-08-24T02:12:55Z,140631,339700,339700,91
2026-08-24T02:12:55Z,140668,18800,18800,88
2026-08-24T02:12:55Z,140679,9963100,9963100,34
2026-08-24T02:12:55Z,140753,1000,1800,74
2026-08-24T02:12:55Z,140754,1000,8000,68
2026-08-24T02:12:55Z,141206,993200,993200,74
2026-08-24T02:12:55Z,141207,159000,159000,65
2026-08-24T02:12:55Z,141208,9980000,9980000,30
2026-08-24T02:12:55Z,141209,1214800,1214800,68
2026-08-24T02:12:55Z,141210,650400,650400,70
2026-08-24T02:12:55Z,141211,550500,550500,50
2026-08-24T02:12:55Z,141212,9849900,9849900,29
2026-08-24T02:12:55Z,141213,568300,568300,60
2026-08-24T02:12:55Z,141214,9889900,9889900,54
2026-08-24T02:12:55Z,141215,9850500,9850500,45
2026-08-24T02:12:55Z,141318,4443800,4443800,16
2026-08-24T02:12:55Z,141319,2221900,19503000,11
2026-08-24T02:12:55Z,141320,553000,553000,34
2026-08-24T02:12:55Z,141333,2199900,2199900,47
2026-08-24T02:12:55Z,141446,70000,450000,768
2026-08-24T02:12:55Z,141527,10000,10000,119
2026-08-24T02:12:55Z,141640,16409300,16409300,27
2026-08-24T02:12:55Z,141641,2224200,2224200,33
2026-08-24T02:12:55Z,141898,7005500,7005500,115
2026-08-24T02:12:55Z,141908,1509400,2152300,64
2026-08-24T02:12:55Z,141909,2499300,2599300,149
2026-08-24T02:12:55Z,141910,1899900,1899900,145
2026-08-24T02:12:55Z,141957,1500005700,1500005700,1
2026-08-24T02:12:55Z,142101,346800,346900,124
2026-08-24T02:12:55Z,142102,109800,997800,249
2026-08-24T02:12:55Z,142103,307100,990000,120
2026-08-24T02:12:55Z,142117,10000,14900,3940
2026-08-24T02:12:55Z,142262,3228700,3228700,15
2026-08-24T02:12:55Z,142263,200000,200000,561
2026-08-24T02:12:55Z,142264,44000,44000,25
2026-08-24T02:12:55Z,142266,400,400,3629
2026-08-24T02:12:55Z,142334,20000,20000,351
2026-08-24T02:12:55Z,142335,9900,10000,45745
2026-08-24T02:12:55Z,142336,3300,4300,46673
2026-08-24T02:12:55Z,142406,70000,70000,278
2026-08-24T02:12:55Z,143588,7005500,7005500,36
2026-08-24T02:12:55Z,143618,290003900,290003900,1
2026-08-24T02:12:55Z,143619,290005400,290005400,1
2026-08-24T02:12:55Z,143633,197990100,197990100,7
2026-08-24T02:12:55Z,143634,195200000,195200000,1
2026-08-24T02:12:55Z,143635,199000900,199000900,1
2026-08-24T02:12:55Z,143636,199900400,199900400,1
2026-08-24T02:12:55Z,143681,400,400,1327
2026-08-24T02:12:55Z,143750,4368000,4368000,152
2026-08-24T02:12:55Z,143846,1500001300,1500001300,1
2026-08-24T02:12:55Z,143853,4999900,49009900,23
2026-08-24T02:12:55Z,144283,5500000100,5500000100,1
2026-08-24T02:12:55Z,144284,5500000200,5500000200,1
2026-08-24T02:12:55Z,144287,290000100,290000100,1
2026-08-24T02:12:55Z,144289,990000100,990000100,1
2026-08-24T02:12:55Z,144290,5500000100,5500000100,1
2026-08-24T02:12:55Z,144304,333800,9909800,41
2026-08-24T02:12:55Z,144305,853100,853100,94
2026-08-24T02:12:55Z,144306,850200,850200,88
2026-08-24T02:12:55Z,144307,800000,850000,59
2026-08-24T02:12:55Z,144329,9990000,9990000,574
2026-08-24T02:12:55Z,144396,199899700,199899700,1
2026-08-24T02:12:55Z,144397,200000000,200000000,1
2026-08-24T02:12:55Z,144398,39889100,39889100,10
2026-08-24T02:12:55Z,144408,49001300,49001300,25
2026-08-24T02:12:55Z,146406,9908600,9908600,42
2026-08-24T02:12:55Z,147119,6800000,9990000,152
2026-08-24T02:12:55Z,147210,49000100,49000100,20
2026-08-24T02:12:55Z,147669,30000,30000,91
2026-08-24T02:12:55Z,147774,199500,9906000,49
2026-08-24T02:12:55Z,147775,798000,840000,560
2026-08-24T02:12:55Z,147776,220000,220000,133
2026-08-24T02:12:55Z,147777,99700,99700,56
2026-08-24T02:12:55Z,147868,199600,199600,54
2026-08-24T02:12:55Z,147869,15400,111100,156459
2026-08-24T02:12:55Z,147870,2600,2800,257
2026-08-24T02:12:55Z,149755,250000,261100,47
2026-08-24T02:12:55Z,151034,290001200,290001200,1
2026-08-24T02:12:55Z,151121,999900,999900,4614
2026-08-24T02:12:55Z,151122,999900,999900,10251
2026-08-24T02:12:55Z,151123,999900,999900,10734
2026-08-24T02:12:55Z,151124,999900,999900,10748
2026-08-24T02:12:55Z,151133,3509800,4999600,1491
2026-08-24T02:12:55Z,151256,9800,9800,475
2026-08-24T02:12:55Z,151257,90000,90000,382
2026-08-24T02:12:55Z,151386,4420000,4420000,3
2026-08-24T02:12:55Z,151387,13000000,13000000,6
2026-08-24T02:12:55Z,151388,290000000,290000000,2
2026-08-24T02:12:55Z,151389,555500,555500,3
2026-08-24T02:12:55Z,151390,99900,600000,35
2026-08-24T02:12:55Z,151391,240000,240000,30
2026-08-24T02:12:55Z,151392,80000,80000,18
2026-08-24T02:12:55Z,151393,25000000,25000000,12
2026-08-24T02:12:55Z,151394,499900,2999900,27
2026-08-24T02:12:55Z,151431,1300900,4940000,19
2026-08-24T02:12:55Z,151444,92400,1000000,24
2026-08-24T02:12:55Z,151538,6388100,6388100,57
2026-08-24T02:12:55Z,151540,6484600,6484600,81
2026-08-24T02:12:55Z,151542,6803200,6803200,296
2026-08-24T02:12:55Z,151564,68700,98600,45244
2026-08-24T02:12:55Z,151565,110000,116600,35487
2026-08-24T02:12:55Z,151566,1000,1800,160426
2026-08-24T02:12:55Z,151567,3000,3500,141187
2026-08-24T02:12:55Z,151579,119900,120000,801
2026-08-24T02:12:55Z,151580,299900,299900,201
2026-08-24T02:12:55Z,151583,349800,349800,87
2026-08-24T02:12:55Z,151584,5805800,5805800,55
2026-08-24T02:12:55Z,151585,240000,240000,168
2026-08-24T02:12:55Z,151608,790000,790000,569
2026-08-24T02:12:55Z,151609,20000,20000,2440
2026-08-24T02:12:55Z,151610,120000,120000,52
2026-08-24T02:12:55Z,151651,13427700,13427700,42
2026-08-24T02:12:55Z,151718,5489900,15499900,582
2026-08-24T02:12:55Z,151719,109900,109900,431
2026-08-24T02:12:55Z,151720,130000,150000,930
2026-08-24T02:12:55Z,151721,49100,49500,910
2026-08-24T02:12:55Z,151722,49500,49500,940
2026-08-24T02:12:55Z,151774,9604000,9800000,40
2026-08-24T02:12:55Z,151775,39999900,39999900,6
2026-08-24T02:12:55Z,152099,9900100,9900100,94
2026-08-24T02:12:55Z,152296,49000000,49000000,20
2026-08-24T02:12:55Z,152494,1500,50000,569
2026-08-24T02:12:55Z,152495,22000,22000,308
2026-08-24T02:12:55Z,152496,2500,2500,293
2026-08-24T02:12:55Z,152497,5500,6000,371
2026-08-24T02:12:55Z,152503,19500,19500,679
2026-08-24T02:12:55Z,152505,83700,83900,2379
2026-08-24T02:12:55Z,152506,76800,77000,14545
2026-08-24T02:12:55Z,152507,70000,73400,35643
2026-08-24T02:12:55Z,152508,81300,96500,11026
2026-08-24T02:12:55Z,152509,73000,73200,9379
2026-08-24T02:12:55Z,152510,131400,143100,40065
2026-08-24T02:12:55Z,152511,77600,77800,5376
2026-08-24T02:12:55Z,152512,21000,34400,405140
2026-08-24T02:12:55Z,152513,39400,39400,16176
2026-08-24T02:12:55Z,152541,28900,34400,69027
2026-08-24T02:12:55Z,152542,1000,9900,113102
2026-08-24T02:12:55Z,152543,15900,15900,40199
2026-08-24T02:12:55Z,152544,31300,31300,34488
2026-08-24T02:12:55Z,152545,6900,6900,37383
2026-08-24T02:12:55Z,152546,6700,6900,56455
2026-08-24T02:12:55Z,152547,59200,59300,23518
2026-08-24T02:12:55Z,152548,989800,989800,6823
2026-08-24T02:12:55Z,152549,168000,170000,1396
2026-08-24T02:12:55Z,152550,17600,18800,389
2026-08-24T02:12:55Z,152557,70000,70000,343
2026-08-24T02:12:55Z,152559,17700,37800,239
2026-08-24T02:12:55Z,152560,40000,40000,186
2026-08-24T02:12:55Z,152561,4000,4000,321
2026-08-24T02:12:55Z,152564,149900,149900,419
2026-08-24T02:12:55Z,152576,9500,9600,268763
2026-08-24T02:12:55Z,152577,34400,39900,367072
2026-08-24T02:12:55Z,152579,113900,135400,199449
2026-08-24T02:12:55Z,152615,350000,350000,338
2026-08-24T02:12:55Z,152631,700,700,8647
2026-08-24T02:12:55Z,152638,326700,937500,341
2026-08-24T02:12:55Z,152639,149900,220900,1223
2026-08-24T02:12:55Z,152640,80000,3230300,452
2026-08-24T02:12:55Z,152641,140000,203300,564
2026-08-24T02:12:55Z,152717,9900000,9900000,30
2026-08-24T02:12:55Z,152718,1250000,1250000,77
2026-08-24T02:12:55Z,152812,990300,990700,437
2026-08-24T02:12:55Z,152813,550000,750000,1032
2026-08-24T02:12:55Z,152867,49002700,49002700,20
2026-08-24T02:12:55Z,152875,25100,25300,99534
2026-08-24T02:12:55Z,152876,129800,149800,5470
2026-08-24T02:12:55Z,152877,219800,280300,17000
2026-08-24T02:12:55Z,152897,49001300,49001300,40
2026-08-24T02:12:55Z,153015,905600,905600,104
2026-08-24T02:12:55Z,153031,7007300,7007300,211
2026-08-24T02:12:55Z,153033,5000000,5000000,78
2026-08-24T02:12:55Z,153036,9982800,9982800,50
2026-08-24T02:12:55Z,153050,6600,17400,73475
2026-08-24T02:12:55Z,153051,800,800,73800
2026-08-24T02:12:55Z,153133,511200,49005000,21
2026-08-24T02:12:55Z,153134,290000500,290000500,1
2026-08-24T02:12:55Z,153192,99900,99900,110
2026-08-24T02:12:55Z,153219,19990100,19990100,10
2026-08-24T02:12:55Z,153251,49999800,49999900,95
2026-08-24T02:12:55Z,153430,19500,49500,108
2026-08-24T02:12:55Z,153431,74400,82200,98
2026-08-24T02:12:55Z,153434,59900,59900,72
2026-08-24T02:12:55Z,153435,24500,24500,46
2026-08-24T02:12:55Z,153437,86000,86000,310
2026-08-24T02:12:55Z,153438,10000,10000,216
2026-08-24T02:12:55Z,153439,15000,15000,104
2026-08-24T02:12:55Z,153440,8000,8000,139
2026-08-24T02:12:55Z,153441,30000,30000,184
2026-08-24T02:12:55Z,153442,27000,27000,239
2026-08-24T02:12:55Z,153443,1000000,1250000,95
2026-08-24T02:12:55Z,153444,2014200,2014200,121
2026-08-24T02:12:55Z,153445,330000,2014600,114
2026-08-24T02:12:55Z,153476,1132400,1132400,291
2026-08-24T02:12:55Z,153478,1132400,1132400,814
2026-08-24T02:12:55Z,153479,50000,50000,122
2026-08-24T02:12:55Z,153480,399900,500000,463
2026-08-24T02:12:55Z,153487,2100,2500,493
2026-08-24T02:12:55Z,153490,3100,15100,1058
2026-08-24T02:12:55Z,153494,150000,150000,177
2026-08-24T02:12:55Z,153510,1204600,1204600,1058
2026-08-24T02:12:55Z,153512,297300,297400,353
2026-08-24T02:12:55Z,153566,9903800,9903800,75
2026-08-24T02:12:55Z,153567,9903800,9903800,83
2026-08-24T02:12:55Z,153568,9903800,9903800,77
2026-08-24T02:12:55Z,153569,9903800,9903800,69
2026-08-24T02:12:55Z,153570,9903800,9903800,94
2026-08-24T02:12:55Z,153597,150000,744700,2259
2026-08-24T02:12:55Z,153602,9950000,9950000,20
2026-08-24T02:12:55Z,153603,96800,96800,12
2026-08-24T02:12:55Z,153604,3009900,10000000,173
2026-08-24T02:12:55Z,153605,136300,136300,26
2026-08-24T02:12:55Z,153606,1547000,1547000,154
2026-08-24T02:12:55Z,153607,88200,88200,20
2026-08-24T02:12:55Z,153608,90000,90000,15
2026-08-24T02:12:55Z,153609,475000,39850000,22
2026-08-24T02:12:55Z,153610,2504400,2506500,25
2026-08-24T02:12:55Z,153611,90400,91100,40
2026-08-24T02:12:55Z,153612,1480900,3119900,219
2026-08-24T02:12:55Z,153613,7000500,8108800,63
2026-08-24T02:12:55Z,153614,490000,32676100,19
2026-08-24T02:12:55Z,153615,2195000,2195000,15
2026-08-24T02:12:55Z,153616,188100,188100,12
2026-08-24T02:12:55Z,153617,5005700,14005700,14
2026-08-24T02:12:55Z,153618,5001900,39991900,210
2026-08-24T02:12:55Z,153619,352800,352800,22
2026-08-24T02:12:55Z,153620,195600,3115600,57
2026-08-24T02:12:55Z,153621,191900,191900,28
2026-08-24T02:12:55Z,153622,179700,179700,20
2026-08-24T02:12:55Z,153623,170000,2500000,113
2026-08-24T02:12:55Z,153624,92500,92500,34
2026-08-24T02:12:55Z,153625,182700,182700,26
2026-08-24T02:12:55Z,153626,190700,190700,26
2026-08-24T02:12:55Z,153627,142100,142100,34
2026-08-24T02:12:55Z,153628,495000,9990000,33
2026-08-24T02:12:55Z,153629,99400,99400,51
2026-08-24T02:12:55Z,153630,836100,836100,51
2026-08-24T02:12:55Z,153631,256400,9999900,46
2026-08-24T02:12:55Z,153632,192500,9990000,46
2026-08-24T02:12:55Z,153633,1385900,1386000,283
2026-08-24T02:12:55Z,153634,45700,245700,31
2026-08-24T02:12:55Z,153635,9400,9400,40418
2026-08-24T02:12:55Z,153636,355000,355000,3459
2026-08-24T02:12:55Z,153646,9909000,9909500,25
2026-08-24T02:12:55Z,153647,440000,9900000,106
2026-08-24T02:12:55Z,153661,304800,304800,42
2026-08-24T02:12:55Z,153662,149600,149600,54
2026-08-24T02:12:55Z,153663,474900,475000,40
2026-08-24T02:12:55Z,153664,1394600,1394600,25
2026-08-24T02:12:55Z,153665,1614900,1899800,50
2026-08-24T02:12:55Z,153666,552500,2699900,116
2026-08-24T02:12:55Z,153667,1999900,4999900,170
2026-08-24T02:12:55Z,153668,199800,1499900,900
2026-08-24T02:12:55Z,153669,2900,2900,7759
2026-08-24T02:12:55Z,153673,1000000,4999900,207
2026-08-24T02:12:55Z,153700,29800,29800,444
2026-08-24T02:12:55Z,153701,24900,25000,343
2026-08-24T02:12:55Z,153702,25000,25000,459
2026-08-24T02:12:55Z,153703,24900,25000,148
2026-08-24T02:12:55Z,153704,32600,32700,507
2026-08-24T02:12:55Z,153705,1509900,19009900,597
2026-08-24T02:12:55Z,153706,109900,109900,1227
2026-08-24T02:12:55Z,153707,459700,459700,63
2026-08-24T02:12:55Z,153708,537900,537900,121
2026-08-24T02:12:55Z,153709,396700,396700,103
2026-08-24T02:12:55Z,153710,49800,49800,273
2026-08-24T02:12:55Z,153711,39800,39900,152
2026-08-24T02:12:55Z,153712,29900,29900,92
2026-08-24T02:12:55Z,153713,33500,40600,40
2026-08-24T02:12:55Z,153714,104900,105000,333
2026-08-24T02:12:55Z,153715,146900,147000,366
2026-08-24T02:12:55Z,154120,74000,74000,504
2026-08-24T02:12:55Z,154121,48800,52500,1240
2026-08-24T02:12:55Z,154122,80000,80000,140
2026-08-24T02:12:55Z,154123,326700,326700,1004
2026-08-24T02:12:55Z,154124,48000,48000,721
2026-08-24T02:12:55Z,154125,65700,65700,292
2026-08-24T02:12:55Z,154126,69900,69900,45
2026-08-24T02:12:55Z,154127,151900,152000,143
2026-08-24T02:12:55Z,154128,69800,69900,414
2026-08-24T02:12:55Z,154129,116500,116600,395
2026-08-24T02:12:55Z,154131,9970500,9970500,30
2026-08-24T02:12:55Z,154132,9908800,9908800,45
2026-08-24T02:12:55Z,154133,9905000,9905000,25
2026-08-24T02:12:55Z,154164,14800,14900,215193
2026-08-24T02:12:55Z,154165,300,400,153836
2026-08-24T02:12:55Z,154166,283600,283600,335
2026-08-24T02:12:55Z,154167,37800,37800,306
2026-08-24T02:12:55Z,154168,3774800,3775200,151
2026-08-24T02:12:55Z,154169,257900,259300,1025
2026-08-24T02:12:55Z,154705,259000,9849700,21
2026-08-24T02:12:55Z,154706,108300,108400,332
2026-08-24T02:12:55Z,154707,227100,227100,434
2026-08-24T02:12:55Z,154722,900,1300,206330
2026-08-24T02:12:55Z,154881,39500,39500,123
2026-08-24T02:12:55Z,154882,8500,35000,1087
2026-08-24T02:12:55Z,154883,20000,20000,557
2026-08-24T02:12:55Z,154884,1300,1300,455
2026-08-24T02:12:55Z,154885,33300,33300,187
2026-08-24T02:12:55Z,154886,52200,52200,498
2026-08-24T02:12:55Z,154887,68800,68800,521
2026-08-24T02:12:55Z,154888,1300,1300,148
2026-08-24T02:12:55Z,154889,9800,9800,314
2026-08-24T02:12:55Z,154891,7500,7500,2502
2026-08-24T02:12:55Z,154897,600,700,15687
2026-08-24T02:12:55Z,154898,600,700,2686
2026-08-24T02:12:55Z,154899,700,700,12131
2026-08-24T02:12:55Z,154989,4099800,4099900,1282
2026-08-24T02:12:55Z,154990,2209800,2289900,548
2026-08-24T02:12:55Z,155593,46900,46900,50
2026-08-24T02:12:55Z,155598,5300,5400,85
2026-08-24T02:12:55Z,155600,299008100,299008100,1
2026-08-24T02:12:55Z,155601,3600,3600,124
2026-08-24T02:12:55Z,155603,4500,4500,109
2026-08-24T02:12:55Z,155605,980000,989900,80
2026-08-24T02:12:55Z,155607,290008100,290008100,2
2026-08-24T02:12:55Z,155608,3200,3200,160
2026-08-24T02:12:55Z,155609,3900,3900,99
2026-08-24T02:12:55Z,155610,237100,237100,104
2026-08-24T02:12:55Z,155615,3800,3800,279
2026-08-24T02:12:55Z,155618,4000,4000,396
2026-08-24T02:12:55Z,155620,290008100,290008100,1
2026-08-24T02:12:55Z,155629,3300,3300,357
2026-08-24T02:12:55Z,155631,3900,3900,119
2026-08-24T02:12:55Z,155635,3400,3400,78
2026-08-24T02:12:55Z,155636,9400,9400,102
2026-08-24T02:12:55Z,155649,1500000,1500000,3
2026-08-24T02:12:55Z,155810,2900000,2900000,2
2026-08-24T02:12:55Z,155811,59700,59700,68
2026-08-24T02:12:55Z,155812,59800,59800,171
2026-08-24T02:12:55Z,155813,59200,179200,160
2026-08-24T02:12:55Z,155814,52600,52700,49
2026-08-24T02:12:55Z,155907,103100,103100,65
2026-08-24T02:12:55Z,155909,9904600,9904600,45
2026-08-24T02:12:55Z,155910,500000,500000,63
2026-08-24T02:12:55Z,156525,177800,177800,215
2026-08-24T02:12:55Z,156526,42500,42500,186
2026-08-24T02:12:55Z,156624,25859900,25859900,16
2026-08-24T02:12:55Z,156627,99991500,99991500,3
2026-08-24T02:12:55Z,156646,1500005100,1500005100,1
2026-08-24T02:12:55Z,156872,7808000,9760000,41
2026-08-24T02:12:55Z,156873,323400,9903400,40
2026-08-24T02:12:55Z,156930,8500,35100,7109
2026-08-24T02:12:55Z,157798,25000000,25000000,29
2026-08-24T02:12:55Z,157842,50000,99700,216
2026-08-24T02:12:55Z,157844,3500,3500,210
2026-08-24T02:12:55Z,158186,1300,1500,4292
2026-08-24T02:12:55Z,158187,13400,13400,39356
2026-08-24T02:12:55Z,158188,360300,363900,6072
2026-08-24T02:12:55Z,158189,8900,8900,9003
2026-08-24T02:12:55Z,158201,39700,1999900,1189
2026-08-24T02:12:55Z,158202,387000,387000,994
2026-08-24T02:12:55Z,158203,20000,30000,132
2026-08-24T02:12:55Z,158204,103300,3699900,523
2026-08-24T02:12:55Z,158205,3900,5000,17836
2026-08-24T02:12:55Z,158210,3200,3200,155
2026-08-24T02:12:55Z,158212,900000,3000000,15
2026-08-24T02:12:55Z,158327,386400,15000000,123
2026-08-24T02:12:55Z,158377,55400,55400,144
2026-08-24T02:12:55Z,158378,2900,3000,18119
2026-08-24T02:12:55Z,158379,1300,1500,978
2026-08-24T02:12:55Z,158380,200000,252000,278
2026-08-24T02:12:55Z,158381,7200,7200,298
2026-08-24T02:12:55Z,158382,19500,24300,203
2026-08-24T02:12:55Z,158466,9997000,9997000,62
2026-08-24T02:12:55Z,158736,290008900,290008900,1
2026-08-24T02:12:55Z,158740,220000,220000,41
2026-08-24T02:12:55Z,158743,1508800,1508800,3
2026-08-24T02:12:55Z,158744,290007800,290007800,1
2026-08-24T02:12:55Z,158745,11500,11500,111
2026-08-24T02:12:55Z,158746,49003300,49003300,21
2026-08-24T02:12:55Z,158747,8009900,9080000,34
2026-08-24T02:12:55Z,158749,290002200,290002200,1
2026-08-24T02:12:55Z,158750,49007300,49007300,26
2026-08-24T02:12:55Z,158751,3900,3900,349
2026-08-24T02:12:55Z,158752,188800,188800,41
2026-08-24T02:12:55Z,158754,103249600,103249600,3
2026-08-24T02:12:55Z,158756,3309800,3309800,5
2026-08-24T02:12:55Z,158757,290001100,290001100,3
2026-08-24T02:12:55Z,158758,290000300,290000300,1
2026-08-24T02:12:55Z,158759,44999900,44999900,8
2026-08-24T02:12:55Z,158760,366000,366800,43
2026-08-24T02:12:55Z,158765,9509900,9509900,11
2026-08-24T02:12:55Z,158769,290008100,290008100,1
2026-08-24T02:12:55Z,158770,20009200,20009200,7
2026-08-24T02:12:55Z,158771,3100,3100,112
2026-08-24T02:12:55Z,158773,34000,34000,123
2026-08-24T02:12:55Z,158775,8500,8600,105
2026-08-24T02:12:55Z,158777,190006100,190006100,15
2026-08-24T02:12:55Z,158778,352000,353000,49
2026-08-24T02:12:55Z,158779,290000600,290000600,1
2026-08-24T02:12:55Z,158781,290001000,290001000,2
2026-08-24T02:12:55Z,158783,290000700,290000700,1
2026-08-24T02:12:55Z,158788,290004200,290004200,1
2026-08-24T02:12:55Z,158789,290005400,290005400,1
2026-08-24T02:12:55Z,158790,233800,233800,2
2026-08-24T02:12:55Z,158792,278399500,278399500,2
2026-08-24T02:12:55Z,158794,290000800,290000800,2
2026-08-24T02:12:55Z,158795,49002200,49002200,27
2026-08-24T02:12:55Z,158796,250004000,250004000,2
2026-08-24T02:12:55Z,158797,290003600,290003600,1
2026-08-24T02:12:55Z,158801,270000400,270000400,3
2026-08-24T02:12:55Z,158805,290008100,290008100,2
2026-08-24T02:12:55Z,158806,52600,52700,41
2026-08-24T02:12:55Z,158808,20000,20000,45
2026-08-24T02:12:55Z,158810,290009900,290009900,1
2026-08-24T02:12:55Z,158811,1000000,1000000,31
2026-08-24T02:12:55Z,158813,61700,49001700,22
2026-08-24T02:12:55Z,158815,290001800,290001800,1
2026-08-24T02:12:55Z,158817,290008100,290008100,2
2026-08-24T02:12:55Z,158818,290008700,290008700,4
2026-08-24T02:12:55Z,158819,2999900,2999900,5
2026-08-24T02:12:55Z,158820,290007700,290007700,3
2026-08-24T02:12:55Z,158821,19900,19900,31
2026-08-24T02:12:55Z,158822,290003000,290003000,1
2026-08-24T02:12:55Z,158823,49003000,49003000,10
2026-08-24T02:12:55Z,158826,290006900,290006900,2
2026-08-24T02:12:55Z,158828,14009900,15879900,24
2026-08-24T02:12:55Z,158830,440000,800000,8
2026-08-24T02:12:55Z,158831,18900,18900,67
2026-08-24T02:12:55Z,158832,10001900,10001900,2
2026-08-24T02:12:55Z,158834,40000,40000,44
2026-08-24T02:12:55Z,158836,1509000,1509000,4
2026-08-24T02:12:55Z,158838,99999900,139999900,8
2026-08-24T02:12:55Z,158839,7400,7400,59
2026-08-24T02:12:55Z,158840,290001000,290001000,2
2026-08-24T02:12:55Z,158842,990003100,990003100,1
2026-08-24T02:12:55Z,158844,290002200,290002200,3
2026-08-24T02:12:55Z,158848,49000000,49000000,20
2026-08-24T02:12:55Z,158849,4005700,4005700,5
2026-08-24T02:12:55Z,158850,200001200,200001200,6
2026-08-24T02:12:55Z,158851,1000000,1000000,2
2026-08-24T02:12:55Z,158853,290001700,290001700,1
2026-08-24T02:12:55Z,158855,146300,146300,7
2026-08-24T02:12:55Z,158856,49005100,49005100,20
2026-08-24T02:12:55Z,158857,10000800,10000800,4
2026-08-24T02:12:55Z,158858,9992600,9992600,4
2026-08-24T02:12:55Z,158859,11000,11000,288
2026-08-24T02:12:55Z,158860,99800,99800,44
2026-08-24T02:12:55Z,158861,59900,699900,41
2026-08-24T02:12:55Z,158862,14700,14700,149
2026-08-24T02:12:55Z,158863,11900,11900,115
2026-08-24T02:12:55Z,158864,13800,13800,44
2026-08-24T02:12:55Z,158865,16300,16300,91
2026-08-24T02:12:55Z,158866,299900,300000,48
2026-08-24T02:12:55Z,158867,18000,18000,106
2026-08-24T02:12:55Z,158868,28400,28400,31
2026-08-24T02:12:55Z,158869,286600,286600,31
2026-08-24T02:12:55Z,158870,6100,6100,175
2026-08-24T02:12:55Z,158871,7087700,7087700,4
2026-08-24T02:12:55Z,158872,49006000,49006000,21
2026-08-24T02:12:55Z,158873,1500000,1500000,10
2026-08-24T02:12:55Z,158874,17500,17500,45
2026-08-24T02:12:55Z,158926,9882800,9882900,35
2026-08-24T02:12:55Z,158927,190000,190000,204
2026-08-24T02:12:55Z,158936,49003000,49003000,21
2026-08-24T02:12:55Z,159140,60000,60000,45
2026-08-24T02:12:55Z,159145,290000600,290000600,1
2026-08-24T02:12:55Z,159464,75800,75800,83
2026-08-24T02:12:55Z,159466,280000,280000,80
2026-08-24T02:12:55Z,159467,170000,170000,80
2026-08-24T02:12:55Z,159468,189900,189900,79
2026-08-24T02:12:55Z,159471,9500,9500,121
2026-08-24T02:12:55Z,159750,9890000,9890000,25
2026-08-24T02:12:55Z,159756,2490000,2499900,24
2026-08-24T02:12:55Z,159785,61500,61500,360
2026-08-24T02:12:55Z,159786,451000,1424100,175
2026-08-24T02:12:55Z,159787,826000,1424100,272
2026-08-24T02:12:55Z,159788,999700,1424500,241
2026-08-24T02:12:55Z,159789,750000,750000,352
2026-08-24T02:12:55Z,159791,176400,176400,7
2026-08-24T02:12:55Z,159792,19400,19400,79
2026-08-24T02:12:55Z,159825,50000,50000,1381
2026-08-24T02:12:55Z,159826,126400,126500,418
2026-08-24T02:12:55Z,159827,40000,199900,1413
2026-08-24T02:12:55Z,159845,25200,25200,326
2026-08-24T02:12:55Z,159846,150900,151000,217
2026-08-24T02:12:55Z,159847,20900,221900,181
2026-08-24T02:12:55Z,159848,665900,666000,58
2026-08-24T02:12:55Z,159849,29900,29900,223
2026-08-24T02:12:55Z,159850,149900,149900,71
2026-08-24T02:12:55Z,159867,18300,18300,225
2026-08-24T02:12:55Z,159868,668400,668400,90
2026-08-24T02:12:55Z,159869,770000,770000,65
2026-08-24T02:12:55Z,159870,330000,330000,70
2026-08-24T02:12:55Z,159871,550000,550000,65
2026-08-24T02:12:55Z,159872,5000000,5000000,40
2026-08-24T02:12:55Z,159873,10000,10000,104
2026-08-24T02:12:55Z,159874,40000,40000,70
2026-08-24T02:12:55Z,159875,440000,440000,80
2026-08-24T02:12:55Z,159876,980000,990000,97
2026-08-24T02:12:55Z,159878,651000,651000,89
2026-08-24T02:12:55Z,159879,9969700,9969700,40
2026-08-24T02:12:55Z,159897,670000,670000,68
2026-08-24T02:12:55Z,159898,330000,330000,65
2026-08-24T02:12:55Z,159899,44900,9890000,50
2026-08-24T02:12:55Z,159900,9900000,9900000,45
2026-08-24T02:12:55Z,159919,30700,120700,53
2026-08-24T02:12:55Z,159920,25000,9975000,41
2026-08-24T02:12:55Z,159959,5700,5700,12186
2026-08-24T02:12:55Z,160053,159900,159900,440
2026-08-24T02:12:55Z,160059,1400,1400,7126
2026-08-24T02:12:55Z,160092,10000,10000,67
2026-08-24T02:12:55Z,160298,800,1000,9281
2026-08-24T02:12:55Z,160328,25999900,25999900,2
2026-08-24T02:12:55Z,160330,199898600,199898600,1
2026-08-24T02:12:55Z,160398,9900,10000,11153
2026-08-24T02:12:55Z,160399,2400,2400,17354
2026-08-24T02:12:55Z,160400,9100,9100,11933
2026-08-24T02:12:55Z,160483,2100,2100,82
2026-08-24T02:12:55Z,160484,79800,79800,325
2026-08-24T02:12:55Z,160502,6300,6300,4994
2026-08-24T02:12:55Z,160518,99700,99700,54
2026-08-24T02:12:55Z,160551,290000100,290000100,1
2026-08-24T02:12:55Z,160554,860000,860000,55
2026-08-24T02:12:55Z,160560,9990100,25850100,34
2026-08-24T02:12:55Z,160579,990000100,990000100,1
2026-08-24T02:12:55Z,160581,290000100,290000100,1
2026-08-24T02:12:55Z,160582,1500000100,1500000100,2
2026-08-24T02:12:55Z,160611,9870100,9870100,30
2026-08-24T02:12:55Z,160705,9900,9900,13986
2026-08-24T02:12:55Z,160709,3200,3300,27854
2026-08-24T02:12:55Z,160710,2900,2900,11634
2026-08-24T02:12:55Z,160711,7200,10000,10407
2026-08-24T02:12:55Z,160712,1700,1700,3878
2026-08-24T02:12:55Z,160942,197621100,197621100,1
2026-08-24T02:12:55Z,160989,42200,42200,60
2026-08-24T02:12:55Z,161053,2700,2700,502
2026-08-24T02:12:55Z,161126,670000,670000,69
2026-08-24T02:12:55Z,161127,541900,541900,50
2026-08-24T02:12:55Z,161128,46000,46000,378
2026-08-24T02:12:55Z,161153,18700,18700,149
2026-08-24T02:12:55Z,161314,550000,550000,72
2026-08-24T02:12:55Z,161344,82490000,98779500,221
2026-08-24T02:12:55Z,161346,49600,9969600,50
2026-08-24T02:12:55Z,161347,890000,890000,48
2026-08-24T02:12:55Z,161348,9989300,9989300,34
2026-08-24T02:12:55Z,161373,9900,9900,96
2026-08-24T02:12:55Z,161383,9947000,9947000,43
2026-08-24T02:12:55Z,161384,9909900,9909900,38
2026-08-24T02:12:55Z,162010,55550000,55550000,77
2026-08-24T02:12:55Z,162011,1999500,1999500,124
2026-08-24T02:12:55Z,162012,109400,109400,366
2026-08-24T02:12:55Z,162022,2199900,2699900,720
2026-08-24T02:12:55Z,162026,103800,103800,218
2026-08-24T02:12:55Z,162027,2499700,2899900,680
2026-08-24T02:12:55Z,162029,2693000,2693000,40
2026-08-24T02:12:55Z,162107,9500000000,9500000000,1
2026-08-24T02:12:55Z,162111,6185107500,6185107500,2
2026-08-24T02:12:55Z,162116,15000000000,15000000000,2
2026-08-24T02:12:55Z,162117,990100,9990100,22
2026-08-24T02:12:55Z,162122,7500001400,7500001400,1
2026-08-24T02:12:55Z,162515,3800,4400,49536
2026-08-24T02:12:55Z,162516,499900,689400,186
2026-08-24T02:12:55Z,162517,226900,990000,485
2026-08-24T02:12:55Z,162545,550000,9900000,79
2026-08-24T02:12:55Z,162546,9889800,9889800,40
2026-08-24T02:12:55Z,162547,9969900,9969900,20
2026-08-24T02:12:55Z,162550,9890600,9890600,29
2026-08-24T02:12:55Z,162551,450000,9950000,41
2026-08-24T02:12:55Z,162552,702500,702500,40
2026-08-24T02:12:55Z,162554,9850000,9850000,45
2026-08-24T02:12:55Z,162555,4800,5000,5551
2026-08-24T02:12:55Z,162556,890000,890000,46
2026-08-24T02:12:55Z,162557,29200,29200,64
2026-08-24T02:12:55Z,162558,995700,9855700,45
2026-08-24T02:12:55Z,162559,19800,19800,88
2026-08-24T02:12:55Z,162560,202300,202400,82
2026-08-24T02:12:55Z,162561,46000,46500,63
2026-08-24T02:12:55Z,162562,9959800,9959800,25
2026-08-24T02:12:55Z,162563,9991800,9991800,25
2026-08-24T02:12:55Z,162564,9849900,9849900,24
2026-08-24T02:12:55Z,162565,9890000,9890000,22
2026-08-24T02:12:55Z,162566,9900000,9900000,35
2026-08-24T02:12:55Z,162567,9900000,9900000,22
2026-08-24T02:12:55Z,162568,9974800,9974800,20
2026-08-24T02:12:55Z,162569,9904500,9904500,45
2026-08-24T02:12:55Z,162570,9957700,9957700,30
2026-08-24T02:12:55Z,162572,9890500,9890500,31
2026-08-24T02:12:55Z,162573,299900,9897200,34
2026-08-24T02:12:55Z,162574,900000,900000,43
2026-08-24T02:12:55Z,162575,700000,700000,40
2026-08-24T02:12:55Z,162582,321800,9971800,34
2026-08-24T02:12:55Z,162583,9949900,9949900,35
2026-08-24T02:12:55Z,162651,140000000,140000000,6
2026-08-24T02:12:55Z,162659,140000000,140000000,3
2026-08-24T02:12:55Z,162660,140000000,140000000,2
2026-08-24T02:12:55Z,162661,140000000,140000000,5
2026-08-24T02:12:55Z,162662,140000000,140000000,2
2026-08-24T02:12:55Z,162663,39990000,49000000,21
2026-08-24T02:12:55Z,162664,100007800,100007800,2
2026-08-24T02:12:55Z,162666,990001200,990001200,1
2026-08-24T02:12:55Z,162671,140000000,140000000,3
2026-08-24T02:12:55Z,162674,45007900,49007900,14
2026-08-24T02:12:55Z,162676,140000000,140000000,2
2026-08-24T02:12:55Z,162677,53145700,100000000,7
2026-08-24T02:12:55Z,162678,140000000,140000000,3
2026-08-24T02:12:55Z,162679,140000000,140000000,3
2026-08-24T02:12:55Z,162680,140000000,140000000,2
2026-08-24T02:12:55Z,162681,5238800,5238800,4
2026-08-24T02:12:55Z,162682,140000000,140000000,5
2026-08-24T02:12:55Z,162981,3909900,3909900,200
2026-08-24T02:12:55Z,162982,1000000,1000000,28
2026-08-24T02:12:55Z,163018,43200,43200,190
2026-08-24T02:12:55Z,163019,19100,19100,95
2026-08-24T02:12:55Z,163049,440000,440000,69
2026-08-24T02:12:55Z,163050,9900000,9900000,45
2026-08-24T02:12:55Z,163051,59800,59900,88
2026-08-24T02:12:55Z,163052,20000,20000,86
2026-08-24T02:12:55Z,163053,29700,29800,105
2026-08-24T02:12:55Z,163054,539900,540000,70
2026-08-24T02:12:55Z,163056,780000,780000,49
2026-08-24T02:12:55Z,163057,9997500,9997500,20
2026-08-24T02:12:55Z,163058,9990000,9990000,45
2026-08-24T02:12:55Z,163060,659900,660000,83
2026-08-24T02:12:55Z,163061,7483000,7483000,30
2026-08-24T02:12:55Z,163075,19900,9954800,49
2026-08-24T02:12:55Z,163076,80500,80500,93
2026-08-24T02:12:55Z,163077,49900,49900,110
2026-08-24T02:12:55Z,163082,400,400,1501
2026-08-24T02:12:55Z,163083,9969800,9969800,45
2026-08-24T02:12:55Z,163094,404800,404900,154
2026-08-24T02:12:55Z,163098,102500,9900000,54
2026-08-24T02:12:55Z,163100,7275100,7275100,55
2026-08-24T02:12:55Z,163101,9903200,9903200,45
2026-08-24T02:12:55Z,163102,9900000,9900000,50
2026-08-24T02:12:55Z,163103,48900,49000,94
2026-08-24T02:12:55Z,163104,9904000,9904000,33
2026-08-24T02:12:55Z,163105,9900000,9900000,40
2026-08-24T02:12:55Z,163106,9970000,9970000,40
2026-08-24T02:12:55Z,163107,50000,50000,56
2026-08-24T02:12:55Z,163109,6885800,6885800,55
2026-08-24T02:12:55Z,163110,91300,91300,319
2026-08-24T02:12:55Z,163115,7575800,9900000,64
2026-08-24T02:12:55Z,163117,203000,203000,29
2026-08-24T02:12:55Z,163118,9901900,9901900,34
2026-08-24T02:12:55Z,163132,700500,700500,74
2026-08-24T02:12:55Z,163133,240000,240000,128
2026-08-24T02:12:55Z,163134,9969700,9969700,25
2026-08-24T02:12:55Z,163135,9890000,9890000,25
2026-08-24T02:12:55Z,163136,860000,870000,38
2026-08-24T02:12:55Z,163137,6500000,9896400,35
2026-08-24T02:12:55Z,163138,1992400,1992400,48
2026-08-24T02:12:55Z,163140,30000,30000,37
2026-08-24T02:12:55Z,163143,300000,300000,42
2026-08-24T02:12:55Z,163145,1500000,9970000,33
2026-08-24T02:12:55Z,163147,1500000,9900000,37
2026-08-24T02:12:55Z,163149,19700,29700,71
2026-08-24T02:12:55Z,163150,600000,600000,331
2026-08-24T02:12:55Z,163151,1500000,9800000,33
2026-08-24T02:12:55Z,163152,30000,30000,50
2026-08-24T02:12:55Z,163153,415800,415800,47
2026-08-24T02:12:55Z,163154,250000,250000,69
2026-08-24T02:12:55Z,163155,420000,420000,38
2026-08-24T02:12:55Z,163156,650000,650000,38
2026-08-24T02:12:55Z,163157,990000,9899300,32
2026-08-24T02:12:55Z,163158,9000,9000,46
2026-08-24T02:12:55Z,163159,9890000,9890000,30
2026-08-24T02:12:55Z,163160,9849500,9849500,25
2026-08-24T02:12:55Z,163187,9969700,9969700,25
2026-08-24T02:12:55Z,163192,1509900,9799900,58
2026-08-24T02:12:55Z,163202,9944800,9944800,29
2026-08-24T02:12:55Z,163207,97400,99000,53
2026-08-24T02:12:55Z,163208,399500,399500,57
2026-08-24T02:12:55Z,163222,4000,4000,965
2026-08-24T02:12:55Z,163223,30000,70000,218
2026-08-24T02:12:55Z,163224,7500,7500,434
2026-08-24T02:12:55Z,163225,3500,7400,370
2026-08-24T02:12:55Z,163387,9970500,9970500,50
2026-08-24T02:12:55Z,163388,9000,9000,139
2026-08-24T02:12:55Z,163391,5900,5900,88
2026-08-24T02:12:55Z,163395,990000,990000,36
2026-08-24T02:12:55Z,163399,6500000,9903200,45
2026-08-24T02:12:55Z,163407,1981500,1981500,30
2026-08-24T02:12:55Z,163411,900000,900000,40
2026-08-24T02:12:55Z,163417,9948900,9948900,21
2026-08-24T02:12:55Z,163522,313900,313900,130
2026-08-24T02:12:55Z,163548,198700,198800,47
2026-08-24T02:12:55Z,163549,194700,194700,161
2026-08-24T02:12:55Z,163558,1000000,1000000,325
2026-08-24T02:12:55Z,163563,5000000,5000000,41
2026-08-24T02:12:55Z,163569,200,200,643335
2026-08-24T02:12:55Z,163580,7500000,7500000,3
2026-08-24T02:12:55Z,163581,5009700,5009700,8
2026-08-24T02:12:55Z,163606,1424900,1424900,1
2026-08-24T02:12:55Z,163637,407000,407100,120
2026-08-24T02:12:55Z,163638,164400,164500,83
2026-08-24T02:12:55Z,163639,1898800,1898800,34
2026-08-24T02:12:55Z,163640,229500,229600,109
2026-08-24T02:12:55Z,163641,449500,449600,128
2026-08-24T02:12:55Z,163642,499500,499600,92
2026-08-24T02:12:55Z,163643,1119700,1119800,69
2026-08-24T02:12:55Z,163651,9799900,9799900,67
2026-08-24T02:12:55Z,163685,290001100,290001100,1
2026-08-24T02:12:55Z,163686,290001900,290001900,1
2026-08-24T02:12:55Z,163687,290000100,290000100,1
2026-08-24T02:12:55Z,163688,290001800,290001800,1
2026-08-24T02:12:55Z,163691,5800,149900,447
2026-08-24T02:12:55Z,163692,280000,280000,300
2026-08-24T02:12:55Z,163695,57900,58000,1010
2026-08-24T02:12:55Z,163698,20000,32200,124
2026-08-24T02:12:55Z,163700,19300,990000,219
2026-08-24T02:12:55Z,163701,12300,889900,293
2026-08-24T02:12:55Z,163707,120000,120000,632
2026-08-24T02:12:55Z,163709,39901900,39901900,15
2026-08-24T02:12:55Z,163781,87200,87300,772
2026-08-24T02:12:55Z,163782,319800,319800,712
2026-08-24T02:12:55Z,163783,9900300,9900300,45
2026-08-24T02:12:55Z,163784,49700,279800,227
2026-08-24T02:12:55Z,163785,9950400,9950400,25
2026-08-24T02:12:55Z,163786,10400,10400,51
2026-08-24T02:12:55Z,163841,9000,9000,79
2026-08-24T02:12:55Z,163842,49003300,49003300,22
2026-08-24T02:12:55Z,163843,49003000,49003000,10
2026-08-24T02:12:55Z,163844,49003000,49003000,12
2026-08-24T02:12:55Z,163855,249000,49009000,21
2026-08-24T02:12:55Z,163896,49003300,49003300,20
2026-08-24T02:12:55Z,163897,153300,153300,78
2026-08-24T02:12:55Z,163898,290003300,290003300,1
2026-08-24T02:12:55Z,163899,49003300,49003300,18
2026-08-24T02:12:55Z,163900,49003300,49003300,20
2026-08-24T02:12:55Z,163901,9903300,9903300,80
2026-08-24T02:12:55Z,163902,49003300,49003300,19
2026-08-24T02:12:55Z,163903,49003300,49003300,20
2026-08-24T02:12:55Z,163904,49003300,49003300,20
2026-08-24T02:12:55Z,163906,4999900,4999900,74
2026-08-24T02:12:55Z,163907,290003300,290003300,1
2026-08-24T02:12:55Z,163908,49003300,49003300,13
2026-08-24T02:12:55Z,163910,49003300,49003300,20
2026-08-24T02:12:55Z,163911,49003300,49003300,17
2026-08-24T02:12:55Z,163912,49003300,49003300,20
2026-08-24T02:12:55Z,163913,290003300,290003300,1
2026-08-24T02:12:55Z,163914,49008200,49008200,22
2026-08-24T02:12:55Z,163915,4909900,4909900,79
2026-08-24T02:12:55Z,163917,49003300,49003300,20
2026-08-24T02:12:55Z,163918,19989000,19989000,33
2026-08-24T02:12:55Z,163919,49003300,49003300,20
2026-08-24T02:12:55Z,163920,49003300,49003300,20
2026-08-24T02:12:55Z,163921,9903300,9903300,60
2026-08-24T02:12:55Z,165016,11500,11500,161
2026-08-24T02:12:55Z,165017,14500,14700,339
2026-08-24T02:12:55Z,165692,2899600,3699900,227
2026-08-24T02:12:55Z,165733,8999900,8999900,104
2026-08-24T02:12:55Z,165755,550000,1551100,229
2026-08-24T02:12:55Z,166240,840000,840000,357
2026-08-24T02:12:55Z,166270,213600,900000,829
2026-08-24T02:12:55Z,166288,290001800,290001800,1
2026-08-24T02:12:55Z,166343,35000,35000,878
2026-08-24T02:12:55Z,166344,37500,37500,500
2026-08-24T02:12:55Z,166419,156800,9996800,40
2026-08-24T02:12:55Z,166420,159900,9999900,46
2026-08-24T02:12:55Z,166583,5498800,5498800,43
2026-08-24T02:12:55Z,166664,4003200,4004300,67
2026-08-24T02:12:55Z,166728,290008600,290008600,1
2026-08-24T02:12:55Z,166804,495400,495400,3416
2026-08-24T02:12:55Z,167043,899800,9905400,31
2026-08-24T02:12:55Z,167539,489900,489900,148
2026-08-24T02:12:55Z,167548,9899300,9899300,30
2026-08-24T02:12:55Z,167738,10000,13400,231528
2026-08-24T02:12:55Z,167739,9700000,9700000,45
2026-08-24T02:12:55Z,167861,252600,252600,2040
2026-08-24T02:12:55Z,167862,502500,502500,1439
2026-08-24T02:12:55Z,167933,1500000100,1500000100,1
2026-08-24T02:12:55Z,168006,290000100,290000100,1
2026-08-24T02:12:55Z,168007,290000100,290000100,1
2026-08-24T02:12:55Z,168008,1500000100,1500000100,1
2026-08-24T02:12:55Z,168009,49000100,49000100,20
2026-08-24T02:12:55Z,168019,290001900,290001900,1
2026-08-24T02:12:55Z,168185,125000,141600,8054
2026-08-24T02:12:55Z,168188,840000,840000,485
2026-08-24T02:12:55Z,168189,66600,66900,485
2026-08-24T02:12:55Z,168190,80000,80000,596
2026-08-24T02:12:55Z,168191,257400,260000,495
2026-08-24T02:12:55Z,168192,80000,80000,647
2026-08-24T02:12:55Z,168193,339900,339900,115
2026-08-24T02:12:55Z,168215,47600,49000,36007
2026-08-24T02:12:55Z,168216,295900,972800,36687
2026-08-24T02:12:55Z,168217,90000,90000,128132
2026-08-24T02:12:55Z,168232,28220800,28220800,36
2026-08-24T02:12:55Z,168302,46700,46800,3506
2026-08-24T02:12:55Z,168303,9900,47800,16732
2026-08-24T02:12:55Z,168310,19700,29800,485
2026-08-24T02:12:55Z,168311,190000,190000,601
2026-08-24T02:12:55Z,168312,115000,115000,343
2026-08-24T02:12:55Z,168313,9900,9900,393
2026-08-24T02:12:55Z,168314,130000,140000,323
2026-08-24T02:12:55Z,168315,2995500,2995500,91
2026-08-24T02:12:55Z,168392,9950000,9950000,33
2026-08-24T02:12:55Z,168412,3118300,3157900,739
2026-08-24T02:12:55Z,168417,10240000,10500000,4350
2026-08-24T02:12:55Z,168419,999200,1640000,317
2026-08-24T02:12:55Z,168427,2800000,2842100,105
2026-08-24T02:12:55Z,168446,1440800,1440800,123
2026-08-24T02:12:55Z,168447,1947400,1947400,183
2026-08-24T02:12:55Z,168448,1986800,1986800,232
2026-08-24T02:12:55Z,168449,1554400,1554400,123
2026-08-24T02:12:55Z,168487,63000,69700,47565
2026-08-24T02:12:55Z,168489,1000000,1000000,1726
2026-08-24T02:12:55Z,168498,1000000,1000000,1422
2026-08-24T02:12:55Z,168499,987100,987200,161
2026-08-24T02:12:55Z,168500,1000000,1000000,573
2026-08-24T02:12:55Z,168501,961800,961800,390
2026-08-24T02:12:55Z,168506,55100,55100,131
2026-08-24T02:12:55Z,168529,498400,1008900,609
2026-08-24T02:12:55Z,168583,72400,72400,55068
2026-08-24T02:12:55Z,168586,52800,59300,167698
2026-08-24T02:12:55Z,168589,72000,74000,56472
2026-08-24T02:12:55Z,168592,1607200,1607200,76
2026-08-24T02:12:55Z,168593,2248600,2248600,176
2026-08-24T02:12:55Z,168596,3243700,3243800,136
2026-08-24T02:12:55Z,168598,2976300,2976800,167
2026-08-24T02:12:55Z,168624,503300,503300,126
2026-08-24T02:12:55Z,168635,1450000,1499900,206
2026-08-24T02:12:55Z,168636,2748100,2748200,54
2026-08-24T02:12:55Z,168637,1999700,2506400,83
2026-08-24T02:12:55Z,168638,2786200,2786200,67
2026-08-24T02:12:55Z,168639,190000,429000,384
2026-08-24T02:12:55Z,168640,435000,435000,82
2026-08-24T02:12:55Z,168641,353800,353800,105
2026-08-24T02:12:55Z,168642,339800,339800,36
2026-08-24T02:12:55Z,168645,2300,2300,15970
2026-08-24T02:12:55Z,168646,29900,32000,1445
2026-08-24T02:12:55Z,168649,110700,110800,21168
2026-08-24T02:12:55Z,168650,1800,10600,21059
2026-08-24T02:12:55Z,168651,1960000,1960000,512
2026-08-24T02:12:55Z,168652,990000,990000,233
2026-08-24T02:12:55Z,168653,1109900,1289900,347
2026-08-24T02:12:55Z,168654,1709800,2089800,763
2026-08-24T02:12:55Z,168662,90100,90100,3261
2026-08-24T02:12:55Z,168663,65000,65000,5577
2026-08-24T02:12:55Z,168755,49004600,49004600,19
2026-08-24T02:12:55Z,168786,799800,799800,18
2026-08-24T02:12:55Z,168788,350000,350000,13
2026-08-24T02:12:55Z,168789,300000,1094400,26
2026-08-24T02:12:55Z,168790,190000,190000,18
2026-08-24T02:12:55Z,168791,1500000,1500000,29
2026-08-24T02:12:55Z,168792,2009900,49009900,17
2026-08-24T02:12:55Z,168793,9990600,9990600,3
2026-08-24T02:12:55Z,168794,49001200,49001200,15
2026-08-24T02:12:55Z,168795,32600,32600,19
2026-08-24T02:12:55Z,168796,4322000,4322200,27
2026-08-24T02:12:55Z,168797,287000,287000,24
2026-08-24T02:12:55Z,168806,990000,2538900,30
2026-08-24T02:12:55Z,168812,45200,45200,49
2026-08-24T02:12:55Z,168822,189900,250000,76472
2026-08-24T02:12:55Z,168825,449800,489900,8653
2026-08-24T02:12:55Z,168828,1439500,1699400,37681
2026-08-24T02:12:55Z,168956,9890000,9890000,44
2026-08-24T02:12:55Z,168959,1008800,9990000,54
2026-08-24T02:12:55Z,168960,499900,499900,151
2026-08-24T02:12:55Z,169115,860000,860000,63
2026-08-24T02:12:55Z,169116,669100,669200,50
2026-08-24T02:12:55Z,169117,777000,777100,59
2026-08-24T02:12:55Z,169118,869200,869300,70
2026-08-24T02:12:55Z,169119,868600,868700,55
2026-08-24T02:12:55Z,169120,869100,869200,70
2026-08-24T02:12:55Z,169130,9900,9900,268
2026-08-24T02:12:55Z,169132,19000,19000,260
2026-08-24T02:12:55Z,169135,10000,10000,1390
2026-08-24T02:12:55Z,169138,210000,210000,96
2026-08-24T02:12:55Z,169139,49000000,49000000,20
2026-08-24T02:12:55Z,169143,49009700,49009700,21
2026-08-24T02:12:55Z,169145,10000,10000,1940
2026-08-24T02:12:55Z,169146,49009700,49009700,22
2026-08-24T02:12:55Z,169149,760000,49000000,22
2026-08-24T02:12:55Z,169152,990000,990000,42
2026-08-24T02:12:55Z,169220,1886500,1886500,74
2026-08-24T02:12:55Z,169280,247800,247800,82
2026-08-24T02:12:55Z,169296,25850500,25850500,63
2026-08-24T02:12:55Z,169299,20000,20000,518
2026-08-24T02:12:55Z,169300,308900,308900,163
2026-08-24T02:12:55Z,169332,169800,175400,21263
2026-08-24T02:12:55Z,169333,59900,4333600,24813
2026-08-24T02:12:55Z,169334,699800,699800,1771
2026-08-24T02:12:55Z,169445,1450000,1490000,490
2026-08-24T02:12:55Z,169446,9990000,9990000,20
2026-08-24T02:12:55Z,169449,6600,6600,440
2026-08-24T02:12:55Z,169451,9000,17300,11345
2026-08-24T02:12:55Z,169456,350000,350000,287
2026-08-24T02:12:55Z,169660,450000,450000,155
2026-08-24T02:12:55Z,169661,608800,608800,57
2026-08-24T02:12:55Z,169662,458200,458200,116
2026-08-24T02:12:55Z,169663,459300,459300,124
2026-08-24T02:12:55Z,169669,9800000,9800000,129
2026-08-24T02:12:55Z,169673,265100,265100,47
2026-08-24T02:12:55Z,169674,908100,908100,46
2026-08-24T02:12:55Z,169675,450000,450000,39
2026-08-24T02:12:55Z,169697,9990100,9990100,2
2026-08-24T02:12:55Z,169701,52000,52000,21797
2026-08-24T02:12:55Z,169946,9900000,9900000,40
2026-08-24T02:12:55Z,169947,330400,330400,54
2026-08-24T02:12:55Z,169948,870000,870000,55
2026-08-24T02:12:55Z,169949,8800,8800,110
2026-08-24T02:12:55Z,169952,39800,39800,58
2026-08-24T02:12:55Z,169954,88000,88000,70
2026-08-24T02:12:55Z,169956,9972100,9972100,77
2026-08-24T02:12:55Z,170164,7468200,7470700,84
2026-08-24T02:12:55Z,170165,4979900,4979900,89
2026-08-24T02:12:55Z,170168,5535400,5535400,108
2026-08-24T02:12:55Z,170173,9018700,9018700,100
2026-08-24T02:12:55Z,170491,12000100,12000100,44
2026-08-24T02:12:55Z,170554,98200,98300,21503
2026-08-24T02:12:55Z,171195,1900000,1900000,48
2026-08-24T02:12:55Z,171196,237500,237500,281
2026-08-24T02:12:55Z,171203,9979600,9979600,59
2026-08-24T02:12:55Z,171263,9800,9900,424
2026-08-24T02:12:55Z,171264,6500,6600,184
2026-08-24T02:12:55Z,171266,11000,20000,1323
2026-08-24T02:12:55Z,171267,3200,3200,714
2026-08-24T02:12:55Z,171268,25100,25100,662
2026-08-24T02:12:55Z,171269,2600,30800,507
2026-08-24T02:12:55Z,171270,437400,437400,320
2026-08-24T02:12:55Z,171271,66200,73200,366
2026-08-24T02:12:55Z,171272,3300,3300,201
2026-08-24T02:12:55Z,171273,15000,19900,649
2026-08-24T02:12:55Z,171274,41200,43200,135
2026-08-24T02:12:55Z,171275,14500,14500,437
2026-08-24T02:12:55Z,171276,309900,309900,4264
2026-08-24T02:12:55Z,171278,897700,897700,859
2026-08-24T02:12:55Z,171285,11800,11800,1677
2026-08-24T02:12:55Z,171286,73000,73000,1291
2026-08-24T02:12:55Z,171287,60000,69700,1172
2026-08-24T02:12:55Z,171288,19700,19900,1081
2026-08-24T02:12:55Z,171289,119900,184800,764
2026-08-24T02:12:55Z,171290,9900,17000,2785
2026-08-24T02:12:55Z,171291,98700,98700,788
2026-08-24T02:12:55Z,171292,120000,142000,3578
2026-08-24T02:12:55Z,171301,708500,708500,162
2026-08-24T02:12:55Z,171315,95800,101400,20376
2026-08-24T02:12:55Z,171346,290000400,290000400,1
2026-08-24T02:12:55Z,171348,12003500,12003500,8
2026-08-24T02:12:55Z,171349,100000,100000,321
2026-08-24T02:12:55Z,171350,103000,113000,122
2026-08-24T02:12:55Z,171351,22500,24000,184
2026-08-24T02:12:55Z,171352,24900,44400,207
2026-08-24T02:12:55Z,171370,2500,2500,833
2026-08-24T02:12:55Z,171428,259800,259900,8936
2026-08-24T02:12:55Z,171436,31100,31500,844
2026-08-24T02:12:55Z,171437,2900,2900,705
2026-08-24T02:12:55Z,171438,1100,1300,301
2026-08-24T02:12:55Z,171439,2700,2700,557
2026-08-24T02:12:55Z,171441,30000,30000,94
2026-08-24T02:12:55Z,171828,28700,30000,57196
2026-08-24T02:12:55Z,171829,37400,39200,99431
2026-08-24T02:12:55Z,171830,30000,32000,12660
2026-08-24T02:12:55Z,171831,42300,45100,14183
2026-08-24T02:12:55Z,171832,30000,35900,5837
2026-08-24T02:12:55Z,171833,90000,102000,3585
2026-08-24T02:12:55Z,171840,500,600,54485
2026-08-24T02:12:55Z,171841,1300,1300,8816
2026-08-24T02:12:55Z,172008,499800,499800,86
2026-08-24T02:12:55Z,172010,964400,964500,105
2026-08-24T02:12:55Z,172017,3075300,3075300,24
2026-08-24T02:12:55Z,172018,1890500,1890500,40
2026-08-24T02:12:55Z,172019,3412500,9902800,63
2026-08-24T02:12:55Z,172040,4200,4200,128
2026-08-24T02:12:55Z,172041,1500,1500,542
2026-08-24T02:12:55Z,172042,38900,38900,114
2026-08-24T02:12:55Z,172043,400000,714700,804
2026-08-24T02:12:55Z,172044,4500,4500,163
2026-08-24T02:12:55Z,172045,1300,1300,557
2026-08-24T02:12:55Z,172046,2000,2000,269
2026-08-24T02:12:55Z,172047,13000,13000,246
2026-08-24T02:12:55Z,172048,4000,4000,254
2026-08-24T02:12:55Z,172049,52000,52000,1871
2026-08-24T02:12:55Z,172050,9200,9200,136
2026-08-24T02:12:55Z,172051,19800,20000,221
2026-08-24T02:12:55Z,172052,600,700,17782
2026-08-24T02:12:55Z,172053,700,700,10088
2026-08-24T02:12:55Z,172054,700,700,8796
2026-08-24T02:12:55Z,172055,700,700,8067
2026-08-24T02:12:55Z,172056,2400,2400,2845
2026-08-24T02:12:55Z,172057,8800,8900,6712
2026-08-24T02:12:55Z,172058,4900,5000,4799
2026-08-24T02:12:55Z,172059,1700,1700,2211
2026-08-24T02:12:55Z,172061,5000,5000,185
2026-08-24T02:12:55Z,172062,9900,9900,87
2026-08-24T02:12:55Z,172063,66800,67400,2392
2026-08-24T02:12:55Z,172068,6600,6600,95
2026-08-24T02:12:55Z,172069,11900,11900,150
2026-08-24T02:12:55Z,172089,3000,3000,49075
2026-08-24T02:12:55Z,172091,800000,800000,727
2026-08-24T02:12:55Z,172092,2300,2300,66666
2026-08-24T02:12:55Z,172094,9200,10000,17091
2026-08-24T02:12:55Z,172096,43500,56300,14166
2026-08-24T02:12:55Z,172097,60900,81800,15679
2026-08-24T02:12:55Z,172142,1500002100,1500002100,1
2026-08-24T02:12:55Z,172143,990002100,990002100,1
2026-08-24T02:12:55Z,172144,290002100,290002100,1
2026-08-24T02:12:55Z,172145,290000300,290000300,1
2026-08-24T02:12:55Z,172146,1467000,1467000,75
2026-08-24T02:12:55Z,172147,290002100,290002100,1
2026-08-24T02:12:55Z,172202,5500005100,5500005100,1
2026-08-24T02:12:55Z,172230,2600,2700,30078
2026-08-24T02:12:55Z,172231,6500,6500,188098
2026-08-24T02:12:55Z,172232,12100,12100,143001
2026-08-24T02:12:55Z,172233,28500,28500,131
2026-08-24T02:12:55Z,172346,28500,456200,85
2026-08-24T02:12:55Z,172347,4200,4200,174
2026-08-24T02:12:55Z,172357,10000,252500,190
2026-08-24T02:12:55Z,172358,9900,9900,245
2026-08-24T02:12:55Z,172359,4500,4500,469
2026-08-24T02:12:55Z,172360,12100,12100,515
2026-08-24T02:12:55Z,172361,30600,30600,166
2026-08-24T02:12:55Z,172362,12100,12100,176
2026-08-24T02:12:55Z,172363,9700,9700,165
2026-08-24T02:12:55Z,172364,9900,9900,142
2026-08-24T02:12:55Z,172365,26600,26600,125
2026-08-24T02:12:55Z,172366,19900,19900,306
2026-08-24T02:12:55Z,172367,42100,42100,152
2026-08-24T02:12:55Z,172368,50000,71300,114
2026-08-24T02:12:55Z,172370,10000,17400,136
2026-08-24T02:12:55Z,172406,10000,10000,106
2026-08-24T02:12:55Z,172407,10900,10900,58
2026-08-24T02:12:55Z,172408,14800,17200,178
2026-08-24T02:12:55Z,172410,24000,24700,111
2026-08-24T02:12:55Z,172411,35000,35000,98
2026-08-24T02:12:55Z,172412,10000,10000,103
2026-08-24T02:12:55Z,172413,50000,53800,285
2026-08-24T02:12:55Z,172414,6500,6500,128
2026-08-24T02:12:55Z,172415,25000,25000,140
2026-08-24T02:12:55Z,172416,50000,60000,116
2026-08-24T02:12:55Z,172418,23100,23100,109
2026-08-24T02:12:55Z,172419,12500,12500,106
2026-08-24T02:12:55Z,172437,230000,240000,3161
2026-08-24T02:12:55Z,172438,140000,149800,3211
2026-08-24T02:12:55Z,172439,15900,20300,4990
2026-08-24T02:12:55Z,172449,4740000,4740000,108
2026-08-24T02:12:55Z,172451,300,300,90
2026-08-24T02:12:55Z,172500,100000000,100000000,3
2026-08-24T02:12:55Z,172501,37991400,37991400,4
2026-08-24T02:12:55Z,172502,290002800,290002800,1
2026-08-24T02:12:55Z,172503,150002800,150002800,2
2026-08-24T02:12:55Z,172504,100002800,100002800,2
2026-08-24T02:12:55Z,172902,1452100,1452100,58
2026-08-24T02:12:55Z,172903,98900,98900,187
2026-08-24T02:12:55Z,172904,222200,292700,33
2026-08-24T02:12:55Z,172920,4800,4800,78
2026-08-24T02:12:55Z,172921,3000,3000,193
2026-08-24T02:12:55Z,172934,31000,42400,15203
2026-08-24T02:12:55Z,172935,2000,2000,7376
2026-08-24T02:12:55Z,172936,200000,200200,855
2026-08-24T02:12:55Z,172937,240000,250000,1112
2026-08-24T02:12:55Z,173032,1000,4000,27388
2026-08-24T02:12:55Z,173033,700,700,4350
2026-08-24T02:12:55Z,173034,700,700,8042
2026-08-24T02:12:55Z,173035,700,700,6284
2026-08-24T02:12:55Z,173036,5000,5900,1576
2026-08-24T02:12:55Z,173037,700,700,3905
2026-08-24T02:12:55Z,173038,10000,10000,7040
2026-08-24T02:12:55Z,173039,10000,10000,1382
2026-08-24T02:12:55Z,173040,10000,10000,870
2026-08-24T02:12:55Z,173041,10000,10000,119
2026-08-24T02:12:55Z,173042,10000,10000,1303
2026-08-24T02:12:55Z,173043,10000,10000,3969
2026-08-24T02:12:55Z,173048,9893900,9893900,68
2026-08-24T02:12:55Z,173049,3000000,3000000,32
2026-08-24T02:12:55Z,173051,5602700,5602700,44
2026-08-24T02:12:55Z,173053,7201700,7201700,71
2026-08-24T02:12:55Z,173056,390000,550000,13269
2026-08-24T02:12:55Z,173057,69000,69000,19477
2026-08-24T02:12:55Z,173058,390000,550000,27485
2026-08-24T02:12:55Z,173059,27000,27000,16365
2026-08-24T02:12:55Z,173060,53800,53800,1008
2026-08-24T02:12:55Z,173062,7599100,7599100,64
2026-08-24T02:12:55Z,173065,50400,250000,555
2026-08-24T02:12:55Z,173067,9990000,9990100,30
2026-08-24T02:12:55Z,173070,5000000,5000000,75
2026-08-24T02:12:55Z,173071,1950000,5000000,152
2026-08-24T02:12:55Z,173072,3000000,3000000,152
2026-08-24T02:12:55Z,173073,1990000,1990000,153
2026-08-24T02:12:55Z,173074,1200000,5000000,268
2026-08-24T02:12:55Z,173075,2167500,5000000,168
2026-08-24T02:12:55Z,173076,3850900,3850900,252
2026-08-24T02:12:55Z,173077,3858800,3858800,54
2026-08-24T02:12:55Z,173079,500000,5000000,258
2026-08-24T02:12:55Z,173080,388200,3818300,209
2026-08-24T02:12:55Z,173081,2000000,5000000,169
2026-08-24T02:12:55Z,173082,645500,5000000,290
2026-08-24T02:12:55Z,173083,1500000,3110000,412
2026-08-24T02:12:55Z,173084,1782000,1900000,350
2026-08-24T02:12:55Z,173085,996400,5000000,328
2026-08-24T02:12:55Z,173086,1508800,5000000,279
2026-08-24T02:12:55Z,173088,770000,7490000,149
2026-08-24T02:12:55Z,173089,1450000,7490000,128
2026-08-24T02:12:55Z,173090,2941400,7490000,363
2026-08-24T02:12:55Z,173091,900000,7490000,58
2026-08-24T02:12:55Z,173092,190000,7490000,280
2026-08-24T02:12:55Z,173093,7490000,7490000,160
2026-08-24T02:12:55Z,173094,5000000,5000000,169
2026-08-24T02:12:55Z,173095,3000000,7490000,93
2026-08-24T02:12:55Z,173097,3494200,3494300,365
2026-08-24T02:12:55Z,173098,455600,5000000,141
2026-08-24T02:12:55Z,173099,3000000,3000000,179
2026-08-24T02:12:55Z,173100,2501100,5000000,244
2026-08-24T02:12:55Z,173101,3000000,3000000,159
2026-08-24T02:12:55Z,173102,4500000,4500000,277
2026-08-24T02:12:55Z,173103,3000000,3000000,197
2026-08-24T02:12:55Z,173104,3001800,3001800,310
2026-08-24T02:12:55Z,173108,30000,30000,1205
2026-08-24T02:12:55Z,173109,27500,27500,689
2026-08-24T02:12:55Z,173110,25900,25900,713
2026-08-24T02:12:55Z,173121,204700,204700,230
2026-08-24T02:12:55Z,173122,212000,212000,250
2026-08-24T02:12:55Z,173123,332400,332400,380
2026-08-24T02:12:55Z,173124,82800,90800,386
2026-08-24T02:12:55Z,173125,99300,199300,231
2026-08-24T02:12:55Z,173126,188900,188900,385
2026-08-24T02:12:55Z,173127,119500,119500,111
2026-08-24T02:12:55Z,173128,300000,300000,307
2026-08-24T02:12:55Z,173129,489900,489900,119
2026-08-24T02:12:55Z,173130,96100,116100,620
2026-08-24T02:12:55Z,173160,1006400,2026400,59
2026-08-24T02:12:55Z,173161,1400000,1400000,127
2026-08-24T02:12:55Z,173162,1209900,9998200,54
2026-08-24T02:12:55Z,173163,2968800,2968800,151
2026-08-24T02:12:55Z,173168,9300,9300,1670
2026-08-24T02:12:55Z,173170,742400,742400,8951
2026-08-24T02:12:55Z,173171,119400,119400,7167
2026-08-24T02:12:55Z,173172,100000,100000,13666
2026-08-24T02:12:55Z,173173,339500,339500,10119
2026-08-24T02:12:55Z,173191,2200,2300,490
2026-08-24T02:12:55Z,173192,4700,4800,251
2026-08-24T02:12:55Z,173202,300,600,1210022
2026-08-24T02:12:55Z,173204,3200,5000,109929
2026-08-24T02:12:55Z,173359,290009700,290009700,2
2026-08-24T02:12:55Z,173360,49900,49900,35
2026-08-24T02:12:55Z,173361,13400,13400,133
2026-08-24T02:12:55Z,173362,45800,45800,116
2026-08-24T02:12:55Z,173759,199000,199000,127
2026-08-24T02:12:55Z,173760,225400,225400,115
2026-08-24T02:12:55Z,173761,50000,50000,63
2026-08-24T02:12:55Z,173762,50000,120000,74
2026-08-24T02:12:55Z,173859,1900,1900,216
2026-08-24T02:12:55Z,173870,990000100,990000100,1
2026-08-24T02:12:55Z,173871,4000,4000,132
2026-08-24T02:12:55Z,173874,13000,13000,181
2026-08-24T02:12:55Z,173875,202400,202400,4
2026-08-24T02:12:55Z,173877,29900,29900,29
2026-08-24T02:12:55Z,173878,257900,257900,3
2026-08-24T02:12:55Z,173906,2500009700,2500009700,1
2026-08-24T02:12:55Z,173908,6094700,6094700,33
2026-08-24T02:12:55Z,173911,1500004400,1500004400,1
2026-08-24T02:12:55Z,173912,1500004400,1500004400,1
2026-08-24T02:12:55Z,173913,290004400,290004400,1
2026-08-24T02:12:55Z,173937,900000,900000,6
2026-08-24T02:12:55Z,174041,194800,194800,58
2026-08-24T02:12:55Z,174104,49000000,49000000,20
2026-08-24T02:12:55Z,174207,290005300,290005300,1
2026-08-24T02:12:55Z,174208,1500005600,1500005600,1
2026-08-24T02:12:55Z,174209,290006200,290006200,1
2026-08-24T02:12:55Z,174281,54900,54900,127
2026-08-24T02:12:55Z,174282,9805800,9805800,45
2026-08-24T02:12:55Z,174283,52000,52000,1109
2026-08-24T02:12:55Z,174284,9899700,9899700,45
2026-08-24T02:12:55Z,174285,10000,9905000,45
2026-08-24T02:12:55Z,174322,290000000,290000000,1
2026-08-24T02:12:55Z,174327,30300,90400,1815
2026-08-24T02:12:55Z,174328,40400,700000,770
2026-08-24T02:12:55Z,174347,1500006000,1500006000,1
2026-08-24T02:12:55Z,174348,419800,419800,59
2026-08-24T02:12:55Z,174349,491700,491700,193
2026-08-24T02:12:55Z,174350,10000,10000,3265
2026-08-24T02:12:55Z,174351,660000,660000,404
2026-08-24T02:12:55Z,174352,40000,40000,492
2026-08-24T02:12:55Z,174353,4900,8900,18345
2026-08-24T02:12:55Z,174383,19991000,49001000,26
2026-08-24T02:12:55Z,174890,507600,19990000,20
2026-08-24T02:12:55Z,174891,343000,343000,13
2026-08-24T02:12:55Z,174983,290006000,290006000,1
2026-08-24T02:12:55Z,175052,420000,420000,25
2026-08-24T02:12:55Z,175053,101700,101700,16
2026-08-24T02:12:55Z,175054,83800,88200,18
2026-08-24T02:12:55Z,175056,17991100,17991100,16
2026-08-24T02:12:55Z,175069,100000,100000,79
2026-08-24T02:12:55Z,175241,4300,9700,276
2026-08-24T02:12:55Z,175788,50000,50000,18433
2026-08-24T02:12:55Z,175886,700,700,5575
2026-08-24T02:12:55Z,175924,9906700,9906700,43
2026-08-24T02:12:55Z,175954,290000000,290000000,1
2026-08-24T02:12:55Z,175955,5400,5400,59
2026-08-24T02:12:55Z,175957,19900,49009900,23
2026-08-24T02:12:55Z,175959,290002600,290002600,1
2026-08-24T02:12:55Z,175960,30000,30000,36
2026-08-24T02:12:55Z,175962,290000000,290000000,1
2026-08-24T02:12:55Z,175965,49000000,49000000,16
2026-08-24T02:12:55Z,175970,30000,30000,5299
2026-08-24T02:12:55Z,176086,3000000,3000000,38
2026-08-24T02:12:55Z,176087,100000,100000,110
2026-08-24T02:12:55Z,176088,206300,206300,6
2026-08-24T02:12:55Z,176089,23000,23000,24
2026-08-24T02:12:55Z,176391,28200,1000000,50
2026-08-24T02:12:55Z,176392,99900,99900,28
2026-08-24T02:12:55Z,176393,1458000,1458000,2
2026-08-24T02:12:55Z,176807,325600,325600,36
2026-08-24T02:12:55Z,176809,4700,4700,116
2026-08-24T02:12:55Z,176810,13181000,13181000,5
2026-08-24T02:12:55Z,176811,300000,300000,152
2026-08-24T02:12:55Z,176852,288800,288800,33
2026-08-24T02:12:55Z,176853,3800,3800,183
2026-08-24T02:12:55Z,176854,290006900,290006900,1
2026-08-24T02:12:55Z,176855,249900,249900,44
2026-08-24T02:12:55Z,176856,49005700,49005700,20
2026-08-24T02:12:55Z,176857,290008100,290008100,1
2026-08-24T02:12:55Z,176858,49002400,49002400,21
2026-08-24T02:12:55Z,176859,48999000,48999600,84
2026-08-24T02:12:55Z,176860,600000,600000,8
2026-08-24T02:12:55Z,176861,49008500,49008500,22
2026-08-24T02:12:55Z,176862,3900,3900,137
2026-08-24T02:12:55Z,176863,290001600,290001600,1
2026-08-24T02:12:55Z,176864,49000000,49000000,20
2026-08-24T02:12:55Z,176865,128500,128500,44
2026-08-24T02:12:55Z,176866,4000,4000,244
2026-08-24T02:12:55Z,176867,29900,29900,37
2026-08-24T02:12:55Z,176868,40000,40000,64
2026-08-24T02:12:55Z,176869,6700,7000,198
2026-08-24T02:12:55Z,176870,9988000,9988000,32
2026-08-24T02:12:55Z,176871,17700,17700,123
2026-08-24T02:12:55Z,176872,16900,17000,27
2026-08-24T02:12:55Z,176873,49009900,49009900,25
2026-08-24T02:12:55Z,176874,13800,13800,62
2026-08-24T02:12:55Z,176875,2999900,3000000,24
2026-08-24T02:12:55Z,176876,899900,899900,30
2026-08-24T02:12:55Z,176877,402400,49009000,34
2026-08-24T02:12:55Z,176878,49001600,49001600,20
2026-08-24T02:12:55Z,176879,290003700,290003700,1
2026-08-24T02:12:55Z,176880,290007800,290007800,1
2026-08-24T02:12:55Z,176881,190000,190000,2
2026-08-24T02:12:55Z,176882,321200,321200,4
2026-08-24T02:12:55Z,176883,100003700,100003700,8
2026-08-24T02:12:55Z,176884,289737000,289737000,2
2026-08-24T02:12:55Z,176885,290000000,290000000,1
2026-08-24T02:12:55Z,176886,900000,900000,4
2026-08-24T02:12:55Z,176887,289989800,289989800,3
2026-08-24T02:12:55Z,177025,419900,420000,25
2026-08-24T02:12:55Z,177026,49009400,49009400,20
2026-08-24T02:12:55Z,177028,49005700,49005700,20
2026-08-24T02:12:55Z,177040,2900,2900,175
2026-08-24T02:12:55Z,177043,9909700,9909700,25
2026-08-24T02:12:55Z,177061,225000,225000,2464
2026-08-24T02:12:55Z,177062,93800,93800,292
2026-08-24T02:12:55Z,177256,99100,99100,54
2026-08-24T02:12:55Z,177659,15000,15000,144
2026-08-24T02:12:55Z,177660,80000,85000,647
2026-08-24T02:12:55Z,177661,31200,31200,100
2026-08-24T02:12:55Z,177715,19100,29800,72
2026-08-24T02:12:55Z,177716,26000,26000,213
2026-08-24T02:12:55Z,177840,9003000,9003000,18
2026-08-24T02:12:55Z,177841,4445100,4445100,98
2026-08-24T02:12:55Z,177842,2970000,2970000,20
2026-08-24T02:12:55Z,177843,2009800,4959000,23
2026-08-24T02:12:55Z,177962,7000,7000,151
2026-08-24T02:12:55Z,178017,290000000,290000000,1
2026-08-24T02:12:55Z,178103,49005800,49005800,20
2026-08-24T02:12:55Z,178104,1499900,1500000,26
2026-08-24T02:12:55Z,178105,990008400,990008400,1
2026-08-24T02:12:55Z,178106,48999900,49000000,22
2026-08-24T02:12:55Z,178107,49000300,49000300,21
2026-08-24T02:12:55Z,178108,290003700,290003700,3
2026-08-24T02:12:55Z,178110,5500006000,5500006000,1
2026-08-24T02:12:55Z,178111,2500001600,2500001600,1
2026-08-24T02:12:55Z,178113,3900,3900,226
2026-08-24T02:12:55Z,178114,16900,16900,199
2026-08-24T02:12:55Z,178115,199994800,199994800,2
2026-08-24T02:12:55Z,178116,290008600,290008600,1
2026-08-24T02:12:55Z,178122,290000800,290000800,1
2026-08-24T02:12:55Z,178123,49000000,49000000,20
2026-08-24T02:12:55Z,178125,49005400,49005400,20
2026-08-24T02:12:55Z,178126,49009800,49009800,23
2026-08-24T02:12:55Z,178127,49009800,49009800,32
2026-08-24T02:12:55Z,178129,49008300,49008300,20
2026-08-24T02:12:55Z,178130,48999900,49000000,22
2026-08-24T02:12:55Z,178131,49007600,49007600,20
2026-08-24T02:12:55Z,178132,19700,19700,80
2026-08-24T02:12:55Z,178133,78000,78000,64
2026-08-24T02:12:55Z,178134,899900,900000,38
2026-08-24T02:12:55Z,178135,289999900,289999900,2
2026-08-24T02:12:55Z,178136,4300,4300,170
2026-08-24T02:12:55Z,178137,24999900,24999900,6
2026-08-24T02:12:55Z,178149,48800,49900,122
2026-08-24T02:12:55Z,178172,9000000,49000000,21
2026-08-24T02:12:55Z,178173,374300,49001400,24
2026-08-24T02:12:55Z,178174,290000400,290000400,1
2026-08-24T02:12:55Z,178175,49002900,49002900,20
2026-08-24T02:12:55Z,178177,290002400,290002400,1
2026-08-24T02:12:55Z,178178,3900,3900,140
2026-08-24T02:12:55Z,178216,55500,110500,58
2026-08-24T02:12:55Z,178217,2000,2000,293
2026-08-24T02:12:55Z,178218,880000,880000,86
2026-08-24T02:12:55Z,178219,9702000,9702000,45
2026-08-24T02:12:55Z,178220,709800,709800,66
2026-08-24T02:12:55Z,178221,800000,9909900,32
2026-08-24T02:12:55Z,178222,80200,80200,292
2026-08-24T02:12:55Z,178223,1990100,1990100,77
2026-08-24T02:12:55Z,178224,57000,1007000,50
2026-08-24T02:12:55Z,178225,51800,681800,121
2026-08-24T02:12:55Z,178226,49100,49100,70
2026-08-24T02:12:55Z,178227,50000,9900000,41
2026-08-24T02:12:55Z,178228,9909700,9909700,32
2026-08-24T02:12:55Z,178247,55500,650800,69
2026-08-24T02:12:55Z,178252,54000,54000,61
2026-08-24T02:12:55Z,178518,50700,50700,162
2026-08-24T02:12:55Z,178534,9900000,9900000,44
2026-08-24T02:12:55Z,178535,9503800,9696600,32
2026-08-24T02:12:55Z,178536,9799600,9799600,45
2026-08-24T02:12:55Z,178537,52200,9700700,46
2026-08-24T02:12:55Z,178538,364900,9898400,27
2026-08-24T02:12:55Z,178539,9900000,9900000,29
2026-08-24T02:12:55Z,178540,9990000,9990000,33
2026-08-24T02:12:55Z,178541,9605700,9605700,26
2026-08-24T02:12:55Z,178542,19800,102700,53
2026-08-24T02:12:55Z,178543,210000,220000,46
2026-08-24T02:12:55Z,178544,991900,991900,87
2026-08-24T02:12:55Z,178545,14900,14900,119
2026-08-24T02:12:55Z,178546,436200,9850000,32
2026-08-24T02:12:55Z,178547,9760900,9760900,24
2026-08-24T02:12:55Z,178548,9960000,9960000,45
2026-08-24T02:12:55Z,178549,2744000,9865300,33
2026-08-24T02:12:55Z,178550,1900,1900,175
2026-08-24T02:12:55Z,178551,919600,919600,45
2026-08-24T02:12:55Z,178552,60000,60000,81
2026-08-24T02:12:55Z,178786,17700,17900,3709
2026-08-24T02:12:55Z,178787,1115000,1115000,1384
2026-08-24T02:12:55Z,178900,9899000,9899000,21
2026-08-24T02:12:55Z,178923,49000800,49000800,20
2026-08-24T02:12:55Z,179001,290003300,290003300,1
2026-08-24T02:12:55Z,179003,48999900,49000000,23
2026-08-24T02:12:55Z,179004,49000800,49000800,20
2026-08-24T02:12:55Z,179005,48093700,49002700,22
2026-08-24T02:12:55Z,179006,48999900,49000000,21
2026-08-24T02:12:55Z,179011,9902800,9902800,34
2026-08-24T02:12:55Z,179012,135000,9903200,46
2026-08-24T02:12:55Z,179013,9900000,9900000,25
2026-08-24T02:12:55Z,179014,2222200,9880100,37
2026-08-24T02:12:55Z,179015,3375400,9900500,47
2026-08-24T02:12:55Z,179016,9900000,9900000,29
2026-08-24T02:12:55Z,179017,40000,9790000,45
2026-08-24T02:12:55Z,179018,43700,82500,56
2026-08-24T02:12:55Z,179019,9900000,9900000,41
2026-08-24T02:12:55Z,179020,51500,9894800,46
2026-08-24T02:12:55Z,179021,9902200,9902200,34
2026-08-24T02:12:55Z,179022,9904800,9904800,35
2026-08-24T02:12:55Z,179023,54500,9887600,50
2026-08-24T02:12:55Z,179025,9900000,9900000,34
2026-08-24T02:12:55Z,179026,39600,3889300,126
2026-08-24T02:12:55Z,179166,9693300,9693300,45
2026-08-24T02:12:55Z,179267,9900000,9900000,30
2026-08-24T02:12:55Z,179268,9884800,9884800,45
2026-08-24T02:12:55Z,179269,9890000,9890000,45
2026-08-24T02:12:55Z,179270,9511000,9607000,30
2026-08-24T02:12:55Z,179271,34500,34500,76
2026-08-24T02:12:55Z,179272,9900000,9900000,45
2026-08-24T02:12:55Z,179273,729800,9950000,29
2026-08-24T02:12:55Z,179274,9870000,9870000,49
2026-08-24T02:12:55Z,179275,9904900,9904900,45
2026-08-24T02:12:55Z,179276,37000,9859200,47
2026-08-24T02:12:55Z,179277,5607600,9900000,39
2026-08-24T02:12:55Z,179278,188000,494500,46
2026-08-24T02:12:55Z,179279,49900,9879900,34
2026-08-24T02:12:55Z,179281,9904800,9904800,45
2026-08-24T02:12:55Z,179283,50000,9860000,49
2026-08-24T02:12:55Z,179284,9790200,9790200,36
2026-08-24T02:12:55Z,179285,40400,40400,41
2026-08-24T02:12:55Z,179286,48800,9990900,35
2026-08-24T02:12:55Z,179287,9875800,9875800,43
2026-08-24T02:12:55Z,179288,49003300,49003300,20
2026-08-24T02:12:55Z,179289,290003300,290003300,1
2026-08-24T02:12:55Z,179290,290003300,290003300,1
2026-08-24T02:12:55Z,179291,49003300,49003300,20
2026-08-24T02:12:55Z,179292,49003300,49003300,20
2026-08-24T02:12:55Z,179293,20009900,20009900,6
2026-08-24T02:12:55Z,179294,49000000,49000000,20
2026-08-24T02:12:55Z,179295,1020200,2940300,103
2026-08-24T02:12:55Z,179296,149900,49000000,21
2026-08-24T02:12:55Z,179297,8999900,8999900,3
2026-08-24T02:12:55Z,179298,290003300,290003300,1
2026-08-24T02:12:55Z,179299,290003300,290003300,1
2026-08-24T02:12:55Z,179300,149900,49000000,21
2026-08-24T02:12:55Z,179307,425300,425400,45
2026-08-24T02:12:55Z,179308,290000,300000,46
2026-08-24T02:12:55Z,179309,89800,9902700,48
2026-08-24T02:12:55Z,179310,185400,187200,44
2026-08-24T02:12:55Z,179314,700,700,8778
2026-08-24T02:12:55Z,179315,700,700,9420
2026-08-24T02:12:55Z,179368,49000000,49000000,10
2026-08-24T02:12:55Z,179369,327200,327200,26
2026-08-24T02:12:55Z,179370,200000,200000,39
2026-08-24T02:12:55Z,179372,49000000,49000000,26
2026-08-24T02:12:55Z,179985,49005700,49005700,24
2026-08-24T02:12:55Z,179986,9902100,9902100,100
2026-08-24T02:12:55Z,179992,3900,3900,217
2026-08-24T02:12:55Z,179993,9908700,9908700,25
2026-08-24T02:12:55Z,180055,10100,10200,379
2026-08-24T02:12:55Z,180057,84200,258500,317
2026-08-24T02:12:55Z,180058,499900,504900,371
2026-08-24T02:12:55Z,180059,411300,548400,272
2026-08-24T02:12:55Z,180060,950500,960300,165
2026-08-24T02:12:55Z,180088,500,9500,26
2026-08-24T02:12:55Z,180168,999900,999900,1625
2026-08-24T02:12:55Z,180307,290006200,290006200,2
2026-08-24T02:12:55Z,180309,290004900,290004900,1
2026-08-24T02:12:55Z,180310,290002700,290002700,9
2026-08-24T02:12:55Z,180317,2100,100000,270
2026-08-24T02:12:55Z,180318,2100,75000,354
2026-08-24T02:12:55Z,180326,990000000,990000000,1
2026-08-24T02:12:55Z,180327,290006500,290006500,1
2026-08-24T02:12:55Z,180328,1500006500,1500006500,1
2026-08-24T02:12:55Z,180329,290006500,290006500,1
2026-08-24T02:12:55Z,180330,290006500,290006500,1
2026-08-24T02:12:55Z,180331,290000700,290000700,2
2026-08-24T02:12:55Z,180332,290006500,290006500,1
2026-08-24T02:12:55Z,180333,30006400,30006400,3
2026-08-24T02:12:55Z,180334,290006500,290006500,1
2026-08-24T02:12:55Z,180338,25000000,25000000,2
2026-08-24T02:12:55Z,180340,290000000,290000000,1
2026-08-24T02:12:55Z,180341,290006500,290006500,1
2026-08-24T02:12:55Z,180342,990006500,990006500,1
2026-08-24T02:12:55Z,180343,290006500,290006500,1
2026-08-24T02:12:55Z,180344,990006500,990006500,1
2026-08-24T02:12:55Z,180346,290006500,290006500,1
2026-08-24T02:12:55Z,180347,290006500,290006500,1
2026-08-24T02:12:55Z,180348,30000000,30000000,2
2026-08-24T02:12:55Z,180353,290000000,290000000,1
2026-08-24T02:12:55Z,180354,49001500,49001500,20
2026-08-24T02:12:55Z,180377,190000000,190000000,8
2026-08-24T02:12:55Z,180381,1500009000,1500009000,1
2026-08-24T02:12:55Z,180382,290009000,290009000,1
2026-08-24T02:12:55Z,180383,290009000,290009000,1
2026-08-24T02:12:55Z,180384,290009000,290009000,1
2026-08-24T02:12:55Z,180385,1500009000,1500009000,1
2026-08-24T02:12:55Z,180404,911500,9990400,43
2026-08-24T02:12:55Z,180405,10600,35500,133
2026-08-24T02:12:55Z,180406,290005200,290005200,1
2026-08-24T02:12:55Z,180408,1500001100,1500001100,1
2026-08-24T02:12:55Z,180409,9904600,9904600,33
2026-08-24T02:12:55Z,180410,9311300,9311300,31
2026-08-24T02:12:55Z,180411,800000,9888400,33
2026-08-24T02:12:55Z,180412,3070400,9902400,32
2026-08-24T02:12:55Z,180429,9990000,9990000,20
2026-08-24T02:12:55Z,180430,1300,1300,86
2026-08-24T02:12:55Z,180445,5209000,39990000,675
2026-08-24T02:12:55Z,180448,1500000800,1500000800,1
2026-08-24T02:12:55Z,180449,1500000800,1500000800,1
2026-08-24T02:12:55Z,180450,4900800,4900800,200
2026-08-24T02:12:55Z,180457,1190000,1190000,652
2026-08-24T02:12:55Z,180475,290009200,290009200,1
2026-08-24T02:12:55Z,180476,49006500,49006500,20
2026-08-24T02:12:55Z,180504,290003300,290003300,1
2026-08-24T02:12:55Z,180505,450003300,450003300,1
2026-08-24T02:12:55Z,180506,290003300,290003300,1
2026-08-24T02:12:55Z,180507,290003300,290003300,1
2026-08-24T02:12:55Z,180508,49003300,49003300,13
2026-08-24T02:12:55Z,180509,290003300,290003300,1
2026-08-24T02:12:55Z,180510,49003300,49003300,20
2026-08-24T02:12:55Z,180511,290003300,290003300,1
2026-08-24T02:12:55Z,180512,290003300,290003300,1
2026-08-24T02:12:55Z,180513,290003300,290003300,1
2026-08-24T02:12:55Z,180514,290003300,290003300,1
2026-08-24T02:12:55Z,180515,290003300,290003300,1
2026-08-24T02:12:55Z,180516,49003300,49003300,20
2026-08-24T02:12:55Z,180517,290003300,290003300,1
2026-08-24T02:12:55Z,180518,49003300,49003300,19
2026-08-24T02:12:55Z,180519,290003300,290003300,1
2026-08-24T02:12:55Z,180520,49003300,49003300,20
2026-08-24T02:12:55Z,180521,49003300,49003300,11
2026-08-24T02:12:55Z,180614,5005300,5005300,2
2026-08-24T02:12:55Z,180622,290000000,290000000,2
2026-08-24T02:12:55Z,180623,49001700,49001700,20
2026-08-24T02:12:55Z,180624,49000000,49000000,30
2026-08-24T02:12:55Z,180732,14000,14000,9192
2026-08-24T02:12:55Z,180733,76900,77000,2757
2026-08-24T02:12:55Z,180878,290003300,290003300,1
2026-08-24T02:12:55Z,180879,49000000,49000000,14
2026-08-24T02:12:55Z,180880,49003300,49003300,20
2026-08-24T02:12:55Z,180881,49003300,49003300,12
2026-08-24T02:12:55Z,180882,49000000,49000000,18
2026-08-24T02:12:55Z,180883,450003300,450003300,1
2026-08-24T02:12:55Z,180884,290000000,290000000,1
2026-08-24T02:12:55Z,180885,290003300,290003300,1
2026-08-24T02:12:55Z,180886,49003300,49003300,20
2026-08-24T02:12:55Z,180887,290003300,290003300,1
2026-08-24T02:12:55Z,180888,299000000,299000000,1
2026-08-24T02:12:55Z,180889,290003300,290003300,1
2026-08-24T02:12:55Z,180890,290003300,290003300,1
2026-08-24T02:12:55Z,180891,290003300,290003300,1
2026-08-24T02:12:55Z,180892,290003300,290003300,1
2026-08-24T02:12:55Z,180893,290003300,290003300,1
2026-08-24T02:12:55Z,180894,290003300,290003300,1
2026-08-24T02:12:55Z,180991,290008100,290008100,4
2026-08-24T02:12:55Z,180992,49009800,49009800,31
2026-08-24T02:12:55Z,181246,49000200,49000200,20
2026-08-24T02:12:55Z,181247,1268000,49008000,22
2026-08-24T02:12:55Z,181388,39989600,39989600,5
2026-08-24T02:12:55Z,181468,165000,165000,577
2026-08-24T02:12:55Z,181713,29900,29900,31
2026-08-24T02:12:55Z,182118,9898700,9898700,30
2026-08-24T02:12:55Z,182119,9900000,9900000,30
2026-08-24T02:12:55Z,182120,9772400,9772400,30
2026-08-24T02:12:55Z,182121,8100,1008400,37
2026-08-24T02:12:55Z,182122,9890000,9890000,69
2026-08-24T02:12:55Z,182123,9700000,9700000,31
2026-08-24T02:12:55Z,182299,49002200,49002200,20
2026-08-24T02:12:55Z,182367,5500000100,5500000100,1
2026-08-24T02:12:55Z,182459,1952800,1992700,84
2026-08-24T02:12:55Z,182581,941300,941300,323
2026-08-24T02:12:55Z,182653,2900,2900,135
2026-08-24T02:12:55Z,182707,49000000,49000000,19
2026-08-24T02:12:55Z,182708,290003900,290003900,1
2026-08-24T02:12:55Z,182709,290000000,290000000,2
2026-08-24T02:12:55Z,182710,290000000,290000000,2
2026-08-24T02:12:55Z,182713,49009000,49009000,28
2026-08-24T02:12:55Z,182714,48999900,49000000,22
2026-08-24T02:12:55Z,182715,48999900,49000000,14
2026-08-24T02:12:55Z,182718,9000000,9000000,24
2026-08-24T02:12:55Z,182733,49006500,49006500,20
2026-08-24T02:12:55Z,182737,4100,4200,539
2026-08-24T02:12:55Z,182756,290009000,290009000,1
2026-08-24T02:12:55Z,182757,290009000,290009000,1
2026-08-24T02:12:55Z,182758,290006500,290006500,2
2026-08-24T02:12:55Z,182760,290006900,290006900,1
2026-08-24T02:12:55Z,182761,290006900,290006900,1
2026-08-24T02:12:55Z,182762,290004000,290004000,1
2026-08-24T02:12:55Z,182763,290007500,290007500,1
2026-08-24T02:12:55Z,182764,290003200,290003200,1
2026-08-24T02:12:55Z,182765,290004800,290004800,2
2026-08-24T02:12:55Z,182766,290003600,290003600,2
2026-08-24T02:12:55Z,182774,290001500,290001500,1
2026-08-24T02:12:55Z,182775,290001500,290001500,2
2026-08-24T02:12:55Z,182776,290001500,290001500,1
2026-08-24T02:12:55Z,182797,49005100,49005100,19
2026-08-24T02:12:55Z,183108,990003400,990003400,1
2026-08-24T02:12:55Z,183109,4446900,49000000,21
2026-08-24T02:12:55Z,183110,49000000,49000000,20
2026-08-24T02:12:55Z,183203,49000000,49000000,21
2026-08-24T02:12:55Z,183204,9000000,49000000,10
2026-08-24T02:12:55Z,183205,290000000,290000000,1
2026-08-24T02:12:55Z,183207,189900,49000000,22
2026-08-24T02:12:55Z,183208,458800,49008800,23
2026-08-24T02:12:55Z,183209,900000,49000000,23
2026-08-24T02:12:55Z,183597,2221100,9901100,34
2026-08-24T02:12:55Z,183599,9702000,9702000,19
2026-08-24T02:12:55Z,183733,25007500,25007500,20
2026-08-24T02:12:55Z,183738,14800,14800,153
2026-08-24T02:12:55Z,183793,9900000,9900000,29
2026-08-24T02:12:55Z,183823,9500,269500,877
2026-08-24T02:12:55Z,183945,49002900,49002900,21
2026-08-24T02:12:55Z,183950,22700,22800,629
2026-08-24T02:12:55Z,183951,199500,209800,2216
2026-08-24T02:12:55Z,183952,44600,44600,1169
2026-08-24T02:12:55Z,183953,50000,50000,64
2026-08-24T02:12:55Z,183954,40000,40000,1405
2026-08-24T02:12:55Z,183955,87700,88900,652
2026-08-24T02:12:55Z,183963,170000,9848800,51
2026-08-24T02:12:55Z,184049,9903100,9903100,21
2026-08-24T02:12:55Z,184050,989700,989700,27
2026-08-24T02:12:55Z,184051,998200,9918200,43
2026-08-24T02:12:55Z,184090,334900,354900,391
2026-08-24T02:12:55Z,184096,2899300,2899300,92
2026-08-24T02:12:55Z,184097,1969900,1969900,146
2026-08-24T02:12:55Z,184100,2976400,2976400,38
2026-08-24T02:12:55Z,184201,205000,205000,733
2026-08-24T02:12:55Z,184202,9890000,9890000,74
2026-08-24T02:12:55Z,184281,9900000,9900000,45
2026-08-24T02:12:55Z,184283,9880000,9880000,31
2026-08-24T02:12:55Z,184308,21200,21300,160
2026-08-24T02:12:55Z,184309,1500006500,1500006500,1
2026-08-24T02:12:55Z,184310,1500006500,1500006500,1
2026-08-24T02:12:55Z,184340,248897300,248897300,1
2026-08-24T02:12:55Z,184341,775805600,775805600,4
2026-08-24T02:12:55Z,184342,250008800,250008800,6
2026-08-24T02:12:55Z,184343,249999600,249999600,1
2026-08-24T02:12:55Z,184344,974999600,974999600,2
2026-08-24T02:12:55Z,184345,800008800,800008800,8
2026-08-24T02:12:55Z,184346,250008400,250008400,6
2026-08-24T02:12:55Z,184347,924999800,924999800,1
2026-08-24T02:12:55Z,184390,50000,350000,38
2026-08-24T02:12:55Z,184391,59700,59700,41
2026-08-24T02:12:55Z,184392,79900,79900,46
2026-08-24T02:12:55Z,184393,418900,418900,27
2026-08-24T02:12:55Z,184394,9000000,9000000,13
2026-08-24T02:12:55Z,184553,290001900,290001900,1
2026-08-24T02:12:55Z,184624,489900,497500,468
2026-08-24T02:12:55Z,184682,259000,259100,938
2026-08-24T02:12:55Z,184690,837400,837400,78
2026-08-24T02:12:55Z,185476,1004200,1004200,28
2026-08-24T02:12:55Z,185477,1000000,1000000,2
2026-08-24T02:12:55Z,185478,290006700,290006700,1
2026-08-24T02:12:55Z,185479,49005300,49005300,20
2026-08-24T02:12:55Z,185480,49009500,49009500,106
2026-08-24T02:12:55Z,185481,300000,49000000,22
2026-08-24T02:12:55Z,185482,600000,600000,5
2026-08-24T02:12:55Z,185483,290003900,290003900,1
2026-08-24T02:12:55Z,185737,2998500,49000000,23
2026-08-24T02:12:55Z,185739,290009000,290009000,1
2026-08-24T02:12:55Z,185910,4506900,4506900,490
2026-08-24T02:12:55Z,185968,290000000,290000000,1
2026-08-24T02:12:55Z,185970,1000000,1000000,2
2026-08-24T02:12:55Z,186017,30000,70000,11166
2026-08-24T02:12:55Z,186522,990000,990000,36
2026-08-24T02:12:55Z,186660,990002600,990002600,1
2026-08-24T02:12:55Z,186661,290006300,290006300,1
2026-08-24T02:12:55Z,186662,9949900,9949900,57
2026-08-24T02:12:55Z,186677,290005200,290005200,2
2026-08-24T02:12:55Z,186684,990000,990000,196
2026-08-24T02:12:55Z,186704,2507500,2507500,110
2026-08-24T02:12:55Z,186725,319300,319300,107
2026-08-24T02:12:55Z,186726,249000,249000,238
2026-08-24T02:12:55Z,186975,1700,1700,70
2026-08-24T02:12:55Z,186981,119100,120300,30
2026-08-24T02:12:55Z,186982,9903000,9903000,330
2026-08-24T02:12:55Z,187180,1000000,1000000,30
2026-08-24T02:12:55Z,187188,290005800,290005800,1
2026-08-24T02:12:55Z,187189,290003300,290003300,1
2026-08-24T02:12:55Z,187190,290001800,290001800,1
2026-08-24T02:12:55Z,187191,290007800,290007800,1
2026-08-24T02:12:55Z,187192,290005700,290005700,1
2026-08-24T02:12:55Z,187193,60000500,60000500,8
2026-08-24T02:12:55Z,187194,290001500,290001500,1
2026-08-24T02:12:55Z,187195,299001600,299001600,1
2026-08-24T02:12:55Z,187196,155550500,155550500,2
2026-08-24T02:12:55Z,187197,290000200,290000200,1
2026-08-24T02:12:55Z,187198,49004900,49004900,19
2026-08-24T02:12:55Z,187199,290005900,290005900,1
2026-08-24T02:12:55Z,187211,290000200,290000200,1
2026-08-24T02:12:55Z,187212,49005700,49005700,20
2026-08-24T02:12:55Z,187213,49006000,49006000,21
2026-08-24T02:12:55Z,187348,800000,800000,25
2026-08-24T02:12:55Z,187408,290001200,290001200,1
2026-08-24T02:12:55Z,187550,299990100,299990100,2
2026-08-24T02:12:55Z,187553,299990000,299990000,2
2026-08-24T02:12:55Z,187554,5500000100,5500000100,1
2026-08-24T02:12:55Z,187555,990000100,990000100,1
2026-08-24T02:12:55Z,187594,49004000,49004000,20
2026-08-24T02:12:55Z,187633,90000,90000,109
2026-08-24T02:12:55Z,187634,800200,800200,92
2026-08-24T02:12:55Z,187635,270000,275000,88
2026-08-24T02:12:55Z,187636,2750000,2750000,97
2026-08-24T02:12:55Z,187648,9999800,9999800,272
2026-08-24T02:12:55Z,187699,96900,98800,2751
2026-08-24T02:12:55Z,187700,74000,164200,21802
2026-08-24T02:12:55Z,187701,7200,70000,34465
2026-08-24T02:12:55Z,187702,900,1200,6354
2026-08-24T02:12:55Z,187703,1000,2700,37251
2026-08-24T02:12:55Z,187704,1000,1000,14865
2026-08-24T02:12:55Z,187707,500000,500000,215
2026-08-24T02:12:55Z,187711,49001200,49001200,20
2026-08-24T02:12:55Z,187712,10000,10000,1266
2026-08-24T02:12:55Z,187796,759300,759300,123
2026-08-24T02:12:55Z,187802,2100,50000,356
2026-08-24T02:12:55Z,187805,9897700,9897700,50
2026-08-24T02:12:55Z,187812,19990900,19990900,18
2026-08-24T02:12:55Z,187823,4805200,4805200,33
2026-08-24T02:12:55Z,187825,6572200,6572200,39
2026-08-24T02:12:55Z,187827,99990000,99990000,16
2026-08-24T02:12:55Z,187829,4790000,4790000,23
2026-08-24T02:12:55Z,187831,6998800,6998800,125
2026-08-24T02:12:55Z,187836,9665800,19665800,54
2026-08-24T02:12:55Z,187842,672500,672500,31
2026-08-24T02:12:55Z,187849,7200000,7200000,23
2026-08-24T02:12:55Z,187850,25555000,25555000,13
2026-08-24T02:12:55Z,187884,16989800,16989800,187
2026-08-24T02:12:55Z,187887,12997500,12997500,193
2026-08-24T02:12:55Z,187888,14006900,14006900,162
2026-08-24T02:12:55Z,187911,190000,190000,2284
2026-08-24T02:12:55Z,187931,12600100,12600100,148
2026-08-24T02:12:55Z,187933,6003000,6003000,111
2026-08-24T02:12:55Z,187934,16793000,16793000,217
2026-08-24T02:12:55Z,187936,17458300,17458300,165
2026-08-24T02:12:55Z,188164,9003700,12214600,89
2026-08-24T02:12:55Z,188658,17100,18700,15421
2026-08-24T02:12:55Z,188669,376400,376400,76
2026-08-24T02:12:55Z,188670,1700,1700,904
2026-08-24T02:12:55Z,188671,1799700,1799700,127
2026-08-24T02:12:55Z,188672,13740500,13740500,17
2026-08-24T02:12:55Z,188681,999900,999900,24
2026-08-24T02:12:55Z,188682,228500,228500,62
2026-08-24T02:12:55Z,188683,290006600,290006600,3
2026-08-24T02:12:55Z,188684,4994700,4994700,12
2026-08-24T02:12:55Z,188685,155714600,155714600,5
2026-08-24T02:12:55Z,188760,4488400,4488400,10
2026-08-24T02:12:55Z,188761,384700,888800,1568
2026-08-24T02:12:55Z,188762,63685500,63685500,3
2026-08-24T02:12:55Z,188779,290009200,290009200,2
2026-08-24T02:12:55Z,188789,290003200,290003200,1
2026-08-24T02:12:55Z,188790,6607200,49007200,21
2026-08-24T02:12:55Z,188791,290007800,290007800,3
2026-08-24T02:12:55Z,188792,8009500,8009600,19
2026-08-24T02:12:55Z,188794,49009600,49009600,21
2026-08-24T02:12:55Z,188795,290005800,290005800,3
2026-08-24T02:12:55Z,188811,301200,301200,8
2026-08-24T02:12:55Z,188827,49003200,49003200,20
2026-08-24T02:12:55Z,188834,49008400,49008400,36
2026-08-24T02:12:55Z,188835,35003500,49008900,114
2026-08-24T02:12:55Z,188836,290009100,290009100,1
2026-08-24T02:12:55Z,188946,290009100,290009100,5
2026-08-24T02:12:55Z,188947,290000100,290000100,1
2026-08-24T02:12:55Z,188948,5006600,49006600,29
2026-08-24T02:12:55Z,189143,16600,16700,8372
2026-08-24T02:12:55Z,189145,18000000,25000000,293
2026-08-24T02:12:55Z,189146,180000,180000,89
2026-08-24T02:12:55Z,189147,3008000,3008000,36
2026-08-24T02:12:55Z,189148,790000,790000,101
2026-08-24T02:12:55Z,189149,55000,750000,122
2026-08-24T02:12:55Z,189150,23000,23600,192
2026-08-24T02:12:55Z,189151,137500,138000,204
2026-08-24T02:12:55Z,189152,1950200,1990000,134
2026-08-24T02:12:55Z,189153,119900,125000,215
2026-08-24T02:12:55Z,189154,73000000,74000000,210
2026-08-24T02:12:55Z,189155,28000000,35000000,198
2026-08-24T02:12:55Z,189156,34650000,34650000,253
2026-08-24T02:12:55Z,189541,1009900,1190000,963
2026-08-24T02:12:55Z,189542,999000,1199000,1398
2026-08-24T02:12:55Z,189543,1455000,1455000,322
2026-08-24T02:12:55Z,189571,290000300,290000300,1
2026-08-24T02:12:55Z,190235,49000700,49000700,20
2026-08-24T02:12:55Z,190236,290001900,290001900,1
2026-08-24T02:12:55Z,190311,20000,22300,20051
2026-08-24T02:12:55Z,190312,255000,1900000,2547
2026-08-24T02:12:55Z,190313,930000,930000,4405
2026-08-24T02:12:55Z,190314,195600,195600,8548
2026-08-24T02:12:55Z,190315,79900,96200,10630
2026-08-24T02:12:55Z,190316,879500,1299200,1601
2026-08-24T02:12:55Z,190320,99000,105000,22025
2026-08-24T02:12:55Z,190321,1097800,1097900,8270
2026-08-24T02:12:55Z,190322,179000,179000,7864
2026-08-24T02:12:55Z,190324,1899000,1950900,6139
2026-08-24T02:12:55Z,190326,100000,119500,12671
2026-08-24T02:12:55Z,190327,1009900,1009900,11487
2026-08-24T02:12:55Z,190328,107800,109300,7325
2026-08-24T02:12:55Z,190329,1060400,1060400,6579
2026-08-24T02:12:55Z,190330,24000,27000,31349
2026-08-24T02:12:55Z,190331,305000,308100,975
2026-08-24T02:12:55Z,190378,5403300,5403300,347
2026-08-24T02:12:55Z,190380,6041100,6741200,482
2026-08-24T02:12:55Z,190388,88800,88900,288
2026-08-24T02:12:55Z,190394,4900,4900,109612
2026-08-24T02:12:55Z,190395,4200,6500,25809
2026-08-24T02:12:55Z,190396,3000,4100,77014
2026-08-24T02:12:55Z,190450,999500,1007800,1898
2026-08-24T02:12:55Z,190451,89900,100400,9538
2026-08-24T02:12:55Z,190452,129900,135000,3569
2026-08-24T02:12:55Z,190530,880000,880000,154
2026-08-24T02:12:55Z,190531,2061900,2061900,240
2026-08-24T02:12:55Z,190532,500000,750000,134
2026-08-24T02:12:55Z,190533,8001300,8781300,36
2026-08-24T02:12:55Z,190534,2574900,2574900,1208
2026-08-24T02:12:55Z,190535,4111900,4112400,2668
2026-08-24T02:12:55Z,190536,5007700,5007700,29
2026-08-24T02:12:55Z,190537,1990000,39000000,146
2026-08-24T02:12:55Z,190538,1199900,1199900,358
2026-08-24T02:12:55Z,190880,550000,600000,569
2026-08-24T02:12:55Z,190881,9900000,9900000,25
2026-08-24T02:12:55Z,190936,9850000,9850000,24
2026-08-24T02:12:55Z,190953,1300,1300,471
2026-08-24T02:12:55Z,191250,4121700,6324900,44
2026-08-24T02:12:55Z,191256,40000,49900,358
2026-08-24T02:12:55Z,191260,323200,581800,98
2026-08-24T02:12:55Z,191318,13200,13700,112
2026-08-24T02:12:55Z,191319,16400,23400,4303
2026-08-24T02:12:55Z,191320,80000,80000,74
2026-08-24T02:12:55Z,191321,1000000,1300000,127
2026-08-24T02:12:55Z,191322,84500,625000,279
2026-08-24T02:12:55Z,191323,140000,625000,285
2026-08-24T02:12:55Z,191324,40000,40000,76
2026-08-24T02:12:55Z,191325,30000,30000,97
2026-08-24T02:12:55Z,191326,10000,10000,97
2026-08-24T02:12:55Z,191327,9990000,499999800,27
2026-08-24T02:12:55Z,191328,12500,12500,750
2026-08-24T02:12:55Z,191329,249900,249900,634
2026-08-24T02:12:55Z,191330,215600,219900,194
2026-08-24T02:12:55Z,191331,89000,99000,177
2026-08-24T02:12:55Z,191332,220000,250000,63
2026-08-24T02:12:55Z,191333,6800,6800,128
2026-08-24T02:12:55Z,191334,50000,50000,517
2026-08-24T02:12:55Z,191335,20000,20000,59
2026-08-24T02:12:55Z,191336,69000,70000,300
2026-08-24T02:12:55Z,191337,21900,21900,198
2026-08-24T02:12:55Z,191338,200000,230000,146
2026-08-24T02:12:55Z,191339,20000,20000,525
2026-08-24T02:12:55Z,191340,6200,6300,394
2026-08-24T02:12:55Z,191341,4100,4100,1652
2026-08-24T02:12:55Z,191348,1089000,2404900,72
2026-08-24T02:12:55Z,191349,1099900,1099900,227
2026-08-24T02:12:55Z,191350,1229400,1229800,1356
2026-08-24T02:12:55Z,191351,1501000,1501000,49
2026-08-24T02:12:55Z,191352,1000000,1000000,111
2026-08-24T02:12:55Z,191353,999900,1444200,413
2026-08-24T02:12:55Z,191357,279000,279900,102
2026-08-24T02:12:55Z,191358,230100,230100,187
2026-08-24T02:12:55Z,191359,342200,342200,199
2026-08-24T02:12:55Z,191360,18700,18800,66
2026-08-24T02:12:55Z,191361,18500,18600,67
2026-08-24T02:12:55Z,191362,116600,116600,97
2026-08-24T02:12:55Z,191363,1000,3000,1350
2026-08-24T02:12:55Z,191364,24900,24900,346
2026-08-24T02:12:55Z,191365,29900,29900,106
2026-08-24T02:12:55Z,191366,195400,9995400,49
2026-08-24T02:12:55Z,191367,15000,17700,443
2026-08-24T02:12:55Z,191368,29900,29900,125
2026-08-24T02:12:55Z,191369,306100,306400,48
2026-08-24T02:12:55Z,191370,29100,29100,193
2026-08-24T02:12:55Z,191371,127600,127700,221
2026-08-24T02:12:55Z,191372,17400,17400,226
2026-08-24T02:12:55Z,191373,7800,7800,1744
2026-08-24T02:12:55Z,191374,12000,13200,1080
2026-08-24T02:12:55Z,191375,40000,50000,49
2026-08-24T02:12:55Z,191376,19700,19800,70
2026-08-24T02:12:55Z,191377,10000,10000,98
2026-08-24T02:12:55Z,191378,1000,2000,1772
2026-08-24T02:12:55Z,191379,10000,39600,630
2026-08-24T02:12:55Z,191380,4400,4800,2732
2026-08-24T02:12:55Z,191381,50000,50000,586
2026-08-24T02:12:55Z,191382,57800,57800,3628
2026-08-24T02:12:55Z,191383,19900,24900,1272
2026-08-24T02:12:55Z,191384,2000,7000,1872
2026-08-24T02:12:55Z,191385,58300,59200,302
2026-08-24T02:12:55Z,191386,59000,59000,15432
2026-08-24T02:12:55Z,191387,6548800,6548800,130
2026-08-24T02:12:55Z,191388,380000,380000,192
2026-08-24T02:12:55Z,191389,590000,590000,677
2026-08-24T02:12:55Z,191393,3100,3400,8583
2026-08-24T02:12:55Z,191394,110000,110000,317
2026-08-24T02:12:55Z,191395,110200,110200,7453
2026-08-24T02:12:55Z,191396,3700,3700,1059
2026-08-24T02:12:55Z,191397,496300,496300,183
2026-08-24T02:12:55Z,191398,509300,509300,1029
2026-08-24T02:12:55Z,191399,50000,50000,133
2026-08-24T02:12:55Z,191400,10000,10000,121
2026-08-24T02:12:55Z,191401,39900,39900,166
2026-08-24T02:12:55Z,191460,3300,3500,4450
2026-08-24T02:12:55Z,191461,3300,3400,29998
2026-08-24T02:12:55Z,191462,3700,3700,27974
2026-08-24T02:12:55Z,191464,23000,25000,1670
2026-08-24T02:12:55Z,191465,11100,26500,5513
2026-08-24T02:12:55Z,191466,34300,35100,7247
2026-08-24T02:12:55Z,191467,13300,14300,2715
2026-08-24T02:12:55Z,191468,15000,15000,5621
2026-08-24T02:12:55Z,191469,12400,12400,3443
2026-08-24T02:12:55Z,191470,440000,440000,932
2026-08-24T02:12:55Z,191471,430000,440000,5519
2026-08-24T02:12:55Z,191472,440000,440000,4880
2026-08-24T02:12:55Z,191474,47900,47900,3548
2026-08-24T02:12:55Z,191475,88900,104800,1319
2026-08-24T02:12:55Z,191476,299900,299900,1988
2026-08-24T02:12:55Z,191493,7462400,7462400,88
2026-08-24T02:12:55Z,191494,4545600,4545600,49
2026-08-24T02:12:55Z,191495,2771800,2890000,955
2026-08-24T02:12:55Z,191496,1472500,1472500,37
2026-08-24T02:12:55Z,191497,610400,610400,257
2026-08-24T02:12:55Z,191498,799900,799900,1469
2026-08-24T02:12:55Z,191499,75000,75000,64
2026-08-24T02:12:55Z,191500,3000000,7143500,43
2026-08-24T02:12:55Z,191501,206000,206000,103
2026-08-24T02:12:55Z,191502,9945000,9945000,26
2026-08-24T02:12:55Z,191503,349800,349800,61
2026-08-24T02:12:55Z,191504,409000,409000,111
2026-08-24T02:12:55Z,191505,9800100,9800100,20
2026-08-24T02:12:55Z,191506,290000,290000,104
2026-08-24T02:12:55Z,191507,558400,888400,183
2026-08-24T02:12:55Z,191508,49992500,49992500,4
2026-08-24T02:12:55Z,191509,7832000,7832000,43
2026-08-24T02:12:55Z,191510,190000,190000,62
2026-08-24T02:12:55Z,191511,652800,652800,64
2026-08-24T02:12:55Z,191512,181700,181800,237
2026-08-24T02:12:55Z,191513,5000,5000,163
2026-08-24T02:12:55Z,191514,30009200,30009200,6
2026-08-24T02:12:55Z,191515,134500,134500,429
2026-08-24T02:12:55Z,191516,15000,15000,186
2026-08-24T02:12:55Z,191518,8000,8000,674
2026-08-24T02:12:55Z,191519,148500,148500,539
2026-08-24T02:12:55Z,191520,1141400,1141400,53
2026-08-24T02:12:55Z,191521,80000,80000,178
2026-08-24T02:12:55Z,191522,249900,249900,876
2026-08-24T02:12:55Z,191523,396000,396000,44
2026-08-24T02:12:55Z,191524,1111100,1111100,223
2026-08-24T02:12:55Z,191525,9909800,9909800,35
2026-08-24T02:12:55Z,191532,195500,195500,194
2026-08-24T02:12:55Z,191533,9151000,9980000,51
2026-08-24T02:12:55Z,191534,5190000,5199600,19
2026-08-24T02:12:55Z,191861,47500,47500,36
2026-08-24T02:12:55Z,191864,49000100,49000100,20
2026-08-24T02:12:55Z,191872,227800,2007800,54
2026-08-24T02:12:55Z,191873,31470000,31471300,19
2026-08-24T02:12:55Z,191933,58800,58800,337
2026-08-24T02:12:55Z,191939,30900,31000,482
2026-08-24T02:12:55Z,191940,550000,560000,431
2026-08-24T02:12:55Z,191943,11300,37500,272
2026-08-24T02:12:55Z,191944,344700,346800,409
2026-08-24T02:12:55Z,191945,562500,562500,402
2026-08-24T02:12:55Z,191948,390500,460500,64
2026-08-24T02:12:55Z,191949,1110000,1110300,464
2026-08-24T02:12:55Z,191950,306900,507000,562
2026-08-24T02:12:55Z,192095,10000,11200,8052
2026-08-24T02:12:55Z,192096,9200,9200,6577
2026-08-24T02:12:55Z,192097,17400,17400,3848
2026-08-24T02:12:55Z,192552,1749100,1749600,135
2026-08-24T02:12:55Z,192553,107800,107800,122
2026-08-24T02:12:55Z,192554,198000,198000,81
2026-08-24T02:12:55Z,192604,290008400,290008400,1
2026-08-24T02:12:55Z,192605,16600,16600,43
2026-08-24T02:12:55Z,192608,6300,6300,180
2026-08-24T02:12:55Z,192609,7800,7800,40
2026-08-24T02:12:55Z,192610,6100,6100,98
2026-08-24T02:12:55Z,192611,5900,5900,111
2026-08-24T02:12:55Z,192613,12000,12000,36
2026-08-24T02:12:55Z,192614,6300,6300,250
2026-08-24T02:12:55Z,192615,6200,6300,14831
2026-08-24T02:12:55Z,192616,290002200,290002200,1
2026-08-24T02:12:55Z,192617,6400,6400,806
2026-08-24T02:12:55Z,192619,2004600,2004600,36
2026-08-24T02:12:55Z,192620,6200,6300,59
2026-08-24T02:12:55Z,192621,6600,6600,296
2026-08-24T02:12:55Z,192622,6500,6500,163
2026-08-24T02:12:55Z,192623,6000,6000,63
2026-08-24T02:12:55Z,192624,7000,7000,431
2026-08-24T02:12:55Z,192625,7000,7000,406
2026-08-24T02:12:55Z,192626,6600,6600,430
2026-08-24T02:12:55Z,192627,6400,6400,95
2026-08-24T02:12:55Z,192628,6300,6300,120
2026-08-24T02:12:55Z,192629,5900,5900,95
2026-08-24T02:12:55Z,192630,162100,162100,50
2026-08-24T02:12:55Z,192631,6400,6400,663
2026-08-24T02:12:55Z,192632,35000000,49009500,22
2026-08-24T02:12:55Z,192634,6900,6900,60
2026-08-24T02:12:55Z,192635,6100,6100,533
2026-08-24T02:12:55Z,192636,5900,5900,2235
2026-08-24T02:12:55Z,192644,16300,16300,92
2026-08-24T02:12:55Z,192645,503300,503300,51
2026-08-24T02:12:55Z,192646,15900,15900,96
2026-08-24T02:12:55Z,192647,18200,18200,173
2026-08-24T02:12:55Z,192648,17500,17500,315
2026-08-24T02:12:55Z,192650,40000,49000000,22
2026-08-24T02:12:55Z,192651,18800,49009800,22
2026-08-24T02:12:55Z,192652,16500,16500,30
2026-08-24T02:12:55Z,192653,18400,18400,20
2026-08-24T02:12:55Z,192654,17900,18000,25
2026-08-24T02:12:55Z,192655,17700,17700,33
2026-08-24T02:12:55Z,192656,13005600,45005600,18
2026-08-24T02:12:55Z,192657,16800,16800,28
2026-08-24T02:12:55Z,192658,18300,18300,1533
2026-08-24T02:12:55Z,192659,329800,329800,23
2026-08-24T02:12:55Z,192660,49006600,49006600,13
2026-08-24T02:12:55Z,192661,25000,1005000,22
2026-08-24T02:12:55Z,192662,17600,17600,168
2026-08-24T02:12:55Z,192663,24300,45504300,19
2026-08-24T02:12:55Z,192664,49006800,49006800,15
2026-08-24T02:12:55Z,192665,290004200,290004200,1
2026-08-24T02:12:55Z,192666,306600,306600,48
2026-08-24T02:12:55Z,192668,49005000,49005000,15
2026-08-24T02:12:55Z,192669,16200,16200,37
2026-08-24T02:12:55Z,192670,18900,18900,20
2026-08-24T02:12:55Z,192671,4503900,5003900,56
2026-08-24T02:12:55Z,192672,16800,16800,66
2026-08-24T02:12:55Z,192673,16500,16500,33
2026-08-24T02:12:55Z,192674,17000,17000,60
2026-08-24T02:12:55Z,192675,18600,18600,461
2026-08-24T02:12:55Z,192683,17400,17400,30
2026-08-24T02:12:55Z,192684,1500001300,1500001300,1
2026-08-24T02:12:55Z,192685,6999900,6999900,8
2026-08-24T02:12:55Z,192686,290001000,290001000,1
2026-08-24T02:12:55Z,192687,290005100,290005100,1
2026-08-24T02:12:55Z,192688,290000,290000,5
2026-08-24T02:12:55Z,192689,290002600,290002600,1
2026-08-24T02:12:55Z,192690,324500,324500,2
2026-08-24T02:12:55Z,192691,3007400,3007400,7
2026-08-24T02:12:55Z,192692,290003300,290003300,1
2026-08-24T02:12:55Z,192693,290008800,290008800,1
2026-08-24T02:12:55Z,192695,99997800,99997800,8
2026-08-24T02:12:55Z,192697,886500,886800,16
2026-08-24T02:12:55Z,192700,290006500,290006500,1
2026-08-24T02:12:55Z,192701,310000,310000,6
2026-08-24T02:12:55Z,192702,1000000,1000000,5
2026-08-24T02:12:55Z,192703,3500500,3500500,4
2026-08-24T02:12:55Z,192704,50000700,50000700,4
2026-08-24T02:12:55Z,192705,4909700,4909700,4
2026-08-24T02:12:55Z,192706,5004300,5004300,2
2026-08-24T02:12:55Z,192707,290004900,290004900,1
2026-08-24T02:12:55Z,192708,305200,305200,4
2026-08-24T02:12:55Z,192709,100004000,100004000,4
2026-08-24T02:12:55Z,192710,20637400,20637400,2
2026-08-24T02:12:55Z,192711,290001500,290001500,1
2026-08-24T02:12:55Z,192712,218800,218800,5
2026-08-24T02:12:55Z,192713,290003600,290003600,1
2026-08-24T02:12:55Z,192714,990007000,990007000,1
2026-08-24T02:12:55Z,192715,17000,17000,71
2026-08-24T02:12:55Z,192716,301100,301100,2
2026-08-24T02:12:55Z,192717,202800,202900,47
2026-08-24T02:12:55Z,192718,290008100,290008100,2
2026-08-24T02:12:55Z,192719,50002000,50002000,5
2026-08-24T02:12:55Z,192720,4500000,4500000,5
2026-08-24T02:12:55Z,192721,290001700,290001700,1
2026-08-24T02:12:55Z,192722,290800,290800,3
2026-08-24T02:12:55Z,192723,290000100,290000100,2
2026-08-24T02:12:55Z,192724,29008500,29008500,3
2026-08-24T02:12:55Z,192725,1500002400,1500002400,1
2026-08-24T02:12:55Z,192726,319600,319600,6
2026-08-24T02:12:55Z,192727,349900,349900,7
2026-08-24T02:12:55Z,192728,351800,351800,4
2026-08-24T02:12:55Z,192729,297600,297600,22
2026-08-24T02:12:55Z,192730,17600,17600,67
2026-08-24T02:12:55Z,192731,219600,219600,6
2026-08-24T02:12:55Z,192746,19700,19700,35
2026-08-24T02:12:55Z,192747,6100,6200,180
2026-08-24T02:12:55Z,192769,150100,49000100,22
2026-08-24T02:12:55Z,192833,4600,4600,2910
2026-08-24T02:12:55Z,192834,148500,148500,115
2026-08-24T02:12:55Z,192835,54200,54200,384
2026-08-24T02:12:55Z,192836,59800,59800,1901
2026-08-24T02:12:55Z,192837,6000,6000,2396
2026-08-24T02:12:55Z,192838,8900,9500,1237
2026-08-24T02:12:55Z,192839,10000,19700,2415
2026-08-24T02:12:55Z,192840,20000,52000,1294
2026-08-24T02:12:55Z,192841,55500,57400,3296
2026-08-24T02:12:55Z,192842,49900,49900,1772
2026-08-24T02:12:55Z,192843,10000,46500,1916
2026-08-24T02:12:55Z,192844,7800,12500,3982
2026-08-24T02:12:55Z,192845,7500,7500,4676
2026-08-24T02:12:55Z,192846,7000,8800,3962
2026-08-24T02:12:55Z,192847,7500,60000,3760
2026-08-24T02:12:55Z,192848,19900,20000,1777
2026-08-24T02:12:55Z,192849,7400,7400,6187
2026-08-24T02:12:55Z,192850,9000,9000,1820
2026-08-24T02:12:55Z,192851,39100,39100,3524
2026-08-24T02:12:55Z,192852,28100,28100,732
2026-08-24T02:12:55Z,192853,29500,29800,473
2026-08-24T02:12:55Z,192855,26400,26600,970
2026-08-24T02:12:55Z,192856,45500,45500,449
2026-08-24T02:12:55Z,192857,40000,45100,1105
2026-08-24T02:12:55Z,192858,48000,50000,1284
2026-08-24T02:12:55Z,192859,24800,25000,918
2026-08-24T02:12:55Z,192860,29000,29000,1419
2026-08-24T02:12:55Z,192861,100000,110000,1710
2026-08-24T02:12:55Z,192862,35000,37000,624
2026-08-24T02:12:55Z,192863,30000,35500,753
2026-08-24T02:12:55Z,192865,29000,29000,486
2026-08-24T02:12:55Z,192866,30000,30000,1657
2026-08-24T02:12:55Z,192867,20000,20000,690
2026-08-24T02:12:55Z,192868,25500,25500,942
2026-08-24T02:12:55Z,192869,1804800,1804800,468
2026-08-24T02:12:55Z,192870,429900,440000,665
2026-08-24T02:12:55Z,192871,2398800,2398800,151
2026-08-24T02:12:55Z,192872,4000,4000,14694
2026-08-24T02:12:55Z,192876,109900,110000,243
2026-08-24T02:12:55Z,192877,109300,173800,603
2026-08-24T02:12:55Z,192878,197400,197400,510
2026-08-24T02:12:55Z,192880,6900,6900,5757
2026-08-24T02:12:55Z,192883,290000,490000,3430
2026-08-24T02:12:55Z,192884,200000,200000,6829
2026-08-24T02:12:55Z,192885,125000,150000,8465
2026-08-24T02:12:55Z,192887,799900,1934700,249
2026-08-24T02:12:55Z,192894,2400,2500,542
2026-08-24T02:12:55Z,192895,106600,106600,548
2026-08-24T02:12:55Z,192896,17700,20000,471
2026-08-24T02:12:55Z,192897,43700,43800,65
2026-08-24T02:12:55Z,192898,9990100,9990100,208
2026-08-24T02:12:55Z,192899,449800,449800,194
2026-08-24T02:12:55Z,192900,28900,148500,29
2026-08-24T02:12:55Z,192901,350000,359000,36
2026-08-24T02:12:55Z,192902,198000,198000,78
2026-08-24T02:12:55Z,192903,9900,43500,38
2026-08-24T02:12:55Z,192904,290000,340000,48
2026-08-24T02:12:55Z,192905,190000,190000,53
2026-08-24T02:12:55Z,192906,35500,35500,35
2026-08-24T02:12:55Z,192907,140000,150000,31
2026-08-24T02:12:55Z,192908,200000,200000,68
2026-08-24T02:12:55Z,192910,9900,9900,32
2026-08-24T02:12:55Z,192911,170000,170000,35
2026-08-24T02:12:55Z,192912,208900,210000,70
2026-08-24T02:12:55Z,192913,7500,10000,334
2026-08-24T02:12:55Z,192914,40700,149900,192
2026-08-24T02:12:55Z,192916,559300,559300,473
2026-08-24T02:12:55Z,192917,53191900,53191900,2
2026-08-24T02:12:55Z,192918,4000000,9890000,24
2026-08-24T02:12:55Z,192919,1500000,9994900,23
2026-08-24T02:12:55Z,192920,446500,446500,25
2026-08-24T02:12:55Z,192921,5000000,6145100,56
2026-08-24T02:12:55Z,192922,9994000,9994000,21
2026-08-24T02:12:55Z,192923,5009000,5009000,28
2026-08-24T02:12:55Z,192924,300000,9860000,22
2026-08-24T02:12:55Z,192925,1000000,1000000,70
2026-08-24T02:12:55Z,192926,199000000,199000000,2
2026-08-24T02:12:55Z,192927,400000,464800,25
2026-08-24T02:12:55Z,192928,1920000,1989900,29
2026-08-24T02:12:55Z,192929,9990400,9990400,21
2026-08-24T02:12:55Z,192931,9980000,9980000,21
2026-08-24T02:12:55Z,192932,1456400,1471100,133
2026-08-24T02:12:55Z,192933,9998900,9998900,22
2026-08-24T02:12:55Z,192934,300000,6883200,51
2026-08-24T02:12:55Z,192935,4830300,4990000,28
2026-08-24T02:12:55Z,192936,197595900,197595900,2
2026-08-24T02:12:55Z,192937,1430000,9800000,23
2026-08-24T02:12:55Z,192938,2007600,2007600,31
2026-08-24T02:12:55Z,192940,989945000,989945000,3
2026-08-24T02:12:55Z,192941,65000,65000,28
2026-08-24T02:12:55Z,192942,9999800,9999800,25
2026-08-24T02:12:55Z,192943,151410900,151410900,2
2026-08-24T02:12:55Z,192944,1780000,9990000,23
2026-08-24T02:12:55Z,192945,552100,9999800,24
2026-08-24T02:12:55Z,192946,507100,507100,26
2026-08-24T02:12:55Z,192947,6290200,6290200,44
2026-08-24T02:12:55Z,192948,760500,760500,47
2026-08-24T02:12:55Z,192950,1500000,1500000,14
2026-08-24T02:12:55Z,192951,2326500,6860900,29
2026-08-24T02:12:55Z,192952,899200,899200,32
2026-08-24T02:12:55Z,192953,948536200,948536200,9
2026-08-24T02:12:55Z,192954,5000000,6522000,16
2026-08-24T02:12:55Z,192955,9820000,9820000,29
2026-08-24T02:12:55Z,192956,9990000,9990000,22
2026-08-24T02:12:55Z,192957,4980600,6289300,56
2026-08-24T02:12:55Z,192958,1500700,1500700,31
2026-08-24T02:12:55Z,192959,9900000,9900000,21
2026-08-24T02:12:55Z,192960,6000000,8299900,43
2026-08-24T02:12:55Z,192961,485100,485100,47
2026-08-24T02:12:55Z,192962,250000000,250000000,2
2026-08-24T02:12:55Z,192963,4000000,4450000,25
2026-08-24T02:12:55Z,192964,151100,206800,124
2026-08-24T02:12:55Z,192965,192216800,192216800,6
2026-08-24T02:12:55Z,192966,999900,999900,25
2026-08-24T02:12:55Z,192967,1500000,9990000,23
2026-08-24T02:12:55Z,192968,6000,6000,210
2026-08-24T02:12:55Z,192969,14800,20000,687
2026-08-24T02:12:55Z,192970,9880000,9880000,24
2026-08-24T02:12:55Z,192971,13500,13500,80
2026-08-24T02:12:55Z,192972,210000,210000,49
2026-08-24T02:12:55Z,192973,1500000,9990000,22
2026-08-24T02:12:55Z,192974,9900,9900,245
2026-08-24T02:12:55Z,192975,19900,19900,36
2026-08-24T02:12:55Z,192976,1456500,1456500,27
2026-08-24T02:12:55Z,192977,20000,28900,139
2026-08-24T02:12:55Z,192978,209900,209900,55
2026-08-24T02:12:55Z,192979,9990000,9990000,21
2026-08-24T02:12:55Z,192992,17520000,17520000,5
2026-08-24T02:12:55Z,192993,9632500,18980000,25
2026-08-24T02:12:55Z,192994,5000000,16000000,11
2026-08-24T02:12:55Z,193019,1491300,1491300,20
2026-08-24T02:12:55Z,193020,3249700,3249700,12
2026-08-24T02:12:55Z,193021,2009900,2009900,89
2026-08-24T02:12:55Z,193029,3990100,3990100,35
2026-08-24T02:12:55Z,193030,329900,329900,859
2026-08-24T02:12:55Z,193031,190800,190800,3274
2026-08-24T02:12:55Z,193050,1300,2000,224582
2026-08-24T02:12:55Z,193053,10000,46800,40516
2026-08-24T02:12:55Z,193208,10000,13000,25730
2026-08-24T02:12:55Z,193210,2000,5000,34289
2026-08-24T02:12:55Z,193211,15300,15300,59681
2026-08-24T02:12:55Z,193213,500,2000,20109
2026-08-24T02:12:55Z,193214,2500,3200,63760
2026-08-24T02:12:55Z,193215,9900,199900,21388
2026-08-24T02:12:55Z,193216,80000,91000,1410
2026-08-24T02:12:55Z,193217,60000,120000,12836
2026-08-24T02:12:55Z,193218,180000,188000,9430
2026-08-24T02:12:55Z,193222,79000,92400,669
2026-08-24T02:12:55Z,193223,800000,889900,3965
2026-08-24T02:12:55Z,193224,229900,229900,3384
2026-08-24T02:12:55Z,193226,1073800,1073800,602
2026-08-24T02:12:55Z,193227,958900,959000,1031
2026-08-24T02:12:55Z,193228,1000000,1000100,380
2026-08-24T02:12:55Z,193229,2470200,2470200,376
2026-08-24T02:12:55Z,193230,1399800,1399800,2773
2026-08-24T02:12:55Z,193231,9808000,11008600,1075
2026-08-24T02:12:55Z,193236,1494000,1509000,170
2026-08-24T02:12:55Z,193237,1493000,2850000,110
2026-08-24T02:12:55Z,193238,3000000,3000000,207
2026-08-24T02:12:55Z,193242,2195300,2195300,462
2026-08-24T02:12:55Z,193243,1880000,1880000,1196
2026-08-24T02:12:55Z,193244,1980100,1980100,633
2026-08-24T02:12:55Z,193245,1201700,1201700,263
2026-08-24T02:12:55Z,193246,1440000,1440100,490
2026-08-24T02:12:55Z,193247,7240200,7240200,121
2026-08-24T02:12:55Z,193248,1712100,1712100,497
2026-08-24T02:12:55Z,193249,1250000,1250000,271
2026-08-24T02:12:55Z,193250,2999100,9999700,236
2026-08-24T02:12:55Z,193251,628000,628000,8586
2026-08-24T02:12:55Z,193252,7500,199900,21281
2026-08-24T02:12:55Z,193253,9900,13900,18244
2026-08-24T02:12:55Z,193254,777400,777400,1429
2026-08-24T02:12:55Z,193255,70000,78300,11879
2026-08-24T02:12:55Z,193256,30000,289700,2918
2026-08-24T02:12:55Z,193258,8500,13300,38533
2026-08-24T02:12:55Z,193259,16300,81500,17674
2026-08-24T02:12:55Z,193261,500,2600,91484
2026-08-24T02:12:55Z,193262,8800,199900,15449
2026-08-24T02:12:55Z,193360,179900,460400,1459
2026-08-24T02:12:55Z,193368,25700,48100,18868
2026-08-24T02:12:55Z,193369,22300,22300,23567
2026-08-24T02:12:55Z,193370,29900,29900,11389
2026-08-24T02:12:55Z,193378,897000,897000,263
2026-08-24T02:12:55Z,193379,699400,699400,1003
2026-08-24T02:12:55Z,193384,18200,18200,47
2026-08-24T02:12:55Z,193385,16100,16100,51
2026-08-24T02:12:55Z,193387,30006900,49006900,17
2026-08-24T02:12:55Z,193389,17800,17800,29
2026-08-24T02:12:55Z,193391,233900,233900,32
2026-08-24T02:12:55Z,193410,49000000,49000000,21
2026-08-24T02:12:55Z,193420,10008000,10008000,7
2026-08-24T02:12:55Z,193438,2504000,2504000,2
2026-08-24T02:12:55Z,193448,1500007400,1500007400,1
2026-08-24T02:12:55Z,193450,290007800,290007800,2
2026-08-24T02:12:55Z,193468,7777400,7777400,62
2026-08-24T02:12:55Z,193469,2349400,22308900,20
2026-08-24T02:12:55Z,193470,40000,50000,1248
2026-08-24T02:12:55Z,193551,8083800,8083800,77
2026-08-24T02:12:55Z,193552,100000,429200,53
2026-08-24T02:12:55Z,193554,19989800,19989800,9
2026-08-24T02:12:55Z,193555,5343800,5343800,37
2026-08-24T02:12:55Z,193556,199996100,199996100,5
2026-08-24T02:12:55Z,193557,18993000,18993000,14
2026-08-24T02:12:55Z,193559,549700,649700,59
2026-08-24T02:12:55Z,193560,4004900,4004900,24
2026-08-24T02:12:55Z,193561,4200000,4200000,41
2026-08-24T02:12:55Z,193563,200000,550000,133
2026-08-24T02:12:55Z,193564,17500000,17500000,10
2026-08-24T02:12:55Z,193565,9900000,9900000,18
2026-08-24T02:12:55Z,193567,149900,399600,79
2026-08-24T02:12:55Z,193893,19900,19900,433
2026-08-24T02:12:55Z,193894,500000,500000,250
2026-08-24T02:12:55Z,193895,229900,9900000,23
2026-08-24T02:12:55Z,193896,9899400,9899400,99
2026-08-24T02:12:55Z,193922,12900,18900,51422
2026-08-24T02:12:55Z,193923,46200,46300,6400
2026-08-24T02:12:55Z,193924,57300,57300,2039
2026-08-24T02:12:55Z,193925,200000,200000,3817
2026-08-24T02:12:55Z,193926,505200,510300,315
2026-08-24T02:12:55Z,193927,59500,59600,7911
2026-08-24T02:12:55Z,193928,59600,309900,8145
2026-08-24T02:12:55Z,193929,219800,219900,1520
2026-08-24T02:12:55Z,193930,195000,195000,1276
2026-08-24T02:12:55Z,193931,270000,270000,683
2026-08-24T02:12:55Z,193932,4512400,4512500,126
2026-08-24T02:12:55Z,193933,895000,895000,412
2026-08-24T02:12:55Z,193934,940000,940000,272
2026-08-24T02:12:55Z,193935,18000000,18000000,31
2026-08-24T02:12:55Z,193936,4300000,4300000,337
2026-08-24T02:12:55Z,193937,4700000,4700000,175
2026-08-24T02:12:55Z,193938,7649900,7649900,29
2026-08-24T02:12:55Z,193939,4150000,4150000,328
2026-08-24T02:12:55Z,193940,6707000,6708000,221
2026-08-24T02:12:55Z,193941,150100,150100,164
2026-08-24T02:12:55Z,193942,9001800,9001800,38
2026-08-24T02:12:55Z,193943,1467600,1467600,30
2026-08-24T02:12:55Z,193944,3980100,3980100,42
2026-08-24T02:12:55Z,193945,115500,9840000,43
2026-08-24T02:12:55Z,193946,5210000,5210000,57
2026-08-24T02:12:55Z,193950,9700,9700,183
2026-08-24T02:12:55Z,193951,3600,3700,491
2026-08-24T02:12:55Z,193952,34000,34000,917
2026-08-24T02:12:55Z,193953,250000,250000,38
2026-08-24T02:12:55Z,193954,18400,18500,81
2026-08-24T02:12:55Z,193955,22000,22000,271
2026-08-24T02:12:55Z,193956,12500,13800,286
2026-08-24T02:12:55Z,193957,214000,214000,870
2026-08-24T02:12:55Z,193958,24800,36900,403
2026-08-24T02:12:55Z,193959,522400,522400,193
2026-08-24T02:12:55Z,193960,136000,136000,360
2026-08-24T02:12:55Z,193961,342100,342100,832
2026-08-24T02:12:55Z,193962,151300,151400,344
2026-08-24T02:12:55Z,193963,49500,990000,229
2026-08-24T02:12:55Z,193964,250000,250000,683
2026-08-24T02:12:55Z,194008,562500,562500,63
2026-08-24T02:12:55Z,194009,562400,562400,117
2026-08-24T02:12:55Z,194010,506600,506600,59
2026-08-24T02:12:55Z,194011,20986300,20986300,39
2026-08-24T02:12:55Z,194012,8756500,8756500,69
2026-08-24T02:12:55Z,194013,10008000,10008000,68
2026-08-24T02:12:55Z,194014,21476400,21476400,50
2026-08-24T02:12:55Z,194015,5000100,5000100,70
2026-08-24T02:12:55Z,194016,11000000,11000000,34
2026-08-24T02:12:55Z,194035,100002700,100002700,6
2026-08-24T02:12:55Z,194048,1000,1000,1615
2026-08-24T02:12:55Z,194049,50000,93000,291
2026-08-24T02:12:55Z,194050,4100,4100,2146
2026-08-24T02:12:55Z,194071,48500000,48500000,2
2026-08-24T02:12:55Z,194083,1500000800,1500000800,1
2026-08-24T02:12:55Z,194122,9900000,9900000,22
2026-08-24T02:12:55Z,194123,30000,33400,38971
2026-08-24T02:12:55Z,194124,50000,54900,1506
2026-08-24T02:12:55Z,194541,15664000,15664000,65
2026-08-24T02:12:55Z,194542,14409000,14409000,60
2026-08-24T02:12:55Z,194562,9200,26800,479
2026-08-24T02:12:55Z,194566,2443100,2443200,116
2026-08-24T02:12:55Z,194567,353900,353900,64
2026-08-24T02:12:55Z,194568,959000,9969200,51
2026-08-24T02:12:55Z,194569,6507100,6507200,91
2026-08-24T02:12:55Z,194570,425000,500000,53
2026-08-24T02:12:55Z,194571,873800,873800,54
2026-08-24T02:12:55Z,194572,3888800,3889000,94
2026-08-24T02:12:55Z,194573,2850000,2850000,72
2026-08-24T02:12:55Z,194574,874600,884100,61
2026-08-24T02:12:55Z,194575,1200000,1509600,49
2026-08-24T02:12:55Z,194576,5405000,5405000,90
2026-08-24T02:12:55Z,194577,500000,9893100,49
2026-08-24T02:12:55Z,194578,2952000,2952100,76
2026-08-24T02:12:55Z,194579,5000000,5000000,53
2026-08-24T02:12:55Z,194580,754200,884200,77
2026-08-24T02:12:55Z,194680,8000000,8000000,47
2026-08-24T02:12:55Z,194681,168900,168900,82
2026-08-24T02:12:55Z,194683,10000,9899200,47
2026-08-24T02:12:55Z,194684,7700,8100,718
2026-08-24T02:12:55Z,194685,10000,10000,285
2026-08-24T02:12:55Z,194688,9722300,9732000,50
2026-08-24T02:12:55Z,194689,120000,120000,148
2026-08-24T02:12:55Z,194690,746500,1130300,137
2026-08-24T02:12:55Z,194691,47000,47000,3928
2026-08-24T02:12:55Z,194692,7500,7500,61
2026-08-24T02:12:55Z,194693,6509700,6509700,94
2026-08-24T02:12:55Z,194694,37300,37300,128
2026-08-24T02:12:55Z,194695,59800,9899800,48
2026-08-24T02:12:55Z,194723,108500,108500,243
2026-08-24T02:12:55Z,194724,977100,978000,43
2026-08-24T02:12:55Z,194725,555000,555000,191
2026-08-24T02:12:55Z,194730,17700,29900,11282
2026-08-24T02:12:55Z,194731,1159900,1159900,17
2026-08-24T02:12:55Z,194732,890000,890000,210
2026-08-24T02:12:55Z,194733,1881000,1881000,70
2026-08-24T02:12:55Z,194734,749100,749100,104
2026-08-24T02:12:55Z,194735,1978300,1978300,25
2026-08-24T02:12:55Z,194736,4508800,4508800,62
2026-08-24T02:12:55Z,194737,170000,198800,56
2026-08-24T02:12:55Z,194738,1222700,1222700,43
2026-08-24T02:12:55Z,194751,137700,137700,826
2026-08-24T02:12:55Z,194752,148500,148500,1031
2026-08-24T02:12:55Z,194754,4390400,4500400,1086
2026-08-24T02:12:55Z,194755,2989900,2989900,5949
2026-08-24T02:12:55Z,194756,14509000,15009900,411
2026-08-24T02:12:55Z,194758,3442700,3442700,200
2026-08-24T02:12:55Z,194760,1084900,1085900,229
2026-08-24T02:12:55Z,194761,440400,440400,1364
2026-08-24T02:12:55Z,194767,977700,977700,2146
2026-08-24T02:12:55Z,194768,1279200,1279200,1612
2026-08-24T02:12:55Z,194784,9900,800000,701
2026-08-24T02:12:55Z,194785,38940000,38940000,4
2026-08-24T02:12:55Z,194786,950000,39980000,22
2026-08-24T02:12:55Z,194787,400000,400000,25
2026-08-24T02:12:55Z,194788,1440000,1454600,34
2026-08-24T02:12:55Z,194789,12550000,35830000,29
2026-08-24T02:12:55Z,194790,952100,3112200,94
2026-08-24T02:12:55Z,194791,889900,1000000,53
2026-08-24T02:12:55Z,194792,1097100,1189600,29
2026-08-24T02:12:55Z,194793,89990000,89990000,3
2026-08-24T02:12:55Z,194794,649900,649900,35
2026-08-24T02:12:55Z,194795,657400,657400,51
2026-08-24T02:12:55Z,194796,500000,552400,175
2026-08-24T02:12:55Z,194797,666300,666300,172
2026-08-24T02:12:55Z,194798,445500,495000,56
2026-08-24T02:12:55Z,194799,39980000,39980000,13
2026-08-24T02:12:55Z,194800,800000,800000,42
2026-08-24T02:12:55Z,194801,130604700,130604700,2
2026-08-24T02:12:55Z,194802,716800,716800,25
2026-08-24T02:12:55Z,194803,500000,1231100,39
2026-08-24T02:12:55Z,194804,1127000,1156400,45
2026-08-24T02:12:55Z,194805,449200,449200,83
2026-08-24T02:12:55Z,194806,480200,669500,36
2026-08-24T02:12:55Z,194807,1781300,1781300,24
2026-08-24T02:12:55Z,194808,1296100,1322500,23
2026-08-24T02:12:55Z,194809,29990000,29990000,6
2026-08-24T02:12:55Z,194810,919700,919700,77
2026-08-24T02:12:55Z,194811,534600,1327200,22
2026-08-24T02:12:55Z,194812,1720000,1726500,27
2026-08-24T02:12:55Z,194813,430000,431000,45
2026-08-24T02:12:55Z,194814,630500,630500,30
2026-08-24T02:12:55Z,194815,609100,659100,24
2026-08-24T02:12:55Z,194816,1241300,1266600,37
2026-08-24T02:12:55Z,194817,30000,30000,128
2026-08-24T02:12:55Z,194819,29700,29700,551
2026-08-24T02:12:55Z,194820,5000,5000,1577
2026-08-24T02:12:55Z,194821,25000,30000,124
2026-08-24T02:12:55Z,194822,44900,44900,489
2026-08-24T02:12:55Z,194823,30000,35500,670
2026-08-24T02:12:55Z,194824,2000,2000,197
2026-08-24T02:12:55Z,194825,52400,52500,52
2026-08-24T02:12:55Z,194826,100000,100000,57
2026-08-24T02:12:55Z,194827,14107500,14107500,4
2026-08-24T02:12:55Z,194829,132200,132500,609
2026-08-24T02:12:55Z,194846,67900,79800,2897
2026-08-24T02:12:55Z,194850,742300,742300,655
2026-08-24T02:12:55Z,194852,350000,350000,1422
2026-08-24T02:12:55Z,194855,650200,760300,1507
2026-08-24T02:12:55Z,194856,99900,99900,51
2026-08-24T02:12:55Z,194857,99000,99000,642
2026-08-24T02:12:55Z,194858,59900,69900,3302
2026-08-24T02:12:55Z,194859,2997900,2997900,964
2026-08-24T02:12:55Z,194862,7920000,7920000,137
2026-08-24T02:12:55Z,194863,3809300,3809300,2512
2026-08-24T02:12:55Z,194864,15009900,16909900,294
2026-08-24T02:12:55Z,194868,990000,990000,32
2026-08-24T02:12:55Z,194869,990900,990900,49
2026-08-24T02:12:55Z,194870,9009100,9009100,12
2026-08-24T02:12:55Z,194871,9792100,9792100,26
2026-08-24T02:12:55Z,194966,20000,33100,20077
2026-08-24T02:12:55Z,194967,37900,42000,13439
2026-08-24T02:12:55Z,194968,16900,19400,3803
2026-08-24T02:12:55Z,194969,33000,36000,11691
2026-08-24T02:12:55Z,194970,94400,95000,23755
2026-08-24T02:12:55Z,195359,49001800,49001800,20
2026-08-24T02:12:55Z,195360,49000000,49000000,20
2026-08-24T02:12:55Z,195455,220000,9880000,32
2026-08-24T02:12:55Z,195456,9705000,9705000,40
2026-08-24T02:12:55Z,195457,9899000,9899000,55
2026-08-24T02:12:55Z,195459,50000,50000,58
2026-08-24T02:12:55Z,195462,5549900,5550000,43
2026-08-24T02:12:55Z,195463,7000,7000,60
2026-08-24T02:12:55Z,195466,120000,120000,78
2026-08-24T02:12:55Z,195543,19800,19800,31
2026-08-24T02:12:55Z,196440,9800000,9800000,25
2026-08-24T02:12:55Z,196540,666800,9906800,49
2026-08-24T02:12:55Z,196582,123700,9699900,47
2026-08-24T02:12:55Z,196583,9852100,9852100,35
2026-08-24T02:12:55Z,196584,742500,742500,58
2026-08-24T02:12:55Z,196585,9900000,9900000,25
2026-08-24T02:12:55Z,197720,9989900,9989900,12
2026-08-24T02:12:55Z,197721,245100,247500,669
2026-08-24T02:12:55Z,197722,219900,219900,2001
2026-08-24T02:12:55Z,197735,17168100,17168100,173
2026-08-24T02:12:55Z,197736,29994100,29994100,167
2026-08-24T02:12:55Z,197737,1000000,1005600,23
2026-08-24T02:12:55Z,197741,200,1000,347203
2026-08-24T02:12:55Z,197742,300,500,14386
2026-08-24T02:12:55Z,197743,900,5500,8626
2026-08-24T02:12:55Z,197744,300,600,28183
2026-08-24T02:12:55Z,197745,5000,9700,34750
2026-08-24T02:12:55Z,197746,800,1100,64149
2026-08-24T02:12:55Z,197747,300,700,102625
2026-08-24T02:12:55Z,197748,300,300,5202
2026-08-24T02:12:55Z,197749,900,1000,29265
2026-08-24T02:12:55Z,197750,9900,18000,4658
2026-08-24T02:12:55Z,197751,7500,7700,6016
2026-08-24T02:12:55Z,197752,10000,12900,7157
2026-08-24T02:12:55Z,197753,30000,53400,2477
2026-08-24T02:12:55Z,197754,400,400,82476
2026-08-24T02:12:55Z,197755,1300,9000,37068
2026-08-24T02:12:55Z,197756,7900,8000,2572
2026-08-24T02:12:55Z,197757,9900,11500,3583
2026-08-24T02:12:55Z,197758,2000,2000,117
2026-08-24T02:12:55Z,197759,1990000,1990000,110
2026-08-24T02:12:55Z,197760,25000,27000,439
2026-08-24T02:12:55Z,197761,21900,23000,215
2026-08-24T02:12:55Z,197762,5300,5300,58
2026-08-24T02:12:55Z,197763,9100,9100,183
2026-08-24T02:12:55Z,197764,42800,42800,5297
2026-08-24T02:12:55Z,197765,8800,8800,672
2026-08-24T02:12:55Z,197766,41800,41800,354
2026-08-24T02:12:55Z,197767,200000,200000,1196
2026-08-24T02:12:55Z,197768,580000,580000,236
2026-08-24T02:12:55Z,197769,38000,9900000,249
2026-08-24T02:12:55Z,197770,39800,39800,1416
2026-08-24T02:12:55Z,197771,40000,40000,1132
2026-08-24T02:12:55Z,197772,462700,462700,84
2026-08-24T02:12:55Z,197774,12200,12200,736
2026-08-24T02:12:55Z,197775,2300,2300,426
2026-08-24T02:12:55Z,197776,36500,37000,3728
2026-08-24T02:12:55Z,197777,2000,2000,612
2026-08-24T02:12:55Z,197778,2000,2000,882
2026-08-24T02:12:55Z,197779,5000,5000,985
2026-08-24T02:12:55Z,197780,4100,4100,797
2026-08-24T02:12:55Z,197781,3000,3000,1705
2026-08-24T02:12:55Z,197782,5500,5500,1226
2026-08-24T02:12:55Z,197783,4800,4800,467
2026-08-24T02:12:55Z,197784,10000,10000,1339
2026-08-24T02:12:55Z,197785,39000,39000,373
2026-08-24T02:12:55Z,197786,2900,2900,216
2026-08-24T02:12:55Z,197787,54900,54900,595
2026-08-24T02:12:55Z,197788,9900,9900,3994
2026-08-24T02:12:55Z,197789,9900,9900,821
2026-08-24T02:12:55Z,197790,60000,60000,374
2026-08-24T02:12:55Z,197791,9500,9500,2235
2026-08-24T02:12:55Z,197792,225000,225000,720
2026-08-24T02:12:55Z,197793,41100,41100,829
2026-08-24T02:12:55Z,197794,76000,76000,1798
2026-08-24T02:12:55Z,197795,1000000,1000000,132
2026-08-24T02:12:55Z,197847,559900,1219900,76
2026-08-24T02:12:55Z,197848,200000,200000,64
2026-08-24T02:12:55Z,197849,2800,2800,122
2026-08-24T02:12:55Z,197850,56400,9902200,52
2026-08-24T02:12:55Z,197851,668800,668800,196
2026-08-24T02:12:55Z,197852,9801900,9811700,35
2026-08-24T02:12:55Z,197853,4400,4400,135
2026-08-24T02:12:55Z,197854,159800,159800,244
2026-08-24T02:12:55Z,197855,111100,111100,4287
2026-08-24T02:12:55Z,197856,79400,79400,200
2026-08-24T02:12:55Z,197857,400000,400000,83
2026-08-24T02:12:55Z,197858,73400,9900000,50
2026-08-24T02:12:55Z,198043,7498200,7498200,40
2026-08-24T02:12:55Z,198044,9989500,9989500,38
2026-08-24T02:12:55Z,198045,2103400,2603400,25
2026-08-24T02:12:55Z,198047,2009400,2009400,64
2026-08-24T02:12:55Z,198082,204900,204900,65
2026-08-24T02:12:55Z,198160,2908000,2997900,31
2026-08-24T02:12:55Z,198161,26400,32500,1202
2026-08-24T02:12:55Z,198162,35000,35000,765
2026-08-24T02:12:55Z,198163,1628400,1628400,19
2026-08-24T02:12:55Z,198164,174600,198000,163
2026-08-24T02:12:55Z,198165,2009000,2742100,101
2026-08-24T02:12:55Z,198174,5000000,5000000,39
2026-08-24T02:12:55Z,198175,190000,190000,156
2026-08-24T02:12:55Z,198176,9992500,19993200,13
2026-08-24T02:12:55Z,198183,11100,31600,4341
2026-08-24T02:12:55Z,198184,41000,41000,2145
2026-08-24T02:12:55Z,198185,10000,10000,58495
2026-08-24T02:12:55Z,198186,157100,157100,1229
2026-08-24T02:12:55Z,198187,1016900,1016900,777
2026-08-24T02:12:55Z,198188,176900,176900,8542
2026-08-24T02:12:55Z,198189,150000,152000,1023
2026-08-24T02:12:55Z,198190,256400,256400,442
2026-08-24T02:12:55Z,198191,171000,171000,2183
2026-08-24T02:12:55Z,198192,286300,286300,422
2026-08-24T02:12:55Z,198193,332500,332500,664
2026-08-24T02:12:55Z,198194,278800,278800,4532
2026-08-24T02:12:55Z,198195,2905000,2910400,83
2026-08-24T02:12:55Z,198196,2800000,2800000,1170
2026-08-24T02:12:55Z,198197,3389900,3460000,276
2026-08-24T02:12:55Z,198198,2770000,2770000,63
2026-08-24T02:12:55Z,198199,1799900,1799900,155
2026-08-24T02:12:55Z,198200,1800000,1800000,1479
2026-08-24T02:12:55Z,198201,5000000,5000000,51
2026-08-24T02:12:55Z,198202,552100,552100,107
2026-08-24T02:12:55Z,198203,479800,479800,3820
2026-08-24T02:12:55Z,198207,2000000,9000000,58
2026-08-24T02:12:55Z,198208,90000,90000,52
2026-08-24T02:12:55Z,198209,250000,250000,516
2026-08-24T02:12:55Z,198210,90000,90000,52
2026-08-24T02:12:55Z,198211,1734900,9480000,37
2026-08-24T02:12:55Z,198212,1379400,1379400,96
2026-08-24T02:12:55Z,198213,2009800,9989800,64
2026-08-24T02:12:55Z,198214,2000000,9950000,213
2026-08-24T02:12:55Z,198215,2567100,2567100,413
2026-08-24T02:12:55Z,198216,31000,67900,370
2026-08-24T02:12:55Z,198217,130000,130000,286
2026-08-24T02:12:55Z,198218,7900,8000,445
2026-08-24T02:12:55Z,198219,29000,29900,837
2026-08-24T02:12:55Z,198220,89900,90000,374
2026-08-24T02:12:55Z,198221,3339900,9990000,50
2026-08-24T02:12:55Z,198222,698300,698400,923
2026-08-24T02:12:55Z,198223,296900,296900,434
2026-08-24T02:12:55Z,198224,358100,358400,150
2026-08-24T02:12:55Z,198228,2220000,5000000,31
2026-08-24T02:12:55Z,198229,959900,959900,500
2026-08-24T02:12:55Z,198230,3087100,3087100,351
2026-08-24T02:12:55Z,198231,500000,500000,230
2026-08-24T02:12:55Z,198232,50000,50000,136
2026-08-24T02:12:55Z,198233,5212000,9990000,29
2026-08-24T02:12:55Z,198236,700000,700000,38
2026-08-24T02:12:55Z,198237,150000,150000,109
2026-08-24T02:12:55Z,198238,9998800,9998800,10
2026-08-24T02:12:55Z,198239,48700,48800,115
2026-08-24T02:12:55Z,198240,49800,49800,76
2026-08-24T02:12:55Z,198241,96700,96700,210
2026-08-24T02:12:55Z,198247,805000,875000,77
2026-08-24T02:12:55Z,198253,195915300,195915300,2
2026-08-24T02:12:55Z,198254,10000000,10000000,13
2026-08-24T02:12:55Z,198255,29959500,29959500,22
2026-08-24T02:12:55Z,198256,1090000,1090000,73
2026-08-24T02:12:55Z,198257,210000,210000,71
2026-08-24T02:12:55Z,198258,3335900,9996100,24
2026-08-24T02:12:55Z,198259,199890000,199890000,3
2026-08-24T02:12:55Z,198260,3339900,3339900,100
2026-08-24T02:12:55Z,198261,39987800,39987800,19
2026-08-24T02:12:55Z,198265,3929700,3929800,632
2026-08-24T02:12:55Z,198268,490000,490000,724
2026-08-24T02:12:55Z,198278,100900,110900,47
2026-08-24T02:12:55Z,198279,39800,39800,100
2026-08-24T02:12:55Z,198280,920000,920000,35
2026-08-24T02:12:55Z,198281,57600,57600,89
2026-08-24T02:12:55Z,198282,50000,50000,58
2026-08-24T02:12:55Z,198283,2009900,2009900,47
2026-08-24T02:12:55Z,198289,8999900,8999900,75
2026-08-24T02:12:55Z,198290,8000000,9989600,22
2026-08-24T02:12:55Z,198291,39993900,39993900,10
2026-08-24T02:12:55Z,198292,530000,530000,46
2026-08-24T02:12:55Z,198293,50000,50000,222
2026-08-24T02:12:55Z,198294,190000,190000,26
2026-08-24T02:12:55Z,198295,43210000,43210000,2
2026-08-24T02:12:55Z,198296,7440300,7440300,11
2026-08-24T02:12:55Z,198297,84449300,84449300,13
2026-08-24T02:12:55Z,198298,47900,47900,42
2026-08-24T02:12:55Z,198299,1965500,2007000,44
2026-08-24T02:12:55Z,198300,9944200,9944200,9
2026-08-24T02:12:55Z,198301,36262900,36262900,4
2026-08-24T02:12:55Z,198302,13864400,13864400,12
2026-08-24T02:12:55Z,198303,12007700,12007700,9
2026-08-24T02:12:55Z,198304,284300,9519500,52
2026-08-24T02:12:55Z,198305,8500000,9269600,50
2026-08-24T02:12:55Z,198306,12188500,12188600,8
2026-08-24T02:12:55Z,198307,808100,808100,34
2026-08-24T02:12:55Z,198308,100000,450300,74
2026-08-24T02:12:55Z,198309,9989300,499999800,8
2026-08-24T02:12:55Z,198310,699900,700000,24
2026-08-24T02:12:55Z,198311,2006600,2006600,38
2026-08-24T02:12:55Z,198312,6000000,6000000,10
2026-08-24T02:12:55Z,198313,199009000,199009000,1
2026-08-24T02:12:55Z,198314,13576300,13576300,6
2026-08-24T02:12:55Z,198315,7747400,14507400,24
2026-08-24T02:12:55Z,198316,13576300,74828800,69
2026-08-24T02:12:55Z,198317,9650000,9650000,47
2026-08-24T02:12:55Z,198318,7209900,7507000,30
2026-08-24T02:12:55Z,198356,990000,990000,81
2026-08-24T02:12:55Z,198395,198800,198800,351
2026-08-24T02:12:55Z,198397,1170000,1180000,692
2026-08-24T02:12:55Z,198401,4449400,4449400,119
2026-08-24T02:12:55Z,198403,100000,100000,118
2026-08-24T02:12:55Z,198412,39600,39600,7826
2026-08-24T02:12:55Z,198413,89100,89100,4927
2026-08-24T02:12:55Z,198414,190000,194900,7768
2026-08-24T02:12:55Z,198415,673000,673000,2696
2026-08-24T02:12:55Z,198416,895000,895000,1120
2026-08-24T02:12:55Z,198417,589800,589800,1324
2026-08-24T02:12:55Z,198418,17900,19000,5773
2026-08-24T02:12:55Z,198419,11500,15000,5334
2026-08-24T02:12:55Z,198420,300000,300000,874
2026-08-24T02:12:55Z,198421,7500,7500,24529
2026-08-24T02:12:55Z,198422,6600,7700,5686
2026-08-24T02:12:55Z,198423,27200,27300,3695
2026-08-24T02:12:55Z,198431,9712700,9712700,38
2026-08-24T02:12:55Z,198436,9903800,9903800,74
2026-08-24T02:12:55Z,198437,9903800,9903800,77
2026-08-24T02:12:55Z,198440,19900100,19900100,46
2026-08-24T02:12:55Z,198441,89500,89500,146
2026-08-24T02:12:55Z,198487,19400,19400,9485
2026-08-24T02:12:55Z,198491,7500,7500,265
2026-08-24T02:12:55Z,198492,15000,15000,126
2026-08-24T02:12:55Z,198493,500000,500000,41
2026-08-24T02:12:55Z,198494,9900000,10000000,16
2026-08-24T02:12:55Z,198495,6833500,9949200,21
2026-08-24T02:12:55Z,198496,9999900,9999900,37
2026-08-24T02:12:55Z,198497,80000,90000,25
2026-08-24T02:12:55Z,198498,1001200,1001200,94
2026-08-24T02:12:55Z,198499,2998300,2998700,64
2026-08-24T02:12:55Z,198500,9791200,9791200,23
2026-08-24T02:12:55Z,198501,1332900,9908800,22
2026-08-24T02:12:55Z,198502,9999600,9999600,40
2026-08-24T02:12:55Z,198503,6500000,6500000,34
2026-08-24T02:12:55Z,198504,9990000,9990000,22
2026-08-24T02:12:55Z,198505,9851200,9851200,47
2026-08-24T02:12:55Z,198506,3000000,3000000,25
2026-08-24T02:12:55Z,198507,1050000,1050000,33
2026-08-24T02:12:55Z,198508,1839800,1839900,92
2026-08-24T02:12:55Z,198534,900000,900000,36
2026-08-24T02:12:55Z,198535,691100,691100,80
2026-08-24T02:12:55Z,198536,545000,545000,65
2026-08-24T02:12:55Z,198549,249900,249900,150
2026-08-24T02:12:55Z,198550,402100,402100,929
2026-08-24T02:12:55Z,198614,4000000,5000000,50
2026-08-24T02:12:55Z,198619,39990200,39990200,6
2026-08-24T02:12:55Z,198620,4999800,5000000,29
2026-08-24T02:12:55Z,198621,39990600,39990600,16
2026-08-24T02:12:55Z,198833,278100,278100,5
2026-08-24T02:12:55Z,199051,170300,172700,40
2026-08-24T02:12:55Z,199052,9880000,9990000,48
2026-08-24T02:12:55Z,199053,9900000,9900000,38
2026-08-24T02:12:55Z,199054,9989500,9989500,23
2026-08-24T02:12:55Z,199055,9890000,9890000,47
2026-08-24T02:12:55Z,199056,9900000,9900000,48
2026-08-24T02:12:55Z,199057,8156400,9989900,38
2026-08-24T02:12:55Z,199058,9980000,9980000,21
2026-08-24T02:12:55Z,199059,1155800,9750000,35
2026-08-24T02:12:55Z,199060,9507000,9509000,34
2026-08-24T02:12:55Z,199188,50900,50900,72
2026-08-24T02:12:55Z,199189,30700,30700,45
2026-08-24T02:12:55Z,199190,13998200,13998200,7
2026-08-24T02:12:55Z,199193,5005500,20005500,39
2026-08-24T02:12:55Z,199194,9880000,9880000,26
2026-08-24T02:12:55Z,199195,9003800,9003800,71
2026-08-24T02:12:55Z,199204,2000,2000,332
2026-08-24T02:12:55Z,199206,600,1991000,3435
2026-08-24T02:12:55Z,199216,4750000,4750600,214
2026-08-24T02:12:55Z,199219,225200,235200,85
2026-08-24T02:12:55Z,199344,399900,490000,4752
2026-08-24T02:12:55Z,199476,3800,3800,33
2026-08-24T02:12:55Z,199646,39639700,39639700,12
2026-08-24T02:12:55Z,199934,490000,490000,115
2026-08-24T02:12:55Z,199935,2461400,2461400,58
2026-08-24T02:12:55Z,199936,250000,250000,113
2026-08-24T02:12:55Z,199937,71600,72300,22
2026-08-24T02:12:55Z,199938,8000000,8000000,13
2026-08-24T02:12:55Z,199939,199000000,199000000,1
2026-08-24T02:12:55Z,199940,50000,50000,53
2026-08-24T02:12:55Z,199941,80000,80000,36
2026-08-24T02:12:55Z,199942,75000,75000,56
2026-08-24T02:12:55Z,199943,200000,230000,105
2026-08-24T02:12:55Z,199944,11989500,11999500,7
2026-08-24T02:12:55Z,199945,275600,275600,66
2026-08-24T02:12:55Z,199946,199000000,199000000,4
2026-08-24T02:12:55Z,199947,390000,390000,91
2026-08-24T02:12:55Z,199948,90000,95000,173
2026-08-24T02:12:55Z,199949,57700,57700,81
2026-08-24T02:12:55Z,199950,52000,52000,56
2026-08-24T02:12:55Z,199951,284700,284700,35
2026-08-24T02:12:55Z,199952,380000,380000,63
2026-08-24T02:12:55Z,199953,55000,55000,57
2026-08-24T02:12:55Z,199954,207900,207900,72
2026-08-24T02:12:55Z,199955,179000,179000,75
2026-08-24T02:12:55Z,199956,51500,51500,121
2026-08-24T02:12:55Z,199957,50900,50900,19
2026-08-24T02:12:55Z,199958,50000,50000,27
2026-08-24T02:12:55Z,199959,55000,55000,38
2026-08-24T02:12:55Z,199960,58000,60000,53
2026-08-24T02:12:55Z,199961,1990000,1990000,27
2026-08-24T02:12:55Z,199962,500000,500000,17
2026-08-24T02:12:55Z,199963,39991600,39991600,10
2026-08-24T02:12:55Z,199964,12997900,12997900,53
2026-08-24T02:12:55Z,199965,199991400,199991400,5
2026-08-24T02:12:55Z,199966,125000,125000,31
2026-08-24T02:12:55Z,199967,390000,390000,36
2026-08-24T02:12:55Z,199968,1500000,3102100,15
2026-08-24T02:12:55Z,199969,500800,500800,22
2026-08-24T02:12:55Z,199970,15000000,19990000,15
2026-08-24T02:12:55Z,199971,999900,2509500,15
2026-08-24T02:12:55Z,199972,5000000,5000000,9
2026-08-24T02:12:55Z,199973,700000,1503200,38
2026-08-24T02:12:55Z,199974,8009500,20021800,8
2026-08-24T02:12:55Z,199975,20007700,20007800,34
2026-08-24T02:12:55Z,199976,790000,810000,56
2026-08-24T02:12:55Z,199977,727000,727000,23
2026-08-24T02:12:55Z,199978,2993200,2993200,37
2026-08-24T02:12:55Z,199979,650000,650000,56
2026-08-24T02:12:55Z,199980,503000,503000,23
2026-08-24T02:12:55Z,199981,202800,39900000,11
2026-08-24T02:12:55Z,199982,60000,60000,38
2026-08-24T02:12:55Z,199983,89900,89900,39
2026-08-24T02:12:55Z,199984,71600,71600,38
2026-08-24T02:12:55Z,199985,3400000,3400000,55
2026-08-24T02:12:55Z,199986,340000,39900000,11
2026-08-24T02:12:55Z,199987,992700,1002700,74
2026-08-24T02:12:55Z,199988,150000,150000,73
2026-08-24T02:12:55Z,199989,65000,68000,126
2026-08-24T02:12:55Z,199990,60000,565200,47
2026-08-24T02:12:55Z,199991,330000,533600,47
2026-08-24T02:12:55Z,199992,54800,55900,18
2026-08-24T02:12:55Z,199993,351300,351300,98
2026-08-24T02:12:55Z,199994,330000,330000,84
2026-08-24T02:12:55Z,199995,77700,77700,64
2026-08-24T02:12:55Z,199996,95500,401400,58
2026-08-24T02:12:55Z,199997,70000,433000,70
2026-08-24T02:12:55Z,199998,291600,433000,167
2026-08-24T02:12:55Z,199999,66500,66500,23
2026-08-24T02:12:55Z,200000,50000,50000,22
2026-08-24T02:12:55Z,200001,57000,57000,39
2026-08-24T02:12:55Z,200002,989900,989900,33
2026-08-24T02:12:55Z,200003,2000000,4179600,29
2026-08-24T02:12:55Z,200004,3870100,3870100,76
2026-08-24T02:12:55Z,200005,2008200,2978200,61
2026-08-24T02:12:55Z,200006,3700000,3700000,37
2026-08-24T02:12:55Z,200007,3445500,3445600,30
2026-08-24T02:12:55Z,200008,750000,750000,55
2026-08-24T02:12:55Z,200009,8535500,8535500,96
2026-08-24T02:12:55Z,200010,1000000,1128600,23
2026-08-24T02:12:55Z,200011,6000000,7811200,42
2026-08-24T02:12:55Z,200012,2000000,2000000,12
2026-08-24T02:12:55Z,200013,3000000,11814300,43
2026-08-24T02:12:55Z,200014,18910200,18910200,4
2026-08-24T02:12:55Z,200015,5500000,8995700,46
2026-08-24T02:12:55Z,200016,19499900,19499900,60
2026-08-24T02:12:55Z,200017,3009900,3009900,36
2026-08-24T02:12:55Z,200018,9999900,9999900,74
2026-08-24T02:12:55Z,200019,2599100,2599100,17
2026-08-24T02:12:55Z,200020,1499900,1499900,89
2026-08-24T02:12:55Z,200021,440000,440000,35
2026-08-24T02:12:55Z,200022,4509900,4999900,76
2026-08-24T02:12:55Z,200023,2989900,2990000,32
2026-08-24T02:12:55Z,200024,109900,110000,29
2026-08-24T02:12:55Z,200025,184200,323900,176
2026-08-24T02:12:55Z,200026,130000,130000,45
2026-08-24T02:12:55Z,200027,14009000,14009000,15
2026-08-24T02:12:55Z,200028,35009000,35009900,17
2026-08-24T02:12:55Z,200029,39999900,39999900,7
2026-08-24T02:12:55Z,200030,3499900,3499900,82
2026-08-24T02:12:55Z,200031,108000,108000,28
2026-08-24T02:12:55Z,200032,4209000,4250000,40
2026-08-24T02:12:55Z,200033,5930500,5930500,42
2026-08-24T02:12:55Z,200034,1950000,1950000,101
2026-08-24T02:12:55Z,200035,1199800,1199900,102
2026-08-24T02:12:55Z,200036,1980000,1980000,59
2026-08-24T02:12:55Z,200037,100000,100000,101
2026-08-24T02:12:55Z,200038,139900,140000,49
2026-08-24T02:12:55Z,200039,157900,158000,41
2026-08-24T02:12:55Z,200040,1650000,1650000,40
2026-08-24T02:12:55Z,200041,50000,50000,57
2026-08-24T02:12:55Z,200042,100000,140100,188
2026-08-24T02:12:55Z,200043,63000,132200,52
2026-08-24T02:12:55Z,200044,60000,163800,93
2026-08-24T02:12:55Z,200045,10405500,10406000,16
2026-08-24T02:12:55Z,200046,5970000,5970000,17
2026-08-24T02:12:55Z,200047,7602000,7602000,10
2026-08-24T02:12:55Z,200048,7501800,7501800,11
2026-08-24T02:12:55Z,200049,5007000,5997000,7
2026-08-24T02:12:55Z,200050,16992900,16992900,34
2026-08-24T02:12:55Z,200051,7001500,8011500,10
2026-08-24T02:12:55Z,200052,30997900,30997900,24
2026-08-24T02:12:55Z,200053,3501200,4981200,16
2026-08-24T02:12:55Z,200054,24989800,24990000,55
2026-08-24T02:12:55Z,200055,18004600,18004600,25
2026-08-24T02:12:55Z,200056,15009900,15009900,29
2026-08-24T02:12:55Z,200057,3313400,3313400,14
2026-08-24T02:12:55Z,200058,49999700,49999700,9
2026-08-24T02:12:55Z,200059,6004100,6004100,23
2026-08-24T02:12:55Z,200061,58200,179600,20340
2026-08-24T02:12:55Z,200074,88800,89900,4046
2026-08-24T02:12:55Z,200099,9879900,9879900,28
2026-08-24T02:12:55Z,200105,43900,43900,39
2026-08-24T02:12:55Z,200106,39700,39700,38
2026-08-24T02:12:55Z,200107,290005600,290005600,1
2026-08-24T02:12:55Z,200113,1470000,1470000,3409
2026-08-24T02:12:55Z,200224,3500000,3980000,794
2026-08-24T02:12:55Z,200264,3902500,3902500,205
2026-08-24T02:12:55Z,200282,1000000,1000000,26
2026-08-24T02:12:55Z,200304,9990000,9990000,78
2026-08-24T02:12:55Z,200305,9810700,9810700,35
2026-08-24T02:12:55Z,200451,49007900,49008000,22
2026-08-24T02:12:55Z,200476,970300,970300,253
2026-08-24T02:12:55Z,200506,2000,2000,540
2026-08-24T02:12:55Z,200507,9500,10000,1959
2026-08-24T02:12:55Z,200508,1999900,1999900,35
2026-08-24T02:12:55Z,200509,7600,7600,736
2026-08-24T02:12:55Z,200531,70000,70000,33
2026-08-24T02:12:55Z,200532,49004000,49004000,15
2026-08-24T02:12:55Z,200533,290005500,290005500,1
2026-08-24T02:12:55Z,200565,3500000,3500000,36
2026-08-24T02:12:55Z,200566,354000,354000,53
2026-08-24T02:12:55Z,200567,755700,755700,42
2026-08-24T02:12:55Z,200568,2940300,2940300,41
2026-08-24T02:12:55Z,200569,250000,250000,45
2026-08-24T02:12:55Z,200570,799000,799000,151
2026-08-24T02:12:55Z,200571,9693300,9693300,33
2026-08-24T02:12:55Z,200572,499000,506700,40
2026-08-24T02:12:55Z,200573,900000,900000,86
2026-08-24T02:12:55Z,200574,24000000,24000000,12
2026-08-24T02:12:55Z,200575,250000,250000,37
2026-08-24T02:12:55Z,200576,1487700,1487700,88
2026-08-24T02:12:55Z,200577,5500000,5500000,16
2026-08-24T02:12:55Z,200578,228400,608400,51
2026-08-24T02:12:55Z,200579,3217200,3217200,77
2026-08-24T02:12:55Z,200580,2850000,2850000,14
2026-08-24T02:12:55Z,200581,723000,723000,50
2026-08-24T02:12:55Z,200582,2000900,2000900,63
2026-08-24T02:12:55Z,200614,97300,386000,49
2026-08-24T02:12:55Z,200615,591100,591100,160
2026-08-24T02:12:55Z,200616,19999500,19999500,44
2026-08-24T02:12:55Z,200618,15540000,15540000,17
2026-08-24T02:12:55Z,200619,39990000,39990000,5
2026-08-24T02:12:55Z,200623,9901900,9901900,100
2026-08-24T02:12:55Z,200633,60206300,60206300,4
2026-08-24T02:12:55Z,200634,28004300,28004300,111
2026-08-24T02:12:55Z,200652,430000,440000,394
2026-08-24T02:12:55Z,200680,9961400,9961400,45
2026-08-24T02:12:55Z,200681,9961400,9961400,30
2026-08-24T02:12:55Z,200764,290004400,290004400,1
2026-08-24T02:12:55Z,200765,290008900,290008900,1
2026-08-24T02:12:55Z,200766,609900,609900,9
2026-08-24T02:12:55Z,200767,290004600,290004600,1
2026-08-24T02:12:55Z,200768,16009900,19999900,67
2026-08-24T02:12:55Z,200769,49800,49800,109
2026-08-24T02:12:55Z,200770,19879900,19879900,16
2026-08-24T02:12:55Z,200771,290009500,290009500,1
2026-08-24T02:12:55Z,200772,119900,119900,27
2026-08-24T02:12:55Z,200773,657800,657800,14
2026-08-24T02:12:55Z,200774,290001200,290001200,1
2026-08-24T02:12:55Z,200775,290007300,290007300,1
2026-08-24T02:12:55Z,200776,290008000,290008000,25
2026-08-24T02:12:55Z,200777,190800,190800,58
2026-08-24T02:12:55Z,200778,3333600,3333600,9
2026-08-24T02:12:55Z,200779,200002900,200002900,16
2026-08-24T02:12:55Z,200780,149800,149800,43
2026-08-24T02:12:55Z,200781,290008900,290008900,1
2026-08-24T02:12:55Z,200782,290005800,290005800,1
2026-08-24T02:12:55Z,200783,88880000,88880000,29
2026-08-24T02:12:55Z,200784,290004000,290004000,1
2026-08-24T02:12:55Z,200785,479900,479900,4
2026-08-24T02:12:55Z,200786,198900,198900,15
2026-08-24T02:12:55Z,200787,290009100,290009100,24
2026-08-24T02:12:55Z,200788,139900,139900,104
2026-08-24T02:12:55Z,200789,609900,609900,49
2026-08-24T02:12:55Z,200790,26001000,32001000,190
2026-08-24T02:12:55Z,200791,4499900,4499900,18
2026-08-24T02:12:55Z,200792,290009000,290009000,1
2026-08-24T02:12:55Z,200793,489700,489800,118
2026-08-24T02:12:55Z,200794,236800,236800,17
2026-08-24T02:12:55Z,200795,76200,76200,118
2026-08-24T02:12:55Z,200796,290007700,290007700,1
2026-08-24T02:12:55Z,200797,290001000,290001000,9
2026-08-24T02:12:55Z,200798,290000600,290000600,1
2026-08-24T02:12:55Z,200799,290002900,290002900,1
2026-08-24T02:12:55Z,200800,59700,59700,125
2026-08-24T02:12:55Z,200801,290000,298900,32
2026-08-24T02:12:55Z,200802,15001900,15001900,32
2026-08-24T02:12:55Z,200803,2172900,2172900,7
2026-08-24T02:12:55Z,200804,250006500,250006500,32
2026-08-24T02:12:55Z,200805,290006400,290006400,10
2026-08-24T02:12:55Z,200806,187300,187300,35
2026-08-24T02:12:55Z,200807,290003600,290003600,1
2026-08-24T02:12:55Z,200808,5000000,5000000,88
2026-08-24T02:12:55Z,200809,290007100,290007100,1
2026-08-24T02:12:55Z,200810,290005600,290005600,1
2026-08-24T02:12:55Z,200811,190001700,190001700,1
2026-08-24T02:12:55Z,200812,290004400,290004400,1
2026-08-24T02:12:55Z,200813,87900,87900,45
2026-08-24T02:12:55Z,200814,125000000,125000000,11
2026-08-24T02:12:55Z,200815,6200000,6200000,4
2026-08-24T02:12:55Z,200816,488900,488900,21
2026-08-24T02:12:55Z,200817,190007600,190007600,1
2026-08-24T02:12:55Z,200818,290000500,290000500,1
2026-08-24T02:12:55Z,200819,20007900,20007900,112
2026-08-24T02:12:55Z,200820,138900,138900,45
2026-08-24T02:12:55Z,200821,10000000,10000000,12
2026-08-24T02:12:55Z,200822,169400,169400,19
2026-08-24T02:12:55Z,200823,290005700,290005700,1
2026-08-24T02:12:55Z,200824,290008600,290008600,1
2026-08-24T02:12:55Z,200825,289999800,289999800,12
2026-08-24T02:12:55Z,200826,703900,703900,23
2026-08-24T02:12:55Z,200827,290007800,290007800,4
2026-08-24T02:12:55Z,200828,559800,559800,16
2026-08-24T02:12:55Z,200829,290003400,290003400,1
2026-08-24T02:12:55Z,200830,509900,509900,23
2026-08-24T02:12:55Z,200831,290003800,290003800,1
2026-08-24T02:12:55Z,200832,150000000,199992000,92
2026-08-24T02:12:55Z,200833,290003800,290003800,1
2026-08-24T02:12:55Z,200834,299009900,299009900,3
2026-08-24T02:12:55Z,200835,106900,106900,25
2026-08-24T02:12:55Z,200836,129800,129800,53
2026-08-24T02:12:55Z,200837,27779200,27779200,7
2026-08-24T02:12:55Z,200838,5007500,5007500,26
2026-08-24T02:12:55Z,200840,299005300,299005300,1
2026-08-24T02:12:55Z,200841,1209000,1269000,53
2026-08-24T02:12:55Z,200842,2004800,2004800,28
2026-08-24T02:12:55Z,200843,661900,661900,12
2026-08-24T02:12:55Z,200844,290008100,290008100,18
2026-08-24T02:12:55Z,200845,290001500,290001500,1
2026-08-24T02:12:55Z,200846,290000700,290000700,1
2026-08-24T02:12:55Z,200847,290006900,290006900,1
2026-08-24T02:12:55Z,200848,219900,219900,9
2026-08-24T02:12:55Z,200849,290003200,290003200,29
2026-08-24T02:12:55Z,200850,290006100,290006100,1
2026-08-24T02:12:55Z,200851,290002900,290002900,1
2026-08-24T02:12:55Z,200852,148700,148700,24
2026-08-24T02:12:55Z,200853,22220100,22220100,12
2026-08-24T02:12:55Z,200855,9960000,9960000,28
2026-08-24T02:12:55Z,200856,9905000,9905000,28
2026-08-24T02:12:55Z,200860,40000,41900,1093
2026-08-24T02:12:55Z,200871,450900,450900,65
2026-08-24T02:12:55Z,200938,1097300,1111900,391
2026-08-24T02:12:55Z,200944,985100,985100,85
2026-08-24T02:12:55Z,201045,24000,24000,62
2026-08-24T02:12:55Z,201046,9966700,9966700,45
2026-08-24T02:12:55Z,201047,34900,34900,53
2026-08-24T02:12:55Z,201162,290008800,290008800,1
2026-08-24T02:12:55Z,201163,158700,49008700,22
2026-08-24T02:12:55Z,201164,49008900,49008900,20
2026-08-24T02:12:55Z,201165,49000200,49000200,20
2026-08-24T02:12:55Z,201166,49009000,49009000,20
2026-08-24T02:12:55Z,201168,5500000200,5500000200,1
2026-08-24T02:12:55Z,201170,290009700,290009700,1
2026-08-24T02:12:55Z,201173,290009100,290009100,1
2026-08-24T02:12:55Z,201177,290009600,290009600,1
2026-08-24T02:12:55Z,201178,9100,9100,2
2026-08-24T02:12:55Z,201180,49009600,49009600,20
2026-08-24T02:12:55Z,201182,49009400,49009400,20
2026-08-24T02:12:55Z,201184,49009100,49009100,20
2026-08-24T02:12:55Z,201185,290009600,290009600,1
2026-08-24T02:12:55Z,201186,450009100,450009100,1
2026-08-24T02:12:55Z,201188,290009600,290009600,1
2026-08-24T02:12:55Z,201190,290009100,290009100,1
2026-08-24T02:12:55Z,201191,290008800,290008800,1
2026-08-24T02:12:55Z,201192,49009100,49009100,20
2026-08-24T02:12:55Z,201193,49000000,49000000,20
2026-08-24T02:12:55Z,201194,49008800,49008800,20
2026-08-24T02:12:55Z,201195,290009400,290009400,1
2026-08-24T02:12:55Z,201196,1500009000,1500009000,1
2026-08-24T02:12:55Z,201197,299009900,299009900,1
2026-08-24T02:12:55Z,201202,49009400,49009400,20
2026-08-24T02:12:55Z,201203,49009900,49009900,20
2026-08-24T02:12:55Z,201204,49008900,49008900,20
2026-08-24T02:12:55Z,201205,49009700,49009800,22
2026-08-24T02:12:55Z,201206,49000100,49000100,20
2026-08-24T02:12:55Z,201207,49008800,49008800,20
2026-08-24T02:12:55Z,201209,49000500,49000500,18
2026-08-24T02:12:55Z,201216,49009400,49009400,20
2026-08-24T02:12:55Z,201219,49009600,49009600,20
2026-08-24T02:12:55Z,201220,49000500,49000500,20
2026-08-24T02:12:55Z,201221,49008700,49008700,24
2026-08-24T02:12:55Z,201222,52800,52800,33
2026-08-24T02:12:55Z,201226,49009400,49009400,20
2026-08-24T02:12:55Z,201227,290000200,290000200,1
2026-08-24T02:12:55Z,201228,290000500,290000500,1
2026-08-24T02:12:55Z,201310,19997700,19997700,38
2026-08-24T02:12:55Z,201311,2227200,2227200,68
2026-08-24T02:12:55Z,201312,50000,59800,91
2026-08-24T02:12:55Z,201313,450000,450000,37
2026-08-24T02:12:55Z,201314,960000,960000,74
2026-08-24T02:12:55Z,201315,15000,15000,80
2026-08-24T02:12:55Z,201316,9991900,9991900,38
2026-08-24T02:12:55Z,201317,500000,500000,69
2026-08-24T02:12:55Z,201318,21400,21400,84
2026-08-24T02:12:55Z,201319,10270000,10270000,22
2026-08-24T02:12:55Z,201320,9990000,9990000,32
2026-08-24T02:12:55Z,201321,52470300,52470300,4
2026-08-24T02:12:55Z,201325,650000,670000,488
2026-08-24T02:12:55Z,201327,770100,9990100,35
2026-08-24T02:12:55Z,201398,9880000,9880000,40
2026-08-24T02:12:55Z,201399,80000,85000,979
2026-08-24T02:12:55Z,201400,1800000,1830000,1454
2026-08-24T02:12:55Z,201401,87900,88400,852
2026-08-24T02:12:55Z,201402,99800,99800,1111
2026-08-24T02:12:55Z,201403,404400,534600,765
2026-08-24T02:12:55Z,201404,3609600,3609600,9024
2026-08-24T02:12:55Z,201405,2000000,2000000,3114
2026-08-24T02:12:55Z,201406,98900,99000,1422
2026-08-24T02:12:55Z,201407,10004000,10005000,7
2026-08-24T02:12:55Z,201408,1000000,1000000,27
2026-08-24T02:12:55Z,201409,20702600,20702600,7
2026-08-24T02:12:55Z,201413,9939900,9939900,50
2026-08-24T02:12:55Z,201415,9949900,9949900,34
2026-08-24T02:12:55Z,201416,9830000,9830000,40
2026-08-24T02:12:55Z,201417,9890000,9890000,46
2026-08-24T02:12:55Z,201419,850000,850000,47
2026-08-24T02:12:55Z,201420,999000,1199000,3574
2026-08-24T02:12:55Z,201421,4009500,4009600,2202
2026-08-24T02:12:55Z,201422,999900,999900,2006
2026-08-24T02:12:55Z,201424,6800,6800,162
2026-08-24T02:12:55Z,201428,990000,2390000,64
2026-08-24T02:12:55Z,201466,7600,7600,168
2026-08-24T02:12:55Z,201467,35000,35000,73
2026-08-24T02:12:55Z,201468,1109700,1109800,15
2026-08-24T02:12:55Z,201469,1900,1900,1038
2026-08-24T02:12:55Z,201584,52800,990000,213
2026-08-24T02:12:55Z,201697,9907400,9907400,40
2026-08-24T02:12:55Z,201698,9805600,9805600,29
2026-08-24T02:12:55Z,201721,9790000,9790000,30
2026-08-24T02:12:55Z,201723,49009100,49009100,11
2026-08-24T02:12:55Z,201724,2500000000,2500000000,2
2026-08-24T02:12:55Z,201725,102000,9892000,42
2026-08-24T02:12:55Z,201729,3800,3800,2
2026-08-24T02:12:55Z,201813,9509500,9509500,158
2026-08-24T02:12:55Z,201820,9870000,9870000,30
2026-08-24T02:12:55Z,201832,91100,112000,455
2026-08-24T02:12:55Z,201883,19400000,19500000,315
2026-08-24T02:12:55Z,201991,1330000,1339400,943
2026-08-24T02:12:55Z,202065,10000,17000,105
2026-08-24T02:12:55Z,202070,4400,4400,3497
2026-08-24T02:12:55Z,202071,4100,4100,1596
2026-08-24T02:12:55Z,202290,130000,130000,1873
2026-08-24T02:12:55Z,202314,9829200,9829200,33
2026-08-24T02:12:55Z,202315,499999900,499999900,5
2026-08-24T02:12:55Z,202401,880000,880000,73
2026-08-24T02:12:55Z,202712,7900,7900,239
2026-08-24T02:12:55Z,203407,36305300,36305300,135
2026-08-24T02:12:55Z,203408,80000000,80000000,36
2026-08-24T02:12:55Z,203409,20007000,20007000,44
2026-08-24T02:12:55Z,203410,14850200,14850200,61
2026-08-24T02:12:55Z,203411,83440000,83440000,32
2026-08-24T02:12:55Z,203412,145000000,145000000,36
2026-08-24T02:12:55Z,203413,46799400,46799400,36
2026-08-24T02:12:55Z,203414,105000000,105000000,49
2026-08-24T02:12:55Z,203415,9979900,9979900,81
2026-08-24T02:12:55Z,203416,15009800,15009800,73
2026-08-24T02:12:55Z,203417,49989900,49989900,48
2026-08-24T02:12:55Z,203418,4499800,4499900,141
2026-08-24T02:12:55Z,203419,37245800,37622000,150
2026-08-24T02:12:55Z,203652,859900,9998400,91
2026-08-24T02:12:55Z,203762,70000,125000,2136
2026-08-24T02:12:55Z,203763,160000,180000,416
2026-08-24T02:12:55Z,203862,625100,625100,1448
2026-08-24T02:12:55Z,203865,470100,470100,1901
2026-08-24T02:12:55Z,204072,2100,2100,3109
2026-08-24T02:12:55Z,204092,7001000,7001000,19
2026-08-24T02:12:55Z,204234,49005100,49005100,19
2026-08-24T02:12:55Z,204235,2900,2900,143
2026-08-24T02:12:55Z,204237,376200,376200,75
2026-08-24T02:12:55Z,204308,49001600,49001600,22
2026-08-24T02:12:55Z,204310,49008800,49008800,20
2026-08-24T02:12:55Z,204311,90000,99900,21
2026-08-24T02:12:55Z,204312,290002200,290002200,1
2026-08-24T02:12:55Z,204313,49009800,49009800,18
2026-08-24T02:12:55Z,204370,1510000,1510000,2691
2026-08-24T02:12:55Z,204442,49000100,49000100,20
2026-08-24T02:12:55Z,204460,75500,85500,31203
2026-08-24T02:12:55Z,204463,9990000,9990000,450
2026-08-24T02:12:55Z,204464,88000,137900,2905
2026-08-24T02:12:55Z,204565,9850800,9850800,21
2026-08-24T02:12:55Z,204567,9990000,9990000,16
2026-08-24T02:12:55Z,204568,33333300,33333300,2
2026-08-24T02:12:55Z,204613,9853500,9853500,5
2026-08-24T02:12:55Z,204614,6508100,7388100,37
2026-08-24T02:12:55Z,204615,7500000,7500000,9
2026-08-24T02:12:55Z,204621,1451100,1451100,13
2026-08-24T02:12:55Z,204622,1350000,1350000,17
2026-08-24T02:12:55Z,204623,12220000,12220000,4
2026-08-24T02:12:55Z,204700,199696500,199696500,2
2026-08-24T02:12:55Z,204701,14000000,49990000,10
2026-08-24T02:12:55Z,204702,24009000,24009000,16
2026-08-24T02:12:55Z,204708,799700,799700,137
2026-08-24T02:12:55Z,204709,9992800,9992800,33
2026-08-24T02:12:55Z,204710,742500,742500,38
2026-08-24T02:12:55Z,204729,1009800,9969800,35
2026-08-24T02:12:55Z,204730,11300,11300,171
2026-08-24T02:12:55Z,204790,1900,1900,458
2026-08-24T02:12:55Z,204823,59900,59900,35
2026-08-24T02:12:55Z,204825,59900,59900,83
2026-08-24T02:12:55Z,204826,166600,166600,39
2026-08-24T02:12:55Z,204827,9000900,9000900,36
2026-08-24T02:12:55Z,204828,99900,99900,50
2026-08-24T02:12:55Z,204829,6100000,9989800,358
2026-08-24T02:12:55Z,204834,49000100,49000100,21
2026-08-24T02:12:55Z,204835,290000100,290000100,2
2026-08-24T02:12:55Z,204836,49000100,49000100,21
2026-08-24T02:12:55Z,204837,49000100,49000100,20
2026-08-24T02:12:55Z,204838,109800,109800,24
2026-08-24T02:12:55Z,204839,290000100,290000100,2
2026-08-24T02:12:55Z,204840,49000100,49000100,25
2026-08-24T02:12:55Z,204841,49000100,49000100,20
2026-08-24T02:12:55Z,204842,57600,57600,28
2026-08-24T02:12:55Z,204845,168500,168500,128
2026-08-24T02:12:55Z,204858,39905000,39905000,18
2026-08-24T02:12:55Z,204859,759900,759900,327
2026-08-24T02:12:55Z,204860,1709200,1709300,84
2026-08-24T02:12:55Z,204909,990000000,990000000,1
2026-08-24T02:12:55Z,204971,7739400,7739400,25
2026-08-24T02:12:55Z,204972,50200,50200,52
2026-08-24T02:12:55Z,204973,30000,30000,509
2026-08-24T02:12:55Z,204991,9989900,9989900,23
2026-08-24T02:12:55Z,204992,3940000,3949900,143
2026-08-24T02:12:55Z,204993,199000000,199000000,2
2026-08-24T02:12:55Z,204994,7658000,7709000,192
2026-08-24T02:12:55Z,204995,35698400,35698400,59
2026-08-24T02:12:55Z,204996,3501100,3501100,243
2026-08-24T02:12:55Z,205012,43065600,49980000,7
2026-08-24T02:12:55Z,205014,6773400,6773400,2
2026-08-24T02:12:55Z,205015,19991900,19991900,18
2026-08-24T02:12:55Z,205016,99999400,99999400,27
2026-08-24T02:12:55Z,205039,68879800,79990000,40
2026-08-24T02:12:55Z,205043,1990000000,1990000000,1
2026-08-24T02:12:55Z,205044,80009900,80009900,3
2026-08-24T02:12:55Z,205115,10000000,199990000,7
2026-08-24T02:12:55Z,205170,199005600,199005600,4
2026-08-24T02:12:55Z,205171,990000000,990000000,1
2026-08-24T02:12:55Z,205172,197997600,197997600,3
2026-08-24T02:12:55Z,205173,199989700,199989700,1
2026-08-24T02:12:55Z,205221,49006200,49006200,12
2026-08-24T02:12:55Z,205222,49006600,49006600,11
2026-08-24T02:12:55Z,205224,30000100,49000100,19
2026-08-24T02:12:55Z,205235,49000100,49000100,20
2026-08-24T02:12:55Z,205236,990000100,990000100,1
2026-08-24T02:12:55Z,205237,49000100,49000100,22
2026-08-24T02:12:55Z,205238,1500000100,1500000100,1
2026-08-24T02:12:55Z,205239,49000100,49000100,20
2026-08-24T02:12:55Z,205240,49000100,49000100,19
2026-08-24T02:12:55Z,205241,49000100,49000100,20
2026-08-24T02:12:55Z,205242,49000100,49000100,20
2026-08-24T02:12:55Z,205243,49000100,49000100,20
2026-08-24T02:12:55Z,205244,49000100,49000100,20
2026-08-24T02:12:55Z,205411,4000000,4490000,36
2026-08-24T02:12:55Z,205413,35000200,499999900,2177
2026-08-24T02:12:55Z,205417,904900,904900,74
2026-08-24T02:12:55Z,205457,290008400,290008400,1
2026-08-24T02:12:55Z,205459,49000000,49000000,17
2026-08-24T02:12:55Z,205460,8000,8000,34
2026-08-24T02:12:55Z,205461,1108700,1208700,35
2026-08-24T02:12:55Z,205462,233339000,233339000,4
2026-08-24T02:12:55Z,205464,49006800,49006800,15
2026-08-24T02:12:55Z,205465,290001000,290001000,1
2026-08-24T02:12:55Z,205466,49004000,49004000,16
2026-08-24T02:12:55Z,205467,290007500,290007500,1
2026-08-24T02:12:55Z,205468,49000000,49005100,16
2026-08-24T02:12:55Z,205469,290000900,290000900,1
2026-08-24T02:12:55Z,205470,49000000,49000000,20
2026-08-24T02:12:55Z,205471,49006400,49006400,15
2026-08-24T02:12:55Z,205472,990008200,990008200,1
2026-08-24T02:12:55Z,205684,915800,925000,121
2026-08-24T02:12:55Z,205686,250000,683100,260
2026-08-24T02:12:55Z,205690,9700000,9700000,30
2026-08-24T02:12:55Z,205692,970000,1000000,35
2026-08-24T02:12:55Z,205693,450000,9960000,50
2026-08-24T02:12:55Z,205695,290004000,290004000,1
2026-08-24T02:12:55Z,205697,990005900,990005900,1
2026-08-24T02:12:55Z,205698,290003900,290003900,1
2026-08-24T02:12:55Z,205699,49005600,49005600,15
2026-08-24T02:12:55Z,205700,38900,38900,56
2026-08-24T02:12:55Z,205793,180000,180000,54
2026-08-24T02:12:55Z,205794,9754000,9754000,169
2026-08-24T02:12:55Z,205866,49007700,49007700,15
2026-08-24T02:12:55Z,205868,10134300,10134300,34
2026-08-24T02:12:55Z,205869,290004300,290004300,1
2026-08-24T02:12:55Z,205870,5000000,5000000,18
2026-08-24T02:12:55Z,205871,290003000,290003000,1
2026-08-24T02:12:55Z,205872,49005200,49005200,14
2026-08-24T02:12:55Z,205873,290004100,290004100,1
2026-08-24T02:12:55Z,205875,290003400,290003400,1
2026-08-24T02:12:55Z,206967,5900000,5900000,28
2026-08-24T02:12:55Z,206968,9998600,9998600,35
2026-08-24T02:12:55Z,206969,499999900,499999900,6
2026-08-24T02:12:55Z,207021,9994600,9994600,28
2026-08-24T02:12:55Z,207022,25000,25000,379
2026-08-24T02:12:55Z,207023,2200,2200,17240
2026-08-24T02:12:55Z,207039,39439100,39439100,16
2026-08-24T02:12:55Z,207040,100000,100000,1159
2026-08-24T02:12:55Z,207041,29100,29100,146
2026-08-24T02:12:55Z,207054,369200,9969000,45
2026-08-24T02:12:55Z,207085,9998800,9998800,83
2026-08-24T02:12:55Z,207086,3482200,3482200,13
2026-08-24T02:12:55Z,207087,17945500,129999900,23
2026-08-24T02:12:55Z,207088,2999400,2999400,1493
2026-08-24T02:12:55Z,207702,1077400,1359900,21520
2026-08-24T02:12:55Z,207956,4949000,4949000,204
2026-08-24T02:12:55Z,208187,29000000,39970000,12
2026-08-24T02:12:55Z,208188,89999600,89999600,6
2026-08-24T02:12:55Z,208189,180009900,180009900,6
2026-08-24T02:12:55Z,208212,10000,10000,8512
2026-08-24T02:12:55Z,208736,49008900,49008900,13
2026-08-24T02:12:55Z,208746,38417000,38610000,7
2026-08-24T02:12:55Z,208747,9598100,49905000,27
2026-08-24T02:12:55Z,208748,75008100,150008100,15
2026-08-24T02:12:55Z,208856,242300,244800,27
2026-08-24T02:12:55Z,209033,109900,109900,38
2026-08-24T02:12:55Z,209034,186600,186600,3
2026-08-24T02:12:55Z,210221,4100,4200,21305
2026-08-24T02:12:55Z,210244,2840500,2840500,34
2026-08-24T02:12:55Z,210245,750000,9900000,23
2026-08-24T02:12:55Z,210246,7999500,7999500,64
2026-08-24T02:12:55Z,210247,2600000,2794500,64
2026-08-24T02:12:55Z,210248,62900,62900,36
2026-08-24T02:12:55Z,210249,1980000,2000000,72
2026-08-24T02:12:55Z,210438,49008800,49008800,14
2026-08-24T02:12:55Z,210443,290009900,290009900,1
2026-08-24T02:12:55Z,210444,290009000,290009000,1
2026-08-24T02:12:55Z,210445,49009400,49009400,13
2026-08-24T02:12:55Z,210449,5500009800,5500009800,1
2026-08-24T02:12:55Z,210451,18912100,18912100,16
2026-08-24T02:12:55Z,210452,25008800,25008800,26
2026-08-24T02:12:55Z,210456,35007900,79999900,163
2026-08-24T02:12:55Z,210554,290008000,290008000,1
2026-08-24T02:12:55Z,210658,38009900,48999900,22
2026-08-24T02:12:55Z,210671,451600,451600,27
2026-08-24T02:12:55Z,210672,421500,421500,48
2026-08-24T02:12:55Z,210673,9990000,9990000,28
2026-08-24T02:12:55Z,210688,4000400,4000400,211
2026-08-24T02:12:55Z,210796,25500,31100,15425
2026-08-24T02:12:55Z,210797,20000,37400,23265
2026-08-24T02:12:55Z,210798,49500,50500,21255
2026-08-24T02:12:55Z,210799,18400,19700,5604
2026-08-24T02:12:55Z,210800,12000,17400,6686
2026-08-24T02:12:55Z,210801,84900,85000,3688
2026-08-24T02:12:55Z,210802,18900,18900,6896
2026-08-24T02:12:55Z,210803,18900,19400,2214
2026-08-24T02:12:55Z,210804,29900,29900,8609
2026-08-24T02:12:55Z,210805,18200,18200,8079
2026-08-24T02:12:55Z,210806,17800,18100,15944
2026-08-24T02:12:55Z,210807,24500,24500,7345
2026-08-24T02:12:55Z,210808,33000,33700,2740
2026-08-24T02:12:55Z,210809,26700,26700,7488
2026-08-24T02:12:55Z,210810,89900,90000,3276
2026-08-24T02:12:55Z,210819,1000000,1000000,129
2026-08-24T02:12:55Z,210821,1000000,1000000,80
2026-08-24T02:12:55Z,210841,20000,20000,1113
2026-08-24T02:12:55Z,210842,1304300,1304300,113
2026-08-24T02:12:55Z,210930,84000,103800,97133
2026-08-24T02:12:55Z,210931,85900,120000,50096
2026-08-24T02:12:55Z,210932,89900,93400,83679
2026-08-24T02:12:55Z,210933,13500,15200,15206
2026-08-24T02:12:55Z,210934,14900,15600,8040
2026-08-24T02:12:55Z,210935,42900,42900,4827
2026-08-24T02:12:55Z,210936,12000,15300,16652
2026-08-24T02:12:55Z,210937,13900,13900,19371
2026-08-24T02:12:55Z,210938,17000,17500,11679
2026-08-24T02:12:55Z,210939,247500,278500,3189
2026-08-24T02:12:55Z,211270,290009300,290009300,1
2026-08-24T02:12:55Z,211383,940000,949900,57
2026-08-24T02:12:55Z,211400,1550000,9990000,744
2026-08-24T02:12:55Z,211474,101000,111100,37737
2026-08-24T02:12:55Z,211692,49007400,49007400,20
2026-08-24T02:12:55Z,211694,290008300,290008300,1
2026-08-24T02:12:55Z,211695,290002100,290002100,1
2026-08-24T02:12:55Z,211798,49000000,49000000,20
2026-08-24T02:12:55Z,211806,7200,7200,14304
2026-08-24T02:12:55Z,211807,10400,10400,959
2026-08-24T02:12:55Z,211808,57800,57800,1443
2026-08-24T02:12:55Z,211810,9000000,9000000,59
2026-08-24T02:12:55Z,211878,7000,7000,2296
2026-08-24T02:12:55Z,211879,7000,7000,2631
2026-08-24T02:12:55Z,211880,9500,11500,2379
2026-08-24T02:12:55Z,211943,1140000,1140000,248
2026-08-24T02:12:55Z,212239,14800,14800,619
2026-08-24T02:12:55Z,212240,9800,9800,900
2026-08-24T02:12:55Z,212241,104300,104300,3050
2026-08-24T02:12:55Z,212242,10600,10600,7326
2026-08-24T02:12:55Z,212243,11100,11100,753
2026-08-24T02:12:55Z,212244,60000,60000,649
2026-08-24T02:12:55Z,212245,39900,57700,708
2026-08-24T02:12:55Z,212246,32100,32100,326
2026-08-24T02:12:55Z,212247,70000,70000,618
2026-08-24T02:12:55Z,212248,10000,16200,915
2026-08-24T02:12:55Z,212249,28000,28000,1023
2026-08-24T02:12:55Z,212250,430000,430000,472
2026-08-24T02:12:55Z,212251,10000,10000,294
2026-08-24T02:12:55Z,212252,10000,20000,301
2026-08-24T02:12:55Z,212253,490000,490000,446
2026-08-24T02:12:55Z,212254,18700,18700,316
2026-08-24T02:12:55Z,212255,38800,38800,495
2026-08-24T02:12:55Z,212256,103900,103900,248
2026-08-24T02:12:55Z,212257,19000,19400,479
2026-08-24T02:12:55Z,212258,70000,70000,702
2026-08-24T02:12:55Z,212259,220000,220000,269
2026-08-24T02:12:55Z,212260,150000,150000,574
2026-08-24T02:12:55Z,212261,45000,45000,369
2026-08-24T02:12:55Z,212262,73000,73000,196
2026-08-24T02:12:55Z,212263,16600,16600,1492
2026-08-24T02:12:55Z,212264,7000,9800,6343
2026-08-24T02:12:55Z,212265,10200,10200,2314
2026-08-24T02:12:55Z,212266,110000,110000,287
2026-08-24T02:12:55Z,212267,220000,229500,666
2026-08-24T02:12:55Z,212268,990000,990000,825
2026-08-24T02:12:55Z,212269,571700,571700,100
2026-08-24T02:12:55Z,212270,340000,340000,264
2026-08-24T02:12:55Z,212271,410000,410000,404
2026-08-24T02:12:55Z,212272,119000,120000,356
2026-08-24T02:12:55Z,212273,50000,50000,137
2026-08-24T02:12:55Z,212274,899600,899600,955
2026-08-24T02:12:55Z,212275,82600,83000,411
2026-08-24T02:12:55Z,212276,45000,46000,435
2026-08-24T02:12:55Z,212277,299900,299900,739
2026-08-24T02:12:55Z,212278,240000,240000,370
2026-08-24T02:12:55Z,212279,289900,299900,676
2026-08-24T02:12:55Z,212280,950000,986700,255
2026-08-24T02:12:55Z,212281,48000,48000,470
2026-08-24T02:12:55Z,212282,48000,48000,2171
2026-08-24T02:12:55Z,212283,48900,49000,2272
2026-08-24T02:12:55Z,212289,508500,508500,131
2026-08-24T02:12:55Z,212292,99900,99900,915
2026-08-24T02:12:55Z,212298,450000,450000,152
2026-08-24T02:12:55Z,212299,32900,32900,569
2026-08-24T02:12:55Z,212300,699300,699300,99
2026-08-24T02:12:55Z,212301,5000000,5000000,52
2026-08-24T02:12:55Z,212305,13500,108900,146
2026-08-24T02:12:55Z,212306,163200,163300,132
2026-08-24T02:12:55Z,212307,99800,99800,316
2026-08-24T02:12:55Z,212308,170000,170000,445
2026-08-24T02:12:55Z,212309,30000,35000,1784
2026-08-24T02:12:55Z,212310,245500,245600,193
2026-08-24T02:12:55Z,212311,24900,24900,373
2026-08-24T02:12:55Z,212312,20000,90000,152
2026-08-24T02:12:55Z,212313,555400,555400,155
2026-08-24T02:12:55Z,212314,27500,27500,522
2026-08-24T02:12:55Z,212315,188000,188000,178
2026-08-24T02:12:55Z,212316,89900,89900,274
2026-08-24T02:12:55Z,212341,49000000,49000000,20
2026-08-24T02:12:55Z,212345,49000000,49000000,20
2026-08-24T02:12:55Z,212346,290009900,290009900,1
2026-08-24T02:12:55Z,212352,9500000,9500000,3
2026-08-24T02:12:55Z,212495,140000,140000,2672
2026-08-24T02:12:55Z,212498,2500,2500,21064
2026-08-24T02:12:55Z,212505,138000,138000,412
2026-08-24T02:12:55Z,212508,163800,214500,1247
2026-08-24T02:12:55Z,212511,129900,130000,596
2026-08-24T02:12:55Z,212514,194300,194300,767
2026-08-24T02:12:55Z,212531,90000000,90000000,2
2026-08-24T02:12:55Z,212533,90000000,90000000,2
2026-08-24T02:12:55Z,212534,80000000,80000000,2
2026-08-24T02:12:55Z,212563,239800,240000,289
2026-08-24T02:12:55Z,212564,335800,340000,156
2026-08-24T02:12:55Z,212565,450000,32540000,1154
2026-08-24T02:12:55Z,212646,32007500,49007500,15
2026-08-24T02:12:55Z,212647,49006700,49006700,13
2026-08-24T02:12:55Z,212648,2007000,2007000,4
2026-08-24T02:12:55Z,212649,31005800,49005800,15
2026-08-24T02:12:55Z,212664,38900,49500,51600
2026-08-24T02:12:55Z,212665,49800,49900,36012
2026-08-24T02:12:55Z,212666,55000,89800,22614
2026-08-24T02:12:55Z,212667,27000,28500,31395
2026-08-24T02:12:55Z,212668,39000,39900,19978
2026-08-24T02:12:55Z,212669,40000,50000,10297
2026-08-24T02:12:55Z,212670,11600,11600,8651
2026-08-24T02:12:55Z,212672,14900,14900,7354
2026-08-24T02:12:55Z,212673,41100,84900,2974
2026-08-24T02:12:55Z,212674,23600,27500,38403
2026-08-24T02:12:55Z,212675,7500,8300,9371
2026-08-24T02:12:55Z,212676,49000,80100,43439
2026-08-24T02:12:55Z,212688,49008000,49008000,20
2026-08-24T02:12:55Z,212761,290004800,290004800,1
2026-08-24T02:12:55Z,212763,49004000,49004000,12
2026-08-24T02:12:55Z,212764,25006100,25006100,14
2026-08-24T02:12:55Z,212765,290007100,290007100,1
2026-08-24T02:12:55Z,212766,49008400,49008400,13
2026-08-24T02:12:55Z,212767,49005100,49005100,12
2026-08-24T02:12:55Z,212768,35004000,49004000,14
2026-08-24T02:12:55Z,212770,49004300,49004300,12
2026-08-24T02:12:55Z,212771,25008500,25008500,12
2026-08-24T02:12:55Z,212772,290004300,290004300,1
2026-08-24T02:12:55Z,212774,49003900,49003900,11
2026-08-24T02:12:55Z,213026,49004500,49004500,10
2026-08-24T02:12:55Z,213027,49005800,49005800,11
2026-08-24T02:12:55Z,213028,49006300,49006300,11
2026-08-24T02:12:55Z,213029,290008400,290008400,3
2026-08-24T02:12:55Z,213030,49008100,49008100,10
2026-08-24T02:12:55Z,213031,49006600,49006600,13
2026-08-24T02:12:55Z,213032,25005800,49005800,17
2026-08-24T02:12:55Z,213033,290006400,290006400,1
2026-08-24T02:12:55Z,213034,49005700,49005700,10
2026-08-24T02:12:55Z,213035,49004700,49004700,11
2026-08-24T02:12:55Z,213037,49008700,49008700,9
2026-08-24T02:12:55Z,213038,49008200,49008200,12
2026-08-24T02:12:55Z,213039,49003900,49003900,13
2026-08-24T02:12:55Z,213040,49005200,49005200,15
2026-08-24T02:12:55Z,213041,49007900,49007900,11
2026-08-24T02:12:55Z,213042,49004200,49004200,12
2026-08-24T02:12:55Z,213043,49007600,49007600,15
2026-08-24T02:12:55Z,213044,40006600,49006600,14
2026-08-24T02:12:55Z,213045,49007800,49007800,13
2026-08-24T02:12:55Z,213179,49006700,49006700,11
2026-08-24T02:12:55Z,213180,49007400,49007400,11
2026-08-24T02:12:55Z,213182,49006000,49006000,12
2026-08-24T02:12:55Z,213184,44444400,49004400,11
2026-08-24T02:12:55Z,213194,290005800,290005800,1
2026-08-24T02:12:55Z,213195,49006000,49006000,11
2026-08-24T02:12:55Z,213196,49007500,49007500,9
2026-08-24T02:12:55Z,213197,32500,34100,2080
2026-08-24T02:12:55Z,213201,40007500,40007500,13
2026-08-24T02:12:55Z,213203,49006400,49006400,12
2026-08-24T02:12:55Z,213205,290004500,290004500,1
2026-08-24T02:12:55Z,213206,290003800,290003800,1
2026-08-24T02:12:55Z,213210,25005000,25005000,18
2026-08-24T02:12:55Z,213211,49005500,49005500,11
2026-08-24T02:12:55Z,213212,40005200,40005200,18
2026-08-24T02:12:55Z,213213,25005000,49008300,12
2026-08-24T02:12:55Z,213214,32008300,49008300,14
2026-08-24T02:12:55Z,213216,49008900,49008900,10
2026-08-24T02:12:55Z,213219,190000,194100,2881
2026-08-24T02:12:55Z,213220,174800,174900,2275
2026-08-24T02:12:55Z,213221,272500,272500,5798
2026-08-24T02:12:55Z,213234,4440000,4440000,43
2026-08-24T02:12:55Z,213235,1480000,1480000,80
2026-08-24T02:12:55Z,213236,299000100,299000100,1
2026-08-24T02:12:55Z,213237,9920000,9920000,24
2026-08-24T02:12:55Z,213238,900000,900000,74
2026-08-24T02:12:55Z,213239,290000100,290000100,1
2026-08-24T02:12:55Z,213240,300000,300000,18
2026-08-24T02:12:55Z,213241,88002500,88002500,10
2026-08-24T02:12:55Z,213242,303400,304400,20
2026-08-24T02:12:55Z,213245,200000100,200000100,3
2026-08-24T02:12:55Z,213246,290000100,290000100,1
2026-08-24T02:12:55Z,213247,300000,300000,2
2026-08-24T02:12:55Z,213248,290009800,290009900,7
2026-08-24T02:12:55Z,213249,290000100,290000100,1
2026-08-24T02:12:55Z,213250,200000000,200000000,6
2026-08-24T02:12:55Z,213251,20003000,20003000,7
2026-08-24T02:12:55Z,213252,1405500,1406500,15
2026-08-24T02:12:55Z,213253,2000000,2000000,3
2026-08-24T02:12:55Z,213254,200009900,200009900,3
2026-08-24T02:12:55Z,213255,3500000,3500000,3
2026-08-24T02:12:55Z,213256,290000100,290000100,1
2026-08-24T02:12:55Z,213257,19750000,19750000,8
2026-08-24T02:12:55Z,213258,500000,500000,11
2026-08-24T02:12:55Z,213259,289999900,289999900,3
2026-08-24T02:12:55Z,213260,100000000,120000000,7
2026-08-24T02:12:55Z,213261,1400000,1400000,7
2026-08-24T02:12:55Z,213262,606500,606500,10
2026-08-24T02:12:55Z,213263,10000100,10000100,5
2026-08-24T02:12:55Z,213265,26700000,26700000,5
2026-08-24T02:12:55Z,213266,3009000,3009000,9
2026-08-24T02:12:55Z,213267,40000000,40000000,3
2026-08-24T02:12:55Z,213268,290000100,290000100,1
2026-08-24T02:12:55Z,213277,290008000,290008000,1
2026-08-24T02:12:55Z,213358,49007600,49007600,10
2026-08-24T02:12:55Z,213360,290008700,290008700,1
2026-08-24T02:12:55Z,213361,60008900,60008900,7
2026-08-24T02:12:55Z,213362,290001600,290001600,2
2026-08-24T02:12:55Z,213363,49004200,49004200,10
2026-08-24T02:12:55Z,213364,49006900,49007000,12
2026-08-24T02:12:55Z,213366,32004600,49004600,13
2026-08-24T02:12:55Z,213367,20000000,49000000,13
2026-08-24T02:12:55Z,213368,49007900,49007900,10
2026-08-24T02:12:55Z,213374,49004500,49004500,12
2026-08-24T02:12:55Z,213377,49004900,49004900,11
2026-08-24T02:12:55Z,213380,49005100,49005100,10
2026-08-24T02:12:55Z,213384,49008100,49008100,10
2026-08-24T02:12:55Z,213385,25005000,49009900,11
2026-08-24T02:12:55Z,213386,49005000,49005000,14
2026-08-24T02:12:55Z,213387,31005200,49005200,14
2026-08-24T02:12:55Z,213388,49008700,49008700,10
2026-08-24T02:12:55Z,213398,2500,2500,45531
2026-08-24T02:12:55Z,213399,20000,25900,24955
2026-08-24T02:12:55Z,213453,155500000,197010000,8
2026-08-24T02:12:55Z,213454,3499700,3499700,14
2026-08-24T02:12:55Z,213455,4320000,4500000,58
2026-08-24T02:12:55Z,213456,17750000,17750000,10
2026-08-24T02:12:55Z,213457,49995200,49995200,10
2026-08-24T02:12:55Z,213458,3006500,3006500,45
2026-08-24T02:12:55Z,213459,13125000,13125000,15
2026-08-24T02:12:55Z,213460,4930400,4930400,22
2026-08-24T02:12:55Z,213461,12200000,12200000,45
2026-08-24T02:12:55Z,213462,7500000,30876400,126
2026-08-24T02:12:55Z,213463,4000000,11910400,52
2026-08-24T02:12:55Z,213464,12000000,12000000,68
2026-08-24T02:12:55Z,213465,199999900,499999800,7
2026-08-24T02:12:55Z,213466,4500000,4500000,26
2026-08-24T02:12:55Z,213467,3600000,3600000,71
2026-08-24T02:12:55Z,213468,65009600,65009600,13
2026-08-24T02:12:55Z,213469,5723500,5723500,26
2026-08-24T02:12:55Z,213470,3997400,3997400,59
2026-08-24T02:12:55Z,213471,9750000,9750000,7
2026-08-24T02:12:55Z,213472,4959600,4959600,16
2026-08-24T02:12:55Z,213473,5009900,5009900,78
2026-08-24T02:12:55Z,213474,2999900,8360600,73
2026-08-24T02:12:55Z,213475,6995900,6995900,98
2026-08-24T02:12:55Z,213476,12998800,12998800,69
2026-08-24T02:12:55Z,213477,4950000,5000000,26
2026-08-24T02:12:55Z,213478,5391000,5391000,194
2026-08-24T02:12:55Z,213479,7271600,7271600,83
2026-08-24T02:12:55Z,213480,35500000,49900000,13
2026-08-24T02:12:55Z,213481,4207600,4208000,41
2026-08-24T02:12:55Z,213482,3950000,3950000,53
2026-08-24T02:12:55Z,213483,12909700,12909700,13
2026-08-24T02:12:55Z,213484,9000000,9000000,23
2026-08-24T02:12:55Z,213485,7450000,7450000,49
2026-08-24T02:12:55Z,213486,13500000,15507800,105
2026-08-24T02:12:55Z,213487,24993900,24993900,26
2026-08-24T02:12:55Z,213488,14390000,14390000,71
2026-08-24T02:12:55Z,213489,5303600,5303600,13
2026-08-24T02:12:55Z,213490,11110900,11110900,28
2026-08-24T02:12:55Z,213491,9999900,9999900,45
2026-08-24T02:12:55Z,213492,7286900,18750000,21
2026-08-24T02:12:55Z,213493,4482000,5602500,272
2026-08-24T02:12:55Z,213494,6009900,6009900,79
2026-08-24T02:12:55Z,213495,20009900,20009900,6
2026-08-24T02:12:55Z,213496,19509800,19509800,28
2026-08-24T02:12:55Z,213497,10000000,11500000,82
2026-08-24T02:12:55Z,213498,8900000,8900000,9
2026-08-24T02:12:55Z,213499,15004800,15004800,57
2026-08-24T02:12:55Z,213500,10090000,10090000,40
2026-08-24T02:12:55Z,213501,60000,60000,220
2026-08-24T02:12:55Z,213502,333300,333300,94
2026-08-24T02:12:55Z,213503,1704100,1793300,43
2026-08-24T02:12:55Z,213504,28900,167800,237
2026-08-24T02:12:55Z,213505,110000,333300,110
2026-08-24T02:12:55Z,213506,799000,799000,152
2026-08-24T02:12:55Z,213507,140000,140000,65
2026-08-24T02:12:55Z,213508,257800,998000,75
2026-08-24T02:12:55Z,213509,2590000,2590000,106
2026-08-24T02:12:55Z,213510,28900,90000,191
2026-08-24T02:12:55Z,213511,220000,220000,85
2026-08-24T02:12:55Z,213512,2310000,9990000,28
2026-08-24T02:12:55Z,213515,7900100,7900100,30
2026-08-24T02:12:55Z,213516,5500000,5500000,15
2026-08-24T02:12:55Z,213517,27000000,27000000,84
2026-08-24T02:12:55Z,213530,290005200,290005200,1
2026-08-24T02:12:55Z,213531,290004000,290004000,1
2026-08-24T02:12:55Z,213540,49001700,49001700,20
2026-08-24T02:12:55Z,213610,2100,2100,31163
2026-08-24T02:12:55Z,213611,29000,29900,11267
2026-08-24T02:12:55Z,213612,200600,227600,17582
2026-08-24T02:12:55Z,213613,29500,29900,17914
2026-08-24T02:12:55Z,213738,1650000,1650000,29
2026-08-24T02:12:55Z,213739,3199900,3199900,30
2026-08-24T02:12:55Z,213740,12000000,12000000,60
2026-08-24T02:12:55Z,213741,550000,550000,16
2026-08-24T02:12:55Z,213742,3316600,3316600,262
2026-08-24T02:12:55Z,213743,14950000,14950000,184
2026-08-24T02:12:55Z,213744,2180000,2180000,55
2026-08-24T02:12:55Z,213745,8903000,8903000,28
2026-08-24T02:12:55Z,213746,11900000,11900000,30
2026-08-24T02:12:55Z,213747,18000000,18000000,59
2026-08-24T02:12:55Z,213748,4004700,8504700,63
2026-08-24T02:12:55Z,213749,12000000,12000000,4
2026-08-24T02:12:55Z,213750,104900,154900,814
2026-08-24T02:12:55Z,213751,155300,155300,1025
2026-08-24T02:12:55Z,213752,277800,277800,648
2026-08-24T02:12:55Z,213753,258000,399900,161
2026-08-24T02:12:55Z,213754,407900,407900,536
2026-08-24T02:12:55Z,213755,314400,314400,67
2026-08-24T02:12:55Z,213756,84200,84200,767
2026-08-24T02:12:55Z,213757,78900,78900,14007
2026-08-24T02:12:55Z,213758,91800,91800,2470
2026-08-24T02:12:55Z,213759,1999900,1999900,328
2026-08-24T02:12:55Z,213760,1172200,1172200,278
2026-08-24T02:12:55Z,213761,1289900,1295500,111
2026-08-24T02:12:55Z,213762,18229100,19582200,37
2026-08-24T02:12:55Z,213763,1450000,1450000,54
2026-08-24T02:12:55Z,213764,2500000,2500000,28
2026-08-24T02:12:55Z,213765,2000000,2000000,58
2026-08-24T02:12:55Z,213766,484600,494400,50
2026-08-24T02:12:55Z,213767,19980000,19980000,19
2026-08-24T02:12:55Z,213768,3004000,4994000,60
2026-08-24T02:12:55Z,213769,370000,370000,27
2026-08-24T02:12:55Z,213770,100000,100000,39
2026-08-24T02:12:55Z,213771,10009900,10009900,17
2026-08-24T02:12:55Z,213772,1250000,1250000,48
2026-08-24T02:12:55Z,213773,2708100,2708100,62
2026-08-24T02:12:55Z,213774,15002200,15002200,18
2026-08-24T02:12:55Z,213775,909900,39906400,18
2026-08-24T02:12:55Z,213776,26780000,26780000,35
2026-08-24T02:12:55Z,213777,655000,655000,238
2026-08-24T02:12:55Z,215236,2480000,2480000,328
2026-08-24T02:12:55Z,217113,3200000,3200000,72
2026-08-24T02:12:55Z,217114,3500000,3500000,46
2026-08-24T02:12:55Z,217115,14950000,14950000,188
2026-08-24T02:12:55Z,217162,42009900,42009900,14
2026-08-24T02:12:55Z,217163,509900,509900,13
2026-08-24T02:12:55Z,217164,4009900,49009900,15
2026-08-24T02:12:55Z,217167,20009900,49009900,16
2026-08-24T02:12:55Z,217168,290007600,290007600,2
2026-08-24T02:12:55Z,217169,40009900,49009900,15
2026-08-24T02:12:55Z,217170,30000900,49000900,24
2026-08-24T02:12:55Z,217171,8009900,8009900,16
2026-08-24T02:12:55Z,217707,59000,81100,19310
2026-08-24T02:12:55Z,217896,500000,500000,244
2026-08-24T02:12:55Z,218336,700,1000,81832
2026-08-24T02:12:55Z,218337,18400,18400,9725
2026-08-24T02:12:55Z,218338,800,900,307509
2026-08-24T02:12:55Z,218339,1600,1600,181269
2026-08-24T02:12:55Z,218453,300,300,157
2026-08-24T02:12:55Z,219002,1150000,1150000,197
2026-08-24T02:12:55Z,219003,490000,490000,80
2026-08-24T02:12:55Z,219004,1397200,1397200,456
2026-08-24T02:12:55Z,219005,450000,490000,254
2026-08-24T02:12:55Z,219006,1754100,1754100,141
2026-08-24T02:12:55Z,219013,3879800,4900000,2375
2026-08-24T02:12:55Z,219148,7510000,9809600,28
2026-08-24T02:12:55Z,219495,296400,296400,55
2026-08-24T02:12:55Z,219496,578600,578700,323
2026-08-24T02:12:55Z,219497,687600,39997700,89
2026-08-24T02:12:55Z,219504,40000,40000,469
2026-08-24T02:12:55Z,219505,288700,288700,149
2026-08-24T02:12:55Z,219506,92200,92200,94
2026-08-24T02:12:55Z,219880,559900,560000,562
2026-08-24T02:12:55Z,219881,346000,346000,902
2026-08-24T02:12:55Z,219882,661200,661200,2046
2026-08-24T02:12:55Z,219883,439900,440000,284
2026-08-24T02:12:55Z,219884,256100,386200,324
2026-08-24T02:12:55Z,219885,390000,390000,996
2026-08-24T02:12:55Z,219886,459000,509000,270
2026-08-24T02:12:55Z,219887,388000,1844800,461
2026-08-24T02:12:55Z,219888,349900,400000,619
2026-08-24T02:12:55Z,219889,1378600,1579000,235
2026-08-24T02:12:55Z,219890,751900,751900,301
2026-08-24T02:12:55Z,219891,714400,1203500,468
2026-08-24T02:12:55Z,219892,408400,434300,168
2026-08-24T02:12:55Z,219893,350000,1439400,259
2026-08-24T02:12:55Z,219894,406800,406800,641
2026-08-24T02:12:55Z,219898,350000,350000,149
2026-08-24T02:12:55Z,219899,340000,346500,563
2026-08-24T02:12:55Z,219900,501200,601200,507
2026-08-24T02:12:55Z,219901,593700,593800,456
2026-08-24T02:12:55Z,219902,576200,576200,665
2026-08-24T02:12:55Z,219903,585000,589900,82
2026-08-24T02:12:55Z,219905,6500000,6500000,1451
2026-08-24T02:12:55Z,219906,2000000,2000000,134
2026-08-24T02:12:55Z,219907,2350000,2350000,34
2026-08-24T02:12:55Z,219908,5000000,5000000,70
2026-08-24T02:12:55Z,219909,1980100,1980100,146
2026-08-24T02:12:55Z,219910,1000000,1000000,124
2026-08-24T02:12:55Z,219911,609500,850000,49
2026-08-24T02:12:55Z,219912,130000,132900,49
2026-08-24T02:12:55Z,219913,100000,100000,71
2026-08-24T02:12:55Z,219914,1357000,9900000,37
2026-08-24T02:12:55Z,219946,38300,78300,7388
2026-08-24T02:12:55Z,219947,40000,80000,12250
2026-08-24T02:12:55Z,219948,109900,207400,3077
2026-08-24T02:12:55Z,219949,206900,206900,3198
2026-08-24T02:12:55Z,219950,222500,222500,5850
2026-08-24T02:12:55Z,219951,272000,274700,2092
2026-08-24T02:12:55Z,219952,14800,18900,3916
2026-08-24T02:12:55Z,219954,19300,19400,4322
2026-08-24T02:12:55Z,219955,77800,77800,22530
2026-08-24T02:12:55Z,220134,34700,34800,11356
2026-08-24T02:12:55Z,220135,9600,9900,16191
2026-08-24T02:12:55Z,220136,9400,9500,1887
2026-08-24T02:12:55Z,220137,10100,47200,7965
2026-08-24T02:12:55Z,220138,21800,21900,8593
2026-08-24T02:12:55Z,220139,15000,65500,6506
2026-08-24T02:12:55Z,220141,30000,155500,2332
2026-08-24T02:12:55Z,220142,18700,18700,4793
2026-08-24T02:12:55Z,220143,9900,12400,524
2026-08-24T02:12:55Z,220144,12900,12900,3955
2026-08-24T02:12:55Z,220145,10000,19000,896
2026-08-24T02:12:55Z,220146,39900,43900,2678
2026-08-24T02:12:55Z,220147,34900,47400,10683
2026-08-24T02:12:55Z,220148,4995000,9500000,10413
2026-08-24T02:12:55Z,220149,45900,47900,6955
2026-08-24T02:12:55Z,220150,47500,47700,576
2026-08-24T02:12:55Z,220151,478000,490000,1342
2026-08-24T02:12:55Z,220153,2570000,2570000,1150
2026-08-24T02:12:55Z,220219,552000,552000,12
2026-08-24T02:12:55Z,220220,990005700,990005700,1
2026-08-24T02:12:55Z,220221,9994700,9994700,2
2026-08-24T02:12:55Z,220222,250000000,250000000,3
2026-08-24T02:12:55Z,220223,49009900,49009900,22
2026-08-24T02:12:55Z,220224,242000,242600,16
2026-08-24T02:12:55Z,220225,990003500,990003500,1
2026-08-24T02:12:55Z,220226,290000,290000,9
2026-08-24T02:12:55Z,220227,379100,379100,4
2026-08-24T02:12:55Z,220228,290000000,290000000,2
2026-08-24T02:12:55Z,220229,778000,778000,9
2026-08-24T02:12:55Z,220230,240600,240600,17
2026-08-24T02:12:55Z,220231,290006200,290006200,1
2026-08-24T02:12:55Z,220232,7200,7200,200
2026-08-24T02:12:55Z,220234,49000000,49000000,24
2026-08-24T02:12:55Z,220235,347000,347000,4
2026-08-24T02:12:55Z,220236,55006000,55006000,10
2026-08-24T02:12:55Z,220237,290005400,290005400,1
2026-08-24T02:12:55Z,220238,20009600,20009600,3
2026-08-24T02:12:55Z,220239,290007700,290007700,1
2026-08-24T02:12:55Z,220240,299007600,299007600,1
2026-08-24T02:12:55Z,220241,20007500,20007500,3
2026-08-24T02:12:55Z,220242,290000000,290000000,3
2026-08-24T02:12:55Z,220243,290007100,290007100,1
2026-08-24T02:12:55Z,220244,367300,367300,3
2026-08-24T02:12:55Z,220245,289000000,289000000,3
2026-08-24T02:12:55Z,220246,250000000,250000000,2
2026-08-24T02:12:55Z,220247,7900,8100,65
2026-08-24T02:12:55Z,220248,174800,189000,31
2026-08-24T02:12:55Z,220249,7600,7600,640
2026-08-24T02:12:55Z,220250,290007600,290007600,1
2026-08-24T02:12:55Z,220251,6500,6500,103
2026-08-24T02:12:55Z,220252,6700,80000,125
2026-08-24T02:12:55Z,220253,6600,6600,54
2026-08-24T02:12:55Z,220254,16900,16900,57
2026-08-24T02:12:55Z,220255,6300,6300,135
2026-08-24T02:12:55Z,220256,76500,76600,33
2026-08-24T02:12:55Z,220257,40000,40000,107
2026-08-24T02:12:55Z,220258,37900,38000,103
2026-08-24T02:12:55Z,220259,19800,19900,126
2026-08-24T02:12:55Z,220261,18900,18900,97
2026-08-24T02:12:55Z,220262,7000,7000,34
2026-08-24T02:12:55Z,220263,9100,11000,39
2026-08-24T02:12:55Z,220264,7100,7100,145
2026-08-24T02:12:55Z,220265,290000300,290000300,1
2026-08-24T02:12:55Z,220266,7800,9907800,115
2026-08-24T02:12:55Z,220267,7200,7200,154
2026-08-24T02:12:55Z,220268,7000,7000,91
2026-08-24T02:12:55Z,220269,49000000,49000000,23
2026-08-24T02:12:55Z,220270,49009500,49009600,27
2026-08-24T02:12:55Z,220271,7400,7400,107
2026-08-24T02:12:55Z,220272,290000000,290000000,1
2026-08-24T02:12:55Z,220273,184700,49006500,26
2026-08-24T02:12:55Z,220274,290007600,290007600,1
2026-08-24T02:12:55Z,220275,28600,28600,36
2026-08-24T02:12:55Z,220276,20000,20000,144
2026-08-24T02:12:55Z,220277,18200,18200,101
2026-08-24T02:12:55Z,220278,290000700,290000700,1
2026-08-24T02:12:55Z,220279,29500,29500,38
2026-08-24T02:12:55Z,220280,20000,20000,33
2026-08-24T02:12:55Z,220281,18700,18700,251
2026-08-24T02:12:55Z,220282,20400,20400,66
2026-08-24T02:12:55Z,220283,19500,19500,42
2026-08-24T02:12:55Z,220285,290007600,290007600,1
2026-08-24T02:12:55Z,220286,290007600,290007600,1
2026-08-24T02:12:55Z,220287,290007600,290007600,1
2026-08-24T02:12:55Z,220288,290001300,290001300,1
2026-08-24T02:12:55Z,220289,18800,18800,72
2026-08-24T02:12:55Z,220290,39600,39900,21
2026-08-24T02:12:55Z,220291,150000,49000000,18
2026-08-24T02:12:55Z,220292,139900,159900,28
2026-08-24T02:12:55Z,220293,49009900,49009900,15
2026-08-24T02:12:55Z,220294,49000400,49000400,15
2026-08-24T02:12:55Z,220295,18200,18200,89
2026-08-24T02:12:55Z,220296,31400,31500,37
2026-08-24T02:12:55Z,220297,19000,19000,168
2026-08-24T02:12:55Z,220298,290007600,290007600,1
2026-08-24T02:12:55Z,220299,19800,19800,45
2026-08-24T02:12:55Z,220300,22800,22800,97
2026-08-24T02:12:55Z,220301,73500,73500,139
2026-08-24T02:12:55Z,220302,48008900,49009000,29
2026-08-24T02:12:55Z,220303,49900,50000,28
2026-08-24T02:12:55Z,220355,220000,220000,76
2026-08-24T02:12:55Z,220361,49000,49100,61
2026-08-24T02:12:55Z,220362,3999900,49000000,58
2026-08-24T02:12:55Z,220363,100005700,290005700,7
2026-08-24T02:12:55Z,220380,49007600,49007600,20
2026-08-24T02:12:55Z,220438,35007600,49007600,35
2026-08-24T02:12:55Z,220439,49007600,49007600,10
2026-08-24T02:12:55Z,220440,5500007600,5500007600,1
2026-08-24T02:12:55Z,220441,1500007600,1500007600,1
2026-08-24T02:12:55Z,220442,290007600,290007600,1
2026-08-24T02:12:55Z,220443,290007600,290007600,1
2026-08-24T02:12:55Z,220444,290007600,290007600,1
2026-08-24T02:12:55Z,220445,1500007600,1500007600,1
2026-08-24T02:12:55Z,220447,290009900,290009900,2
2026-08-24T02:12:55Z,220448,990007600,990007600,1
2026-08-24T02:12:55Z,220484,290007600,290007600,1
2026-08-24T02:12:55Z,220486,1500007600,1500007600,1
2026-08-24T02:12:55Z,220491,49009900,49009900,21
2026-08-24T02:12:55Z,220509,1900000,1926800,7
2026-08-24T02:12:55Z,221550,9947300,9948500,74
2026-08-24T02:12:55Z,221754,19100,20000,5643
2026-08-24T02:12:55Z,221756,19900,20200,4793
2026-08-24T02:12:55Z,221757,19900,20000,3758
2026-08-24T02:12:55Z,221758,29000,30000,6847
2026-08-24T02:12:55Z,221763,20000,20100,4999
2026-08-24T02:12:55Z,221853,160000,162800,7794
2026-08-24T02:12:55Z,221854,159800,160000,5814
2026-08-24T02:12:55Z,221855,580000,580000,2076
2026-08-24T02:12:55Z,221856,240000,240000,3048
2026-08-24T02:12:55Z,221857,139900,150000,920
2026-08-24T02:12:55Z,221858,369000,369000,1578
2026-08-24T02:12:55Z,221859,232500,233000,581
2026-08-24T02:12:55Z,221860,228500,233200,348
2026-08-24T02:12:55Z,221861,445500,445500,792
2026-08-24T02:12:55Z,221862,330000,350000,582
2026-08-24T02:12:55Z,221863,260000,597500,175
2026-08-24T02:12:55Z,221864,409500,409500,434
2026-08-24T02:12:55Z,221865,498900,499000,331
2026-08-24T02:12:55Z,221866,466600,466600,1493
2026-08-24T02:12:55Z,221867,448500,1999900,222
2026-08-24T02:12:55Z,221868,509000,520000,872
2026-08-24T02:12:55Z,221869,483500,483500,618
2026-08-24T02:12:55Z,221870,1880400,1880400,1090
2026-08-24T02:12:55Z,221872,86000,159500,149
2026-08-24T02:12:55Z,221873,109900,109900,115
2026-08-24T02:12:55Z,221874,2089900,2089900,131
2026-08-24T02:12:55Z,221876,66900,66900,114
2026-08-24T02:12:55Z,221877,300000,300000,318
2026-08-24T02:12:55Z,221878,2459600,2459600,85
2026-08-24T02:12:55Z,221880,64700,64700,111
2026-08-24T02:12:55Z,221881,40000,40000,77
2026-08-24T02:12:55Z,221882,429400,429900,269
2026-08-24T02:12:55Z,221904,890000,890000,70
2026-08-24T02:12:55Z,221905,1016000,1016000,14
2026-08-24T02:12:55Z,221906,5989500,5989500,33
2026-08-24T02:12:55Z,221908,601100,601100,83
2026-08-24T02:12:55Z,221909,609900,609900,26
2026-08-24T02:12:55Z,221910,4978800,4978800,23
2026-08-24T02:12:55Z,221911,91400,91400,45
2026-08-24T02:12:55Z,221912,1035000,1035000,36
2026-08-24T02:12:55Z,221913,9994300,9994300,39
2026-08-24T02:12:55Z,221914,429500,429500,42
2026-08-24T02:12:55Z,221915,880000,880000,37
2026-08-24T02:12:55Z,221916,5996400,5996400,29
2026-08-24T02:12:55Z,221917,39203100,39203100,33
2026-08-24T02:12:55Z,221918,49996800,49996800,20
2026-08-24T02:12:55Z,221919,9995400,9995400,53
2026-08-24T02:12:55Z,221920,1499100,1499100,27
2026-08-24T02:12:55Z,221921,1021400,2107200,40
2026-08-24T02:12:55Z,221922,13006500,15006500,72
2026-08-24T02:12:55Z,221923,384400,384400,50
2026-08-24T02:12:55Z,221924,760500,760500,20
2026-08-24T02:12:55Z,221925,24070200,24070200,87
2026-08-24T02:12:55Z,221926,401600,401600,24
2026-08-24T02:12:55Z,221927,419900,419900,19
2026-08-24T02:12:55Z,221928,2809000,2809000,22
2026-08-24T02:12:55Z,221932,371100,371100,43
2026-08-24T02:12:55Z,221933,4752500,4752500,16
2026-08-24T02:12:55Z,221934,3330000,3330000,26
2026-08-24T02:12:55Z,221935,489300,489300,17
2026-08-24T02:12:55Z,221936,556900,556900,12
2026-08-24T02:12:55Z,221937,999900,999900,23
2026-08-24T02:12:55Z,221938,446400,446400,40
2026-08-24T02:12:55Z,221939,759400,759400,10
2026-08-24T02:12:55Z,221940,3725600,3725600,17
2026-08-24T02:12:55Z,221941,493900,493900,53
2026-08-24T02:12:55Z,221942,509600,7537000,51
2026-08-24T02:12:55Z,221943,2538900,2538900,15
2026-08-24T02:12:55Z,221949,290000,299900,147
2026-08-24T02:12:55Z,221953,299900,299900,324
2026-08-24T02:12:55Z,221954,154200,194200,1260
2026-08-24T02:12:55Z,221955,909900,999900,1769
2026-08-24T02:12:55Z,221959,880400,880400,735
2026-08-24T02:12:55Z,222417,609500,609800,577
2026-08-24T02:12:55Z,222418,729000,730000,2993
2026-08-24T02:12:55Z,222419,1349800,1349800,1879
2026-08-24T02:12:55Z,222420,1639900,1648700,682
2026-08-24T02:12:55Z,222421,1230000,1237500,735
2026-08-24T02:12:55Z,222422,1499200,1499200,1734
2026-08-24T02:12:55Z,222423,620000,625000,246
2026-08-24T02:12:55Z,222424,650000,659400,1370
2026-08-24T02:12:55Z,222425,686900,695000,1181
2026-08-24T02:12:55Z,222426,1399800,1399800,210
2026-08-24T02:12:55Z,222427,1127400,1127400,161
2026-08-24T02:12:55Z,222428,2475000,2475000,628
2026-08-24T02:12:55Z,222499,55000,55000,909
2026-08-24T02:12:55Z,222500,352000,352000,252
2026-08-24T02:12:55Z,222501,1480000,1480000,75
2026-08-24T02:12:55Z,222502,150000,150000,216
2026-08-24T02:12:55Z,222503,37200,37200,770
2026-08-24T02:12:55Z,222504,35400,35400,897
2026-08-24T02:12:55Z,222505,3330000,39000000,24
2026-08-24T02:12:55Z,222506,1000200,1070200,144
2026-08-24T02:12:55Z,222507,2000000,2141400,326
2026-08-24T02:12:55Z,222508,35400,35400,362
2026-08-24T02:12:55Z,222509,37100,37100,456
2026-08-24T02:12:55Z,222510,35100,35100,303
2026-08-24T02:12:55Z,222511,199500,199500,124
2026-08-24T02:12:55Z,222512,555000,555000,264
2026-08-24T02:12:55Z,222513,972000,972000,117
2026-08-24T02:12:55Z,222514,564300,564300,120
2026-08-24T02:12:55Z,222515,551400,551400,140
2026-08-24T02:12:55Z,222516,1469100,1469200,114
2026-08-24T02:12:55Z,222520,100000,2250000,89
2026-08-24T02:12:55Z,222523,1000000,1199900,362
2026-08-24T02:12:55Z,222533,6800,6900,4349
2026-08-24T02:12:55Z,222555,51400,55000,1124
2026-08-24T02:12:55Z,222556,181300,181500,2024
2026-08-24T02:12:55Z,222557,200200,200200,343
2026-08-24T02:12:55Z,222558,960300,960300,266
2026-08-24T02:12:55Z,222559,960000,960000,716
2026-08-24T02:12:55Z,222560,948600,948700,862
2026-08-24T02:12:55Z,222579,6728300,6728300,21
2026-08-24T02:12:55Z,222580,4000000,4008000,17
2026-08-24T02:12:55Z,222581,1887100,1987100,449
2026-08-24T02:12:55Z,222582,780900,1099900,20
2026-08-24T02:12:55Z,222583,2058100,2058100,40
2026-08-24T02:12:55Z,222584,1159900,1590000,583
2026-08-24T02:12:55Z,222585,360900,360900,55
2026-08-24T02:12:55Z,222586,1050000,1050000,22
2026-08-24T02:12:55Z,222587,4805500,4985500,204
2026-08-24T02:12:55Z,222588,2200000,2200000,52
2026-08-24T02:12:55Z,222589,1509500,1509500,17
2026-08-24T02:12:55Z,222590,5000000,6660000,275
2026-08-24T02:12:55Z,222591,1485000,1485000,117
2026-08-24T02:12:55Z,222592,1992900,1992900,50
2026-08-24T02:12:55Z,222593,1080000,1990000,527
2026-08-24T02:12:55Z,222594,444600,459000,109
2026-08-24T02:12:55Z,222595,1273600,1273600,19
2026-08-24T02:12:55Z,222596,1290000,1790000,521
2026-08-24T02:12:55Z,222597,1900000,1900000,6
2026-08-24T02:12:55Z,222598,4750000,6397100,41
2026-08-24T02:12:55Z,222599,6028600,6028600,13
2026-08-24T02:12:55Z,222600,114171000,114171000,9
2026-08-24T02:12:55Z,222601,2999800,2999800,55
2026-08-24T02:12:55Z,222602,15008000,15008000,30
2026-08-24T02:12:55Z,222603,19980000,19980000,12
2026-08-24T02:12:55Z,222604,9981700,9981800,60
2026-08-24T02:12:55Z,222605,3509400,3509400,28
2026-08-24T02:12:55Z,222606,475000,475000,36
2026-08-24T02:12:55Z,222607,9980100,9980100,52
2026-08-24T02:12:55Z,222608,8989600,8989600,17
2026-08-24T02:12:55Z,222609,799800,799900,1724
2026-08-24T02:12:55Z,222610,289700,290000,3139
2026-08-24T02:12:55Z,222611,444100,444100,654
2026-08-24T02:12:55Z,222612,44600,44700,15318
2026-08-24T02:12:55Z,222613,25200,1930000,16961
2026-08-24T02:12:55Z,222614,68800,69000,2810
2026-08-24T02:12:55Z,222615,279900,279900,618
2026-08-24T02:12:55Z,222616,202500,202500,707
2026-08-24T02:12:55Z,222617,356600,356600,723
2026-08-24T02:12:55Z,222618,22000,22000,11303
2026-08-24T02:12:55Z,222619,29300,29800,9545
2026-08-24T02:12:55Z,222620,65400,65400,3059
2026-08-24T02:12:55Z,222626,1800000,1800000,26
2026-08-24T02:12:55Z,222627,765000,765000,28
2026-08-24T02:12:55Z,222628,994700,994700,87
2026-08-24T02:12:55Z,222629,900000,900000,28
2026-08-24T02:12:55Z,222630,993100,993100,42
2026-08-24T02:12:55Z,222631,2729600,2729600,55
2026-08-24T02:12:55Z,222632,1250500,1250500,22
2026-08-24T02:12:55Z,222633,1252100,1252100,36
2026-08-24T02:12:55Z,222634,1252000,1252000,107
2026-08-24T02:12:55Z,222635,49999800,49999800,13
2026-08-24T02:12:55Z,222636,3330000,3330000,19
2026-08-24T02:12:55Z,222637,1909000,1909000,54
2026-08-24T02:12:55Z,222638,1884400,1884400,14
2026-08-24T02:12:55Z,222639,802300,802300,38
2026-08-24T02:12:55Z,222640,1200000,1200000,40
2026-08-24T02:12:55Z,222641,1150000,1150000,36
2026-08-24T02:12:55Z,222642,765000,765000,38
2026-08-24T02:12:55Z,222643,2009200,2009200,53
2026-08-24T02:12:55Z,222644,2500000,2500000,34
2026-08-24T02:12:55Z,222645,1509900,1509900,31
2026-08-24T02:12:55Z,222646,2959900,2959900,56
2026-08-24T02:12:55Z,222654,494900,500000,282
2026-08-24T02:12:55Z,222655,239100,240000,344
2026-08-24T02:12:55Z,222656,249500,249900,317
2026-08-24T02:12:55Z,222657,149900,150000,316
2026-08-24T02:12:55Z,222658,250000,1255600,330
2026-08-24T02:12:55Z,222659,79200,79900,380
2026-08-24T02:12:55Z,222660,84100,84100,317
2026-08-24T02:12:55Z,222661,48900,60000,300
2026-08-24T02:12:55Z,222663,139900,139900,117
2026-08-24T02:12:55Z,222664,70000,70000,304
2026-08-24T02:12:55Z,222665,222000,222100,247
2026-08-24T02:12:55Z,222666,197900,198000,83
2026-08-24T02:12:55Z,222667,184400,184400,68
2026-08-24T02:12:55Z,222668,70000,70000,123
2026-08-24T02:12:55Z,222669,500000,2400000,95
2026-08-24T02:12:55Z,222670,79900,80000,83
2026-08-24T02:12:55Z,222672,140400,142200,295
2026-08-24T02:12:55Z,222673,64100,70000,360
2026-08-24T02:12:55Z,222674,67000,68000,331
2026-08-24T02:12:55Z,222675,40000,40000,314
2026-08-24T02:12:55Z,222676,68400,68500,325
2026-08-24T02:12:55Z,222677,50000,50000,359
2026-08-24T02:12:55Z,222678,50000,50000,375
2026-08-24T02:12:55Z,222679,205000,207800,1203
2026-08-24T02:12:55Z,222681,500000,1770000,305
2026-08-24T02:12:55Z,222682,116000,117400,367
2026-08-24T02:12:55Z,222683,249100,250000,163
2026-08-24T02:12:55Z,222684,80000,80000,295
2026-08-24T02:12:55Z,222685,70000,2337500,228
2026-08-24T02:12:55Z,222686,80100,4374800,200
2026-08-24T02:12:55Z,222687,196600,5895400,224
2026-08-24T02:12:55Z,222688,70000,70000,320
2026-08-24T02:12:55Z,222695,500,700,22780
2026-08-24T02:12:55Z,222696,800,900,12971
2026-08-24T02:12:55Z,222697,3200,3400,13588
2026-08-24T02:12:55Z,222699,300,300,6900
2026-08-24T02:12:55Z,222700,1400,1400,37066
2026-08-24T02:12:55Z,222701,300,300,13378
2026-08-24T02:12:55Z,222702,71000,79000,1081
2026-08-24T02:12:55Z,222703,4500,5500,303
2026-08-24T02:12:55Z,222704,1500,1500,1958
2026-08-24T02:12:55Z,222705,60000,990000,4490
2026-08-24T02:12:55Z,222706,80000,80000,60
2026-08-24T02:12:55Z,222707,3700,3700,348
2026-08-24T02:12:55Z,222708,21500,39800,429
2026-08-24T02:12:55Z,222709,75600,75600,70
2026-08-24T02:12:55Z,222710,7400,7400,988
2026-08-24T02:12:55Z,222711,5900,5900,1002
2026-08-24T02:12:55Z,222712,8200,8200,1043
2026-08-24T02:12:55Z,222713,4000,4000,115
2026-08-24T02:12:55Z,222714,167400,167400,391
2026-08-24T02:12:55Z,222715,20000,20000,72
2026-08-24T02:12:55Z,222716,186400,186400,150
2026-08-24T02:12:55Z,222717,53800,53800,149
2026-08-24T02:12:55Z,222718,427800,430000,368
2026-08-24T02:12:55Z,222719,9500,9600,143
2026-08-24T02:12:55Z,222720,254900,255000,463
2026-08-24T02:12:55Z,222721,67700,67700,97
2026-08-24T02:12:55Z,222722,266500,5937000,211
2026-08-24T02:12:55Z,222723,9700,9700,722
2026-08-24T02:12:55Z,222724,100000,140000,301
2026-08-24T02:12:55Z,222725,34000,34000,380
2026-08-24T02:12:55Z,222726,7800,7800,731
2026-08-24T02:12:55Z,222727,28200,28200,115
2026-08-24T02:12:55Z,222728,4300,4300,8819
2026-08-24T02:12:55Z,222729,10000,10000,281
2026-08-24T02:12:55Z,222730,9700,9700,103
2026-08-24T02:12:55Z,222731,400000,658800,108
2026-08-24T02:12:55Z,222732,1340000,1350000,72
2026-08-24T02:12:55Z,222733,152000,152000,2753
2026-08-24T02:12:55Z,222735,54500,66700,637
2026-08-24T02:12:55Z,222736,14100,14100,447
2026-08-24T02:12:55Z,222737,79900,80000,4885
2026-08-24T02:12:55Z,222738,1600,1600,14084
2026-08-24T02:12:55Z,222739,1800,1800,7968
2026-08-24T02:12:55Z,222741,34900,38700,12313
2026-08-24T02:12:55Z,222744,4900,4900,3989
2026-08-24T02:12:55Z,222745,20900,20900,5200
2026-08-24T02:12:55Z,222747,790000,790000,292
2026-08-24T02:12:55Z,222748,1602300,1602300,220
2026-08-24T02:12:55Z,222749,118100,118100,179
2026-08-24T02:12:55Z,222784,200000,200000,564
2026-08-24T02:12:55Z,222789,1250000,1350000,347
2026-08-24T02:12:55Z,222790,1197900,1210000,2784
2026-08-24T02:12:55Z,222791,1236300,1236300,1306
2026-08-24T02:12:55Z,222792,270600,279800,5464
2026-08-24T02:12:55Z,222793,264900,264900,3168
2026-08-24T02:12:55Z,222794,280000,280000,2251
2026-08-24T02:12:55Z,222795,18000,19300,17111
2026-08-24T02:12:55Z,222796,19900,19900,16521
2026-08-24T02:12:55Z,222797,129900,129900,2499
2026-08-24T02:12:55Z,222798,2000000,2059900,318
2026-08-24T02:12:55Z,222799,1440000,1440000,1057
2026-08-24T02:12:55Z,222800,1998000,1998000,645
2026-08-24T02:12:55Z,222801,1999900,1999900,259
2026-08-24T02:12:55Z,222802,1658600,1658600,1988
2026-08-24T02:12:55Z,222803,1715900,1715900,429
2026-08-24T02:12:55Z,222804,95500,98900,4700
2026-08-24T02:12:55Z,222805,89500,92400,2892
2026-08-24T02:12:55Z,222806,95000,97800,6086
2026-08-24T02:12:55Z,222868,112700,112700,272
2026-08-24T02:12:55Z,222869,153000,153000,36
2026-08-24T02:12:55Z,222870,487600,490000,98
2026-08-24T02:12:55Z,222871,314400,314800,130
2026-08-24T02:12:55Z,222872,4930200,4980000,113
2026-08-24T02:12:55Z,222873,770000,990000,37
2026-08-24T02:12:55Z,222876,49000,49000,156
2026-08-24T02:12:55Z,222877,185500,185500,160
2026-08-24T02:12:55Z,222878,190000,190000,100
2026-08-24T02:12:55Z,222879,29000,29700,101
2026-08-24T02:12:55Z,222880,20000,219100,262
2026-08-24T02:12:55Z,222881,201300,201300,117
2026-08-24T02:12:55Z,222882,10300,10300,1217
2026-08-24T02:12:55Z,222883,79400,79600,449
2026-08-24T02:12:55Z,222884,240000,240000,88
2026-08-24T02:12:55Z,222885,50000,50000,169
2026-08-24T02:12:55Z,222886,130100,130100,156
2026-08-24T02:12:55Z,222887,148000,149000,373
2026-08-24T02:12:55Z,222888,400000,400000,17
2026-08-24T02:12:55Z,222889,380000,381000,35
2026-08-24T02:12:55Z,222890,2834900,2834900,161
2026-08-24T02:12:55Z,222891,199971300,199971300,40
2026-08-24T02:12:55Z,222892,969900,999800,21
2026-08-24T02:12:55Z,222893,3330000,4850000,367
2026-08-24T02:12:55Z,222894,1000000,1000000,17
2026-08-24T02:12:55Z,222895,2500000,3000000,9
2026-08-24T02:12:55Z,222896,9950000,9950000,99
2026-08-24T02:12:55Z,222906,1200000,1200000,11
2026-08-24T02:12:55Z,223512,300,1500,201265
2026-08-24T02:12:55Z,223618,9999900,9999900,18
2026-08-24T02:12:55Z,223649,4346300,4346300,64
2026-08-24T02:12:55Z,223650,3994800,3995000,63
2026-08-24T02:12:55Z,223651,4946000,4946000,13
2026-08-24T02:12:55Z,223652,3750000,7440500,112
2026-08-24T02:12:55Z,223653,3329800,3330000,20
2026-08-24T02:12:55Z,223654,198950000,198990000,10
2026-08-24T02:12:55Z,223655,3599900,3599900,46
2026-08-24T02:12:55Z,223656,4999800,5000000,25
2026-08-24T02:12:55Z,223657,120000,120000,142
2026-08-24T02:12:55Z,223658,649800,649800,58
2026-08-24T02:12:55Z,223659,400000,400000,49
2026-08-24T02:12:55Z,223660,11500000,11509800,77
2026-08-24T02:12:55Z,223661,1999700,1999700,78
2026-08-24T02:12:55Z,223662,4308800,5989900,173
2026-08-24T02:12:55Z,223663,1040000,1057600,467
2026-08-24T02:12:55Z,223664,604400,604500,24
2026-08-24T02:12:55Z,223665,403800,660000,40
2026-08-24T02:12:55Z,223666,50900,50900,102
2026-08-24T02:12:55Z,223667,179800,179900,136
2026-08-24T02:12:55Z,223668,547000,547000,98
2026-08-24T02:12:55Z,223669,50100,50100,93
2026-08-24T02:12:55Z,223670,288600,298600,90
2026-08-24T02:12:55Z,223671,399500,399500,57
2026-08-24T02:12:55Z,223672,1803300,1803300,51
2026-08-24T02:12:55Z,223673,4009700,4359700,54
2026-08-24T02:12:55Z,223674,11113700,11113900,16
2026-08-24T02:12:55Z,223675,15000000,15000000,72
2026-08-24T02:12:55Z,223676,992000,992000,45
2026-08-24T02:12:55Z,223677,11999700,11999900,28
2026-08-24T02:12:55Z,223678,30008500,30008500,17
2026-08-24T02:12:55Z,223679,4341100,4341100,45
2026-08-24T02:12:55Z,223680,7991000,8501200,120
2026-08-24T02:12:55Z,223681,299999900,299999900,11
2026-08-24T02:12:55Z,223682,11111000,11119900,8
2026-08-24T02:12:55Z,223683,12199800,12200000,23
2026-08-24T02:12:55Z,223684,7600000,7600000,32
2026-08-24T02:12:55Z,223685,4599600,5009600,32
2026-08-24T02:12:55Z,223686,9903600,9903600,39
2026-08-24T02:12:55Z,223687,30008200,30008200,10
2026-08-24T02:12:55Z,223688,16000000,149999900,11
2026-08-24T02:12:55Z,223689,14002200,14002400,19
2026-08-24T02:12:55Z,223690,25000000,33000000,13
2026-08-24T02:12:55Z,223691,8985000,8985000,19
2026-08-24T02:12:55Z,223692,13019800,13020000,41
2026-08-24T02:12:55Z,223693,5000600,5000600,11
2026-08-24T02:12:55Z,223694,2008100,2008100,20
2026-08-24T02:12:55Z,223695,6829700,6830000,33
2026-08-24T02:12:55Z,223696,3150000,3152300,15
2026-08-24T02:12:55Z,223697,2009600,2009600,21
2026-08-24T02:12:55Z,223698,5880000,6000000,24
2026-08-24T02:12:55Z,223699,1500000,1500000,19
2026-08-24T02:12:55Z,223700,2000000,2003300,22
2026-08-24T02:12:55Z,223701,3465000,3465000,501
2026-08-24T02:12:55Z,223702,3000000,3000000,15
2026-08-24T02:12:55Z,223703,3005600,3005600,45
2026-08-24T02:12:55Z,223704,5549800,5549800,10
2026-08-24T02:12:55Z,223705,36377700,38354700,21
2026-08-24T02:12:55Z,223706,3822200,5135100,39
2026-08-24T02:12:55Z,223707,4008300,4008500,30
2026-08-24T02:12:55Z,223708,750000,1056500,43
2026-08-24T02:12:55Z,223709,899900,1250000,17
2026-08-24T02:12:55Z,223710,400000,500000,63
2026-08-24T02:12:55Z,223711,6250000,6250000,13
2026-08-24T02:12:55Z,223712,2303600,2303600,36
2026-08-24T02:12:55Z,223713,3108800,3119000,24
2026-08-24T02:12:55Z,223714,449900,449900,224
2026-08-24T02:12:55Z,223715,809500,809500,74
2026-08-24T02:12:55Z,223716,979500,979500,73
2026-08-24T02:12:55Z,223717,35000000,39750000,11
2026-08-24T02:12:55Z,223718,1610000,1610000,39
2026-08-24T02:12:55Z,223719,4899700,4899900,45
2026-08-24T02:12:55Z,223720,1056300,1056300,75
2026-08-24T02:12:55Z,223721,1315100,1315100,50
2026-08-24T02:12:55Z,223722,519300,519300,34
2026-08-24T02:12:55Z,223723,450000,450000,25
2026-08-24T02:12:55Z,223724,2000000,2000000,25
2026-08-24T02:12:55Z,223725,8547400,8547900,100
2026-08-24T02:12:55Z,223726,235000,235000,53
2026-08-24T02:12:55Z,223727,15598600,15598600,80
2026-08-24T02:12:55Z,223728,890000,890000,40
2026-08-24T02:12:55Z,223729,10000000,39990000,32
2026-08-24T02:12:55Z,223730,12000100,12000100,20
2026-08-24T02:12:55Z,223731,11109700,11109900,20
2026-08-24T02:12:55Z,223732,390000,390000,74
2026-08-24T02:12:55Z,223733,999800,999800,54
2026-08-24T02:12:55Z,223734,1009400,1205100,52
2026-08-24T02:12:55Z,223735,7650000,7670000,12
2026-08-24T02:12:55Z,223736,4480000,4480000,17
2026-08-24T02:12:55Z,223737,6979800,6980000,26
2026-08-24T02:12:55Z,223738,1763300,1763300,23
2026-08-24T02:12:55Z,223739,1005500,1209000,60
2026-08-24T02:12:55Z,223740,1090000,1090000,62
2026-08-24T02:12:55Z,223741,109000,9909000,49
2026-08-24T02:12:55Z,223742,100800,9900800,49
2026-08-24T02:12:55Z,223743,109000,9909000,48
2026-08-24T02:12:55Z,223744,109000,9909000,49
2026-08-24T02:12:55Z,223745,491400,491400,53
2026-08-24T02:12:55Z,223746,39999800,39999800,26
2026-08-24T02:12:55Z,223747,3556600,3906600,34
2026-08-24T02:12:55Z,223748,9500000,10181700,20
2026-08-24T02:12:55Z,223749,34000000,34000000,22
2026-08-24T02:12:55Z,223750,6558000,6558000,7
2026-08-24T02:12:55Z,223751,49600,49600,100
2026-08-24T02:12:55Z,223752,520000,520000,119
2026-08-24T02:12:55Z,223753,3499900,3500000,32
2026-08-24T02:12:55Z,223754,49990000,49990000,17
2026-08-24T02:12:55Z,223755,2479000,5150000,34
2026-08-24T02:12:55Z,223756,13560000,199908800,8
2026-08-24T02:12:55Z,223757,1220000,1220000,82
2026-08-24T02:12:55Z,223758,6959800,6959800,104
2026-08-24T02:12:55Z,223759,5009800,5009800,6
2026-08-24T02:12:55Z,223760,950000,950000,41
2026-08-24T02:12:55Z,223761,3990000,3999900,71
2026-08-24T02:12:55Z,223762,4009900,20000000,55
2026-08-24T02:12:55Z,223763,1000000,1099800,40
2026-08-24T02:12:55Z,223764,9220700,9220700,55
2026-08-24T02:12:55Z,223765,5005000,8925000,54
2026-08-24T02:12:55Z,223766,470300,475000,34
2026-08-24T02:12:55Z,223767,3009700,3009700,29
2026-08-24T02:12:55Z,223768,7420300,7420300,94
2026-08-24T02:12:55Z,223770,3549600,3549800,24
2026-08-24T02:12:55Z,223771,3924900,3924900,15
2026-08-24T02:12:55Z,223772,12216100,12216700,50
2026-08-24T02:12:55Z,223773,554000,554000,24
2026-08-24T02:12:55Z,223774,2937900,2937900,22
2026-08-24T02:12:55Z,223775,9700000,9700000,199
2026-08-24T02:12:55Z,223776,850000,850000,50
2026-08-24T02:12:55Z,223777,4507500,4507500,30
2026-08-24T02:12:55Z,223778,5916600,6917100,132
2026-08-24T02:12:55Z,223779,4999800,4999800,9
2026-08-24T02:12:55Z,223780,2000000,2000000,13
2026-08-24T02:12:55Z,223781,5999800,6000000,60
2026-08-24T02:12:55Z,223782,6500000,6500000,14
2026-08-24T02:12:55Z,223783,4990000,4990000,41
2026-08-24T02:12:55Z,223784,3506300,7206500,27
2026-08-24T02:12:55Z,223785,1505300,1505300,12
2026-08-24T02:12:55Z,223786,11335500,11335500,30
2026-08-24T02:12:55Z,223787,7993800,7993800,19
2026-08-24T02:12:55Z,223788,5000000,5000000,19
2026-08-24T02:12:55Z,223789,5999900,5999900,23
2026-08-24T02:12:55Z,223790,7504000,7504000,12
2026-08-24T02:12:55Z,223791,39909700,39909700,15
2026-08-24T02:12:55Z,223792,4499900,39998100,28
2026-08-24T02:12:55Z,223793,13506600,14076600,29
2026-08-24T02:12:55Z,223794,22099900,22099900,14
2026-08-24T02:12:55Z,223795,3999600,3999600,15
2026-08-24T02:12:55Z,223796,6999900,6999900,38
2026-08-24T02:12:55Z,223798,130500000,130500000,12
2026-08-24T02:12:55Z,223799,34654900,35004900,10
2026-08-24T02:12:55Z,223800,14999400,14999600,34
2026-08-24T02:12:55Z,223893,7700,7700,68
2026-08-24T02:12:55Z,223897,290009600,290009600,1
2026-08-24T02:12:55Z,223898,99700,99700,29
2026-08-24T02:12:55Z,223899,100000000,100000000,5
2026-08-24T02:12:55Z,223900,250000,300000,31
2026-08-24T02:12:55Z,223967,4800000,4800000,46
2026-08-24T02:12:55Z,223968,650000,650000,157
2026-08-24T02:12:55Z,223969,192200,192200,331
2026-08-24T02:12:55Z,223970,2265200,2265200,641
2026-08-24T02:12:55Z,223971,188100,188100,741
2026-08-24T02:12:55Z,223972,209900,209900,3477
2026-08-24T02:12:55Z,223973,199900,199900,98
2026-08-24T02:12:55Z,223974,161200,168800,231
2026-08-24T02:12:55Z,223975,80000,80000,574
2026-08-24T02:12:55Z,223976,90000,90000,960
2026-08-24T02:12:55Z,223977,4400,4400,3015
2026-08-24T02:12:55Z,223979,1762900,1762900,46
2026-08-24T02:12:55Z,224105,27900,27900,235
2026-08-24T02:12:55Z,224106,27600,27600,1647
2026-08-24T02:12:55Z,224107,27600,27600,3410
2026-08-24T02:12:55Z,224108,490000,500000,179
2026-08-24T02:12:55Z,224109,250000,250000,127
2026-08-24T02:12:55Z,224110,349900,349900,148
2026-08-24T02:12:55Z,224111,20000,20000,220
2026-08-24T02:12:55Z,224112,20000,20000,69
2026-08-24T02:12:55Z,224113,198800,198800,96
2026-08-24T02:12:55Z,224153,24000000,24000000,16
2026-08-24T02:12:55Z,224154,209000,209000,30
2026-08-24T02:12:55Z,224155,200000,200000,21
2026-08-24T02:12:55Z,224173,319700,319800,78
2026-08-24T02:12:55Z,224174,560900,560900,76
2026-08-24T02:12:55Z,224175,760000,760000,177
2026-08-24T02:12:55Z,224176,1109900,1109900,295
2026-08-24T02:12:55Z,224177,1780000,1780000,352
2026-08-24T02:12:55Z,224178,455000,455000,225
2026-08-24T02:12:55Z,224300,879300,39900000,11
2026-08-24T02:12:55Z,224301,841900,850400,56
2026-08-24T02:12:55Z,224302,742300,742300,168
2026-08-24T02:12:55Z,224303,100000,100000,56
2026-08-24T02:12:55Z,224304,39906600,39906600,6
2026-08-24T02:12:55Z,224305,152400,152400,41
2026-08-24T02:12:55Z,224306,140000,879300,81
2026-08-24T02:12:55Z,224307,5001900,5001900,72
2026-08-24T02:12:55Z,224308,509600,509800,73
2026-08-24T02:12:55Z,224309,59900,879300,96
2026-08-24T02:12:55Z,224310,2481300,2481300,205
2026-08-24T02:12:55Z,224311,159900,852500,66
2026-08-24T02:12:55Z,224312,49900,50000,76
2026-08-24T02:12:55Z,224313,752600,752600,142
2026-08-24T02:12:55Z,224314,559700,619700,101
2026-08-24T02:12:55Z,224315,948900,948900,98
2026-08-24T02:12:55Z,224316,44800,44800,36
2026-08-24T02:12:55Z,224317,440000,446800,93
2026-08-24T02:12:55Z,224318,180000,183100,135
2026-08-24T02:12:55Z,224319,1084700,1095600,67
2026-08-24T02:12:55Z,224320,352500,879300,90
2026-08-24T02:12:55Z,224321,258000,258000,95
2026-08-24T02:12:55Z,224322,267500,879300,90
2026-08-24T02:12:55Z,224323,1497800,1497800,61
2026-08-24T02:12:55Z,224324,945200,945200,46
2026-08-24T02:12:55Z,224325,650000,650000,79
2026-08-24T02:12:55Z,224326,1176100,1181100,100
2026-08-24T02:12:55Z,224327,5299800,5299800,64
2026-08-24T02:12:55Z,224328,806800,806800,22
2026-08-24T02:12:55Z,224329,2740900,2740900,15
2026-08-24T02:12:55Z,224330,797600,797600,37
2026-08-24T02:12:55Z,224331,797600,972000,47
2026-08-24T02:12:55Z,224332,2876600,2876600,65
2026-08-24T02:12:55Z,224333,798700,955500,151
2026-08-24T02:12:55Z,224334,950000,950000,87
2026-08-24T02:12:55Z,224335,740000,955500,89
2026-08-24T02:12:55Z,224336,700000,700000,30
2026-08-24T02:12:55Z,224337,4980600,4980600,115
2026-08-24T02:12:55Z,224338,1115800,2329100,78
2026-08-24T02:12:55Z,224339,796300,796300,79
2026-08-24T02:12:55Z,224340,333200,2934800,69
2026-08-24T02:12:55Z,224341,797600,928700,73
2026-08-24T02:12:55Z,224342,489100,955500,93
2026-08-24T02:12:55Z,224343,6140000,6140000,95
2026-08-24T02:12:55Z,224344,50000,928700,48
2026-08-24T02:12:55Z,224345,798700,798700,43
2026-08-24T02:12:55Z,224346,745700,745700,74
2026-08-24T02:12:55Z,224347,740000,955500,128
2026-08-24T02:12:55Z,224348,3950000,3950000,34
2026-08-24T02:12:55Z,224349,2876100,2876100,53
2026-08-24T02:12:55Z,224350,1827800,1827800,22
2026-08-24T02:12:55Z,224351,3500000,3500000,72
2026-08-24T02:12:55Z,224352,4950000,4950000,11
2026-08-24T02:12:55Z,224353,3616800,3616800,32
2026-08-24T02:12:55Z,224354,2201100,2201100,68
2026-08-24T02:12:55Z,224355,4940000,4940000,38
2026-08-24T02:12:55Z,224356,3003000,3003000,44
2026-08-24T02:12:55Z,224357,2000000,3950000,57
2026-08-24T02:12:55Z,224358,2592800,2592800,48
2026-08-24T02:12:55Z,224359,3950000,3950000,45
2026-08-24T02:12:55Z,224360,1319100,1319100,38
2026-08-24T02:12:55Z,224361,4400000,4400000,54
2026-08-24T02:12:55Z,224362,39999900,39999900,25
2026-08-24T02:12:55Z,224363,3950000,3950000,36
2026-08-24T02:12:55Z,224364,2000000,2000000,42
2026-08-24T02:12:55Z,224365,3650000,3650000,59
2026-08-24T02:12:55Z,224366,2500000,2500000,324
2026-08-24T02:12:55Z,224367,2354100,2354100,165
2026-08-24T02:12:55Z,224368,2000000,2000000,88
2026-08-24T02:12:55Z,224369,2800000,2800900,138
2026-08-24T02:12:55Z,224370,3950000,3950000,40
2026-08-24T02:12:55Z,224371,1998600,1998600,39
2026-08-24T02:12:55Z,224440,9700,10100,1848
2026-08-24T02:12:55Z,224441,4900,4900,135
2026-08-24T02:12:55Z,224442,50000,50000,204
2026-08-24T02:12:55Z,224572,998800,998900,368
2026-08-24T02:12:55Z,224762,24000,24000,521
2026-08-24T02:12:55Z,224764,500,800,108984
2026-08-24T02:12:55Z,224800,80000,80000,4029
2026-08-24T02:12:55Z,224801,12100,12100,6587
2026-08-24T02:12:55Z,224802,5000,5000,8372
2026-08-24T02:12:55Z,224803,99700,99800,3944
2026-08-24T02:12:55Z,224804,6300,6300,3402
2026-08-24T02:12:55Z,224805,4200,4500,12006
2026-08-24T02:12:55Z,224824,1095000,1096200,737
2026-08-24T02:12:55Z,224826,152400,170800,5121
2026-08-24T02:12:55Z,224828,59900,60000,11674
2026-08-24T02:12:55Z,224832,170000,190000,1016
2026-08-24T02:12:55Z,224833,158400,168400,6752
2026-08-24T02:12:55Z,224834,230000,1970000,297
2026-08-24T02:12:55Z,225241,11100,11100,199
2026-08-24T02:12:55Z,225242,11100,11100,158
2026-08-24T02:12:55Z,225253,9993400,9993400,28
2026-08-24T02:12:55Z,225416,49009900,49009900,21
2026-08-24T02:12:55Z,225417,40009900,40009900,19
2026-08-24T02:12:55Z,225418,40005000,49005000,23
2026-08-24T02:12:55Z,225419,40000900,40000900,28
2026-08-24T02:12:55Z,225420,49000600,49000600,21
2026-08-24T02:12:55Z,225421,49000600,49000600,11
2026-08-24T02:12:55Z,225422,49009900,49009900,28
2026-08-24T02:12:55Z,225423,49009900,49009900,24
2026-08-24T02:12:55Z,225424,40009500,40009500,29
2026-08-24T02:12:55Z,225425,40000600,40000600,27
2026-08-24T02:12:55Z,225426,290009900,290009900,3
2026-08-24T02:12:55Z,225427,49009900,49009900,21
2026-08-24T02:12:55Z,225428,49009900,49009900,22
2026-08-24T02:12:55Z,225429,49009900,49009900,25
2026-08-24T02:12:55Z,225430,290003000,290003000,5
2026-08-24T02:12:55Z,225543,290003900,290003900,1
2026-08-24T02:12:55Z,225565,800,9700,30741
2026-08-24T02:12:55Z,225566,1400,6300,18650
2026-08-24T02:12:55Z,225567,3900,3900,38139
2026-08-24T02:12:55Z,225568,3200,3500,9263
2026-08-24T02:12:55Z,225569,1500,6400,71770
2026-08-24T02:12:55Z,225592,59200,59300,449
2026-08-24T02:12:55Z,225670,200,600,29804
2026-08-24T02:12:55Z,225671,1900,2000,1443
2026-08-24T02:12:55Z,225672,270000,275900,432
2026-08-24T02:12:55Z,225768,1999900,3994800,245
2026-08-24T02:12:55Z,225784,559900,559900,120
2026-08-24T02:12:55Z,225785,49009800,49009900,27
2026-08-24T02:12:55Z,225786,49001600,49001600,15
2026-08-24T02:12:55Z,225787,49009900,49009900,13
2026-08-24T02:12:55Z,225788,290001100,290001100,1
2026-08-24T02:12:55Z,225789,1500003300,1500003300,2
2026-08-24T02:12:55Z,225790,12507200,49000200,22
2026-08-24T02:12:55Z,225791,49002300,49002400,18
2026-08-24T02:12:55Z,225792,30002900,49002900,19
2026-08-24T02:12:55Z,225793,290007400,290007400,1
2026-08-24T02:12:55Z,225794,5000000,5000000,3
2026-08-24T02:12:55Z,225795,49009500,49009500,21
2026-08-24T02:12:55Z,225796,500000,49000600,21
2026-08-24T02:12:55Z,225797,1500000500,1500000500,1
2026-08-24T02:12:55Z,225798,5500001600,5500001600,1
2026-08-24T02:12:55Z,225799,5500008900,5500008900,1
2026-08-24T02:12:55Z,225800,290005800,290005800,1
2026-08-24T02:12:55Z,225801,31000000,31000000,39
2026-08-24T02:12:55Z,225802,19800,19800,31
2026-08-24T02:12:55Z,225803,1009800,45009800,39
2026-08-24T02:12:55Z,225804,49009800,49009800,20
2026-08-24T02:12:55Z,225807,34009000,34009000,31
2026-08-24T02:12:55Z,225809,12000400,49000400,28
2026-08-24T02:12:55Z,225810,36000000,49000000,16
2026-08-24T02:12:55Z,225811,609900,609900,2
2026-08-24T02:12:55Z,225812,290009500,290009500,1
2026-08-24T02:12:55Z,225813,9990000,48890000,10
2026-08-24T02:12:55Z,225814,409300,409300,38
2026-08-24T02:12:55Z,225815,49000000,49000000,25
2026-08-24T02:12:55Z,225816,49009200,49009200,20
2026-08-24T02:12:55Z,225817,49001900,49001900,15
2026-08-24T02:12:55Z,225818,290008800,290008800,1
2026-08-24T02:12:55Z,225819,290005100,290005100,1
2026-08-24T02:12:55Z,225820,500000,989900,35
2026-08-24T02:12:55Z,225821,1000000,49000000,26
2026-08-24T02:12:55Z,225822,49008300,49008300,21
2026-08-24T02:12:55Z,225823,49009900,49009900,18
2026-08-24T02:12:55Z,225824,1500009800,1500009800,1
2026-08-24T02:12:55Z,225825,290009400,290009400,1
2026-08-24T02:12:55Z,225826,290009100,290009100,1
2026-08-24T02:12:55Z,225827,419900,419900,31
2026-08-24T02:12:55Z,225828,49000000,49000000,12
2026-08-24T02:12:55Z,225829,49007300,49007300,22
2026-08-24T02:12:55Z,225830,49009100,49009100,24
2026-08-24T02:12:55Z,225831,49009500,49009500,22
2026-08-24T02:12:55Z,225832,49009900,49009900,11
2026-08-24T02:12:55Z,225833,49009900,49009900,25
2026-08-24T02:12:55Z,225834,290001400,290001400,1
2026-08-24T02:12:55Z,225835,290008400,290008400,1
2026-08-24T02:12:55Z,225836,809700,49009800,32
2026-08-24T02:12:55Z,225837,38009900,49009800,28
2026-08-24T02:12:55Z,225839,49009900,49009900,15
2026-08-24T02:12:55Z,225840,49002800,49002800,12
2026-08-24T02:12:55Z,225841,290007300,290007300,1
2026-08-24T02:12:55Z,225842,290009400,290009400,1
2026-08-24T02:12:55Z,225843,8009800,49009000,29
2026-08-24T02:12:55Z,225844,38000000,49000000,28
2026-08-24T02:12:55Z,225845,1999900,49000000,28
2026-08-24T02:12:55Z,225846,40000000,48999900,20
2026-08-24T02:12:55Z,225847,290004400,290004400,1
2026-08-24T02:12:55Z,225848,290005200,290005200,1
2026-08-24T02:12:55Z,225849,47009600,47009600,27
2026-08-24T02:12:55Z,225850,1499700,49009800,28
2026-08-24T02:12:55Z,225852,1908000,1908000,25
2026-08-24T02:12:55Z,225853,290000200,290000200,1
2026-08-24T02:12:55Z,225854,290001600,290001600,2
2026-08-24T02:12:55Z,225875,49009900,49009900,18
2026-08-24T02:12:55Z,225876,7300,7300,2866
2026-08-24T02:12:55Z,225877,290009600,290009600,1
2026-08-24T02:12:55Z,225878,290002000,290002000,1
2026-08-24T02:12:55Z,225879,100000000,100000000,2
2026-08-24T02:12:55Z,225883,128100,128200,6175
2026-08-24T02:12:55Z,225911,900,1500,36827
2026-08-24T02:12:55Z,225912,17000,17000,6628
2026-08-24T02:12:55Z,225987,459300,469400,192
2026-08-24T02:12:55Z,225988,493900,493900,303
2026-08-24T02:12:55Z,225989,1169700,1169700,100
2026-08-24T02:12:55Z,225996,49700,49700,424
2026-08-24T02:12:55Z,226022,18000000,18000000,12
2026-08-24T02:12:55Z,226023,29470500,29500000,12
2026-08-24T02:12:55Z,226024,5009200,5009700,31
2026-08-24T02:12:55Z,226025,12000000,12000000,17
2026-08-24T02:12:55Z,226026,24750000,24750000,16
2026-08-24T02:12:55Z,226027,199000000,199000000,7
2026-08-24T02:12:55Z,226028,55550000,55550000,8
2026-08-24T02:12:55Z,226029,4490000,4490000,10
2026-08-24T02:12:55Z,226030,17007600,17007600,55
2026-08-24T02:12:55Z,226031,80007100,106247100,9
2026-08-24T02:12:55Z,226032,2500000,2500000,12
2026-08-24T02:12:55Z,226033,4000000,4000000,34
2026-08-24T02:12:55Z,226034,107000,107000,216
2026-08-24T02:12:55Z,226035,499700,499800,21
2026-08-24T02:12:55Z,226036,999400,999400,63
2026-08-24T02:12:55Z,226037,21800,22000,29114
2026-08-24T02:12:55Z,226202,2500,2500,29836
2026-08-24T02:12:55Z,226204,500,500,10139
2026-08-24T02:12:55Z,226205,200,200,75974
2026-08-24T02:12:55Z,226232,70000,70000,120
2026-08-24T02:12:55Z,226233,501100,501100,124
2026-08-24T02:12:55Z,226234,222100,9990000,27
2026-08-24T02:12:55Z,226235,505900,9996800,29
2026-08-24T02:12:55Z,226236,1009400,1009500,30
2026-08-24T02:12:55Z,226237,6499500,6499500,31
2026-08-24T02:12:55Z,226238,9990000,9990000,31
2026-08-24T02:12:55Z,226524,990000,990000,205
2026-08-24T02:12:55Z,226681,2500000,2500000,4798
2026-08-24T02:12:55Z,226692,38400,188500,42
2026-08-24T02:12:55Z,226811,9998800,9998800,40
2026-08-24T02:12:55Z,227272,15000,15000,89
2026-08-24T02:12:55Z,227273,40500,40900,149
2026-08-24T02:12:55Z,227274,228900,228900,233
2026-08-24T02:12:55Z,227275,457400,457400,130
2026-08-24T02:12:55Z,227297,45000,45000,100
2026-08-24T02:12:55Z,227298,190000,190000,146
2026-08-24T02:12:55Z,227299,9909900,9909900,67
2026-08-24T02:12:55Z,227300,9990000,9990000,45
2026-08-24T02:12:55Z,227301,35000,35000,126
2026-08-24T02:12:55Z,227302,669900,9799900,59
2026-08-24T02:12:55Z,227303,457400,457400,122
2026-08-24T02:12:55Z,227304,223200,223200,229
2026-08-24T02:12:55Z,227305,13000,13000,218
2026-08-24T02:12:55Z,227306,224600,224600,214
2026-08-24T02:12:55Z,227307,8450000,8450000,61
2026-08-24T02:12:55Z,227308,9801000,9801000,30
2026-08-24T02:12:55Z,227309,94900,94900,84
2026-08-24T02:12:55Z,227310,502600,502600,104
2026-08-24T02:12:55Z,227311,452700,452700,238
2026-08-24T02:12:55Z,227312,449900,449900,140
2026-08-24T02:12:55Z,227313,9905500,9905500,69
2026-08-24T02:12:55Z,227314,20000,20000,91
2026-08-24T02:12:55Z,227315,9658300,9658300,29
2026-08-24T02:12:55Z,227316,9907300,9907300,31
2026-08-24T02:12:55Z,227317,2700,2700,652
2026-08-24T02:12:55Z,227318,1900,1900,61
2026-08-24T02:12:55Z,227319,458800,458800,131
2026-08-24T02:12:55Z,227320,222700,222700,234
2026-08-24T02:12:55Z,227321,44400,195500,154
2026-08-24T02:12:55Z,227322,454100,454100,245
2026-08-24T02:12:55Z,227323,499999800,499999800,13
2026-08-24T02:12:55Z,227324,1990000,1990000,110
2026-08-24T02:12:55Z,227325,1900,1900,361
2026-08-24T02:12:55Z,227326,1900,1900,262
2026-08-24T02:12:55Z,227327,2500,2500,682
2026-08-24T02:12:55Z,227328,450000,450000,201
2026-08-24T02:12:55Z,227329,449800,449800,265
2026-08-24T02:12:55Z,227330,440000,440000,263
2026-08-24T02:12:55Z,227331,420000,420000,204
2026-08-24T02:12:55Z,227332,50000,50000,1048
2026-08-24T02:12:55Z,227333,450800,450800,111
2026-08-24T02:12:55Z,227334,9902100,9902100,65
2026-08-24T02:12:55Z,227335,343600,343600,107
2026-08-24T02:12:55Z,227336,9899900,9899900,40
2026-08-24T02:12:55Z,227769,900,1400,154572
2026-08-24T02:12:55Z,227770,24110000,24994900,713
2026-08-24T02:12:55Z,227771,648500,648500,2428
2026-08-24T02:12:55Z,227772,2000000,2228500,1202
2026-08-24T02:12:55Z,227773,129998500,129998500,341
2026-08-24T02:12:55Z,227774,1850000000,1850000000,10
2026-08-24T02:12:55Z,228099,9800,9800,157
2026-08-24T02:12:55Z,228194,2000000,3990000,77
2026-08-24T02:12:55Z,228195,35003300,35003300,36
2026-08-24T02:12:55Z,228231,59900,59900,53891
2026-08-24T02:12:55Z,228232,70500,72500,36299
2026-08-24T02:12:55Z,228233,1066500,1185300,1397
2026-08-24T02:12:55Z,228234,1113500,1113700,617
2026-08-24T02:12:55Z,228235,172500,197400,6282
2026-08-24T02:12:55Z,228236,190000,211900,2789
2026-08-24T02:12:55Z,228368,1839400,1857900,135
2026-08-24T02:12:55Z,228386,49000100,49000100,35
2026-08-24T02:12:55Z,228387,49002500,49002500,25
2026-08-24T02:12:55Z,228388,9194000,9194000,110
2026-08-24T02:12:55Z,228390,49009900,49009900,31
2026-08-24T02:12:55Z,228391,890700,49004100,27
2026-08-24T02:12:55Z,228392,4999900,49000100,23
2026-08-24T02:12:55Z,228393,151500,49001500,29
2026-08-24T02:12:55Z,228394,99800,49009800,24
2026-08-24T02:12:55Z,228395,49009900,49009900,25
2026-08-24T02:12:55Z,228396,12851100,12851100,30
2026-08-24T02:12:55Z,228398,1236900,1236900,32
2026-08-24T02:12:55Z,228399,49009900,49009900,6
2026-08-24T02:12:55Z,228400,15871000,49001000,24
2026-08-24T02:12:55Z,228401,206800,206800,157
2026-08-24T02:12:55Z,228402,100000,100000,170
2026-08-24T02:12:55Z,228403,255000,260000,165
2026-08-24T02:12:55Z,228404,174600,174600,328
2026-08-24T02:12:55Z,228405,130000,130000,109
2026-08-24T02:12:55Z,228406,377200,377200,95
2026-08-24T02:12:55Z,228414,8000,8000,2523
2026-08-24T02:12:55Z,228429,1500000000,1500000000,2
2026-08-24T02:12:55Z,228430,4999900,4999900,26
2026-08-24T02:12:55Z,228452,315130600,315130600,2
2026-08-24T02:12:55Z,228453,990003800,990003800,1
2026-08-24T02:12:55Z,228454,49003800,49003800,20
2026-08-24T02:12:55Z,228455,290000100,290000100,1
2026-08-24T02:12:55Z,228456,49007500,49007600,16
2026-08-24T02:12:55Z,228458,290000100,290000100,1
2026-08-24T02:12:55Z,228481,49003800,49003800,20
2026-08-24T02:12:55Z,228482,49003800,49003800,20
2026-08-24T02:12:55Z,228483,49006000,49006000,20
2026-08-24T02:12:55Z,228485,49009900,49009900,25
2026-08-24T02:12:55Z,228487,49003800,49003800,20
2026-08-24T02:12:55Z,228488,22007600,49007600,21
2026-08-24T02:12:55Z,228489,290005100,290005100,1
2026-08-24T02:12:55Z,228490,9903800,9903800,99
2026-08-24T02:12:55Z,228491,9909900,9909900,105
2026-08-24T02:12:55Z,228492,44300,990000,231
2026-08-24T02:12:55Z,228493,50000,990000,227
2026-08-24T02:12:55Z,228494,104900,104900,431
2026-08-24T02:12:55Z,228496,290007600,290007600,2
2026-08-24T02:12:55Z,228497,290003800,290003800,1
2026-08-24T02:12:55Z,228507,6800,6800,95
2026-08-24T02:12:55Z,228509,19100,19100,44
2026-08-24T02:12:55Z,228510,249900,249900,8
2026-08-24T02:12:55Z,228608,9903800,9903800,100
2026-08-24T02:12:55Z,228609,9903800,9903800,98
2026-08-24T02:12:55Z,228720,49005100,49005100,20
2026-08-24T02:12:55Z,228723,49007600,49007600,8
2026-08-24T02:12:55Z,228921,9900,9900,261
2026-08-24T02:12:55Z,228930,400,400,56743
2026-08-24T02:12:55Z,228953,9994400,9994400,107
2026-08-24T02:12:55Z,228956,96000,96000,4062
2026-08-24T02:12:55Z,228990,6666600,6666600,31
2026-08-24T02:12:55Z,229388,3300,3300,11085
2026-08-24T02:12:55Z,229413,240000000,240000000,10
2026-08-24T02:12:55Z,229809,44900,44900,65
2026-08-24T02:12:55Z,230285,49900,60000,39401
2026-08-24T02:12:55Z,231899,49000100,49000100,25
2026-08-24T02:12:55Z,232005,109900,110000,87
2026-08-24T02:12:55Z,232006,4800,4900,55
2026-08-24T02:12:55Z,232007,9890000,9890000,46
2026-08-24T02:12:55Z,232009,2500000,2500000,83
2026-08-24T02:12:55Z,232011,3720000,3720000,75
2026-08-24T02:12:55Z,232374,700000,700000,90
2026-08-24T02:12:55Z,232375,9909900,9909900,31
2026-08-24T02:12:55Z,232376,9990000,9990000,29
2026-08-24T02:12:55Z,232377,9989900,9989900,35
2026-08-24T02:12:55Z,232378,459900,459900,80
2026-08-24T02:12:55Z,232380,9907600,9907600,47
2026-08-24T02:12:55Z,232385,50000,50000,129
2026-08-24T02:12:55Z,232521,11739800,11799900,106
2026-08-24T02:12:55Z,232532,2000000,8990000,18
2026-08-24T02:12:55Z,232533,1000000,2000000,64
2026-08-24T02:12:55Z,232534,8989600,8989700,63
2026-08-24T02:12:55Z,232632,9905000,9905000,74
2026-08-24T02:12:55Z,232633,50000,50000,78
2026-08-24T02:12:55Z,232634,250300,250300,4
2026-08-24T02:12:55Z,232635,25005000,49009400,22
2026-08-24T02:12:55Z,232636,49009900,49009900,17
2026-08-24T02:12:55Z,232637,290002100,290002100,1
2026-08-24T02:12:55Z,232638,290003800,290003800,1
2026-08-24T02:12:55Z,232874,199000100,199000100,1
2026-08-24T02:12:55Z,232935,499900,1700000,134
2026-08-24T02:12:55Z,232936,30000000,30000000,21
2026-08-24T02:12:55Z,232937,335800,335800,51
2026-08-24T02:12:55Z,233029,9400,9400,60
2026-08-24T02:12:55Z,233030,39900,39900,53
2026-08-24T02:12:55Z,233031,2999900,2999900,11
2026-08-24T02:12:55Z,233800,290003600,290003600,1
2026-08-24T02:12:55Z,234197,15499800,15499800,16
2026-08-24T02:12:55Z,234203,2438600,2438600,38
2026-08-24T02:12:55Z,234204,9889500,9889500,54
2026-08-24T02:12:55Z,234205,49009700,49009700,34
2026-08-24T02:12:55Z,234212,49009700,49009800,21
2026-08-24T02:12:55Z,234282,942300,951800,63
2026-08-24T02:12:55Z,234287,3000000,3000000,95
2026-08-24T02:12:55Z,234380,250000,250000,82
2026-08-24T02:12:55Z,234381,250000,250000,151
2026-08-24T02:12:55Z,234386,256200,256200,149
2026-08-24T02:12:55Z,234387,250000,250000,135
2026-08-24T02:12:55Z,234415,250000,250000,119
2026-08-24T02:12:55Z,234416,250000,250000,106
2026-08-24T02:12:55Z,234417,250000,250000,87
2026-08-24T02:12:55Z,234418,250000,250000,112
2026-08-24T02:12:55Z,234419,250000,250000,87
2026-08-24T02:12:55Z,234420,250000,250000,105
2026-08-24T02:12:55Z,234466,9980000,9990000,114
2026-08-24T02:12:55Z,234526,3505400,3505400,184
2026-08-24T02:12:55Z,234527,1620000,1620000,192
2026-08-24T02:12:55Z,234718,290005400,290005400,1
2026-08-24T02:12:55Z,234719,290009200,290009200,1
2026-08-24T02:12:55Z,234720,290009900,290009900,2
2026-08-24T02:12:55Z,234722,290001000,290001000,1
2026-08-24T02:12:55Z,234723,290002400,290002400,1
2026-08-24T02:12:55Z,234732,3107700,3107700,3
2026-08-24T02:12:55Z,234733,290009400,290009400,1
2026-08-24T02:12:55Z,234734,200002100,200002100,2
2026-08-24T02:12:55Z,234735,290002900,290002900,1
2026-08-24T02:12:55Z,234736,3408500,3408500,4
2026-08-24T02:12:55Z,234750,290006300,290006300,1
2026-08-24T02:12:55Z,234751,290002100,290002100,2
2026-08-24T02:12:55Z,234752,290000200,290000200,1
2026-08-24T02:12:55Z,234753,290000700,290000700,1
2026-08-24T02:12:55Z,234754,290008300,290008300,1
2026-08-24T02:12:55Z,234972,10000,10000,54
2026-08-24T02:12:55Z,234973,12800,12800,85
2026-08-24T02:12:55Z,235221,14000,990000,247
2026-08-24T02:12:55Z,235230,40000,40000,438
2026-08-24T02:12:55Z,235238,9900,10000,185
2026-08-24T02:12:55Z,235255,26900,980000,222
2026-08-24T02:12:55Z,235273,1200,1500,341
2026-08-24T02:12:55Z,235335,2509000,2509000,31
2026-08-24T02:12:55Z,235336,4159600,4159600,18
2026-08-24T02:12:55Z,235337,355100,485100,55
2026-08-24T02:12:55Z,235703,100000,100000,13324
2026-08-24T02:12:55Z,235704,100000,100000,5011
2026-08-24T02:12:55Z,235805,48000,48000,372
2026-08-24T02:12:55Z,235845,4000,4700,7925
2026-08-24T02:12:55Z,235846,990000,990000,118
2026-08-24T02:12:55Z,235910,999800,999800,7
2026-08-24T02:12:55Z,236353,60000000,60000000,40
2026-08-24T02:12:55Z,236633,9908000,9908000,45
2026-08-24T02:12:55Z,236634,290009400,290009400,1
2026-08-24T02:12:55Z,236635,290009400,290009400,1
2026-08-24T02:12:55Z,236636,290009900,290009900,2
2026-08-24T02:12:55Z,236637,49000300,49000300,14
2026-08-24T02:12:55Z,236638,290000300,290000300,1
2026-08-24T02:12:55Z,236639,290009400,290009400,1
2026-08-24T02:12:55Z,236640,290009900,290009900,2
2026-08-24T02:12:55Z,236646,9900000,9900000,203
2026-08-24T02:12:55Z,236647,9880000,9880000,45
2026-08-24T02:12:55Z,236648,9900000,9900000,92
2026-08-24T02:12:55Z,236649,4900000,4900000,75
2026-08-24T02:12:55Z,236650,9907000,9907000,45
2026-08-24T02:12:55Z,236651,290009400,290009400,2
2026-08-24T02:12:55Z,236652,290009400,290009400,6
2026-08-24T02:12:55Z,236680,51000,51000,195
2026-08-24T02:12:55Z,236753,40008800,40008800,38
2026-08-24T02:12:55Z,236761,21000,22200,545072
2026-08-24T02:12:55Z,236767,25300,26500,308678
2026-08-24T02:12:55Z,236770,6000,6300,231561
2026-08-24T02:12:55Z,236771,330000,339800,225637
2026-08-24T02:12:55Z,236774,234700,234900,120820
2026-08-24T02:12:55Z,236775,519500,520700,77780
2026-08-24T02:12:55Z,236776,172300,172400,146346
2026-08-24T02:12:55Z,236777,657500,667400,46585
2026-08-24T02:12:55Z,236778,10000,14400,525195
2026-08-24T02:12:55Z,236779,268500,296600,94640
2026-08-24T02:12:55Z,236780,4039000,4152000,48205
2026-08-24T02:12:55Z,236949,10500,11000,297274
2026-08-24T02:12:55Z,236950,8900,8900,432185
2026-08-24T02:12:55Z,236951,8600,9200,206428
2026-08-24T02:12:55Z,236952,5100,5300,358604
2026-08-24T02:12:55Z,236957,95000000,95900000,27
2026-08-24T02:12:55Z,236959,99900,99900,62
2026-08-24T02:12:55Z,236963,14300,16000,144508
2026-08-24T02:12:55Z,236965,21000,23800,119690
2026-08-24T02:12:55Z,236967,77770000,499999900,238
2026-08-24T02:12:55Z,237015,652300,661000,29830
2026-08-24T02:12:55Z,237016,666400,667600,65151
2026-08-24T02:12:55Z,237017,363500,419900,104562
2026-08-24T02:12:55Z,237018,365000,405900,70035
2026-08-24T02:12:55Z,237259,39400,39400,19
2026-08-24T02:12:55Z,237260,37800,38100,32
2026-08-24T02:12:55Z,237305,290003700,290003700,1
2026-08-24T02:12:55Z,237313,49001300,49001300,19
2026-08-24T02:12:55Z,237330,500000,500000,204
2026-08-24T02:12:55Z,237331,735100,735100,155
2026-08-24T02:12:55Z,237333,6990000,6990000,190
2026-08-24T02:12:55Z,237334,7000000,7000000,44
2026-08-24T02:12:55Z,237335,200000,200000,214
2026-08-24T02:12:55Z,237359,57200,64100,637716
2026-08-24T02:12:55Z,237361,282200,341900,232351
2026-08-24T02:12:55Z,237362,58700,80500,384158
2026-08-24T02:12:55Z,237363,10200,420000,124541
2026-08-24T02:12:55Z,237364,75000,81000,387065
2026-08-24T02:12:55Z,237365,367800,397500,194045
2026-08-24T02:12:55Z,237366,113500,131800,202061
2026-08-24T02:12:55Z,237367,572000,574200,486
2026-08-24T02:12:55Z,237369,3500000,3500000,1142
2026-08-24T02:12:55Z,237370,3609900,3609900,91
2026-08-24T02:12:55Z,237371,4590000,4900000,722
2026-08-24T02:12:55Z,237372,4240000,4261500,1328
2026-08-24T02:12:55Z,237373,4989900,5200000,1695
2026-08-24T02:12:55Z,238197,239500,239900,27497
2026-08-24T02:12:55Z,238198,631100,664000,25992
2026-08-24T02:12:55Z,238201,99900,100000,2313
2026-08-24T02:12:55Z,238202,819900,819900,5563
2026-08-24T02:12:55Z,238203,2319700,2500000,16151
2026-08-24T02:12:55Z,238204,889900,949800,15928
2026-08-24T02:12:55Z,238205,2252200,2470700,16013
2026-08-24T02:12:55Z,238209,148200,149700,1065
2026-08-24T02:12:55Z,238212,86600,128500,1097
2026-08-24T02:12:55Z,238213,127000,127400,4482
2026-08-24T02:12:55Z,238365,16300,17900,60362
2026-08-24T02:12:55Z,238366,81000,90700,56665
2026-08-24T02:12:55Z,238367,28000,30000,80048
2026-08-24T02:12:55Z,238368,196700,196700,6957
2026-08-24T02:12:55Z,238369,231800,288900,10767
2026-08-24T02:12:55Z,238370,22900,24400,138429
2026-08-24T02:12:55Z,238371,653500,703600,44147
2026-08-24T02:12:55Z,238372,35600,37600,27847
2026-08-24T02:12:55Z,238373,281000,289400,8029
2026-08-24T02:12:55Z,238374,15000,27400,33416
2026-08-24T02:12:55Z,238375,189900,205000,28736
2026-08-24T02:12:55Z,238376,350800,389900,17732
2026-08-24T02:12:55Z,238377,99000,130000,52744
2026-08-24T02:12:55Z,238378,361000,379800,29446
2026-08-24T02:12:55Z,238379,70000,80000,8357
2026-08-24T02:12:55Z,238380,1012900,1013000,12879
2026-08-24T02:12:55Z,238381,15000,18000,60140
2026-08-24T02:12:55Z,238382,490000,525000,15653
2026-08-24T02:12:55Z,238383,180800,194500,6707
2026-08-24T02:12:55Z,238384,151000,159900,3393
2026-08-24T02:12:55Z,238477,3900,300000,955
2026-08-24T02:12:55Z,238478,100,450000,1154
2026-08-24T02:12:55Z,238479,1300,450000,1310
2026-08-24T02:12:55Z,238480,100,350000,1361
2026-08-24T02:12:55Z,238481,9600,450000,1459
2026-08-24T02:12:55Z,238482,4300,11200,1946
2026-08-24T02:12:55Z,238483,4200,450000,1514
2026-08-24T02:12:55Z,238484,2800,6000,2559
2026-08-24T02:12:55Z,238485,3100,5500,2463
2026-08-24T02:12:55Z,238486,13600,450000,460
2026-08-24T02:12:55Z,238487,400,450000,1787
2026-08-24T02:12:55Z,238488,16400,16400,600
2026-08-24T02:12:55Z,238489,1900,450000,1408
2026-08-24T02:12:55Z,238491,1400,450000,574
2026-08-24T02:12:55Z,238492,39800,42000,728
2026-08-24T02:12:55Z,238493,8000,450000,276
2026-08-24T02:12:55Z,238494,2500,8500,1217
2026-08-24T02:12:55Z,238495,9900,10000,55
2026-08-24T02:12:55Z,238496,5500,450000,252
2026-08-24T02:12:55Z,238511,20100,23000,308641
2026-08-24T02:12:55Z,238512,28700,35000,578245
2026-08-24T02:12:55Z,238513,8400,11800,1197548
2026-08-24T02:12:55Z,238514,10000,11300,1220239
2026-08-24T02:12:55Z,238518,36300,57700,28712
2026-08-24T02:12:55Z,238519,70700,87200,35845
2026-08-24T02:12:55Z,238520,22100,26100,29259
2026-08-24T02:12:55Z,238521,85700,106200,44577
2026-08-24T02:12:55Z,238522,433900,482200,23062
2026-08-24T02:12:55Z,238523,8200,10500,137789
2026-08-24T02:12:55Z,238525,1425700,1460800,18792
2026-08-24T02:12:55Z,238528,606000,657200,7808
2026-08-24T02:12:55Z,238529,38899400,40007200,9220
2026-08-24T02:12:55Z,238530,6389900,6389900,3031
2026-08-24T02:12:55Z,238799,10900,10900,174
2026-08-24T02:12:55Z,238800,9999900,9999900,38
2026-08-24T02:12:55Z,238801,290004600,290004600,2
2026-08-24T02:12:55Z,238808,290009300,290009300,1
2026-08-24T02:12:55Z,238810,200009300,200009300,2
2026-08-24T02:12:55Z,238812,219600,219600,63
2026-08-24T02:12:55Z,238813,364700,364700,2
2026-08-24T02:12:55Z,238814,3276100,3276200,24
2026-08-24T02:12:55Z,238832,5005500,19905800,55
2026-08-24T02:12:55Z,238833,49009900,49009900,18
2026-08-24T02:12:55Z,238834,290009300,290009300,1
2026-08-24T02:12:55Z,238836,9900,10000,77
2026-08-24T02:12:55Z,238838,20500,20500,84
2026-08-24T02:12:55Z,238841,290009300,290009300,1
2026-08-24T02:12:55Z,238847,7700,7700,121
2026-08-24T02:12:55Z,238848,39009800,49009800,19
2026-08-24T02:12:55Z,238849,78959300,78959300,3
2026-08-24T02:12:55Z,238851,49009700,49009800,20
2026-08-24T02:12:55Z,238853,290009300,290009300,1
2026-08-24T02:12:55Z,238854,49008700,49008700,28
2026-08-24T02:12:55Z,238855,20700,20700,140
2026-08-24T02:12:55Z,238856,290009300,290009300,1
2026-08-24T02:12:55Z,238865,290008700,290008700,2
2026-08-24T02:12:55Z,238866,7100,7200,139
2026-08-24T02:12:55Z,238867,22000,22000,105
2026-08-24T02:12:55Z,238868,39999300,39999300,3
2026-08-24T02:12:55Z,238869,19900000,19900000,45
2026-08-24T02:12:55Z,238870,49009900,49009900,20
2026-08-24T02:12:55Z,238871,290009300,290009300,1
2026-08-24T02:12:55Z,238872,9400,9400,252
2026-08-24T02:12:55Z,238873,19800,19800,127
2026-08-24T02:12:55Z,238874,290004700,290004700,1
2026-08-24T02:12:55Z,238875,19900,19900,34
2026-08-24T02:12:55Z,238876,42009900,42009900,7
2026-08-24T02:12:55Z,238877,100000,49000000,28
2026-08-24T02:12:55Z,238878,10000000,49000000,21
2026-08-24T02:12:55Z,238879,50009800,50009800,3
2026-08-24T02:12:55Z,238880,25000000,49000000,27
2026-08-24T02:12:55Z,238881,290004700,290004700,1
2026-08-24T02:12:55Z,238882,290004700,290004700,1
2026-08-24T02:12:55Z,238883,989900,19900000,49
2026-08-24T02:12:55Z,238884,19700,19700,63
2026-08-24T02:12:55Z,238885,290009800,290009800,5
2026-08-24T02:12:55Z,238886,150000,150000,57
2026-08-24T02:12:55Z,238887,180500,190000,29
2026-08-24T02:12:55Z,238888,200000000,200000000,2
2026-08-24T02:12:55Z,238889,290004700,290004700,1
2026-08-24T02:12:55Z,238896,100000,100000,534
2026-08-24T02:12:55Z,238944,900,1000,555
2026-08-24T02:12:55Z,239115,85007400,85007400,3
2026-08-24T02:12:55Z,239129,97700,990000,251
2026-08-24T02:12:55Z,239198,910000,910000,6094
2026-08-24T02:12:55Z,239200,919000,949800,24222
2026-08-24T02:12:55Z,239201,1299900,1308300,16431
2026-08-24T02:12:55Z,239202,1278000,1290500,16879
2026-08-24T02:12:55Z,239276,35000000,35000000,37
2026-08-24T02:12:55Z,239314,500000000,500000000,9
2026-08-24T02:12:55Z,239690,21900,30000,5013
2026-08-24T02:12:55Z,239691,28500,30000,5829
2026-08-24T02:12:55Z,239692,34400,34500,920
2026-08-24T02:12:55Z,239700,17800,17900,12965
2026-08-24T02:12:55Z,239701,21100,21200,70339
2026-08-24T02:12:55Z,239702,24500,48900,13336
2026-08-24T02:12:55Z,239703,28500,32500,117819
2026-08-24T02:12:55Z,239711,5000,10000,1236
2026-08-24T02:12:55Z,239713,21500,21500,21644
2026-08-24T02:12:55Z,240094,199000000,199000000,43
2026-08-24T02:12:55Z,240133,42299700,44421000,558
2026-08-24T02:12:55Z,240154,30749900,30749900,36
2026-08-24T02:12:55Z,240155,38945500,38945500,1003
2026-08-24T02:12:55Z,240156,9000,21000,5775
2026-08-24T02:12:55Z,240157,130000,139700,579
2026-08-24T02:12:55Z,240164,3082300,3082300,76
2026-08-24T02:12:55Z,240165,4936900,4942000,368
2026-08-24T02:12:55Z,240166,3320000,3350000,834
2026-08-24T02:12:55Z,240167,2899800,2900000,3527
2026-08-24T02:12:55Z,240194,70000,80000,1545
2026-08-24T02:12:55Z,240216,377200,397500,628
2026-08-24T02:12:55Z,240855,458600,459000,144
2026-08-24T02:12:55Z,240856,3853600,3910100,1009
2026-08-24T02:12:55Z,240857,558200,558200,133
2026-08-24T02:12:55Z,240858,3000000,3000000,99
2026-08-24T02:12:55Z,240859,549900,552000,181
2026-08-24T02:12:55Z,240860,2997700,2997700,995
2026-08-24T02:12:55Z,240861,199700,200000,204
2026-08-24T02:12:55Z,240862,2297600,2297600,695
2026-08-24T02:12:55Z,240863,450000,470000,353
2026-08-24T02:12:55Z,240864,999900,1456600,128
2026-08-24T02:12:55Z,240865,370000,389800,150
2026-08-24T02:12:55Z,240866,1550000,1550000,246
2026-08-24T02:12:55Z,240867,320000,320000,209
2026-08-24T02:12:55Z,240868,1547900,1548000,606
2026-08-24T02:12:55Z,240869,65000,127400,221
2026-08-24T02:12:55Z,240870,2449200,2449200,239
2026-08-24T02:12:55Z,240871,1447100,1447100,376
2026-08-24T02:12:55Z,240872,3000000,3009900,294
2026-08-24T02:12:55Z,240873,900000,900000,234
2026-08-24T02:12:55Z,240874,2499900,2697100,393
2026-08-24T02:12:55Z,240875,246800,9909900,51
2026-08-24T02:12:55Z,240876,2050300,2050300,157
2026-08-24T02:12:55Z,240877,260000,1447100,2126
2026-08-24T02:12:55Z,240878,3799600,3799700,1711
2026-08-24T02:12:55Z,240879,70000,70000,128
2026-08-24T02:12:55Z,240880,1062500,1109100,186
2026-08-24T02:12:55Z,240881,90000,150000,761
2026-08-24T02:12:55Z,240882,1300000,1300000,76
2026-08-24T02:12:55Z,240883,1898900,1899000,2444
2026-08-24T02:12:55Z,240884,1900000,1900000,66
2026-08-24T02:12:55Z,240885,150000,150000,979
2026-08-24T02:12:55Z,240886,1200000,1656200,107
2026-08-24T02:12:55Z,240887,8000000,8300000,192
2026-08-24T02:12:55Z,240888,40005000,40005000,59
2026-08-24T02:12:55Z,240889,9249900,9249900,137
2026-08-24T02:12:55Z,240890,14950000,14959800,1242
2026-08-24T02:12:55Z,240891,9979900,9979900,48
2026-08-24T02:12:55Z,240892,14940000,15000000,1566
2026-08-24T02:12:55Z,240893,8880000,9890000,113
2026-08-24T02:12:55Z,240894,14990000,16859200,1040
2026-08-24T02:12:55Z,240895,8000000,9990000,206
2026-08-24T02:12:55Z,240896,38999900,39999900,144
2026-08-24T02:12:55Z,240897,12330000,12330000,484
2026-08-24T02:12:55Z,240898,15785200,16389900,340
2026-08-24T02:12:55Z,240899,9399900,9399900,124
2026-08-24T02:12:55Z,240900,15008600,15008600,255
2026-08-24T02:12:55Z,240901,8509700,8509700,110
2026-08-24T02:12:55Z,240902,14990000,14990000,140
2026-08-24T02:12:55Z,240903,6800000,6850000,92
2026-08-24T02:12:55Z,240904,16426000,16426000,115
2026-08-24T02:12:55Z,240905,35306400,35306400,49
2026-08-24T02:12:55Z,240906,14970000,14979800,271
2026-08-24T02:12:55Z,240907,9009900,9009900,131
2026-08-24T02:12:55Z,240908,14990000,15998900,916
2026-08-24T02:12:55Z,240909,8999600,8999600,78
2026-08-24T02:12:55Z,240910,14996200,14996200,183
2026-08-24T02:12:55Z,240911,2390000,2400000,283
2026-08-24T02:12:55Z,240912,12999200,12999200,388
2026-08-24T02:12:55Z,240913,9395000,9395000,167
2026-08-24T02:12:55Z,240914,14990000,15590000,876
2026-08-24T02:12:55Z,240915,8749900,8759900,248
2026-08-24T02:12:55Z,240916,16780000,16990000,839
2026-08-24T02:12:55Z,240917,6500000,8009900,263
2026-08-24T02:12:55Z,240918,16969600,16979700,271
2026-08-24T02:12:55Z,240966,15000000,15000000,30
2026-08-24T02:12:55Z,240967,21990000,23990000,147
2026-08-24T02:12:55Z,240968,16335000,16500000,34
2026-08-24T02:12:55Z,240969,20990000,20990000,87
2026-08-24T02:12:55Z,240970,39993500,39993500,45
2026-08-24T02:12:55Z,240971,15999900,17000000,189
2026-08-24T02:12:55Z,240972,614000,614700,5110
2026-08-24T02:12:55Z,240973,4490000,4500000,810
2026-08-24T02:12:55Z,240974,3779300,3999500,811
2026-08-24T02:12:55Z,240975,8750000,8900100,6307
2026-08-24T02:12:55Z,240982,15906100,16009000,63
2026-08-24T02:12:55Z,240983,22999700,28996900,2715
2026-08-24T02:12:55Z,240990,2198400,2198500,27826
2026-08-24T02:12:55Z,240991,26600,29800,20654
2026-08-24T02:12:55Z,241141,7000,7000,2737
2026-08-24T02:12:55Z,241142,7508900,7508900,362
2026-08-24T02:12:55Z,241143,9229900,9999900,328
2026-08-24T02:12:55Z,241144,9455500,9455500,406
2026-08-24T02:12:55Z,241145,50900,51000,3431
2026-08-24T02:12:55Z,241147,190000,190000,461
2026-08-24T02:12:55Z,241148,247500,247500,1526
2026-08-24T02:12:55Z,241149,4508400,4554000,319
2026-08-24T02:12:55Z,241151,2689800,2699900,1879
2026-08-24T02:12:55Z,241280,628900,628900,7460
2026-08-24T02:12:55Z,241281,332500,332500,8381
2026-08-24T02:12:55Z,241282,2100300,2572200,18900
2026-08-24T02:12:55Z,241283,690000,699900,5180
2026-08-24T02:12:55Z,241286,1349500,1399500,552
2026-08-24T02:12:55Z,241287,33200,34900,1436
2026-08-24T02:12:55Z,241288,1140100,1140100,26953
2026-08-24T02:12:55Z,241289,209900,209900,68779
2026-08-24T02:12:55Z,241292,1230000,1230000,1783
2026-08-24T02:12:55Z,241293,30000,46500,1431
2026-08-24T02:12:55Z,241294,509700,509700,2358
2026-08-24T02:12:55Z,241295,35000,35000,1434
2026-08-24T02:12:55Z,241296,395200,425300,409
2026-08-24T02:12:55Z,241297,26500,36600,2144
2026-08-24T02:12:55Z,241298,1310000,1310000,4097
2026-08-24T02:12:55Z,241299,148200,148200,8220
2026-08-24T02:12:55Z,241300,1400000,1441000,3324
2026-08-24T02:12:55Z,241301,90000,90000,37089
2026-08-24T02:12:55Z,241302,704100,704500,1411
2026-08-24T02:12:55Z,241303,35500,35500,3822
2026-08-24T02:12:55Z,241304,989000,1179900,16195
2026-08-24T02:12:55Z,241305,46600,48100,235231
2026-08-24T02:12:55Z,241306,449800,449800,2392
2026-08-24T02:12:55Z,241307,40000,44800,9407
2026-08-24T02:12:55Z,241308,1559500,1615500,79305
2026-08-24T02:12:55Z,241309,229800,229800,115417
2026-08-24T02:12:55Z,241310,1888000,1888100,3842
2026-08-24T02:12:55Z,241311,168200,168300,11181
2026-08-24T02:12:55Z,241312,1010200,1010200,4783
2026-08-24T02:12:55Z,241313,40000,63900,9741
2026-08-24T02:12:55Z,241316,1789900,2339900,8470
2026-08-24T02:12:55Z,241317,297000,297000,8567
2026-08-24T02:12:55Z,241320,4848900,4848900,7837
2026-08-24T02:12:55Z,241321,1950000,1950000,644
2026-08-24T02:12:55Z,241322,4200000,4206400,16002
2026-08-24T02:12:55Z,241323,1555300,1555500,10782
2026-08-24T02:12:55Z,241324,5693800,5693800,19347
2026-08-24T02:12:55Z,241325,2000000,2001100,4920
2026-08-24T02:12:55Z,241326,5737700,5747700,14091
2026-08-24T02:12:55Z,241327,2564500,2564500,7938
2026-08-24T02:12:55Z,241334,790000,887000,2252
2026-08-24T02:12:55Z,241338,90000,90000,541
2026-08-24T02:12:55Z,241339,24400,24500,18615
2026-08-24T02:12:55Z,242272,7550000,7559600,923
2026-08-24T02:12:55Z,242273,7920000,7920000,632
2026-08-24T02:12:55Z,242274,300000,300000,13392
2026-08-24T02:12:55Z,242275,346300,367900,330964
2026-08-24T02:12:55Z,242276,210000,210000,2048
2026-08-24T02:12:55Z,242277,1024900,1024900,3158
2026-08-24T02:12:55Z,242278,822900,822900,1134
2026-08-24T02:12:55Z,242280,247200,247200,1694
2026-08-24T02:12:55Z,242281,450000,460000,10297
2026-08-24T02:12:55Z,242282,323800,354300,5076
2026-08-24T02:12:55Z,242283,98000,98000,5398
2026-08-24T02:12:55Z,242284,67700,67700,22434
2026-08-24T02:12:55Z,242285,170000,170000,11324
2026-08-24T02:12:55Z,242286,60000,69300,80989
2026-08-24T02:12:55Z,242287,99700,99700,1290
2026-08-24T02:12:55Z,242288,56600,56600,3624
2026-08-24T02:12:55Z,242289,17900,17900,5458
2026-08-24T02:12:55Z,242290,35000,35000,1523
2026-08-24T02:12:55Z,242291,388600,388600,1838
2026-08-24T02:12:55Z,242292,39600,39600,823
2026-08-24T02:12:55Z,242293,60200,60200,1897
2026-08-24T02:12:55Z,242294,43200,43300,1133
2026-08-24T02:12:55Z,242295,73000,73000,7952
2026-08-24T02:12:55Z,242296,114000,114000,9586
2026-08-24T02:12:55Z,242297,39000,39900,2771
2026-08-24T02:12:55Z,242298,200000,224900,9790
2026-08-24T02:12:55Z,242299,10300,14100,42474
2026-08-24T02:12:55Z,242300,80000,80000,472
2026-08-24T02:12:55Z,242301,190000,199700,4180
2026-08-24T02:12:55Z,242302,13300,14700,19094
2026-08-24T02:12:55Z,242303,16500,16500,7183
2026-08-24T02:12:55Z,242304,6900,10000,11460
2026-08-24T02:12:55Z,242305,3900,3900,473
2026-08-24T02:12:55Z,242306,7000,7300,2137
2026-08-24T02:12:55Z,242307,3600,3600,1544
2026-08-24T02:12:55Z,242308,9500,21700,501
2026-08-24T02:12:55Z,242309,4000,4100,753
2026-08-24T02:12:55Z,242553,478200,478500,12141
2026-08-24T02:12:55Z,242554,418900,419000,14624
2026-08-24T02:12:55Z,242606,418500,418600,12916
2026-08-24T02:12:55Z,242607,424000,424400,15712
2026-08-24T02:12:55Z,242608,468000,469900,12549
2026-08-24T02:12:55Z,242610,448800,449200,7360
2026-08-24T02:12:55Z,242611,436600,438500,10418
2026-08-24T02:12:55Z,242612,438000,438000,6039
2026-08-24T02:12:55Z,242613,428800,428800,9438
2026-08-24T02:12:55Z,242620,539000,539000,19257
2026-08-24T02:12:55Z,242621,2039900,2041000,26511
2026-08-24T02:12:55Z,242639,37000,48300,1344582
2026-08-24T02:12:55Z,242640,46000,49900,780137
2026-08-24T02:12:55Z,242641,4400,4400,150023
2026-08-24T02:12:55Z,242642,400,500,62836
2026-08-24T02:12:55Z,242643,1300,1400,14814
2026-08-24T02:12:55Z,242644,4700,4700,259146
2026-08-24T02:12:55Z,242645,1400,1400,11908
2026-08-24T02:12:55Z,242646,1100,1200,84340
2026-08-24T02:12:55Z,242647,1900,1900,72849
2026-08-24T02:12:55Z,242712,1749700,1749800,13245
2026-08-24T02:12:55Z,242720,1529700,1647900,6362
2026-08-24T02:12:55Z,242721,1577500,1649600,6466
2026-08-24T02:12:55Z,242722,1480000,1568100,6455
2026-08-24T02:12:55Z,242723,1564100,1579800,5920
2026-08-24T02:12:55Z,242724,1629700,1629700,5858
2026-08-24T02:12:55Z,242725,1959200,2001200,3267
2026-08-24T02:12:55Z,242726,1505000,1598200,4203
2026-08-24T02:12:55Z,242727,1609900,1682600,7374
2026-08-24T02:12:55Z,242786,738100,741100,18542
2026-08-24T02:12:55Z,242787,73800,75500,78758
2026-08-24T02:12:55Z,242788,20600,20800,33692
2026-08-24T02:12:55Z,242789,21100,21300,10899
2026-08-24T02:12:55Z,243060,3800,9300,229317
2026-08-24T02:12:55Z,243197,990006100,990006100,1
2026-08-24T02:12:55Z,243199,2500000900,2500000900,1
2026-08-24T02:12:55Z,243200,49008000,49008000,17
2026-08-24T02:12:55Z,243206,1500008700,1500008700,1
2026-08-24T02:12:55Z,243207,9500008000,9500008000,1
2026-08-24T02:12:55Z,243208,290009400,290009400,1
2026-08-24T02:12:55Z,243209,990008700,990008700,1
2026-08-24T02:12:55Z,243210,990008600,990008600,1
2026-08-24T02:12:55Z,243211,990007800,990007800,1
2026-08-24T02:12:55Z,243215,990008200,990008200,1
2026-08-24T02:12:55Z,243216,49008000,49008000,14
2026-08-24T02:12:55Z,243222,49007900,49007900,17
2026-08-24T02:12:55Z,243223,290000000,290000000,1
2026-08-24T02:12:55Z,243224,49008500,49008500,20
2026-08-24T02:12:55Z,243225,49008400,49008400,20
2026-08-24T02:12:55Z,243226,9500000100,9500000100,1
2026-08-24T02:12:55Z,243227,290008900,290008900,1
2026-08-24T02:12:55Z,243228,290007400,290007400,1
2026-08-24T02:12:55Z,243574,590000,597400,5207
2026-08-24T02:12:55Z,243575,995000,1002500,567
2026-08-24T02:12:55Z,243576,610000,639400,10525
2026-08-24T02:12:55Z,243577,2924700,2954000,1313
2026-08-24T02:12:55Z,243578,40000,40000,2123
2026-08-24T02:12:55Z,243579,75200,75500,13717
2026-08-24T02:12:55Z,243581,30700,30800,111086
2026-08-24T02:12:55Z,243582,37400,45000,61885
2026-08-24T02:12:55Z,243599,9500,9500,93048
2026-08-24T02:12:55Z,243600,29700,29700,566102
2026-08-24T02:12:55Z,243602,20900,20900,81848
2026-08-24T02:12:55Z,243603,59700,59700,211374
2026-08-24T02:12:55Z,243605,1319800,1608700,20540
2026-08-24T02:12:55Z,243606,4302000,4520000,20298
2026-08-24T02:12:55Z,243733,29400,30000,47408
2026-08-24T02:12:55Z,243734,339900,339900,39479
2026-08-24T02:12:55Z,243735,258600,304800,4165
2026-08-24T02:12:55Z,243736,1750000,1970000,822
2026-08-24T02:12:55Z,243737,774500,774900,322
2026-08-24T02:12:55Z,243738,1550000,1550000,509
2026-08-24T02:12:55Z,243773,29100,29900,426
2026-08-24T02:12:55Z,243774,1800,2000,382
2026-08-24T02:12:55Z,243775,2100,7100,405
2026-08-24T02:12:55Z,243776,112900,990000,454
2026-08-24T02:12:55Z,243777,3500,3900,390
2026-08-24T02:12:55Z,243778,12100,12500,594
2026-08-24T02:12:55Z,243779,13000,13000,781
2026-08-24T02:12:55Z,243780,10300,16400,294
2026-08-24T02:12:55Z,243781,109100,109100,767
2026-08-24T02:12:55Z,243782,8700,8700,387
2026-08-24T02:12:55Z,243783,40200,40500,323
2026-08-24T02:12:55Z,243784,19100,19100,549
2026-08-24T02:12:55Z,243785,12100,15000,365
2026-08-24T02:12:55Z,243786,74400,79800,473
2026-08-24T02:12:55Z,243787,4300,9700,315
2026-08-24T02:12:55Z,243788,44500,49500,426
2026-08-24T02:12:55Z,243789,9400,9700,343
2026-08-24T02:12:55Z,243790,42000,47000,291
2026-08-24T02:12:55Z,243791,22000,22900,373
2026-08-24T02:12:55Z,243792,28900,29700,499
2026-08-24T02:12:55Z,243793,9900,13200,314
2026-08-24T02:12:55Z,243794,3600,8900,408
2026-08-24T02:12:55Z,243795,1000,7000,346
2026-08-24T02:12:55Z,243796,14700,14700,316
2026-08-24T02:12:55Z,243797,355000,355000,3549
2026-08-24T02:12:55Z,243798,172000,172100,903
2026-08-24T02:12:55Z,243799,229700,229700,1903
2026-08-24T02:12:55Z,243800,84800,84800,273
2026-08-24T02:12:55Z,243801,324300,324300,1680
2026-08-24T02:12:55Z,243802,209800,209800,834
2026-08-24T02:12:55Z,243803,989500,989500,398
2026-08-24T02:12:55Z,243804,134600,134600,1536
2026-08-24T02:12:55Z,243805,421800,421800,1747
2026-08-24T02:12:55Z,243806,156000,156000,694
2026-08-24T02:12:55Z,243807,209700,209700,2596
2026-08-24T02:12:55Z,243808,149800,149800,1406
2026-08-24T02:12:55Z,243809,490000,490000,1793
2026-08-24T02:12:55Z,243810,339600,339600,2171
2026-08-24T02:12:55Z,243811,114800,114800,972
2026-08-24T02:12:55Z,243812,282300,282300,1372
2026-08-24T02:12:55Z,243813,119700,119700,1220
2026-08-24T02:12:55Z,243814,499500,499500,1079
2026-08-24T02:12:55Z,243815,201800,201800,973
2026-08-24T02:12:55Z,243816,570600,570600,1548
2026-08-24T02:12:55Z,243817,425700,425700,3351
2026-08-24T02:12:55Z,243818,499500,499500,1721
2026-08-24T02:12:55Z,243819,109700,109700,691
2026-08-24T02:12:55Z,243820,195900,195900,1239
2026-08-24T02:12:55Z,243821,114146300,114146300,11
2026-08-24T02:12:55Z,243822,6999900,6999900,86
2026-08-24T02:12:55Z,243823,6000000,6000000,53
2026-08-24T02:12:55Z,243844,250000100,250000100,2
2026-08-24T02:12:55Z,243845,3000100,3000100,2
2026-08-24T02:12:55Z,243946,24899800,24899900,56
2026-08-24T02:12:55Z,243947,30676400,30677000,607
2026-08-24T02:12:55Z,243948,54500,60900,230
2026-08-24T02:12:55Z,243949,347500,347500,2343
2026-08-24T02:12:55Z,243950,29996600,29996600,83
2026-08-24T02:12:55Z,243951,35967900,36035400,999
2026-08-24T02:12:55Z,243952,22499300,22499800,19
2026-08-24T02:12:55Z,243953,28990300,28990500,668
2026-08-24T02:12:55Z,243954,2800,4000,32516
2026-08-24T02:12:55Z,243955,119600,119600,1739
2026-08-24T02:12:55Z,243956,24999900,24999900,45
2026-08-24T02:12:55Z,243957,28497400,28841200,1294
2026-08-24T02:12:55Z,243958,20879800,20989900,46
2026-08-24T02:12:55Z,243959,27998100,29834800,630
2026-08-24T02:12:55Z,243960,53900,59800,689
2026-08-24T02:12:55Z,243961,330000,330000,658
2026-08-24T02:12:55Z,243962,7699400,7699400,159
2026-08-24T02:12:55Z,243963,12038600,12050400,1233
2026-08-24T02:12:55Z,243964,2499900,2499900,73
2026-08-24T02:12:55Z,243965,11128800,11151000,166
2026-08-24T02:12:55Z,243966,2222200,2222200,89
2026-08-24T02:12:55Z,243967,7908800,7908800,1169
2026-08-24T02:12:55Z,243968,19604000,19604000,25
2026-08-24T02:12:55Z,243969,35000000,35713600,94
2026-08-24T02:12:55Z,243970,43004200,43004200,37
2026-08-24T02:12:55Z,243971,59990200,59990200,237
2026-08-24T02:12:55Z,243972,42900000,42900000,89
2026-08-24T02:12:55Z,243973,49956900,53274500,878
2026-08-24T02:12:55Z,243974,32003100,32003100,105
2026-08-24T02:12:55Z,243975,34908400,35539900,98
2026-08-24T02:12:55Z,243976,63999700,63999700,41
2026-08-24T02:12:55Z,243977,66119800,66900000,1611
2026-08-24T02:12:55Z,243978,55000,55100,803
2026-08-24T02:12:55Z,243979,339200,339200,440
2026-08-24T02:12:55Z,243980,22473200,23409500,42
2026-08-24T02:12:55Z,243981,31982900,31984700,1470
2026-08-24T02:12:55Z,243982,31392000,31392000,80
2026-08-24T02:12:55Z,243983,34994000,34994000,272
2026-08-24T02:12:55Z,243984,1500,2400,20492
2026-08-24T02:12:55Z,243985,109600,109600,2318
2026-08-24T02:12:55Z,243986,25006900,25006900,154
2026-08-24T02:12:55Z,243987,26979600,29380700,669
2026-08-24T02:12:55Z,243988,52700,52700,272
2026-08-24T02:12:55Z,243989,265700,265700,375
2026-08-24T02:12:55Z,243990,27980000,27980000,35
2026-08-24T02:12:55Z,243991,35848000,35905000,754
2026-08-24T02:12:55Z,243992,920000,920000,73
2026-08-24T02:12:55Z,243993,6660000,6796600,1321
2026-08-24T02:12:55Z,243994,4029500,4029500,33
2026-08-24T02:12:55Z,243995,24999700,24999900,496
2026-08-24T02:12:55Z,243996,44500000,44500000,16
2026-08-24T02:12:55Z,243997,51299900,51300000,52
2026-08-24T02:12:55Z,243998,1980000,1980000,1350
2026-08-24T02:12:55Z,243999,15000000,16999800,194
2026-08-24T02:12:55Z,244000,27999500,27999600,16
2026-08-24T02:12:55Z,244001,48903500,48904500,36
2026-08-24T02:12:55Z,244002,36998000,36998000,120
2026-08-24T02:12:55Z,244003,36947400,36962200,805
2026-08-24T02:12:55Z,244004,51000,51000,143
2026-08-24T02:12:55Z,244005,363700,363700,4218
2026-08-24T02:12:55Z,244006,51119900,51119900,30
2026-08-24T02:12:55Z,244007,34931100,34934900,272
2026-08-24T02:12:55Z,244008,23000000,25041800,23
2026-08-24T02:12:55Z,244009,29398400,29398400,261
2026-08-24T02:12:55Z,244010,14600,17900,12500
2026-08-24T02:12:55Z,244011,68600,111500,7551
2026-08-24T02:12:55Z,244012,1500,7100,9938
2026-08-24T02:12:55Z,244013,63600,63600,2206
2026-08-24T02:12:55Z,244014,22000000,22362000,159
2026-08-24T02:12:55Z,244015,26986000,26986000,1141
2026-08-24T02:12:55Z,244016,24700000,24700000,110
2026-08-24T02:12:55Z,244017,27891700,28856000,462
2026-08-24T02:12:55Z,244018,55000,59400,558
2026-08-24T02:12:55Z,244019,7750000,7760000,1108
2026-08-24T02:12:55Z,244020,2409700,2409800,166
2026-08-24T02:12:55Z,244021,9872800,9873200,1664
2026-08-24T02:12:55Z,244022,1800000,1800000,165
2026-08-24T02:12:55Z,244023,7442000,7442000,236
2026-08-24T02:12:55Z,244024,4800000,4800000,164
2026-08-24T02:12:55Z,244025,9989900,9989900,150
2026-08-24T02:12:55Z,244026,22008000,22008000,27
2026-08-24T02:12:55Z,244027,33760000,33768400,68
2026-08-24T02:12:55Z,244028,53500000,53500000,91
2026-08-24T02:12:55Z,244029,58994000,59494300,1562
2026-08-24T02:12:55Z,244030,45000000,45000000,34
2026-08-24T02:12:55Z,244031,54195100,55978400,2348
2026-08-24T02:12:55Z,244032,5100,5100,518
2026-08-24T02:12:55Z,244033,199800,199800,378
2026-08-24T02:12:55Z,244034,6600,6600,253
2026-08-24T02:12:55Z,244035,102100,102100,137
2026-08-24T02:12:55Z,244036,32300,34000,583
2026-08-24T02:12:55Z,244037,598800,598800,255
2026-08-24T02:12:55Z,244038,280000100,280000100,2
2026-08-24T02:12:55Z,244039,290000100,290000100,1
2026-08-24T02:12:55Z,244040,290000100,290000100,1
2026-08-24T02:12:55Z,244041,290000100,290000100,1
2026-08-24T02:12:55Z,244056,59700,59700,166
2026-08-24T02:12:55Z,244057,251300,251300,2117
2026-08-24T02:12:55Z,244147,159900,999900,31
2026-08-24T02:12:55Z,244148,140000,140000,101
2026-08-24T02:12:55Z,244149,495000,500000,84
2026-08-24T02:12:55Z,244355,9909500,9909500,211
2026-08-24T02:12:55Z,244357,879600,879600,134
2026-08-24T02:12:55Z,244358,11400,11400,40
2026-08-24T02:12:55Z,244359,18700,18700,200
2026-08-24T02:12:55Z,244360,24900,24900,35
2026-08-24T02:12:55Z,244361,20200,20200,33
2026-08-24T02:12:55Z,244603,390000,900000,1337
2026-08-24T02:12:55Z,244604,417600,417600,1456
2026-08-24T02:12:55Z,244607,250000,250000,489
2026-08-24T02:12:55Z,244608,809000,1990000,268
2026-08-24T02:12:55Z,244631,67200,68800,8014
2026-08-24T02:12:55Z,244632,161100,169700,13934
2026-08-24T02:12:55Z,244633,40000000,199904800,49
2026-08-24T02:12:55Z,244634,23439800,25999700,1286
2026-08-24T02:12:55Z,244635,968900,968900,2297
2026-08-24T02:12:55Z,244636,990800,1481500,1958
2026-08-24T02:12:55Z,244637,109400,109400,10581
2026-08-24T02:12:55Z,244638,164100,164300,20018
2026-08-24T02:12:55Z,244639,1394000,1423500,1178
2026-08-24T02:12:55Z,244640,39895700,39895700,278
2026-08-24T02:12:55Z,244641,41003900,41003900,1217
2026-08-24T02:12:55Z,244642,38009700,38009700,96
2026-08-24T02:12:55Z,244643,37211000,40002800,293
2026-08-24T02:12:55Z,244644,293800,293900,140
2026-08-24T02:12:55Z,244645,1550000,2300000,384
2026-08-24T02:12:55Z,244674,495400,495400,515
2026-08-24T02:12:55Z,244675,885900,886300,964
2026-08-24T02:12:55Z,244697,86300,86400,365
2026-08-24T02:12:55Z,244698,1868200,1880000,69
2026-08-24T02:12:55Z,244699,87600,88300,687
2026-08-24T02:12:55Z,244700,3660000,3660000,102
2026-08-24T02:12:55Z,244701,449800,558800,230
2026-08-24T02:12:55Z,244702,3166000,3166000,294
2026-08-24T02:12:55Z,244703,391900,449900,745
2026-08-24T02:12:55Z,244704,3967000,3967100,349
2026-08-24T02:12:55Z,244835,90000,90000,1188
2026-08-24T02:12:55Z,244838,13000,13000,2818
2026-08-24T02:12:55Z,244839,34300,35000,1637
2026-08-24T02:12:55Z,244854,64000,64400,157
2026-08-24T02:12:55Z,245566,80600,80600,32
2026-08-24T02:12:55Z,245591,49002600,49002600,18
2026-08-24T02:12:55Z,245592,19900400,19900400,40
2026-08-24T02:12:55Z,245593,290000800,290000800,1
2026-08-24T02:12:55Z,245594,9000000,19900000,41
2026-08-24T02:12:55Z,245595,49000000,49000000,20
2026-08-24T02:12:55Z,245596,49002600,49002600,20
2026-08-24T02:12:55Z,245597,40001500,49001500,16
2026-08-24T02:12:55Z,245598,290002400,290002400,1
2026-08-24T02:12:55Z,245599,290005800,290005800,1
2026-08-24T02:12:55Z,245606,19908800,19908800,36
2026-08-24T02:12:55Z,245607,11104200,19904200,41
2026-08-24T02:12:55Z,245608,19900000,19900400,41
2026-08-24T02:12:55Z,245609,49002600,49002600,20
2026-08-24T02:12:55Z,245764,860000,860000,3535
2026-08-24T02:12:55Z,245765,2949800,3200000,13076
2026-08-24T02:12:55Z,245766,198500,201000,3696
2026-08-24T02:12:55Z,245767,891500,891500,5485
2026-08-24T02:12:55Z,245781,1190000,1197200,455
2026-08-24T02:12:55Z,245782,2670000,2704100,1588
2026-08-24T02:12:55Z,245783,659900,659900,1892
2026-08-24T02:12:55Z,245784,2754100,2856900,2258
2026-08-24T02:12:55Z,245785,306000,307000,236
2026-08-24T02:12:55Z,245786,2761400,3991300,1689
2026-08-24T02:12:55Z,245787,1200000,1200000,1266
2026-08-24T02:12:55Z,245788,3078900,3109200,2415
2026-08-24T02:12:55Z,245789,509000,679200,944
2026-08-24T02:12:55Z,245790,2850000,2942000,4442
2026-08-24T02:12:55Z,245791,240000,240000,282
2026-08-24T02:12:55Z,245792,2240000,2259300,2761
2026-08-24T02:12:55Z,245794,1000000,499999800,33
2026-08-24T02:12:55Z,245795,108500,108500,148
2026-08-24T02:12:55Z,245796,1072200,1072200,226
2026-08-24T02:12:55Z,245797,108500,108500,174
2026-08-24T02:12:55Z,245798,705100,705100,357
2026-08-24T02:12:55Z,245799,121500,121500,404
2026-08-24T02:12:55Z,245800,800000,800000,385
2026-08-24T02:12:55Z,245801,127000,167100,14496
2026-08-24T02:12:55Z,245802,972000,972100,2536
2026-08-24T02:12:55Z,245803,134800,139000,28673
2026-08-24T02:12:55Z,245804,444100,444100,11890
2026-08-24T02:12:55Z,245805,442700,442700,11205
2026-08-24T02:12:55Z,245806,1459600,1499800,5635
2026-08-24T02:12:55Z,245807,17000,17000,209984
2026-08-24T02:12:55Z,245808,24800,25800,201560
2026-08-24T02:12:55Z,245814,389400,409500,453
2026-08-24T02:12:55Z,245815,2248600,2494600,714
2026-08-24T02:12:55Z,245816,479400,499800,557
2026-08-24T02:12:55Z,245817,2497500,2497500,346
2026-08-24T02:12:55Z,245818,803300,803300,107
2026-08-24T02:12:55Z,245819,2290000,2299900,920
2026-08-24T02:12:55Z,245820,400300,400300,131
2026-08-24T02:12:55Z,245821,1173700,1173700,190
2026-08-24T02:12:55Z,245822,2708800,2708800,699
2026-08-24T02:12:55Z,245823,2748900,2748900,1056
2026-08-24T02:12:55Z,245824,380000,380000,624
2026-08-24T02:12:55Z,245825,1800000,1800000,148
2026-08-24T02:12:55Z,245826,489900,592500,514
2026-08-24T02:12:55Z,245827,1890000,1890000,147
2026-08-24T02:12:55Z,245830,3622500,4000000,2059
2026-08-24T02:12:55Z,245831,106000,108900,443
2026-08-24T02:12:55Z,245832,114900,123000,520
2026-08-24T02:12:55Z,245833,134700,138200,383
2026-08-24T02:12:55Z,245834,128100,128100,1181
2026-08-24T02:12:55Z,245835,105000,111000,617
2026-08-24T02:12:55Z,245836,127400,140000,364
2026-08-24T02:12:55Z,245837,103000,103300,382
2026-08-24T02:12:55Z,245838,5990000,5990000,1025
2026-08-24T02:12:55Z,245839,108800,120000,850
2026-08-24T02:12:55Z,245840,124900,135000,1166
2026-08-24T02:12:55Z,245841,120800,121500,925
2026-08-24T02:12:55Z,245842,126300,139900,772
2026-08-24T02:12:55Z,245843,136200,137500,348
2026-08-24T02:12:55Z,245844,129800,159300,726
2026-08-24T02:12:55Z,245845,119900,130700,316
2026-08-24T02:12:55Z,245847,3118200,3118200,1092
2026-08-24T02:12:55Z,245848,101500,114900,450
2026-08-24T02:12:55Z,245849,119900,134000,461
2026-08-24T02:12:55Z,245850,112500,119800,569
2026-08-24T02:12:55Z,245851,102200,102300,749
2026-08-24T02:12:55Z,245852,111100,121100,645
2026-08-24T02:12:55Z,245853,110000,114000,867
2026-08-24T02:12:55Z,245854,124900,134900,198
2026-08-24T02:12:55Z,245856,2315000,2347600,733
2026-08-24T02:12:55Z,245857,184400,411100,1253
2026-08-24T02:12:55Z,245858,130000,141000,720
2026-08-24T02:12:55Z,245859,151900,152000,305
2026-08-24T02:12:55Z,245860,149200,159900,576
2026-08-24T02:12:55Z,245861,139800,149500,569
2026-08-24T02:12:55Z,245862,103900,119000,641
2026-08-24T02:12:55Z,245863,140000,159900,636
2026-08-24T02:12:55Z,245864,236400,236400,10289
2026-08-24T02:12:55Z,245865,4400,4500,28402
2026-08-24T02:12:55Z,245866,220000,220000,17996
2026-08-24T02:12:55Z,245867,9100,9200,49219
2026-08-24T02:12:55Z,245871,2449900,2449900,30
2026-08-24T02:12:55Z,245872,25535600,25535600,26
2026-08-24T02:12:55Z,245873,8005100,8505100,75
2026-08-24T02:12:55Z,245874,25001200,25001200,76
2026-08-24T02:12:55Z,245875,9859000,9959500,45
2026-08-24T02:12:55Z,245876,4499600,4999800,1471
2026-08-24T02:12:55Z,245877,2960000,2960000,41
2026-08-24T02:12:55Z,245878,4705100,4709800,153
2026-08-24T02:12:55Z,245879,1990000,1999900,1209
2026-08-24T02:12:55Z,245880,4499800,4499800,2184
2026-08-24T02:12:55Z,245881,2300,2300,10825
2026-08-24T02:12:55Z,245882,3300,3800,41718
2026-08-24T02:12:55Z,246063,290000100,290000100,2
2026-08-24T02:12:55Z,246376,20000,20000,78
2026-08-24T02:12:55Z,246383,140000,140000,762
2026-08-24T02:12:55Z,246447,169900,259900,181373
2026-08-24T02:12:55Z,246448,480000,542200,9766
2026-08-24T02:12:55Z,246449,1889900,1996000,11060
2026-08-24T02:12:55Z,246584,50000000,50000000,2
2026-08-24T02:12:55Z,247672,24700,24700,624
2026-08-24T02:12:55Z,247673,23000,23000,123
2026-08-24T02:12:55Z,247692,9903900,9903900,45
2026-08-24T02:12:55Z,247693,450100,450100,238
2026-08-24T02:12:55Z,247694,5009800,9909800,34
2026-08-24T02:12:55Z,247695,9904400,9904400,50
2026-08-24T02:12:55Z,247696,9908700,9908700,62
2026-08-24T02:12:55Z,247698,12000,12000,140
2026-08-24T02:12:55Z,247699,80000,80000,132
2026-08-24T02:12:55Z,247700,85200,85200,106
2026-08-24T02:12:55Z,248130,100000,100000,1771
2026-08-24T02:12:55Z,248132,169600,169600,125
2026-08-24T02:12:55Z,248133,898600,898700,247
2026-08-24T02:12:55Z,248135,6400,26000,590
2026-08-24T02:12:55Z,248136,174700,174700,97
2026-08-24T02:12:55Z,248137,500000,500000,1030
2026-08-24T02:12:55Z,248138,184800,184800,427
2026-08-24T02:12:55Z,248331,10000,10000,296
2026-08-24T02:12:55Z,248409,400000,430000,5460
2026-08-24T02:12:55Z,248486,427500,450000,5267
2026-08-24T02:12:55Z,248585,10000,10000,146
2026-08-24T02:12:55Z,248586,205500,205500,129
2026-08-24T02:12:55Z,248592,428700,527800,283
2026-08-24T02:12:55Z,249218,99900,120000,1995
2026-08-24T02:12:55Z,249700,10996300,10996300,64
2026-08-24T02:12:55Z,249702,25946100,25956200,27
2026-08-24T02:12:55Z,249704,14149700,14149700,106
2026-08-24T02:12:55Z,249706,2980000,2989100,30
2026-08-24T02:12:55Z,249707,20005000,20005000,80
2026-08-24T02:12:55Z,249708,3500000,3500000,63
2026-08-24T02:12:55Z,250305,19909900,19909900,45
2026-08-24T02:12:55Z,250317,88400,88400,26
2026-08-24T02:12:55Z,250856,708500,708500,61
2026-08-24T02:12:55Z,250857,9900000,9900000,20
2026-08-24T02:12:55Z,250858,39999700,39999700,7
2026-08-24T02:12:55Z,250859,1500000,1500000,8
2026-08-24T02:12:55Z,250860,199008900,199008900,1
2026-08-24T02:12:55Z,250861,199008900,199008900,6
2026-08-24T02:12:55Z,250862,199008900,199008900,7
2026-08-24T02:12:55Z,250864,199008900,199008900,2
2026-08-24T02:12:55Z,250865,708900,708900,31
2026-08-24T02:12:55Z,250866,199008900,199008900,1
2026-08-24T02:12:55Z,250867,199008900,199008900,1
2026-08-24T02:12:55Z,250871,199008900,199008900,1
2026-08-24T02:12:55Z,251283,1310000,1506700,9979
2026-08-24T02:12:55Z,251285,12226400,12971800,29999
2026-08-24T02:12:55Z,251487,137000,137000,890
2026-08-24T02:12:55Z,251488,6662400,6662900,221
2026-08-24T02:12:55Z,251489,700000,800400,362
2026-08-24T02:12:55Z,251490,7999900,9999900,1094
2026-08-24T02:12:55Z,251665,900,900,174884
2026-08-24T02:12:55Z,251691,600,700,298790
2026-08-24T02:12:55Z,251923,171400,200000,45196
2026-08-24T02:12:55Z,253302,2100,2200,341691
2026-08-24T02:12:55Z,253303,4800,29900,83730
2026-08-24T02:12:55Z,253307,2691000,3398500,7542
2026-08-24T02:12:55Z,253403,13000,14900,1299391
2026-08-24T02:12:55Z,253622,166664700,166664700,2
2026-08-24T02:12:55Z,253623,99990000,99990000,4
2026-08-24T02:12:55Z,254874,249900,250000,399
2026-08-24T02:12:55Z,255843,24800,25000,284
2026-08-24T02:12:55Z,255844,30000,37000,156
2026-08-24T02:12:55Z,255845,8569400,8569400,1219
2026-08-24T02:12:55Z,255846,6802500,6805900,13563
2026-08-24T02:12:55Z,255847,399000,422500,120811
2026-08-24T02:12:55Z,255848,360000,360400,19142
2026-08-24T02:12:55Z,256559,2000,2000,362379
2026-08-24T02:12:55Z,257735,14900,19000,441
2026-08-24T02:12:55Z,257741,245100,245100,244
2026-08-24T02:12:55Z,257745,126100,128600,118
2026-08-24T02:12:55Z,257746,1003400,1504300,187
2026-08-24T02:12:55Z,257747,162900,176400,111
2026-08-24T02:12:55Z,257748,2200000,2299900,185
2026-08-24T02:12:55Z,257749,584000,584000,83
2026-08-24T02:12:55Z,257750,3301400,3301400,409
2026-08-24T02:12:55Z,257751,872000,872000,112
2026-08-24T02:12:55Z,257752,4798300,4798400,622
2026-08-24T02:12:55Z,259085,3504200,4299800,56865
2026-08-24T02:12:55Z,259894,600,700,2049
2026-08-24T02:12:55Z,260232,385000,400000,543
2026-08-24T02:12:55Z,260254,5000,5000,675
2026-08-24T02:12:55Z,260255,8900,8900,1263
2026-08-24T02:12:55Z,260256,9500,9500,1567
2026-08-24T02:12:55Z,260257,7000,7000,1091
2026-08-24T02:12:55Z,260258,16800,16800,982
2026-08-24T02:12:55Z,260259,29300,29300,2981
2026-08-24T02:12:55Z,260260,19900,19900,1972
2026-08-24T02:12:55Z,260261,7700,7700,1401
2026-08-24T02:12:55Z,260262,20000,20000,1359
2026-08-24T02:12:55Z,260263,14700,14700,374
2026-08-24T02:12:55Z,260264,23300,23300,1427
2026-08-24T02:12:55Z,260267,19000,19000,470
2026-08-24T02:12:55Z,260268,4500,4500,282
2026-08-24T02:12:55Z,260269,9700,9700,490
2026-08-24T02:12:55Z,260270,29800,29800,896
2026-08-24T02:12:55Z,260271,420000,420000,1843
2026-08-24T02:12:55Z,260272,9700,9700,1016
2026-08-24T02:12:55Z,260273,82700,82700,801
2026-08-24T02:12:55Z,260274,96600,96600,1296
2026-08-24T02:12:55Z,260275,120000,120000,1528
2026-08-24T02:12:55Z,260276,240100,240100,955
2026-08-24T02:12:55Z,260277,18700,18700,858
2026-08-24T02:12:55Z,260278,6700,6700,961
2026-08-24T02:12:55Z,260279,74800,74800,1801
2026-08-24T02:12:55Z,260280,48400,48400,1514
2026-08-24T02:12:55Z,260281,79700,79700,1647
2026-08-24T02:12:55Z,260282,68100,68100,1473
2026-08-24T02:12:55Z,260283,57600,57600,1804
2026-08-24T02:12:55Z,260284,21100,21100,1671
2026-08-24T02:12:55Z,260285,10000,10000,463
2026-08-24T02:12:55Z,260286,191100,191100,1037
2026-08-24T02:12:55Z,260287,301100,301100,691
2026-08-24T02:12:55Z,260288,21700,21700,1181
2026-08-24T02:12:55Z,260289,25500,25500,1664
2026-08-24T02:12:55Z,260290,2300,2300,3450
2026-08-24T02:12:55Z,260291,190000,190000,1308
2026-08-24T02:12:55Z,260292,40000,40000,1864
2026-08-24T02:12:55Z,260293,39100,39100,1827
2026-08-24T02:12:55Z,260294,64600,64600,1339
2026-08-24T02:12:55Z,260295,140000,140000,1593
2026-08-24T02:12:55Z,260296,19900,19900,1164
2026-08-24T02:12:55Z,260297,92900,92900,1646
2026-08-24T02:12:55Z,260298,20000,20000,1098
2026-08-24T02:12:55Z,260299,131000,131000,2143
2026-08-24T02:12:55Z,260309,6800,6800,855
2026-08-24T02:12:55Z,260428,9902000,9902000,100
2026-08-24T02:12:55Z,260429,50000000,50000000,15
2026-08-24T02:12:55Z,260588,5009900,9909900,50
2026-08-24T02:12:55Z,260589,290000200,290000200,1
2026-08-24T02:12:55Z,260604,18400,18400,167
2026-08-24T02:12:55Z,260605,20600,20600,68
2026-08-24T02:12:55Z,260606,18900,18900,308
2026-08-24T02:12:55Z,260608,216700,216700,97
2026-08-24T02:12:55Z,260611,19900,19900,69
2026-08-24T02:12:55Z,260613,7000,7100,221
2026-08-24T02:12:55Z,260614,7300,7300,2821
2026-08-24T02:12:55Z,260615,6400,6400,302
2026-08-24T02:12:55Z,260616,252600,252600,53
2026-08-24T02:12:55Z,260617,21700,21700,38
2026-08-24T02:12:55Z,260618,19700,19700,566
2026-08-24T02:12:55Z,260619,254000,254000,49
2026-08-24T02:12:55Z,260620,6400,6400,781
2026-08-24T02:12:55Z,260621,19200,19400,115
2026-08-24T02:12:55Z,260636,18800,18800,224
2026-08-24T02:12:55Z,260637,19200,19200,317
2026-08-24T02:12:55Z,260638,20600,20600,1497
2026-08-24T02:12:55Z,260639,18700,18700,651
2026-08-24T02:12:55Z,260640,20400,20400,153
2026-08-24T02:12:55Z,260641,28300,28400,130
2026-08-24T02:12:55Z,260642,19200,19200,317
2026-08-24T02:12:55Z,260643,22000,22000,161
2026-08-24T02:12:55Z,260644,18700,18700,140
2026-08-24T02:12:55Z,260645,19700,19700,109
2026-08-24T02:12:55Z,260646,19300,19300,646
2026-08-24T02:12:55Z,260647,21200,21200,281
2026-08-24T02:12:55Z,260648,19100,19100,774
2026-08-24T02:12:55Z,260649,20600,20600,115
2026-08-24T02:12:55Z,260650,19600,19600,719
2026-08-24T02:12:55Z,260651,19600,19600,1017
2026-08-24T02:12:55Z,260652,20900,20900,300
2026-08-24T02:12:55Z,260653,7200,7200,587
2026-08-24T02:12:55Z,260654,7400,7400,540
2026-08-24T02:12:55Z,260655,6200,6200,640
2026-08-24T02:12:55Z,260656,7100,7100,629
2026-08-24T02:12:55Z,260657,6400,6500,1637
2026-08-24T02:12:55Z,260658,7400,7400,253
2026-08-24T02:12:55Z,260659,7000,7000,3988
2026-08-24T02:12:55Z,260660,7100,7100,1272
2026-08-24T02:12:55Z,260661,6400,6400,1618
2026-08-24T02:12:55Z,260662,6800,6800,957
2026-08-24T02:12:55Z,260663,6900,6900,134
2026-08-24T02:12:55Z,260664,7000,7000,2025
2026-08-24T02:12:55Z,260665,6800,6800,762
2026-08-24T02:12:55Z,260666,6400,6400,158
2026-08-24T02:12:55Z,260667,8400,8400,127
2026-08-24T02:12:55Z,260668,6100,6100,53
2026-08-24T02:12:55Z,260669,9300,9300,523
2026-08-24T02:12:55Z,260670,6100,6100,626
2026-08-24T02:12:55Z,260671,7400,7400,375
2026-08-24T02:12:55Z,260672,6800,6800,671
2026-08-24T02:12:55Z,260673,6200,6200,225
2026-08-24T02:12:55Z,260674,500000,500000,4
2026-08-24T02:12:55Z,260675,229900,229900,92
2026-08-24T02:12:55Z,260676,257900,257900,62
2026-08-24T02:12:55Z,260677,238500,238500,384
2026-08-24T02:12:55Z,260678,241200,241200,157
2026-08-24T02:12:55Z,260679,218700,218700,30
2026-08-24T02:12:55Z,260680,218600,218600,13
2026-08-24T02:12:55Z,260681,244900,244900,36
2026-08-24T02:12:55Z,260683,257500,257500,87
2026-08-24T02:12:55Z,260684,255100,255100,143
2026-08-24T02:12:55Z,260685,261600,261600,89
2026-08-24T02:12:55Z,260686,262200,262200,134
2026-08-24T02:12:55Z,260687,233500,233500,371
2026-08-24T02:12:55Z,260688,249900,249900,51
2026-08-24T02:12:55Z,260689,253200,253200,240
2026-08-24T02:12:55Z,260690,218200,218200,37
2026-08-24T02:12:55Z,260691,243900,243900,31
2026-08-24T02:12:55Z,260692,230500,230500,121
2026-08-24T02:12:55Z,260693,237200,237200,98
2026-08-24T02:12:55Z,260694,250100,250100,22
2026-08-24T02:12:55Z,260695,235900,235900,7
2026-08-24T02:12:55Z,262562,19902000,19902000,38
2026-08-24T02:12:55Z,262563,19902000,19902000,40
2026-08-24T02:12:55Z,262564,19902000,19902000,40
2026-08-24T02:12:55Z,262565,19902000,19902000,35
2026-08-24T02:12:55Z,262650,17500,34800,2081
2026-08-24T02:12:55Z,262651,10000,29900,1656
2026-08-24T02:12:55Z,262792,39800,44400,7385
2026-08-24T02:12:55Z,262793,2780000,2800000,4920
2026-08-24T02:12:55Z,262794,75409700,75409800,58
2026-08-24T02:12:55Z,262795,367500000,367500000,28
2026-08-24T02:12:55Z,262796,629370000,629370000,48
2026-08-24T02:12:55Z,262797,38600,39400,11731
2026-08-24T02:12:55Z,262798,2550000,2594100,3498
2026-08-24T02:12:55Z,262799,62990000,62990000,72
2026-08-24T02:12:55Z,262800,348500000,348500000,32
2026-08-24T02:12:55Z,262880,2994900,2994900,107
2026-08-24T02:12:55Z,264973,709900,709900,441
2026-08-24T02:12:55Z,264981,139900,139900,1077
2026-08-24T02:12:55Z,264982,139900,139900,535
2026-08-24T02:12:55Z,264983,74500,74500,1028
2026-08-24T02:12:55Z,264984,78800,78800,578
2026-08-24T02:12:55Z,264985,109900,109900,952
2026-08-24T02:12:55Z,264987,25400,25400,963
2026-08-24T02:12:55Z,264989,19900,19900,604
2026-08-24T02:12:55Z,264990,99800,99800,880
2026-08-24T02:12:55Z,264991,699900,699900,566
2026-08-24T02:12:55Z,264992,691000,691000,525
2026-08-24T02:12:55Z,264993,691100,691100,774
2026-08-24T02:12:55Z,264994,706600,706600,385
2026-08-24T02:12:55Z,264995,509900,509900,349
2026-08-24T02:12:55Z,265040,290007600,290007600,1
2026-08-24T02:12:55Z,265041,149900,149900,32
2026-08-24T02:12:55Z,265043,290005200,290005200,1
2026-08-24T02:12:55Z,265044,990007600,990007600,1
2026-08-24T02:12:55Z,265048,290007600,290007600,1
2026-08-24T02:12:55Z,265049,290007600,290007600,1
2026-08-24T02:12:55Z,265050,290007600,290007600,1
2026-08-24T02:12:55Z,265051,609000,929000,30
2026-08-24T02:12:55Z,265052,290007600,290007600,5
2026-08-24T02:12:55Z,265053,290007600,290007600,6
2026-08-24T02:12:55Z,265054,17500,17500,71
2026-08-24T02:12:55Z,265055,9500007600,9500007600,1
2026-08-24T02:12:55Z,265664,190000,190000,958
2026-08-24T02:12:55Z,265665,120000,120000,1074
2026-08-24T02:12:55Z,265666,701000,701000,1039
2026-08-24T02:12:55Z,265667,30000,30000,607
2026-08-24T02:12:55Z,265668,30000,30000,319
2026-08-24T02:12:55Z,265669,505200,505200,325
2026-08-24T02:12:55Z,265800,98500,98900,6350
2026-08-24T02:12:55Z,265801,113900,145000,5536
2026-08-24T02:12:55Z,265803,17004500,19499100,1220
2026-08-24T02:12:55Z,265816,200000,200000,13
2026-08-24T02:12:55Z,265828,498000,498000,11
2026-08-24T02:12:55Z,266002,3000,3100,262
2026-08-24T02:12:55Z,266102,2200,5500,1326
2026-08-24T02:12:55Z,267379,90000,90100,122
2026-08-24T02:12:55Z,267486,230000,230000,215
2026-08-24T02:12:55Z,267615,107000,107000,137
2026-08-24T02:12:55Z,267617,102200,102200,289
2026-08-24T02:12:55Z,267618,9800,9800,104
2026-08-24T02:12:55Z,267619,90000,90000,212
2026-08-24T02:12:55Z,267623,329900,330000,340
2026-08-24T02:12:55Z,267624,10000,1500000,185
2026-08-24T02:12:55Z,267625,2191800,2191800,312
2026-08-24T02:12:55Z,267626,353500,353500,128
2026-08-24T02:12:55Z,267627,638100,638100,251
2026-08-24T02:12:55Z,267628,6667900,6667900,135
2026-08-24T02:12:55Z,267650,441400,441400,27
2026-08-24T02:12:55Z,267652,309900,309900,58
2026-08-24T02:12:55Z,268025,90000,90000,216
2026-08-24T02:12:55Z,268053,204900,204900,213
2026-08-24T02:12:55Z,268068,435800,435800,489
2026-08-24T02:12:55Z,268085,2220000,2220000,219
2026-08-24T02:12:55Z,268110,20000,20000,486
2026-08-24T02:12:55Z,268111,490000,1990000,169
2026-08-24T02:12:55Z,268112,992200,9900000,85
2026-08-24T02:12:55Z,268115,9995500,9995500,58
2026-08-24T02:12:55Z,268116,100000,100000,634
2026-08-24T02:12:55Z,268954,26600,26700,14072
2026-08-24T02:12:55Z,268955,89900,89900,301
2026-08-24T02:12:55Z,269586,1650000,1700000,1353
2026-08-24T02:12:55Z,270898,3999900,4009900,1028
2026-08-24T02:12:55Z,270899,5750000,5874100,390
2026-08-24T02:12:55Z,271717,5692500,5692500,253
2026-08-24T02:12:55Z,271883,219900,220000,107201
2026-08-24T02:12:55Z,271884,2908900,2979100,31812
2026-08-24T02:12:55Z,271886,110000,110000,12185
2026-08-24T02:12:55Z,271887,1789900,1792100,11035
2026-08-24T02:12:55Z,271889,750000,750000,3940
2026-08-24T02:12:55Z,271890,2483200,2483200,1773
2026-08-24T02:12:55Z,272046,7300,7300,100
2026-08-24T02:12:55Z,272047,7500,7500,74
2026-08-24T02:12:55Z,272048,10000,10000,71
2026-08-24T02:12:55Z,272049,5100,5100,116
2026-08-24T02:12:55Z,272051,7500,7500,92
2026-08-24T02:12:55Z,272052,60000,64500,117
2026-08-24T02:12:55Z,272109,5100,5100,71
2026-08-24T02:12:55Z,272110,6900,6900,116
2026-08-24T02:12:55Z,272111,19700,19700,55
2026-08-24T02:12:55Z,272112,19600,19600,51
2026-08-24T02:12:55Z,272113,139700,139700,43
2026-08-24T02:12:55Z,272114,9700,9700,66
2026-08-24T02:12:55Z,272115,13600,13600,81
2026-08-24T02:12:55Z,272116,5100,5100,51
2026-08-24T02:12:55Z,272117,7500,7500,63
2026-08-24T02:12:55Z,272118,9800,9800,130
2026-08-24T02:12:55Z,272119,7500,7700,66
2026-08-24T02:12:55Z,272120,17100,17100,32
2026-08-24T02:12:55Z,272194,9999900,9999900,518
2026-08-24T02:12:55Z,272195,15999700,17000000,7036
2026-08-24T02:12:55Z,272892,9500,9500,52
2026-08-24T02:12:55Z,272893,4000000,4350000,34
2026-08-24T02:12:55Z,272894,9600,9700,71
2026-08-24T02:12:55Z,273013,7600,49007600,22
2026-08-24T02:12:55Z,273014,5400,5400,95
2026-08-24T02:12:55Z,273059,3937700,3937700,430
2026-08-24T02:12:55Z,273060,4193400,5009900,1358
2026-08-24T02:12:55Z,273068,2209900,2209900,737
2026-08-24T02:12:55Z,273069,4902200,4902200,1019
2026-08-24T02:12:55Z,273071,70006700,70006700,43
2026-08-24T02:12:55Z,273072,60970000,61007800,337
2026-08-24T02:12:55Z,274464,159900,175700,15003
2026-08-24T02:12:55Z,274468,125700,125700,17640
2026-08-24T02:12:55Z,274469,182300,229000,4350
2026-08-24T02:12:55Z,274470,39400,57400,54286
2026-08-24T02:12:55Z,274471,88000,88400,8170
2026-08-24T02:12:55Z,274472,56700,72200,49763
2026-08-24T02:12:55Z,274473,170600,170600,7000
2026-08-24T02:12:55Z,274474,396800,396800,14167
2026-08-24T02:12:55Z,274475,227600,232600,12532
2026-08-24T02:12:55Z,274587,36700,47400,65349
2026-08-24T02:12:55Z,274588,157800,190000,80796
2026-08-24T02:12:55Z,274589,960000,1104400,17686
2026-08-24T02:12:55Z,274590,27700,40000,142182
2026-08-24T02:12:55Z,274591,468200,478900,17420
2026-08-24T02:12:55Z,274592,26000,27800,201385
2026-08-24T02:12:55Z,274593,29700,46500,87244
2026-08-24T02:12:55Z,274594,114200,154100,43057
2026-08-24T02:12:55Z,274595,2959800,3004000,2875
2026-08-24T02:12:55Z,274596,253800,297800,32550
2026-08-24T02:12:55Z,274597,868900,919900,14377
2026-08-24T02:12:55Z,274772,100,100,776
2026-08-24T02:12:55Z,274774,150000,150000,92
2026-08-24T02:12:55Z,274775,59900,60000,295
2026-08-24T02:12:55Z,274777,76000,99500,95777
2026-08-24T02:12:55Z,274781,186200,227300,166445
2026-08-24T02:12:55Z,274793,142500,150000,198
2026-08-24T02:12:55Z,274794,38000,38000,75
2026-08-24T02:12:55Z,274951,7500,7500,1227
2026-08-24T02:12:55Z,274953,18700,18700,866
2026-08-24T02:12:55Z,274954,230500,230500,130
2026-08-24T02:12:55Z,275013,2499900,3130000,344
2026-08-24T02:12:55Z,275258,700000,700000,2335
2026-08-24T02:12:55Z,275260,668500,668500,2726
2026-08-24T02:12:55Z,275261,1779900,1779900,3539
2026-08-24T02:12:55Z,275264,9529900,9529900,800
2026-08-24T02:12:55Z,275265,11789900,11790000,939
2026-08-24T02:12:55Z,275266,8796500,8917500,879
2026-08-24T02:12:55Z,275280,79900,99500,16509
2026-08-24T02:12:55Z,275281,76000,90000,19878
2026-08-24T02:12:55Z,275282,76900,220000,17026
2026-08-24T02:12:55Z,275283,85100,99500,27537
2026-08-24T02:12:55Z,275284,79800,99800,14839
2026-08-24T02:12:55Z,275285,76500,89900,5569
2026-08-24T02:12:55Z,275286,80000,84100,3442
2026-08-24T02:12:55Z,275287,80000,88900,3855
2026-08-24T02:12:55Z,275288,79500,87500,3358
2026-08-24T02:12:55Z,275289,79500,83100,4431
2026-08-24T02:12:55Z,275380,661700,777600,18268
2026-08-24T02:12:55Z,275676,495000,495000,223
2026-08-24T02:12:55Z,275699,5250000,5250000,5
2026-08-24T02:12:55Z,276117,286100,326800,9113
2026-08-24T02:12:55Z,276124,289200,326500,7861
2026-08-24T02:12:55Z,276126,609600,620500,5939
2026-08-24T02:12:55Z,276343,57000,57500,24
2026-08-24T02:12:55Z,276344,180000,180000,31
2026-08-24T02:12:55Z,276345,246300,49003000,21
2026-08-24T02:12:55Z,276348,500000,49008500,22
2026-08-24T02:12:55Z,276349,49007600,49007600,21
2026-08-24T02:12:55Z,276350,302800,302800,28
2026-08-24T02:12:55Z,276353,90000,100000,28
2026-08-24T02:12:55Z,276354,9500007600,9500007600,1
2026-08-24T02:12:55Z,276355,439100,467500,31
2026-08-24T02:12:55Z,276357,199800,49000000,23
2026-08-24T02:12:55Z,276358,350000,350000,33
2026-08-24T02:12:55Z,276359,90000,100000,24
2026-08-24T02:12:55Z,276360,977500,49007500,23
2026-08-24T02:12:55Z,276361,707600,707600,20
2026-08-24T02:12:55Z,276362,5000000,49000000,22
2026-08-24T02:12:55Z,276374,440500,440600,465
2026-08-24T02:12:55Z,276375,224900,224900,4092
2026-08-24T02:12:55Z,277821,1499900,3005000,7842
2026-08-24T02:12:55Z,277968,139900,150000,441
2026-08-24T02:12:55Z,277969,1453800,1469200,1178
2026-08-24T02:12:55Z,279091,9900,23300,34955
2026-08-24T02:12:55Z,279093,18100,32000,54308
2026-08-24T02:12:55Z,279094,36000,36900,5659
2026-08-24T02:12:55Z,279100,7900,9000,111074
2026-08-24T02:12:55Z,279105,19700,22000,39298
2026-08-24T02:12:55Z,279106,30100,62800,21736
2026-08-24T02:12:55Z,279142,10000100,20000100,10
2026-08-24T02:12:55Z,279143,2000200,2000200,3
2026-08-24T02:12:55Z,279145,6000000,6000000,8
2026-08-24T02:12:55Z,279146,50000000,50000000,8
2026-08-24T02:12:55Z,279147,939999700,940509700,10
2026-08-24T02:12:55Z,279148,959999900,959999900,7
2026-08-24T02:12:55Z,279152,13347700,13347700,11
2026-08-24T02:12:55Z,279153,840900,840900,11
2026-08-24T02:12:55Z,279154,1400000,1400000,20
2026-08-24T02:12:55Z,279157,800000,800000,8
2026-08-24T02:12:55Z,279160,319000,319000,11
2026-08-24T02:12:55Z,279166,4950000,4980000,15
2026-08-24T02:12:55Z,280182,42800,42800,803
2026-08-24T02:12:55Z,280183,275900,275900,1057
2026-08-24T02:12:55Z,280184,39700,39700,433
2026-08-24T02:12:55Z,280409,2000000,4430000,399
2026-08-24T02:12:55Z,280422,10000,10000,340
2026-08-24T02:12:55Z,280425,50000,50000,169
