updated_utc,item_id,floor_copper,market_copper,quantity
2026-08-10T02:41:53Z,117,100,100,572
2026-08-10T02:41:53Z,118,600,700,942
2026-08-10T02:41:53Z,159,900,1000,4766
2026-08-10T02:41:53Z,414,1000,1400,100
2026-08-10T02:41:53Z,422,300,300,128
2026-08-10T02:41:53Z,537,1770000,2222200,25
2026-08-10T02:41:53Z,555,9500000100,9500000100,1
2026-08-10T02:41:53Z,556,49000200,49000200,23
2026-08-10T02:41:53Z,723,700,800,740
2026-08-10T02:41:53Z,724,4000,9978000,51
2026-08-10T02:41:53Z,729,290000100,290000100,1
2026-08-10T02:41:53Z,730,49000100,49000100,9
2026-08-10T02:41:53Z,731,289980100,289980100,1
2026-08-10T02:41:53Z,732,88778800,88778800,3
2026-08-10T02:41:53Z,733,900,900,81
2026-08-10T02:41:53Z,765,24400,42100,24974
2026-08-10T02:41:53Z,769,5900,12800,25474
2026-08-10T02:41:53Z,770,44400,84900,27
2026-08-10T02:41:53Z,771,2000,2000,43
2026-08-10T02:41:53Z,774,21100,25500,4106
2026-08-10T02:41:53Z,779,1002000,1002000,29
2026-08-10T02:41:53Z,783,38900,57700,13192
2026-08-10T02:41:53Z,785,20000,51000,5296
2026-08-10T02:41:53Z,787,200,4500,132
2026-08-10T02:41:53Z,813,150100,150100,25
2026-08-10T02:41:53Z,814,400,1300,5193
2026-08-10T02:41:53Z,818,17900,24700,1814
2026-08-10T02:41:53Z,858,200,200,995
2026-08-10T02:41:53Z,878,290000100,290000100,2
2026-08-10T02:41:53Z,929,400,500,837
2026-08-10T02:41:53Z,954,7700,10000,53
2026-08-10T02:41:53Z,955,600,600,55
2026-08-10T02:41:53Z,961,20000,20000,90
2026-08-10T02:41:53Z,1015,1800,4800,28372
2026-08-10T02:41:53Z,1017,1900,2000,139
2026-08-10T02:41:53Z,1074,500,500,50
2026-08-10T02:41:53Z,1080,39500,102000,551
2026-08-10T02:41:53Z,1081,49000100,49000100,20
2026-08-10T02:41:53Z,1082,80300,80300,133
2026-08-10T02:41:53Z,1175,49000100,49000100,17
2026-08-10T02:41:53Z,1177,300,300,182
2026-08-10T02:41:53Z,1178,53009000,53009000,16
2026-08-10T02:41:53Z,1179,1000,1300,13254
2026-08-10T02:41:53Z,1180,200,900,221
2026-08-10T02:41:53Z,1181,3300,7900,134
2026-08-10T02:41:53Z,1205,100,100,156
2026-08-10T02:41:53Z,1206,30000,305000,2045
2026-08-10T02:41:53Z,1210,10000,16600,8358
2026-08-10T02:41:53Z,1222,49000100,49000100,32
2026-08-10T02:41:53Z,1251,200,200,1379
2026-08-10T02:41:53Z,1274,49000100,49000100,17
2026-08-10T02:41:53Z,1288,300,9800,23592
2026-08-10T02:41:53Z,1326,19990000,19990000,30
2026-08-10T02:41:53Z,1399,199999900,199999900,4
2026-08-10T02:41:53Z,1401,249990000,249990000,1
2026-08-10T02:41:53Z,1468,400,700,5378
2026-08-10T02:41:53Z,1475,19100,19100,6637
2026-08-10T02:41:53Z,1476,150000,190000,42
2026-08-10T02:41:53Z,1477,100,100,335
2026-08-10T02:41:53Z,1478,9781200,9781200,21
2026-08-10T02:41:53Z,1520,700,700,890
2026-08-10T02:41:53Z,1529,10000,17300,3484
2026-08-10T02:41:53Z,1630,1500000100,1500000100,1
2026-08-10T02:41:53Z,1645,2400,3000,12262
2026-08-10T02:41:53Z,1686,9900000,9900000,113
2026-08-10T02:41:53Z,1687,500000,500000,24
2026-08-10T02:41:53Z,1688,290001300,290001300,1
2026-08-10T02:41:53Z,1696,2000,2000,64
2026-08-10T02:41:53Z,1697,600,700,52
2026-08-10T02:41:53Z,1701,9900,9900,50
2026-08-10T02:41:53Z,1702,38900,38900,66
2026-08-10T02:41:53Z,1703,196990000,196990000,3
2026-08-10T02:41:53Z,1705,5000,14200,7239
2026-08-10T02:41:53Z,1706,290000200,290000200,1
2026-08-10T02:41:53Z,1707,100,100,313
2026-08-10T02:41:53Z,1708,100,100,288
2026-08-10T02:41:53Z,1710,600,900,673
2026-08-10T02:41:53Z,1711,800,800,245
2026-08-10T02:41:53Z,1712,232100,232100,158
2026-08-10T02:41:53Z,2070,2300,2300,101
2026-08-10T02:41:53Z,2091,199000000,199000000,2
2026-08-10T02:41:53Z,2251,2500,17900,20487
2026-08-10T02:41:53Z,2287,100,100,268
2026-08-10T02:41:53Z,2289,1000,1000,425
2026-08-10T02:41:53Z,2290,100,100,280
2026-08-10T02:41:53Z,2295,700,49000700,27
2026-08-10T02:41:53Z,2296,299000100,299000100,2
2026-08-10T02:41:53Z,2304,4400,4700,1484
2026-08-10T02:41:53Z,2313,1100,1100,109
2026-08-10T02:41:53Z,2318,17400,93300,33364
2026-08-10T02:41:53Z,2319,29800,78400,11926
2026-08-10T02:41:53Z,2320,600,10000,648758
2026-08-10T02:41:53Z,2321,100,21000,182946
2026-08-10T02:41:53Z,2324,900,900,39431
2026-08-10T02:41:53Z,2325,2000,2000,6977
2026-08-10T02:41:53Z,2447,30000,36100,56137
2026-08-10T02:41:53Z,2449,20500,52900,52335
2026-08-10T02:41:53Z,2450,33300,38800,4002
2026-08-10T02:41:53Z,2452,27000,37300,3858
2026-08-10T02:41:53Z,2453,10000,35000,11568
2026-08-10T02:41:53Z,2454,200,300,1912
2026-08-10T02:41:53Z,2455,100,400,301
2026-08-10T02:41:53Z,2456,400,400,64
2026-08-10T02:41:53Z,2457,58700,98900,452
2026-08-10T02:41:53Z,2458,2700,2700,514
2026-08-10T02:41:53Z,2459,65000,107500,5332
2026-08-10T02:41:53Z,2460,386100,390000,360
2026-08-10T02:41:53Z,2512,780400,780400,2166
2026-08-10T02:41:53Z,2515,585000,585000,2213
2026-08-10T02:41:53Z,2516,5523800,5523800,961
2026-08-10T02:41:53Z,2519,510000,510000,1340
2026-08-10T02:41:53Z,2581,900,900,466
2026-08-10T02:41:53Z,2589,8900,8900,152244
2026-08-10T02:41:53Z,2590,5500000100,5500000100,1
2026-08-10T02:41:53Z,2591,990000100,990000100,1
2026-08-10T02:41:53Z,2592,2000,7400,201358
2026-08-10T02:41:53Z,2593,99700,99900,92
2026-08-10T02:41:53Z,2594,16800,9908500,51
2026-08-10T02:41:53Z,2595,56300,56300,167
2026-08-10T02:41:53Z,2596,29700,29700,205
2026-08-10T02:41:53Z,2604,100,100,35429
2026-08-10T02:41:53Z,2605,100,800,15614
2026-08-10T02:41:53Z,2608,175000,175000,24
2026-08-10T02:41:53Z,2665,8500,225600,742
2026-08-10T02:41:53Z,2672,1800,22500,14955
2026-08-10T02:41:53Z,2673,19000,840000,2616
2026-08-10T02:41:53Z,2674,20500,27500,870
2026-08-10T02:41:53Z,2675,500,840000,2181
2026-08-10T02:41:53Z,2677,9900,99900,7811
2026-08-10T02:41:53Z,2678,100,100,56562
2026-08-10T02:41:53Z,2679,700,700,615
2026-08-10T02:41:53Z,2680,1900,2000,327
2026-08-10T02:41:53Z,2681,9980400,9980400,45
2026-08-10T02:41:53Z,2682,12800,12900,72
2026-08-10T02:41:53Z,2683,20000,20000,74
2026-08-10T02:41:53Z,2684,600,600,185
2026-08-10T02:41:53Z,2685,190100,190100,57
2026-08-10T02:41:53Z,2686,109700,1999700,160
2026-08-10T02:41:53Z,2687,5000,9000,259
2026-08-10T02:41:53Z,2692,49000100,49000100,20
2026-08-10T02:41:53Z,2723,200,200,144
2026-08-10T02:41:53Z,2725,3988200,3988200,40
2026-08-10T02:41:53Z,2728,840200,841000,42
2026-08-10T02:41:53Z,2730,433700,433700,42
2026-08-10T02:41:53Z,2732,432800,432800,41
2026-08-10T02:41:53Z,2734,2324900,2324900,52
2026-08-10T02:41:53Z,2735,345100,345600,41
2026-08-10T02:41:53Z,2738,22432700,22432700,21
2026-08-10T02:41:53Z,2740,402000,9990000,30
2026-08-10T02:41:53Z,2742,9964700,9964700,46
2026-08-10T02:41:53Z,2744,437100,437100,54
2026-08-10T02:41:53Z,2745,308800,308800,38
2026-08-10T02:41:53Z,2748,343800,343800,54
2026-08-10T02:41:53Z,2749,79900,79900,46
2026-08-10T02:41:53Z,2750,439200,439200,55
2026-08-10T02:41:53Z,2751,2991200,2994100,48
2026-08-10T02:41:53Z,2770,17200,20000,99379
2026-08-10T02:41:53Z,2771,2700,50900,55817
2026-08-10T02:41:53Z,2772,20000,52700,7098
2026-08-10T02:41:53Z,2775,109800,150000,4871
2026-08-10T02:41:53Z,2776,30000,92000,5273
2026-08-10T02:41:53Z,2798,4100,4400,240
2026-08-10T02:41:53Z,2799,400,400,201
2026-08-10T02:41:53Z,2835,600,9900,1050744
2026-08-10T02:41:53Z,2836,600,9000,64770
2026-08-10T02:41:53Z,2838,800,1400,29333
2026-08-10T02:41:53Z,2840,20000,22100,56547
2026-08-10T02:41:53Z,2841,29000,29000,23682
2026-08-10T02:41:53Z,2842,168600,168700,1006
2026-08-10T02:41:53Z,2862,300,3100,3300
2026-08-10T02:41:53Z,2863,200,200,241
2026-08-10T02:41:53Z,2871,700,700,282
2026-08-10T02:41:53Z,2880,100,100,5642
2026-08-10T02:41:53Z,2886,9000,49000,2315
2026-08-10T02:41:53Z,2888,18900,19000,150
2026-08-10T02:41:53Z,2892,77800,77800,101
2026-08-10T02:41:53Z,2893,290000000,290000000,30
2026-08-10T02:41:53Z,2894,100000,2401300,76
2026-08-10T02:41:53Z,2924,5300,205200,1607
2026-08-10T02:41:53Z,2928,1500000100,1500000100,1
2026-08-10T02:41:53Z,2930,290000100,290000100,1
2026-08-10T02:41:53Z,2934,13300,79200,21885
2026-08-10T02:41:53Z,2940,7700,19900,26
2026-08-10T02:41:53Z,2946,198992300,198992300,480
2026-08-10T02:41:53Z,2947,199904700,199904700,249
2026-08-10T02:41:53Z,2996,18000,19000,45596
2026-08-10T02:41:53Z,2997,9000,350000,6654
2026-08-10T02:41:53Z,3010,10000,499800,103
2026-08-10T02:41:53Z,3012,8500,9900,183
2026-08-10T02:41:53Z,3013,8000,8000,62
2026-08-10T02:41:53Z,3030,7500000,7500000,2106
2026-08-10T02:41:53Z,3033,4900100,4900100,200
2026-08-10T02:41:53Z,3107,3500000000,3500000000,1
2026-08-10T02:41:53Z,3108,3430350100,3430350100,203
2026-08-10T02:41:53Z,3111,3438351700,3438351700,1
2026-08-10T02:41:53Z,3137,19990000,19990000,10
2026-08-10T02:41:53Z,3164,15000000,15000000,32
2026-08-10T02:41:53Z,3167,10000,10000,63
2026-08-10T02:41:53Z,3168,49000100,49000100,20
2026-08-10T02:41:53Z,3169,700,700,42
2026-08-10T02:41:53Z,3170,200,200,62
2026-08-10T02:41:53Z,3171,30000,30000,37
2026-08-10T02:41:53Z,3172,49009900,49009900,11
2026-08-10T02:41:53Z,3173,2200,61300,5223
2026-08-10T02:41:53Z,3174,290000100,290000100,1
2026-08-10T02:41:53Z,3175,150200,150200,29
2026-08-10T02:41:53Z,3176,49000200,49000200,20
2026-08-10T02:41:53Z,3177,48999100,48999100,24
2026-08-10T02:41:53Z,3179,49000200,49000200,20
2026-08-10T02:41:53Z,3180,200100,200100,39
2026-08-10T02:41:53Z,3181,25000,25000,40
2026-08-10T02:41:53Z,3182,30000,1024800,63
2026-08-10T02:41:53Z,3220,40000,1500000,281
2026-08-10T02:41:53Z,3239,8000,10000,200
2026-08-10T02:41:53Z,3240,1000,1000,96
2026-08-10T02:41:53Z,3241,7100,7100,102
2026-08-10T02:41:53Z,3299,2600,2600,100
2026-08-10T02:41:53Z,3300,78900,211000,140
2026-08-10T02:41:53Z,3301,200,200,75
2026-08-10T02:41:53Z,3340,5009700,5009700,209
2026-08-10T02:41:53Z,3355,53300,59200,4118
2026-08-10T02:41:53Z,3356,47500,49000,2636
2026-08-10T02:41:53Z,3357,53100,76900,42890
2026-08-10T02:41:53Z,3358,105500,112100,2532
2026-08-10T02:41:53Z,3369,160000,167900,2731
2026-08-10T02:41:53Z,3371,100,100,65626
2026-08-10T02:41:53Z,3372,49008800,49008900,34
2026-08-10T02:41:53Z,3382,1100,3300,538
2026-08-10T02:41:53Z,3383,9900,9900,104
2026-08-10T02:41:53Z,3385,100,100,297
2026-08-10T02:41:53Z,3386,89900,89900,1879
2026-08-10T02:41:53Z,3387,443900,443900,43
2026-08-10T02:41:53Z,3388,9800,9800,99
2026-08-10T02:41:53Z,3389,29800,29900,245
2026-08-10T02:41:53Z,3390,700100,700300,272
2026-08-10T02:41:53Z,3391,1900000,1900000,156
2026-08-10T02:41:53Z,3401,222200,222200,33
2026-08-10T02:41:53Z,3402,29800,29800,24
2026-08-10T02:41:53Z,3403,6200,6300,30
2026-08-10T02:41:53Z,3404,78000,97900,4523
2026-08-10T02:41:53Z,3448,9415400,9415400,44
2026-08-10T02:41:53Z,3464,1500000100,1500000100,1
2026-08-10T02:41:53Z,3465,5500000100,5500000100,101
2026-08-10T02:41:53Z,3466,1300,1300,9830
2026-08-10T02:41:53Z,3470,4000,4200,6627
2026-08-10T02:41:53Z,3478,5000,9400,1504
2026-08-10T02:41:53Z,3486,11400,11900,169693
2026-08-10T02:41:53Z,3530,900,900,364
2026-08-10T02:41:53Z,3531,8300,8300,228
2026-08-10T02:41:53Z,3575,60500,60600,1756
2026-08-10T02:41:53Z,3576,14000,36200,7759
2026-08-10T02:41:53Z,3577,94700,146500,6800
2026-08-10T02:41:53Z,3662,42900,42900,189
2026-08-10T02:41:53Z,3663,8000,8000,67
2026-08-10T02:41:53Z,3664,1600,5900,82
2026-08-10T02:41:53Z,3665,2000,10000,171
2026-08-10T02:41:53Z,3666,8000,9000,130
2026-08-10T02:41:53Z,3667,900,10000,3419
2026-08-10T02:41:53Z,3669,199800,199800,67
2026-08-10T02:41:53Z,3670,460200,460200,85
2026-08-10T02:41:53Z,3671,4400,4400,42
2026-08-10T02:41:53Z,3673,2699900,2699900,115
2026-08-10T02:41:53Z,3674,1900,1900,48
2026-08-10T02:41:53Z,3676,63400,63500,80
2026-08-10T02:41:53Z,3685,2100,3900,57333
2026-08-10T02:41:53Z,3702,10000,49000000,21
2026-08-10T02:41:53Z,3703,9995800,9995800,22
2026-08-10T02:41:53Z,3712,9700,14900,11512
2026-08-10T02:41:53Z,3713,2220100,2220100,7
2026-08-10T02:41:53Z,3726,110800,110800,42
2026-08-10T02:41:53Z,3727,1410200,1410200,50
2026-08-10T02:41:53Z,3728,90000,90000,197
2026-08-10T02:41:53Z,3729,500,2000,224
2026-08-10T02:41:53Z,3730,400,1200,12219
2026-08-10T02:41:53Z,3731,163100,930000,7306
2026-08-10T02:41:53Z,3745,15555500,15555500,100
2026-08-10T02:41:53Z,3769,450000100,450000100,1
2026-08-10T02:41:53Z,3770,200,1500,548
2026-08-10T02:41:53Z,3771,100,100,302
2026-08-10T02:41:53Z,3775,1083800,1083800,100
2026-08-10T02:41:53Z,3776,290000300,290000300,1
2026-08-10T02:41:53Z,3818,80900,90000,3298
2026-08-10T02:41:53Z,3819,100000,141400,1955
2026-08-10T02:41:53Z,3820,15500,46700,3073
2026-08-10T02:41:53Z,3821,199600,205000,3929
2026-08-10T02:41:53Z,3823,79000,79000,1800
2026-08-10T02:41:53Z,3824,499900,499900,202
2026-08-10T02:41:53Z,3825,157300,157300,109
2026-08-10T02:41:53Z,3826,41200,43500,247
2026-08-10T02:41:53Z,3827,1600,1700,369
2026-08-10T02:41:53Z,3828,150000,9859900,29
2026-08-10T02:41:53Z,3829,589500,1500000,290
2026-08-10T02:41:53Z,3857,500,500,31016
2026-08-10T02:41:53Z,3858,43300,43300,5748
2026-08-10T02:41:53Z,3859,73700,169600,18636
2026-08-10T02:41:53Z,3860,59800,59800,18360
2026-08-10T02:41:53Z,3864,15700,450700,9221
2026-08-10T02:41:53Z,3927,600,600,6471
2026-08-10T02:41:53Z,3928,300,400,1186
2026-08-10T02:41:53Z,3931,11800,11800,60
2026-08-10T02:41:53Z,4093,49001100,49001100,20
2026-08-10T02:41:53Z,4096,49001000,49001000,16
2026-08-10T02:41:53Z,4097,10000,10000,72
2026-08-10T02:41:53Z,4099,1500001700,1500001700,1
2026-08-10T02:41:53Z,4231,69500,69500,3454
2026-08-10T02:41:53Z,4232,44500,44700,7952
2026-08-10T02:41:53Z,4233,47700,47700,3775
2026-08-10T02:41:53Z,4234,59500,74800,9680
2026-08-10T02:41:53Z,4235,449900,673200,164
2026-08-10T02:41:53Z,4236,750000,850000,677
2026-08-10T02:41:53Z,4265,1700,1700,182
2026-08-10T02:41:53Z,4278,106200,356300,391
2026-08-10T02:41:53Z,4289,700,700,41153
2026-08-10T02:41:53Z,4291,500,700,40190
2026-08-10T02:41:53Z,4304,65000,82500,8760
2026-08-10T02:41:53Z,4305,4700,5400,4389
2026-08-10T02:41:53Z,4306,1000,2900,352247
2026-08-10T02:41:53Z,4337,3000,4000,39827
2026-08-10T02:41:53Z,4338,1000,1900,192907
2026-08-10T02:41:53Z,4339,3700,3900,3237
2026-08-10T02:41:53Z,4340,100,100,8490
2026-08-10T02:41:53Z,4341,400,400,2696
2026-08-10T02:41:53Z,4342,4000,4000,15702
2026-08-10T02:41:53Z,4357,1200,1300,22051
2026-08-10T02:41:53Z,4358,1300,1300,328
2026-08-10T02:41:53Z,4359,27800,29400,148871
2026-08-10T02:41:53Z,4360,700,700,407
2026-08-10T02:41:53Z,4361,18000,18000,38
2026-08-10T02:41:53Z,4363,2200,2200,40
2026-08-10T02:41:53Z,4364,500,21000,17413
2026-08-10T02:41:53Z,4365,500,500,703
2026-08-10T02:41:53Z,4366,4400,4400,113
2026-08-10T02:41:53Z,4367,150200,150200,61
2026-08-10T02:41:53Z,4370,16500,16500,163
2026-08-10T02:41:53Z,4371,74800,74800,8966
2026-08-10T02:41:53Z,4374,240000,240000,85
2026-08-10T02:41:53Z,4375,50900,449900,508
2026-08-10T02:41:53Z,4377,3500,3800,1934
2026-08-10T02:41:53Z,4378,48000,48000,174
2026-08-10T02:41:53Z,4380,33300,33300,97
2026-08-10T02:41:53Z,4382,80000,82400,495
2026-08-10T02:41:53Z,4384,8800,8800,209
2026-08-10T02:41:53Z,4387,110000,141100,705
2026-08-10T02:41:53Z,4389,99300,99300,1451
2026-08-10T02:41:53Z,4390,5000,6700,1092
2026-08-10T02:41:53Z,4391,600000,750000,31
2026-08-10T02:41:53Z,4392,1200000,1200000,208
2026-08-10T02:41:53Z,4394,199900,199900,233
2026-08-10T02:41:53Z,4395,505300,505300,216
2026-08-10T02:41:53Z,4398,275500,275500,86
2026-08-10T02:41:53Z,4399,500,600,3478
2026-08-10T02:41:53Z,4400,2100,2200,1309
2026-08-10T02:41:53Z,4402,752900,1559900,1151
2026-08-10T02:41:53Z,4404,141000,142500,815
2026-08-10T02:41:53Z,4405,200,200,126
2026-08-10T02:41:53Z,4406,332500,332500,62
2026-08-10T02:41:53Z,4407,4000,4000,172
2026-08-10T02:41:53Z,4419,10000,10000,271
2026-08-10T02:41:53Z,4421,9900000,9900000,25
2026-08-10T02:41:53Z,4422,122500,122500,178
2026-08-10T02:41:53Z,4424,10000,10000,162
2026-08-10T02:41:53Z,4425,11100,11100,151
2026-08-10T02:41:53Z,4426,10000,10000,391
2026-08-10T02:41:53Z,4428,50500,49000500,24
2026-08-10T02:41:53Z,4457,28600,28600,115
2026-08-10T02:41:53Z,4459,290000300,290000300,1
2026-08-10T02:41:53Z,4460,3150900,3150900,34
2026-08-10T02:41:53Z,4461,59000,73500,596
2026-08-10T02:41:53Z,4470,100,100,17591
2026-08-10T02:41:53Z,4479,404500,9997400,24
2026-08-10T02:41:53Z,4480,10000,10000,76
2026-08-10T02:41:53Z,4481,2003800,2003800,15
2026-08-10T02:41:53Z,4536,3000,3000,136
2026-08-10T02:41:53Z,4537,9500,100000,196
2026-08-10T02:41:53Z,4538,500,500,133
2026-08-10T02:41:53Z,4539,300,500,1817
2026-08-10T02:41:53Z,4540,1100,1200,123
2026-08-10T02:41:53Z,4541,8000,8000,143
2026-08-10T02:41:53Z,4542,2700,2700,91
2026-08-10T02:41:53Z,4544,400,500,144
2026-08-10T02:41:53Z,4552,49000000,49000000,30
2026-08-10T02:41:53Z,4553,5500000700,5500000700,1
2026-08-10T02:41:53Z,4554,48500000,48500000,34
2026-08-10T02:41:53Z,4555,900,900,135
2026-08-10T02:41:53Z,4556,29558800,29558800,31
2026-08-10T02:41:53Z,4557,1845100,1845200,33
2026-08-10T02:41:53Z,4558,1000000,7900000,132
2026-08-10T02:41:53Z,4580,49001200,49001200,23
2026-08-10T02:41:53Z,4581,49009000,49009000,20
2026-08-10T02:41:53Z,4582,3900,49003900,23
2026-08-10T02:41:53Z,4583,2220000,49000000,21
2026-08-10T02:41:53Z,4584,5500001500,5500001500,1
2026-08-10T02:41:53Z,4585,3700,3700,145
2026-08-10T02:41:53Z,4586,8000,8000,135
2026-08-10T02:41:53Z,4587,12200,12200,64
2026-08-10T02:41:53Z,4588,290000000,290000000,4
2026-08-10T02:41:53Z,4589,290000800,290000800,1
2026-08-10T02:41:53Z,4590,1500001000,1500001000,1
2026-08-10T02:41:53Z,4591,1500000700,1500000700,1
2026-08-10T02:41:53Z,4592,1000,9800,597
2026-08-10T02:41:53Z,4593,9960600,9960600,45
2026-08-10T02:41:53Z,4594,2100,2100,116
2026-08-10T02:41:53Z,4595,6700,6800,64
2026-08-10T02:41:53Z,4596,6448200,39996600,11
2026-08-10T02:41:53Z,4599,1000,1000,486
2026-08-10T02:41:53Z,4600,12500,12500,156
2026-08-10T02:41:53Z,4601,2400,2400,80
2026-08-10T02:41:53Z,4602,900,900,102
2026-08-10T02:41:53Z,4603,177300,441400,8415
2026-08-10T02:41:53Z,4604,100,100,98
2026-08-10T02:41:53Z,4605,400,400,100
2026-08-10T02:41:53Z,4606,65800,66500,156
2026-08-10T02:41:53Z,4607,700,800,172
2026-08-10T02:41:53Z,4608,100,100,186
2026-08-10T02:41:53Z,4611,350100,397000,87
2026-08-10T02:41:53Z,4623,919300,919400,35
2026-08-10T02:41:53Z,4625,27700,47000,2675
2026-08-10T02:41:53Z,4655,570800,570800,70
2026-08-10T02:41:53Z,4656,100,100,127
2026-08-10T02:41:53Z,4757,49000600,49000600,21
2026-08-10T02:41:53Z,4775,33500,33500,29
2026-08-10T02:41:53Z,4776,11800,11800,25
2026-08-10T02:41:53Z,4779,49000100,49000100,21
2026-08-10T02:41:53Z,4780,49000100,49000100,20
2026-08-10T02:41:53Z,4784,1500,1800,505
2026-08-10T02:41:53Z,4787,700,800,346
2026-08-10T02:41:53Z,4791,4000,4000,77
2026-08-10T02:41:53Z,4813,22200,22200,35
2026-08-10T02:41:53Z,4814,3800,3800,45
2026-08-10T02:41:53Z,4852,19993400,19993400,10
2026-08-10T02:41:53Z,4865,100,100,127
2026-08-10T02:41:53Z,4867,10000,10000,26
2026-08-10T02:41:53Z,4872,1330200,49000200,21
2026-08-10T02:41:53Z,4873,10000,10000,34
2026-08-10T02:41:53Z,4874,300,300,26
2026-08-10T02:41:53Z,4875,49000100,49000100,20
2026-08-10T02:41:53Z,4876,100100,49000100,21
2026-08-10T02:41:53Z,4877,1580600,1580600,38
2026-08-10T02:41:53Z,4879,290000100,290000100,1
2026-08-10T02:41:53Z,4880,1000000200,1000000200,3
2026-08-10T02:41:53Z,4960,1500000100,1500000100,2
2026-08-10T02:41:53Z,5042,32700,32700,657
2026-08-10T02:41:53Z,5048,13500,13500,73
2026-08-10T02:41:53Z,5051,800,800,448
2026-08-10T02:41:53Z,5066,12500,12500,73
2026-08-10T02:41:53Z,5075,2900,3000,121
2026-08-10T02:41:53Z,5082,4119800,4119800,126
2026-08-10T02:41:53Z,5095,6100,6100,154
2026-08-10T02:41:53Z,5113,1339500,1339500,43
2026-08-10T02:41:53Z,5114,600,600,34
2026-08-10T02:41:53Z,5115,400,400,29
2026-08-10T02:41:53Z,5117,5001300,5001300,28
2026-08-10T02:41:53Z,5118,49000200,49000200,35
2026-08-10T02:41:53Z,5121,49000300,49000300,24
2026-08-10T02:41:53Z,5122,1500300,9000400,24
2026-08-10T02:41:53Z,5123,9500000200,9500000200,1
2026-08-10T02:41:53Z,5124,24500,24500,68
2026-08-10T02:41:53Z,5125,49000300,49000300,20
2026-08-10T02:41:53Z,5128,639400,639400,30
2026-08-10T02:41:53Z,5133,23200,49002200,22
2026-08-10T02:41:53Z,5134,49009400,49009400,21
2026-08-10T02:41:53Z,5135,5000,5000,44
2026-08-10T02:41:53Z,5136,600,600,155
2026-08-10T02:41:53Z,5137,7000,10000,262
2026-08-10T02:41:53Z,5140,49000000,49000000,20
2026-08-10T02:41:53Z,5173,49000100,49000100,18
2026-08-10T02:41:53Z,5205,4000,9800,40
2026-08-10T02:41:53Z,5206,8000,8000,64
2026-08-10T02:41:53Z,5237,49500,49500,86
2026-08-10T02:41:53Z,5263,79900,80000,354
2026-08-10T02:41:53Z,5329,500000,850900,25
2026-08-10T02:41:53Z,5342,300,300,98
2026-08-10T02:41:53Z,5361,47999900,48000000,21
2026-08-10T02:41:53Z,5362,290000100,290000100,1
2026-08-10T02:41:53Z,5363,506700,506700,43
2026-08-10T02:41:53Z,5364,290000100,290000100,1
2026-08-10T02:41:53Z,5367,49900,49900,33
2026-08-10T02:41:53Z,5368,990100,8857800,35
2026-08-10T02:41:53Z,5369,49000100,49000100,20
2026-08-10T02:41:53Z,5370,100009700,100009700,18
2026-08-10T02:41:53Z,5371,150100,150100,31
2026-08-10T02:41:53Z,5373,67000,142000,718
2026-08-10T02:41:53Z,5374,228400,228400,41
2026-08-10T02:41:53Z,5375,49000200,49000200,19
2026-08-10T02:41:53Z,5376,220100,220100,40
2026-08-10T02:41:53Z,5377,150100,150100,28
2026-08-10T02:41:53Z,5379,909000,1009000,21
2026-08-10T02:41:53Z,5427,150300,49000300,22
2026-08-10T02:41:53Z,5428,150400,150400,64
2026-08-10T02:41:53Z,5429,49000300,49000300,20
2026-08-10T02:41:53Z,5430,1000500,1000500,25
2026-08-10T02:41:53Z,5431,150300,150300,53
2026-08-10T02:41:53Z,5432,50000,50000,67
2026-08-10T02:41:53Z,5433,290003300,290003300,2
2026-08-10T02:41:53Z,5435,49000500,49000500,35
2026-08-10T02:41:53Z,5465,700,1200,10503
2026-08-10T02:41:53Z,5466,3000,5000,1077
2026-08-10T02:41:53Z,5467,6300,809900,663
2026-08-10T02:41:53Z,5468,600000,1392400,105
2026-08-10T02:41:53Z,5469,7500,20000,1486
2026-08-10T02:41:53Z,5470,4900,5400,1956
2026-08-10T02:41:53Z,5471,1500,1500,2349
2026-08-10T02:41:53Z,5472,2700,2700,368
2026-08-10T02:41:53Z,5473,15200,15200,113
2026-08-10T02:41:53Z,5474,1340200,1340200,142
2026-08-10T02:41:53Z,5476,600,600,157
2026-08-10T02:41:53Z,5477,5100,5100,79
2026-08-10T02:41:53Z,5478,159800,159900,180
2026-08-10T02:41:53Z,5479,200000,200000,261
2026-08-10T02:41:53Z,5480,9949800,9949800,45
2026-08-10T02:41:53Z,5498,39000,729900,1047
2026-08-10T02:41:53Z,5500,161500,399900,899
2026-08-10T02:41:53Z,5503,3700,4000,63942
2026-08-10T02:41:53Z,5504,10000,11200,1799
2026-08-10T02:41:53Z,5506,49000200,49000200,20
2026-08-10T02:41:53Z,5523,485500,485500,149
2026-08-10T02:41:53Z,5524,250000,350000,1455
2026-08-10T02:41:53Z,5525,600,8000,433
2026-08-10T02:41:53Z,5526,3900,3900,149
2026-08-10T02:41:53Z,5527,6000,6000,149
2026-08-10T02:41:53Z,5529,9900200,9900200,100
2026-08-10T02:41:53Z,5530,290000200,290000200,1
2026-08-10T02:41:53Z,5565,990001900,990001900,1
2026-08-10T02:41:53Z,5566,8075400,49000000,22
2026-08-10T02:41:53Z,5567,7500000,9991000,26
2026-08-10T02:41:53Z,5568,5500000100,5500000100,1
2026-08-10T02:41:53Z,5569,100800,100800,35
2026-08-10T02:41:53Z,5602,290000100,290000100,1
2026-08-10T02:41:53Z,5631,10000,10000,208
2026-08-10T02:41:53Z,5633,389700,389700,57
2026-08-10T02:41:53Z,5634,990000,2499900,77
2026-08-10T02:41:53Z,5635,6500,104700,2093
2026-08-10T02:41:53Z,5636,290000200,290000200,1
2026-08-10T02:41:53Z,5637,9800,13400,1450
2026-08-10T02:41:53Z,5740,9400,9400,155
2026-08-10T02:41:53Z,5741,5500000200,5500000200,1
2026-08-10T02:41:53Z,5784,3000,3100,3806
2026-08-10T02:41:53Z,5785,4500,5800,1767
2026-08-10T02:41:53Z,5829,900,900,53
2026-08-10T02:41:53Z,5833,132700,132700,183
2026-08-10T02:41:53Z,5871,290000500,290000500,1
2026-08-10T02:41:53Z,5996,149100,149200,245
2026-08-10T02:41:53Z,5997,1500,1500,3426
2026-08-10T02:41:53Z,6037,12000,20000,15367
2026-08-10T02:41:53Z,6038,8774500,8774500,37
2026-08-10T02:41:53Z,6041,8270000,8270000,24
2026-08-10T02:41:53Z,6042,490000,490000,42
2026-08-10T02:41:53Z,6043,399000,399000,61
2026-08-10T02:41:53Z,6048,126000,126000,746
2026-08-10T02:41:53Z,6049,59000,59000,372
2026-08-10T02:41:53Z,6050,9000,990000,214
2026-08-10T02:41:53Z,6051,7900,8000,296
2026-08-10T02:41:53Z,6052,900,900,324
2026-08-10T02:41:53Z,6149,900,1400,361
2026-08-10T02:41:53Z,6150,990000,990000,259
2026-08-10T02:41:53Z,6260,100,100,45955
2026-08-10T02:41:53Z,6261,500,500,31470
2026-08-10T02:41:53Z,6289,300,600,3741
2026-08-10T02:41:53Z,6290,3900,3900,322
2026-08-10T02:41:53Z,6291,500,1000,4482
2026-08-10T02:41:53Z,6293,44440100,49000100,26
2026-08-10T02:41:53Z,6296,25804200,25804200,25
2026-08-10T02:41:53Z,6297,10500,10500,118
2026-08-10T02:41:53Z,6298,30200,30200,24
2026-08-10T02:41:53Z,6299,4900,5100,88
2026-08-10T02:41:53Z,6303,1400,1400,1981
2026-08-10T02:41:53Z,6304,290000100,290000100,1
2026-08-10T02:41:53Z,6305,290000100,290000100,1
2026-08-10T02:41:53Z,6306,290000100,290000100,1
2026-08-10T02:41:53Z,6308,3300,5900,51382
2026-08-10T02:41:53Z,6316,1010400,9801300,39
2026-08-10T02:41:53Z,6317,29600,29600,1352
2026-08-10T02:41:53Z,6358,27500,37500,44857
2026-08-10T02:41:53Z,6359,34000,39300,21372
2026-08-10T02:41:53Z,6361,2200,2300,6038
2026-08-10T02:41:53Z,6362,4300,5200,2721
2026-08-10T02:41:53Z,6370,90000,98000,679
2026-08-10T02:41:53Z,6371,80000,104000,880
2026-08-10T02:41:53Z,6372,55400,94200,6246
2026-08-10T02:41:53Z,6373,9800,9800,204
2026-08-10T02:41:53Z,6444,300,300,42
2026-08-10T02:41:53Z,6445,177100,177100,33
2026-08-10T02:41:53Z,6450,200,200,530
2026-08-10T02:41:53Z,6451,10000,10000,836
2026-08-10T02:41:53Z,6452,400,400,1120
2026-08-10T02:41:53Z,6453,8000,8000,64
2026-08-10T02:41:53Z,6455,19700000,19700000,133
2026-08-10T02:41:53Z,6456,150100,9990100,42
2026-08-10T02:41:53Z,6457,22200,22200,52
2026-08-10T02:41:53Z,6458,1000,1000,447
2026-08-10T02:41:53Z,6470,4000,269900,22468
2026-08-10T02:41:53Z,6471,10000,10000,769
2026-08-10T02:41:53Z,6522,222200,280000,31078
2026-08-10T02:41:53Z,6529,1600,1800,4750
2026-08-10T02:41:53Z,6530,100,100,1753
2026-08-10T02:41:53Z,6532,400,400,210
2026-08-10T02:41:53Z,6533,23100,99800,630
2026-08-10T02:41:53Z,6657,272000,283900,20503
2026-08-10T02:41:53Z,6662,115500,155400,9123
2026-08-10T02:41:53Z,6712,90000,90000,116
2026-08-10T02:41:53Z,6714,201000,201000,425
2026-08-10T02:41:53Z,6807,6900,7000,368
2026-08-10T02:41:53Z,6811,40000,40000,44
2026-08-10T02:41:53Z,6826,11000,11000,44
2026-08-10T02:41:53Z,6887,1000,40000,269
2026-08-10T02:41:53Z,6888,600,1100,237
2026-08-10T02:41:53Z,6889,82000,129600,47824
2026-08-10T02:41:53Z,6890,49300,49300,117
2026-08-10T02:41:53Z,6947,10000,10000,91
2026-08-10T02:41:53Z,6949,290000100,290000100,75
2026-08-10T02:41:53Z,6950,290000000,290000000,21
2026-08-10T02:41:53Z,6951,290000200,290000200,1
2026-08-10T02:41:53Z,6986,49000100,49000100,21
2026-08-10T02:41:53Z,7067,10000,21500,3182
2026-08-10T02:41:53Z,7068,400,400,18239
2026-08-10T02:41:53Z,7069,154500,559400,5975
2026-08-10T02:41:53Z,7070,500,1100,11056
2026-08-10T02:41:53Z,7071,42000,42700,837
2026-08-10T02:41:53Z,7072,3480000,3480000,31
2026-08-10T02:41:53Z,7073,1500,1500,53
2026-08-10T02:41:53Z,7074,200,200,72
2026-08-10T02:41:53Z,7075,500,3000,16473
2026-08-10T02:41:53Z,7076,6900,9000,3684
2026-08-10T02:41:53Z,7077,500,500,5547
2026-08-10T02:41:53Z,7078,1800,71500,101577
2026-08-10T02:41:53Z,7079,2900,4200,15589
2026-08-10T02:41:53Z,7080,1250000,1315500,1951
2026-08-10T02:41:53Z,7081,979000,980000,2604
2026-08-10T02:41:53Z,7082,217500,489800,5950
2026-08-10T02:41:53Z,7096,88100,88100,51
2026-08-10T02:41:53Z,7097,350000,399900,115
2026-08-10T02:41:53Z,7098,300000,49000000,23
2026-08-10T02:41:53Z,7099,12000000,49000000,22
2026-08-10T02:41:53Z,7100,900,900,74
2026-08-10T02:41:53Z,7101,35800,150000,54
2026-08-10T02:41:53Z,7191,39900,39900,2929
2026-08-10T02:41:53Z,7228,50000,50000,5478
2026-08-10T02:41:53Z,7286,25600,25800,6512
2026-08-10T02:41:53Z,7287,1500000200,1500000200,1
2026-08-10T02:41:53Z,7296,222100,222100,30
2026-08-10T02:41:53Z,7307,3400,3400,108
2026-08-10T02:41:53Z,7392,795500,820000,313
2026-08-10T02:41:53Z,7428,290003800,290003800,1
2026-08-10T02:41:53Z,7676,27000,27000,1603
2026-08-10T02:41:53Z,7909,4500,10700,22958
2026-08-10T02:41:53Z,7910,5900,6000,1348
2026-08-10T02:41:53Z,7911,10000,10500,32155
2026-08-10T02:41:53Z,7912,15000,20900,112391
2026-08-10T02:41:53Z,7964,40000,40000,440
2026-08-10T02:41:53Z,7965,46300,46300,109
2026-08-10T02:41:53Z,7966,78800,78800,2504
2026-08-10T02:41:53Z,7967,250000,523600,79
2026-08-10T02:41:53Z,7971,210000,227000,773
2026-08-10T02:41:53Z,7972,500,500,6103
2026-08-10T02:41:53Z,7973,340000,359700,1730
2026-08-10T02:41:53Z,7974,2900,3100,19246
2026-08-10T02:41:53Z,8067,49000100,49000100,20
2026-08-10T02:41:53Z,8068,49000100,49000100,21
2026-08-10T02:41:53Z,8069,49000100,49000100,20
2026-08-10T02:41:53Z,8146,600,600,78
2026-08-10T02:41:53Z,8150,200,3000,24828
2026-08-10T02:41:53Z,8151,6400,6400,237
2026-08-10T02:41:53Z,8152,1484600,9904600,79
2026-08-10T02:41:53Z,8153,5209900,5480000,588
2026-08-10T02:41:53Z,8154,3500,4100,7091
2026-08-10T02:41:53Z,8165,56900,313300,9892
2026-08-10T02:41:53Z,8167,64700,66200,45017
2026-08-10T02:41:53Z,8168,49000200,49000200,14
2026-08-10T02:41:53Z,8169,10000,50800,12665
2026-08-10T02:41:53Z,8170,40000,47700,16745
2026-08-10T02:41:53Z,8171,38200,203500,1903
2026-08-10T02:41:53Z,8172,24700,24700,27692
2026-08-10T02:41:53Z,8173,1200,1200,78
2026-08-10T02:41:53Z,8244,7889900,7969700,344
2026-08-10T02:41:53Z,8343,1600,199900,21842
2026-08-10T02:41:53Z,8364,990000,990000,303
2026-08-10T02:41:53Z,8365,4000,4500,1150
2026-08-10T02:41:53Z,8368,1500001600,1500001600,1
2026-08-10T02:41:53Z,8391,18914500,18914500,23
2026-08-10T02:41:53Z,8392,195550000,195550000,65
2026-08-10T02:41:53Z,8393,6000000,6000000,18
2026-08-10T02:41:53Z,8394,39999500,39999500,6
2026-08-10T02:41:53Z,8396,9990500,9990500,20
2026-08-10T02:41:53Z,8483,49000300,49000300,20
2026-08-10T02:41:53Z,8508,290000300,290000300,1
2026-08-10T02:41:53Z,8544,29500,29500,440
2026-08-10T02:41:53Z,8545,900,900,446
2026-08-10T02:41:53Z,8766,200,200,360
2026-08-10T02:41:53Z,8827,260000,265000,1013
2026-08-10T02:41:53Z,8831,73200,559500,732
2026-08-10T02:41:53Z,8836,38888800,44444400,33
2026-08-10T02:41:53Z,8838,17000,28000,12078
2026-08-10T02:41:53Z,8839,52000,64400,1208
2026-08-10T02:41:53Z,8845,399400,399900,1714
2026-08-10T02:41:53Z,8846,39000,449900,1263
2026-08-10T02:41:53Z,8923,299000100,299000100,16
2026-08-10T02:41:53Z,8924,990000100,990000100,1
2026-08-10T02:41:53Z,8925,49000400,49000400,21
2026-08-10T02:41:53Z,8926,1500000200,1500000200,1
2026-08-10T02:41:53Z,8927,49000300,49000300,9
2026-08-10T02:41:53Z,8928,1500000400,1500000400,1
2026-08-10T02:41:53Z,8932,200,200,78
2026-08-10T02:41:53Z,8948,200,200,191
2026-08-10T02:41:53Z,8949,14700,19600,2491
2026-08-10T02:41:53Z,8950,200,300,72
2026-08-10T02:41:53Z,8951,15400,15400,383
2026-08-10T02:41:53Z,8952,200,200,426
2026-08-10T02:41:53Z,8953,4300,4500,165
2026-08-10T02:41:53Z,8956,74100,74100,149
2026-08-10T02:41:53Z,8957,20000,100000,99
2026-08-10T02:41:53Z,8959,1100,839900,2020
2026-08-10T02:41:53Z,8984,290000100,290000100,1
2026-08-10T02:41:53Z,8985,1500000100,1500000100,1
2026-08-10T02:41:53Z,9030,9790800,9790900,20
2026-08-10T02:41:53Z,9060,702200,702200,218
2026-08-10T02:41:53Z,9061,311500,840000,434
2026-08-10T02:41:53Z,9088,110000,9990000,27
2026-08-10T02:41:53Z,9144,101700,101700,322
2026-08-10T02:41:53Z,9154,1600,1600,498
2026-08-10T02:41:53Z,9155,251800,251800,92
2026-08-10T02:41:53Z,9172,203900,203900,128
2026-08-10T02:41:53Z,9179,49700,78400,131
2026-08-10T02:41:53Z,9186,1500000300,1500000300,1
2026-08-10T02:41:53Z,9187,129700,129700,293
2026-08-10T02:41:53Z,9197,860000,860000,195
2026-08-10T02:41:53Z,9206,299900,299900,51
2026-08-10T02:41:53Z,9210,900200,909200,2604
2026-08-10T02:41:53Z,9224,626700,626700,148
2026-08-10T02:41:53Z,9233,900,900,541
2026-08-10T02:41:53Z,9260,7500,155500,4658
2026-08-10T02:41:53Z,9261,50200,49000200,22
2026-08-10T02:41:53Z,9262,1000,87700,2660
2026-08-10T02:41:53Z,9264,1249900,1249900,67
2026-08-10T02:41:53Z,9308,5800,9900,1013
2026-08-10T02:41:53Z,9312,30400,30600,103
2026-08-10T02:41:53Z,9313,38800,38900,223
2026-08-10T02:41:53Z,9314,18200,18200,126
2026-08-10T02:41:53Z,9315,96800,96800,30
2026-08-10T02:41:53Z,9317,9979900,9979900,31
2026-08-10T02:41:53Z,9318,30700,30900,673
2026-08-10T02:41:53Z,9332,30800,30800,44
2026-08-10T02:41:53Z,9333,777700,777700,46
2026-08-10T02:41:53Z,9334,14000,14000,44
2026-08-10T02:41:53Z,9335,8000,8000,129
2026-08-10T02:41:53Z,9336,70000,70000,36
2026-08-10T02:41:53Z,9355,5006700,49006700,23
2026-08-10T02:41:53Z,9356,2498900,49008900,23
2026-08-10T02:41:53Z,9357,49000400,49000400,21
2026-08-10T02:41:53Z,9358,49000400,49000400,20
2026-08-10T02:41:53Z,9399,1500000100,1500000100,1
2026-08-10T02:41:53Z,9451,700,3300,98
2026-08-10T02:41:53Z,9681,450000100,450000100,1
2026-08-10T02:41:53Z,10285,10000,20000,1600
2026-08-10T02:41:53Z,10286,300,600,2988
2026-08-10T02:41:53Z,10290,1500,1500,4045
2026-08-10T02:41:53Z,10305,199990000,199990000,1
2026-08-10T02:41:53Z,10306,29600,29900,50
2026-08-10T02:41:53Z,10307,33000,33000,37
2026-08-10T02:41:53Z,10308,91000,91000,1063
2026-08-10T02:41:53Z,10309,21900,21900,121
2026-08-10T02:41:53Z,10310,30000,30000,133
2026-08-10T02:41:53Z,10450,5500000600,5500000600,1
2026-08-10T02:41:53Z,10457,990000300,990000300,1
2026-08-10T02:41:53Z,10505,36000,36000,594
2026-08-10T02:41:53Z,10507,56900,56900,1183
2026-08-10T02:41:53Z,10512,290000100,290000100,1
2026-08-10T02:41:53Z,10513,49000100,49000100,10
2026-08-10T02:41:53Z,10514,5000,5100,144
2026-08-10T02:41:53Z,10546,950000,950000,57
2026-08-10T02:41:53Z,10548,559900,559900,75
2026-08-10T02:41:53Z,10558,27700,27700,2316
2026-08-10T02:41:53Z,10559,171100,449000,471
2026-08-10T02:41:53Z,10560,129800,129800,53977
2026-08-10T02:41:53Z,10561,139900,199700,471
2026-08-10T02:41:53Z,10562,800,800,481
2026-08-10T02:41:53Z,10586,1500000,1500000,43
2026-08-10T02:41:53Z,10592,1648800,1648800,82
2026-08-10T02:41:53Z,10593,188800,188800,576
2026-08-10T02:41:53Z,10620,17200,17900,232207
2026-08-10T02:41:53Z,10646,741600,741600,35
2026-08-10T02:41:53Z,10647,5300,5300,4867
2026-08-10T02:41:53Z,10648,2229900,49009900,23
2026-08-10T02:41:53Z,10839,155557500,155557500,2
2026-08-10T02:41:53Z,10840,709900,709900,5
2026-08-10T02:41:53Z,10841,75000,75000,85
2026-08-10T02:41:53Z,10918,90000,90000,105
2026-08-10T02:41:53Z,10920,5500000100,5500000100,1
2026-08-10T02:41:53Z,10921,1500000100,1500000100,1
2026-08-10T02:41:53Z,10922,5500000400,5500000400,1
2026-08-10T02:41:53Z,10938,3700,4500,2019
2026-08-10T02:41:53Z,10939,8700,9800,178096
2026-08-10T02:41:53Z,10940,2800,3600,233038
2026-08-10T02:41:53Z,11018,69900,69900,532
2026-08-10T02:41:53Z,11022,9900600,9900600,86
2026-08-10T02:41:53Z,11040,500000,500000,205
2026-08-10T02:41:53Z,11184,119300,119300,1045
2026-08-10T02:41:53Z,11185,79900,79900,494
2026-08-10T02:41:53Z,11186,19400,19400,511
2026-08-10T02:41:53Z,11188,19300,39400,977
2026-08-10T02:41:53Z,11284,4900100,4900100,200
2026-08-10T02:41:53Z,11285,49000000,49000000,20
2026-08-10T02:41:53Z,11291,2500,34900,688
2026-08-10T02:41:53Z,11325,440000,440000,111
2026-08-10T02:41:53Z,11370,225600,244900,18974
2026-08-10T02:41:53Z,11371,2119800,2146200,3201
2026-08-10T02:41:53Z,11382,6799800,6809300,1658
2026-08-10T02:41:53Z,11384,100200,100200,31
2026-08-10T02:41:53Z,11385,49000300,49000300,26
2026-08-10T02:41:53Z,11386,101100,49001100,22
2026-08-10T02:41:53Z,11387,49001600,49001600,10
2026-08-10T02:41:53Z,11388,1400000300,1400000300,1
2026-08-10T02:41:53Z,11389,290003300,290003300,1
2026-08-10T02:41:53Z,11390,290000200,290000200,1
2026-08-10T02:41:53Z,11391,2600,2600,58
2026-08-10T02:41:53Z,11392,2100,2100,54
2026-08-10T02:41:53Z,11393,9900,9900,31
2026-08-10T02:41:53Z,11394,7900,7900,62
2026-08-10T02:41:53Z,11395,49001300,49001300,20
2026-08-10T02:41:53Z,11402,290001900,290001900,3
2026-08-10T02:41:53Z,11403,49002400,49002400,46
2026-08-10T02:41:53Z,11404,2500,2500,26
2026-08-10T02:41:53Z,11406,500000,500000,29
2026-08-10T02:41:53Z,11407,221000,49001000,22
2026-08-10T02:41:53Z,11408,49001400,49001400,20
2026-08-10T02:41:53Z,11409,96700,96700,27
2026-08-10T02:41:53Z,11410,48000900,48000900,21
2026-08-10T02:41:53Z,11414,49002700,49002800,22
2026-08-10T02:41:53Z,11415,1300,1400,71
2026-08-10T02:41:53Z,11416,49000000,49000000,20
2026-08-10T02:41:53Z,11417,1501900,49001900,21
2026-08-10T02:41:53Z,11418,34400,34500,28
2026-08-10T02:41:53Z,11419,290002900,290002900,1
2026-08-10T02:41:53Z,11420,290002600,290002600,2
2026-08-10T02:41:53Z,11444,17200,17200,181
2026-08-10T02:41:53Z,11584,4500,5400,183
2026-08-10T02:41:53Z,11590,800,800,63
2026-08-10T02:41:53Z,11630,290000100,290000100,1
2026-08-10T02:41:53Z,11754,11300,35000,13681
2026-08-10T02:41:53Z,11846,905000,905500,26
2026-08-10T02:41:53Z,11939,50700,50700,70
2026-08-10T02:41:53Z,11940,103900,103900,188
2026-08-10T02:41:53Z,11941,211200,211200,72
2026-08-10T02:41:53Z,11942,3497300,3497400,47
2026-08-10T02:41:53Z,12003,25000000,25000000,8
2026-08-10T02:41:53Z,12037,700,1800,36167
2026-08-10T02:41:53Z,12184,2800,14400,12739
2026-08-10T02:41:53Z,12190,99000,99000,155
2026-08-10T02:41:53Z,12202,1600,8200,10120
2026-08-10T02:41:53Z,12203,400,1100,37338
2026-08-10T02:41:53Z,12204,3000,12500,547
2026-08-10T02:41:53Z,12205,800,2100,42253
2026-08-10T02:41:53Z,12206,8400,930000,6745
2026-08-10T02:41:53Z,12207,2800,49700,6493
2026-08-10T02:41:53Z,12208,300,600,6810
2026-08-10T02:41:53Z,12209,499400,499400,162
2026-08-10T02:41:53Z,12210,8900,9000,77
2026-08-10T02:41:53Z,12212,2049300,2049300,161
2026-08-10T02:41:53Z,12213,296500,296500,155
2026-08-10T02:41:53Z,12214,808100,808100,161
2026-08-10T02:41:53Z,12215,193000,193000,53
2026-08-10T02:41:53Z,12216,10000,10000,68
2026-08-10T02:41:53Z,12217,750000,900000,56
2026-08-10T02:41:53Z,12218,1500,1500,85
2026-08-10T02:41:53Z,12223,6900,839900,2954
2026-08-10T02:41:53Z,12224,478800,9909900,32
2026-08-10T02:41:53Z,12238,9990000,9990000,45
2026-08-10T02:41:53Z,12359,29800,30600,21811
2026-08-10T02:41:53Z,12360,989800,1020000,2546
2026-08-10T02:41:53Z,12361,20000,43000,6703
2026-08-10T02:41:53Z,12363,992000,1280000,9115
2026-08-10T02:41:53Z,12364,36000,39900,2657
2026-08-10T02:41:53Z,12365,300,300,318082
2026-08-10T02:41:53Z,12404,4200,5600,1932
2026-08-10T02:41:53Z,12430,158980000,158980000,3
2026-08-10T02:41:53Z,12431,39999600,39999600,6
2026-08-10T02:41:53Z,12432,198910000,198910000,71
2026-08-10T02:41:53Z,12433,49500000,49500000,6
2026-08-10T02:41:53Z,12434,20402500,20402500,12
2026-08-10T02:41:53Z,12435,300,510300,67
2026-08-10T02:41:53Z,12436,199988200,199988200,1
2026-08-10T02:41:53Z,12607,50000,123000,1150
2026-08-10T02:41:53Z,12643,22400,39900,1379
2026-08-10T02:41:53Z,12644,4800,5000,2178
2026-08-10T02:41:53Z,12645,730000,734000,195
2026-08-10T02:41:53Z,12655,66000,82000,3513
2026-08-10T02:41:53Z,12735,3500,3600,53
2026-08-10T02:41:53Z,12799,150000,160000,1494
2026-08-10T02:41:53Z,12800,15000,90000,2256
2026-08-10T02:41:53Z,12803,60000,1555500,12315
2026-08-10T02:41:53Z,12804,1900,70000,15196
2026-08-10T02:41:53Z,12808,969900,1044400,2425
2026-08-10T02:41:53Z,12809,390000,480000,964
2026-08-10T02:41:53Z,12810,1079900,1169900,5275
2026-08-10T02:41:53Z,12811,474400,569500,6892
2026-08-10T02:41:53Z,12820,870000,1124000,1492
2026-08-10T02:41:53Z,13159,500,500,101
2026-08-10T02:41:53Z,13362,367700,367700,36
2026-08-10T02:41:53Z,13363,489800,489800,42
2026-08-10T02:41:53Z,13364,156900,157000,28
2026-08-10T02:41:53Z,13365,30002900,30002900,32
2026-08-10T02:41:53Z,13366,49004500,49004600,24
2026-08-10T02:41:53Z,13422,5000,10000,7389
2026-08-10T02:41:53Z,13423,839900,839900,595
2026-08-10T02:41:53Z,13442,89700,89800,515
2026-08-10T02:41:53Z,13443,600,600,305
2026-08-10T02:41:53Z,13444,1500,1500,470
2026-08-10T02:41:53Z,13445,323900,323900,226
2026-08-10T02:41:53Z,13446,900,1100,1092
2026-08-10T02:41:53Z,13447,6000,9900,439
2026-08-10T02:41:53Z,13452,450000,499900,451
2026-08-10T02:41:53Z,13453,294800,294800,116
2026-08-10T02:41:53Z,13454,100000,100000,443
2026-08-10T02:41:53Z,13455,30000,30000,53
2026-08-10T02:41:53Z,13456,485100,485100,261
2026-08-10T02:41:53Z,13457,8900,9000,64
2026-08-10T02:41:53Z,13458,19900,19900,40
2026-08-10T02:41:53Z,13459,298800,9840000,44
2026-08-10T02:41:53Z,13460,330000,330000,27
2026-08-10T02:41:53Z,13461,68700,68900,151
2026-08-10T02:41:53Z,13462,3800,4800,385
2026-08-10T02:41:53Z,13463,20000,21900,135259
2026-08-10T02:41:53Z,13464,18000,22500,4640
2026-08-10T02:41:53Z,13465,20000,27700,3511
2026-08-10T02:41:53Z,13466,87500,96100,816
2026-08-10T02:41:53Z,13467,29500,98700,8263
2026-08-10T02:41:53Z,13468,7999900,7999900,5300
2026-08-10T02:41:53Z,13506,4701100,4701100,418
2026-08-10T02:41:53Z,13510,14906300,14906300,197
2026-08-10T02:41:53Z,13511,5004800,5004800,100
2026-08-10T02:41:53Z,13512,7354900,7355000,198
2026-08-10T02:41:53Z,13546,5000000,19789900,49
2026-08-10T02:41:53Z,13724,9970400,9970400,54
2026-08-10T02:41:53Z,13754,79900,840000,3693
2026-08-10T02:41:53Z,13755,1000000,1111100,372
2026-08-10T02:41:53Z,13756,65000,104900,1296
2026-08-10T02:41:53Z,13757,9000,9000,7456
2026-08-10T02:41:53Z,13758,12600,840000,2791
2026-08-10T02:41:53Z,13759,831600,930000,1435
2026-08-10T02:41:53Z,13760,453500,840000,2262
2026-08-10T02:41:53Z,13851,40000,40000,83
2026-08-10T02:41:53Z,13888,25700,41500,16449
2026-08-10T02:41:53Z,13889,33200,123600,4672
2026-08-10T02:41:53Z,13890,2220200,2220200,40
2026-08-10T02:41:53Z,13893,2009900,3980000,1679
2026-08-10T02:41:53Z,13926,5200000,5250000,788
2026-08-10T02:41:53Z,13927,48900,48900,129
2026-08-10T02:41:53Z,13928,1633500,1633500,62
2026-08-10T02:41:53Z,13929,422600,9907800,47
2026-08-10T02:41:53Z,13930,1990000,1990000,87
2026-08-10T02:41:53Z,13931,40000,40000,228
2026-08-10T02:41:53Z,13932,4000,4000,157
2026-08-10T02:41:53Z,13933,33800,33800,103
2026-08-10T02:41:53Z,13934,7809400,7809400,77
2026-08-10T02:41:53Z,13935,9700,9700,99
2026-08-10T02:41:53Z,14047,8900,9100,67382
2026-08-10T02:41:53Z,14048,39200,39700,2463
2026-08-10T02:41:53Z,14227,287400,349700,1592
2026-08-10T02:41:53Z,14256,890900,900000,3528
2026-08-10T02:41:53Z,14341,3100,4100,9529
2026-08-10T02:41:53Z,14342,2424600,2424600,622
2026-08-10T02:41:53Z,14343,4100,5500,9014
2026-08-10T02:41:53Z,14344,1500,1600,394799
2026-08-10T02:41:53Z,14529,499900,499900,334
2026-08-10T02:41:53Z,14530,30000,30000,521
2026-08-10T02:41:53Z,15327,3500000000,3500000000,1
2026-08-10T02:41:53Z,15407,59800,59800,12171
2026-08-10T02:41:53Z,15408,797400,797400,367
2026-08-10T02:41:53Z,15409,49008500,49008600,24
2026-08-10T02:41:53Z,15410,330000,330000,469
2026-08-10T02:41:53Z,15412,33200,34900,560
2026-08-10T02:41:53Z,15414,141000,500000,5445
2026-08-10T02:41:53Z,15415,5038000,5039300,71
2026-08-10T02:41:53Z,15416,10000,11400,2454
2026-08-10T02:41:53Z,15417,150000,190900,128
2026-08-10T02:41:53Z,15419,704600,704600,2384
2026-08-10T02:41:53Z,15420,150200,49000200,23
2026-08-10T02:41:53Z,15422,290000800,290000800,1
2026-08-10T02:41:53Z,15423,290000800,290000800,1
2026-08-10T02:41:53Z,15564,4800,4800,203
2026-08-10T02:41:53Z,15869,10000,10000,612
2026-08-10T02:41:53Z,15870,9900,9900,558
2026-08-10T02:41:53Z,15871,199400,199400,121
2026-08-10T02:41:53Z,15872,699800,699800,32
2026-08-10T02:41:53Z,15992,4700,4700,6673
2026-08-10T02:41:53Z,15993,30000,30000,88
2026-08-10T02:41:53Z,15994,139700,139700,24382
2026-08-10T02:41:53Z,15997,290000100,290000100,1
2026-08-10T02:41:53Z,16000,160000,160000,1090
2026-08-10T02:41:53Z,16005,9992700,9992700,21
2026-08-10T02:41:53Z,16006,1300000,1500000,238
2026-08-10T02:41:53Z,16023,1056600,1056600,163
2026-08-10T02:41:53Z,16040,9996700,9997000,23
2026-08-10T02:41:53Z,16166,49900,49900,75
2026-08-10T02:41:53Z,16167,49900,49900,74
2026-08-10T02:41:53Z,16168,9800300,9800300,40
2026-08-10T02:41:53Z,16169,49900,49900,85
2026-08-10T02:41:53Z,16170,49100,49100,127
2026-08-10T02:41:53Z,16202,105000,239000,5240
2026-08-10T02:41:53Z,16203,309900,358000,14260
2026-08-10T02:41:53Z,16204,23000,199800,9654
2026-08-10T02:41:53Z,16583,290003800,290003800,1
2026-08-10T02:41:53Z,16747,150100,150100,24
2026-08-10T02:41:53Z,16748,49000100,49000100,20
2026-08-10T02:41:53Z,16766,2000,5000,179
2026-08-10T02:41:53Z,16971,100000,100000,35
2026-08-10T02:41:53Z,17010,13200,16600,22673
2026-08-10T02:41:53Z,17011,5900,59900,10623
2026-08-10T02:41:53Z,17012,10100,15000,6267
2026-08-10T02:41:53Z,17020,45550400,45550400,10
2026-08-10T02:41:53Z,17021,290000300,290000300,1
2026-08-10T02:41:53Z,17026,990000400,990000400,1
2026-08-10T02:41:53Z,17028,290000300,290000300,1
2026-08-10T02:41:53Z,17029,199999900,199999900,2
2026-08-10T02:41:53Z,17030,290000800,290000800,1
2026-08-10T02:41:53Z,17031,49000300,49000400,21
2026-08-10T02:41:53Z,17032,48880800,48880800,20
2026-08-10T02:41:53Z,17033,175785900,175785900,12
2026-08-10T02:41:53Z,17034,290000100,290000100,1
2026-08-10T02:41:53Z,17036,5500000400,5500000400,1
2026-08-10T02:41:53Z,17037,5500000600,5500000600,1
2026-08-10T02:41:53Z,17038,1500000800,1500000800,1
2026-08-10T02:41:53Z,17056,300,500,45993
2026-08-10T02:41:53Z,17057,100,100,225
2026-08-10T02:41:53Z,17058,1000,1100,419
2026-08-10T02:41:53Z,17119,1700,1800,84
2026-08-10T02:41:53Z,17194,1200,1200,14710
2026-08-10T02:41:53Z,17196,9100,2500000,4699
2026-08-10T02:41:53Z,17197,109900,409900,1389
2026-08-10T02:41:53Z,17198,57400,9977400,157
2026-08-10T02:41:53Z,17202,3700,50100,235396
2026-08-10T02:41:53Z,17203,1187800,1869700,3512
2026-08-10T02:41:53Z,17222,6000,6000,298
2026-08-10T02:41:53Z,17303,19500,19500,392
2026-08-10T02:41:53Z,17304,49900,49900,373
2026-08-10T02:41:53Z,17307,49900,49900,272
2026-08-10T02:41:53Z,17344,19900000,19900000,19
2026-08-10T02:41:53Z,17402,9900000,9900000,45
2026-08-10T02:41:53Z,17403,500000,500000,61
2026-08-10T02:41:53Z,17404,9900,9893000,50
2026-08-10T02:41:53Z,17405,50000,50000,109
2026-08-10T02:41:53Z,17406,8800,9857400,51
2026-08-10T02:41:53Z,17407,399900,1106900,48
2026-08-10T02:41:53Z,17408,9950000,9950000,32
2026-08-10T02:41:53Z,17708,682100,682100,59
2026-08-10T02:41:53Z,17747,9901700,9901700,30
2026-08-10T02:41:53Z,17771,10740000,10740000,494
2026-08-10T02:41:53Z,18042,290000100,290000100,1
2026-08-10T02:41:53Z,18045,3100,3100,152
2026-08-10T02:41:53Z,18222,3100,3100,193
2026-08-10T02:41:53Z,18223,6200,6200,80
2026-08-10T02:41:53Z,18224,1800,1800,427
2026-08-10T02:41:53Z,18225,1114400,1114400,30
2026-08-10T02:41:53Z,18226,290000700,290000700,1
2026-08-10T02:41:53Z,18227,104000,104000,24
2026-08-10T02:41:53Z,18230,375000,375000,46
2026-08-10T02:41:53Z,18232,800000,800000,121
2026-08-10T02:41:53Z,18233,49005800,49005800,20
2026-08-10T02:41:53Z,18234,49009900,49009900,20
2026-08-10T02:41:53Z,18236,49004000,49004000,39
2026-08-10T02:41:53Z,18237,49002400,49002400,51
2026-08-10T02:41:53Z,18251,2977000,4219100,17
2026-08-10T02:41:53Z,18253,20400,20400,70
2026-08-10T02:41:53Z,18254,57900,57900,129
2026-08-10T02:41:53Z,18255,249800,249800,2295
2026-08-10T02:41:53Z,18256,49003100,49003100,20
2026-08-10T02:41:53Z,18262,1092400,1092400,268
2026-08-10T02:41:53Z,18283,122369500,122369500,9
2026-08-10T02:41:53Z,18285,673900,673900,28
2026-08-10T02:41:53Z,18286,19900,19900,53
2026-08-10T02:41:53Z,18287,226000,226000,76
2026-08-10T02:41:53Z,18288,9999700,9999700,45
2026-08-10T02:41:53Z,18294,179800,179800,256
2026-08-10T02:41:53Z,18300,199000000,199000000,1
2026-08-10T02:41:53Z,18335,5938500,8104500,1165
2026-08-10T02:41:53Z,18512,46370500,46370500,80
2026-08-10T02:41:53Z,18562,650000,1700000,4894
2026-08-10T02:41:53Z,18567,29500,30000,9809
2026-08-10T02:41:53Z,18588,250000,250000,54
2026-08-10T02:41:53Z,18594,1999900,3502500,304
2026-08-10T02:41:53Z,18631,370500,370500,325
2026-08-10T02:41:53Z,18632,29900,29900,84
2026-08-10T02:41:53Z,18633,44900,44900,121
2026-08-10T02:41:53Z,18635,70700,70700,85
2026-08-10T02:41:53Z,18640,60000,65000,150
2026-08-10T02:41:53Z,18641,1000,16800,103
2026-08-10T02:41:53Z,18645,1509800,1509800,64
2026-08-10T02:41:53Z,18662,27600,5000000,8531
2026-08-10T02:41:53Z,18944,69900,2000000,736
2026-08-10T02:41:53Z,18945,100,200,19637
2026-08-10T02:41:53Z,19026,201000,201000,78
2026-08-10T02:41:53Z,19183,100,100,6392
2026-08-10T02:41:53Z,19221,800,1700,1668
2026-08-10T02:41:53Z,19222,9000,19900,1585
2026-08-10T02:41:53Z,19223,100,100,824
2026-08-10T02:41:53Z,19224,400,400,1810
2026-08-10T02:41:53Z,19225,200,200,580
2026-08-10T02:41:53Z,19227,18195700,18195800,146
2026-08-10T02:41:53Z,19230,3333200,3410800,586
2026-08-10T02:41:53Z,19231,500600,2168300,598
2026-08-10T02:41:53Z,19232,2797800,2881700,645
2026-08-10T02:41:53Z,19233,2970100,3153100,623
2026-08-10T02:41:53Z,19234,3402700,3471700,488
2026-08-10T02:41:53Z,19235,3736300,3851000,673
2026-08-10T02:41:53Z,19236,2326000,3955500,384
2026-08-10T02:41:53Z,19258,3630000,3714300,645
2026-08-10T02:41:53Z,19259,2665100,2665200,300
2026-08-10T02:41:53Z,19260,1959900,3311100,413
2026-08-10T02:41:53Z,19261,3763100,9596400,403
2026-08-10T02:41:53Z,19262,4038100,5821100,481
2026-08-10T02:41:53Z,19263,1671300,2842300,434
2026-08-10T02:41:53Z,19264,2506700,4263100,552
2026-08-10T02:41:53Z,19265,1499900,5351000,436
2026-08-10T02:41:53Z,19268,115000,1980000,1347
2026-08-10T02:41:53Z,19269,2776200,2776200,40
2026-08-10T02:41:53Z,19270,2780000,2787000,43
2026-08-10T02:41:53Z,19271,2750000,2757500,79
2026-08-10T02:41:53Z,19272,5129100,8722000,463
2026-08-10T02:41:53Z,19273,1000000,3871400,454
2026-08-10T02:41:53Z,19274,2858200,2858300,119
2026-08-10T02:41:53Z,19275,2500000,2881500,127
2026-08-10T02:41:53Z,19276,1830000,1936300,574
2026-08-10T02:41:53Z,19278,1540000,2661000,618
2026-08-10T02:41:53Z,19279,4363500,4704800,612
2026-08-10T02:41:53Z,19280,2038100,2310500,331
2026-08-10T02:41:53Z,19281,702700,2334400,645
2026-08-10T02:41:53Z,19282,1294900,3494400,737
2026-08-10T02:41:53Z,19283,1891300,9602100,591
2026-08-10T02:41:53Z,19284,1909300,4950000,692
2026-08-10T02:41:53Z,19299,1100,1100,2269
2026-08-10T02:41:53Z,19300,200,200,5186
2026-08-10T02:41:53Z,19304,100,200,1078
2026-08-10T02:41:53Z,19305,100,200,1252
2026-08-10T02:41:53Z,19306,200,400,1819
2026-08-10T02:41:53Z,19440,390000,390000,34
2026-08-10T02:41:53Z,19441,10000,10000,14045
2026-08-10T02:41:53Z,19698,73600,73600,899
2026-08-10T02:41:53Z,19699,43200,48000,1393
2026-08-10T02:41:53Z,19700,50300,50300,746
2026-08-10T02:41:53Z,19701,72900,72900,1380
2026-08-10T02:41:53Z,19702,23600,26200,1969
2026-08-10T02:41:53Z,19703,35600,39500,1559
2026-08-10T02:41:53Z,19704,67500,67500,882
2026-08-10T02:41:53Z,19705,53100,59500,2841
2026-08-10T02:41:53Z,19706,54000,59900,1471
2026-08-10T02:41:53Z,19726,1500000800,1500000800,1
2026-08-10T02:41:53Z,19767,1313800,1313800,153
2026-08-10T02:41:53Z,19768,430000,639300,1549
2026-08-10T02:41:53Z,19774,290000000,290000000,2
2026-08-10T02:41:53Z,19931,3999400,3999400,151
2026-08-10T02:41:53Z,19933,50000,50000,30
2026-08-10T02:41:53Z,19935,9500001300,9500001300,1
2026-08-10T02:41:53Z,19936,1500001300,1500001300,1
2026-08-10T02:41:53Z,19937,290001200,290001200,1
2026-08-10T02:41:53Z,19938,250900,49000900,23
2026-08-10T02:41:53Z,19943,1107300,2990000,5408
2026-08-10T02:41:53Z,19974,929900,929900,41
2026-08-10T02:41:53Z,19975,129999900,129999900,6
2026-08-10T02:41:53Z,20002,1436800,1436800,1169
2026-08-10T02:41:53Z,20004,1118300,1138300,831
2026-08-10T02:41:53Z,20007,547400,547400,2227
2026-08-10T02:41:53Z,20008,334900,335000,349
2026-08-10T02:41:53Z,20016,1500005500,1500005500,1
2026-08-10T02:41:53Z,20074,622000,9967200,46
2026-08-10T02:41:53Z,20381,564000,564000,127
2026-08-10T02:41:53Z,20384,900000,900000,2227
2026-08-10T02:41:53Z,20404,374000,380000,3997
2026-08-10T02:41:53Z,20416,166208800,166208800,3
2026-08-10T02:41:53Z,20418,195550000,195550000,2
2026-08-10T02:41:53Z,20419,59999900,60000000,12
2026-08-10T02:41:53Z,20420,149999900,149999900,6
2026-08-10T02:41:53Z,20424,130000,130000,1036
2026-08-10T02:41:53Z,20432,989799900,989799900,1
2026-08-10T02:41:53Z,20433,980090200,980090200,2
2026-08-10T02:41:53Z,20435,242964100,242964100,1
2026-08-10T02:41:53Z,20436,199999300,199999300,1
2026-08-10T02:41:53Z,20450,9500000100,9500000100,1
2026-08-10T02:41:53Z,20452,9870000,9870000,45
2026-08-10T02:41:53Z,20498,49001600,49001600,11
2026-08-10T02:41:53Z,20499,1500000800,1500000800,1
2026-08-10T02:41:53Z,20500,290003100,290003100,1
2026-08-10T02:41:53Z,20501,290003100,290003100,1
2026-08-10T02:41:53Z,20513,292599200,292599200,5
2026-08-10T02:41:53Z,20514,5500000100,5500000100,2
2026-08-10T02:41:53Z,20518,305000,305000,44
2026-08-10T02:41:53Z,20520,1675500,1753000,2394
2026-08-10T02:41:53Z,20526,131300,131300,50
2026-08-10T02:41:53Z,20527,503500,503500,49
2026-08-10T02:41:53Z,20528,11900,2112100,85
2026-08-10T02:41:53Z,20531,330200,330200,30
2026-08-10T02:41:53Z,20532,362600,362600,32
2026-08-10T02:41:53Z,20533,312100,312100,33
2026-08-10T02:41:53Z,20535,1585100,1585100,53
2026-08-10T02:41:53Z,20540,3384500,3384500,25
2026-08-10T02:41:53Z,20541,168800,2118800,28
2026-08-10T02:41:53Z,20542,4252100,9993400,22
2026-08-10T02:41:53Z,20543,884700,884700,27
2026-08-10T02:41:53Z,20544,9892000,9892000,22
2026-08-10T02:41:53Z,20545,1000000,1000000,109
2026-08-10T02:41:53Z,20552,500000,500000,31
2026-08-10T02:41:53Z,20676,4948800,4948800,73
2026-08-10T02:41:53Z,20677,3000000,9992900,29
2026-08-10T02:41:53Z,20678,570000,570000,73
2026-08-10T02:41:53Z,20679,1819600,9901400,27
2026-08-10T02:41:53Z,20709,6000,7400,113
2026-08-10T02:41:53Z,20763,400,49000400,21
2026-08-10T02:41:53Z,20770,990800,49000800,23
2026-08-10T02:41:53Z,20812,44999900,44999900,30
2026-08-10T02:41:53Z,20813,44999900,49000100,23
2026-08-10T02:41:53Z,20816,72500,73900,1420
2026-08-10T02:41:53Z,20817,44300,45000,707
2026-08-10T02:41:53Z,20842,20100,20100,26
2026-08-10T02:41:53Z,20843,20100,20100,39
2026-08-10T02:41:53Z,20844,1500000200,1500000200,1
2026-08-10T02:41:53Z,20845,44999900,49000100,29
2026-08-10T02:41:53Z,20846,44999900,44999900,37
2026-08-10T02:41:53Z,20847,50100,50100,48
2026-08-10T02:41:53Z,20848,50100,50100,32
2026-08-10T02:41:53Z,20857,100000,100000,53
2026-08-10T02:41:53Z,20858,3900,3900,987
2026-08-10T02:41:53Z,20859,4100,4100,1148
2026-08-10T02:41:53Z,20860,3800,3800,957
2026-08-10T02:41:53Z,20861,3700,3700,456
2026-08-10T02:41:53Z,20862,3700,3700,775
2026-08-10T02:41:53Z,20863,3500,3500,971
2026-08-10T02:41:53Z,20864,3700,3700,1003
2026-08-10T02:41:53Z,20865,4500,4500,100
2026-08-10T02:41:53Z,20866,10900,11000,111
2026-08-10T02:41:53Z,20867,33400,33400,99
2026-08-10T02:41:53Z,20868,69700,79200,114
2026-08-10T02:41:53Z,20869,112600,112600,83
2026-08-10T02:41:53Z,20870,15700,15900,83
2026-08-10T02:41:53Z,20871,30000,33700,95
2026-08-10T02:41:53Z,20872,20000,24200,75
2026-08-10T02:41:53Z,20873,9900,80000,54
2026-08-10T02:41:53Z,20874,7800,7800,181
2026-08-10T02:41:53Z,20875,8900,8900,181
2026-08-10T02:41:53Z,20876,8900,8900,177
2026-08-10T02:41:53Z,20877,8900,8900,132
2026-08-10T02:41:53Z,20878,8900,8900,131
2026-08-10T02:41:53Z,20879,9600,9600,130
2026-08-10T02:41:53Z,20881,7400,7400,121
2026-08-10T02:41:53Z,20882,54800,54800,201
2026-08-10T02:41:53Z,20963,145800,148800,1339
2026-08-10T02:41:53Z,21023,649900,649900,679
2026-08-10T02:41:53Z,21024,21700,22800,1546
2026-08-10T02:41:53Z,21030,49900,9699900,49
2026-08-10T02:41:53Z,21031,9699900,9699900,30
2026-08-10T02:41:53Z,21033,49700,49700,89
2026-08-10T02:41:53Z,21071,2000,500000,24514
2026-08-10T02:41:53Z,21072,3500,3500,330
2026-08-10T02:41:53Z,21114,3000,4900,98
2026-08-10T02:41:53Z,21151,2000,2000,223
2026-08-10T02:41:53Z,21153,10000,800000,4532
2026-08-10T02:41:53Z,21177,8980000,8980000,109
2026-08-10T02:41:53Z,21213,2300,50000,18083
2026-08-10T02:41:53Z,21215,55400,55800,1114
2026-08-10T02:41:53Z,21217,3500,3500,338
2026-08-10T02:41:53Z,21222,2600,2600,1303
2026-08-10T02:41:53Z,21223,109900,110000,339
2026-08-10T02:41:53Z,21224,13700,13700,102
2026-08-10T02:41:53Z,21225,3700,3700,553
2026-08-10T02:41:53Z,21226,110700,110800,88
2026-08-10T02:41:53Z,21227,49008800,49008800,20
2026-08-10T02:41:53Z,21536,255600,255800,710
2026-08-10T02:41:53Z,21546,438800,438800,304
2026-08-10T02:41:53Z,21552,59900,59900,138
2026-08-10T02:41:53Z,21557,6400,6400,91
2026-08-10T02:41:53Z,21558,12900,12900,597
2026-08-10T02:41:53Z,21559,200,12900,102
2026-08-10T02:41:53Z,21561,3000,9954500,49
2026-08-10T02:41:53Z,21562,3000,3000,82
2026-08-10T02:41:53Z,21569,2999900,2999900,52
2026-08-10T02:41:53Z,21570,882500,882500,191
2026-08-10T02:41:53Z,21571,24200,24200,569
2026-08-10T02:41:53Z,21574,59600,59600,116
2026-08-10T02:41:53Z,21576,990000,990000,205
2026-08-10T02:41:53Z,21589,12000,12000,41
2026-08-10T02:41:53Z,21590,7600,30700,60
2026-08-10T02:41:53Z,21592,2000,9840000,27
2026-08-10T02:41:53Z,21593,22400,9979900,47
2026-08-10T02:41:53Z,21595,29800,29800,55
2026-08-10T02:41:53Z,21714,451100,451100,497
2026-08-10T02:41:53Z,21716,453800,453800,712
2026-08-10T02:41:53Z,21718,452300,452300,355
2026-08-10T02:41:53Z,21721,262200,267000,1084
2026-08-10T02:41:53Z,21747,167600,167600,117
2026-08-10T02:41:53Z,21752,49000,140000,12113
2026-08-10T02:41:53Z,21830,150000000,150000000,17
2026-08-10T02:41:53Z,21840,4800,5100,24835
2026-08-10T02:41:53Z,21842,59400,60000,550
2026-08-10T02:41:53Z,21844,39800,39900,7172
2026-08-10T02:41:53Z,21845,4001100,4041500,533
2026-08-10T02:41:53Z,21877,900,1000,493461
2026-08-10T02:41:53Z,21881,5100,8000,5543
2026-08-10T02:41:53Z,21882,2500,2600,15841
2026-08-10T02:41:53Z,21884,5454900,5510000,1770
2026-08-10T02:41:53Z,21885,2235500,2794900,415
2026-08-10T02:41:53Z,21886,950000,999800,3896
2026-08-10T02:41:53Z,21887,64500,64700,12757
2026-08-10T02:41:53Z,21927,290000600,290000600,1
2026-08-10T02:41:53Z,21929,7000,7500,410
2026-08-10T02:41:53Z,21990,1500,1500,464
2026-08-10T02:41:53Z,21991,4000,4000,643
2026-08-10T02:41:53Z,22054,299476300,299476300,18
2026-08-10T02:41:53Z,22055,290000400,290000400,21
2026-08-10T02:41:53Z,22147,290001800,290001800,2
2026-08-10T02:41:53Z,22148,49000600,49000600,20
2026-08-10T02:41:53Z,22202,182700,391900,7467
2026-08-10T02:41:53Z,22203,990000,990000,144
2026-08-10T02:41:53Z,22324,9870400,9870400,25
2026-08-10T02:41:53Z,22373,199999800,199999800,307
2026-08-10T02:41:53Z,22374,197977000,197977000,90
2026-08-10T02:41:53Z,22375,450000000,450000000,324
2026-08-10T02:41:53Z,22376,9026200,9026200,27
2026-08-10T02:41:53Z,22445,27200,43300,125557
2026-08-10T02:41:53Z,22446,99600,109900,27260
2026-08-10T02:41:53Z,22447,20000,20800,2985
2026-08-10T02:41:53Z,22448,6400,6400,2740
2026-08-10T02:41:53Z,22449,16600,23400,101884
2026-08-10T02:41:53Z,22450,17000,24700,38563
2026-08-10T02:41:53Z,22451,5160000,5179800,1064
2026-08-10T02:41:53Z,22452,65000,144900,26205
2026-08-10T02:41:53Z,22456,231500,235200,2990
2026-08-10T02:41:53Z,22457,4739900,4759500,1593
2026-08-10T02:41:53Z,22459,51900,52400,121
2026-08-10T02:41:53Z,22460,259200,259200,182
2026-08-10T02:41:53Z,22525,200,300,270
2026-08-10T02:41:53Z,22526,200,4900300,228
2026-08-10T02:41:53Z,22527,1300,1300,512
2026-08-10T02:41:53Z,22528,4900,4900,1424
2026-08-10T02:41:53Z,22529,1009000,1009000,158
2026-08-10T02:41:53Z,22572,480000,490000,6417
2026-08-10T02:41:53Z,22573,4900,6900,21402
2026-08-10T02:41:53Z,22574,500000,600000,8703
2026-08-10T02:41:53Z,22575,66300,86300,21444
2026-08-10T02:41:53Z,22576,440600,450000,6355
2026-08-10T02:41:53Z,22577,20900,27700,7238
2026-08-10T02:41:53Z,22578,201400,247700,7430
2026-08-10T02:41:53Z,22641,449900,499900,1423
2026-08-10T02:41:53Z,22642,449900,990000,1706
2026-08-10T02:41:53Z,22644,26700,98900,24558
2026-08-10T02:41:53Z,22645,1800,1800,89
2026-08-10T02:41:53Z,22682,352800,409900,1137
2026-08-10T02:41:53Z,22710,29700,32800,594
2026-08-10T02:41:53Z,22785,18500,22000,17990
2026-08-10T02:41:53Z,22786,12000,14900,1736
2026-08-10T02:41:53Z,22787,90000,99900,1550
2026-08-10T02:41:53Z,22788,89900,399000,1788
2026-08-10T02:41:53Z,22789,39300,39300,3591
2026-08-10T02:41:53Z,22790,10000,18500,1674
2026-08-10T02:41:53Z,22791,27000,27000,6585
2026-08-10T02:41:53Z,22792,18500,304100,3063
2026-08-10T02:41:53Z,22793,88000,99000,5387
2026-08-10T02:41:53Z,22794,100000,122800,2813
2026-08-10T02:41:53Z,22795,600,600,105
2026-08-10T02:41:53Z,22797,502500,11812500,29
2026-08-10T02:41:53Z,22823,499999900,499999900,5
2026-08-10T02:41:53Z,22824,329800,329800,76
2026-08-10T02:41:53Z,22825,9900,9900,327
2026-08-10T02:41:53Z,22826,61100,71200,32
2026-08-10T02:41:53Z,22827,3899900,3899900,53
2026-08-10T02:41:53Z,22828,220000,220000,880
2026-08-10T02:41:53Z,22829,9700,10100,496
2026-08-10T02:41:53Z,22830,830000,830000,221
2026-08-10T02:41:53Z,22831,98900,98900,287
2026-08-10T02:41:53Z,22832,5000,5000,469
2026-08-10T02:41:53Z,22833,6880000,9800000,25
2026-08-10T02:41:53Z,22834,18000,18000,246
2026-08-10T02:41:53Z,22835,9900000,9900000,56
2026-08-10T02:41:53Z,22836,18000,18000,326
2026-08-10T02:41:53Z,22837,77300,77300,155
2026-08-10T02:41:53Z,22838,320000,1219800,333
2026-08-10T02:41:53Z,22839,492200,492200,104
2026-08-10T02:41:53Z,22840,70000,70000,189
2026-08-10T02:41:53Z,22841,1005000,1005000,320
2026-08-10T02:41:53Z,22842,255900,255900,58
2026-08-10T02:41:53Z,22844,259800,9799800,26
2026-08-10T02:41:53Z,22845,740000,740000,65
2026-08-10T02:41:53Z,22846,99300,99300,410
2026-08-10T02:41:53Z,22847,9799900,9799900,25
2026-08-10T02:41:53Z,22848,45900,45900,158
2026-08-10T02:41:53Z,22849,1009600,1009600,90
2026-08-10T02:41:53Z,22850,18400,18400,153
2026-08-10T02:41:53Z,22851,11200,11200,114
2026-08-10T02:41:53Z,22853,10000,10000,57
2026-08-10T02:41:53Z,22854,19900,19900,150
2026-08-10T02:41:53Z,22861,261600,261600,303
2026-08-10T02:41:53Z,22866,19500,19500,38
2026-08-10T02:41:53Z,22871,17500,17500,55
2026-08-10T02:41:53Z,23055,300000000,300000000,13
2026-08-10T02:41:53Z,23077,52000,63100,730
2026-08-10T02:41:53Z,23079,14100,14100,675
2026-08-10T02:41:53Z,23094,62000,72000,37
2026-08-10T02:41:53Z,23095,10000,10000,290
2026-08-10T02:41:53Z,23096,249965100,249965100,3
2026-08-10T02:41:53Z,23097,97700,97700,59
2026-08-10T02:41:53Z,23098,11400,21400,54
2026-08-10T02:41:53Z,23099,89000,609300,34
2026-08-10T02:41:53Z,23100,16000,16000,102
2026-08-10T02:41:53Z,23101,90000,90000,35
2026-08-10T02:41:53Z,23103,28300,28300,31
2026-08-10T02:41:53Z,23104,10000,20000,100
2026-08-10T02:41:53Z,23105,299500,299500,41
2026-08-10T02:41:53Z,23106,989999800,989999800,2
2026-08-10T02:41:53Z,23107,9900,11900,1496
2026-08-10T02:41:53Z,23108,17100,18000,34
2026-08-10T02:41:53Z,23109,9808500,9808500,25
2026-08-10T02:41:53Z,23110,24900,142800,40
2026-08-10T02:41:53Z,23111,39500,39500,151
2026-08-10T02:41:53Z,23112,19900,29500,7263
2026-08-10T02:41:53Z,23113,48300,48300,70
2026-08-10T02:41:53Z,23114,34800,34900,31
2026-08-10T02:41:53Z,23115,9000000,9000000,35
2026-08-10T02:41:53Z,23116,8000,8400,83
2026-08-10T02:41:53Z,23117,6000,9500,2065
2026-08-10T02:41:53Z,23118,14900,14900,63
2026-08-10T02:41:53Z,23119,10000,15000,121
2026-08-10T02:41:53Z,23120,24000,24000,61
2026-08-10T02:41:53Z,23121,3499999800,3499999800,1
2026-08-10T02:41:53Z,23329,17000,17000,33
2026-08-10T02:41:53Z,23330,150100,150100,30
2026-08-10T02:41:53Z,23331,3508900,3508900,25
2026-08-10T02:41:53Z,23332,30000100,30000100,28
2026-08-10T02:41:53Z,23333,44999900,49000100,25
2026-08-10T02:41:53Z,23334,2800,2800,10
2026-08-10T02:41:53Z,23353,40100,40100,100
2026-08-10T02:41:53Z,23354,500,600,79
2026-08-10T02:41:53Z,23355,49000400,49000400,20
2026-08-10T02:41:53Z,23380,49000,49000100,23
2026-08-10T02:41:53Z,23383,24128800,24128800,25
2026-08-10T02:41:53Z,23384,1400000,1400000,40
2026-08-10T02:41:53Z,23385,10000,10000,38
2026-08-10T02:41:53Z,23386,22100,22100,49
2026-08-10T02:41:53Z,23424,55000,68800,17738
2026-08-10T02:41:53Z,23425,25000,99500,34792
2026-08-10T02:41:53Z,23426,2349900,4500000,1615
2026-08-10T02:41:53Z,23427,107800,110000,4316
2026-08-10T02:41:53Z,23436,439000,440000,180
2026-08-10T02:41:53Z,23437,49500,53500,284
2026-08-10T02:41:53Z,23438,30300,30300,69
2026-08-10T02:41:53Z,23439,30000,30100,144
2026-08-10T02:41:53Z,23440,509900,889900,177
2026-08-10T02:41:53Z,23441,105000,111600,164
2026-08-10T02:41:53Z,23445,139000,149900,8766
2026-08-10T02:41:53Z,23446,71000,99900,5200
2026-08-10T02:41:53Z,23447,224800,224800,1159
2026-08-10T02:41:53Z,23448,1099900,1099900,4142
2026-08-10T02:41:53Z,23449,5020000,5160000,1480
2026-08-10T02:41:53Z,23528,167200,167200,135
2026-08-10T02:41:53Z,23529,329900,329900,228
2026-08-10T02:41:53Z,23530,7009000,7009000,16
2026-08-10T02:41:53Z,23559,64900,64900,214
2026-08-10T02:41:53Z,23571,13889900,17592300,352
2026-08-10T02:41:53Z,23572,16000,16100,5738
2026-08-10T02:41:53Z,23573,740000,799800,3824
2026-08-10T02:41:53Z,23575,76900,76900,229
2026-08-10T02:41:53Z,23576,9904600,9904600,25
2026-08-10T02:41:53Z,23676,4000,6600,1029
2026-08-10T02:41:53Z,23704,703000,703000,30
2026-08-10T02:41:53Z,23736,13900,14800,1552
2026-08-10T02:41:53Z,23737,49500,55000,678
2026-08-10T02:41:53Z,23756,16100,16100,158
2026-08-10T02:41:53Z,23764,1201800,1201800,117
2026-08-10T02:41:53Z,23765,49903800,49903800,4
2026-08-10T02:41:53Z,23766,39207100,39207100,14
2026-08-10T02:41:53Z,23768,7400,7400,1838
2026-08-10T02:41:53Z,23769,2500000,2500000,307
2026-08-10T02:41:53Z,23771,109400,109500,808
2026-08-10T02:41:53Z,23772,58000100,58000100,6
2026-08-10T02:41:53Z,23773,9900100,9900100,100
2026-08-10T02:41:53Z,23781,169900,190000,1700
2026-08-10T02:41:53Z,23782,489900,550000,1259
2026-08-10T02:41:53Z,23783,170000,180000,3789
2026-08-10T02:41:53Z,23784,389600,389900,1279
2026-08-10T02:41:53Z,23785,899900,900000,697
2026-08-10T02:41:53Z,23786,11300000,11700000,200
2026-08-10T02:41:53Z,23787,2140000,2149800,697
2026-08-10T02:41:53Z,23793,439300,439500,2278
2026-08-10T02:41:53Z,23819,9803200,9803200,30
2026-08-10T02:41:53Z,23826,7998700,7998700,147
2026-08-10T02:41:53Z,23827,2954600,2954600,88
2026-08-10T02:41:53Z,23841,992300,992300,104
2026-08-10T02:41:53Z,23848,980000,980000,197
2026-08-10T02:41:53Z,23922,1500000100,1500000100,1
2026-08-10T02:41:53Z,23938,7999900,7999900,28
2026-08-10T02:41:53Z,23939,2505000,2505000,79
2026-08-10T02:41:53Z,23941,290000100,290000100,1
2026-08-10T02:41:53Z,23942,9500000100,9500000100,1
2026-08-10T02:41:53Z,23943,5500000100,5500000100,1
2026-08-10T02:41:53Z,23944,49000100,49000100,20
2026-08-10T02:41:53Z,23945,49000100,49000100,20
2026-08-10T02:41:53Z,23946,49000100,49000100,25
2026-08-10T02:41:53Z,23947,17770700,17770700,26
2026-08-10T02:41:53Z,23948,17770700,17770700,29
2026-08-10T02:41:53Z,23949,17777700,17777700,27
2026-08-10T02:41:53Z,23952,290000100,290000100,1
2026-08-10T02:41:53Z,23953,290000100,290000100,1
2026-08-10T02:41:53Z,23955,9500000200,9500000200,1
2026-08-10T02:41:53Z,23965,49001400,49001400,20
2026-08-10T02:41:53Z,23968,1500000500,1500000500,1
2026-08-10T02:41:53Z,23972,1500000600,1500000600,1
2026-08-10T02:41:53Z,23975,290000100,290000100,1
2026-08-10T02:41:53Z,23976,49001100,49001100,20
2026-08-10T02:41:53Z,23977,49000800,49000800,20
2026-08-10T02:41:53Z,23978,49001000,49001000,20
2026-08-10T02:41:53Z,23979,49001500,49001500,20
2026-08-10T02:41:53Z,23980,5500001200,5500001200,1
2026-08-10T02:41:53Z,23984,3500,3700,710
2026-08-10T02:41:53Z,23987,157700,157700,52
2026-08-10T02:41:53Z,23988,10700,70700,53
2026-08-10T02:41:53Z,24027,940500,940500,34
2026-08-10T02:41:53Z,24028,600000,650000,52
2026-08-10T02:41:53Z,24030,650000,650000,84
2026-08-10T02:41:53Z,24031,250000000,250000000,1
2026-08-10T02:41:53Z,24032,94600,94600,45
2026-08-10T02:41:53Z,24033,50100,50100,39
2026-08-10T02:41:53Z,24035,70600,90900,33
2026-08-10T02:41:53Z,24036,1039600,1039600,56
2026-08-10T02:41:53Z,24037,990000000,990000000,3
2026-08-10T02:41:53Z,24039,550000,550000,152
2026-08-10T02:41:53Z,24047,3157894800,3157894800,1
2026-08-10T02:41:53Z,24048,136300,136300,35
2026-08-10T02:41:53Z,24050,450000000,450000000,1
2026-08-10T02:41:53Z,24051,289900,289900,38
2026-08-10T02:41:53Z,24052,450000000,450000000,1
2026-08-10T02:41:53Z,24053,245000,245500,64
2026-08-10T02:41:53Z,24054,315700,327100,41
2026-08-10T02:41:53Z,24055,276100,317300,34
2026-08-10T02:41:53Z,24056,276100,276100,72
2026-08-10T02:41:53Z,24057,450000000,450000000,1
2026-08-10T02:41:53Z,24058,46500,47100,38
2026-08-10T02:41:53Z,24059,46500,47100,49
2026-08-10T02:41:53Z,24060,46500,46500,44
2026-08-10T02:41:53Z,24061,562500,562500,51
2026-08-10T02:41:53Z,24062,250008000,250008000,1
2026-08-10T02:41:53Z,24065,217200,217200,44
2026-08-10T02:41:53Z,24066,46200,46200,36
2026-08-10T02:41:53Z,24067,85800,85800,96
2026-08-10T02:41:53Z,24072,10000,10000,208
2026-08-10T02:41:53Z,24105,7000000,7000000,66
2026-08-10T02:41:53Z,24186,290000100,290000100,1
2026-08-10T02:41:53Z,24189,10000,10000,54
2026-08-10T02:41:53Z,24231,10000,10000,66
2026-08-10T02:41:53Z,24232,100000,100000,24
2026-08-10T02:41:53Z,24234,290000800,290000800,1
2026-08-10T02:41:53Z,24235,290001300,290001300,1
2026-08-10T02:41:53Z,24242,49002300,49002300,20
2026-08-10T02:41:53Z,24243,149800,149800,4552
2026-08-10T02:41:53Z,24245,419800,419800,2551
2026-08-10T02:41:53Z,24246,7700,7900,39284
2026-08-10T02:41:53Z,24268,99900,99900,229
2026-08-10T02:41:53Z,24271,10980000,10980000,212
2026-08-10T02:41:53Z,24272,8320800,8405000,502
2026-08-10T02:41:53Z,24273,66875000,66875000,7
2026-08-10T02:41:53Z,24274,93809200,93809200,3
2026-08-10T02:41:53Z,24275,10825200,10825200,6
2026-08-10T02:41:53Z,24276,31145700,31145700,8
2026-08-10T02:41:53Z,24281,100000,49000000,22
2026-08-10T02:41:53Z,24282,552200,49002200,22
2026-08-10T02:41:53Z,24291,120000,383500,2677
2026-08-10T02:41:53Z,24338,500,500,196
2026-08-10T02:41:53Z,24368,297900,347900,1524
2026-08-10T02:41:53Z,24401,19900,24000,5084
2026-08-10T02:41:53Z,24403,152500,5081000,30
2026-08-10T02:41:53Z,24404,220800,220800,28
2026-08-10T02:41:53Z,24405,550800,49000800,21
2026-08-10T02:41:53Z,24406,151200,151200,32
2026-08-10T02:41:53Z,24449,999700,999700,302
2026-08-10T02:41:53Z,24476,125400,126600,608
2026-08-10T02:41:53Z,24477,1100,20000,4856
2026-08-10T02:41:53Z,24478,250000,291400,4065
2026-08-10T02:41:53Z,24479,3990000,3990000,213
2026-08-10T02:41:53Z,24506,49001000,49001000,18
2026-08-10T02:41:53Z,24507,9900000,9900000,103
2026-08-10T02:41:53Z,24508,1200,1200,530
2026-08-10T02:41:53Z,24509,290001100,290001100,2
2026-08-10T02:41:53Z,24510,49000000,49000000,22
2026-08-10T02:41:53Z,24511,1400,1500,198
2026-08-10T02:41:53Z,24516,31816000,49006000,23
2026-08-10T02:41:53Z,24517,49001500,49001500,20
2026-08-10T02:41:53Z,24519,375300,2490000,123
2026-08-10T02:41:53Z,24521,7053900,34900000,40
2026-08-10T02:41:53Z,24539,9900000,9900000,64
2026-08-10T02:41:53Z,25408,49001400,49001400,20
2026-08-10T02:41:53Z,25409,15500,15500,105
2026-08-10T02:41:53Z,25410,49001500,49001500,20
2026-08-10T02:41:53Z,25411,95600,95600,141
2026-08-10T02:41:53Z,25412,49000000,49000000,46
2026-08-10T02:41:53Z,25413,290001800,290001800,1
2026-08-10T02:41:53Z,25414,20001500,20001500,24
2026-08-10T02:41:53Z,25415,9500002000,9500002000,1
2026-08-10T02:41:53Z,25416,286500,289700,610
2026-08-10T02:41:53Z,25417,199999900,199999900,2
2026-08-10T02:41:53Z,25418,1200,1200,300
2026-08-10T02:41:53Z,25420,19999900,49009900,18
2026-08-10T02:41:53Z,25421,1400,1400,160
2026-08-10T02:41:53Z,25425,1600,1600,66
2026-08-10T02:41:53Z,25426,1200,1200,391
2026-08-10T02:41:53Z,25427,49000000,49000000,21
2026-08-10T02:41:53Z,25428,1400,1400,34
2026-08-10T02:41:53Z,25429,49001400,49001400,24
2026-08-10T02:41:53Z,25430,300000,300000,492
2026-08-10T02:41:53Z,25431,3999900,3999900,242
2026-08-10T02:41:53Z,25432,47600,47600,32
2026-08-10T02:41:53Z,25434,49001400,49001400,20
2026-08-10T02:41:53Z,25435,2000,2000,99
2026-08-10T02:41:53Z,25436,49001500,49001500,20
2026-08-10T02:41:53Z,25437,3300,3300,37
2026-08-10T02:41:53Z,25440,1000000,49000000,21
2026-08-10T02:41:53Z,25441,29900,19999900,24
2026-08-10T02:41:53Z,25442,9802500,9901500,101
2026-08-10T02:41:53Z,25443,49002000,49002000,22
2026-08-10T02:41:53Z,25444,9750000,9750000,29
2026-08-10T02:41:53Z,25445,11700,11700,115
2026-08-10T02:41:53Z,25446,29001500,29001500,26
2026-08-10T02:41:53Z,25447,119100,119200,53
2026-08-10T02:41:53Z,25450,49001400,49001400,20
2026-08-10T02:41:53Z,25451,1200,1200,220
2026-08-10T02:41:53Z,25452,290001500,290001500,1
2026-08-10T02:41:53Z,25453,12000,15000,59
2026-08-10T02:41:53Z,25454,6600,6600,28
2026-08-10T02:41:53Z,25456,900,900,124
2026-08-10T02:41:53Z,25463,127300,137400,813
2026-08-10T02:41:53Z,25466,30000000,49000100,21
2026-08-10T02:41:53Z,25467,30000100,49000100,21
2026-08-10T02:41:53Z,25521,1979800,5105600,167
2026-08-10T02:41:53Z,25548,2670500,9990000,25
2026-08-10T02:41:53Z,25550,9946200,9946200,25
2026-08-10T02:41:53Z,25649,12700,14600,9348
2026-08-10T02:41:53Z,25650,7700,7700,162
2026-08-10T02:41:53Z,25651,750000,750000,49
2026-08-10T02:41:53Z,25652,8860600,8860600,19
2026-08-10T02:41:53Z,25679,9100,9100,72
2026-08-10T02:41:53Z,25699,10500,11600,2356
2026-08-10T02:41:53Z,25700,99900,99900,619
2026-08-10T02:41:53Z,25703,450000200,450000200,1
2026-08-10T02:41:53Z,25707,38000,50400,1203
2026-08-10T02:41:53Z,25708,616600,616900,488
2026-08-10T02:41:53Z,25719,421900,421900,2506
2026-08-10T02:41:53Z,25723,10700,2074100,123
2026-08-10T02:41:53Z,25724,170007700,170007700,6
2026-08-10T02:41:53Z,25744,896400,1500000,10763
2026-08-10T02:41:53Z,25802,790300,884200,9610
2026-08-10T02:41:53Z,25813,12000,12000,43
2026-08-10T02:41:53Z,25867,4000000,4200000,170
2026-08-10T02:41:53Z,25868,20009500,23500000,147
2026-08-10T02:41:53Z,25886,402400,492400,939
2026-08-10T02:41:53Z,25890,45008500,45008500,10
2026-08-10T02:41:53Z,25893,35000000,35000000,17
2026-08-10T02:41:53Z,25894,49999900,49999900,8
2026-08-10T02:41:53Z,25895,36719900,38803100,17
2026-08-10T02:41:53Z,25896,57795900,57795900,12
2026-08-10T02:41:53Z,25897,107974100,107974100,21
2026-08-10T02:41:53Z,25898,21719500,21719500,28
2026-08-10T02:41:53Z,25899,7498400,7498400,20
2026-08-10T02:41:53Z,25901,1489500,1489500,66
2026-08-10T02:41:53Z,27422,4300,5900,7124
2026-08-10T02:41:53Z,27425,100,3800,5185
2026-08-10T02:41:53Z,27429,100,2600,5052
2026-08-10T02:41:53Z,27435,3000,3200,1940
2026-08-10T02:41:53Z,27437,15700,24000,1138
2026-08-10T02:41:53Z,27438,2500,2500,4383
2026-08-10T02:41:53Z,27439,8000,8000,1220
2026-08-10T02:41:53Z,27441,1933500,49000500,27
2026-08-10T02:41:53Z,27442,1950000,1950000,6
2026-08-10T02:41:53Z,27443,49007500,49007600,23
2026-08-10T02:41:53Z,27498,10000,10000,115
2026-08-10T02:41:53Z,27499,17900,17900,148
2026-08-10T02:41:53Z,27500,17100,20000,43
2026-08-10T02:41:53Z,27501,8200,8200,149
2026-08-10T02:41:53Z,27502,15300,15300,48
2026-08-10T02:41:53Z,27503,10800,10800,137
2026-08-10T02:41:53Z,27515,622000,622000,258
2026-08-10T02:41:53Z,27516,5000000,5000000,99
2026-08-10T02:41:53Z,27635,14300,14300,76
2026-08-10T02:41:53Z,27636,100100,100100,132
2026-08-10T02:41:53Z,27651,5900,5900,165
2026-08-10T02:41:53Z,27655,2100,2100,162
2026-08-10T02:41:53Z,27656,199999900,199999900,2
2026-08-10T02:41:53Z,27657,16900,16900,176
2026-08-10T02:41:53Z,27658,73200,73200,120
2026-08-10T02:41:53Z,27659,89100,89100,240
2026-08-10T02:41:53Z,27660,12500,12500,169
2026-08-10T02:41:53Z,27661,3900,4100,177
2026-08-10T02:41:53Z,27662,3300,3300,72
2026-08-10T02:41:53Z,27663,4600,4600,86
2026-08-10T02:41:53Z,27664,3400,3600,56
2026-08-10T02:41:53Z,27665,47000,9901100,37
2026-08-10T02:41:53Z,27666,90100,90100,91
2026-08-10T02:41:53Z,27667,3900,3900,42
2026-08-10T02:41:53Z,27668,1000,2000,3344
2026-08-10T02:41:53Z,27669,158500,180000,2737
2026-08-10T02:41:53Z,27671,1200,4000,8394
2026-08-10T02:41:53Z,27674,1400,3000,12804
2026-08-10T02:41:53Z,27676,24400,24400,179
2026-08-10T02:41:53Z,27677,500,900,14711
2026-08-10T02:41:53Z,27678,2400,2500,7147
2026-08-10T02:41:53Z,27681,3000,4000,4926
2026-08-10T02:41:53Z,27682,2400,3000,5154
2026-08-10T02:41:53Z,27729,49001100,49001100,14
2026-08-10T02:41:53Z,27854,300,300,460
2026-08-10T02:41:53Z,27855,300,300,448
2026-08-10T02:41:53Z,27856,54900,54900,172
2026-08-10T02:41:53Z,27857,3900,4000,83
2026-08-10T02:41:53Z,27858,300,300,185
2026-08-10T02:41:53Z,27859,2000,2600,74
2026-08-10T02:41:53Z,27860,300,400,379
2026-08-10T02:41:53Z,27932,49001400,49001400,23
2026-08-10T02:41:53Z,27933,290001500,290001500,2
2026-08-10T02:41:53Z,27934,79900,79900,117
2026-08-10T02:41:53Z,27935,9000000,49000000,21
2026-08-10T02:41:53Z,28053,499900,499900,206
2026-08-10T02:41:53Z,28056,49000100,49000100,3020
2026-08-10T02:41:53Z,28058,9900000,9900000,130
2026-08-10T02:41:53Z,28059,49000000,49000000,22
2026-08-10T02:41:53Z,28060,5509000,5509000,181
2026-08-10T02:41:53Z,28061,950000,950000,110
2026-08-10T02:41:53Z,28100,3900,3900,764
2026-08-10T02:41:53Z,28101,29200,29200,30
2026-08-10T02:41:53Z,28102,153000,153000,55
2026-08-10T02:41:53Z,28103,8500,8500,236
2026-08-10T02:41:53Z,28104,71000,75400,391
2026-08-10T02:41:53Z,28118,1250000,9999800,138
2026-08-10T02:41:53Z,28119,9997400,9997400,197
2026-08-10T02:41:53Z,28123,5004300,5004300,26
2026-08-10T02:41:53Z,28284,20000,22000,70
2026-08-10T02:41:53Z,28290,250000000,250000000,7
2026-08-10T02:41:53Z,28362,1250000,1250000,143
2026-08-10T02:41:53Z,28363,3000000,3000000,28
2026-08-10T02:41:53Z,28399,300,300,474
2026-08-10T02:41:53Z,28420,10000,10000,86
2026-08-10T02:41:53Z,28421,120600,120600,405
2026-08-10T02:41:53Z,28452,7400,7400,71
2026-08-10T02:41:53Z,28458,999700,999700,364
2026-08-10T02:41:53Z,28459,63000,63000,179
2026-08-10T02:41:53Z,28461,149700,149700,471
2026-08-10T02:41:53Z,28462,250000000,250000000,1
2026-08-10T02:41:53Z,28463,59700,59700,351
2026-08-10T02:41:53Z,28464,79700,79700,566
2026-08-10T02:41:53Z,28467,55600,55600,465
2026-08-10T02:41:53Z,28468,76000,76000,307
2026-08-10T02:41:53Z,28470,20000,20000,67
2026-08-10T02:41:53Z,28486,9900500,9900500,30
2026-08-10T02:41:53Z,28501,1800,1800,107
2026-08-10T02:41:53Z,28595,34400,70000,32
2026-08-10T02:41:53Z,29110,290000100,290000100,2
2026-08-10T02:41:53Z,29111,290000100,290000100,3
2026-08-10T02:41:53Z,29112,99400,99400,151
2026-08-10T02:41:53Z,29292,411600,411600,80
2026-08-10T02:41:53Z,29393,9900000,9900000,45
2026-08-10T02:41:53Z,29394,40000,9900000,49
2026-08-10T02:41:53Z,29395,50000,9900000,55
2026-08-10T02:41:53Z,29401,8008800,8008800,29
2026-08-10T02:41:53Z,29412,4509600,4509600,40
2026-08-10T02:41:53Z,29425,39500,82500,6430
2026-08-10T02:41:53Z,29426,178000,229200,3355
2026-08-10T02:41:53Z,29448,400,400,58
2026-08-10T02:41:53Z,29449,400,400,272
2026-08-10T02:41:53Z,29450,50000,50000,74
2026-08-10T02:41:53Z,29451,300,700,763
2026-08-10T02:41:53Z,29452,400,400,168
2026-08-10T02:41:53Z,29453,400,400,185
2026-08-10T02:41:53Z,29454,20200,9900000,33
2026-08-10T02:41:53Z,29460,1800000,1800000,1340
2026-08-10T02:41:53Z,29533,29220600,29220600,15
2026-08-10T02:41:53Z,29534,7609500,7609500,20
2026-08-10T02:41:53Z,29535,63303700,63303700,8
2026-08-10T02:41:53Z,29536,15826900,15826900,25
2026-08-10T02:41:53Z,29539,1960000,2670500,1420
2026-08-10T02:41:53Z,29547,1250000,1390000,598
2026-08-10T02:41:53Z,29548,637100,637100,3163
2026-08-10T02:41:53Z,29551,1500001100,1500001100,1
2026-08-10T02:41:53Z,29557,49001400,49001400,26
2026-08-10T02:41:53Z,29558,290001500,290001500,16
2026-08-10T02:41:53Z,29559,49001800,49001800,24
2026-08-10T02:41:53Z,29560,49002000,49002000,22
2026-08-10T02:41:53Z,29561,49001400,49001400,32
2026-08-10T02:41:53Z,29562,49001500,49001500,30
2026-08-10T02:41:53Z,29563,7901800,7901800,125
2026-08-10T02:41:53Z,29564,3190000,3442000,76
2026-08-10T02:41:53Z,29565,49001400,49001400,28
2026-08-10T02:41:53Z,29566,1500001500,1500001500,1
2026-08-10T02:41:53Z,29567,49007700,49007700,20
2026-08-10T02:41:53Z,29568,49002000,49002000,20
2026-08-10T02:41:53Z,29570,100000,100000,42
2026-08-10T02:41:53Z,29571,1093700,3903700,205
2026-08-10T02:41:53Z,29572,290001100,290001100,1
2026-08-10T02:41:53Z,29573,49000000,49000000,23
2026-08-10T02:41:53Z,29574,49000200,49000200,20
2026-08-10T02:41:53Z,29575,290001100,290001100,1
2026-08-10T02:41:53Z,29576,49001100,49001100,20
2026-08-10T02:41:53Z,29577,49000200,49000200,24
2026-08-10T02:41:53Z,29578,290001500,290001500,1
2026-08-10T02:41:53Z,29579,49001400,49001400,20
2026-08-10T02:41:53Z,29580,40000000,49000000,22
2026-08-10T02:41:53Z,29581,152000,49002000,22
2026-08-10T02:41:53Z,29739,20900,70000,114071
2026-08-10T02:41:53Z,29740,207900,299900,463
2026-08-10T02:41:53Z,29750,683100,690000,112
2026-08-10T02:41:53Z,29799,2004500,2004500,33
2026-08-10T02:41:53Z,29800,150000,49000000,23
2026-08-10T02:41:53Z,30155,200,200,94
2026-08-10T02:41:53Z,30183,20000,197900,4299
2026-08-10T02:41:53Z,30355,1490000,9900000,36
2026-08-10T02:41:53Z,30457,50000,9990000,43
2026-08-10T02:41:53Z,30458,1300,1400,75
2026-08-10T02:41:53Z,30466,1001500,1001500,27
2026-08-10T02:41:53Z,30467,290002000,290002000,1
2026-08-10T02:41:53Z,30475,19003700,19003700,32
2026-08-10T02:41:53Z,30476,45002000,49002000,21
2026-08-10T02:41:53Z,30477,31800,31800,26
2026-08-10T02:41:53Z,30478,49002000,49002000,20
2026-08-10T02:41:53Z,30506,290000600,290000600,1
2026-08-10T02:41:53Z,30507,290009900,290009900,1
2026-08-10T02:41:53Z,30508,49000100,49000100,19
2026-08-10T02:41:53Z,30509,49000100,49000100,20
2026-08-10T02:41:53Z,30510,170000,170000,43
2026-08-10T02:41:53Z,30511,49000000,49000000,30
2026-08-10T02:41:53Z,30512,39500,4901800,26
2026-08-10T02:41:53Z,30513,48000000,48000000,20
2026-08-10T02:41:53Z,30610,74900,661400,46
2026-08-10T02:41:53Z,30809,26200,33000,30989
2026-08-10T02:41:53Z,30810,1000,4500,132658
2026-08-10T02:41:53Z,30812,166500,166500,87
2026-08-10T02:41:53Z,30813,999600,999600,44
2026-08-10T02:41:53Z,30814,11800,49001800,28
2026-08-10T02:41:53Z,30815,49002000,49002000,22
2026-08-10T02:41:53Z,30816,500,500,509
2026-08-10T02:41:53Z,30817,800,800,53844
2026-08-10T02:41:53Z,30820,3800,7904900,131
2026-08-10T02:41:53Z,30821,1200,1200,38
2026-08-10T02:41:53Z,31079,1539600,1539700,1754
2026-08-10T02:41:53Z,31670,5000,32300,9168
2026-08-10T02:41:53Z,31671,3100,4900,6735
2026-08-10T02:41:53Z,31672,5000,5000,1511
2026-08-10T02:41:53Z,31673,5000,5000,1004
2026-08-10T02:41:53Z,31676,178000,178000,39
2026-08-10T02:41:53Z,31677,1469400,9849000,22
2026-08-10T02:41:53Z,31679,1874900,1874900,95
2026-08-10T02:41:53Z,31860,3500000200,3500000200,1
2026-08-10T02:41:53Z,31861,2500000600,2500000600,1
2026-08-10T02:41:53Z,31862,1500000000,1500000000,1
2026-08-10T02:41:53Z,31863,2500000600,2500000600,1
2026-08-10T02:41:53Z,31864,3500000200,3500000200,1
2026-08-10T02:41:53Z,31866,70700,70700,31
2026-08-10T02:41:53Z,31867,120700,120700,54
2026-08-10T02:41:53Z,31868,33000,33000,63
2026-08-10T02:41:53Z,31869,500000,500000,43
2026-08-10T02:41:53Z,31882,180600,1115100,375
2026-08-10T02:41:53Z,31883,34800,34800,113
2026-08-10T02:41:53Z,31884,126100,2118800,164
2026-08-10T02:41:53Z,31885,1450000,1450000,21
2026-08-10T02:41:53Z,31886,35900,36000,75
2026-08-10T02:41:53Z,31887,114500,19905300,140
2026-08-10T02:41:53Z,31888,9999900,9999900,10
2026-08-10T02:41:53Z,31889,7500000,7500000,8
2026-08-10T02:41:53Z,31892,27400,62200,447
2026-08-10T02:41:53Z,31893,419100,2899700,255
2026-08-10T02:41:53Z,31894,90500,2600000,419
2026-08-10T02:41:53Z,31895,48990200,48990200,14
2026-08-10T02:41:53Z,31896,111500,3000000,255
2026-08-10T02:41:53Z,31898,493300,750000,156
2026-08-10T02:41:53Z,31899,49993400,49993400,8
2026-08-10T02:41:53Z,31900,20796200,21006200,17
2026-08-10T02:41:53Z,31901,25000,25000,94
2026-08-10T02:41:53Z,31902,29100,29700,46
2026-08-10T02:41:53Z,31903,27300,2117600,266
2026-08-10T02:41:53Z,31904,5000000,7000000,21
2026-08-10T02:41:53Z,31905,109800,170000,149
2026-08-10T02:41:53Z,31906,40000,46700,88
2026-08-10T02:41:53Z,31908,19370300,19370300,11
2026-08-10T02:41:53Z,31909,25000000,25000000,12
2026-08-10T02:41:53Z,31910,28100,1205000,790
2026-08-10T02:41:53Z,31911,900000,1500000,163
2026-08-10T02:41:53Z,31912,27400,27400,85
2026-08-10T02:41:53Z,31913,5550000,5550000,13
2026-08-10T02:41:53Z,31915,34100,44100,64
2026-08-10T02:41:53Z,31916,35500,35500,86
2026-08-10T02:41:53Z,31917,49989900,49989900,10
2026-08-10T02:41:53Z,31918,15000000,15000000,8
2026-08-10T02:41:53Z,31941,7601900,7601900,73
2026-08-10T02:41:53Z,31944,250000,49000000,22
2026-08-10T02:41:53Z,31945,49000000,49001500,21
2026-08-10T02:41:53Z,32062,113000,123500,59
2026-08-10T02:41:53Z,32063,49900,49900,39
2026-08-10T02:41:53Z,32067,9900,9900,359
2026-08-10T02:41:53Z,32068,3907400,3907500,124
2026-08-10T02:41:53Z,32079,29000000,29000000,21
2026-08-10T02:41:53Z,32193,207600,207600,51
2026-08-10T02:41:53Z,32194,9757600,9757600,53
2026-08-10T02:41:53Z,32196,537100,9902200,37
2026-08-10T02:41:53Z,32198,212600,212600,92
2026-08-10T02:41:53Z,32199,49900,100000,43
2026-08-10T02:41:53Z,32200,500000,500000,51
2026-08-10T02:41:53Z,32201,577100,577100,86
2026-08-10T02:41:53Z,32203,117100,9999800,36
2026-08-10T02:41:53Z,32205,645500,647500,54
2026-08-10T02:41:53Z,32206,116400,1047900,158
2026-08-10T02:41:53Z,32209,395500,395500,280
2026-08-10T02:41:53Z,32211,1999900,2009000,43
2026-08-10T02:41:53Z,32212,270700,270700,29
2026-08-10T02:41:53Z,32215,255400,255400,64
2026-08-10T02:41:53Z,32217,1259900,1259900,47
2026-08-10T02:41:53Z,32218,305400,305400,94
2026-08-10T02:41:53Z,32220,207400,207400,251
2026-08-10T02:41:53Z,32221,455500,455500,59
2026-08-10T02:41:53Z,32222,704200,704200,45
2026-08-10T02:41:53Z,32223,440300,440300,38
2026-08-10T02:41:53Z,32224,499900,499900,239
2026-08-10T02:41:53Z,32225,329000,329000,207
2026-08-10T02:41:53Z,32226,808800,808800,47
2026-08-10T02:41:53Z,32227,9500,9500,1306
2026-08-10T02:41:53Z,32228,6100,9200,2302
2026-08-10T02:41:53Z,32229,5200,7000,968
2026-08-10T02:41:53Z,32230,5600,7000,795
2026-08-10T02:41:53Z,32231,5600,7000,557
2026-08-10T02:41:53Z,32249,6500,8500,861
2026-08-10T02:41:53Z,32388,745000,774400,4932
2026-08-10T02:41:53Z,32409,51151000,51151000,10
2026-08-10T02:41:53Z,32410,49989400,49989400,16
2026-08-10T02:41:53Z,32413,120000,120000,300
2026-08-10T02:41:53Z,32423,660000,662500,3733
2026-08-10T02:41:53Z,32428,28700,60000,5019
2026-08-10T02:41:53Z,32453,50000,50000,72
2026-08-10T02:41:53Z,32455,9900000,9900000,25
2026-08-10T02:41:53Z,32464,6900,6900,1185
2026-08-10T02:41:53Z,32468,2500,4000,386
2026-08-10T02:41:53Z,32470,89100,99900,400
2026-08-10T02:41:53Z,32576,10000,11600,387
2026-08-10T02:41:53Z,32596,187513200,187513200,3
2026-08-10T02:41:53Z,32597,198000000,198000000,5
2026-08-10T02:41:53Z,32598,4990000,4990500,27
2026-08-10T02:41:53Z,32599,29990000,37500000,8
2026-08-10T02:41:53Z,32600,197990000,197990000,4
2026-08-10T02:41:53Z,32601,5550000,5550000,43
2026-08-10T02:41:53Z,32620,394500,506400,9183
2026-08-10T02:41:53Z,32667,9900000,9900000,24
2026-08-10T02:41:53Z,32668,9960000,9960000,48
2026-08-10T02:41:53Z,32685,9969700,9969700,43
2026-08-10T02:41:53Z,32686,9840000,9840000,39
2026-08-10T02:41:53Z,32714,141700,171700,50
2026-08-10T02:41:53Z,32715,4009800,5999900,198
2026-08-10T02:41:53Z,32716,3000000,4799300,837
2026-08-10T02:41:53Z,32717,3500000,4999800,174
2026-08-10T02:41:53Z,32718,5000000,5900000,98
2026-08-10T02:41:53Z,32720,4430000,4440000,108
2026-08-10T02:41:53Z,32722,3339900,3339900,30
2026-08-10T02:41:53Z,32725,29999900,49000100,21
2026-08-10T02:41:53Z,32727,39999900,39999900,18
2026-08-10T02:41:53Z,32728,9900400,9900400,100
2026-08-10T02:41:53Z,32758,9904100,9904100,33
2026-08-10T02:41:53Z,32773,30531800,30531800,6
2026-08-10T02:41:53Z,32833,9999000,9999000,21
2026-08-10T02:41:53Z,32836,9999800,9999800,22
2026-08-10T02:41:53Z,32839,182500000,182500000,4
2026-08-10T02:41:53Z,32849,199007200,199007200,3
2026-08-10T02:41:53Z,32850,194990000,194990000,1
2026-08-10T02:41:53Z,32851,29990000,29990000,5
2026-08-10T02:41:53Z,32852,39330800,39330800,9
2026-08-10T02:41:53Z,32897,600,2000,16523
2026-08-10T02:41:53Z,32902,100,100,3969
2026-08-10T02:41:53Z,32905,100,100,1585
2026-08-10T02:41:53Z,32947,49909900,49909900,4
2026-08-10T02:41:53Z,32948,25000000,25000000,8
2026-08-10T02:41:53Z,33042,19800,34300,527
2026-08-10T02:41:53Z,33048,1800,2000,150
2026-08-10T02:41:53Z,33052,7700,7700,124
2026-08-10T02:41:53Z,33053,220000,220000,88
2026-08-10T02:41:53Z,33081,1990000,5009000,60
2026-08-10T02:41:53Z,33092,9990400,9990400,24
2026-08-10T02:41:53Z,33093,661000,661000,50
2026-08-10T02:41:53Z,33185,9975300,9975300,18
2026-08-10T02:41:53Z,33234,9900,9900,39
2026-08-10T02:41:53Z,33236,5000,5000,58
2026-08-10T02:41:53Z,33246,300000,300000,46
2026-08-10T02:41:53Z,33254,9906300,9906300,43
2026-08-10T02:41:53Z,33443,500,500,166
2026-08-10T02:41:53Z,33444,500,500,535
2026-08-10T02:41:53Z,33445,700,800,179
2026-08-10T02:41:53Z,33447,9900,20100,272
2026-08-10T02:41:53Z,33448,6000,6000,214
2026-08-10T02:41:53Z,33449,34900,34900,83
2026-08-10T02:41:53Z,33451,4000,4000,86
2026-08-10T02:41:53Z,33452,500,500,352
2026-08-10T02:41:53Z,33454,500,500,247
2026-08-10T02:41:53Z,33457,300,300,113
2026-08-10T02:41:53Z,33458,139700,139900,481
2026-08-10T02:41:53Z,33459,200,300,98
2026-08-10T02:41:53Z,33460,300,300,93
2026-08-10T02:41:53Z,33461,300,300,142
2026-08-10T02:41:53Z,33462,300,300,105
2026-08-10T02:41:53Z,33470,2200,2400,80448
2026-08-10T02:41:53Z,33546,299900,300000,26
2026-08-10T02:41:53Z,33547,69300,69300,36
2026-08-10T02:41:53Z,33548,45131300,45131300,24
2026-08-10T02:41:53Z,33549,505000,505000,32
2026-08-10T02:41:53Z,33550,290001800,290001800,3
2026-08-10T02:41:53Z,33551,49002000,49002000,20
2026-08-10T02:41:53Z,33553,49002400,49002400,21
2026-08-10T02:41:53Z,33555,49002700,49002700,23
2026-08-10T02:41:53Z,33556,49001800,49001800,21
2026-08-10T02:41:53Z,33560,49002000,49002000,20
2026-08-10T02:41:53Z,33561,49002400,49002400,20
2026-08-10T02:41:53Z,33562,49002700,49002700,21
2026-08-10T02:41:53Z,33567,13700,14000,1746
2026-08-10T02:41:53Z,33568,61700,64700,22319
2026-08-10T02:41:53Z,33569,49002400,49002400,20
2026-08-10T02:41:53Z,33571,290002700,290002700,1
2026-08-10T02:41:53Z,33575,50000,50000,94
2026-08-10T02:41:53Z,33576,40002700,40002700,41
2026-08-10T02:41:53Z,33629,10002200,49002200,37
2026-08-10T02:41:53Z,33630,49002700,49002700,20
2026-08-10T02:41:53Z,33631,800,800,143
2026-08-10T02:41:53Z,33632,20000,29900,81
2026-08-10T02:41:53Z,33638,155900,155900,34
2026-08-10T02:41:53Z,33639,10002700,10002700,33
2026-08-10T02:41:53Z,33782,91500,91500,49
2026-08-10T02:41:53Z,33803,1500000100,1500000100,1
2026-08-10T02:41:53Z,33823,1050600,1050600,1061
2026-08-10T02:41:53Z,33824,146500,146800,26216
2026-08-10T02:41:53Z,33825,235000,235000,45
2026-08-10T02:41:53Z,33846,290000700,290000700,2
2026-08-10T02:41:53Z,33854,290000900,290000900,2
2026-08-10T02:41:53Z,33856,8000100,8000100,2
2026-08-10T02:41:53Z,33866,138300,138300,603
2026-08-10T02:41:53Z,33867,14900,9892300,48
2026-08-10T02:41:53Z,33872,68100,68100,216
2026-08-10T02:41:53Z,33874,29000,29000,6020
2026-08-10T02:41:53Z,34052,119800,119800,12208
2026-08-10T02:41:53Z,34053,45000,990000,235
2026-08-10T02:41:53Z,34054,3800,9000,98634
2026-08-10T02:41:53Z,34055,18100,18700,18067
2026-08-10T02:41:53Z,34056,3000,4400,39442
2026-08-10T02:41:53Z,34057,14500,17500,40364
2026-08-10T02:41:53Z,34068,6900,52100,240228
2026-08-10T02:41:53Z,34113,1000000,1000000,869
2026-08-10T02:41:53Z,34125,500,500,125
2026-08-10T02:41:53Z,34207,1490000,1490000,127
2026-08-10T02:41:53Z,34220,47000000,47000000,6
2026-08-10T02:41:53Z,34330,7005000,7005000,76
2026-08-10T02:41:53Z,34411,19009000,19009000,30
2026-08-10T02:41:53Z,34440,163300,163300,200
2026-08-10T02:41:53Z,34537,20000,20000,40
2026-08-10T02:41:53Z,34599,1000,1000,1066
2026-08-10T02:41:53Z,34664,22500,22700,1992
2026-08-10T02:41:53Z,34721,9500,9500,532
2026-08-10T02:41:53Z,34722,2500,2500,434
2026-08-10T02:41:53Z,34736,28000,52500,7167
2026-08-10T02:41:53Z,34747,30000,30000,1253
2026-08-10T02:41:53Z,34748,22100,22100,60
2026-08-10T02:41:53Z,34749,8000,8000,247
2026-08-10T02:41:53Z,34750,3200,3200,242
2026-08-10T02:41:53Z,34751,16600,16600,92
2026-08-10T02:41:53Z,34752,25000,25000,150
2026-08-10T02:41:53Z,34753,240000,240000,355
2026-08-10T02:41:53Z,34754,99900,99900,68
2026-08-10T02:41:53Z,34755,200000,200000,80
2026-08-10T02:41:53Z,34756,159900,9906000,33
2026-08-10T02:41:53Z,34757,33300,33300,78
2026-08-10T02:41:53Z,34758,99900,99900,60
2026-08-10T02:41:53Z,34759,27000,27000,90
2026-08-10T02:41:53Z,34760,2800,2900,70
2026-08-10T02:41:53Z,34761,3500,3500,72
2026-08-10T02:41:53Z,34762,9700,9800,72
2026-08-10T02:41:53Z,34763,40800,9990000,46
2026-08-10T02:41:53Z,34764,48800,48800,119
2026-08-10T02:41:53Z,34765,10200,10200,83
2026-08-10T02:41:53Z,34766,20000,20000,65
2026-08-10T02:41:53Z,34767,29800,29800,177
2026-08-10T02:41:53Z,34768,194200,194200,79
2026-08-10T02:41:53Z,34769,20000,20000,82
2026-08-10T02:41:53Z,34822,90000000,90000000,5
2026-08-10T02:41:53Z,34823,73629800,73629800,7
2026-08-10T02:41:53Z,34824,20004900,20004900,5
2026-08-10T02:41:53Z,34825,112325100,112325100,6
2026-08-10T02:41:53Z,34831,304900,304900,33
2026-08-10T02:41:53Z,34832,11000,11100,2964
2026-08-10T02:41:53Z,34839,10000000,10000000,25
2026-08-10T02:41:53Z,34841,9906100,9906100,103
2026-08-10T02:41:53Z,34843,1259900,1259900,32
2026-08-10T02:41:53Z,34850,123800,137600,226
2026-08-10T02:41:53Z,34860,1739500,1739500,22
2026-08-10T02:41:53Z,34861,200,300,508
2026-08-10T02:41:53Z,34907,100000,100000,232
2026-08-10T02:41:53Z,35128,14123500,14123500,49
2026-08-10T02:41:53Z,35285,439500,439600,85
2026-08-10T02:41:53Z,35287,197500000,197500000,1
2026-08-10T02:41:53Z,35314,5000200,5000200,27
2026-08-10T02:41:53Z,35315,3809500,3809500,25
2026-08-10T02:41:53Z,35318,1687500,1687500,25
2026-08-10T02:41:53Z,35501,53255000,53255000,8
2026-08-10T02:41:53Z,35503,146000000,146000000,5
2026-08-10T02:41:53Z,35557,193500,249500,10733
2026-08-10T02:41:53Z,35562,111100,249800,26883
2026-08-10T02:41:53Z,35563,4300,4300,303
2026-08-10T02:41:53Z,35565,5500,5500,437
2026-08-10T02:41:53Z,35622,500000,525500,5214
2026-08-10T02:41:53Z,35623,480000,498100,5647
2026-08-10T02:41:53Z,35624,74400,94600,23929
2026-08-10T02:41:53Z,35625,582800,582800,1349
2026-08-10T02:41:53Z,35627,449900,533000,2281
2026-08-10T02:41:53Z,35691,9901900,9901900,127
2026-08-10T02:41:53Z,35707,3003600,3003600,27
2026-08-10T02:41:53Z,35720,20500,20900,459
2026-08-10T02:41:53Z,35758,203000,203000,45
2026-08-10T02:41:53Z,35759,578800,578800,36
2026-08-10T02:41:53Z,35760,3800100,3800100,26
2026-08-10T02:41:53Z,35761,715900,715900,57
2026-08-10T02:41:53Z,35788,2001600,49001600,22
2026-08-10T02:41:53Z,35790,49001600,49001600,20
2026-08-10T02:41:53Z,35791,290001500,290001500,1
2026-08-10T02:41:53Z,35794,5000000,5000000,155
2026-08-10T02:41:53Z,35799,977900,977900,70
2026-08-10T02:41:53Z,35836,5009700,5009700,2
2026-08-10T02:41:53Z,35947,900,900,271
2026-08-10T02:41:53Z,35948,800,900,169
2026-08-10T02:41:53Z,35949,100000,100000,158
2026-08-10T02:41:53Z,35950,19700,19700,300
2026-08-10T02:41:53Z,35951,13300,13500,166
2026-08-10T02:41:53Z,35952,900,900,156
2026-08-10T02:41:53Z,35953,800,800,192
2026-08-10T02:41:53Z,35954,9000,9000,76
2026-08-10T02:41:53Z,36743,805000,3111300,64
2026-08-10T02:41:53Z,36758,5900,5900,54
2026-08-10T02:41:53Z,36781,473000,473400,149
2026-08-10T02:41:53Z,36782,6000,9100,836
2026-08-10T02:41:53Z,36783,450000,450000,139
2026-08-10T02:41:53Z,36784,2114200,2114200,24
2026-08-10T02:41:53Z,36788,49001800,49001800,25
2026-08-10T02:41:53Z,36789,49002100,49002100,23
2026-08-10T02:41:53Z,36794,3999900,22221800,258
2026-08-10T02:41:53Z,36797,49001800,49001800,20
2026-08-10T02:41:53Z,36798,290002000,290002000,1
2026-08-10T02:41:53Z,36801,49001800,49001800,39
2026-08-10T02:41:53Z,36802,290002000,290002000,6
2026-08-10T02:41:53Z,36804,290001800,290001800,1
2026-08-10T02:41:53Z,36805,290002700,290002700,1
2026-08-10T02:41:53Z,36806,1500000300,1500000300,1
2026-08-10T02:41:53Z,36808,49002500,49002500,20
2026-08-10T02:41:53Z,36809,339800,339800,25
2026-08-10T02:41:53Z,36810,54100,54100,40
2026-08-10T02:41:53Z,36811,45000000,45000000,51
2026-08-10T02:41:53Z,36812,63300,63300,212
2026-08-10T02:41:53Z,36813,26999900,26999900,106
2026-08-10T02:41:53Z,36814,4886400,4886400,82
2026-08-10T02:41:53Z,36816,49002400,49002400,20
2026-08-10T02:41:53Z,36817,49002700,49002700,20
2026-08-10T02:41:53Z,36823,49002400,49002400,20
2026-08-10T02:41:53Z,36824,290002700,290002700,1
2026-08-10T02:41:53Z,36829,290001800,290001800,1
2026-08-10T02:41:53Z,36830,1500002000,1500002000,1
2026-08-10T02:41:53Z,36860,750000,750000,2220
2026-08-10T02:41:53Z,36901,16300,39900,6097
2026-08-10T02:41:53Z,36903,29900,29900,10455
2026-08-10T02:41:53Z,36904,18400,18700,1763
2026-08-10T02:41:53Z,36905,47200,84000,1683
2026-08-10T02:41:53Z,36906,32400,32400,7373
2026-08-10T02:41:53Z,36907,94900,94900,6059
2026-08-10T02:41:53Z,36908,25900,28800,2884
2026-08-10T02:41:53Z,36909,118700,145100,3352
2026-08-10T02:41:53Z,36910,459700,649900,3898
2026-08-10T02:41:53Z,36912,50900,51800,26153
2026-08-10T02:41:53Z,36913,125500,128600,12668
2026-08-10T02:41:53Z,36916,150000,179900,9879
2026-08-10T02:41:53Z,36917,23400,35500,974
2026-08-10T02:41:53Z,36918,59500,270000,1090
2026-08-10T02:41:53Z,36919,40000,990000,967
2026-08-10T02:41:53Z,36920,24300,25000,532
2026-08-10T02:41:53Z,36921,138900,138900,1617
2026-08-10T02:41:53Z,36922,50000,319800,7062
2026-08-10T02:41:53Z,36923,150000,200000,645
2026-08-10T02:41:53Z,36924,50000,232000,2668
2026-08-10T02:41:53Z,36925,150000,15002900,3701
2026-08-10T02:41:53Z,36926,19500,20000,1043
2026-08-10T02:41:53Z,36927,279500,299800,1427
2026-08-10T02:41:53Z,36928,50000,990000,886
2026-08-10T02:41:53Z,36929,29500,182400,2805
2026-08-10T02:41:53Z,36930,650000,6000000,2037
2026-08-10T02:41:53Z,36931,1499900,3458700,2452
2026-08-10T02:41:53Z,36932,29500,38300,863
2026-08-10T02:41:53Z,36933,250000,258800,1761
2026-08-10T02:41:53Z,36934,69900,1240000,2253
2026-08-10T02:41:53Z,37091,500,500,79
2026-08-10T02:41:53Z,37092,10000,10000,223
2026-08-10T02:41:53Z,37093,300,300,251
2026-08-10T02:41:53Z,37094,9900,9900,143
2026-08-10T02:41:53Z,37097,300,300,88
2026-08-10T02:41:53Z,37098,10000,10000,72
2026-08-10T02:41:53Z,37101,9802600,9802600,103
2026-08-10T02:41:53Z,37118,1000,1000,901
2026-08-10T02:41:53Z,37140,50000,90000,188
2026-08-10T02:41:53Z,37143,480000,1000000,447
2026-08-10T02:41:53Z,37145,96800,97000,443
2026-08-10T02:41:53Z,37147,99600,100000,466
2026-08-10T02:41:53Z,37156,156000,236000,171
2026-08-10T02:41:53Z,37159,101500,101500,325
2026-08-10T02:41:53Z,37160,144500,145000,224
2026-08-10T02:41:53Z,37201,49000200,49000200,20
2026-08-10T02:41:53Z,37252,2002000,2002000,59
2026-08-10T02:41:53Z,37253,50000,50000,95
2026-08-10T02:41:53Z,37452,19990400,19990400,10
2026-08-10T02:41:53Z,37467,100000,3900000,209
2026-08-10T02:41:53Z,37567,199700,209700,543
2026-08-10T02:41:53Z,37588,1500000500,1500000500,1
2026-08-10T02:41:53Z,37602,1000000,1000000,21
2026-08-10T02:41:53Z,37603,767800,767800,72
2026-08-10T02:41:53Z,37663,3989900,5699900,7401
2026-08-10T02:41:53Z,37674,2500000,49000000,13
2026-08-10T02:41:53Z,37700,42600,50200,19422
2026-08-10T02:41:53Z,37701,6500,8200,167910
2026-08-10T02:41:53Z,37702,74700,74800,5184
2026-08-10T02:41:53Z,37703,47500,99900,10609
2026-08-10T02:41:53Z,37704,54600,56900,3194
2026-08-10T02:41:53Z,37705,41900,214000,10740
2026-08-10T02:41:53Z,37713,290000100,290000100,1
2026-08-10T02:41:53Z,37921,9700,10900,6080
2026-08-10T02:41:53Z,38260,49003300,49003300,26
2026-08-10T02:41:53Z,38261,30000000,49000000,24
2026-08-10T02:41:53Z,38263,49001500,49001500,20
2026-08-10T02:41:53Z,38264,19991500,49001500,21
2026-08-10T02:41:53Z,38266,1000000200,1000000200,4
2026-08-10T02:41:53Z,38267,2500000100,2500000100,1
2026-08-10T02:41:53Z,38269,251500,251500,27
2026-08-10T02:41:53Z,38273,990001500,990001500,1
2026-08-10T02:41:53Z,38274,290001500,290001500,1
2026-08-10T02:41:53Z,38303,5000,5000,53
2026-08-10T02:41:53Z,38348,1500002900,1500002900,1
2026-08-10T02:41:53Z,38350,1249900,1249900,35
2026-08-10T02:41:53Z,38371,13000600,13875000,26
2026-08-10T02:41:53Z,38372,639500,650000,68
2026-08-10T02:41:53Z,38373,3120000,3120000,27
2026-08-10T02:41:53Z,38374,275000,275000,131
2026-08-10T02:41:53Z,38375,17400,17400,53
2026-08-10T02:41:53Z,38376,129900,129900,79
2026-08-10T02:41:53Z,38425,430000,519200,3736
2026-08-10T02:41:53Z,38426,22000,22100,3604
2026-08-10T02:41:53Z,38427,49000,49000,84
2026-08-10T02:41:53Z,38428,39600,40000,138
2026-08-10T02:41:53Z,38429,2527000,2527000,170
2026-08-10T02:41:53Z,38430,41000,41000,85
2026-08-10T02:41:53Z,38431,40000,40000,85
2026-08-10T02:41:53Z,38432,148500,148500,92
2026-08-10T02:41:53Z,38466,63000,63000,373
2026-08-10T02:41:53Z,38516,49002200,49002200,24
2026-08-10T02:41:53Z,38517,290003300,290003300,2
2026-08-10T02:41:53Z,38518,9950000,9950000,21
2026-08-10T02:41:53Z,38520,49001100,49001100,10
2026-08-10T02:41:53Z,38557,44800,44800,1229
2026-08-10T02:41:53Z,38558,190000,200000,1758
2026-08-10T02:41:53Z,38561,270000,499100,547
2026-08-10T02:41:53Z,38581,290008500,290008500,3
2026-08-10T02:41:53Z,38583,49002000,49002000,20
2026-08-10T02:41:53Z,38584,49002900,49002900,21
2026-08-10T02:41:53Z,38585,49002000,49002000,20
2026-08-10T02:41:53Z,38586,9902800,9902800,83
2026-08-10T02:41:53Z,38625,400000,400000,48
2026-08-10T02:41:53Z,38679,2000,2000,767
2026-08-10T02:41:53Z,38682,900,900,11943
2026-08-10T02:41:53Z,38698,29700,29700,108
2026-08-10T02:41:53Z,38706,30000,30000,116
2026-08-10T02:41:53Z,38766,1500,2100,390
2026-08-10T02:41:53Z,38767,8500,8500,184
2026-08-10T02:41:53Z,38768,1400,1400,290
2026-08-10T02:41:53Z,38769,9400,9400,50
2026-08-10T02:41:53Z,38771,5000,5000,425
2026-08-10T02:41:53Z,38772,9900,9900,628
2026-08-10T02:41:53Z,38773,5000,5000,279
2026-08-10T02:41:53Z,38774,8900,8900,65
2026-08-10T02:41:53Z,38775,8600,8600,158
2026-08-10T02:41:53Z,38776,4000,4300,86
2026-08-10T02:41:53Z,38777,7000,10000,115
2026-08-10T02:41:53Z,38778,19800,19800,138
2026-08-10T02:41:53Z,38779,50600,50600,130
2026-08-10T02:41:53Z,38780,8000,8000,71
2026-08-10T02:41:53Z,38781,2900,2900,250
2026-08-10T02:41:53Z,38782,19000,19000,52
2026-08-10T02:41:53Z,38783,261900,261900,64
2026-08-10T02:41:53Z,38785,1600,1600,121
2026-08-10T02:41:53Z,38786,9500,9500,128
2026-08-10T02:41:53Z,38787,5000,5000,187
2026-08-10T02:41:53Z,38788,176600,196300,38
2026-08-10T02:41:53Z,38789,19300,19300,104
2026-08-10T02:41:53Z,38790,3600,3700,58
2026-08-10T02:41:53Z,38791,300800,301000,42
2026-08-10T02:41:53Z,38792,253900,253900,74
2026-08-10T02:41:53Z,38793,1900,1900,321
2026-08-10T02:41:53Z,38794,30200,30200,211
2026-08-10T02:41:53Z,38796,14400,14400,41
2026-08-10T02:41:53Z,38797,209100,209100,171
2026-08-10T02:41:53Z,38798,19900,19900,42
2026-08-10T02:41:53Z,38799,69800,69800,80
2026-08-10T02:41:53Z,38800,283000,283000,78
2026-08-10T02:41:53Z,38801,355600,355600,47
2026-08-10T02:41:53Z,38802,2325500,2325500,47
2026-08-10T02:41:53Z,38803,9000,9000,112
2026-08-10T02:41:53Z,38804,191500,191500,65
2026-08-10T02:41:53Z,38805,85400,85400,72
2026-08-10T02:41:53Z,38806,4900,4900,62
2026-08-10T02:41:53Z,38807,24200,24200,68
2026-08-10T02:41:53Z,38808,9600,9600,125
2026-08-10T02:41:53Z,38809,10000,10000,55
2026-08-10T02:41:53Z,38810,7700,7700,118
2026-08-10T02:41:53Z,38811,490100,492600,37
2026-08-10T02:41:53Z,38812,16300,16300,75
2026-08-10T02:41:53Z,38813,634900,634900,72
2026-08-10T02:41:53Z,38814,602300,602400,30
2026-08-10T02:41:53Z,38816,359700,359700,77
2026-08-10T02:41:53Z,38817,4500,4500,747
2026-08-10T02:41:53Z,38818,587500,714900,37
2026-08-10T02:41:53Z,38819,748300,748300,42
2026-08-10T02:41:53Z,38820,1096000,1096000,41
2026-08-10T02:41:53Z,38821,600000,600900,70
2026-08-10T02:41:53Z,38822,3300,3300,94
2026-08-10T02:41:53Z,38823,2183000,2183000,25
2026-08-10T02:41:53Z,38824,300000,300000,69
2026-08-10T02:41:53Z,38825,1800,1900,87
2026-08-10T02:41:53Z,38827,200000,200000,42
2026-08-10T02:41:53Z,38828,24000,24300,67
2026-08-10T02:41:53Z,38829,4000,4000,76
2026-08-10T02:41:53Z,38830,1600,1600,130
2026-08-10T02:41:53Z,38831,1484600,1484700,183
2026-08-10T02:41:53Z,38832,735100,735100,65
2026-08-10T02:41:53Z,38833,1400,1400,504
2026-08-10T02:41:53Z,38834,1574600,1574700,129
2026-08-10T02:41:53Z,38835,799400,799400,73
2026-08-10T02:41:53Z,38836,185900,185900,106
2026-08-10T02:41:53Z,38837,1241900,5865000,45
2026-08-10T02:41:53Z,38838,16100,16400,66
2026-08-10T02:41:53Z,38839,238800,238800,39
2026-08-10T02:41:53Z,38840,773400,773400,49
2026-08-10T02:41:53Z,38841,209800,209800,76
2026-08-10T02:41:53Z,38842,825700,825700,71
2026-08-10T02:41:53Z,38844,4500,4500,122
2026-08-10T02:41:53Z,38845,5000,5000,74
2026-08-10T02:41:53Z,38846,14200,14200,68
2026-08-10T02:41:53Z,38847,227500,227600,41
2026-08-10T02:41:53Z,38848,29900,29900,77
2026-08-10T02:41:53Z,38849,32200,32200,204
2026-08-10T02:41:53Z,38850,145400,145400,44
2026-08-10T02:41:53Z,38851,9299000,9299000,26
2026-08-10T02:41:53Z,38852,10000,10000,111
2026-08-10T02:41:53Z,38853,1756100,1756100,31
2026-08-10T02:41:53Z,38854,3015700,3015700,37
2026-08-10T02:41:53Z,38855,138600,140100,44
2026-08-10T02:41:53Z,38856,28500,28500,124
2026-08-10T02:41:53Z,38857,800000,800000,57
2026-08-10T02:41:53Z,38859,44000,45100,72
2026-08-10T02:41:53Z,38860,22200,22200,59
2026-08-10T02:41:53Z,38861,1600,1700,66
2026-08-10T02:41:53Z,38862,71500,71500,70
2026-08-10T02:41:53Z,38863,15218000,15218000,37
2026-08-10T02:41:53Z,38864,1150200,1150200,56
2026-08-10T02:41:53Z,38865,99400,99400,63
2026-08-10T02:41:53Z,38866,8600,8600,62
2026-08-10T02:41:53Z,38867,7700,7800,104
2026-08-10T02:41:53Z,38868,2482000,2482100,18
2026-08-10T02:41:53Z,38869,416100,9902400,23
2026-08-10T02:41:53Z,38870,499100,1664100,34
2026-08-10T02:41:53Z,38871,6850000,6860000,90
2026-08-10T02:41:53Z,38872,3914200,4274500,27
2026-08-10T02:41:53Z,38873,899900,909600,201
2026-08-10T02:41:53Z,38874,1417700,1664100,41
2026-08-10T02:41:53Z,38875,499900,499900,79
2026-08-10T02:41:53Z,38876,1014800,1014900,55
2026-08-10T02:41:53Z,38877,13378100,13378100,22
2026-08-10T02:41:53Z,38878,4500000,4500000,34
2026-08-10T02:41:53Z,38879,998700,998700,45
2026-08-10T02:41:53Z,38880,1178900,1178900,40
2026-08-10T02:41:53Z,38881,5576500,5576600,57
2026-08-10T02:41:53Z,38882,1135500,1135500,49
2026-08-10T02:41:53Z,38883,2523700,2523700,101
2026-08-10T02:41:53Z,38884,2208100,2258400,46
2026-08-10T02:41:53Z,38885,9902600,9902600,26
2026-08-10T02:41:53Z,38886,5116400,5116400,26
2026-08-10T02:41:53Z,38887,3001800,3001800,20
2026-08-10T02:41:53Z,38888,177800,177800,33
2026-08-10T02:41:53Z,38889,1390000,1390000,52
2026-08-10T02:41:53Z,38890,9999900,15053500,8
2026-08-10T02:41:53Z,38893,499600,499600,65
2026-08-10T02:41:53Z,38894,2840000,2840000,38
2026-08-10T02:41:53Z,38895,879800,919200,45
2026-08-10T02:41:53Z,38896,1031200,1031200,30
2026-08-10T02:41:53Z,38897,136100,137200,98
2026-08-10T02:41:53Z,38898,10700,12000,84
2026-08-10T02:41:53Z,38899,367000,367000,52
2026-08-10T02:41:53Z,38900,709900,859900,25
2026-08-10T02:41:53Z,38901,706300,706300,37
2026-08-10T02:41:53Z,38902,299700,9905000,22
2026-08-10T02:41:53Z,38903,46896000,46896000,27
2026-08-10T02:41:53Z,38904,192700,199900,54
2026-08-10T02:41:53Z,38905,482900,483000,51
2026-08-10T02:41:53Z,38906,2219700,2219700,68
2026-08-10T02:41:53Z,38908,322000,322000,57
2026-08-10T02:41:53Z,38909,8900,8900,131
2026-08-10T02:41:53Z,38910,80000,80000,35
2026-08-10T02:41:53Z,38911,180000,200000,99
2026-08-10T02:41:53Z,38912,16500,16500,82
2026-08-10T02:41:53Z,38913,905300,905300,57
2026-08-10T02:41:53Z,38914,1300,1300,170
2026-08-10T02:41:53Z,38917,730000,9909700,22
2026-08-10T02:41:53Z,38918,2790000,2790000,86
2026-08-10T02:41:53Z,38919,359400,359400,56
2026-08-10T02:41:53Z,38920,330000,330000,49
2026-08-10T02:41:53Z,38921,9909700,9909700,25
2026-08-10T02:41:53Z,38922,1000000,9909400,24
2026-08-10T02:41:53Z,38923,56117500,56117500,38
2026-08-10T02:41:53Z,38924,18728200,18728200,18
2026-08-10T02:41:53Z,38925,1999500,12014900,19
2026-08-10T02:41:53Z,38926,2516200,2516200,44
2026-08-10T02:41:53Z,38927,6308100,6308100,32
2026-08-10T02:41:53Z,38928,10700,11800,132
2026-08-10T02:41:53Z,38929,97600,97600,67
2026-08-10T02:41:53Z,38930,318200,318800,62
2026-08-10T02:41:53Z,38931,147000,147000,96
2026-08-10T02:41:53Z,38932,599900,599900,52
2026-08-10T02:41:53Z,38933,4500,4500,760
2026-08-10T02:41:53Z,38934,326700,326700,67
2026-08-10T02:41:53Z,38935,38669600,38669600,25
2026-08-10T02:41:53Z,38936,7997900,7997900,32
2026-08-10T02:41:53Z,38937,50000,50000,64
2026-08-10T02:41:53Z,38938,1800,1800,261
2026-08-10T02:41:53Z,38939,18005800,18005800,48
2026-08-10T02:41:53Z,38940,4338400,4338400,13
2026-08-10T02:41:53Z,38943,40009400,40009400,15
2026-08-10T02:41:53Z,38944,1008100,1555300,118
2026-08-10T02:41:53Z,38945,35400,35400,46
2026-08-10T02:41:53Z,38946,27571100,27571100,11
2026-08-10T02:41:53Z,38947,12002900,12002900,21
2026-08-10T02:41:53Z,38948,1704200,1704300,40
2026-08-10T02:41:53Z,38949,12000,12000,72
2026-08-10T02:41:53Z,38951,2200,2200,97
2026-08-10T02:41:53Z,38953,19600,39600,100
2026-08-10T02:41:53Z,38954,152000,152700,49
2026-08-10T02:41:53Z,38955,17200,17200,54
2026-08-10T02:41:53Z,38959,29600,29600,69
2026-08-10T02:41:53Z,38960,4300,4300,127
2026-08-10T02:41:53Z,38961,23200,23400,63
2026-08-10T02:41:53Z,38962,7000,7000,106
2026-08-10T02:41:53Z,38963,230000,230000,82
2026-08-10T02:41:53Z,38964,8600,8600,58
2026-08-10T02:41:53Z,38965,3416300,3416300,55
2026-08-10T02:41:53Z,38966,10000,10000,62
2026-08-10T02:41:53Z,38967,542100,542100,40
2026-08-10T02:41:53Z,38968,10000,10000,61
2026-08-10T02:41:53Z,38971,21900,21900,55
2026-08-10T02:41:53Z,38972,3047200,3047200,30
2026-08-10T02:41:53Z,38973,133300,143300,54
2026-08-10T02:41:53Z,38974,11000,11000,122
2026-08-10T02:41:53Z,38975,244600,244600,72
2026-08-10T02:41:53Z,38976,43400,43400,54
2026-08-10T02:41:53Z,38978,2929400,2929400,57
2026-08-10T02:41:53Z,38979,18100,18100,47
2026-08-10T02:41:53Z,38980,17400,17500,83
2026-08-10T02:41:53Z,38981,1009600,1009600,121
2026-08-10T02:41:53Z,38984,40000,103800,26
2026-08-10T02:41:53Z,38986,63000,63500,30
2026-08-10T02:41:53Z,38987,55000,170600,62
2026-08-10T02:41:53Z,38988,1383800,1383800,64
2026-08-10T02:41:53Z,38989,63600,63600,47
2026-08-10T02:41:53Z,38990,1626500,3496800,67
2026-08-10T02:41:53Z,38991,58900,131100,63
2026-08-10T02:41:53Z,38992,89500,89500,39
2026-08-10T02:41:53Z,38993,20000,20000,81
2026-08-10T02:41:53Z,38995,1617300,1617300,73
2026-08-10T02:41:53Z,38997,77000,77000,52
2026-08-10T02:41:53Z,38998,6499900,6499900,16
2026-08-10T02:41:53Z,38999,503400,503400,64
2026-08-10T02:41:53Z,39000,1265800,1265800,63
2026-08-10T02:41:53Z,39001,30000,30000,63
2026-08-10T02:41:53Z,39002,97400,97400,134
2026-08-10T02:41:53Z,39003,240400,240400,55
2026-08-10T02:41:53Z,39004,18800,18900,86
2026-08-10T02:41:53Z,39005,32200,32200,92
2026-08-10T02:41:53Z,39006,260000,279600,59
2026-08-10T02:41:53Z,39151,99900,99900,1708
2026-08-10T02:41:53Z,39201,25000200,25000200,73
2026-08-10T02:41:53Z,39203,49004000,49004000,49
2026-08-10T02:41:53Z,39204,1500006800,1500006800,2
2026-08-10T02:41:53Z,39207,35006100,35006100,80
2026-08-10T02:41:53Z,39209,50000,50000,55
2026-08-10T02:41:53Z,39210,49003800,49003800,36
2026-08-10T02:41:53Z,39211,6800,6800,134
2026-08-10T02:41:53Z,39212,2800,2800,47
2026-08-10T02:41:53Z,39218,5003000,5003000,27
2026-08-10T02:41:53Z,39219,49002700,49002700,20
2026-08-10T02:41:53Z,39220,9900,9900,171
2026-08-10T02:41:53Z,39222,49002200,49002200,29
2026-08-10T02:41:53Z,39223,49003800,49003800,20
2026-08-10T02:41:53Z,39317,4400,4400,28
2026-08-10T02:41:53Z,39334,36700,37000,9402
2026-08-10T02:41:53Z,39338,84700,84900,625
2026-08-10T02:41:53Z,39339,220000,220000,1121
2026-08-10T02:41:53Z,39340,30900,31100,2286
2026-08-10T02:41:53Z,39341,9300,10200,31643
2026-08-10T02:41:53Z,39342,37400,37400,3016
2026-08-10T02:41:53Z,39343,19000,19000,1735
2026-08-10T02:41:53Z,39349,1000000,1000000,15
2026-08-10T02:41:53Z,39350,49989300,49989300,15
2026-08-10T02:41:53Z,39351,8006200,8166200,30
2026-08-10T02:41:53Z,39353,1002100,1002100,25
2026-08-10T02:41:53Z,39354,100,100,218511
2026-08-10T02:41:53Z,39356,1000500,1000500,31
2026-08-10T02:41:53Z,39357,9806500,9806500,56
2026-08-10T02:41:53Z,39358,1509300,1509300,47
2026-08-10T02:41:53Z,39360,484800,484800,59
2026-08-10T02:41:53Z,39361,39995000,39995000,47
2026-08-10T02:41:53Z,39469,85000,85000,2601
2026-08-10T02:41:53Z,39501,49001900,49001900,20
2026-08-10T02:41:53Z,39502,25007600,25007600,24
2026-08-10T02:41:53Z,39512,5000,5000,42
2026-08-10T02:41:53Z,39513,161000,161000,28
2026-08-10T02:41:53Z,39516,29530500,29530500,37
2026-08-10T02:41:53Z,39520,3500,3500,260
2026-08-10T02:41:53Z,39524,55000,55000,36
2026-08-10T02:41:53Z,39525,49003800,49003800,20
2026-08-10T02:41:53Z,39526,128700,9998700,37
2026-08-10T02:41:53Z,39527,139900,9901500,49
2026-08-10T02:41:53Z,39532,290001800,290001800,1
2026-08-10T02:41:53Z,39533,990002000,990002000,1
2026-08-10T02:41:53Z,39549,49003000,49003000,20
2026-08-10T02:41:53Z,39550,49003700,49003700,20
2026-08-10T02:41:53Z,39551,49003000,49003000,20
2026-08-10T02:41:53Z,39552,49000100,49000100,20
2026-08-10T02:41:53Z,39559,49003800,49003800,20
2026-08-10T02:41:53Z,39562,49003000,49003000,23
2026-08-10T02:41:53Z,39563,49003800,49003800,20
2026-08-10T02:41:53Z,39567,7000,50000,37
2026-08-10T02:41:53Z,39568,3000000,3000000,28
2026-08-10T02:41:53Z,39569,9900,10000,28
2026-08-10T02:41:53Z,39570,49003000,49003000,20
2026-08-10T02:41:53Z,39666,70100,70100,193
2026-08-10T02:41:53Z,39671,39600,40000,81
2026-08-10T02:41:53Z,39681,157500,170000,4747
2026-08-10T02:41:53Z,39682,399200,399500,2537
2026-08-10T02:41:53Z,39683,1350000,1400000,470
2026-08-10T02:41:53Z,39684,18500,18500,3456
2026-08-10T02:41:53Z,39685,990004900,990004900,1
2026-08-10T02:41:53Z,39686,990003200,990003200,2
2026-08-10T02:41:53Z,39690,234000,244100,3752
2026-08-10T02:41:53Z,39691,20000,20000,281
2026-08-10T02:41:53Z,39774,94500,94700,8392
2026-08-10T02:41:53Z,39900,26900,26900,104
2026-08-10T02:41:53Z,39905,49600,49700,87
2026-08-10T02:41:53Z,39906,250000000,250000000,2
2026-08-10T02:41:53Z,39907,20100,20100,127
2026-08-10T02:41:53Z,39908,390600,390600,53
2026-08-10T02:41:53Z,39909,23200,23200,245
2026-08-10T02:41:53Z,39910,26900,26900,51
2026-08-10T02:41:53Z,39911,220000000,220000000,9
2026-08-10T02:41:53Z,39912,36200,36200,62
2026-08-10T02:41:53Z,39914,850000000,850000000,6
2026-08-10T02:41:53Z,39915,229800,229800,91
2026-08-10T02:41:53Z,39916,250000000,250000000,5
2026-08-10T02:41:53Z,39917,4685300,4685300,27
2026-08-10T02:41:53Z,39918,20000,20000,136
2026-08-10T02:41:53Z,39919,219900,219900,59
2026-08-10T02:41:53Z,39920,250003100,250003100,2
2026-08-10T02:41:53Z,39927,99900,99900,64
2026-08-10T02:41:53Z,39932,194900,194900,114
2026-08-10T02:41:53Z,39933,41200,41200,51
2026-08-10T02:41:53Z,39934,10300,10300,206
2026-08-10T02:41:53Z,39935,11500,11500,152
2026-08-10T02:41:53Z,39936,249981300,249981300,5
2026-08-10T02:41:53Z,39937,247880000,247880000,2
2026-08-10T02:41:53Z,39938,248253300,248253300,2
2026-08-10T02:41:53Z,39939,19900100,19900200,11
2026-08-10T02:41:53Z,39940,18500,18500,40
2026-08-10T02:41:53Z,39941,250001300,250001300,1
2026-08-10T02:41:53Z,39942,18000,18900,43
2026-08-10T02:41:53Z,39943,250000000,250000000,2
2026-08-10T02:41:53Z,39944,1997506100,1997506100,2
2026-08-10T02:41:53Z,39945,58000,58000,64
2026-08-10T02:41:53Z,39946,197980000,197980000,3
2026-08-10T02:41:53Z,39947,40000,40000,45
2026-08-10T02:41:53Z,39948,14800,14800,34
2026-08-10T02:41:53Z,39949,21300,21300,48
2026-08-10T02:41:53Z,39950,5382400,5382400,38
2026-08-10T02:41:53Z,39951,236700,236700,49
2026-08-10T02:41:53Z,39952,9767600,9767600,28
2026-08-10T02:41:53Z,39953,240489700,240489700,3
2026-08-10T02:41:53Z,39954,9990000,9990000,20
2026-08-10T02:41:53Z,39955,45700,45700,38
2026-08-10T02:41:53Z,39956,43800,43800,376
2026-08-10T02:41:53Z,39957,18000,18900,34
2026-08-10T02:41:53Z,39958,57100,57100,25
2026-08-10T02:41:53Z,39959,502200,9752200,29
2026-08-10T02:41:53Z,39960,1500009900,1500009900,3
2026-08-10T02:41:53Z,39961,249978500,249978500,2
2026-08-10T02:41:53Z,39962,1250005000,1250005000,1
2026-08-10T02:41:53Z,39963,250001300,250001300,1
2026-08-10T02:41:53Z,39964,2494115300,2494115300,3
2026-08-10T02:41:53Z,39965,331600,331600,77
2026-08-10T02:41:53Z,39966,72600,72600,65
2026-08-10T02:41:53Z,39967,35900,35900,59
2026-08-10T02:41:53Z,39968,25700,25700,48
2026-08-10T02:41:53Z,39969,49001200,49001200,20
2026-08-10T02:41:53Z,39970,26700,28700,1230
2026-08-10T02:41:53Z,39974,138652100,138652100,4
2026-08-10T02:41:53Z,39975,255000,255000,37
2026-08-10T02:41:53Z,39976,30000,30000,54
2026-08-10T02:41:53Z,39977,81300,81300,30
2026-08-10T02:41:53Z,39978,41200,41200,42
2026-08-10T02:41:53Z,39979,2000000,9990000,28
2026-08-10T02:41:53Z,39980,34400,34400,43
2026-08-10T02:41:53Z,39981,30000,30000,64
2026-08-10T02:41:53Z,39982,564500,564500,31
2026-08-10T02:41:53Z,39983,41200,41200,69
2026-08-10T02:41:53Z,39984,250009200,250009200,3
2026-08-10T02:41:53Z,39985,1474962500,1474962500,2
2026-08-10T02:41:53Z,39986,4500000600,4500000600,1
2026-08-10T02:41:53Z,39989,1500000000,1500000000,1
2026-08-10T02:41:53Z,39990,250003200,250003200,1
2026-08-10T02:41:53Z,39991,213200,213200,29
2026-08-10T02:41:53Z,39992,1638800,1638800,27
2026-08-10T02:41:53Z,39996,3370000,3370000,41
2026-08-10T02:41:53Z,39997,806900,806900,88
2026-08-10T02:41:53Z,39998,1191700,1191700,38
2026-08-10T02:41:53Z,39999,89353700,89353700,3
2026-08-10T02:41:53Z,40000,2001000,2001000,27
2026-08-10T02:41:53Z,40001,9983000,9983000,24
2026-08-10T02:41:53Z,40002,450000000,450000000,1
2026-08-10T02:41:53Z,40003,4750000,4750000,83
2026-08-10T02:41:53Z,40008,4990100,4995000,34
2026-08-10T02:41:53Z,40009,99990000,99990000,10
2026-08-10T02:41:53Z,40010,9983900,9983900,34
2026-08-10T02:41:53Z,40011,9971500,9971500,30
2026-08-10T02:41:53Z,40013,9948100,9948100,26
2026-08-10T02:41:53Z,40014,995000,1045000,31
2026-08-10T02:41:53Z,40015,250002900,250002900,3
2026-08-10T02:41:53Z,40016,3368400,3371700,31
2026-08-10T02:41:53Z,40017,1001300,1001300,69
2026-08-10T02:41:53Z,40022,291400,291400,40
2026-08-10T02:41:53Z,40023,3305000,3305000,26
2026-08-10T02:41:53Z,40024,3500000000,3500000000,1
2026-08-10T02:41:53Z,40025,9990000,9990000,27
2026-08-10T02:41:53Z,40026,190000,190000,65
2026-08-10T02:41:53Z,40027,2000000000,2000000000,1
2026-08-10T02:41:53Z,40028,908300,3048300,29
2026-08-10T02:41:53Z,40029,199900000,199900000,7
2026-08-10T02:41:53Z,40030,249001800,249001800,1
2026-08-10T02:41:53Z,40031,250000000,250000000,2
2026-08-10T02:41:53Z,40032,3375000,3375000,58
2026-08-10T02:41:53Z,40034,10273300,10506800,12
2026-08-10T02:41:53Z,40035,5616900,5617000,58
2026-08-10T02:41:53Z,40036,41900,42000,90
2026-08-10T02:41:53Z,40037,770000,770000,35
2026-08-10T02:41:53Z,40038,368300,368300,44
2026-08-10T02:41:53Z,40039,982300,982300,38
2026-08-10T02:41:53Z,40040,39612000,39651700,33
2026-08-10T02:41:53Z,40041,9990000,9990000,38
2026-08-10T02:41:53Z,40042,700,700,195
2026-08-10T02:41:53Z,40043,246079500,246079500,4
2026-08-10T02:41:53Z,40044,1257100,1498500,34
2026-08-10T02:41:53Z,40045,3433000,3433000,25
2026-08-10T02:41:53Z,40046,198734600,198734600,6
2026-08-10T02:41:53Z,40047,250004700,250004700,2
2026-08-10T02:41:53Z,40048,19762300,19762300,16
2026-08-10T02:41:53Z,40049,19952000,19952000,10
2026-08-10T02:41:53Z,40050,804600,804600,30
2026-08-10T02:41:53Z,40051,7568500,9990400,23
2026-08-10T02:41:53Z,40052,9938900,9939000,30
2026-08-10T02:41:53Z,40053,19699600,19699600,10
2026-08-10T02:41:53Z,40054,8500002300,8500002300,1
2026-08-10T02:41:53Z,40055,9989300,9989300,29
2026-08-10T02:41:53Z,40056,450000000,450000000,1
2026-08-10T02:41:53Z,40057,8982100,8982100,26
2026-08-10T02:41:53Z,40058,3375000,3375000,45
2026-08-10T02:41:53Z,40059,511900,511900,100
2026-08-10T02:41:53Z,40067,6100,6100,63
2026-08-10T02:41:53Z,40068,100500,101500,135
2026-08-10T02:41:53Z,40070,5500,5500,93
2026-08-10T02:41:53Z,40072,6900,9947700,26
2026-08-10T02:41:53Z,40073,19700,19800,226
2026-08-10T02:41:53Z,40076,9700,18200,1554
2026-08-10T02:41:53Z,40077,180000,180000,1010
2026-08-10T02:41:53Z,40078,7000,7000,32
2026-08-10T02:41:53Z,40079,143900,9967000,29
2026-08-10T02:41:53Z,40081,19400,19600,86
2026-08-10T02:41:53Z,40082,7233014200,7403872800,15
2026-08-10T02:41:53Z,40083,188697600,188697600,2
2026-08-10T02:41:53Z,40084,436901500,436901500,2
2026-08-10T02:41:53Z,40085,2995914600,2995914600,2
2026-08-10T02:41:53Z,40086,8910200,8910200,25
2026-08-10T02:41:53Z,40087,333100,333100,51
2026-08-10T02:41:53Z,40088,9996200,9996200,20
2026-08-10T02:41:53Z,40089,19926600,19926600,10
2026-08-10T02:41:53Z,40090,9345400,9345400,25
2026-08-10T02:41:53Z,40091,9895000,9895500,22
2026-08-10T02:41:53Z,40092,7338462900,7338462900,1
2026-08-10T02:41:53Z,40093,5000,5000,418
2026-08-10T02:41:53Z,40094,49990000,49990000,6
2026-08-10T02:41:53Z,40095,9957900,9957900,21
2026-08-10T02:41:53Z,40096,990004300,990004300,1
2026-08-10T02:41:53Z,40097,44400,49500,52
2026-08-10T02:41:53Z,40098,2497500,2497500,15
2026-08-10T02:41:53Z,40099,3017359700,3017359700,6
2026-08-10T02:41:53Z,40100,3375000,3375000,32
2026-08-10T02:41:53Z,40101,450003200,450003200,2
2026-08-10T02:41:53Z,40102,9989500,9989500,26
2026-08-10T02:41:53Z,40103,250005000,250005000,1
2026-08-10T02:41:53Z,40104,6328942000,6328942000,3
2026-08-10T02:41:53Z,40105,9991500,9991500,26
2026-08-10T02:41:53Z,40106,9919900,9919900,25
2026-08-10T02:41:53Z,40109,26800,9949300,29
2026-08-10T02:41:53Z,40111,1239200,9949200,78
2026-08-10T02:41:53Z,40112,5996200,5996200,101
2026-08-10T02:41:53Z,40113,2259700,2259700,71
2026-08-10T02:41:53Z,40114,2500002100,2500002100,1
2026-08-10T02:41:53Z,40115,9993800,9993800,26
2026-08-10T02:41:53Z,40116,9890100,9890100,50
2026-08-10T02:41:53Z,40117,1500000000,1500000000,1
2026-08-10T02:41:53Z,40118,5918800,5918800,80
2026-08-10T02:41:53Z,40119,1499900,1499900,79
2026-08-10T02:41:53Z,40120,7747100,7747100,76
2026-08-10T02:41:53Z,40122,9975400,9975400,77
2026-08-10T02:41:53Z,40123,450000000,450000000,4
2026-08-10T02:41:53Z,40124,3612100,3612100,93
2026-08-10T02:41:53Z,40125,3869900,3869900,72
2026-08-10T02:41:53Z,40126,990002100,990002100,5
2026-08-10T02:41:53Z,40127,9996600,9996600,41
2026-08-10T02:41:53Z,40128,781600,781600,62
2026-08-10T02:41:53Z,40129,9977500,9977500,62
2026-08-10T02:41:53Z,40130,9745000,9745000,58
2026-08-10T02:41:53Z,40132,450003200,450003200,1
2026-08-10T02:41:53Z,40133,9987500,9987500,71
2026-08-10T02:41:53Z,40134,250000000,250000000,1
2026-08-10T02:41:53Z,40135,3904700,3904700,58
2026-08-10T02:41:53Z,40136,2500009100,2500009100,1
2026-08-10T02:41:53Z,40138,2468683400,2468683400,5
2026-08-10T02:41:53Z,40139,9943800,9943800,45
2026-08-10T02:41:53Z,40140,2500000000,2500000000,1
2026-08-10T02:41:53Z,40141,9987700,9987700,78
2026-08-10T02:41:53Z,40142,7893200,7893200,58
2026-08-10T02:41:53Z,40143,3916100,3916100,44
2026-08-10T02:41:53Z,40144,9790000,9790100,108
2026-08-10T02:41:53Z,40145,9999100,9999100,57
2026-08-10T02:41:53Z,40146,4589500,4589500,277
2026-08-10T02:41:53Z,40147,2199900,2199900,76
2026-08-10T02:41:53Z,40148,3500000000,3500000000,2
2026-08-10T02:41:53Z,40149,9992000,9992000,62
2026-08-10T02:41:53Z,40150,9916900,9916900,56
2026-08-10T02:41:53Z,40151,199977600,199977600,1
2026-08-10T02:41:53Z,40152,9981400,9981400,93
2026-08-10T02:41:53Z,40153,9985400,9985500,106
2026-08-10T02:41:53Z,40154,770000,770000,63
2026-08-10T02:41:53Z,40155,9996600,9996600,65
2026-08-10T02:41:53Z,40156,1500003700,1500003700,1
2026-08-10T02:41:53Z,40157,1608500,1608500,54
2026-08-10T02:41:53Z,40158,990000000,990000000,1
2026-08-10T02:41:53Z,40160,9775400,9775400,61
2026-08-10T02:41:53Z,40161,3500000000,3500000000,1
2026-08-10T02:41:53Z,40162,4197700,4197700,67
2026-08-10T02:41:53Z,40163,9972500,9972500,66
2026-08-10T02:41:53Z,40164,4949800,4949800,51
2026-08-10T02:41:53Z,40165,9733800,9733800,45
2026-08-10T02:41:53Z,40166,9990000,9990000,46
2026-08-10T02:41:53Z,40167,9866700,9866700,65
2026-08-10T02:41:53Z,40168,9981000,9981000,79
2026-08-10T02:41:53Z,40169,8002100,8002100,53
2026-08-10T02:41:53Z,40171,4874300,4874300,63
2026-08-10T02:41:53Z,40173,9996700,9996700,68
2026-08-10T02:41:53Z,40174,2000000000,2000000000,1
2026-08-10T02:41:53Z,40175,2500000000,2500000000,1
2026-08-10T02:41:53Z,40176,1500002100,1500002100,1
2026-08-10T02:41:53Z,40177,4200000,4200000,110
2026-08-10T02:41:53Z,40179,4500000,4500000,181
2026-08-10T02:41:53Z,40180,4504700,4504800,150
2026-08-10T02:41:53Z,40181,1500000000,1500000000,1
2026-08-10T02:41:53Z,40182,9982300,9982300,84
2026-08-10T02:41:53Z,40195,14900,20000,2549
2026-08-10T02:41:53Z,40199,10000,14500,11808
2026-08-10T02:41:53Z,40202,1496600,9870000,51
2026-08-10T02:41:53Z,40211,23100,23200,238
2026-08-10T02:41:53Z,40212,28400,28500,186
2026-08-10T02:41:53Z,40213,9889900,9889900,127
2026-08-10T02:41:53Z,40214,1300000,1600000,39
2026-08-10T02:41:53Z,40215,260000,9909500,35
2026-08-10T02:41:53Z,40216,160000,199900,33
2026-08-10T02:41:53Z,40217,9909400,9909400,25
2026-08-10T02:41:53Z,40356,9900600,9900600,36
2026-08-10T02:41:53Z,40357,9990000,9990000,28
2026-08-10T02:41:53Z,40358,9990700,9990700,25
2026-08-10T02:41:53Z,40359,9909900,9909900,25
2026-08-10T02:41:53Z,40360,3535000,3555500,568
2026-08-10T02:41:53Z,40361,7902700,7902700,117
2026-08-10T02:41:53Z,40391,49000900,49000900,14
2026-08-10T02:41:53Z,40392,290000900,290000900,1
2026-08-10T02:41:53Z,40393,290000700,290000700,1
2026-08-10T02:41:53Z,40404,1499990100,1499990100,6
2026-08-10T02:41:53Z,40411,49009900,49009900,20
2026-08-10T02:41:53Z,40533,120000,120000,639
2026-08-10T02:41:53Z,40536,1000,1000,969
2026-08-10T02:41:53Z,40769,420000,420000,764
2026-08-10T02:41:53Z,40771,4563500,4563500,537
2026-08-10T02:41:53Z,40896,1500007600,1500007600,1
2026-08-10T02:41:53Z,40897,250007600,250007600,1
2026-08-10T02:41:53Z,40899,250007600,250007600,1
2026-08-10T02:41:53Z,40900,1500000200,1500000200,1
2026-08-10T02:41:53Z,40901,1500007600,1500007600,1
2026-08-10T02:41:53Z,40902,1500007600,1500007600,1
2026-08-10T02:41:53Z,40903,1500000200,1500000200,1
2026-08-10T02:41:53Z,40906,1500007600,1500007600,1
2026-08-10T02:41:53Z,40908,1500007600,1500007600,1
2026-08-10T02:41:53Z,40909,250007600,250007600,3
2026-08-10T02:41:53Z,40912,1500000200,1500000200,1
2026-08-10T02:41:53Z,40913,1500007600,1500007600,1
2026-08-10T02:41:53Z,40914,250007600,250007600,1
2026-08-10T02:41:53Z,40915,1500007600,1500007600,1
2026-08-10T02:41:53Z,40916,1500007600,1500007600,1
2026-08-10T02:41:53Z,40919,202100,217300,842
2026-08-10T02:41:53Z,40920,1500000200,1500000200,1
2026-08-10T02:41:53Z,40921,250000200,250000200,1
2026-08-10T02:41:53Z,40922,1500007600,1500007600,1
2026-08-10T02:41:53Z,40923,1500007600,1500007600,1
2026-08-10T02:41:53Z,40924,1500007600,1500007600,1
2026-08-10T02:41:53Z,41092,299999900,299999900,3
2026-08-10T02:41:53Z,41094,1500000200,1500000200,1
2026-08-10T02:41:53Z,41095,250000200,250000200,1
2026-08-10T02:41:53Z,41096,10000200,10000200,4
2026-08-10T02:41:53Z,41097,1500007600,1500007600,1
2026-08-10T02:41:53Z,41098,250007600,250007600,2
2026-08-10T02:41:53Z,41099,250000200,250000200,1
2026-08-10T02:41:53Z,41100,95500,96500,4113
2026-08-10T02:41:53Z,41101,1500000200,1500000200,1
2026-08-10T02:41:53Z,41102,1500000200,1500000200,1
2026-08-10T02:41:53Z,41103,1500000200,1500000200,1
2026-08-10T02:41:53Z,41104,1500007600,1500007600,1
2026-08-10T02:41:53Z,41106,149999900,149999900,2
2026-08-10T02:41:53Z,41108,249990200,249990200,2
2026-08-10T02:41:53Z,41109,1500007600,1500007600,1
2026-08-10T02:41:53Z,41110,1500000200,1500000200,1
2026-08-10T02:41:53Z,41119,1700,1900,2047
2026-08-10T02:41:53Z,41146,1197500,1222200,68
2026-08-10T02:41:53Z,41163,892200,892200,2870
2026-08-10T02:41:53Z,41164,49000100,49000100,17
2026-08-10T02:41:53Z,41165,19900100,19900100,40
2026-08-10T02:41:53Z,41166,4808400,4808400,81
2026-08-10T02:41:53Z,41167,79400,79400,107
2026-08-10T02:41:53Z,41266,1176000,1176000,676
2026-08-10T02:41:53Z,41285,9990000,9990000,11
2026-08-10T02:41:53Z,41307,1313700,1313800,44
2026-08-10T02:41:53Z,41333,9900000,9900000,25
2026-08-10T02:41:53Z,41334,931000,990000,1837
2026-08-10T02:41:53Z,41335,19981900,19981900,19
2026-08-10T02:41:53Z,41337,6129300,6129300,244
2026-08-10T02:41:53Z,41338,49900,49900,102
2026-08-10T02:41:53Z,41339,699800,699900,62
2026-08-10T02:41:53Z,41368,150000,49000000,23
2026-08-10T02:41:53Z,41369,245700,19002700,28
2026-08-10T02:41:53Z,41373,9500006900,9500006900,1
2026-08-10T02:41:53Z,41375,300400,300500,74
2026-08-10T02:41:53Z,41376,9989500,9989500,31
2026-08-10T02:41:53Z,41377,19969700,19969700,13
2026-08-10T02:41:53Z,41378,2074600,9993500,28
2026-08-10T02:41:53Z,41379,19986600,19986600,20
2026-08-10T02:41:53Z,41380,5001000,5001000,28
2026-08-10T02:41:53Z,41381,121500,121500,108
2026-08-10T02:41:53Z,41382,19860000,19860000,20
2026-08-10T02:41:53Z,41385,44441200,44441200,24
2026-08-10T02:41:53Z,41389,7770000,7770000,31
2026-08-10T02:41:53Z,41395,9990000,9990000,34
2026-08-10T02:41:53Z,41396,6995000,7495000,30
2026-08-10T02:41:53Z,41397,47000,47000,111
2026-08-10T02:41:53Z,41398,9009900,9009900,27
2026-08-10T02:41:53Z,41400,1620000,1620000,37
2026-08-10T02:41:53Z,41401,2009400,2009400,20
2026-08-10T02:41:53Z,41427,189200,199400,107
2026-08-10T02:41:53Z,41432,749700,749700,29
2026-08-10T02:41:53Z,41433,4500001300,4500001300,1
2026-08-10T02:41:53Z,41434,66400,66400,29
2026-08-10T02:41:53Z,41435,700000,700000,33
2026-08-10T02:41:53Z,41436,750000,750000,72
2026-08-10T02:41:53Z,41437,750000,4296100,25
2026-08-10T02:41:53Z,41438,990007600,990007600,1
2026-08-10T02:41:53Z,41439,742200,742200,50
2026-08-10T02:41:53Z,41440,600000,600000,37
2026-08-10T02:41:53Z,41441,533000,9900000,24
2026-08-10T02:41:53Z,41442,2486548200,2486548200,5
2026-08-10T02:41:53Z,41443,1999900,1999900,46
2026-08-10T02:41:53Z,41444,1999600,1999600,30
2026-08-10T02:41:53Z,41445,39995600,39995600,6
2026-08-10T02:41:53Z,41446,660000,660000,37
2026-08-10T02:41:53Z,41447,650000,650000,39
2026-08-10T02:41:53Z,41448,250000000,250000000,1
2026-08-10T02:41:53Z,41449,8987965900,8987965900,2
2026-08-10T02:41:53Z,41450,450001600,450001600,1
2026-08-10T02:41:53Z,41451,192493800,192493800,1
2026-08-10T02:41:53Z,41452,1949996000,1949996000,1
2026-08-10T02:41:53Z,41453,1804800,1804800,38
2026-08-10T02:41:53Z,41454,3500000000,3500000000,1
2026-08-10T02:41:53Z,41455,700000,700000,34
2026-08-10T02:41:53Z,41456,2249800,9989900,24
2026-08-10T02:41:53Z,41457,4464429000,4464429000,2
2026-08-10T02:41:53Z,41458,5500004800,5500004800,1
2026-08-10T02:41:53Z,41460,884900,884900,45
2026-08-10T02:41:53Z,41461,2229900,2229900,64
2026-08-10T02:41:53Z,41462,2250000,2250000,28
2026-08-10T02:41:53Z,41463,1957894800,1957894800,1
2026-08-10T02:41:53Z,41464,800000,800000,33
2026-08-10T02:41:53Z,41465,9500000000,9500000000,1
2026-08-10T02:41:53Z,41466,689900,690000,32
2026-08-10T02:41:53Z,41467,359600,359700,43
2026-08-10T02:41:53Z,41468,250003100,250003100,3
2026-08-10T02:41:53Z,41469,2000000000,2000000000,1
2026-08-10T02:41:53Z,41470,1100000,9891300,24
2026-08-10T02:41:53Z,41472,2500000000,2500000000,1
2026-08-10T02:41:53Z,41473,199000000,199000000,2
2026-08-10T02:41:53Z,41474,192938100,192938100,8
2026-08-10T02:41:53Z,41475,1600000,1600000,57
2026-08-10T02:41:53Z,41476,9997800,9997800,20
2026-08-10T02:41:53Z,41477,2495002500,2495002500,1
2026-08-10T02:41:53Z,41478,49903800,49903800,7
2026-08-10T02:41:53Z,41479,2200000,2200000,28
2026-08-10T02:41:53Z,41480,192228000,192228000,6
2026-08-10T02:41:53Z,41481,198121000,198121000,3
2026-08-10T02:41:53Z,41482,1739900,1739900,33
2026-08-10T02:41:53Z,41483,666900,666900,26
2026-08-10T02:41:53Z,41484,199980000,199980000,2
2026-08-10T02:41:53Z,41485,1820000,1820000,93
2026-08-10T02:41:53Z,41486,39608300,39608300,6
2026-08-10T02:41:53Z,41487,1500000000,1500000000,1
2026-08-10T02:41:53Z,41488,2501300,2501300,29
2026-08-10T02:41:53Z,41489,2250000,2250000,32
2026-08-10T02:41:53Z,41490,120000,120000,35
2026-08-10T02:41:53Z,41491,249991300,249991300,1
2026-08-10T02:41:53Z,41492,129800,129900,26
2026-08-10T02:41:53Z,41493,19995000,19995000,14
2026-08-10T02:41:53Z,41494,250000000,250000000,1
2026-08-10T02:41:53Z,41495,2249900,2249900,110
2026-08-10T02:41:53Z,41496,2500000000,2500000000,1
2026-08-10T02:41:53Z,41497,39990000,39990000,5
2026-08-10T02:41:53Z,41498,2250000,2250000,28
2026-08-10T02:41:53Z,41499,9892700,9892700,19
2026-08-10T02:41:53Z,41500,3500000000,3500000000,1
2026-08-10T02:41:53Z,41502,2250000,9980000,24
2026-08-10T02:41:53Z,41509,55500,55500,220
2026-08-10T02:41:53Z,41510,11800,11800,6547
2026-08-10T02:41:53Z,41511,29400,31000,6362
2026-08-10T02:41:53Z,41517,1500000200,1500000200,1
2026-08-10T02:41:53Z,41524,1500000200,1500000200,1
2026-08-10T02:41:53Z,41527,1500000200,1500000200,1
2026-08-10T02:41:53Z,41529,1500000200,1500000200,1
2026-08-10T02:41:53Z,41530,1500000200,1500000200,1
2026-08-10T02:41:53Z,41531,250007600,250007600,1
2026-08-10T02:41:53Z,41532,1500000200,1500000200,1
2026-08-10T02:41:53Z,41533,249970200,249970200,1
2026-08-10T02:41:53Z,41534,1500007600,1500007600,1
2026-08-10T02:41:53Z,41535,1500000200,1500000200,1
2026-08-10T02:41:53Z,41536,250007600,250007600,1
2026-08-10T02:41:53Z,41537,1500000200,1500000200,1
2026-08-10T02:41:53Z,41538,1500000200,1500000200,1
2026-08-10T02:41:53Z,41539,250007600,250007600,1
2026-08-10T02:41:53Z,41540,1500000200,1500000200,1
2026-08-10T02:41:53Z,41541,1500000200,1500000200,1
2026-08-10T02:41:53Z,41542,1500000200,1500000200,1
2026-08-10T02:41:53Z,41547,1500000200,1500000200,2
2026-08-10T02:41:53Z,41552,1500000200,1500000200,1
2026-08-10T02:41:53Z,41584,174400,174400,1369
2026-08-10T02:41:53Z,41586,5500100,5500100,195
2026-08-10T02:41:53Z,41593,1031800,1031800,753
2026-08-10T02:41:53Z,41594,1401100,1401100,365
2026-08-10T02:41:53Z,41595,1808100,1809100,1218
2026-08-10T02:41:53Z,41601,224700,224800,117
2026-08-10T02:41:53Z,41602,5006300,13552300,16
2026-08-10T02:41:53Z,41603,427100,427100,68
2026-08-10T02:41:53Z,41604,39990000,39990000,6
2026-08-10T02:41:53Z,41611,3045800,3045900,52
2026-08-10T02:41:53Z,41729,9900000,9900000,20
2026-08-10T02:41:53Z,41731,1800,1900,128
2026-08-10T02:41:53Z,41751,3600,3600,377
2026-08-10T02:41:53Z,41800,1110000,1119900,402
2026-08-10T02:41:53Z,41801,10100,10100,2139
2026-08-10T02:41:53Z,41802,40900,840000,2886
2026-08-10T02:41:53Z,41803,101200,101200,1025
2026-08-10T02:41:53Z,41805,423100,423100,390
2026-08-10T02:41:53Z,41806,5000,6200,1352
2026-08-10T02:41:53Z,41807,19100,19100,1813
2026-08-10T02:41:53Z,41808,2700,2800,2704
2026-08-10T02:41:53Z,41809,50000,72000,2004
2026-08-10T02:41:53Z,41810,5500,5500,2705
2026-08-10T02:41:53Z,41812,7000,840000,981
2026-08-10T02:41:53Z,41813,190000,201000,1802
2026-08-10T02:41:53Z,41814,489900,490000,7797
2026-08-10T02:41:53Z,41976,897300,1356500,260
2026-08-10T02:41:53Z,42225,9708000,9708000,286
2026-08-10T02:41:53Z,42253,10000,10000,7180
2026-08-10T02:41:53Z,42396,1500000200,1500000200,1
2026-08-10T02:41:53Z,42397,250000200,250000200,1
2026-08-10T02:41:53Z,42398,249721000,249721000,2
2026-08-10T02:41:53Z,42399,250000200,250000200,1
2026-08-10T02:41:53Z,42400,1500007600,1500007600,1
2026-08-10T02:41:53Z,42401,1500007600,1500007600,1
2026-08-10T02:41:53Z,42402,1500007600,1500007600,1
2026-08-10T02:41:53Z,42403,1500000200,1500000200,1
2026-08-10T02:41:53Z,42405,1500000200,1500000200,1
2026-08-10T02:41:53Z,42406,250007600,250007600,1
2026-08-10T02:41:53Z,42407,1500000200,1500000200,1
2026-08-10T02:41:53Z,42408,250000200,250000200,1
2026-08-10T02:41:53Z,42409,250000200,250000200,1
2026-08-10T02:41:53Z,42410,1500000200,1500000200,1
2026-08-10T02:41:53Z,42411,1500007600,1500007600,1
2026-08-10T02:41:53Z,42412,1500000200,1500000200,1
2026-08-10T02:41:53Z,42414,1500007600,1500007600,1
2026-08-10T02:41:53Z,42415,1500000200,1500000200,2
2026-08-10T02:41:53Z,42416,1500007600,1500007600,1
2026-08-10T02:41:53Z,42428,100900,100900,164
2026-08-10T02:41:53Z,42429,110000,9906400,153
2026-08-10T02:41:53Z,42430,709600,709600,187
2026-08-10T02:41:53Z,42431,703800,703800,182
2026-08-10T02:41:53Z,42432,9951900,9951900,45
2026-08-10T02:41:53Z,42433,202500,202500,632
2026-08-10T02:41:53Z,42434,9900000,9900000,51
2026-08-10T02:41:53Z,42453,250000200,250000200,1
2026-08-10T02:41:53Z,42455,1500007600,1500007600,2
2026-08-10T02:41:53Z,42456,250000200,250000200,1
2026-08-10T02:41:53Z,42457,250000200,250000200,1
2026-08-10T02:41:53Z,42458,1500007600,1500007600,1
2026-08-10T02:41:53Z,42459,290600,290600,381
2026-08-10T02:41:53Z,42460,1500007600,1500007600,1
2026-08-10T02:41:53Z,42461,250000200,250000200,1
2026-08-10T02:41:53Z,42462,250007600,250007600,1
2026-08-10T02:41:53Z,42465,1500000200,1500000200,1
2026-08-10T02:41:53Z,42466,1500000200,1500000200,1
2026-08-10T02:41:53Z,42467,1500000200,1500000200,2
2026-08-10T02:41:53Z,42468,290007600,290007600,1
2026-08-10T02:41:53Z,42469,1500007600,1500007600,1
2026-08-10T02:41:53Z,42470,250000200,250000200,1
2026-08-10T02:41:53Z,42471,1500007600,1500007600,1
2026-08-10T02:41:53Z,42472,1500000200,1500000200,1
2026-08-10T02:41:53Z,42473,250004100,250004100,1
2026-08-10T02:41:53Z,42500,349400,1364100,55
2026-08-10T02:41:53Z,42545,2268400,2271800,270
2026-08-10T02:41:53Z,42546,1700,1800,1145
2026-08-10T02:41:53Z,42641,8700,8700,1424
2026-08-10T02:41:53Z,42701,503700,503700,38
2026-08-10T02:41:53Z,42702,1000000,1000000,122
2026-08-10T02:41:53Z,42734,1500007600,1500007600,1
2026-08-10T02:41:53Z,42735,250007600,250007600,8
2026-08-10T02:41:53Z,42736,1500000200,1500000200,1
2026-08-10T02:41:53Z,42737,1500007600,1500007600,1
2026-08-10T02:41:53Z,42738,249977600,249977600,3
2026-08-10T02:41:53Z,42739,1500000200,1500000200,1
2026-08-10T02:41:53Z,42740,1500007600,1500007600,1
2026-08-10T02:41:53Z,42741,250007600,250007600,1
2026-08-10T02:41:53Z,42742,1998008500,1998008500,2
2026-08-10T02:41:53Z,42743,6660200,6660200,20
2026-08-10T02:41:53Z,42744,1500000200,1500000200,1
2026-08-10T02:41:53Z,42745,1500000200,1500000200,1
2026-08-10T02:41:53Z,42746,250000200,250000200,1
2026-08-10T02:41:53Z,42747,1500007600,1500007600,1
2026-08-10T02:41:53Z,42748,1500000200,1500000200,1
2026-08-10T02:41:53Z,42749,1500007600,1500007600,1
2026-08-10T02:41:53Z,42750,1500007600,1500007600,1
2026-08-10T02:41:53Z,42751,290700,290700,103
2026-08-10T02:41:53Z,42752,1500007600,1500007600,1
2026-08-10T02:41:53Z,42753,99990200,99990200,8
2026-08-10T02:41:53Z,42754,1500000200,1500000200,1
2026-08-10T02:41:53Z,42777,9970500,9970500,30
2026-08-10T02:41:53Z,42778,9981600,9981600,20
2026-08-10T02:41:53Z,42779,9900900,9900900,27
2026-08-10T02:41:53Z,42780,24600,29900,21865
2026-08-10T02:41:53Z,42897,250000200,250000200,3
2026-08-10T02:41:53Z,42898,6660200,6660200,2
2026-08-10T02:41:53Z,42899,1500007600,1500007600,1
2026-08-10T02:41:53Z,42900,250007600,250007600,1
2026-08-10T02:41:53Z,42902,1500000200,1500000200,1
2026-08-10T02:41:53Z,42903,1500000200,1500000200,2
2026-08-10T02:41:53Z,42904,249970200,249970200,1
2026-08-10T02:41:53Z,42905,1500000200,1500000200,1
2026-08-10T02:41:53Z,42906,1500000200,1500000200,1
2026-08-10T02:41:53Z,42907,1500007600,1500007600,1
2026-08-10T02:41:53Z,42908,250000200,250000200,1
2026-08-10T02:41:53Z,42909,1500007600,1500007600,1
2026-08-10T02:41:53Z,42910,299999900,299999900,2
2026-08-10T02:41:53Z,42911,1500007600,1500007600,1
2026-08-10T02:41:53Z,42912,99990200,99990200,10
2026-08-10T02:41:53Z,42913,250007600,250007600,1
2026-08-10T02:41:53Z,42914,250007600,250007600,1
2026-08-10T02:41:53Z,42915,250000200,250000200,1
2026-08-10T02:41:53Z,42916,1500007600,1500007600,1
2026-08-10T02:41:53Z,42917,1500000200,1500000200,1
2026-08-10T02:41:53Z,42930,49003000,49003000,20
2026-08-10T02:41:53Z,42931,113500,113600,74
2026-08-10T02:41:53Z,42942,24900,25000,82
2026-08-10T02:41:53Z,42954,1500007600,1500007600,1
2026-08-10T02:41:53Z,42955,1500007600,1500007600,1
2026-08-10T02:41:53Z,42956,250000200,250000200,1
2026-08-10T02:41:53Z,42957,1500000200,1500000200,1
2026-08-10T02:41:53Z,42958,250007600,250007600,1
2026-08-10T02:41:53Z,42959,99997600,99997600,4
2026-08-10T02:41:53Z,42960,1500000200,1500000200,1
2026-08-10T02:41:53Z,42961,1500000200,1500000200,3
2026-08-10T02:41:53Z,42962,1500007600,1500007600,2
2026-08-10T02:41:53Z,42963,1500000200,1500000200,1
2026-08-10T02:41:53Z,42964,1500000200,1500000200,1
2026-08-10T02:41:53Z,42965,1500000200,1500000200,1
2026-08-10T02:41:53Z,42966,1145151800,1145151800,3
2026-08-10T02:41:53Z,42967,99990200,99990200,6
2026-08-10T02:41:53Z,42968,250000200,250000200,1
2026-08-10T02:41:53Z,42969,1500007600,1500007600,1
2026-08-10T02:41:53Z,42970,250000200,250000200,5
2026-08-10T02:41:53Z,42971,250000200,250000200,1
2026-08-10T02:41:53Z,42972,1500007600,1500007600,1
2026-08-10T02:41:53Z,42973,250000200,250000200,1
2026-08-10T02:41:53Z,42974,1500000200,1500000200,1
2026-08-10T02:41:53Z,42993,20000,20000,128
2026-08-10T02:41:53Z,42994,28800,28800,49
2026-08-10T02:41:53Z,42995,45000,45000,137
2026-08-10T02:41:53Z,42996,150000,9960000,47
2026-08-10T02:41:53Z,42997,48000,48000,607
2026-08-10T02:41:53Z,42998,28500,28500,49
2026-08-10T02:41:53Z,42999,16700,9975300,51
2026-08-10T02:41:53Z,43000,100000,100000,83
2026-08-10T02:41:53Z,43001,80000,80000,229
2026-08-10T02:41:53Z,43004,5100,5100,675
2026-08-10T02:41:53Z,43005,75000,75000,79
2026-08-10T02:41:53Z,43007,27100,359900,102017
2026-08-10T02:41:53Z,43009,4000,5000,1709
2026-08-10T02:41:53Z,43010,7800,8500,1129
2026-08-10T02:41:53Z,43011,6000,7800,40937
2026-08-10T02:41:53Z,43012,8300,8700,9407
2026-08-10T02:41:53Z,43013,35900,98900,60077
2026-08-10T02:41:53Z,43015,29000,9909900,47
2026-08-10T02:41:53Z,43086,59800,59800,146
2026-08-10T02:41:53Z,43087,9909900,9909900,28
2026-08-10T02:41:53Z,43102,720000,720000,2351
2026-08-10T02:41:53Z,43103,178000,178000,723
2026-08-10T02:41:53Z,43104,80000,80000,1114
2026-08-10T02:41:53Z,43105,57900,57900,1005
2026-08-10T02:41:53Z,43106,27000,27500,1895
2026-08-10T02:41:53Z,43107,199800,317900,2363
2026-08-10T02:41:53Z,43108,28900,28900,1637
2026-08-10T02:41:53Z,43109,120000,124000,1247
2026-08-10T02:41:53Z,43115,150000,180000,7054
2026-08-10T02:41:53Z,43116,157700,157700,1470
2026-08-10T02:41:53Z,43117,79000,282600,13546
2026-08-10T02:41:53Z,43118,399800,400000,3077
2026-08-10T02:41:53Z,43119,45300,55500,1623
2026-08-10T02:41:53Z,43120,69000,140200,6867
2026-08-10T02:41:53Z,43121,49800,50000,900
2026-08-10T02:41:53Z,43122,115100,115100,4577
2026-08-10T02:41:53Z,43123,299300,299500,5488
2026-08-10T02:41:53Z,43124,60000,60000,4697
2026-08-10T02:41:53Z,43125,35800,39900,30863
2026-08-10T02:41:53Z,43126,39800,39900,4824
2026-08-10T02:41:53Z,43127,149800,200000,884
2026-08-10T02:41:53Z,43145,9989200,9989200,20
2026-08-10T02:41:53Z,43146,19300000,19300000,15
2026-08-10T02:41:53Z,43231,49001700,49001700,20
2026-08-10T02:41:53Z,43233,49001900,49001900,20
2026-08-10T02:41:53Z,43235,49000800,49000800,20
2026-08-10T02:41:53Z,43236,49900,49900,102
2026-08-10T02:41:53Z,43268,9706600,9904600,73
2026-08-10T02:41:53Z,43316,1500000200,1500000200,1
2026-08-10T02:41:53Z,43321,9990800,9990800,4
2026-08-10T02:41:53Z,43325,290000800,290000800,2
2026-08-10T02:41:53Z,43326,45000800,45000800,3
2026-08-10T02:41:53Z,43328,290000800,290000800,2
2026-08-10T02:41:53Z,43329,290000800,290000800,3
2026-08-10T02:41:53Z,43330,49000000,49000000,18
2026-08-10T02:41:53Z,43331,1500000200,1500000200,1
2026-08-10T02:41:53Z,43332,1500000200,1500000200,1
2026-08-10T02:41:53Z,43333,250000800,250000800,5
2026-08-10T02:41:53Z,43334,250500,264400,131
2026-08-10T02:41:53Z,43335,1500000200,1500000200,1
2026-08-10T02:41:53Z,43338,1500000200,1500000200,1
2026-08-10T02:41:53Z,43339,1500000200,1500000200,1
2026-08-10T02:41:53Z,43340,1500000200,1500000200,1
2026-08-10T02:41:53Z,43341,290000800,290000800,2
2026-08-10T02:41:53Z,43342,1500000200,1500000200,1
2026-08-10T02:41:53Z,43343,1500000200,1500000200,1
2026-08-10T02:41:53Z,43344,1500007600,1500007600,1
2026-08-10T02:41:53Z,43350,59800,67500,1231
2026-08-10T02:41:53Z,43351,250000200,250000200,1
2026-08-10T02:41:53Z,43354,1500007600,1500007600,1
2026-08-10T02:41:53Z,43356,1500000200,1500000200,1
2026-08-10T02:41:53Z,43359,1500000200,1500000200,1
2026-08-10T02:41:53Z,43360,290000200,290000200,1
2026-08-10T02:41:53Z,43361,1500000200,1500000200,1
2026-08-10T02:41:53Z,43362,1500000200,1500000200,1
2026-08-10T02:41:53Z,43364,1500000200,1500000200,1
2026-08-10T02:41:53Z,43365,1500000200,1500000200,1
2026-08-10T02:41:53Z,43366,235500,236500,286
2026-08-10T02:41:53Z,43367,1500007600,1500007600,1
2026-08-10T02:41:53Z,43368,1500000200,1500000200,1
2026-08-10T02:41:53Z,43369,310300,310700,849
2026-08-10T02:41:53Z,43370,1500007600,1500007600,1
2026-08-10T02:41:53Z,43371,250007600,250007600,1
2026-08-10T02:41:53Z,43373,95300,95500,348
2026-08-10T02:41:53Z,43374,1500000200,1500000200,1
2026-08-10T02:41:53Z,43376,1500000200,1500000200,1
2026-08-10T02:41:53Z,43377,1500000200,1500000200,1
2026-08-10T02:41:53Z,43378,1500000200,1500000200,1
2026-08-10T02:41:53Z,43379,1500000200,1500000200,1
2026-08-10T02:41:53Z,43380,250000200,250000200,1
2026-08-10T02:41:53Z,43381,1500000200,1500000200,1
2026-08-10T02:41:53Z,43385,1500000200,1500000200,1
2026-08-10T02:41:53Z,43386,278700,318800,448
2026-08-10T02:41:53Z,43388,250000200,250000200,1
2026-08-10T02:41:53Z,43389,1500000200,1500000200,1
2026-08-10T02:41:53Z,43390,250007600,250007600,1
2026-08-10T02:41:53Z,43391,250000200,250000200,1
2026-08-10T02:41:53Z,43393,250000200,250000200,1
2026-08-10T02:41:53Z,43394,698800,698800,260
2026-08-10T02:41:53Z,43395,250000200,250000200,1
2026-08-10T02:41:53Z,43396,1500000200,1500000200,1
2026-08-10T02:41:53Z,43397,1500007600,1500007600,1
2026-08-10T02:41:53Z,43398,959900,960000,161
2026-08-10T02:41:53Z,43399,1500000200,1500000200,1
2026-08-10T02:41:53Z,43400,949900,950000,150
2026-08-10T02:41:53Z,43412,1500000200,1500000200,1
2026-08-10T02:41:53Z,43413,1500007600,1500007600,1
2026-08-10T02:41:53Z,43414,1500000200,1500000200,1
2026-08-10T02:41:53Z,43415,1500007600,1500007600,1
2026-08-10T02:41:53Z,43416,1500007600,1500007600,1
2026-08-10T02:41:53Z,43417,1500000200,1500000200,1
2026-08-10T02:41:53Z,43418,1500007600,1500007600,1
2026-08-10T02:41:53Z,43419,1500000200,1500000200,1
2026-08-10T02:41:53Z,43420,1500007600,1500007600,1
2026-08-10T02:41:53Z,43422,250000200,250000200,1
2026-08-10T02:41:53Z,43423,1500007600,1500007600,1
2026-08-10T02:41:53Z,43424,250000000,250000000,5
2026-08-10T02:41:53Z,43425,250000200,250000200,1
2026-08-10T02:41:53Z,43427,1500007600,1500007600,1
2026-08-10T02:41:53Z,43428,250000200,250000200,1
2026-08-10T02:41:53Z,43432,6660200,6660200,2
2026-08-10T02:41:53Z,43463,300,300,131
2026-08-10T02:41:53Z,43464,43600,43600,86
2026-08-10T02:41:53Z,43465,300,300,198
2026-08-10T02:41:53Z,43466,10000,10000,94
2026-08-10T02:41:53Z,43467,300,300,79
2026-08-10T02:41:53Z,43478,1000000,1020000,391
2026-08-10T02:41:53Z,43480,840000,840000,524
2026-08-10T02:41:53Z,43488,139400,139500,192
2026-08-10T02:41:53Z,43490,43500,83700,74
2026-08-10T02:41:53Z,43491,1927300,1927300,50
2026-08-10T02:41:53Z,43492,1499900,1500000,514
2026-08-10T02:41:53Z,43501,52700,180000,686
2026-08-10T02:41:53Z,43519,1500007600,1500007600,1
2026-08-10T02:41:53Z,43520,990000100,990000100,1
2026-08-10T02:41:53Z,43521,1000000,1000000,5
2026-08-10T02:41:53Z,43522,990006700,990006700,2
2026-08-10T02:41:53Z,43530,9500000000,9500000000,1
2026-08-10T02:41:53Z,43533,250000200,250000200,1
2026-08-10T02:41:53Z,43534,1500007600,1500007600,1
2026-08-10T02:41:53Z,43535,538500,539800,161
2026-08-10T02:41:53Z,43536,1500000200,1500000200,1
2026-08-10T02:41:53Z,43537,1500000200,1500000200,1
2026-08-10T02:41:53Z,43539,1500000200,1500000200,1
2026-08-10T02:41:53Z,43541,1500007600,1500007600,1
2026-08-10T02:41:53Z,43542,250007600,250007600,1
2026-08-10T02:41:53Z,43543,1500000200,1500000200,1
2026-08-10T02:41:53Z,43544,1500000200,1500000200,1
2026-08-10T02:41:53Z,43546,250000200,250000200,1
2026-08-10T02:41:53Z,43547,1500000200,1500000200,1
2026-08-10T02:41:53Z,43548,1500000200,1500000200,1
2026-08-10T02:41:53Z,43549,1500000200,1500000200,1
2026-08-10T02:41:53Z,43550,1500007600,1500007600,1
2026-08-10T02:41:53Z,43551,90000,99500,883
2026-08-10T02:41:53Z,43552,99990200,99990200,8
2026-08-10T02:41:53Z,43553,1500000100,1500000100,1
2026-08-10T02:41:53Z,43554,250000200,250000200,1
2026-08-10T02:41:53Z,43557,450000,450000,88
2026-08-10T02:41:53Z,43571,1700,1700,868
2026-08-10T02:41:53Z,43572,2000,2000,1180
2026-08-10T02:41:53Z,43574,49009800,49009800,20
2026-08-10T02:41:53Z,43576,1500002700,1500002700,1
2026-08-10T02:41:53Z,43645,49000100,49000100,20
2026-08-10T02:41:53Z,43646,200,200,759
2026-08-10T02:41:53Z,43647,9600,9600,410
2026-08-10T02:41:53Z,43652,93900,93900,690
2026-08-10T02:41:53Z,43653,1500100,49000100,22
2026-08-10T02:41:53Z,43658,4999900,4999900,42
2026-08-10T02:41:53Z,43671,1500000200,1500000200,1
2026-08-10T02:41:53Z,43672,1500000200,1500000200,1
2026-08-10T02:41:53Z,43673,250000200,250000200,1
2026-08-10T02:41:53Z,43694,12000100,49000100,21
2026-08-10T02:41:53Z,43695,49000,49000,92
2026-08-10T02:41:53Z,43696,1800,1900,105
2026-08-10T02:41:53Z,43725,1500000200,1500000200,1
2026-08-10T02:41:53Z,43825,1500007600,1500007600,1
2026-08-10T02:41:53Z,43826,1500000200,1500000200,1
2026-08-10T02:41:53Z,43827,1500007600,1500007600,1
2026-08-10T02:41:53Z,43850,662400,662400,36
2026-08-10T02:41:53Z,43851,1500,2000,342
2026-08-10T02:41:53Z,43852,150000,500000,357
2026-08-10T02:41:53Z,43853,23000,23500,1664
2026-08-10T02:41:53Z,43854,13900,13900,276
2026-08-10T02:41:53Z,43867,1500007600,1500007600,1
2026-08-10T02:41:53Z,43868,250007600,250007600,1
2026-08-10T02:41:53Z,43869,1500000200,1500000200,1
2026-08-10T02:41:53Z,43987,1490000,1499700,73
2026-08-10T02:41:53Z,44066,8992700,8992700,7
2026-08-10T02:41:53Z,44076,199006900,199006900,6
2026-08-10T02:41:53Z,44078,80005800,80005800,20
2026-08-10T02:41:53Z,44081,49901400,49901400,9
2026-08-10T02:41:53Z,44082,16283300,16283300,33
2026-08-10T02:41:53Z,44084,10004800,19974800,10
2026-08-10T02:41:53Z,44087,39990900,39990900,5
2026-08-10T02:41:53Z,44088,4442100,4442100,7
2026-08-10T02:41:53Z,44089,990000,990000,15
2026-08-10T02:41:53Z,44128,719700,719800,2424
2026-08-10T02:41:53Z,44143,94000,94400,299
2026-08-10T02:41:53Z,44144,106500,120000,317
2026-08-10T02:41:53Z,44145,125500,140000,494
2026-08-10T02:41:53Z,44146,111100,112400,279
2026-08-10T02:41:53Z,44147,413400,460000,420
2026-08-10T02:41:53Z,44154,531000,589900,270
2026-08-10T02:41:53Z,44155,149800,149800,372
2026-08-10T02:41:53Z,44156,138900,140000,383
2026-08-10T02:41:53Z,44157,109000,130000,274
2026-08-10T02:41:53Z,44165,262500,333000,270
2026-08-10T02:41:53Z,44206,49003000,49003000,20
2026-08-10T02:41:53Z,44207,49003800,49003800,16
2026-08-10T02:41:53Z,44208,48000000,49000000,23
2026-08-10T02:41:53Z,44260,10000000,39907500,22
2026-08-10T02:41:53Z,44261,7152800,7152800,36
2026-08-10T02:41:53Z,44262,21005100,21005100,38
2026-08-10T02:41:53Z,44263,17812500,17812500,38
2026-08-10T02:41:53Z,44264,45000000,45000000,15
2026-08-10T02:41:53Z,44265,7500000,7500000,36
2026-08-10T02:41:53Z,44266,37002500,37002500,21
2026-08-10T02:41:53Z,44267,35625000,35625000,24
2026-08-10T02:41:53Z,44268,6497100,6497100,17
2026-08-10T02:41:53Z,44269,7384900,7384900,17
2026-08-10T02:41:53Z,44270,12002500,49907700,7
2026-08-10T02:41:53Z,44271,9207200,9207200,25
2026-08-10T02:41:53Z,44272,6599600,6599600,20
2026-08-10T02:41:53Z,44273,14798000,14798000,27
2026-08-10T02:41:53Z,44274,37803900,37803900,23
2026-08-10T02:41:53Z,44275,22798600,22798600,17
2026-08-10T02:41:53Z,44277,10228900,10228900,30
2026-08-10T02:41:53Z,44278,4900000,4900000,33
2026-08-10T02:41:53Z,44279,9704300,9704400,22
2026-08-10T02:41:53Z,44280,15329500,15329500,29
2026-08-10T02:41:53Z,44281,6297300,6297300,29
2026-08-10T02:41:53Z,44282,39800000,39900000,40
2026-08-10T02:41:53Z,44284,32419400,32419400,19
2026-08-10T02:41:53Z,44285,39900000,39900000,42
2026-08-10T02:41:53Z,44286,2004900,2005000,59
2026-08-10T02:41:53Z,44287,4322300,4322300,35
2026-08-10T02:41:53Z,44288,3005300,7575300,16
2026-08-10T02:41:53Z,44289,38009900,38009900,43
2026-08-10T02:41:53Z,44290,30000900,30000900,25
2026-08-10T02:41:53Z,44291,19900200,19900200,21
2026-08-10T02:41:53Z,44292,4200000,4200000,105
2026-08-10T02:41:53Z,44293,2203200,2203200,24
2026-08-10T02:41:53Z,44314,2500,2500,134
2026-08-10T02:41:53Z,44315,19800,19900,85
2026-08-10T02:41:53Z,44325,9986100,9986100,29
2026-08-10T02:41:53Z,44327,29700,30000,48
2026-08-10T02:41:53Z,44328,8500,8500,41
2026-08-10T02:41:53Z,44329,91900,91900,147
2026-08-10T02:41:53Z,44330,42500,42900,42
2026-08-10T02:41:53Z,44331,50600,50600,73
2026-08-10T02:41:53Z,44332,5000,5000,57
2026-08-10T02:41:53Z,44449,9600,17500,44
2026-08-10T02:41:53Z,44453,35500,35500,59
2026-08-10T02:41:53Z,44455,55400,90000,55
2026-08-10T02:41:53Z,44456,16400,16400,42
2026-08-10T02:41:53Z,44457,229400,229400,86
2026-08-10T02:41:53Z,44458,1200,1300,217
2026-08-10T02:41:53Z,44463,621800,621800,111
2026-08-10T02:41:53Z,44464,29009900,29009900,4
2026-08-10T02:41:53Z,44465,449600,449600,80
2026-08-10T02:41:53Z,44466,852500,853100,77
2026-08-10T02:41:53Z,44467,1497100,1497100,67
2026-08-10T02:41:53Z,44468,290000200,290000200,1
2026-08-10T02:41:53Z,44469,903400,903500,49
2026-08-10T02:41:53Z,44470,295800,336600,44
2026-08-10T02:41:53Z,44481,24700,25500,169
2026-08-10T02:41:53Z,44482,800,800,217
2026-08-10T02:41:53Z,44493,710400,9904900,23
2026-08-10T02:41:53Z,44497,2224300,2224300,96
2026-08-10T02:41:53Z,44499,45000000,45000000,23
2026-08-10T02:41:53Z,44500,18900000,18909900,104
2026-08-10T02:41:53Z,44501,12499900,12499900,508
2026-08-10T02:41:53Z,44570,59600,59600,66
2026-08-10T02:41:53Z,44571,20100,20100,90
2026-08-10T02:41:53Z,44573,29900,29900,107
2026-08-10T02:41:53Z,44574,29400,29900,108
2026-08-10T02:41:53Z,44575,26000,26000,98
2026-08-10T02:41:53Z,44599,800,800,165
2026-08-10T02:41:53Z,44601,900,900,175
2026-08-10T02:41:53Z,44605,49001900,49001900,20
2026-08-10T02:41:53Z,44607,9900000,9900000,29
2026-08-10T02:41:53Z,44608,9989700,9989700,25
2026-08-10T02:41:53Z,44609,59800,9989800,21
2026-08-10T02:41:53Z,44614,290002700,290002700,1
2026-08-10T02:41:53Z,44615,49000000,49000000,53
2026-08-10T02:41:53Z,44616,442200,442200,58
2026-08-10T02:41:53Z,44617,40000,40000,58
2026-08-10T02:41:53Z,44618,22700,22700,83
2026-08-10T02:41:53Z,44619,750000,750000,67
2026-08-10T02:41:53Z,44684,250007600,250007600,1
2026-08-10T02:41:53Z,44699,9500000100,9500000100,1
2026-08-10T02:41:53Z,44716,3338200,3338200,56
2026-08-10T02:41:53Z,44722,99700,99900,102
2026-08-10T02:41:53Z,44729,49008800,49008800,16
2026-08-10T02:41:53Z,44739,37200,37200,184
2026-08-10T02:41:53Z,44749,30000,31100,101
2026-08-10T02:41:53Z,44750,9987300,9987300,32
2026-08-10T02:41:53Z,44752,1000000,1003000,48
2026-08-10T02:41:53Z,44753,10003800,49003800,23
2026-08-10T02:41:53Z,44754,49000000,49000000,24
2026-08-10T02:41:53Z,44755,299900,299900,29
2026-08-10T02:41:53Z,44756,18800,18900,31
2026-08-10T02:41:53Z,44757,30007700,37007700,28
2026-08-10T02:41:53Z,44758,101100,101100,508
2026-08-10T02:41:53Z,44759,505400,505400,94
2026-08-10T02:41:53Z,44760,1490000,9800000,104
2026-08-10T02:41:53Z,44761,49001600,49001600,20
2026-08-10T02:41:53Z,44762,49002400,49002400,20
2026-08-10T02:41:53Z,44763,9002700,49002700,22
2026-08-10T02:41:53Z,44764,40329500,40329500,25
2026-08-10T02:41:53Z,44765,49003300,49003300,15
2026-08-10T02:41:53Z,44766,19902400,19902400,61
2026-08-10T02:41:53Z,44767,290002700,290002700,6
2026-08-10T02:41:53Z,44768,3000000,3000000,34
2026-08-10T02:41:53Z,44769,27037000,49003800,21
2026-08-10T02:41:53Z,44770,41200,49001200,21
2026-08-10T02:41:53Z,44771,7800,9907900,107
2026-08-10T02:41:53Z,44772,3333300,3333300,42
2026-08-10T02:41:53Z,44773,500000,500000,24
2026-08-10T02:41:53Z,44774,49003000,49003000,20
2026-08-10T02:41:53Z,44775,49003800,49003800,20
2026-08-10T02:41:53Z,44776,49002400,49002400,20
2026-08-10T02:41:53Z,44777,49003300,49003300,15
2026-08-10T02:41:53Z,44778,49007500,49007500,20
2026-08-10T02:41:53Z,44779,49002400,49002400,20
2026-08-10T02:41:53Z,44780,19903000,19903000,789
2026-08-10T02:41:53Z,44781,45009900,45009900,185
2026-08-10T02:41:53Z,44782,49002400,49002400,19
2026-08-10T02:41:53Z,44783,290002700,290002700,1
2026-08-10T02:41:53Z,44815,153900,153900,58
2026-08-10T02:41:53Z,44920,250000200,250000200,1
2026-08-10T02:41:53Z,44922,88600,88600,1734
2026-08-10T02:41:53Z,44923,1500000200,1500000200,1
2026-08-10T02:41:53Z,44928,250007600,250007600,1
2026-08-10T02:41:53Z,44936,39868300,39868300,53
2026-08-10T02:41:53Z,44940,800,800,514
2026-08-10T02:41:53Z,44941,500,500,772
2026-08-10T02:41:53Z,44947,69100,69100,63
2026-08-10T02:41:53Z,44953,33300,33300,54
2026-08-10T02:41:53Z,44955,1500000200,1500000200,1
2026-08-10T02:41:53Z,44958,339000,342500,2631
2026-08-10T02:41:53Z,44963,900000,900000,30
2026-08-10T02:41:53Z,45056,1229100,1229100,140
2026-08-10T02:41:53Z,45060,67200,103800,56
2026-08-10T02:41:53Z,45087,1800,2100,10561
2026-08-10T02:41:53Z,45188,2400,2500,24
2026-08-10T02:41:53Z,45189,12900,12900,31
2026-08-10T02:41:53Z,45190,43800,43900,156
2026-08-10T02:41:53Z,45191,9800,20000,27
2026-08-10T02:41:53Z,45194,7500,11000,185
2026-08-10T02:41:53Z,45195,22000,22000,28
2026-08-10T02:41:53Z,45196,1100,1100,170
2026-08-10T02:41:53Z,45197,29900,59900,258
2026-08-10T02:41:53Z,45198,4700,4800,203
2026-08-10T02:41:53Z,45199,1900200,4999900,27
2026-08-10T02:41:53Z,45200,900,900,160
2026-08-10T02:41:53Z,45201,2152000,2152000,393
2026-08-10T02:41:53Z,45202,40000100,49000100,22
2026-08-10T02:41:53Z,45601,1500000200,1500000200,1
2026-08-10T02:41:53Z,45602,250000200,250000200,1
2026-08-10T02:41:53Z,45603,1500007600,1500007600,1
2026-08-10T02:41:53Z,45604,1500000200,1500000200,1
2026-08-10T02:41:53Z,45621,900,900,91
2026-08-10T02:41:53Z,45622,1500000200,1500000200,1
2026-08-10T02:41:53Z,45623,1500000200,1500000200,1
2026-08-10T02:41:53Z,45625,1500007600,1500007600,1
2026-08-10T02:41:53Z,45628,280000,280000,65
2026-08-10T02:41:53Z,45732,1500000200,1500000200,1
2026-08-10T02:41:53Z,45737,1500007600,1500007600,1
2026-08-10T02:41:53Z,45738,1500000200,1500000200,1
2026-08-10T02:41:53Z,45739,1500007600,1500007600,1
2026-08-10T02:41:53Z,45740,1500000200,1500000200,1
2026-08-10T02:41:53Z,45741,1500000200,1500000200,1
2026-08-10T02:41:53Z,45742,1500007600,1500007600,1
2026-08-10T02:41:53Z,45743,250007600,250007600,1
2026-08-10T02:41:53Z,45744,1500007600,1500007600,1
2026-08-10T02:41:53Z,45745,1500007600,1500007600,1
2026-08-10T02:41:53Z,45746,1500007600,1500007600,1
2026-08-10T02:41:53Z,45753,250007600,250007600,1
2026-08-10T02:41:53Z,45755,1500000200,1500000200,1
2026-08-10T02:41:53Z,45756,1500007600,1500007600,1
2026-08-10T02:41:53Z,45757,250000200,250000200,1
2026-08-10T02:41:53Z,45758,1500000200,1500000200,1
2026-08-10T02:41:53Z,45760,250000200,250000200,2
2026-08-10T02:41:53Z,45761,250000200,250000200,1
2026-08-10T02:41:53Z,45767,1500007600,1500007600,1
2026-08-10T02:41:53Z,45768,290800,290900,154
2026-08-10T02:41:53Z,45769,250000200,250000200,1
2026-08-10T02:41:53Z,45771,1500000200,1500000200,1
2026-08-10T02:41:53Z,45775,1000000200,1000000200,2
2026-08-10T02:41:53Z,45776,1500000200,1500000200,1
2026-08-10T02:41:53Z,45777,1500007600,1500007600,1
2026-08-10T02:41:53Z,45780,1500007600,1500007600,1
2026-08-10T02:41:53Z,45781,1500007600,1500007600,1
2026-08-10T02:41:53Z,45782,250000200,250000200,1
2026-08-10T02:41:53Z,45783,250000200,250000200,1
2026-08-10T02:41:53Z,45785,250000200,250000200,1
2026-08-10T02:41:53Z,45789,500000,619500,156
2026-08-10T02:41:53Z,45790,1500000200,1500000200,1
2026-08-10T02:41:53Z,45792,1500000200,1500000200,1
2026-08-10T02:41:53Z,45793,1500000200,1500000200,1
2026-08-10T02:41:53Z,45794,250000200,250000200,1
2026-08-10T02:41:53Z,45795,250000200,250000200,1
2026-08-10T02:41:53Z,45799,1500000200,1500000200,1
2026-08-10T02:41:53Z,45800,1500000200,1500000200,1
2026-08-10T02:41:53Z,45804,1500000200,1500000200,1
2026-08-10T02:41:53Z,45805,1500007600,1500007600,1
2026-08-10T02:41:53Z,45806,1500000200,1500000200,1
2026-08-10T02:41:53Z,45862,149900000,149900000,6
2026-08-10T02:41:53Z,45879,99997900,99997900,3
2026-08-10T02:41:53Z,45880,9959300,9959300,18
2026-08-10T02:41:53Z,45881,125009600,125009600,3
2026-08-10T02:41:53Z,45882,250000000,250000000,1
2026-08-10T02:41:53Z,45883,11110100,11110100,6
2026-08-10T02:41:53Z,45901,9900000,9900000,21
2026-08-10T02:41:53Z,45907,40100,49000100,21
2026-08-10T02:41:53Z,45909,1560300,1575900,39
2026-08-10T02:41:53Z,45912,8000000,8000000,41
2026-08-10T02:41:53Z,45932,99900,410900,65
2026-08-10T02:41:53Z,45978,12252500,12252500,28
2026-08-10T02:41:53Z,45979,4400000,4400000,3
2026-08-10T02:41:53Z,45980,290005100,290005100,2
2026-08-10T02:41:53Z,45981,199995100,199995100,2
2026-08-10T02:41:53Z,45987,197921400,197921400,2
2026-08-10T02:41:53Z,45999,54500,54500,35
2026-08-10T02:41:53Z,46000,39900,150100,28
2026-08-10T02:41:53Z,46001,49007700,49007700,20
2026-08-10T02:41:53Z,46002,150100,49000100,21
2026-08-10T02:41:53Z,46003,150100,49000100,23
2026-08-10T02:41:53Z,46023,506500,3906500,223
2026-08-10T02:41:53Z,46026,6411300,6411400,20
2026-08-10T02:41:53Z,46098,1189500,1189500,43
2026-08-10T02:41:53Z,46361,49900,49002200,22
2026-08-10T02:41:53Z,46368,1500006400,1500006400,1
2026-08-10T02:41:53Z,46372,1500007600,1500007600,1
2026-08-10T02:41:53Z,46376,40000,40000,165
2026-08-10T02:41:53Z,46377,24500,25200,203
2026-08-10T02:41:53Z,46378,30000,30000,124
2026-08-10T02:41:53Z,46379,17800,17800,203
2026-08-10T02:41:53Z,46390,49000100,49000100,20
2026-08-10T02:41:53Z,46391,49000100,49000100,23
2026-08-10T02:41:53Z,46703,49000100,49000100,20
2026-08-10T02:41:53Z,46849,3750000,4300000,2356
2026-08-10T02:41:53Z,47556,12200,68700,17059
2026-08-10T02:41:53Z,47831,499900,9909900,75
2026-08-10T02:41:53Z,48720,250007600,250007600,1
2026-08-10T02:41:53Z,49084,350200,350300,315
2026-08-10T02:41:53Z,49100,49000100,49000100,20
2026-08-10T02:41:53Z,49110,11439800,11439800,67
2026-08-10T02:41:53Z,49209,290000100,290000100,1
2026-08-10T02:41:53Z,49253,9786400,9786400,25
2026-08-10T02:41:53Z,49254,9883000,9883000,25
2026-08-10T02:41:53Z,49300,2220100,2220100,24
2026-08-10T02:41:53Z,49397,55000,59800,56
2026-08-10T02:41:53Z,49600,9860000,9860000,29
2026-08-10T02:41:53Z,49601,9864900,9864900,25
2026-08-10T02:41:53Z,49602,9903300,9903300,25
2026-08-10T02:41:53Z,49619,49000100,49000100,21
2026-08-10T02:41:53Z,49624,49001100,49001100,20
2026-08-10T02:41:53Z,49625,49000100,49000100,20
2026-08-10T02:41:53Z,49626,49000000,49000000,25
2026-08-10T02:41:53Z,49627,290000100,290000100,1
2026-08-10T02:41:53Z,49632,5999900,5999900,25
2026-08-10T02:41:53Z,49884,440000,499900,48
2026-08-10T02:41:53Z,49908,94500,110100,4967
2026-08-10T02:41:53Z,50045,1500000200,1500000200,1
2026-08-10T02:41:53Z,50077,6660200,6660200,2
2026-08-10T02:41:53Z,50125,1500007600,1500007600,1
2026-08-10T02:41:53Z,50438,1500100,1500100,25
2026-08-10T02:41:53Z,50816,999900,999900,15
2026-08-10T02:41:53Z,51950,189900,189900,15602
2026-08-10T02:41:53Z,52020,9990100,9990100,1020
2026-08-10T02:41:53Z,52021,49000100,49000100,20
2026-08-10T02:41:53Z,52074,9900,10000,28
2026-08-10T02:41:53Z,52078,23400,223300,26102
2026-08-10T02:41:53Z,52081,100000,100000,38
2026-08-10T02:41:53Z,52082,40000,261500,39
2026-08-10T02:41:53Z,52083,300000,300000,52
2026-08-10T02:41:53Z,52084,155200,155200,42
2026-08-10T02:41:53Z,52085,201800,201900,35
2026-08-10T02:41:53Z,52086,100000,100000,178
2026-08-10T02:41:53Z,52087,150000,150000,70
2026-08-10T02:41:53Z,52088,289100,289200,59
2026-08-10T02:41:53Z,52089,38700,38700,34
2026-08-10T02:41:53Z,52090,256500,256500,45
2026-08-10T02:41:53Z,52091,189200,189300,30
2026-08-10T02:41:53Z,52093,112300,112300,148
2026-08-10T02:41:53Z,52094,70000,70000,82
2026-08-10T02:41:53Z,52095,262300,262300,29
2026-08-10T02:41:53Z,52096,207500,207600,36
2026-08-10T02:41:53Z,52097,333900,333900,53
2026-08-10T02:41:53Z,52098,252000,252000,101
2026-08-10T02:41:53Z,52099,333800,333800,37
2026-08-10T02:41:53Z,52100,333900,333900,35
2026-08-10T02:41:53Z,52101,120000,120000,62
2026-08-10T02:41:53Z,52102,262300,262300,39
2026-08-10T02:41:53Z,52103,333800,333800,47
2026-08-10T02:41:53Z,52104,150000,150000,36
2026-08-10T02:41:53Z,52105,38000,38300,25
2026-08-10T02:41:53Z,52106,333400,333400,59
2026-08-10T02:41:53Z,52108,333500,333500,51
2026-08-10T02:41:53Z,52109,333500,333500,44
2026-08-10T02:41:53Z,52110,333500,333500,58
2026-08-10T02:41:53Z,52111,300000,333500,54
2026-08-10T02:41:53Z,52112,333500,333500,40
2026-08-10T02:41:53Z,52113,275700,275700,125
2026-08-10T02:41:53Z,52114,54900,54900,35
2026-08-10T02:41:53Z,52115,333800,700000,131
2026-08-10T02:41:53Z,52116,273500,273500,71
2026-08-10T02:41:53Z,52117,499600,499700,38
2026-08-10T02:41:53Z,52118,199500,247300,33
2026-08-10T02:41:53Z,52119,109700,220200,37
2026-08-10T02:41:53Z,52120,288000,288000,140
2026-08-10T02:41:53Z,52121,9800,9800,64
2026-08-10T02:41:53Z,52122,387300,387300,53
2026-08-10T02:41:53Z,52123,293800,293800,38
2026-08-10T02:41:53Z,52124,251000,251000,43
2026-08-10T02:41:53Z,52125,297200,298800,34
2026-08-10T02:41:53Z,52126,16300,16300,42
2026-08-10T02:41:53Z,52127,453000,453000,36
2026-08-10T02:41:53Z,52128,129900,129900,38
2026-08-10T02:41:53Z,52129,1400000,1400000,26
2026-08-10T02:41:53Z,52130,9999900,9999900,20
2026-08-10T02:41:53Z,52131,1000000,9905200,24
2026-08-10T02:41:53Z,52132,9999100,9999100,20
2026-08-10T02:41:53Z,52133,39995400,39995400,6
2026-08-10T02:41:53Z,52134,330700,3000000,15
2026-08-10T02:41:53Z,52135,1517200,7525600,22
2026-08-10T02:41:53Z,52136,990000000,990000000,2
2026-08-10T02:41:53Z,52137,4940100,4990000,29
2026-08-10T02:41:53Z,52138,39999800,39999800,7
2026-08-10T02:41:53Z,52139,19998600,19998600,11
2026-08-10T02:41:53Z,52140,9980000,9980000,24
2026-08-10T02:41:53Z,52141,3549200,3549300,14
2026-08-10T02:41:53Z,52142,990000,9900000,24
2026-08-10T02:41:53Z,52143,9881000,9881000,21
2026-08-10T02:41:53Z,52144,1490000,1500000,27
2026-08-10T02:41:53Z,52145,39900800,39900800,9
2026-08-10T02:41:53Z,52146,3000000,3744200,28
2026-08-10T02:41:53Z,52147,18750000,18750000,10
2026-08-10T02:41:53Z,52148,2002400,4462400,21
2026-08-10T02:41:53Z,52149,9998100,9998100,26
2026-08-10T02:41:53Z,52151,16780900,16780900,15
2026-08-10T02:41:53Z,52152,250000,250000,26
2026-08-10T02:41:53Z,52153,2400000,2400000,31
2026-08-10T02:41:53Z,52154,39900000,39900000,13
2026-08-10T02:41:53Z,52155,1500000,1500000,26
2026-08-10T02:41:53Z,52156,1000000,1000000,17
2026-08-10T02:41:53Z,52157,19990500,19990500,13
2026-08-10T02:41:53Z,52158,19998800,19998900,11
2026-08-10T02:41:53Z,52159,250000100,250000100,2
2026-08-10T02:41:53Z,52160,39909500,39909500,22
2026-08-10T02:41:53Z,52161,10000000,10000000,18
2026-08-10T02:41:53Z,52162,9993500,9993500,22
2026-08-10T02:41:53Z,52163,250000,250000,27
2026-08-10T02:41:53Z,52164,9990000,9990000,23
2026-08-10T02:41:53Z,52166,9902900,9902900,22
2026-08-10T02:41:53Z,52167,4990000,19500000,12
2026-08-10T02:41:53Z,52168,1480000,1484900,26
2026-08-10T02:41:53Z,52169,4990000,9967600,21
2026-08-10T02:41:53Z,52170,950000,950000,35
2026-08-10T02:41:53Z,52171,199700900,199700900,2
2026-08-10T02:41:53Z,52172,9990000,9990000,22
2026-08-10T02:41:53Z,52173,2500000,2500000,32
2026-08-10T02:41:53Z,52174,4750000,4750000,18
2026-08-10T02:41:53Z,52175,754500,9995000,23
2026-08-10T02:41:53Z,52176,1485000,9997500,24
2026-08-10T02:41:53Z,52177,193100,193100,242
2026-08-10T02:41:53Z,52178,218700,218800,150
2026-08-10T02:41:53Z,52179,209800,210000,4887
2026-08-10T02:41:53Z,52180,200000,210000,451
2026-08-10T02:41:53Z,52181,209000,210000,886
2026-08-10T02:41:53Z,52182,198800,199000,372
2026-08-10T02:41:53Z,52183,80000,99900,15339
2026-08-10T02:41:53Z,52185,50000,59000,76023
2026-08-10T02:41:53Z,52186,137900,139000,24346
2026-08-10T02:41:53Z,52188,10000,10000,3209
2026-08-10T02:41:53Z,52190,470000,470000,261
2026-08-10T02:41:53Z,52191,569900,590000,420
2026-08-10T02:41:53Z,52192,280000,419700,179
2026-08-10T02:41:53Z,52193,800000,850000,172
2026-08-10T02:41:53Z,52194,369900,410000,584
2026-08-10T02:41:53Z,52195,369900,400000,860
2026-08-10T02:41:53Z,52196,7259200,7259400,608
2026-08-10T02:41:53Z,52203,1167400,1167400,45
2026-08-10T02:41:53Z,52204,5000000,9900000,39
2026-08-10T02:41:53Z,52205,1500000,9900000,57
2026-08-10T02:41:53Z,52206,2425000,2425000,50
2026-08-10T02:41:53Z,52207,810000,810000,48
2026-08-10T02:41:53Z,52208,100000,100000,45
2026-08-10T02:41:53Z,52209,9990000,9990000,32
2026-08-10T02:41:53Z,52210,990000,9990900,22
2026-08-10T02:41:53Z,52211,1714800,9990000,37
2026-08-10T02:41:53Z,52212,821200,821200,49
2026-08-10T02:41:53Z,52213,870000,870000,58
2026-08-10T02:41:53Z,52214,9490400,9490400,47
2026-08-10T02:41:53Z,52215,2931100,2931100,26
2026-08-10T02:41:53Z,52216,3289800,3289800,28
2026-08-10T02:41:53Z,52217,460000,597300,38
2026-08-10T02:41:53Z,52218,3000000,3000000,26
2026-08-10T02:41:53Z,52219,598400,599200,73
2026-08-10T02:41:53Z,52220,597300,597300,44
2026-08-10T02:41:53Z,52221,3000000,3000000,28
2026-08-10T02:41:53Z,52222,9529900,9529900,47
2026-08-10T02:41:53Z,52223,2870000,2870000,26
2026-08-10T02:41:53Z,52224,9899900,9899900,37
2026-08-10T02:41:53Z,52225,999900,999900,55
2026-08-10T02:41:53Z,52226,100000,100000,45
2026-08-10T02:41:53Z,52227,9901800,9901800,21
2026-08-10T02:41:53Z,52228,54800,54800,70
2026-08-10T02:41:53Z,52229,9991700,9991700,21
2026-08-10T02:41:53Z,52230,4545400,9904200,47
2026-08-10T02:41:53Z,52231,3000000,3000000,51
2026-08-10T02:41:53Z,52232,2250000,2250000,57
2026-08-10T02:41:53Z,52233,1000000,1000000,32
2026-08-10T02:41:53Z,52234,3000000,3000000,25
2026-08-10T02:41:53Z,52235,42800,102800,56
2026-08-10T02:41:53Z,52236,89700,460000,53
2026-08-10T02:41:53Z,52237,1730100,9980000,36
2026-08-10T02:41:53Z,52238,487100,493200,28
2026-08-10T02:41:53Z,52239,9997900,9997900,31
2026-08-10T02:41:53Z,52240,9989900,9989900,35
2026-08-10T02:41:53Z,52241,996500,9793000,56
2026-08-10T02:41:53Z,52242,9480000,9480000,127
2026-08-10T02:41:53Z,52243,1550000,1550000,25
2026-08-10T02:41:53Z,52244,50000,50000,41
2026-08-10T02:41:53Z,52245,2286100,2286100,31
2026-08-10T02:41:53Z,52246,995100,9933900,36
2026-08-10T02:41:53Z,52247,9879800,9879800,31
2026-08-10T02:41:53Z,52248,501700,501700,25
2026-08-10T02:41:53Z,52249,9418100,9705500,21
2026-08-10T02:41:53Z,52250,502600,502600,44
2026-08-10T02:41:53Z,52289,9990000,12487300,19
2026-08-10T02:41:53Z,52291,7778000,7778000,50
2026-08-10T02:41:53Z,52292,9988700,9988700,77
2026-08-10T02:41:53Z,52293,4993800,9986500,22
2026-08-10T02:41:53Z,52294,502500,4096700,24
2026-08-10T02:41:53Z,52295,4683800,4683800,45
2026-08-10T02:41:53Z,52296,2134400,2475800,95
2026-08-10T02:41:53Z,52297,9980000,9980000,43
2026-08-10T02:41:53Z,52298,4506000,4506000,16
2026-08-10T02:41:53Z,52299,4998600,4998600,35
2026-08-10T02:41:53Z,52300,9989300,9989300,23
2026-08-10T02:41:53Z,52301,9078300,9078300,50
2026-08-10T02:41:53Z,52302,9897700,9897700,27
2026-08-10T02:41:53Z,52303,2200000,2200000,430
2026-08-10T02:41:53Z,52325,125000,840000,11754
2026-08-10T02:41:53Z,52326,320000,400000,19664
2026-08-10T02:41:53Z,52327,31500,46100,94027
2026-08-10T02:41:53Z,52328,110000,145800,83587
2026-08-10T02:41:53Z,52329,59200,64900,39125
2026-08-10T02:41:53Z,52338,29001800,290001800,19
2026-08-10T02:41:53Z,52339,990000100,990000100,1
2026-08-10T02:41:53Z,52340,1490000,1490000,92
2026-08-10T02:41:53Z,52555,161100,169400,17753
2026-08-10T02:41:53Z,52575,290000000,290000000,4
2026-08-10T02:41:53Z,52687,240000,240000,50
2026-08-10T02:41:53Z,52718,48400,49900,2352
2026-08-10T02:41:53Z,52719,154900,191600,13783
2026-08-10T02:41:53Z,52720,12100,14500,411
2026-08-10T02:41:53Z,52721,27100,29700,42235
2026-08-10T02:41:53Z,52722,42200,44400,64382
2026-08-10T02:41:53Z,52743,49800,49800,105
2026-08-10T02:41:53Z,52744,4000,4000,73
2026-08-10T02:41:53Z,52745,47500,47500,62
2026-08-10T02:41:53Z,52746,385600,385700,49
2026-08-10T02:41:53Z,52747,2400000,2400000,47
2026-08-10T02:41:53Z,52748,1671700,1671700,74
2026-08-10T02:41:53Z,52749,80000,90000,140
2026-08-10T02:41:53Z,52750,250000,250000,81
2026-08-10T02:41:53Z,52751,30000,30000,41
2026-08-10T02:41:53Z,52752,40000,964200,35
2026-08-10T02:41:53Z,52753,9900,10000,117
2026-08-10T02:41:53Z,52754,80000,80000,57
2026-08-10T02:41:53Z,52755,469900,470000,60
2026-08-10T02:41:53Z,52756,45000,90000,61
2026-08-10T02:41:53Z,52757,20000,20000,131
2026-08-10T02:41:53Z,52758,9000,9000,87
2026-08-10T02:41:53Z,52759,40000,235500,74
2026-08-10T02:41:53Z,52760,89600,89600,51
2026-08-10T02:41:53Z,52761,1996100,2003600,78
2026-08-10T02:41:53Z,52762,20000,20000,91
2026-08-10T02:41:53Z,52763,14800,14800,68
2026-08-10T02:41:53Z,52764,9900,10000,71
2026-08-10T02:41:53Z,52765,57800,2330300,51
2026-08-10T02:41:53Z,52766,9500,9500,79
2026-08-10T02:41:53Z,52767,15900,15900,58
2026-08-10T02:41:53Z,52768,25000,30000,59
2026-08-10T02:41:53Z,52769,225100,225100,59
2026-08-10T02:41:53Z,52770,739900,739900,73
2026-08-10T02:41:53Z,52771,64500,64500,70
2026-08-10T02:41:53Z,52772,1234800,1234800,137
2026-08-10T02:41:53Z,52773,498500,503500,58
2026-08-10T02:41:53Z,52774,3433200,3433400,62
2026-08-10T02:41:53Z,52775,1894800,1894800,71
2026-08-10T02:41:53Z,52776,3007000,3007000,61
2026-08-10T02:41:53Z,52777,318900,318900,49
2026-08-10T02:41:53Z,52778,3451500,3451500,60
2026-08-10T02:41:53Z,52779,553000,553000,52
2026-08-10T02:41:53Z,52780,2006000,2006000,59
2026-08-10T02:41:53Z,52781,2416700,2416800,46
2026-08-10T02:41:53Z,52782,2245700,2245700,100
2026-08-10T02:41:53Z,52783,2009700,2281700,45
2026-08-10T02:41:53Z,52784,5000600,5000600,71
2026-08-10T02:41:53Z,52785,3402200,3402200,67
2026-08-10T02:41:53Z,52843,2990000,4500000,1032
2026-08-10T02:41:53Z,52976,53100,65500,23077
2026-08-10T02:41:53Z,52977,118000,118000,2122
2026-08-10T02:41:53Z,52979,204000,204000,493
2026-08-10T02:41:53Z,52980,2999900,2999900,779
2026-08-10T02:41:53Z,52982,398000,439800,2788
2026-08-10T02:41:53Z,52983,94800,94800,13614
2026-08-10T02:41:53Z,52984,26200,45000,41393
2026-08-10T02:41:53Z,52985,66100,66100,60138
2026-08-10T02:41:53Z,52986,140000,141000,22260
2026-08-10T02:41:53Z,52987,34000,34000,3317
2026-08-10T02:41:53Z,52988,20900,21100,252487
2026-08-10T02:41:53Z,53010,18100,19700,63276
2026-08-10T02:41:53Z,53038,66500,76700,4310
2026-08-10T02:41:53Z,53039,1354900,1354900,5349
2026-08-10T02:41:53Z,53049,17300,17400,298
2026-08-10T02:41:53Z,53050,7800,7800,561
2026-08-10T02:41:53Z,53051,19900,22600,1903
2026-08-10T02:41:53Z,53062,10500,10700,1947
2026-08-10T02:41:53Z,53063,19500,24100,5954
2026-08-10T02:41:53Z,53064,10000,12000,4923
2026-08-10T02:41:53Z,53065,300000,354300,1390
2026-08-10T02:41:53Z,53066,3800,4100,8135
2026-08-10T02:41:53Z,53067,80000,80400,6736
2026-08-10T02:41:53Z,53068,45000,49500,25855
2026-08-10T02:41:53Z,53069,12000,12800,1945
2026-08-10T02:41:53Z,53070,1000,7100,2860
2026-08-10T02:41:53Z,53071,3900,6000,2863
2026-08-10T02:41:53Z,53072,6100,7500,11089
2026-08-10T02:41:53Z,53643,99400,99900,8027
2026-08-10T02:41:53Z,54291,999900,3909900,222
2026-08-10T02:41:53Z,54442,35000,40100,121
2026-08-10T02:41:53Z,54447,70900,81600,276
2026-08-10T02:41:53Z,54448,946600,946600,421
2026-08-10T02:41:53Z,54449,990000,2605900,98
2026-08-10T02:41:53Z,54450,850000,994000,198
2026-08-10T02:41:53Z,54469,49000800,49000800,15
2026-08-10T02:41:53Z,54619,30000100,30000100,27
2026-08-10T02:41:53Z,54620,49000100,49000100,20
2026-08-10T02:41:53Z,54623,10001000,49001000,21
2026-08-10T02:41:53Z,54624,150000,150000,34
2026-08-10T02:41:53Z,54625,49000200,49000200,20
2026-08-10T02:41:53Z,54626,49000200,49000200,20
2026-08-10T02:41:53Z,54627,150100,150100,37
2026-08-10T02:41:53Z,54628,49000100,49000100,20
2026-08-10T02:41:53Z,54629,25000,25000,49
2026-08-10T02:41:53Z,54630,150300,150300,46
2026-08-10T02:41:53Z,54631,290000200,290000200,1
2026-08-10T02:41:53Z,54632,49000100,49000100,27
2026-08-10T02:41:53Z,54633,49000100,49000100,24
2026-08-10T02:41:53Z,54634,290000100,290000100,1
2026-08-10T02:41:53Z,54746,9909300,9909300,59
2026-08-10T02:41:53Z,54747,9900000,9900000,21
2026-08-10T02:41:53Z,54817,49000100,49000100,20
2026-08-10T02:41:53Z,54818,290000100,290000100,1
2026-08-10T02:41:53Z,54819,290000100,290000100,1
2026-08-10T02:41:53Z,54830,45596900,45596900,22
2026-08-10T02:41:53Z,54831,300000,300000,79
2026-08-10T02:41:53Z,54832,37200,37200,28
2026-08-10T02:41:53Z,54833,46000100,46000100,47
2026-08-10T02:41:53Z,54834,150100,150100,34
2026-08-10T02:41:53Z,54835,48880000,48880000,20
2026-08-10T02:41:53Z,54836,49000700,49000700,20
2026-08-10T02:41:53Z,54837,49000400,49000400,20
2026-08-10T02:41:53Z,54849,142300,146000,4624
2026-08-10T02:41:53Z,55053,250000,250000,146
2026-08-10T02:41:53Z,55054,2114300,7504300,347
2026-08-10T02:41:53Z,55055,38900,40000,163
2026-08-10T02:41:53Z,55056,3689500,3689600,31
2026-08-10T02:41:53Z,55057,312200,312200,76
2026-08-10T02:41:53Z,55973,4999900,4999900,31
2026-08-10T02:41:53Z,55974,1000,1000,41
2026-08-10T02:41:53Z,55975,400,1400,37
2026-08-10T02:41:53Z,55976,49001100,49001100,24
2026-08-10T02:41:53Z,55978,47500000,47500000,38
2026-08-10T02:41:53Z,55981,10000,90000,28
2026-08-10T02:41:53Z,55982,3000,3000,30
2026-08-10T02:41:53Z,55983,20100,20100,36
2026-08-10T02:41:53Z,55984,19300,49009300,22
2026-08-10T02:41:53Z,55985,800,800,30
2026-08-10T02:41:53Z,56033,11700,11700,89
2026-08-10T02:41:53Z,56034,49000100,49000100,20
2026-08-10T02:41:53Z,56035,3000000,49000000,22
2026-08-10T02:41:53Z,56036,59900,48999900,30
2026-08-10T02:41:53Z,56046,10000,11000,55
2026-08-10T02:41:53Z,56047,119800,119800,68
2026-08-10T02:41:53Z,56049,20500,20500,29
2026-08-10T02:41:53Z,56051,150200,150200,48
2026-08-10T02:41:53Z,56052,49000500,49000500,25
2026-08-10T02:41:53Z,56053,49000600,49000600,24
2026-08-10T02:41:53Z,56054,49000900,49000900,20
2026-08-10T02:41:53Z,56055,49001300,49001300,21
2026-08-10T02:41:53Z,56056,290005100,290005100,2
2026-08-10T02:41:53Z,56150,19300,19300,59
2026-08-10T02:41:53Z,56151,120000,120000,37
2026-08-10T02:41:53Z,56156,5000100,5000100,45
2026-08-10T02:41:53Z,56158,100000,49000100,22
2026-08-10T02:41:53Z,56159,49000900,49000900,20
2026-08-10T02:41:53Z,56160,49001100,49001100,20
2026-08-10T02:41:53Z,56161,290001700,290001700,1
2026-08-10T02:41:53Z,56162,15002300,15002300,59
2026-08-10T02:41:53Z,56189,290000100,290000100,1
2026-08-10T02:41:53Z,56190,290003200,290003200,1
2026-08-10T02:41:53Z,56195,49000100,49000100,24
2026-08-10T02:41:53Z,56196,2000000,2000000,27
2026-08-10T02:41:53Z,56197,100000,100000,26
2026-08-10T02:41:53Z,56198,1500000,1500000,27
2026-08-10T02:41:53Z,56200,50300,49000300,23
2026-08-10T02:41:53Z,56201,49000000,49000000,20
2026-08-10T02:41:53Z,56202,49000400,49000400,20
2026-08-10T02:41:53Z,56203,50000,49000000,25
2026-08-10T02:41:53Z,56204,15900,15900,98
2026-08-10T02:41:53Z,56205,1700,1700,87
2026-08-10T02:41:53Z,56206,450004600,450004600,1
2026-08-10T02:41:53Z,56234,6500100,6500100,177
2026-08-10T02:41:53Z,56236,150100,150100,32
2026-08-10T02:41:53Z,56237,49000100,49000100,20
2026-08-10T02:41:53Z,56238,49000300,49000300,21
2026-08-10T02:41:53Z,56239,48980000,48980000,26
2026-08-10T02:41:53Z,56240,5500001600,5500001600,1
2026-08-10T02:41:53Z,56241,290003100,290003100,1
2026-08-10T02:41:53Z,56477,9000,14000,104
2026-08-10T02:41:53Z,56502,549900,550000,76
2026-08-10T02:41:53Z,56503,144000,144000,38
2026-08-10T02:41:53Z,56516,312200,312400,10364
2026-08-10T02:41:53Z,56517,12500,12500,118
2026-08-10T02:41:53Z,56550,8701600,8701600,57
2026-08-10T02:41:53Z,56551,7250000,7250000,48
2026-08-10T02:41:53Z,56850,266400,266400,1179
2026-08-10T02:41:53Z,56968,40000100,49000100,21
2026-08-10T02:41:53Z,57058,207900,207900,24
2026-08-10T02:41:53Z,57059,1560200,1560200,26
2026-08-10T02:41:53Z,57060,4900200,49000000,21
2026-08-10T02:41:53Z,57061,1110300,49000300,22
2026-08-10T02:41:53Z,57062,49000000,49000000,20
2026-08-10T02:41:53Z,57063,49000000,49000000,22
2026-08-10T02:41:53Z,57064,49000800,49000800,20
2026-08-10T02:41:53Z,57065,290001000,290001000,1
2026-08-10T02:41:53Z,57066,2500000,49000000,22
2026-08-10T02:41:53Z,57067,290001600,290001600,2
2026-08-10T02:41:53Z,57068,49002300,49002300,20
2026-08-10T02:41:53Z,57069,990003100,990003100,1
2026-08-10T02:41:53Z,57070,290007600,290007600,1
2026-08-10T02:41:53Z,57071,290005100,290005100,1
2026-08-10T02:41:53Z,57099,7900,7900,83
2026-08-10T02:41:53Z,57191,6000,6000,461
2026-08-10T02:41:53Z,57192,6000,6000,199
2026-08-10T02:41:53Z,57193,22500,22500,164
2026-08-10T02:41:53Z,57194,5000,5000,64
2026-08-10T02:41:53Z,58084,10100,15000,1179
2026-08-10T02:41:53Z,58085,59500,9909500,26
2026-08-10T02:41:53Z,58086,40000,40000,92
2026-08-10T02:41:53Z,58087,1290000,1290000,590
2026-08-10T02:41:53Z,58088,1160000,1160000,1154
2026-08-10T02:41:53Z,58089,80000,80300,37
2026-08-10T02:41:53Z,58090,5000,5000,190
2026-08-10T02:41:53Z,58091,29600,29600,263
2026-08-10T02:41:53Z,58092,40100,44100,337
2026-08-10T02:41:53Z,58093,10000,10000,90
2026-08-10T02:41:53Z,58094,79900,80000,99
2026-08-10T02:41:53Z,58142,300,300,42
2026-08-10T02:41:53Z,58143,9700,9700,95
2026-08-10T02:41:53Z,58144,92200,92200,259
2026-08-10T02:41:53Z,58145,92600,92600,247
2026-08-10T02:41:53Z,58146,135000,139600,71
2026-08-10T02:41:53Z,58148,81700,81700,138
2026-08-10T02:41:53Z,58256,1000,10000,102
2026-08-10T02:41:53Z,58257,1000,1000,317
2026-08-10T02:41:53Z,58258,99900,100000,206
2026-08-10T02:41:53Z,58259,1900,18900,101
2026-08-10T02:41:53Z,58260,11800,11800,110
2026-08-10T02:41:53Z,58261,50000,50000,175
2026-08-10T02:41:53Z,58262,10000,1240000,145
2026-08-10T02:41:53Z,58263,20100,801700,1111
2026-08-10T02:41:53Z,58264,39900,39900,197
2026-08-10T02:41:53Z,58265,93300,93300,80
2026-08-10T02:41:53Z,58266,98000,98000,132
2026-08-10T02:41:53Z,58267,96000,117200,897
2026-08-10T02:41:53Z,58268,900,900,142
2026-08-10T02:41:53Z,58269,1400,2900,257
2026-08-10T02:41:53Z,58274,53200,53300,159
2026-08-10T02:41:53Z,58275,54900,54900,865
2026-08-10T02:41:53Z,58276,283500,661600,90
2026-08-10T02:41:53Z,58277,9900000,9900000,30
2026-08-10T02:41:53Z,58278,9901300,9901300,29
2026-08-10T02:41:53Z,58279,9899700,9899700,161
2026-08-10T02:41:53Z,58280,9908200,9908200,69
2026-08-10T02:41:53Z,58480,5350000,5350000,2330
2026-08-10T02:41:53Z,58487,949100,949100,367
2026-08-10T02:41:53Z,58488,1177400,1177500,838
2026-08-10T02:41:53Z,58489,284500,284500,651
2026-08-10T02:41:53Z,58865,40000,49000000,23
2026-08-10T02:41:53Z,58866,129900,129900,6
2026-08-10T02:41:53Z,58962,290000200,290000200,1
2026-08-10T02:41:53Z,59029,80300,80300,152
2026-08-10T02:41:53Z,59227,1989300,1989300,364
2026-08-10T02:41:53Z,59228,9952200,9952200,104
2026-08-10T02:41:53Z,59229,287800,287800,81
2026-08-10T02:41:53Z,59230,79900,79900,172
2026-08-10T02:41:53Z,59231,9780100,9780100,45
2026-08-10T02:41:53Z,59232,9906600,9906600,170
2026-08-10T02:41:53Z,59477,4998100,4998100,47
2026-08-10T02:41:53Z,59478,3347600,3347700,50
2026-08-10T02:41:53Z,59479,3499800,3499800,19
2026-08-10T02:41:53Z,59480,1995300,1995500,44
2026-08-10T02:41:53Z,59489,4499800,4499800,13
2026-08-10T02:41:53Z,59491,1994500,1994500,60
2026-08-10T02:41:53Z,59493,4999100,7989700,23
2026-08-10T02:41:53Z,59496,7009800,7009800,4
2026-08-10T02:41:53Z,59594,5001500,5001500,33
2026-08-10T02:41:53Z,59595,89500,89600,68
2026-08-10T02:41:53Z,59596,25000,25000,58
2026-08-10T02:41:53Z,60224,134900,134900,2557
2026-08-10T02:41:53Z,60267,9989900,9989900,21
2026-08-10T02:41:53Z,60268,9890000,9890000,21
2026-08-10T02:41:53Z,60269,9979900,9979900,29
2026-08-10T02:41:53Z,60336,40000,40000,50
2026-08-10T02:41:53Z,60375,9988200,9988200,24
2026-08-10T02:41:53Z,60376,59800,9999800,22
2026-08-10T02:41:53Z,60377,9989800,9989800,28
2026-08-10T02:41:53Z,60378,59600,59600,276
2026-08-10T02:41:53Z,60379,9890100,9890100,28
2026-08-10T02:41:53Z,60388,2300,3300,37
2026-08-10T02:41:53Z,60389,6800,6800,26
2026-08-10T02:41:53Z,60390,45000000,45000000,26
2026-08-10T02:41:53Z,60391,49007100,49007100,20
2026-08-10T02:41:53Z,60392,8400,8400,75
2026-08-10T02:41:53Z,60393,150000,49000000,21
2026-08-10T02:41:53Z,60394,9007100,9007100,65
2026-08-10T02:41:53Z,60395,1103200,1103200,46
2026-08-10T02:41:53Z,60396,35000,35000,251
2026-08-10T02:41:53Z,60397,75000,75000,61
2026-08-10T02:41:53Z,60398,2100,2100,230
2026-08-10T02:41:53Z,60399,4400,4400,46
2026-08-10T02:41:53Z,60405,10000,10000,181
2026-08-10T02:41:53Z,60406,8900,9000,31
2026-08-10T02:41:53Z,60485,2100,2100,436
2026-08-10T02:41:53Z,60486,12900,14000,206
2026-08-10T02:41:53Z,60488,49002100,49002100,22
2026-08-10T02:41:53Z,60489,49006200,49006200,21
2026-08-10T02:41:53Z,60491,49000000,49000000,25
2026-08-10T02:41:53Z,60493,9006200,49006200,21
2026-08-10T02:41:53Z,60576,2100,2100,105
2026-08-10T02:41:53Z,60577,4400,4400,67
2026-08-10T02:41:53Z,60578,49003200,49003200,21
2026-08-10T02:41:53Z,60579,49000000,49000000,25
2026-08-10T02:41:53Z,60743,30100,30100,26
2026-08-10T02:41:53Z,60838,106000,106000,2701
2026-08-10T02:41:53Z,60853,69900,89900,526
2026-08-10T02:41:53Z,60858,356300,356300,96
2026-08-10T02:41:53Z,61978,88600,89200,4068
2026-08-10T02:41:53Z,61979,30000,39900,5795
2026-08-10T02:41:53Z,61980,30000,37900,4754
2026-08-10T02:41:53Z,61981,97700,97700,1353
2026-08-10T02:41:53Z,61982,53800,53800,156
2026-08-10T02:41:53Z,61983,2025400,2025400,125
2026-08-10T02:41:53Z,61984,19800,19800,261
2026-08-10T02:41:53Z,61985,29300,29800,368
2026-08-10T02:41:53Z,61986,24500,24500,431
2026-08-10T02:41:53Z,61988,149711800,149711800,19
2026-08-10T02:41:53Z,61989,8163600,8163600,66
2026-08-10T02:41:53Z,61990,12646800,12646800,27
2026-08-10T02:41:53Z,61991,116195500,116195500,14
2026-08-10T02:41:53Z,61992,4949400,4949400,12
2026-08-10T02:41:53Z,61993,45000000,45000000,10
2026-08-10T02:41:53Z,61994,17914800,17914800,38
2026-08-10T02:41:53Z,61995,4322400,7204000,42
2026-08-10T02:41:53Z,61996,199895000,199895000,7
2026-08-10T02:41:53Z,61997,24876700,24876700,20
2026-08-10T02:41:53Z,61998,49990000,49990000,15
2026-08-10T02:41:53Z,61999,49907600,49907600,7
2026-08-10T02:41:53Z,62000,23994200,39990300,7
2026-08-10T02:41:53Z,62001,19919700,19919700,7
2026-08-10T02:41:53Z,62002,112515800,112515800,8
2026-08-10T02:41:53Z,62003,12000000,20000000,83
2026-08-10T02:41:53Z,62004,39886000,39886000,14
2026-08-10T02:41:53Z,62005,29948400,29948400,16
2026-08-10T02:41:53Z,62006,39980000,39980000,24
2026-08-10T02:41:53Z,62007,9526100,9526100,15
2026-08-10T02:41:53Z,62008,4411200,4411200,22
2026-08-10T02:41:53Z,62009,49997200,49997200,9
2026-08-10T02:41:53Z,62010,7139600,7139600,17
2026-08-10T02:41:53Z,62011,3457100,3457100,21
2026-08-10T02:41:53Z,62012,39902000,39902000,9
2026-08-10T02:41:53Z,62013,13200000,13200000,26
2026-08-10T02:41:53Z,62014,4709700,4709700,17
2026-08-10T02:41:53Z,62015,31000500,31000500,22
2026-08-10T02:41:53Z,62016,150000000,150000000,7
2026-08-10T02:41:53Z,62017,16517600,16517600,37
2026-08-10T02:41:53Z,62018,50003500,50003500,11
2026-08-10T02:41:53Z,62019,21529400,21529400,12
2026-08-10T02:41:53Z,62237,450002300,450002300,12
2026-08-10T02:41:53Z,62238,100000,100000,55
2026-08-10T02:41:53Z,62239,209900,309900,298
2026-08-10T02:41:53Z,62251,1250000,1250000,203
2026-08-10T02:41:53Z,62268,7400,7400,38
2026-08-10T02:41:53Z,62269,205100,205200,25
2026-08-10T02:41:53Z,62270,119900,120000,76
2026-08-10T02:41:53Z,62271,2200,9902200,117
2026-08-10T02:41:53Z,62272,4900,9904900,101
2026-08-10T02:41:53Z,62273,42000,42000,45
2026-08-10T02:41:53Z,62274,80000,100000,158
2026-08-10T02:41:53Z,62275,49002100,49002100,20
2026-08-10T02:41:53Z,62276,55000,55000,25
2026-08-10T02:41:53Z,62277,62400,66700,139
2026-08-10T02:41:53Z,62278,49005600,49005600,20
2026-08-10T02:41:53Z,62279,3999000,49009000,23
2026-08-10T02:41:53Z,62323,359100,690400,563
2026-08-10T02:41:53Z,62328,600,700,258
2026-08-10T02:41:53Z,62339,1500000100,1500000100,1
2026-08-10T02:41:53Z,62340,9000100,9000100,36
2026-08-10T02:41:53Z,62341,39900,50900,31
2026-08-10T02:41:53Z,62370,50000,49000100,21
2026-08-10T02:41:53Z,62391,47500,47500,91
2026-08-10T02:41:53Z,62413,2200,2200,320
2026-08-10T02:41:53Z,62414,4200,4300,107
2026-08-10T02:41:53Z,62421,141600,9906400,101
2026-08-10T02:41:53Z,62435,49005600,49005600,20
2026-08-10T02:41:53Z,62451,49003100,49003100,21
2026-08-10T02:41:53Z,62452,49007600,49007600,20
2026-08-10T02:41:53Z,62505,14900,14900,74
2026-08-10T02:41:53Z,62512,49900,49000000,21
2026-08-10T02:41:53Z,62514,49008300,49008300,20
2026-08-10T02:41:53Z,62518,2300,2300,39
2026-08-10T02:41:53Z,62519,3800,3900,30
2026-08-10T02:41:53Z,62520,38000,38000,175
2026-08-10T02:41:53Z,62521,10000000,10000000,30
2026-08-10T02:41:53Z,62522,4100,4100,40
2026-08-10T02:41:53Z,62523,10000000,10000000,29
2026-08-10T02:41:53Z,62524,49002200,49002200,20
2026-08-10T02:41:53Z,62525,49000100,49000100,20
2026-08-10T02:41:53Z,62526,8509500,8989500,55
2026-08-10T02:41:53Z,62527,49001100,49001100,20
2026-08-10T02:41:53Z,62528,290000100,290000100,1
2026-08-10T02:41:53Z,62529,49000000,49000000,20
2026-08-10T02:41:53Z,62530,49000000,49000000,20
2026-08-10T02:41:53Z,62535,49000800,49000800,25
2026-08-10T02:41:53Z,62649,450000,450000,126
2026-08-10T02:41:53Z,62651,130000,130200,150
2026-08-10T02:41:53Z,62652,809900,809900,1097
2026-08-10T02:41:53Z,62653,1699900,1699900,522
2026-08-10T02:41:53Z,62654,176500,176600,3039
2026-08-10T02:41:53Z,62655,5709100,5709100,622
2026-08-10T02:41:53Z,62656,9500,9500,1033
2026-08-10T02:41:53Z,62657,198400,198500,643
2026-08-10T02:41:53Z,62658,198800,198800,182
2026-08-10T02:41:53Z,62659,190000,190000,95
2026-08-10T02:41:53Z,62660,193000,9906600,46
2026-08-10T02:41:53Z,62661,221900,221900,226
2026-08-10T02:41:53Z,62662,1150900,1250900,75
2026-08-10T02:41:53Z,62663,56700,56700,60
2026-08-10T02:41:53Z,62664,496500,496500,134
2026-08-10T02:41:53Z,62665,9909200,9909200,45
2026-08-10T02:41:53Z,62666,9900,13100,193
2026-08-10T02:41:53Z,62667,2801400,2801400,281
2026-08-10T02:41:53Z,62668,68800,68800,175
2026-08-10T02:41:53Z,62669,83100,9889700,885
2026-08-10T02:41:53Z,62670,194900,194900,438
2026-08-10T02:41:53Z,62671,9899900,9899900,30
2026-08-10T02:41:53Z,62672,9854700,9854700,65
2026-08-10T02:41:53Z,62673,20000,20000,118
2026-08-10T02:41:53Z,62674,9900000,9900000,29
2026-08-10T02:41:53Z,62675,58600,58600,196
2026-08-10T02:41:53Z,62676,900,900,226
2026-08-10T02:41:53Z,62677,9902500,9902500,30
2026-08-10T02:41:53Z,62680,64700,64700,1951
2026-08-10T02:41:53Z,62770,150100,49000100,23
2026-08-10T02:41:53Z,62771,159900,159900,32
2026-08-10T02:41:53Z,62772,151000,151000,44
2026-08-10T02:41:53Z,62778,5500,6800,1463
2026-08-10T02:41:53Z,62779,8500,9900,7713
2026-08-10T02:41:53Z,62780,44400,70500,7643
2026-08-10T02:41:53Z,62781,16500,17300,5400
2026-08-10T02:41:53Z,62782,4500,4800,3822
2026-08-10T02:41:53Z,62783,39500,98900,15787
2026-08-10T02:41:53Z,62784,47500,99900,110189
2026-08-10T02:41:53Z,62785,19400,19400,1203
2026-08-10T02:41:53Z,62786,24900,26700,2670
2026-08-10T02:41:53Z,62790,4200,4200,364
2026-08-10T02:41:53Z,62791,6500,8200,1431
2026-08-10T02:41:53Z,63024,49003200,49003200,20
2026-08-10T02:41:53Z,63025,49006500,49006500,20
2026-08-10T02:41:53Z,63122,700,700,479
2026-08-10T02:41:53Z,63127,254500,319900,2303
2026-08-10T02:41:53Z,63128,2874400,2874400,898
2026-08-10T02:41:53Z,63246,2900,3000,20854
2026-08-10T02:41:53Z,63247,49007800,49007900,22
2026-08-10T02:41:53Z,63251,1190100,1322300,54
2026-08-10T02:41:53Z,63271,193800,3903800,225
2026-08-10T02:41:53Z,63272,764400,764400,47
2026-08-10T02:41:53Z,63273,100000,100000,40
2026-08-10T02:41:53Z,63274,19900100,19900100,47
2026-08-10T02:41:53Z,63275,11000,11000,147
2026-08-10T02:41:53Z,63291,41000,41000,98
2026-08-10T02:41:53Z,63292,9990000,9990000,20
2026-08-10T02:41:53Z,63293,100000,200000,268
2026-08-10T02:41:53Z,63296,4110000,4110000,15
2026-08-10T02:41:53Z,63299,69900,345800,158
2026-08-10T02:41:53Z,63303,9900,9900,174
2026-08-10T02:41:53Z,63304,10000,17700,379
2026-08-10T02:41:53Z,63305,45000,45000,373
2026-08-10T02:41:53Z,63306,33600,33600,292
2026-08-10T02:41:53Z,63307,59600,59600,179
2026-08-10T02:41:53Z,63308,33600,33600,67
2026-08-10T02:41:53Z,63310,1007500,1007500,49
2026-08-10T02:41:53Z,63311,290000100,290000100,1
2026-08-10T02:41:53Z,63312,1000100,1000100,31
2026-08-10T02:41:53Z,63313,49000100,49000100,14
2026-08-10T02:41:53Z,63314,290000100,290000100,1
2026-08-10T02:41:53Z,63316,49000100,49000100,16
2026-08-10T02:41:53Z,63317,49000100,49000100,20
2026-08-10T02:41:53Z,63318,290000100,290000100,2
2026-08-10T02:41:53Z,63321,990000100,990000100,2
2026-08-10T02:41:53Z,63323,290000100,290000100,1
2026-08-10T02:41:53Z,63327,49000100,49000100,23
2026-08-10T02:41:53Z,63337,250000000,250000000,2
2026-08-10T02:41:53Z,63341,290000100,290000100,1
2026-08-10T02:41:53Z,63342,290000100,290000100,1
2026-08-10T02:41:53Z,63343,290000100,290000100,1
2026-08-10T02:41:53Z,63347,990005100,990005100,2
2026-08-10T02:41:53Z,63348,100000,100000,56
2026-08-10T02:41:53Z,63388,48900000,48900000,27
2026-08-10T02:41:53Z,63396,119800,119800,535
2026-08-10T02:41:53Z,63416,1500000200,1500000200,1
2026-08-10T02:41:53Z,63481,1500007600,1500007600,1
2026-08-10T02:41:53Z,63530,139900,139900,168
2026-08-10T02:41:53Z,63539,1500000200,1500000200,1
2026-08-10T02:41:53Z,63691,100000,1000000,58
2026-08-10T02:41:53Z,63692,1000000,1000000,39
2026-08-10T02:41:53Z,63693,1000000,1000000,39
2026-08-10T02:41:53Z,63694,100000,100000,71
2026-08-10T02:41:53Z,64392,2009300,2309300,346
2026-08-10T02:41:53Z,64394,4209900,4509400,567
2026-08-10T02:41:53Z,64395,3429500,3429500,451
2026-08-10T02:41:53Z,64396,29849400,29999300,75
2026-08-10T02:41:53Z,64397,32840000,32840000,907
2026-08-10T02:41:53Z,64493,1500000200,1500000200,1
2026-08-10T02:41:53Z,64670,7000,7000,2804
2026-08-10T02:41:53Z,65365,302000,305000,2100
2026-08-10T02:41:53Z,65501,290000800,290000800,2
2026-08-10T02:41:53Z,65502,290000500,290000500,1
2026-08-10T02:41:53Z,65503,290000100,290000100,1
2026-08-10T02:41:53Z,65505,290001000,290001000,3
2026-08-10T02:41:53Z,65506,49001000,49001000,19
2026-08-10T02:41:53Z,65509,50200,50200,32
2026-08-10T02:41:53Z,65511,290000800,290000800,2
2026-08-10T02:41:53Z,65512,86917000,86917000,2
2026-08-10T02:41:53Z,65892,45000000,45000000,16
2026-08-10T02:41:53Z,65893,26990000,26990000,83
2026-08-10T02:41:53Z,66944,1500000100,1500000100,1
2026-08-10T02:41:53Z,66945,1500005100,1500005100,1
2026-08-10T02:41:53Z,66946,290007600,290007600,1
2026-08-10T02:41:53Z,66947,290007600,290007600,1
2026-08-10T02:41:53Z,66948,290002600,290002600,1
2026-08-10T02:41:53Z,66949,290002600,290002600,1
2026-08-10T02:41:53Z,66950,1500001100,1500001100,1
2026-08-10T02:41:53Z,67229,72600,79000,625
2026-08-10T02:41:53Z,67230,7000,7000,101
2026-08-10T02:41:53Z,67252,290000200,290000200,1
2026-08-10T02:41:53Z,67256,9900200,9900200,100
2026-08-10T02:41:53Z,67257,290000200,290000200,1
2026-08-10T02:41:53Z,67276,150200,150200,27
2026-08-10T02:41:53Z,67277,2890000,2890000,1874
2026-08-10T02:41:53Z,67280,49000100,49000100,20
2026-08-10T02:41:53Z,67281,49000100,49000100,20
2026-08-10T02:41:53Z,67289,49000200,49000200,19
2026-08-10T02:41:53Z,67304,1500003000,1500003000,1
2026-08-10T02:41:53Z,67305,1500003000,1500003000,1
2026-08-10T02:41:53Z,67306,290003000,290003000,1
2026-08-10T02:41:53Z,67310,50100,50100,30
2026-08-10T02:41:53Z,67319,74400,74400,87
2026-08-10T02:41:53Z,67323,49007500,49007500,19
2026-08-10T02:41:53Z,67335,149500,149500,431
2026-08-10T02:41:53Z,67337,49000000,49000000,20
2026-08-10T02:41:53Z,67348,119600,119700,100
2026-08-10T02:41:53Z,67357,49000100,49000100,20
2026-08-10T02:41:53Z,67385,17900,17900,38
2026-08-10T02:41:53Z,67388,55500,55500,30
2026-08-10T02:41:53Z,67397,39900,39900,48
2026-08-10T02:41:53Z,67399,24999900,49009900,21
2026-08-10T02:41:53Z,67401,15000,34500,25
2026-08-10T02:41:53Z,67403,15500,15500,30
2026-08-10T02:41:53Z,67404,400,500,76
2026-08-10T02:41:53Z,67405,79900,199900,24
2026-08-10T02:41:53Z,67407,9900,49003900,23
2026-08-10T02:41:53Z,67415,6100,6100,164
2026-08-10T02:41:53Z,67438,98700,218700,231
2026-08-10T02:41:53Z,67444,290005100,290005100,1
2026-08-10T02:41:53Z,67482,1500007600,1500007600,1
2026-08-10T02:41:53Z,67483,1500000200,1500000200,1
2026-08-10T02:41:53Z,67484,1500007600,1500007600,1
2026-08-10T02:41:53Z,67485,1500007600,1500007600,1
2026-08-10T02:41:53Z,67486,1500000200,1500000200,1
2026-08-10T02:41:53Z,67487,1500007600,1500007600,1
2026-08-10T02:41:53Z,67506,49002900,49002900,20
2026-08-10T02:41:53Z,67507,49002500,49002500,20
2026-08-10T02:41:53Z,67509,2500,2500,28
2026-08-10T02:41:53Z,67510,2900,2900,61
2026-08-10T02:41:53Z,67511,9900,10000,57
2026-08-10T02:41:53Z,67749,214200,214300,2807
2026-08-10T02:41:53Z,68039,1500000200,1500000200,1
2026-08-10T02:41:53Z,68047,189900,189900,64
2026-08-10T02:41:53Z,68049,42500,42500,1006
2026-08-10T02:41:53Z,68055,75000000,75000000,3
2026-08-10T02:41:53Z,68134,700000,1211700,65
2026-08-10T02:41:53Z,68140,44400,44400,341
2026-08-10T02:41:53Z,68196,1500000100,1500000100,1
2026-08-10T02:41:53Z,68197,2400,3000,122
2026-08-10T02:41:53Z,68198,1600,1600,60
2026-08-10T02:41:53Z,68356,9922900,9922900,26
2026-08-10T02:41:53Z,68357,9988000,9988000,32
2026-08-10T02:41:53Z,68358,482700,9989800,35
2026-08-10T02:41:53Z,68660,2500000,3500000,15
2026-08-10T02:41:53Z,68687,9992400,9992400,29
2026-08-10T02:41:53Z,68731,49000000,49000000,20
2026-08-10T02:41:53Z,68732,49000200,49000200,22
2026-08-10T02:41:53Z,68741,9989500,9989500,40
2026-08-10T02:41:53Z,68771,5500005100,5500005100,1
2026-08-10T02:41:53Z,68778,659800,659800,55
2026-08-10T02:41:53Z,68779,1350000,1400000,45
2026-08-10T02:41:53Z,68780,1400000,1991900,289
2026-08-10T02:41:53Z,68784,3004500,4716200,41
2026-08-10T02:41:53Z,68785,1980000,2602700,40
2026-08-10T02:41:53Z,68786,6903200,6903200,26
2026-08-10T02:41:53Z,68793,250007600,250007600,2
2026-08-10T02:41:53Z,69237,3300,180000,19215
2026-08-10T02:41:53Z,69243,9505900,9505900,29
2026-08-10T02:41:53Z,69244,9904600,9904600,35
2026-08-10T02:41:53Z,69772,9903300,9903300,89
2026-08-10T02:41:53Z,69773,1500007600,1500007600,1
2026-08-10T02:41:53Z,69839,55757400,55757400,2
2026-08-10T02:41:53Z,69840,2220200,2220200,4
2026-08-10T02:41:53Z,69841,289950200,289950200,6
2026-08-10T02:41:53Z,69863,1240000,1240000,5
2026-08-10T02:41:53Z,69864,15000000,15000000,7
2026-08-10T02:41:53Z,69865,12990000,12990000,10
2026-08-10T02:41:53Z,69920,9969800,9969800,28
2026-08-10T02:41:53Z,69955,290000100,290000100,1
2026-08-10T02:41:53Z,70139,49007600,49007600,8
2026-08-10T02:41:53Z,71155,1500007600,1500007600,1
2026-08-10T02:41:53Z,71375,1000000,1000000,37
2026-08-10T02:41:53Z,71376,290005100,290005100,3
2026-08-10T02:41:53Z,71720,3005800,3005800,49
2026-08-10T02:41:53Z,71805,1940000,9991200,1999
2026-08-10T02:41:53Z,71806,4980000,4980000,149
2026-08-10T02:41:53Z,71807,1200000,1500000,136
2026-08-10T02:41:53Z,71808,49969900,49969900,112
2026-08-10T02:41:53Z,71809,550000,550000,147
2026-08-10T02:41:53Z,71810,19461400,19461400,25
2026-08-10T02:41:53Z,71817,9187600,9187600,56
2026-08-10T02:41:53Z,71818,6457000,6457000,73
2026-08-10T02:41:53Z,71819,7424700,7424800,69
2026-08-10T02:41:53Z,71820,3824500,3824500,55
2026-08-10T02:41:53Z,71822,19992400,19992400,45
2026-08-10T02:41:53Z,71823,14902200,14902200,48
2026-08-10T02:41:53Z,71824,19931800,19931800,43
2026-08-10T02:41:53Z,71825,19942500,19942500,46
2026-08-10T02:41:53Z,71826,19995600,19995600,30
2026-08-10T02:41:53Z,71827,49909100,49909100,33
2026-08-10T02:41:53Z,71828,14657900,14657900,32
2026-08-10T02:41:53Z,71829,19969500,19969500,31
2026-08-10T02:41:53Z,71830,19984800,19984800,41
2026-08-10T02:41:53Z,71831,35006400,35006400,23
2026-08-10T02:41:53Z,71832,27000000,27000000,33
2026-08-10T02:41:53Z,71833,39904800,39904800,29
2026-08-10T02:41:53Z,71834,19904200,19904200,34
2026-08-10T02:41:53Z,71835,19989600,19989600,35
2026-08-10T02:41:53Z,71836,19901700,19901700,35
2026-08-10T02:41:53Z,71837,19985300,19985300,44
2026-08-10T02:41:53Z,71838,19904000,19904000,41
2026-08-10T02:41:53Z,71839,15000500,15000500,40
2026-08-10T02:41:53Z,71840,39984700,39984800,113
2026-08-10T02:41:53Z,71841,17484700,17484700,43
2026-08-10T02:41:53Z,71842,12000000,12000000,141
2026-08-10T02:41:53Z,71843,16993600,16993700,117
2026-08-10T02:41:53Z,71844,16008000,16008000,46
2026-08-10T02:41:53Z,71845,15003400,15003400,86
2026-08-10T02:41:53Z,71846,24999000,24999000,58
2026-08-10T02:41:53Z,71847,15002500,15002500,42
2026-08-10T02:41:53Z,71848,17481600,17481700,38
2026-08-10T02:41:53Z,71849,25005500,25005500,35
2026-08-10T02:41:53Z,71850,24978500,24978600,104
2026-08-10T02:41:53Z,71851,25002300,25002300,86
2026-08-10T02:41:53Z,71852,19999900,35000000,55
2026-08-10T02:41:53Z,71853,39901600,39901600,41
2026-08-10T02:41:53Z,71854,30006400,30006400,87
2026-08-10T02:41:53Z,71855,24999500,24999500,34
2026-08-10T02:41:53Z,71856,30006200,30006200,83
2026-08-10T02:41:53Z,71857,25001500,25001500,33
2026-08-10T02:41:53Z,71858,25005500,25005500,41
2026-08-10T02:41:53Z,71859,16004600,39904600,43
2026-08-10T02:41:53Z,71860,25005400,25005400,30
2026-08-10T02:41:53Z,71861,25002400,25002400,41
2026-08-10T02:41:53Z,71862,9989800,9989800,98
2026-08-10T02:41:53Z,71863,7502700,7502700,43
2026-08-10T02:41:53Z,71864,8801400,8801500,101
2026-08-10T02:41:53Z,71865,9989800,9989800,40
2026-08-10T02:41:53Z,71866,9950700,9950700,71
2026-08-10T02:41:53Z,71867,9989600,9989600,87
2026-08-10T02:41:53Z,71868,9989800,9989800,60
2026-08-10T02:41:53Z,71869,7506500,7506500,100
2026-08-10T02:41:53Z,71870,9989800,9989800,54
2026-08-10T02:41:53Z,71871,9989700,9989700,68
2026-08-10T02:41:53Z,71872,9989600,9989600,61
2026-08-10T02:41:53Z,71873,8779900,8779900,54
2026-08-10T02:41:53Z,71874,11237000,11237000,64
2026-08-10T02:41:53Z,71875,15024600,15024600,51
2026-08-10T02:41:53Z,71876,11237800,11237800,40
2026-08-10T02:41:53Z,71877,9972800,9972800,57
2026-08-10T02:41:53Z,71878,11627000,11627000,50
2026-08-10T02:41:53Z,71879,2005000,3783300,70
2026-08-10T02:41:53Z,71880,9924300,9924400,56
2026-08-10T02:41:53Z,71881,2001000,2001100,125
2026-08-10T02:41:53Z,71882,9970500,9970500,51
2026-08-10T02:41:53Z,71883,2005000,9989700,59
2026-08-10T02:41:53Z,71998,2100,15000,20765
2026-08-10T02:41:53Z,72092,41900,43000,137482
2026-08-10T02:41:53Z,72093,6800,8400,9874
2026-08-10T02:41:53Z,72094,159900,180000,14410
2026-08-10T02:41:53Z,72095,739800,740000,14551
2026-08-10T02:41:53Z,72096,95000,95500,26462
2026-08-10T02:41:53Z,72103,169900,177300,9102
2026-08-10T02:41:53Z,72104,4466600,4500000,6650
2026-08-10T02:41:53Z,72120,10200,11900,16029
2026-08-10T02:41:53Z,72162,8900,9100,3346
2026-08-10T02:41:53Z,72163,593600,593900,719
2026-08-10T02:41:53Z,72234,12900,27500,19537
2026-08-10T02:41:53Z,72235,13000,18000,5485
2026-08-10T02:41:53Z,72237,9000,24000,6662
2026-08-10T02:41:53Z,72238,56800,56900,15243
2026-08-10T02:41:53Z,72985,32000,32000,2968
2026-08-10T02:41:53Z,72986,4400,4400,1191
2026-08-10T02:41:53Z,72988,1900,2400,87972
2026-08-10T02:41:53Z,73260,1000,1000,430
2026-08-10T02:41:53Z,74247,17600,25500,5399
2026-08-10T02:41:53Z,74248,79600,110000,18281
2026-08-10T02:41:53Z,74249,7700,9900,38485
2026-08-10T02:41:53Z,74250,9700,9900,67108
2026-08-10T02:41:53Z,74252,9900,10000,1031
2026-08-10T02:41:53Z,74622,250000000,250000000,3
2026-08-10T02:41:53Z,74636,158400,158400,90
2026-08-10T02:41:53Z,74641,59700,59700,2205
2026-08-10T02:41:53Z,74642,96500,96500,1681
2026-08-10T02:41:53Z,74643,789900,789900,982
2026-08-10T02:41:53Z,74644,399400,399400,668
2026-08-10T02:41:53Z,74645,253200,373200,677
2026-08-10T02:41:53Z,74646,11100,13300,842
2026-08-10T02:41:53Z,74647,199700,199700,607
2026-08-10T02:41:53Z,74648,18000,20000,382
2026-08-10T02:41:53Z,74649,79400,79500,1034
2026-08-10T02:41:53Z,74650,95000,987300,96
2026-08-10T02:41:53Z,74651,189500,189500,869
2026-08-10T02:41:53Z,74652,890900,891000,202
2026-08-10T02:41:53Z,74653,10100,12200,496
2026-08-10T02:41:53Z,74654,326400,326500,446
2026-08-10T02:41:53Z,74655,198700,199000,294
2026-08-10T02:41:53Z,74656,10100,53900,1190
2026-08-10T02:41:53Z,74659,17400,17400,2077
2026-08-10T02:41:53Z,74660,84500,84500,3336
2026-08-10T02:41:53Z,74661,1131000,1131000,585
2026-08-10T02:41:53Z,74662,1300300,1300300,2798
2026-08-10T02:41:53Z,74700,35000,40000,120
2026-08-10T02:41:53Z,74701,20000,20600,67
2026-08-10T02:41:53Z,74703,449100,449100,62
2026-08-10T02:41:53Z,74704,999600,1000900,56
2026-08-10T02:41:53Z,74705,904400,905700,104
2026-08-10T02:41:53Z,74706,6500,6500,57
2026-08-10T02:41:53Z,74707,1900,1900,90
2026-08-10T02:41:53Z,74708,49900,49900,302
2026-08-10T02:41:53Z,74709,10200,10900,52
2026-08-10T02:41:53Z,74710,3800,3800,157
2026-08-10T02:41:53Z,74711,11900,11900,128
2026-08-10T02:41:53Z,74712,17700,18600,41
2026-08-10T02:41:53Z,74713,4400,4400,83
2026-08-10T02:41:53Z,74715,12100,49900,174
2026-08-10T02:41:53Z,74716,8300,8300,103
2026-08-10T02:41:53Z,74717,49900,49900,86
2026-08-10T02:41:53Z,74718,49900,495200,233
2026-08-10T02:41:53Z,74719,8000,8000,238
2026-08-10T02:41:53Z,74720,550400,9901900,68
2026-08-10T02:41:53Z,74721,49900,49900,43
2026-08-10T02:41:53Z,74722,38600,38600,53
2026-08-10T02:41:53Z,74723,41400,41800,52
2026-08-10T02:41:53Z,74724,1007700,1007700,41
2026-08-10T02:41:53Z,74725,207900,208000,195
2026-08-10T02:41:53Z,74726,1006900,9900000,27
2026-08-10T02:41:53Z,74727,90000,90000,57
2026-08-10T02:41:53Z,74728,459500,459500,60
2026-08-10T02:41:53Z,74729,49500,49900,436
2026-08-10T02:41:53Z,74822,700,700,849
2026-08-10T02:41:53Z,74832,15000,15000,5796
2026-08-10T02:41:53Z,74833,90000,214300,11730
2026-08-10T02:41:53Z,74834,77800,79000,1491
2026-08-10T02:41:53Z,74837,57900,99900,31023
2026-08-10T02:41:53Z,74838,101000,219900,1961
2026-08-10T02:41:53Z,74839,111400,168600,12115
2026-08-10T02:41:53Z,74840,337400,574100,5759
2026-08-10T02:41:53Z,74841,11800,14100,21211
2026-08-10T02:41:53Z,74842,899800,899900,3462
2026-08-10T02:41:53Z,74843,86900,86900,4619
2026-08-10T02:41:53Z,74844,9700,9700,9889
2026-08-10T02:41:53Z,74845,53500,53500,3016
2026-08-10T02:41:53Z,74846,60000,119700,3785
2026-08-10T02:41:53Z,74847,180000,188900,6533
2026-08-10T02:41:53Z,74848,30000,37400,10981
2026-08-10T02:41:53Z,74849,36300,39000,10157
2026-08-10T02:41:53Z,74850,158800,158800,5841
2026-08-10T02:41:53Z,74851,399400,399400,5183
2026-08-10T02:41:53Z,74852,31400,31400,5439
2026-08-10T02:41:53Z,74853,1195000,1195000,860
2026-08-10T02:41:53Z,74854,3100,3100,2059
2026-08-10T02:41:53Z,74856,110900,190700,2231
2026-08-10T02:41:53Z,74857,83800,83800,1275
2026-08-10T02:41:53Z,74859,50100,60400,9518
2026-08-10T02:41:53Z,74860,118800,120000,3787
2026-08-10T02:41:53Z,74861,76800,78800,6146
2026-08-10T02:41:53Z,74863,51800,71900,1064
2026-08-10T02:41:53Z,74864,62000,62000,1318
2026-08-10T02:41:53Z,74865,158100,188700,1510
2026-08-10T02:41:53Z,74866,25000,26700,10517
2026-08-10T02:41:53Z,74919,20000,20000,165
2026-08-10T02:41:53Z,74921,20300,20300,82
2026-08-10T02:41:53Z,75014,399800,499900,4816
2026-08-10T02:41:53Z,75016,3400,3900,475
2026-08-10T02:41:53Z,75026,1400,1400,292
2026-08-10T02:41:53Z,75037,169300,169300,1284
2026-08-10T02:41:53Z,75038,239900,240000,1391
2026-08-10T02:41:53Z,76061,1140000,1213900,30025
2026-08-10T02:41:53Z,76075,15000,15000,491
2026-08-10T02:41:53Z,76076,15000,15000,293
2026-08-10T02:41:53Z,76077,90000,99800,379
2026-08-10T02:41:53Z,76078,39500,39500,462
2026-08-10T02:41:53Z,76079,8100,8100,63
2026-08-10T02:41:53Z,76080,39000,39000,945
2026-08-10T02:41:53Z,76081,28700,28700,229
2026-08-10T02:41:53Z,76083,79800,79900,110
2026-08-10T02:41:53Z,76084,187300,187400,41
2026-08-10T02:41:53Z,76085,130600,130600,210
2026-08-10T02:41:53Z,76086,20000,30000,193
2026-08-10T02:41:53Z,76087,24500,24800,89
2026-08-10T02:41:53Z,76088,100000,100000,292
2026-08-10T02:41:53Z,76089,93800,93800,38
2026-08-10T02:41:53Z,76090,14800,14800,154
2026-08-10T02:41:53Z,76092,5700,5700,1137
2026-08-10T02:41:53Z,76093,9972700,9972700,47
2026-08-10T02:41:53Z,76094,7500,19800,752
2026-08-10T02:41:53Z,76095,33600,33600,304
2026-08-10T02:41:53Z,76096,199600,199600,59
2026-08-10T02:41:53Z,76097,6500,6500,1235
2026-08-10T02:41:53Z,76098,50000,50000,646
2026-08-10T02:41:53Z,76130,10500,10500,1011
2026-08-10T02:41:53Z,76131,255100,255600,915
2026-08-10T02:41:53Z,76132,1085000,4550000,694
2026-08-10T02:41:53Z,76133,22700,22700,987
2026-08-10T02:41:53Z,76134,17000,17000,1538
2026-08-10T02:41:53Z,76135,10100,10100,758
2026-08-10T02:41:53Z,76136,20000,24600,1180
2026-08-10T02:41:53Z,76137,30000,43700,1136
2026-08-10T02:41:53Z,76138,196700,196900,1340
2026-08-10T02:41:53Z,76139,129900,209900,977
2026-08-10T02:41:53Z,76140,120000,295000,463
2026-08-10T02:41:53Z,76141,80000,80000,1229
2026-08-10T02:41:53Z,76142,207900,207900,828
2026-08-10T02:41:53Z,76502,29500,29500,37
2026-08-10T02:41:53Z,76504,69900,69900,74
2026-08-10T02:41:53Z,76505,30000,47700,38
2026-08-10T02:41:53Z,76506,89100,90000,38
2026-08-10T02:41:53Z,76507,103500,103500,30
2026-08-10T02:41:53Z,76508,559900,602500,30
2026-08-10T02:41:53Z,76509,14700,14700,96
2026-08-10T02:41:53Z,76510,28800,29500,73
2026-08-10T02:41:53Z,76511,61200,61200,37
2026-08-10T02:41:53Z,76512,80600,86100,35
2026-08-10T02:41:53Z,76513,14200,14200,35
2026-08-10T02:41:53Z,76514,17500,17500,48
2026-08-10T02:41:53Z,76515,80600,80600,31
2026-08-10T02:41:53Z,76517,77700,80600,46
2026-08-10T02:41:53Z,76518,80600,86100,91
2026-08-10T02:41:53Z,76519,80600,80600,60
2026-08-10T02:41:53Z,76520,20000,20000,33
2026-08-10T02:41:53Z,76521,54300,54300,39
2026-08-10T02:41:53Z,76522,663100,889800,32
2026-08-10T02:41:53Z,76523,197980200,197980200,31
2026-08-10T02:41:53Z,76524,27000,27000,52
2026-08-10T02:41:53Z,76525,66600,70000,44
2026-08-10T02:41:53Z,76526,20000,20000,56
2026-08-10T02:41:53Z,76527,18000,18000,46
2026-08-10T02:41:53Z,76528,18000,18000,43
2026-08-10T02:41:53Z,76529,20000,20000,42
2026-08-10T02:41:53Z,76530,21800,22800,42
2026-08-10T02:41:53Z,76531,21800,22800,34
2026-08-10T02:41:53Z,76532,16100,16100,31
2026-08-10T02:41:53Z,76533,15000,16100,40
2026-08-10T02:41:53Z,76534,21600,21600,54
2026-08-10T02:41:53Z,76535,27600,27600,36
2026-08-10T02:41:53Z,76536,21800,21900,30
2026-08-10T02:41:53Z,76537,79000,79000,59
2026-08-10T02:41:53Z,76538,12400,16100,36
2026-08-10T02:41:53Z,76539,21700,21700,52
2026-08-10T02:41:53Z,76540,14800,14800,134
2026-08-10T02:41:53Z,76541,21000,21000,34
2026-08-10T02:41:53Z,76542,21800,21800,60
2026-08-10T02:41:53Z,76543,19900,21400,33
2026-08-10T02:41:53Z,76544,18400,18400,32
2026-08-10T02:41:53Z,76545,21300,21300,31
2026-08-10T02:41:53Z,76546,22800,22800,39
2026-08-10T02:41:53Z,76547,21800,22500,38
2026-08-10T02:41:53Z,76548,16000,16000,44
2026-08-10T02:41:53Z,76549,24800,29900,55
2026-08-10T02:41:53Z,76550,20000,20000,49
2026-08-10T02:41:53Z,76551,18200,19100,38
2026-08-10T02:41:53Z,76552,102000,102000,66
2026-08-10T02:41:53Z,76553,13600,20700,1166
2026-08-10T02:41:53Z,76554,18200,18200,53
2026-08-10T02:41:53Z,76555,18200,20000,41
2026-08-10T02:41:53Z,76556,12400,12400,45
2026-08-10T02:41:53Z,76557,16400,16400,31
2026-08-10T02:41:53Z,76558,18200,19100,57
2026-08-10T02:41:53Z,76559,30000,30000,68
2026-08-10T02:41:53Z,76560,41200,41200,63
2026-08-10T02:41:53Z,76561,19800,19800,65
2026-08-10T02:41:53Z,76562,71700,9900000,29
2026-08-10T02:41:53Z,76563,15000,15000,30
2026-08-10T02:41:53Z,76564,39600,39600,65
2026-08-10T02:41:53Z,76565,20000,20000,47
2026-08-10T02:41:53Z,76566,12000,12000,52
2026-08-10T02:41:53Z,76567,24400,24400,43
2026-08-10T02:41:53Z,76568,36600,37500,85
2026-08-10T02:41:53Z,76569,24400,24400,58
2026-08-10T02:41:53Z,76570,600000,600000,54
2026-08-10T02:41:53Z,76571,9990000,9990000,21
2026-08-10T02:41:53Z,76572,1990000,1990000,38
2026-08-10T02:41:53Z,76573,811800,1139900,27
2026-08-10T02:41:53Z,76574,3000000,9999800,21
2026-08-10T02:41:53Z,76575,4990000,4990000,15
2026-08-10T02:41:53Z,76576,2990000,2990000,31
2026-08-10T02:41:53Z,76577,254400,9991900,25
2026-08-10T02:41:53Z,76578,9991000,9991000,20
2026-08-10T02:41:53Z,76579,3000000,3000000,35
2026-08-10T02:41:53Z,76580,9996000,9996000,25
2026-08-10T02:41:53Z,76581,2000300,2000300,35
2026-08-10T02:41:53Z,76582,19996200,19996200,10
2026-08-10T02:41:53Z,76583,6736500,9992300,22
2026-08-10T02:41:53Z,76584,1323200,1323200,27
2026-08-10T02:41:53Z,76585,3000000,3000000,13
2026-08-10T02:41:53Z,76586,898000,9998600,24
2026-08-10T02:41:53Z,76587,7199500,7199500,13
2026-08-10T02:41:53Z,76588,6668200,19996600,11
2026-08-10T02:41:53Z,76589,199990000,199990000,2
2026-08-10T02:41:53Z,76590,19899700,19899700,13
2026-08-10T02:41:53Z,76591,9996800,9996800,22
2026-08-10T02:41:53Z,76592,2144500,2144500,29
2026-08-10T02:41:53Z,76593,9992000,9992000,21
2026-08-10T02:41:53Z,76594,5938800,9900000,23
2026-08-10T02:41:53Z,76595,3696200,9997500,22
2026-08-10T02:41:53Z,76596,3740700,3740700,13
2026-08-10T02:41:53Z,76597,1841500,1841500,12
2026-08-10T02:41:53Z,76598,9990000,9990000,20
2026-08-10T02:41:53Z,76599,980000,3000000,29
2026-08-10T02:41:53Z,76600,2100700,9996500,23
2026-08-10T02:41:53Z,76601,19998300,19998300,10
2026-08-10T02:41:53Z,76602,9991900,9991900,21
2026-08-10T02:41:53Z,76603,980100,980100,29
2026-08-10T02:41:53Z,76604,2533700,2533700,30
2026-08-10T02:41:53Z,76605,9990000,9990000,22
2026-08-10T02:41:53Z,76606,350000,700000,25
2026-08-10T02:41:53Z,76607,3000000,3000000,25
2026-08-10T02:41:53Z,76608,19991500,19991500,12
2026-08-10T02:41:53Z,76609,76700,2999800,14
2026-08-10T02:41:53Z,76610,5705600,19979600,11
2026-08-10T02:41:53Z,76611,999900,19999600,17
2026-08-10T02:41:53Z,76612,19959500,19959500,12
2026-08-10T02:41:53Z,76613,19790000,19790000,16
2026-08-10T02:41:53Z,76614,3000000,9990000,24
2026-08-10T02:41:53Z,76615,3000000,7000000,32
2026-08-10T02:41:53Z,76616,3000000,3000000,70
2026-08-10T02:41:53Z,76617,19868300,19868300,12
2026-08-10T02:41:53Z,76618,750000,1000000,26
2026-08-10T02:41:53Z,76619,2940300,2940300,134
2026-08-10T02:41:53Z,76620,9993500,9993500,21
2026-08-10T02:41:53Z,76621,802000,872000,15
2026-08-10T02:41:53Z,76622,9729000,12715400,12
2026-08-10T02:41:53Z,76623,999900,9989500,22
2026-08-10T02:41:53Z,76624,840000,840000,28
2026-08-10T02:41:53Z,76625,2999800,9996200,23
2026-08-10T02:41:53Z,76626,9801000,9801000,26
2026-08-10T02:41:53Z,76627,2250000,2250000,29
2026-08-10T02:41:53Z,76628,1200000,9998800,24
2026-08-10T02:41:53Z,76629,1815200,9990000,23
2026-08-10T02:41:53Z,76630,1200000,1200000,20
2026-08-10T02:41:53Z,76631,989900,989900,44
2026-08-10T02:41:53Z,76632,1550000,2000000,24
2026-08-10T02:41:53Z,76633,2995700,9995400,23
2026-08-10T02:41:53Z,76634,50000,750000,28
2026-08-10T02:41:53Z,76635,5687400,9900000,22
2026-08-10T02:41:53Z,76636,227700,230000,50
2026-08-10T02:41:53Z,76637,10000,10000,49
2026-08-10T02:41:53Z,76638,36900,36900,34
2026-08-10T02:41:53Z,76639,210000,210000,160
2026-08-10T02:41:53Z,76640,75000,75000,36
2026-08-10T02:41:53Z,76641,990000,990000,32
2026-08-10T02:41:53Z,76642,60000,70000,57
2026-08-10T02:41:53Z,76643,143400,280000,26
2026-08-10T02:41:53Z,76644,90000,90000,47
2026-08-10T02:41:53Z,76645,50000,50000,35
2026-08-10T02:41:53Z,76646,9999900,9999900,21
2026-08-10T02:41:53Z,76647,143400,143400,26
2026-08-10T02:41:53Z,76648,45300,45300,32
2026-08-10T02:41:53Z,76649,1000000,1000000,29
2026-08-10T02:41:53Z,76650,72000,111600,41
2026-08-10T02:41:53Z,76651,70000,123200,37
2026-08-10T02:41:53Z,76652,30000,30000,49
2026-08-10T02:41:53Z,76653,99000,99000,36
2026-08-10T02:41:53Z,76654,150000,150000,35
2026-08-10T02:41:53Z,76655,16499600,16499600,16
2026-08-10T02:41:53Z,76656,40000,111600,29
2026-08-10T02:41:53Z,76657,359900,9990000,24
2026-08-10T02:41:53Z,76658,60000,60000,35
2026-08-10T02:41:53Z,76659,170400,170400,35
2026-08-10T02:41:53Z,76660,109000,109000,51
2026-08-10T02:41:53Z,76661,424000,424000,44
2026-08-10T02:41:53Z,76662,55500,55500,46
2026-08-10T02:41:53Z,76663,430000,430000,41
2026-08-10T02:41:53Z,76664,30000,30000,42
2026-08-10T02:41:53Z,76665,80500,80500,41
2026-08-10T02:41:53Z,76666,107700,107700,37
2026-08-10T02:41:53Z,76667,70500,80500,39
2026-08-10T02:41:53Z,76668,40000,53400,54
2026-08-10T02:41:53Z,76669,2763500,2763500,31
2026-08-10T02:41:53Z,76670,76500,76500,33
2026-08-10T02:41:53Z,76671,182500,182500,30
2026-08-10T02:41:53Z,76672,57100,57100,39
2026-08-10T02:41:53Z,76673,159900,189900,30
2026-08-10T02:41:53Z,76674,50000,75900,43
2026-08-10T02:41:53Z,76675,15600,15600,26
2026-08-10T02:41:53Z,76676,19600,19600,31
2026-08-10T02:41:53Z,76677,15000,15000,33
2026-08-10T02:41:53Z,76678,37000,37000,46
2026-08-10T02:41:53Z,76679,60000,60000,41
2026-08-10T02:41:53Z,76680,164500,164500,47
2026-08-10T02:41:53Z,76681,50000,60000,56
2026-08-10T02:41:53Z,76682,158100,158100,35
2026-08-10T02:41:53Z,76683,299600,299600,59
2026-08-10T02:41:53Z,76684,100000,100000,40
2026-08-10T02:41:53Z,76685,65400,65500,39
2026-08-10T02:41:53Z,76686,63000,63000,42
2026-08-10T02:41:53Z,76687,74500,74600,44
2026-08-10T02:41:53Z,76688,47000,47000,52
2026-08-10T02:41:53Z,76689,18000,18000,45
2026-08-10T02:41:53Z,76690,48700,48700,39
2026-08-10T02:41:53Z,76691,49900,50000,41
2026-08-10T02:41:53Z,76692,142800,180300,54
2026-08-10T02:41:53Z,76693,229900,9905500,57
2026-08-10T02:41:53Z,76694,210000,218500,54
2026-08-10T02:41:53Z,76695,30000,30000,48
2026-08-10T02:41:53Z,76696,149700,180500,64
2026-08-10T02:41:53Z,76697,109900,109900,36
2026-08-10T02:41:53Z,76698,80000,80000,61
2026-08-10T02:41:53Z,76699,70000,80000,33
2026-08-10T02:41:53Z,76700,108500,108500,40
2026-08-10T02:41:53Z,76701,17500,17500,47
2026-08-10T02:41:53Z,76728,49000100,49000100,34
2026-08-10T02:41:53Z,76734,113100,355100,3267
2026-08-10T02:41:53Z,76879,9374900,9374900,29
2026-08-10T02:41:53Z,76884,150000000,150000000,1
2026-08-10T02:41:53Z,76885,4000000,4000000,28
2026-08-10T02:41:53Z,76886,39990300,39990300,8
2026-08-10T02:41:53Z,76887,7760000,9993300,23
2026-08-10T02:41:53Z,76888,9996700,9996700,23
2026-08-10T02:41:53Z,76890,2990000,2990000,27
2026-08-10T02:41:53Z,76891,3124800,3124800,53
2026-08-10T02:41:53Z,76892,723000,723000,31
2026-08-10T02:41:53Z,76893,9375000,9375000,29
2026-08-10T02:41:53Z,76894,271500,341000,34
2026-08-10T02:41:53Z,76895,850000,850000,40
2026-08-10T02:41:53Z,76896,4000000,4000000,55
2026-08-10T02:41:53Z,76897,4896900,4896900,36
2026-08-10T02:41:53Z,77101,184400,184400,4389
2026-08-10T02:41:53Z,77264,1000000,1000000,33
2026-08-10T02:41:53Z,77272,22500,22500,79
2026-08-10T02:41:53Z,77273,39999100,39999100,20
2026-08-10T02:41:53Z,77467,169900,175000,2620
2026-08-10T02:41:53Z,77468,50000,100000,4235
2026-08-10T02:41:53Z,77529,3000000,3220000,25
2026-08-10T02:41:53Z,77531,27500,27500,82
2026-08-10T02:41:53Z,77532,110000,300000,647
2026-08-10T02:41:53Z,77540,499900,721400,59
2026-08-10T02:41:53Z,77541,899800,899900,45
2026-08-10T02:41:53Z,77542,501200,850000,39
2026-08-10T02:41:53Z,77543,800100,800600,54
2026-08-10T02:41:53Z,77544,499900,707800,57
2026-08-10T02:41:53Z,77545,808600,808900,50
2026-08-10T02:41:53Z,77546,2339800,2339900,47
2026-08-10T02:41:53Z,77547,1394600,1394700,28
2026-08-10T02:41:53Z,77589,2500,2500,661
2026-08-10T02:41:53Z,78883,1166200,1199900,98
2026-08-10T02:41:53Z,79010,18200,18200,4408
2026-08-10T02:41:53Z,79011,9900,45000,10490
2026-08-10T02:41:53Z,79101,59400,59900,777
2026-08-10T02:41:53Z,79102,110000,110000,250
2026-08-10T02:41:53Z,79238,15008300,15008300,2
2026-08-10T02:41:53Z,79249,5000000,5000000,265
2026-08-10T02:41:53Z,79251,5000,5200,12749
2026-08-10T02:41:53Z,79253,147300,147500,2393
2026-08-10T02:41:53Z,79254,10800,11000,9729
2026-08-10T02:41:53Z,79255,291400,291400,2137
2026-08-10T02:41:53Z,79257,49000500,49000500,25
2026-08-10T02:41:53Z,79283,11258800,19099800,79
2026-08-10T02:41:53Z,79284,5003600,5003600,11
2026-08-10T02:41:53Z,79285,7503000,7503000,37
2026-08-10T02:41:53Z,79286,9910100,9910100,8
2026-08-10T02:41:53Z,79287,10005100,10005100,51
2026-08-10T02:41:53Z,79288,8999900,8999900,10
2026-08-10T02:41:53Z,79289,10999900,10999900,18
2026-08-10T02:41:53Z,79290,7914600,7914600,11
2026-08-10T02:41:53Z,79291,6002800,6002800,7
2026-08-10T02:41:53Z,79292,5293100,5293100,12
2026-08-10T02:41:53Z,79293,7999800,7999800,12
2026-08-10T02:41:53Z,79294,6000900,6000900,29
2026-08-10T02:41:53Z,79295,2999900,2999900,17
2026-08-10T02:41:53Z,79296,12003200,12003200,16
2026-08-10T02:41:53Z,79297,39999800,39999800,6
2026-08-10T02:41:53Z,79298,2500000,5830100,10
2026-08-10T02:41:53Z,79299,5007600,5007600,7
2026-08-10T02:41:53Z,79300,25017300,25017300,15
2026-08-10T02:41:53Z,79301,3000000,14247600,33
2026-08-10T02:41:53Z,79302,15000900,15000900,17
2026-08-10T02:41:53Z,79303,14249500,14249500,36
2026-08-10T02:41:53Z,79304,15004000,15004000,14
2026-08-10T02:41:53Z,79305,3000000,3000000,23
2026-08-10T02:41:53Z,79306,3000000,6999900,25
2026-08-10T02:41:53Z,79307,5555300,5555300,43
2026-08-10T02:41:53Z,79308,4500000,4500000,16
2026-08-10T02:41:53Z,79309,3500000,3500000,67
2026-08-10T02:41:53Z,79310,7026500,7026500,16
2026-08-10T02:41:53Z,79311,7159600,7159600,28
2026-08-10T02:41:53Z,79312,14500000,14500000,29
2026-08-10T02:41:53Z,79313,5000000,5000000,17
2026-08-10T02:41:53Z,79314,7499000,7499100,32
2026-08-10T02:41:53Z,79513,6660200,6660200,3
2026-08-10T02:41:53Z,79514,999990200,999990200,2
2026-08-10T02:41:53Z,79515,250000200,250000200,1
2026-08-10T02:41:53Z,79538,264400,560900,124
2026-08-10T02:41:53Z,79868,12508500,12508500,257
2026-08-10T02:41:53Z,79869,5550000,7499600,1049
2026-08-10T02:41:53Z,80313,19602000,19800000,22
2026-08-10T02:41:53Z,80431,379900,379900,307
2026-08-10T02:41:53Z,80433,20000,65800,20259
2026-08-10T02:41:53Z,80581,1500000200,1500000200,1
2026-08-10T02:41:53Z,80584,1500000200,1500000200,1
2026-08-10T02:41:53Z,80585,1500000200,1500000200,1
2026-08-10T02:41:53Z,80586,250000200,250000200,1
2026-08-10T02:41:53Z,80587,996600,998700,161
2026-08-10T02:41:53Z,80588,270300,270900,219
2026-08-10T02:41:53Z,80590,399900,399900,310
2026-08-10T02:41:53Z,80591,4500,399900,406
2026-08-10T02:41:53Z,80592,10800,10800,268
2026-08-10T02:41:53Z,80593,8800,8800,350
2026-08-10T02:41:53Z,80594,444400,444400,269
2026-08-10T02:41:53Z,80595,6100,6100,301
2026-08-10T02:41:53Z,81055,3100,3600,6262
2026-08-10T02:41:53Z,81175,50000,50000,54
2026-08-10T02:41:53Z,81194,400,400,510
2026-08-10T02:41:53Z,81195,49002000,49002000,21
2026-08-10T02:41:53Z,81196,5500,5500,31
2026-08-10T02:41:53Z,81197,1300,1400,96
2026-08-10T02:41:53Z,81198,48991400,48991400,20
2026-08-10T02:41:53Z,81200,1500,1800,176
2026-08-10T02:41:53Z,81201,14900,14900,47
2026-08-10T02:41:53Z,81202,800,110800,142
2026-08-10T02:41:53Z,81203,11000,11100,27
2026-08-10T02:41:53Z,81204,49000000,49000000,20
2026-08-10T02:41:53Z,81205,10000,10000,142
2026-08-10T02:41:53Z,81400,2600,2600,85
2026-08-10T02:41:53Z,81401,10000,10000,152
2026-08-10T02:41:53Z,81402,9900,13900,332
2026-08-10T02:41:53Z,81403,37400,37400,107
2026-08-10T02:41:53Z,81404,1800,1800,99
2026-08-10T02:41:53Z,81405,2500,2500,228
2026-08-10T02:41:53Z,81406,1200,1200,108
2026-08-10T02:41:53Z,81407,8000,8000,52
2026-08-10T02:41:53Z,81408,15000,17500,98
2026-08-10T02:41:53Z,81409,1600,1700,256
2026-08-10T02:41:53Z,81410,1400,1400,85
2026-08-10T02:41:53Z,81411,4200,4300,121
2026-08-10T02:41:53Z,81412,2500,2600,281
2026-08-10T02:41:53Z,81413,1300,1400,494
2026-08-10T02:41:53Z,81414,1300,1400,290
2026-08-10T02:41:53Z,81415,9000,9400,129
2026-08-10T02:41:53Z,81889,35900,9900000,52
2026-08-10T02:41:53Z,81916,58300,58300,78
2026-08-10T02:41:53Z,81917,21900,21900,64
2026-08-10T02:41:53Z,81918,26400,26400,91
2026-08-10T02:41:53Z,81919,18500,18500,135
2026-08-10T02:41:53Z,81920,70600,70600,65
2026-08-10T02:41:53Z,81921,490000,490000,229
2026-08-10T02:41:53Z,81922,703200,703200,230
2026-08-10T02:41:53Z,81923,63100,63100,133
2026-08-10T02:41:53Z,81924,5556500,5556500,97
2026-08-10T02:41:53Z,81956,1500000200,1500000200,1
2026-08-10T02:41:53Z,82300,19500,20000,110
2026-08-10T02:41:53Z,82328,14000,14500,77
2026-08-10T02:41:53Z,82330,150200,49000200,21
2026-08-10T02:41:53Z,82343,3842900,3842900,53
2026-08-10T02:41:53Z,82344,99700,99700,49
2026-08-10T02:41:53Z,82345,1500007600,1500007600,1
2026-08-10T02:41:53Z,82392,4500,4500,175
2026-08-10T02:41:53Z,82441,10400,10900,17219
2026-08-10T02:41:53Z,82442,35000,35000,89
2026-08-10T02:41:53Z,82443,30000,30000,76
2026-08-10T02:41:53Z,82444,1237800,1250300,182
2026-08-10T02:41:53Z,82445,404800,4233800,264
2026-08-10T02:41:53Z,82448,29800,29800,99
2026-08-10T02:41:53Z,82449,49900,49900,65
2026-08-10T02:41:53Z,82450,7400,7400,89
2026-08-10T02:41:53Z,82451,76700,76700,199
2026-08-10T02:41:53Z,82960,19500,19500,243
2026-08-10T02:41:53Z,83006,599900,1090300,52
2026-08-10T02:41:53Z,83007,665000,929300,58
2026-08-10T02:41:53Z,83064,24000,55700,12181
2026-08-10T02:41:53Z,83065,44400,49003300,23
2026-08-10T02:41:53Z,83092,219008700,219008700,125
2026-08-10T02:41:53Z,83094,99700,9978800,51
2026-08-10T02:41:53Z,83095,9989900,9990000,47
2026-08-10T02:41:53Z,83096,250007600,250007600,1
2026-08-10T02:41:53Z,83097,22900,23000,79
2026-08-10T02:41:53Z,83107,1500000200,1500000200,1
2026-08-10T02:41:53Z,83120,1505100,1505100,2
2026-08-10T02:41:53Z,83156,10000,10800,369
2026-08-10T02:41:53Z,83157,149800,149800,69
2026-08-10T02:41:53Z,83763,899000,899000,130
2026-08-10T02:41:53Z,83764,2840200,2840200,30
2026-08-10T02:41:53Z,83765,2249500,2249500,60
2026-08-10T02:41:53Z,84652,1500000200,1500000200,1
2026-08-10T02:41:53Z,85221,560600,598600,132
2026-08-10T02:41:53Z,85501,8000,8000,87
2026-08-10T02:41:53Z,85504,198600,198600,68
2026-08-10T02:41:53Z,85506,3900,4000,1754
2026-08-10T02:41:53Z,85559,50000,50000,208
2026-08-10T02:41:53Z,85568,90000,90000,84
2026-08-10T02:41:53Z,85569,150000,150000,173
2026-08-10T02:41:53Z,85570,509100,509100,133
2026-08-10T02:41:53Z,85583,200000,200000,4597
2026-08-10T02:41:53Z,85584,40000,40000,5883
2026-08-10T02:41:53Z,85585,86900,86900,5114
2026-08-10T02:41:53Z,85683,1500000200,1500000200,1
2026-08-10T02:41:53Z,85684,250007600,250007600,1
2026-08-10T02:41:53Z,85685,1500007600,1500007600,1
2026-08-10T02:41:53Z,85687,1500007600,1500007600,1
2026-08-10T02:41:53Z,85689,1500007600,1500007600,1
2026-08-10T02:41:53Z,85691,250000200,250000200,1
2026-08-10T02:41:53Z,85692,1500007600,1500007600,1
2026-08-10T02:41:53Z,85695,1500000200,1500000200,1
2026-08-10T02:41:53Z,85696,1500000200,1500000200,1
2026-08-10T02:41:53Z,85697,250007600,250007600,1
2026-08-10T02:41:53Z,85698,250007600,250007600,4
2026-08-10T02:41:53Z,85699,1500000200,1500000200,1
2026-08-10T02:41:53Z,85700,1500000200,1500000200,1
2026-08-10T02:41:53Z,86026,342400,342400,500
2026-08-10T02:41:53Z,86057,129100,129100,163
2026-08-10T02:41:53Z,86069,4992300,9992400,104
2026-08-10T02:41:53Z,86070,788800,788800,186
2026-08-10T02:41:53Z,86073,200000,200000,184
2026-08-10T02:41:53Z,86074,209500,209500,332
2026-08-10T02:41:53Z,86432,26000,26000,106
2026-08-10T02:41:53Z,86541,1500000200,1500000200,1
2026-08-10T02:41:53Z,86574,450003400,450003400,1
2026-08-10T02:41:53Z,86592,11400000,11400000,81
2026-08-10T02:41:53Z,86597,4555500,4555500,79
2026-08-10T02:41:53Z,86599,2503500,2503500,14
2026-08-10T02:41:53Z,87226,4000,4000,541
2026-08-10T02:41:53Z,87228,2500000,2500000,99
2026-08-10T02:41:53Z,87230,3500,3700,489
2026-08-10T02:41:53Z,87232,450000,450000,70
2026-08-10T02:41:53Z,87234,1700,1700,672
2026-08-10T02:41:53Z,87236,27900,27900,103
2026-08-10T02:41:53Z,87238,8500,8500,654
2026-08-10T02:41:53Z,87240,8508000,8508000,70
2026-08-10T02:41:53Z,87242,4500,5500,560
2026-08-10T02:41:53Z,87244,110000,190000,155
2026-08-10T02:41:53Z,87246,1600,1600,468
2026-08-10T02:41:53Z,87248,108600,108600,124
2026-08-10T02:41:53Z,87264,29999900,29999900,38
2026-08-10T02:41:53Z,87276,1500000200,1500000200,1
2026-08-10T02:41:53Z,87277,40800,42500,580
2026-08-10T02:41:53Z,87278,1500007600,1500007600,1
2026-08-10T02:41:53Z,87279,1500007600,1500007600,1
2026-08-10T02:41:53Z,87392,489700,489700,340
2026-08-10T02:41:53Z,87393,1500000200,1500000200,1
2026-08-10T02:41:53Z,87530,259900,507000,39
2026-08-10T02:41:53Z,87559,696800,1090300,50
2026-08-10T02:41:53Z,87560,219900,219900,149
2026-08-10T02:41:53Z,87577,32200,45500,50
2026-08-10T02:41:53Z,87578,72500,72500,39
2026-08-10T02:41:53Z,87579,126700,127100,23
2026-08-10T02:41:53Z,87580,124100,124100,46
2026-08-10T02:41:53Z,87647,158900,158900,115
2026-08-10T02:41:53Z,87648,243000,243000,186
2026-08-10T02:41:53Z,87764,19500,19600,463
2026-08-10T02:41:53Z,87806,270000,270000,1
2026-08-10T02:41:53Z,87831,3500000000,3500000000,1
2026-08-10T02:41:53Z,87872,119900,150000,3870
2026-08-10T02:41:53Z,87880,1500000200,1500000200,1
2026-08-10T02:41:53Z,87881,330100,340500,242
2026-08-10T02:41:53Z,87882,6660200,6660200,3
2026-08-10T02:41:53Z,87883,160300,188000,418
2026-08-10T02:41:53Z,87884,1500000200,1500000200,1
2026-08-10T02:41:53Z,87885,95500,140600,826
2026-08-10T02:41:53Z,87887,1500000200,1500000200,1
2026-08-10T02:41:53Z,87888,150300,180700,742
2026-08-10T02:41:53Z,87889,250000200,250000200,1
2026-08-10T02:41:53Z,87890,1500000200,1500000200,1
2026-08-10T02:41:53Z,87891,1500007600,1500007600,2
2026-08-10T02:41:53Z,87892,1500007600,1500007600,1
2026-08-10T02:41:53Z,87893,1500000200,1500000200,1
2026-08-10T02:41:53Z,87894,1500000200,1500000200,1
2026-08-10T02:41:53Z,87895,1500000200,1500000200,1
2026-08-10T02:41:53Z,87896,1500007600,1500007600,1
2026-08-10T02:41:53Z,87897,1500000200,1500000200,1
2026-08-10T02:41:53Z,87898,1500007600,1500007600,1
2026-08-10T02:41:53Z,87899,89990200,89990200,2
2026-08-10T02:41:53Z,87900,1500000200,1500000200,1
2026-08-10T02:41:53Z,87901,1500000200,1500000200,1
2026-08-10T02:41:53Z,87902,250000200,250000200,1
2026-08-10T02:41:53Z,88151,290008800,290008800,1
2026-08-10T02:41:53Z,88152,450005100,450005100,1
2026-08-10T02:41:53Z,88153,290003800,290003800,1
2026-08-10T02:41:53Z,88154,290003800,290003800,1
2026-08-10T02:41:53Z,88155,158800,158800,26
2026-08-10T02:41:53Z,88156,290003800,290003800,1
2026-08-10T02:41:53Z,88157,290005100,290005100,1
2026-08-10T02:41:53Z,88158,290005100,290005100,1
2026-08-10T02:41:53Z,88159,290008800,290008800,1
2026-08-10T02:41:53Z,88162,49008800,49008800,14
2026-08-10T02:41:53Z,88163,290007600,290007600,1
2026-08-10T02:41:53Z,88164,290005100,290005100,1
2026-08-10T02:41:53Z,88487,14300,9908800,226
2026-08-10T02:41:53Z,88490,19980000,19980000,11
2026-08-10T02:41:53Z,88491,93900,129900,154
2026-08-10T02:41:53Z,88492,39996200,39996200,9
2026-08-10T02:41:53Z,88493,40000,44100,441
2026-08-10T02:41:53Z,88529,65000000,65000000,3
2026-08-10T02:41:53Z,88530,9800000,9800000,23
2026-08-10T02:41:53Z,88532,5500,5500,49
2026-08-10T02:41:53Z,89112,100000,114000,54523
2026-08-10T02:41:53Z,89326,47600,48000,324
2026-08-10T02:41:53Z,89328,322500,990000,206
2026-08-10T02:41:53Z,89329,4000,4000,359
2026-08-10T02:41:53Z,89512,150300,150300,26
2026-08-10T02:41:53Z,89639,55200,55200,512
2026-08-10T02:41:53Z,89674,19900,19900,41
2026-08-10T02:41:53Z,89675,18200,19100,41
2026-08-10T02:41:53Z,89676,2448900,19743500,11
2026-08-10T02:41:53Z,89678,18200,19100,46
2026-08-10T02:41:53Z,89679,4449900,9900000,22
2026-08-10T02:41:53Z,89680,1000000,1000000,35
2026-08-10T02:41:53Z,89683,6500,6500,69
2026-08-10T02:41:53Z,89737,31100,38700,57
2026-08-10T02:41:53Z,89739,125000,49001200,23
2026-08-10T02:41:53Z,89747,290000800,290000800,1
2026-08-10T02:41:53Z,89868,95500,96500,492
2026-08-10T02:41:53Z,89888,107500,107600,331
2026-08-10T02:41:53Z,89893,10000,148200,824
2026-08-10T02:41:53Z,90043,1490000,1490000,4
2026-08-10T02:41:53Z,90044,109800,109800,2
2026-08-10T02:41:53Z,90046,5999800,5999800,66
2026-08-10T02:41:53Z,90047,30800,116300,19
2026-08-10T02:41:53Z,90057,1004400,1004400,45
2026-08-10T02:41:53Z,90058,250000,330000,31
2026-08-10T02:41:53Z,90135,9905300,9905300,19
2026-08-10T02:41:53Z,90146,16500,229900,520
2026-08-10T02:41:53Z,90407,100000,100000,3539
2026-08-10T02:41:53Z,90457,9909800,9909800,30
2026-08-10T02:41:53Z,90548,22586300,22586300,2
2026-08-10T02:41:53Z,90551,590000,590000,27
2026-08-10T02:41:53Z,90552,199999900,199999900,3
2026-08-10T02:41:53Z,90553,49008100,49008100,20
2026-08-10T02:41:53Z,90554,2000000,46500000,25
2026-08-10T02:41:53Z,90555,8685700,8685700,31
2026-08-10T02:41:53Z,90556,5000000,5000000,5
2026-08-10T02:41:53Z,90557,10000200,10000200,3
2026-08-10T02:41:53Z,90558,250007600,250007600,4
2026-08-10T02:41:53Z,90561,3330000,3330000,16
2026-08-10T02:41:53Z,90659,359900,359900,53
2026-08-10T02:41:53Z,90660,9990000,9990000,53
2026-08-10T02:41:53Z,90715,250000200,250000200,1
2026-08-10T02:41:53Z,92049,388879800,388879800,1
2026-08-10T02:41:53Z,92050,197891400,197891400,1
2026-08-10T02:41:53Z,92051,199890600,199890600,1
2026-08-10T02:41:53Z,92052,250000000,250000000,1
2026-08-10T02:41:53Z,92053,235385200,235385200,2
2026-08-10T02:41:53Z,92054,250004300,250004300,1
2026-08-10T02:41:53Z,92055,199890000,199890000,1
2026-08-10T02:41:53Z,92056,200000100,200000100,1
2026-08-10T02:41:53Z,92057,2990100,2990100,17
2026-08-10T02:41:53Z,92058,2990000,2990000,10
2026-08-10T02:41:53Z,92059,488884100,488884100,2
2026-08-10T02:41:53Z,92422,40964800,40964800,2
2026-08-10T02:41:53Z,92427,199788200,199788200,1
2026-08-10T02:41:53Z,92428,999990000,999990000,1
2026-08-10T02:41:53Z,92429,250000000,250000000,1
2026-08-10T02:41:53Z,92430,9999900,9999900,3
2026-08-10T02:41:53Z,92431,9999900,9999900,45
2026-08-10T02:41:53Z,92432,9999900,9999900,12
2026-08-10T02:41:53Z,92433,199989900,199989900,1
2026-08-10T02:41:53Z,92434,179990100,179990100,3
2026-08-10T02:41:53Z,92435,179990100,179990100,3
2026-08-10T02:41:53Z,92436,9999900,9999900,4
2026-08-10T02:41:53Z,92437,199999900,199999900,1
2026-08-10T02:41:53Z,92438,179999800,179999800,4
2026-08-10T02:41:53Z,92439,250000000,250000000,1
2026-08-10T02:41:53Z,92442,200000100,200000100,19
2026-08-10T02:41:53Z,92443,199000000,199000000,1
2026-08-10T02:41:53Z,92525,198968700,198968700,1
2026-08-10T02:41:53Z,92526,990000100,990000100,1
2026-08-10T02:41:53Z,92528,999990000,999990000,1
2026-08-10T02:41:53Z,92530,999990000,999990000,1
2026-08-10T02:41:53Z,92532,8999999900,8999999900,2
2026-08-10T02:41:53Z,92550,290000000,290000000,1
2026-08-10T02:41:53Z,92663,250000000,250000000,1
2026-08-10T02:41:53Z,92664,349994100,349994100,1
2026-08-10T02:41:53Z,92741,71630100,80000000,536
2026-08-10T02:41:53Z,93202,250000200,250000200,1
2026-08-10T02:41:53Z,93208,2694700,2694700,67
2026-08-10T02:41:53Z,93351,162100,162100,164
2026-08-10T02:41:53Z,93705,70000,70000,52
2026-08-10T02:41:53Z,93706,77700,80600,32
2026-08-10T02:41:53Z,93707,2750000,5209200,25
2026-08-10T02:41:53Z,93970,329900,349900,373
2026-08-10T02:41:53Z,94288,99700,120000,529064
2026-08-10T02:41:53Z,94289,203600,1459000,9479
2026-08-10T02:41:53Z,94535,14200,14200,81
2026-08-10T02:41:53Z,94536,1502700,1504200,180
2026-08-10T02:41:53Z,94645,3900300,3900300,398
2026-08-10T02:41:53Z,95373,5008900,5008900,4612
2026-08-10T02:41:53Z,95481,24000,24000,50
2026-08-10T02:41:53Z,95482,58700,58700,45
2026-08-10T02:41:53Z,97161,2000600,2670600,35
2026-08-10T02:41:53Z,97512,199500,199900,1455
2026-08-10T02:41:53Z,97546,26400,840000,441
2026-08-10T02:41:53Z,97619,54300,54300,509
2026-08-10T02:41:53Z,97620,20000,66900,517
2026-08-10T02:41:53Z,97621,70100,840000,349
2026-08-10T02:41:53Z,97622,105000,840000,534
2026-08-10T02:41:53Z,97623,47100,47100,855
2026-08-10T02:41:53Z,97624,9000,840000,348
2026-08-10T02:41:53Z,98111,9906000,9906000,53
2026-08-10T02:41:53Z,98116,4300,4300,62
2026-08-10T02:41:53Z,98117,198999100,198999100,4
2026-08-10T02:41:53Z,98118,27200,9899600,49
2026-08-10T02:41:53Z,100734,900000,900000,3
2026-08-10T02:41:53Z,100735,250000000,250000000,5
2026-08-10T02:41:53Z,100738,49002200,49002200,13
2026-08-10T02:41:53Z,100739,15000,15000,128
2026-08-10T02:41:53Z,101630,4699700,4800000,94
2026-08-10T02:41:53Z,101661,850000,9980000,50
2026-08-10T02:41:53Z,101662,1899300,1899300,352
2026-08-10T02:41:53Z,101745,25001800,25001800,8
2026-08-10T02:41:53Z,101746,9996800,9996800,29
2026-08-10T02:41:53Z,101747,19992200,19992200,10
2026-08-10T02:41:53Z,101748,34540000,34540000,15
2026-08-10T02:41:53Z,101749,9990400,9990400,29
2026-08-10T02:41:53Z,101750,19990000,19990000,10
2026-08-10T02:41:53Z,102218,490000,2509500,3253
2026-08-10T02:41:53Z,102351,134200,134200,224
2026-08-10T02:41:53Z,102541,7500,7500,1242
2026-08-10T02:41:53Z,102542,9900,10000,1612
2026-08-10T02:41:53Z,102543,7500,7500,1787
2026-08-10T02:41:53Z,103786,45600,52000,111
2026-08-10T02:41:53Z,103789,30800,30800,80
2026-08-10T02:41:53Z,103795,9969400,9969400,46
2026-08-10T02:41:53Z,103797,149700,149700,76
2026-08-10T02:41:53Z,104046,1500000200,1500000200,1
2026-08-10T02:41:53Z,104048,1500000200,1500000200,1
2026-08-10T02:41:53Z,104049,1500007600,1500007600,1
2026-08-10T02:41:53Z,104053,250007600,250007600,1
2026-08-10T02:41:53Z,104055,1500007600,1500007600,1
2026-08-10T02:41:53Z,104099,240900,242500,312
2026-08-10T02:41:53Z,104102,1500000200,1500000200,1
2026-08-10T02:41:53Z,104104,980000,989900,139
2026-08-10T02:41:53Z,104105,65000,89500,1059
2026-08-10T02:41:53Z,104108,55600,55800,353
2026-08-10T02:41:53Z,104109,1500000200,1500000200,1
2026-08-10T02:41:53Z,104120,149400,150000,446
2026-08-10T02:41:53Z,104122,90000,99500,1302
2026-08-10T02:41:53Z,104126,400000,499500,152
2026-08-10T02:41:53Z,104127,240900,250500,259
2026-08-10T02:41:53Z,104128,1500000200,1500000200,1
2026-08-10T02:41:53Z,104130,1500000200,1500000200,1
2026-08-10T02:41:53Z,104131,1500000200,1500000200,1
2026-08-10T02:41:53Z,104133,1500000200,1500000200,1
2026-08-10T02:41:53Z,104134,1500000200,1500000200,1
2026-08-10T02:41:53Z,104135,250000200,250000200,1
2026-08-10T02:41:53Z,104136,250000200,250000200,1
2026-08-10T02:41:53Z,104137,1500000200,1500000200,1
2026-08-10T02:41:53Z,104138,35000,69000,588
2026-08-10T02:41:53Z,104196,1009900,1009900,5
2026-08-10T02:41:53Z,104270,1500000200,1500000200,1
2026-08-10T02:41:53Z,104276,1500000200,1500000200,1
2026-08-10T02:41:53Z,104314,3000,3000,62
2026-08-10T02:41:53Z,104316,1550000,1699900,6270
2026-08-10T02:41:53Z,104339,59900,459900,188
2026-08-10T02:41:53Z,104340,9969700,9969700,45
2026-08-10T02:41:53Z,104341,50000,50000,74
2026-08-10T02:41:53Z,104342,52900,9802900,50
2026-08-10T02:41:53Z,104343,51000,51000,83
2026-08-10T02:41:53Z,104344,9864500,9864500,45
2026-08-10T02:41:53Z,104348,9900000,9900000,61
2026-08-10T02:41:53Z,105700,59800,59800,54
2026-08-10T02:41:53Z,105701,50000,9896600,48
2026-08-10T02:41:53Z,105702,9900000,9900000,30
2026-08-10T02:41:53Z,105703,9899300,9899300,289
2026-08-10T02:41:53Z,105704,9900000,9900000,37
2026-08-10T02:41:53Z,105705,499999900,499999900,10
2026-08-10T02:41:53Z,105706,59900,9899900,49
2026-08-10T02:41:53Z,105707,9969600,9969600,49
2026-08-10T02:41:53Z,105708,56600,56600,55
2026-08-10T02:41:53Z,105711,50000,50000,92
2026-08-10T02:41:53Z,105717,9890000,9890000,39
2026-08-10T02:41:53Z,105718,40000,40000,51
2026-08-10T02:41:53Z,105719,100000,100000,59
2026-08-10T02:41:53Z,105720,8069900,9969700,49
2026-08-10T02:41:53Z,105721,100000,100000,62
2026-08-10T02:41:53Z,105722,100400,100400,74
2026-08-10T02:41:53Z,105723,50000,50000,72
2026-08-10T02:41:53Z,105724,9901900,9901900,31
2026-08-10T02:41:53Z,106824,170000,170000,45
2026-08-10T02:41:53Z,106825,39500,39500,32
2026-08-10T02:41:53Z,106867,3500,4500,122
2026-08-10T02:41:53Z,106868,200000,300000,24
2026-08-10T02:41:53Z,106870,3000,3000,28
2026-08-10T02:41:53Z,106875,23000,43000,78
2026-08-10T02:41:53Z,106888,18000,18000,72
2026-08-10T02:41:53Z,106889,15000,15000,46
2026-08-10T02:41:53Z,107392,30000000,49000000,22
2026-08-10T02:41:53Z,107393,500000,500000,26
2026-08-10T02:41:53Z,107461,10000,10000,50
2026-08-10T02:41:53Z,107462,4990000,5000000,25
2026-08-10T02:41:53Z,107469,10009300,11039300,76
2026-08-10T02:41:53Z,107472,16000,49006000,22
2026-08-10T02:41:53Z,107476,9500000500,9500000500,1
2026-08-10T02:41:53Z,107517,30000,30000,159
2026-08-10T02:41:53Z,107518,90000,49000000,21
2026-08-10T02:41:53Z,107528,10000,10000,54
2026-08-10T02:41:53Z,107603,8700,8700,191
2026-08-10T02:41:53Z,107640,990000,990000,78
2026-08-10T02:41:53Z,107663,290005100,290005100,1
2026-08-10T02:41:53Z,108294,373900,373900,204
2026-08-10T02:41:53Z,108296,617500,650000,205
2026-08-10T02:41:53Z,108297,25300,26600,1014
2026-08-10T02:41:53Z,108298,14500,14500,1574
2026-08-10T02:41:53Z,108299,905100,905100,295
2026-08-10T02:41:53Z,108300,18600,19500,1922
2026-08-10T02:41:53Z,108301,15300,15300,767
2026-08-10T02:41:53Z,108302,849900,849900,713
2026-08-10T02:41:53Z,108304,9868000,9868000,162
2026-08-10T02:41:53Z,108305,109900,109900,1865
2026-08-10T02:41:53Z,108306,58000,88200,752
2026-08-10T02:41:53Z,108307,749800,750000,630
2026-08-10T02:41:53Z,108308,60000,100000,404
2026-08-10T02:41:53Z,108309,9870000,9870000,108
2026-08-10T02:41:53Z,108323,5400,5900,1177
2026-08-10T02:41:53Z,108324,3700,5100,8294
2026-08-10T02:41:53Z,108325,22200,24900,2161
2026-08-10T02:41:53Z,108326,9200,9600,1292
2026-08-10T02:41:53Z,108327,28500,28500,3041
2026-08-10T02:41:53Z,108328,29300,41000,1878
2026-08-10T02:41:53Z,108329,19000,20000,1081
2026-08-10T02:41:53Z,108330,4900,5000,1922
2026-08-10T02:41:53Z,108331,2000,20000,2211
2026-08-10T02:41:53Z,108332,3800,4000,2348
2026-08-10T02:41:53Z,108333,258900,259900,1165
2026-08-10T02:41:53Z,108335,1100,1300,3055
2026-08-10T02:41:53Z,108336,3200,4400,2251
2026-08-10T02:41:53Z,108337,42500,98800,1695
2026-08-10T02:41:53Z,108338,4900,4900,1150
2026-08-10T02:41:53Z,108339,3800,10500,3647
2026-08-10T02:41:53Z,108340,1900,2000,3516
2026-08-10T02:41:53Z,108341,5500,5500,2492
2026-08-10T02:41:53Z,108342,7600,7800,1882
2026-08-10T02:41:53Z,108343,1900,1900,5623
2026-08-10T02:41:53Z,108344,220000,220000,597
2026-08-10T02:41:53Z,108345,135000,135000,279
2026-08-10T02:41:53Z,108346,500000,500000,391
2026-08-10T02:41:53Z,108347,430000,1980000,301
2026-08-10T02:41:53Z,108348,172000,172000,453
2026-08-10T02:41:53Z,108349,8058400,8058400,32
2026-08-10T02:41:53Z,108350,1953400,1953400,71
2026-08-10T02:41:53Z,108351,19895000,19895000,12
2026-08-10T02:41:53Z,108352,183700,840000,461
2026-08-10T02:41:53Z,108353,59400,109400,607
2026-08-10T02:41:53Z,108354,510000,510000,215
2026-08-10T02:41:53Z,108355,812300,812300,291
2026-08-10T02:41:53Z,108356,107700,840000,463
2026-08-10T02:41:53Z,108357,2400000,2400000,42
2026-08-10T02:41:53Z,108359,4727400,4727400,81
2026-08-10T02:41:53Z,108360,250000,840000,437
2026-08-10T02:41:53Z,108361,200000,200000,315
2026-08-10T02:41:53Z,108362,9989900,9989900,27
2026-08-10T02:41:53Z,108363,1000000,1000000,42
2026-08-10T02:41:53Z,108364,2750000,2750000,32
2026-08-10T02:41:53Z,108365,303400,303400,321
2026-08-10T02:41:53Z,108391,1970100,1970100,67
2026-08-10T02:41:53Z,108439,6075900,6199800,123
2026-08-10T02:41:53Z,108649,999900,3902500,216
2026-08-10T02:41:53Z,108920,12200,12200,115
2026-08-10T02:41:53Z,108977,10000,10000,336
2026-08-10T02:41:53Z,108978,11200,11500,30
2026-08-10T02:41:53Z,108979,20000,20000,30
2026-08-10T02:41:53Z,108980,69900,89900,28
2026-08-10T02:41:53Z,108996,3900,10000,36241
2026-08-10T02:41:53Z,109076,46500,49400,45135
2026-08-10T02:41:53Z,109118,10300,14900,74038
2026-08-10T02:41:53Z,109119,17000,17000,20290
2026-08-10T02:41:53Z,109120,390000,399700,20
2026-08-10T02:41:53Z,109122,1250000,1250000,33
2026-08-10T02:41:53Z,109123,35700,229900,25416
2026-08-10T02:41:53Z,109124,13200,19500,4773
2026-08-10T02:41:53Z,109125,12500,17500,11011
2026-08-10T02:41:53Z,109126,10000,14900,28007
2026-08-10T02:41:53Z,109127,9700,9700,4316
2026-08-10T02:41:53Z,109128,10000,11900,13312
2026-08-10T02:41:53Z,109129,12500,16500,10852
2026-08-10T02:41:53Z,109131,18300,119000,49272
2026-08-10T02:41:53Z,109132,9000,18400,3813
2026-08-10T02:41:53Z,109133,59400,840000,639
2026-08-10T02:41:53Z,109134,840000,840000,380
2026-08-10T02:41:53Z,109135,19900,40000,2423
2026-08-10T02:41:53Z,109136,79000,79000,1643
2026-08-10T02:41:53Z,109137,8900,9600,107280
2026-08-10T02:41:53Z,109138,1900,1900,16499
2026-08-10T02:41:53Z,109139,2000,2000,1994
2026-08-10T02:41:53Z,109140,1800,1800,1230
2026-08-10T02:41:53Z,109141,3000,3900,15436
2026-08-10T02:41:53Z,109142,4000,839900,1209
2026-08-10T02:41:53Z,109143,8500,19700,148715
2026-08-10T02:41:53Z,109144,1000,1000,12867
2026-08-10T02:41:53Z,109145,123500,123500,123
2026-08-10T02:41:53Z,109147,200000,200000,218
2026-08-10T02:41:53Z,109148,110000,110000,115
2026-08-10T02:41:53Z,109152,5000,5000,196
2026-08-10T02:41:53Z,109153,100000,100000,492
2026-08-10T02:41:53Z,109155,70300,70300,478
2026-08-10T02:41:53Z,109156,187500,187500,116
2026-08-10T02:41:53Z,109160,80000,80000,94
2026-08-10T02:41:53Z,109184,1400,1400,917
2026-08-10T02:41:53Z,109217,5500,5500,186
2026-08-10T02:41:53Z,109218,84400,84500,403
2026-08-10T02:41:53Z,109219,27500,27500,255
2026-08-10T02:41:53Z,109220,2500,2500,96
2026-08-10T02:41:53Z,109221,5300,5300,259
2026-08-10T02:41:53Z,109222,19000,19000,121
2026-08-10T02:41:53Z,109223,1200,1200,671
2026-08-10T02:41:53Z,109226,7500,7500,308
2026-08-10T02:41:53Z,109584,6000000,6007000,161
2026-08-10T02:41:53Z,109585,341200,349800,4981
2026-08-10T02:41:53Z,109599,1743500,1744900,119
2026-08-10T02:41:53Z,109624,1700,1800,2865
2026-08-10T02:41:53Z,109625,18500,18500,933
2026-08-10T02:41:53Z,109626,110500,110500,698
2026-08-10T02:41:53Z,109627,4400,5400,800
2026-08-10T02:41:53Z,109628,30000,34000,1057
2026-08-10T02:41:53Z,109629,51800,51800,778
2026-08-10T02:41:53Z,109693,8900,11600,120473
2026-08-10T02:41:53Z,109991,8500,8500,1317
2026-08-10T02:41:53Z,109992,27500,29000,880
2026-08-10T02:41:53Z,110609,12400,17400,75090
2026-08-10T02:41:53Z,110610,4700,6900,13339
2026-08-10T02:41:53Z,110617,49000,218200,67
2026-08-10T02:41:53Z,110618,180400,218200,56
2026-08-10T02:41:53Z,110619,50000,218200,42
2026-08-10T02:41:53Z,110620,89990000,89990000,12
2026-08-10T02:41:53Z,110621,150000,218200,57
2026-08-10T02:41:53Z,110624,227300,227300,60
2026-08-10T02:41:53Z,110625,218200,218200,46
2026-08-10T02:41:53Z,110626,225200,225300,57
2026-08-10T02:41:53Z,110627,100005800,100005800,7
2026-08-10T02:41:53Z,110628,226500,226600,54
2026-08-10T02:41:53Z,110631,59200,218200,61
2026-08-10T02:41:53Z,110632,220000,223700,56
2026-08-10T02:41:53Z,110633,223200,223200,43
2026-08-10T02:41:53Z,110634,59990900,59990900,21
2026-08-10T02:41:53Z,110635,218200,218200,51
2026-08-10T02:41:53Z,110638,394400,448800,158
2026-08-10T02:41:53Z,110639,391500,569100,82
2026-08-10T02:41:53Z,110640,350000,573200,136
2026-08-10T02:41:53Z,110641,450000000,450000000,5
2026-08-10T02:41:53Z,110642,394100,565200,95
2026-08-10T02:41:53Z,110645,393300,400000,86
2026-08-10T02:41:53Z,110646,353100,573100,133
2026-08-10T02:41:53Z,110647,391000,573200,87
2026-08-10T02:41:53Z,110648,1508286300,1508286300,4
2026-08-10T02:41:53Z,110649,391400,569100,114
2026-08-10T02:41:53Z,110652,391400,573200,148
2026-08-10T02:41:53Z,110653,396600,396600,75
2026-08-10T02:41:53Z,110654,392100,565200,75
2026-08-10T02:41:53Z,110655,1825007400,1825007400,6
2026-08-10T02:41:53Z,110656,391200,573200,90
2026-08-10T02:41:53Z,110682,1911100,2143900,40
2026-08-10T02:41:53Z,110807,1500000200,1500000200,1
2026-08-10T02:41:53Z,110809,1500000200,1500000200,1
2026-08-10T02:41:53Z,110810,1500000200,1500000200,1
2026-08-10T02:41:53Z,110818,1500000200,1500000200,1
2026-08-10T02:41:53Z,110828,1500000200,1500000200,1
2026-08-10T02:41:53Z,110829,1500000200,1500000200,1
2026-08-10T02:41:53Z,110837,1500000200,1500000200,1
2026-08-10T02:41:53Z,110847,1500000200,1500000200,1
2026-08-10T02:41:53Z,110850,49000200,49000200,20
2026-08-10T02:41:53Z,110857,1500000200,1500000200,1
2026-08-10T02:41:53Z,110873,1500000200,1500000200,1
2026-08-10T02:41:53Z,110875,1500000200,1500000200,1
2026-08-10T02:41:53Z,111245,169800,218000,6326
2026-08-10T02:41:53Z,111431,30000,30000,523
2026-08-10T02:41:53Z,111433,10000,10000,1503
2026-08-10T02:41:53Z,111434,99900,100000,541
2026-08-10T02:41:53Z,111436,42500,72500,3900
2026-08-10T02:41:53Z,111437,18500,18500,578
2026-08-10T02:41:53Z,111438,50000,50000,465
2026-08-10T02:41:53Z,111439,4000,63400,2216
2026-08-10T02:41:53Z,111441,10000,10000,1579
2026-08-10T02:41:53Z,111442,8000,8000,1645
2026-08-10T02:41:53Z,111444,22200,22300,842
2026-08-10T02:41:53Z,111445,80000,80000,781
2026-08-10T02:41:53Z,111446,8000,8000,968
2026-08-10T02:41:53Z,111447,69800,90000,730
2026-08-10T02:41:53Z,111449,16000,16000,1631
2026-08-10T02:41:53Z,111450,84600,84600,239
2026-08-10T02:41:53Z,111452,55400,55400,780
2026-08-10T02:41:53Z,111453,4000,4000,968
2026-08-10T02:41:53Z,111454,20000,20000,510
2026-08-10T02:41:53Z,111455,5000,5000,881
2026-08-10T02:41:53Z,111456,2000,2000,2053
2026-08-10T02:41:53Z,111457,390000,390000,437
2026-08-10T02:41:53Z,111458,90000,97900,769
2026-08-10T02:41:53Z,111522,16000,16300,122
2026-08-10T02:41:53Z,111557,13000,16000,13762
2026-08-10T02:41:53Z,111589,3900,4000,1665
2026-08-10T02:41:53Z,111595,10000,10000,1671
2026-08-10T02:41:53Z,111601,22000,22000,3323
2026-08-10T02:41:53Z,111603,55000,55000,1077
2026-08-10T02:41:53Z,111650,2300,2400,1011
2026-08-10T02:41:53Z,111651,3000,53300,677
2026-08-10T02:41:53Z,111652,4300,4300,1257
2026-08-10T02:41:53Z,111656,540000,840000,1134
2026-08-10T02:41:53Z,111658,7800,840000,956
2026-08-10T02:41:53Z,111659,20000,20000,689
2026-08-10T02:41:53Z,111662,3300,840000,996
2026-08-10T02:41:53Z,111663,1200,1200,2248
2026-08-10T02:41:53Z,111664,10000,10000,1193
2026-08-10T02:41:53Z,111665,3700,3700,1563
2026-08-10T02:41:53Z,111666,2400,2800,2426
2026-08-10T02:41:53Z,111667,5500,5500,2073
2026-08-10T02:41:53Z,111668,3900,4900,8434
2026-08-10T02:41:53Z,111669,1700,1700,5330
2026-08-10T02:41:53Z,111670,1400,1400,1018
2026-08-10T02:41:53Z,111671,182100,182100,3079
2026-08-10T02:41:53Z,111672,3300,3500,9285
2026-08-10T02:41:53Z,111673,6300,6300,3451
2026-08-10T02:41:53Z,111674,4400,4400,4564
2026-08-10T02:41:53Z,111675,6800,6800,2744
2026-08-10T02:41:53Z,111676,7200,7200,2545
2026-08-10T02:41:53Z,112090,48900,149900,3707
2026-08-10T02:41:53Z,112093,58200,69300,174
2026-08-10T02:41:53Z,112095,3157900,3157900,8
2026-08-10T02:41:53Z,112111,440100,440100,24
2026-08-10T02:41:53Z,112115,780000,799500,74
2026-08-10T02:41:53Z,112155,2499900,2499900,41
2026-08-10T02:41:53Z,112156,517000,517000,98
2026-08-10T02:41:53Z,112157,72700,72700,598
2026-08-10T02:41:53Z,112158,70000,70000,1096
2026-08-10T02:41:53Z,112160,470000,470500,58
2026-08-10T02:41:53Z,112164,2332600,2345100,66
2026-08-10T02:41:53Z,112165,1999900,2389300,34
2026-08-10T02:41:53Z,112177,310000,310000,200
2026-08-10T02:41:53Z,112179,13500000,13500000,25
2026-08-10T02:41:53Z,112180,9900000,9900000,34
2026-08-10T02:41:53Z,112181,9877700,9877700,43
2026-08-10T02:41:53Z,112182,940000,940000,236
2026-08-10T02:41:53Z,112183,150372400,150372400,11
2026-08-10T02:41:53Z,112184,38500700,38500700,29
2026-08-10T02:41:53Z,112185,9391600,9391600,9
2026-08-10T02:41:53Z,112271,2000000,2000000,24
2026-08-10T02:41:53Z,112272,117000,129900,26
2026-08-10T02:41:53Z,112273,1962000,2180000,40
2026-08-10T02:41:53Z,112274,1926000,1926000,18
2026-08-10T02:41:53Z,112275,4480000,4480000,22
2026-08-10T02:41:53Z,112276,891000,1000000,27
2026-08-10T02:41:53Z,112277,905000,1005500,40
2026-08-10T02:41:53Z,112278,900000,1000000,62
2026-08-10T02:41:53Z,112279,179500,180000,31
2026-08-10T02:41:53Z,112280,30000,33000,55
2026-08-10T02:41:53Z,112281,891000,30000000,34
2026-08-10T02:41:53Z,112282,135000,150000,44
2026-08-10T02:41:53Z,112283,320000,380000,50
2026-08-10T02:41:53Z,112284,61700,68500,26
2026-08-10T02:41:53Z,112285,90000,100000,30
2026-08-10T02:41:53Z,112286,72000,90000,29
2026-08-10T02:41:53Z,112287,231600,257400,38
2026-08-10T02:41:53Z,112288,30000,30000,32
2026-08-10T02:41:53Z,112289,279000,310000,20
2026-08-10T02:41:53Z,112290,60000,69300,56
2026-08-10T02:41:53Z,112291,81000,100000,20
2026-08-10T02:41:53Z,112292,501200,501200,43
2026-08-10T02:41:53Z,112293,39000,39600,35
2026-08-10T02:41:53Z,112294,194900,217800,67
2026-08-10T02:41:53Z,112295,97300,332900,127
2026-08-10T02:41:53Z,112296,71100,79200,35
2026-08-10T02:41:53Z,112297,169500,170000,53
2026-08-10T02:41:53Z,112298,41000,41000,26
2026-08-10T02:41:53Z,112299,376200,380000,27
2026-08-10T02:41:53Z,112300,88300,88300,25
2026-08-10T02:41:53Z,112301,90000,165700,33
2026-08-10T02:41:53Z,112302,390000,400000,23
2026-08-10T02:41:53Z,112321,33800,101300,2058
2026-08-10T02:41:53Z,112449,400,400,1009
2026-08-10T02:41:53Z,112463,20000,20000,251
2026-08-10T02:41:53Z,112684,40000,40000,43
2026-08-10T02:41:53Z,113108,13000,9901000,49
2026-08-10T02:41:53Z,113111,4700,5000,2556
2026-08-10T02:41:53Z,113135,120000000,120000000,15
2026-08-10T02:41:53Z,113139,100009000,128750000,17
2026-08-10T02:41:53Z,113140,51115100,51115100,3
2026-08-10T02:41:53Z,113142,100000000,100000000,4
2026-08-10T02:41:53Z,113261,1200,9600,46042
2026-08-10T02:41:53Z,113262,1100,9600,39213
2026-08-10T02:41:53Z,113263,3000,11600,34655
2026-08-10T02:41:53Z,113264,1800,9900,40698
2026-08-10T02:41:53Z,113273,4206800,4206800,23
2026-08-10T02:41:53Z,113274,5000000,5000000,22
2026-08-10T02:41:53Z,113275,333300,333300,19
2026-08-10T02:41:53Z,113276,12000000,12000000,5
2026-08-10T02:41:53Z,113277,5550000,7910300,29
2026-08-10T02:41:53Z,113278,118700,118700,24
2026-08-10T02:41:53Z,113289,81000,90000,1031
2026-08-10T02:41:53Z,113290,1119600,1119600,308
2026-08-10T02:41:53Z,113355,7200,7300,80300
2026-08-10T02:41:53Z,113530,149900,49009900,22
2026-08-10T02:41:53Z,113574,42000,42000,25
2026-08-10T02:41:53Z,113576,32800,32800,42
2026-08-10T02:41:53Z,113585,7400,7400,3099
2026-08-10T02:41:53Z,113588,119600,129900,30301
2026-08-10T02:41:53Z,113909,290001500,290001500,1
2026-08-10T02:41:53Z,113911,290001500,290001500,1
2026-08-10T02:41:53Z,113912,290001500,290001500,1
2026-08-10T02:41:53Z,113992,76900,95400,433
2026-08-10T02:41:53Z,114001,60000,60000,27
2026-08-10T02:41:53Z,114004,100000,100000,28
2026-08-10T02:41:53Z,114008,210000,210000,26
2026-08-10T02:41:53Z,114013,100000,240000,30
2026-08-10T02:41:53Z,114015,100,100,170
2026-08-10T02:41:53Z,114016,24800,24800,92
2026-08-10T02:41:53Z,114017,6100,6300,91
2026-08-10T02:41:53Z,114056,190000,190000,2312
2026-08-10T02:41:53Z,114836,4600,840000,2565
2026-08-10T02:41:53Z,114931,19800,35900,30119
2026-08-10T02:41:53Z,115012,499900,49009900,22
2026-08-10T02:41:53Z,115351,49900,49900,79
2026-08-10T02:41:53Z,115352,65000,65000,236
2026-08-10T02:41:53Z,115353,29700,30000,531
2026-08-10T02:41:53Z,115354,125000,9900000,49
2026-08-10T02:41:53Z,115355,43300,43300,86
2026-08-10T02:41:53Z,115464,72421200,72421200,4
2026-08-10T02:41:53Z,115470,59900,9992700,26
2026-08-10T02:41:53Z,115502,164800,164900,328
2026-08-10T02:41:53Z,115504,10000,19800,8780
2026-08-10T02:41:53Z,115511,7770000,7770000,29
2026-08-10T02:41:53Z,115512,499999900,499999900,9
2026-08-10T02:41:53Z,115526,7600,7600,222
2026-08-10T02:41:53Z,115803,14700,14800,97
2026-08-10T02:41:53Z,115804,13200,19600,84
2026-08-10T02:41:53Z,115805,207300,207300,79
2026-08-10T02:41:53Z,115806,25000,25000,32
2026-08-10T02:41:53Z,115807,54900,55000,96
2026-08-10T02:41:53Z,115808,13500,13500,90
2026-08-10T02:41:53Z,115809,3500000,3500000,13
2026-08-10T02:41:53Z,115811,5199900,5200000,81
2026-08-10T02:41:53Z,115812,2566700,2566800,42
2026-08-10T02:41:53Z,115813,49991100,49991100,7
2026-08-10T02:41:53Z,115814,3510000,3519000,29
2026-08-10T02:41:53Z,115815,1795900,1795900,21
2026-08-10T02:41:53Z,116119,500,500,60
2026-08-10T02:41:53Z,116147,450000,450000,33
2026-08-10T02:41:53Z,116148,194600,194600,37
2026-08-10T02:41:53Z,116149,150000,150000,175
2026-08-10T02:41:53Z,116170,3900,4000,433
2026-08-10T02:41:53Z,116172,9984100,9984100,81
2026-08-10T02:41:53Z,116266,39800,39800,1400
2026-08-10T02:41:53Z,116268,41100,41100,257
2026-08-10T02:41:53Z,116271,80000,130000,11034
2026-08-10T02:41:53Z,116276,17600,17600,67
2026-08-10T02:41:53Z,116392,29600500,148540000,25
2026-08-10T02:41:53Z,116405,300000,329900,1331
2026-08-10T02:41:53Z,116406,840000,840000,76
2026-08-10T02:41:53Z,116407,249900,249900,401
2026-08-10T02:41:53Z,116408,54000,59500,415
2026-08-10T02:41:53Z,116409,640000,640000,1465
2026-08-10T02:41:53Z,116428,127300,127500,195
2026-08-10T02:41:53Z,116654,97300,97500,484
2026-08-10T02:41:53Z,116810,68700,69300,121
2026-08-10T02:41:53Z,116811,399900,399900,169
2026-08-10T02:41:53Z,116812,480000000,480000000,35
2026-08-10T02:41:53Z,116923,9000,9909000,112
2026-08-10T02:41:53Z,116979,3400,3400,1626
2026-08-10T02:41:53Z,116981,100,100,1064
2026-08-10T02:41:53Z,117415,43000,43100,25
2026-08-10T02:41:53Z,117437,49500,49500,97
2026-08-10T02:41:53Z,117439,10000,10000,198
2026-08-10T02:41:53Z,117440,9896000,9896000,45
2026-08-10T02:41:53Z,117441,208900,9902200,46
2026-08-10T02:41:53Z,117442,9900,9900,93
2026-08-10T02:41:53Z,117452,35000,35000,64
2026-08-10T02:41:53Z,117453,8200,8200,156
2026-08-10T02:41:53Z,117454,19900,19900,2861
2026-08-10T02:41:53Z,117457,9781200,9880000,55
2026-08-10T02:41:53Z,117469,50000,50000,61
2026-08-10T02:41:53Z,117470,40000,9700000,49
2026-08-10T02:41:53Z,117471,9940000,9940000,30
2026-08-10T02:41:53Z,117472,9899900,9899900,45
2026-08-10T02:41:53Z,117473,35400,35400,69
2026-08-10T02:41:53Z,117474,44400,9900000,52
2026-08-10T02:41:53Z,117475,9899900,9899900,30
2026-08-10T02:41:53Z,117568,29900,29900,105
2026-08-10T02:41:53Z,118006,3400,3600,527
2026-08-10T02:41:53Z,118007,2500,3000,593
2026-08-10T02:41:53Z,118008,540000,540000,16
2026-08-10T02:41:53Z,118015,2200000,2216900,31
2026-08-10T02:41:53Z,118061,70900,80000,546
2026-08-10T02:41:53Z,118063,1500001600,1500001600,1
2026-08-10T02:41:53Z,118067,290000100,290000100,1
2026-08-10T02:41:53Z,118225,4300,4300,2995
2026-08-10T02:41:53Z,118280,2000,2000,26
2026-08-10T02:41:53Z,118391,37000,37000,108
2026-08-10T02:41:53Z,118392,7772100,49002100,21
2026-08-10T02:41:53Z,118414,390000,427600,5661
2026-08-10T02:41:53Z,118415,1940400,1940400,49
2026-08-10T02:41:53Z,118416,9774800,9774800,27
2026-08-10T02:41:53Z,118428,1400,1500,72
2026-08-10T02:41:53Z,118472,264400,399800,4315
2026-08-10T02:41:53Z,118565,39990000,39990000,14
2026-08-10T02:41:53Z,118576,99900,99900,1040
2026-08-10T02:41:53Z,118592,554100,554100,70
2026-08-10T02:41:53Z,118630,51300,51300,320
2026-08-10T02:41:53Z,118631,96100,96100,307
2026-08-10T02:41:53Z,118632,49800,49800,253
2026-08-10T02:41:53Z,118681,49002200,49002200,20
2026-08-10T02:41:53Z,118704,150200,150200,129
2026-08-10T02:41:53Z,118711,86100,89900,9807
2026-08-10T02:41:53Z,118898,13500,13500,51
2026-08-10T02:41:53Z,118899,449900,7335900,50
2026-08-10T02:41:53Z,118900,39990100,39990100,5
2026-08-10T02:41:53Z,118901,5500,7700,57
2026-08-10T02:41:53Z,118902,11100,11100,53
2026-08-10T02:41:53Z,119022,19000,19000,65
2026-08-10T02:41:53Z,119094,9990000,9990000,23
2026-08-10T02:41:53Z,119095,8990600,9989500,21
2026-08-10T02:41:53Z,119096,395700,395700,36
2026-08-10T02:41:53Z,119097,6467900,19898700,12
2026-08-10T02:41:53Z,119098,9903200,9903200,24
2026-08-10T02:41:53Z,119099,4700000,9996500,24
2026-08-10T02:41:53Z,119100,9990000,9992500,24
2026-08-10T02:41:53Z,119101,9869500,9869500,24
2026-08-10T02:41:53Z,119102,1121900,1121900,51
2026-08-10T02:41:53Z,119157,9898000,9898000,45
2026-08-10T02:41:53Z,119213,19906700,19906700,11
2026-08-10T02:41:53Z,119324,267000,267000,72
2026-08-10T02:41:53Z,120150,43300,53300,299
2026-08-10T02:41:53Z,120168,199900,199900,433
2026-08-10T02:41:53Z,120257,117900,118000,713
2026-08-10T02:41:53Z,120269,20000100,20000100,9
2026-08-10T02:41:53Z,120270,290000100,290000100,1
2026-08-10T02:41:53Z,120271,290000100,290000100,1
2026-08-10T02:41:53Z,120274,45000000,45000000,13
2026-08-10T02:41:53Z,120293,9600,9600,106
2026-08-10T02:41:53Z,120300,1500000200,1500000200,1
2026-08-10T02:41:53Z,120328,290000100,290000100,2
2026-08-10T02:41:53Z,120329,290000100,290000100,1
2026-08-10T02:41:53Z,120330,290000100,290000100,1
2026-08-10T02:41:53Z,120331,290000100,290000100,1
2026-08-10T02:41:53Z,120332,45000100,45000100,3
2026-08-10T02:41:53Z,120333,290000100,290000100,2
2026-08-10T02:41:53Z,120959,117500,117500,154
2026-08-10T02:41:53Z,122343,20000,20000,1119
2026-08-10T02:41:53Z,122344,9500,9500,253
2026-08-10T02:41:53Z,122345,408600,408600,188
2026-08-10T02:41:53Z,122346,60000,60000,128
2026-08-10T02:41:53Z,122347,18800,9966900,49
2026-08-10T02:41:53Z,122348,30000,44300,123
2026-08-10T02:41:53Z,122742,1700,2700,67
2026-08-10T02:41:53Z,123918,45000,45600,259104
2026-08-10T02:41:53Z,123919,16900,58000,151158
2026-08-10T02:41:53Z,123956,749800,2447900,961
2026-08-10T02:41:53Z,124101,45600,66500,62439
2026-08-10T02:41:53Z,124102,55000,56200,73738
2026-08-10T02:41:53Z,124103,42000,159900,29530
2026-08-10T02:41:53Z,124104,44900,70900,28633
2026-08-10T02:41:53Z,124105,89000,89900,9286
2026-08-10T02:41:53Z,124106,989000,997100,6714
2026-08-10T02:41:53Z,124107,1000,1000,2777
2026-08-10T02:41:53Z,124108,3400,4100,9410
2026-08-10T02:41:53Z,124109,46400,48900,28819
2026-08-10T02:41:53Z,124110,1700,1900,1806
2026-08-10T02:41:53Z,124111,11600,12200,3734
2026-08-10T02:41:53Z,124112,7100,7900,11376
2026-08-10T02:41:53Z,124113,26700,32900,88586
2026-08-10T02:41:53Z,124115,59400,63000,24711
2026-08-10T02:41:53Z,124116,770000,780000,13121
2026-08-10T02:41:53Z,124117,42700,69900,173649
2026-08-10T02:41:53Z,124118,4100,4500,13496
2026-08-10T02:41:53Z,124119,66500,66500,5588
2026-08-10T02:41:53Z,124120,1100,2000,23648
2026-08-10T02:41:53Z,124121,600,700,72621
2026-08-10T02:41:53Z,124125,9000000,19900000,42
2026-08-10T02:41:53Z,124436,109900,109900,2378
2026-08-10T02:41:53Z,124437,6000,8100,238447
2026-08-10T02:41:53Z,124438,1800,4100,133803
2026-08-10T02:41:53Z,124439,700,700,137088
2026-08-10T02:41:53Z,124440,15300,15300,13905
2026-08-10T02:41:53Z,124441,29500,31100,223987
2026-08-10T02:41:53Z,124442,129900,130000,3221
2026-08-10T02:41:53Z,124444,180000,186100,7803
2026-08-10T02:41:53Z,124461,141100,149900,24911
2026-08-10T02:41:53Z,124640,37400,37400,15442
2026-08-10T02:41:53Z,124661,184000,267600,103
2026-08-10T02:41:53Z,124669,89000,98500,182920
2026-08-10T02:41:53Z,124671,2200000,2485600,137355
2026-08-10T02:41:53Z,126934,88800,88800,178
2026-08-10T02:41:53Z,126935,750000,750000,92
2026-08-10T02:41:53Z,126936,765400,765400,72
2026-08-10T02:41:53Z,127004,25300,25300,7365
2026-08-10T02:41:53Z,127037,9200,9400,4536
2026-08-10T02:41:53Z,127368,12386500,12386500,8
2026-08-10T02:41:53Z,127681,11900,11900,1914
2026-08-10T02:41:53Z,127712,7500000400,7500000400,1
2026-08-10T02:41:53Z,127713,7500000400,7500000400,1
2026-08-10T02:41:53Z,127714,7500000400,7500000400,1
2026-08-10T02:41:53Z,127715,7500000400,7500000400,1
2026-08-10T02:41:53Z,127718,5500000400,5500000400,1
2026-08-10T02:41:53Z,127730,7500000400,7500000400,1
2026-08-10T02:41:53Z,127731,7500000400,7500000400,1
2026-08-10T02:41:53Z,127732,7500000400,7500000400,1
2026-08-10T02:41:53Z,127736,9500000400,9500000400,1
2026-08-10T02:41:53Z,127759,5000,12500,24594
2026-08-10T02:41:53Z,127760,10000000,22220000,39
2026-08-10T02:41:53Z,127761,25000000,34209900,43
2026-08-10T02:41:53Z,127762,25000000,46999900,22
2026-08-10T02:41:53Z,127763,1500000000,1500000000,1
2026-08-10T02:41:53Z,127764,4990000,4990000,35
2026-08-10T02:41:53Z,127765,5000000,56199600,45
2026-08-10T02:41:53Z,127834,39000,39100,1818
2026-08-10T02:41:53Z,127835,94400,94400,5976
2026-08-10T02:41:53Z,127836,1200,1200,852
2026-08-10T02:41:53Z,127837,19200,19200,471
2026-08-10T02:41:53Z,127838,473200,473300,92
2026-08-10T02:41:53Z,127839,259900,259900,278
2026-08-10T02:41:53Z,127840,249900,249900,154
2026-08-10T02:41:53Z,127841,27500,27500,408
2026-08-10T02:41:53Z,127843,25500,25500,49
2026-08-10T02:41:53Z,127844,12400,12400,164
2026-08-10T02:41:53Z,127845,159800,159800,254
2026-08-10T02:41:53Z,127846,39800,69900,431
2026-08-10T02:41:53Z,127847,45400,45400,218
2026-08-10T02:41:53Z,127848,43000,48500,166
2026-08-10T02:41:53Z,127849,25000,25000,338
2026-08-10T02:41:53Z,127850,39300,39300,191
2026-08-10T02:41:53Z,127991,2500,2500,3969
2026-08-10T02:41:53Z,128011,1500000400,1500000400,1
2026-08-10T02:41:53Z,128012,554448000,554448000,3
2026-08-10T02:41:53Z,128013,2499990400,2499990400,2
2026-08-10T02:41:53Z,128016,7500000400,7500000400,1
2026-08-10T02:41:53Z,128018,9500000400,9500000400,1
2026-08-10T02:41:53Z,128159,2125000100,2125000100,1
2026-08-10T02:41:53Z,128219,9900000,9900000,30
2026-08-10T02:41:53Z,128304,19700,19700,9810
2026-08-10T02:41:53Z,128312,150000000,199999100,17
2026-08-10T02:41:53Z,128314,1555500,2400000,251
2026-08-10T02:41:53Z,128315,59689400,61998800,891
2026-08-10T02:41:53Z,128385,9962300,9962300,20
2026-08-10T02:41:53Z,128436,152600,152600,237
2026-08-10T02:41:53Z,128498,9802300,9802300,27
2026-08-10T02:41:53Z,128499,648900,649800,574
2026-08-10T02:41:53Z,128500,11400,11400,944
2026-08-10T02:41:53Z,128537,5000,5000,309
2026-08-10T02:41:53Z,128538,44500,44500,134
2026-08-10T02:41:53Z,128539,47000,47500,475
2026-08-10T02:41:53Z,128540,1300,1300,948
2026-08-10T02:41:53Z,128541,8900,18900,657
2026-08-10T02:41:53Z,128542,909900,999900,110
2026-08-10T02:41:53Z,128543,14000,14000,818
2026-08-10T02:41:53Z,128544,96000,1062000,119
2026-08-10T02:41:53Z,128545,603600,603700,58
2026-08-10T02:41:53Z,128546,189700,189700,86
2026-08-10T02:41:53Z,128547,434300,435800,53
2026-08-10T02:41:53Z,128548,9309500,11999900,86
2026-08-10T02:41:53Z,128549,9889100,11999900,79
2026-08-10T02:41:53Z,128550,9759800,19900000,141
2026-08-10T02:41:53Z,128551,2276800,2276800,31
2026-08-10T02:41:53Z,128552,1999900,1999900,78
2026-08-10T02:41:53Z,128553,2349400,2349400,52
2026-08-10T02:41:53Z,128554,141400,141400,103
2026-08-10T02:41:53Z,128558,396900,398400,38
2026-08-10T02:41:53Z,128559,92600,92600,105
2026-08-10T02:41:53Z,128560,50000,50000,84
2026-08-10T02:41:53Z,128561,29700,29700,92
2026-08-10T02:41:53Z,128632,14200,14200,2284
2026-08-10T02:41:53Z,128648,5937500,5937500,111
2026-08-10T02:41:53Z,128650,4800,13500,2071
2026-08-10T02:41:53Z,128713,34990000,34990000,10
2026-08-10T02:41:53Z,128714,39994500,39994500,27
2026-08-10T02:41:53Z,128715,3509800,3509800,4
2026-08-10T02:41:53Z,128716,199000000,199000000,5
2026-08-10T02:41:53Z,128717,199720000,199720000,7
2026-08-10T02:41:53Z,128718,190000000,190000000,4
2026-08-10T02:41:53Z,128719,15559200,15559200,20
2026-08-10T02:41:53Z,128720,150009800,150009800,3
2026-08-10T02:41:53Z,128721,31448700,31448700,4
2026-08-10T02:41:53Z,128722,39808000,39908000,11
2026-08-10T02:41:53Z,128723,20005700,20005700,24
2026-08-10T02:41:53Z,128724,2509400,2509500,13
2026-08-10T02:41:53Z,128725,39999800,39999800,16
2026-08-10T02:41:53Z,128726,35553100,35553100,14
2026-08-10T02:41:53Z,128727,39900000,39900000,6
2026-08-10T02:41:53Z,128728,31111500,31111500,20
2026-08-10T02:41:53Z,128729,19989800,19989800,15
2026-08-10T02:41:53Z,128730,15007500,15007600,31
2026-08-10T02:41:53Z,128731,199900000,199900000,1
2026-08-10T02:41:53Z,128732,85540000,85550000,32
2026-08-10T02:41:53Z,128733,198610000,198610000,1
2026-08-10T02:41:53Z,128734,65511100,65511100,16
2026-08-10T02:41:53Z,128735,13334800,13334800,12
2026-08-10T02:41:53Z,128736,199000000,199000000,2
2026-08-10T02:41:53Z,128737,199990000,199990000,1
2026-08-10T02:41:53Z,128738,49999900,49999900,5
2026-08-10T02:41:53Z,128739,129130000,129139300,44
2026-08-10T02:41:53Z,128740,95000000,95000000,2
2026-08-10T02:41:53Z,128741,39999700,39999700,12
2026-08-10T02:41:53Z,128742,150000000,150000000,16
2026-08-10T02:41:53Z,128743,12918900,12919000,11
2026-08-10T02:41:53Z,128744,162750000,162750000,6
2026-08-10T02:41:53Z,128761,29900,29900,119
2026-08-10T02:41:53Z,128763,200700,200700,72
2026-08-10T02:41:53Z,128764,131100,131100,151
2026-08-10T02:41:53Z,128768,16000,17200,1193
2026-08-10T02:41:53Z,128793,7400,7400,91
2026-08-10T02:41:53Z,128833,874900,874900,185
2026-08-10T02:41:53Z,128834,239900,239900,131
2026-08-10T02:41:53Z,128835,1090000,1090000,110
2026-08-10T02:41:53Z,128836,40000,40000,130
2026-08-10T02:41:53Z,128837,217500,9889200,107
2026-08-10T02:41:53Z,128838,44200,44600,84
2026-08-10T02:41:53Z,128839,181100,188100,245
2026-08-10T02:41:53Z,128840,308800,308800,129
2026-08-10T02:41:53Z,128841,29000,29000,56
2026-08-10T02:41:53Z,128842,206700,206700,77
2026-08-10T02:41:53Z,128843,1992000,1992000,185
2026-08-10T02:41:53Z,128844,700000,700000,110
2026-08-10T02:41:53Z,128845,39500,39500,89
2026-08-10T02:41:53Z,128846,59700,59700,140
2026-08-10T02:41:53Z,128847,199900,199900,200
2026-08-10T02:41:53Z,128848,10000,10000,208
2026-08-10T02:41:53Z,128849,2700,2700,144
2026-08-10T02:41:53Z,128850,39990000,39990000,5
2026-08-10T02:41:53Z,128851,250500,250500,144
2026-08-10T02:41:53Z,128853,909900,909900,150
2026-08-10T02:41:53Z,128979,4500000,9809800,21
2026-08-10T02:41:53Z,128980,494300,494400,84
2026-08-10T02:41:53Z,128983,3900000,3900000,201
2026-08-10T02:41:53Z,128984,3909900,3909900,199
2026-08-10T02:41:53Z,128985,999900,3904200,218
2026-08-10T02:41:53Z,128987,1509300,1509400,44
2026-08-10T02:41:53Z,128988,999700,999800,49
2026-08-10T02:41:53Z,128989,9986300,9986300,36
2026-08-10T02:41:53Z,128990,7642200,7642200,66
2026-08-10T02:41:53Z,128991,5003800,5003800,100
2026-08-10T02:41:53Z,128992,3463900,3464000,45
2026-08-10T02:41:53Z,128993,3001600,3001600,68
2026-08-10T02:41:53Z,128994,36500,36500,170
2026-08-10T02:41:53Z,128995,40000,40000,110
2026-08-10T02:41:53Z,128996,70000,985000,157
2026-08-10T02:41:53Z,128997,999600,999600,51
2026-08-10T02:41:53Z,128998,480000,480000,45
2026-08-10T02:41:53Z,128999,66000,66000,41
2026-08-10T02:41:53Z,129000,340000,349000,52
2026-08-10T02:41:53Z,129001,998900,998900,68
2026-08-10T02:41:53Z,129002,40000,40000,62
2026-08-10T02:41:53Z,129003,440000,449900,71
2026-08-10T02:41:53Z,129017,3490000,3915000,106
2026-08-10T02:41:53Z,129018,6890000,6890000,89
2026-08-10T02:41:53Z,129019,8866500,8866500,292
2026-08-10T02:41:53Z,129020,5005100,5005100,108
2026-08-10T02:41:53Z,129021,4000000,4000000,176
2026-08-10T02:41:53Z,129022,7135600,7136600,134
2026-08-10T02:41:53Z,129028,5500000,5877600,185
2026-08-10T02:41:53Z,129029,5992900,5992900,107
2026-08-10T02:41:53Z,129032,47100,47100,75053
2026-08-10T02:41:53Z,129034,464500,472200,89821
2026-08-10T02:41:53Z,129099,959400,959400,59
2026-08-10T02:41:53Z,129100,2300,2300,20881
2026-08-10T02:41:53Z,129158,100,100,1429
2026-08-10T02:41:53Z,129284,987400,987500,1200
2026-08-10T02:41:53Z,129285,749900,749900,2375
2026-08-10T02:41:53Z,129286,2177000,2177000,123
2026-08-10T02:41:53Z,129287,950000,990000,391
2026-08-10T02:41:53Z,129288,469900,509900,2059
2026-08-10T02:41:53Z,129289,10999900,11110000,356
2026-08-10T02:41:53Z,130172,86800,87000,542
2026-08-10T02:41:53Z,130173,40600,41100,638
2026-08-10T02:41:53Z,130174,29800,30000,619
2026-08-10T02:41:53Z,130175,204800,205000,3362
2026-08-10T02:41:53Z,130176,49300,49500,538
2026-08-10T02:41:53Z,130177,19800,32000,2722
2026-08-10T02:41:53Z,130178,67800,68100,92
2026-08-10T02:41:53Z,130179,139800,149900,3019
2026-08-10T02:41:53Z,130180,59700,59900,46
2026-08-10T02:41:53Z,130181,3995800,4000000,870
2026-08-10T02:41:53Z,130182,99800,100000,345
2026-08-10T02:41:53Z,130183,79200,79200,2072
2026-08-10T02:41:53Z,130192,1600,1600,116
2026-08-10T02:41:53Z,130200,459600,459600,86
2026-08-10T02:41:53Z,130201,959400,959400,52
2026-08-10T02:41:53Z,130202,1125000,1125000,34
2026-08-10T02:41:53Z,130203,95900,96000,76
2026-08-10T02:41:53Z,130204,451800,451800,54
2026-08-10T02:41:53Z,130215,19800,19900,40
2026-08-10T02:41:53Z,130216,64000,78500,57
2026-08-10T02:41:53Z,130217,35000,35000,80
2026-08-10T02:41:53Z,130218,48000,48500,105
2026-08-10T02:41:53Z,130219,1508800,1508800,57
2026-08-10T02:41:53Z,130220,409900,409900,51
2026-08-10T02:41:53Z,130221,601800,691800,55
2026-08-10T02:41:53Z,130222,7500000,8880000,91
2026-08-10T02:41:53Z,130245,15000000,15000000,32
2026-08-10T02:41:53Z,130246,15464600,15464600,88
2026-08-10T02:41:53Z,130247,11113100,11113100,117
2026-08-10T02:41:53Z,130248,18504700,18504700,63
2026-08-10T02:41:53Z,130250,83900,103900,1444
2026-08-10T02:41:53Z,130258,93900,490000,663
2026-08-10T02:41:53Z,130264,39800,39800,172
2026-08-10T02:41:53Z,130265,500000,500000,27
2026-08-10T02:41:53Z,130268,8500000,8500000,32
2026-08-10T02:41:53Z,130903,1481900,1481900,2036
2026-08-10T02:41:53Z,130904,1990000,2006400,1592
2026-08-10T02:41:53Z,130905,243100,248600,3293
2026-08-10T02:41:53Z,131729,25000,43500,827
2026-08-10T02:41:53Z,131746,1670500,1670700,43
2026-08-10T02:41:53Z,132166,1500003100,1500003100,1
2026-08-10T02:41:53Z,132182,290000700,290000700,1
2026-08-10T02:41:53Z,132183,28700,28700,43
2026-08-10T02:41:53Z,132184,2000,2000,158
2026-08-10T02:41:53Z,132185,40000000,40000000,6
2026-08-10T02:41:53Z,132186,979900,979900,35
2026-08-10T02:41:53Z,132188,1500005600,1500005600,1
2026-08-10T02:41:53Z,132189,49003400,49003400,20
2026-08-10T02:41:53Z,132190,409800,509800,11
2026-08-10T02:41:53Z,132191,290001200,290001200,1
2026-08-10T02:41:53Z,132192,30000,30000,135
2026-08-10T02:41:53Z,132193,5000,5000,534
2026-08-10T02:41:53Z,132194,290001400,290001400,1
2026-08-10T02:41:53Z,132197,290002000,290002000,2
2026-08-10T02:41:53Z,132199,35200,35200,25
2026-08-10T02:41:53Z,132200,50007100,50007100,2
2026-08-10T02:41:53Z,132204,2100,2100,170
2026-08-10T02:41:53Z,132207,290003700,290003700,1
2026-08-10T02:41:53Z,132208,49009900,49009900,20
2026-08-10T02:41:53Z,132211,49000000,49000000,20
2026-08-10T02:41:53Z,132212,3000,3200,199
2026-08-10T02:41:53Z,132213,1906700,1906700,22
2026-08-10T02:41:53Z,132216,1505500,1505500,9
2026-08-10T02:41:53Z,132217,150000,690000,76
2026-08-10T02:41:53Z,132218,451900,452000,18
2026-08-10T02:41:53Z,132219,4999900,4999900,5
2026-08-10T02:41:53Z,132220,530000,530000,25
2026-08-10T02:41:53Z,132223,35000,35000,69
2026-08-10T02:41:53Z,132224,290004400,290004400,1
2026-08-10T02:41:53Z,132225,2003900,2003900,25
2026-08-10T02:41:53Z,132227,290008400,290008400,1
2026-08-10T02:41:53Z,132229,49009900,49009900,10
2026-08-10T02:41:53Z,132230,4000000,4000000,5
2026-08-10T02:41:53Z,132231,2200,3000,188
2026-08-10T02:41:53Z,132232,850000,850000,10
2026-08-10T02:41:53Z,132233,12200,12200,275
2026-08-10T02:41:53Z,132234,29900,29900,32
2026-08-10T02:41:53Z,132235,290007500,290007500,1
2026-08-10T02:41:53Z,132237,2900,2900,50
2026-08-10T02:41:53Z,132238,290002000,290002000,1
2026-08-10T02:41:53Z,132239,1209500,1209600,19
2026-08-10T02:41:53Z,132240,49000700,49000700,20
2026-08-10T02:41:53Z,132509,399900,400000,137
2026-08-10T02:41:53Z,132510,11000,11000,2409
2026-08-10T02:41:53Z,132513,9991000,9991000,25
2026-08-10T02:41:53Z,132514,810000,1150000,173314
2026-08-10T02:41:53Z,132515,179900,508100,102
2026-08-10T02:41:53Z,132516,753100,753100,345
2026-08-10T02:41:53Z,132517,1112700,11202700,22
2026-08-10T02:41:53Z,132524,137691200,137691200,22
2026-08-10T02:41:53Z,132525,8880000,8880000,335
2026-08-10T02:41:53Z,132526,4320300,4320300,21
2026-08-10T02:41:53Z,132528,4005900,4005900,22
2026-08-10T02:41:53Z,132530,39909500,39909500,31
2026-08-10T02:41:53Z,132531,3939927900,3939927900,7
2026-08-10T02:41:53Z,132752,400,400,256
2026-08-10T02:41:53Z,132753,4000,8000,680
2026-08-10T02:41:53Z,132982,7000000,7000000,133
2026-08-10T02:41:53Z,133545,7509900,7509900,68
2026-08-10T02:41:53Z,133553,49003800,49003800,21
2026-08-10T02:41:53Z,133557,6600,6600,558
2026-08-10T02:41:53Z,133561,16800,16900,168
2026-08-10T02:41:53Z,133562,27000,27000,120
2026-08-10T02:41:53Z,133563,14800,14900,1194
2026-08-10T02:41:53Z,133564,115200,115400,2270
2026-08-10T02:41:53Z,133565,149800,149900,174
2026-08-10T02:41:53Z,133566,375900,375900,117
2026-08-10T02:41:53Z,133567,1300,1300,119
2026-08-10T02:41:53Z,133568,259400,259400,162
2026-08-10T02:41:53Z,133569,17500,17500,392
2026-08-10T02:41:53Z,133570,1300,1300,533
2026-08-10T02:41:53Z,133571,5100,5200,329
2026-08-10T02:41:53Z,133572,2800,2800,330
2026-08-10T02:41:53Z,133573,5100,5100,254
2026-08-10T02:41:53Z,133574,6600,6600,222
2026-08-10T02:41:53Z,133575,1300,1300,1224
2026-08-10T02:41:53Z,133576,7500,7500,2725
2026-08-10T02:41:53Z,133577,10000,10000,986
2026-08-10T02:41:53Z,133578,2495000,2495000,56
2026-08-10T02:41:53Z,133579,347800,347900,138
2026-08-10T02:41:53Z,133586,40000,40000,234
2026-08-10T02:41:53Z,133588,27200,27200,1712
2026-08-10T02:41:53Z,133589,13300,13300,2643
2026-08-10T02:41:53Z,133590,13300,13300,1845
2026-08-10T02:41:53Z,133591,3400,3700,1474
2026-08-10T02:41:53Z,133592,50000,50000,1578
2026-08-10T02:41:53Z,133593,10000,10000,1450
2026-08-10T02:41:53Z,133607,1500,1800,24917
2026-08-10T02:41:53Z,133680,49900,79900,3930
2026-08-10T02:41:53Z,133681,10000,10000,371
2026-08-10T02:41:53Z,133688,6200,6200,272
2026-08-10T02:41:53Z,133893,9999300,9999300,29
2026-08-10T02:41:53Z,133913,9990300,9990300,97
2026-08-10T02:41:53Z,133940,47500,47500,1342
2026-08-10T02:41:53Z,133942,28000,28000,363
2026-08-10T02:41:53Z,133979,199006900,199006900,1
2026-08-10T02:41:53Z,133980,220000,220000,59
2026-08-10T02:41:53Z,133981,9900000,9900000,32
2026-08-10T02:41:53Z,134048,2220100,2220100,2
2026-08-10T02:41:53Z,134049,290000100,290000100,4
2026-08-10T02:41:53Z,134050,290000100,290000100,5
2026-08-10T02:41:53Z,134051,509900,800000,51
2026-08-10T02:41:53Z,134052,290000100,290000100,3
2026-08-10T02:41:53Z,134053,6650100,6650100,12
2026-08-10T02:41:53Z,134054,3330100,3330100,16
2026-08-10T02:41:53Z,134860,1240000,1240000,331
2026-08-10T02:41:53Z,136342,3700,3700,1390
2026-08-10T02:41:53Z,136353,290001300,290001300,1
2026-08-10T02:41:53Z,136355,990001000,990001000,1
2026-08-10T02:41:53Z,136375,4502700,4992700,34
2026-08-10T02:41:53Z,136376,19992800,19992800,10
2026-08-10T02:41:53Z,136377,6500,7500,1875
2026-08-10T02:41:53Z,136544,49900,49900,83
2026-08-10T02:41:53Z,136545,12100,12100,157
2026-08-10T02:41:53Z,136546,199800,199800,53
2026-08-10T02:41:53Z,136547,109400,109400,65
2026-08-10T02:41:53Z,136548,300000,450000,65
2026-08-10T02:41:53Z,136549,299900,299900,38
2026-08-10T02:41:53Z,136550,159800,159800,102
2026-08-10T02:41:53Z,136551,58800,58800,161
2026-08-10T02:41:53Z,136552,299000,9909900,28
2026-08-10T02:41:53Z,136553,190600,9890600,43
2026-08-10T02:41:53Z,136554,59800,59800,91
2026-08-10T02:41:53Z,136555,10000,10000,65
2026-08-10T02:41:53Z,136556,6900,6900,194
2026-08-10T02:41:53Z,136557,44700,54700,159
2026-08-10T02:41:53Z,136558,40000,80000,102
2026-08-10T02:41:53Z,136559,6452100,6452100,8
2026-08-10T02:41:53Z,136560,19994100,19994100,19
2026-08-10T02:41:53Z,136561,18100,18100,100
2026-08-10T02:41:53Z,136562,967800,9909900,35
2026-08-10T02:41:53Z,136563,9898900,9898900,39
2026-08-10T02:41:53Z,136564,188400,188400,82
2026-08-10T02:41:53Z,136565,900200,900200,43
2026-08-10T02:41:53Z,136566,99900,109700,45
2026-08-10T02:41:53Z,136567,29500,29700,126
2026-08-10T02:41:53Z,136568,909900,909900,38
2026-08-10T02:41:53Z,136569,59400,59400,320
2026-08-10T02:41:53Z,136570,290006500,290006500,1
2026-08-10T02:41:53Z,136571,9906500,9906500,100
2026-08-10T02:41:53Z,136572,450006500,450006500,1
2026-08-10T02:41:53Z,136573,50006500,50006500,2
2026-08-10T02:41:53Z,136574,40006500,40006500,2
2026-08-10T02:41:53Z,136575,290006500,290006500,1
2026-08-10T02:41:53Z,136576,990006500,990006500,1
2026-08-10T02:41:53Z,136596,59900,59900,545
2026-08-10T02:41:53Z,136597,50100,50100,109
2026-08-10T02:41:53Z,136598,50100,50100,53
2026-08-10T02:41:53Z,136606,499800,1990100,4040
2026-08-10T02:41:53Z,136633,70000,70000,1438
2026-08-10T02:41:53Z,136636,129900,129900,359
2026-08-10T02:41:53Z,136637,17500,17500,5029
2026-08-10T02:41:53Z,136638,22400,22400,204
2026-08-10T02:41:53Z,136653,200900,200900,351
2026-08-10T02:41:53Z,136654,10000,10000,552
2026-08-10T02:41:53Z,136708,2195000,2195000,175
2026-08-10T02:41:53Z,136825,5000000,5000000,269
2026-08-10T02:41:53Z,136826,4679900,4679900,240
2026-08-10T02:41:53Z,136852,600,600,472
2026-08-10T02:41:53Z,136856,30000,79000,34
2026-08-10T02:41:53Z,136857,45530200,45530200,7
2026-08-10T02:41:53Z,137188,4776900,4776900,346
2026-08-10T02:41:53Z,137191,6004100,6004100,271
2026-08-10T02:41:53Z,137238,5985200,5986700,437
2026-08-10T02:41:53Z,137239,5989600,5989600,283
2026-08-10T02:41:53Z,137240,1500007600,1500007600,1
2026-08-10T02:41:53Z,137249,5488000,5488000,167
2026-08-10T02:41:53Z,137250,5984700,5986200,503
2026-08-10T02:41:53Z,137267,5007200,5007200,134
2026-08-10T02:41:53Z,137269,5383900,5383900,246
2026-08-10T02:41:53Z,137274,5500600,5675800,56
2026-08-10T02:41:53Z,137287,6000000,6000000,97
2026-08-10T02:41:53Z,137288,4995000,4995000,43
2026-08-10T02:41:53Z,137289,8701300,8701300,114
2026-08-10T02:41:53Z,137293,4300000,4300000,119
2026-08-10T02:41:53Z,137556,820000,842400,57
2026-08-10T02:41:53Z,137557,498600,498600,114
2026-08-10T02:41:53Z,137558,1155200,1155200,48
2026-08-10T02:41:53Z,137643,30000000,45000100,24
2026-08-10T02:41:53Z,137644,29004100,49000600,23
2026-08-10T02:41:53Z,138196,49003900,49003900,10
2026-08-10T02:41:53Z,138285,29300,29300,82
2026-08-10T02:41:53Z,138290,40000,3500000,70
2026-08-10T02:41:53Z,138292,1300,1300,181
2026-08-10T02:41:53Z,138294,9951100,9951100,50
2026-08-10T02:41:53Z,138295,2125000,9880200,47
2026-08-10T02:41:53Z,138382,358100,358200,113
2026-08-10T02:41:53Z,138383,100000,200000,308
2026-08-10T02:41:53Z,138384,990000,999900,33
2026-08-10T02:41:53Z,138486,71200,80800,15003
2026-08-10T02:41:53Z,138488,70200,88700,11427
2026-08-10T02:41:53Z,138727,3100,4000,5665
2026-08-10T02:41:53Z,138728,1200,1200,22942
2026-08-10T02:41:53Z,138729,1000,1000,8169
2026-08-10T02:41:53Z,138875,300,1400,478
2026-08-10T02:41:53Z,138884,19990000,19990000,23
2026-08-10T02:41:53Z,138967,800,800,5038
2026-08-10T02:41:53Z,138972,9900000,9900000,19
2026-08-10T02:41:53Z,138973,9900000,9900000,20
2026-08-10T02:41:53Z,138974,9900000,9900000,19
2026-08-10T02:41:53Z,138975,9900000,9900000,25
2026-08-10T02:41:53Z,138976,9900000,9900000,24
2026-08-10T02:41:53Z,138977,900000,900000,105
2026-08-10T02:41:53Z,138978,100000,9900000,50
2026-08-10T02:41:53Z,138979,5800,5900,2577
2026-08-10T02:41:53Z,138980,9969700,9969700,41
2026-08-10T02:41:53Z,138981,9960200,9960200,30
2026-08-10T02:41:53Z,138982,9903200,9903200,40
2026-08-10T02:41:53Z,138983,9969800,9969800,31
2026-08-10T02:41:53Z,138986,9900000,9900000,29
2026-08-10T02:41:53Z,138987,9901900,9901900,32
2026-08-10T02:41:53Z,139036,668800,675500,359
2026-08-10T02:41:53Z,139175,1800000,1800000,145
2026-08-10T02:41:53Z,139270,7122700,7122700,44
2026-08-10T02:41:53Z,139271,6000500,6000500,161
2026-08-10T02:41:53Z,139278,4999500,4999500,85
2026-08-10T02:41:53Z,139288,6008300,6008300,268
2026-08-10T02:41:53Z,139289,4299900,4300000,159
2026-08-10T02:41:53Z,139310,6499100,6499100,98
2026-08-10T02:41:53Z,139311,8350100,8350100,193
2026-08-10T02:41:53Z,139312,255720800,255720800,3
2026-08-10T02:41:53Z,139314,5900000,5900000,105
2026-08-10T02:41:53Z,139315,6900000,6900000,74
2026-08-10T02:41:53Z,139316,290000100,290000100,1
2026-08-10T02:41:53Z,139317,290000100,290000100,1
2026-08-10T02:41:53Z,139318,290000100,290000100,1
2026-08-10T02:41:53Z,139338,5327200,5327200,273
2026-08-10T02:41:53Z,139339,4349900,4350000,347
2026-08-10T02:41:53Z,139344,9993000,9993000,24
2026-08-10T02:41:53Z,139345,3333300,9890000,47
2026-08-10T02:41:53Z,139346,9970400,9970400,28
2026-08-10T02:41:53Z,139347,9786200,9786200,30
2026-08-10T02:41:53Z,139348,5611600,5611600,133
2026-08-10T02:41:53Z,139352,5549900,5549900,44
2026-08-10T02:41:53Z,139358,4938700,4939700,117
2026-08-10T02:41:53Z,139362,3000000,3990000,101
2026-08-10T02:41:53Z,139375,136200,883900,467
2026-08-10T02:41:53Z,139389,28810400,28810400,11
2026-08-10T02:41:53Z,139398,993000,1003000,36
2026-08-10T02:41:53Z,139417,5507800,5507800,64
2026-08-10T02:41:53Z,139435,6999700,6999700,139
2026-08-10T02:41:53Z,139436,5950000,5968200,56
2026-08-10T02:41:53Z,139437,4989900,4989900,321
2026-08-10T02:41:53Z,139438,4809900,4809900,161
2026-08-10T02:41:53Z,139442,5948200,5948200,112
2026-08-10T02:41:53Z,139503,54500,54500,518
2026-08-10T02:41:53Z,139783,51100,101100,7
2026-08-10T02:41:53Z,139785,3484897000,3484897000,1
2026-08-10T02:41:53Z,139786,1500000,2000000,1264
2026-08-10T02:41:53Z,139890,5980000,24999900,955
2026-08-10T02:41:53Z,140187,1900,1900,164
2026-08-10T02:41:53Z,140188,1900,1900,179
2026-08-10T02:41:53Z,140189,3500,3500,177
2026-08-10T02:41:53Z,140201,9905600,9905600,28
2026-08-10T02:41:53Z,140202,9905700,9905700,20
2026-08-10T02:41:53Z,140203,9905700,9905700,20
2026-08-10T02:41:53Z,140204,104000,104000,64
2026-08-10T02:41:53Z,140205,9900400,9900400,41
2026-08-10T02:41:53Z,140206,9906900,9906900,29
2026-08-10T02:41:53Z,140207,9900000,9900000,24
2026-08-10T02:41:53Z,140265,700000,700000,154
2026-08-10T02:41:53Z,140266,847400,847400,118
2026-08-10T02:41:53Z,140269,700000,900000,137
2026-08-10T02:41:53Z,140272,193800,193800,109
2026-08-10T02:41:53Z,140273,100000,100000,113
2026-08-10T02:41:53Z,140275,40000,40000,83
2026-08-10T02:41:53Z,140276,2600,2600,164
2026-08-10T02:41:53Z,140286,55200,55200,112
2026-08-10T02:41:53Z,140296,9908000,9908000,30
2026-08-10T02:41:53Z,140297,9880000,9880000,31
2026-08-10T02:41:53Z,140298,9969800,9969800,35
2026-08-10T02:41:53Z,140299,50000,50000,65
2026-08-10T02:41:53Z,140300,9870300,9870300,35
2026-08-10T02:41:53Z,140301,9877000,9877000,44
2026-08-10T02:41:53Z,140302,9840000,9840000,30
2026-08-10T02:41:53Z,140321,290000100,290000100,1
2026-08-10T02:41:53Z,140337,9904700,9904700,46
2026-08-10T02:41:53Z,140338,9904600,9904600,31
2026-08-10T02:41:53Z,140339,9900000,9900000,30
2026-08-10T02:41:53Z,140340,9909800,9909800,30
2026-08-10T02:41:53Z,140341,8000800,8000800,68
2026-08-10T02:41:53Z,140342,9969700,9969700,30
2026-08-10T02:41:53Z,140344,9900000,9900000,40
2026-08-10T02:41:53Z,140347,25000,25000,250
2026-08-10T02:41:53Z,140351,75000,75000,91
2026-08-10T02:41:53Z,140355,4508600,4508600,28
2026-08-10T02:41:53Z,140567,5111500,9980100,25
2026-08-10T02:41:53Z,140568,3900000,3900000,15
2026-08-10T02:41:53Z,140587,93600,93600,539
2026-08-10T02:41:53Z,140626,199991000,199991000,6
2026-08-10T02:41:53Z,140627,9999900,9999900,25
2026-08-10T02:41:53Z,140628,19898200,19898200,9
2026-08-10T02:41:53Z,140629,39900100,39900100,10
2026-08-10T02:41:53Z,140630,4504600,4504600,52
2026-08-10T02:41:53Z,140631,39700,9969700,49
2026-08-10T02:41:53Z,140668,19000,19000,87
2026-08-10T02:41:53Z,140679,9963100,9963100,30
2026-08-10T02:41:53Z,140753,100000,100000,58
2026-08-10T02:41:53Z,140754,19900,9840000,50
2026-08-10T02:41:53Z,141206,9993200,9993200,35
2026-08-10T02:41:53Z,141207,1259000,1259000,78
2026-08-10T02:41:53Z,141208,9980000,9980000,30
2026-08-10T02:41:53Z,141209,9904800,9904800,29
2026-08-10T02:41:53Z,141210,9970400,9970400,30
2026-08-10T02:41:53Z,141211,9970500,9970500,50
2026-08-10T02:41:53Z,141212,9850000,9850000,29
2026-08-10T02:41:53Z,141213,9908300,9908300,30
2026-08-10T02:41:53Z,141214,5009900,5009900,74
2026-08-10T02:41:53Z,141215,9850500,9850500,45
2026-08-10T02:41:53Z,141318,5880400,5880400,40
2026-08-10T02:41:53Z,141319,13503000,13503000,45
2026-08-10T02:41:53Z,141320,565500,565500,22
2026-08-10T02:41:53Z,141333,4291300,4291300,44
2026-08-10T02:41:53Z,141446,100000,200000,781
2026-08-10T02:41:53Z,141527,70000,70000,111
2026-08-10T02:41:53Z,141640,49009300,49009300,20
2026-08-10T02:41:53Z,141641,4006600,4006600,54
2026-08-10T02:41:53Z,141898,5505200,5505200,115
2026-08-10T02:41:53Z,141908,1809300,1809300,63
2026-08-10T02:41:53Z,141909,1990000,1990000,50
2026-08-10T02:41:53Z,141910,1056800,1056800,149
2026-08-10T02:41:53Z,141957,1500005700,1500005700,1
2026-08-10T02:41:53Z,142101,168800,168900,46
2026-08-10T02:41:53Z,142102,595800,2530500,44
2026-08-10T02:41:53Z,142103,240000,240000,59
2026-08-10T02:41:53Z,142117,7200,7200,3377
2026-08-10T02:41:53Z,142262,409600,409600,55
2026-08-10T02:41:53Z,142263,11300,11300,265
2026-08-10T02:41:53Z,142264,56900,56900,278
2026-08-10T02:41:53Z,142266,300,300,9101
2026-08-10T02:41:53Z,142334,64800,65000,615
2026-08-10T02:41:53Z,142335,1000,7000,18784
2026-08-10T02:41:53Z,142336,2200,2800,44178
2026-08-10T02:41:53Z,142406,40000,50000,585
2026-08-10T02:41:53Z,143588,6805300,6805300,103
2026-08-10T02:41:53Z,143618,290003900,290003900,1
2026-08-10T02:41:53Z,143619,290005400,290005400,1
2026-08-10T02:41:53Z,143633,197990100,197990100,1
2026-08-10T02:41:53Z,143634,195200000,195200000,1
2026-08-10T02:41:53Z,143635,199000900,199000900,1
2026-08-10T02:41:53Z,143636,199900400,199900400,1
2026-08-10T02:41:53Z,143681,1200,1200,1360
2026-08-10T02:41:53Z,143750,4378100,4378100,211
2026-08-10T02:41:53Z,143846,1500001300,1500001300,1
2026-08-10T02:41:53Z,143853,4999900,4999900,125
2026-08-10T02:41:53Z,144283,5500000100,5500000100,1
2026-08-10T02:41:53Z,144284,5500000200,5500000200,1
2026-08-10T02:41:53Z,144287,290000100,290000100,1
2026-08-10T02:41:53Z,144289,990000100,990000100,1
2026-08-10T02:41:53Z,144290,5500000100,5500000100,1
2026-08-10T02:41:53Z,144304,283700,9909800,36
2026-08-10T02:41:53Z,144305,307600,307600,67
2026-08-10T02:41:53Z,144306,307800,307800,59
2026-08-10T02:41:53Z,144307,250000,853100,26
2026-08-10T02:41:53Z,144329,6998300,6998400,146
2026-08-10T02:41:53Z,144396,199899700,199899700,1
2026-08-10T02:41:53Z,144397,199979700,199979700,1
2026-08-10T02:41:53Z,144398,39889100,39889100,10
2026-08-10T02:41:53Z,144408,49001300,49001300,20
2026-08-10T02:41:53Z,146406,970000,970000,73
2026-08-10T02:41:53Z,147119,14260500,14265600,245
2026-08-10T02:41:53Z,147210,49000100,49000100,20
2026-08-10T02:41:53Z,147669,99000,99000,63
2026-08-10T02:41:53Z,147774,489600,489600,67
2026-08-10T02:41:53Z,147775,889900,889900,76
2026-08-10T02:41:53Z,147776,200000,200000,138
2026-08-10T02:41:53Z,147777,499900,499900,56
2026-08-10T02:41:53Z,147868,777700,777700,35
2026-08-10T02:41:53Z,147869,4900,5000,12409
2026-08-10T02:41:53Z,147870,9900,9900,262
2026-08-10T02:41:53Z,149755,292100,322300,163
2026-08-10T02:41:53Z,151034,290001200,290001200,1
2026-08-10T02:41:53Z,151121,9988500,9988500,20
2026-08-10T02:41:53Z,151122,9900000,9900000,25
2026-08-10T02:41:53Z,151123,9990000,9990000,25
2026-08-10T02:41:53Z,151124,9990000,9990000,32
2026-08-10T02:41:53Z,151133,2858400,2858400,1670
2026-08-10T02:41:53Z,151256,40000,40000,444
2026-08-10T02:41:53Z,151257,11800,18000,309
2026-08-10T02:41:53Z,151386,220000,220000,10
2026-08-10T02:41:53Z,151387,3000000,3000000,10
2026-08-10T02:41:53Z,151388,5000000,5000000,5
2026-08-10T02:41:53Z,151389,30000000,30000000,6
2026-08-10T02:41:53Z,151390,49003300,49003300,20
2026-08-10T02:41:53Z,151391,240000,240000,79
2026-08-10T02:41:53Z,151392,80000,80000,19
2026-08-10T02:41:53Z,151393,500000,500000,18
2026-08-10T02:41:53Z,151394,1030000,1030000,39
2026-08-10T02:41:53Z,151431,500000,500000,24
2026-08-10T02:41:53Z,151444,99000,99000,30
2026-08-10T02:41:53Z,151538,6489500,6489500,115
2026-08-10T02:41:53Z,151540,6560000,6560000,46
2026-08-10T02:41:53Z,151542,6499300,6800300,243
2026-08-10T02:41:53Z,151564,68500,68500,95527
2026-08-10T02:41:53Z,151565,85000,117800,67886
2026-08-10T02:41:53Z,151566,900,1600,72545
2026-08-10T02:41:53Z,151567,2800,2900,146841
2026-08-10T02:41:53Z,151579,159900,171900,296
2026-08-10T02:41:53Z,151580,189800,189800,179
2026-08-10T02:41:53Z,151583,753900,753900,74
2026-08-10T02:41:53Z,151584,13907200,13917200,20
2026-08-10T02:41:53Z,151585,70000,80000,209
2026-08-10T02:41:53Z,151608,300800,300800,195
2026-08-10T02:41:53Z,151609,8000,8000,31
2026-08-10T02:41:53Z,151610,9972200,9972200,25
2026-08-10T02:41:53Z,151651,14001100,14001100,14
2026-08-10T02:41:53Z,151718,9999900,12999900,110
2026-08-10T02:41:53Z,151719,479900,497500,225
2026-08-10T02:41:53Z,151720,229900,260000,1446
2026-08-10T02:41:53Z,151721,76600,80000,1107
2026-08-10T02:41:53Z,151722,379900,390000,963
2026-08-10T02:41:53Z,151774,9900000,9900000,38
2026-08-10T02:41:53Z,151775,49999900,49999900,5
2026-08-10T02:41:53Z,152099,500000,850000,120
2026-08-10T02:41:53Z,152296,49001400,49001400,42
2026-08-10T02:41:53Z,152494,40400,40400,666
2026-08-10T02:41:53Z,152495,18700,18800,624
2026-08-10T02:41:53Z,152496,2800,2800,158
2026-08-10T02:41:53Z,152497,19900,19900,168
2026-08-10T02:41:53Z,152503,19700,24900,309
2026-08-10T02:41:53Z,152505,55500,72400,35086
2026-08-10T02:41:53Z,152506,50000,108600,3706
2026-08-10T02:41:53Z,152507,79800,79800,39391
2026-08-10T02:41:53Z,152508,71900,86500,11394
2026-08-10T02:41:53Z,152509,55000,58800,9734
2026-08-10T02:41:53Z,152510,140000,142900,50243
2026-08-10T02:41:53Z,152511,70000,71200,3739
2026-08-10T02:41:53Z,152512,35000,58400,489685
2026-08-10T02:41:53Z,152513,50000,62500,51948
2026-08-10T02:41:53Z,152541,43600,66500,33413
2026-08-10T02:41:53Z,152542,800,1000,213407
2026-08-10T02:41:53Z,152543,10000,11900,19951
2026-08-10T02:41:53Z,152544,10000,14000,17981
2026-08-10T02:41:53Z,152545,7000,7500,16822
2026-08-10T02:41:53Z,152546,8000,8700,16836
2026-08-10T02:41:53Z,152547,92000,118500,27533
2026-08-10T02:41:53Z,152548,365500,469900,9011
2026-08-10T02:41:53Z,152549,175500,236600,1739
2026-08-10T02:41:53Z,152550,25000,25000,133
2026-08-10T02:41:53Z,152557,50000,50000,121
2026-08-10T02:41:53Z,152559,100000,100000,201
2026-08-10T02:41:53Z,152560,60000,60000,76
2026-08-10T02:41:53Z,152561,9900,9900,191
2026-08-10T02:41:53Z,152564,169900,4900600,88
2026-08-10T02:41:53Z,152576,8400,8500,230240
2026-08-10T02:41:53Z,152577,22700,28700,251787
2026-08-10T02:41:53Z,152579,125000,132500,18019
2026-08-10T02:41:53Z,152615,997400,9900000,115
2026-08-10T02:41:53Z,152631,700,1600,8281
2026-08-10T02:41:53Z,152638,99700,99700,62
2026-08-10T02:41:53Z,152639,179900,179900,144
2026-08-10T02:41:53Z,152640,210000,210100,164
2026-08-10T02:41:53Z,152641,90000,2186600,67
2026-08-10T02:41:53Z,152717,9900000,9900000,30
2026-08-10T02:41:53Z,152718,1250000,1250000,68
2026-08-10T02:41:53Z,152812,1990300,1990300,440
2026-08-10T02:41:53Z,152813,672300,672300,387
2026-08-10T02:41:53Z,152867,49002700,49002700,21
2026-08-10T02:41:53Z,152875,28600,28600,49652
2026-08-10T02:41:53Z,152876,148400,151900,2140
2026-08-10T02:41:53Z,152877,240000,335000,17313
2026-08-10T02:41:53Z,152897,5000000,5000000,38
2026-08-10T02:41:53Z,153015,917600,917600,55
2026-08-10T02:41:53Z,153031,6000300,6000300,198
2026-08-10T02:41:53Z,153033,6504800,6504800,102
2026-08-10T02:41:53Z,153036,7400000,7400000,60
2026-08-10T02:41:53Z,153050,6800,11400,50010
2026-08-10T02:41:53Z,153051,1300,2500,123645
2026-08-10T02:41:53Z,153133,255000,49006100,23
2026-08-10T02:41:53Z,153134,290000500,290000500,1
2026-08-10T02:41:53Z,153192,99900,9890000,48
2026-08-10T02:41:53Z,153219,19990100,19990100,10
2026-08-10T02:41:53Z,153251,43009100,43009100,73
2026-08-10T02:41:53Z,153430,133700,133700,79
2026-08-10T02:41:53Z,153431,78800,78800,113
2026-08-10T02:41:53Z,153434,233400,233400,49
2026-08-10T02:41:53Z,153435,39500,39500,154
2026-08-10T02:41:53Z,153437,10000,10000,154
2026-08-10T02:41:53Z,153438,17000,17000,111
2026-08-10T02:41:53Z,153439,24900,24900,159
2026-08-10T02:41:53Z,153440,35200,35200,153
2026-08-10T02:41:53Z,153441,23300,27000,170
2026-08-10T02:41:53Z,153442,476700,476700,266
2026-08-10T02:41:53Z,153443,80000,80000,111
2026-08-10T02:41:53Z,153444,24800,24800,159
2026-08-10T02:41:53Z,153445,1869500,2108300,99
2026-08-10T02:41:53Z,153476,113200,113200,371
2026-08-10T02:41:53Z,153478,660000,660000,1024
2026-08-10T02:41:53Z,153479,68600,68600,145
2026-08-10T02:41:53Z,153480,68600,1155900,410
2026-08-10T02:41:53Z,153487,13600,18500,97
2026-08-10T02:41:53Z,153490,2100,2300,1068
2026-08-10T02:41:53Z,153494,37400,37400,98
2026-08-10T02:41:53Z,153510,950000,950000,379
2026-08-10T02:41:53Z,153512,233600,444300,172
2026-08-10T02:41:53Z,153566,9803800,9803800,75
2026-08-10T02:41:53Z,153567,9803800,9803800,83
2026-08-10T02:41:53Z,153568,9803800,9803800,77
2026-08-10T02:41:53Z,153569,9803800,9803800,69
2026-08-10T02:41:53Z,153570,9703800,9703800,95
2026-08-10T02:41:53Z,153597,128000,432500,2315
2026-08-10T02:41:53Z,153602,9950000,9950000,20
2026-08-10T02:41:53Z,153603,169800,169800,65
2026-08-10T02:41:53Z,153604,200000,3119900,219
2026-08-10T02:41:53Z,153605,258500,258500,17
2026-08-10T02:41:53Z,153606,259800,3119800,86
2026-08-10T02:41:53Z,153607,940700,940700,20
2026-08-10T02:41:53Z,153608,260700,260700,17
2026-08-10T02:41:53Z,153609,480000,480000,20
2026-08-10T02:41:53Z,153610,980100,980100,40
2026-08-10T02:41:53Z,153611,179900,189900,52
2026-08-10T02:41:53Z,153612,898600,898600,16
2026-08-10T02:41:53Z,153613,8444400,8444400,22
2026-08-10T02:41:53Z,153614,9326900,9326900,29
2026-08-10T02:41:53Z,153615,210000,210000,22
2026-08-10T02:41:53Z,153616,200000,200000,51
2026-08-10T02:41:53Z,153617,190000,190000,16
2026-08-10T02:41:53Z,153618,3119900,3119900,18
2026-08-10T02:41:53Z,153619,853900,853900,32
2026-08-10T02:41:53Z,153620,120000,120000,16
2026-08-10T02:41:53Z,153621,569900,569900,31
2026-08-10T02:41:53Z,153622,209800,209800,50
2026-08-10T02:41:53Z,153623,500000,3119900,129
2026-08-10T02:41:53Z,153624,150100,150100,30
2026-08-10T02:41:53Z,153625,495800,3115800,139
2026-08-10T02:41:53Z,153626,940100,940100,21
2026-08-10T02:41:53Z,153627,209700,209700,41
2026-08-10T02:41:53Z,153628,250000,2510000,192
2026-08-10T02:41:53Z,153629,159600,159600,80
2026-08-10T02:41:53Z,153630,900000,3120000,361
2026-08-10T02:41:53Z,153631,269900,269900,49
2026-08-10T02:41:53Z,153632,150000,150000,59
2026-08-10T02:41:53Z,153633,443600,3113600,289
2026-08-10T02:41:53Z,153634,270000,270000,40
2026-08-10T02:41:53Z,153635,4700,4700,38062
2026-08-10T02:41:53Z,153636,246500,246500,1676
2026-08-10T02:41:53Z,153646,200000,9909500,34
2026-08-10T02:41:53Z,153647,292000,295000,170
2026-08-10T02:41:53Z,153661,250000,250000,67
2026-08-10T02:41:53Z,153662,198300,198300,116
2026-08-10T02:41:53Z,153663,504700,504700,97
2026-08-10T02:41:53Z,153664,2610500,2642700,29
2026-08-10T02:41:53Z,153665,440000,450000,71
2026-08-10T02:41:53Z,153666,879800,880000,114
2026-08-10T02:41:53Z,153667,549800,550000,165
2026-08-10T02:41:53Z,153668,89800,1299900,957
2026-08-10T02:41:53Z,153669,5400,5400,5705
2026-08-10T02:41:53Z,153673,1209900,2689900,246
2026-08-10T02:41:53Z,153700,58600,58800,502
2026-08-10T02:41:53Z,153701,25400,25600,806
2026-08-10T02:41:53Z,153702,68800,69500,699
2026-08-10T02:41:53Z,153703,25000,26000,399
2026-08-10T02:41:53Z,153704,25200,25900,608
2026-08-10T02:41:53Z,153705,26200,26400,393
2026-08-10T02:41:53Z,153706,109900,109900,312
2026-08-10T02:41:53Z,153707,449900,449900,72
2026-08-10T02:41:53Z,153708,439500,439500,48
2026-08-10T02:41:53Z,153709,399900,399900,68
2026-08-10T02:41:53Z,153710,25000,294100,122
2026-08-10T02:41:53Z,153711,69900,69900,304
2026-08-10T02:41:53Z,153712,28800,28900,34
2026-08-10T02:41:53Z,153713,54500,55000,164
2026-08-10T02:41:53Z,153714,28000,28000,107
2026-08-10T02:41:53Z,153715,90000,90000,159
2026-08-10T02:41:53Z,154120,235400,265400,314
2026-08-10T02:41:53Z,154121,35000,35000,409
2026-08-10T02:41:53Z,154122,45300,49900,551
2026-08-10T02:41:53Z,154123,299600,549900,817
2026-08-10T02:41:53Z,154124,58700,58700,619
2026-08-10T02:41:53Z,154125,90000,90000,294
2026-08-10T02:41:53Z,154126,69500,69500,224
2026-08-10T02:41:53Z,154127,109500,109500,345
2026-08-10T02:41:53Z,154128,37500,37500,357
2026-08-10T02:41:53Z,154129,142800,142800,122
2026-08-10T02:41:53Z,154131,9970500,9970500,30
2026-08-10T02:41:53Z,154132,158800,9908800,46
2026-08-10T02:41:53Z,154133,9905000,9905000,25
2026-08-10T02:41:53Z,154164,7500,9900,152122
2026-08-10T02:41:53Z,154165,200,300,323507
2026-08-10T02:41:53Z,154166,29800,30000,605
2026-08-10T02:41:53Z,154167,87200,87400,605
2026-08-10T02:41:53Z,154168,870000,870000,72
2026-08-10T02:41:53Z,154169,40000,74000,826
2026-08-10T02:41:53Z,154705,400000,400000,82
2026-08-10T02:41:53Z,154706,250000,252700,542
2026-08-10T02:41:53Z,154707,220000,220000,188
2026-08-10T02:41:53Z,154722,800,1000,117846
2026-08-10T02:41:53Z,154881,52700,52700,66
2026-08-10T02:41:53Z,154882,1300,1300,891
2026-08-10T02:41:53Z,154883,47500,47500,370
2026-08-10T02:41:53Z,154884,1300,1300,1793
2026-08-10T02:41:53Z,154885,8000,34000,395
2026-08-10T02:41:53Z,154886,89900,90000,1239
2026-08-10T02:41:53Z,154887,50000,50000,143
2026-08-10T02:41:53Z,154888,1300,1300,370
2026-08-10T02:41:53Z,154889,10000,10000,1030
2026-08-10T02:41:53Z,154891,5000,5000,1576
2026-08-10T02:41:53Z,154897,800,2200,14957
2026-08-10T02:41:53Z,154898,900,1300,1842
2026-08-10T02:41:53Z,154899,600,700,15680
2026-08-10T02:41:53Z,154989,8720000,8908000,377
2026-08-10T02:41:53Z,154990,3000000,3474900,362
2026-08-10T02:41:53Z,155593,15000,15000,73
2026-08-10T02:41:53Z,155598,5500,5500,26
2026-08-10T02:41:53Z,155600,290008100,290008100,1
2026-08-10T02:41:53Z,155601,3600,3600,235
2026-08-10T02:41:53Z,155603,4800,4800,60
2026-08-10T02:41:53Z,155605,51000,51000,56
2026-08-10T02:41:53Z,155607,290008100,290008100,2
2026-08-10T02:41:53Z,155608,3200,3200,36
2026-08-10T02:41:53Z,155609,3900,3900,56
2026-08-10T02:41:53Z,155610,10000,10000,187
2026-08-10T02:41:53Z,155615,6500,9400,156
2026-08-10T02:41:53Z,155618,4000,4000,133
2026-08-10T02:41:53Z,155620,180008100,180008100,2
2026-08-10T02:41:53Z,155629,3300,3300,262
2026-08-10T02:41:53Z,155631,3900,3900,73
2026-08-10T02:41:53Z,155635,3600,3600,89
2026-08-10T02:41:53Z,155636,9900,9900,91
2026-08-10T02:41:53Z,155649,290000000,290000000,1
2026-08-10T02:41:53Z,155810,3000000,3000000,19
2026-08-10T02:41:53Z,155811,59800,59900,95
2026-08-10T02:41:53Z,155812,59800,59900,65
2026-08-10T02:41:53Z,155813,59800,59800,75
2026-08-10T02:41:53Z,155814,104600,104700,355
2026-08-10T02:41:53Z,155907,100000,9903100,49
2026-08-10T02:41:53Z,155909,41500,41500,55
2026-08-10T02:41:53Z,155910,200000,200000,62
2026-08-10T02:41:53Z,156525,60000,60000,332
2026-08-10T02:41:53Z,156526,100000,100000,113
2026-08-10T02:41:53Z,156624,49000200,49000200,12
2026-08-10T02:41:53Z,156627,9991500,9991500,9
2026-08-10T02:41:53Z,156646,1200000000,1200000000,3
2026-08-10T02:41:53Z,156872,9462100,9900800,47
2026-08-10T02:41:53Z,156873,9903400,9903400,38
2026-08-10T02:41:53Z,156930,7800,8000,9645
2026-08-10T02:41:53Z,157798,2001000,2001000,16
2026-08-10T02:41:53Z,157842,4500,4500,157
2026-08-10T02:41:53Z,157844,3500,3500,55
2026-08-10T02:41:53Z,158186,500,500,84560
2026-08-10T02:41:53Z,158187,9700,12900,24360
2026-08-10T02:41:53Z,158188,450600,450800,32237
2026-08-10T02:41:53Z,158189,15300,15300,2137
2026-08-10T02:41:53Z,158201,200000,1499900,1699
2026-08-10T02:41:53Z,158202,422200,1499900,685
2026-08-10T02:41:53Z,158203,586900,617700,205
2026-08-10T02:41:53Z,158204,1074900,1132900,492
2026-08-10T02:41:53Z,158205,15700,28900,11750
2026-08-10T02:41:53Z,158210,4000,4000,29
2026-08-10T02:41:53Z,158212,110000,110000,88
2026-08-10T02:41:53Z,158327,30000,30000,45
2026-08-10T02:41:53Z,158377,800000,800000,124
2026-08-10T02:41:53Z,158378,1700,1800,348203
2026-08-10T02:41:53Z,158379,3500,3500,403
2026-08-10T02:41:53Z,158380,207100,207100,269
2026-08-10T02:41:53Z,158381,3200,3500,456
2026-08-10T02:41:53Z,158382,10000,10000,396
2026-08-10T02:41:53Z,158466,47000,47000,72
2026-08-10T02:41:53Z,158736,5008900,5008900,5
2026-08-10T02:41:53Z,158740,13900,13900,31
2026-08-10T02:41:53Z,158743,222220000,222220000,2
2026-08-10T02:41:53Z,158744,400000,400000,5
2026-08-10T02:41:53Z,158745,11500,11500,53
2026-08-10T02:41:53Z,158746,49003300,49003300,23
2026-08-10T02:41:53Z,158747,158600,300000,30
2026-08-10T02:41:53Z,158749,290002200,290002200,1
2026-08-10T02:41:53Z,158750,49000000,49000000,20
2026-08-10T02:41:53Z,158751,5500,5500,448
2026-08-10T02:41:53Z,158752,505000,505000,34
2026-08-10T02:41:53Z,158754,50000000,50000000,4
2026-08-10T02:41:53Z,158756,1202400,1202400,4
2026-08-10T02:41:53Z,158757,3000000,3000000,5
2026-08-10T02:41:53Z,158758,290000300,290000300,1
2026-08-10T02:41:53Z,158759,1005000,1005000,6
2026-08-10T02:41:53Z,158760,25000,25000,25
2026-08-10T02:41:53Z,158765,7505600,7505600,13
2026-08-10T02:41:53Z,158769,290008100,290008100,1
2026-08-10T02:41:53Z,158770,28009300,28009300,2
2026-08-10T02:41:53Z,158771,3100,3100,31
2026-08-10T02:41:53Z,158773,12700,12700,41
2026-08-10T02:41:53Z,158775,8800,8800,104
2026-08-10T02:41:53Z,158777,190001400,190001400,15
2026-08-10T02:41:53Z,158778,25000,25000,26
2026-08-10T02:41:53Z,158779,90000600,90000600,2
2026-08-10T02:41:53Z,158781,290001000,290001000,1
2026-08-10T02:41:53Z,158783,290000700,290000700,1
2026-08-10T02:41:53Z,158788,290004200,290004200,1
2026-08-10T02:41:53Z,158789,290002700,290002700,1
2026-08-10T02:41:53Z,158790,1500000,1500000,7
2026-08-10T02:41:53Z,158792,200002500,200002500,2
2026-08-10T02:41:53Z,158794,3000900,3000900,2
2026-08-10T02:41:53Z,158795,40000600,45000600,28
2026-08-10T02:41:53Z,158796,4680000,4680000,3
2026-08-10T02:41:53Z,158797,6005000,6005000,6
2026-08-10T02:41:53Z,158801,1101800,1101800,5
2026-08-10T02:41:53Z,158805,290008200,290008200,1
2026-08-10T02:41:53Z,158806,16000,16000,36
2026-08-10T02:41:53Z,158808,12600,12600,69
2026-08-10T02:41:53Z,158810,250005600,250005600,3
2026-08-10T02:41:53Z,158811,3923400,3923400,31
2026-08-10T02:41:53Z,158813,100000,100000,64
2026-08-10T02:41:53Z,158815,290001800,290001800,1
2026-08-10T02:41:53Z,158817,290008200,290008200,1
2026-08-10T02:41:53Z,158818,50000000,50000000,6
2026-08-10T02:41:53Z,158819,2559800,2559800,7
2026-08-10T02:41:53Z,158820,290007800,290007800,1
2026-08-10T02:41:53Z,158821,50000,50000,45
2026-08-10T02:41:53Z,158822,290003000,290003000,1
2026-08-10T02:41:53Z,158823,45000000,49000000,11
2026-08-10T02:41:53Z,158826,290007000,290007000,3
2026-08-10T02:41:53Z,158828,4487800,49000200,22
2026-08-10T02:41:53Z,158830,10000000,10000000,5
2026-08-10T02:41:53Z,158831,26700,26700,59
2026-08-10T02:41:53Z,158832,4000000,4000000,5
2026-08-10T02:41:53Z,158834,15400,15400,39
2026-08-10T02:41:53Z,158836,290009500,290009500,1
2026-08-10T02:41:53Z,158838,190000000,190000000,3
2026-08-10T02:41:53Z,158839,10000,10000,26
2026-08-10T02:41:53Z,158840,290001100,290001100,1
2026-08-10T02:41:53Z,158842,990003100,990003100,1
2026-08-10T02:41:53Z,158844,270002200,270002200,2
2026-08-10T02:41:53Z,158848,1000000,49000000,21
2026-08-10T02:41:53Z,158849,209900,209900,4
2026-08-10T02:41:53Z,158850,1500000,1500000,7
2026-08-10T02:41:53Z,158851,290002000,290002000,1
2026-08-10T02:41:53Z,158853,290000000,290000000,1
2026-08-10T02:41:53Z,158855,249900,249900,3
2026-08-10T02:41:53Z,158856,1502800,49002800,21
2026-08-10T02:41:53Z,158857,5000800,5000800,5
2026-08-10T02:41:53Z,158858,290002600,290002600,1
2026-08-10T02:41:53Z,158859,11000,11000,58
2026-08-10T02:41:53Z,158860,1909900,49009900,34
2026-08-10T02:41:53Z,158861,290000,290000,39
2026-08-10T02:41:53Z,158862,14900,14900,25
2026-08-10T02:41:53Z,158863,11900,11900,41
2026-08-10T02:41:53Z,158864,43000,43000,47
2026-08-10T02:41:53Z,158865,12700,12700,26
2026-08-10T02:41:53Z,158866,64000,75000,33
2026-08-10T02:41:53Z,158867,14800,14800,34
2026-08-10T02:41:53Z,158868,55600,49009900,22
2026-08-10T02:41:53Z,158869,20000,20000,32
2026-08-10T02:41:53Z,158870,6500,7400,40
2026-08-10T02:41:53Z,158871,500000,500000,15
2026-08-10T02:41:53Z,158872,1506000,49006000,21
2026-08-10T02:41:53Z,158873,1506100,1506100,3
2026-08-10T02:41:53Z,158874,18900,49009900,23
2026-08-10T02:41:53Z,158926,9882900,9882900,30
2026-08-10T02:41:53Z,158927,200000,9990000,52
2026-08-10T02:41:53Z,158936,49009900,49009900,20
2026-08-10T02:41:53Z,159140,30000,30000,27
2026-08-10T02:41:53Z,159145,290000600,290000600,1
2026-08-10T02:41:53Z,159464,87200,87200,90
2026-08-10T02:41:53Z,159466,5100,5100,118
2026-08-10T02:41:53Z,159467,171700,171700,42
2026-08-10T02:41:53Z,159468,167400,167400,41
2026-08-10T02:41:53Z,159471,11000,11000,88
2026-08-10T02:41:53Z,159750,9890000,9890000,25
2026-08-10T02:41:53Z,159756,79000,79000,28
2026-08-10T02:41:53Z,159785,92000,99600,356
2026-08-10T02:41:53Z,159786,140000,150000,230
2026-08-10T02:41:53Z,159787,50000,50000,328
2026-08-10T02:41:53Z,159788,95900,1447500,223
2026-08-10T02:41:53Z,159789,40000,1447900,291
2026-08-10T02:41:53Z,159791,179000,179000,129
2026-08-10T02:41:53Z,159792,3900,3900,93
2026-08-10T02:41:53Z,159825,100000,100200,1720
2026-08-10T02:41:53Z,159826,38900,39200,454
2026-08-10T02:41:53Z,159827,19300,19300,172
2026-08-10T02:41:53Z,159845,46500,46500,428
2026-08-10T02:41:53Z,159846,19800,9891900,49
2026-08-10T02:41:53Z,159847,9800,21400,109
2026-08-10T02:41:53Z,159848,503900,9806000,32
2026-08-10T02:41:53Z,159849,21600,21600,160
2026-08-10T02:41:53Z,159850,45500,45500,151
2026-08-10T02:41:53Z,159867,18800,18800,120
2026-08-10T02:41:53Z,159868,57700,57700,88
2026-08-10T02:41:53Z,159869,40000,40000,90
2026-08-10T02:41:53Z,159870,40000,40000,69
2026-08-10T02:41:53Z,159871,40000,40000,97
2026-08-10T02:41:53Z,159872,9890000,9890000,35
2026-08-10T02:41:53Z,159873,9900000,9900000,45
2026-08-10T02:41:53Z,159874,49800,49800,123
2026-08-10T02:41:53Z,159875,40000,40000,64
2026-08-10T02:41:53Z,159876,9900000,9900000,39
2026-08-10T02:41:53Z,159878,41000,41000,114
2026-08-10T02:41:53Z,159879,9969700,9969700,30
2026-08-10T02:41:53Z,159897,9900000,9900000,43
2026-08-10T02:41:53Z,159898,40000,40000,104
2026-08-10T02:41:53Z,159899,46400,46400,55
2026-08-10T02:41:53Z,159900,40000,40000,68
2026-08-10T02:41:53Z,159919,30100,30100,127
2026-08-10T02:41:53Z,159920,9900,9900,89
2026-08-10T02:41:53Z,159959,6600,6600,21146
2026-08-10T02:41:53Z,160053,112800,112800,496
2026-08-10T02:41:53Z,160059,600,600,12955
2026-08-10T02:41:53Z,160092,1900,1900,143
2026-08-10T02:41:53Z,160298,800,800,14862
2026-08-10T02:41:53Z,160328,25999900,25999900,2
2026-08-10T02:41:53Z,160330,188520200,188520200,4
2026-08-10T02:41:53Z,160398,18800,18800,8634
2026-08-10T02:41:53Z,160399,9400,9400,7773
2026-08-10T02:41:53Z,160400,6700,6700,35935
2026-08-10T02:41:53Z,160483,3600,3600,109
2026-08-10T02:41:53Z,160484,19700,19700,285
2026-08-10T02:41:53Z,160502,5300,6500,1974
2026-08-10T02:41:53Z,160518,89900,9879900,50
2026-08-10T02:41:53Z,160551,290000100,290000100,1
2026-08-10T02:41:53Z,160554,40000,40000,58
2026-08-10T02:41:53Z,160560,49000100,49000100,20
2026-08-10T02:41:53Z,160579,990000100,990000100,1
2026-08-10T02:41:53Z,160581,290000100,290000100,1
2026-08-10T02:41:53Z,160582,1500000100,1500000100,2
2026-08-10T02:41:53Z,160611,9969700,9969700,30
2026-08-10T02:41:53Z,160705,9200,9200,17119
2026-08-10T02:41:53Z,160709,18300,18300,7782
2026-08-10T02:41:53Z,160710,1400,1500,2212
2026-08-10T02:41:53Z,160711,41100,41100,1637
2026-08-10T02:41:53Z,160712,1800,1900,4280
2026-08-10T02:41:53Z,160942,197621100,197621100,1
2026-08-10T02:41:53Z,160989,50000,50000,77
2026-08-10T02:41:53Z,161053,2300,2300,692
2026-08-10T02:41:53Z,161126,40000,40000,57
2026-08-10T02:41:53Z,161127,9851900,9851900,30
2026-08-10T02:41:53Z,161128,6700,6700,583
2026-08-10T02:41:53Z,161153,35500,35500,42
2026-08-10T02:41:53Z,161314,9700000,9700000,27
2026-08-10T02:41:53Z,161344,89009600,98779900,544
2026-08-10T02:41:53Z,161346,49600,49600,69
2026-08-10T02:41:53Z,161347,500000,9900000,35
2026-08-10T02:41:53Z,161348,9989300,9989300,34
2026-08-10T02:41:53Z,161373,10500,10500,57
2026-08-10T02:41:53Z,161383,62800,62800,100
2026-08-10T02:41:53Z,161384,9909900,9909900,25
2026-08-10T02:41:53Z,162010,40410000,40410000,29
2026-08-10T02:41:53Z,162011,4000000,4000000,114
2026-08-10T02:41:53Z,162012,219600,219600,134
2026-08-10T02:41:53Z,162022,1652400,1899900,932
2026-08-10T02:41:53Z,162026,65200,65200,116
2026-08-10T02:41:53Z,162027,1396900,1999900,890
2026-08-10T02:41:53Z,162029,2350000,2350000,104
2026-08-10T02:41:53Z,162107,9500000000,9500000000,1
2026-08-10T02:41:53Z,162111,6170780000,6170780000,2
2026-08-10T02:41:53Z,162116,15000000000,15000000000,2
2026-08-10T02:41:53Z,162117,9990100,9990100,20
2026-08-10T02:41:53Z,162122,7500001400,7500001400,1
2026-08-10T02:41:53Z,162515,5900,6900,13310
2026-08-10T02:41:53Z,162516,1459700,1459700,352
2026-08-10T02:41:53Z,162517,148900,297900,607
2026-08-10T02:41:53Z,162545,700000,700000,74
2026-08-10T02:41:53Z,162546,9889800,9889800,20
2026-08-10T02:41:53Z,162547,9969900,9969900,20
2026-08-10T02:41:53Z,162550,9890600,9890600,30
2026-08-10T02:41:53Z,162551,2500000,9950000,45
2026-08-10T02:41:53Z,162552,1008400,9902500,30
2026-08-10T02:41:53Z,162554,47500,47500,85
2026-08-10T02:41:53Z,162555,5100,5100,6300
2026-08-10T02:41:53Z,162556,9900000,9900000,48
2026-08-10T02:41:53Z,162557,29900,29900,70
2026-08-10T02:41:53Z,162558,9855700,9855700,42
2026-08-10T02:41:53Z,162559,9800,9800,97
2026-08-10T02:41:53Z,162560,9890000,9890000,44
2026-08-10T02:41:53Z,162561,45100,45600,44
2026-08-10T02:41:53Z,162562,9959800,9959800,25
2026-08-10T02:41:53Z,162563,9991800,9991800,25
2026-08-10T02:41:53Z,162564,9849900,9849900,24
2026-08-10T02:41:53Z,162565,9890000,9890000,20
2026-08-10T02:41:53Z,162566,6379300,6379300,61
2026-08-10T02:41:53Z,162567,9900000,9900000,19
2026-08-10T02:41:53Z,162568,9974800,9974800,20
2026-08-10T02:41:53Z,162569,9904500,9904500,40
2026-08-10T02:41:53Z,162570,9957700,9957700,30
2026-08-10T02:41:53Z,162572,2110700,9890500,32
2026-08-10T02:41:53Z,162573,96000,97100,44
2026-08-10T02:41:53Z,162574,900000,900000,33
2026-08-10T02:41:53Z,162575,3000000,9900000,32
2026-08-10T02:41:53Z,162582,902600,9971800,31
2026-08-10T02:41:53Z,162583,9949900,9949900,35
2026-08-10T02:41:53Z,162651,140000000,140000000,4
2026-08-10T02:41:53Z,162659,140000000,140000000,3
2026-08-10T02:41:53Z,162660,100000000,100000000,2
2026-08-10T02:41:53Z,162661,140000000,140000000,4
2026-08-10T02:41:53Z,162662,140000000,140000000,2
2026-08-10T02:41:53Z,162663,30009700,49009700,23
2026-08-10T02:41:53Z,162664,471200,471200,10
2026-08-10T02:41:53Z,162666,990001200,990001200,1
2026-08-10T02:41:53Z,162671,140000000,140000000,3
2026-08-10T02:41:53Z,162674,28178400,31669900,14
2026-08-10T02:41:53Z,162676,140000000,140000000,3
2026-08-10T02:41:53Z,162677,10000000,10000000,6
2026-08-10T02:41:53Z,162678,140000000,140000000,2
2026-08-10T02:41:53Z,162679,140000000,140000000,4
2026-08-10T02:41:53Z,162680,140000000,140000000,2
2026-08-10T02:41:53Z,162681,7276100,7276100,4
2026-08-10T02:41:53Z,162682,140000000,140000000,2
2026-08-10T02:41:53Z,162981,599900,3909900,230
2026-08-10T02:41:53Z,162982,1000000,1000000,3
2026-08-10T02:41:53Z,163018,45800,45800,301
2026-08-10T02:41:53Z,163019,39300,39400,62
2026-08-10T02:41:53Z,163049,9950000,9950000,35
2026-08-10T02:41:53Z,163050,40000,40000,69
2026-08-10T02:41:53Z,163051,10000,10000,73
2026-08-10T02:41:53Z,163052,2003000,2003000,66
2026-08-10T02:41:53Z,163053,49800,49800,63
2026-08-10T02:41:53Z,163054,40000,40000,71
2026-08-10T02:41:53Z,163056,9900000,9900000,29
2026-08-10T02:41:53Z,163057,9997500,9997500,20
2026-08-10T02:41:53Z,163058,39200,40000,70
2026-08-10T02:41:53Z,163060,40000,40000,73
2026-08-10T02:41:53Z,163061,8373400,8373400,30
2026-08-10T02:41:53Z,163075,24800,24800,110
2026-08-10T02:41:53Z,163076,2644500,2644500,78
2026-08-10T02:41:53Z,163077,9318200,9318200,106
2026-08-10T02:41:53Z,163082,3200,3200,4438
2026-08-10T02:41:53Z,163083,109800,109800,84
2026-08-10T02:41:53Z,163094,406600,773900,92
2026-08-10T02:41:53Z,163098,103000,9900000,49
2026-08-10T02:41:53Z,163100,40000,40000,68
2026-08-10T02:41:53Z,163101,103200,103200,64
2026-08-10T02:41:53Z,163102,100000,9900000,67
2026-08-10T02:41:53Z,163103,49500,9956700,52
2026-08-10T02:41:53Z,163104,9904000,9904000,29
2026-08-10T02:41:53Z,163105,40000,40000,60
2026-08-10T02:41:53Z,163106,30000,30000,75
2026-08-10T02:41:53Z,163107,101600,101600,69
2026-08-10T02:41:53Z,163109,50000,50000,60
2026-08-10T02:41:53Z,163110,125700,125800,340
2026-08-10T02:41:53Z,163115,50000,9900000,49
2026-08-10T02:41:53Z,163117,9813000,9813000,24
2026-08-10T02:41:53Z,163118,9901900,9901900,34
2026-08-10T02:41:53Z,163132,9287200,9287200,36
2026-08-10T02:41:53Z,163133,250000,9900000,38
2026-08-10T02:41:53Z,163134,9969700,9969700,28
2026-08-10T02:41:53Z,163135,9890000,9890000,25
2026-08-10T02:41:53Z,163136,3000000,9800000,28
2026-08-10T02:41:53Z,163137,506400,1812300,132
2026-08-10T02:41:53Z,163138,505000,9965000,31
2026-08-10T02:41:53Z,163140,390000,400000,42
2026-08-10T02:41:53Z,163143,506300,506300,82
2026-08-10T02:41:53Z,163145,500500,500500,47
2026-08-10T02:41:53Z,163147,500000,9900000,37
2026-08-10T02:41:53Z,163149,9947100,9947100,182
2026-08-10T02:41:53Z,163150,458900,458900,189
2026-08-10T02:41:53Z,163151,450000,9800000,34
2026-08-10T02:41:53Z,163152,882000,882000,56
2026-08-10T02:41:53Z,163153,396000,9898500,34
2026-08-10T02:41:53Z,163154,441000,530200,137
2026-08-10T02:41:53Z,163155,490000,9908000,35
2026-08-10T02:41:53Z,163156,408400,9803700,34
2026-08-10T02:41:53Z,163157,441000,9899300,34
2026-08-10T02:41:53Z,163158,97900,97900,147
2026-08-10T02:41:53Z,163159,9890000,9890000,32
2026-08-10T02:41:53Z,163160,9849500,9849500,25
2026-08-10T02:41:53Z,163187,509700,9969700,26
2026-08-10T02:41:53Z,163192,98900,98900,145
2026-08-10T02:41:53Z,163202,9944800,9944800,29
2026-08-10T02:41:53Z,163207,935900,935900,143
2026-08-10T02:41:53Z,163208,990000,1000000,46
2026-08-10T02:41:53Z,163222,4100,4300,223
2026-08-10T02:41:53Z,163223,152000,155100,262
2026-08-10T02:41:53Z,163224,11000,19700,140
2026-08-10T02:41:53Z,163225,3600,3800,302
2026-08-10T02:41:53Z,163387,9970500,9970500,29
2026-08-10T02:41:53Z,163388,189000,189000,138
2026-08-10T02:41:53Z,163391,8800,8800,69
2026-08-10T02:41:53Z,163395,441000,9900000,34
2026-08-10T02:41:53Z,163399,9903200,9903200,41
2026-08-10T02:41:53Z,163407,441000,490000,33
2026-08-10T02:41:53Z,163411,441000,9969700,34
2026-08-10T02:41:53Z,163417,9949000,9949000,23
2026-08-10T02:41:53Z,163522,313900,9900000,38
2026-08-10T02:41:53Z,163548,208600,208700,131
2026-08-10T02:41:53Z,163549,54900,54900,91
2026-08-10T02:41:53Z,163558,1754900,1754900,155
2026-08-10T02:41:53Z,163563,2430500,2455000,35
2026-08-10T02:41:53Z,163569,200,200,198068
2026-08-10T02:41:53Z,163580,250003300,250003300,4
2026-08-10T02:41:53Z,163581,5007400,5007400,7
2026-08-10T02:41:53Z,163606,49000100,49000100,20
2026-08-10T02:41:53Z,163637,507800,9907500,46
2026-08-10T02:41:53Z,163638,254000,9905700,49
2026-08-10T02:41:53Z,163639,2500000,2500000,7
2026-08-10T02:41:53Z,163640,49900,9950000,32
2026-08-10T02:41:53Z,163641,449900,9900000,46
2026-08-10T02:41:53Z,163642,499900,499900,87
2026-08-10T02:41:53Z,163643,1995500,9905600,32
2026-08-10T02:41:53Z,163651,9799900,9799900,42
2026-08-10T02:41:53Z,163685,290001100,290001100,1
2026-08-10T02:41:53Z,163686,290001900,290001900,1
2026-08-10T02:41:53Z,163687,290000100,290000100,2
2026-08-10T02:41:53Z,163688,290001800,290001800,1
2026-08-10T02:41:53Z,163691,9900,50000,456
2026-08-10T02:41:53Z,163692,979800,980000,378
2026-08-10T02:41:53Z,163695,480000,480000,607
2026-08-10T02:41:53Z,163698,16000,16000,72
2026-08-10T02:41:53Z,163700,34000,34000,132
2026-08-10T02:41:53Z,163701,3000,990000,228
2026-08-10T02:41:53Z,163707,59300,59300,341
2026-08-10T02:41:53Z,163709,20001700,39901900,17
2026-08-10T02:41:53Z,163781,432700,432700,792
2026-08-10T02:41:53Z,163782,350000,352600,1543
2026-08-10T02:41:53Z,163783,8561100,8561100,63
2026-08-10T02:41:53Z,163784,390000,390000,164
2026-08-10T02:41:53Z,163785,9950400,9950400,25
2026-08-10T02:41:53Z,163786,9990400,9990400,51
2026-08-10T02:41:53Z,163841,29900,29900,60
2026-08-10T02:41:53Z,163842,49003300,49003300,20
2026-08-10T02:41:53Z,163843,49003000,49003000,10
2026-08-10T02:41:53Z,163844,25000000,25000000,12
2026-08-10T02:41:53Z,163855,299900,299900,50
2026-08-10T02:41:53Z,163896,49003300,49003300,20
2026-08-10T02:41:53Z,163897,208900,208900,83
2026-08-10T02:41:53Z,163898,290003300,290003300,1
2026-08-10T02:41:53Z,163899,49003300,49003300,18
2026-08-10T02:41:53Z,163900,49003300,49003300,20
2026-08-10T02:41:53Z,163901,203300,9903300,88
2026-08-10T02:41:53Z,163902,49003300,49003300,19
2026-08-10T02:41:53Z,163903,253300,253300,28
2026-08-10T02:41:53Z,163904,153300,49003300,22
2026-08-10T02:41:53Z,163906,4999900,4999900,60
2026-08-10T02:41:53Z,163907,290003300,290003300,1
2026-08-10T02:41:53Z,163908,1509900,1509900,13
2026-08-10T02:41:53Z,163910,43300,49003300,21
2026-08-10T02:41:53Z,163911,49003300,49003300,17
2026-08-10T02:41:53Z,163912,49003300,49003300,20
2026-08-10T02:41:53Z,163913,290003300,290003300,1
2026-08-10T02:41:53Z,163914,154600,154600,34
2026-08-10T02:41:53Z,163915,4999900,4999900,79
2026-08-10T02:41:53Z,163917,1503300,49003300,21
2026-08-10T02:41:53Z,163918,159000,159000,30
2026-08-10T02:41:53Z,163919,153300,49003300,22
2026-08-10T02:41:53Z,163920,153300,153300,24
2026-08-10T02:41:53Z,163921,1003300,9903300,63
2026-08-10T02:41:53Z,165016,11600,11600,293
2026-08-10T02:41:53Z,165017,14900,15100,568
2026-08-10T02:41:53Z,165692,2694500,3999900,166
2026-08-10T02:41:53Z,165733,759600,3999900,151
2026-08-10T02:41:53Z,165755,29400,34400,359
2026-08-10T02:41:53Z,166240,500000,500000,81
2026-08-10T02:41:53Z,166270,205400,205500,90
2026-08-10T02:41:53Z,166288,290001800,290001800,1
2026-08-10T02:41:53Z,166343,1300,1300,304
2026-08-10T02:41:53Z,166344,1300,1300,769
2026-08-10T02:41:53Z,166419,9996800,9996800,39
2026-08-10T02:41:53Z,166420,159900,159900,60
2026-08-10T02:41:53Z,166583,5818400,5818400,101
2026-08-10T02:41:53Z,166664,5291100,5291100,537
2026-08-10T02:41:53Z,166728,290008600,290008600,1
2026-08-10T02:41:53Z,166804,97900,98000,5260
2026-08-10T02:41:53Z,167043,9905500,9905500,130
2026-08-10T02:41:53Z,167539,319700,319800,268
2026-08-10T02:41:53Z,167548,9899500,9899500,130
2026-08-10T02:41:53Z,167738,8700,11000,44537
2026-08-10T02:41:53Z,167739,99900,99900,169
2026-08-10T02:41:53Z,167861,189700,189700,2010
2026-08-10T02:41:53Z,167862,215200,226700,1102
2026-08-10T02:41:53Z,167933,1500000100,1500000100,1
2026-08-10T02:41:53Z,168006,290000100,290000100,1
2026-08-10T02:41:53Z,168007,290000100,290000100,1
2026-08-10T02:41:53Z,168008,1500000100,1500000100,1
2026-08-10T02:41:53Z,168009,49000100,49000100,20
2026-08-10T02:41:53Z,168019,290001900,290001900,2
2026-08-10T02:41:53Z,168185,170000,173500,11182
2026-08-10T02:41:53Z,168188,3449900,3500800,137
2026-08-10T02:41:53Z,168189,449900,500000,208
2026-08-10T02:41:53Z,168190,57800,59900,194
2026-08-10T02:41:53Z,168191,279900,440000,2175
2026-08-10T02:41:53Z,168192,200000,200000,249
2026-08-10T02:41:53Z,168193,84400,90000,157
2026-08-10T02:41:53Z,168215,38800,40800,56888
2026-08-10T02:41:53Z,168216,8800,9000,124735
2026-08-10T02:41:53Z,168217,78300,79800,83586
2026-08-10T02:41:53Z,168232,39500900,39500900,23
2026-08-10T02:41:53Z,168302,19400,19400,2007
2026-08-10T02:41:53Z,168303,200,400,8558
2026-08-10T02:41:53Z,168310,79800,79800,472
2026-08-10T02:41:53Z,168311,35000,38500,349
2026-08-10T02:41:53Z,168312,145000,145000,388
2026-08-10T02:41:53Z,168313,13300,17500,289
2026-08-10T02:41:53Z,168314,79900,79900,855
2026-08-10T02:41:53Z,168315,2450300,2450300,58
2026-08-10T02:41:53Z,168392,9950000,9950000,33
2026-08-10T02:41:53Z,168412,6500000,6500000,77
2026-08-10T02:41:53Z,168417,10390000,11000000,4649
2026-08-10T02:41:53Z,168419,1302900,1303100,108
2026-08-10T02:41:53Z,168427,3750000,3750000,91
2026-08-10T02:41:53Z,168446,2630000,2630000,87
2026-08-10T02:41:53Z,168447,2497500,2497500,150
2026-08-10T02:41:53Z,168448,1511000,1511000,54
2026-08-10T02:41:53Z,168449,2144300,2144400,35
2026-08-10T02:41:53Z,168487,68900,73900,23192
2026-08-10T02:41:53Z,168489,350000,400000,1007
2026-08-10T02:41:53Z,168498,699900,699900,1600
2026-08-10T02:41:53Z,168499,1940300,1940300,64
2026-08-10T02:41:53Z,168500,690000,690000,414
2026-08-10T02:41:53Z,168501,1556000,1556000,184
2026-08-10T02:41:53Z,168506,144400,144400,108
2026-08-10T02:41:53Z,168529,400000,490000,283
2026-08-10T02:41:53Z,168583,68700,69700,61415
2026-08-10T02:41:53Z,168586,39900,68700,17387
2026-08-10T02:41:53Z,168589,68800,89000,14672
2026-08-10T02:41:53Z,168592,1774600,1774600,69
2026-08-10T02:41:53Z,168593,1796300,1996400,171
2026-08-10T02:41:53Z,168596,2329300,2329300,72
2026-08-10T02:41:53Z,168598,3029400,3039800,101
2026-08-10T02:41:53Z,168624,1568000,1568000,141
2026-08-10T02:41:53Z,168635,1718300,1718300,743
2026-08-10T02:41:53Z,168636,3959600,3959600,74
2026-08-10T02:41:53Z,168637,3990000,3990000,75
2026-08-10T02:41:53Z,168638,3009800,3009800,107
2026-08-10T02:41:53Z,168639,450000,754200,379
2026-08-10T02:41:53Z,168640,600000,600000,247
2026-08-10T02:41:53Z,168641,1200000,3500000,87
2026-08-10T02:41:53Z,168642,1000000,1194900,111
2026-08-10T02:41:53Z,168645,1300,1500,5070
2026-08-10T02:41:53Z,168646,29000,29000,1745
2026-08-10T02:41:53Z,168649,250000,250000,7040
2026-08-10T02:41:53Z,168650,700,1300,45653
2026-08-10T02:41:53Z,168651,1000000,1050000,166
2026-08-10T02:41:53Z,168652,1909200,1909200,268
2026-08-10T02:41:53Z,168653,1985000,2189400,360
2026-08-10T02:41:53Z,168654,2289500,2289500,253
2026-08-10T02:41:53Z,168662,98800,98800,1213
2026-08-10T02:41:53Z,168663,59900,59900,1735
2026-08-10T02:41:53Z,168755,49004600,49004600,18
2026-08-10T02:41:53Z,168786,1624600,1624600,17
2026-08-10T02:41:53Z,168788,1990000,1990000,15
2026-08-10T02:41:53Z,168789,156700,49006700,22
2026-08-10T02:41:53Z,168790,108500,108500,16
2026-08-10T02:41:53Z,168791,5755000,5755000,31
2026-08-10T02:41:53Z,168792,769500,809900,19
2026-08-10T02:41:53Z,168793,990000,990000,5
2026-08-10T02:41:53Z,168794,50000,50000,23
2026-08-10T02:41:53Z,168795,1613700,1630700,21
2026-08-10T02:41:53Z,168796,1755000,1755000,27
2026-08-10T02:41:53Z,168797,287000,287000,28
2026-08-10T02:41:53Z,168806,213800,213800,27
2026-08-10T02:41:53Z,168812,10000,10000,152
2026-08-10T02:41:53Z,168822,150000,199700,62627
2026-08-10T02:41:53Z,168825,380000,449900,16302
2026-08-10T02:41:53Z,168828,1200000,1888300,40819
2026-08-10T02:41:53Z,168956,8085900,8085900,96
2026-08-10T02:41:53Z,168959,1809700,1809700,106
2026-08-10T02:41:53Z,168960,399900,399900,195
2026-08-10T02:41:53Z,169115,9850000,9850000,42
2026-08-10T02:41:53Z,169116,9919400,9919400,30
2026-08-10T02:41:53Z,169117,9997300,9997300,34
2026-08-10T02:41:53Z,169118,229400,9909500,50
2026-08-10T02:41:53Z,169119,9968900,9968900,35
2026-08-10T02:41:53Z,169120,9949400,9949400,45
2026-08-10T02:41:53Z,169130,705000,1206500,700
2026-08-10T02:41:53Z,169132,4500,4500,511
2026-08-10T02:41:53Z,169135,17800,17800,1256
2026-08-10T02:41:53Z,169138,52000,53500,50
2026-08-10T02:41:53Z,169139,999900,49000000,21
2026-08-10T02:41:53Z,169143,5009700,5009700,32
2026-08-10T02:41:53Z,169145,18900,18900,1839
2026-08-10T02:41:53Z,169146,30009600,49009600,23
2026-08-10T02:41:53Z,169149,47500,67500,39
2026-08-10T02:41:53Z,169152,99900,99900,31
2026-08-10T02:41:53Z,169220,3655500,3655500,114
2026-08-10T02:41:53Z,169280,14800,15100,223
2026-08-10T02:41:53Z,169296,49000500,49000500,10
2026-08-10T02:41:53Z,169299,100500,100500,486
2026-08-10T02:41:53Z,169300,450000,450000,111
2026-08-10T02:41:53Z,169332,550000,880000,936
2026-08-10T02:41:53Z,169333,70000,83000,632
2026-08-10T02:41:53Z,169334,634700,654800,1329
2026-08-10T02:41:53Z,169445,4512500,7500000,399
2026-08-10T02:41:53Z,169446,9990000,9990000,20
2026-08-10T02:41:53Z,169449,51900,51900,150
2026-08-10T02:41:53Z,169451,3500,3500,10396
2026-08-10T02:41:53Z,169456,744800,3286100,302
2026-08-10T02:41:53Z,169660,500000,9890000,49
2026-08-10T02:41:53Z,169661,1126400,1126400,57
2026-08-10T02:41:53Z,169662,406000,9906000,46
2026-08-10T02:41:53Z,169663,9902900,9902900,45
2026-08-10T02:41:53Z,169669,9950000,9950000,177
2026-08-10T02:41:53Z,169673,600000,600000,65
2026-08-10T02:41:53Z,169674,333800,333900,125
2026-08-10T02:41:53Z,169675,771600,787400,137
2026-08-10T02:41:53Z,169697,1500000100,1500000100,1
2026-08-10T02:41:53Z,169701,58500,59000,4430
2026-08-10T02:41:53Z,169946,1250000,1250000,65
2026-08-10T02:41:53Z,169947,9970400,9970400,34
2026-08-10T02:41:53Z,169948,9870000,9870000,35
2026-08-10T02:41:53Z,169949,50000,50000,67
2026-08-10T02:41:53Z,169952,9900000,9900000,38
2026-08-10T02:41:53Z,169954,100000,100000,61
2026-08-10T02:41:53Z,169956,9979600,9979600,82
2026-08-10T02:41:53Z,170164,5194400,5194400,90
2026-08-10T02:41:53Z,170165,5098300,5098300,125
2026-08-10T02:41:53Z,170168,5590000,5590000,123
2026-08-10T02:41:53Z,170173,2244100,2244100,139
2026-08-10T02:41:53Z,170491,12000100,12000100,26
2026-08-10T02:41:53Z,170554,41000,42100,7479
2026-08-10T02:41:53Z,171195,24150000,24150000,20
2026-08-10T02:41:53Z,171196,427600,427600,115
2026-08-10T02:41:53Z,171203,1768500,1768600,56
2026-08-10T02:41:53Z,171263,13200,13200,190
2026-08-10T02:41:53Z,171264,14900,15000,266
2026-08-10T02:41:53Z,171266,75000,223000,577
2026-08-10T02:41:53Z,171267,2500,2500,1377
2026-08-10T02:41:53Z,171268,4000,4000,535
2026-08-10T02:41:53Z,171269,2500,2500,205
2026-08-10T02:41:53Z,171270,10300,10400,616
2026-08-10T02:41:53Z,171271,5500,5500,180
2026-08-10T02:41:53Z,171272,4600,4600,192
2026-08-10T02:41:53Z,171273,53300,53300,323
2026-08-10T02:41:53Z,171274,5900,5900,88
2026-08-10T02:41:53Z,171275,39900,44400,583
2026-08-10T02:41:53Z,171276,1000200,1008600,4868
2026-08-10T02:41:53Z,171278,605700,605700,1098
2026-08-10T02:41:53Z,171285,34900,34900,1576
2026-08-10T02:41:53Z,171286,110000,110000,982
2026-08-10T02:41:53Z,171287,693300,840000,1112
2026-08-10T02:41:53Z,171288,27400,27600,1240
2026-08-10T02:41:53Z,171289,264900,297900,5053
2026-08-10T02:41:53Z,171290,27500,30100,6789
2026-08-10T02:41:53Z,171291,36300,37000,2076
2026-08-10T02:41:53Z,171292,208200,208300,671
2026-08-10T02:41:53Z,171301,100000,100000,371
2026-08-10T02:41:53Z,171315,92100,114200,17024
2026-08-10T02:41:53Z,171346,290000400,290000400,1
2026-08-10T02:41:53Z,171348,12003500,12003500,4
2026-08-10T02:41:53Z,171349,550000,550000,717
2026-08-10T02:41:53Z,171350,499900,550000,327
2026-08-10T02:41:53Z,171351,80000,90000,109
2026-08-10T02:41:53Z,171352,19900,19900,134
2026-08-10T02:41:53Z,171370,2700,2700,228
2026-08-10T02:41:53Z,171428,257400,440000,9827
2026-08-10T02:41:53Z,171436,80000,350000,422
2026-08-10T02:41:53Z,171437,3300,3300,910
2026-08-10T02:41:53Z,171438,1500,1500,157
2026-08-10T02:41:53Z,171439,3800,3800,525
2026-08-10T02:41:53Z,171441,21500,65200,78
2026-08-10T02:41:53Z,171828,119900,119900,31916
2026-08-10T02:41:53Z,171829,94100,157900,9033
2026-08-10T02:41:53Z,171830,30000,168300,10635
2026-08-10T02:41:53Z,171831,58900,100000,20522
2026-08-10T02:41:53Z,171832,80000,159700,8674
2026-08-10T02:41:53Z,171833,107800,189900,15826
2026-08-10T02:41:53Z,171840,500,700,54189
2026-08-10T02:41:53Z,171841,1500,1900,7631
2026-08-10T02:41:53Z,172008,809900,809900,95
2026-08-10T02:41:53Z,172010,778500,778500,180
2026-08-10T02:41:53Z,172017,779600,1119600,77
2026-08-10T02:41:53Z,172018,999900,3000000,262
2026-08-10T02:41:53Z,172019,1500000,1500000,151
2026-08-10T02:41:53Z,172040,31800,31800,302
2026-08-10T02:41:53Z,172041,10000,10400,857
2026-08-10T02:41:53Z,172042,33200,33200,126
2026-08-10T02:41:53Z,172043,967900,967900,554
2026-08-10T02:41:53Z,172044,99500,189500,716
2026-08-10T02:41:53Z,172045,4000,4000,1347
2026-08-10T02:41:53Z,172046,13400,13400,700
2026-08-10T02:41:53Z,172047,9900,9900,198
2026-08-10T02:41:53Z,172048,4000,4800,685
2026-08-10T02:41:53Z,172049,670000,680000,898
2026-08-10T02:41:53Z,172050,37000,37000,297
2026-08-10T02:41:53Z,172051,4000,4000,250
2026-08-10T02:41:53Z,172052,700,700,23955
2026-08-10T02:41:53Z,172053,500,700,7276
2026-08-10T02:41:53Z,172054,700,700,12125
2026-08-10T02:41:53Z,172055,700,700,12476
2026-08-10T02:41:53Z,172056,2200,2300,1079
2026-08-10T02:41:53Z,172057,9600,9600,3391
2026-08-10T02:41:53Z,172058,3700,3900,2451
2026-08-10T02:41:53Z,172059,2400,2500,3234
2026-08-10T02:41:53Z,172061,1500,1500,219
2026-08-10T02:41:53Z,172062,47500,47500,157
2026-08-10T02:41:53Z,172063,77000,77000,1596
2026-08-10T02:41:53Z,172068,5700,5700,454
2026-08-10T02:41:53Z,172069,7509500,7509500,39
2026-08-10T02:41:53Z,172089,3100,23000,31549
2026-08-10T02:41:53Z,172091,9909300,9909300,65
2026-08-10T02:41:53Z,172092,500,700,77297
2026-08-10T02:41:53Z,172094,7400,10400,51279
2026-08-10T02:41:53Z,172096,36900,36900,8549
2026-08-10T02:41:53Z,172097,59700,99900,16596
2026-08-10T02:41:53Z,172142,99992100,99992100,3
2026-08-10T02:41:53Z,172143,990000000,990000000,3
2026-08-10T02:41:53Z,172144,290000000,290000000,2
2026-08-10T02:41:53Z,172145,290000300,290000300,1
2026-08-10T02:41:53Z,172146,840000,840000,44
2026-08-10T02:41:53Z,172147,8990000,8990000,4
2026-08-10T02:41:53Z,172202,5500005100,5500005100,1
2026-08-10T02:41:53Z,172230,2800,9500,287142
2026-08-10T02:41:53Z,172231,3100,8900,174041
2026-08-10T02:41:53Z,172232,8000,8400,99832
2026-08-10T02:41:53Z,172233,200000,200000,365
2026-08-10T02:41:53Z,172346,4000,4000,96
2026-08-10T02:41:53Z,172347,26900,26900,121
2026-08-10T02:41:53Z,172357,6300,6300,219
2026-08-10T02:41:53Z,172358,22500,23800,682
2026-08-10T02:41:53Z,172359,800,900,541
2026-08-10T02:41:53Z,172360,2200,2200,1117
2026-08-10T02:41:53Z,172361,1700,1900,327
2026-08-10T02:41:53Z,172362,10600,10900,457
2026-08-10T02:41:53Z,172363,199900,220900,178
2026-08-10T02:41:53Z,172364,900,1000,77
2026-08-10T02:41:53Z,172365,26600,26800,123
2026-08-10T02:41:53Z,172366,125100,509900,88
2026-08-10T02:41:53Z,172367,9100,9100,134
2026-08-10T02:41:53Z,172368,21800,21800,113
2026-08-10T02:41:53Z,172370,39500,39500,99
2026-08-10T02:41:53Z,172406,6200,9900,29
2026-08-10T02:41:53Z,172407,2400,2400,125
2026-08-10T02:41:53Z,172408,16500,18000,73
2026-08-10T02:41:53Z,172410,15000,15000,100
2026-08-10T02:41:53Z,172411,3400,3400,201
2026-08-10T02:41:53Z,172412,299900,299900,65
2026-08-10T02:41:53Z,172413,2100,2100,276
2026-08-10T02:41:53Z,172414,5900,6000,82
2026-08-10T02:41:53Z,172415,19300,19500,296
2026-08-10T02:41:53Z,172416,9900,10000,42
2026-08-10T02:41:53Z,172418,2500,2500,163
2026-08-10T02:41:53Z,172419,5300,5300,110
2026-08-10T02:41:53Z,172437,229800,240000,18117
2026-08-10T02:41:53Z,172438,150000,200000,3549
2026-08-10T02:41:53Z,172439,19000,22400,23072
2026-08-10T02:41:53Z,172449,2690500,2690700,83
2026-08-10T02:41:53Z,172451,500,500,239
2026-08-10T02:41:53Z,172500,85002800,85002800,6
2026-08-10T02:41:53Z,172501,2750000,2750000,3
2026-08-10T02:41:53Z,172502,290002800,290002800,1
2026-08-10T02:41:53Z,172503,3002800,3002800,10
2026-08-10T02:41:53Z,172504,85002800,85002800,5
2026-08-10T02:41:53Z,172902,1000000,1534500,79
2026-08-10T02:41:53Z,172903,30000,59500,386
2026-08-10T02:41:53Z,172904,39600,286900,86
2026-08-10T02:41:53Z,172920,6900,6900,94
2026-08-10T02:41:53Z,172921,45500,100000,127
2026-08-10T02:41:53Z,172934,37200,39200,7436
2026-08-10T02:41:53Z,172935,1500,2000,11480
2026-08-10T02:41:53Z,172936,120000,160000,883
2026-08-10T02:41:53Z,172937,176200,180000,1145
2026-08-10T02:41:53Z,173032,700,700,7899
2026-08-10T02:41:53Z,173033,700,700,4460
2026-08-10T02:41:53Z,173034,700,700,5638
2026-08-10T02:41:53Z,173035,800,1300,3572
2026-08-10T02:41:53Z,173036,8000,14900,15345
2026-08-10T02:41:53Z,173037,700,700,8389
2026-08-10T02:41:53Z,173038,2000,2000,443
2026-08-10T02:41:53Z,173039,2100,2100,74
2026-08-10T02:41:53Z,173040,9800,9800,101
2026-08-10T02:41:53Z,173041,8000,8000,198
2026-08-10T02:41:53Z,173042,4800,6500,185
2026-08-10T02:41:53Z,173043,10000,10000,313
2026-08-10T02:41:53Z,173048,9993800,9993800,79
2026-08-10T02:41:53Z,173049,6902100,6902100,35
2026-08-10T02:41:53Z,173051,5602700,5602700,91
2026-08-10T02:41:53Z,173053,4849600,4849600,73
2026-08-10T02:41:53Z,173056,456000,470000,7900
2026-08-10T02:41:53Z,173057,36800,37000,24269
2026-08-10T02:41:53Z,173058,400000,498900,49874
2026-08-10T02:41:53Z,173059,37400,37600,14258
2026-08-10T02:41:53Z,173060,9500,9500,8103
2026-08-10T02:41:53Z,173062,4000100,4000100,87
2026-08-10T02:41:53Z,173065,44900,9900800,28
2026-08-10T02:41:53Z,173067,999900,3339900,39
2026-08-10T02:41:53Z,173070,4900000,4900000,17
2026-08-10T02:41:53Z,173071,398000,398000,43
2026-08-10T02:41:53Z,173072,2400000,2400000,17
2026-08-10T02:41:53Z,173073,2957600,2957600,67
2026-08-10T02:41:53Z,173074,650000,650000,21
2026-08-10T02:41:53Z,173075,993800,993800,25
2026-08-10T02:41:53Z,173076,400000,400000,14
2026-08-10T02:41:53Z,173077,900000,900000,23
2026-08-10T02:41:53Z,173079,700000,700000,22
2026-08-10T02:41:53Z,173080,404700,404700,18
2026-08-10T02:41:53Z,173081,1306900,1306900,29
2026-08-10T02:41:53Z,173082,499900,499900,19
2026-08-10T02:41:53Z,173083,180000,180000,19
2026-08-10T02:41:53Z,173084,3800000,4000000,89
2026-08-10T02:41:53Z,173085,4000000,4000000,82
2026-08-10T02:41:53Z,173086,4000000,4000000,23
2026-08-10T02:41:53Z,173088,1134000,1134000,28
2026-08-10T02:41:53Z,173089,3400000,3450000,55
2026-08-10T02:41:53Z,173090,3500000,3500000,18
2026-08-10T02:41:53Z,173091,190000,190000,18
2026-08-10T02:41:53Z,173092,380000,380000,19
2026-08-10T02:41:53Z,173093,300000,300000,14
2026-08-10T02:41:53Z,173094,505000,505000,16
2026-08-10T02:41:53Z,173095,1000000,1000000,17
2026-08-10T02:41:53Z,173097,1000000,1000000,20
2026-08-10T02:41:53Z,173098,400000,400000,20
2026-08-10T02:41:53Z,173099,450000,450000,17
2026-08-10T02:41:53Z,173100,490000,490000,17
2026-08-10T02:41:53Z,173101,299000,299900,29
2026-08-10T02:41:53Z,173102,500000,500000,26
2026-08-10T02:41:53Z,173103,1250000,1250000,22
2026-08-10T02:41:53Z,173104,850000,3110000,184
2026-08-10T02:41:53Z,173108,42300,42300,652
2026-08-10T02:41:53Z,173109,25300,25500,896
2026-08-10T02:41:53Z,173110,32300,32300,1627
2026-08-10T02:41:53Z,173121,446000,446000,180
2026-08-10T02:41:53Z,173122,390600,390600,33
2026-08-10T02:41:53Z,173123,1150000,1150000,111
2026-08-10T02:41:53Z,173124,390000,400000,135
2026-08-10T02:41:53Z,173125,1473900,1473900,547
2026-08-10T02:41:53Z,173126,199900,199900,163
2026-08-10T02:41:53Z,173127,340000,340000,270
2026-08-10T02:41:53Z,173128,352800,359900,1964
2026-08-10T02:41:53Z,173129,236600,236600,988
2026-08-10T02:41:53Z,173130,158300,158300,351
2026-08-10T02:41:53Z,173160,1009700,1999800,459
2026-08-10T02:41:53Z,173161,1459800,1459800,641
2026-08-10T02:41:53Z,173162,1449900,1449900,487
2026-08-10T02:41:53Z,173163,1449700,1449700,844
2026-08-10T02:41:53Z,173168,15000,15000,1676
2026-08-10T02:41:53Z,173170,1700000,1742500,4458
2026-08-10T02:41:53Z,173171,40000,40000,4155
2026-08-10T02:41:53Z,173172,150000,161500,6354
2026-08-10T02:41:53Z,173173,420000,431200,5477
2026-08-10T02:41:53Z,173191,9000,9000,446
2026-08-10T02:41:53Z,173192,14000,14000,307
2026-08-10T02:41:53Z,173202,500,600,1691895
2026-08-10T02:41:53Z,173204,2500,3000,510990
2026-08-10T02:41:53Z,173359,290009400,290009400,3
2026-08-10T02:41:53Z,173360,18300,18500,189
2026-08-10T02:41:53Z,173361,14600,14600,24
2026-08-10T02:41:53Z,173362,9900,9909900,89
2026-08-10T02:41:53Z,173759,821500,821500,91
2026-08-10T02:41:53Z,173760,508600,508600,125
2026-08-10T02:41:53Z,173761,100000,100000,37
2026-08-10T02:41:53Z,173762,605800,9953000,49
2026-08-10T02:41:53Z,173859,2500,2500,277
2026-08-10T02:41:53Z,173870,990000100,990000100,1
2026-08-10T02:41:53Z,173871,7500,7600,147
2026-08-10T02:41:53Z,173874,13000,19400,180
2026-08-10T02:41:53Z,173875,1499900,1499900,4
2026-08-10T02:41:53Z,173877,49009600,49009600,20
2026-08-10T02:41:53Z,173878,10007900,10007900,3
2026-08-10T02:41:53Z,173906,2500009700,2500009700,1
2026-08-10T02:41:53Z,173908,1000000,1000000,33
2026-08-10T02:41:53Z,173911,1500004400,1500004400,1
2026-08-10T02:41:53Z,173912,1500004400,1500004400,1
2026-08-10T02:41:53Z,173913,9994400,9994400,3
2026-08-10T02:41:53Z,173937,234000,234000,28
2026-08-10T02:41:53Z,174041,256000,256000,86
2026-08-10T02:41:53Z,174104,49004200,49004200,20
2026-08-10T02:41:53Z,174207,290005300,290005300,4
2026-08-10T02:41:53Z,174208,1500005600,1500005600,1
2026-08-10T02:41:53Z,174209,290006200,290006200,2
2026-08-10T02:41:53Z,174281,9700,9700,96
2026-08-10T02:41:53Z,174282,9805800,9805800,45
2026-08-10T02:41:53Z,174283,1900,1900,150
2026-08-10T02:41:53Z,174284,995700,1395800,63
2026-08-10T02:41:53Z,174285,9412200,9412200,115
2026-08-10T02:41:53Z,174322,2226800,2226800,10
2026-08-10T02:41:53Z,174327,75000,78900,11936
2026-08-10T02:41:53Z,174328,75000,78500,1043
2026-08-10T02:41:53Z,174347,1500006000,1500006000,1
2026-08-10T02:41:53Z,174348,423700,423700,97
2026-08-10T02:41:53Z,174349,211400,211400,122
2026-08-10T02:41:53Z,174350,11900,11900,415
2026-08-10T02:41:53Z,174351,1699000,9900000,50
2026-08-10T02:41:53Z,174352,42000,42000,56
2026-08-10T02:41:53Z,174353,9300,56100,383756
2026-08-10T02:41:53Z,174383,45000000,45000000,20
2026-08-10T02:41:53Z,174890,989900,989900,35
2026-08-10T02:41:53Z,174891,499900,499900,23
2026-08-10T02:41:53Z,174983,290006000,290006000,1
2026-08-10T02:41:53Z,175052,18000000,18000000,33
2026-08-10T02:41:53Z,175053,100000,100000,38
2026-08-10T02:41:53Z,175054,18000000,18000000,50
2026-08-10T02:41:53Z,175056,861300,861300,22
2026-08-10T02:41:53Z,175069,9869800,9869800,25
2026-08-10T02:41:53Z,175241,484900,500000,522
2026-08-10T02:41:53Z,175788,37000,37000,27966
2026-08-10T02:41:53Z,175886,2300,2500,6498
2026-08-10T02:41:53Z,175924,3804900,3804900,54
2026-08-10T02:41:53Z,175954,290003700,290003700,1
2026-08-10T02:41:53Z,175955,5500,49005500,21
2026-08-10T02:41:53Z,175957,449900,49000000,23
2026-08-10T02:41:53Z,175959,290002600,290002600,1
2026-08-10T02:41:53Z,175960,55000,55000,34
2026-08-10T02:41:53Z,175962,290006300,290006300,1
2026-08-10T02:41:53Z,175965,49002300,49002300,17
2026-08-10T02:41:53Z,175970,66000,66000,27876
2026-08-10T02:41:53Z,176086,49006500,49006500,51
2026-08-10T02:41:53Z,176087,8000,9908000,83
2026-08-10T02:41:53Z,176088,100005900,100005900,5
2026-08-10T02:41:53Z,176089,380000,380000,24
2026-08-10T02:41:53Z,176391,18000,49008000,22
2026-08-10T02:41:53Z,176392,6600,6600,24
2026-08-10T02:41:53Z,176393,361800,361800,2
2026-08-10T02:41:53Z,176807,15600,15600,28
2026-08-10T02:41:53Z,176809,6800,6800,36
2026-08-10T02:41:53Z,176810,4155900,4155900,6
2026-08-10T02:41:53Z,176811,139900,527900,221
2026-08-10T02:41:53Z,176852,13000,13000,25
2026-08-10T02:41:53Z,176853,3800,3800,127
2026-08-10T02:41:53Z,176854,200000000,200000000,4
2026-08-10T02:41:53Z,176855,3008500,3008500,43
2026-08-10T02:41:53Z,176856,49005700,49005700,20
2026-08-10T02:41:53Z,176857,290008100,290008100,1
2026-08-10T02:41:53Z,176858,49002400,49002400,22
2026-08-10T02:41:53Z,176859,10000,10000,39
2026-08-10T02:41:53Z,176860,255500,255500,4
2026-08-10T02:41:53Z,176861,49008900,49008900,30
2026-08-10T02:41:53Z,176862,10000,10000,121
2026-08-10T02:41:53Z,176863,290001600,290001600,1
2026-08-10T02:41:53Z,176864,49000000,49000000,20
2026-08-10T02:41:53Z,176865,19900,19900,171
2026-08-10T02:41:53Z,176866,4600,4600,33
2026-08-10T02:41:53Z,176867,10000,49000000,22
2026-08-10T02:41:53Z,176868,4500,4500,63
2026-08-10T02:41:53Z,176869,904500,904500,237
2026-08-10T02:41:53Z,176870,15649900,15650000,25
2026-08-10T02:41:53Z,176871,18100,18100,25
2026-08-10T02:41:53Z,176872,17500,17500,25
2026-08-10T02:41:53Z,176873,49000000,49000000,20
2026-08-10T02:41:53Z,176874,13800,13800,32
2026-08-10T02:41:53Z,176875,27817900,27817900,24
2026-08-10T02:41:53Z,176876,41000,41000,29
2026-08-10T02:41:53Z,176877,20000,20000,42
2026-08-10T02:41:53Z,176878,49001600,49001600,20
2026-08-10T02:41:53Z,176879,290003700,290003700,1
2026-08-10T02:41:53Z,176880,290007800,290007800,1
2026-08-10T02:41:53Z,176881,1509700,1509700,3
2026-08-10T02:41:53Z,176882,397300,397300,2
2026-08-10T02:41:53Z,176883,290009500,290009500,3
2026-08-10T02:41:53Z,176884,290007000,290007000,1
2026-08-10T02:41:53Z,176885,290000100,290000100,4
2026-08-10T02:41:53Z,176886,289733900,289733900,2
2026-08-10T02:41:53Z,176887,290000600,290000600,1
2026-08-10T02:41:53Z,177025,1330000,1340000,31
2026-08-10T02:41:53Z,177026,450000,450000,35
2026-08-10T02:41:53Z,177028,1300000,1300000,45
2026-08-10T02:41:53Z,177040,2900,2900,208
2026-08-10T02:41:53Z,177043,509700,9909700,29
2026-08-10T02:41:53Z,177061,394000,454000,1911
2026-08-10T02:41:53Z,177062,88400,137200,2646
2026-08-10T02:41:53Z,177256,108900,108900,35
2026-08-10T02:41:53Z,177659,2000,2000,189
2026-08-10T02:41:53Z,177660,6800,6800,449
2026-08-10T02:41:53Z,177661,5900,5900,265
2026-08-10T02:41:53Z,177715,17400,17400,209
2026-08-10T02:41:53Z,177716,900,4700,109
2026-08-10T02:41:53Z,177840,39600000,39600000,23
2026-08-10T02:41:53Z,177841,18003100,18003100,13
2026-08-10T02:41:53Z,177842,15789500,15789500,26
2026-08-10T02:41:53Z,177843,9989900,9989900,14
2026-08-10T02:41:53Z,177962,7600,7700,143
2026-08-10T02:41:53Z,178017,290008000,290008000,1
2026-08-10T02:41:53Z,178103,49005800,49005800,20
2026-08-10T02:41:53Z,178104,47770000,48990000,38
2026-08-10T02:41:53Z,178105,990008400,990008400,1
2026-08-10T02:41:53Z,178106,1507100,49007100,21
2026-08-10T02:41:53Z,178107,49002400,49002400,20
2026-08-10T02:41:53Z,178108,290003700,290003700,1
2026-08-10T02:41:53Z,178110,5500006000,5500006000,1
2026-08-10T02:41:53Z,178111,2500001600,2500001600,1
2026-08-10T02:41:53Z,178113,4100,49004100,23
2026-08-10T02:41:53Z,178114,16900,16900,55
2026-08-10T02:41:53Z,178115,200004800,200004800,3
2026-08-10T02:41:53Z,178116,290008600,290008600,2
2026-08-10T02:41:53Z,178122,290000800,290000800,1
2026-08-10T02:41:53Z,178123,49000300,49000300,20
2026-08-10T02:41:53Z,178125,49005400,49005400,21
2026-08-10T02:41:53Z,178126,49009800,49009800,20
2026-08-10T02:41:53Z,178127,49001100,49001100,27
2026-08-10T02:41:53Z,178129,49008300,49008300,20
2026-08-10T02:41:53Z,178130,49006600,49006600,20
2026-08-10T02:41:53Z,178131,80000,49000000,22
2026-08-10T02:41:53Z,178132,49004700,49004700,22
2026-08-10T02:41:53Z,178133,4400,4400,31
2026-08-10T02:41:53Z,178134,77400,49009800,22
2026-08-10T02:41:53Z,178135,429500,429500,3
2026-08-10T02:41:53Z,178136,3900,49003900,23
2026-08-10T02:41:53Z,178137,290006800,290006800,1
2026-08-10T02:41:53Z,178149,75900,310000,744
2026-08-10T02:41:53Z,178172,49006500,49006500,20
2026-08-10T02:41:53Z,178173,49004100,49004100,20
2026-08-10T02:41:53Z,178174,71047500,71047500,2
2026-08-10T02:41:53Z,178175,7500000,49000000,22
2026-08-10T02:41:53Z,178177,290002400,290002400,1
2026-08-10T02:41:53Z,178178,3900,3900,200
2026-08-10T02:41:53Z,178216,115800,116900,78
2026-08-10T02:41:53Z,178217,3300,3300,173
2026-08-10T02:41:53Z,178218,906600,906600,40
2026-08-10T02:41:53Z,178219,9702000,9702000,50
2026-08-10T02:41:53Z,178220,237500,237500,63
2026-08-10T02:41:53Z,178221,9909900,9909900,32
2026-08-10T02:41:53Z,178222,47500,47500,167
2026-08-10T02:41:53Z,178223,1390500,1390500,36
2026-08-10T02:41:53Z,178224,5007000,5007000,120
2026-08-10T02:41:53Z,178225,1112800,1112800,120
2026-08-10T02:41:53Z,178226,79200,79200,69
2026-08-10T02:41:53Z,178227,90000,90000,44
2026-08-10T02:41:53Z,178228,459700,9909700,35
2026-08-10T02:41:53Z,178247,638500,638500,99
2026-08-10T02:41:53Z,178252,79200,79200,63
2026-08-10T02:41:53Z,178518,200700,200700,80
2026-08-10T02:41:53Z,178534,9900000,9900000,59
2026-08-10T02:41:53Z,178535,8853600,8943000,55
2026-08-10T02:41:53Z,178536,49800,49800,105
2026-08-10T02:41:53Z,178537,50700,9700700,87
2026-08-10T02:41:53Z,178538,9898600,9898700,58
2026-08-10T02:41:53Z,178539,90000,90000,154
2026-08-10T02:41:53Z,178540,9990000,9990000,38
2026-08-10T02:41:53Z,178541,6241300,6304300,92
2026-08-10T02:41:53Z,178542,50000,50500,73
2026-08-10T02:41:53Z,178543,9990000,9990000,41
2026-08-10T02:41:53Z,178544,343000,343000,217
2026-08-10T02:41:53Z,178545,1900,1900,97
2026-08-10T02:41:53Z,178546,49700,50200,35
2026-08-10T02:41:53Z,178547,9760900,9760900,39
2026-08-10T02:41:53Z,178548,50000,50000,73
2026-08-10T02:41:53Z,178549,2751600,9865300,41
2026-08-10T02:41:53Z,178550,1900,1900,273
2026-08-10T02:41:53Z,178551,9703000,9801000,36
2026-08-10T02:41:53Z,178552,50000,50000,61
2026-08-10T02:41:53Z,178786,19700,19800,2900
2026-08-10T02:41:53Z,178787,1079900,1079900,331
2026-08-10T02:41:53Z,178900,9899000,9899000,23
2026-08-10T02:41:53Z,178923,49000000,49000000,20
2026-08-10T02:41:53Z,179001,290003300,290003300,1
2026-08-10T02:41:53Z,179003,549800,549900,24
2026-08-10T02:41:53Z,179004,48999900,49000000,22
2026-08-10T02:41:53Z,179005,46652100,49002000,21
2026-08-10T02:41:53Z,179006,48000000,49000000,22
2026-08-10T02:41:53Z,179011,9902800,9902800,39
2026-08-10T02:41:53Z,179012,53200,53200,66
2026-08-10T02:41:53Z,179013,9900000,9900000,25
2026-08-10T02:41:53Z,179014,111100,222100,36
2026-08-10T02:41:53Z,179015,50000,50500,71
2026-08-10T02:41:53Z,179016,9000000,9900000,50
2026-08-10T02:41:53Z,179017,40000,9790000,49
2026-08-10T02:41:53Z,179018,49900,49900,73
2026-08-10T02:41:53Z,179019,40000,9900000,49
2026-08-10T02:41:53Z,179020,54800,9894800,45
2026-08-10T02:41:53Z,179021,9902200,9902200,34
2026-08-10T02:41:53Z,179022,9904800,9904800,35
2026-08-10T02:41:53Z,179023,39500,39500,97
2026-08-10T02:41:53Z,179025,9900000,9900000,64
2026-08-10T02:41:53Z,179026,52100,52100,152
2026-08-10T02:41:53Z,179166,53300,53300,61
2026-08-10T02:41:53Z,179267,9900000,9900000,30
2026-08-10T02:41:53Z,179268,54800,54800,83
2026-08-10T02:41:53Z,179269,50000,9890000,47
2026-08-10T02:41:53Z,179270,9901000,9901000,29
2026-08-10T02:41:53Z,179271,60000,60000,77
2026-08-10T02:41:53Z,179272,9900000,9900000,45
2026-08-10T02:41:53Z,179273,9850500,9950000,28
2026-08-10T02:41:53Z,179274,9879300,9879300,49
2026-08-10T02:41:53Z,179275,54900,54900,54
2026-08-10T02:41:53Z,179276,57200,57200,63
2026-08-10T02:41:53Z,179277,710000,9900000,36
2026-08-10T02:41:53Z,179278,8100,8100,46
2026-08-10T02:41:53Z,179279,59900,9879900,34
2026-08-10T02:41:53Z,179281,9904800,9904800,45
2026-08-10T02:41:53Z,179283,50000,9860000,46
2026-08-10T02:41:53Z,179284,9490500,9490500,38
2026-08-10T02:41:53Z,179285,60600,60600,42
2026-08-10T02:41:53Z,179286,58800,108800,40
2026-08-10T02:41:53Z,179287,9885600,9885600,44
2026-08-10T02:41:53Z,179288,49003300,49003300,20
2026-08-10T02:41:53Z,179289,290003300,290003300,1
2026-08-10T02:41:53Z,179290,290003300,290003300,2
2026-08-10T02:41:53Z,179291,49003300,49003300,20
2026-08-10T02:41:53Z,179292,49003300,49003300,20
2026-08-10T02:41:53Z,179293,2500000,2500000,10
2026-08-10T02:41:53Z,179294,153300,153300,36
2026-08-10T02:41:53Z,179295,1980000,1980000,187
2026-08-10T02:41:53Z,179296,150000,49000000,23
2026-08-10T02:41:53Z,179297,290003300,290003300,2
2026-08-10T02:41:53Z,179298,290003300,290003300,1
2026-08-10T02:41:53Z,179299,290003300,290003300,1
2026-08-10T02:41:53Z,179300,153300,49003300,22
2026-08-10T02:41:53Z,179307,183500,9882800,40
2026-08-10T02:41:53Z,179308,1735300,9870000,39
2026-08-10T02:41:53Z,179309,48600,9902700,47
2026-08-10T02:41:53Z,179310,372000,391500,48
2026-08-10T02:41:53Z,179314,700,700,9860
2026-08-10T02:41:53Z,179315,500,700,14357
2026-08-10T02:41:53Z,179368,1900000,2040000,91
2026-08-10T02:41:53Z,179369,990100,990100,98
2026-08-10T02:41:53Z,179370,200000,200000,71
2026-08-10T02:41:53Z,179372,930000,930000,76
2026-08-10T02:41:53Z,179985,500000,500000,33
2026-08-10T02:41:53Z,179986,9890100,9890100,729
2026-08-10T02:41:53Z,179992,3900,3900,136
2026-08-10T02:41:53Z,179993,9908700,9908700,50
2026-08-10T02:41:53Z,180055,10000,10000,776
2026-08-10T02:41:53Z,180057,65100,65100,2758
2026-08-10T02:41:53Z,180058,1909900,1989900,160
2026-08-10T02:41:53Z,180059,207000,230000,281
2026-08-10T02:41:53Z,180060,123300,163400,159
2026-08-10T02:41:53Z,180088,10000,10000,25
2026-08-10T02:41:53Z,180168,70000,70000,56
2026-08-10T02:41:53Z,180307,44999800,44999800,6
2026-08-10T02:41:53Z,180309,1590000,1590000,13
2026-08-10T02:41:53Z,180310,290002800,290002800,2
2026-08-10T02:41:53Z,180317,2200,2200,129
2026-08-10T02:41:53Z,180318,8200,990000,242
2026-08-10T02:41:53Z,180326,990006500,990006500,1
2026-08-10T02:41:53Z,180327,290006500,290006500,1
2026-08-10T02:41:53Z,180328,1500006500,1500006500,1
2026-08-10T02:41:53Z,180329,290006500,290006500,1
2026-08-10T02:41:53Z,180330,290006500,290006500,1
2026-08-10T02:41:53Z,180331,290006500,290006500,1
2026-08-10T02:41:53Z,180332,290006500,290006500,1
2026-08-10T02:41:53Z,180333,290006500,290006500,1
2026-08-10T02:41:53Z,180334,290006500,290006500,1
2026-08-10T02:41:53Z,180338,37006500,37006500,2
2026-08-10T02:41:53Z,180340,290006500,290006500,1
2026-08-10T02:41:53Z,180341,290006500,290006500,1
2026-08-10T02:41:53Z,180342,990006500,990006500,1
2026-08-10T02:41:53Z,180343,290006500,290006500,1
2026-08-10T02:41:53Z,180344,990006500,990006500,1
2026-08-10T02:41:53Z,180346,290006500,290006500,1
2026-08-10T02:41:53Z,180347,290006500,290006500,1
2026-08-10T02:41:53Z,180348,290006500,290006500,2
2026-08-10T02:41:53Z,180353,290006500,290006500,1
2026-08-10T02:41:53Z,180354,49001500,49001500,20
2026-08-10T02:41:53Z,180377,199899800,199899800,13
2026-08-10T02:41:53Z,180381,1500009000,1500009000,1
2026-08-10T02:41:53Z,180382,290009000,290009000,1
2026-08-10T02:41:53Z,180383,290009000,290009000,1
2026-08-10T02:41:53Z,180384,290009000,290009000,1
2026-08-10T02:41:53Z,180385,1500009000,1500009000,1
2026-08-10T02:41:53Z,180404,504700,504700,36
2026-08-10T02:41:53Z,180405,30000,30000,128
2026-08-10T02:41:53Z,180406,290005200,290005200,1
2026-08-10T02:41:53Z,180408,1500001100,1500001100,1
2026-08-10T02:41:53Z,180409,9904600,9904600,30
2026-08-10T02:41:53Z,180410,3330400,9900600,30
2026-08-10T02:41:53Z,180411,9551800,9789600,33
2026-08-10T02:41:53Z,180412,3332400,9902400,38
2026-08-10T02:41:53Z,180429,9990000,9990000,30
2026-08-10T02:41:53Z,180430,1300,1300,153
2026-08-10T02:41:53Z,180445,8535800,8709900,241
2026-08-10T02:41:53Z,180448,1500000800,1500000800,1
2026-08-10T02:41:53Z,180449,1500000800,1500000800,1
2026-08-10T02:41:53Z,180450,4900800,4900800,200
2026-08-10T02:41:53Z,180457,1238900,1238900,812
2026-08-10T02:41:53Z,180475,290009200,290009200,1
2026-08-10T02:41:53Z,180476,49006500,49006500,20
2026-08-10T02:41:53Z,180504,290003300,290003300,1
2026-08-10T02:41:53Z,180505,450003300,450003300,1
2026-08-10T02:41:53Z,180506,290003300,290003300,1
2026-08-10T02:41:53Z,180507,290003300,290003300,1
2026-08-10T02:41:53Z,180508,49003300,49003300,13
2026-08-10T02:41:53Z,180509,290003300,290003300,1
2026-08-10T02:41:53Z,180510,49003300,49003300,20
2026-08-10T02:41:53Z,180511,290003300,290003300,1
2026-08-10T02:41:53Z,180512,290003300,290003300,1
2026-08-10T02:41:53Z,180513,290003300,290003300,1
2026-08-10T02:41:53Z,180514,290003300,290003300,1
2026-08-10T02:41:53Z,180515,290003300,290003300,1
2026-08-10T02:41:53Z,180516,233300,49003300,22
2026-08-10T02:41:53Z,180517,290003300,290003300,1
2026-08-10T02:41:53Z,180518,49003300,49003300,19
2026-08-10T02:41:53Z,180519,290003300,290003300,1
2026-08-10T02:41:53Z,180520,253300,253300,34
2026-08-10T02:41:53Z,180521,49003300,49003300,11
2026-08-10T02:41:53Z,180614,290005300,290005300,1
2026-08-10T02:41:53Z,180622,290007500,290007500,2
2026-08-10T02:41:53Z,180623,49001700,49001700,17
2026-08-10T02:41:53Z,180624,49000000,49000000,36
2026-08-10T02:41:53Z,180732,7800,7900,7400
2026-08-10T02:41:53Z,180733,89800,89800,1994
2026-08-10T02:41:53Z,180878,290003300,290003300,1
2026-08-10T02:41:53Z,180879,49003300,49003300,14
2026-08-10T02:41:53Z,180880,153300,153300,25
2026-08-10T02:41:53Z,180881,49003000,49003000,11
2026-08-10T02:41:53Z,180882,49003300,49003300,18
2026-08-10T02:41:53Z,180883,45003300,45003300,2
2026-08-10T02:41:53Z,180884,29003300,29003300,2
2026-08-10T02:41:53Z,180885,290003300,290003300,1
2026-08-10T02:41:53Z,180886,49003300,49003300,20
2026-08-10T02:41:53Z,180887,290003300,290003300,1
2026-08-10T02:41:53Z,180888,290003300,290003300,1
2026-08-10T02:41:53Z,180889,290003300,290003300,1
2026-08-10T02:41:53Z,180890,290003300,290003300,1
2026-08-10T02:41:53Z,180891,290003300,290003300,1
2026-08-10T02:41:53Z,180892,290003300,290003300,1
2026-08-10T02:41:53Z,180893,290003300,290003300,1
2026-08-10T02:41:53Z,180894,290003300,290003300,1
2026-08-10T02:41:53Z,180991,290000000,290000000,2
2026-08-10T02:41:53Z,180992,40000000,49006500,23
2026-08-10T02:41:53Z,181246,1500200,49000200,22
2026-08-10T02:41:53Z,181247,1426000,1506000,29
2026-08-10T02:41:53Z,181388,3569800,3569800,16
2026-08-10T02:41:53Z,181468,130000,130000,1306
2026-08-10T02:41:53Z,181713,300000,300000,34
2026-08-10T02:41:53Z,182118,9899300,9899300,30
2026-08-10T02:41:53Z,182119,9900000,9900000,30
2026-08-10T02:41:53Z,182120,9772400,9772400,36
2026-08-10T02:41:53Z,182121,9900,12200,48
2026-08-10T02:41:53Z,182122,9890100,9890100,44
2026-08-10T02:41:53Z,182123,9707600,9707600,30
2026-08-10T02:41:53Z,182299,49002200,49002200,20
2026-08-10T02:41:53Z,182367,5500000100,5500000100,1
2026-08-10T02:41:53Z,182459,207700,1199900,55
2026-08-10T02:41:53Z,182581,1159000,1159000,182
2026-08-10T02:41:53Z,182653,16500,16500,215
2026-08-10T02:41:53Z,182707,49006500,49006500,19
2026-08-10T02:41:53Z,182708,290003900,290003900,1
2026-08-10T02:41:53Z,182709,290002600,290002600,3
2026-08-10T02:41:53Z,182710,200007600,200007600,3
2026-08-10T02:41:53Z,182713,49009000,49009000,28
2026-08-10T02:41:53Z,182714,49000200,49000200,20
2026-08-10T02:41:53Z,182715,49001500,49001500,13
2026-08-10T02:41:53Z,182718,49000000,49000000,24
2026-08-10T02:41:53Z,182733,49000000,49000000,57
2026-08-10T02:41:53Z,182737,7800,8000,237
2026-08-10T02:41:53Z,182756,290009000,290009000,1
2026-08-10T02:41:53Z,182757,290009000,290009000,1
2026-08-10T02:41:53Z,182758,290000100,290000100,2
2026-08-10T02:41:53Z,182760,290006500,290006500,1
2026-08-10T02:41:53Z,182761,9966900,9966900,2
2026-08-10T02:41:53Z,182762,290004000,290004000,1
2026-08-10T02:41:53Z,182763,9960100,9960100,2
2026-08-10T02:41:53Z,182764,9966900,9966900,2
2026-08-10T02:41:53Z,182765,290004800,290004800,1
2026-08-10T02:41:53Z,182766,290003600,290003600,1
2026-08-10T02:41:53Z,182774,290001500,290001500,1
2026-08-10T02:41:53Z,182775,290001500,290001500,1
2026-08-10T02:41:53Z,182776,290001500,290001500,1
2026-08-10T02:41:53Z,182797,49005100,49005100,19
2026-08-10T02:41:53Z,183108,990003400,990003400,1
2026-08-10T02:41:53Z,183109,49008500,49008500,20
2026-08-10T02:41:53Z,183110,48000000,49006000,21
2026-08-10T02:41:53Z,183203,49000000,49000000,20
2026-08-10T02:41:53Z,183204,40000000,40000000,11
2026-08-10T02:41:53Z,183205,290000000,290000000,2
2026-08-10T02:41:53Z,183207,49006500,49006500,21
2026-08-10T02:41:53Z,183208,999900,1000000,26
2026-08-10T02:41:53Z,183209,8006400,9996500,24
2026-08-10T02:41:53Z,183597,9901100,9901100,42
2026-08-10T02:41:53Z,183599,8625000,8625000,25
2026-08-10T02:41:53Z,183733,35007500,35007500,15
2026-08-10T02:41:53Z,183738,156500,156500,210
2026-08-10T02:41:53Z,183793,5005800,9905800,28
2026-08-10T02:41:53Z,183823,10000,10000,212
2026-08-10T02:41:53Z,183945,48462900,48462900,20
2026-08-10T02:41:53Z,183950,39600,40000,1685
2026-08-10T02:41:53Z,183951,24500,24900,579
2026-08-10T02:41:53Z,183952,138200,250000,3468
2026-08-10T02:41:53Z,183953,133300,133300,5413
2026-08-10T02:41:53Z,183954,29000,29000,722
2026-08-10T02:41:53Z,183955,69800,69800,907
2026-08-10T02:41:53Z,183963,500000,920000,53
2026-08-10T02:41:53Z,184049,9903100,9903100,57
2026-08-10T02:41:53Z,184050,999700,999700,32
2026-08-10T02:41:53Z,184051,990000,9910000,44
2026-08-10T02:41:53Z,184090,140000,150000,253
2026-08-10T02:41:53Z,184096,4135000,4135000,150
2026-08-10T02:41:53Z,184097,1380000,1380000,61
2026-08-10T02:41:53Z,184100,2793000,2793000,145
2026-08-10T02:41:53Z,184201,9899100,9899100,45
2026-08-10T02:41:53Z,184202,1300,1300,168
2026-08-10T02:41:53Z,184281,50000,50000,90
2026-08-10T02:41:53Z,184283,2070500,9880000,37
2026-08-10T02:41:53Z,184308,29000,29100,268
2026-08-10T02:41:53Z,184309,1500006500,1500006500,1
2026-08-10T02:41:53Z,184310,1500006500,1500006500,2
2026-08-10T02:41:53Z,184340,248897300,248897300,1
2026-08-10T02:41:53Z,184341,798852500,798852500,4
2026-08-10T02:41:53Z,184342,250008800,250008800,2
2026-08-10T02:41:53Z,184343,249999600,249999600,1
2026-08-10T02:41:53Z,184344,974999600,974999600,2
2026-08-10T02:41:53Z,184345,800008800,800008800,1
2026-08-10T02:41:53Z,184346,250008400,250008400,1
2026-08-10T02:41:53Z,184347,924999800,924999800,1
2026-08-10T02:41:53Z,184390,1210000,1210000,45
2026-08-10T02:41:53Z,184391,229900,230000,223
2026-08-10T02:41:53Z,184392,390000,390000,44
2026-08-10T02:41:53Z,184393,3000000,45000000,23
2026-08-10T02:41:53Z,184394,49000500,49000500,12
2026-08-10T02:41:53Z,184553,290001900,290001900,1
2026-08-10T02:41:53Z,184624,998000,1459900,144
2026-08-10T02:41:53Z,184682,160000,9980000,51
2026-08-10T02:41:53Z,184690,757600,1009500,178
2026-08-10T02:41:53Z,185476,49004600,49004700,30
2026-08-10T02:41:53Z,185477,1506700,1506700,2
2026-08-10T02:41:53Z,185478,290006700,290006700,3
2026-08-10T02:41:53Z,185479,49000000,49000000,41
2026-08-10T02:41:53Z,185480,49009500,49009500,20
2026-08-10T02:41:53Z,185481,48735300,48735300,21
2026-08-10T02:41:53Z,185482,259700,259700,4
2026-08-10T02:41:53Z,185483,290007600,290007600,1
2026-08-10T02:41:53Z,185737,501300,49001300,22
2026-08-10T02:41:53Z,185739,290009000,290009000,1
2026-08-10T02:41:53Z,185910,1490000,1490000,244
2026-08-10T02:41:53Z,185968,290004200,290004200,2
2026-08-10T02:41:53Z,185970,290009500,290009500,1
2026-08-10T02:41:53Z,186017,15000,21300,8501
2026-08-10T02:41:53Z,186522,1349900,1349900,86
2026-08-10T02:41:53Z,186660,990002600,990002600,1
2026-08-10T02:41:53Z,186661,290006300,290006300,2
2026-08-10T02:41:53Z,186662,701100,1119900,59
2026-08-10T02:41:53Z,186677,290005200,290005200,2
2026-08-10T02:41:53Z,186684,990000,990000,324
2026-08-10T02:41:53Z,186704,7135700,7135700,59
2026-08-10T02:41:53Z,186725,273300,273300,137
2026-08-10T02:41:53Z,186726,999900,999900,68
2026-08-10T02:41:53Z,186975,5500,5500,104
2026-08-10T02:41:53Z,186981,502900,502900,34
2026-08-10T02:41:53Z,186982,89800,89800,27
2026-08-10T02:41:53Z,187180,49005800,49005800,20
2026-08-10T02:41:53Z,187188,290005800,290005800,1
2026-08-10T02:41:53Z,187189,290003300,290003300,1
2026-08-10T02:41:53Z,187190,290001800,290001800,1
2026-08-10T02:41:53Z,187191,290007800,290007800,1
2026-08-10T02:41:53Z,187192,290005700,290005700,1
2026-08-10T02:41:53Z,187193,60000500,60000500,8
2026-08-10T02:41:53Z,187194,290001500,290001500,1
2026-08-10T02:41:53Z,187195,290001600,290001600,1
2026-08-10T02:41:53Z,187196,290000000,290000000,1
2026-08-10T02:41:53Z,187197,290000200,290000200,1
2026-08-10T02:41:53Z,187198,49004900,49004900,19
2026-08-10T02:41:53Z,187199,290005900,290005900,1
2026-08-10T02:41:53Z,187211,290000200,290000200,1
2026-08-10T02:41:53Z,187212,49005700,49005700,20
2026-08-10T02:41:53Z,187213,49006000,49006000,20
2026-08-10T02:41:53Z,187348,40009900,48999900,37
2026-08-10T02:41:53Z,187408,290001200,290001200,1
2026-08-10T02:41:53Z,187550,990000100,990000100,1
2026-08-10T02:41:53Z,187553,599990100,599990100,2
2026-08-10T02:41:53Z,187554,5500000100,5500000100,1
2026-08-10T02:41:53Z,187555,1500000100,1500000100,1
2026-08-10T02:41:53Z,187594,45004000,45004000,22
2026-08-10T02:41:53Z,187633,1337000,1337000,111
2026-08-10T02:41:53Z,187634,400000,400000,91
2026-08-10T02:41:53Z,187635,320000,320000,102
2026-08-10T02:41:53Z,187636,3937900,3937900,60
2026-08-10T02:41:53Z,187648,19904000,19904000,14
2026-08-10T02:41:53Z,187699,93900,93900,1188
2026-08-10T02:41:53Z,187700,181000,181000,16288
2026-08-10T02:41:53Z,187701,4000,5300,44374
2026-08-10T02:41:53Z,187702,1500,38000,16053
2026-08-10T02:41:53Z,187703,3700,10000,44173
2026-08-10T02:41:53Z,187704,17900,18700,18479
2026-08-10T02:41:53Z,187707,578200,578200,255
2026-08-10T02:41:53Z,187711,151200,49001200,21
2026-08-10T02:41:53Z,187712,5200,5200,37
2026-08-10T02:41:53Z,187796,309400,309400,89
2026-08-10T02:41:53Z,187802,7000,7000,179
2026-08-10T02:41:53Z,187805,698300,9115500,33
2026-08-10T02:41:53Z,187812,3999900,4000000,42
2026-08-10T02:41:53Z,187823,4853700,4902700,29
2026-08-10T02:41:53Z,187825,26700000,26700000,115
2026-08-10T02:41:53Z,187827,150000300,150000300,9
2026-08-10T02:41:53Z,187829,4790000,4790000,19
2026-08-10T02:41:53Z,187831,7948600,7948600,21
2026-08-10T02:41:53Z,187836,9997600,22187600,57
2026-08-10T02:41:53Z,187842,49000800,49000800,20
2026-08-10T02:41:53Z,187849,8391000,8391000,30
2026-08-10T02:41:53Z,187850,193999000,193999000,204
2026-08-10T02:41:53Z,187884,17997900,17997900,138
2026-08-10T02:41:53Z,187887,13050200,13050200,84
2026-08-10T02:41:53Z,187888,15999500,15999500,160
2026-08-10T02:41:53Z,187911,2498000,2498000,55
2026-08-10T02:41:53Z,187931,12610400,12610400,64
2026-08-10T02:41:53Z,187933,7500800,8000800,252
2026-08-10T02:41:53Z,187934,16798500,16798500,130
2026-08-10T02:41:53Z,187936,17462200,17462200,97
2026-08-10T02:41:53Z,188164,9500000,9500000,113
2026-08-10T02:41:53Z,188658,25000,29400,20823
2026-08-10T02:41:53Z,188669,73900,73900,41
2026-08-10T02:41:53Z,188670,1300,1300,942
2026-08-10T02:41:53Z,188671,22800,22800,131
2026-08-10T02:41:53Z,188672,19732400,19732400,18
2026-08-10T02:41:53Z,188681,249900,250000,29
2026-08-10T02:41:53Z,188682,28600,28600,124
2026-08-10T02:41:53Z,188683,2500000,2500000,3
2026-08-10T02:41:53Z,188684,1429700,1429700,11
2026-08-10T02:41:53Z,188685,180000000,180000000,3
2026-08-10T02:41:53Z,188760,4489000,4489100,7
2026-08-10T02:41:53Z,188761,198000,300000,149
2026-08-10T02:41:53Z,188762,10009800,10009800,6
2026-08-10T02:41:53Z,188779,290009200,290009200,1
2026-08-10T02:41:53Z,188789,290003200,290003200,2
2026-08-10T02:41:53Z,188790,49006800,49006800,25
2026-08-10T02:41:53Z,188791,290007900,290007900,4
2026-08-10T02:41:53Z,188792,49009600,49009600,23
2026-08-10T02:41:53Z,188794,49000000,49000000,29
2026-08-10T02:41:53Z,188795,290005900,290005900,1
2026-08-10T02:41:53Z,188811,100009000,100009000,6
2026-08-10T02:41:53Z,188827,49003200,49003200,20
2026-08-10T02:41:53Z,188834,49008200,49008200,36
2026-08-10T02:41:53Z,188835,460000,460000,121
2026-08-10T02:41:53Z,188836,290009100,290009100,1
2026-08-10T02:41:53Z,188946,280009200,280009200,12
2026-08-10T02:41:53Z,188947,290000100,290000100,2
2026-08-10T02:41:53Z,188948,49006000,49006000,17
2026-08-10T02:41:53Z,189143,25500,32400,21845
2026-08-10T02:41:53Z,189145,17000000,24000000,332
2026-08-10T02:41:53Z,189146,2225000,2225000,162
2026-08-10T02:41:53Z,189147,6000000,6000000,35
2026-08-10T02:41:53Z,189148,1557400,1557400,192
2026-08-10T02:41:53Z,189149,2229800,2229800,149
2026-08-10T02:41:53Z,189150,2223000,2223000,207
2026-08-10T02:41:53Z,189151,10000,22900,359
2026-08-10T02:41:53Z,189152,1376500,1376500,67
2026-08-10T02:41:53Z,189153,109000,109000,383
2026-08-10T02:41:53Z,189154,78400000,78400000,118
2026-08-10T02:41:53Z,189155,50000000,50000000,163
2026-08-10T02:41:53Z,189156,139994900,139995000,262
2026-08-10T02:41:53Z,189541,1735000,1735000,308
2026-08-10T02:41:53Z,189542,1584000,1584000,526
2026-08-10T02:41:53Z,189543,2009300,2009400,473
2026-08-10T02:41:53Z,189571,10000000,10000000,4
2026-08-10T02:41:53Z,190235,49000700,49000700,20
2026-08-10T02:41:53Z,190236,290001900,290001900,1
2026-08-10T02:41:53Z,190311,37400,50100,81009
2026-08-10T02:41:53Z,190312,79700,173900,15568
2026-08-10T02:41:53Z,190313,76200,89000,19773
2026-08-10T02:41:53Z,190314,225000,225000,28968
2026-08-10T02:41:53Z,190315,100000,129800,15416
2026-08-10T02:41:53Z,190316,1213600,1213600,8793
2026-08-10T02:41:53Z,190320,119800,131900,17732
2026-08-10T02:41:53Z,190321,1280000,1369800,5092
2026-08-10T02:41:53Z,190322,304900,304900,4095
2026-08-10T02:41:53Z,190324,3240000,3250000,2726
2026-08-10T02:41:53Z,190326,145000,217400,32619
2026-08-10T02:41:53Z,190327,1690000,1690000,21221
2026-08-10T02:41:53Z,190328,137900,174900,22097
2026-08-10T02:41:53Z,190329,1483800,1484100,9517
2026-08-10T02:41:53Z,190330,22400,71700,107568
2026-08-10T02:41:53Z,190331,295500,376000,7887
2026-08-10T02:41:53Z,190378,1356500,1356500,272
2026-08-10T02:41:53Z,190380,1351700,1351700,249
2026-08-10T02:41:53Z,190388,2225000,2225000,384
2026-08-10T02:41:53Z,190394,6000,7500,71207
2026-08-10T02:41:53Z,190395,4800,5700,29345
2026-08-10T02:41:53Z,190396,4500,5500,48616
2026-08-10T02:41:53Z,190450,1067700,1189500,15865
2026-08-10T02:41:53Z,190451,96100,101100,25977
2026-08-10T02:41:53Z,190452,127400,127400,3098
2026-08-10T02:41:53Z,190530,2004100,2442100,1151
2026-08-10T02:41:53Z,190531,1996700,1996700,1087
2026-08-10T02:41:53Z,190532,1900200,2490000,265
2026-08-10T02:41:53Z,190533,4900000,4900000,60
2026-08-10T02:41:53Z,190534,2974900,2974900,963
2026-08-10T02:41:53Z,190535,3999400,4117400,1200
2026-08-10T02:41:53Z,190536,49907700,49907700,6
2026-08-10T02:41:53Z,190537,3999900,5553900,45
2026-08-10T02:41:53Z,190538,1200000,4509100,1824
2026-08-10T02:41:53Z,190880,290000,290000,536
2026-08-10T02:41:53Z,190881,9900000,9900000,25
2026-08-10T02:41:53Z,190936,9850000,9850000,25
2026-08-10T02:41:53Z,190953,8000,8000,880
2026-08-10T02:41:53Z,191250,990000,2900000,71
2026-08-10T02:41:53Z,191256,50000,50000,221
2026-08-10T02:41:53Z,191260,209900,225000,325
2026-08-10T02:41:53Z,191318,71700,71700,81
2026-08-10T02:41:53Z,191319,27300,29900,1996
2026-08-10T02:41:53Z,191320,99900,99900,118
2026-08-10T02:41:53Z,191321,40000,40000,122
2026-08-10T02:41:53Z,191322,20000,20000,88
2026-08-10T02:41:53Z,191323,450000,450000,76
2026-08-10T02:41:53Z,191324,50000,59800,78
2026-08-10T02:41:53Z,191325,22400,22500,71
2026-08-10T02:41:53Z,191326,60000,60000,70
2026-08-10T02:41:53Z,191327,100000,200000,168
2026-08-10T02:41:53Z,191328,21100,21100,442
2026-08-10T02:41:53Z,191329,50100,99900,759
2026-08-10T02:41:53Z,191330,34900,50000,84
2026-08-10T02:41:53Z,191331,199800,390000,78
2026-08-10T02:41:53Z,191332,130000,130000,79
2026-08-10T02:41:53Z,191333,27300,27300,81
2026-08-10T02:41:53Z,191334,47800,47800,331
2026-08-10T02:41:53Z,191335,6000000,6000000,153
2026-08-10T02:41:53Z,191336,22800,22800,152
2026-08-10T02:41:53Z,191337,156000,156000,138
2026-08-10T02:41:53Z,191338,290000,330000,222
2026-08-10T02:41:53Z,191339,15700,15700,252
2026-08-10T02:41:53Z,191340,12500,12500,401
2026-08-10T02:41:53Z,191341,10300,32000,18888
2026-08-10T02:41:53Z,191348,2000000,2000000,89
2026-08-10T02:41:53Z,191349,1855100,2495000,68
2026-08-10T02:41:53Z,191350,1909500,1909500,290
2026-08-10T02:41:53Z,191351,1043900,1044000,83
2026-08-10T02:41:53Z,191352,9998000,9998000,27
2026-08-10T02:41:53Z,191353,1499800,1700000,2921
2026-08-10T02:41:53Z,191357,300000,1331100,3221
2026-08-10T02:41:53Z,191358,160000,2544400,3958
2026-08-10T02:41:53Z,191359,990000,1758400,1842
2026-08-10T02:41:53Z,191360,15000,15000,44
2026-08-10T02:41:53Z,191361,25500,25500,161
2026-08-10T02:41:53Z,191362,27500,27500,33
2026-08-10T02:41:53Z,191363,3000,14800,3583
2026-08-10T02:41:53Z,191364,7700,57700,2141
2026-08-10T02:41:53Z,191365,10000,10000,1302
2026-08-10T02:41:53Z,191366,10000,16800,52
2026-08-10T02:41:53Z,191367,19900,19900,490
2026-08-10T02:41:53Z,191368,29900,29900,113
2026-08-10T02:41:53Z,191369,2707100,2707100,42
2026-08-10T02:41:53Z,191370,30000,30000,107
2026-08-10T02:41:53Z,191371,149900,179700,123
2026-08-10T02:41:53Z,191372,10000,56900,51
2026-08-10T02:41:53Z,191373,9900,10000,1368
2026-08-10T02:41:53Z,191374,26900,29900,847
2026-08-10T02:41:53Z,191375,1000000,1250000,41
2026-08-10T02:41:53Z,191376,263700,481900,46
2026-08-10T02:41:53Z,191377,34900,36500,68
2026-08-10T02:41:53Z,191378,2200,2200,276
2026-08-10T02:41:53Z,191379,3300,3500,290
2026-08-10T02:41:53Z,191380,3400,3400,57234
2026-08-10T02:41:53Z,191381,205000,205000,513
2026-08-10T02:41:53Z,191382,29900,30000,6431
2026-08-10T02:41:53Z,191383,20400,375000,7274
2026-08-10T02:41:53Z,191384,11300,29600,6387
2026-08-10T02:41:53Z,191385,34900,50000,3411
2026-08-10T02:41:53Z,191386,34900,60000,36547
2026-08-10T02:41:53Z,191387,330000,330000,100
2026-08-10T02:41:53Z,191388,439900,500000,321
2026-08-10T02:41:53Z,191389,316700,316700,234
2026-08-10T02:41:53Z,191393,3500,5300,1693
2026-08-10T02:41:53Z,191394,30000,30000,196
2026-08-10T02:41:53Z,191395,90000,129800,2505
2026-08-10T02:41:53Z,191396,12700,32000,4837
2026-08-10T02:41:53Z,191397,329100,440700,139
2026-08-10T02:41:53Z,191398,499800,499800,2525
2026-08-10T02:41:53Z,191399,6700,6700,138
2026-08-10T02:41:53Z,191400,49900,50000,81
2026-08-10T02:41:53Z,191401,189900,292800,844
2026-08-10T02:41:53Z,191460,3600,3800,9296
2026-08-10T02:41:53Z,191461,3500,4000,98702
2026-08-10T02:41:53Z,191462,3900,5900,81499
2026-08-10T02:41:53Z,191464,26400,26500,1071
2026-08-10T02:41:53Z,191465,19500,19800,18910
2026-08-10T02:41:53Z,191466,121500,122100,14219
2026-08-10T02:41:53Z,191467,20000,20200,2133
2026-08-10T02:41:53Z,191468,15000,21400,13725
2026-08-10T02:41:53Z,191469,25000,29000,11491
2026-08-10T02:41:53Z,191470,497000,497100,656
2026-08-10T02:41:53Z,191471,485000,492000,2426
2026-08-10T02:41:53Z,191472,520700,549800,9374
2026-08-10T02:41:53Z,191474,56200,56200,1904
2026-08-10T02:41:53Z,191475,102100,102400,4055
2026-08-10T02:41:53Z,191476,400000,400000,3937
2026-08-10T02:41:53Z,191493,4696000,4776000,45
2026-08-10T02:41:53Z,191494,9329300,9519600,214
2026-08-10T02:41:53Z,191495,5599600,5599600,790
2026-08-10T02:41:53Z,191496,495000,643400,1032
2026-08-10T02:41:53Z,191497,438600,438600,513
2026-08-10T02:41:53Z,191498,450000,450000,3111
2026-08-10T02:41:53Z,191499,1500000,1500000,79
2026-08-10T02:41:53Z,191500,1499900,1499900,55
2026-08-10T02:41:53Z,191501,506500,506500,45
2026-08-10T02:41:53Z,191502,9945000,9945000,27
2026-08-10T02:41:53Z,191503,1402600,1452600,59
2026-08-10T02:41:53Z,191504,100000,100000,106
2026-08-10T02:41:53Z,191505,9899000,9899000,26
2026-08-10T02:41:53Z,191506,29000,29000,65
2026-08-10T02:41:53Z,191507,1109200,1333300,217
2026-08-10T02:41:53Z,191508,49992500,49992500,6
2026-08-10T02:41:53Z,191509,5221300,9995500,30
2026-08-10T02:41:53Z,191510,990000,1500000,180
2026-08-10T02:41:53Z,191511,831600,831600,33
2026-08-10T02:41:53Z,191512,300000,300000,137
2026-08-10T02:41:53Z,191513,18900,19600,163
2026-08-10T02:41:53Z,191514,49989200,49989200,6
2026-08-10T02:41:53Z,191515,898000,898000,59
2026-08-10T02:41:53Z,191516,7400,7800,151
2026-08-10T02:41:53Z,191518,7700,144900,4634
2026-08-10T02:41:53Z,191519,12700,12900,1159
2026-08-10T02:41:53Z,191520,970000,970000,43
2026-08-10T02:41:53Z,191521,158200,158200,61
2026-08-10T02:41:53Z,191522,570000,570000,513
2026-08-10T02:41:53Z,191523,520000,520000,41
2026-08-10T02:41:53Z,191524,2000000,2000000,92
2026-08-10T02:41:53Z,191525,2504900,9909800,61
2026-08-10T02:41:53Z,191532,197500,197500,191
2026-08-10T02:41:53Z,191533,99000,99000,75
2026-08-10T02:41:53Z,191534,1209700,1209700,20
2026-08-10T02:41:53Z,191861,55000,55000,59
2026-08-10T02:41:53Z,191864,49000100,49000100,20
2026-08-10T02:41:53Z,191872,820000,5771400,269
2026-08-10T02:41:53Z,191873,4999900,39900000,8
2026-08-10T02:41:53Z,191933,12100,12100,55
2026-08-10T02:41:53Z,191939,99000,99000,258
2026-08-10T02:41:53Z,191940,7840000,7840000,225
2026-08-10T02:41:53Z,191943,7300,7300,604
2026-08-10T02:41:53Z,191944,4500,5000,528
2026-08-10T02:41:53Z,191945,6390300,6390300,122
2026-08-10T02:41:53Z,191948,374400,375700,84
2026-08-10T02:41:53Z,191949,241200,241200,33
2026-08-10T02:41:53Z,191950,3007800,3008000,403
2026-08-10T02:41:53Z,192095,12300,48000,10829
2026-08-10T02:41:53Z,192096,11900,15600,17166
2026-08-10T02:41:53Z,192097,13000,20300,40696
2026-08-10T02:41:53Z,192552,6960700,6960900,109
2026-08-10T02:41:53Z,192553,12800,15000,60
2026-08-10T02:41:53Z,192554,830000,839800,65
2026-08-10T02:41:53Z,192604,290008400,290008400,1
2026-08-10T02:41:53Z,192605,16600,16600,44
2026-08-10T02:41:53Z,192608,6300,6300,284
2026-08-10T02:41:53Z,192609,6400,6500,25
2026-08-10T02:41:53Z,192610,6100,6100,61
2026-08-10T02:41:53Z,192611,165000,170000,254
2026-08-10T02:41:53Z,192613,50000,50000,49
2026-08-10T02:41:53Z,192614,9400,156000,661
2026-08-10T02:41:53Z,192615,6000,6300,10262
2026-08-10T02:41:53Z,192616,290002200,290002200,2
2026-08-10T02:41:53Z,192617,16700,16700,392
2026-08-10T02:41:53Z,192619,212500,450000,39
2026-08-10T02:41:53Z,192620,6500,6500,47
2026-08-10T02:41:53Z,192621,6600,6600,7440
2026-08-10T02:41:53Z,192622,6500,6500,116
2026-08-10T02:41:53Z,192623,170000,178400,165
2026-08-10T02:41:53Z,192624,7700,7900,505
2026-08-10T02:41:53Z,192625,7000,7400,665
2026-08-10T02:41:53Z,192626,7600,7800,454
2026-08-10T02:41:53Z,192627,6400,6400,174
2026-08-10T02:41:53Z,192628,187000,187500,281
2026-08-10T02:41:53Z,192629,5900,5900,147
2026-08-10T02:41:53Z,192630,6900,6900,42
2026-08-10T02:41:53Z,192631,6400,6400,471
2026-08-10T02:41:53Z,192632,10000,49005500,21
2026-08-10T02:41:53Z,192634,6900,6900,90
2026-08-10T02:41:53Z,192635,6700,6800,1007
2026-08-10T02:41:53Z,192636,5900,10900,2840
2026-08-10T02:41:53Z,192644,16300,16300,94
2026-08-10T02:41:53Z,192645,119500,119900,26
2026-08-10T02:41:53Z,192646,15900,15900,105
2026-08-10T02:41:53Z,192647,18200,18200,370
2026-08-10T02:41:53Z,192648,17500,17500,215
2026-08-10T02:41:53Z,192650,58500,88500,37
2026-08-10T02:41:53Z,192651,28400,28500,71
2026-08-10T02:41:53Z,192652,19900,49000300,23
2026-08-10T02:41:53Z,192653,19900,19900,23
2026-08-10T02:41:53Z,192654,26200,29800,61
2026-08-10T02:41:53Z,192655,17700,17700,67
2026-08-10T02:41:53Z,192656,1505600,1505600,18
2026-08-10T02:41:53Z,192657,16400,16400,26
2026-08-10T02:41:53Z,192658,18200,18300,1716
2026-08-10T02:41:53Z,192659,1000000,1000000,18
2026-08-10T02:41:53Z,192660,49000000,49000000,15
2026-08-10T02:41:53Z,192661,20000,20000,19
2026-08-10T02:41:53Z,192662,18600,18700,537
2026-08-10T02:41:53Z,192663,1350000,2000000,22
2026-08-10T02:41:53Z,192664,201000,49009900,17
2026-08-10T02:41:53Z,192665,290004200,290004200,1
2026-08-10T02:41:53Z,192666,25400,29900,37
2026-08-10T02:41:53Z,192668,50000,50000,20
2026-08-10T02:41:53Z,192669,16200,16200,40
2026-08-10T02:41:53Z,192670,18900,18900,40
2026-08-10T02:41:53Z,192671,1990000,1990000,41
2026-08-10T02:41:53Z,192672,16800,16800,60
2026-08-10T02:41:53Z,192673,16500,16500,43
2026-08-10T02:41:53Z,192674,19900,20000,69
2026-08-10T02:41:53Z,192675,18600,18600,123
2026-08-10T02:41:53Z,192683,17400,17400,38
2026-08-10T02:41:53Z,192684,1500001300,1500001300,1
2026-08-10T02:41:53Z,192685,250000,290000,7
2026-08-10T02:41:53Z,192686,290001000,290001000,2
2026-08-10T02:41:53Z,192687,290005100,290005100,1
2026-08-10T02:41:53Z,192688,290000800,290000800,3
2026-08-10T02:41:53Z,192689,290002600,290002600,2
2026-08-10T02:41:53Z,192690,290000000,290000000,3
2026-08-10T02:41:53Z,192691,200000000,200000000,3
2026-08-10T02:41:53Z,192692,290003300,290003300,1
2026-08-10T02:41:53Z,192693,290008800,290008800,1
2026-08-10T02:41:53Z,192695,5000000,5000000,8
2026-08-10T02:41:53Z,192697,270000,270000,14
2026-08-10T02:41:53Z,192700,290006600,290006600,1
2026-08-10T02:41:53Z,192701,249900,249900,7
2026-08-10T02:41:53Z,192702,3499800,3499800,7
2026-08-10T02:41:53Z,192703,500000,500000,2
2026-08-10T02:41:53Z,192704,290000700,290000700,1
2026-08-10T02:41:53Z,192705,2590000,2590000,11
2026-08-10T02:41:53Z,192706,290004300,290004300,1
2026-08-10T02:41:53Z,192707,290004900,290004900,1
2026-08-10T02:41:53Z,192708,290005000,290005000,3
2026-08-10T02:41:53Z,192709,250004600,250004600,5
2026-08-10T02:41:53Z,192710,9200000,9200000,8
2026-08-10T02:41:53Z,192711,290001500,290001500,1
2026-08-10T02:41:53Z,192712,669900,669900,15
2026-08-10T02:41:53Z,192713,290003600,290003600,1
2026-08-10T02:41:53Z,192714,990007000,990007000,1
2026-08-10T02:41:53Z,192715,20000,20000,114
2026-08-10T02:41:53Z,192716,290001100,290001100,1
2026-08-10T02:41:53Z,192717,209400,209500,158
2026-08-10T02:41:53Z,192718,210000,210000,7
2026-08-10T02:41:53Z,192719,202000,202000,2
2026-08-10T02:41:53Z,192720,289900,290000,28
2026-08-10T02:41:53Z,192721,290001700,290001700,1
2026-08-10T02:41:53Z,192722,4991600,4991600,2
2026-08-10T02:41:53Z,192723,518500,610000,9
2026-08-10T02:41:53Z,192724,290008500,290008500,2
2026-08-10T02:41:53Z,192725,1500002400,1500002400,1
2026-08-10T02:41:53Z,192726,9000000,9000000,3
2026-08-10T02:41:53Z,192727,609200,609200,9
2026-08-10T02:41:53Z,192728,6429800,6429800,3
2026-08-10T02:41:53Z,192729,444000,444000,26
2026-08-10T02:41:53Z,192730,17600,17600,78
2026-08-10T02:41:53Z,192731,450007100,450007100,1
2026-08-10T02:41:53Z,192746,99800,99900,54
2026-08-10T02:41:53Z,192747,9200,12900,323
2026-08-10T02:41:53Z,192769,50100,50100,29
2026-08-10T02:41:53Z,192833,13200,35700,4621
2026-08-10T02:41:53Z,192834,326300,384200,345
2026-08-10T02:41:53Z,192835,220000,390000,1289
2026-08-10T02:41:53Z,192836,359900,380300,3673
2026-08-10T02:41:53Z,192837,8500,55300,8868
2026-08-10T02:41:53Z,192838,18500,18700,6736
2026-08-10T02:41:53Z,192839,38100,68800,8891
2026-08-10T02:41:53Z,192840,67100,451000,6315
2026-08-10T02:41:53Z,192841,77700,80000,5727
2026-08-10T02:41:53Z,192842,19000,39000,8766
2026-08-10T02:41:53Z,192843,12700,65100,6841
2026-08-10T02:41:53Z,192844,10000,46800,8576
2026-08-10T02:41:53Z,192845,6200,28400,6513
2026-08-10T02:41:53Z,192846,16100,66900,3311
2026-08-10T02:41:53Z,192847,11600,12000,4450
2026-08-10T02:41:53Z,192848,24800,44800,6029
2026-08-10T02:41:53Z,192849,10000,13500,5206
2026-08-10T02:41:53Z,192850,11700,12200,7023
2026-08-10T02:41:53Z,192851,23400,144700,16821
2026-08-10T02:41:53Z,192852,34500,34600,547
2026-08-10T02:41:53Z,192853,17800,229400,1800
2026-08-10T02:41:53Z,192855,240000,240000,3497
2026-08-10T02:41:53Z,192856,59300,289900,3264
2026-08-10T02:41:53Z,192857,39500,369900,4521
2026-08-10T02:41:53Z,192858,140000,140000,430
2026-08-10T02:41:53Z,192859,37500,37500,333
2026-08-10T02:41:53Z,192860,32800,210000,4118
2026-08-10T02:41:53Z,192861,300000,300000,4423
2026-08-10T02:41:53Z,192862,62300,74700,254
2026-08-10T02:41:53Z,192863,24200,29000,1528
2026-08-10T02:41:53Z,192865,70000,220000,2426
2026-08-10T02:41:53Z,192866,42500,80000,1987
2026-08-10T02:41:53Z,192867,33200,49800,2498
2026-08-10T02:41:53Z,192868,57800,350000,4934
2026-08-10T02:41:53Z,192869,1674600,1970100,2273
2026-08-10T02:41:53Z,192870,1156000,1180000,5519
2026-08-10T02:41:53Z,192871,1078200,1178600,628
2026-08-10T02:41:53Z,192872,1700,2800,101769
2026-08-10T02:41:53Z,192876,237300,482000,1274
2026-08-10T02:41:53Z,192877,426700,426700,3356
2026-08-10T02:41:53Z,192878,206500,655500,4092
2026-08-10T02:41:53Z,192880,4700,4700,48623
2026-08-10T02:41:53Z,192883,479900,503700,543
2026-08-10T02:41:53Z,192884,189700,249900,8735
2026-08-10T02:41:53Z,192885,168000,168000,13076
2026-08-10T02:41:53Z,192887,2362900,2989800,96
2026-08-10T02:41:53Z,192894,2500,2500,830
2026-08-10T02:41:53Z,192895,20000,140700,315
2026-08-10T02:41:53Z,192896,10700,10800,360
2026-08-10T02:41:53Z,192897,55100,55100,47
2026-08-10T02:41:53Z,192898,190000,190000,99
2026-08-10T02:41:53Z,192899,109800,109800,160
2026-08-10T02:41:53Z,192900,30000,391300,435
2026-08-10T02:41:53Z,192901,58400,58500,56
2026-08-10T02:41:53Z,192902,69500,479000,334
2026-08-10T02:41:53Z,192903,50000,464000,719
2026-08-10T02:41:53Z,192904,50000,480000,850
2026-08-10T02:41:53Z,192905,250000,349900,561
2026-08-10T02:41:53Z,192906,100000,180000,66
2026-08-10T02:41:53Z,192907,345500,345500,65
2026-08-10T02:41:53Z,192908,340000,438900,565
2026-08-10T02:41:53Z,192910,35500,35500,55
2026-08-10T02:41:53Z,192911,44200,384200,123
2026-08-10T02:41:53Z,192912,24500,24500,60
2026-08-10T02:41:53Z,192913,52900,70700,2122
2026-08-10T02:41:53Z,192914,9900,346800,1022
2026-08-10T02:41:53Z,192916,76900,450000,2091
2026-08-10T02:41:53Z,192917,31546100,31546100,5
2026-08-10T02:41:53Z,192918,2250000,2250000,47
2026-08-10T02:41:53Z,192919,1094900,1094900,74
2026-08-10T02:41:53Z,192920,831600,831600,78
2026-08-10T02:41:53Z,192921,150000,225000,58
2026-08-10T02:41:53Z,192922,224000,224000,53
2026-08-10T02:41:53Z,192923,4201900,9994900,24
2026-08-10T02:41:53Z,192924,1328800,2158800,100
2026-08-10T02:41:53Z,192925,1090000,1090000,224
2026-08-10T02:41:53Z,192926,199000000,199000000,4
2026-08-10T02:41:53Z,192927,236000,236000,55
2026-08-10T02:41:53Z,192928,1999800,1999900,27
2026-08-10T02:41:53Z,192929,230900,230900,26
2026-08-10T02:41:53Z,192931,345900,345900,25
2026-08-10T02:41:53Z,192932,280600,887500,36
2026-08-10T02:41:53Z,192933,595900,9998900,24
2026-08-10T02:41:53Z,192934,495900,9990200,23
2026-08-10T02:41:53Z,192935,5000000,5000000,43
2026-08-10T02:41:53Z,192936,197595900,197595900,3
2026-08-10T02:41:53Z,192937,2088900,2110000,38
2026-08-10T02:41:53Z,192938,2139600,2139600,83
2026-08-10T02:41:53Z,192940,990006700,990006700,3
2026-08-10T02:41:53Z,192941,148400,148400,28
2026-08-10T02:41:53Z,192942,2559800,2559800,28
2026-08-10T02:41:53Z,192943,150261900,150261900,20
2026-08-10T02:41:53Z,192944,1959100,9990000,23
2026-08-10T02:41:53Z,192945,1509800,9999800,24
2026-08-10T02:41:53Z,192946,117000,117000,25
2026-08-10T02:41:53Z,192947,1495900,9990600,23
2026-08-10T02:41:53Z,192948,1402800,1402800,51
2026-08-10T02:41:53Z,192950,2157400,2168200,20
2026-08-10T02:41:53Z,192951,2110000,2110000,29
2026-08-10T02:41:53Z,192952,1500000,1500000,72
2026-08-10T02:41:53Z,192953,989425400,989425400,9
2026-08-10T02:41:53Z,192954,1500000,1500000,43
2026-08-10T02:41:53Z,192955,9997700,9997700,21
2026-08-10T02:41:53Z,192956,252900,302900,26
2026-08-10T02:41:53Z,192957,800000,800000,30
2026-08-10T02:41:53Z,192958,759400,1509400,39
2026-08-10T02:41:53Z,192959,155900,9900000,24
2026-08-10T02:41:53Z,192960,5000000,5000000,34
2026-08-10T02:41:53Z,192961,950400,950400,114
2026-08-10T02:41:53Z,192962,250000000,250000000,1
2026-08-10T02:41:53Z,192963,3276000,9990000,24
2026-08-10T02:41:53Z,192964,669000,669000,143
2026-08-10T02:41:53Z,192965,192216800,192216800,5
2026-08-10T02:41:53Z,192966,990000,3000000,35
2026-08-10T02:41:53Z,192967,1500000,1500000,29
2026-08-10T02:41:53Z,192968,28800,30000,1451
2026-08-10T02:41:53Z,192969,70000,70000,88
2026-08-10T02:41:53Z,192970,1930100,1930100,40
2026-08-10T02:41:53Z,192971,45000,45000,133
2026-08-10T02:41:53Z,192972,991200,1951200,75
2026-08-10T02:41:53Z,192973,1502300,1502300,69
2026-08-10T02:41:53Z,192974,28500,28500,383
2026-08-10T02:41:53Z,192975,34700,35000,78
2026-08-10T02:41:53Z,192976,1832400,1832400,47
2026-08-10T02:41:53Z,192977,11400,11900,215
2026-08-10T02:41:53Z,192978,30000,30000,153
2026-08-10T02:41:53Z,192979,500000,1665000,31
2026-08-10T02:41:53Z,192992,199000100,199000100,5
2026-08-10T02:41:53Z,192993,18750000,18750000,32
2026-08-10T02:41:53Z,192994,20000000,20000000,12
2026-08-10T02:41:53Z,193019,1539500,1539500,20
2026-08-10T02:41:53Z,193020,2489900,2989700,28
2026-08-10T02:41:53Z,193021,1009900,1999900,13
2026-08-10T02:41:53Z,193029,25995800,25995800,13
2026-08-10T02:41:53Z,193030,642900,658300,3350
2026-08-10T02:41:53Z,193031,99700,99700,22511
2026-08-10T02:41:53Z,193050,2100,2400,50753
2026-08-10T02:41:53Z,193053,9900,10000,2539
2026-08-10T02:41:53Z,193208,900,7700,13418
2026-08-10T02:41:53Z,193210,4000,6200,117462
2026-08-10T02:41:53Z,193211,5800,10100,76337
2026-08-10T02:41:53Z,193213,1700,2100,20765
2026-08-10T02:41:53Z,193214,1900,3000,45473
2026-08-10T02:41:53Z,193215,3700,6900,40849
2026-08-10T02:41:53Z,193216,46800,113300,11499
2026-08-10T02:41:53Z,193217,44500,55100,27394
2026-08-10T02:41:53Z,193218,59000,59900,16312
2026-08-10T02:41:53Z,193222,34800,110000,11405
2026-08-10T02:41:53Z,193223,34400,78500,13377
2026-08-10T02:41:53Z,193224,149700,750000,3373
2026-08-10T02:41:53Z,193226,1280000,1280000,49
2026-08-10T02:41:53Z,193227,1099000,1499000,390
2026-08-10T02:41:53Z,193228,2223000,2223000,311
2026-08-10T02:41:53Z,193229,1970000,2000000,187
2026-08-10T02:41:53Z,193230,1599900,1599900,49
2026-08-10T02:41:53Z,193231,3799500,3799500,597
2026-08-10T02:41:53Z,193236,1503900,2573900,284
2026-08-10T02:41:53Z,193237,1200000,1200000,1182
2026-08-10T02:41:53Z,193238,4990000,4990000,188
2026-08-10T02:41:53Z,193242,2981400,3011500,221
2026-08-10T02:41:53Z,193243,2079000,2079000,1437
2026-08-10T02:41:53Z,193244,9305500,9305500,187
2026-08-10T02:41:53Z,193245,1759900,1759900,37
2026-08-10T02:41:53Z,193246,3330000,3330000,1598
2026-08-10T02:41:53Z,193247,3552700,4559900,594
2026-08-10T02:41:53Z,193248,2495600,2495600,282
2026-08-10T02:41:53Z,193249,2000000,2000000,633
2026-08-10T02:41:53Z,193250,9990000,9990000,93
2026-08-10T02:41:53Z,193251,415800,429900,2679
2026-08-10T02:41:53Z,193252,9000,11400,9213
2026-08-10T02:41:53Z,193253,15000,63200,15946
2026-08-10T02:41:53Z,193254,150000,207500,2973
2026-08-10T02:41:53Z,193255,149500,188900,31387
2026-08-10T02:41:53Z,193256,23700,249900,9014
2026-08-10T02:41:53Z,193258,6700,10900,24527
2026-08-10T02:41:53Z,193259,9800,29900,120709
2026-08-10T02:41:53Z,193261,600,37400,104660
2026-08-10T02:41:53Z,193262,4900,4900,9758
2026-08-10T02:41:53Z,193360,410000,495000,566
2026-08-10T02:41:53Z,193368,25000,64400,24378
2026-08-10T02:41:53Z,193369,25500,36800,13032
2026-08-10T02:41:53Z,193370,50000,62000,3022
2026-08-10T02:41:53Z,193378,2923100,3438900,1030
2026-08-10T02:41:53Z,193379,1709700,1709700,3278
2026-08-10T02:41:53Z,193384,19400,19400,105
2026-08-10T02:41:53Z,193385,16600,16600,36
2026-08-10T02:41:53Z,193387,48005200,48005200,17
2026-08-10T02:41:53Z,193389,150000,160000,83
2026-08-10T02:41:53Z,193391,800000,850000,23
2026-08-10T02:41:53Z,193410,18500,209900,25
2026-08-10T02:41:53Z,193420,8005200,8005200,7
2026-08-10T02:41:53Z,193438,120005500,120005500,5
2026-08-10T02:41:53Z,193448,1500007400,1500007400,1
2026-08-10T02:41:53Z,193450,290007800,290007800,1
2026-08-10T02:41:53Z,193468,149900,149900,39
2026-08-10T02:41:53Z,193469,56851500,56851500,15
2026-08-10T02:41:53Z,193470,20500,21100,3355
2026-08-10T02:41:53Z,193551,30000,36000,51
2026-08-10T02:41:53Z,193552,3999800,3999900,49
2026-08-10T02:41:53Z,193554,2256000,4454900,17
2026-08-10T02:41:53Z,193555,7978300,9990000,27
2026-08-10T02:41:53Z,193556,4006000,4006000,9
2026-08-10T02:41:53Z,193557,19992600,19992600,11
2026-08-10T02:41:53Z,193559,40000,50000,27
2026-08-10T02:41:53Z,193560,6441200,6441200,20
2026-08-10T02:41:53Z,193561,2990000,2990000,31
2026-08-10T02:41:53Z,193563,2049300,2080000,157
2026-08-10T02:41:53Z,193564,39899800,39899800,9
2026-08-10T02:41:53Z,193565,49970000,49980000,33
2026-08-10T02:41:53Z,193567,440000,490000,124
2026-08-10T02:41:53Z,193893,56900,56900,167
2026-08-10T02:41:53Z,193894,550800,551000,334
2026-08-10T02:41:53Z,193895,549600,549600,130
2026-08-10T02:41:53Z,193896,220000,220000,96
2026-08-10T02:41:53Z,193922,12500,27800,33421
2026-08-10T02:41:53Z,193923,47000,47500,2218
2026-08-10T02:41:53Z,193924,110400,110400,12938
2026-08-10T02:41:53Z,193925,124100,146200,4680
2026-08-10T02:41:53Z,193926,699900,710000,216
2026-08-10T02:41:53Z,193927,59900,61400,3651
2026-08-10T02:41:53Z,193928,58300,60500,14072
2026-08-10T02:41:53Z,193929,1000000,1110000,407
2026-08-10T02:41:53Z,193930,399000,510000,10784
2026-08-10T02:41:53Z,193931,399900,399900,569
2026-08-10T02:41:53Z,193932,3500000,3500000,135
2026-08-10T02:41:53Z,193933,1150400,1188700,6690
2026-08-10T02:41:53Z,193934,1170000,1170000,1160
2026-08-10T02:41:53Z,193935,29455000,29455000,16
2026-08-10T02:41:53Z,193936,4590500,4730000,39
2026-08-10T02:41:53Z,193937,4785400,4785400,85
2026-08-10T02:41:53Z,193938,5999000,5999000,27
2026-08-10T02:41:53Z,193939,5450000,5450000,85
2026-08-10T02:41:53Z,193940,5480000,5480000,64
2026-08-10T02:41:53Z,193941,358200,358200,69
2026-08-10T02:41:53Z,193942,50000,50000,59
2026-08-10T02:41:53Z,193943,1594300,1594300,27
2026-08-10T02:41:53Z,193944,6442800,6442800,52
2026-08-10T02:41:53Z,193945,230000,300000,34
2026-08-10T02:41:53Z,193946,8009900,8009900,51
2026-08-10T02:41:53Z,193950,9800,9800,147
2026-08-10T02:41:53Z,193951,9700,9700,438
2026-08-10T02:41:53Z,193952,8600,9000,508
2026-08-10T02:41:53Z,193953,109800,109800,48
2026-08-10T02:41:53Z,193954,39500,39700,157
2026-08-10T02:41:53Z,193955,29500,29500,579
2026-08-10T02:41:53Z,193956,126600,148900,1604
2026-08-10T02:41:53Z,193957,200000,280000,303
2026-08-10T02:41:53Z,193958,340000,399900,403
2026-08-10T02:41:53Z,193959,9900000,9900000,156
2026-08-10T02:41:53Z,193960,146300,153900,312
2026-08-10T02:41:53Z,193961,377200,387400,804
2026-08-10T02:41:53Z,193962,450100,990000,215
2026-08-10T02:41:53Z,193963,129900,990000,200
2026-08-10T02:41:53Z,193964,508800,508800,310
2026-08-10T02:41:53Z,194008,50000,341200,804
2026-08-10T02:41:53Z,194009,289800,289900,2853
2026-08-10T02:41:53Z,194010,350000,593900,144
2026-08-10T02:41:53Z,194011,14851900,14851900,36
2026-08-10T02:41:53Z,194012,11489800,11500000,82
2026-08-10T02:41:53Z,194013,35000000,35000000,57
2026-08-10T02:41:53Z,194014,198999500,198999500,8
2026-08-10T02:41:53Z,194015,6507000,6507000,122
2026-08-10T02:41:53Z,194016,12990000,13990000,44
2026-08-10T02:41:53Z,194035,85000000,85000000,36
2026-08-10T02:41:53Z,194048,8500,9000,8015
2026-08-10T02:41:53Z,194049,70000,100000,250
2026-08-10T02:41:53Z,194050,7000,10000,11142
2026-08-10T02:41:53Z,194071,12505000,12505000,8
2026-08-10T02:41:53Z,194083,1500000800,1500000800,1
2026-08-10T02:41:53Z,194122,509900,9900000,22
2026-08-10T02:41:53Z,194123,19900,29400,42897
2026-08-10T02:41:53Z,194124,50000,84100,13680
2026-08-10T02:41:53Z,194541,15664000,15664000,75
2026-08-10T02:41:53Z,194542,14701500,14701500,169
2026-08-10T02:41:53Z,194562,1600,1900,594
2026-08-10T02:41:53Z,194566,2909700,2909900,124
2026-08-10T02:41:53Z,194567,34700,34700,99
2026-08-10T02:41:53Z,194568,1450000,1450000,38
2026-08-10T02:41:53Z,194569,8548800,8549000,187
2026-08-10T02:41:53Z,194570,36200,42500,113
2026-08-10T02:41:53Z,194571,290000,955400,152
2026-08-10T02:41:53Z,194572,9891900,9892100,114
2026-08-10T02:41:53Z,194573,63000,63000,39
2026-08-10T02:41:53Z,194574,841500,1410600,185
2026-08-10T02:41:53Z,194575,1977400,1977500,130
2026-08-10T02:41:53Z,194576,81500,91500,217
2026-08-10T02:41:53Z,194577,3500000,3500000,123
2026-08-10T02:41:53Z,194578,4128000,4128100,109
2026-08-10T02:41:53Z,194579,680000,999800,292
2026-08-10T02:41:53Z,194580,514300,700000,107
2026-08-10T02:41:53Z,194680,994000,994000,66
2026-08-10T02:41:53Z,194681,137400,137400,65
2026-08-10T02:41:53Z,194683,30000,30000,112
2026-08-10T02:41:53Z,194684,8500,8500,672
2026-08-10T02:41:53Z,194685,4000,5000,165
2026-08-10T02:41:53Z,194688,450400,9770800,50
2026-08-10T02:41:53Z,194689,119400,119400,163
2026-08-10T02:41:53Z,194690,803200,9948900,46
2026-08-10T02:41:53Z,194691,48500,48500,3158
2026-08-10T02:41:53Z,194692,54000,59900,114
2026-08-10T02:41:53Z,194693,220000,220000,89
2026-08-10T02:41:53Z,194694,40000,40000,134
2026-08-10T02:41:53Z,194695,59800,9899800,50
2026-08-10T02:41:53Z,194723,469700,469700,65
2026-08-10T02:41:53Z,194724,980000,980000,65
2026-08-10T02:41:53Z,194725,509700,509700,34
2026-08-10T02:41:53Z,194730,36900,37200,31069
2026-08-10T02:41:53Z,194731,1160000,1160000,71
2026-08-10T02:41:53Z,194732,1200000,1200000,162
2026-08-10T02:41:53Z,194733,1881000,1881000,79
2026-08-10T02:41:53Z,194734,351900,351900,48
2026-08-10T02:41:53Z,194735,4500000,4500000,46
2026-08-10T02:41:53Z,194736,2500000,2500000,19
2026-08-10T02:41:53Z,194737,229800,229800,106
2026-08-10T02:41:53Z,194738,39900000,39900000,10
2026-08-10T02:41:53Z,194751,229000,229000,2364
2026-08-10T02:41:53Z,194752,121200,142900,457
2026-08-10T02:41:53Z,194754,3999700,4000000,1575
2026-08-10T02:41:53Z,194755,3149400,3149400,862
2026-08-10T02:41:53Z,194756,13909200,13909300,866
2026-08-10T02:41:53Z,194758,970000,980000,328
2026-08-10T02:41:53Z,194760,700400,740400,376
2026-08-10T02:41:53Z,194761,496900,497000,556
2026-08-10T02:41:53Z,194767,789900,790000,1094
2026-08-10T02:41:53Z,194768,1799900,1939900,956
2026-08-10T02:41:53Z,194784,29100,29200,1918
2026-08-10T02:41:53Z,194785,56250000,56390100,9
2026-08-10T02:41:53Z,194786,1250000,1731700,55
2026-08-10T02:41:53Z,194787,2900000,2999900,24
2026-08-10T02:41:53Z,194788,663300,663300,23
2026-08-10T02:41:53Z,194789,500000,500000,32
2026-08-10T02:41:53Z,194790,730000,3110000,108
2026-08-10T02:41:53Z,194791,949500,949500,40
2026-08-10T02:41:53Z,194792,555500,699900,19
2026-08-10T02:41:53Z,194793,89830000,89830000,5
2026-08-10T02:41:53Z,194794,1435500,1435500,27
2026-08-10T02:41:53Z,194795,3500000,3712200,32
2026-08-10T02:41:53Z,194796,800000,800000,30
2026-08-10T02:41:53Z,194797,1008100,1190000,104
2026-08-10T02:41:53Z,194798,1009900,1399900,40
2026-08-10T02:41:53Z,194799,882100,882100,41
2026-08-10T02:41:53Z,194800,7000000,7795100,38
2026-08-10T02:41:53Z,194801,45009700,45009700,5
2026-08-10T02:41:53Z,194802,1250500,1250500,15
2026-08-10T02:41:53Z,194803,1005000,1005000,23
2026-08-10T02:41:53Z,194804,2950000,2970000,18
2026-08-10T02:41:53Z,194805,891000,891000,41
2026-08-10T02:41:53Z,194806,2008600,2778600,22
2026-08-10T02:41:53Z,194807,2500000,2500000,18
2026-08-10T02:41:53Z,194808,750000,750000,28
2026-08-10T02:41:53Z,194809,47630000,47630000,8
2026-08-10T02:41:53Z,194810,1504000,1504000,17
2026-08-10T02:41:53Z,194811,1287000,1287000,29
2026-08-10T02:41:53Z,194812,2137500,2137500,25
2026-08-10T02:41:53Z,194813,769200,769200,31
2026-08-10T02:41:53Z,194814,1782000,1782000,30
2026-08-10T02:41:53Z,194815,768200,768200,21
2026-08-10T02:41:53Z,194816,1480000,1480000,21
2026-08-10T02:41:53Z,194817,2500,2500,245
2026-08-10T02:41:53Z,194819,1800,1800,242
2026-08-10T02:41:53Z,194820,11200,11200,1180
2026-08-10T02:41:53Z,194821,1900,1900,212
2026-08-10T02:41:53Z,194822,5300,5300,254
2026-08-10T02:41:53Z,194823,5000,5000,446
2026-08-10T02:41:53Z,194824,2000,2000,216
2026-08-10T02:41:53Z,194825,29900,29900,548
2026-08-10T02:41:53Z,194826,281300,281300,74
2026-08-10T02:41:53Z,194827,9440000,9440000,32
2026-08-10T02:41:53Z,194829,167500,90009900,150
2026-08-10T02:41:53Z,194846,60000,60000,4319
2026-08-10T02:41:53Z,194850,849700,849700,743
2026-08-10T02:41:53Z,194852,479900,480000,3298
2026-08-10T02:41:53Z,194855,2990000,2990000,1350
2026-08-10T02:41:53Z,194856,200000,200000,524
2026-08-10T02:41:53Z,194857,79900,94000,432
2026-08-10T02:41:53Z,194858,59700,60000,1029
2026-08-10T02:41:53Z,194859,1700000,1700000,163
2026-08-10T02:41:53Z,194862,7999900,8000000,319
2026-08-10T02:41:53Z,194863,4099800,4799800,2853
2026-08-10T02:41:53Z,194864,9709800,10209800,947
2026-08-10T02:41:53Z,194868,99900,9990000,24
2026-08-10T02:41:53Z,194869,2990100,2990100,33
2026-08-10T02:41:53Z,194870,9916300,9916300,8
2026-08-10T02:41:53Z,194871,9990900,9990900,23
2026-08-10T02:41:53Z,194966,20000,59300,4360
2026-08-10T02:41:53Z,194967,37300,44000,3147
2026-08-10T02:41:53Z,194968,78900,99900,3936
2026-08-10T02:41:53Z,194969,20000,76000,6435
2026-08-10T02:41:53Z,194970,80000,87900,24142
2026-08-10T02:41:53Z,195359,151800,151800,27
2026-08-10T02:41:53Z,195360,1508300,1508300,27
2026-08-10T02:41:53Z,195455,9880000,9880000,36
2026-08-10T02:41:53Z,195456,103900,7174000,187
2026-08-10T02:41:53Z,195457,9899000,9899000,35
2026-08-10T02:41:53Z,195459,50000,50000,65
2026-08-10T02:41:53Z,195462,759300,759300,49
2026-08-10T02:41:53Z,195463,147000,147000,112
2026-08-10T02:41:53Z,195466,9907500,9907500,45
2026-08-10T02:41:53Z,195543,9880100,9979800,114
2026-08-10T02:41:53Z,196440,9000000,9800000,31
2026-08-10T02:41:53Z,196540,1250000,9906800,49
2026-08-10T02:41:53Z,196582,109700,109800,186
2026-08-10T02:41:53Z,196583,1992100,1992200,70
2026-08-10T02:41:53Z,196584,97300,97400,55
2026-08-10T02:41:53Z,196585,9900000,9900000,30
2026-08-10T02:41:53Z,197720,499999900,499999900,5
2026-08-10T02:41:53Z,197721,119900,253000,35
2026-08-10T02:41:53Z,197722,105000,125100,10483
2026-08-10T02:41:53Z,197735,12499800,12499800,41
2026-08-10T02:41:53Z,197736,49995800,49995800,49
2026-08-10T02:41:53Z,197737,19995600,19995600,15
2026-08-10T02:41:53Z,197741,800,20100,703660
2026-08-10T02:41:53Z,197742,10200,10500,14484
2026-08-10T02:41:53Z,197743,500,4200,22750
2026-08-10T02:41:53Z,197744,500,1500,9348
2026-08-10T02:41:53Z,197745,14300,19900,16158
2026-08-10T02:41:53Z,197746,1200,16900,77113
2026-08-10T02:41:53Z,197747,100,28000,138680
2026-08-10T02:41:53Z,197748,400,600,13616
2026-08-10T02:41:53Z,197749,200,200,2868
2026-08-10T02:41:53Z,197750,1300,1300,811
2026-08-10T02:41:53Z,197751,4800,4800,867
2026-08-10T02:41:53Z,197752,25300,25300,3759
2026-08-10T02:41:53Z,197753,43900,44900,2417
2026-08-10T02:41:53Z,197754,800,800,290283
2026-08-10T02:41:53Z,197755,1500,1800,114433
2026-08-10T02:41:53Z,197756,3500,3900,1622
2026-08-10T02:41:53Z,197757,4200,4200,784
2026-08-10T02:41:53Z,197758,2000,2000,301
2026-08-10T02:41:53Z,197759,65000,65000,205
2026-08-10T02:41:53Z,197760,100000,100000,483
2026-08-10T02:41:53Z,197761,3000,3000,401
2026-08-10T02:41:53Z,197762,9902400,9902400,45
2026-08-10T02:41:53Z,197763,9000,9000,1101
2026-08-10T02:41:53Z,197764,990000,990000,246
2026-08-10T02:41:53Z,197765,5600,5700,666
2026-08-10T02:41:53Z,197766,55000,55000,1371
2026-08-10T02:41:53Z,197767,1959900,1959900,937
2026-08-10T02:41:53Z,197768,260800,9993100,46
2026-08-10T02:41:53Z,197769,55000,55000,169
2026-08-10T02:41:53Z,197770,30000,599700,1902
2026-08-10T02:41:53Z,197771,8900,8900,2762
2026-08-10T02:41:53Z,197772,2999900,2999900,66
2026-08-10T02:41:53Z,197774,40000,40000,1145
2026-08-10T02:41:53Z,197775,20000,27800,717
2026-08-10T02:41:53Z,197776,9000,9900,277
2026-08-10T02:41:53Z,197777,3000,3000,109
2026-08-10T02:41:53Z,197778,2000,3300,1280
2026-08-10T02:41:53Z,197779,2400,2400,1749
2026-08-10T02:41:53Z,197780,7700,7700,978
2026-08-10T02:41:53Z,197781,4400,6600,1615
2026-08-10T02:41:53Z,197782,22000,22000,506
2026-08-10T02:41:53Z,197783,9600,9600,942
2026-08-10T02:41:53Z,197784,3300,4400,378
2026-08-10T02:41:53Z,197785,118200,119600,358
2026-08-10T02:41:53Z,197786,4000,4000,600
2026-08-10T02:41:53Z,197787,10000,10000,469
2026-08-10T02:41:53Z,197788,53400,990000,3834
2026-08-10T02:41:53Z,197789,10000,10000,705
2026-08-10T02:41:53Z,197790,49900,4999900,3912
2026-08-10T02:41:53Z,197791,2000,2000,131
2026-08-10T02:41:53Z,197792,189900,190000,577
2026-08-10T02:41:53Z,197793,836000,880000,715
2026-08-10T02:41:53Z,197794,29000,29000,797
2026-08-10T02:41:53Z,197795,1502200,9807000,52
2026-08-10T02:41:53Z,197847,9900000,9900000,45
2026-08-10T02:41:53Z,197848,456600,456600,58
2026-08-10T02:41:53Z,197849,9900,9900,88
2026-08-10T02:41:53Z,197850,52200,52200,76
2026-08-10T02:41:53Z,197851,89900,9902500,50
2026-08-10T02:41:53Z,197852,9850900,9850900,43
2026-08-10T02:41:53Z,197853,6000,6000,276
2026-08-10T02:41:53Z,197854,9840000,9840000,251
2026-08-10T02:41:53Z,197855,4800,5000,211
2026-08-10T02:41:53Z,197856,29600,29600,115
2026-08-10T02:41:53Z,197857,1950000,1950000,99
2026-08-10T02:41:53Z,197858,53200,53200,112
2026-08-10T02:41:53Z,198043,9989900,9989900,30
2026-08-10T02:41:53Z,198044,1499700,1499800,42
2026-08-10T02:41:53Z,198045,2999800,2999800,37
2026-08-10T02:41:53Z,198047,189700,189700,45
2026-08-10T02:41:53Z,198082,205000,205000,124
2026-08-10T02:41:53Z,198160,252200,252200,74
2026-08-10T02:41:53Z,198161,29800,32700,667
2026-08-10T02:41:53Z,198162,99000,99000,923
2026-08-10T02:41:53Z,198163,1552200,1552200,109
2026-08-10T02:41:53Z,198164,88900,88900,1301
2026-08-10T02:41:53Z,198165,260000,1550000,482
2026-08-10T02:41:53Z,198174,15991800,15991800,33
2026-08-10T02:41:53Z,198175,351100,524800,80
2026-08-10T02:41:53Z,198176,19993600,19993600,11
2026-08-10T02:41:53Z,198183,29900,30000,526
2026-08-10T02:41:53Z,198184,57500,57600,1195
2026-08-10T02:41:53Z,198185,14000,15000,88832
2026-08-10T02:41:53Z,198186,189900,189900,553
2026-08-10T02:41:53Z,198187,230000,230000,285
2026-08-10T02:41:53Z,198188,180000,190000,11286
2026-08-10T02:41:53Z,198189,425200,425300,503
2026-08-10T02:41:53Z,198190,442900,443000,210
2026-08-10T02:41:53Z,198191,419200,419200,5160
2026-08-10T02:41:53Z,198192,358800,358900,202
2026-08-10T02:41:53Z,198193,350000,350000,1062
2026-08-10T02:41:53Z,198194,339900,339900,3077
2026-08-10T02:41:53Z,198195,3501900,3501900,81
2026-08-10T02:41:53Z,198196,3330000,3330000,865
2026-08-10T02:41:53Z,198197,7999800,7999800,107
2026-08-10T02:41:53Z,198198,2500000,2990000,41
2026-08-10T02:41:53Z,198199,2998500,2998500,655
2026-08-10T02:41:53Z,198200,2449900,2449900,800
2026-08-10T02:41:53Z,198201,19900000,19900000,33
2026-08-10T02:41:53Z,198202,1999500,1999500,91
2026-08-10T02:41:53Z,198203,600000,600000,1105
2026-08-10T02:41:53Z,198207,9990000,9990000,21
2026-08-10T02:41:53Z,198208,250000,250000,160
2026-08-10T02:41:53Z,198209,632700,632700,671
2026-08-10T02:41:53Z,198210,5000000,5000000,31
2026-08-10T02:41:53Z,198211,475000,475000,32
2026-08-10T02:41:53Z,198212,1389400,1389400,167
2026-08-10T02:41:53Z,198213,9989800,9989800,67
2026-08-10T02:41:53Z,198214,9958800,9958800,58
2026-08-10T02:41:53Z,198215,2694000,2694000,403
2026-08-10T02:41:53Z,198216,2500,153500,3259
2026-08-10T02:41:53Z,198217,140000,169500,1922
2026-08-10T02:41:53Z,198218,50700,109700,4787
2026-08-10T02:41:53Z,198219,97100,97100,578
2026-08-10T02:41:53Z,198220,280000,732200,1449
2026-08-10T02:41:53Z,198221,4999500,4999500,45
2026-08-10T02:41:53Z,198222,798700,798700,424
2026-08-10T02:41:53Z,198223,420000,420000,338
2026-08-10T02:41:53Z,198224,582300,582300,332
2026-08-10T02:41:53Z,198228,4000000,4000000,31
2026-08-10T02:41:53Z,198229,3000000,3000000,205
2026-08-10T02:41:53Z,198230,3092000,3092000,108
2026-08-10T02:41:53Z,198231,988800,1113400,22
2026-08-10T02:41:53Z,198232,150000,150000,97
2026-08-10T02:41:53Z,198233,9990000,9997700,34
2026-08-10T02:41:53Z,198236,7999000,7999000,32
2026-08-10T02:41:53Z,198237,200000,200000,56
2026-08-10T02:41:53Z,198238,49889700,49889700,8
2026-08-10T02:41:53Z,198239,199900,989900,212
2026-08-10T02:41:53Z,198240,169600,169600,415
2026-08-10T02:41:53Z,198241,145800,352000,323
2026-08-10T02:41:53Z,198247,458800,498900,1271
2026-08-10T02:41:53Z,198253,190096600,190096600,5
2026-08-10T02:41:53Z,198254,35549300,35549300,13
2026-08-10T02:41:53Z,198255,29989700,29989900,12
2026-08-10T02:41:53Z,198256,1119800,1909800,62
2026-08-10T02:41:53Z,198257,135000,135000,47
2026-08-10T02:41:53Z,198258,9996300,9996300,23
2026-08-10T02:41:53Z,198259,199890000,199890000,3
2026-08-10T02:41:53Z,198260,7920600,7920600,28
2026-08-10T02:41:53Z,198261,39988700,39988700,18
2026-08-10T02:41:53Z,198265,4008200,4008200,443
2026-08-10T02:41:53Z,198268,700000,700000,610
2026-08-10T02:41:53Z,198278,9506000,9700000,54
2026-08-10T02:41:53Z,198279,100000,100000,38
2026-08-10T02:41:53Z,198280,4430000,4440000,52
2026-08-10T02:41:53Z,198281,149900,149900,65
2026-08-10T02:41:53Z,198282,39800,40000,68
2026-08-10T02:41:53Z,198283,2709900,2709900,47
2026-08-10T02:41:53Z,198289,257500,257500,46
2026-08-10T02:41:53Z,198290,9989600,9989600,78
2026-08-10T02:41:53Z,198291,39995100,39995100,5
2026-08-10T02:41:53Z,198292,959900,959900,50
2026-08-10T02:41:53Z,198293,190000,200000,48
2026-08-10T02:41:53Z,198294,520000,520000,99
2026-08-10T02:41:53Z,198295,195020000,195020000,1
2026-08-10T02:41:53Z,198296,4959900,5009900,12
2026-08-10T02:41:53Z,198297,24999900,24999900,6
2026-08-10T02:41:53Z,198298,220000,220000,65
2026-08-10T02:41:53Z,198299,3116500,3116500,36
2026-08-10T02:41:53Z,198300,3805800,3805800,15
2026-08-10T02:41:53Z,198301,199983300,199983300,2
2026-08-10T02:41:53Z,198302,10000000,19900000,11
2026-08-10T02:41:53Z,198303,23867000,23867000,10
2026-08-10T02:41:53Z,198304,350000,9994600,52
2026-08-10T02:41:53Z,198305,2509300,3339300,59
2026-08-10T02:41:53Z,198306,14872800,14872800,7
2026-08-10T02:41:53Z,198307,1503900,1503900,30
2026-08-10T02:41:53Z,198308,540000,900000,59
2026-08-10T02:41:53Z,198309,9989500,9989500,41
2026-08-10T02:41:53Z,198310,155100,2505300,104
2026-08-10T02:41:53Z,198311,4263200,5008600,32
2026-08-10T02:41:53Z,198312,11007000,11007000,20
2026-08-10T02:41:53Z,198313,250009000,250009000,2
2026-08-10T02:41:53Z,198314,50000000,50000000,6
2026-08-10T02:41:53Z,198315,31003700,31003700,10
2026-08-10T02:41:53Z,198316,226226500,226226500,65
2026-08-10T02:41:53Z,198317,4445800,12508800,34
2026-08-10T02:41:53Z,198318,2000000,5400000,10
2026-08-10T02:41:53Z,198356,57500,57500,199
2026-08-10T02:41:53Z,198395,799800,799800,301
2026-08-10T02:41:53Z,198397,3905700,3905800,1082
2026-08-10T02:41:53Z,198401,449800,449800,125
2026-08-10T02:41:53Z,198403,130000,130000,287
2026-08-10T02:41:53Z,198412,15800,19900,1006
2026-08-10T02:41:53Z,198413,29000,29300,7964
2026-08-10T02:41:53Z,198414,300000,300000,2040
2026-08-10T02:41:53Z,198415,789800,800000,399
2026-08-10T02:41:53Z,198416,789800,799900,1924
2026-08-10T02:41:53Z,198417,1990000,1990000,92
2026-08-10T02:41:53Z,198418,24500,24900,5935
2026-08-10T02:41:53Z,198419,38800,39000,2443
2026-08-10T02:41:53Z,198420,431200,431200,660
2026-08-10T02:41:53Z,198421,11200,13500,21661
2026-08-10T02:41:53Z,198422,6000,6000,15180
2026-08-10T02:41:53Z,198423,51900,51900,7631
2026-08-10T02:41:53Z,198431,299900,9909900,24
2026-08-10T02:41:53Z,198436,253800,9903800,76
2026-08-10T02:41:53Z,198437,9903800,9903800,78
2026-08-10T02:41:53Z,198440,19900100,19900100,46
2026-08-10T02:41:53Z,198441,459000,459000,311
2026-08-10T02:41:53Z,198487,16700,19800,14285
2026-08-10T02:41:53Z,198491,125000,135000,235
2026-08-10T02:41:53Z,198492,120000,120000,63
2026-08-10T02:41:53Z,198493,2270000,2270000,90
2026-08-10T02:41:53Z,198494,19990000,19990000,17
2026-08-10T02:41:53Z,198495,2904700,2904700,41
2026-08-10T02:41:53Z,198496,4009900,4009900,45
2026-08-10T02:41:53Z,198497,90000,90000,38
2026-08-10T02:41:53Z,198498,50000,1337000,54
2026-08-10T02:41:53Z,198499,4399100,4399200,41
2026-08-10T02:41:53Z,198500,9791200,9791200,25
2026-08-10T02:41:53Z,198501,10000,1415900,37
2026-08-10T02:41:53Z,198502,9999900,9999900,22
2026-08-10T02:41:53Z,198503,9993300,9993300,39
2026-08-10T02:41:53Z,198504,3790400,3790400,93
2026-08-10T02:41:53Z,198505,9952600,9952600,22
2026-08-10T02:41:53Z,198506,489900,489900,32
2026-08-10T02:41:53Z,198507,80000,962100,46
2026-08-10T02:41:53Z,198508,1850200,1850400,73
2026-08-10T02:41:53Z,198534,1110000,9990000,24
2026-08-10T02:41:53Z,198535,140000,140000,32
2026-08-10T02:41:53Z,198536,580000,580000,47
2026-08-10T02:41:53Z,198549,758600,758600,446
2026-08-10T02:41:53Z,198550,479600,479600,2477
2026-08-10T02:41:53Z,198614,15533700,39500000,14
2026-08-10T02:41:53Z,198619,39990200,39990200,6
2026-08-10T02:41:53Z,198620,7992100,9990400,23
2026-08-10T02:41:53Z,198621,68881600,68881600,6
2026-08-10T02:41:53Z,198833,990000,990000,10
2026-08-10T02:41:53Z,199051,453500,9903500,35
2026-08-10T02:41:53Z,199052,9990000,9990000,26
2026-08-10T02:41:53Z,199053,89900,9900000,27
2026-08-10T02:41:53Z,199054,3849800,3849800,25
2026-08-10T02:41:53Z,199055,70000,70000,40
2026-08-10T02:41:53Z,199056,224000,9900000,29
2026-08-10T02:41:53Z,199057,220000,9989900,27
2026-08-10T02:41:53Z,199058,6595800,6595800,24
2026-08-10T02:41:53Z,199059,393700,403700,37
2026-08-10T02:41:53Z,199060,3636800,3636800,35
2026-08-10T02:41:53Z,199188,500900,9980900,24
2026-08-10T02:41:53Z,199189,23000,23000,53
2026-08-10T02:41:53Z,199190,14109600,14109600,9
2026-08-10T02:41:53Z,199193,39995500,39995500,12
2026-08-10T02:41:53Z,199194,654000,654000,39
2026-08-10T02:41:53Z,199195,2848500,2848500,62
2026-08-10T02:41:53Z,199204,4500,5000,144
2026-08-10T02:41:53Z,199206,1800,1980000,4819
2026-08-10T02:41:53Z,199216,4999900,5499900,158
2026-08-10T02:41:53Z,199219,279600,279700,141
2026-08-10T02:41:53Z,199344,60200,70300,8784
2026-08-10T02:41:53Z,199476,24900,25000,27
2026-08-10T02:41:53Z,199646,39669700,39699700,9
2026-08-10T02:41:53Z,199934,6880000,6880000,121
2026-08-10T02:41:53Z,199935,74800,74800,36
2026-08-10T02:41:53Z,199936,55000,55000,63
2026-08-10T02:41:53Z,199937,114400,114400,115
2026-08-10T02:41:53Z,199938,1994100,162934100,33
2026-08-10T02:41:53Z,199939,199000000,199000000,2
2026-08-10T02:41:53Z,199940,70000,70000,50
2026-08-10T02:41:53Z,199941,50000,50000,42
2026-08-10T02:41:53Z,199942,55000,55000,42
2026-08-10T02:41:53Z,199943,499500,500000,50
2026-08-10T02:41:53Z,199944,7999500,7999500,32
2026-08-10T02:41:53Z,199945,90000,90000,13
2026-08-10T02:41:53Z,199946,6669900,39900000,7
2026-08-10T02:41:53Z,199947,74500,74500,32
2026-08-10T02:41:53Z,199948,500000,500000,120
2026-08-10T02:41:53Z,199949,11014900,39406000,16
2026-08-10T02:41:53Z,199950,55000,55000,36
2026-08-10T02:41:53Z,199951,50500,50500,40
2026-08-10T02:41:53Z,199952,52400,52400,28
2026-08-10T02:41:53Z,199953,50400,50400,55
2026-08-10T02:41:53Z,199954,59600,59600,68
2026-08-10T02:41:53Z,199955,360000,360000,23
2026-08-10T02:41:53Z,199956,55000,55000,71
2026-08-10T02:41:53Z,199957,51100,51100,30
2026-08-10T02:41:53Z,199958,70000,70000,43
2026-08-10T02:41:53Z,199959,150000,150000,43
2026-08-10T02:41:53Z,199960,80000,80000,60
2026-08-10T02:41:53Z,199961,1990000,2670000,28
2026-08-10T02:41:53Z,199962,3002500,3002500,187
2026-08-10T02:41:53Z,199963,4331600,4331600,8
2026-08-10T02:41:53Z,199964,290000,300000,30
2026-08-10T02:41:53Z,199965,199991400,199991400,5
2026-08-10T02:41:53Z,199966,951600,951600,11
2026-08-10T02:41:53Z,199967,857300,857300,36
2026-08-10T02:41:53Z,199968,66600,66600,46
2026-08-10T02:41:53Z,199969,200000,200000,15
2026-08-10T02:41:53Z,199970,170009900,170009900,4
2026-08-10T02:41:53Z,199971,250000,250000,13
2026-08-10T02:41:53Z,199972,19423500,19423600,14
2026-08-10T02:41:53Z,199973,105000,105000,8
2026-08-10T02:41:53Z,199974,8009600,8009600,19
2026-08-10T02:41:53Z,199975,558500,558500,35
2026-08-10T02:41:53Z,199976,440000,440000,15
2026-08-10T02:41:53Z,199977,390000,400000,9
2026-08-10T02:41:53Z,199978,338000,338000,69
2026-08-10T02:41:53Z,199979,88400,88500,86
2026-08-10T02:41:53Z,199980,189700,189700,17
2026-08-10T02:41:53Z,199981,566200,566200,10
2026-08-10T02:41:53Z,199982,59400,59400,51
2026-08-10T02:41:53Z,199983,100000,100000,33
2026-08-10T02:41:53Z,199984,52300,52300,45
2026-08-10T02:41:53Z,199985,5708200,5808300,27
2026-08-10T02:41:53Z,199986,448800,448800,67
2026-08-10T02:41:53Z,199987,2253000,2303000,57
2026-08-10T02:41:53Z,199988,508800,508800,68
2026-08-10T02:41:53Z,199989,75700,75800,107
2026-08-10T02:41:53Z,199990,307000,656600,268
2026-08-10T02:41:53Z,199991,392200,413900,49
2026-08-10T02:41:53Z,199992,71400,71400,24
2026-08-10T02:41:53Z,199993,57900,57900,14
2026-08-10T02:41:53Z,199994,158300,158300,18
2026-08-10T02:41:53Z,199995,177700,177700,96
2026-08-10T02:41:53Z,199996,169800,219800,145
2026-08-10T02:41:53Z,199997,222500,312500,167
2026-08-10T02:41:53Z,199998,299200,383400,287
2026-08-10T02:41:53Z,199999,80000,80000,13
2026-08-10T02:41:53Z,200000,54000,54500,19
2026-08-10T02:41:53Z,200001,150000,150000,13
2026-08-10T02:41:53Z,200002,154400,154400,11
2026-08-10T02:41:53Z,200003,3650900,3651100,96
2026-08-10T02:41:53Z,200004,1501200,1501200,67
2026-08-10T02:41:53Z,200005,859900,4316300,175
2026-08-10T02:41:53Z,200006,2989900,2989900,17
2026-08-10T02:41:53Z,200007,3695400,3695400,27
2026-08-10T02:41:53Z,200008,499900,499900,37
2026-08-10T02:41:53Z,200009,2250000,2250000,51
2026-08-10T02:41:53Z,200010,659900,659900,18
2026-08-10T02:41:53Z,200011,10013800,10013800,31
2026-08-10T02:41:53Z,200012,4973300,4973300,40
2026-08-10T02:41:53Z,200013,1000000,15062800,44
2026-08-10T02:41:53Z,200014,9890100,9990000,13
2026-08-10T02:41:53Z,200015,5000000,11573000,24
2026-08-10T02:41:53Z,200016,9440000,9450000,165
2026-08-10T02:41:53Z,200017,4909200,11224400,29
2026-08-10T02:41:53Z,200018,2223300,2223300,18
2026-08-10T02:41:53Z,200019,14999900,14999900,28
2026-08-10T02:41:53Z,200020,5209700,5209700,16
2026-08-10T02:41:53Z,200021,59400,60600,12
2026-08-10T02:41:53Z,200022,5458000,5458000,67
2026-08-10T02:41:53Z,200023,6000000,7990000,259
2026-08-10T02:41:53Z,200024,396400,396400,18
2026-08-10T02:41:53Z,200025,759900,759900,200
2026-08-10T02:41:53Z,200026,400000,400000,54
2026-08-10T02:41:53Z,200027,30009900,30009900,33
2026-08-10T02:41:53Z,200028,4389000,4389000,30
2026-08-10T02:41:53Z,200029,3499900,3509800,7
2026-08-10T02:41:53Z,200030,2275300,2275300,124
2026-08-10T02:41:53Z,200031,287700,287700,57
2026-08-10T02:41:53Z,200032,590000,590000,66
2026-08-10T02:41:53Z,200033,500000,500000,87
2026-08-10T02:41:53Z,200034,1204300,1204400,138
2026-08-10T02:41:53Z,200035,950000,950000,133
2026-08-10T02:41:53Z,200036,660000,660000,47
2026-08-10T02:41:53Z,200037,590000,590000,52
2026-08-10T02:41:53Z,200038,445400,445400,113
2026-08-10T02:41:53Z,200039,310100,320100,91
2026-08-10T02:41:53Z,200040,790000,800000,29
2026-08-10T02:41:53Z,200041,73000,73000,131
2026-08-10T02:41:53Z,200042,90000,126600,135
2026-08-10T02:41:53Z,200043,51900,51900,78
2026-08-10T02:41:53Z,200044,75000,75000,93
2026-08-10T02:41:53Z,200045,10806000,10806000,28
2026-08-10T02:41:53Z,200046,9992000,9992000,13
2026-08-10T02:41:53Z,200047,4802000,4802000,8
2026-08-10T02:41:53Z,200048,17509000,17509000,17
2026-08-10T02:41:53Z,200049,13908000,13908000,17
2026-08-10T02:41:53Z,200050,10007900,10007900,29
2026-08-10T02:41:53Z,200051,17700000,17700000,25
2026-08-10T02:41:53Z,200052,44999700,44999700,32
2026-08-10T02:41:53Z,200053,11979800,11979800,20
2026-08-10T02:41:53Z,200054,43004000,43004000,49
2026-08-10T02:41:53Z,200055,9000000,15500000,17
2026-08-10T02:41:53Z,200056,13934500,14218800,37
2026-08-10T02:41:53Z,200057,4300000,4300000,28
2026-08-10T02:41:53Z,200058,25908900,25908900,30
2026-08-10T02:41:53Z,200059,9997000,9997000,17
2026-08-10T02:41:53Z,200061,89900,140000,6512
2026-08-10T02:41:53Z,200074,71700,71800,2626
2026-08-10T02:41:53Z,200099,9879900,9879900,28
2026-08-10T02:41:53Z,200105,49003900,49003900,28
2026-08-10T02:41:53Z,200106,19900,1999900,17
2026-08-10T02:41:53Z,200107,290005600,290005600,1
2026-08-10T02:41:53Z,200113,1460000,1460000,1219
2026-08-10T02:41:53Z,200224,3949900,4400000,1674
2026-08-10T02:41:53Z,200264,909900,3502500,273
2026-08-10T02:41:53Z,200282,1000000,1000000,2
2026-08-10T02:41:53Z,200304,9000000,9000000,43
2026-08-10T02:41:53Z,200305,9909700,9909700,30
2026-08-10T02:41:53Z,200451,48999900,49000000,21
2026-08-10T02:41:53Z,200476,980100,980100,218
2026-08-10T02:41:53Z,200506,2000,3100,1206
2026-08-10T02:41:53Z,200507,25700,25700,1019
2026-08-10T02:41:53Z,200508,2500000,2500000,70
2026-08-10T02:41:53Z,200509,8000,9000,6524
2026-08-10T02:41:53Z,200531,205000,205000,36
2026-08-10T02:41:53Z,200532,25004000,25004000,21
2026-08-10T02:41:53Z,200533,290002400,290002400,5
2026-08-10T02:41:53Z,200565,880000,880000,26
2026-08-10T02:41:53Z,200566,150000,956700,87
2026-08-10T02:41:53Z,200567,879900,879900,89
2026-08-10T02:41:53Z,200568,19990000,19990000,18
2026-08-10T02:41:53Z,200569,3330600,3330600,43
2026-08-10T02:41:53Z,200570,1440000,1440000,150
2026-08-10T02:41:53Z,200571,9890100,9890100,26
2026-08-10T02:41:53Z,200572,259400,1410600,68
2026-08-10T02:41:53Z,200573,990000,990000,77
2026-08-10T02:41:53Z,200574,4440000,39990000,53
2026-08-10T02:41:53Z,200575,150000,150000,33
2026-08-10T02:41:53Z,200576,980000,980000,61
2026-08-10T02:41:53Z,200577,39900000,39900000,10
2026-08-10T02:41:53Z,200578,140000,955400,67
2026-08-10T02:41:53Z,200579,3288600,3288600,61
2026-08-10T02:41:53Z,200580,3513800,3513800,11
2026-08-10T02:41:53Z,200581,500000,690900,41
2026-08-10T02:41:53Z,200582,4000000,4000000,51
2026-08-10T02:41:53Z,200614,193500,193500,115
2026-08-10T02:41:53Z,200615,749400,749400,315
2026-08-10T02:41:53Z,200616,19999500,19999500,56
2026-08-10T02:41:53Z,200618,769758100,769758100,3
2026-08-10T02:41:53Z,200619,39990000,39990000,5
2026-08-10T02:41:53Z,200623,251900,9901900,105
2026-08-10T02:41:53Z,200633,50000000,50000000,6
2026-08-10T02:41:53Z,200634,30000700,30000800,40
2026-08-10T02:41:53Z,200652,2500000,2500000,278
2026-08-10T02:41:53Z,200680,9961400,9961400,50
2026-08-10T02:41:53Z,200681,9961400,9961400,30
2026-08-10T02:41:53Z,200764,290004400,290004400,1
2026-08-10T02:41:53Z,200765,290008900,290008900,1
2026-08-10T02:41:53Z,200766,1003700,1003700,11
2026-08-10T02:41:53Z,200767,290004600,290004600,1
2026-08-10T02:41:53Z,200768,204900,204900,78
2026-08-10T02:41:53Z,200769,48900,48900,52
2026-08-10T02:41:53Z,200770,1249800,1249800,20
2026-08-10T02:41:53Z,200771,60000000,60000000,11
2026-08-10T02:41:53Z,200772,169500,169500,47
2026-08-10T02:41:53Z,200773,1000000,1000000,21
2026-08-10T02:41:53Z,200774,2001200,2001200,9
2026-08-10T02:41:53Z,200775,290007300,290007300,1
2026-08-10T02:41:53Z,200776,290008000,290008000,37
2026-08-10T02:41:53Z,200777,350000,350000,74
2026-08-10T02:41:53Z,200778,17997900,17997900,10
2026-08-10T02:41:53Z,200779,290002900,290002900,8
2026-08-10T02:41:53Z,200780,129900,129900,30
2026-08-10T02:41:53Z,200781,290008900,290008900,1
2026-08-10T02:41:53Z,200782,290005800,290005800,1
2026-08-10T02:41:53Z,200783,290008200,290008200,1
2026-08-10T02:41:53Z,200784,290004000,290004000,1
2026-08-10T02:41:53Z,200785,989900,989900,6
2026-08-10T02:41:53Z,200786,198900,198900,17
2026-08-10T02:41:53Z,200787,2490000,2490000,44
2026-08-10T02:41:53Z,200788,309800,309800,103
2026-08-10T02:41:53Z,200789,290000400,290000400,5
2026-08-10T02:41:53Z,200790,39994800,39994800,79
2026-08-10T02:41:53Z,200791,290003600,290003600,17
2026-08-10T02:41:53Z,200792,290009000,290009000,1
2026-08-10T02:41:53Z,200793,159600,159600,63
2026-08-10T02:41:53Z,200794,237700,237700,25
2026-08-10T02:41:53Z,200795,80000,80000,125
2026-08-10T02:41:53Z,200796,290007700,290007700,1
2026-08-10T02:41:53Z,200797,290001000,290001000,9
2026-08-10T02:41:53Z,200798,290000600,290000600,14
2026-08-10T02:41:53Z,200799,290002900,290002900,1
2026-08-10T02:41:53Z,200800,58600,58600,104
2026-08-10T02:41:53Z,200801,209800,209800,38
2026-08-10T02:41:53Z,200802,290001900,290001900,1
2026-08-10T02:41:53Z,200803,14827300,14827300,16
2026-08-10T02:41:53Z,200804,290006500,290006500,1
2026-08-10T02:41:53Z,200805,14999900,14999900,10
2026-08-10T02:41:53Z,200806,389900,389900,26
2026-08-10T02:41:53Z,200807,3000000,3000000,11
2026-08-10T02:41:53Z,200808,54500,54500,33
2026-08-10T02:41:53Z,200809,290007100,290007100,1
2026-08-10T02:41:53Z,200810,290005600,290005600,6
2026-08-10T02:41:53Z,200811,290001700,290001700,1
2026-08-10T02:41:53Z,200812,290004400,290004400,1
2026-08-10T02:41:53Z,200813,118900,118900,71
2026-08-10T02:41:53Z,200814,285002500,285002500,7
2026-08-10T02:41:53Z,200815,10000000,10000000,5
2026-08-10T02:41:53Z,200816,239800,239800,41
2026-08-10T02:41:53Z,200817,290007600,290007600,1
2026-08-10T02:41:53Z,200818,290000500,290000500,1
2026-08-10T02:41:53Z,200819,25000000,25000000,41
2026-08-10T02:41:53Z,200820,126700,126700,35
2026-08-10T02:41:53Z,200821,29009900,29009900,7
2026-08-10T02:41:53Z,200822,179900,179900,19
2026-08-10T02:41:53Z,200823,10005700,10005700,15
2026-08-10T02:41:53Z,200824,290008600,290008600,1
2026-08-10T02:41:53Z,200825,290009500,290009500,3
2026-08-10T02:41:53Z,200826,158700,158700,14
2026-08-10T02:41:53Z,200827,290007800,290007800,1
2026-08-10T02:41:53Z,200828,259800,259800,13
2026-08-10T02:41:53Z,200829,290003400,290003400,1
2026-08-10T02:41:53Z,200830,5000000,5000000,25
2026-08-10T02:41:53Z,200831,290003800,290003800,1
2026-08-10T02:41:53Z,200832,74800,74800,113
2026-08-10T02:41:53Z,200833,100003800,100003800,10
2026-08-10T02:41:53Z,200834,290009900,290009900,2
2026-08-10T02:41:53Z,200835,109900,109900,19
2026-08-10T02:41:53Z,200836,139900,139900,56
2026-08-10T02:41:53Z,200837,29999800,29999800,24
2026-08-10T02:41:53Z,200838,4639900,4639900,6
2026-08-10T02:41:53Z,200840,200000000,200000000,6
2026-08-10T02:41:53Z,200841,169900,169900,30
2026-08-10T02:41:53Z,200842,229900,229900,47
2026-08-10T02:41:53Z,200843,499900,499900,10
2026-08-10T02:41:53Z,200844,290008100,290008100,22
2026-08-10T02:41:53Z,200845,290001500,290001500,1
2026-08-10T02:41:53Z,200846,290000700,290000700,1
2026-08-10T02:41:53Z,200847,290006900,290006900,1
2026-08-10T02:41:53Z,200848,999900,999900,21
2026-08-10T02:41:53Z,200849,290000000,290000000,1
2026-08-10T02:41:53Z,200850,290006100,290006100,1
2026-08-10T02:41:53Z,200851,290002900,290002900,1
2026-08-10T02:41:53Z,200852,169700,169700,33
2026-08-10T02:41:53Z,200853,1000000,1000000,10
2026-08-10T02:41:53Z,200855,9960000,9960000,28
2026-08-10T02:41:53Z,200856,9905000,9905000,28
2026-08-10T02:41:53Z,200860,17000,17000,3703
2026-08-10T02:41:53Z,200871,1071200,1071200,61
2026-08-10T02:41:53Z,200938,1469400,1469400,776
2026-08-10T02:41:53Z,200944,410000,410000,52
2026-08-10T02:41:53Z,201045,29000,29900,61
2026-08-10T02:41:53Z,201046,1481500,9966700,47
2026-08-10T02:41:53Z,201047,45000,45000,85
2026-08-10T02:41:53Z,201162,290008800,290008800,1
2026-08-10T02:41:53Z,201163,258800,258800,31
2026-08-10T02:41:53Z,201164,208900,208900,27
2026-08-10T02:41:53Z,201165,150300,150300,31
2026-08-10T02:41:53Z,201166,49009000,49009000,20
2026-08-10T02:41:53Z,201168,5500000200,5500000200,1
2026-08-10T02:41:53Z,201170,290009700,290009700,1
2026-08-10T02:41:53Z,201173,290009100,290009100,1
2026-08-10T02:41:53Z,201177,290009600,290009600,1
2026-08-10T02:41:53Z,201178,1500009100,1500009100,1
2026-08-10T02:41:53Z,201180,59600,59600,36
2026-08-10T02:41:53Z,201182,59400,59400,28
2026-08-10T02:41:53Z,201184,159100,159100,27
2026-08-10T02:41:53Z,201185,290009600,290009600,1
2026-08-10T02:41:53Z,201186,450009100,450009100,1
2026-08-10T02:41:53Z,201188,290009600,290009600,1
2026-08-10T02:41:53Z,201190,290009100,290009100,1
2026-08-10T02:41:53Z,201191,290008800,290008800,1
2026-08-10T02:41:53Z,201192,159100,159100,34
2026-08-10T02:41:53Z,201193,159200,159200,34
2026-08-10T02:41:53Z,201194,49008800,49008800,20
2026-08-10T02:41:53Z,201195,290009400,290009400,1
2026-08-10T02:41:53Z,201196,1500009000,1500009000,1
2026-08-10T02:41:53Z,201197,290009900,290009900,1
2026-08-10T02:41:53Z,201201,1290000000,1290000000,1
2026-08-10T02:41:53Z,201202,229400,229400,29
2026-08-10T02:41:53Z,201203,159900,159900,44
2026-08-10T02:41:53Z,201204,49008900,49008900,20
2026-08-10T02:41:53Z,201205,228600,228700,28
2026-08-10T02:41:53Z,201206,49000100,49000100,20
2026-08-10T02:41:53Z,201207,49008800,49008800,20
2026-08-10T02:41:53Z,201209,49000500,49000500,18
2026-08-10T02:41:53Z,201216,49009400,49009400,20
2026-08-10T02:41:53Z,201219,229600,229600,30
2026-08-10T02:41:53Z,201220,250500,250500,27
2026-08-10T02:41:53Z,201221,158700,158700,24
2026-08-10T02:41:53Z,201222,13000,49003000,23
2026-08-10T02:41:53Z,201226,259400,49009400,23
2026-08-10T02:41:53Z,201227,290000200,290000200,3
2026-08-10T02:41:53Z,201228,290000500,290000500,2
2026-08-10T02:41:53Z,201310,19997700,19997700,59
2026-08-10T02:41:53Z,201311,750000,750000,52
2026-08-10T02:41:53Z,201312,50000,50000,82
2026-08-10T02:41:53Z,201313,892200,892300,34
2026-08-10T02:41:53Z,201314,199500,199600,45
2026-08-10T02:41:53Z,201315,1000,1200,168
2026-08-10T02:41:53Z,201316,9991900,9991900,35
2026-08-10T02:41:53Z,201317,999900,999900,57
2026-08-10T02:41:53Z,201318,9500,9700,110
2026-08-10T02:41:53Z,201319,2000500,2000500,14
2026-08-10T02:41:53Z,201320,6042600,6042600,33
2026-08-10T02:41:53Z,201321,28437900,28437900,4
2026-08-10T02:41:53Z,201325,499900,500000,318
2026-08-10T02:41:53Z,201327,500200,9990200,36
2026-08-10T02:41:53Z,201398,9500000,9880000,50
2026-08-10T02:41:53Z,201399,149900,243300,5952
2026-08-10T02:41:53Z,201400,1250000,1259900,2051
2026-08-10T02:41:53Z,201401,98900,320000,10606
2026-08-10T02:41:53Z,201402,258900,290500,7977
2026-08-10T02:41:53Z,201403,990000,990000,5127
2026-08-10T02:41:53Z,201404,3850000,3860000,707
2026-08-10T02:41:53Z,201405,2969800,3000000,651
2026-08-10T02:41:53Z,201406,70000,127900,5121
2026-08-10T02:41:53Z,201407,47995300,48000100,7
2026-08-10T02:41:53Z,201408,500000,850000,34
2026-08-10T02:41:53Z,201409,24328500,24328500,43
2026-08-10T02:41:53Z,201413,109900,109900,57
2026-08-10T02:41:53Z,201415,9949900,9949900,36
2026-08-10T02:41:53Z,201416,100000,100000,90
2026-08-10T02:41:53Z,201417,9890000,9890000,45
2026-08-10T02:41:53Z,201419,508700,508700,259
2026-08-10T02:41:53Z,201420,1998700,1999900,1629
2026-08-10T02:41:53Z,201421,1485600,1485600,900
2026-08-10T02:41:53Z,201422,1106900,1276900,892
2026-08-10T02:41:53Z,201424,6900,7000,362
2026-08-10T02:41:53Z,201428,6990000,6990000,59
2026-08-10T02:41:53Z,201466,5500,5500,94
2026-08-10T02:41:53Z,201467,34800,34800,51
2026-08-10T02:41:53Z,201468,130000,130000,9
2026-08-10T02:41:53Z,201469,1900,1900,571
2026-08-10T02:41:53Z,201584,53900,93900,255
2026-08-10T02:41:53Z,201697,107400,107400,64
2026-08-10T02:41:53Z,201698,9805600,9805600,49
2026-08-10T02:41:53Z,201721,8000000,8000000,40
2026-08-10T02:41:53Z,201723,49009100,49009100,11
2026-08-10T02:41:53Z,201724,2500000000,2500000000,2
2026-08-10T02:41:53Z,201725,102400,242400,60
2026-08-10T02:41:53Z,201729,290003800,290003800,1
2026-08-10T02:41:53Z,201813,9969500,9969500,55
2026-08-10T02:41:53Z,201820,9870000,9870000,30
2026-08-10T02:41:53Z,201832,347800,347800,43
2026-08-10T02:41:53Z,201883,18810000,19000000,270
2026-08-10T02:41:53Z,201991,1470500,1751600,1174
2026-08-10T02:41:53Z,202065,199900,199900,300
2026-08-10T02:41:53Z,202070,50000,56300,4924
2026-08-10T02:41:53Z,202071,104600,120000,1820
2026-08-10T02:41:53Z,202290,460000,460000,389
2026-08-10T02:41:53Z,202314,9829300,9829300,97
2026-08-10T02:41:53Z,202315,9998100,9998100,128
2026-08-10T02:41:53Z,202401,4998900,4998900,70
2026-08-10T02:41:53Z,202712,60500,60500,307
2026-08-10T02:41:53Z,203407,25008800,25008800,35
2026-08-10T02:41:53Z,203408,89000000,89000000,28
2026-08-10T02:41:53Z,203409,7459000,7459000,52
2026-08-10T02:41:53Z,203410,19990000,19990000,30
2026-08-10T02:41:53Z,203411,88880000,88880000,30
2026-08-10T02:41:53Z,203412,165000000,165000000,23
2026-08-10T02:41:53Z,203413,49899800,49899800,43
2026-08-10T02:41:53Z,203414,105009900,105009900,20
2026-08-10T02:41:53Z,203415,6930000,6930000,37
2026-08-10T02:41:53Z,203416,1000000,1009600,393
2026-08-10T02:41:53Z,203417,41960000,41960000,25
2026-08-10T02:41:53Z,203418,899000,1000000,421
2026-08-10T02:41:53Z,203419,44990000,49994600,82
2026-08-10T02:41:53Z,203652,8008400,9998400,93
2026-08-10T02:41:53Z,203762,121100,121100,1558
2026-08-10T02:41:53Z,203763,180000,180000,827
2026-08-10T02:41:53Z,203862,638000,638000,795
2026-08-10T02:41:53Z,203865,356300,356300,1591
2026-08-10T02:41:53Z,204072,14900,14900,2354
2026-08-10T02:41:53Z,204092,5609900,5609900,32
2026-08-10T02:41:53Z,204234,49000000,49000000,30
2026-08-10T02:41:53Z,204235,9900,9900,224
2026-08-10T02:41:53Z,204237,497300,497300,41
2026-08-10T02:41:53Z,204308,500000,500000,70
2026-08-10T02:41:53Z,204310,49000000,49008800,23
2026-08-10T02:41:53Z,204311,108900,108900,33
2026-08-10T02:41:53Z,204312,290002200,290002200,1
2026-08-10T02:41:53Z,204313,49009800,49009800,18
2026-08-10T02:41:53Z,204370,666300,666300,4531
2026-08-10T02:41:53Z,204442,150100,49000100,22
2026-08-10T02:41:53Z,204460,50000,60000,63437
2026-08-10T02:41:53Z,204463,18501000,18501000,111
2026-08-10T02:41:53Z,204464,180600,540400,6502
2026-08-10T02:41:53Z,204565,12006000,12006000,16
2026-08-10T02:41:53Z,204567,19990000,19990000,19
2026-08-10T02:41:53Z,204568,199619900,199619900,3
2026-08-10T02:41:53Z,204613,75000000,75000000,4
2026-08-10T02:41:53Z,204614,9990000,9990000,37
2026-08-10T02:41:53Z,204615,6002700,10002700,8
2026-08-10T02:41:53Z,204621,10006500,10006500,40
2026-08-10T02:41:53Z,204622,8990000,8990000,27
2026-08-10T02:41:53Z,204623,12900000,12900000,13
2026-08-10T02:41:53Z,204700,199908900,199908900,2
2026-08-10T02:41:53Z,204701,19990000,21110000,10
2026-08-10T02:41:53Z,204702,15000000,22000000,14
2026-08-10T02:41:53Z,204708,880000,900000,44
2026-08-10T02:41:53Z,204709,6245100,9992800,29
2026-08-10T02:41:53Z,204710,199800,499800,30
2026-08-10T02:41:53Z,204729,9969800,9969800,35
2026-08-10T02:41:53Z,204730,1900,1900,118
2026-08-10T02:41:53Z,204790,1900,1900,298
2026-08-10T02:41:53Z,204823,9940000,9940000,60
2026-08-10T02:41:53Z,204825,90000,90000,105
2026-08-10T02:41:53Z,204826,100000,100000,59
2026-08-10T02:41:53Z,204827,8990000,8990000,24
2026-08-10T02:41:53Z,204828,5479900,5480000,108
2026-08-10T02:41:53Z,204829,9989800,9989800,374
2026-08-10T02:41:53Z,204834,49000100,49000100,21
2026-08-10T02:41:53Z,204835,290000100,290000100,1
2026-08-10T02:41:53Z,204836,49000100,49000100,20
2026-08-10T02:41:53Z,204837,24375500,49005500,21
2026-08-10T02:41:53Z,204838,49000000,49000000,21
2026-08-10T02:41:53Z,204839,290000100,290000100,2
2026-08-10T02:41:53Z,204840,10000100,49000100,20
2026-08-10T02:41:53Z,204841,49000100,49000100,20
2026-08-10T02:41:53Z,204842,49000000,49000000,22
2026-08-10T02:41:53Z,204845,352700,352700,150
2026-08-10T02:41:53Z,204858,14440000,14440000,12
2026-08-10T02:41:53Z,204859,250000,500000,29
2026-08-10T02:41:53Z,204860,1709700,1709700,42
2026-08-10T02:41:53Z,204909,990000000,990000000,3
2026-08-10T02:41:53Z,204971,5001600,9991600,23
2026-08-10T02:41:53Z,204972,74700,74700,149
2026-08-10T02:41:53Z,204973,16600,16600,402
2026-08-10T02:41:53Z,204991,6302600,9989900,27
2026-08-10T02:41:53Z,204992,9989500,9989500,25
2026-08-10T02:41:53Z,204993,199000000,199000000,1
2026-08-10T02:41:53Z,204994,7805200,7805200,102
2026-08-10T02:41:53Z,204995,35698400,35698400,69
2026-08-10T02:41:53Z,204996,4990000,4990000,197
2026-08-10T02:41:53Z,205012,35526200,35526200,9
2026-08-10T02:41:53Z,205014,2000000,2000000,29
2026-08-10T02:41:53Z,205015,5002400,5002400,7
2026-08-10T02:41:53Z,205016,149999700,149999700,8
2026-08-10T02:41:53Z,205039,99960000,99980000,24
2026-08-10T02:41:53Z,205043,1990000000,1990000000,1
2026-08-10T02:41:53Z,205044,198559400,198559400,2
2026-08-10T02:41:53Z,205115,5990000,18000000,8
2026-08-10T02:41:53Z,205170,28480000,28480000,4
2026-08-10T02:41:53Z,205171,990000000,990000000,1
2026-08-10T02:41:53Z,205172,4990000,4990000,5
2026-08-10T02:41:53Z,205173,199989700,199989700,1
2026-08-10T02:41:53Z,205221,49006200,49006200,11
2026-08-10T02:41:53Z,205222,49006600,49006600,13
2026-08-10T02:41:53Z,205224,20000100,49000100,21
2026-08-10T02:41:53Z,205235,50100,50100,36
2026-08-10T02:41:53Z,205236,990000100,990000100,1
2026-08-10T02:41:53Z,205237,49000100,49000100,20
2026-08-10T02:41:53Z,205238,1500000100,1500000100,1
2026-08-10T02:41:53Z,205239,49000100,49000100,20
2026-08-10T02:41:53Z,205240,49000100,49000100,19
2026-08-10T02:41:53Z,205241,50100,50100,68
2026-08-10T02:41:53Z,205242,50100,50100,33
2026-08-10T02:41:53Z,205243,49000100,49000100,20
2026-08-10T02:41:53Z,205244,150100,49000100,21
2026-08-10T02:41:53Z,205411,6690100,6690100,47
2026-08-10T02:41:53Z,205413,36330000,36330000,128
2026-08-10T02:41:53Z,205417,9964900,9964900,50
2026-08-10T02:41:53Z,205457,290008400,290008400,1
2026-08-10T02:41:53Z,205459,15007100,49007100,19
2026-08-10T02:41:53Z,205460,20000,30000,56
2026-08-10T02:41:53Z,205461,32996900,35006900,30
2026-08-10T02:41:53Z,205462,290009000,290009000,3
2026-08-10T02:41:53Z,205464,9999800,10009800,23
2026-08-10T02:41:53Z,205465,1001000,1001000,2
2026-08-10T02:41:53Z,205466,49004000,49004000,16
2026-08-10T02:41:53Z,205467,290007500,290007500,1
2026-08-10T02:41:53Z,205468,45000000,49000000,16
2026-08-10T02:41:53Z,205469,290000900,290000900,1
2026-08-10T02:41:53Z,205470,50300,50400,26
2026-08-10T02:41:53Z,205471,49006400,49006400,14
2026-08-10T02:41:53Z,205472,990008200,990008200,1
2026-08-10T02:41:53Z,205684,2999700,2999900,899
2026-08-10T02:41:53Z,205686,396000,440000,253
2026-08-10T02:41:53Z,205690,9700000,9700000,30
2026-08-10T02:41:53Z,205692,9800000,9800000,35
2026-08-10T02:41:53Z,205693,320000,320000,376
2026-08-10T02:41:53Z,205695,290004000,290004000,1
2026-08-10T02:41:53Z,205697,990005900,990005900,1
2026-08-10T02:41:53Z,205698,290003900,290003900,2
2026-08-10T02:41:53Z,205699,49005600,49005600,15
2026-08-10T02:41:53Z,205700,10200,10200,68
2026-08-10T02:41:53Z,205793,220000,220000,50
2026-08-10T02:41:53Z,205794,9754000,9754000,135
2026-08-10T02:41:53Z,205866,49007700,49007700,15
2026-08-10T02:41:53Z,205868,2000000,49000000,17
2026-08-10T02:41:53Z,205869,290004300,290004300,1
2026-08-10T02:41:53Z,205870,3500000,49000000,17
2026-08-10T02:41:53Z,205871,250003000,250003000,2
2026-08-10T02:41:53Z,205872,49005200,49005200,14
2026-08-10T02:41:53Z,205873,290004100,290004100,1
2026-08-10T02:41:53Z,205875,290003400,290003400,1
2026-08-10T02:41:53Z,206967,6570400,6570400,21
2026-08-10T02:41:53Z,206968,1488600,1488600,40
2026-08-10T02:41:53Z,206969,8008800,8008800,33
2026-08-10T02:41:53Z,207021,204600,204600,37
2026-08-10T02:41:53Z,207022,34500,54800,2579
2026-08-10T02:41:53Z,207023,3000,3000,19852
2026-08-10T02:41:53Z,207039,39439100,39439100,21
2026-08-10T02:41:53Z,207040,120100,120100,2825
2026-08-10T02:41:53Z,207041,29100,312500,4345
2026-08-10T02:41:53Z,207054,148400,9969000,50
2026-08-10T02:41:53Z,207085,1547000,39000000,82
2026-08-10T02:41:53Z,207086,9797600,9797700,7
2026-08-10T02:41:53Z,207087,22999800,23000000,31
2026-08-10T02:41:53Z,207088,3997500,9989400,23
2026-08-10T02:41:53Z,207702,1029000,1048000,19353
2026-08-10T02:41:53Z,207956,9899700,9899800,50
2026-08-10T02:41:53Z,208187,39970000,39970000,18
2026-08-10T02:41:53Z,208188,199007400,199007400,2
2026-08-10T02:41:53Z,208189,199999900,199999900,5
2026-08-10T02:41:53Z,208212,89900,839800,496
2026-08-10T02:41:53Z,208736,49008900,49008900,13
2026-08-10T02:41:53Z,208746,199990000,199990000,3
2026-08-10T02:41:53Z,208747,9895100,9895100,11
2026-08-10T02:41:53Z,208748,199990000,199990000,3
2026-08-10T02:41:53Z,208856,248900,49009000,26
2026-08-10T02:41:53Z,209033,152100,152100,30
2026-08-10T02:41:53Z,209034,100006700,100006700,2
2026-08-10T02:41:53Z,210221,17700,43900,14685
2026-08-10T02:41:53Z,210244,550000,550000,52
2026-08-10T02:41:53Z,210245,755300,1505300,150
2026-08-10T02:41:53Z,210246,9000000,9000000,72
2026-08-10T02:41:53Z,210247,3400000,3400000,74
2026-08-10T02:41:53Z,210248,150000,150000,56
2026-08-10T02:41:53Z,210249,2407500,2407500,34
2026-08-10T02:41:53Z,210438,49008800,49008800,19
2026-08-10T02:41:53Z,210443,290009900,290009900,1
2026-08-10T02:41:53Z,210444,290009000,290009000,1
2026-08-10T02:41:53Z,210445,49009400,49009400,13
2026-08-10T02:41:53Z,210449,5500009800,5500009800,1
2026-08-10T02:41:53Z,210451,10004700,48904700,15
2026-08-10T02:41:53Z,210452,500000,1000000,26
2026-08-10T02:41:53Z,210456,87900000,87900000,14
2026-08-10T02:41:53Z,210554,290008000,290008000,1
2026-08-10T02:41:53Z,210658,49000200,49000200,20
2026-08-10T02:41:53Z,210671,5875800,7001400,36
2026-08-10T02:41:53Z,210672,430000,430000,87
2026-08-10T02:41:53Z,210673,2149200,9995900,22
2026-08-10T02:41:53Z,210688,1507200,1507200,211
2026-08-10T02:41:53Z,210796,20000,32000,27930
2026-08-10T02:41:53Z,210797,20000,32600,19286
2026-08-10T02:41:53Z,210798,20000,35200,15670
2026-08-10T02:41:53Z,210799,31000,31000,5284
2026-08-10T02:41:53Z,210800,28300,29900,12563
2026-08-10T02:41:53Z,210801,55500,57900,11043
2026-08-10T02:41:53Z,210802,19800,23500,8907
2026-08-10T02:41:53Z,210803,14800,19000,39730
2026-08-10T02:41:53Z,210804,31000,31000,5424
2026-08-10T02:41:53Z,210805,20000,20000,6939
2026-08-10T02:41:53Z,210806,19600,19700,11731
2026-08-10T02:41:53Z,210807,19900,27600,15494
2026-08-10T02:41:53Z,210808,23700,27500,13226
2026-08-10T02:41:53Z,210809,25800,28900,40804
2026-08-10T02:41:53Z,210810,45500,46600,34000
2026-08-10T02:41:53Z,210819,1000000,1000000,90
2026-08-10T02:41:53Z,210821,1009300,1009300,177
2026-08-10T02:41:53Z,210841,19500,19500,1405
2026-08-10T02:41:53Z,210842,2800000,3000000,448
2026-08-10T02:41:53Z,210930,90100,98300,74369
2026-08-10T02:41:53Z,210931,75900,98700,67530
2026-08-10T02:41:53Z,210932,141000,159700,54644
2026-08-10T02:41:53Z,210933,13400,16200,7742
2026-08-10T02:41:53Z,210934,12500,16400,26677
2026-08-10T02:41:53Z,210935,30300,34000,8639
2026-08-10T02:41:53Z,210936,9000,10900,16845
2026-08-10T02:41:53Z,210937,12500,14500,38274
2026-08-10T02:41:53Z,210938,18600,19800,23119
2026-08-10T02:41:53Z,210939,348700,349000,5684
2026-08-10T02:41:53Z,211270,20009300,20009300,6
2026-08-10T02:41:53Z,211383,549900,549900,90
2026-08-10T02:41:53Z,211400,1886000,1895000,99
2026-08-10T02:41:53Z,211474,9400,17000,2933
2026-08-10T02:41:53Z,211692,49007400,49007400,20
2026-08-10T02:41:53Z,211694,290008300,290008300,1
2026-08-10T02:41:53Z,211695,290002100,290002100,1
2026-08-10T02:41:53Z,211798,107700,107700,37
2026-08-10T02:41:53Z,211806,5500,5500,6824
2026-08-10T02:41:53Z,211807,22300,25000,2143
2026-08-10T02:41:53Z,211808,90000,90000,2605
2026-08-10T02:41:53Z,211810,9940100,9940100,30
2026-08-10T02:41:53Z,211878,9800,9900,3555
2026-08-10T02:41:53Z,211879,10000,10000,3365
2026-08-10T02:41:53Z,211880,27100,30000,960
2026-08-10T02:41:53Z,211943,500000,720000,307
2026-08-10T02:41:53Z,212239,17600,19000,1470
2026-08-10T02:41:53Z,212240,10000,57500,2656
2026-08-10T02:41:53Z,212241,86600,86600,5370
2026-08-10T02:41:53Z,212242,10500,10500,9491
2026-08-10T02:41:53Z,212243,30000,30000,358
2026-08-10T02:41:53Z,212244,140000,140000,385
2026-08-10T02:41:53Z,212245,69400,70000,852
2026-08-10T02:41:53Z,212246,11900,82400,846
2026-08-10T02:41:53Z,212247,200000,206200,361
2026-08-10T02:41:53Z,212248,10100,10100,582
2026-08-10T02:41:53Z,212249,66500,67100,424
2026-08-10T02:41:53Z,212250,129700,129700,138
2026-08-10T02:41:53Z,212251,12700,12700,104
2026-08-10T02:41:53Z,212252,132800,132800,82
2026-08-10T02:41:53Z,212253,349900,349900,181
2026-08-10T02:41:53Z,212254,10600,10600,496
2026-08-10T02:41:53Z,212255,11900,11900,109
2026-08-10T02:41:53Z,212256,112000,112500,107
2026-08-10T02:41:53Z,212257,20000,20000,226
2026-08-10T02:41:53Z,212258,130000,130000,130
2026-08-10T02:41:53Z,212259,300000,500000,311
2026-08-10T02:41:53Z,212260,10600,318000,1634
2026-08-10T02:41:53Z,212261,11000,11000,194
2026-08-10T02:41:53Z,212262,258700,260000,314
2026-08-10T02:41:53Z,212263,35000,35000,1167
2026-08-10T02:41:53Z,212264,9800,9800,5660
2026-08-10T02:41:53Z,212265,19500,19900,2086
2026-08-10T02:41:53Z,212266,79900,80000,169
2026-08-10T02:41:53Z,212267,189700,189800,67
2026-08-10T02:41:53Z,212268,742400,742400,207
2026-08-10T02:41:53Z,212269,980200,989800,117
2026-08-10T02:41:53Z,212270,175400,185000,782
2026-08-10T02:41:53Z,212271,400000,400000,119
2026-08-10T02:41:53Z,212272,298500,299000,284
2026-08-10T02:41:53Z,212273,280000,284900,705
2026-08-10T02:41:53Z,212274,940500,940500,260
2026-08-10T02:41:53Z,212275,460000,460000,72
2026-08-10T02:41:53Z,212276,65000,65000,626
2026-08-10T02:41:53Z,212277,108200,158200,210
2026-08-10T02:41:53Z,212278,69900,70000,71
2026-08-10T02:41:53Z,212279,80400,88000,729
2026-08-10T02:41:53Z,212280,1100000,1100000,101
2026-08-10T02:41:53Z,212281,50000,50000,623
2026-08-10T02:41:53Z,212282,48100,48100,1725
2026-08-10T02:41:53Z,212283,49800,576000,1563
2026-08-10T02:41:53Z,212289,30700,30700,81
2026-08-10T02:41:53Z,212292,89900,89900,1130
2026-08-10T02:41:53Z,212298,7810000,7810000,93
2026-08-10T02:41:53Z,212299,47500,47500,581
2026-08-10T02:41:53Z,212300,239300,239300,105
2026-08-10T02:41:53Z,212301,1109900,1110000,3633
2026-08-10T02:41:53Z,212305,14700,14700,305
2026-08-10T02:41:53Z,212306,18100,18200,74
2026-08-10T02:41:53Z,212307,259900,260000,112
2026-08-10T02:41:53Z,212308,26600,26600,452
2026-08-10T02:41:53Z,212309,39900,39900,855
2026-08-10T02:41:53Z,212310,209900,209900,216
2026-08-10T02:41:53Z,212311,35000,38800,189
2026-08-10T02:41:53Z,212312,117300,150000,341
2026-08-10T02:41:53Z,212313,542200,542500,1707
2026-08-10T02:41:53Z,212314,25000,25000,109
2026-08-10T02:41:53Z,212315,117500,117500,105
2026-08-10T02:41:53Z,212316,164100,164500,184
2026-08-10T02:41:53Z,212341,20008300,49008300,21
2026-08-10T02:41:53Z,212345,49009300,49009300,20
2026-08-10T02:41:53Z,212346,290009900,290009900,1
2026-08-10T02:41:53Z,212352,290001200,290001200,1
2026-08-10T02:41:53Z,212495,119200,129700,3604
2026-08-10T02:41:53Z,212498,2900,3500,10052
2026-08-10T02:41:53Z,212505,144700,154700,2563
2026-08-10T02:41:53Z,212508,116400,116500,432
2026-08-10T02:41:53Z,212511,129600,129800,1271
2026-08-10T02:41:53Z,212514,454400,454400,1188
2026-08-10T02:41:53Z,212531,9990000,9990000,3
2026-08-10T02:41:53Z,212533,9990100,9990100,3
2026-08-10T02:41:53Z,212534,3000000,3000000,2
2026-08-10T02:41:53Z,212563,285500,285500,87
2026-08-10T02:41:53Z,212564,350000,380000,249
2026-08-10T02:41:53Z,212565,610000,700000,122
2026-08-10T02:41:53Z,212646,49007500,49007500,14
2026-08-10T02:41:53Z,212647,49006700,49006700,13
2026-08-10T02:41:53Z,212648,2228100,2228100,3
2026-08-10T02:41:53Z,212649,49005800,49005800,13
2026-08-10T02:41:53Z,212664,25500,38600,49410
2026-08-10T02:41:53Z,212665,34900,39000,20937
2026-08-10T02:41:53Z,212666,39000,59900,14325
2026-08-10T02:41:53Z,212667,17900,21500,26874
2026-08-10T02:41:53Z,212668,14900,33000,34470
2026-08-10T02:41:53Z,212669,24000,26400,13572
2026-08-10T02:41:53Z,212670,20000,47100,17100
2026-08-10T02:41:53Z,212672,85800,89200,11776
2026-08-10T02:41:53Z,212673,64500,99000,11473
2026-08-10T02:41:53Z,212674,6800,15800,36643
2026-08-10T02:41:53Z,212675,9500,19300,9204
2026-08-10T02:41:53Z,212676,39000,48000,11474
2026-08-10T02:41:53Z,212688,49008000,49008000,21
2026-08-10T02:41:53Z,212761,100000000,100000000,2
2026-08-10T02:41:53Z,212763,49000000,49000000,13
2026-08-10T02:41:53Z,212764,49006100,49006100,11
2026-08-10T02:41:53Z,212765,290007100,290007100,1
2026-08-10T02:41:53Z,212766,49008400,49008400,13
2026-08-10T02:41:53Z,212767,49005100,49005100,12
2026-08-10T02:41:53Z,212768,49004000,49004000,12
2026-08-10T02:41:53Z,212770,49004300,49004300,12
2026-08-10T02:41:53Z,212771,49008500,49008500,10
2026-08-10T02:41:53Z,212772,290004300,290004300,1
2026-08-10T02:41:53Z,212774,2000000,2000000,13
2026-08-10T02:41:53Z,213026,49004500,49004500,10
2026-08-10T02:41:53Z,213027,49005800,49005800,11
2026-08-10T02:41:53Z,213028,49006300,49006300,11
2026-08-10T02:41:53Z,213029,290008500,290008500,1
2026-08-10T02:41:53Z,213030,49008100,49008100,11
2026-08-10T02:41:53Z,213031,49006600,49006600,12
2026-08-10T02:41:53Z,213032,49005800,49005800,16
2026-08-10T02:41:53Z,213033,290006400,290006400,2
2026-08-10T02:41:53Z,213034,49005700,49005700,10
2026-08-10T02:41:53Z,213035,49004700,49004700,10
2026-08-10T02:41:53Z,213037,49008700,49008700,9
2026-08-10T02:41:53Z,213038,49008200,49008200,13
2026-08-10T02:41:53Z,213039,49003900,49003900,12
2026-08-10T02:41:53Z,213040,49005200,49005200,14
2026-08-10T02:41:53Z,213041,49007900,49007900,11
2026-08-10T02:41:53Z,213042,49004200,49004200,13
2026-08-10T02:41:53Z,213043,49007600,49007600,14
2026-08-10T02:41:53Z,213044,49006600,49006600,13
2026-08-10T02:41:53Z,213045,49007800,49007800,13
2026-08-10T02:41:53Z,213179,49006700,49006700,11
2026-08-10T02:41:53Z,213180,49007400,49007400,11
2026-08-10T02:41:53Z,213182,49006000,49006000,10
2026-08-10T02:41:53Z,213184,49004400,49004400,10
2026-08-10T02:41:53Z,213194,290005800,290005800,1
2026-08-10T02:41:53Z,213195,49006000,49006000,12
2026-08-10T02:41:53Z,213196,49007500,49007500,9
2026-08-10T02:41:53Z,213197,77400,77500,11820
2026-08-10T02:41:53Z,213201,49008100,49008100,10
2026-08-10T02:41:53Z,213203,49006400,49006400,12
2026-08-10T02:41:53Z,213205,290004500,290004500,1
2026-08-10T02:41:53Z,213206,290003800,290003800,1
2026-08-10T02:41:53Z,213210,49007300,49007300,13
2026-08-10T02:41:53Z,213211,49005500,49005500,11
2026-08-10T02:41:53Z,213212,49005200,49005200,15
2026-08-10T02:41:53Z,213213,49008300,49008300,11
2026-08-10T02:41:53Z,213214,49008300,49008300,13
2026-08-10T02:41:53Z,213216,49008900,49008900,10
2026-08-10T02:41:53Z,213219,303900,303900,4105
2026-08-10T02:41:53Z,213220,245000,245100,4296
2026-08-10T02:41:53Z,213221,300000,300000,9251
2026-08-10T02:41:53Z,213234,28990100,28990100,5
2026-08-10T02:41:53Z,213235,3000000,290000100,14
2026-08-10T02:41:53Z,213236,290000100,290000100,1
2026-08-10T02:41:53Z,213237,1940000,1940000,4
2026-08-10T02:41:53Z,213238,1200000,1200000,30
2026-08-10T02:41:53Z,213239,290000100,290000100,1
2026-08-10T02:41:53Z,213240,300000,300000,9
2026-08-10T02:41:53Z,213241,290000000,290000000,2
2026-08-10T02:41:53Z,213242,800000,800000,9
2026-08-10T02:41:53Z,213245,200000000,200000000,3
2026-08-10T02:41:53Z,213246,290000100,290000100,2
2026-08-10T02:41:53Z,213247,290000100,290000100,1
2026-08-10T02:41:53Z,213248,290000000,290000100,7
2026-08-10T02:41:53Z,213249,290000100,290000100,1
2026-08-10T02:41:53Z,213250,4000000,4000000,10
2026-08-10T02:41:53Z,213251,52112300,52112300,4
2026-08-10T02:41:53Z,213252,50007700,60007700,10
2026-08-10T02:41:53Z,213253,16000000,16000000,7
2026-08-10T02:41:53Z,213254,3500000,5000000,11
2026-08-10T02:41:53Z,213255,1500000,1500000,8
2026-08-10T02:41:53Z,213256,25000100,25000100,2
2026-08-10T02:41:53Z,213257,29009900,29009900,2
2026-08-10T02:41:53Z,213258,930000,930000,6
2026-08-10T02:41:53Z,213259,80750100,80750100,3
2026-08-10T02:41:53Z,213260,290000100,290000100,5
2026-08-10T02:41:53Z,213261,212500000,212500000,5
2026-08-10T02:41:53Z,213262,748000,748000,4
2026-08-10T02:41:53Z,213263,246500100,246500100,2
2026-08-10T02:41:53Z,213265,200000000,200000000,2
2026-08-10T02:41:53Z,213266,290005600,290005600,2
2026-08-10T02:41:53Z,213267,103000000,103000000,4
2026-08-10T02:41:53Z,213268,290000100,290000100,1
2026-08-10T02:41:53Z,213277,290008000,290008000,1
2026-08-10T02:41:53Z,213358,49007600,49007600,10
2026-08-10T02:41:53Z,213360,290008700,290008700,2
2026-08-10T02:41:53Z,213361,60008900,60008900,7
2026-08-10T02:41:53Z,213362,290004300,290004300,1
2026-08-10T02:41:53Z,213363,49004200,49004200,10
2026-08-10T02:41:53Z,213364,49007000,49007000,10
2026-08-10T02:41:53Z,213366,49004600,49004600,12
2026-08-10T02:41:53Z,213367,49004400,49004400,12
2026-08-10T02:41:53Z,213368,49007900,49007900,9
2026-08-10T02:41:53Z,213374,49004500,49004500,12
2026-08-10T02:41:53Z,213377,49004900,49004900,11
2026-08-10T02:41:53Z,213380,49005100,49005100,10
2026-08-10T02:41:53Z,213384,49008100,49008100,10
2026-08-10T02:41:53Z,213385,49009900,49009900,10
2026-08-10T02:41:53Z,213386,49005000,49005000,14
2026-08-10T02:41:53Z,213387,49005200,49005200,15
2026-08-10T02:41:53Z,213388,49008700,49008700,12
2026-08-10T02:41:53Z,213398,3300,5500,103197
2026-08-10T02:41:53Z,213399,4900,37200,59938
2026-08-10T02:41:53Z,213453,50000000,199000000,8
2026-08-10T02:41:53Z,213454,6588800,6589400,18
2026-08-10T02:41:53Z,213455,7000000,7000000,73
2026-08-10T02:41:53Z,213456,17826200,19806800,26
2026-08-10T02:41:53Z,213457,5424300,5424300,55
2026-08-10T02:41:53Z,213458,4989900,4990000,30
2026-08-10T02:41:53Z,213459,13125000,13125000,11
2026-08-10T02:41:53Z,213460,5007100,5007600,20
2026-08-10T02:41:53Z,213461,8800000,8800000,62
2026-08-10T02:41:53Z,213462,14000000,14000000,13
2026-08-10T02:41:53Z,213463,10999900,10999900,23
2026-08-10T02:41:53Z,213464,4569800,14129800,64
2026-08-10T02:41:53Z,213465,5000000,6650000,11
2026-08-10T02:41:53Z,213466,6121900,6121900,26
2026-08-10T02:41:53Z,213467,11100000,49990000,15
2026-08-10T02:41:53Z,213468,80850000,80850000,17
2026-08-10T02:41:53Z,213469,5000000,5000000,14
2026-08-10T02:41:53Z,213470,11890000,11890000,67
2026-08-10T02:41:53Z,213471,199999700,199999700,3
2026-08-10T02:41:53Z,213472,4857800,4858200,198
2026-08-10T02:41:53Z,213473,5439000,5550000,58
2026-08-10T02:41:53Z,213474,5000000,5000000,20
2026-08-10T02:41:53Z,213475,7590500,7590500,49
2026-08-10T02:41:53Z,213476,12500000,12500000,44
2026-08-10T02:41:53Z,213477,4991600,4991600,70
2026-08-10T02:41:53Z,213478,5393400,5393900,17
2026-08-10T02:41:53Z,213479,8690000,8690000,29
2026-08-10T02:41:53Z,213480,4989000,4989000,25
2026-08-10T02:41:53Z,213481,6184800,6184800,25
2026-08-10T02:41:53Z,213482,4900000,4900000,36
2026-08-10T02:41:53Z,213483,4999800,4999800,13
2026-08-10T02:41:53Z,213484,7219500,7219500,34
2026-08-10T02:41:53Z,213485,4888800,4888800,33
2026-08-10T02:41:53Z,213486,44250000,44250000,8
2026-08-10T02:41:53Z,213487,8850000,8850000,11
2026-08-10T02:41:53Z,213488,13300000,13300000,45
2026-08-10T02:41:53Z,213489,5303600,5303600,22
2026-08-10T02:41:53Z,213490,6000600,6000600,31
2026-08-10T02:41:53Z,213491,9110100,9110100,53
2026-08-10T02:41:53Z,213492,10066700,10066700,104
2026-08-10T02:41:53Z,213493,5555000,5555900,42
2026-08-10T02:41:53Z,213494,4909900,5909900,38
2026-08-10T02:41:53Z,213495,19909900,199009900,7
2026-08-10T02:41:53Z,213496,7300000,8990000,25
2026-08-10T02:41:53Z,213497,5999500,5999500,73
2026-08-10T02:41:53Z,213498,8000000,8000000,28
2026-08-10T02:41:53Z,213499,7500000,7500000,27
2026-08-10T02:41:53Z,213500,19987500,19987500,39
2026-08-10T02:41:53Z,213501,50000,109500,77
2026-08-10T02:41:53Z,213502,122000,212000,184
2026-08-10T02:41:53Z,213503,4330000,4330000,13
2026-08-10T02:41:53Z,213504,309800,309800,87
2026-08-10T02:41:53Z,213505,189200,189200,106
2026-08-10T02:41:53Z,213506,4935200,4935200,31
2026-08-10T02:41:53Z,213507,55000,137800,54
2026-08-10T02:41:53Z,213508,460000,476500,69
2026-08-10T02:41:53Z,213509,3200000,3950000,359
2026-08-10T02:41:53Z,213510,38800,788800,167
2026-08-10T02:41:53Z,213511,270000,270100,404
2026-08-10T02:41:53Z,213512,4900000,9990000,28
2026-08-10T02:41:53Z,213515,4007200,4007200,47
2026-08-10T02:41:53Z,213516,5000000,5000000,162
2026-08-10T02:41:53Z,213517,17000000,35000000,35
2026-08-10T02:41:53Z,213530,290005200,290005200,1
2026-08-10T02:41:53Z,213531,290004000,290004000,1
2026-08-10T02:41:53Z,213540,49001700,49001700,20
2026-08-10T02:41:53Z,213610,2000,2400,41373
2026-08-10T02:41:53Z,213611,31900,46700,8534
2026-08-10T02:41:53Z,213612,210000,230500,13773
2026-08-10T02:41:53Z,213613,45400,45400,7577
2026-08-10T02:41:53Z,213738,800000,800000,30
2026-08-10T02:41:53Z,213739,3500000,3500000,9
2026-08-10T02:41:53Z,213740,14004000,14004000,25
2026-08-10T02:41:53Z,213741,399800,399800,87
2026-08-10T02:41:53Z,213742,2760000,3450000,111
2026-08-10T02:41:53Z,213743,16000000,19950000,13
2026-08-10T02:41:53Z,213744,2700000,2700000,37
2026-08-10T02:41:53Z,213745,6999400,7000000,9
2026-08-10T02:41:53Z,213746,23055600,23055600,8
2026-08-10T02:41:53Z,213747,12911300,12911300,33
2026-08-10T02:41:53Z,213748,29990000,29990000,60
2026-08-10T02:41:53Z,213749,11000000,11000000,45
2026-08-10T02:41:53Z,213750,179800,179800,353
2026-08-10T02:41:53Z,213751,129700,155900,11317
2026-08-10T02:41:53Z,213752,499900,500000,311
2026-08-10T02:41:53Z,213753,970000,970000,101
2026-08-10T02:41:53Z,213754,609700,1220000,2204
2026-08-10T02:41:53Z,213755,900000,900000,3121
2026-08-10T02:41:53Z,213756,89700,89800,379
2026-08-10T02:41:53Z,213757,86400,91100,2622
2026-08-10T02:41:53Z,213758,76500,90000,2181
2026-08-10T02:41:53Z,213759,1499900,1499900,68
2026-08-10T02:41:53Z,213760,1359000,1419000,138
2026-08-10T02:41:53Z,213761,1688800,1689000,162
2026-08-10T02:41:53Z,213762,19581100,19582200,59
2026-08-10T02:41:53Z,213763,3200000,3200000,92
2026-08-10T02:41:53Z,213764,3990400,5000400,338
2026-08-10T02:41:53Z,213765,2000000,2000000,57
2026-08-10T02:41:53Z,213766,258600,1395600,618
2026-08-10T02:41:53Z,213767,4009900,4999900,162
2026-08-10T02:41:53Z,213768,2504000,4554000,61
2026-08-10T02:41:53Z,213769,1150000,1150000,31
2026-08-10T02:41:53Z,213770,439700,439700,27
2026-08-10T02:41:53Z,213771,198599900,499999900,7
2026-08-10T02:41:53Z,213772,508600,1008600,43
2026-08-10T02:41:53Z,213773,3005600,3005600,38
2026-08-10T02:41:53Z,213774,35009900,199990000,9
2026-08-10T02:41:53Z,213775,554100,554100,22
2026-08-10T02:41:53Z,213776,1000000,1000000,33
2026-08-10T02:41:53Z,213777,630000,700000,77
2026-08-10T02:41:53Z,215236,2500000,3750000,611
2026-08-10T02:41:53Z,217113,999300,999300,27
2026-08-10T02:41:53Z,217114,15000000,15000000,50
2026-08-10T02:41:53Z,217115,14741600,14741600,47
2026-08-10T02:41:53Z,217162,49000000,49000000,11
2026-08-10T02:41:53Z,217163,49009900,49009900,11
2026-08-10T02:41:53Z,217164,49009900,49009900,13
2026-08-10T02:41:53Z,217167,49009900,49009900,14
2026-08-10T02:41:53Z,217168,5007600,5007600,3
2026-08-10T02:41:53Z,217169,12007600,49007600,14
2026-08-10T02:41:53Z,217170,9990900,49009900,25
2026-08-10T02:41:53Z,217171,49009900,49009900,13
2026-08-10T02:41:53Z,217707,61400,109900,67718
2026-08-10T02:41:53Z,217896,9900000,9900000,30
2026-08-10T02:41:53Z,218336,900,1200,71727
2026-08-10T02:41:53Z,218337,16200,48600,59396
2026-08-10T02:41:53Z,218338,1000,1300,112176
2026-08-10T02:41:53Z,218339,400,1400,131997
2026-08-10T02:41:53Z,218453,2500,2500,134
2026-08-10T02:41:53Z,219002,2499900,3000000,321
2026-08-10T02:41:53Z,219003,490000,490000,72
2026-08-10T02:41:53Z,219004,1502600,1502600,77
2026-08-10T02:41:53Z,219005,899900,899900,85
2026-08-10T02:41:53Z,219006,5000000,5000000,96
2026-08-10T02:41:53Z,219013,3960000,4023000,2066
2026-08-10T02:41:53Z,219148,9809600,9809600,28
2026-08-10T02:41:53Z,219495,1114600,1114800,111
2026-08-10T02:41:53Z,219496,690000,690000,50
2026-08-10T02:41:53Z,219497,702400,702400,36
2026-08-10T02:41:53Z,219504,128700,128700,317
2026-08-10T02:41:53Z,219505,448400,448400,52
2026-08-10T02:41:53Z,219506,344000,344000,46
2026-08-10T02:41:53Z,219880,550000,758900,447
2026-08-10T02:41:53Z,219881,330000,399900,5019
2026-08-10T02:41:53Z,219882,408400,408400,1045
2026-08-10T02:41:53Z,219883,400800,400800,40
2026-08-10T02:41:53Z,219884,365500,365500,437
2026-08-10T02:41:53Z,219885,1014700,1014700,1563
2026-08-10T02:41:53Z,219886,500000,764400,198
2026-08-10T02:41:53Z,219887,422200,422200,675
2026-08-10T02:41:53Z,219888,419800,419800,407
2026-08-10T02:41:53Z,219889,998800,1720100,232
2026-08-10T02:41:53Z,219890,958700,958800,1132
2026-08-10T02:41:53Z,219891,1350000,1350000,426
2026-08-10T02:41:53Z,219892,500000,830000,211
2026-08-10T02:41:53Z,219893,479800,480000,1151
2026-08-10T02:41:53Z,219894,517400,517400,665
2026-08-10T02:41:53Z,219898,1400000,3505500,3614
2026-08-10T02:41:53Z,219899,421100,425600,1318
2026-08-10T02:41:53Z,219900,980100,980100,218
2026-08-10T02:41:53Z,219901,560000,592500,722
2026-08-10T02:41:53Z,219902,539700,539900,578
2026-08-10T02:41:53Z,219903,907400,907400,79
2026-08-10T02:41:53Z,219905,3989700,3989900,1173
2026-08-10T02:41:53Z,219906,139900,150000,211
2026-08-10T02:41:53Z,219907,1630600,1630600,34
2026-08-10T02:41:53Z,219908,1250000,1250000,43
2026-08-10T02:41:53Z,219909,490000,500000,161
2026-08-10T02:41:53Z,219910,434900,2176700,79
2026-08-10T02:41:53Z,219911,3799900,4005000,254
2026-08-10T02:41:53Z,219912,39600,39700,76
2026-08-10T02:41:53Z,219913,198000,198000,98
2026-08-10T02:41:53Z,219914,1500400,1500400,98
2026-08-10T02:41:53Z,219946,72000,73500,9803
2026-08-10T02:41:53Z,219947,74000,75000,1331
2026-08-10T02:41:53Z,219948,145000,155000,2454
2026-08-10T02:41:53Z,219949,190800,191700,5156
2026-08-10T02:41:53Z,219950,192500,223900,15104
2026-08-10T02:41:53Z,219951,222400,223000,523
2026-08-10T02:41:53Z,219952,20000,20000,9784
2026-08-10T02:41:53Z,219954,20000,22500,10329
2026-08-10T02:41:53Z,219955,80000,111500,5180
2026-08-10T02:41:53Z,220134,11500,16300,11229
2026-08-10T02:41:53Z,220135,11600,17700,10985
2026-08-10T02:41:53Z,220136,14600,16300,1047
2026-08-10T02:41:53Z,220137,10000,13800,3124
2026-08-10T02:41:53Z,220138,9900,14900,4505
2026-08-10T02:41:53Z,220139,19900,33800,3327
2026-08-10T02:41:53Z,220141,38700,39500,859
2026-08-10T02:41:53Z,220142,12000,14200,1197
2026-08-10T02:41:53Z,220143,12400,18300,1627
2026-08-10T02:41:53Z,220144,50000,380000,1289
2026-08-10T02:41:53Z,220145,14000,19500,2461
2026-08-10T02:41:53Z,220146,59900,92000,4325
2026-08-10T02:41:53Z,220147,56000,84500,13574
2026-08-10T02:41:53Z,220148,8749800,8749900,155
2026-08-10T02:41:53Z,220149,33000,446100,2158
2026-08-10T02:41:53Z,220150,24300,24500,1068
2026-08-10T02:41:53Z,220151,69900,840000,449
2026-08-10T02:41:53Z,220153,3690000,3690000,197
2026-08-10T02:41:53Z,220219,25073300,25073300,3
2026-08-10T02:41:53Z,220220,990005700,990005700,1
2026-08-10T02:41:53Z,220221,290000000,290000000,5
2026-08-10T02:41:53Z,220222,15007700,15007700,2
2026-08-10T02:41:53Z,220223,49009900,49009900,22
2026-08-10T02:41:53Z,220224,247400,247400,35
2026-08-10T02:41:53Z,220225,990003500,990003500,1
2026-08-10T02:41:53Z,220226,320000,320000,13
2026-08-10T02:41:53Z,220227,10009200,10009200,4
2026-08-10T02:41:53Z,220228,30003400,40003400,11
2026-08-10T02:41:53Z,220229,7504400,7504400,7
2026-08-10T02:41:53Z,220230,299900,299900,18
2026-08-10T02:41:53Z,220231,222220000,222220000,4
2026-08-10T02:41:53Z,220232,10000,49000000,29
2026-08-10T02:41:53Z,220234,49009900,49009900,23
2026-08-10T02:41:53Z,220235,8500000,10000000,19
2026-08-10T02:41:53Z,220236,5700000,290000000,7
2026-08-10T02:41:53Z,220237,350000,350000,8
2026-08-10T02:41:53Z,220238,50001300,50001300,4
2026-08-10T02:41:53Z,220239,290007700,290007700,1
2026-08-10T02:41:53Z,220240,290007600,290007600,2
2026-08-10T02:41:53Z,220241,290009000,290009000,6
2026-08-10T02:41:53Z,220242,5000000,5990000,11
2026-08-10T02:41:53Z,220243,290007100,290007100,2
2026-08-10T02:41:53Z,220244,290007300,290007300,1
2026-08-10T02:41:53Z,220245,290006600,290006600,2
2026-08-10T02:41:53Z,220246,1490000,1490000,4
2026-08-10T02:41:53Z,220247,18300,18400,226
2026-08-10T02:41:53Z,220248,20000000,40000000,32
2026-08-10T02:41:53Z,220249,6900,6900,384
2026-08-10T02:41:53Z,220250,290007600,290007600,1
2026-08-10T02:41:53Z,220251,7300,7400,132
2026-08-10T02:41:53Z,220252,33500,39400,209
2026-08-10T02:41:53Z,220253,6600,6600,95
2026-08-10T02:41:53Z,220254,39400,49400,59
2026-08-10T02:41:53Z,220255,6300,6300,299
2026-08-10T02:41:53Z,220256,10000,10000,42
2026-08-10T02:41:53Z,220257,709900,709900,96
2026-08-10T02:41:53Z,220258,108800,9908900,95
2026-08-10T02:41:53Z,220259,849800,849800,413
2026-08-10T02:41:53Z,220261,93200,109700,163
2026-08-10T02:41:53Z,220262,7000,7000,31
2026-08-10T02:41:53Z,220263,10000,10000,37
2026-08-10T02:41:53Z,220264,7100,7100,162
2026-08-10T02:41:53Z,220265,290000300,290000300,1
2026-08-10T02:41:53Z,220266,9800,9900,143
2026-08-10T02:41:53Z,220267,9500,9500,490
2026-08-10T02:41:53Z,220268,9900,9900,175
2026-08-10T02:41:53Z,220269,49000000,49000000,25
2026-08-10T02:41:53Z,220270,49009600,49009700,29
2026-08-10T02:41:53Z,220271,8600,8700,67
2026-08-10T02:41:53Z,220272,290000000,290000000,1
2026-08-10T02:41:53Z,220273,15900,15900,90
2026-08-10T02:41:53Z,220274,290007600,290007600,1
2026-08-10T02:41:53Z,220275,500000,700000,38
2026-08-10T02:41:53Z,220276,20700,49000700,21
2026-08-10T02:41:53Z,220277,19800,20000,371
2026-08-10T02:41:53Z,220278,290000700,290000700,1
2026-08-10T02:41:53Z,220279,30500,30700,197
2026-08-10T02:41:53Z,220280,19500,19500,45
2026-08-10T02:41:53Z,220281,18700,18700,66
2026-08-10T02:41:53Z,220282,20400,20400,68
2026-08-10T02:41:53Z,220283,42400,49900,47
2026-08-10T02:41:53Z,220285,290007600,290007600,1
2026-08-10T02:41:53Z,220286,290007600,290007600,1
2026-08-10T02:41:53Z,220287,290007600,290007600,1
2026-08-10T02:41:53Z,220288,290001300,290001300,1
2026-08-10T02:41:53Z,220289,19700,19700,427
2026-08-10T02:41:53Z,220290,559800,619800,38
2026-08-10T02:41:53Z,220291,250000,300000,23
2026-08-10T02:41:53Z,220292,50000,50000,50
2026-08-10T02:41:53Z,220293,49009900,49009900,15
2026-08-10T02:41:53Z,220294,49000400,49000400,14
2026-08-10T02:41:53Z,220295,19800,19900,48
2026-08-10T02:41:53Z,220296,37600,37600,32
2026-08-10T02:41:53Z,220297,19100,19100,58
2026-08-10T02:41:53Z,220298,290007600,290007600,1
2026-08-10T02:41:53Z,220299,20000,20000,51
2026-08-10T02:41:53Z,220300,10000,49000000,20
2026-08-10T02:41:53Z,220301,29900,29900,262
2026-08-10T02:41:53Z,220302,19900,20000,32
2026-08-10T02:41:53Z,220303,49009700,49009800,24
2026-08-10T02:41:53Z,220355,1206100,1386100,87
2026-08-10T02:41:53Z,220361,108800,7300000,79
2026-08-10T02:41:53Z,220362,11000000,11000000,42
2026-08-10T02:41:53Z,220363,1000000,1000000,6
2026-08-10T02:41:53Z,220380,157600,157600,27
2026-08-10T02:41:53Z,220438,49009900,49009900,30
2026-08-10T02:41:53Z,220439,49007600,49007600,10
2026-08-10T02:41:53Z,220440,5500007600,5500007600,1
2026-08-10T02:41:53Z,220441,1500007600,1500007600,1
2026-08-10T02:41:53Z,220442,290007600,290007600,1
2026-08-10T02:41:53Z,220443,290007600,290007600,1
2026-08-10T02:41:53Z,220444,290007600,290007600,1
2026-08-10T02:41:53Z,220445,1500007600,1500007600,1
2026-08-10T02:41:53Z,220447,290009900,290009900,2
2026-08-10T02:41:53Z,220448,990007600,990007600,1
2026-08-10T02:41:53Z,220484,290007600,290007600,1
2026-08-10T02:41:53Z,220486,1500007600,1500007600,1
2026-08-10T02:41:53Z,220491,49009900,49009900,21
2026-08-10T02:41:53Z,220509,4499900,4499900,7
2026-08-10T02:41:53Z,221550,8854500,8855000,58
2026-08-10T02:41:53Z,221754,20000,110000,16371
2026-08-10T02:41:53Z,221756,21800,23000,11918
2026-08-10T02:41:53Z,221757,20000,21500,6613
2026-08-10T02:41:53Z,221758,100000,839900,4250
2026-08-10T02:41:53Z,221763,20000,180000,8907
2026-08-10T02:41:53Z,221853,167200,220000,8149
2026-08-10T02:41:53Z,221854,230400,230400,5657
2026-08-10T02:41:53Z,221855,989100,989200,291
2026-08-10T02:41:53Z,221856,168100,229500,1277
2026-08-10T02:41:53Z,221857,220600,220600,857
2026-08-10T02:41:53Z,221858,999500,999500,589
2026-08-10T02:41:53Z,221859,232100,399500,730
2026-08-10T02:41:53Z,221860,299100,389900,1497
2026-08-10T02:41:53Z,221861,555700,555700,563
2026-08-10T02:41:53Z,221862,297300,1009400,492
2026-08-10T02:41:53Z,221863,317300,394900,445
2026-08-10T02:41:53Z,221864,740000,740000,225
2026-08-10T02:41:53Z,221865,365500,409000,341
2026-08-10T02:41:53Z,221866,441600,499900,806
2026-08-10T02:41:53Z,221867,899800,899800,165
2026-08-10T02:41:53Z,221868,511500,569500,348
2026-08-10T02:41:53Z,221869,568400,642400,808
2026-08-10T02:41:53Z,221870,4490000,4490000,533
2026-08-10T02:41:53Z,221872,250000,349800,52
2026-08-10T02:41:53Z,221873,999900,1484700,164
2026-08-10T02:41:53Z,221874,3912300,4033500,128
2026-08-10T02:41:53Z,221876,64300,64300,131
2026-08-10T02:41:53Z,221877,40000,40000,77
2026-08-10T02:41:53Z,221878,405800,406100,132
2026-08-10T02:41:53Z,221880,68000,68000,406
2026-08-10T02:41:53Z,221881,76400,76400,96
2026-08-10T02:41:53Z,221882,299500,300000,115
2026-08-10T02:41:53Z,221904,739900,740000,97
2026-08-10T02:41:53Z,221905,752300,752300,17
2026-08-10T02:41:53Z,221906,5998900,24998900,12
2026-08-10T02:41:53Z,221908,601200,602400,123
2026-08-10T02:41:53Z,221909,609900,609900,22
2026-08-10T02:41:53Z,221910,5000000,20008900,43
2026-08-10T02:41:53Z,221911,99500,99500,41
2026-08-10T02:41:53Z,221912,99800,4267600,27
2026-08-10T02:41:53Z,221913,49996400,49996400,18
2026-08-10T02:41:53Z,221914,2249700,2249800,55
2026-08-10T02:41:53Z,221915,970200,970200,27
2026-08-10T02:41:53Z,221916,6596400,6596400,24
2026-08-10T02:41:53Z,221917,1005300,1005300,77
2026-08-10T02:41:53Z,221918,149900,149900,38
2026-08-10T02:41:53Z,221919,26249900,26249900,13
2026-08-10T02:41:53Z,221920,5009400,14009400,62
2026-08-10T02:41:53Z,221921,450000,450000,45
2026-08-10T02:41:53Z,221922,42991600,42991600,20
2026-08-10T02:41:53Z,221923,384900,384900,17
2026-08-10T02:41:53Z,221924,3423200,3529100,25
2026-08-10T02:41:53Z,221925,44234700,44234700,42
2026-08-10T02:41:53Z,221926,401600,401600,27
2026-08-10T02:41:53Z,221927,450000,450000,28
2026-08-10T02:41:53Z,221928,1556800,1557100,15
2026-08-10T02:41:53Z,221932,371100,371100,44
2026-08-10T02:41:53Z,221933,399900,400000,19
2026-08-10T02:41:53Z,221934,4463000,4580800,17
2026-08-10T02:41:53Z,221935,539900,539900,23
2026-08-10T02:41:53Z,221936,1008200,1008300,16
2026-08-10T02:41:53Z,221937,6749300,6749300,17
2026-08-10T02:41:53Z,221938,499300,499300,45
2026-08-10T02:41:53Z,221939,1500000,1500000,15
2026-08-10T02:41:53Z,221940,2740000,2740000,9
2026-08-10T02:41:53Z,221941,622100,622100,65
2026-08-10T02:41:53Z,221942,2889100,9080300,53
2026-08-10T02:41:53Z,221943,199000000,199000000,8
2026-08-10T02:41:53Z,221949,39990000,39990000,19
2026-08-10T02:41:53Z,221953,3009800,4704500,121
2026-08-10T02:41:53Z,221954,1759300,1759300,529
2026-08-10T02:41:53Z,221955,7939300,7949500,408
2026-08-10T02:41:53Z,221959,921700,921700,448
2026-08-10T02:41:53Z,222417,677300,799500,992
2026-08-10T02:41:53Z,222418,665700,665700,2182
2026-08-10T02:41:53Z,222419,1259500,1259600,498
2026-08-10T02:41:53Z,222420,1449800,1506900,227
2026-08-10T02:41:53Z,222421,1487500,1487500,2033
2026-08-10T02:41:53Z,222422,1802000,1802000,331
2026-08-10T02:41:53Z,222423,609900,630000,1831
2026-08-10T02:41:53Z,222424,601700,601800,1248
2026-08-10T02:41:53Z,222425,950000,950300,379
2026-08-10T02:41:53Z,222426,1920100,1920100,128
2026-08-10T02:41:53Z,222427,1237000,1237000,533
2026-08-10T02:41:53Z,222428,1289600,1289800,501
2026-08-10T02:41:53Z,222499,33600,33600,1029
2026-08-10T02:41:53Z,222500,215200,255200,245
2026-08-10T02:41:53Z,222501,2580000,2580000,210
2026-08-10T02:41:53Z,222502,156900,157700,113
2026-08-10T02:41:53Z,222503,38500,39200,860
2026-08-10T02:41:53Z,222504,35000,35000,652
2026-08-10T02:41:53Z,222505,1770000,2327300,37
2026-08-10T02:41:53Z,222506,1503900,1503900,178
2026-08-10T02:41:53Z,222507,1799900,1799900,151
2026-08-10T02:41:53Z,222508,35500,35500,427
2026-08-10T02:41:53Z,222509,37900,38000,388
2026-08-10T02:41:53Z,222510,35100,35100,115
2026-08-10T02:41:53Z,222511,123100,130000,112
2026-08-10T02:41:53Z,222512,761200,761200,354
2026-08-10T02:41:53Z,222513,1047500,1047500,50
2026-08-10T02:41:53Z,222514,190000,197200,218
2026-08-10T02:41:53Z,222515,215400,255400,269
2026-08-10T02:41:53Z,222516,2509800,2509800,176
2026-08-10T02:41:53Z,222520,89700,89800,107
2026-08-10T02:41:53Z,222523,1190000,1194000,175
2026-08-10T02:41:53Z,222533,840000,840000,412
2026-08-10T02:41:53Z,222555,89000,104300,3956
2026-08-10T02:41:53Z,222556,150800,151100,3352
2026-08-10T02:41:53Z,222557,433300,433300,185
2026-08-10T02:41:53Z,222558,604000,654000,500
2026-08-10T02:41:53Z,222559,390000,390000,1280
2026-08-10T02:41:53Z,222560,659500,659500,652
2026-08-10T02:41:53Z,222579,3400100,3400100,111
2026-08-10T02:41:53Z,222580,3008500,3008500,138
2026-08-10T02:41:53Z,222581,1661000,1661000,56
2026-08-10T02:41:53Z,222582,350000,350000,80
2026-08-10T02:41:53Z,222583,2377500,2512100,439
2026-08-10T02:41:53Z,222584,2180000,2190000,32
2026-08-10T02:41:53Z,222585,107500,107500,85
2026-08-10T02:41:53Z,222586,1800000,3289300,84
2026-08-10T02:41:53Z,222587,8905000,9005000,266
2026-08-10T02:41:53Z,222588,110000,2558000,183
2026-08-10T02:41:53Z,222589,407500,407500,276
2026-08-10T02:41:53Z,222590,2400000,2400000,104
2026-08-10T02:41:53Z,222591,219900,219900,276
2026-08-10T02:41:53Z,222592,1499900,3225200,96
2026-08-10T02:41:53Z,222593,5048900,5048900,113
2026-08-10T02:41:53Z,222594,945600,945600,63
2026-08-10T02:41:53Z,222595,2500000,3092300,93
2026-08-10T02:41:53Z,222596,20009600,20009600,236
2026-08-10T02:41:53Z,222597,3000000,3000000,18
2026-08-10T02:41:53Z,222598,3999700,3999800,40
2026-08-10T02:41:53Z,222599,2880000,2880000,32
2026-08-10T02:41:53Z,222600,100000000,100000000,11
2026-08-10T02:41:53Z,222601,1521200,1521200,33
2026-08-10T02:41:53Z,222602,3009900,3009900,60
2026-08-10T02:41:53Z,222603,35366800,35366800,26
2026-08-10T02:41:53Z,222604,3009700,3009800,51
2026-08-10T02:41:53Z,222605,4930400,4930400,35
2026-08-10T02:41:53Z,222606,680000,680000,30
2026-08-10T02:41:53Z,222607,9987500,9987500,69
2026-08-10T02:41:53Z,222608,9989800,9989800,54
2026-08-10T02:41:53Z,222609,91700,97900,893
2026-08-10T02:41:53Z,222610,247300,247500,3363
2026-08-10T02:41:53Z,222611,999200,999400,258
2026-08-10T02:41:53Z,222612,23500,23500,1664
2026-08-10T02:41:53Z,222613,29700,29900,6246
2026-08-10T02:41:53Z,222614,75000,115900,6014
2026-08-10T02:41:53Z,222615,340000,350000,725
2026-08-10T02:41:53Z,222616,349700,349900,2145
2026-08-10T02:41:53Z,222617,435500,435500,377
2026-08-10T02:41:53Z,222618,27400,28300,23660
2026-08-10T02:41:53Z,222619,29500,29700,5787
2026-08-10T02:41:53Z,222620,115400,115700,2059
2026-08-10T02:41:53Z,222626,5001000,20001000,20
2026-08-10T02:41:53Z,222627,1055800,1092500,45
2026-08-10T02:41:53Z,222628,950000,950000,22
2026-08-10T02:41:53Z,222629,650000,700000,233
2026-08-10T02:41:53Z,222630,2199200,2199400,32
2026-08-10T02:41:53Z,222631,1889700,1889800,63
2026-08-10T02:41:53Z,222632,2008600,2008600,16
2026-08-10T02:41:53Z,222633,498300,498300,26
2026-08-10T02:41:53Z,222634,1880000,1880000,52
2026-08-10T02:41:53Z,222635,900000,900000,19
2026-08-10T02:41:53Z,222636,3339500,3339500,118
2026-08-10T02:41:53Z,222637,2000000,2000000,27
2026-08-10T02:41:53Z,222638,88880000,88880000,6
2026-08-10T02:41:53Z,222639,3837800,4130700,53
2026-08-10T02:41:53Z,222640,11652300,11652300,63
2026-08-10T02:41:53Z,222641,4750000,4750000,22
2026-08-10T02:41:53Z,222642,1055800,1068300,33
2026-08-10T02:41:53Z,222643,2999500,2999500,71
2026-08-10T02:41:53Z,222644,5000000,22220000,21
2026-08-10T02:41:53Z,222645,3791900,4210900,192
2026-08-10T02:41:53Z,222646,2990000,2990000,43
2026-08-10T02:41:53Z,222654,109600,629800,1349
2026-08-10T02:41:53Z,222655,69700,69700,191
2026-08-10T02:41:53Z,222656,54600,54700,177
2026-08-10T02:41:53Z,222657,99600,99600,209
2026-08-10T02:41:53Z,222658,90000,90000,182
2026-08-10T02:41:53Z,222659,71800,71900,449
2026-08-10T02:41:53Z,222660,89700,89700,241
2026-08-10T02:41:53Z,222661,59800,69500,512
2026-08-10T02:41:53Z,222663,300000,300000,61
2026-08-10T02:41:53Z,222664,80000,80000,67
2026-08-10T02:41:53Z,222665,59800,59800,113
2026-08-10T02:41:53Z,222666,60000,60000,101
2026-08-10T02:41:53Z,222667,60000,60000,104
2026-08-10T02:41:53Z,222668,500000,500000,153
2026-08-10T02:41:53Z,222669,90000,90000,336
2026-08-10T02:41:53Z,222670,99400,99400,65
2026-08-10T02:41:53Z,222672,221100,221100,230
2026-08-10T02:41:53Z,222673,79900,84700,183
2026-08-10T02:41:53Z,222674,89900,89900,238
2026-08-10T02:41:53Z,222675,104400,104400,213
2026-08-10T02:41:53Z,222676,109100,196600,2213
2026-08-10T02:41:53Z,222677,89800,89800,217
2026-08-10T02:41:53Z,222678,90000,90000,224
2026-08-10T02:41:53Z,222679,119800,119800,221
2026-08-10T02:41:53Z,222681,320000,350000,652
2026-08-10T02:41:53Z,222682,99900,100000,2526
2026-08-10T02:41:53Z,222683,99900,100000,1874
2026-08-10T02:41:53Z,222684,100000,100000,573
2026-08-10T02:41:53Z,222685,100000,100000,950
2026-08-10T02:41:53Z,222686,144900,144900,164
2026-08-10T02:41:53Z,222687,100000,100000,620
2026-08-10T02:41:53Z,222688,99900,149800,597
2026-08-10T02:41:53Z,222695,600,800,16054
2026-08-10T02:41:53Z,222696,300,300,9749
2026-08-10T02:41:53Z,222697,200,200,18047
2026-08-10T02:41:53Z,222699,300,300,10767
2026-08-10T02:41:53Z,222700,500,1000,10424
2026-08-10T02:41:53Z,222701,300,300,32568
2026-08-10T02:41:53Z,222702,210000,990000,251
2026-08-10T02:41:53Z,222703,5000,10000,2083
2026-08-10T02:41:53Z,222704,800,20800,1444
2026-08-10T02:41:53Z,222705,80100,80100,298
2026-08-10T02:41:53Z,222706,118900,118900,61
2026-08-10T02:41:53Z,222707,8900,10000,111
2026-08-10T02:41:53Z,222708,59500,59500,414
2026-08-10T02:41:53Z,222709,105500,108400,130
2026-08-10T02:41:53Z,222710,5700,5700,552
2026-08-10T02:41:53Z,222711,9700,9800,266
2026-08-10T02:41:53Z,222712,3600,3700,256
2026-08-10T02:41:53Z,222713,7000,9800,245
2026-08-10T02:41:53Z,222714,900000,900000,61
2026-08-10T02:41:53Z,222715,50000,50000,179
2026-08-10T02:41:53Z,222716,245500,245500,89
2026-08-10T02:41:53Z,222717,111100,111100,177
2026-08-10T02:41:53Z,222718,575400,9998300,50
2026-08-10T02:41:53Z,222719,19800,20000,163
2026-08-10T02:41:53Z,222720,50000,1156100,1027
2026-08-10T02:41:53Z,222721,80000,90000,243
2026-08-10T02:41:53Z,222722,80000,80000,301
2026-08-10T02:41:53Z,222723,39900,59900,791
2026-08-10T02:41:53Z,222724,98500,98500,77
2026-08-10T02:41:53Z,222725,199900,199900,185
2026-08-10T02:41:53Z,222726,8800,8800,599
2026-08-10T02:41:53Z,222727,50000,51900,63
2026-08-10T02:41:53Z,222728,4900,8000,10045
2026-08-10T02:41:53Z,222729,35000,9990000,48
2026-08-10T02:41:53Z,222730,37500,37500,117
2026-08-10T02:41:53Z,222731,390000,390000,2362
2026-08-10T02:41:53Z,222732,1500000,1500000,68
2026-08-10T02:41:53Z,222733,2500000,2500000,245
2026-08-10T02:41:53Z,222735,9000,9100,689
2026-08-10T02:41:53Z,222736,48600,48600,513
2026-08-10T02:41:53Z,222737,60000,70000,3063
2026-08-10T02:41:53Z,222738,1600,1600,90698
2026-08-10T02:41:53Z,222739,9900,11800,4554
2026-08-10T02:41:53Z,222741,85900,86500,8671
2026-08-10T02:41:53Z,222744,8500,8500,1668
2026-08-10T02:41:53Z,222745,68500,68500,5047
2026-08-10T02:41:53Z,222747,800000,800000,85
2026-08-10T02:41:53Z,222748,5784000,9980000,43
2026-08-10T02:41:53Z,222749,9999500,9999500,45
2026-08-10T02:41:53Z,222784,445900,445900,429
2026-08-10T02:41:53Z,222789,1039900,1039900,1107
2026-08-10T02:41:53Z,222790,899900,899900,3581
2026-08-10T02:41:53Z,222791,1000000,1209900,1073
2026-08-10T02:41:53Z,222792,500000,500000,2974
2026-08-10T02:41:53Z,222793,489800,490000,7829
2026-08-10T02:41:53Z,222794,830000,830000,865
2026-08-10T02:41:53Z,222795,20100,25000,3284
2026-08-10T02:41:53Z,222796,25000,25000,38681
2026-08-10T02:41:53Z,222797,103300,248000,1945
2026-08-10T02:41:53Z,222798,1902400,1902400,191
2026-08-10T02:41:53Z,222799,1549700,1549700,724
2026-08-10T02:41:53Z,222800,1980000,2000000,987
2026-08-10T02:41:53Z,222801,9000000,9000000,270
2026-08-10T02:41:53Z,222802,899900,899900,124
2026-08-10T02:41:53Z,222803,1408000,1408000,425
2026-08-10T02:41:53Z,222804,148900,159900,10532
2026-08-10T02:41:53Z,222805,107300,109300,8747
2026-08-10T02:41:53Z,222806,108000,111900,14517
2026-08-10T02:41:53Z,222868,112800,112800,457
2026-08-10T02:41:53Z,222869,155500,156500,341
2026-08-10T02:41:53Z,222870,159800,171000,50
2026-08-10T02:41:53Z,222871,149100,175500,33
2026-08-10T02:41:53Z,222872,160000,170000,43
2026-08-10T02:41:53Z,222873,4425800,4425800,57
2026-08-10T02:41:53Z,222876,57500,57600,261
2026-08-10T02:41:53Z,222877,230000,231600,135
2026-08-10T02:41:53Z,222878,241300,241300,280
2026-08-10T02:41:53Z,222879,28800,29900,183
2026-08-10T02:41:53Z,222880,94800,266700,257
2026-08-10T02:41:53Z,222881,228200,228200,236
2026-08-10T02:41:53Z,222882,11500,11500,1768
2026-08-10T02:41:53Z,222883,143000,143000,933
2026-08-10T02:41:53Z,222884,196000,196000,75
2026-08-10T02:41:53Z,222885,99900,99900,185
2026-08-10T02:41:53Z,222886,167000,167000,146
2026-08-10T02:41:53Z,222887,281600,308400,93
2026-08-10T02:41:53Z,222888,500000,199905100,36
2026-08-10T02:41:53Z,222889,649500,649500,79
2026-08-10T02:41:53Z,222890,3501400,3501400,225
2026-08-10T02:41:53Z,222891,2504400,199998800,7
2026-08-10T02:41:53Z,222892,5730000,199000000,10
2026-08-10T02:41:53Z,222893,1440000,1440100,43
2026-08-10T02:41:53Z,222894,2900000,2900000,15
2026-08-10T02:41:53Z,222895,9780300,199999700,9
2026-08-10T02:41:53Z,222896,907700,907700,50
2026-08-10T02:41:53Z,222906,1400000,1400000,27
2026-08-10T02:41:53Z,223512,600,7500,339587
2026-08-10T02:41:53Z,223618,3003000,3003000,23
2026-08-10T02:41:53Z,223649,1999900,1999900,29
2026-08-10T02:41:53Z,223650,5000000,5000000,35
2026-08-10T02:41:53Z,223651,45525900,45525900,38
2026-08-10T02:41:53Z,223652,4900000,4900000,135
2026-08-10T02:41:53Z,223653,3299900,3299900,20
2026-08-10T02:41:53Z,223654,6000000,6000000,16
2026-08-10T02:41:53Z,223655,3000000,3000000,97
2026-08-10T02:41:53Z,223656,2000000,2000000,35
2026-08-10T02:41:53Z,223657,77700,83300,126
2026-08-10T02:41:53Z,223658,699000,699400,62
2026-08-10T02:41:53Z,223659,220000,220000,156
2026-08-10T02:41:53Z,223660,1509600,3882100,68
2026-08-10T02:41:53Z,223661,1550000,1550000,92
2026-08-10T02:41:53Z,223662,3400000,3990000,36
2026-08-10T02:41:53Z,223663,54000,54000,453
2026-08-10T02:41:53Z,223664,550000,550000,74
2026-08-10T02:41:53Z,223665,1089400,1089400,122
2026-08-10T02:41:53Z,223666,52800,52800,72
2026-08-10T02:41:53Z,223667,90000,502600,116
2026-08-10T02:41:53Z,223668,2006600,2006600,94
2026-08-10T02:41:53Z,223669,51300,51300,61
2026-08-10T02:41:53Z,223670,55000,120000,104
2026-08-10T02:41:53Z,223671,156600,199900,32
2026-08-10T02:41:53Z,223672,9990000,9990000,78
2026-08-10T02:41:53Z,223673,889900,889900,61
2026-08-10T02:41:53Z,223674,8419800,8420000,83
2026-08-10T02:41:53Z,223675,650000,3882100,73
2026-08-10T02:41:53Z,223676,1660000,1780000,43
2026-08-10T02:41:53Z,223677,3009700,3009700,59
2026-08-10T02:41:53Z,223678,550000,690000,33
2026-08-10T02:41:53Z,223679,3482600,3482600,56
2026-08-10T02:41:53Z,223680,6660000,6660000,41
2026-08-10T02:41:53Z,223681,27000000,27000000,8
2026-08-10T02:41:53Z,223682,199004100,499999900,11
2026-08-10T02:41:53Z,223683,30007500,30007600,27
2026-08-10T02:41:53Z,223684,2000000,2350000,36
2026-08-10T02:41:53Z,223685,17886800,17886800,51
2026-08-10T02:41:53Z,223686,6000000,6000000,19
2026-08-10T02:41:53Z,223687,19991500,19991500,14
2026-08-10T02:41:53Z,223688,10999900,11000000,32
2026-08-10T02:41:53Z,223689,28889800,28889800,31
2026-08-10T02:41:53Z,223690,199000800,199000800,11
2026-08-10T02:41:53Z,223691,199909500,199909500,12
2026-08-10T02:41:53Z,223692,14899900,15000000,53
2026-08-10T02:41:53Z,223693,199990000,499999900,7
2026-08-10T02:41:53Z,223694,2300000,2300000,24
2026-08-10T02:41:53Z,223695,7894800,199009900,9
2026-08-10T02:41:53Z,223696,199990000,499999900,9
2026-08-10T02:41:53Z,223697,1500000,1500000,20
2026-08-10T02:41:53Z,223698,4506900,5006900,16
2026-08-10T02:41:53Z,223699,3929900,3929900,25
2026-08-10T02:41:53Z,223700,2504000,3004000,23
2026-08-10T02:41:53Z,223701,5999900,6000000,17
2026-08-10T02:41:53Z,223702,5000000,5000000,8
2026-08-10T02:41:53Z,223703,5000000,39909900,17
2026-08-10T02:41:53Z,223704,5490000,5500000,32
2026-08-10T02:41:53Z,223705,3338700,6119400,21
2026-08-10T02:41:53Z,223706,2389900,2400000,41
2026-08-10T02:41:53Z,223707,4994500,4994600,18
2026-08-10T02:41:53Z,223708,50500,50500,75
2026-08-10T02:41:53Z,223709,110000,942000,53
2026-08-10T02:41:53Z,223710,700000,700000,47
2026-08-10T02:41:53Z,223711,5000000,8999900,18
2026-08-10T02:41:53Z,223712,4992600,6652700,72
2026-08-10T02:41:53Z,223713,149900000,149900000,24
2026-08-10T02:41:53Z,223714,55000,55000,128
2026-08-10T02:41:53Z,223715,87500,87500,65
2026-08-10T02:41:53Z,223716,650000,700000,78
2026-08-10T02:41:53Z,223717,39650000,39650000,13
2026-08-10T02:41:53Z,223718,2300000,2300000,47
2026-08-10T02:41:53Z,223719,10009800,10009900,26
2026-08-10T02:41:53Z,223720,53100,53200,106
2026-08-10T02:41:53Z,223721,180000,200000,65
2026-08-10T02:41:53Z,223722,440000,440000,34
2026-08-10T02:41:53Z,223723,990000,990000,55
2026-08-10T02:41:53Z,223724,2000000,2000000,42
2026-08-10T02:41:53Z,223725,5818900,5998900,24
2026-08-10T02:41:53Z,223726,52100,52100,34
2026-08-10T02:41:53Z,223727,1805500,1805600,98
2026-08-10T02:41:53Z,223728,759800,759800,48
2026-08-10T02:41:53Z,223729,1220000,5000000,47
2026-08-10T02:41:53Z,223730,1499900,1499900,49
2026-08-10T02:41:53Z,223731,11000000,11000000,64
2026-08-10T02:41:53Z,223732,77800,77800,57
2026-08-10T02:41:53Z,223733,449400,459400,53
2026-08-10T02:41:53Z,223734,600000,600000,114
2026-08-10T02:41:53Z,223735,6009600,6009600,34
2026-08-10T02:41:53Z,223736,5900000,5900000,27
2026-08-10T02:41:53Z,223737,12795600,12795600,24
2026-08-10T02:41:53Z,223738,80000,80000,47
2026-08-10T02:41:53Z,223739,1189900,1199900,29
2026-08-10T02:41:53Z,223740,700000,700000,161
2026-08-10T02:41:53Z,223741,150200,150200,63
2026-08-10T02:41:53Z,223742,150200,150200,63
2026-08-10T02:41:53Z,223743,150100,150100,63
2026-08-10T02:41:53Z,223744,150100,150100,63
2026-08-10T02:41:53Z,223745,641300,39909700,32
2026-08-10T02:41:53Z,223746,190000,190000,68
2026-08-10T02:41:53Z,223747,21477400,21477400,29
2026-08-10T02:41:53Z,223748,39989200,39989200,16
2026-08-10T02:41:53Z,223749,9990000,23000000,27
2026-08-10T02:41:53Z,223750,199990900,199990900,13
2026-08-10T02:41:53Z,223751,51500,51900,72
2026-08-10T02:41:53Z,223752,3731700,3731700,258
2026-08-10T02:41:53Z,223753,25000000,25000000,42
2026-08-10T02:41:53Z,223754,199500000,199500000,7
2026-08-10T02:41:53Z,223755,500000,500000,58
2026-08-10T02:41:53Z,223756,12642800,12642800,47
2026-08-10T02:41:53Z,223757,1099900,1100000,76
2026-08-10T02:41:53Z,223758,4900000,10895700,52
2026-08-10T02:41:53Z,223759,4600000,4600000,11
2026-08-10T02:41:53Z,223760,490000,490000,34
2026-08-10T02:41:53Z,223761,5247000,7120000,65
2026-08-10T02:41:53Z,223762,6802500,6812500,60
2026-08-10T02:41:53Z,223763,880000,880000,36
2026-08-10T02:41:53Z,223764,4762600,4762600,122
2026-08-10T02:41:53Z,223765,4003800,4003900,31
2026-08-10T02:41:53Z,223766,124300,124300,30
2026-08-10T02:41:53Z,223767,7790000,7790000,28
2026-08-10T02:41:53Z,223768,3900000,3900000,58
2026-08-10T02:41:53Z,223770,15408800,15408800,19
2026-08-10T02:41:53Z,223771,14002700,15002700,15
2026-08-10T02:41:53Z,223772,6370000,6500000,10
2026-08-10T02:41:53Z,223773,1098900,1098900,24
2026-08-10T02:41:53Z,223774,3200000,3300000,14
2026-08-10T02:41:53Z,223775,9989900,9990000,58
2026-08-10T02:41:53Z,223776,30006600,32716600,39
2026-08-10T02:41:53Z,223777,505000,985000,24
2026-08-10T02:41:53Z,223778,7005000,7005100,24
2026-08-10T02:41:53Z,223779,6459100,6459100,32
2026-08-10T02:41:53Z,223780,8999700,8999700,19
2026-08-10T02:41:53Z,223781,7007200,7007300,34
2026-08-10T02:41:53Z,223782,7990000,7990000,16
2026-08-10T02:41:53Z,223783,7500000,7900000,40
2026-08-10T02:41:53Z,223784,7000000,7009800,120
2026-08-10T02:41:53Z,223785,591500,591500,10
2026-08-10T02:41:53Z,223786,3300000,3309900,27
2026-08-10T02:41:53Z,223787,19619900,19619900,45
2026-08-10T02:41:53Z,223788,10000000,10000000,25
2026-08-10T02:41:53Z,223789,3000000,3000000,46
2026-08-10T02:41:53Z,223790,17770000,17770000,67
2026-08-10T02:41:53Z,223791,2380600,2380600,18
2026-08-10T02:41:53Z,223792,2996200,2996200,41
2026-08-10T02:41:53Z,223793,20005000,20005000,31
2026-08-10T02:41:53Z,223794,39250000,39449800,16
2026-08-10T02:41:53Z,223795,1400000,1500000,25
2026-08-10T02:41:53Z,223796,29999900,29999900,38
2026-08-10T02:41:53Z,223798,199000000,199000000,5
2026-08-10T02:41:53Z,223799,80009900,80009900,37
2026-08-10T02:41:53Z,223800,75009900,75009900,24
2026-08-10T02:41:53Z,223893,30000,30000,75
2026-08-10T02:41:53Z,223897,180009600,180009600,3
2026-08-10T02:41:53Z,223898,309800,649900,27
2026-08-10T02:41:53Z,223899,1008800,1008800,6
2026-08-10T02:41:53Z,223900,15000000,20000000,54
2026-08-10T02:41:53Z,223967,9800000,9800000,30
2026-08-10T02:41:53Z,223968,407000,407000,228
2026-08-10T02:41:53Z,223969,207700,207700,7303
2026-08-10T02:41:53Z,223970,9984600,9984600,45
2026-08-10T02:41:53Z,223971,240000,240000,7991
2026-08-10T02:41:53Z,223972,499800,499800,717
2026-08-10T02:41:53Z,223973,299900,299900,68
2026-08-10T02:41:53Z,223974,240600,240600,8800
2026-08-10T02:41:53Z,223975,1558300,9806900,50
2026-08-10T02:41:53Z,223976,319900,319900,897
2026-08-10T02:41:53Z,223977,9900,10000,9676
2026-08-10T02:41:53Z,223979,4999900,6731600,45
2026-08-10T02:41:53Z,224105,149900,149900,418
2026-08-10T02:41:53Z,224106,29400,29500,1474
2026-08-10T02:41:53Z,224107,29000,29100,2035
2026-08-10T02:41:53Z,224108,990000,990000,74
2026-08-10T02:41:53Z,224109,495000,495000,1443
2026-08-10T02:41:53Z,224110,495000,495000,439
2026-08-10T02:41:53Z,224111,32400,32500,607
2026-08-10T02:41:53Z,224112,80000,80000,206
2026-08-10T02:41:53Z,224113,500000,500000,141
2026-08-10T02:41:53Z,224153,150000000,150000000,8
2026-08-10T02:41:53Z,224154,239700,239800,17
2026-08-10T02:41:53Z,224155,999900,999900,16
2026-08-10T02:41:53Z,224173,777700,879800,78
2026-08-10T02:41:53Z,224174,439100,439100,137
2026-08-10T02:41:53Z,224175,3990000,3990000,45
2026-08-10T02:41:53Z,224176,1140000,1140000,837
2026-08-10T02:41:53Z,224177,774700,774700,407
2026-08-10T02:41:53Z,224178,623600,623600,277
2026-08-10T02:41:53Z,224300,50000,60000,83
2026-08-10T02:41:53Z,224301,59600,59700,68
2026-08-10T02:41:53Z,224302,79800,79800,40
2026-08-10T02:41:53Z,224303,230000,230000,105
2026-08-10T02:41:53Z,224304,39906600,39906600,12
2026-08-10T02:41:53Z,224305,220000,220000,52
2026-08-10T02:41:53Z,224306,819100,819100,33
2026-08-10T02:41:53Z,224307,999200,999200,93
2026-08-10T02:41:53Z,224308,1275000,2411300,93
2026-08-10T02:41:53Z,224309,110000,110000,142
2026-08-10T02:41:53Z,224310,59600,819200,85
2026-08-10T02:41:53Z,224311,249900,249900,81
2026-08-10T02:41:53Z,224312,50000,792300,75
2026-08-10T02:41:53Z,224313,864500,864500,89
2026-08-10T02:41:53Z,224314,639300,649800,112
2026-08-10T02:41:53Z,224315,1275000,2438100,103
2026-08-10T02:41:53Z,224316,45400,45400,45
2026-08-10T02:41:53Z,224317,49900,49900,77
2026-08-10T02:41:53Z,224318,51800,51800,138
2026-08-10T02:41:53Z,224319,1275000,2411300,76
2026-08-10T02:41:53Z,224320,109500,819200,93
2026-08-10T02:41:53Z,224321,990000,990000,39
2026-08-10T02:41:53Z,224322,290000,290000,104
2026-08-10T02:41:53Z,224323,2894800,2905400,94
2026-08-10T02:41:53Z,224324,745300,764200,62
2026-08-10T02:41:53Z,224325,400000,670000,71
2026-08-10T02:41:53Z,224326,400000,833400,98
2026-08-10T02:41:53Z,224327,5350000,5350000,93
2026-08-10T02:41:53Z,224328,337700,777700,22
2026-08-10T02:41:53Z,224329,870000,870000,38
2026-08-10T02:41:53Z,224330,504900,39999900,31
2026-08-10T02:41:53Z,224331,745300,2560000,44
2026-08-10T02:41:53Z,224332,3500000,3500000,54
2026-08-10T02:41:53Z,224333,409900,833400,157
2026-08-10T02:41:53Z,224334,110000,119900,82
2026-08-10T02:41:53Z,224335,210000,833400,101
2026-08-10T02:41:53Z,224336,700000,700000,26
2026-08-10T02:41:53Z,224337,1129900,1387000,62
2026-08-10T02:41:53Z,224338,250900,251000,69
2026-08-10T02:41:53Z,224339,500300,500300,53
2026-08-10T02:41:53Z,224340,491300,860200,41
2026-08-10T02:41:53Z,224341,724900,724900,98
2026-08-10T02:41:53Z,224342,489200,860200,97
2026-08-10T02:41:53Z,224343,16700000,16700000,58
2026-08-10T02:41:53Z,224344,745300,1000000,73
2026-08-10T02:41:53Z,224345,745300,772400,18
2026-08-10T02:41:53Z,224346,170000,860200,71
2026-08-10T02:41:53Z,224347,400000,860200,134
2026-08-10T02:41:53Z,224348,2104500,2630100,189
2026-08-10T02:41:53Z,224349,3950000,3950000,27
2026-08-10T02:41:53Z,224350,3910500,3910500,299
2026-08-10T02:41:53Z,224351,3950000,3950000,178
2026-08-10T02:41:53Z,224352,3950000,3950000,15
2026-08-10T02:41:53Z,224353,1914500,1914500,57
2026-08-10T02:41:53Z,224354,3950000,3950000,15
2026-08-10T02:41:53Z,224355,3950000,3950000,30
2026-08-10T02:41:53Z,224356,39990000,39990000,27
2026-08-10T02:41:53Z,224357,3950000,3950000,41
2026-08-10T02:41:53Z,224358,2833900,2833900,84
2026-08-10T02:41:53Z,224359,3950000,3950000,22
2026-08-10T02:41:53Z,224360,1191200,1213400,45
2026-08-10T02:41:53Z,224361,3333700,3333700,38
2026-08-10T02:41:53Z,224362,1650000,1650000,48
2026-08-10T02:41:53Z,224363,3950000,3950000,19
2026-08-10T02:41:53Z,224364,2000000,39994900,20
2026-08-10T02:41:53Z,224365,3950000,3950000,14
2026-08-10T02:41:53Z,224366,2006300,2006300,23
2026-08-10T02:41:53Z,224367,2315500,2469900,187
2026-08-10T02:41:53Z,224368,39900000,39900000,32
2026-08-10T02:41:53Z,224369,39990000,39990000,18
2026-08-10T02:41:53Z,224370,3950000,3950000,14
2026-08-10T02:41:53Z,224371,3950000,3950000,151
2026-08-10T02:41:53Z,224440,18000,137700,297
2026-08-10T02:41:53Z,224441,10000,10000,602
2026-08-10T02:41:53Z,224442,79900,89900,412
2026-08-10T02:41:53Z,224572,555000,580000,1337
2026-08-10T02:41:53Z,224762,255800,255800,290
2026-08-10T02:41:53Z,224764,700,800,85298
2026-08-10T02:41:53Z,224800,99500,99700,978
2026-08-10T02:41:53Z,224801,49500,49700,2162
2026-08-10T02:41:53Z,224802,24400,24500,5012
2026-08-10T02:41:53Z,224803,49600,49800,1814
2026-08-10T02:41:53Z,224804,9800,10000,1513
2026-08-10T02:41:53Z,224805,4400,9600,20342
2026-08-10T02:41:53Z,224824,749900,839800,1150
2026-08-10T02:41:53Z,224826,360000,360900,4503
2026-08-10T02:41:53Z,224828,60200,60500,22534
2026-08-10T02:41:53Z,224832,200000,247000,11035
2026-08-10T02:41:53Z,224833,181200,182500,35902
2026-08-10T02:41:53Z,224834,300000,350000,4204
2026-08-10T02:41:53Z,225241,13000,13500,68
2026-08-10T02:41:53Z,225242,11000,11000,48
2026-08-10T02:41:53Z,225253,9993400,9993400,30
2026-08-10T02:41:53Z,225416,49009900,49009900,20
2026-08-10T02:41:53Z,225417,14603200,49003200,15
2026-08-10T02:41:53Z,225418,49005000,49005000,20
2026-08-10T02:41:53Z,225419,24893000,49000100,21
2026-08-10T02:41:53Z,225420,49000600,49000600,20
2026-08-10T02:41:53Z,225421,49000600,49000600,10
2026-08-10T02:41:53Z,225422,49000600,49000600,25
2026-08-10T02:41:53Z,225423,49009900,49009900,25
2026-08-10T02:41:53Z,225424,49009500,49009500,24
2026-08-10T02:41:53Z,225425,49000600,49000600,20
2026-08-10T02:41:53Z,225426,290000600,290000600,2
2026-08-10T02:41:53Z,225427,49007900,49007900,21
2026-08-10T02:41:53Z,225428,49009900,49009900,20
2026-08-10T02:41:53Z,225429,49009900,49009900,22
2026-08-10T02:41:53Z,225430,290000600,290000600,1
2026-08-10T02:41:53Z,225543,290003900,290003900,1
2026-08-10T02:41:53Z,225565,1600,5400,8856
2026-08-10T02:41:53Z,225566,1000,1000,5751
2026-08-10T02:41:53Z,225567,700,6300,35345
2026-08-10T02:41:53Z,225568,3200,5700,12143
2026-08-10T02:41:53Z,225569,600,1000,76911
2026-08-10T02:41:53Z,225592,60000,60000,429
2026-08-10T02:41:53Z,225670,900,900,24015
2026-08-10T02:41:53Z,225671,4200,5000,1727
2026-08-10T02:41:53Z,225672,229800,259000,1285
2026-08-10T02:41:53Z,225768,808200,9990000,33
2026-08-10T02:41:53Z,225784,9908700,9908700,36
2026-08-10T02:41:53Z,225785,1999900,49000000,29
2026-08-10T02:41:53Z,225786,49009900,49009900,15
2026-08-10T02:41:53Z,225787,49009900,49009900,14
2026-08-10T02:41:53Z,225788,290001100,290001100,1
2026-08-10T02:41:53Z,225789,1500003300,1500003300,2
2026-08-10T02:41:53Z,225790,29900,49000000,22
2026-08-10T02:41:53Z,225791,199900,200000,19
2026-08-10T02:41:53Z,225792,49009900,49009900,17
2026-08-10T02:41:53Z,225793,290000000,290000000,1
2026-08-10T02:41:53Z,225794,290006600,290006600,1
2026-08-10T02:41:53Z,225795,49009500,49009500,20
2026-08-10T02:41:53Z,225796,49000600,49000600,20
2026-08-10T02:41:53Z,225797,1500000500,1500000500,1
2026-08-10T02:41:53Z,225798,5500001600,5500001600,1
2026-08-10T02:41:53Z,225799,5500008900,5500008900,1
2026-08-10T02:41:53Z,225800,290005800,290005800,1
2026-08-10T02:41:53Z,225801,11750000,12000000,35
2026-08-10T02:41:53Z,225802,11100,49001100,28
2026-08-10T02:41:53Z,225803,1509400,49009500,36
2026-08-10T02:41:53Z,225804,5007500,49007600,24
2026-08-10T02:41:53Z,225807,809500,49009500,27
2026-08-10T02:41:53Z,225809,49002000,49002000,27
2026-08-10T02:41:53Z,225810,19001300,49001300,15
2026-08-10T02:41:53Z,225811,290008900,290008900,1
2026-08-10T02:41:53Z,225812,290009500,290009500,1
2026-08-10T02:41:53Z,225813,49000000,49000000,25
2026-08-10T02:41:53Z,225814,449900,449900,43
2026-08-10T02:41:53Z,225815,32000000,49000000,26
2026-08-10T02:41:53Z,225816,49009200,49009200,21
2026-08-10T02:41:53Z,225817,24001900,24001900,15
2026-08-10T02:41:53Z,225818,290008800,290008800,1
2026-08-10T02:41:53Z,225819,290005100,290005100,1
2026-08-10T02:41:53Z,225820,480000,49000000,28
2026-08-10T02:41:53Z,225821,5006900,48996900,27
2026-08-10T02:41:53Z,225822,20009900,49009900,22
2026-08-10T02:41:53Z,225823,49009900,49009900,18
2026-08-10T02:41:53Z,225824,1500009800,1500009800,1
2026-08-10T02:41:53Z,225825,290009400,290009400,1
2026-08-10T02:41:53Z,225826,290009100,290009100,1
2026-08-10T02:41:53Z,225827,10000,49000000,26
2026-08-10T02:41:53Z,225828,49000000,49000000,12
2026-08-10T02:41:53Z,225829,49000000,49000000,20
2026-08-10T02:41:53Z,225830,49000000,49000000,26
2026-08-10T02:41:53Z,225831,49000000,49000000,20
2026-08-10T02:41:53Z,225832,49009900,49009900,11
2026-08-10T02:41:53Z,225833,49009900,49009900,25
2026-08-10T02:41:53Z,225834,290001400,290001400,1
2026-08-10T02:41:53Z,225835,290008400,290008400,1
2026-08-10T02:41:53Z,225836,499800,500000,38
2026-08-10T02:41:53Z,225837,45009800,45009900,28
2026-08-10T02:41:53Z,225839,10009900,49009900,16
2026-08-10T02:41:53Z,225840,32800,49002800,14
2026-08-10T02:41:53Z,225841,290007300,290007300,1
2026-08-10T02:41:53Z,225842,290009400,290009400,1
2026-08-10T02:41:53Z,225843,49002700,49002800,29
2026-08-10T02:41:53Z,225844,11990000,49000000,29
2026-08-10T02:41:53Z,225845,10002100,49002100,29
2026-08-10T02:41:53Z,225846,49009900,49009900,20
2026-08-10T02:41:53Z,225847,290004400,290004400,1
2026-08-10T02:41:53Z,225848,290005200,290005200,1
2026-08-10T02:41:53Z,225849,3000000,3009000,30
2026-08-10T02:41:53Z,225850,169900,170000,31
2026-08-10T02:41:53Z,225852,559000,1989500,24
2026-08-10T02:41:53Z,225853,290000200,290000200,1
2026-08-10T02:41:53Z,225854,290005800,290005800,2
2026-08-10T02:41:53Z,225875,49009900,49009900,18
2026-08-10T02:41:53Z,225876,2000,19900,2126
2026-08-10T02:41:53Z,225877,290009600,290009600,1
2026-08-10T02:41:53Z,225878,290002000,290002000,1
2026-08-10T02:41:53Z,225879,290008400,290008400,1
2026-08-10T02:41:53Z,225883,77500,840000,427
2026-08-10T02:41:53Z,225911,1100,2400,25465
2026-08-10T02:41:53Z,225912,9900,15000,3065
2026-08-10T02:41:53Z,225987,153700,153700,197
2026-08-10T02:41:53Z,225988,289800,289800,61
2026-08-10T02:41:53Z,225989,9989800,9989900,174
2026-08-10T02:41:53Z,225996,506200,506200,196
2026-08-10T02:41:53Z,226022,66660000,70000000,7
2026-08-10T02:41:53Z,226023,1499000,1499000,11
2026-08-10T02:41:53Z,226024,1752300,1770000,27
2026-08-10T02:41:53Z,226025,199469000,199469000,18
2026-08-10T02:41:53Z,226026,1990000,16500000,32
2026-08-10T02:41:53Z,226027,20000000,20000000,13
2026-08-10T02:41:53Z,226028,50009900,50009900,5
2026-08-10T02:41:53Z,226029,1500000,3000000,19
2026-08-10T02:41:53Z,226030,19215600,19215600,37
2026-08-10T02:41:53Z,226031,99990000,99990000,11
2026-08-10T02:41:53Z,226032,5000000,5000000,42
2026-08-10T02:41:53Z,226033,12506500,12506500,41
2026-08-10T02:41:53Z,226034,110000,110000,257
2026-08-10T02:41:53Z,226035,696200,198999900,20
2026-08-10T02:41:53Z,226036,1500000,1500000,39
2026-08-10T02:41:53Z,226037,26500,26500,29338
2026-08-10T02:41:53Z,226202,1300,1300,9465
2026-08-10T02:41:53Z,226204,500,500,4846
2026-08-10T02:41:53Z,226205,300,500,119282
2026-08-10T02:41:53Z,226232,80000,99600,89
2026-08-10T02:41:53Z,226233,70200,70200,66
2026-08-10T02:41:53Z,226234,1416300,1416300,37
2026-08-10T02:41:53Z,226235,2009100,9996800,30
2026-08-10T02:41:53Z,226236,4509500,4509500,48
2026-08-10T02:41:53Z,226237,7499500,9999500,34
2026-08-10T02:41:53Z,226238,7500000,9990000,32
2026-08-10T02:41:53Z,226524,990000,990000,180
2026-08-10T02:41:53Z,226681,1890000,1904900,5530
2026-08-10T02:41:53Z,226692,609300,909400,52
2026-08-10T02:41:53Z,226811,185700,185700,205
2026-08-10T02:41:53Z,227272,50000,50000,102
2026-08-10T02:41:53Z,227273,4000000,4000000,64
2026-08-10T02:41:53Z,227274,9908900,9908900,29
2026-08-10T02:41:53Z,227275,102600,9907400,48
2026-08-10T02:41:53Z,227297,50000,50000,62
2026-08-10T02:41:53Z,227298,110000,110000,66
2026-08-10T02:41:53Z,227299,9909900,9909900,33
2026-08-10T02:41:53Z,227300,9990000,9990000,62
2026-08-10T02:41:53Z,227301,15000,15000,80
2026-08-10T02:41:53Z,227302,20000,20000,146
2026-08-10T02:41:53Z,227303,207000,9907400,47
2026-08-10T02:41:53Z,227304,9863200,9863200,29
2026-08-10T02:41:53Z,227305,12300,12300,181
2026-08-10T02:41:53Z,227306,92200,92200,70
2026-08-10T02:41:53Z,227307,9900000,9900000,38
2026-08-10T02:41:53Z,227308,9801000,9801000,30
2026-08-10T02:41:53Z,227309,9900000,9900000,83
2026-08-10T02:41:53Z,227310,202600,5662600,124
2026-08-10T02:41:53Z,227311,9902700,9902700,45
2026-08-10T02:41:53Z,227312,9900000,9900000,45
2026-08-10T02:41:53Z,227313,1500000,1500000,185
2026-08-10T02:41:53Z,227314,127800,9909400,50
2026-08-10T02:41:53Z,227315,9658300,9658300,30
2026-08-10T02:41:53Z,227316,9907300,9907300,78
2026-08-10T02:41:53Z,227317,3000,3000,491
2026-08-10T02:41:53Z,227318,19600,19600,339
2026-08-10T02:41:53Z,227319,159900,9969800,49
2026-08-10T02:41:53Z,227320,9992700,9992700,34
2026-08-10T02:41:53Z,227321,218500,258500,57
2026-08-10T02:41:53Z,227322,109800,109800,53
2026-08-10T02:41:53Z,227323,9800000,9800000,33
2026-08-10T02:41:53Z,227324,1990000,1990000,110
2026-08-10T02:41:53Z,227325,1900,1900,781
2026-08-10T02:41:53Z,227326,9000,9000,701
2026-08-10T02:41:53Z,227327,1900,1900,289
2026-08-10T02:41:53Z,227328,199900,199900,142
2026-08-10T02:41:53Z,227329,108900,9969800,50
2026-08-10T02:41:53Z,227330,23500,23500,132
2026-08-10T02:41:53Z,227331,142000,142500,220
2026-08-10T02:41:53Z,227332,70000,70000,112
2026-08-10T02:41:53Z,227333,13500,13500,86
2026-08-10T02:41:53Z,227334,302100,9902100,48
2026-08-10T02:41:53Z,227335,9900000,9900000,121
2026-08-10T02:41:53Z,227336,30000,9899900,47
2026-08-10T02:41:53Z,227769,1100,5300,249080
2026-08-10T02:41:53Z,227770,24000000,24009900,439
2026-08-10T02:41:53Z,227771,609900,1749900,12896
2026-08-10T02:41:53Z,227772,4980000,4980000,2011
2026-08-10T02:41:53Z,227773,123999600,189999700,440
2026-08-10T02:41:53Z,227774,2060009700,2060009700,11
2026-08-10T02:41:53Z,228099,49000000,49000000,25
2026-08-10T02:41:53Z,228194,9000000,9000000,71
2026-08-10T02:41:53Z,228195,1090000,1090000,33
2026-08-10T02:41:53Z,228231,59800,60200,37374
2026-08-10T02:41:53Z,228232,67000,67500,17293
2026-08-10T02:41:53Z,228233,869800,880000,4745
2026-08-10T02:41:53Z,228234,869400,869700,1211
2026-08-10T02:41:53Z,228235,411900,412000,5794
2026-08-10T02:41:53Z,228236,428200,428400,487
2026-08-10T02:41:53Z,228368,1397600,1397600,157
2026-08-10T02:41:53Z,228386,48959900,48959900,25
2026-08-10T02:41:53Z,228387,49009900,49009900,25
2026-08-10T02:41:53Z,228388,4999900,9909900,107
2026-08-10T02:41:53Z,228390,49000000,49000000,26
2026-08-10T02:41:53Z,228391,1000000,49000000,27
2026-08-10T02:41:53Z,228392,330000,49009900,25
2026-08-10T02:41:53Z,228393,5876800,49006800,27
2026-08-10T02:41:53Z,228394,299900,49000000,25
2026-08-10T02:41:53Z,228395,49009900,49009900,25
2026-08-10T02:41:53Z,228396,650000,49000000,28
2026-08-10T02:41:53Z,228398,1319900,49009900,27
2026-08-10T02:41:53Z,228399,1005400,1005400,27
2026-08-10T02:41:53Z,228400,10000000,10000000,25
2026-08-10T02:41:53Z,228401,29200,30000,672
2026-08-10T02:41:53Z,228402,76500,76500,92
2026-08-10T02:41:53Z,228403,332500,332500,364
2026-08-10T02:41:53Z,228404,13000,123600,2620
2026-08-10T02:41:53Z,228405,69900,164900,2011
2026-08-10T02:41:53Z,228406,9994400,9994400,30
2026-08-10T02:41:53Z,228414,9400,9400,2156
2026-08-10T02:41:53Z,228429,1500000100,1500000100,1
2026-08-10T02:41:53Z,228430,49001200,49001200,23
2026-08-10T02:41:53Z,228452,1500000,1500000,3
2026-08-10T02:41:53Z,228453,990003800,990003800,1
2026-08-10T02:41:53Z,228454,49003800,49003800,20
2026-08-10T02:41:53Z,228455,290000100,290000100,1
2026-08-10T02:41:53Z,228456,49007600,49007600,15
2026-08-10T02:41:53Z,228458,290000100,290000100,1
2026-08-10T02:41:53Z,228481,253800,49003800,23
2026-08-10T02:41:53Z,228482,443800,49003800,21
2026-08-10T02:41:53Z,228483,49006000,49006000,20
2026-08-10T02:41:53Z,228485,339900,49009900,28
2026-08-10T02:41:53Z,228487,443800,49003800,21
2026-08-10T02:41:53Z,228488,49007600,49007600,20
2026-08-10T02:41:53Z,228489,290005100,290005100,1
2026-08-10T02:41:53Z,228490,9903800,9903800,99
2026-08-10T02:41:53Z,228491,9909900,9909900,105
2026-08-10T02:41:53Z,228492,54300,54300,742
2026-08-10T02:41:53Z,228493,50000,50000,826
2026-08-10T02:41:53Z,228494,8000,8000,1135
2026-08-10T02:41:53Z,228496,290007600,290007600,1
2026-08-10T02:41:53Z,228497,290003800,290003800,1
2026-08-10T02:41:53Z,228507,6800,6800,169
2026-08-10T02:41:53Z,228509,19100,19100,111
2026-08-10T02:41:53Z,228510,249800,250000,62
2026-08-10T02:41:53Z,228608,553800,9903800,101
2026-08-10T02:41:53Z,228609,453800,9903800,99
2026-08-10T02:41:53Z,228720,49005100,49005100,20
2026-08-10T02:41:53Z,228723,35007600,49007600,10
2026-08-10T02:41:53Z,228921,145000,149600,186
2026-08-10T02:41:53Z,228930,400,400,31567
2026-08-10T02:41:53Z,228953,733300,9994400,36
2026-08-10T02:41:53Z,228956,56100,69600,2672
2026-08-10T02:41:53Z,228990,9508000,9899000,32
2026-08-10T02:41:53Z,229388,17700,839900,22877
2026-08-10T02:41:53Z,229413,349986600,349986600,6
2026-08-10T02:41:53Z,229809,69800,69800,57
2026-08-10T02:41:53Z,230285,66700,151300,13023
2026-08-10T02:41:53Z,231899,56600,56600,41
2026-08-10T02:41:53Z,232005,250000,250000,80
2026-08-10T02:41:53Z,232006,25000,25000,90
2026-08-10T02:41:53Z,232007,1450000,1450000,63
2026-08-10T02:41:53Z,232009,2450000,2450000,91
2026-08-10T02:41:53Z,232011,7289900,8099800,322
2026-08-10T02:41:53Z,232374,700000,700000,80
2026-08-10T02:41:53Z,232375,9909900,9909900,31
2026-08-10T02:41:53Z,232376,4596000,9990000,30
2026-08-10T02:41:53Z,232377,9989900,9989900,40
2026-08-10T02:41:53Z,232378,457200,457200,66
2026-08-10T02:41:53Z,232380,157600,9907600,52
2026-08-10T02:41:53Z,232385,50000,9990000,46
2026-08-10T02:41:53Z,232521,8499900,8499900,69
2026-08-10T02:41:53Z,232532,300000,300000,15
2026-08-10T02:41:53Z,232533,2000000,2000000,71
2026-08-10T02:41:53Z,232534,7777100,7777100,309
2026-08-10T02:41:53Z,232632,7990000,8000000,112
2026-08-10T02:41:53Z,232633,4490000,4500000,50
2026-08-10T02:41:53Z,232634,29000000,29000000,2
2026-08-10T02:41:53Z,232635,49009400,49009400,20
2026-08-10T02:41:53Z,232636,49006400,49006400,19
2026-08-10T02:41:53Z,232637,290002100,290002100,1
2026-08-10T02:41:53Z,232638,10000000,10000000,4
2026-08-10T02:41:53Z,232874,199000100,199000100,1
2026-08-10T02:41:53Z,232935,490000,500000,65
2026-08-10T02:41:53Z,232936,2000000,199990000,12
2026-08-10T02:41:53Z,232937,480000,710000,144
2026-08-10T02:41:53Z,233029,10500,10600,94
2026-08-10T02:41:53Z,233030,58900,59000,66
2026-08-10T02:41:53Z,233031,20009700,25009700,12
2026-08-10T02:41:53Z,233800,290003600,290003600,1
2026-08-10T02:41:53Z,234197,49007200,49007300,14
2026-08-10T02:41:53Z,234203,2439400,2439400,38
2026-08-10T02:41:53Z,234204,10009700,10009700,80
2026-08-10T02:41:53Z,234205,19900,19900,31
2026-08-10T02:41:53Z,234212,49003600,49003700,28
2026-08-10T02:41:53Z,234282,3002200,3002200,67
2026-08-10T02:41:53Z,234287,1500000,1500000,65
2026-08-10T02:41:53Z,234380,252600,252800,63
2026-08-10T02:41:53Z,234381,359800,359900,87
2026-08-10T02:41:53Z,234386,250000,250000,108
2026-08-10T02:41:53Z,234387,303900,304000,153
2026-08-10T02:41:53Z,234415,250000,250000,112
2026-08-10T02:41:53Z,234416,253300,253400,79
2026-08-10T02:41:53Z,234417,251500,251600,119
2026-08-10T02:41:53Z,234418,322800,322900,122
2026-08-10T02:41:53Z,234419,253800,253800,104
2026-08-10T02:41:53Z,234420,250000,250000,119
2026-08-10T02:41:53Z,234466,4006400,4006400,251
2026-08-10T02:41:53Z,234526,4259200,4259200,142
2026-08-10T02:41:53Z,234527,1890000,1890000,199
2026-08-10T02:41:53Z,234718,5000000,5000000,2
2026-08-10T02:41:53Z,234719,500000,500000,2
2026-08-10T02:41:53Z,234720,290000300,290000300,2
2026-08-10T02:41:53Z,234722,290001000,290001000,1
2026-08-10T02:41:53Z,234723,1000000,1000000,2
2026-08-10T02:41:53Z,234732,290007700,290007700,1
2026-08-10T02:41:53Z,234733,290009400,290009400,1
2026-08-10T02:41:53Z,234734,290000000,290000000,2
2026-08-10T02:41:53Z,234735,290002900,290002900,2
2026-08-10T02:41:53Z,234736,290008500,290008500,1
2026-08-10T02:41:53Z,234750,290006300,290006300,1
2026-08-10T02:41:53Z,234751,290002100,290002100,2
2026-08-10T02:41:53Z,234752,290000200,290000200,1
2026-08-10T02:41:53Z,234753,290000700,290000700,1
2026-08-10T02:41:53Z,234754,290008300,290008300,1
2026-08-10T02:41:53Z,234972,20000,21000,80
2026-08-10T02:41:53Z,234973,12800,12800,117
2026-08-10T02:41:53Z,235221,21000,990000,238
2026-08-10T02:41:53Z,235230,39500,990000,237
2026-08-10T02:41:53Z,235238,405000,445500,184
2026-08-10T02:41:53Z,235255,93700,980000,227
2026-08-10T02:41:53Z,235273,1000,1100,896
2026-08-10T02:41:53Z,235335,985000,989900,90
2026-08-10T02:41:53Z,235336,2709800,2709800,79
2026-08-10T02:41:53Z,235337,1500000,2475000,44
2026-08-10T02:41:53Z,235703,75000,75000,885
2026-08-10T02:41:53Z,235704,79900,79900,600
2026-08-10T02:41:53Z,235805,14300,14300,61
2026-08-10T02:41:53Z,235845,187700,198000,1665
2026-08-10T02:41:53Z,235846,9999900,9999900,30
2026-08-10T02:41:53Z,235910,3489800,3489800,18
2026-08-10T02:41:53Z,236353,85000000,90000000,15
2026-08-10T02:41:53Z,236633,7900,7900,124
2026-08-10T02:41:53Z,236634,290009400,290009400,1
2026-08-10T02:41:53Z,236635,290009400,290009400,1
2026-08-10T02:41:53Z,236636,290009400,290009400,2
2026-08-10T02:41:53Z,236637,49000300,49000300,14
2026-08-10T02:41:53Z,236638,290000300,290000300,1
2026-08-10T02:41:53Z,236639,290009400,290009400,1
2026-08-10T02:41:53Z,236640,290009400,290009400,2
2026-08-10T02:41:53Z,236646,8300,8400,73
2026-08-10T02:41:53Z,236647,9880000,9880000,50
2026-08-10T02:41:53Z,236648,9900000,9900000,38
2026-08-10T02:41:53Z,236649,4900000,4990000,229
2026-08-10T02:41:53Z,236650,7400,7400,57
2026-08-10T02:41:53Z,236651,290009400,290009400,6
2026-08-10T02:41:53Z,236652,290009400,290009400,5
2026-08-10T02:41:53Z,236680,9906000,9906000,45
2026-08-10T02:41:53Z,236753,35001000,35001000,15
2026-08-10T02:41:53Z,236761,29200,34300,773061
2026-08-10T02:41:53Z,236767,36600,45000,533560
2026-08-10T02:41:53Z,236770,8300,8400,97034
2026-08-10T02:41:53Z,236771,87200,272900,39415
2026-08-10T02:41:53Z,236774,189900,209900,416813
2026-08-10T02:41:53Z,236775,524400,532700,27190
2026-08-10T02:41:53Z,236776,140000,148700,98875
2026-08-10T02:41:53Z,236777,196600,565800,20156
2026-08-10T02:41:53Z,236778,15300,20000,257753
2026-08-10T02:41:53Z,236779,334200,339900,34380
2026-08-10T02:41:53Z,236780,3999700,4290000,16970
2026-08-10T02:41:53Z,236949,7900,9700,350591
2026-08-10T02:41:53Z,236950,14900,15200,90243
2026-08-10T02:41:53Z,236951,8100,9500,428340
2026-08-10T02:41:53Z,236952,6400,7300,97588
2026-08-10T02:41:53Z,236957,129990000,129990000,36
2026-08-10T02:41:53Z,236959,28300,998600,101
2026-08-10T02:41:53Z,236963,22000,22000,37971
2026-08-10T02:41:53Z,236965,31700,31700,30723
2026-08-10T02:41:53Z,236967,29700000,35000000,260
2026-08-10T02:41:53Z,237015,870000,910000,5130
2026-08-10T02:41:53Z,237016,958800,1099900,19461
2026-08-10T02:41:53Z,237017,770000,4800000,22632
2026-08-10T02:41:53Z,237018,628500,628500,6576
2026-08-10T02:41:53Z,237259,140000,141100,24
2026-08-10T02:41:53Z,237260,260000,260000,23
2026-08-10T02:41:53Z,237305,290003700,290003700,1
2026-08-10T02:41:53Z,237313,49009400,49009400,19
2026-08-10T02:41:53Z,237330,500000,500000,157
2026-08-10T02:41:53Z,237331,400000,400000,177
2026-08-10T02:41:53Z,237333,20000000,20000000,3
2026-08-10T02:41:53Z,237334,9350000,9350000,57
2026-08-10T02:41:53Z,237335,753700,753700,304
2026-08-10T02:41:53Z,237359,103800,104300,177705
2026-08-10T02:41:53Z,237361,122500,375000,44004
2026-08-10T02:41:53Z,237362,120700,121400,117033
2026-08-10T02:41:53Z,237363,410900,421000,80805
2026-08-10T02:41:53Z,237364,110900,122800,129119
2026-08-10T02:41:53Z,237365,143300,420800,131593
2026-08-10T02:41:53Z,237366,189500,250000,67989
2026-08-10T02:41:53Z,237367,79500,79500,164
2026-08-10T02:41:53Z,237369,1877300,1877300,551
2026-08-10T02:41:53Z,237370,1985000,2005000,85
2026-08-10T02:41:53Z,237371,5750000,5750000,43
2026-08-10T02:41:53Z,237372,2267100,2290000,512
2026-08-10T02:41:53Z,237373,3100000,3200000,2544
2026-08-10T02:41:53Z,238197,389500,389500,6406
2026-08-10T02:41:53Z,238198,699900,725000,2578
2026-08-10T02:41:53Z,238201,97400,113500,10204
2026-08-10T02:41:53Z,238202,1279800,1279900,5942
2026-08-10T02:41:53Z,238203,2367200,2367500,617
2026-08-10T02:41:53Z,238204,1341100,1341100,1316
2026-08-10T02:41:53Z,238205,2370000,2399800,779
2026-08-10T02:41:53Z,238209,149900,160000,1483
2026-08-10T02:41:53Z,238212,100500,100800,3625
2026-08-10T02:41:53Z,238213,138100,138400,1390
2026-08-10T02:41:53Z,238365,13800,14400,9110
2026-08-10T02:41:53Z,238366,140500,174500,58328
2026-08-10T02:41:53Z,238367,65000,114000,11381
2026-08-10T02:41:53Z,238368,138500,147400,5459
2026-08-10T02:41:53Z,238369,373900,398900,3610
2026-08-10T02:41:53Z,238370,13700,16200,19145
2026-08-10T02:41:53Z,238371,777500,864000,34352
2026-08-10T02:41:53Z,238372,26300,27000,6914
2026-08-10T02:41:53Z,238373,370000,400000,30881
2026-08-10T02:41:53Z,238374,14800,18600,10756
2026-08-10T02:41:53Z,238375,590000,599900,10084
2026-08-10T02:41:53Z,238376,124800,399900,53034
2026-08-10T02:41:53Z,238377,87700,106700,21301
2026-08-10T02:41:53Z,238378,345900,346500,14734
2026-08-10T02:41:53Z,238379,170800,171000,2866
2026-08-10T02:41:53Z,238380,1600000,1600300,5416
2026-08-10T02:41:53Z,238381,12700,13900,44060
2026-08-10T02:41:53Z,238382,319100,326400,7321
2026-08-10T02:41:53Z,238383,270400,279800,21715
2026-08-10T02:41:53Z,238384,19600,28000,17866
2026-08-10T02:41:53Z,238477,300,1500,1451
2026-08-10T02:41:53Z,238478,5000,9300,1529
2026-08-10T02:41:53Z,238479,9900,9900,1533
2026-08-10T02:41:53Z,238480,6000,6000,1482
2026-08-10T02:41:53Z,238481,2000,8700,1896
2026-08-10T02:41:53Z,238482,8900,9000,1973
2026-08-10T02:41:53Z,238483,9900,9900,1625
2026-08-10T02:41:53Z,238484,9600,10000,1597
2026-08-10T02:41:53Z,238485,1000,4000,1557
2026-08-10T02:41:53Z,238486,30000,40000,353
2026-08-10T02:41:53Z,238487,2900,106500,1356
2026-08-10T02:41:53Z,238488,20000,20000,435
2026-08-10T02:41:53Z,238489,5800,100700,1646
2026-08-10T02:41:53Z,238491,80000,80000,549
2026-08-10T02:41:53Z,238492,178200,178200,637
2026-08-10T02:41:53Z,238493,30000,30000,151
2026-08-10T02:41:53Z,238494,4500,440000,1276
2026-08-10T02:41:53Z,238495,2204600,2324600,78
2026-08-10T02:41:53Z,238496,100000,100000,148
2026-08-10T02:41:53Z,238511,42500,44100,43808
2026-08-10T02:41:53Z,238512,50000,51400,388758
2026-08-10T02:41:53Z,238513,60000,60000,29130
2026-08-10T02:41:53Z,238514,60000,60000,95420
2026-08-10T02:41:53Z,238518,132400,152900,10235
2026-08-10T02:41:53Z,238519,180000,199500,10111
2026-08-10T02:41:53Z,238520,75200,156100,55290
2026-08-10T02:41:53Z,238521,181900,187000,6570
2026-08-10T02:41:53Z,238522,194600,194800,34199
2026-08-10T02:41:53Z,238523,16900,25400,66778
2026-08-10T02:41:53Z,238525,1264600,1281300,4182
2026-08-10T02:41:53Z,238528,1136600,1588500,14069
2026-08-10T02:41:53Z,238529,41558900,43000000,3821
2026-08-10T02:41:53Z,238530,8999500,12009300,2383
2026-08-10T02:41:53Z,238799,10000,12300,361
2026-08-10T02:41:53Z,238800,19900,19900,58
2026-08-10T02:41:53Z,238801,1009900,1009900,3
2026-08-10T02:41:53Z,238808,290009300,290009300,2
2026-08-10T02:41:53Z,238810,290009300,290009300,1
2026-08-10T02:41:53Z,238812,4999800,4999900,67
2026-08-10T02:41:53Z,238813,290004700,290004700,2
2026-08-10T02:41:53Z,238814,6007100,6007200,24
2026-08-10T02:41:53Z,238832,11800,11800,61
2026-08-10T02:41:53Z,238833,30009900,30009900,22
2026-08-10T02:41:53Z,238834,290005700,290005700,1
2026-08-10T02:41:53Z,238836,6900,7000,257
2026-08-10T02:41:53Z,238838,29900,33800,37
2026-08-10T02:41:53Z,238841,3990000,3990000,3
2026-08-10T02:41:53Z,238847,8300,8500,107
2026-08-10T02:41:53Z,238848,30000,40000,24
2026-08-10T02:41:53Z,238849,45505000,45505000,3
2026-08-10T02:41:53Z,238851,9989900,9990000,20
2026-08-10T02:41:53Z,238853,290009300,290009300,1
2026-08-10T02:41:53Z,238854,49009900,49009900,28
2026-08-10T02:41:53Z,238855,30700,30700,60
2026-08-10T02:41:53Z,238856,290009300,290009300,2
2026-08-10T02:41:53Z,238865,290009300,290009300,4
2026-08-10T02:41:53Z,238866,9300,9400,62
2026-08-10T02:41:53Z,238867,24400,24500,114
2026-08-10T02:41:53Z,238868,4990000,5000000,9
2026-08-10T02:41:53Z,238869,19909900,19909900,45
2026-08-10T02:41:53Z,238870,49009900,49009900,20
2026-08-10T02:41:53Z,238871,290009300,290009300,2
2026-08-10T02:41:53Z,238872,9900,10000,157
2026-08-10T02:41:53Z,238873,20000,20000,57
2026-08-10T02:41:53Z,238874,290004700,290004700,1
2026-08-10T02:41:53Z,238875,29900,29900,26
2026-08-10T02:41:53Z,238876,100004600,100004600,8
2026-08-10T02:41:53Z,238877,1009900,2009900,33
2026-08-10T02:41:53Z,238878,29900,29900,30
2026-08-10T02:41:53Z,238879,2509900,2509900,4
2026-08-10T02:41:53Z,238880,10000000,49000000,28
2026-08-10T02:41:53Z,238881,290004700,290004700,1
2026-08-10T02:41:53Z,238882,290004700,290004700,2
2026-08-10T02:41:53Z,238883,15400,19905500,51
2026-08-10T02:41:53Z,238884,27100,27100,24
2026-08-10T02:41:53Z,238885,5009900,5009900,7
2026-08-10T02:41:53Z,238886,10000,10000,121
2026-08-10T02:41:53Z,238887,20000,20000,54
2026-08-10T02:41:53Z,238888,75008900,75008900,2
2026-08-10T02:41:53Z,238889,290004700,290004700,1
2026-08-10T02:41:53Z,238896,150000,150000,243
2026-08-10T02:41:53Z,238944,4100,185900,2659
2026-08-10T02:41:53Z,239115,8888000,8888000,15
2026-08-10T02:41:53Z,239129,900000,900000,382
2026-08-10T02:41:53Z,239198,1355300,1355400,14240
2026-08-10T02:41:53Z,239200,1988100,2040000,20202
2026-08-10T02:41:53Z,239201,1911600,2169800,6539
2026-08-10T02:41:53Z,239202,1911700,1911700,12467
2026-08-10T02:41:53Z,239276,35000000,35000000,9
2026-08-10T02:41:53Z,239314,1999990000,1999990000,14
2026-08-10T02:41:53Z,239690,31500,32800,10482
2026-08-10T02:41:53Z,239691,30900,31000,3997
2026-08-10T02:41:53Z,239692,33800,34400,6355
2026-08-10T02:41:53Z,239700,22100,29400,75545
2026-08-10T02:41:53Z,239701,31700,31700,130094
2026-08-10T02:41:53Z,239702,34800,34800,29743
2026-08-10T02:41:53Z,239703,69900,69900,70569
2026-08-10T02:41:53Z,239711,15400,21000,2197
2026-08-10T02:41:53Z,239713,16500,16500,2331
2026-08-10T02:41:53Z,240094,28509000,28509000,31
2026-08-10T02:41:53Z,240133,34999700,34999700,304
2026-08-10T02:41:53Z,240154,20000000,20550000,16
2026-08-10T02:41:53Z,240155,24059800,24059800,296
2026-08-10T02:41:53Z,240156,4800,5000,6081
2026-08-10T02:41:53Z,240157,80000,990000,482
2026-08-10T02:41:53Z,240164,3427400,3427400,56
2026-08-10T02:41:53Z,240165,8720800,8720800,206
2026-08-10T02:41:53Z,240166,2745000,2990000,42
2026-08-10T02:41:53Z,240167,5519200,5519200,1753
2026-08-10T02:41:53Z,240194,87900,150000,1624
2026-08-10T02:41:53Z,240216,364600,487600,1045
2026-08-10T02:41:53Z,240855,293700,334000,159
2026-08-10T02:41:53Z,240856,1360300,1369700,43
2026-08-10T02:41:53Z,240857,232500,232500,125
2026-08-10T02:41:53Z,240858,1540700,1540700,86
2026-08-10T02:41:53Z,240859,125500,125500,208
2026-08-10T02:41:53Z,240860,2799800,2799900,146
2026-08-10T02:41:53Z,240861,39800,86200,1117
2026-08-10T02:41:53Z,240862,1111600,1111600,491
2026-08-10T02:41:53Z,240863,304100,304100,286
2026-08-10T02:41:53Z,240864,1611700,1627900,625
2026-08-10T02:41:53Z,240865,182300,192300,202
2026-08-10T02:41:53Z,240866,1650000,1750000,139
2026-08-10T02:41:53Z,240867,107700,107700,137
2026-08-10T02:41:53Z,240868,2999500,2999600,231
2026-08-10T02:41:53Z,240869,34500,35000,240
2026-08-10T02:41:53Z,240870,1798800,1798900,329
2026-08-10T02:41:53Z,240871,140000,190000,460
2026-08-10T02:41:53Z,240872,1690800,1999900,318
2026-08-10T02:41:53Z,240873,294500,299500,173
2026-08-10T02:41:53Z,240874,1674500,1674500,119
2026-08-10T02:41:53Z,240875,99500,101500,94
2026-08-10T02:41:53Z,240876,1502200,1502300,170
2026-08-10T02:41:53Z,240877,120100,131000,411
2026-08-10T02:41:53Z,240878,1099800,1100000,607
2026-08-10T02:41:53Z,240879,88800,107700,151
2026-08-10T02:41:53Z,240880,999800,1089900,634
2026-08-10T02:41:53Z,240881,49000,57100,155
2026-08-10T02:41:53Z,240882,1419900,1419900,301
2026-08-10T02:41:53Z,240883,89000,95000,99
2026-08-10T02:41:53Z,240884,1627800,1688700,148
2026-08-10T02:41:53Z,240885,33000,35000,174
2026-08-10T02:41:53Z,240886,1627800,1627800,108
2026-08-10T02:41:53Z,240887,5969900,5969900,94
2026-08-10T02:41:53Z,240888,9449900,16999900,318
2026-08-10T02:41:53Z,240889,5508600,5508600,49
2026-08-10T02:41:53Z,240890,9440000,9700000,770
2026-08-10T02:41:53Z,240891,5501800,5501900,61
2026-08-10T02:41:53Z,240892,9400000,9509800,410
2026-08-10T02:41:53Z,240893,7210800,7210800,46
2026-08-10T02:41:53Z,240894,9400000,9570000,343
2026-08-10T02:41:53Z,240895,3150000,3150000,67
2026-08-10T02:41:53Z,240896,10653300,10653300,232
2026-08-10T02:41:53Z,240897,6500000,6500000,125
2026-08-10T02:41:53Z,240898,9389800,9500000,502
2026-08-10T02:41:53Z,240899,7849600,7849600,140
2026-08-10T02:41:53Z,240900,9410000,9800000,642
2026-08-10T02:41:53Z,240901,5419100,5419200,81
2026-08-10T02:41:53Z,240902,9410000,9600000,338
2026-08-10T02:41:53Z,240903,2660000,2660000,143
2026-08-10T02:41:53Z,240904,9599000,11503400,302
2026-08-10T02:41:53Z,240905,6478800,6478800,104
2026-08-10T02:41:53Z,240906,9439900,9600000,425
2026-08-10T02:41:53Z,240907,5689500,5689500,59
2026-08-10T02:41:53Z,240908,9440000,9700000,508
2026-08-10T02:41:53Z,240909,4897800,4997700,96
2026-08-10T02:41:53Z,240910,9400000,9500000,416
2026-08-10T02:41:53Z,240911,4900000,4900000,117
2026-08-10T02:41:53Z,240912,29999500,29999500,21
2026-08-10T02:41:53Z,240913,3208000,3508000,120
2026-08-10T02:41:53Z,240914,9350000,9440000,389
2026-08-10T02:41:53Z,240915,4989400,4989400,55
2026-08-10T02:41:53Z,240916,9400000,9800000,481
2026-08-10T02:41:53Z,240917,5003800,5003800,96
2026-08-10T02:41:53Z,240918,12995300,12995300,141
2026-08-10T02:41:53Z,240966,12004800,12004800,59
2026-08-10T02:41:53Z,240967,13009800,13009800,237
2026-08-10T02:41:53Z,240968,5994000,5994000,169
2026-08-10T02:41:53Z,240969,13760000,13760000,296
2026-08-10T02:41:53Z,240970,1829600,1829600,47
2026-08-10T02:41:53Z,240971,12006500,12656500,82
2026-08-10T02:41:53Z,240972,599900,760000,4834
2026-08-10T02:41:53Z,240973,2879700,2879800,572
2026-08-10T02:41:53Z,240974,6508500,6508800,77
2026-08-10T02:41:53Z,240975,10009100,10199300,2003
2026-08-10T02:41:53Z,240982,9999900,9999900,184
2026-08-10T02:41:53Z,240983,13000000,13392200,3049
2026-08-10T02:41:53Z,240990,2750000,2828100,7283
2026-08-10T02:41:53Z,240991,29500,29500,15072
2026-08-10T02:41:53Z,241141,7000,7000,1781
2026-08-10T02:41:53Z,241142,8399300,8399300,326
2026-08-10T02:41:53Z,241143,13997600,13997600,371
2026-08-10T02:41:53Z,241144,15977200,16977200,452
2026-08-10T02:41:53Z,241145,17200,19800,527
2026-08-10T02:41:53Z,241147,149900,9905400,70
2026-08-10T02:41:53Z,241148,250300,250300,292
2026-08-10T02:41:53Z,241149,9470000,9480000,100
2026-08-10T02:41:53Z,241280,634800,634900,2595
2026-08-10T02:41:53Z,241281,279900,290000,3062
2026-08-10T02:41:53Z,241282,3439800,3440000,2083
2026-08-10T02:41:53Z,241283,1848800,1848800,3866
2026-08-10T02:41:53Z,241286,801300,801300,917
2026-08-10T02:41:53Z,241287,40400,40400,879
2026-08-10T02:41:53Z,241288,983500,983800,14256
2026-08-10T02:41:53Z,241289,169900,191900,23752
2026-08-10T02:41:53Z,241292,1122600,1232300,956
2026-08-10T02:41:53Z,241293,46000,59400,6322
2026-08-10T02:41:53Z,241294,983800,983900,2469
2026-08-10T02:41:53Z,241295,36600,37600,3329
2026-08-10T02:41:53Z,241296,1225500,1225500,846
2026-08-10T02:41:53Z,241297,50000,50000,2412
2026-08-10T02:41:53Z,241298,1257100,1257100,1516
2026-08-10T02:41:53Z,241299,50000,50000,7995
2026-08-10T02:41:53Z,241300,1442400,1457100,9396
2026-08-10T02:41:53Z,241301,49900,80000,17070
2026-08-10T02:41:53Z,241302,900000,1003900,406
2026-08-10T02:41:53Z,241303,39900,39900,137
2026-08-10T02:41:53Z,241304,1427300,1427500,14437
2026-08-10T02:41:53Z,241305,39900,49900,155150
2026-08-10T02:41:53Z,241306,454400,454500,931
2026-08-10T02:41:53Z,241307,55500,93000,5735
2026-08-10T02:41:53Z,241308,1976300,1976600,55479
2026-08-10T02:41:53Z,241309,203800,205300,51786
2026-08-10T02:41:53Z,241310,2308900,2308900,1470
2026-08-10T02:41:53Z,241311,237000,237000,928
2026-08-10T02:41:53Z,241312,1363200,1370000,5478
2026-08-10T02:41:53Z,241313,68500,68500,404
2026-08-10T02:41:53Z,241316,1899000,1899000,379
2026-08-10T02:41:53Z,241317,300000,487500,3419
2026-08-10T02:41:53Z,241320,5550000,5557400,1306
2026-08-10T02:41:53Z,241321,1859500,1938900,3746
2026-08-10T02:41:53Z,241322,4305200,4388100,3469
2026-08-10T02:41:53Z,241323,1589900,1590000,7738
2026-08-10T02:41:53Z,241324,5465900,5466200,5778
2026-08-10T02:41:53Z,241325,1874000,1910100,5847
2026-08-10T02:41:53Z,241326,5736200,5736200,9177
2026-08-10T02:41:53Z,241327,2256000,2259300,1755
2026-08-10T02:41:53Z,241334,387500,387700,1072
2026-08-10T02:41:53Z,241338,121400,121500,194
2026-08-10T02:41:53Z,241339,37500,37500,1177
2026-08-10T02:41:53Z,242272,3400000,3400000,4651
2026-08-10T02:41:53Z,242273,3790000,3790000,1443
2026-08-10T02:41:53Z,242274,309800,309900,3923
2026-08-10T02:41:53Z,242275,400000,420000,159914
2026-08-10T02:41:53Z,242276,229900,230000,5246
2026-08-10T02:41:53Z,242277,1242900,1242900,2875
2026-08-10T02:41:53Z,242278,444900,445000,3806
2026-08-10T02:41:53Z,242280,274900,282200,5695
2026-08-10T02:41:53Z,242281,436700,436700,6201
2026-08-10T02:41:53Z,242282,533000,533000,7261
2026-08-10T02:41:53Z,242283,54900,54900,773
2026-08-10T02:41:53Z,242284,46300,46300,14090
2026-08-10T02:41:53Z,242285,450000,450000,3388
2026-08-10T02:41:53Z,242286,40000,40000,23070
2026-08-10T02:41:53Z,242287,110000,456300,6195
2026-08-10T02:41:53Z,242288,32200,32200,2869
2026-08-10T02:41:53Z,242289,18700,18700,12496
2026-08-10T02:41:53Z,242290,99300,99300,7515
2026-08-10T02:41:53Z,242291,349200,349200,2040
2026-08-10T02:41:53Z,242292,74800,75000,4102
2026-08-10T02:41:53Z,242293,48900,49500,4269
2026-08-10T02:41:53Z,242294,30000,30000,276
2026-08-10T02:41:53Z,242295,48900,48900,1235
2026-08-10T02:41:53Z,242296,48800,48800,974
2026-08-10T02:41:53Z,242297,14400,17800,29058
2026-08-10T02:41:53Z,242298,162100,162100,4844
2026-08-10T02:41:53Z,242299,10000,11200,31166
2026-08-10T02:41:53Z,242300,74700,87500,2697
2026-08-10T02:41:53Z,242301,160900,163300,7513
2026-08-10T02:41:53Z,242302,11600,11700,10397
2026-08-10T02:41:53Z,242303,19800,19800,960
2026-08-10T02:41:53Z,242304,2500,2600,16467
2026-08-10T02:41:53Z,242305,3900,3900,1360
2026-08-10T02:41:53Z,242306,12900,14000,2376
2026-08-10T02:41:53Z,242307,5000,8100,2289
2026-08-10T02:41:53Z,242308,10900,11000,303
2026-08-10T02:41:53Z,242309,3900,3900,879
2026-08-10T02:41:53Z,242553,709900,710000,4270
2026-08-10T02:41:53Z,242554,709900,710000,8664
2026-08-10T02:41:53Z,242606,696500,740100,9061
2026-08-10T02:41:53Z,242607,769900,769900,12638
2026-08-10T02:41:53Z,242608,699800,708400,4038
2026-08-10T02:41:53Z,242610,708200,748500,7510
2026-08-10T02:41:53Z,242611,771400,772300,4945
2026-08-10T02:41:53Z,242612,741300,743000,5846
2026-08-10T02:41:53Z,242613,736700,737800,8122
2026-08-10T02:41:53Z,242620,906200,912200,12515
2026-08-10T02:41:53Z,242621,1986100,2099300,59802
2026-08-10T02:41:53Z,242639,50000,54000,507662
2026-08-10T02:41:53Z,242640,49900,57200,369379
2026-08-10T02:41:53Z,242641,1000,6000,252965
2026-08-10T02:41:53Z,242642,500,900,55065
2026-08-10T02:41:53Z,242643,2700,5000,55580
2026-08-10T02:41:53Z,242644,1300,1700,389149
2026-08-10T02:41:53Z,242645,1300,1300,83687
2026-08-10T02:41:53Z,242646,800,1000,24602
2026-08-10T02:41:53Z,242647,2100,2100,324209
2026-08-10T02:41:53Z,242712,1809800,1819200,1822
2026-08-10T02:41:53Z,242720,1710000,1720800,3704
2026-08-10T02:41:53Z,242721,1770000,1788300,2945
2026-08-10T02:41:53Z,242722,1709900,1714900,7734
2026-08-10T02:41:53Z,242723,1719900,1754800,5514
2026-08-10T02:41:53Z,242724,1699300,1699500,4740
2026-08-10T02:41:53Z,242725,2870000,2870000,1758
2026-08-10T02:41:53Z,242726,1690000,1690000,1323
2026-08-10T02:41:53Z,242727,1899300,1899300,655
2026-08-10T02:41:53Z,242786,910000,910000,8692
2026-08-10T02:41:53Z,242787,50000,63700,52835
2026-08-10T02:41:53Z,242788,38900,38900,6964
2026-08-10T02:41:53Z,242789,32100,32100,22991
2026-08-10T02:41:53Z,243060,4200,9900,304321
2026-08-10T02:41:53Z,243197,990006100,990006100,1
2026-08-10T02:41:53Z,243199,2500000900,2500000900,1
2026-08-10T02:41:53Z,243200,49008000,49008000,15
2026-08-10T02:41:53Z,243206,1500008700,1500008700,1
2026-08-10T02:41:53Z,243207,9500008000,9500008000,1
2026-08-10T02:41:53Z,243208,290009400,290009400,1
2026-08-10T02:41:53Z,243209,990008700,990008700,1
2026-08-10T02:41:53Z,243210,990008600,990008600,1
2026-08-10T02:41:53Z,243211,990007800,990007800,1
2026-08-10T02:41:53Z,243215,990008200,990008200,1
2026-08-10T02:41:53Z,243216,49008000,49008000,14
2026-08-10T02:41:53Z,243222,49007900,49007900,17
2026-08-10T02:41:53Z,243223,290009300,290009300,1
2026-08-10T02:41:53Z,243224,49008500,49008500,20
2026-08-10T02:41:53Z,243225,49008400,49008400,20
2026-08-10T02:41:53Z,243226,9500000100,9500000100,1
2026-08-10T02:41:53Z,243227,290008900,290008900,1
2026-08-10T02:41:53Z,243228,990007400,990007400,2
2026-08-10T02:41:53Z,243574,840000,982800,5776
2026-08-10T02:41:53Z,243575,1197000,1259900,272
2026-08-10T02:41:53Z,243576,1000000,1331000,1045
2026-08-10T02:41:53Z,243577,1827000,1827000,279
2026-08-10T02:41:53Z,243578,50900,60000,344
2026-08-10T02:41:53Z,243579,51500,51500,21990
2026-08-10T02:41:53Z,243581,39500,39500,54309
2026-08-10T02:41:53Z,243582,40000,50000,10712
2026-08-10T02:41:53Z,243599,11100,11200,14121
2026-08-10T02:41:53Z,243600,28300,29400,211312
2026-08-10T02:41:53Z,243602,29900,29900,100095
2026-08-10T02:41:53Z,243603,60000,60000,114818
2026-08-10T02:41:53Z,243605,4080000,4160000,11908
2026-08-10T02:41:53Z,243606,6090000,6199900,6891
2026-08-10T02:41:53Z,243733,31500,35000,18855
2026-08-10T02:41:53Z,243734,387300,388800,41404
2026-08-10T02:41:53Z,243735,229000,229000,2025
2026-08-10T02:41:53Z,243736,1100000,1200000,387
2026-08-10T02:41:53Z,243737,680000,689000,218
2026-08-10T02:41:53Z,243738,1499500,1499500,267
2026-08-10T02:41:53Z,243773,16000,17300,327
2026-08-10T02:41:53Z,243774,4800,9000,247
2026-08-10T02:41:53Z,243775,9200,9200,136
2026-08-10T02:41:53Z,243776,3000,3000,267
2026-08-10T02:41:53Z,243777,800,1800,288
2026-08-10T02:41:53Z,243778,12000,19100,135
2026-08-10T02:41:53Z,243779,13300,13700,184
2026-08-10T02:41:53Z,243780,9800,4990000,91
2026-08-10T02:41:53Z,243781,12000,19500,144
2026-08-10T02:41:53Z,243782,4000,8000,169
2026-08-10T02:41:53Z,243783,9400,9500,157
2026-08-10T02:41:53Z,243784,9500,15000,210
2026-08-10T02:41:53Z,243785,12000,17500,152
2026-08-10T02:41:53Z,243786,17600,19800,307
2026-08-10T02:41:53Z,243787,6900,6900,184
2026-08-10T02:41:53Z,243788,19600,19900,144
2026-08-10T02:41:53Z,243789,18000,18000,122
2026-08-10T02:41:53Z,243790,9400,9500,127
2026-08-10T02:41:53Z,243791,9900,13800,96
2026-08-10T02:41:53Z,243792,9300,9400,143
2026-08-10T02:41:53Z,243793,18900,18900,197
2026-08-10T02:41:53Z,243794,61600,61600,748
2026-08-10T02:41:53Z,243795,12000,13800,195
2026-08-10T02:41:53Z,243796,4000,6400,243
2026-08-10T02:41:53Z,243797,201000,201000,1011
2026-08-10T02:41:53Z,243798,195000,195000,466
2026-08-10T02:41:53Z,243799,239200,239200,690
2026-08-10T02:41:53Z,243800,221300,221400,1310
2026-08-10T02:41:53Z,243801,48500,48600,709
2026-08-10T02:41:53Z,243802,301200,301200,1378
2026-08-10T02:41:53Z,243803,119300,119300,963
2026-08-10T02:41:53Z,243804,300200,300200,831
2026-08-10T02:41:53Z,243805,310500,310500,1026
2026-08-10T02:41:53Z,243806,240600,240600,247
2026-08-10T02:41:53Z,243807,297000,297000,662
2026-08-10T02:41:53Z,243808,239300,239300,642
2026-08-10T02:41:53Z,243809,152900,152900,391
2026-08-10T02:41:53Z,243810,297000,297000,241
2026-08-10T02:41:53Z,243811,126500,126500,610
2026-08-10T02:41:53Z,243812,128500,128600,528
2026-08-10T02:41:53Z,243813,205000,205100,1286
2026-08-10T02:41:53Z,243814,259600,259600,292
2026-08-10T02:41:53Z,243815,288400,288400,584
2026-08-10T02:41:53Z,243816,226600,226600,1113
2026-08-10T02:41:53Z,243817,48700,48700,748
2026-08-10T02:41:53Z,243818,404400,404500,1031
2026-08-10T02:41:53Z,243819,151800,151800,432
2026-08-10T02:41:53Z,243820,105600,105700,401
2026-08-10T02:41:53Z,243821,3001500,199009900,9
2026-08-10T02:41:53Z,243822,3500000,3500000,33
2026-08-10T02:41:53Z,243823,7500000,9999900,549
2026-08-10T02:41:53Z,243844,290000000,290000000,1
2026-08-10T02:41:53Z,243845,290000000,290000000,1
2026-08-10T02:41:53Z,243946,199009800,499999900,7
2026-08-10T02:41:53Z,243947,22959300,24664300,401
2026-08-10T02:41:53Z,243948,50700,50800,332
2026-08-10T02:41:53Z,243949,215900,226000,149
2026-08-10T02:41:53Z,243950,18990000,18990000,39
2026-08-10T02:41:53Z,243951,22088800,22088800,668
2026-08-10T02:41:53Z,243952,10740000,10740000,85
2026-08-10T02:41:53Z,243953,16618500,16619000,1417
2026-08-10T02:41:53Z,243954,20000,34900,8105
2026-08-10T02:41:53Z,243955,69900,69900,686
2026-08-10T02:41:53Z,243956,12930000,12930000,101
2026-08-10T02:41:53Z,243957,16498600,16498600,1295
2026-08-10T02:41:53Z,243958,11000000,11790000,126
2026-08-10T02:41:53Z,243959,15797500,18598100,584
2026-08-10T02:41:53Z,243960,50000,50000,276
2026-08-10T02:41:53Z,243961,247500,249900,216
2026-08-10T02:41:53Z,243962,8509900,8509900,19
2026-08-10T02:41:53Z,243963,11881700,12111700,981
2026-08-10T02:41:53Z,243964,2989900,3000000,55
2026-08-10T02:41:53Z,243965,17089900,17089900,76
2026-08-10T02:41:53Z,243966,9950000,9950000,92
2026-08-10T02:41:53Z,243967,12999800,12999900,761
2026-08-10T02:41:53Z,243968,11009800,11009800,248
2026-08-10T02:41:53Z,243969,26850000,26852000,244
2026-08-10T02:41:53Z,243970,19009900,21070000,87
2026-08-10T02:41:53Z,243971,37499900,37499900,346
2026-08-10T02:41:53Z,243972,17500000,17500000,24
2026-08-10T02:41:53Z,243973,31952200,31956700,552
2026-08-10T02:41:53Z,243974,28000000,30000000,23
2026-08-10T02:41:53Z,243975,29655500,29999700,455
2026-08-10T02:41:53Z,243976,53993000,53993000,64
2026-08-10T02:41:53Z,243977,59999900,59999900,1101
2026-08-10T02:41:53Z,243978,50400,50400,468
2026-08-10T02:41:53Z,243979,249700,249700,80
2026-08-10T02:41:53Z,243980,18257000,18257000,52
2026-08-10T02:41:53Z,243981,21878600,25685800,452
2026-08-10T02:41:53Z,243982,19899800,19899800,37
2026-08-10T02:41:53Z,243983,22198900,22198900,558
2026-08-10T02:41:53Z,243984,1000,1600,1131
2026-08-10T02:41:53Z,243985,75000,75000,494
2026-08-10T02:41:53Z,243986,24465000,24465000,69
2026-08-10T02:41:53Z,243987,15993500,18444600,615
2026-08-10T02:41:53Z,243988,50700,50700,255
2026-08-10T02:41:53Z,243989,87900,216400,114
2026-08-10T02:41:53Z,243990,19509500,19509500,56
2026-08-10T02:41:53Z,243991,22100000,22690000,562
2026-08-10T02:41:53Z,243992,860000,860000,39
2026-08-10T02:41:53Z,243993,10009900,14950000,127
2026-08-10T02:41:53Z,243994,16178600,16188600,55
2026-08-10T02:41:53Z,243995,21009300,22373000,578
2026-08-10T02:41:53Z,243996,20989900,20989900,22
2026-08-10T02:41:53Z,243997,30000300,30000300,51
2026-08-10T02:41:53Z,243998,395000,430000,198
2026-08-10T02:41:53Z,243999,11969900,13128700,177
2026-08-10T02:41:53Z,244000,14500000,16000000,42
2026-08-10T02:41:53Z,244001,25009500,25009600,146
2026-08-10T02:41:53Z,244002,19151800,19151800,13
2026-08-10T02:41:53Z,244003,25990000,27959300,346
2026-08-10T02:41:53Z,244004,50700,59200,100
2026-08-10T02:41:53Z,244005,211800,298800,91
2026-08-10T02:41:53Z,244006,19500000,19500000,56
2026-08-10T02:41:53Z,244007,22690700,22690700,600
2026-08-10T02:41:53Z,244008,16519800,16519800,149
2026-08-10T02:41:53Z,244009,16980000,17200000,547
2026-08-10T02:41:53Z,244010,3900,9700,4397
2026-08-10T02:41:53Z,244011,88700,94400,4593
2026-08-10T02:41:53Z,244012,9000,35000,2115
2026-08-10T02:41:53Z,244013,57900,57900,546
2026-08-10T02:41:53Z,244014,11600000,11790000,158
2026-08-10T02:41:53Z,244015,15490000,15990000,677
2026-08-10T02:41:53Z,244016,10970000,10970000,54
2026-08-10T02:41:53Z,244017,15499800,15999800,339
2026-08-10T02:41:53Z,244018,50000,52700,379
2026-08-10T02:41:53Z,244019,173500,175300,285
2026-08-10T02:41:53Z,244020,2990000,2999800,97
2026-08-10T02:41:53Z,244021,11994900,11994900,577
2026-08-10T02:41:53Z,244022,787600,795900,554
2026-08-10T02:41:53Z,244023,14980000,14980000,40
2026-08-10T02:41:53Z,244024,2790000,3003300,120
2026-08-10T02:41:53Z,244025,19899900,19899900,203
2026-08-10T02:41:53Z,244026,13300000,13300000,137
2026-08-10T02:41:53Z,244027,24990200,24990200,123
2026-08-10T02:41:53Z,244028,30970000,30980000,153
2026-08-10T02:41:53Z,244029,37998800,38999100,2478
2026-08-10T02:41:53Z,244030,19689900,19689900,27
2026-08-10T02:41:53Z,244031,36676700,39998900,507
2026-08-10T02:41:53Z,244032,19500,25000,6040
2026-08-10T02:41:53Z,244033,84200,84200,519
2026-08-10T02:41:53Z,244034,29500,29500,218
2026-08-10T02:41:53Z,244035,556700,556700,322
2026-08-10T02:41:53Z,244036,12400,4990000,83
2026-08-10T02:41:53Z,244037,97900,99000,180
2026-08-10T02:41:53Z,244038,290009800,290009800,1
2026-08-10T02:41:53Z,244039,290008100,290008100,1
2026-08-10T02:41:53Z,244040,290009900,290009900,1
2026-08-10T02:41:53Z,244041,290009900,290009900,1
2026-08-10T02:41:53Z,244056,63200,63200,161
2026-08-10T02:41:53Z,244057,48600,999900,227
2026-08-10T02:41:53Z,244147,159900,199900,13
2026-08-10T02:41:53Z,244148,190000,190000,16
2026-08-10T02:41:53Z,244149,1003600,1003600,125
2026-08-10T02:41:53Z,244355,4999900,4999900,210
2026-08-10T02:41:53Z,244357,9999800,9999800,127
2026-08-10T02:41:53Z,244358,29600,29700,108
2026-08-10T02:41:53Z,244359,18700,18700,25
2026-08-10T02:41:53Z,244360,24900,24900,44
2026-08-10T02:41:53Z,244361,23700,23700,59
2026-08-10T02:41:53Z,244603,240000,248700,477
2026-08-10T02:41:53Z,244604,299900,357500,107
2026-08-10T02:41:53Z,244607,249900,256400,1288
2026-08-10T02:41:53Z,244608,790000,839900,413
2026-08-10T02:41:53Z,244631,169000,169000,1276
2026-08-10T02:41:53Z,244632,310700,310700,8187
2026-08-10T02:41:53Z,244633,27334000,30979900,136
2026-08-10T02:41:53Z,244634,25199500,25199500,1285
2026-08-10T02:41:53Z,244635,799900,800000,677
2026-08-10T02:41:53Z,244636,800000,889900,10819
2026-08-10T02:41:53Z,244637,175400,175400,1284
2026-08-10T02:41:53Z,244638,161000,161000,2198
2026-08-10T02:41:53Z,244639,1471000,1471100,1930
2026-08-10T02:41:53Z,244640,29390000,29399900,84
2026-08-10T02:41:53Z,244641,25577600,25577600,511
2026-08-10T02:41:53Z,244642,24750000,24750000,68
2026-08-10T02:41:53Z,244643,26258800,26258800,300
2026-08-10T02:41:53Z,244644,855600,940500,131
2026-08-10T02:41:53Z,244645,2322900,6420400,42
2026-08-10T02:41:53Z,244674,280500,280500,360
2026-08-10T02:41:53Z,244675,599900,599900,153
2026-08-10T02:41:53Z,244697,88400,88800,506
2026-08-10T02:41:53Z,244698,550000,560000,232
2026-08-10T02:41:53Z,244699,86200,86400,467
2026-08-10T02:41:53Z,244700,1976000,1979900,127
2026-08-10T02:41:53Z,244701,89900,89900,308
2026-08-10T02:41:53Z,244702,1898600,1899500,264
2026-08-10T02:41:53Z,244703,88500,88900,656
2026-08-10T02:41:53Z,244704,2449900,2651800,471
2026-08-10T02:41:53Z,244835,123800,123800,926
2026-08-10T02:41:53Z,244838,18300,19000,4997
2026-08-10T02:41:53Z,244839,99500,100000,1881
2026-08-10T02:41:53Z,244854,3498000,3508000,286
2026-08-10T02:41:53Z,245566,990000,990000,29
2026-08-10T02:41:53Z,245591,49002600,49002600,19
2026-08-10T02:41:53Z,245592,19900400,19900400,41
2026-08-10T02:41:53Z,245593,290000800,290000800,1
2026-08-10T02:41:53Z,245594,19900100,19900100,40
2026-08-10T02:41:53Z,245595,49009400,49009400,20
2026-08-10T02:41:53Z,245596,49002600,49002600,20
2026-08-10T02:41:53Z,245597,49001500,49001500,15
2026-08-10T02:41:53Z,245598,290002400,290002400,1
2026-08-10T02:41:53Z,245599,290005800,290005800,1
2026-08-10T02:41:53Z,245606,19908800,19908800,35
2026-08-10T02:41:53Z,245607,19909000,19909000,40
2026-08-10T02:41:53Z,245608,19900400,19900400,40
2026-08-10T02:41:53Z,245609,49002600,49002600,20
2026-08-10T02:41:53Z,245764,927500,927500,11497
2026-08-10T02:41:53Z,245765,2886000,3498800,6396
2026-08-10T02:41:53Z,245766,237300,247300,6452
2026-08-10T02:41:53Z,245767,842600,979300,8184
2026-08-10T02:41:53Z,245781,599600,599600,286
2026-08-10T02:41:53Z,245782,2344500,2455500,748
2026-08-10T02:41:53Z,245783,429500,429500,81
2026-08-10T02:41:53Z,245784,2376500,2536600,909
2026-08-10T02:41:53Z,245785,259600,339600,166
2026-08-10T02:41:53Z,245786,2380000,2380000,771
2026-08-10T02:41:53Z,245787,608000,608100,212
2026-08-10T02:41:53Z,245788,2372000,2730600,353
2026-08-10T02:41:53Z,245789,306500,307100,68
2026-08-10T02:41:53Z,245790,2439900,2999900,322
2026-08-10T02:41:53Z,245791,206000,356000,303
2026-08-10T02:41:53Z,245792,2309600,2309600,236
2026-08-10T02:41:53Z,245794,1254900,1254900,108
2026-08-10T02:41:53Z,245795,137200,137300,190
2026-08-10T02:41:53Z,245796,999800,999800,36
2026-08-10T02:41:53Z,245797,108500,108500,183
2026-08-10T02:41:53Z,245798,1225400,1225400,155
2026-08-10T02:41:53Z,245799,129600,129700,312
2026-08-10T02:41:53Z,245800,449000,449000,68
2026-08-10T02:41:53Z,245801,172500,172500,6316
2026-08-10T02:41:53Z,245802,843200,843200,759
2026-08-10T02:41:53Z,245803,100000,100000,2998
2026-08-10T02:41:53Z,245804,464500,464600,14879
2026-08-10T02:41:53Z,245805,459000,459000,2546
2026-08-10T02:41:53Z,245806,1397100,1397200,2256
2026-08-10T02:41:53Z,245807,21300,21300,131356
2026-08-10T02:41:53Z,245808,29700,38700,10619
2026-08-10T02:41:53Z,245814,338700,338700,133
2026-08-10T02:41:53Z,245815,3740000,3740000,708
2026-08-10T02:41:53Z,245816,912000,912000,907
2026-08-10T02:41:53Z,245817,2679200,2679200,352
2026-08-10T02:41:53Z,245818,964000,964000,190
2026-08-10T02:41:53Z,245819,2497400,2497400,162
2026-08-10T02:41:53Z,245820,300000,300000,66
2026-08-10T02:41:53Z,245821,1930100,1930100,75
2026-08-10T02:41:53Z,245822,872100,872100,470
2026-08-10T02:41:53Z,245823,2439900,2440000,279
2026-08-10T02:41:53Z,245824,550000,550000,412
2026-08-10T02:41:53Z,245825,2200000,2200000,51
2026-08-10T02:41:53Z,245826,390000,400000,196
2026-08-10T02:41:53Z,245827,1500000,2990000,68
2026-08-10T02:41:53Z,245830,5634200,5634200,1165
2026-08-10T02:41:53Z,245831,110000,200000,1078
2026-08-10T02:41:53Z,245832,90000,128700,824
2026-08-10T02:41:53Z,245833,100000,120000,374
2026-08-10T02:41:53Z,245834,140600,142100,470
2026-08-10T02:41:53Z,245835,108000,126400,433
2026-08-10T02:41:53Z,245836,19900000,19900000,60
2026-08-10T02:41:53Z,245837,148800,149700,468
2026-08-10T02:41:53Z,245838,39998900,39998900,56
2026-08-10T02:41:53Z,245839,117900,120000,508
2026-08-10T02:41:53Z,245840,99800,100000,309
2026-08-10T02:41:53Z,245841,149700,200000,865
2026-08-10T02:41:53Z,245842,126900,130000,450
2026-08-10T02:41:53Z,245843,130000,138600,358
2026-08-10T02:41:53Z,245844,187800,187900,114
2026-08-10T02:41:53Z,245845,105900,119000,247
2026-08-10T02:41:53Z,245847,5399900,5449900,250
2026-08-10T02:41:53Z,245848,92300,124500,453
2026-08-10T02:41:53Z,245849,115900,132500,346
2026-08-10T02:41:53Z,245850,142100,162200,557
2026-08-10T02:41:53Z,245851,96800,120000,553
2026-08-10T02:41:53Z,245852,102300,114600,331
2026-08-10T02:41:53Z,245853,155000,155000,293
2026-08-10T02:41:53Z,245854,132700,149900,564
2026-08-10T02:41:53Z,245856,4898900,4899000,282
2026-08-10T02:41:53Z,245857,89700,110000,446
2026-08-10T02:41:53Z,245858,108400,117800,641
2026-08-10T02:41:53Z,245859,100000,147100,410
2026-08-10T02:41:53Z,245860,149700,158200,502
2026-08-10T02:41:53Z,245861,150000,170000,758
2026-08-10T02:41:53Z,245862,373000,419900,656
2026-08-10T02:41:53Z,245863,159700,176400,581
2026-08-10T02:41:53Z,245864,218700,218800,14048
2026-08-10T02:41:53Z,245865,4800,4800,19616
2026-08-10T02:41:53Z,245866,177800,203500,17968
2026-08-10T02:41:53Z,245867,11300,11400,5537
2026-08-10T02:41:53Z,245871,5199800,5199800,30
2026-08-10T02:41:53Z,245872,8409000,8409000,35
2026-08-10T02:41:53Z,245873,4990000,4990000,21
2026-08-10T02:41:53Z,245874,49999900,49999900,22
2026-08-10T02:41:53Z,245875,15239900,15239900,40
2026-08-10T02:41:53Z,245876,8009500,8009500,250
2026-08-10T02:41:53Z,245877,3880000,3880000,26
2026-08-10T02:41:53Z,245878,5780600,5900100,210
2026-08-10T02:41:53Z,245879,2950000,4270000,1397
2026-08-10T02:41:53Z,245880,5809900,6200000,276
2026-08-10T02:41:53Z,245881,2300,2300,126793
2026-08-10T02:41:53Z,245882,2500,8100,53324
2026-08-10T02:41:53Z,246063,290000100,290000100,1
2026-08-10T02:41:53Z,246376,9900000,9900000,39
2026-08-10T02:41:53Z,246383,149900,149900,638
2026-08-10T02:41:53Z,246447,180400,279100,29938
2026-08-10T02:41:53Z,246448,545500,549800,12804
2026-08-10T02:41:53Z,246449,1999000,1999800,1938
2026-08-10T02:41:53Z,246584,250002500,250002500,3
2026-08-10T02:41:53Z,247672,59900,59900,777
2026-08-10T02:41:53Z,247673,1999900,1999900,1472
2026-08-10T02:41:53Z,247692,9903900,9903900,45
2026-08-10T02:41:53Z,247693,20100,20100,66
2026-08-10T02:41:53Z,247694,9909800,9909800,69
2026-08-10T02:41:53Z,247695,9904400,9904400,30
2026-08-10T02:41:53Z,247696,100100,100100,65
2026-08-10T02:41:53Z,247698,31000,119000,96
2026-08-10T02:41:53Z,247699,8350800,8350800,101
2026-08-10T02:41:53Z,247700,66600,66600,146
2026-08-10T02:41:53Z,248130,75800,75800,6871
2026-08-10T02:41:53Z,248132,346200,346300,254
2026-08-10T02:41:53Z,248133,3283300,3283400,223
2026-08-10T02:41:53Z,248135,4900,4900,514
2026-08-10T02:41:53Z,248136,197300,197400,131
2026-08-10T02:41:53Z,248137,460000,490000,180
2026-08-10T02:41:53Z,248138,699800,699900,355
2026-08-10T02:41:53Z,248331,20000,20000,231
2026-08-10T02:41:53Z,248409,465400,489800,8304
2026-08-10T02:41:53Z,248486,299900,369600,4919
2026-08-10T02:41:53Z,248585,35700,35700,236
2026-08-10T02:41:53Z,248586,490000,490000,65
2026-08-10T02:41:53Z,248592,179800,179800,116
2026-08-10T02:41:53Z,249218,242800,360000,299
2026-08-10T02:41:53Z,249700,8509100,8889100,48
2026-08-10T02:41:53Z,249702,8469900,8469900,62
2026-08-10T02:41:53Z,249704,6990000,6990000,57
2026-08-10T02:41:53Z,249706,3499100,3500000,34
2026-08-10T02:41:53Z,249707,1242700,1242700,82
2026-08-10T02:41:53Z,249708,3900000,3900000,759
2026-08-10T02:41:53Z,250305,10000000,19900000,50
2026-08-10T02:41:53Z,250317,300000,300000,28
2026-08-10T02:41:53Z,250856,748000,748000,25
2026-08-10T02:41:53Z,250857,9900000,9900000,20
2026-08-10T02:41:53Z,250858,199000000,199000000,1
2026-08-10T02:41:53Z,250859,199000000,199000000,1
2026-08-10T02:41:53Z,250860,191128300,191128300,2
2026-08-10T02:41:53Z,250861,191128300,191128300,2
2026-08-10T02:41:53Z,250862,199008900,199008900,1
2026-08-10T02:41:53Z,250864,199008900,199008900,1
2026-08-10T02:41:53Z,250865,9908900,9908900,30
2026-08-10T02:41:53Z,250866,199008900,199008900,1
2026-08-10T02:41:53Z,250867,199008900,199008900,1
2026-08-10T02:41:53Z,250871,199008900,199008900,1
2026-08-10T02:41:53Z,251283,3355700,4445900,13947
2026-08-10T02:41:53Z,251285,5209900,5330100,14708
2026-08-10T02:41:53Z,251487,172100,174000,1619
2026-08-10T02:41:53Z,251488,4259600,4999700,228
2026-08-10T02:41:53Z,251489,1980000,1980000,69
2026-08-10T02:41:53Z,251490,6559900,6999900,673
2026-08-10T02:41:53Z,251665,900,900,1261233
2026-08-10T02:41:53Z,251691,700,700,251572
2026-08-10T02:41:53Z,251923,519800,549000,11837
2026-08-10T02:41:53Z,253302,2500,796500,79590
2026-08-10T02:41:53Z,253303,3300,3300,181313
2026-08-10T02:41:53Z,253307,4999900,5082600,12715
2026-08-10T02:41:53Z,253403,10900,18500,1598489
2026-08-10T02:41:53Z,253622,2503600,2503600,10
2026-08-10T02:41:53Z,253623,75001100,75001100,2
2026-08-10T02:41:53Z,254874,709900,899900,187
2026-08-10T02:41:53Z,255843,30000,30000,281
2026-08-10T02:41:53Z,255844,50300,50500,250
2026-08-10T02:41:53Z,255845,3980000,3980000,2103
2026-08-10T02:41:53Z,255846,3040000,3050000,5679
2026-08-10T02:41:53Z,255847,400000,410000,79588
2026-08-10T02:41:53Z,255848,330000,350000,9128
2026-08-10T02:41:53Z,256559,2000,5400,540740
2026-08-10T02:41:53Z,257735,8800,8800,181
2026-08-10T02:41:53Z,257741,238900,238900,194
2026-08-10T02:41:53Z,257745,69300,69300,110
2026-08-10T02:41:53Z,257746,3780600,3780600,261
2026-08-10T02:41:53Z,257747,70000,70000,128
2026-08-10T02:41:53Z,257748,3471400,3471400,159
2026-08-10T02:41:53Z,257749,299800,332300,101
2026-08-10T02:41:53Z,257750,1715500,1755500,227
2026-08-10T02:41:53Z,257751,328900,649900,103
2026-08-10T02:41:53Z,257752,3929700,3929700,417
2026-08-10T02:41:53Z,259085,5976100,6302700,13545
2026-08-10T02:41:53Z,259894,7500,7900,7100
2026-08-10T02:41:53Z,260232,989500,989600,324
2026-08-10T02:41:53Z,260254,7000,7000,681
2026-08-10T02:41:53Z,260255,129800,129800,850
2026-08-10T02:41:53Z,260256,9600,9600,1120
2026-08-10T02:41:53Z,260257,23300,23300,2431
2026-08-10T02:41:53Z,260258,8800,8800,1631
2026-08-10T02:41:53Z,260259,8000,8000,828
2026-08-10T02:41:53Z,260260,12500,13000,1360
2026-08-10T02:41:53Z,260261,9900,9900,3605
2026-08-10T02:41:53Z,260262,21800,21800,1427
2026-08-10T02:41:53Z,260263,503200,503200,1035
2026-08-10T02:41:53Z,260264,9900,9900,2300
2026-08-10T02:41:53Z,260267,9500,9500,490
2026-08-10T02:41:53Z,260268,9100,9100,1530
2026-08-10T02:41:53Z,260269,10700,10700,1119
2026-08-10T02:41:53Z,260270,29900,29900,779
2026-08-10T02:41:53Z,260271,485100,485100,1528
2026-08-10T02:41:53Z,260272,27200,27200,2244
2026-08-10T02:41:53Z,260273,209900,209900,1536
2026-08-10T02:41:53Z,260274,140400,140400,1294
2026-08-10T02:41:53Z,260275,154400,154400,321
2026-08-10T02:41:53Z,260276,17800,17800,769
2026-08-10T02:41:53Z,260277,29000,29000,794
2026-08-10T02:41:53Z,260278,7800,7800,1263
2026-08-10T02:41:53Z,260279,76500,76500,1598
2026-08-10T02:41:53Z,260280,49600,49700,1125
2026-08-10T02:41:53Z,260281,83600,83600,1308
2026-08-10T02:41:53Z,260282,68600,68600,619
2026-08-10T02:41:53Z,260283,59100,59100,1688
2026-08-10T02:41:53Z,260284,21100,21100,1679
2026-08-10T02:41:53Z,260285,20000,20000,1435
2026-08-10T02:41:53Z,260286,901100,901100,847
2026-08-10T02:41:53Z,260287,29500,29500,1582
2026-08-10T02:41:53Z,260288,38900,38900,745
2026-08-10T02:41:53Z,260289,66100,66100,1252
2026-08-10T02:41:53Z,260290,17500,17500,884
2026-08-10T02:41:53Z,260291,16900,16900,891
2026-08-10T02:41:53Z,260292,440000,440000,1495
2026-08-10T02:41:53Z,260293,39600,39600,2199
2026-08-10T02:41:53Z,260294,65100,65100,1496
2026-08-10T02:41:53Z,260295,20000,20000,633
2026-08-10T02:41:53Z,260296,19700,19700,722
2026-08-10T02:41:53Z,260297,94400,94400,702
2026-08-10T02:41:53Z,260298,9909300,9909300,380
2026-08-10T02:41:53Z,260299,20900,20900,360
2026-08-10T02:41:53Z,260309,6800,6800,336
2026-08-10T02:41:53Z,260428,9902000,9902000,101
2026-08-10T02:41:53Z,260429,199800000,199800000,10
2026-08-10T02:41:53Z,260588,5009900,9909900,50
2026-08-10T02:41:53Z,260589,290009900,290009900,2
2026-08-10T02:41:53Z,260604,18700,18700,86
2026-08-10T02:41:53Z,260605,20000,20000,46
2026-08-10T02:41:53Z,260606,20000,20900,359
2026-08-10T02:41:53Z,260608,216700,216700,31
2026-08-10T02:41:53Z,260611,19900,19900,69
2026-08-10T02:41:53Z,260613,6900,10000,99
2026-08-10T02:41:53Z,260614,7300,7300,1116
2026-08-10T02:41:53Z,260615,7000,7500,144
2026-08-10T02:41:53Z,260616,330000,330000,11
2026-08-10T02:41:53Z,260617,22500,22800,56
2026-08-10T02:41:53Z,260618,19700,19700,268
2026-08-10T02:41:53Z,260619,254000,254000,13
2026-08-10T02:41:53Z,260620,6400,6400,183
2026-08-10T02:41:53Z,260621,19200,19200,54
2026-08-10T02:41:53Z,260636,18800,18800,80
2026-08-10T02:41:53Z,260637,19200,19200,204
2026-08-10T02:41:53Z,260638,20200,20600,741
2026-08-10T02:41:53Z,260639,19900,22100,400
2026-08-10T02:41:53Z,260640,22200,22200,88
2026-08-10T02:41:53Z,260641,30000,30000,97
2026-08-10T02:41:53Z,260642,27000,27000,212
2026-08-10T02:41:53Z,260643,22000,22000,182
2026-08-10T02:41:53Z,260644,20000,20000,48
2026-08-10T02:41:53Z,260645,20000,29500,67
2026-08-10T02:41:53Z,260646,19300,19300,296
2026-08-10T02:41:53Z,260647,21200,21200,152
2026-08-10T02:41:53Z,260648,19100,19100,206
2026-08-10T02:41:53Z,260649,20600,20600,31
2026-08-10T02:41:53Z,260650,19600,19600,326
2026-08-10T02:41:53Z,260651,25600,25600,518
2026-08-10T02:41:53Z,260652,20900,20900,263
2026-08-10T02:41:53Z,260653,7200,7200,384
2026-08-10T02:41:53Z,260654,7400,7400,329
2026-08-10T02:41:53Z,260655,7000,7000,470
2026-08-10T02:41:53Z,260656,7100,7100,330
2026-08-10T02:41:53Z,260657,6400,6400,394
2026-08-10T02:41:53Z,260658,10500,19200,889
2026-08-10T02:41:53Z,260659,7000,7000,2887
2026-08-10T02:41:53Z,260660,7100,7100,701
2026-08-10T02:41:53Z,260661,6400,6400,490
2026-08-10T02:41:53Z,260662,6800,6800,607
2026-08-10T02:41:53Z,260663,6900,6900,59
2026-08-10T02:41:53Z,260664,7000,7000,842
2026-08-10T02:41:53Z,260665,6800,6800,458
2026-08-10T02:41:53Z,260666,6900,6900,271
2026-08-10T02:41:53Z,260667,10000,10000,115
2026-08-10T02:41:53Z,260668,6100,6100,27
2026-08-10T02:41:53Z,260669,10000,14000,422
2026-08-10T02:41:53Z,260670,6100,6100,324
2026-08-10T02:41:53Z,260671,7400,7400,355
2026-08-10T02:41:53Z,260672,6800,6800,556
2026-08-10T02:41:53Z,260673,6300,6300,128
2026-08-10T02:41:53Z,260674,1000000,1000000,2
2026-08-10T02:41:53Z,260675,229800,229900,36
2026-08-10T02:41:53Z,260676,349900,356500,42
2026-08-10T02:41:53Z,260677,220200,238500,143
2026-08-10T02:41:53Z,260678,300000,359500,285
2026-08-10T02:41:53Z,260679,219000,219000,11
2026-08-10T02:41:53Z,260680,218600,218600,28
2026-08-10T02:41:53Z,260681,550000,550200,27
2026-08-10T02:41:53Z,260683,257000,257500,76
2026-08-10T02:41:53Z,260684,220200,255100,57
2026-08-10T02:41:53Z,260685,261600,261600,37
2026-08-10T02:41:53Z,260686,262000,262200,10
2026-08-10T02:41:53Z,260687,220200,310300,155
2026-08-10T02:41:53Z,260688,249900,249900,43
2026-08-10T02:41:53Z,260689,253000,253200,98
2026-08-10T02:41:53Z,260690,218200,218200,9
2026-08-10T02:41:53Z,260691,243900,243900,47
2026-08-10T02:41:53Z,260692,230500,230500,63
2026-08-10T02:41:53Z,260693,2503000,2504000,21
2026-08-10T02:41:53Z,260694,250100,250100,10
2026-08-10T02:41:53Z,260695,236500,236500,11
2026-08-10T02:41:53Z,262562,19902000,19902000,38
2026-08-10T02:41:53Z,262563,19902000,19902000,40
2026-08-10T02:41:53Z,262564,19902000,19902000,40
2026-08-10T02:41:53Z,262565,19902000,19902000,37
2026-08-10T02:41:53Z,262650,128600,148800,1083
2026-08-10T02:41:53Z,262651,73800,75000,1538
2026-08-10T02:41:53Z,262792,14900,33900,9171
2026-08-10T02:41:53Z,262793,2390500,2697300,473
2026-08-10T02:41:53Z,262794,66490000,66500000,82
2026-08-10T02:41:53Z,262795,399999900,399999900,17
2026-08-10T02:41:53Z,262796,780000000,999999900,10
2026-08-10T02:41:53Z,262797,41900,63400,9068
2026-08-10T02:41:53Z,262798,4237000,4245800,685
2026-08-10T02:41:53Z,262799,90009800,99999800,40
2026-08-10T02:41:53Z,262800,639999900,639999900,7
2026-08-10T02:41:53Z,262880,5000000,5000000,67
2026-08-10T02:41:53Z,264973,708000,708000,386
2026-08-10T02:41:53Z,264981,149900,149900,731
2026-08-10T02:41:53Z,264982,149900,149900,733
2026-08-10T02:41:53Z,264983,94600,94600,618
2026-08-10T02:41:53Z,264984,89400,89400,1858
2026-08-10T02:41:53Z,264985,19900,19900,519
2026-08-10T02:41:53Z,264987,149900,149900,883
2026-08-10T02:41:53Z,264989,29900,29900,933
2026-08-10T02:41:53Z,264990,185500,185500,621
2026-08-10T02:41:53Z,264991,309900,309900,538
2026-08-10T02:41:53Z,264992,901100,901100,529
2026-08-10T02:41:53Z,264993,701100,701100,684
2026-08-10T02:41:53Z,264994,709900,709900,75
2026-08-10T02:41:53Z,264995,709900,709900,331
2026-08-10T02:41:53Z,265040,290007600,290007600,5
2026-08-10T02:41:53Z,265041,2490000,2490000,29
2026-08-10T02:41:53Z,265043,290007600,290007600,1
2026-08-10T02:41:53Z,265044,980007600,980007600,1
2026-08-10T02:41:53Z,265048,290007600,290007600,1
2026-08-10T02:41:53Z,265049,290007600,290007600,1
2026-08-10T02:41:53Z,265050,290007600,290007600,1
2026-08-10T02:41:53Z,265051,20000000,35000000,26
2026-08-10T02:41:53Z,265052,290007600,290007600,2
2026-08-10T02:41:53Z,265053,290007600,290007600,1
2026-08-10T02:41:53Z,265054,49000000,49000000,20
2026-08-10T02:41:53Z,265055,8796969900,8796969900,6
2026-08-10T02:41:53Z,265664,450000,450000,389
2026-08-10T02:41:53Z,265665,701100,701100,453
2026-08-10T02:41:53Z,265666,490000,490000,475
2026-08-10T02:41:53Z,265667,70000,70000,678
2026-08-10T02:41:53Z,265668,130000,130000,208
2026-08-10T02:41:53Z,265669,108800,108800,315
2026-08-10T02:41:53Z,265800,182200,182200,604
2026-08-10T02:41:53Z,265801,168300,212600,2641
2026-08-10T02:41:53Z,265803,9800000,11679900,966
2026-08-10T02:41:53Z,265816,200000,200000,11
2026-08-10T02:41:53Z,265828,499000,499000,5
2026-08-10T02:41:53Z,266002,10000,4903000,739
2026-08-10T02:41:53Z,266102,9600,450000,1214
2026-08-10T02:41:53Z,267379,185700,185700,126
2026-08-10T02:41:53Z,267486,285000,285000,221
2026-08-10T02:41:53Z,267615,60000,60000,120
2026-08-10T02:41:53Z,267617,136000,137300,189
2026-08-10T02:41:53Z,267618,9800,9800,71
2026-08-10T02:41:53Z,267619,700800,700800,214
2026-08-10T02:41:53Z,267623,991100,1001100,254
2026-08-10T02:41:53Z,267624,49900,49900,125
2026-08-10T02:41:53Z,267625,2994000,3004000,141
2026-08-10T02:41:53Z,267626,706800,706800,121
2026-08-10T02:41:53Z,267627,709000,709000,69
2026-08-10T02:41:53Z,267628,9997900,9997900,39
2026-08-10T02:41:53Z,267650,100000,100000,57
2026-08-10T02:41:53Z,267652,309900,309900,126
2026-08-10T02:41:53Z,268025,450000,450000,189
2026-08-10T02:41:53Z,268053,1000000,1000000,90
2026-08-10T02:41:53Z,268068,79900,80000,160
2026-08-10T02:41:53Z,268085,2997900,9907900,69
2026-08-10T02:41:53Z,268110,50000,50000,172
2026-08-10T02:41:53Z,268111,70000,120000,185
2026-08-10T02:41:53Z,268112,199800,199900,79
2026-08-10T02:41:53Z,268115,415800,415800,126
2026-08-10T02:41:53Z,268116,34900,35000,68
2026-08-10T02:41:53Z,268954,38700,38900,4680
2026-08-10T02:41:53Z,268955,79000,80000,191
2026-08-10T02:41:53Z,269586,900000,1000000,1287
2026-08-10T02:41:53Z,272046,7400,7400,52
2026-08-10T02:41:53Z,272047,8000,8300,58
2026-08-10T02:41:53Z,272048,5500,5500,53
2026-08-10T02:41:53Z,272049,5500,5500,64
2026-08-10T02:41:53Z,272051,18800,18800,97
2026-08-10T02:41:53Z,272052,150000,151100,86
2026-08-10T02:41:53Z,272109,5100,5100,72
2026-08-10T02:41:53Z,272110,7600,7600,90
2026-08-10T02:41:53Z,272111,55000,59000,45
2026-08-10T02:41:53Z,272112,26900,26900,25
2026-08-10T02:41:53Z,272113,1850000,2050000,52
2026-08-10T02:41:53Z,272114,10000,10000,50
2026-08-10T02:41:53Z,272115,17400,17400,50
2026-08-10T02:41:53Z,272116,5500,5500,59
2026-08-10T02:41:53Z,272117,5100,5100,53
2026-08-10T02:41:53Z,272118,6400,6400,49
2026-08-10T02:41:53Z,272119,9000,19909000,43
2026-08-10T02:41:53Z,272120,70600,70700,28
2026-08-10T02:41:53Z,272892,14400,14400,61
2026-08-10T02:41:53Z,272893,140000,140000,25
2026-08-10T02:41:53Z,272894,12200,12500,58
2026-08-10T02:41:53Z,273013,1230000,1240000,28
2026-08-10T02:41:53Z,273014,10800,10800,70
2026-08-10T02:41:53Z,274772,100,200,2187
2026-08-10T02:41:53Z,274774,9500000,9500000,20
2026-08-10T02:41:53Z,274775,157700,157700,54
2026-08-10T02:41:53Z,274793,3391500,3990000,49
2026-08-10T02:41:53Z,274794,57300,67400,77
2026-08-10T02:41:53Z,275699,3990000,4000000,9
2026-08-10T02:41:53Z,276343,130000,130000,39
2026-08-10T02:41:53Z,276344,250000,250000,31
2026-08-10T02:41:53Z,276345,123400,123400,30
2026-08-10T02:41:53Z,276348,1600000,1850000,28
2026-08-10T02:41:53Z,276349,20000,20000,24
2026-08-10T02:41:53Z,276350,448500,448500,30
2026-08-10T02:41:53Z,276353,200000,200000,54
2026-08-10T02:41:53Z,276354,9500007600,9500007600,1
2026-08-10T02:41:53Z,276355,300000,300000,38
2026-08-10T02:41:53Z,276357,2495500,2500000,59
2026-08-10T02:41:53Z,276358,305500,307000,56
2026-08-10T02:41:53Z,276359,340100,340100,41
2026-08-10T02:41:53Z,276360,1250000,1250000,50
2026-08-10T02:41:53Z,276361,2000000,2000000,30
2026-08-10T02:41:53Z,276362,1500000,1500000,29
2026-08-10T02:41:53Z,276374,1450600,1990000,113
2026-08-10T02:41:53Z,276375,125500,149900,181
