updated_utc,item_id,floor_copper,market_copper,quantity
2026-08-14T05:20:04Z,117,400,400,193
2026-08-14T05:20:04Z,118,1100,1100,816
2026-08-14T05:20:04Z,159,500,500,3379
2026-08-14T05:20:04Z,414,600,600,59
2026-08-14T05:20:04Z,422,200,200,89
2026-08-14T05:20:04Z,537,4900000,49000000,22
2026-08-14T05:20:04Z,555,9500000100,9500000100,1
2026-08-14T05:20:04Z,556,49000200,49000200,20
2026-08-14T05:20:04Z,723,200,1700,1745
2026-08-14T05:20:04Z,724,2800,2900,116
2026-08-14T05:20:04Z,729,290000100,290000100,1
2026-08-14T05:20:04Z,730,49000100,49000100,9
2026-08-14T05:20:04Z,731,290000100,290000100,1
2026-08-14T05:20:04Z,733,900,1900,141
2026-08-14T05:20:04Z,765,20000,35800,60777
2026-08-14T05:20:04Z,769,7300,7300,35195
2026-08-14T05:20:04Z,770,44400,49004400,22
2026-08-14T05:20:04Z,771,1000,1000,53
2026-08-14T05:20:04Z,774,16000,20100,5903
2026-08-14T05:20:04Z,779,969900,49009900,23
2026-08-14T05:20:04Z,783,15000,47300,26660
2026-08-14T05:20:04Z,785,22500,52100,25669
2026-08-14T05:20:04Z,787,16500,16500,37
2026-08-14T05:20:04Z,813,49000100,49000100,20
2026-08-14T05:20:04Z,814,500,1400,5026
2026-08-14T05:20:04Z,818,9900,20000,2880
2026-08-14T05:20:04Z,858,400,400,442
2026-08-14T05:20:04Z,878,290000100,290000100,2
2026-08-14T05:20:04Z,929,300,300,370
2026-08-14T05:20:04Z,954,1000,1000,33
2026-08-14T05:20:04Z,955,34500,55600,32
2026-08-14T05:20:04Z,961,9800,9800,73
2026-08-14T05:20:04Z,1015,4800,7400,29847
2026-08-14T05:20:04Z,1017,1500,2500,297
2026-08-14T05:20:04Z,1074,800,49000500,23
2026-08-14T05:20:04Z,1080,1500,1500,526
2026-08-14T05:20:04Z,1081,49000100,49000100,20
2026-08-14T05:20:04Z,1082,30300,30300,89
2026-08-14T05:20:04Z,1175,49000100,49000100,17
2026-08-14T05:20:04Z,1177,200,300,41
2026-08-14T05:20:04Z,1178,19307200,19307200,28
2026-08-14T05:20:04Z,1179,100,200,3234
2026-08-14T05:20:04Z,1180,500,8100,107
2026-08-14T05:20:04Z,1181,1000,1000,154
2026-08-14T05:20:04Z,1205,100,200,158
2026-08-14T05:20:04Z,1206,191900,225000,3382
2026-08-14T05:20:04Z,1210,10000,15800,19235
2026-08-14T05:20:04Z,1222,49000100,49000100,20
2026-08-14T05:20:04Z,1251,800,800,559
2026-08-14T05:20:04Z,1274,49000100,49000100,44
2026-08-14T05:20:04Z,1288,1000,4400,5528
2026-08-14T05:20:04Z,1326,19990000,19990000,10
2026-08-14T05:20:04Z,1399,199999900,199999900,4
2026-08-14T05:20:04Z,1401,249990000,249990000,1
2026-08-14T05:20:04Z,1468,700,1000,9079
2026-08-14T05:20:04Z,1475,6800,6800,7389
2026-08-14T05:20:04Z,1476,49900,49009900,22
2026-08-14T05:20:04Z,1477,200,300,147
2026-08-14T05:20:04Z,1478,9781200,9781200,20
2026-08-14T05:20:04Z,1520,1200,1200,388
2026-08-14T05:20:04Z,1529,11100,129600,4743
2026-08-14T05:20:04Z,1630,1500000100,1500000100,1
2026-08-14T05:20:04Z,1645,1000,1000,4359
2026-08-14T05:20:04Z,1687,49000400,49000400,20
2026-08-14T05:20:04Z,1688,290001300,290001300,1
2026-08-14T05:20:04Z,1696,2000,2000,72
2026-08-14T05:20:04Z,1697,500,500,20
2026-08-14T05:20:04Z,1701,1100,1100,32
2026-08-14T05:20:04Z,1702,30000,30000,26
2026-08-14T05:20:04Z,1703,95000000,95000000,3
2026-08-14T05:20:04Z,1705,9900,13500,10940
2026-08-14T05:20:04Z,1706,290000200,290000200,1
2026-08-14T05:20:04Z,1707,200,200,120
2026-08-14T05:20:04Z,1708,200,200,218
2026-08-14T05:20:04Z,1710,300,121600,355
2026-08-14T05:20:04Z,1711,4000,11700,641
2026-08-14T05:20:04Z,1712,232000,232000,51
2026-08-14T05:20:04Z,2070,2200,2200,162
2026-08-14T05:20:04Z,2091,199000000,199000000,2
2026-08-14T05:20:04Z,2251,3800,5200,23839
2026-08-14T05:20:04Z,2287,100,200,175
2026-08-14T05:20:04Z,2289,200,200,172
2026-08-14T05:20:04Z,2290,400,500,164
2026-08-14T05:20:04Z,2295,500,500,26
2026-08-14T05:20:04Z,2296,290000100,290000100,1
2026-08-14T05:20:04Z,2304,900,900,420
2026-08-14T05:20:04Z,2313,1000,99900,59
2026-08-14T05:20:04Z,2318,14900,17500,40074
2026-08-14T05:20:04Z,2319,27500,27700,19071
2026-08-14T05:20:04Z,2320,100,100,1276639
2026-08-14T05:20:04Z,2321,2000,3800,211987
2026-08-14T05:20:04Z,2324,100,200,33515
2026-08-14T05:20:04Z,2325,1300,1500,32645
2026-08-14T05:20:04Z,2447,30000,45700,62362
2026-08-14T05:20:04Z,2449,20000,23900,61054
2026-08-14T05:20:04Z,2450,34500,37500,16500
2026-08-14T05:20:04Z,2452,34000,47400,29396
2026-08-14T05:20:04Z,2453,20000,30000,11236
2026-08-14T05:20:04Z,2454,900,900,1866
2026-08-14T05:20:04Z,2455,1000,1000,611
2026-08-14T05:20:04Z,2456,200,200,129
2026-08-14T05:20:04Z,2457,92600,92600,149
2026-08-14T05:20:04Z,2458,500,500,466
2026-08-14T05:20:04Z,2459,40000,69600,13251
2026-08-14T05:20:04Z,2460,340000,340000,2449
2026-08-14T05:20:04Z,2512,414200,414200,200
2026-08-14T05:20:04Z,2515,405000,405000,995
2026-08-14T05:20:04Z,2516,49003400,49003400,20
2026-08-14T05:20:04Z,2519,336200,336200,405
2026-08-14T05:20:04Z,2581,900,900,363
2026-08-14T05:20:04Z,2589,900,1200,306533
2026-08-14T05:20:04Z,2590,5500000100,5500000100,1
2026-08-14T05:20:04Z,2591,990000100,990000100,1
2026-08-14T05:20:04Z,2592,1500,1700,130244
2026-08-14T05:20:04Z,2593,59500,59600,204
2026-08-14T05:20:04Z,2594,16800,25500,61
2026-08-14T05:20:04Z,2595,48400,49000,1900
2026-08-14T05:20:04Z,2596,50000,9980000,51
2026-08-14T05:20:04Z,2604,100,100,275298
2026-08-14T05:20:04Z,2605,100,200,18599
2026-08-14T05:20:04Z,2608,45000,49005000,21
2026-08-14T05:20:04Z,2665,8500,890000,907
2026-08-14T05:20:04Z,2672,900,1300,2988
2026-08-14T05:20:04Z,2673,17500,19400,728
2026-08-14T05:20:04Z,2674,13100,19100,765
2026-08-14T05:20:04Z,2675,2200,2300,1642
2026-08-14T05:20:04Z,2677,16400,49900,11668
2026-08-14T05:20:04Z,2678,100,100,59623
2026-08-14T05:20:04Z,2679,100,200,645
2026-08-14T05:20:04Z,2680,1000,1000,280
2026-08-14T05:20:04Z,2681,400,1800,230
2026-08-14T05:20:04Z,2682,8800,8800,164
2026-08-14T05:20:04Z,2683,9900,9900,88
2026-08-14T05:20:04Z,2684,400,500,144
2026-08-14T05:20:04Z,2685,220400,220400,59
2026-08-14T05:20:04Z,2686,39400,39400,165
2026-08-14T05:20:04Z,2687,1800,1800,257
2026-08-14T05:20:04Z,2692,49000100,49000100,20
2026-08-14T05:20:04Z,2723,2800,9500,72
2026-08-14T05:20:04Z,2725,8888800,9980700,26
2026-08-14T05:20:04Z,2728,2993300,2993300,34
2026-08-14T05:20:04Z,2730,9980100,9980100,28
2026-08-14T05:20:04Z,2732,410000,9990000,27
2026-08-14T05:20:04Z,2734,3455900,9989800,26
2026-08-14T05:20:04Z,2735,9970000,9970000,28
2026-08-14T05:20:04Z,2738,199990000,199990000,6
2026-08-14T05:20:04Z,2740,989800,9989900,27
2026-08-14T05:20:04Z,2742,9954800,9954800,32
2026-08-14T05:20:04Z,2744,9993400,9993400,25
2026-08-14T05:20:04Z,2745,9990200,9990200,26
2026-08-14T05:20:04Z,2748,343500,343500,32
2026-08-14T05:20:04Z,2749,70000,9880000,28
2026-08-14T05:20:04Z,2750,410000,9990000,28
2026-08-14T05:20:04Z,2751,2890000,2890000,33
2026-08-14T05:20:04Z,2770,19000,27200,220264
2026-08-14T05:20:04Z,2771,18500,19900,137465
2026-08-14T05:20:04Z,2772,47500,50000,1678
2026-08-14T05:20:04Z,2775,137500,150000,9597
2026-08-14T05:20:04Z,2776,76500,80000,36214
2026-08-14T05:20:04Z,2798,2200,2500,89
2026-08-14T05:20:04Z,2799,500,500,86
2026-08-14T05:20:04Z,2835,800,800,90067
2026-08-14T05:20:04Z,2836,600,1000,26892
2026-08-14T05:20:04Z,2838,1300,4900,53327
2026-08-14T05:20:04Z,2840,19000,20000,17422
2026-08-14T05:20:04Z,2841,24700,24700,8685
2026-08-14T05:20:04Z,2842,90000,170000,3052
2026-08-14T05:20:04Z,2862,100,200,3405
2026-08-14T05:20:04Z,2863,600,600,138
2026-08-14T05:20:04Z,2871,1000,1000,153
2026-08-14T05:20:04Z,2880,1000,1100,31688
2026-08-14T05:20:04Z,2886,9900,16400,2030
2026-08-14T05:20:04Z,2888,15000,15100,120
2026-08-14T05:20:04Z,2892,77800,77800,64
2026-08-14T05:20:04Z,2893,290000100,290000100,1
2026-08-14T05:20:04Z,2894,540000,9800000,142
2026-08-14T05:20:04Z,2924,400,4800,1050
2026-08-14T05:20:04Z,2928,1500000100,1500000100,1
2026-08-14T05:20:04Z,2930,290000100,290000100,1
2026-08-14T05:20:04Z,2934,9900,14000,8081
2026-08-14T05:20:04Z,2940,85600,211200,38
2026-08-14T05:20:04Z,2946,198992300,198992300,297
2026-08-14T05:20:04Z,2947,199904700,199904700,1
2026-08-14T05:20:04Z,2996,3400,3500,6125
2026-08-14T05:20:04Z,2997,4100,4600,10478
2026-08-14T05:20:04Z,3010,5000,5000,51
2026-08-14T05:20:04Z,3012,8500,121300,55
2026-08-14T05:20:04Z,3013,8000,8000,51
2026-08-14T05:20:04Z,3030,7770100,9900100,1001
2026-08-14T05:20:04Z,3107,3500000000,3500000000,1
2026-08-14T05:20:04Z,3108,3094832000,3127968500,208
2026-08-14T05:20:04Z,3111,3438351700,3438351700,1
2026-08-14T05:20:04Z,3137,19990000,19990000,10
2026-08-14T05:20:04Z,3164,15000000,15000000,32
2026-08-14T05:20:04Z,3167,300,300,43
2026-08-14T05:20:04Z,3168,49000100,49000100,25
2026-08-14T05:20:04Z,3169,800,800,55
2026-08-14T05:20:04Z,3170,1000,1000,69
2026-08-14T05:20:04Z,3171,14000,19900,37
2026-08-14T05:20:04Z,3172,49009800,49009800,11
2026-08-14T05:20:04Z,3173,700,1200,3204
2026-08-14T05:20:04Z,3174,92281400,92281400,2
2026-08-14T05:20:04Z,3175,49000200,49000200,23
2026-08-14T05:20:04Z,3176,9989200,49009200,23
2026-08-14T05:20:04Z,3177,6831300,6831300,32
2026-08-14T05:20:04Z,3179,49000200,49000200,20
2026-08-14T05:20:04Z,3180,49000000,49000000,20
2026-08-14T05:20:04Z,3181,20000,20000,29
2026-08-14T05:20:04Z,3182,1100000,1100000,482
2026-08-14T05:20:04Z,3220,800,13300,398
2026-08-14T05:20:04Z,3239,2200,2200,224
2026-08-14T05:20:04Z,3240,5000,5000,102
2026-08-14T05:20:04Z,3241,5800,5800,50
2026-08-14T05:20:04Z,3299,300,300,55
2026-08-14T05:20:04Z,3300,64700,64700,22
2026-08-14T05:20:04Z,3301,200,200,86
2026-08-14T05:20:04Z,3340,4999900,4999900,83
2026-08-14T05:20:04Z,3355,35000,69500,9530
2026-08-14T05:20:04Z,3356,40000,40000,2208
2026-08-14T05:20:04Z,3357,42200,76900,31497
2026-08-14T05:20:04Z,3358,88400,89600,1213
2026-08-14T05:20:04Z,3369,120000,188100,3035
2026-08-14T05:20:04Z,3371,100,100,84294
2026-08-14T05:20:04Z,3372,49008600,49008700,74
2026-08-14T05:20:04Z,3382,400,400,133
2026-08-14T05:20:04Z,3383,9000,9500,116
2026-08-14T05:20:04Z,3385,100,300,457
2026-08-14T05:20:04Z,3386,79700,79700,1922
2026-08-14T05:20:04Z,3387,403900,538700,76
2026-08-14T05:20:04Z,3388,9500,9600,82
2026-08-14T05:20:04Z,3389,18000,18500,369
2026-08-14T05:20:04Z,3390,500000,500000,426
2026-08-14T05:20:04Z,3391,767400,767400,355
2026-08-14T05:20:04Z,3401,1477400,1477400,33
2026-08-14T05:20:04Z,3402,40000,40000,29
2026-08-14T05:20:04Z,3403,700,700,40
2026-08-14T05:20:04Z,3404,57100,60200,4897
2026-08-14T05:20:04Z,3448,9900500,9900500,39
2026-08-14T05:20:04Z,3464,1500000100,1500000100,1
2026-08-14T05:20:04Z,3465,5500000100,5500000100,101
2026-08-14T05:20:04Z,3466,1200,1200,8723
2026-08-14T05:20:04Z,3470,1400,1400,7288
2026-08-14T05:20:04Z,3478,10100,10100,10057
2026-08-14T05:20:04Z,3486,12600,14100,2881
2026-08-14T05:20:04Z,3530,900,900,166
2026-08-14T05:20:04Z,3531,4600,4600,197
2026-08-14T05:20:04Z,3575,49000,61000,9150
2026-08-14T05:20:04Z,3576,19000,19000,3587
2026-08-14T05:20:04Z,3577,75000,75000,2952
2026-08-14T05:20:04Z,3662,30800,30800,88
2026-08-14T05:20:04Z,3663,7000,7000,187
2026-08-14T05:20:04Z,3664,1600,1600,84
2026-08-14T05:20:04Z,3665,1000,1000,210
2026-08-14T05:20:04Z,3666,1800,1800,249
2026-08-14T05:20:04Z,3667,500,800,1313
2026-08-14T05:20:04Z,3669,138600,138600,40
2026-08-14T05:20:04Z,3670,459900,459900,151
2026-08-14T05:20:04Z,3671,3300,3300,40
2026-08-14T05:20:04Z,3673,81000,81000,25
2026-08-14T05:20:04Z,3674,1600,1700,42
2026-08-14T05:20:04Z,3676,46200,46200,37
2026-08-14T05:20:04Z,3685,2000,4700,44259
2026-08-14T05:20:04Z,3702,100000,49000000,21
2026-08-14T05:20:04Z,3703,9995800,9995800,22
2026-08-14T05:20:04Z,3712,10000,11500,7002
2026-08-14T05:20:04Z,3713,290000100,290000100,1
2026-08-14T05:20:04Z,3726,950900,950900,98
2026-08-14T05:20:04Z,3727,250000,9969800,27
2026-08-14T05:20:04Z,3728,9969900,9969900,102
2026-08-14T05:20:04Z,3729,500,500,335
2026-08-14T05:20:04Z,3730,1000,1400,625
2026-08-14T05:20:04Z,3731,140000,900000,5104
2026-08-14T05:20:04Z,3745,50000000,70000000,20
2026-08-14T05:20:04Z,3769,450000100,450000100,1
2026-08-14T05:20:04Z,3770,100,200,504
2026-08-14T05:20:04Z,3771,200,400,296
2026-08-14T05:20:04Z,3775,1083600,1083600,57
2026-08-14T05:20:04Z,3776,290000300,290000300,1
2026-08-14T05:20:04Z,3818,80000,114400,2269
2026-08-14T05:20:04Z,3819,120000,120000,10424
2026-08-14T05:20:04Z,3820,29000,30900,6279
2026-08-14T05:20:04Z,3821,165000,183000,4646
2026-08-14T05:20:04Z,3823,52200,52200,436
2026-08-14T05:20:04Z,3824,699500,699500,64
2026-08-14T05:20:04Z,3825,60000,136700,194
2026-08-14T05:20:04Z,3826,22500,22500,203
2026-08-14T05:20:04Z,3827,3700,8100,904
2026-08-14T05:20:04Z,3828,2002700,2002700,152
2026-08-14T05:20:04Z,3829,1080400,1080400,217
2026-08-14T05:20:04Z,3857,600,700,10271
2026-08-14T05:20:04Z,3858,49000,49000,212376
2026-08-14T05:20:04Z,3859,62000,65000,5304
2026-08-14T05:20:04Z,3860,55500,60800,11321
2026-08-14T05:20:04Z,3864,8700,10000,1083
2026-08-14T05:20:04Z,3927,400,400,9573
2026-08-14T05:20:04Z,3928,300,300,813
2026-08-14T05:20:04Z,3931,8000,8000,57
2026-08-14T05:20:04Z,4093,49001100,49001100,20
2026-08-14T05:20:04Z,4096,49001000,49001000,16
2026-08-14T05:20:04Z,4097,9900,9900,44
2026-08-14T05:20:04Z,4099,1500001700,1500001700,1
2026-08-14T05:20:04Z,4231,56000,56000,14390
2026-08-14T05:20:04Z,4232,26300,33700,5620
2026-08-14T05:20:04Z,4233,33000,33000,32805
2026-08-14T05:20:04Z,4234,60900,75500,25379
2026-08-14T05:20:04Z,4235,669600,669900,3260
2026-08-14T05:20:04Z,4236,670000,735000,3249
2026-08-14T05:20:04Z,4265,1500,1500,142
2026-08-14T05:20:04Z,4278,9879000,9879000,259
2026-08-14T05:20:04Z,4289,2900,3100,92386
2026-08-14T05:20:04Z,4291,1200,1400,80202
2026-08-14T05:20:04Z,4304,59900,121100,56931
2026-08-14T05:20:04Z,4305,3000,3300,13150
2026-08-14T05:20:04Z,4306,800,800,221597
2026-08-14T05:20:04Z,4337,2400,3000,23137
2026-08-14T05:20:04Z,4338,1100,2900,131088
2026-08-14T05:20:04Z,4339,4200,5300,8395
2026-08-14T05:20:04Z,4340,600,700,6859
2026-08-14T05:20:04Z,4341,400,400,2545
2026-08-14T05:20:04Z,4342,9900,30000,15621
2026-08-14T05:20:04Z,4357,1200,1600,23131
2026-08-14T05:20:04Z,4358,1300,1300,334
2026-08-14T05:20:04Z,4359,25700,45700,204934
2026-08-14T05:20:04Z,4360,400,400,328
2026-08-14T05:20:04Z,4361,17000,17000,59
2026-08-14T05:20:04Z,4363,1200,49001200,22
2026-08-14T05:20:04Z,4364,1100,1100,18769
2026-08-14T05:20:04Z,4365,400,400,370
2026-08-14T05:20:04Z,4366,14100,14100,197
2026-08-14T05:20:04Z,4367,137300,137300,88
2026-08-14T05:20:04Z,4370,12500,50900,123
2026-08-14T05:20:04Z,4371,57300,69700,8328
2026-08-14T05:20:04Z,4374,239800,239900,95
2026-08-14T05:20:04Z,4375,76000,76000,3006
2026-08-14T05:20:04Z,4377,2800,3000,2386
2026-08-14T05:20:04Z,4378,47000,47000,159
2026-08-14T05:20:04Z,4380,11500,11500,143
2026-08-14T05:20:04Z,4382,68000,75000,422
2026-08-14T05:20:04Z,4384,7000,7000,96
2026-08-14T05:20:04Z,4387,121000,121000,609
2026-08-14T05:20:04Z,4389,79700,79800,1329
2026-08-14T05:20:04Z,4390,4700,4700,490
2026-08-14T05:20:04Z,4391,1000000,1000000,31
2026-08-14T05:20:04Z,4392,1129900,1156600,130
2026-08-14T05:20:04Z,4394,144900,144900,111
2026-08-14T05:20:04Z,4395,555900,555900,157
2026-08-14T05:20:04Z,4398,391400,391400,113
2026-08-14T05:20:04Z,4399,400,400,3902
2026-08-14T05:20:04Z,4400,4200,4200,1167
2026-08-14T05:20:04Z,4402,1030000,1030000,2037
2026-08-14T05:20:04Z,4404,38000,84100,769
2026-08-14T05:20:04Z,4405,2300,2300,68
2026-08-14T05:20:04Z,4406,1476600,1476600,326
2026-08-14T05:20:04Z,4407,50000,82200,151
2026-08-14T05:20:04Z,4419,10000,10000,44
2026-08-14T05:20:04Z,4421,100000,9900000,23
2026-08-14T05:20:04Z,4422,120100,120100,183
2026-08-14T05:20:04Z,4424,10000,10000,109
2026-08-14T05:20:04Z,4425,10000,10000,125
2026-08-14T05:20:04Z,4426,10000,68100,210
2026-08-14T05:20:04Z,4428,52000,52000,42
2026-08-14T05:20:04Z,4457,108600,108600,101
2026-08-14T05:20:04Z,4459,290000300,290000300,1
2026-08-14T05:20:04Z,4460,3140000,3150000,34
2026-08-14T05:20:04Z,4461,119500,142800,465
2026-08-14T05:20:04Z,4470,100,100,20237
2026-08-14T05:20:04Z,4479,104500,9997400,23
2026-08-14T05:20:04Z,4480,9900,9900,46
2026-08-14T05:20:04Z,4481,8000000,8000000,16
2026-08-14T05:20:04Z,4536,2000,2000,165
2026-08-14T05:20:04Z,4537,52000,57500,200
2026-08-14T05:20:04Z,4538,100,500,74
2026-08-14T05:20:04Z,4539,1800,1800,86
2026-08-14T05:20:04Z,4540,900,9960000,97
2026-08-14T05:20:04Z,4541,100,6400,158
2026-08-14T05:20:04Z,4542,2000,2000,77
2026-08-14T05:20:04Z,4544,300,300,126
2026-08-14T05:20:04Z,4552,49000800,49000800,20
2026-08-14T05:20:04Z,4553,5500000700,5500000700,1
2026-08-14T05:20:04Z,4554,49001100,49001100,20
2026-08-14T05:20:04Z,4555,900,900,26
2026-08-14T05:20:04Z,4556,24458800,49008800,22
2026-08-14T05:20:04Z,4557,1845100,49005100,23
2026-08-14T05:20:04Z,4558,2858500,2858500,1
2026-08-14T05:20:04Z,4580,49001200,49001200,30
2026-08-14T05:20:04Z,4581,2599900,8268400,25
2026-08-14T05:20:04Z,4582,3600,3600,31
2026-08-14T05:20:04Z,4583,5817100,5817100,24
2026-08-14T05:20:04Z,4584,5500001500,5500001500,1
2026-08-14T05:20:04Z,4585,3000,3000,85
2026-08-14T05:20:04Z,4586,6900,6900,135
2026-08-14T05:20:04Z,4587,12200,12200,53
2026-08-14T05:20:04Z,4588,2500000,2500000,3
2026-08-14T05:20:04Z,4589,290000800,290000800,1
2026-08-14T05:20:04Z,4590,1500001000,1500001000,1
2026-08-14T05:20:04Z,4591,1500000700,1500000700,1
2026-08-14T05:20:04Z,4592,700,700,260
2026-08-14T05:20:04Z,4593,2000,2000,580
2026-08-14T05:20:04Z,4594,2100,2100,127
2026-08-14T05:20:04Z,4595,5000,5000,74
2026-08-14T05:20:04Z,4596,9852700,9852700,16
2026-08-14T05:20:04Z,4599,400,400,170
2026-08-14T05:20:04Z,4600,9100,9100,259
2026-08-14T05:20:04Z,4601,2400,2400,49
2026-08-14T05:20:04Z,4602,900,900,74
2026-08-14T05:20:04Z,4603,208100,212300,10392
2026-08-14T05:20:04Z,4604,200,200,132
2026-08-14T05:20:04Z,4605,300,300,90
2026-08-14T05:20:04Z,4606,100,50000,125
2026-08-14T05:20:04Z,4607,300,300,94
2026-08-14T05:20:04Z,4608,100,1000,115
2026-08-14T05:20:04Z,4611,600400,1382000,53
2026-08-14T05:20:04Z,4623,199800,9990000,46
2026-08-14T05:20:04Z,4625,27200,650000,21176
2026-08-14T05:20:04Z,4655,396400,396400,275
2026-08-14T05:20:04Z,4656,1600,1700,95
2026-08-14T05:20:04Z,4757,62000,62000,44
2026-08-14T05:20:04Z,4775,21000,23500,69
2026-08-14T05:20:04Z,4776,11600,11900,32
2026-08-14T05:20:04Z,4779,49000100,49000100,20
2026-08-14T05:20:04Z,4780,49000100,49000100,20
2026-08-14T05:20:04Z,4784,900,900,5
2026-08-14T05:20:04Z,4787,800,800,26
2026-08-14T05:20:04Z,4791,4000,146600,48
2026-08-14T05:20:04Z,4813,21500,21500,46
2026-08-14T05:20:04Z,4814,3800,3800,51
2026-08-14T05:20:04Z,4852,19993400,19993400,10
2026-08-14T05:20:04Z,4865,2900,2900,68
2026-08-14T05:20:04Z,4867,16100,16100,36
2026-08-14T05:20:04Z,4872,20000200,49000200,22
2026-08-14T05:20:04Z,4873,10000,10000,37
2026-08-14T05:20:04Z,4874,500300,500300,27
2026-08-14T05:20:04Z,4875,49000100,49000100,18
2026-08-14T05:20:04Z,4876,49000100,49000100,20
2026-08-14T05:20:04Z,4877,49009600,49009600,20
2026-08-14T05:20:04Z,4879,290000100,290000100,2
2026-08-14T05:20:04Z,4880,1500000200,1500000200,1
2026-08-14T05:20:04Z,4960,1500000100,1500000100,1
2026-08-14T05:20:04Z,5042,7500,31700,163
2026-08-14T05:20:04Z,5048,9906900,9906900,35
2026-08-14T05:20:04Z,5051,500,500,143
2026-08-14T05:20:04Z,5066,2500,2500,53
2026-08-14T05:20:04Z,5075,2000,2000,59
2026-08-14T05:20:04Z,5082,4119800,4119800,125
2026-08-14T05:20:04Z,5095,2000,2000,181
2026-08-14T05:20:04Z,5113,59500,59500,40
2026-08-14T05:20:04Z,5114,300,300,85
2026-08-14T05:20:04Z,5115,400,400,43
2026-08-14T05:20:04Z,5117,4206900,4206900,25
2026-08-14T05:20:04Z,5118,49000200,49000200,20
2026-08-14T05:20:04Z,5121,49000300,49000300,20
2026-08-14T05:20:04Z,5122,49000500,49000500,20
2026-08-14T05:20:04Z,5123,9500000200,9500000200,1
2026-08-14T05:20:04Z,5124,88300,88300,46
2026-08-14T05:20:04Z,5125,4000300,49000300,22
2026-08-14T05:20:04Z,5128,722000,722000,29
2026-08-14T05:20:04Z,5133,490000,490000,28
2026-08-14T05:20:04Z,5134,2184700,8943800,27
2026-08-14T05:20:04Z,5135,5000,5000,65
2026-08-14T05:20:04Z,5136,600,600,178
2026-08-14T05:20:04Z,5137,600,600,268
2026-08-14T05:20:04Z,5140,49000100,49000100,20
2026-08-14T05:20:04Z,5173,49000100,49000100,18
2026-08-14T05:20:04Z,5205,4000,4000,45
2026-08-14T05:20:04Z,5206,6000,9000,88
2026-08-14T05:20:04Z,5237,49500,49500,50
2026-08-14T05:20:04Z,5263,80000,80000,244
2026-08-14T05:20:04Z,5329,200000,200000,24
2026-08-14T05:20:04Z,5342,2225200,5005200,70
2026-08-14T05:20:04Z,5361,49000100,49000100,20
2026-08-14T05:20:04Z,5362,290000100,290000100,1
2026-08-14T05:20:04Z,5363,49006700,49006700,20
2026-08-14T05:20:04Z,5364,290000100,290000100,1
2026-08-14T05:20:04Z,5367,99900,49009900,22
2026-08-14T05:20:04Z,5368,8857800,8857800,28
2026-08-14T05:20:04Z,5369,49000100,49000100,20
2026-08-14T05:20:04Z,5370,290000100,290000100,1
2026-08-14T05:20:04Z,5371,49000100,49000100,20
2026-08-14T05:20:04Z,5373,66700,99800,306
2026-08-14T05:20:04Z,5374,20008400,49008400,25
2026-08-14T05:20:04Z,5375,49000200,49000200,19
2026-08-14T05:20:04Z,5376,220100,49000100,23
2026-08-14T05:20:04Z,5377,49000100,49000100,20
2026-08-14T05:20:04Z,5379,49009000,49009000,18
2026-08-14T05:20:04Z,5427,49000300,49000300,20
2026-08-14T05:20:04Z,5428,37500,37500,44
2026-08-14T05:20:04Z,5429,49000300,49000300,20
2026-08-14T05:20:04Z,5430,49000500,49000500,20
2026-08-14T05:20:04Z,5431,49000300,49000300,21
2026-08-14T05:20:04Z,5432,48990000,48990000,22
2026-08-14T05:20:04Z,5433,290000300,290000300,1
2026-08-14T05:20:04Z,5435,49000500,49000500,19
2026-08-14T05:20:04Z,5465,800,890000,4098
2026-08-14T05:20:04Z,5466,2500,4200,1694
2026-08-14T05:20:04Z,5467,8900,890000,422
2026-08-14T05:20:04Z,5468,900000,900000,364
2026-08-14T05:20:04Z,5469,1000,1000,782
2026-08-14T05:20:04Z,5470,2400,3500,2016
2026-08-14T05:20:04Z,5471,300,700,6063
2026-08-14T05:20:04Z,5472,300,300,299
2026-08-14T05:20:04Z,5473,15000,15100,59
2026-08-14T05:20:04Z,5474,1340100,1340100,147
2026-08-14T05:20:04Z,5476,20200,20200,103
2026-08-14T05:20:04Z,5477,4300,4300,107
2026-08-14T05:20:04Z,5478,149900,149900,179
2026-08-14T05:20:04Z,5479,299600,299600,98
2026-08-14T05:20:04Z,5480,9949600,9949600,45
2026-08-14T05:20:04Z,5498,28600,75000,5834
2026-08-14T05:20:04Z,5500,117000,117000,193
2026-08-14T05:20:04Z,5503,3500,11000,61063
2026-08-14T05:20:04Z,5504,6700,7000,13684
2026-08-14T05:20:04Z,5506,49000200,49000200,22
2026-08-14T05:20:04Z,5523,6100,6200,931
2026-08-14T05:20:04Z,5524,10000,750000,675
2026-08-14T05:20:04Z,5525,600,1500,261
2026-08-14T05:20:04Z,5526,3600,3600,82
2026-08-14T05:20:04Z,5527,5800,5800,355
2026-08-14T05:20:04Z,5530,290000200,290000200,2
2026-08-14T05:20:04Z,5565,990001900,990001900,1
2026-08-14T05:20:04Z,5566,8075400,49005400,21
2026-08-14T05:20:04Z,5567,49004500,49004500,22
2026-08-14T05:20:04Z,5568,5500000100,5500000100,1
2026-08-14T05:20:04Z,5569,102400,142400,24
2026-08-14T05:20:04Z,5602,290000100,290000100,1
2026-08-14T05:20:04Z,5631,22400,22400,117
2026-08-14T05:20:04Z,5633,379600,379700,98
2026-08-14T05:20:04Z,5634,900000,950000,148
2026-08-14T05:20:04Z,5635,4700,4900,1822
2026-08-14T05:20:04Z,5636,290000200,290000200,1
2026-08-14T05:20:04Z,5637,18600,18600,5871
2026-08-14T05:20:04Z,5740,8900,8900,240
2026-08-14T05:20:04Z,5741,5500000200,5500000200,1
2026-08-14T05:20:04Z,5784,2100,2100,1349
2026-08-14T05:20:04Z,5785,2900,4500,1901
2026-08-14T05:20:04Z,5829,900,900,38
2026-08-14T05:20:04Z,5833,99900,100000,108
2026-08-14T05:20:04Z,5871,20000500,20000500,2
2026-08-14T05:20:04Z,5996,189900,256200,111
2026-08-14T05:20:04Z,5997,40000,40000,681
2026-08-14T05:20:04Z,6037,17900,17900,10097
2026-08-14T05:20:04Z,6038,9996100,9996100,35
2026-08-14T05:20:04Z,6041,8270000,8270000,24
2026-08-14T05:20:04Z,6042,379000,1994900,46
2026-08-14T05:20:04Z,6043,749500,750000,64
2026-08-14T05:20:04Z,6048,499999800,499999800,26
2026-08-14T05:20:04Z,6049,59000,499999800,27
2026-08-14T05:20:04Z,6050,32500,42500,34
2026-08-14T05:20:04Z,6051,7000,7000,123
2026-08-14T05:20:04Z,6052,8900,9900,222
2026-08-14T05:20:04Z,6149,400,700,322
2026-08-14T05:20:04Z,6150,900000,980000,357
2026-08-14T05:20:04Z,6260,100,100,80565
2026-08-14T05:20:04Z,6261,1000,30000,35418
2026-08-14T05:20:04Z,6289,100,400,9352
2026-08-14T05:20:04Z,6290,2500,2500,194
2026-08-14T05:20:04Z,6291,400,600,6058
2026-08-14T05:20:04Z,6293,20100,40000100,24
2026-08-14T05:20:04Z,6296,100000,100000,32
2026-08-14T05:20:04Z,6297,5000,5000,7
2026-08-14T05:20:04Z,6298,49000200,49000200,24
2026-08-14T05:20:04Z,6299,3200,3200,67
2026-08-14T05:20:04Z,6303,400,1200,2356
2026-08-14T05:20:04Z,6304,290000100,290000100,1
2026-08-14T05:20:04Z,6305,9999900,9999900,2
2026-08-14T05:20:04Z,6306,290000100,290000100,1
2026-08-14T05:20:04Z,6308,3900,4700,32981
2026-08-14T05:20:04Z,6316,9703300,9801300,39
2026-08-14T05:20:04Z,6317,5000,890000,720
2026-08-14T05:20:04Z,6358,47000,47100,41968
2026-08-14T05:20:04Z,6359,36100,37900,17646
2026-08-14T05:20:04Z,6361,500,700,4987
2026-08-14T05:20:04Z,6362,500,900,3573
2026-08-14T05:20:04Z,6370,85000,85000,1673
2026-08-14T05:20:04Z,6371,75000,78000,3655
2026-08-14T05:20:04Z,6372,90000,144900,5191
2026-08-14T05:20:04Z,6373,9400,9400,372
2026-08-14T05:20:04Z,6444,300,300,28
2026-08-14T05:20:04Z,6445,94900,94900,29
2026-08-14T05:20:04Z,6450,100300,100300,156
2026-08-14T05:20:04Z,6451,9600,9600,249
2026-08-14T05:20:04Z,6452,5100,15900,448
2026-08-14T05:20:04Z,6453,7500,7500,61
2026-08-14T05:20:04Z,6455,17000000,17000000,20
2026-08-14T05:20:04Z,6456,49000100,49000100,20
2026-08-14T05:20:04Z,6457,22000,22100,45
2026-08-14T05:20:04Z,6458,300,9990100,376
2026-08-14T05:20:04Z,6470,700,800,1102
2026-08-14T05:20:04Z,6471,5700,8400,1716
2026-08-14T05:20:04Z,6522,220000,240000,40079
2026-08-14T05:20:04Z,6529,900,1000,1921
2026-08-14T05:20:04Z,6530,100,100,965
2026-08-14T05:20:04Z,6532,100,200,98
2026-08-14T05:20:04Z,6533,11000,19900,448
2026-08-14T05:20:04Z,6657,242200,252700,55390
2026-08-14T05:20:04Z,6662,148400,199800,10090
2026-08-14T05:20:04Z,6712,153000,153600,446
2026-08-14T05:20:04Z,6714,174000,174000,832
2026-08-14T05:20:04Z,6807,2400,2400,197
2026-08-14T05:20:04Z,6811,39100,39800,29
2026-08-14T05:20:04Z,6826,11000,11000,27
2026-08-14T05:20:04Z,6887,979600,979600,243
2026-08-14T05:20:04Z,6888,1700,1700,162
2026-08-14T05:20:04Z,6889,70100,129400,52722
2026-08-14T05:20:04Z,6890,60100,60100,87
2026-08-14T05:20:04Z,6947,10000,10000,28
2026-08-14T05:20:04Z,6949,290000100,290000100,1
2026-08-14T05:20:04Z,6950,290000100,290000100,1
2026-08-14T05:20:04Z,6951,290000200,290000200,1
2026-08-14T05:20:04Z,6986,49000100,49000100,20
2026-08-14T05:20:04Z,7067,7000,7700,748
2026-08-14T05:20:04Z,7068,500,500,2774
2026-08-14T05:20:04Z,7069,220000,232300,2437
2026-08-14T05:20:04Z,7070,600,900,2587
2026-08-14T05:20:04Z,7071,890000,890000,294
2026-08-14T05:20:04Z,7072,5005000,5005000,35
2026-08-14T05:20:04Z,7073,900,900,81
2026-08-14T05:20:04Z,7074,4500,4500,154
2026-08-14T05:20:04Z,7075,600,3000,13400
2026-08-14T05:20:04Z,7076,8000,77500,49411
2026-08-14T05:20:04Z,7077,400,400,4124
2026-08-14T05:20:04Z,7078,1200,2500,13171
2026-08-14T05:20:04Z,7079,2000,3700,18032
2026-08-14T05:20:04Z,7080,1032500,1037600,5263
2026-08-14T05:20:04Z,7081,889900,990100,1725
2026-08-14T05:20:04Z,7082,213300,995500,5337
2026-08-14T05:20:04Z,7096,50000,50000,58
2026-08-14T05:20:04Z,7097,12000,12000,97
2026-08-14T05:20:04Z,7098,20000,22500,50
2026-08-14T05:20:04Z,7099,400000,400000,35
2026-08-14T05:20:04Z,7100,500,500,31
2026-08-14T05:20:04Z,7101,30000,30000,29
2026-08-14T05:20:04Z,7191,33900,34900,6133
2026-08-14T05:20:04Z,7228,20000,50000,602
2026-08-14T05:20:04Z,7286,18000,18500,9268
2026-08-14T05:20:04Z,7287,1500000200,1500000200,2
2026-08-14T05:20:04Z,7296,4004700,4004700,35
2026-08-14T05:20:04Z,7307,2500,2500,93
2026-08-14T05:20:04Z,7392,670000,781900,567
2026-08-14T05:20:04Z,7428,290003800,290003800,1
2026-08-14T05:20:04Z,7676,10000,17900,1406
2026-08-14T05:20:04Z,7909,6100,12900,13290
2026-08-14T05:20:04Z,7910,8500,9600,2177
2026-08-14T05:20:04Z,7911,10600,10600,62989
2026-08-14T05:20:04Z,7912,15000,24200,563654
2026-08-14T05:20:04Z,7964,29800,29800,174
2026-08-14T05:20:04Z,7965,9960700,9960700,26
2026-08-14T05:20:04Z,7966,138900,200000,1449
2026-08-14T05:20:04Z,7967,523600,523600,65
2026-08-14T05:20:04Z,7971,135100,135100,322
2026-08-14T05:20:04Z,7972,10000,10000,519
2026-08-14T05:20:04Z,7973,99900,149900,818
2026-08-14T05:20:04Z,7974,1000,1200,19205
2026-08-14T05:20:04Z,8067,49000100,49000100,369
2026-08-14T05:20:04Z,8068,49000100,49000100,20
2026-08-14T05:20:04Z,8069,49000100,49000100,22
2026-08-14T05:20:04Z,8146,14900,14900,25
2026-08-14T05:20:04Z,8150,300,400,41775
2026-08-14T05:20:04Z,8151,6200,6300,84
2026-08-14T05:20:04Z,8152,1000000,1000000,8
2026-08-14T05:20:04Z,8153,4495500,4504700,2637
2026-08-14T05:20:04Z,8154,1700,2400,7683
2026-08-14T05:20:04Z,8165,112100,310000,4963
2026-08-14T05:20:04Z,8167,36500,39700,59280
2026-08-14T05:20:04Z,8168,49000200,49000200,14
2026-08-14T05:20:04Z,8169,8800,8900,12936
2026-08-14T05:20:04Z,8170,50000,59600,19460
2026-08-14T05:20:04Z,8171,12200,26500,2314
2026-08-14T05:20:04Z,8172,23000,23500,31286
2026-08-14T05:20:04Z,8173,20000,39900,106
2026-08-14T05:20:04Z,8244,6669800,6669800,44
2026-08-14T05:20:04Z,8343,1400,1500,27315
2026-08-14T05:20:04Z,8364,1000,1000,64
2026-08-14T05:20:04Z,8365,2000,2000,706
2026-08-14T05:20:04Z,8368,1022551300,1022551300,4
2026-08-14T05:20:04Z,8391,17968800,17968800,23
2026-08-14T05:20:04Z,8392,195550000,195550000,3
2026-08-14T05:20:04Z,8393,19990000,19990000,19
2026-08-14T05:20:04Z,8394,39999500,39999500,5
2026-08-14T05:20:04Z,8396,9990500,9990500,19
2026-08-14T05:20:04Z,8483,49000300,49000300,24
2026-08-14T05:20:04Z,8508,290000300,290000300,1
2026-08-14T05:20:04Z,8544,19900,19900,173
2026-08-14T05:20:04Z,8545,30000,30000,206
2026-08-14T05:20:04Z,8766,300,300,152
2026-08-14T05:20:04Z,8827,250000,250000,964
2026-08-14T05:20:04Z,8831,53400,53400,31754
2026-08-14T05:20:04Z,8836,38886600,38886600,73
2026-08-14T05:20:04Z,8838,14800,14900,8832
2026-08-14T05:20:04Z,8839,38800,890000,6195
2026-08-14T05:20:04Z,8845,399900,419800,1547
2026-08-14T05:20:04Z,8846,32400,650000,13779
2026-08-14T05:20:04Z,8923,290000100,290000100,1
2026-08-14T05:20:04Z,8924,990000100,990000100,1
2026-08-14T05:20:04Z,8925,49000400,49000400,21
2026-08-14T05:20:04Z,8926,1500000200,1500000200,1
2026-08-14T05:20:04Z,8927,49000300,49000300,9
2026-08-14T05:20:04Z,8928,1500000400,1500000400,1
2026-08-14T05:20:04Z,8932,1700,1700,146
2026-08-14T05:20:04Z,8948,700,700,207
2026-08-14T05:20:04Z,8949,5100,10300,472
2026-08-14T05:20:04Z,8950,300,300,52
2026-08-14T05:20:04Z,8951,2400,4300,448
2026-08-14T05:20:04Z,8952,200,200,209
2026-08-14T05:20:04Z,8953,3000,4000,85
2026-08-14T05:20:04Z,8956,71400,71400,184
2026-08-14T05:20:04Z,8957,19800,19800,133
2026-08-14T05:20:04Z,8959,500,890000,386
2026-08-14T05:20:04Z,8984,127121900,127121900,2
2026-08-14T05:20:04Z,8985,1500000100,1500000100,1
2026-08-14T05:20:04Z,9030,9889700,9889700,24
2026-08-14T05:20:04Z,9060,701000,701000,170
2026-08-14T05:20:04Z,9061,280000,284900,1630
2026-08-14T05:20:04Z,9088,990000,990000,139
2026-08-14T05:20:04Z,9144,55500,55500,35
2026-08-14T05:20:04Z,9154,1000,1000,478
2026-08-14T05:20:04Z,9155,95000,297400,216
2026-08-14T05:20:04Z,9172,468300,468300,381
2026-08-14T05:20:04Z,9179,9311300,9311300,55
2026-08-14T05:20:04Z,9186,1500000300,1500000300,1
2026-08-14T05:20:04Z,9187,50000,70000,247
2026-08-14T05:20:04Z,9197,1258500,1258500,86
2026-08-14T05:20:04Z,9206,799000,1630000,120
2026-08-14T05:20:04Z,9210,957000,957400,235
2026-08-14T05:20:04Z,9224,626600,626600,638
2026-08-14T05:20:04Z,9233,700,700,366
2026-08-14T05:20:04Z,9260,7800,155500,4985
2026-08-14T05:20:04Z,9261,161700,49001700,22
2026-08-14T05:20:04Z,9262,1000,1500,1363
2026-08-14T05:20:04Z,9264,1244900,1244900,101
2026-08-14T05:20:04Z,9308,9900,10000,862
2026-08-14T05:20:04Z,9312,9900,9900,399
2026-08-14T05:20:04Z,9313,19800,19800,407
2026-08-14T05:20:04Z,9314,17200,17200,95
2026-08-14T05:20:04Z,9315,9909600,9909600,25
2026-08-14T05:20:04Z,9317,2009900,2009900,30
2026-08-14T05:20:04Z,9318,6800,6900,624
2026-08-14T05:20:04Z,9332,25100,25100,43
2026-08-14T05:20:04Z,9333,700000,700000,30
2026-08-14T05:20:04Z,9334,11400,11400,37
2026-08-14T05:20:04Z,9335,600,600,13
2026-08-14T05:20:04Z,9336,342000,342000,27
2026-08-14T05:20:04Z,9355,106700,106700,25
2026-08-14T05:20:04Z,9356,2374200,49004200,22
2026-08-14T05:20:04Z,9357,49000400,49000400,20
2026-08-14T05:20:04Z,9358,49990000,49990000,20
2026-08-14T05:20:04Z,9399,1500000100,1500000100,1
2026-08-14T05:20:04Z,9451,600,700,83
2026-08-14T05:20:04Z,9681,450000100,450000100,1
2026-08-14T05:20:04Z,10285,16400,19900,1860
2026-08-14T05:20:04Z,10286,400,1000,5759
2026-08-14T05:20:04Z,10290,2500,30000,8180
2026-08-14T05:20:04Z,10305,199990000,199990000,1
2026-08-14T05:20:04Z,10306,38300,38300,35
2026-08-14T05:20:04Z,10307,37200,37200,25
2026-08-14T05:20:04Z,10308,80500,80500,1015
2026-08-14T05:20:04Z,10309,20000,20000,99
2026-08-14T05:20:04Z,10310,30000,30000,39
2026-08-14T05:20:04Z,10450,5500000600,5500000600,1
2026-08-14T05:20:04Z,10457,990000300,990000300,1
2026-08-14T05:20:04Z,10505,37200,37200,2362
2026-08-14T05:20:04Z,10507,39000,39000,2837
2026-08-14T05:20:04Z,10512,290000100,290000100,20
2026-08-14T05:20:04Z,10513,49000100,49000100,10
2026-08-14T05:20:04Z,10514,55700,55800,153
2026-08-14T05:20:04Z,10546,900000,900000,84
2026-08-14T05:20:04Z,10548,559900,559900,74
2026-08-14T05:20:04Z,10558,18500,19900,950
2026-08-14T05:20:04Z,10559,161500,444400,4359
2026-08-14T05:20:04Z,10560,142500,142500,21325
2026-08-14T05:20:04Z,10561,160600,354400,1266
2026-08-14T05:20:04Z,10562,1100,1100,257
2026-08-14T05:20:04Z,10586,1500000,1500000,91
2026-08-14T05:20:04Z,10592,699900,699900,265
2026-08-14T05:20:04Z,10593,119600,149700,1718
2026-08-14T05:20:04Z,10620,18300,18300,432977
2026-08-14T05:20:04Z,10646,1247400,1247400,35
2026-08-14T05:20:04Z,10647,4900,5000,3736
2026-08-14T05:20:04Z,10648,49009900,49009900,21
2026-08-14T05:20:04Z,10839,290007400,290007400,1
2026-08-14T05:20:04Z,10840,79900,79900,3
2026-08-14T05:20:04Z,10841,34700,34700,99
2026-08-14T05:20:04Z,10918,90000,90000,38
2026-08-14T05:20:04Z,10920,5500000100,5500000100,1
2026-08-14T05:20:04Z,10921,1500000100,1500000100,1
2026-08-14T05:20:04Z,10922,5500000400,5500000400,1
2026-08-14T05:20:04Z,10938,2100,3900,7695
2026-08-14T05:20:04Z,10939,8700,9500,135164
2026-08-14T05:20:04Z,10940,2000,3500,264609
2026-08-14T05:20:04Z,11018,53300,53300,173
2026-08-14T05:20:04Z,11022,1505100,1505100,77
2026-08-14T05:20:04Z,11040,499900,499900,56
2026-08-14T05:20:04Z,11184,15000,39700,899
2026-08-14T05:20:04Z,11185,30000,44800,848
2026-08-14T05:20:04Z,11186,359600,359600,729
2026-08-14T05:20:04Z,11188,17200,17200,893
2026-08-14T05:20:04Z,11284,4851100,4851100,999
2026-08-14T05:20:04Z,11285,4976800,4976800,1020
2026-08-14T05:20:04Z,11291,2500,3700,470
2026-08-14T05:20:04Z,11325,35000,37900,312
2026-08-14T05:20:04Z,11370,231800,235100,13159
2026-08-14T05:20:04Z,11371,2090000,2090000,2798
2026-08-14T05:20:04Z,11382,6390000,7505900,2410
2026-08-14T05:20:04Z,11384,49000200,49000200,23
2026-08-14T05:20:04Z,11385,49000100,49000100,20
2026-08-14T05:20:04Z,11386,49001100,49001100,20
2026-08-14T05:20:04Z,11387,49001600,49001600,10
2026-08-14T05:20:04Z,11388,1500000300,1500000300,1
2026-08-14T05:20:04Z,11389,290003300,290003300,1
2026-08-14T05:20:04Z,11390,290000200,290000200,2
2026-08-14T05:20:04Z,11391,1600,1600,37
2026-08-14T05:20:04Z,11392,2000,2000,28
2026-08-14T05:20:04Z,11393,80100,80100,30
2026-08-14T05:20:04Z,11394,5200,5200,38
2026-08-14T05:20:04Z,11395,49001300,49001300,19
2026-08-14T05:20:04Z,11402,290001900,290001900,1
2026-08-14T05:20:04Z,11403,49002400,49002400,26
2026-08-14T05:20:04Z,11404,48000,50600,40
2026-08-14T05:20:04Z,11406,606000,606000,54
2026-08-14T05:20:04Z,11407,1603600,49000000,22
2026-08-14T05:20:04Z,11408,49001400,49001400,20
2026-08-14T05:20:04Z,11409,56700,56700,28
2026-08-14T05:20:04Z,11410,499900,49000900,21
2026-08-14T05:20:04Z,11414,49002800,49002800,21
2026-08-14T05:20:04Z,11415,9990000,9990000,41
2026-08-14T05:20:04Z,11416,35000000,35000000,24
2026-08-14T05:20:04Z,11417,49001900,49001900,20
2026-08-14T05:20:04Z,11418,25000,25000,26
2026-08-14T05:20:04Z,11419,200000000,200000000,5
2026-08-14T05:20:04Z,11420,290002600,290002600,2
2026-08-14T05:20:04Z,11444,10900,10900,49
2026-08-14T05:20:04Z,11584,355800,355800,74
2026-08-14T05:20:04Z,11590,102000,102000,36
2026-08-14T05:20:04Z,11630,290000100,290000100,1
2026-08-14T05:20:04Z,11754,13300,13300,5375
2026-08-14T05:20:04Z,11846,305500,305500,36
2026-08-14T05:20:04Z,11939,50700,50700,27
2026-08-14T05:20:04Z,11940,100000,100000,31
2026-08-14T05:20:04Z,11941,200000,200000,31
2026-08-14T05:20:04Z,11942,2550000,2550000,67
2026-08-14T05:20:04Z,12003,25000000,25000000,8
2026-08-14T05:20:04Z,12037,300,1400,26634
2026-08-14T05:20:04Z,12184,3300,105100,12632
2026-08-14T05:20:04Z,12190,10600,10600,145
2026-08-14T05:20:04Z,12202,29600,29600,12521
2026-08-14T05:20:04Z,12203,300,600,44701
2026-08-14T05:20:04Z,12204,1400,1700,1247
2026-08-14T05:20:04Z,12205,1200,1400,56351
2026-08-14T05:20:04Z,12206,7000,7000,6945
2026-08-14T05:20:04Z,12207,4000,4300,42859
2026-08-14T05:20:04Z,12208,700,900,14341
2026-08-14T05:20:04Z,12209,3709200,3709200,80
2026-08-14T05:20:04Z,12210,15900,9909900,47
2026-08-14T05:20:04Z,12212,494300,494300,78
2026-08-14T05:20:04Z,12213,389200,6666600,88
2026-08-14T05:20:04Z,12214,800000,800000,116
2026-08-14T05:20:04Z,12215,123000,123100,134
2026-08-14T05:20:04Z,12216,10000,10000,84
2026-08-14T05:20:04Z,12217,5000000,9989600,35
2026-08-14T05:20:04Z,12218,700,700,82
2026-08-14T05:20:04Z,12223,7500,29900,3265
2026-08-14T05:20:04Z,12224,298100,9909900,48
2026-08-14T05:20:04Z,12238,99800,9990000,49
2026-08-14T05:20:04Z,12359,38600,38700,107417
2026-08-14T05:20:04Z,12360,869900,909900,24625
2026-08-14T05:20:04Z,12361,17000,17000,777
2026-08-14T05:20:04Z,12363,949900,949900,40089
2026-08-14T05:20:04Z,12364,20100,30300,2449
2026-08-14T05:20:04Z,12365,500,500,315097
2026-08-14T05:20:04Z,12404,4100,10000,1523
2026-08-14T05:20:04Z,12430,199000000,199000000,1
2026-08-14T05:20:04Z,12431,39999600,39999600,5
2026-08-14T05:20:04Z,12432,198890000,198890000,2
2026-08-14T05:20:04Z,12433,49500000,49500000,4
2026-08-14T05:20:04Z,12434,18956100,25006500,9
2026-08-14T05:20:04Z,12435,400,400,42
2026-08-14T05:20:04Z,12436,199988200,199988200,1
2026-08-14T05:20:04Z,12607,64100,127700,499
2026-08-14T05:20:04Z,12643,19200,39900,1334
2026-08-14T05:20:04Z,12644,6500,6500,3217
2026-08-14T05:20:04Z,12645,725100,733600,158
2026-08-14T05:20:04Z,12655,65400,65400,4239
2026-08-14T05:20:04Z,12735,2000,2000,53
2026-08-14T05:20:04Z,12799,127800,127800,677
2026-08-14T05:20:04Z,12800,44000,44000,1963
2026-08-14T05:20:04Z,12803,69900,92600,6597
2026-08-14T05:20:04Z,12804,2200,2200,7835
2026-08-14T05:20:04Z,12808,870700,968300,13084
2026-08-14T05:20:04Z,12809,995400,995400,2123
2026-08-14T05:20:04Z,12810,999900,999900,15581
2026-08-14T05:20:04Z,12811,479700,496400,7502
2026-08-14T05:20:04Z,12820,3900000,9860000,87
2026-08-14T05:20:04Z,13159,300,300,82
2026-08-14T05:20:04Z,13362,92000,92000,35
2026-08-14T05:20:04Z,13363,212900,212900,29
2026-08-14T05:20:04Z,13364,155000,155000,25
2026-08-14T05:20:04Z,13365,10001900,10001900,26
2026-08-14T05:20:04Z,13366,49003000,49004000,21
2026-08-14T05:20:04Z,13422,3500,4000,115
2026-08-14T05:20:04Z,13423,10000,10000,327
2026-08-14T05:20:04Z,13442,19900,19900,188
2026-08-14T05:20:04Z,13443,500,500,161
2026-08-14T05:20:04Z,13444,3900,3900,144
2026-08-14T05:20:04Z,13445,323900,323900,191
2026-08-14T05:20:04Z,13446,1000,2000,321
2026-08-14T05:20:04Z,13447,4700,4700,324
2026-08-14T05:20:04Z,13452,300000,300000,350
2026-08-14T05:20:04Z,13453,294600,294600,316
2026-08-14T05:20:04Z,13454,99400,99400,96
2026-08-14T05:20:04Z,13455,54300,54300,127
2026-08-14T05:20:04Z,13456,156200,156200,174
2026-08-14T05:20:04Z,13457,7200,8000,122
2026-08-14T05:20:04Z,13458,35000,35000,102
2026-08-14T05:20:04Z,13459,1999900,1999900,80
2026-08-14T05:20:04Z,13460,1740000,9903500,29
2026-08-14T05:20:04Z,13461,92300,92500,52
2026-08-14T05:20:04Z,13462,2400,2500,151
2026-08-14T05:20:04Z,13463,19000,24900,110978
2026-08-14T05:20:04Z,13464,10000,12600,2392
2026-08-14T05:20:04Z,13465,17800,650000,21511
2026-08-14T05:20:04Z,13466,184500,669900,10743
2026-08-14T05:20:04Z,13467,27300,72900,26584
2026-08-14T05:20:04Z,13468,7990000,7990000,6054
2026-08-14T05:20:04Z,13506,4701100,4701100,47
2026-08-14T05:20:04Z,13510,14905700,14905700,235
2026-08-14T05:20:04Z,13511,1117200,5067200,31
2026-08-14T05:20:04Z,13512,7353800,7353800,211
2026-08-14T05:20:04Z,13546,3959800,9999900,31
2026-08-14T05:20:04Z,13724,9970400,9970400,131
2026-08-14T05:20:04Z,13754,55000,110000,3541
2026-08-14T05:20:04Z,13755,505500,2495500,257
2026-08-14T05:20:04Z,13756,80000,90000,477
2026-08-14T05:20:04Z,13757,4900,840000,9149
2026-08-14T05:20:04Z,13758,9900,890000,2861
2026-08-14T05:20:04Z,13759,153500,201600,1804
2026-08-14T05:20:04Z,13760,135900,226000,3175
2026-08-14T05:20:04Z,13851,29900,30000,137
2026-08-14T05:20:04Z,13888,20000,24200,5205
2026-08-14T05:20:04Z,13889,35000,127900,2043
2026-08-14T05:20:04Z,13890,49000200,49000200,20
2026-08-14T05:20:04Z,13893,3968300,3969900,1602
2026-08-14T05:20:04Z,13926,4420000,4420000,557
2026-08-14T05:20:04Z,13927,48700,48700,95
2026-08-14T05:20:04Z,13928,1630000,1630000,97
2026-08-14T05:20:04Z,13929,59600,59600,181
2026-08-14T05:20:04Z,13930,1989700,1989700,110
2026-08-14T05:20:04Z,13931,9960000,9960000,40
2026-08-14T05:20:04Z,13932,1500,1500,107
2026-08-14T05:20:04Z,13933,33600,33600,124
2026-08-14T05:20:04Z,13934,999400,999400,36
2026-08-14T05:20:04Z,13935,5000,5000,133
2026-08-14T05:20:04Z,14047,9600,15100,30563
2026-08-14T05:20:04Z,14048,39100,39400,1924
2026-08-14T05:20:04Z,14227,279900,290000,1704
2026-08-14T05:20:04Z,14256,831800,875000,4947
2026-08-14T05:20:04Z,14341,3500,4000,30934
2026-08-14T05:20:04Z,14342,2310000,2310000,1038
2026-08-14T05:20:04Z,14343,3700,4000,5152
2026-08-14T05:20:04Z,14344,1100,7000,1132812
2026-08-14T05:20:04Z,14529,150000,150000,376
2026-08-14T05:20:04Z,14530,30000,30000,266
2026-08-14T05:20:04Z,15327,3500000000,3500000000,1
2026-08-14T05:20:04Z,15407,45900,45900,15765
2026-08-14T05:20:04Z,15408,617200,693400,5377
2026-08-14T05:20:04Z,15409,49008300,49008300,24
2026-08-14T05:20:04Z,15410,549900,550000,513
2026-08-14T05:20:04Z,15412,47800,47800,362
2026-08-14T05:20:04Z,15414,152000,192400,1773
2026-08-14T05:20:04Z,15415,4399900,4399900,66
2026-08-14T05:20:04Z,15416,8600,8800,11479
2026-08-14T05:20:04Z,15417,159900,169900,9218
2026-08-14T05:20:04Z,15419,903300,903500,1600
2026-08-14T05:20:04Z,15420,49000200,49000200,23
2026-08-14T05:20:04Z,15422,290000800,290000800,1
2026-08-14T05:20:04Z,15423,290000800,290000800,1
2026-08-14T05:20:04Z,15564,1100,1300,71
2026-08-14T05:20:04Z,15869,13200,13200,121
2026-08-14T05:20:04Z,15870,9000,9000,84
2026-08-14T05:20:04Z,15871,160000,160000,84
2026-08-14T05:20:04Z,15872,600000,618200,58
2026-08-14T05:20:04Z,15992,11200,79800,2570
2026-08-14T05:20:04Z,15993,216400,216400,75
2026-08-14T05:20:04Z,15994,145000,145000,13815
2026-08-14T05:20:04Z,15997,290000100,290000100,1
2026-08-14T05:20:04Z,16000,194000,194100,814
2026-08-14T05:20:04Z,16005,9992700,9992700,21
2026-08-14T05:20:04Z,16006,1200000,1200000,921
2026-08-14T05:20:04Z,16023,1056500,1056500,49
2026-08-14T05:20:04Z,16040,9996000,9996000,49
2026-08-14T05:20:04Z,16166,9899900,9899900,72
2026-08-14T05:20:04Z,16167,9799900,9799900,44
2026-08-14T05:20:04Z,16168,9800300,9800300,35
2026-08-14T05:20:04Z,16169,299900,299900,60
2026-08-14T05:20:04Z,16170,9909800,9909800,45
2026-08-14T05:20:04Z,16202,118800,127400,3390
2026-08-14T05:20:04Z,16203,346800,366700,17216
2026-08-14T05:20:04Z,16204,10900,11000,15060
2026-08-14T05:20:04Z,16583,290003800,290003800,1
2026-08-14T05:20:04Z,16747,49000100,49000100,20
2026-08-14T05:20:04Z,16748,49000100,49000100,20
2026-08-14T05:20:04Z,16766,900,1000,195
2026-08-14T05:20:04Z,16971,9990000,9990000,21
2026-08-14T05:20:04Z,17010,8500,12700,12052
2026-08-14T05:20:04Z,17011,2100,2300,6824
2026-08-14T05:20:04Z,17012,6300,6300,6147
2026-08-14T05:20:04Z,17020,49004500,80364500,164
2026-08-14T05:20:04Z,17021,290000300,290000300,1
2026-08-14T05:20:04Z,17026,555550400,555550400,11
2026-08-14T05:20:04Z,17028,290000300,290000300,1
2026-08-14T05:20:04Z,17029,199999900,199999900,2
2026-08-14T05:20:04Z,17030,290000800,290000800,1
2026-08-14T05:20:04Z,17031,39990100,39990200,21
2026-08-14T05:20:04Z,17032,49000000,49000000,20
2026-08-14T05:20:04Z,17033,290000800,290000800,3
2026-08-14T05:20:04Z,17034,290000100,290000100,41
2026-08-14T05:20:04Z,17036,5500000400,5500000400,1
2026-08-14T05:20:04Z,17037,5500000600,5500000600,1
2026-08-14T05:20:04Z,17038,555550800,555550800,9
2026-08-14T05:20:04Z,17056,300,9900,48862
2026-08-14T05:20:04Z,17057,200,200,17
2026-08-14T05:20:04Z,17058,1600,1600,56
2026-08-14T05:20:04Z,17119,1000,1000,67
2026-08-14T05:20:04Z,17194,100,100,12203
2026-08-14T05:20:04Z,17196,4000,80000,804
2026-08-14T05:20:04Z,17197,355500,355500,1426
2026-08-14T05:20:04Z,17198,57400,57400,78
2026-08-14T05:20:04Z,17202,1000,4500,784488
2026-08-14T05:20:04Z,17203,5000000,5000000,125
2026-08-14T05:20:04Z,17222,2500,2500,448
2026-08-14T05:20:04Z,17303,9900,9900,843
2026-08-14T05:20:04Z,17304,29700,29900,606
2026-08-14T05:20:04Z,17307,49700,49700,456
2026-08-14T05:20:04Z,17344,19900000,19900000,17
2026-08-14T05:20:04Z,17402,900000,900000,91
2026-08-14T05:20:04Z,17403,500000,500000,76
2026-08-14T05:20:04Z,17404,9700,44000,65
2026-08-14T05:20:04Z,17405,50000,350000,202
2026-08-14T05:20:04Z,17406,45000,45000,57
2026-08-14T05:20:04Z,17407,749900,749900,43
2026-08-14T05:20:04Z,17408,9950000,9950000,27
2026-08-14T05:20:04Z,17708,480000,485100,172
2026-08-14T05:20:04Z,17747,9901700,9901700,18
2026-08-14T05:20:04Z,17771,10300000,10300000,669
2026-08-14T05:20:04Z,18042,290000100,290000100,1
2026-08-14T05:20:04Z,18045,2000,2000,236
2026-08-14T05:20:04Z,18222,3100,3100,89
2026-08-14T05:20:04Z,18223,6200,6200,83
2026-08-14T05:20:04Z,18224,1800,1800,257
2026-08-14T05:20:04Z,18225,104400,104400,37
2026-08-14T05:20:04Z,18226,290000700,290000700,1
2026-08-14T05:20:04Z,18227,104000,104000,28
2026-08-14T05:20:04Z,18230,105000,350000,28
2026-08-14T05:20:04Z,18232,2442800,2442800,185
2026-08-14T05:20:04Z,18233,49000200,49000200,21
2026-08-14T05:20:04Z,18234,9990400,49000400,23
2026-08-14T05:20:04Z,18236,554100,554100,25
2026-08-14T05:20:04Z,18237,49002500,49002500,21
2026-08-14T05:20:04Z,18251,19992700,19992700,13
2026-08-14T05:20:04Z,18253,9900,186200,76
2026-08-14T05:20:04Z,18254,57900,75700,62
2026-08-14T05:20:04Z,18255,199000,227500,2205
2026-08-14T05:20:04Z,18256,49003100,49003100,60
2026-08-14T05:20:04Z,18262,752400,752400,1375
2026-08-14T05:20:04Z,18283,78899500,78899500,10
2026-08-14T05:20:04Z,18285,222000,222000,26
2026-08-14T05:20:04Z,18286,18000,19000,56
2026-08-14T05:20:04Z,18287,225700,225700,67
2026-08-14T05:20:04Z,18288,459500,459500,365
2026-08-14T05:20:04Z,18294,139000,139000,1688
2026-08-14T05:20:04Z,18300,39990000,39990000,5
2026-08-14T05:20:04Z,18335,5150000,7753100,729
2026-08-14T05:20:04Z,18512,1516800,1516800,25
2026-08-14T05:20:04Z,18562,579800,880000,3703
2026-08-14T05:20:04Z,18567,28500,28500,2359
2026-08-14T05:20:04Z,18588,610000,617900,268
2026-08-14T05:20:04Z,18594,1999900,1999900,97
2026-08-14T05:20:04Z,18631,280000,280000,290
2026-08-14T05:20:04Z,18632,3999900,4000000,48
2026-08-14T05:20:04Z,18633,3999900,4000000,154
2026-08-14T05:20:04Z,18635,121500,3999900,155
2026-08-14T05:20:04Z,18640,171200,9890100,27
2026-08-14T05:20:04Z,18641,900,900,130
2026-08-14T05:20:04Z,18645,1660800,1660800,50
2026-08-14T05:20:04Z,18662,49200,5000000,1535
2026-08-14T05:20:04Z,18944,2009900,2009900,747
2026-08-14T05:20:04Z,18945,200,200,20931
2026-08-14T05:20:04Z,19026,191000,191000,43
2026-08-14T05:20:04Z,19183,100,50000,4500
2026-08-14T05:20:04Z,19221,61400,61400,730
2026-08-14T05:20:04Z,19222,63000,63000,548
2026-08-14T05:20:04Z,19223,900,1000,175
2026-08-14T05:20:04Z,19224,1000,1100,116
2026-08-14T05:20:04Z,19225,800,800,97
2026-08-14T05:20:04Z,19227,10101100,16267700,141
2026-08-14T05:20:04Z,19230,1080000,2474800,144
2026-08-14T05:20:04Z,19231,2310200,19980000,209
2026-08-14T05:20:04Z,19232,2509000,2769600,108
2026-08-14T05:20:04Z,19233,2564900,2852100,119
2026-08-14T05:20:04Z,19234,1272200,1272200,132
2026-08-14T05:20:04Z,19235,1614100,39900000,112
2026-08-14T05:20:04Z,19236,1497800,1544300,141
2026-08-14T05:20:04Z,19258,943600,973600,147
2026-08-14T05:20:04Z,19259,2499900,2574000,126
2026-08-14T05:20:04Z,19260,2502400,12825000,113
2026-08-14T05:20:04Z,19261,1004000,19906500,174
2026-08-14T05:20:04Z,19262,1959700,1959900,95
2026-08-14T05:20:04Z,19263,1421900,18524600,123
2026-08-14T05:20:04Z,19264,1999800,4263100,116
2026-08-14T05:20:04Z,19265,999800,1499900,136
2026-08-14T05:20:04Z,19268,2970000,2970000,380
2026-08-14T05:20:04Z,19269,2213500,2213600,108
2026-08-14T05:20:04Z,19270,2058200,2058200,205
2026-08-14T05:20:04Z,19271,2578200,2588200,152
2026-08-14T05:20:04Z,19272,1402100,2407800,87
2026-08-14T05:20:04Z,19273,3317900,19990000,144
2026-08-14T05:20:04Z,19274,2771900,2771900,127
2026-08-14T05:20:04Z,19275,900000,1763100,101
2026-08-14T05:20:04Z,19276,1543500,1715100,246
2026-08-14T05:20:04Z,19278,3209800,5330900,120
2026-08-14T05:20:04Z,19279,4232300,4232300,116
2026-08-14T05:20:04Z,19280,1494000,1772900,95
2026-08-14T05:20:04Z,19281,2662700,2662800,181
2026-08-14T05:20:04Z,19282,1753900,9996900,116
2026-08-14T05:20:04Z,19283,1665700,1665800,149
2026-08-14T05:20:04Z,19284,1019000,1029100,119
2026-08-14T05:20:04Z,19299,300,2600,1277
2026-08-14T05:20:04Z,19300,400,400,389
2026-08-14T05:20:04Z,19304,1400,1400,131
2026-08-14T05:20:04Z,19305,19900,19900,49
2026-08-14T05:20:04Z,19306,600,600,242
2026-08-14T05:20:04Z,19440,200000,200000,118
2026-08-14T05:20:04Z,19441,3500,3800,8710
2026-08-14T05:20:04Z,19698,35700,35800,1205
2026-08-14T05:20:04Z,19699,36500,36500,928
2026-08-14T05:20:04Z,19700,19900,19900,331
2026-08-14T05:20:04Z,19701,61600,61600,1094
2026-08-14T05:20:04Z,19702,25800,25800,496
2026-08-14T05:20:04Z,19703,32500,32800,1217
2026-08-14T05:20:04Z,19704,49000,49800,612
2026-08-14T05:20:04Z,19705,46500,46600,1322
2026-08-14T05:20:04Z,19706,47700,47700,552
2026-08-14T05:20:04Z,19726,1500000800,1500000800,1
2026-08-14T05:20:04Z,19767,1260600,1260600,125
2026-08-14T05:20:04Z,19768,397700,602000,3189
2026-08-14T05:20:04Z,19774,290000000,290000000,2
2026-08-14T05:20:04Z,19931,3998900,3998900,632
2026-08-14T05:20:04Z,19933,49006000,49006000,21
2026-08-14T05:20:04Z,19935,9500001300,9500001300,2
2026-08-14T05:20:04Z,19936,1500001300,1500001300,1
2026-08-14T05:20:04Z,19937,290001100,290001100,1
2026-08-14T05:20:04Z,19938,30900,49000900,23
2026-08-14T05:20:04Z,19943,727000,1008000,2351
2026-08-14T05:20:04Z,19974,110000,110000,34
2026-08-14T05:20:04Z,19975,129999800,129999800,17
2026-08-14T05:20:04Z,20002,1399800,1399800,1055
2026-08-14T05:20:04Z,20004,1346100,1356900,1616
2026-08-14T05:20:04Z,20007,1969700,1969700,1165
2026-08-14T05:20:04Z,20008,249900,249900,66
2026-08-14T05:20:04Z,20016,1500005500,1500005500,1
2026-08-14T05:20:04Z,20074,636900,637000,53
2026-08-14T05:20:04Z,20381,778500,778500,115
2026-08-14T05:20:04Z,20384,900000,900000,25
2026-08-14T05:20:04Z,20404,203700,364100,15847
2026-08-14T05:20:04Z,20416,161543800,161543800,3
2026-08-14T05:20:04Z,20418,195550000,195550000,1
2026-08-14T05:20:04Z,20419,40000000,40000000,5
2026-08-14T05:20:04Z,20420,149999900,149999900,5
2026-08-14T05:20:04Z,20424,150000,150000,1612
2026-08-14T05:20:04Z,20432,989799900,989799900,2
2026-08-14T05:20:04Z,20433,970289300,970289300,2
2026-08-14T05:20:04Z,20435,2424100,2424100,2
2026-08-14T05:20:04Z,20436,1999300,1999300,3
2026-08-14T05:20:04Z,20450,9500000100,9500000100,1
2026-08-14T05:20:04Z,20452,829100,829100,323
2026-08-14T05:20:04Z,20498,49001600,49001600,11
2026-08-14T05:20:04Z,20499,1500000800,1500000800,1
2026-08-14T05:20:04Z,20500,290003100,290003100,1
2026-08-14T05:20:04Z,20501,290003100,290003100,1
2026-08-14T05:20:04Z,20513,292599200,292599200,3
2026-08-14T05:20:04Z,20514,5500000100,5500000100,2
2026-08-14T05:20:04Z,20518,305000,305000,45
2026-08-14T05:20:04Z,20520,1604400,1655500,1169
2026-08-14T05:20:04Z,20526,166900,166900,57
2026-08-14T05:20:04Z,20527,600000,600000,51
2026-08-14T05:20:04Z,20528,11500,11500,25
2026-08-14T05:20:04Z,20531,472400,472400,32
2026-08-14T05:20:04Z,20532,301400,354900,33
2026-08-14T05:20:04Z,20533,253700,306700,34
2026-08-14T05:20:04Z,20535,1492000,1492000,36
2026-08-14T05:20:04Z,20540,4057600,4057600,24
2026-08-14T05:20:04Z,20541,400000,429700,29
2026-08-14T05:20:04Z,20542,5203700,9993400,22
2026-08-14T05:20:04Z,20543,1079800,1079800,27
2026-08-14T05:20:04Z,20544,9892000,9892000,23
2026-08-14T05:20:04Z,20545,960400,960400,31
2026-08-14T05:20:04Z,20552,500000,500000,52
2026-08-14T05:20:04Z,20676,2430700,2430700,72
2026-08-14T05:20:04Z,20677,3000000,3000000,30
2026-08-14T05:20:04Z,20678,500000,500000,69
2026-08-14T05:20:04Z,20679,1009800,1009800,30
2026-08-14T05:20:04Z,20709,4500,4500,130
2026-08-14T05:20:04Z,20763,3640000,3640000,59
2026-08-14T05:20:04Z,20770,350800,350800,29
2026-08-14T05:20:04Z,20812,37999900,37999900,27
2026-08-14T05:20:04Z,20813,37999900,49009800,22
2026-08-14T05:20:04Z,20816,62900,62900,1027
2026-08-14T05:20:04Z,20817,39000,39100,698
2026-08-14T05:20:04Z,20842,49000000,49000000,20
2026-08-14T05:20:04Z,20843,49000100,49000100,20
2026-08-14T05:20:04Z,20844,1500000200,1500000200,1
2026-08-14T05:20:04Z,20845,36999900,49009800,22
2026-08-14T05:20:04Z,20846,559900,559900,33
2026-08-14T05:20:04Z,20847,49000100,49000100,20
2026-08-14T05:20:04Z,20848,49000000,49000000,20
2026-08-14T05:20:04Z,20857,9992400,9992400,33
2026-08-14T05:20:04Z,20858,3500,3500,279
2026-08-14T05:20:04Z,20859,4300,4300,258
2026-08-14T05:20:04Z,20860,3200,3200,226
2026-08-14T05:20:04Z,20861,3400,3400,441
2026-08-14T05:20:04Z,20862,3300,3300,346
2026-08-14T05:20:04Z,20863,3100,3100,347
2026-08-14T05:20:04Z,20864,3100,3100,309
2026-08-14T05:20:04Z,20865,3900,3900,270
2026-08-14T05:20:04Z,20866,9600,9600,53
2026-08-14T05:20:04Z,20867,29900,31500,74
2026-08-14T05:20:04Z,20868,60000,64600,71
2026-08-14T05:20:04Z,20869,57500,58400,74
2026-08-14T05:20:04Z,20870,9700,9700,74
2026-08-14T05:20:04Z,20871,19100,19100,78
2026-08-14T05:20:04Z,20872,17500,17500,75
2026-08-14T05:20:04Z,20873,9900,12300,70
2026-08-14T05:20:04Z,20874,6000,6900,107
2026-08-14T05:20:04Z,20875,17600,17700,85
2026-08-14T05:20:04Z,20876,17400,17500,76
2026-08-14T05:20:04Z,20877,8000,8000,59
2026-08-14T05:20:04Z,20878,8000,8000,75
2026-08-14T05:20:04Z,20879,8000,8000,74
2026-08-14T05:20:04Z,20881,6900,6900,76
2026-08-14T05:20:04Z,20882,17400,26800,271
2026-08-14T05:20:04Z,20963,145500,169000,280
2026-08-14T05:20:04Z,21023,599900,599900,127
2026-08-14T05:20:04Z,21024,22200,22400,443
2026-08-14T05:20:04Z,21030,649900,649900,60
2026-08-14T05:20:04Z,21031,9699900,9699900,26
2026-08-14T05:20:04Z,21033,299700,299700,65
2026-08-14T05:20:04Z,21071,7000,500000,4802
2026-08-14T05:20:04Z,21072,1500,1500,275
2026-08-14T05:20:04Z,21114,1900,1900,79
2026-08-14T05:20:04Z,21151,900,1200,672
2026-08-14T05:20:04Z,21153,12400,16200,4266
2026-08-14T05:20:04Z,21177,1000000,1000000,104
2026-08-14T05:20:04Z,21213,5700,49300,11596
2026-08-14T05:20:04Z,21215,44900,94800,1491
2026-08-14T05:20:04Z,21217,3500,3500,300
2026-08-14T05:20:04Z,21222,2700,2700,129
2026-08-14T05:20:04Z,21223,30000,30000,84
2026-08-14T05:20:04Z,21224,13700,13700,87
2026-08-14T05:20:04Z,21225,8100,8100,79
2026-08-14T05:20:04Z,21226,112200,112200,49
2026-08-14T05:20:04Z,21227,8888800,49008800,21
2026-08-14T05:20:04Z,21536,105500,250000,490
2026-08-14T05:20:04Z,21546,438400,438400,306
2026-08-14T05:20:04Z,21552,59800,59800,137
2026-08-14T05:20:04Z,21557,4300,54400,1251
2026-08-14T05:20:04Z,21558,12000,52000,419
2026-08-14T05:20:04Z,21559,2900,11300,318
2026-08-14T05:20:04Z,21561,3000,3000,77
2026-08-14T05:20:04Z,21562,2000,2000,66
2026-08-14T05:20:04Z,21569,2999900,2999900,71
2026-08-14T05:20:04Z,21570,9899800,9899800,61
2026-08-14T05:20:04Z,21571,43500,43600,607
2026-08-14T05:20:04Z,21574,49900,49900,614
2026-08-14T05:20:04Z,21576,44300,44300,713
2026-08-14T05:20:04Z,21589,11500,11500,38
2026-08-14T05:20:04Z,21590,17700,22200,49
2026-08-14T05:20:04Z,21592,1200,750000,107
2026-08-14T05:20:04Z,21593,133200,9979900,43
2026-08-14T05:20:04Z,21595,917000,917000,57
2026-08-14T05:20:04Z,21714,451100,451100,152
2026-08-14T05:20:04Z,21716,453800,453800,161
2026-08-14T05:20:04Z,21718,452300,452300,150
2026-08-14T05:20:04Z,21721,21900,21900,306
2026-08-14T05:20:04Z,21747,154400,9989600,261
2026-08-14T05:20:04Z,21752,29900,29900,1025
2026-08-14T05:20:04Z,21830,150000000,150000000,8
2026-08-14T05:20:04Z,21840,4600,4700,24121
2026-08-14T05:20:04Z,21842,49600,49900,2953
2026-08-14T05:20:04Z,21844,35300,35500,1629
2026-08-14T05:20:04Z,21845,3960000,3960000,457
2026-08-14T05:20:04Z,21877,600,900,480513
2026-08-14T05:20:04Z,21881,5400,9900,3425
2026-08-14T05:20:04Z,21882,2500,3800,16236
2026-08-14T05:20:04Z,21884,5099000,5209900,3124
2026-08-14T05:20:04Z,21885,2019900,2077000,816
2026-08-14T05:20:04Z,21886,1149900,1200000,3029
2026-08-14T05:20:04Z,21887,52800,61100,19453
2026-08-14T05:20:04Z,21927,290000600,290000600,1
2026-08-14T05:20:04Z,21929,5000,6200,1104
2026-08-14T05:20:04Z,21990,1400,1400,394
2026-08-14T05:20:04Z,21991,3000,3200,393
2026-08-14T05:20:04Z,22054,290000600,290000600,1
2026-08-14T05:20:04Z,22055,290000400,290000400,1
2026-08-14T05:20:04Z,22147,290001600,290001600,2
2026-08-14T05:20:04Z,22148,49000600,49000600,20
2026-08-14T05:20:04Z,22202,68200,68200,3953
2026-08-14T05:20:04Z,22203,2063100,2063200,332
2026-08-14T05:20:04Z,22324,9870400,9870400,57
2026-08-14T05:20:04Z,22373,199999800,199999800,1
2026-08-14T05:20:04Z,22374,197977000,197977000,1
2026-08-14T05:20:04Z,22375,450000000,450000000,35
2026-08-14T05:20:04Z,22376,14009300,14009400,17
2026-08-14T05:20:04Z,22445,24000,24800,139897
2026-08-14T05:20:04Z,22446,110900,204800,24859
2026-08-14T05:20:04Z,22447,34700,34700,3623
2026-08-14T05:20:04Z,22448,5000,9500,4972
2026-08-14T05:20:04Z,22449,17900,27200,259989
2026-08-14T05:20:04Z,22450,18600,26000,26605
2026-08-14T05:20:04Z,22451,4100000,4300000,594
2026-08-14T05:20:04Z,22452,83000,87800,20825
2026-08-14T05:20:04Z,22456,171000,191600,8525
2026-08-14T05:20:04Z,22457,3699900,4302000,975
2026-08-14T05:20:04Z,22459,40100,40100,36
2026-08-14T05:20:04Z,22460,9993400,9993400,21
2026-08-14T05:20:04Z,22525,300,300,21
2026-08-14T05:20:04Z,22526,40000,40000,239
2026-08-14T05:20:04Z,22527,200,300,159
2026-08-14T05:20:04Z,22528,3900,3900,686
2026-08-14T05:20:04Z,22529,1009000,1009000,37
2026-08-14T05:20:04Z,22572,399900,642200,4884
2026-08-14T05:20:04Z,22573,4000,4000,75164
2026-08-14T05:20:04Z,22574,455000,488500,15875
2026-08-14T05:20:04Z,22575,78500,116200,25944
2026-08-14T05:20:04Z,22576,370000,398000,13980
2026-08-14T05:20:04Z,22577,14500,25000,15732
2026-08-14T05:20:04Z,22578,165000,199800,2988
2026-08-14T05:20:04Z,22641,444900,549900,523
2026-08-14T05:20:04Z,22642,444900,549900,353
2026-08-14T05:20:04Z,22644,28500,46900,2408
2026-08-14T05:20:04Z,22645,1800,1800,77
2026-08-14T05:20:04Z,22682,224300,234300,1780
2026-08-14T05:20:04Z,22710,10000,10000,580
2026-08-14T05:20:04Z,22785,31000,32500,47121
2026-08-14T05:20:04Z,22786,23500,24500,12089
2026-08-14T05:20:04Z,22787,43900,44900,2043
2026-08-14T05:20:04Z,22788,129900,129900,924
2026-08-14T05:20:04Z,22789,30000,30000,2059
2026-08-14T05:20:04Z,22790,20200,99800,543
2026-08-14T05:20:04Z,22791,16100,16100,62992
2026-08-14T05:20:04Z,22792,26700,26700,8285
2026-08-14T05:20:04Z,22793,16800,71900,6130
2026-08-14T05:20:04Z,22794,98500,126300,4883
2026-08-14T05:20:04Z,22795,300,700,1691
2026-08-14T05:20:04Z,22797,11812500,11812500,8
2026-08-14T05:20:04Z,22823,474900,474900,86
2026-08-14T05:20:04Z,22824,59900,79900,234
2026-08-14T05:20:04Z,22825,5000,9700,144
2026-08-14T05:20:04Z,22826,49400,151300,81
2026-08-14T05:20:04Z,22827,1499900,1499900,71
2026-08-14T05:20:04Z,22828,220000,220000,145
2026-08-14T05:20:04Z,22829,5500,6500,341
2026-08-14T05:20:04Z,22830,775000,780000,290
2026-08-14T05:20:04Z,22831,89100,90000,252
2026-08-14T05:20:04Z,22832,4500,15000,96
2026-08-14T05:20:04Z,22833,9600000,9700000,32
2026-08-14T05:20:04Z,22834,86400,86400,101
2026-08-14T05:20:04Z,22835,999900,999900,98
2026-08-14T05:20:04Z,22836,9900,9900,288
2026-08-14T05:20:04Z,22837,354700,354700,70
2026-08-14T05:20:04Z,22838,1254500,1254500,229
2026-08-14T05:20:04Z,22839,492200,492200,91
2026-08-14T05:20:04Z,22840,70000,9840000,45
2026-08-14T05:20:04Z,22841,1999900,1999900,42
2026-08-14T05:20:04Z,22842,522900,522900,193
2026-08-14T05:20:04Z,22844,259800,259800,111
2026-08-14T05:20:04Z,22845,212000,212000,94
2026-08-14T05:20:04Z,22846,98500,98500,451
2026-08-14T05:20:04Z,22847,5830000,5830000,57
2026-08-14T05:20:04Z,22848,43600,43600,121
2026-08-14T05:20:04Z,22849,359400,359400,106
2026-08-14T05:20:04Z,22850,9000,12000,181
2026-08-14T05:20:04Z,22851,11200,11200,222
2026-08-14T05:20:04Z,22853,26600,26600,163
2026-08-14T05:20:04Z,22854,39500,39500,179
2026-08-14T05:20:04Z,22861,250000,250000,941
2026-08-14T05:20:04Z,22866,8900,8900,191
2026-08-14T05:20:04Z,22871,22800,22800,64
2026-08-14T05:20:04Z,23055,190000000,190000000,10
2026-08-14T05:20:04Z,23077,333200,333200,1582
2026-08-14T05:20:04Z,23079,28000,29500,1182
2026-08-14T05:20:04Z,23094,94500,94500,31
2026-08-14T05:20:04Z,23095,10000,10000,109
2026-08-14T05:20:04Z,23096,249965100,249965100,3
2026-08-14T05:20:04Z,23097,97600,97600,55
2026-08-14T05:20:04Z,23098,9900,9900,52
2026-08-14T05:20:04Z,23099,2227500,2227500,25
2026-08-14T05:20:04Z,23100,9500,9500,76
2026-08-14T05:20:04Z,23101,299900,299900,55
2026-08-14T05:20:04Z,23103,17600,32900,38
2026-08-14T05:20:04Z,23104,9900,9900,89
2026-08-14T05:20:04Z,23105,9900300,9900300,21
2026-08-14T05:20:04Z,23106,715380700,715380700,3
2026-08-14T05:20:04Z,23107,9700,14000,589
2026-08-14T05:20:04Z,23108,12100,12200,75
2026-08-14T05:20:04Z,23109,9808500,9808500,19
2026-08-14T05:20:04Z,23110,4209900,9890000,22
2026-08-14T05:20:04Z,23111,30000,30000,104
2026-08-14T05:20:04Z,23112,33200,38700,337
2026-08-14T05:20:04Z,23113,47900,47900,70
2026-08-14T05:20:04Z,23114,34700,34700,26
2026-08-14T05:20:04Z,23115,9000000,9900000,23
2026-08-14T05:20:04Z,23116,8000,8000,48
2026-08-14T05:20:04Z,23117,8500,12000,592
2026-08-14T05:20:04Z,23118,14400,14500,82
2026-08-14T05:20:04Z,23119,9700,9800,56
2026-08-14T05:20:04Z,23120,27500,27500,90
2026-08-14T05:20:04Z,23121,3499999800,3499999800,1
2026-08-14T05:20:04Z,23329,12500,12500,31
2026-08-14T05:20:04Z,23330,35000000,35000000,29
2026-08-14T05:20:04Z,23331,2008900,2008900,31
2026-08-14T05:20:04Z,23332,9950000,9950000,33
2026-08-14T05:20:04Z,23333,46999900,46999900,26
2026-08-14T05:20:04Z,23334,2800,2800,4
2026-08-14T05:20:04Z,23353,44999900,44999900,38
2026-08-14T05:20:04Z,23354,500,500,41
2026-08-14T05:20:04Z,23355,290000400,290000400,1
2026-08-14T05:20:04Z,23380,48000,48000,26
2026-08-14T05:20:04Z,23383,29900,49009900,22
2026-08-14T05:20:04Z,23384,1249900,1249900,31
2026-08-14T05:20:04Z,23385,10000,10000,28
2026-08-14T05:20:04Z,23386,11500,11500,36
2026-08-14T05:20:04Z,23424,51100,51100,46764
2026-08-14T05:20:04Z,23425,21100,27700,81638
2026-08-14T05:20:04Z,23426,2199900,2199900,3155
2026-08-14T05:20:04Z,23427,105000,112800,16340
2026-08-14T05:20:04Z,23436,1154800,4989500,363
2026-08-14T05:20:04Z,23437,651000,661100,188
2026-08-14T05:20:04Z,23438,59400,59400,123
2026-08-14T05:20:04Z,23439,290000,360000,218
2026-08-14T05:20:04Z,23440,117800,117800,329
2026-08-14T05:20:04Z,23441,3000000,3000000,407
2026-08-14T05:20:04Z,23445,124000,141800,23780
2026-08-14T05:20:04Z,23446,68500,99500,11117
2026-08-14T05:20:04Z,23447,233300,239900,3262
2026-08-14T05:20:04Z,23448,1019900,1019900,9779
2026-08-14T05:20:04Z,23449,4750000,4790000,1602
2026-08-14T05:20:04Z,23528,150000,160000,94
2026-08-14T05:20:04Z,23529,213000,213000,3816
2026-08-14T05:20:04Z,23530,4008000,9980000,32
2026-08-14T05:20:04Z,23559,64300,64300,76
2026-08-14T05:20:04Z,23571,13889900,16969900,609
2026-08-14T05:20:04Z,23572,16000,16100,985
2026-08-14T05:20:04Z,23573,750000,750000,4190
2026-08-14T05:20:04Z,23575,22500,22500,99
2026-08-14T05:20:04Z,23576,9904600,9904600,20
2026-08-14T05:20:04Z,23676,3600,3700,635
2026-08-14T05:20:04Z,23704,703000,703000,42
2026-08-14T05:20:04Z,23736,8800,8800,1409
2026-08-14T05:20:04Z,23737,24300,24300,714
2026-08-14T05:20:04Z,23756,15200,15200,116
2026-08-14T05:20:04Z,23764,2116900,2116900,32
2026-08-14T05:20:04Z,23765,49903800,49903800,5
2026-08-14T05:20:04Z,23766,39207100,39207100,16
2026-08-14T05:20:04Z,23768,4500,4500,1487
2026-08-14T05:20:04Z,23769,2500000,2500000,368
2026-08-14T05:20:04Z,23771,29700,29700,68
2026-08-14T05:20:04Z,23772,290008000,290008000,1
2026-08-14T05:20:04Z,23773,9900100,9900100,669
2026-08-14T05:20:04Z,23781,292900,449900,1269
2026-08-14T05:20:04Z,23782,439800,440000,1694
2026-08-14T05:20:04Z,23783,140100,169900,8129
2026-08-14T05:20:04Z,23784,382700,383200,1593
2026-08-14T05:20:04Z,23785,760000,838700,1838
2026-08-14T05:20:04Z,23786,10889900,10890000,283
2026-08-14T05:20:04Z,23787,1990000,1990000,2670
2026-08-14T05:20:04Z,23793,369500,369500,3589
2026-08-14T05:20:04Z,23819,9803200,9803200,25
2026-08-14T05:20:04Z,23826,3333300,3990000,42
2026-08-14T05:20:04Z,23827,2954600,9879600,25
2026-08-14T05:20:04Z,23841,992200,992200,43
2026-08-14T05:20:04Z,23848,900000,950000,67
2026-08-14T05:20:04Z,23922,1500000100,1500000100,1
2026-08-14T05:20:04Z,23938,499900,49009900,22
2026-08-14T05:20:04Z,23939,495000,495000,27
2026-08-14T05:20:04Z,23941,290000100,290000100,1
2026-08-14T05:20:04Z,23942,9500000100,9500000100,1
2026-08-14T05:20:04Z,23943,5500000100,5500000100,1
2026-08-14T05:20:04Z,23944,49000100,49000100,20
2026-08-14T05:20:04Z,23945,49000100,49000100,20
2026-08-14T05:20:04Z,23946,49000100,49000100,20
2026-08-14T05:20:04Z,23947,49000100,49000100,20
2026-08-14T05:20:04Z,23948,49000100,49000100,25
2026-08-14T05:20:04Z,23949,49007700,49007700,30
2026-08-14T05:20:04Z,23952,290000100,290000100,1
2026-08-14T05:20:04Z,23953,290000100,290000100,1
2026-08-14T05:20:04Z,23955,9500000200,9500000200,1
2026-08-14T05:20:04Z,23965,49001400,49001400,20
2026-08-14T05:20:04Z,23968,1500000500,1500000500,1
2026-08-14T05:20:04Z,23972,1500000600,1500000600,1
2026-08-14T05:20:04Z,23975,290000100,290000100,1
2026-08-14T05:20:04Z,23976,49001100,49001100,20
2026-08-14T05:20:04Z,23977,49000800,49000800,20
2026-08-14T05:20:04Z,23978,49001000,49001000,20
2026-08-14T05:20:04Z,23979,49001500,49001500,20
2026-08-14T05:20:04Z,23980,5500001200,5500001200,1
2026-08-14T05:20:04Z,23984,3000,3000,761
2026-08-14T05:20:04Z,23987,49000100,49000100,26
2026-08-14T05:20:04Z,23988,49005000,49005000,20
2026-08-14T05:20:04Z,24027,940500,940500,31
2026-08-14T05:20:04Z,24028,950000,950000,37
2026-08-14T05:20:04Z,24030,300000,300000,88
2026-08-14T05:20:04Z,24031,250000000,250000000,1
2026-08-14T05:20:04Z,24032,94600,94600,72
2026-08-14T05:20:04Z,24033,1009900,1009900,81
2026-08-14T05:20:04Z,24035,139700,139700,30
2026-08-14T05:20:04Z,24036,4399100,4399100,52
2026-08-14T05:20:04Z,24037,990000000,990000000,3
2026-08-14T05:20:04Z,24039,500000,500000,30
2026-08-14T05:20:04Z,24047,3157894800,3157894800,1
2026-08-14T05:20:04Z,24048,630500,630500,68
2026-08-14T05:20:04Z,24050,450000000,450000000,1
2026-08-14T05:20:04Z,24051,207300,207300,30
2026-08-14T05:20:04Z,24052,450000000,450000000,1
2026-08-14T05:20:04Z,24053,244500,244500,39
2026-08-14T05:20:04Z,24054,255600,255600,42
2026-08-14T05:20:04Z,24055,250000,250000,44
2026-08-14T05:20:04Z,24056,248300,248300,32
2026-08-14T05:20:04Z,24057,450000000,450000000,1
2026-08-14T05:20:04Z,24058,9820600,9820600,25
2026-08-14T05:20:04Z,24059,1009800,1009800,31
2026-08-14T05:20:04Z,24060,190100,190100,28
2026-08-14T05:20:04Z,24061,252500,252500,30
2026-08-14T05:20:04Z,24062,250008000,250008000,1
2026-08-14T05:20:04Z,24065,500000,500000,54
2026-08-14T05:20:04Z,24066,276500,9876500,27
2026-08-14T05:20:04Z,24067,85600,85700,99
2026-08-14T05:20:04Z,24072,10000,10000,119
2026-08-14T05:20:04Z,24105,10500,10500,106
2026-08-14T05:20:04Z,24186,290000100,290000100,1
2026-08-14T05:20:04Z,24189,10000,49000000,22
2026-08-14T05:20:04Z,24231,49000100,49000100,20
2026-08-14T05:20:04Z,24232,49000000,49000000,20
2026-08-14T05:20:04Z,24234,290000800,290000800,1
2026-08-14T05:20:04Z,24235,290001300,290001300,1
2026-08-14T05:20:04Z,24242,49002300,49002300,20
2026-08-14T05:20:04Z,24243,139900,160000,2437
2026-08-14T05:20:04Z,24245,172500,199000,2281
2026-08-14T05:20:04Z,24246,11100,13900,32185
2026-08-14T05:20:04Z,24268,3200,3200,128
2026-08-14T05:20:04Z,24271,10950000,10950000,254
2026-08-14T05:20:04Z,24272,7890000,7890000,821
2026-08-14T05:20:04Z,24273,66874800,66874800,9
2026-08-14T05:20:04Z,24274,12000100,12000100,13
2026-08-14T05:20:04Z,24275,10825000,10825000,15
2026-08-14T05:20:04Z,24276,31145500,31145500,9
2026-08-14T05:20:04Z,24281,49000500,49000500,20
2026-08-14T05:20:04Z,24282,49006900,49006900,20
2026-08-14T05:20:04Z,24291,149900,323200,1049
2026-08-14T05:20:04Z,24338,300,300,94
2026-08-14T05:20:04Z,24368,148900,149000,1382
2026-08-14T05:20:04Z,24401,6000,6300,6038
2026-08-14T05:20:04Z,24403,9376800,9376800,57
2026-08-14T05:20:04Z,24404,49000800,49000800,27
2026-08-14T05:20:04Z,24405,2751400,2751400,57
2026-08-14T05:20:04Z,24406,49001200,49001200,30
2026-08-14T05:20:04Z,24449,455000,800000,923
2026-08-14T05:20:04Z,24476,19200,59300,2548
2026-08-14T05:20:04Z,24477,1700,18700,19313
2026-08-14T05:20:04Z,24478,150000,199000,1731
2026-08-14T05:20:04Z,24479,1503800,3883900,353
2026-08-14T05:20:04Z,24506,25001000,25001000,22
2026-08-14T05:20:04Z,24507,6685500,6685500,2
2026-08-14T05:20:04Z,24508,1200,1200,148
2026-08-14T05:20:04Z,24509,290001100,290001100,1
2026-08-14T05:20:04Z,24510,25000000,49000000,22
2026-08-14T05:20:04Z,24511,1400,1400,15
2026-08-14T05:20:04Z,24516,30774100,49002500,21
2026-08-14T05:20:04Z,24517,49001500,49001500,20
2026-08-14T05:20:04Z,24521,49006200,49006200,20
2026-08-14T05:20:04Z,24539,9900000,9900000,79
2026-08-14T05:20:04Z,25408,49001400,49001400,24
2026-08-14T05:20:04Z,25409,8800,8800,40
2026-08-14T05:20:04Z,25410,49001500,49001500,20
2026-08-14T05:20:04Z,25411,37400,37400,13
2026-08-14T05:20:04Z,25412,3003800,3003800,35
2026-08-14T05:20:04Z,25413,290001800,290001800,1
2026-08-14T05:20:04Z,25414,49001500,49001500,22
2026-08-14T05:20:04Z,25415,9500002000,9500002000,1
2026-08-14T05:20:04Z,25416,197900,250000,3403
2026-08-14T05:20:04Z,25417,199999900,199999900,2
2026-08-14T05:20:04Z,25418,1200,1200,178
2026-08-14T05:20:04Z,25420,19999900,49009900,15
2026-08-14T05:20:04Z,25421,1400,1400,39
2026-08-14T05:20:04Z,25425,49001600,49001600,32
2026-08-14T05:20:04Z,25426,1200,1200,145
2026-08-14T05:20:04Z,25427,50000,50000,24
2026-08-14T05:20:04Z,25428,1400,1400,31
2026-08-14T05:20:04Z,25429,49008700,49008700,20
2026-08-14T05:20:04Z,25430,290000,290000,263
2026-08-14T05:20:04Z,25431,49009900,49009900,183
2026-08-14T05:20:04Z,25432,47600,47600,29
2026-08-14T05:20:04Z,25434,49001400,49001400,20
2026-08-14T05:20:04Z,25435,49002000,49002000,20
2026-08-14T05:20:04Z,25436,49001500,49001500,20
2026-08-14T05:20:04Z,25437,3000,3000,30
2026-08-14T05:20:04Z,25440,980000,990000,26
2026-08-14T05:20:04Z,25441,19999800,19999900,26
2026-08-14T05:20:04Z,25443,49002000,49002000,20
2026-08-14T05:20:04Z,25444,25990000,49000000,29
2026-08-14T05:20:04Z,25445,4900,4900,95
2026-08-14T05:20:04Z,25446,2901500,2901500,26
2026-08-14T05:20:04Z,25447,118900,118900,40
2026-08-14T05:20:04Z,25450,49001400,49001400,20
2026-08-14T05:20:04Z,25451,1200,1200,27
2026-08-14T05:20:04Z,25452,290001500,290001500,1
2026-08-14T05:20:04Z,25453,8400,8400,49
2026-08-14T05:20:04Z,25454,349900,349900,29
2026-08-14T05:20:04Z,25456,15000,15000,63
2026-08-14T05:20:04Z,25463,106600,167900,2480
2026-08-14T05:20:04Z,25466,49006700,49006700,20
2026-08-14T05:20:04Z,25467,21000100,21000100,24
2026-08-14T05:20:04Z,25521,1979700,1979700,38
2026-08-14T05:20:04Z,25548,1534300,9990000,22
2026-08-14T05:20:04Z,25550,9936300,9936300,46
2026-08-14T05:20:04Z,25649,11800,11900,8790
2026-08-14T05:20:04Z,25650,90000,90000,97
2026-08-14T05:20:04Z,25651,1660500,1660500,40
2026-08-14T05:20:04Z,25652,8854900,8859900,20
2026-08-14T05:20:04Z,25679,9100,9100,55
2026-08-14T05:20:04Z,25699,9900,16400,20922
2026-08-14T05:20:04Z,25700,79400,103200,4523
2026-08-14T05:20:04Z,25703,450000200,450000200,1
2026-08-14T05:20:04Z,25707,42200,66500,6035
2026-08-14T05:20:04Z,25708,690000,700000,566
2026-08-14T05:20:04Z,25719,480000,480000,1482
2026-08-14T05:20:04Z,25724,290000100,290000100,1
2026-08-14T05:20:04Z,25744,681000,701000,5085
2026-08-14T05:20:04Z,25802,900000,900000,5912
2026-08-14T05:20:04Z,25813,11900,11900,29
2026-08-14T05:20:04Z,25867,4999900,4999900,529
2026-08-14T05:20:04Z,25868,21490000,21490000,257
2026-08-14T05:20:04Z,25886,402400,402400,971
2026-08-14T05:20:04Z,25890,72805300,72805300,7
2026-08-14T05:20:04Z,25893,35000000,35000000,3
2026-08-14T05:20:04Z,25894,49999900,49999900,5
2026-08-14T05:20:04Z,25895,45340900,45340900,16
2026-08-14T05:20:04Z,25896,57795800,57795800,4
2026-08-14T05:20:04Z,25897,50000000,50000000,3
2026-08-14T05:20:04Z,25898,21719400,21719400,10
2026-08-14T05:20:04Z,25899,7498400,7498400,10
2026-08-14T05:20:04Z,25901,990000,1259000,35
2026-08-14T05:20:04Z,27422,2000,7500,40115
2026-08-14T05:20:04Z,27425,2000,2000,2326
2026-08-14T05:20:04Z,27429,3000,3000,5634
2026-08-14T05:20:04Z,27435,500,2000,1529
2026-08-14T05:20:04Z,27437,20700,20700,1185
2026-08-14T05:20:04Z,27438,1500,1600,1945
2026-08-14T05:20:04Z,27439,4200,4300,8790
2026-08-14T05:20:04Z,27441,993500,993500,27
2026-08-14T05:20:04Z,27442,999900,999900,4
2026-08-14T05:20:04Z,27443,49007300,49007300,27
2026-08-14T05:20:04Z,27498,10000,10000,51
2026-08-14T05:20:04Z,27499,17100,17100,54
2026-08-14T05:20:04Z,27500,16300,17100,25
2026-08-14T05:20:04Z,27501,8200,8200,86
2026-08-14T05:20:04Z,27502,14700,14700,48
2026-08-14T05:20:04Z,27503,16500,16500,83
2026-08-14T05:20:04Z,27515,850000,850000,91
2026-08-14T05:20:04Z,27516,880200,1000200,106
2026-08-14T05:20:04Z,27635,14000,14000,66
2026-08-14T05:20:04Z,27636,9830200,9830200,51
2026-08-14T05:20:04Z,27651,3800,3800,205
2026-08-14T05:20:04Z,27655,2000,2000,143
2026-08-14T05:20:04Z,27656,199999900,199999900,2
2026-08-14T05:20:04Z,27657,16700,16800,126
2026-08-14T05:20:04Z,27658,69800,69800,452
2026-08-14T05:20:04Z,27659,50000,50000,145
2026-08-14T05:20:04Z,27660,12500,12500,122
2026-08-14T05:20:04Z,27661,3600,9840000,44
2026-08-14T05:20:04Z,27662,3300,3300,55
2026-08-14T05:20:04Z,27663,4400,4400,107
2026-08-14T05:20:04Z,27664,3100,3200,102
2026-08-14T05:20:04Z,27665,46800,46900,81
2026-08-14T05:20:04Z,27666,72500,9960100,39
2026-08-14T05:20:04Z,27667,9844300,9844300,27
2026-08-14T05:20:04Z,27668,1000,1200,3113
2026-08-14T05:20:04Z,27669,102100,102100,1615
2026-08-14T05:20:04Z,27671,10900,100000,2512
2026-08-14T05:20:04Z,27674,900,900,14682
2026-08-14T05:20:04Z,27676,560400,560400,101
2026-08-14T05:20:04Z,27677,400,1300,9730
2026-08-14T05:20:04Z,27678,900,1100,6530
2026-08-14T05:20:04Z,27681,3500,3600,3434
2026-08-14T05:20:04Z,27682,1800,2200,10711
2026-08-14T05:20:04Z,27729,49001100,49001100,13
2026-08-14T05:20:04Z,27854,300,300,307
2026-08-14T05:20:04Z,27855,300,300,237
2026-08-14T05:20:04Z,27856,34900,34900,99
2026-08-14T05:20:04Z,27857,1900,1900,50
2026-08-14T05:20:04Z,27858,800,800,154
2026-08-14T05:20:04Z,27859,300,300,56
2026-08-14T05:20:04Z,27860,400,400,254
2026-08-14T05:20:04Z,27932,2001400,2001400,39
2026-08-14T05:20:04Z,27933,5001500,5001500,4
2026-08-14T05:20:04Z,27934,70000,70000,42
2026-08-14T05:20:04Z,27935,5000000,5000000,26
2026-08-14T05:20:04Z,28053,19999800,19999900,205
2026-08-14T05:20:04Z,28056,49000100,49000100,21
2026-08-14T05:20:04Z,28058,100000,100000,21
2026-08-14T05:20:04Z,28059,48990000,48990000,20
2026-08-14T05:20:04Z,28060,5508800,5508800,1
2026-08-14T05:20:04Z,28061,950000,49000000,21
2026-08-14T05:20:04Z,28100,1500,2000,322
2026-08-14T05:20:04Z,28101,225000,225000,82
2026-08-14T05:20:04Z,28102,9000,9000,133
2026-08-14T05:20:04Z,28103,3500,5000,144
2026-08-14T05:20:04Z,28104,39500,40000,164
2026-08-14T05:20:04Z,28118,999800,999800,154
2026-08-14T05:20:04Z,28119,9997400,9997400,229
2026-08-14T05:20:04Z,28123,3004300,9990000,24
2026-08-14T05:20:04Z,28284,10500,10500,67
2026-08-14T05:20:04Z,28290,250000000,250000000,7
2026-08-14T05:20:04Z,28362,1250000,1250000,723
2026-08-14T05:20:04Z,28363,9880000,9880000,20
2026-08-14T05:20:04Z,28399,300,300,286
2026-08-14T05:20:04Z,28420,10000,10000,25
2026-08-14T05:20:04Z,28421,242500,242900,170
2026-08-14T05:20:04Z,28452,2000,2200,51
2026-08-14T05:20:04Z,28458,880000,880000,31
2026-08-14T05:20:04Z,28459,382200,382200,42
2026-08-14T05:20:04Z,28461,139900,139900,43
2026-08-14T05:20:04Z,28462,250000000,250000000,1
2026-08-14T05:20:04Z,28463,567600,567600,37
2026-08-14T05:20:04Z,28464,605700,605700,37
2026-08-14T05:20:04Z,28467,55500,55500,37
2026-08-14T05:20:04Z,28468,55900,55900,31
2026-08-14T05:20:04Z,28470,20000,20000,39
2026-08-14T05:20:04Z,28486,9900500,9900500,84
2026-08-14T05:20:04Z,28501,1000,1700,58
2026-08-14T05:20:04Z,28595,32600,84700,46
2026-08-14T05:20:04Z,29110,290000100,290000100,1
2026-08-14T05:20:04Z,29111,290000100,290000100,2
2026-08-14T05:20:04Z,29112,35000,35000,109
2026-08-14T05:20:04Z,29292,300000,300000,41
2026-08-14T05:20:04Z,29393,200000,200000,95
2026-08-14T05:20:04Z,29394,40000,40000,140
2026-08-14T05:20:04Z,29395,50000,50000,141
2026-08-14T05:20:04Z,29401,9948800,9948800,21
2026-08-14T05:20:04Z,29412,2990000,2990000,39
2026-08-14T05:20:04Z,29425,109900,109900,324
2026-08-14T05:20:04Z,29426,315000,315000,1871
2026-08-14T05:20:04Z,29448,2800,9840000,78
2026-08-14T05:20:04Z,29449,400,500,177
2026-08-14T05:20:04Z,29450,50000,50000,105
2026-08-14T05:20:04Z,29451,400,800,825
2026-08-14T05:20:04Z,29452,8000,8000,129
2026-08-14T05:20:04Z,29453,400,900,285
2026-08-14T05:20:04Z,29454,19900,19900,85
2026-08-14T05:20:04Z,29460,1509500,1649500,1489
2026-08-14T05:20:04Z,29533,29219400,29219400,7
2026-08-14T05:20:04Z,29534,2356100,2356100,18
2026-08-14T05:20:04Z,29535,62499200,62499200,2
2026-08-14T05:20:04Z,29536,15825700,15825700,17
2026-08-14T05:20:04Z,29539,2209800,2209800,766
2026-08-14T05:20:04Z,29547,1139800,1139800,790
2026-08-14T05:20:04Z,29548,649900,700000,3322
2026-08-14T05:20:04Z,29551,1500001100,1500001100,1
2026-08-14T05:20:04Z,29557,49001400,49001400,15
2026-08-14T05:20:04Z,29558,20001500,20001500,6
2026-08-14T05:20:04Z,29559,451800,451800,62
2026-08-14T05:20:04Z,29560,48990000,48990000,33
2026-08-14T05:20:04Z,29561,49001400,49001400,21
2026-08-14T05:20:04Z,29562,49001500,49001500,20
2026-08-14T05:20:04Z,29563,341800,341800,65
2026-08-14T05:20:04Z,29564,120000,120000,9
2026-08-14T05:20:04Z,29565,49001400,49001400,20
2026-08-14T05:20:04Z,29566,1500001500,1500001500,1
2026-08-14T05:20:04Z,29567,907700,907700,24
2026-08-14T05:20:04Z,29568,49002000,49002000,20
2026-08-14T05:20:04Z,29570,49001100,49001100,20
2026-08-14T05:20:04Z,29571,1000000,1000000,17
2026-08-14T05:20:04Z,29572,290001100,290001100,1
2026-08-14T05:20:04Z,29573,49000000,49000100,21
2026-08-14T05:20:04Z,29574,49000200,49000200,20
2026-08-14T05:20:04Z,29575,290001100,290001100,2
2026-08-14T05:20:04Z,29576,40001100,40001100,20
2026-08-14T05:20:04Z,29577,49000200,49000200,20
2026-08-14T05:20:04Z,29578,290001500,290001500,1
2026-08-14T05:20:04Z,29579,49001400,49001400,20
2026-08-14T05:20:04Z,29580,30000000,49000000,23
2026-08-14T05:20:04Z,29581,49002000,49002000,20
2026-08-14T05:20:04Z,29739,29300,39900,47096
2026-08-14T05:20:04Z,29740,217800,237800,1178
2026-08-14T05:20:04Z,29750,500000,501500,366
2026-08-14T05:20:04Z,29799,442400,442400,45
2026-08-14T05:20:04Z,29800,18918100,49000000,23
2026-08-14T05:20:04Z,30155,2591000,2591000,123
2026-08-14T05:20:04Z,30183,20000,20000,710
2026-08-14T05:20:04Z,30355,9900000,9900000,26
2026-08-14T05:20:04Z,30457,50000,50000,55
2026-08-14T05:20:04Z,30458,600,600,58
2026-08-14T05:20:04Z,30466,49001500,49001500,20
2026-08-14T05:20:04Z,30467,290002000,290002000,1
2026-08-14T05:20:04Z,30475,9953600,9953600,46
2026-08-14T05:20:04Z,30476,20002000,49002000,22
2026-08-14T05:20:04Z,30477,51800,51800,25
2026-08-14T05:20:04Z,30478,49002000,49002000,20
2026-08-14T05:20:04Z,30506,290000600,290000600,1
2026-08-14T05:20:04Z,30507,99999900,99999900,2
2026-08-14T05:20:04Z,30508,49000100,49000100,19
2026-08-14T05:20:04Z,30509,49000100,49000100,20
2026-08-14T05:20:04Z,30510,119900,119900,25
2026-08-14T05:20:04Z,30511,49000000,49000000,22
2026-08-14T05:20:04Z,30512,39500,39500,28
2026-08-14T05:20:04Z,30513,4902000,49002000,24
2026-08-14T05:20:04Z,30610,60600,60600,39
2026-08-14T05:20:04Z,30809,18800,21800,20488
2026-08-14T05:20:04Z,30810,300,500,28743
2026-08-14T05:20:04Z,30812,164000,164900,51
2026-08-14T05:20:04Z,30813,998900,998900,32
2026-08-14T05:20:04Z,30814,11800,49001800,21
2026-08-14T05:20:04Z,30815,49002000,49002000,20
2026-08-14T05:20:04Z,30816,500,500,737
2026-08-14T05:20:04Z,30817,100,100,87106
2026-08-14T05:20:04Z,30820,2800,2800,5
2026-08-14T05:20:04Z,30821,34600,34600,27
2026-08-14T05:20:04Z,31079,1199700,1199700,1757
2026-08-14T05:20:04Z,31670,4800,15000,8519
2026-08-14T05:20:04Z,31671,5000,890000,4475
2026-08-14T05:20:04Z,31672,25400,25400,615
2026-08-14T05:20:04Z,31673,555500,555500,162
2026-08-14T05:20:04Z,31676,231400,231400,63
2026-08-14T05:20:04Z,31677,9849000,9849000,137
2026-08-14T05:20:04Z,31679,1874900,1874900,95
2026-08-14T05:20:04Z,31860,3500000200,3500000200,1
2026-08-14T05:20:04Z,31861,2500000600,2500000600,1
2026-08-14T05:20:04Z,31862,1500000000,1500000000,1
2026-08-14T05:20:04Z,31863,2500000600,2500000600,1
2026-08-14T05:20:04Z,31864,3500000200,3500000200,1
2026-08-14T05:20:04Z,31866,2971600,2971600,31
2026-08-14T05:20:04Z,31867,120600,120600,55
2026-08-14T05:20:04Z,31868,33000,33000,51
2026-08-14T05:20:04Z,31869,340000,450000,52
2026-08-14T05:20:04Z,31882,29900,69900,423
2026-08-14T05:20:04Z,31883,189000,189000,38
2026-08-14T05:20:04Z,31884,49900,79700,176
2026-08-14T05:20:04Z,31885,1450000,1450000,29
2026-08-14T05:20:04Z,31886,400400,449700,53
2026-08-14T05:20:04Z,31887,50000,15005300,183
2026-08-14T05:20:04Z,31888,28864300,28864300,15
2026-08-14T05:20:04Z,31889,7128500,7128500,14
2026-08-14T05:20:04Z,31892,34600,42100,362
2026-08-14T05:20:04Z,31893,89700,100000,98
2026-08-14T05:20:04Z,31894,2189000,2189000,440
2026-08-14T05:20:04Z,31895,39999700,39999700,17
2026-08-14T05:20:04Z,31896,29600,29700,39
2026-08-14T05:20:04Z,31898,71600,71800,143
2026-08-14T05:20:04Z,31899,10000000,10000000,11
2026-08-14T05:20:04Z,31900,9899700,9899700,11
2026-08-14T05:20:04Z,31901,30000,43900,681
2026-08-14T05:20:04Z,31902,39900,219500,211
2026-08-14T05:20:04Z,31903,89900,125400,448
2026-08-14T05:20:04Z,31904,5000000,39990000,23
2026-08-14T05:20:04Z,31905,48900,52800,177
2026-08-14T05:20:04Z,31906,56700,106800,182
2026-08-14T05:20:04Z,31908,9000300,9000300,10
2026-08-14T05:20:04Z,31909,5690400,5690400,13
2026-08-14T05:20:04Z,31910,240000,308900,493
2026-08-14T05:20:04Z,31911,58000,108900,236
2026-08-14T05:20:04Z,31912,435000,2503800,134
2026-08-14T05:20:04Z,31913,34999900,35000000,15
2026-08-14T05:20:04Z,31915,257100,3115000,586
2026-08-14T05:20:04Z,31916,499900,1555500,271
2026-08-14T05:20:04Z,31917,45009500,45009500,9
2026-08-14T05:20:04Z,31918,16241800,16241800,6
2026-08-14T05:20:04Z,31941,16395000,16395000,17
2026-08-14T05:20:04Z,31944,49000000,49000000,20
2026-08-14T05:20:04Z,31945,49001500,49001500,20
2026-08-14T05:20:04Z,32062,59000,59000,193
2026-08-14T05:20:04Z,32063,9412200,9907500,106
2026-08-14T05:20:04Z,32067,1900,2500,175
2026-08-14T05:20:04Z,32068,3526600,3526600,82
2026-08-14T05:20:04Z,32079,29000000,29000000,12
2026-08-14T05:20:04Z,32193,9869000,9869000,21
2026-08-14T05:20:04Z,32194,184000,376700,78
2026-08-14T05:20:04Z,32196,59500,59500,158
2026-08-14T05:20:04Z,32198,212600,212600,70
2026-08-14T05:20:04Z,32199,19800,19800,27
2026-08-14T05:20:04Z,32200,109400,436500,78
2026-08-14T05:20:04Z,32201,95400,565400,42
2026-08-14T05:20:04Z,32203,54900,55300,50
2026-08-14T05:20:04Z,32205,643400,644900,229
2026-08-14T05:20:04Z,32206,84500,109400,147
2026-08-14T05:20:04Z,32209,394500,394900,305
2026-08-14T05:20:04Z,32211,1995500,1995500,30
2026-08-14T05:20:04Z,32212,9990600,9990600,24
2026-08-14T05:20:04Z,32215,339900,339900,32
2026-08-14T05:20:04Z,32217,4416000,4416000,65
2026-08-14T05:20:04Z,32218,300000,300000,32
2026-08-14T05:20:04Z,32220,206400,206400,98
2026-08-14T05:20:04Z,32221,454400,454400,65
2026-08-14T05:20:04Z,32222,704100,704100,270
2026-08-14T05:20:04Z,32223,9993200,9993200,24
2026-08-14T05:20:04Z,32224,199800,199800,80
2026-08-14T05:20:04Z,32225,9990900,9990900,24
2026-08-14T05:20:04Z,32226,808800,808800,58
2026-08-14T05:20:04Z,32227,17600,17600,251
2026-08-14T05:20:04Z,32228,6800,7000,2031
2026-08-14T05:20:04Z,32229,6800,6900,720
2026-08-14T05:20:04Z,32230,4900,5000,402
2026-08-14T05:20:04Z,32231,5000,5000,397
2026-08-14T05:20:04Z,32249,6700,6700,672
2026-08-14T05:20:04Z,32388,744900,744900,5712
2026-08-14T05:20:04Z,32409,199001000,199001000,5
2026-08-14T05:20:04Z,32410,49989400,49989400,5
2026-08-14T05:20:04Z,32413,50000,50000,216
2026-08-14T05:20:04Z,32423,620000,620000,3329
2026-08-14T05:20:04Z,32428,79900,79900,1456
2026-08-14T05:20:04Z,32453,9900000,9900000,40
2026-08-14T05:20:04Z,32455,9900000,9900000,25
2026-08-14T05:20:04Z,32464,10300,11900,4656
2026-08-14T05:20:04Z,32468,30000,31000,608
2026-08-14T05:20:04Z,32470,84900,92800,380
2026-08-14T05:20:04Z,32576,6300,6300,196
2026-08-14T05:20:04Z,32596,198276300,198276300,4
2026-08-14T05:20:04Z,32597,62000000,62000000,5
2026-08-14T05:20:04Z,32598,1990500,1990500,24
2026-08-14T05:20:04Z,32599,25980000,25980000,5
2026-08-14T05:20:04Z,32600,190000000,190000000,3
2026-08-14T05:20:04Z,32601,9900000,9900000,25
2026-08-14T05:20:04Z,32620,640000,649800,8632
2026-08-14T05:20:04Z,32667,9900000,9900000,120
2026-08-14T05:20:04Z,32668,9960000,9960000,82
2026-08-14T05:20:04Z,32685,9969700,9969700,43
2026-08-14T05:20:04Z,32686,98400,98400,93
2026-08-14T05:20:04Z,32714,20000,20000,39
2026-08-14T05:20:04Z,32715,6009500,6009500,28
2026-08-14T05:20:04Z,32716,3809000,3809100,111
2026-08-14T05:20:04Z,32717,4999800,4999800,184
2026-08-14T05:20:04Z,32718,3770000,3800000,94
2026-08-14T05:20:04Z,32720,7509500,7509500,24
2026-08-14T05:20:04Z,32722,9801000,9801000,25
2026-08-14T05:20:04Z,32725,49000100,49000100,20
2026-08-14T05:20:04Z,32727,49000100,49000100,15
2026-08-14T05:20:04Z,32728,9900400,9900400,2
2026-08-14T05:20:04Z,32758,9904100,9904100,29
2026-08-14T05:20:04Z,32773,30531800,30531800,1
2026-08-14T05:20:04Z,32833,518900,518900,67
2026-08-14T05:20:04Z,32836,519500,519500,53
2026-08-14T05:20:04Z,32839,197490000,197490000,4
2026-08-14T05:20:04Z,32849,199007200,199007200,3
2026-08-14T05:20:04Z,32850,194990000,194990000,1
2026-08-14T05:20:04Z,32851,29990000,29990000,11
2026-08-14T05:20:04Z,32852,39330800,39330800,9
2026-08-14T05:20:04Z,32897,700,1000,22324
2026-08-14T05:20:04Z,32902,100,200,1715
2026-08-14T05:20:04Z,32905,200,200,235
2026-08-14T05:20:04Z,32947,49909900,49909900,4
2026-08-14T05:20:04Z,32948,25000000,25000000,8
2026-08-14T05:20:04Z,33042,34300,34300,277
2026-08-14T05:20:04Z,33048,1500,1500,100
2026-08-14T05:20:04Z,33052,7500,7500,112
2026-08-14T05:20:04Z,33053,100000,100000,71
2026-08-14T05:20:04Z,33081,1569900,1569900,39
2026-08-14T05:20:04Z,33092,9990400,9990400,29
2026-08-14T05:20:04Z,33093,50800,50800,317
2026-08-14T05:20:04Z,33185,9974100,9974100,21
2026-08-14T05:20:04Z,33234,9900,9900400,124
2026-08-14T05:20:04Z,33236,2800,2800,30
2026-08-14T05:20:04Z,33246,300000,300000,39
2026-08-14T05:20:04Z,33254,96300,96300,53
2026-08-14T05:20:04Z,33443,500,500,136
2026-08-14T05:20:04Z,33444,500,500,503
2026-08-14T05:20:04Z,33445,600,600,140
2026-08-14T05:20:04Z,33447,11000,22000,190
2026-08-14T05:20:04Z,33448,6000,6100,336
2026-08-14T05:20:04Z,33449,34900,34900,75
2026-08-14T05:20:04Z,33451,4000,4000,88
2026-08-14T05:20:04Z,33452,500,500,226
2026-08-14T05:20:04Z,33454,500,500,192
2026-08-14T05:20:04Z,33457,500,500,74
2026-08-14T05:20:04Z,33458,86900,86900,889
2026-08-14T05:20:04Z,33459,400,500,44
2026-08-14T05:20:04Z,33460,300,300,62
2026-08-14T05:20:04Z,33461,300,400,70
2026-08-14T05:20:04Z,33462,400,600,113
2026-08-14T05:20:04Z,33470,39900,39900,193181
2026-08-14T05:20:04Z,33546,28900,28900,28
2026-08-14T05:20:04Z,33547,60000,60000,37
2026-08-14T05:20:04Z,33548,49001300,49001300,21
2026-08-14T05:20:04Z,33549,499900,49005000,21
2026-08-14T05:20:04Z,33550,290001800,290001800,1
2026-08-14T05:20:04Z,33551,49002000,49002000,20
2026-08-14T05:20:04Z,33553,49002400,49002400,21
2026-08-14T05:20:04Z,33555,49002700,49002700,20
2026-08-14T05:20:04Z,33556,10001800,49001800,22
2026-08-14T05:20:04Z,33560,49002000,49002000,20
2026-08-14T05:20:04Z,33561,49002400,49002400,28
2026-08-14T05:20:04Z,33562,49002700,49002700,21
2026-08-14T05:20:04Z,33567,10800,11000,1198
2026-08-14T05:20:04Z,33568,59800,67500,6701
2026-08-14T05:20:04Z,33569,49002400,49002400,20
2026-08-14T05:20:04Z,33571,290002700,290002700,1
2026-08-14T05:20:04Z,33575,39900,39900,94
2026-08-14T05:20:04Z,33576,99900,49002700,26
2026-08-14T05:20:04Z,33629,49002400,49002400,24
2026-08-14T05:20:04Z,33630,49002700,49002700,23
2026-08-14T05:20:04Z,33631,800,800,103
2026-08-14T05:20:04Z,33632,20000,20000,33
2026-08-14T05:20:04Z,33638,49005900,49005900,20
2026-08-14T05:20:04Z,33639,2502700,2502700,24
2026-08-14T05:20:04Z,33782,91000,91000,34
2026-08-14T05:20:04Z,33803,1500000200,2700000200,201
2026-08-14T05:20:04Z,33823,1018400,1018500,385
2026-08-14T05:20:04Z,33824,91000,99900,324
2026-08-14T05:20:04Z,33825,190000,9865200,33
2026-08-14T05:20:04Z,33846,290000700,290000700,1
2026-08-14T05:20:04Z,33854,20000900,20000900,6
2026-08-14T05:20:04Z,33856,9000100,290000100,10
2026-08-14T05:20:04Z,33866,135500,135500,190
2026-08-14T05:20:04Z,33867,110500,9892300,41
2026-08-14T05:20:04Z,33872,54300,54400,271
2026-08-14T05:20:04Z,33874,24900,25000,9662
2026-08-14T05:20:04Z,34052,89000,167500,17291
2026-08-14T05:20:04Z,34053,19800,39800,670
2026-08-14T05:20:04Z,34054,3800,4500,87399
2026-08-14T05:20:04Z,34055,9600,9700,37219
2026-08-14T05:20:04Z,34056,3400,8300,45787
2026-08-14T05:20:04Z,34057,19900,24800,17163
2026-08-14T05:20:04Z,34068,4400,52100,213965
2026-08-14T05:20:04Z,34113,2503500,2503500,663
2026-08-14T05:20:04Z,34125,500,500,86
2026-08-14T05:20:04Z,34207,1489200,1489600,43
2026-08-14T05:20:04Z,34220,45000000,45000000,5
2026-08-14T05:20:04Z,34330,1000000,1000000,4344
2026-08-14T05:20:04Z,34411,18997200,18997200,35
2026-08-14T05:20:04Z,34440,129700,129800,733
2026-08-14T05:20:04Z,34537,19800,9903800,50
2026-08-14T05:20:04Z,34599,900,1000,1409
2026-08-14T05:20:04Z,34664,22700,22700,1191
2026-08-14T05:20:04Z,34721,6600,6600,263
2026-08-14T05:20:04Z,34722,3800,3800,90
2026-08-14T05:20:04Z,34736,29900,32400,10760
2026-08-14T05:20:04Z,34747,750000,750000,826
2026-08-14T05:20:04Z,34748,20000,46700,117
2026-08-14T05:20:04Z,34749,5000,5000,136
2026-08-14T05:20:04Z,34750,400,500,173
2026-08-14T05:20:04Z,34751,15000,15000,189
2026-08-14T05:20:04Z,34752,10000,10000,486
2026-08-14T05:20:04Z,34753,239900,239900,502
2026-08-14T05:20:04Z,34754,99900,99900,54
2026-08-14T05:20:04Z,34755,109800,109900,74
2026-08-14T05:20:04Z,34756,159900,159900,47
2026-08-14T05:20:04Z,34757,49100,49100,66
2026-08-14T05:20:04Z,34758,99900,99900,103
2026-08-14T05:20:04Z,34759,26400,104300,100
2026-08-14T05:20:04Z,34760,1800,3300,101
2026-08-14T05:20:04Z,34761,3200,7900,99
2026-08-14T05:20:04Z,34762,9700,9700,123
2026-08-14T05:20:04Z,34763,49500,49500,150
2026-08-14T05:20:04Z,34764,48800,48800,205
2026-08-14T05:20:04Z,34765,25900,26000,50
2026-08-14T05:20:04Z,34766,28400,9998500,66
2026-08-14T05:20:04Z,34767,29800,29800,95
2026-08-14T05:20:04Z,34768,192200,192200,180
2026-08-14T05:20:04Z,34769,19800,19900,98
2026-08-14T05:20:04Z,34822,90000000,90000000,3
2026-08-14T05:20:04Z,34823,73620000,73620000,7
2026-08-14T05:20:04Z,34824,290005100,290005100,4
2026-08-14T05:20:04Z,34825,290005100,290005100,1
2026-08-14T05:20:04Z,34831,300000,300000,30
2026-08-14T05:20:04Z,34832,11100,11100,4163
2026-08-14T05:20:04Z,34839,5000000,5000000,38
2026-08-14T05:20:04Z,34841,17514900,17514900,54
2026-08-14T05:20:04Z,34843,6434400,6434400,34
2026-08-14T05:20:04Z,34850,44100,49100,84
2026-08-14T05:20:04Z,34860,1730000,1730000,31
2026-08-14T05:20:04Z,34861,1000,1000,100
2026-08-14T05:20:04Z,34907,49002600,49002600,20
2026-08-14T05:20:04Z,35128,19908400,19908400,238
2026-08-14T05:20:04Z,35285,54800,54900,63
2026-08-14T05:20:04Z,35287,197500000,197500000,3
2026-08-14T05:20:04Z,35314,3000200,3000200,58
2026-08-14T05:20:04Z,35315,3809500,3809500,26
2026-08-14T05:20:04Z,35318,62000,1687500,28
2026-08-14T05:20:04Z,35501,56958700,56958700,6
2026-08-14T05:20:04Z,35503,146000000,146000000,5
2026-08-14T05:20:04Z,35557,152900,190000,11777
2026-08-14T05:20:04Z,35562,100700,101400,30534
2026-08-14T05:20:04Z,35563,3500,3500,410
2026-08-14T05:20:04Z,35565,4800,4800,206
2026-08-14T05:20:04Z,35622,450000,450000,5161
2026-08-14T05:20:04Z,35623,598500,598500,9796
2026-08-14T05:20:04Z,35624,85700,86600,3781
2026-08-14T05:20:04Z,35625,454300,574400,3132
2026-08-14T05:20:04Z,35627,437300,437300,4246
2026-08-14T05:20:04Z,35691,9901900,9901900,8
2026-08-14T05:20:04Z,35707,453600,453600,27
2026-08-14T05:20:04Z,35720,52500,53000,678
2026-08-14T05:20:04Z,35758,209800,9909900,24
2026-08-14T05:20:04Z,35759,578600,578600,30
2026-08-14T05:20:04Z,35760,5008800,5008800,38
2026-08-14T05:20:04Z,35761,715800,715800,133
2026-08-14T05:20:04Z,35788,49001600,49001600,21
2026-08-14T05:20:04Z,35790,49001600,49001600,22
2026-08-14T05:20:04Z,35791,290001500,290001500,1
2026-08-14T05:20:04Z,35794,500000,500000,155
2026-08-14T05:20:04Z,35799,977900,977900,61
2026-08-14T05:20:04Z,35836,5000000,5000000,2
2026-08-14T05:20:04Z,35947,800,800,161
2026-08-14T05:20:04Z,35948,1200,1200,162
2026-08-14T05:20:04Z,35949,33300,33300,334
2026-08-14T05:20:04Z,35950,19600,19700,89
2026-08-14T05:20:04Z,35951,8200,8200,66
2026-08-14T05:20:04Z,35952,900,900,78
2026-08-14T05:20:04Z,35953,800,800,109
2026-08-14T05:20:04Z,35954,1000000,1000000,110
2026-08-14T05:20:04Z,36743,799900,800000,52
2026-08-14T05:20:04Z,36758,5600,5600,53
2026-08-14T05:20:04Z,36781,249900,249900,198
2026-08-14T05:20:04Z,36782,3500,99900,10884
2026-08-14T05:20:04Z,36783,490000,490000,135
2026-08-14T05:20:04Z,36784,1889800,1889800,54
2026-08-14T05:20:04Z,36788,49001800,49001800,21
2026-08-14T05:20:04Z,36789,49002100,49002100,22
2026-08-14T05:20:04Z,36794,1800,1800,189
2026-08-14T05:20:04Z,36797,49001800,49001800,20
2026-08-14T05:20:04Z,36798,290002000,290002000,1
2026-08-14T05:20:04Z,36801,49001800,49001800,20
2026-08-14T05:20:04Z,36802,209598100,209598100,2
2026-08-14T05:20:04Z,36804,10001800,10001800,11
2026-08-14T05:20:04Z,36805,290002700,290002700,1
2026-08-14T05:20:04Z,36806,1500000300,1500000300,1
2026-08-14T05:20:04Z,36808,49002500,49002500,20
2026-08-14T05:20:04Z,36809,59700,49009700,23
2026-08-14T05:20:04Z,36810,34000,34000,31
2026-08-14T05:20:04Z,36811,19500,19500,87
2026-08-14T05:20:04Z,36812,61500,61500,485
2026-08-14T05:20:04Z,36813,239900,239900,56
2026-08-14T05:20:04Z,36814,23300,23300,63
2026-08-14T05:20:04Z,36816,49002400,49002400,22
2026-08-14T05:20:04Z,36817,49002700,49002700,21
2026-08-14T05:20:04Z,36823,49002400,49002400,24
2026-08-14T05:20:04Z,36824,290002700,290002700,2
2026-08-14T05:20:04Z,36829,290001800,290001800,1
2026-08-14T05:20:04Z,36830,1500002000,1500002000,1
2026-08-14T05:20:04Z,36860,709700,709900,6385
2026-08-14T05:20:04Z,36901,19900,20000,13238
2026-08-14T05:20:04Z,36903,14000,14000,27845
2026-08-14T05:20:04Z,36904,19800,24300,4133
2026-08-14T05:20:04Z,36905,24500,27200,4208
2026-08-14T05:20:04Z,36906,39900,40000,9130
2026-08-14T05:20:04Z,36907,45000,53900,3493
2026-08-14T05:20:04Z,36908,21200,22900,7693
2026-08-14T05:20:04Z,36909,107900,107900,190216
2026-08-14T05:20:04Z,36910,439900,439900,14542
2026-08-14T05:20:04Z,36912,49800,49900,598057
2026-08-14T05:20:04Z,36913,120000,121500,25278
2026-08-14T05:20:04Z,36916,124400,139000,15778
2026-08-14T05:20:04Z,36917,11000,11800,784
2026-08-14T05:20:04Z,36918,31100,32400,265
2026-08-14T05:20:04Z,36919,60000,60000,147
2026-08-14T05:20:04Z,36920,14400,14500,1401
2026-08-14T05:20:04Z,36921,49900,80900,1409
2026-08-14T05:20:04Z,36922,57800,57800,812
2026-08-14T05:20:04Z,36923,270000,277800,1200
2026-08-14T05:20:04Z,36924,33000,500000,974
2026-08-14T05:20:04Z,36925,99900,21895000,1708
2026-08-14T05:20:04Z,36926,18400,18500,2161
2026-08-14T05:20:04Z,36927,219900,249700,442
2026-08-14T05:20:04Z,36928,25700,25900,184
2026-08-14T05:20:04Z,36929,7900,7900,1151
2026-08-14T05:20:04Z,36930,990000,990000,67
2026-08-14T05:20:04Z,36931,2480000,9990000,401
2026-08-14T05:20:04Z,36932,120000,124900,962
2026-08-14T05:20:04Z,36933,144400,144400,263
2026-08-14T05:20:04Z,36934,513800,513800,1411
2026-08-14T05:20:04Z,37091,300,300,61
2026-08-14T05:20:04Z,37092,10000,10000,122
2026-08-14T05:20:04Z,37093,600,900,134
2026-08-14T05:20:04Z,37094,9900,9900,137
2026-08-14T05:20:04Z,37097,700,800,72
2026-08-14T05:20:04Z,37098,10000,10000,76
2026-08-14T05:20:04Z,37101,5000100,5000100,28
2026-08-14T05:20:04Z,37118,700,800,166
2026-08-14T05:20:04Z,37140,111400,111400,152
2026-08-14T05:20:04Z,37143,194000,197500,89
2026-08-14T05:20:04Z,37145,59500,59500,56
2026-08-14T05:20:04Z,37147,57500,57500,60
2026-08-14T05:20:04Z,37156,249000,249400,149
2026-08-14T05:20:04Z,37159,59800,59800,49
2026-08-14T05:20:04Z,37160,104000,104000,82
2026-08-14T05:20:04Z,37201,49000200,49000200,20
2026-08-14T05:20:04Z,37252,1628100,9952000,49
2026-08-14T05:20:04Z,37253,9940000,9940000,45
2026-08-14T05:20:04Z,37452,19990400,19990400,14
2026-08-14T05:20:04Z,37467,3900000,3900000,14
2026-08-14T05:20:04Z,37567,155600,156000,319
2026-08-14T05:20:04Z,37588,1500000500,1500000500,1
2026-08-14T05:20:04Z,37602,19900000,19900000,15
2026-08-14T05:20:04Z,37603,42500,42500,44
2026-08-14T05:20:04Z,37663,3770000,3899900,7637
2026-08-14T05:20:04Z,37674,3641500,49001500,14
2026-08-14T05:20:04Z,37700,49900,58200,27063
2026-08-14T05:20:04Z,37701,5400,5500,104856
2026-08-14T05:20:04Z,37702,70500,70500,11888
2026-08-14T05:20:04Z,37703,29800,29900,56080
2026-08-14T05:20:04Z,37704,52900,53400,14561
2026-08-14T05:20:04Z,37705,39700,39700,77233
2026-08-14T05:20:04Z,37713,290000100,290000100,1
2026-08-14T05:20:04Z,37921,22000,22100,16142
2026-08-14T05:20:04Z,38260,49003300,49003300,20
2026-08-14T05:20:04Z,38261,9990000,49000000,22
2026-08-14T05:20:04Z,38263,49001500,49001500,21
2026-08-14T05:20:04Z,38264,49001500,49001500,20
2026-08-14T05:20:04Z,38266,1500000000,1500000000,3
2026-08-14T05:20:04Z,38267,2500000100,2500000100,1
2026-08-14T05:20:04Z,38269,49001500,49001500,20
2026-08-14T05:20:04Z,38273,990001500,990001500,1
2026-08-14T05:20:04Z,38274,290001500,290001500,1
2026-08-14T05:20:04Z,38303,2889700,2889700,70
2026-08-14T05:20:04Z,38348,1500002900,1500002900,1
2026-08-14T05:20:04Z,38350,849900,849900,33
2026-08-14T05:20:04Z,38371,10009200,10009600,36
2026-08-14T05:20:04Z,38372,339500,339500,49
2026-08-14T05:20:04Z,38373,2500000,2500000,37
2026-08-14T05:20:04Z,38374,249900,249900,55
2026-08-14T05:20:04Z,38375,49700,50000,87
2026-08-14T05:20:04Z,38376,50000,50000,205
2026-08-14T05:20:04Z,38425,439900,440000,1317
2026-08-14T05:20:04Z,38426,15400,15400,7019
2026-08-14T05:20:04Z,38427,9809000,9809000,40
2026-08-14T05:20:04Z,38428,12000,12000,120
2026-08-14T05:20:04Z,38429,125100,125100,208
2026-08-14T05:20:04Z,38430,38600,38600,92
2026-08-14T05:20:04Z,38431,22000,22000,172
2026-08-14T05:20:04Z,38432,9800000,9800000,40
2026-08-14T05:20:04Z,38466,52400,52400,277
2026-08-14T05:20:04Z,38516,49002200,49002200,20
2026-08-14T05:20:04Z,38517,290003300,290003300,1
2026-08-14T05:20:04Z,38518,990000,990000,36
2026-08-14T05:20:04Z,38520,49001100,49001100,13
2026-08-14T05:20:04Z,38557,40000,40000,925
2026-08-14T05:20:04Z,38558,220000,226900,5260
2026-08-14T05:20:04Z,38561,700000,840000,203
2026-08-14T05:20:04Z,38581,290008500,290008500,1
2026-08-14T05:20:04Z,38583,49002000,49002000,20
2026-08-14T05:20:04Z,38584,4902900,49002900,23
2026-08-14T05:20:04Z,38585,49002000,49002000,20
2026-08-14T05:20:04Z,38625,300000,300000,47
2026-08-14T05:20:04Z,38679,1400,1400,170
2026-08-14T05:20:04Z,38682,900,1400,27112
2026-08-14T05:20:04Z,38698,29500,29500,55
2026-08-14T05:20:04Z,38706,28400,28400,104
2026-08-14T05:20:04Z,38766,1200,1300,95
2026-08-14T05:20:04Z,38767,6000,6600,81
2026-08-14T05:20:04Z,38768,1200,1200,85
2026-08-14T05:20:04Z,38769,9905700,9905700,40
2026-08-14T05:20:04Z,38771,1200,1300,139
2026-08-14T05:20:04Z,38772,6800,6800,373
2026-08-14T05:20:04Z,38773,3500,3900,87
2026-08-14T05:20:04Z,38774,10200,11300,76
2026-08-14T05:20:04Z,38775,7100,7100,98
2026-08-14T05:20:04Z,38776,18800,18800,69
2026-08-14T05:20:04Z,38777,5500,5500,262
2026-08-14T05:20:04Z,38778,17500,17500,134
2026-08-14T05:20:04Z,38779,50600,50600,117
2026-08-14T05:20:04Z,38780,6900,6900,139
2026-08-14T05:20:04Z,38781,2900,2900,255
2026-08-14T05:20:04Z,38782,10000,10000,69
2026-08-14T05:20:04Z,38783,200000,200000,82
2026-08-14T05:20:04Z,38785,1300,1600,88
2026-08-14T05:20:04Z,38786,9300,9300,118
2026-08-14T05:20:04Z,38787,2900,2900,125
2026-08-14T05:20:04Z,38788,170000,170000,56
2026-08-14T05:20:04Z,38789,17500,114600,31
2026-08-14T05:20:04Z,38790,23300,23300,41
2026-08-14T05:20:04Z,38791,244400,244400,71
2026-08-14T05:20:04Z,38792,248400,248400,60
2026-08-14T05:20:04Z,38793,1400,1400,140
2026-08-14T05:20:04Z,38794,21300,21300,49
2026-08-14T05:20:04Z,38796,25200,9908700,47
2026-08-14T05:20:04Z,38797,208800,208800,41
2026-08-14T05:20:04Z,38798,129100,129100,61
2026-08-14T05:20:04Z,38799,55500,55500,62
2026-08-14T05:20:04Z,38800,278900,9908500,44
2026-08-14T05:20:04Z,38801,456100,456100,36
2026-08-14T05:20:04Z,38802,1500000,1500000,25
2026-08-14T05:20:04Z,38803,6000,6000,173
2026-08-14T05:20:04Z,38804,190000,191500,99
2026-08-14T05:20:04Z,38805,31300,31300,62
2026-08-14T05:20:04Z,38806,4900,4900,75
2026-08-14T05:20:04Z,38807,227500,227500,59
2026-08-14T05:20:04Z,38808,8900,8900,91
2026-08-14T05:20:04Z,38809,100000,459900,57
2026-08-14T05:20:04Z,38810,5000,5000,104
2026-08-14T05:20:04Z,38811,479100,479100,52
2026-08-14T05:20:04Z,38812,16300,16300,58
2026-08-14T05:20:04Z,38813,784200,784200,41
2026-08-14T05:20:04Z,38814,772600,772600,49
2026-08-14T05:20:04Z,38816,480800,480800,51
2026-08-14T05:20:04Z,38817,3500,3600,196
2026-08-14T05:20:04Z,38818,450000,460000,57
2026-08-14T05:20:04Z,38819,748100,748100,39
2026-08-14T05:20:04Z,38820,1096000,1096000,36
2026-08-14T05:20:04Z,38821,648900,1832000,36
2026-08-14T05:20:04Z,38822,1900,1900,90
2026-08-14T05:20:04Z,38823,1601500,3106200,38
2026-08-14T05:20:04Z,38824,100000,300800,39
2026-08-14T05:20:04Z,38825,1800,1800,170
2026-08-14T05:20:04Z,38827,150000,200000,59
2026-08-14T05:20:04Z,38828,24200,24300,53
2026-08-14T05:20:04Z,38829,3200,3500,72
2026-08-14T05:20:04Z,38830,1200,1200,115
2026-08-14T05:20:04Z,38831,1369600,1369600,42
2026-08-14T05:20:04Z,38832,718700,800400,39
2026-08-14T05:20:04Z,38833,17700,17700,228
2026-08-14T05:20:04Z,38834,1574400,1574400,29
2026-08-14T05:20:04Z,38835,199900,200000,58
2026-08-14T05:20:04Z,38836,566000,9909800,41
2026-08-14T05:20:04Z,38837,1190500,1190500,136
2026-08-14T05:20:04Z,38838,18500,19000,77
2026-08-14T05:20:04Z,38839,715100,715200,54
2026-08-14T05:20:04Z,38840,773000,9907200,35
2026-08-14T05:20:04Z,38841,135000,2000000,58
2026-08-14T05:20:04Z,38842,825200,825200,51
2026-08-14T05:20:04Z,38844,4500,4500,116
2026-08-14T05:20:04Z,38845,4900,4900,128
2026-08-14T05:20:04Z,38846,1999800,1999900,53
2026-08-14T05:20:04Z,38847,199900,199900,65
2026-08-14T05:20:04Z,38848,714800,714900,68
2026-08-14T05:20:04Z,38849,28900,28900,101
2026-08-14T05:20:04Z,38850,145400,145400,117
2026-08-14T05:20:04Z,38851,9893100,9893100,37
2026-08-14T05:20:04Z,38852,1500,1500,70
2026-08-14T05:20:04Z,38853,1755800,1755800,45
2026-08-14T05:20:04Z,38854,3010000,3010000,101
2026-08-14T05:20:04Z,38855,140000,140000,54
2026-08-14T05:20:04Z,38856,9900,9900,131
2026-08-14T05:20:04Z,38857,450000,1000000,53
2026-08-14T05:20:04Z,38859,45500,9908500,47
2026-08-14T05:20:04Z,38860,140000,150000,84
2026-08-14T05:20:04Z,38861,1700,9905700,46
2026-08-14T05:20:04Z,38862,72200,9900100,46
2026-08-14T05:20:04Z,38863,11264100,11264100,41
2026-08-14T05:20:04Z,38864,1149800,1149800,37
2026-08-14T05:20:04Z,38865,434900,434900,53
2026-08-14T05:20:04Z,38866,8500,8500,69
2026-08-14T05:20:04Z,38867,6500,6800,69
2026-08-14T05:20:04Z,38868,2481600,2481600,34
2026-08-14T05:20:04Z,38869,921200,921200,45
2026-08-14T05:20:04Z,38870,498900,1381700,37
2026-08-14T05:20:04Z,38871,6660000,6660000,231
2026-08-14T05:20:04Z,38872,3913900,3913900,23
2026-08-14T05:20:04Z,38873,884700,884900,160
2026-08-14T05:20:04Z,38874,1647300,1647300,62
2026-08-14T05:20:04Z,38875,499900,499900,61
2026-08-14T05:20:04Z,38876,1014800,1014800,36
2026-08-14T05:20:04Z,38877,13000000,13000000,19
2026-08-14T05:20:04Z,38878,6063700,6165600,14
2026-08-14T05:20:04Z,38879,998600,998600,50
2026-08-14T05:20:04Z,38880,1178900,1178900,41
2026-08-14T05:20:04Z,38881,5575500,5575500,36
2026-08-14T05:20:04Z,38882,1129800,1129800,54
2026-08-14T05:20:04Z,38883,2520000,2520000,46
2026-08-14T05:20:04Z,38884,2258300,2258300,46
2026-08-14T05:20:04Z,38885,9902400,9902400,16
2026-08-14T05:20:04Z,38886,5091000,5091000,18
2026-08-14T05:20:04Z,38887,4801700,4801700,13
2026-08-14T05:20:04Z,38888,186800,186900,53
2026-08-14T05:20:04Z,38889,1834000,1834000,49
2026-08-14T05:20:04Z,38890,9999900,9999900,6
2026-08-14T05:20:04Z,38893,499400,499400,47
2026-08-14T05:20:04Z,38894,2839700,2839700,46
2026-08-14T05:20:04Z,38895,1099100,1128400,38
2026-08-14T05:20:04Z,38896,807400,807400,66
2026-08-14T05:20:04Z,38897,18100,18100,103
2026-08-14T05:20:04Z,38898,65100,9902100,47
2026-08-14T05:20:04Z,38899,470600,9907300,41
2026-08-14T05:20:04Z,38900,1450000,1450000,33
2026-08-14T05:20:04Z,38901,706300,706300,37
2026-08-14T05:20:04Z,38902,420000,420000,44
2026-08-14T05:20:04Z,38903,46999200,46999200,10
2026-08-14T05:20:04Z,38904,1290000,1290000,47
2026-08-14T05:20:04Z,38905,482900,482900,40
2026-08-14T05:20:04Z,38906,2219600,2219600,32
2026-08-14T05:20:04Z,38908,413300,9900000,44
2026-08-14T05:20:04Z,38909,7200,7200,120
2026-08-14T05:20:04Z,38910,94700,94700,55
2026-08-14T05:20:04Z,38911,277700,277700,71
2026-08-14T05:20:04Z,38912,16200,16200,49
2026-08-14T05:20:04Z,38913,905000,905000,57
2026-08-14T05:20:04Z,38914,1300,1300,86
2026-08-14T05:20:04Z,38917,1560500,1560500,39
2026-08-14T05:20:04Z,38918,2779700,2779700,90
2026-08-14T05:20:04Z,38919,1504100,1504100,55
2026-08-14T05:20:04Z,38920,329900,329900,75
2026-08-14T05:20:04Z,38921,9989700,9989700,27
2026-08-14T05:20:04Z,38922,1014000,1014000,41
2026-08-14T05:20:04Z,38923,56117100,56117100,22
2026-08-14T05:20:04Z,38924,18727800,18727800,16
2026-08-14T05:20:04Z,38925,1998500,1998600,78
2026-08-14T05:20:04Z,38926,2516100,9900800,27
2026-08-14T05:20:04Z,38927,4654400,4654400,36
2026-08-14T05:20:04Z,38928,4000,4000,128
2026-08-14T05:20:04Z,38929,42500,42500,80
2026-08-14T05:20:04Z,38930,541100,9899500,43
2026-08-14T05:20:04Z,38931,138600,282300,50
2026-08-14T05:20:04Z,38932,590000,590000,70
2026-08-14T05:20:04Z,38933,3300,3300,453
2026-08-14T05:20:04Z,38934,31800,31800,51
2026-08-14T05:20:04Z,38935,38669400,38669400,28
2026-08-14T05:20:04Z,38936,7997500,7997500,31
2026-08-14T05:20:04Z,38937,50000,50000,89
2026-08-14T05:20:04Z,38938,1800,1800,188
2026-08-14T05:20:04Z,38939,18005300,18005300,69
2026-08-14T05:20:04Z,38940,4193600,4193600,24
2026-08-14T05:20:04Z,38943,30009400,40009400,9
2026-08-14T05:20:04Z,38944,1008000,1008000,71
2026-08-14T05:20:04Z,38945,355500,459200,48
2026-08-14T05:20:04Z,38946,27570700,27570700,14
2026-08-14T05:20:04Z,38947,9982500,9982500,23
2026-08-14T05:20:04Z,38948,1703600,1703700,41
2026-08-14T05:20:04Z,38949,1400,1400,85
2026-08-14T05:20:04Z,38951,2200,2200,56
2026-08-14T05:20:04Z,38953,40000,9909200,46
2026-08-14T05:20:04Z,38954,140000,140100,60
2026-08-14T05:20:04Z,38955,40000,42400,53
2026-08-14T05:20:04Z,38959,33800,33800,58
2026-08-14T05:20:04Z,38960,4300,4300,134
2026-08-14T05:20:04Z,38961,33100,33100,48
2026-08-14T05:20:04Z,38962,7000,7000,69
2026-08-14T05:20:04Z,38963,270000,270000,61
2026-08-14T05:20:04Z,38964,8600,8600,52
2026-08-14T05:20:04Z,38965,3550400,3550400,38
2026-08-14T05:20:04Z,38966,25000,25000,77
2026-08-14T05:20:04Z,38967,378300,388300,46
2026-08-14T05:20:04Z,38968,10000,10000,49
2026-08-14T05:20:04Z,38971,80700,80700,51
2026-08-14T05:20:04Z,38972,3047000,3047000,49
2026-08-14T05:20:04Z,38973,167600,9903800,46
2026-08-14T05:20:04Z,38974,11000,11000,92
2026-08-14T05:20:04Z,38975,244600,9909300,46
2026-08-14T05:20:04Z,38976,30000,30000,56
2026-08-14T05:20:04Z,38978,2907200,2914400,32
2026-08-14T05:20:04Z,38979,28400,28400,53
2026-08-14T05:20:04Z,38980,12500,12500,53
2026-08-14T05:20:04Z,38981,1009600,1009600,46
2026-08-14T05:20:04Z,38984,80000,80000,39
2026-08-14T05:20:04Z,38986,93500,93500,48
2026-08-14T05:20:04Z,38987,180000,180000,48
2026-08-14T05:20:04Z,38988,1383600,1383600,44
2026-08-14T05:20:04Z,38989,84000,94000,69
2026-08-14T05:20:04Z,38990,1607400,1607400,39
2026-08-14T05:20:04Z,38991,100000,430400,50
2026-08-14T05:20:04Z,38992,75500,85500,66
2026-08-14T05:20:04Z,38993,20000,20000,67
2026-08-14T05:20:04Z,38995,1606900,1606900,83
2026-08-14T05:20:04Z,38997,499900,499900,52
2026-08-14T05:20:04Z,38998,7089400,7089400,25
2026-08-14T05:20:04Z,38999,978600,1019200,48
2026-08-14T05:20:04Z,39000,1150000,1209900,33
2026-08-14T05:20:04Z,39001,38800,38800,57
2026-08-14T05:20:04Z,39002,90000,90000,61
2026-08-14T05:20:04Z,39003,270900,270900,57
2026-08-14T05:20:04Z,39004,18800,18900,53
2026-08-14T05:20:04Z,39005,32200,32200,99
2026-08-14T05:20:04Z,39006,426400,426400,80
2026-08-14T05:20:04Z,39151,74900,75000,1633
2026-08-14T05:20:04Z,39201,25000200,25000200,60
2026-08-14T05:20:04Z,39203,49004000,49004000,48
2026-08-14T05:20:04Z,39204,640942600,640942600,3
2026-08-14T05:20:04Z,39207,35006100,35006100,73
2026-08-14T05:20:04Z,39209,310300,310300,77
2026-08-14T05:20:04Z,39210,1503800,1503800,39
2026-08-14T05:20:04Z,39211,5000,5000,35
2026-08-14T05:20:04Z,39212,2800,2800,34
2026-08-14T05:20:04Z,39218,55000,49005000,22
2026-08-14T05:20:04Z,39219,125000,49002700,23
2026-08-14T05:20:04Z,39220,7900,7900,65
2026-08-14T05:20:04Z,39222,49002200,49002200,32
2026-08-14T05:20:04Z,39223,49003800,49003800,21
2026-08-14T05:20:04Z,39317,45000000,49004400,23
2026-08-14T05:20:04Z,39334,35000,35000,1309
2026-08-14T05:20:04Z,39338,79000,79000,1299
2026-08-14T05:20:04Z,39339,184000,190000,819
2026-08-14T05:20:04Z,39340,30700,30700,4182
2026-08-14T05:20:04Z,39341,12400,14100,112979
2026-08-14T05:20:04Z,39342,26800,26800,1415
2026-08-14T05:20:04Z,39343,18000,18000,1100
2026-08-14T05:20:04Z,39349,39970000,39970000,10
2026-08-14T05:20:04Z,39350,49989300,49989300,11
2026-08-14T05:20:04Z,39351,10000000,49000000,21
2026-08-14T05:20:04Z,39353,49000600,49000600,20
2026-08-14T05:20:04Z,39354,100,100,145623
2026-08-14T05:20:04Z,39356,49000500,49000500,20
2026-08-14T05:20:04Z,39357,9806500,9806500,38
2026-08-14T05:20:04Z,39358,999300,999300,34
2026-08-14T05:20:04Z,39360,294800,294800,36
2026-08-14T05:20:04Z,39361,4995000,4995000,32
2026-08-14T05:20:04Z,39469,89100,89100,2195
2026-08-14T05:20:04Z,39501,19509800,19509800,29
2026-08-14T05:20:04Z,39502,25007600,25007600,24
2026-08-14T05:20:04Z,39512,19500,19500,44
2026-08-14T05:20:04Z,39513,40000,40000,30
2026-08-14T05:20:04Z,39516,5005200,5005200,26
2026-08-14T05:20:04Z,39520,2500,2800,201
2026-08-14T05:20:04Z,39524,40000,40000,26
2026-08-14T05:20:04Z,39525,49000000,49000000,20
2026-08-14T05:20:04Z,39526,50000,9998700,35
2026-08-14T05:20:04Z,39527,1291500,9901500,42
2026-08-14T05:20:04Z,39532,290001800,290001800,1
2026-08-14T05:20:04Z,39533,990002000,990002000,1
2026-08-14T05:20:04Z,39549,49003000,49003000,20
2026-08-14T05:20:04Z,39550,49003700,49003700,20
2026-08-14T05:20:04Z,39551,49003000,49003000,20
2026-08-14T05:20:04Z,39552,49003800,49003800,20
2026-08-14T05:20:04Z,39559,49003800,49003800,20
2026-08-14T05:20:04Z,39562,49003000,49003000,24
2026-08-14T05:20:04Z,39563,49003800,49003800,20
2026-08-14T05:20:04Z,39567,49007000,49007000,52
2026-08-14T05:20:04Z,39568,49000000,49000000,27
2026-08-14T05:20:04Z,39569,8900,8900,25
2026-08-14T05:20:04Z,39570,49003000,49003000,20
2026-08-14T05:20:04Z,39666,50000,50000,150
2026-08-14T05:20:04Z,39671,19700,19800,173
2026-08-14T05:20:04Z,39681,120500,135000,1653
2026-08-14T05:20:04Z,39682,556900,557100,2663
2026-08-14T05:20:04Z,39683,1350600,1350600,357
2026-08-14T05:20:04Z,39684,16600,16600,7964
2026-08-14T05:20:04Z,39685,500000000,500000000,3
2026-08-14T05:20:04Z,39686,990003200,990003200,2
2026-08-14T05:20:04Z,39690,422600,422700,4614
2026-08-14T05:20:04Z,39691,20000,20000,198
2026-08-14T05:20:04Z,39774,89500,452800,5618
2026-08-14T05:20:04Z,39900,24000,24000,52
2026-08-14T05:20:04Z,39905,39200,39300,48
2026-08-14T05:20:04Z,39906,250000000,250000000,2
2026-08-14T05:20:04Z,39907,19900,19900,98
2026-08-14T05:20:04Z,39908,390000,390300,59
2026-08-14T05:20:04Z,39909,23100,23100,64
2026-08-14T05:20:04Z,39910,24000,24000,43
2026-08-14T05:20:04Z,39911,250000000,250000000,8
2026-08-14T05:20:04Z,39912,24000,30700,51
2026-08-14T05:20:04Z,39914,990000000,990000000,6
2026-08-14T05:20:04Z,39915,199700,199700,84
2026-08-14T05:20:04Z,39916,250000000,250000000,8
2026-08-14T05:20:04Z,39917,4685300,9895700,24
2026-08-14T05:20:04Z,39918,20000,33100,86
2026-08-14T05:20:04Z,39919,189800,289400,37
2026-08-14T05:20:04Z,39920,250003100,250003100,2
2026-08-14T05:20:04Z,39927,78600,78800,85
2026-08-14T05:20:04Z,39932,144800,144800,127
2026-08-14T05:20:04Z,39933,38700,99900,38
2026-08-14T05:20:04Z,39934,17400,17400,57
2026-08-14T05:20:04Z,39935,17800,22100,49
2026-08-14T05:20:04Z,39936,249981300,249981300,4
2026-08-14T05:20:04Z,39937,247880000,247880000,2
2026-08-14T05:20:04Z,39938,248253300,248253300,2
2026-08-14T05:20:04Z,39939,18956300,19900100,11
2026-08-14T05:20:04Z,39940,17600,17600,57
2026-08-14T05:20:04Z,39941,250001300,250001300,1
2026-08-14T05:20:04Z,39942,17800,18000,46
2026-08-14T05:20:04Z,39943,250000000,250000000,2
2026-08-14T05:20:04Z,39944,1997506100,1997506100,2
2026-08-14T05:20:04Z,39945,48000,48000,57
2026-08-14T05:20:04Z,39946,197980000,197980000,3
2026-08-14T05:20:04Z,39947,30000,30000,42
2026-08-14T05:20:04Z,39948,22100,22100,35
2026-08-14T05:20:04Z,39949,21300,21300,47
2026-08-14T05:20:04Z,39950,5382400,5382400,39
2026-08-14T05:20:04Z,39951,196600,196600,54
2026-08-14T05:20:04Z,39952,9767600,9767600,26
2026-08-14T05:20:04Z,39953,240489700,240489700,3
2026-08-14T05:20:04Z,39954,9726700,9990000,54
2026-08-14T05:20:04Z,39955,35700,35700,43
2026-08-14T05:20:04Z,39956,33700,33700,49
2026-08-14T05:20:04Z,39957,17800,17800,40
2026-08-14T05:20:04Z,39958,9991100,9991100,25
2026-08-14T05:20:04Z,39959,9587600,9587600,27
2026-08-14T05:20:04Z,39960,1500009900,1500009900,3
2026-08-14T05:20:04Z,39961,249978500,249978500,2
2026-08-14T05:20:04Z,39962,1250005000,1250005000,1
2026-08-14T05:20:04Z,39963,250001300,250001300,1
2026-08-14T05:20:04Z,39964,2494115300,2494115300,3
2026-08-14T05:20:04Z,39965,291200,291300,77
2026-08-14T05:20:04Z,39966,45400,45400,69
2026-08-14T05:20:04Z,39967,25900,25900,42
2026-08-14T05:20:04Z,39968,25700,25700,29
2026-08-14T05:20:04Z,39969,49001200,49001200,20
2026-08-14T05:20:04Z,39970,24200,28300,1771
2026-08-14T05:20:04Z,39974,187180400,187180400,4
2026-08-14T05:20:04Z,39975,2808600,2808600,26
2026-08-14T05:20:04Z,39976,20000,20000,75
2026-08-14T05:20:04Z,39977,9960100,9960100,25
2026-08-14T05:20:04Z,39978,41200,104600,47
2026-08-14T05:20:04Z,39979,250000,9990000,27
2026-08-14T05:20:04Z,39980,34300,104600,64
2026-08-14T05:20:04Z,39981,20000,104600,74
2026-08-14T05:20:04Z,39982,9997000,9997000,20
2026-08-14T05:20:04Z,39983,31200,31200,62
2026-08-14T05:20:04Z,39984,250009200,250009200,1
2026-08-14T05:20:04Z,39985,1474962500,1474962500,2
2026-08-14T05:20:04Z,39986,4500000600,4500000600,1
2026-08-14T05:20:04Z,39989,1500000000,1500000000,1
2026-08-14T05:20:04Z,39990,250003200,250003200,1
2026-08-14T05:20:04Z,39991,444700,444700,26
2026-08-14T05:20:04Z,39992,8687700,9793900,21
2026-08-14T05:20:04Z,39996,9984100,9984100,24
2026-08-14T05:20:04Z,39997,805300,805300,50
2026-08-14T05:20:04Z,39998,1090000,1090000,37
2026-08-14T05:20:04Z,39999,88406800,88406800,3
2026-08-14T05:20:04Z,40000,1007100,1007100,27
2026-08-14T05:20:04Z,40001,9982500,9982500,21
2026-08-14T05:20:04Z,40002,450000000,450000000,1
2026-08-14T05:20:04Z,40003,1500000,1500000,91
2026-08-14T05:20:04Z,40008,4980300,4980300,28
2026-08-14T05:20:04Z,40009,39000000,39000000,7
2026-08-14T05:20:04Z,40010,895500,895500,28
2026-08-14T05:20:04Z,40011,9961600,9961600,23
2026-08-14T05:20:04Z,40013,2000000,9948100,24
2026-08-14T05:20:04Z,40014,880000,880000,25
2026-08-14T05:20:04Z,40015,250002900,250002900,2
2026-08-14T05:20:04Z,40016,3361800,9994600,23
2026-08-14T05:20:04Z,40017,999300,999300,60
2026-08-14T05:20:04Z,40022,200000,418200,31
2026-08-14T05:20:04Z,40023,8455200,8455200,27
2026-08-14T05:20:04Z,40024,3500000000,3500000000,1
2026-08-14T05:20:04Z,40025,9890000,9890000,28
2026-08-14T05:20:04Z,40026,139900,318300,33
2026-08-14T05:20:04Z,40027,2000000000,2000000000,1
2026-08-14T05:20:04Z,40028,250000,250000,26
2026-08-14T05:20:04Z,40029,199900000,199900000,6
2026-08-14T05:20:04Z,40030,249001800,249001800,1
2026-08-14T05:20:04Z,40031,250000000,250000000,2
2026-08-14T05:20:04Z,40032,4376000,4376000,34
2026-08-14T05:20:04Z,40033,2409515800,2409515800,1
2026-08-14T05:20:04Z,40034,9985500,9985500,12
2026-08-14T05:20:04Z,40035,990000,990000,118
2026-08-14T05:20:04Z,40036,39600,39600,70
2026-08-14T05:20:04Z,40037,770000,770000,45
2026-08-14T05:20:04Z,40038,368300,368300,55
2026-08-14T05:20:04Z,40039,892300,892300,39
2026-08-14T05:20:04Z,40040,39572300,39572300,28
2026-08-14T05:20:04Z,40041,9990000,9990000,37
2026-08-14T05:20:04Z,40042,48900,48900,134
2026-08-14T05:20:04Z,40043,246079500,246079500,3
2026-08-14T05:20:04Z,40044,500000,1254700,32
2026-08-14T05:20:04Z,40045,11500000,11500000,12
2026-08-14T05:20:04Z,40046,198734600,198734600,6
2026-08-14T05:20:04Z,40047,250004700,250004700,2
2026-08-14T05:20:04Z,40048,19762300,19762300,17
2026-08-14T05:20:04Z,40049,16762500,19932100,11
2026-08-14T05:20:04Z,40050,3667800,3667800,32
2026-08-14T05:20:04Z,40051,7553500,9990400,22
2026-08-14T05:20:04Z,40052,9918800,9918800,31
2026-08-14T05:20:04Z,40053,19699600,19699600,10
2026-08-14T05:20:04Z,40054,8500002300,8500002300,1
2026-08-14T05:20:04Z,40055,9989300,9989300,30
2026-08-14T05:20:04Z,40056,450000000,450000000,1
2026-08-14T05:20:04Z,40057,8964300,8964300,45
2026-08-14T05:20:04Z,40058,4428100,9990000,21
2026-08-14T05:20:04Z,40059,862200,862200,51
2026-08-14T05:20:04Z,40067,130000,147600,117
2026-08-14T05:20:04Z,40068,79900,79900,177
2026-08-14T05:20:04Z,40070,5400,46100,179
2026-08-14T05:20:04Z,40072,224400,224400,114
2026-08-14T05:20:04Z,40073,7000,7000,163
2026-08-14T05:20:04Z,40076,7000,7000,222
2026-08-14T05:20:04Z,40077,179800,179800,963
2026-08-14T05:20:04Z,40078,400000,400000,96
2026-08-14T05:20:04Z,40079,1929900,1929900,62
2026-08-14T05:20:04Z,40081,18600,165500,134
2026-08-14T05:20:04Z,40082,7064211100,7064211100,5
2026-08-14T05:20:04Z,40083,188690700,188690700,2
2026-08-14T05:20:04Z,40084,436893400,436893400,2
2026-08-14T05:20:04Z,40085,2995914600,2995914600,1
2026-08-14T05:20:04Z,40086,9996500,9996500,22
2026-08-14T05:20:04Z,40087,450000,470000,76
2026-08-14T05:20:04Z,40088,8986900,9986300,21
2026-08-14T05:20:04Z,40089,19906200,19906200,11
2026-08-14T05:20:04Z,40090,9989600,9989600,21
2026-08-14T05:20:04Z,40091,9894500,9894500,21
2026-08-14T05:20:04Z,40092,7338462900,7338462900,1
2026-08-14T05:20:04Z,40093,6400,143000,639
2026-08-14T05:20:04Z,40094,49990000,49990000,6
2026-08-14T05:20:04Z,40095,9900000,9900000,23
2026-08-14T05:20:04Z,40096,990004300,990004300,1
2026-08-14T05:20:04Z,40097,39600,150900,123
2026-08-14T05:20:04Z,40098,19699000,19699000,13
2026-08-14T05:20:04Z,40099,3017359700,3017359700,6
2026-08-14T05:20:04Z,40100,2003100,9983600,23
2026-08-14T05:20:04Z,40101,450003200,450003200,2
2026-08-14T05:20:04Z,40102,9989500,9989500,21
2026-08-14T05:20:04Z,40103,250005000,250005000,1
2026-08-14T05:20:04Z,40104,6328942000,6328942000,3
2026-08-14T05:20:04Z,40105,9991000,9991000,21
2026-08-14T05:20:04Z,40106,9900100,9900100,20
2026-08-14T05:20:04Z,40109,49800,76200,73
2026-08-14T05:20:04Z,40111,5948900,5948900,94
2026-08-14T05:20:04Z,40112,9996500,9996500,118
2026-08-14T05:20:04Z,40113,3119900,3144000,82
2026-08-14T05:20:04Z,40114,2500002100,2500002100,1
2026-08-14T05:20:04Z,40115,4964200,9993300,22
2026-08-14T05:20:04Z,40116,9790200,9790200,21
2026-08-14T05:20:04Z,40117,1500000000,1500000000,1
2026-08-14T05:20:04Z,40118,5924700,5924700,36
2026-08-14T05:20:04Z,40119,400000,400000,33
2026-08-14T05:20:04Z,40120,4730500,4730500,46
2026-08-14T05:20:04Z,40122,9974300,9974300,46
2026-08-14T05:20:04Z,40123,450000000,450000000,1
2026-08-14T05:20:04Z,40124,3575700,3575700,51
2026-08-14T05:20:04Z,40125,3831000,3831000,47
2026-08-14T05:20:04Z,40126,990002100,990002100,5
2026-08-14T05:20:04Z,40127,4966400,9996000,43
2026-08-14T05:20:04Z,40128,769700,769700,49
2026-08-14T05:20:04Z,40129,1510400,1510500,145
2026-08-14T05:20:04Z,40130,9744500,9744500,65
2026-08-14T05:20:04Z,40132,450003200,450003200,1
2026-08-14T05:20:04Z,40133,4967100,4967100,54
2026-08-14T05:20:04Z,40134,250000000,250000000,1
2026-08-14T05:20:04Z,40135,9994800,9994800,35
2026-08-14T05:20:04Z,40136,2500009100,2500009100,1
2026-08-14T05:20:04Z,40138,2468683400,2468683400,5
2026-08-14T05:20:04Z,40139,9942900,9942900,37
2026-08-14T05:20:04Z,40140,2500000000,2500000000,1
2026-08-14T05:20:04Z,40141,9986700,9986700,37
2026-08-14T05:20:04Z,40142,4499500,4499500,45
2026-08-14T05:20:04Z,40143,3860500,3860500,44
2026-08-14T05:20:04Z,40144,4499500,4499500,38
2026-08-14T05:20:04Z,40145,4499500,4499500,38
2026-08-14T05:20:04Z,40146,4459900,4460000,242
2026-08-14T05:20:04Z,40147,4499500,4499500,41
2026-08-14T05:20:04Z,40148,3500000000,3500000000,2
2026-08-14T05:20:04Z,40149,4499500,4499500,37
2026-08-14T05:20:04Z,40150,3999500,3999500,53
2026-08-14T05:20:04Z,40151,199977600,199977600,1
2026-08-14T05:20:04Z,40152,2999500,2999500,44
2026-08-14T05:20:04Z,40153,3004500,3004500,53
2026-08-14T05:20:04Z,40154,4499500,4499500,43
2026-08-14T05:20:04Z,40155,4399500,4399500,47
2026-08-14T05:20:04Z,40156,1500003700,1500003700,1
2026-08-14T05:20:04Z,40157,1591900,1591900,44
2026-08-14T05:20:04Z,40158,990000000,990000000,1
2026-08-14T05:20:04Z,40160,4499500,4499500,38
2026-08-14T05:20:04Z,40161,3500000000,3500000000,1
2026-08-14T05:20:04Z,40162,4155000,4155000,40
2026-08-14T05:20:04Z,40163,4499500,4499500,38
2026-08-14T05:20:04Z,40164,9773800,9773800,37
2026-08-14T05:20:04Z,40165,9732800,9732800,37
2026-08-14T05:20:04Z,40166,4962200,9949700,38
2026-08-14T05:20:04Z,40167,9849600,9849600,47
2026-08-14T05:20:04Z,40168,9980200,9980200,50
2026-08-14T05:20:04Z,40169,9904000,9904000,35
2026-08-14T05:20:04Z,40171,9965100,9965100,35
2026-08-14T05:20:04Z,40173,9996300,9996300,36
2026-08-14T05:20:04Z,40174,2000000000,2000000000,1
2026-08-14T05:20:04Z,40175,2500000000,2500000000,1
2026-08-14T05:20:04Z,40176,1500002100,1500002100,1
2026-08-14T05:20:04Z,40177,4499900,9963300,42
2026-08-14T05:20:04Z,40179,7008600,7008600,101
2026-08-14T05:20:04Z,40180,4439500,4440000,178
2026-08-14T05:20:04Z,40181,1500000000,1500000000,1
2026-08-14T05:20:04Z,40182,9981900,9981900,46
2026-08-14T05:20:04Z,40195,19500,19500,3004
2026-08-14T05:20:04Z,40199,9900,10000,3956
2026-08-14T05:20:04Z,40202,1496600,1496600,140
2026-08-14T05:20:04Z,40211,18600,18700,216
2026-08-14T05:20:04Z,40212,27700,27900,256
2026-08-14T05:20:04Z,40213,9889900,9889900,44
2026-08-14T05:20:04Z,40214,7600000,7600000,47
2026-08-14T05:20:04Z,40215,9326900,9909500,48
2026-08-14T05:20:04Z,40216,9958800,9958800,46
2026-08-14T05:20:04Z,40217,9909400,9909400,41
2026-08-14T05:20:04Z,40356,9900600,9900600,41
2026-08-14T05:20:04Z,40357,9990000,9990000,28
2026-08-14T05:20:04Z,40358,9990700,9990700,30
2026-08-14T05:20:04Z,40359,9909900,9909900,29
2026-08-14T05:20:04Z,40360,3335000,3335000,464
2026-08-14T05:20:04Z,40391,49000900,49000900,14
2026-08-14T05:20:04Z,40392,290000900,290000900,1
2026-08-14T05:20:04Z,40393,290000700,290000700,1
2026-08-14T05:20:04Z,40404,900000100,900000100,8
2026-08-14T05:20:04Z,40411,49007600,49007600,25
2026-08-14T05:20:04Z,40533,109800,109900,785
2026-08-14T05:20:04Z,40536,9900,9900,1118
2026-08-14T05:20:04Z,40769,979900,979900,1662
2026-08-14T05:20:04Z,40771,1990000,1990000,365
2026-08-14T05:20:04Z,40896,1500007600,1500007600,1
2026-08-14T05:20:04Z,40897,250007600,250007600,1
2026-08-14T05:20:04Z,40899,250007600,250007600,1
2026-08-14T05:20:04Z,40900,1500000200,1500000200,1
2026-08-14T05:20:04Z,40901,1500007600,1500007600,1
2026-08-14T05:20:04Z,40902,1500007600,1500007600,1
2026-08-14T05:20:04Z,40903,1500000200,1500000200,1
2026-08-14T05:20:04Z,40906,1500007600,1500007600,1
2026-08-14T05:20:04Z,40908,1500007600,1500007600,1
2026-08-14T05:20:04Z,40909,250007600,250007600,1
2026-08-14T05:20:04Z,40912,1500000200,1500000200,1
2026-08-14T05:20:04Z,40913,1500007600,1500007600,3
2026-08-14T05:20:04Z,40914,250007600,250007600,1
2026-08-14T05:20:04Z,40915,1500007600,1500007600,1
2026-08-14T05:20:04Z,40916,1500007600,1500007600,1
2026-08-14T05:20:04Z,40919,101000,101000,312
2026-08-14T05:20:04Z,40920,1500000200,1500000200,1
2026-08-14T05:20:04Z,40921,250000200,250000200,1
2026-08-14T05:20:04Z,40922,1500007600,1500007600,1
2026-08-14T05:20:04Z,40923,1500007600,1500007600,1
2026-08-14T05:20:04Z,40924,1500007600,1500007600,1
2026-08-14T05:20:04Z,41092,299999900,299999900,2
2026-08-14T05:20:04Z,41094,1500000200,1500000200,1
2026-08-14T05:20:04Z,41095,250000200,250000200,8
2026-08-14T05:20:04Z,41096,1500000200,1500000200,1
2026-08-14T05:20:04Z,41097,1500000900,1500000900,8
2026-08-14T05:20:04Z,41098,250007600,250007600,1
2026-08-14T05:20:04Z,41099,99990200,99990200,2
2026-08-14T05:20:04Z,41100,69800,69800,361
2026-08-14T05:20:04Z,41101,1500000200,1500000200,1
2026-08-14T05:20:04Z,41102,1500000200,1500000200,1
2026-08-14T05:20:04Z,41103,1500000200,1500000200,1
2026-08-14T05:20:04Z,41104,1500007600,1500007600,1
2026-08-14T05:20:04Z,41106,149999900,149999900,2
2026-08-14T05:20:04Z,41108,249990200,249990200,2
2026-08-14T05:20:04Z,41109,1500007600,1500007600,1
2026-08-14T05:20:04Z,41110,1500000200,1500000200,1
2026-08-14T05:20:04Z,41119,500,500,1277
2026-08-14T05:20:04Z,41146,1440100,1440100,21
2026-08-14T05:20:04Z,41163,969800,969900,3792
2026-08-14T05:20:04Z,41164,49000100,49000100,17
2026-08-14T05:20:04Z,41165,26270500,26270500,200
2026-08-14T05:20:04Z,41166,4778600,4778600,43
2026-08-14T05:20:04Z,41167,79100,79100,58
2026-08-14T05:20:04Z,41266,846600,846600,1487
2026-08-14T05:20:04Z,41285,9990000,9990000,25
2026-08-14T05:20:04Z,41307,1333900,9990000,24
2026-08-14T05:20:04Z,41333,9900000,9900000,23
2026-08-14T05:20:04Z,41334,900000,900000,915
2026-08-14T05:20:04Z,41335,19981900,19981900,15
2026-08-14T05:20:04Z,41337,1000000,1000000,108
2026-08-14T05:20:04Z,41338,30000,30000,69
2026-08-14T05:20:04Z,41339,699600,699700,49
2026-08-14T05:20:04Z,41368,150000,49000000,23
2026-08-14T05:20:04Z,41369,245700,49005700,22
2026-08-14T05:20:04Z,41373,9500006900,9500006900,1
2026-08-14T05:20:04Z,41375,300100,300100,48
2026-08-14T05:20:04Z,41376,9989500,9989500,24
2026-08-14T05:20:04Z,41377,19969700,19969700,9
2026-08-14T05:20:04Z,41378,9993500,9993500,24
2026-08-14T05:20:04Z,41379,19986600,19986600,15
2026-08-14T05:20:04Z,41380,5001000,5001000,49
2026-08-14T05:20:04Z,41381,35000,35000,112
2026-08-14T05:20:04Z,41382,19860000,19860000,11
2026-08-14T05:20:04Z,41385,199006500,199006500,1
2026-08-14T05:20:04Z,41389,7750000,7750000,26
2026-08-14T05:20:04Z,41395,8991000,8991000,28
2026-08-14T05:20:04Z,41396,2995000,6995000,26
2026-08-14T05:20:04Z,41397,22500,22500,101
2026-08-14T05:20:04Z,41398,9979900,9979900,21
2026-08-14T05:20:04Z,41400,3374800,3374800,50
2026-08-14T05:20:04Z,41401,1959400,39949400,7
2026-08-14T05:20:04Z,41427,7500000,7500000,71
2026-08-14T05:20:04Z,41432,499700,504300,32
2026-08-14T05:20:04Z,41433,4500001300,4500001300,1
2026-08-14T05:20:04Z,41434,9800000,9800000,21
2026-08-14T05:20:04Z,41435,938400,938400,30
2026-08-14T05:20:04Z,41436,440000,9904500,22
2026-08-14T05:20:04Z,41437,2000900,7120900,36
2026-08-14T05:20:04Z,41438,990007600,990007600,1
2026-08-14T05:20:04Z,41439,741600,2000000,27
2026-08-14T05:20:04Z,41440,450000,450000,29
2026-08-14T05:20:04Z,41441,9900000,9900000,21
2026-08-14T05:20:04Z,41442,2486548200,2486548200,5
2026-08-14T05:20:04Z,41443,1999700,1999800,34
2026-08-14T05:20:04Z,41444,1989800,1989900,63
2026-08-14T05:20:04Z,41445,39995600,39995600,6
2026-08-14T05:20:04Z,41446,660000,9901300,23
2026-08-14T05:20:04Z,41447,554500,554500,26
2026-08-14T05:20:04Z,41448,250000000,250000000,1
2026-08-14T05:20:04Z,41449,8987965900,8987965900,2
2026-08-14T05:20:04Z,41450,450001600,450001600,1
2026-08-14T05:20:04Z,41451,192493800,192493800,1
2026-08-14T05:20:04Z,41452,1949996000,1949996000,1
2026-08-14T05:20:04Z,41453,1804800,1804800,53
2026-08-14T05:20:04Z,41454,3500000000,3500000000,1
2026-08-14T05:20:04Z,41455,688000,688000,34
2026-08-14T05:20:04Z,41456,1119400,9989900,24
2026-08-14T05:20:04Z,41457,4464429000,4464429000,2
2026-08-14T05:20:04Z,41458,5500004800,5500004800,1
2026-08-14T05:20:04Z,41460,4989900,9889900,22
2026-08-14T05:20:04Z,41461,2229400,2229500,26
2026-08-14T05:20:04Z,41462,3335600,9995600,22
2026-08-14T05:20:04Z,41463,1957894800,1957894800,1
2026-08-14T05:20:04Z,41464,750000,750000,50
2026-08-14T05:20:04Z,41465,9500000000,9500000000,1
2026-08-14T05:20:04Z,41466,689600,689700,35
2026-08-14T05:20:04Z,41467,9999400,9999500,22
2026-08-14T05:20:04Z,41468,250002900,250002900,3
2026-08-14T05:20:04Z,41469,2000000000,2000000000,1
2026-08-14T05:20:04Z,41470,5894300,9891300,23
2026-08-14T05:20:04Z,41472,2500000000,2500000000,1
2026-08-14T05:20:04Z,41473,199000000,199000000,1
2026-08-14T05:20:04Z,41474,192938100,192938100,2
2026-08-14T05:20:04Z,41475,1600000,1600000,59
2026-08-14T05:20:04Z,41476,9997800,9997800,20
2026-08-14T05:20:04Z,41477,2495002500,2495002500,1
2026-08-14T05:20:04Z,41478,49903800,49903800,4
2026-08-14T05:20:04Z,41479,2000000,9900000,21
2026-08-14T05:20:04Z,41480,192228000,192228000,4
2026-08-14T05:20:04Z,41481,198121000,198121000,3
2026-08-14T05:20:04Z,41482,1109200,1109500,25
2026-08-14T05:20:04Z,41483,666900,9997400,24
2026-08-14T05:20:04Z,41484,199980000,199980000,1
2026-08-14T05:20:04Z,41485,1820000,1820000,36
2026-08-14T05:20:04Z,41486,39608300,39608300,6
2026-08-14T05:20:04Z,41487,1500000000,1500000000,1
2026-08-14T05:20:04Z,41488,1922200,1922200,41
2026-08-14T05:20:04Z,41489,2250000,2511100,44
2026-08-14T05:20:04Z,41490,4812600,4812600,25
2026-08-14T05:20:04Z,41491,249991300,249991300,1
2026-08-14T05:20:04Z,41492,1119500,1119600,32
2026-08-14T05:20:04Z,41493,19995000,19995000,21
2026-08-14T05:20:04Z,41494,250000000,250000000,1
2026-08-14T05:20:04Z,41495,2240000,2240000,30
2026-08-14T05:20:04Z,41496,2500000000,2500000000,1
2026-08-14T05:20:04Z,41497,39990000,39990000,5
2026-08-14T05:20:04Z,41498,2250000,2250000,30
2026-08-14T05:20:04Z,41499,8191300,9892700,20
2026-08-14T05:20:04Z,41500,3500000000,3500000000,1
2026-08-14T05:20:04Z,41502,7654400,7654400,38
2026-08-14T05:20:04Z,41509,55500,55500,84
2026-08-14T05:20:04Z,41510,11500,11800,7957
2026-08-14T05:20:04Z,41511,24700,25900,4468
2026-08-14T05:20:04Z,41517,1500000200,1500000200,1
2026-08-14T05:20:04Z,41524,1500000200,1500000200,1
2026-08-14T05:20:04Z,41527,1500000200,1500000200,1
2026-08-14T05:20:04Z,41529,1500000200,1500000200,1
2026-08-14T05:20:04Z,41530,1500000200,1500000200,5
2026-08-14T05:20:04Z,41531,250007600,250007600,1
2026-08-14T05:20:04Z,41532,1500000200,1500000200,1
2026-08-14T05:20:04Z,41533,250000200,250000200,1
2026-08-14T05:20:04Z,41534,1500007600,1500007600,8
2026-08-14T05:20:04Z,41535,1500000200,1500000200,1
2026-08-14T05:20:04Z,41536,250007600,250007600,1
2026-08-14T05:20:04Z,41537,1500000200,1500000200,1
2026-08-14T05:20:04Z,41538,1500000200,1500000200,1
2026-08-14T05:20:04Z,41539,250007600,250007600,2
2026-08-14T05:20:04Z,41540,1500000200,1500000200,1
2026-08-14T05:20:04Z,41541,99990200,99990200,3
2026-08-14T05:20:04Z,41542,1500000200,1500000200,1
2026-08-14T05:20:04Z,41547,1500000200,1500000200,1
2026-08-14T05:20:04Z,41552,1500000200,1500000200,1
2026-08-14T05:20:04Z,41584,1250500,1250500,1
2026-08-14T05:20:04Z,41593,1397400,1397400,546
2026-08-14T05:20:04Z,41594,1337500,1337500,363
2026-08-14T05:20:04Z,41595,1689500,1689500,1475
2026-08-14T05:20:04Z,41601,219900,224500,119
2026-08-14T05:20:04Z,41602,5006300,5006300,22
2026-08-14T05:20:04Z,41603,419800,419800,91
2026-08-14T05:20:04Z,41604,3500000,3500000,19
2026-08-14T05:20:04Z,41611,3044000,3044000,60
2026-08-14T05:20:04Z,41729,9900000,9900000,20
2026-08-14T05:20:04Z,41731,1200,1200,63
2026-08-14T05:20:04Z,41751,700,700,175
2026-08-14T05:20:04Z,41800,444500,444500,191
2026-08-14T05:20:04Z,41801,2900,2900,461
2026-08-14T05:20:04Z,41802,134800,134800,1146
2026-08-14T05:20:04Z,41803,34700,34800,1098
2026-08-14T05:20:04Z,41805,294900,297400,263
2026-08-14T05:20:04Z,41806,1000,4200,2674
2026-08-14T05:20:04Z,41807,890000,890000,434
2026-08-14T05:20:04Z,41808,1100,1900,1417
2026-08-14T05:20:04Z,41809,9900,45000,7947
2026-08-14T05:20:04Z,41810,1800,1800,2711
2026-08-14T05:20:04Z,41812,7000,7000,987
2026-08-14T05:20:04Z,41813,27000,800000,1611
2026-08-14T05:20:04Z,41814,189900,200000,6799
2026-08-14T05:20:04Z,41976,790000,790000,58
2026-08-14T05:20:04Z,42225,9580000,9580000,774
2026-08-14T05:20:04Z,42253,10000,10100,2859
2026-08-14T05:20:04Z,42396,1500000200,1500000200,1
2026-08-14T05:20:04Z,42397,250000200,250000200,5
2026-08-14T05:20:04Z,42398,250007600,250007600,1
2026-08-14T05:20:04Z,42399,250000200,250000200,1
2026-08-14T05:20:04Z,42400,1500007600,1500007600,1
2026-08-14T05:20:04Z,42401,1500007600,1500007600,1
2026-08-14T05:20:04Z,42402,1500007600,1500007600,1
2026-08-14T05:20:04Z,42403,1500000200,1500000200,1
2026-08-14T05:20:04Z,42405,1500000200,1500000200,1
2026-08-14T05:20:04Z,42406,250007600,250007600,1
2026-08-14T05:20:04Z,42407,1500000200,1500000200,1
2026-08-14T05:20:04Z,42408,250000200,250000200,7
2026-08-14T05:20:04Z,42409,250000200,250000200,1
2026-08-14T05:20:04Z,42410,1500000200,1500000200,1
2026-08-14T05:20:04Z,42411,999997600,999997600,6
2026-08-14T05:20:04Z,42412,1500000200,1500000200,1
2026-08-14T05:20:04Z,42414,1500007600,1500007600,1
2026-08-14T05:20:04Z,42415,1500000200,1500000200,1
2026-08-14T05:20:04Z,42416,1500007600,1500007600,1
2026-08-14T05:20:04Z,42428,89700,89700,226
2026-08-14T05:20:04Z,42429,363100,363100,209
2026-08-14T05:20:04Z,42430,665000,665000,296
2026-08-14T05:20:04Z,42431,703700,703700,279
2026-08-14T05:20:04Z,42432,701900,701900,61
2026-08-14T05:20:04Z,42433,202500,202500,94
2026-08-14T05:20:04Z,42434,240000,240000,214
2026-08-14T05:20:04Z,42453,250000200,250000200,1
2026-08-14T05:20:04Z,42455,1500007600,1500007600,2
2026-08-14T05:20:04Z,42456,250000200,250000200,1
2026-08-14T05:20:04Z,42457,250000200,250000200,1
2026-08-14T05:20:04Z,42458,1500007600,1500007600,6
2026-08-14T05:20:04Z,42459,151300,151300,350
2026-08-14T05:20:04Z,42460,1500007600,1500007600,1
2026-08-14T05:20:04Z,42461,250000200,250000200,7
2026-08-14T05:20:04Z,42462,250007600,250007600,1
2026-08-14T05:20:04Z,42464,279997600,279997600,1
2026-08-14T05:20:04Z,42465,1500000200,1500000200,1
2026-08-14T05:20:04Z,42466,1500000200,1500000200,3
2026-08-14T05:20:04Z,42467,1500000200,1500000200,2
2026-08-14T05:20:04Z,42468,290007600,290007600,1
2026-08-14T05:20:04Z,42469,1500007600,1500007600,1
2026-08-14T05:20:04Z,42470,250000200,250000200,6
2026-08-14T05:20:04Z,42471,1500007600,1500007600,1
2026-08-14T05:20:04Z,42472,1500000200,1500000200,1
2026-08-14T05:20:04Z,42473,250004100,250004100,1
2026-08-14T05:20:04Z,42500,5948200,5948200,40
2026-08-14T05:20:04Z,42545,2255100,2255100,60
2026-08-14T05:20:04Z,42546,40000,990000,14358
2026-08-14T05:20:04Z,42641,8400,8400,490
2026-08-14T05:20:04Z,42701,305700,305700,92
2026-08-14T05:20:04Z,42702,1976600,2229500,51
2026-08-14T05:20:04Z,42734,1500007600,1500007600,2
2026-08-14T05:20:04Z,42735,250007600,250007600,8
2026-08-14T05:20:04Z,42736,1500000200,1500000200,1
2026-08-14T05:20:04Z,42737,99997600,99997600,3
2026-08-14T05:20:04Z,42738,250007600,250007600,1
2026-08-14T05:20:04Z,42739,1500000200,1500000200,1
2026-08-14T05:20:04Z,42740,1500007600,1500007600,1
2026-08-14T05:20:04Z,42741,250007600,250007600,1
2026-08-14T05:20:04Z,42742,1998008500,1998008500,1
2026-08-14T05:20:04Z,42743,250000200,250000200,1
2026-08-14T05:20:04Z,42744,1500000200,1500000200,1
2026-08-14T05:20:04Z,42745,99990200,99990200,2
2026-08-14T05:20:04Z,42746,250000200,250000200,1
2026-08-14T05:20:04Z,42747,1500007600,1500007600,1
2026-08-14T05:20:04Z,42748,99990200,99990200,3
2026-08-14T05:20:04Z,42749,1500007600,1500007600,1
2026-08-14T05:20:04Z,42750,1500007600,1500007600,1
2026-08-14T05:20:04Z,42751,251000,251000,139
2026-08-14T05:20:04Z,42752,1009759500,1009759500,2
2026-08-14T05:20:04Z,42753,1500000200,1500000200,1
2026-08-14T05:20:04Z,42754,1500000200,1500000200,1
2026-08-14T05:20:04Z,42777,9970500,9970500,20
2026-08-14T05:20:04Z,42778,9981600,9981600,20
2026-08-14T05:20:04Z,42779,440900,440900,61
2026-08-14T05:20:04Z,42780,19700,20000,43027
2026-08-14T05:20:04Z,42897,250000200,250000200,1
2026-08-14T05:20:04Z,42899,1500007600,1500007600,1
2026-08-14T05:20:04Z,42900,250007600,250007600,1
2026-08-14T05:20:04Z,42902,99990200,99990200,2
2026-08-14T05:20:04Z,42903,1500000200,1500000200,1
2026-08-14T05:20:04Z,42904,250000200,250000200,1
2026-08-14T05:20:04Z,42905,1500000200,1500000200,3
2026-08-14T05:20:04Z,42906,1500000200,1500000200,1
2026-08-14T05:20:04Z,42907,1500007600,1500007600,1
2026-08-14T05:20:04Z,42908,250000200,250000200,1
2026-08-14T05:20:04Z,42909,1500007600,1500007600,1
2026-08-14T05:20:04Z,42910,499999900,499999900,2
2026-08-14T05:20:04Z,42911,1500007600,1500007600,1
2026-08-14T05:20:04Z,42912,1500000200,1500000200,1
2026-08-14T05:20:04Z,42913,250007600,250007600,1
2026-08-14T05:20:04Z,42914,250007600,250007600,1
2026-08-14T05:20:04Z,42915,250000200,250000200,1
2026-08-14T05:20:04Z,42916,1500007600,1500007600,1
2026-08-14T05:20:04Z,42917,1500000200,1500000200,1
2026-08-14T05:20:04Z,42930,255000,255000,24
2026-08-14T05:20:04Z,42931,45000,49005000,23
2026-08-14T05:20:04Z,42942,22200,24600,84
2026-08-14T05:20:04Z,42954,1500007600,1500007600,1
2026-08-14T05:20:04Z,42955,1500007600,1500007600,1
2026-08-14T05:20:04Z,42956,250000200,250000200,1
2026-08-14T05:20:04Z,42957,1500000200,1500000200,1
2026-08-14T05:20:04Z,42958,250007600,250007600,1
2026-08-14T05:20:04Z,42959,1500007600,1500007600,1
2026-08-14T05:20:04Z,42960,1500000200,1500000200,3
2026-08-14T05:20:04Z,42961,1500000200,1500000200,1
2026-08-14T05:20:04Z,42962,1500007600,1500007600,1
2026-08-14T05:20:04Z,42963,1500000200,1500000200,1
2026-08-14T05:20:04Z,42964,1500000200,1500000200,1
2026-08-14T05:20:04Z,42965,89990200,89990200,14
2026-08-14T05:20:04Z,42966,1500000200,1500000200,1
2026-08-14T05:20:04Z,42967,1500000200,1500000200,1
2026-08-14T05:20:04Z,42968,250000200,250000200,1
2026-08-14T05:20:04Z,42969,1500007600,1500007600,1
2026-08-14T05:20:04Z,42970,250000200,250000200,1
2026-08-14T05:20:04Z,42971,250000200,250000200,1
2026-08-14T05:20:04Z,42972,1500007600,1500007600,1
2026-08-14T05:20:04Z,42973,250000200,250000200,3
2026-08-14T05:20:04Z,42974,99990200,1500000200,19
2026-08-14T05:20:04Z,42993,19800,19900,116
2026-08-14T05:20:04Z,42994,28600,58100,53
2026-08-14T05:20:04Z,42995,44800,44900,54
2026-08-14T05:20:04Z,42996,150000,150000,91
2026-08-14T05:20:04Z,42997,40000,40000,3113
2026-08-14T05:20:04Z,42998,28100,28200,98
2026-08-14T05:20:04Z,42999,9975300,9975300,74
2026-08-14T05:20:04Z,43000,80000,80000,61
2026-08-14T05:20:04Z,43001,80000,80000,231
2026-08-14T05:20:04Z,43004,5000,5000,634
2026-08-14T05:20:04Z,43005,75000,75000,74
2026-08-14T05:20:04Z,43007,19800,19900,182585
2026-08-14T05:20:04Z,43009,3800,5500,1239
2026-08-14T05:20:04Z,43010,6000,6000,1317
2026-08-14T05:20:04Z,43011,8600,8800,29473
2026-08-14T05:20:04Z,43012,14900,14900,8902
2026-08-14T05:20:04Z,43013,59800,99900,5534
2026-08-14T05:20:04Z,43015,56500,187500,48
2026-08-14T05:20:04Z,43086,700000,700000,165
2026-08-14T05:20:04Z,43087,9909900,9909900,28
2026-08-14T05:20:04Z,43102,664800,664900,4925
2026-08-14T05:20:04Z,43103,122000,122000,922
2026-08-14T05:20:04Z,43104,100000,100000,1064
2026-08-14T05:20:04Z,43105,48800,49600,624
2026-08-14T05:20:04Z,43106,24700,24700,2955
2026-08-14T05:20:04Z,43107,249900,258300,6559
2026-08-14T05:20:04Z,43108,24400,24400,2335
2026-08-14T05:20:04Z,43109,79500,79600,1082
2026-08-14T05:20:04Z,43115,130000,130000,791
2026-08-14T05:20:04Z,43116,199800,199900,1937
2026-08-14T05:20:04Z,43117,67800,67800,2786
2026-08-14T05:20:04Z,43118,369600,384600,1229
2026-08-14T05:20:04Z,43119,47700,49800,1650
2026-08-14T05:20:04Z,43120,64100,64100,1992
2026-08-14T05:20:04Z,43121,30900,34900,1726
2026-08-14T05:20:04Z,43122,34300,39800,13853
2026-08-14T05:20:04Z,43123,290000,290000,721
2026-08-14T05:20:04Z,43124,49800,49800,2629
2026-08-14T05:20:04Z,43125,34800,43500,34376
2026-08-14T05:20:04Z,43126,39000,39400,3026
2026-08-14T05:20:04Z,43127,200000,200000,684
2026-08-14T05:20:04Z,43145,9989200,9989200,25
2026-08-14T05:20:04Z,43146,19300000,19300000,15
2026-08-14T05:20:04Z,43231,49001700,49001700,20
2026-08-14T05:20:04Z,43233,49001900,49001900,20
2026-08-14T05:20:04Z,43235,49000800,49000800,20
2026-08-14T05:20:04Z,43236,49800,49800,79
2026-08-14T05:20:04Z,43268,162300,162300,96
2026-08-14T05:20:04Z,43316,1500000200,1500000200,1
2026-08-14T05:20:04Z,43321,290000800,290000800,1
2026-08-14T05:20:04Z,43325,290000800,290000800,1
2026-08-14T05:20:04Z,43326,290000800,290000800,2
2026-08-14T05:20:04Z,43328,290000800,290000800,1
2026-08-14T05:20:04Z,43329,45000800,45000800,2
2026-08-14T05:20:04Z,43330,49000000,49000000,17
2026-08-14T05:20:04Z,43331,1500000200,1500000200,1
2026-08-14T05:20:04Z,43332,1500000200,1500000200,1
2026-08-14T05:20:04Z,43333,290000800,290000800,3
2026-08-14T05:20:04Z,43334,291100,291100,211
2026-08-14T05:20:04Z,43335,1500000200,1500000200,1
2026-08-14T05:20:04Z,43338,1500000200,1500000200,1
2026-08-14T05:20:04Z,43339,1500000200,1500000200,1
2026-08-14T05:20:04Z,43340,1500000200,1500000200,1
2026-08-14T05:20:04Z,43341,290000800,290000800,1
2026-08-14T05:20:04Z,43342,1500000200,1500000200,1
2026-08-14T05:20:04Z,43343,1500000200,1500000200,2
2026-08-14T05:20:04Z,43344,1500007600,1500007600,1
2026-08-14T05:20:04Z,43350,59200,59400,1360
2026-08-14T05:20:04Z,43351,250000200,250000200,1
2026-08-14T05:20:04Z,43354,1500007600,1500007600,1
2026-08-14T05:20:04Z,43356,1500000200,1500000200,1
2026-08-14T05:20:04Z,43359,1500000200,1500000200,3
2026-08-14T05:20:04Z,43360,290000200,290000200,1
2026-08-14T05:20:04Z,43361,1500000200,1500000200,1
2026-08-14T05:20:04Z,43362,99990200,99990200,4
2026-08-14T05:20:04Z,43364,1500000200,1500000200,1
2026-08-14T05:20:04Z,43365,1500000200,1500000200,1
2026-08-14T05:20:04Z,43366,118300,160000,187
2026-08-14T05:20:04Z,43367,1500007600,1500007600,1
2026-08-14T05:20:04Z,43368,1500000200,1500000200,1
2026-08-14T05:20:04Z,43369,270300,270300,470
2026-08-14T05:20:04Z,43370,1500007600,1500007600,1
2026-08-14T05:20:04Z,43371,250007600,250007600,1
2026-08-14T05:20:04Z,43373,161200,161300,316
2026-08-14T05:20:04Z,43374,1500000200,1500000200,1
2026-08-14T05:20:04Z,43376,1500000200,1500000200,1
2026-08-14T05:20:04Z,43377,1500000200,1500000200,1
2026-08-14T05:20:04Z,43378,1500000200,1500000200,1
2026-08-14T05:20:04Z,43379,1500000200,1500000200,1
2026-08-14T05:20:04Z,43380,250000200,250000200,1
2026-08-14T05:20:04Z,43381,1500000200,1500000200,1
2026-08-14T05:20:04Z,43385,1500000200,1500000200,1
2026-08-14T05:20:04Z,43386,239700,239800,366
2026-08-14T05:20:04Z,43388,250000200,250000200,1
2026-08-14T05:20:04Z,43389,1500000200,1500000200,1
2026-08-14T05:20:04Z,43390,250007600,250007600,1
2026-08-14T05:20:04Z,43391,250000200,250000200,1
2026-08-14T05:20:04Z,43393,250000200,250000200,1
2026-08-14T05:20:04Z,43394,1030000,1080500,265
2026-08-14T05:20:04Z,43395,250000200,250000200,1
2026-08-14T05:20:04Z,43396,1500000200,1500000200,1
2026-08-14T05:20:04Z,43397,1500007600,1500007600,1
2026-08-14T05:20:04Z,43398,951300,959700,143
2026-08-14T05:20:04Z,43399,1500000200,1500000200,1
2026-08-14T05:20:04Z,43400,941300,949900,139
2026-08-14T05:20:04Z,43412,1500000200,1500000200,1
2026-08-14T05:20:04Z,43413,1500007600,1500007600,1
2026-08-14T05:20:04Z,43414,1500000200,1500000200,1
2026-08-14T05:20:04Z,43415,1500007600,1500007600,1
2026-08-14T05:20:04Z,43416,1500007600,1500007600,1
2026-08-14T05:20:04Z,43417,99990200,99990200,3
2026-08-14T05:20:04Z,43418,1500007600,1500007600,1
2026-08-14T05:20:04Z,43419,1500000200,1500000200,1
2026-08-14T05:20:04Z,43420,1500007600,1500007600,1
2026-08-14T05:20:04Z,43422,250000200,250000200,1
2026-08-14T05:20:04Z,43423,1500007600,1500007600,1
2026-08-14T05:20:04Z,43424,250000000,250000000,5
2026-08-14T05:20:04Z,43425,250000200,250000200,1
2026-08-14T05:20:04Z,43427,1500007600,1500007600,1
2026-08-14T05:20:04Z,43428,250000200,250000200,1
2026-08-14T05:20:04Z,43432,99990200,99990200,3
2026-08-14T05:20:04Z,43463,400,500,89
2026-08-14T05:20:04Z,43464,10000,10000,89
2026-08-14T05:20:04Z,43465,700,700,63
2026-08-14T05:20:04Z,43466,10000,10000,92
2026-08-14T05:20:04Z,43467,300,300,51
2026-08-14T05:20:04Z,43478,990000,990000,398
2026-08-14T05:20:04Z,43480,720000,720000,603
2026-08-14T05:20:04Z,43488,49900,49900,117
2026-08-14T05:20:04Z,43490,43300,43300,135
2026-08-14T05:20:04Z,43491,500000,500000,63
2026-08-14T05:20:04Z,43492,1009500,1009500,48
2026-08-14T05:20:04Z,43501,89900,130000,737
2026-08-14T05:20:04Z,43519,1500007600,1500007600,1
2026-08-14T05:20:04Z,43520,990000100,990000100,1
2026-08-14T05:20:04Z,43521,290000000,290000000,1
2026-08-14T05:20:04Z,43522,990006700,990006700,1
2026-08-14T05:20:04Z,43530,9500000000,9500000000,1
2026-08-14T05:20:04Z,43533,250000200,250000200,1
2026-08-14T05:20:04Z,43534,1500007600,1500007600,1
2026-08-14T05:20:04Z,43535,531000,531000,273
2026-08-14T05:20:04Z,43536,1500000200,1500000200,1
2026-08-14T05:20:04Z,43537,1500000200,1500000200,1
2026-08-14T05:20:04Z,43539,1500000200,1500000200,1
2026-08-14T05:20:04Z,43541,1500007600,1500007600,1
2026-08-14T05:20:04Z,43542,250007600,250007600,1
2026-08-14T05:20:04Z,43543,1500000200,1500000200,1
2026-08-14T05:20:04Z,43544,1500000200,1500000200,1
2026-08-14T05:20:04Z,43546,250000200,250000200,1
2026-08-14T05:20:04Z,43547,1500000200,1500000200,1
2026-08-14T05:20:04Z,43548,1500000200,1500000200,1
2026-08-14T05:20:04Z,43549,1500000200,1500000200,1
2026-08-14T05:20:04Z,43550,1500007600,1500007600,1
2026-08-14T05:20:04Z,43551,175800,175800,157
2026-08-14T05:20:04Z,43552,1500000200,1500000200,1
2026-08-14T05:20:04Z,43553,1500000200,1500000200,1
2026-08-14T05:20:04Z,43554,250000200,250000200,1
2026-08-14T05:20:04Z,43557,450000,450000,103
2026-08-14T05:20:04Z,43571,1400,1400,428
2026-08-14T05:20:04Z,43572,8600,458700,931
2026-08-14T05:20:04Z,43574,49009800,49009800,20
2026-08-14T05:20:04Z,43576,1500002700,1500002700,1
2026-08-14T05:20:04Z,43645,49009900,49009900,20
2026-08-14T05:20:04Z,43646,5300,5300,1281
2026-08-14T05:20:04Z,43647,5500,5500,196
2026-08-14T05:20:04Z,43652,38500,38500,743
2026-08-14T05:20:04Z,43653,49000100,49000100,20
2026-08-14T05:20:04Z,43658,11500,49003500,21
2026-08-14T05:20:04Z,43671,1500000200,1500000200,1
2026-08-14T05:20:04Z,43672,1500000200,1500000200,1
2026-08-14T05:20:04Z,43673,250000200,250000200,1
2026-08-14T05:20:04Z,43694,1110000,49000000,23
2026-08-14T05:20:04Z,43695,28900,28900,45
2026-08-14T05:20:04Z,43696,58900,9900000,47
2026-08-14T05:20:04Z,43725,1500000200,1500000200,1
2026-08-14T05:20:04Z,43825,924441700,924441700,2
2026-08-14T05:20:04Z,43826,1500000200,1500000200,1
2026-08-14T05:20:04Z,43827,1500007600,1500007600,1
2026-08-14T05:20:04Z,43850,552400,662400,29
2026-08-14T05:20:04Z,43851,1500,1500,48
2026-08-14T05:20:04Z,43852,50000,79900,554
2026-08-14T05:20:04Z,43853,10100,10100,588
2026-08-14T05:20:04Z,43854,13500,13500,119
2026-08-14T05:20:04Z,43867,99997600,99997600,6
2026-08-14T05:20:04Z,43868,250007600,250007600,1
2026-08-14T05:20:04Z,43869,1500000200,1500000200,1
2026-08-14T05:20:04Z,43987,1459500,1459500,68
2026-08-14T05:20:04Z,44066,7447700,7447700,6
2026-08-14T05:20:04Z,44076,10006900,10006900,5
2026-08-14T05:20:04Z,44078,80005700,80005700,16
2026-08-14T05:20:04Z,44081,49901300,49901300,7
2026-08-14T05:20:04Z,44082,18991900,18991900,33
2026-08-14T05:20:04Z,44084,19974800,19974800,10
2026-08-14T05:20:04Z,44087,39990900,39990900,5
2026-08-14T05:20:04Z,44088,199900000,199900000,1
2026-08-14T05:20:04Z,44089,19900900,19900900,10
2026-08-14T05:20:04Z,44128,719900,739300,1861
2026-08-14T05:20:04Z,44143,33500,37500,147
2026-08-14T05:20:04Z,44144,72000,90000,75
2026-08-14T05:20:04Z,44145,46400,52000,77
2026-08-14T05:20:04Z,44146,56400,56900,82
2026-08-14T05:20:04Z,44147,230000,255500,57
2026-08-14T05:20:04Z,44154,235200,261300,79
2026-08-14T05:20:04Z,44155,47600,48400,190
2026-08-14T05:20:04Z,44156,59400,59900,50
2026-08-14T05:20:04Z,44157,108000,108000,58
2026-08-14T05:20:04Z,44165,17500,19500,57
2026-08-14T05:20:04Z,44206,49003000,49003000,27
2026-08-14T05:20:04Z,44207,4999900,4999900,36
2026-08-14T05:20:04Z,44208,20000000,20000000,39
2026-08-14T05:20:04Z,44260,30000000,30000000,13
2026-08-14T05:20:04Z,44261,30000000,39904500,19
2026-08-14T05:20:04Z,44262,21005100,21005100,19
2026-08-14T05:20:04Z,44263,17812500,17812500,9
2026-08-14T05:20:04Z,44264,44440000,45000000,23
2026-08-14T05:20:04Z,44265,7500000,7500000,21
2026-08-14T05:20:04Z,44266,30000000,39992500,13
2026-08-14T05:20:04Z,44267,35625000,35625000,9
2026-08-14T05:20:04Z,44268,35000000,35000000,12
2026-08-14T05:20:04Z,44269,7384900,7384900,27
2026-08-14T05:20:04Z,44270,12002500,12002500,20
2026-08-14T05:20:04Z,44271,9115200,9115200,68
2026-08-14T05:20:04Z,44272,6599600,6599600,13
2026-08-14T05:20:04Z,44273,5009500,5009500,12
2026-08-14T05:20:04Z,44274,37914500,39909900,17
2026-08-14T05:20:04Z,44275,39908600,39908600,12
2026-08-14T05:20:04Z,44277,9508900,9508900,13
2026-08-14T05:20:04Z,44278,4900000,39995000,8
2026-08-14T05:20:04Z,44279,9704400,9704400,6
2026-08-14T05:20:04Z,44280,5009500,5009500,10
2026-08-14T05:20:04Z,44281,5004800,5004800,27
2026-08-14T05:20:04Z,44282,39800000,39800000,10
2026-08-14T05:20:04Z,44284,25000000,25000000,9
2026-08-14T05:20:04Z,44285,39900000,39900000,16
2026-08-14T05:20:04Z,44286,2004700,2004700,17
2026-08-14T05:20:04Z,44287,4322300,4322300,15
2026-08-14T05:20:04Z,44288,199949800,199949800,2
2026-08-14T05:20:04Z,44289,7160300,7160300,13
2026-08-14T05:20:04Z,44290,5000600,5000600,9
2026-08-14T05:20:04Z,44291,19900200,19900200,17
2026-08-14T05:20:04Z,44292,6628900,6628900,13
2026-08-14T05:20:04Z,44293,2203200,19906000,17
2026-08-14T05:20:04Z,44314,2300,2300,43
2026-08-14T05:20:04Z,44315,19800,19800,82
2026-08-14T05:20:04Z,44325,129900,129900,43
2026-08-14T05:20:04Z,44327,37900,71700,89
2026-08-14T05:20:04Z,44328,11500,204200,78
2026-08-14T05:20:04Z,44329,91700,91700,111
2026-08-14T05:20:04Z,44330,197500,197500,93
2026-08-14T05:20:04Z,44331,50000,50000,142
2026-08-14T05:20:04Z,44332,129600,129600,136
2026-08-14T05:20:04Z,44449,80000,9909300,45
2026-08-14T05:20:04Z,44453,20000,20000,94
2026-08-14T05:20:04Z,44455,45000,9900100,47
2026-08-14T05:20:04Z,44456,52300,9906000,43
2026-08-14T05:20:04Z,44457,228700,311500,52
2026-08-14T05:20:04Z,44458,87600,9902500,58
2026-08-14T05:20:04Z,44463,621600,621600,42
2026-08-14T05:20:04Z,44464,290009900,290009900,1
2026-08-14T05:20:04Z,44465,420000,420000,78
2026-08-14T05:20:04Z,44466,852900,852900,52
2026-08-14T05:20:04Z,44467,1496400,1496400,42
2026-08-14T05:20:04Z,44468,290000200,290000200,1
2026-08-14T05:20:04Z,44469,903200,903200,45
2026-08-14T05:20:04Z,44470,304200,304200,49
2026-08-14T05:20:04Z,44481,20000,20000,96
2026-08-14T05:20:04Z,44482,800,800,120
2026-08-14T05:20:04Z,44493,700000,700000,163
2026-08-14T05:20:04Z,44497,2000000,2000000,69
2026-08-14T05:20:04Z,44499,45000000,45000000,24
2026-08-14T05:20:04Z,44500,18900000,18900000,140
2026-08-14T05:20:04Z,44501,12000000,12000000,675
2026-08-14T05:20:04Z,44570,59500,59500,88
2026-08-14T05:20:04Z,44571,700100,700100,55
2026-08-14T05:20:04Z,44573,29000,29000,173
2026-08-14T05:20:04Z,44574,27500,27500,94
2026-08-14T05:20:04Z,44575,296100,296100,170
2026-08-14T05:20:04Z,44599,800,800,66
2026-08-14T05:20:04Z,44601,900,900,80
2026-08-14T05:20:04Z,44605,49001900,49001900,20
2026-08-14T05:20:04Z,44607,9900000,9900000,24
2026-08-14T05:20:04Z,44608,9989700,9989700,27
2026-08-14T05:20:04Z,44609,9989800,9989800,21
2026-08-14T05:20:04Z,44614,290002700,290002700,1
2026-08-14T05:20:04Z,44615,49000800,49000800,53
2026-08-14T05:20:04Z,44616,437800,9900500,50
2026-08-14T05:20:04Z,44617,9950000,9950000,41
2026-08-14T05:20:04Z,44618,19900,9907500,47
2026-08-14T05:20:04Z,44619,249100,249100,96
2026-08-14T05:20:04Z,44684,250007600,250007600,1
2026-08-14T05:20:04Z,44699,9500000100,9500000100,1
2026-08-14T05:20:04Z,44716,3338200,3338200,67
2026-08-14T05:20:04Z,44722,98000,98000,88
2026-08-14T05:20:04Z,44729,49008800,49008800,17
2026-08-14T05:20:04Z,44739,36800,36800,219
2026-08-14T05:20:04Z,44749,30000,30000,83
2026-08-14T05:20:04Z,44750,9987300,9987300,28
2026-08-14T05:20:04Z,44752,1000000,1000000,28
2026-08-14T05:20:04Z,44753,49002700,49002700,23
2026-08-14T05:20:04Z,44754,30000000,30000000,27
2026-08-14T05:20:04Z,44755,154600,171700,29
2026-08-14T05:20:04Z,44756,18800,49008800,23
2026-08-14T05:20:04Z,44757,49007700,49007700,21
2026-08-14T05:20:04Z,44758,49900,49900,104
2026-08-14T05:20:04Z,44759,440000,440000,27
2026-08-14T05:20:04Z,44760,500000,500000,49
2026-08-14T05:20:04Z,44761,49000000,49000000,38
2026-08-14T05:20:04Z,44762,49002400,49002400,22
2026-08-14T05:20:04Z,44763,4002700,49002700,21
2026-08-14T05:20:04Z,44764,44000000,44000000,25
2026-08-14T05:20:04Z,44765,49002700,49002700,16
2026-08-14T05:20:04Z,44767,290002700,290002700,1
2026-08-14T05:20:04Z,44768,3000000,3000000,25
2026-08-14T05:20:04Z,44769,49000000,49000000,21
2026-08-14T05:20:04Z,44770,39200,49009200,21
2026-08-14T05:20:04Z,44771,29700,29700,1
2026-08-14T05:20:04Z,44772,200000,200000,113
2026-08-14T05:20:04Z,44773,500000,500000,24
2026-08-14T05:20:04Z,44774,49003000,49003000,20
2026-08-14T05:20:04Z,44775,49000000,49000000,21
2026-08-14T05:20:04Z,44776,49002400,49002400,28
2026-08-14T05:20:04Z,44777,49002700,49002700,15
2026-08-14T05:20:04Z,44778,49007500,49007500,20
2026-08-14T05:20:04Z,44779,49000000,49000000,20
2026-08-14T05:20:04Z,44781,45003800,45003800,24
2026-08-14T05:20:04Z,44782,49002400,49002400,20
2026-08-14T05:20:04Z,44783,290002700,290002700,1
2026-08-14T05:20:04Z,44815,269500,271700,65
2026-08-14T05:20:04Z,44920,250000200,250000200,1
2026-08-14T05:20:04Z,44922,76500,87400,14557
2026-08-14T05:20:04Z,44923,1500000200,1500000200,1
2026-08-14T05:20:04Z,44928,250007600,250007600,1
2026-08-14T05:20:04Z,44936,29237100,29237100,37
2026-08-14T05:20:04Z,44940,800,800,242
2026-08-14T05:20:04Z,44941,500,500,247
2026-08-14T05:20:04Z,44947,98700,98700,53
2026-08-14T05:20:04Z,44953,33100,61700,112
2026-08-14T05:20:04Z,44955,1500000200,1500000200,1
2026-08-14T05:20:04Z,44958,320000,329900,154
2026-08-14T05:20:04Z,44963,750000,750000,53
2026-08-14T05:20:04Z,45056,1189900,1189900,44
2026-08-14T05:20:04Z,45060,79500,80000,53
2026-08-14T05:20:04Z,45087,2000,3200,2872
2026-08-14T05:20:04Z,45188,2000,49002400,23
2026-08-14T05:20:04Z,45189,19900,20000,26
2026-08-14T05:20:04Z,45190,22400,22400,36
2026-08-14T05:20:04Z,45191,300,500,28
2026-08-14T05:20:04Z,45194,400,1900,34
2026-08-14T05:20:04Z,45195,10000,10000,49
2026-08-14T05:20:04Z,45196,800,800,23
2026-08-14T05:20:04Z,45197,3009900,3009900,198
2026-08-14T05:20:04Z,45198,180000,180000,174
2026-08-14T05:20:04Z,45199,750200,750200,27
2026-08-14T05:20:04Z,45200,2000,2000,50
2026-08-14T05:20:04Z,45201,1990000,1990000,267
2026-08-14T05:20:04Z,45202,11500,49000100,22
2026-08-14T05:20:04Z,45601,9990200,9990200,18
2026-08-14T05:20:04Z,45602,250000200,250000200,1
2026-08-14T05:20:04Z,45603,1500007600,1500007600,1
2026-08-14T05:20:04Z,45604,1500000200,1500000200,1
2026-08-14T05:20:04Z,45621,700,700,177
2026-08-14T05:20:04Z,45622,1500000200,1500000200,1
2026-08-14T05:20:04Z,45623,1500000200,1500000200,1
2026-08-14T05:20:04Z,45625,1500007600,1500007600,1
2026-08-14T05:20:04Z,45628,39900,40000,68
2026-08-14T05:20:04Z,45732,1500000200,1500000200,1
2026-08-14T05:20:04Z,45737,1500007600,1500007600,1
2026-08-14T05:20:04Z,45738,1500000200,1500000200,1
2026-08-14T05:20:04Z,45739,1500007600,1500007600,1
2026-08-14T05:20:04Z,45740,1500000200,1500000200,1
2026-08-14T05:20:04Z,45741,1500000200,1500000200,1
2026-08-14T05:20:04Z,45742,1500007600,1500007600,1
2026-08-14T05:20:04Z,45743,250007600,250007600,1
2026-08-14T05:20:04Z,45744,1500007600,1500007600,1
2026-08-14T05:20:04Z,45745,1500007600,1500007600,1
2026-08-14T05:20:04Z,45746,1500007600,1500007600,1
2026-08-14T05:20:04Z,45753,250007600,250007600,1
2026-08-14T05:20:04Z,45755,1500000200,1500000200,1
2026-08-14T05:20:04Z,45756,1500007600,1500007600,1
2026-08-14T05:20:04Z,45757,250000200,250000200,1
2026-08-14T05:20:04Z,45758,1500000200,1500000200,1
2026-08-14T05:20:04Z,45760,9990200,9990200,3
2026-08-14T05:20:04Z,45761,250000200,250000200,1
2026-08-14T05:20:04Z,45767,1500007600,1500007600,1
2026-08-14T05:20:04Z,45768,249900,249900,145
2026-08-14T05:20:04Z,45769,250000200,250000200,1
2026-08-14T05:20:04Z,45771,1500000200,1500000200,1
2026-08-14T05:20:04Z,45775,1500000200,1500000200,1
2026-08-14T05:20:04Z,45776,1500000200,1500000200,1
2026-08-14T05:20:04Z,45777,1500007600,1500007600,1
2026-08-14T05:20:04Z,45780,1500007600,1500007600,1
2026-08-14T05:20:04Z,45781,1500007600,1500007600,1
2026-08-14T05:20:04Z,45782,250000200,250000200,1
2026-08-14T05:20:04Z,45783,250000200,250000200,1
2026-08-14T05:20:04Z,45785,250000200,250000200,1
2026-08-14T05:20:04Z,45789,540000,540000,131
2026-08-14T05:20:04Z,45790,1500000200,1500000200,1
2026-08-14T05:20:04Z,45792,1500000200,1500000200,1
2026-08-14T05:20:04Z,45793,1500000200,1500000200,1
2026-08-14T05:20:04Z,45794,250000200,250000200,1
2026-08-14T05:20:04Z,45795,250000200,250000200,1
2026-08-14T05:20:04Z,45799,1500000200,1500000200,1
2026-08-14T05:20:04Z,45800,1500000200,1500000200,1
2026-08-14T05:20:04Z,45804,1500000200,1500000200,1
2026-08-14T05:20:04Z,45805,1500007600,1500007600,1
2026-08-14T05:20:04Z,45806,1500000200,1500000200,1
2026-08-14T05:20:04Z,45862,248373800,248373800,7
2026-08-14T05:20:04Z,45879,85006900,85006900,3
2026-08-14T05:20:04Z,45880,49999300,49999300,5
2026-08-14T05:20:04Z,45881,99999600,99999600,2
2026-08-14T05:20:04Z,45882,250000000,250000000,1
2026-08-14T05:20:04Z,45883,9999900,9999900,7
2026-08-14T05:20:04Z,45901,9900000,9900000,21
2026-08-14T05:20:04Z,45907,12500,49002500,23
2026-08-14T05:20:04Z,45909,999300,999400,74
2026-08-14T05:20:04Z,45912,2504400,2504400,22
2026-08-14T05:20:04Z,45932,88800,1434800,103
2026-08-14T05:20:04Z,45978,4002500,12252500,26
2026-08-14T05:20:04Z,45979,1000000,1000000,3
2026-08-14T05:20:04Z,45980,290005100,290005100,1
2026-08-14T05:20:04Z,45981,290005100,290005100,1
2026-08-14T05:20:04Z,45987,21998400,21998400,4
2026-08-14T05:20:04Z,45999,49000100,49000100,21
2026-08-14T05:20:04Z,46000,49009900,49009900,21
2026-08-14T05:20:04Z,46001,4758800,49008800,21
2026-08-14T05:20:04Z,46002,49000100,49000100,20
2026-08-14T05:20:04Z,46003,49000000,49000000,22
2026-08-14T05:20:04Z,46023,500000,500000,18
2026-08-14T05:20:04Z,46026,6411100,6411100,24
2026-08-14T05:20:04Z,46098,1189300,1189300,65
2026-08-14T05:20:04Z,46361,49009900,49009900,24
2026-08-14T05:20:04Z,46368,676053400,676053400,2
2026-08-14T05:20:04Z,46372,1500007600,1500007600,1
2026-08-14T05:20:04Z,46376,19900,19900,94
2026-08-14T05:20:04Z,46377,20800,21000,393
2026-08-14T05:20:04Z,46378,29900,29900,72
2026-08-14T05:20:04Z,46379,213000,213100,51
2026-08-14T05:20:04Z,46390,49000100,49000100,20
2026-08-14T05:20:04Z,46391,49000100,49000100,20
2026-08-14T05:20:04Z,46703,11500,49001500,21
2026-08-14T05:20:04Z,46849,3700000,3800000,1434
2026-08-14T05:20:04Z,47556,73300,73300,2135
2026-08-14T05:20:04Z,47831,559900,559900,6
2026-08-14T05:20:04Z,48720,250007600,250007600,1
2026-08-14T05:20:04Z,49084,261100,261200,255
2026-08-14T05:20:04Z,49100,49000100,49000100,20
2026-08-14T05:20:04Z,49110,11439800,11439800,8
2026-08-14T05:20:04Z,49209,290000100,290000100,1
2026-08-14T05:20:04Z,49253,9786400,9786400,43
2026-08-14T05:20:04Z,49254,323000,323000,85
2026-08-14T05:20:04Z,49300,49000100,49000100,20
2026-08-14T05:20:04Z,49397,50000,9994400,43
2026-08-14T05:20:04Z,49600,220000,220000,37
2026-08-14T05:20:04Z,49601,224900,224900,65
2026-08-14T05:20:04Z,49602,9903300,9903300,25
2026-08-14T05:20:04Z,49619,49000100,49000100,23
2026-08-14T05:20:04Z,49624,21421100,49001100,21
2026-08-14T05:20:04Z,49625,10000100,49000100,32
2026-08-14T05:20:04Z,49626,49000100,49000100,20
2026-08-14T05:20:04Z,49627,290000100,290000100,1
2026-08-14T05:20:04Z,49632,5999900,5999900,62
2026-08-14T05:20:04Z,49884,823900,9990000,47
2026-08-14T05:20:04Z,49908,70000,70000,1295
2026-08-14T05:20:04Z,50045,1500000200,1500000200,1
2026-08-14T05:20:04Z,50077,250000200,250000200,1
2026-08-14T05:20:04Z,50125,1500007600,1500007600,1
2026-08-14T05:20:04Z,50438,49000100,49000100,21
2026-08-14T05:20:04Z,50816,3251200,3251200,34
2026-08-14T05:20:04Z,51950,154300,167300,13752
2026-08-14T05:20:04Z,52020,9990100,9990100,1195
2026-08-14T05:20:04Z,52021,49000100,49000100,20
2026-08-14T05:20:04Z,52074,49009900,49009900,21
2026-08-14T05:20:04Z,52078,22800,23500,2692
2026-08-14T05:20:04Z,52081,50000,80000,48
2026-08-14T05:20:04Z,52082,99300,99300,68
2026-08-14T05:20:04Z,52083,250000,250000,74
2026-08-14T05:20:04Z,52084,211700,211700,71
2026-08-14T05:20:04Z,52085,201400,223000,125
2026-08-14T05:20:04Z,52086,95400,95400,60
2026-08-14T05:20:04Z,52087,20000,20000,47
2026-08-14T05:20:04Z,52088,285800,285900,28
2026-08-14T05:20:04Z,52089,29800,30000,78
2026-08-14T05:20:04Z,52090,250000,250000,43
2026-08-14T05:20:04Z,52091,179600,179700,78
2026-08-14T05:20:04Z,52093,112300,112300,184
2026-08-14T05:20:04Z,52094,119700,119800,140
2026-08-14T05:20:04Z,52095,287100,287100,36
2026-08-14T05:20:04Z,52096,267200,267300,50
2026-08-14T05:20:04Z,52097,333900,333900,56
2026-08-14T05:20:04Z,52098,252000,281900,37
2026-08-14T05:20:04Z,52099,333800,333800,38
2026-08-14T05:20:04Z,52100,333900,333900,36
2026-08-14T05:20:04Z,52101,100000,287100,58
2026-08-14T05:20:04Z,52102,287100,287100,57
2026-08-14T05:20:04Z,52103,333500,333700,27
2026-08-14T05:20:04Z,52104,50000,287100,70
2026-08-14T05:20:04Z,52105,58000,58000,61
2026-08-14T05:20:04Z,52106,328800,363100,56
2026-08-14T05:20:04Z,52108,328600,363100,63
2026-08-14T05:20:04Z,52109,328800,328800,36
2026-08-14T05:20:04Z,52110,328800,363100,52
2026-08-14T05:20:04Z,52111,250000,363100,51
2026-08-14T05:20:04Z,52112,328800,363100,40
2026-08-14T05:20:04Z,52113,275700,275700,143
2026-08-14T05:20:04Z,52114,55000,363100,45
2026-08-14T05:20:04Z,52115,220000,230000,105
2026-08-14T05:20:04Z,52116,363100,363100,55
2026-08-14T05:20:04Z,52117,499200,499400,46
2026-08-14T05:20:04Z,52118,1317800,1317800,26
2026-08-14T05:20:04Z,52119,218600,218600,27
2026-08-14T05:20:04Z,52120,198000,198000,44
2026-08-14T05:20:04Z,52121,201400,201400,119
2026-08-14T05:20:04Z,52122,387300,387300,49
2026-08-14T05:20:04Z,52123,293800,293800,50
2026-08-14T05:20:04Z,52124,250900,250900,58
2026-08-14T05:20:04Z,52125,295100,295100,51
2026-08-14T05:20:04Z,52126,16300,506300,27
2026-08-14T05:20:04Z,52127,453000,453000,43
2026-08-14T05:20:04Z,52128,99700,99700,93
2026-08-14T05:20:04Z,52129,800000,800000,35
2026-08-14T05:20:04Z,52130,9999900,9999900,29
2026-08-14T05:20:04Z,52131,550000,1875800,25
2026-08-14T05:20:04Z,52132,9999100,9999100,20
2026-08-14T05:20:04Z,52133,39995400,39995400,11
2026-08-14T05:20:04Z,52134,3000000,19995100,12
2026-08-14T05:20:04Z,52135,5619300,5619300,19
2026-08-14T05:20:04Z,52136,990000000,990000000,2
2026-08-14T05:20:04Z,52137,4890700,4890700,21
2026-08-14T05:20:04Z,52138,39999800,39999800,7
2026-08-14T05:20:04Z,52139,19998600,19998600,11
2026-08-14T05:20:04Z,52140,9980000,9980000,28
2026-08-14T05:20:04Z,52141,3549000,3549100,21
2026-08-14T05:20:04Z,52142,2145700,2145700,33
2026-08-14T05:20:04Z,52143,9881000,9881000,27
2026-08-14T05:20:04Z,52144,2000300,9880300,24
2026-08-14T05:20:04Z,52145,39900800,39900800,10
2026-08-14T05:20:04Z,52146,550000,1958300,36
2026-08-14T05:20:04Z,52147,18750000,18750000,18
2026-08-14T05:20:04Z,52148,4462400,4462400,15
2026-08-14T05:20:04Z,52149,9998100,9998100,24
2026-08-14T05:20:04Z,52151,19909100,19909100,15
2026-08-14T05:20:04Z,52152,1008000,1466300,32
2026-08-14T05:20:04Z,52153,2400000,9996600,24
2026-08-14T05:20:04Z,52154,39900000,39900000,8
2026-08-14T05:20:04Z,52155,555400,555500,31
2026-08-14T05:20:04Z,52156,3343900,3343900,20
2026-08-14T05:20:04Z,52157,19990500,19990500,11
2026-08-14T05:20:04Z,52158,19998900,19998900,10
2026-08-14T05:20:04Z,52159,250000100,250000100,3
2026-08-14T05:20:04Z,52160,39909500,39909500,20
2026-08-14T05:20:04Z,52161,10705900,15282000,16
2026-08-14T05:20:04Z,52162,9993500,9993500,21
2026-08-14T05:20:04Z,52163,2100000,2100000,33
2026-08-14T05:20:04Z,52164,1430500,1430500,31
2026-08-14T05:20:04Z,52166,9802900,9852900,24
2026-08-14T05:20:04Z,52167,4990000,4990000,16
2026-08-14T05:20:04Z,52168,504900,504900,28
2026-08-14T05:20:04Z,52169,4990000,9967600,21
2026-08-14T05:20:04Z,52170,750000,750000,36
2026-08-14T05:20:04Z,52171,199700900,199700900,2
2026-08-14T05:20:04Z,52172,4500000,9990000,24
2026-08-14T05:20:04Z,52173,1400000,1400000,25
2026-08-14T05:20:04Z,52174,1500000,1500000,23
2026-08-14T05:20:04Z,52175,654100,654200,26
2026-08-14T05:20:04Z,52176,3591800,3591800,28
2026-08-14T05:20:04Z,52177,138100,138100,326
2026-08-14T05:20:04Z,52178,141500,141500,126
2026-08-14T05:20:04Z,52179,148600,148600,254
2026-08-14T05:20:04Z,52180,247400,267400,344
2026-08-14T05:20:04Z,52181,249700,249800,984
2026-08-14T05:20:04Z,52182,220000,220000,1150
2026-08-14T05:20:04Z,52183,69900,69900,39853
2026-08-14T05:20:04Z,52185,45000,49900,621976
2026-08-14T05:20:04Z,52186,159200,159200,17284
2026-08-14T05:20:04Z,52188,12200,19100,1891
2026-08-14T05:20:04Z,52190,489900,490000,216
2026-08-14T05:20:04Z,52191,400000,400000,277
2026-08-14T05:20:04Z,52192,499900,499900,460
2026-08-14T05:20:04Z,52193,800000,850000,460
2026-08-14T05:20:04Z,52194,339900,340000,681
2026-08-14T05:20:04Z,52195,750000,750000,242
2026-08-14T05:20:04Z,52196,7200000,7239600,579
2026-08-14T05:20:04Z,52203,1167400,1167400,58
2026-08-14T05:20:04Z,52204,430000,9850000,26
2026-08-14T05:20:04Z,52205,1500000,1500000,30
2026-08-14T05:20:04Z,52206,2425000,2425000,36
2026-08-14T05:20:04Z,52207,810000,810000,32
2026-08-14T05:20:04Z,52208,9890000,9890000,25
2026-08-14T05:20:04Z,52209,4323000,4323000,25
2026-08-14T05:20:04Z,52210,1901700,1901700,32
2026-08-14T05:20:04Z,52211,1696800,1696800,29
2026-08-14T05:20:04Z,52212,821200,821200,30
2026-08-14T05:20:04Z,52213,830000,830000,38
2026-08-14T05:20:04Z,52214,9490400,9490400,26
2026-08-14T05:20:04Z,52215,2931100,2931100,30
2026-08-14T05:20:04Z,52216,4035200,4035200,27
2026-08-14T05:20:04Z,52217,137200,460000,27
2026-08-14T05:20:04Z,52218,3629000,3629000,27
2026-08-14T05:20:04Z,52219,598300,598300,53
2026-08-14T05:20:04Z,52220,9860000,9860000,28
2026-08-14T05:20:04Z,52221,8668500,8668500,26
2026-08-14T05:20:04Z,52222,9529700,9529700,27
2026-08-14T05:20:04Z,52223,8651600,8651600,27
2026-08-14T05:20:04Z,52224,9899900,9899900,26
2026-08-14T05:20:04Z,52225,999900,999900,26
2026-08-14T05:20:04Z,52226,455700,455700,34
2026-08-14T05:20:04Z,52227,2150000,9700000,24
2026-08-14T05:20:04Z,52228,7029900,7029900,54
2026-08-14T05:20:04Z,52229,9991700,9991700,22
2026-08-14T05:20:04Z,52230,4545400,4545400,33
2026-08-14T05:20:04Z,52231,3000000,3000000,31
2026-08-14T05:20:04Z,52232,1900000,1990000,55
2026-08-14T05:20:04Z,52233,980000,985000,35
2026-08-14T05:20:04Z,52234,8738300,8738300,26
2026-08-14T05:20:04Z,52235,2700000,9300000,28
2026-08-14T05:20:04Z,52236,936200,9699800,30
2026-08-14T05:20:04Z,52237,1970000,2861200,30
2026-08-14T05:20:04Z,52238,9993300,9993300,21
2026-08-14T05:20:04Z,52239,9997900,9997900,37
2026-08-14T05:20:04Z,52240,2700000,9730000,27
2026-08-14T05:20:04Z,52241,6998300,6998300,27
2026-08-14T05:20:04Z,52242,2700000,8800000,98
2026-08-14T05:20:04Z,52243,1550000,1550000,27
2026-08-14T05:20:04Z,52244,450000,9990000,30
2026-08-14T05:20:04Z,52245,2286100,2286100,29
2026-08-14T05:20:04Z,52246,319700,320000,43
2026-08-14T05:20:04Z,52247,4129800,9879800,52
2026-08-14T05:20:04Z,52248,501700,501700,26
2026-08-14T05:20:04Z,52249,9704700,9991000,22
2026-08-14T05:20:04Z,52250,1916600,1916600,35
2026-08-14T05:20:04Z,52289,9990000,9990000,28
2026-08-14T05:20:04Z,52291,7778000,7778000,29
2026-08-14T05:20:04Z,52292,9988700,9988700,62
2026-08-14T05:20:04Z,52293,4993800,9986500,22
2026-08-14T05:20:04Z,52294,1852500,1852500,25
2026-08-14T05:20:04Z,52295,4662800,4662800,29
2026-08-14T05:20:04Z,52296,2134400,2134400,25
2026-08-14T05:20:04Z,52297,5900000,6000000,40
2026-08-14T05:20:04Z,52298,4217300,4217300,28
2026-08-14T05:20:04Z,52299,4998500,4998500,26
2026-08-14T05:20:04Z,52300,9989300,9989300,22
2026-08-14T05:20:04Z,52301,3333300,9078300,34
2026-08-14T05:20:04Z,52302,9897700,9897700,28
2026-08-14T05:20:04Z,52303,1600000,1699900,575
2026-08-14T05:20:04Z,52325,149700,160000,53463
2026-08-14T05:20:04Z,52326,270000,330000,26005
2026-08-14T05:20:04Z,52327,13700,23800,23419
2026-08-14T05:20:04Z,52328,119500,119900,74638
2026-08-14T05:20:04Z,52329,49700,50000,48814
2026-08-14T05:20:04Z,52338,5001800,5001800,20
2026-08-14T05:20:04Z,52339,990000100,990000100,1
2026-08-14T05:20:04Z,52340,29600,29700,323
2026-08-14T05:20:04Z,52555,141600,146400,11074
2026-08-14T05:20:04Z,52575,290000100,290000100,1
2026-08-14T05:20:04Z,52687,460000,460000,78
2026-08-14T05:20:04Z,52718,62600,63900,1054
2026-08-14T05:20:04Z,52719,152900,228400,18016
2026-08-14T05:20:04Z,52720,7800,8000,612
2026-08-14T05:20:04Z,52721,22400,29500,98251
2026-08-14T05:20:04Z,52722,34500,49800,82602
2026-08-14T05:20:04Z,52743,180400,180400,74
2026-08-14T05:20:04Z,52744,9908000,9908000,49
2026-08-14T05:20:04Z,52745,47500,445500,55
2026-08-14T05:20:04Z,52746,420200,420200,52
2026-08-14T05:20:04Z,52747,2420900,2420900,41
2026-08-14T05:20:04Z,52748,1600000,1600000,40
2026-08-14T05:20:04Z,52749,80000,80000,58
2026-08-14T05:20:04Z,52750,230000,230000,54
2026-08-14T05:20:04Z,52751,509900,509900,60
2026-08-14T05:20:04Z,52752,350000,350000,85
2026-08-14T05:20:04Z,52753,800000,800000,58
2026-08-14T05:20:04Z,52754,424800,424800,73
2026-08-14T05:20:04Z,52755,1240000,1240000,92
2026-08-14T05:20:04Z,52756,72900,81000,53
2026-08-14T05:20:04Z,52757,9900,9900,94
2026-08-14T05:20:04Z,52758,6000,6000,63
2026-08-14T05:20:04Z,52759,187200,208000,63
2026-08-14T05:20:04Z,52760,80000,80000,64
2026-08-14T05:20:04Z,52761,1609900,1609900,36
2026-08-14T05:20:04Z,52762,10000,10000,52
2026-08-14T05:20:04Z,52763,8100,9000,60
2026-08-14T05:20:04Z,52764,10000,10000,52
2026-08-14T05:20:04Z,52765,1002500,1193900,58
2026-08-14T05:20:04Z,52766,7800,8600,88
2026-08-14T05:20:04Z,52767,936400,936400,55
2026-08-14T05:20:04Z,52768,24300,27000,52
2026-08-14T05:20:04Z,52769,553800,9899900,45
2026-08-14T05:20:04Z,52770,541800,602000,81
2026-08-14T05:20:04Z,52771,62300,9900000,43
2026-08-14T05:20:04Z,52772,600000,994600,135
2026-08-14T05:20:04Z,52773,498500,498500,51
2026-08-14T05:20:04Z,52774,3411700,3411700,46
2026-08-14T05:20:04Z,52775,1894400,1894400,105
2026-08-14T05:20:04Z,52776,2157900,2157900,81
2026-08-14T05:20:04Z,52777,397600,397600,70
2026-08-14T05:20:04Z,52778,3417100,3417100,42
2026-08-14T05:20:04Z,52779,544500,544500,43
2026-08-14T05:20:04Z,52780,1495800,1495900,92
2026-08-14T05:20:04Z,52781,2416300,2416300,41
2026-08-14T05:20:04Z,52782,2239600,2239600,113
2026-08-14T05:20:04Z,52783,2009700,2009700,35
2026-08-14T05:20:04Z,52784,3900200,3900200,50
2026-08-14T05:20:04Z,52785,3401800,3401800,85
2026-08-14T05:20:04Z,52843,4200000,4240000,94
2026-08-14T05:20:04Z,52976,60100,61400,55077
2026-08-14T05:20:04Z,52977,94300,94300,1635
2026-08-14T05:20:04Z,52979,140000,160000,274
2026-08-14T05:20:04Z,52980,3500000,3500000,263
2026-08-14T05:20:04Z,52982,115700,119600,1664
2026-08-14T05:20:04Z,52983,17400,17400,157620
2026-08-14T05:20:04Z,52984,19800,19900,262133
2026-08-14T05:20:04Z,52985,55500,66100,73851
2026-08-14T05:20:04Z,52986,129600,129800,6824
2026-08-14T05:20:04Z,52987,32800,34500,4013
2026-08-14T05:20:04Z,52988,25000,25000,47900
2026-08-14T05:20:04Z,53010,12500,17300,33502
2026-08-14T05:20:04Z,53038,69900,69900,21947
2026-08-14T05:20:04Z,53039,1329900,1329900,1559
2026-08-14T05:20:04Z,53049,10000,10000,149
2026-08-14T05:20:04Z,53050,4000,4000,421
2026-08-14T05:20:04Z,53051,19900,19900,1568
2026-08-14T05:20:04Z,53062,4000,6000,1687
2026-08-14T05:20:04Z,53063,14300,14400,3542
2026-08-14T05:20:04Z,53064,16400,16400,7255
2026-08-14T05:20:04Z,53065,380000,380000,2369
2026-08-14T05:20:04Z,53066,2200,2300,9584
2026-08-14T05:20:04Z,53067,151300,151300,7083
2026-08-14T05:20:04Z,53068,60900,60900,20272
2026-08-14T05:20:04Z,53069,1600,2000,1059
2026-08-14T05:20:04Z,53070,4900,13000,618
2026-08-14T05:20:04Z,53071,5200,5300,1392
2026-08-14T05:20:04Z,53072,9900,9900,17193
2026-08-14T05:20:04Z,53643,89300,89900,7282
2026-08-14T05:20:04Z,54291,750000,750000,17
2026-08-14T05:20:04Z,54442,10000,10000,115
2026-08-14T05:20:04Z,54447,39900,39900,295
2026-08-14T05:20:04Z,54448,946400,946400,103
2026-08-14T05:20:04Z,54449,989800,989800,122
2026-08-14T05:20:04Z,54450,989700,989700,244
2026-08-14T05:20:04Z,54469,49000800,49000800,14
2026-08-14T05:20:04Z,54619,49000100,49000100,20
2026-08-14T05:20:04Z,54620,49000100,49000100,21
2026-08-14T05:20:04Z,54623,1000000,49000000,21
2026-08-14T05:20:04Z,54624,150000,150000,33
2026-08-14T05:20:04Z,54625,10000200,49000200,21
2026-08-14T05:20:04Z,54626,49000200,49000200,20
2026-08-14T05:20:04Z,54627,49000100,49000100,20
2026-08-14T05:20:04Z,54628,49000100,49000100,20
2026-08-14T05:20:04Z,54629,20000,20000,25
2026-08-14T05:20:04Z,54630,30000000,30000000,24
2026-08-14T05:20:04Z,54631,290000200,290000200,1
2026-08-14T05:20:04Z,54632,49000100,49000100,20
2026-08-14T05:20:04Z,54633,49000100,49000100,20
2026-08-14T05:20:04Z,54634,290000100,290000100,1
2026-08-14T05:20:04Z,54746,999100,999100,71
2026-08-14T05:20:04Z,54747,750000,750000,27
2026-08-14T05:20:04Z,54817,49000100,49000100,20
2026-08-14T05:20:04Z,54818,290000100,290000100,1
2026-08-14T05:20:04Z,54819,99990100,99990100,2
2026-08-14T05:20:04Z,54830,44397700,49007700,21
2026-08-14T05:20:04Z,54831,260000,260000,68
2026-08-14T05:20:04Z,54832,25500,25500,25
2026-08-14T05:20:04Z,54833,49000100,49000100,25
2026-08-14T05:20:04Z,54834,49000100,49000100,20
2026-08-14T05:20:04Z,54835,49000000,49000000,20
2026-08-14T05:20:04Z,54836,49000700,49000700,20
2026-08-14T05:20:04Z,54837,49000400,49000400,20
2026-08-14T05:20:04Z,54849,159300,200000,5417
2026-08-14T05:20:04Z,55053,80000,98700,390
2026-08-14T05:20:04Z,55054,39989600,39990000,11
2026-08-14T05:20:04Z,55055,24900,24900,51
2026-08-14T05:20:04Z,55056,3628200,3628600,67
2026-08-14T05:20:04Z,55057,4896200,9904900,28
2026-08-14T05:20:04Z,55973,49000100,49000100,20
2026-08-14T05:20:04Z,55974,4551000,49001000,21
2026-08-14T05:20:04Z,55975,400,400,25
2026-08-14T05:20:04Z,55976,49001100,49001100,20
2026-08-14T05:20:04Z,55978,499900,499900,36
2026-08-14T05:20:04Z,55981,9995000,49005000,22
2026-08-14T05:20:04Z,55982,2000,49002000,22
2026-08-14T05:20:04Z,55983,90800,49000100,22
2026-08-14T05:20:04Z,55984,19300,49009300,21
2026-08-14T05:20:04Z,55985,500,49000500,22
2026-08-14T05:20:04Z,56033,11000,11000,52
2026-08-14T05:20:04Z,56034,45001600,45001600,27
2026-08-14T05:20:04Z,56035,1000000,1000000,26
2026-08-14T05:20:04Z,56036,49001000,49001000,20
2026-08-14T05:20:04Z,56046,9900,9900,44
2026-08-14T05:20:04Z,56047,105000,105000,31
2026-08-14T05:20:04Z,56049,20000,20000,26
2026-08-14T05:20:04Z,56051,49000200,49000200,20
2026-08-14T05:20:04Z,56052,49000500,49000500,20
2026-08-14T05:20:04Z,56053,49000600,49000600,20
2026-08-14T05:20:04Z,56054,49000900,49000900,20
2026-08-14T05:20:04Z,56055,49001300,49001300,20
2026-08-14T05:20:04Z,56056,290005100,290005100,1
2026-08-14T05:20:04Z,56150,19300,19300,51
2026-08-14T05:20:04Z,56151,120000,120000,32
2026-08-14T05:20:04Z,56156,49000100,49000100,26
2026-08-14T05:20:04Z,56158,30000,30000,28
2026-08-14T05:20:04Z,56159,49000900,49000900,20
2026-08-14T05:20:04Z,56160,49001100,49001100,20
2026-08-14T05:20:04Z,56161,290001700,290001700,1
2026-08-14T05:20:04Z,56189,50000100,50000100,3
2026-08-14T05:20:04Z,56190,290003200,290003200,1
2026-08-14T05:20:04Z,56195,49000100,49000100,20
2026-08-14T05:20:04Z,56196,49000000,49000000,34
2026-08-14T05:20:04Z,56197,99900,99900,26
2026-08-14T05:20:04Z,56198,49000200,49000200,21
2026-08-14T05:20:04Z,56200,49000300,49000300,20
2026-08-14T05:20:04Z,56201,48990400,49000400,21
2026-08-14T05:20:04Z,56202,3500400,49000400,23
2026-08-14T05:20:04Z,56203,49000700,49000700,20
2026-08-14T05:20:04Z,56204,11300,11300,37
2026-08-14T05:20:04Z,56205,1200,1200,33
2026-08-14T05:20:04Z,56206,450004600,450004600,1
2026-08-14T05:20:04Z,56234,49000100,49000100,20
2026-08-14T05:20:04Z,56236,49000100,49000100,20
2026-08-14T05:20:04Z,56237,49000100,49000100,20
2026-08-14T05:20:04Z,56238,49000300,49000300,25
2026-08-14T05:20:04Z,56239,490700,49000700,21
2026-08-14T05:20:04Z,56240,5500001600,5500001600,1
2026-08-14T05:20:04Z,56241,290003100,290003100,1
2026-08-14T05:20:04Z,56477,39300,39300,119
2026-08-14T05:20:04Z,56502,880000,880000,67
2026-08-14T05:20:04Z,56503,659200,659200,55
2026-08-14T05:20:04Z,56516,339400,339500,20537
2026-08-14T05:20:04Z,56517,12400,12400,107
2026-08-14T05:20:04Z,56550,8700300,8700700,40
2026-08-14T05:20:04Z,56551,7250000,7250000,23
2026-08-14T05:20:04Z,56850,265000,265000,4979
2026-08-14T05:20:04Z,56968,10000100,10000100,34
2026-08-14T05:20:04Z,57058,10500,11500,27
2026-08-14T05:20:04Z,57059,4903600,4903600,29
2026-08-14T05:20:04Z,57060,1000000,1000000,30
2026-08-14T05:20:04Z,57061,490300,49000300,23
2026-08-14T05:20:04Z,57062,49000000,49000000,26
2026-08-14T05:20:04Z,57063,1001700,1001700,42
2026-08-14T05:20:04Z,57064,49000800,49000800,20
2026-08-14T05:20:04Z,57065,290001000,290001000,1
2026-08-14T05:20:04Z,57066,49000000,49000000,23
2026-08-14T05:20:04Z,57067,290001600,290001600,1
2026-08-14T05:20:04Z,57068,49002300,49002300,20
2026-08-14T05:20:04Z,57069,990003100,990003100,1
2026-08-14T05:20:04Z,57070,290007600,290007600,1
2026-08-14T05:20:04Z,57071,290005100,290005100,1
2026-08-14T05:20:04Z,57099,7500,659800,190
2026-08-14T05:20:04Z,57191,16000,16000,358
2026-08-14T05:20:04Z,57192,9000,9000,128
2026-08-14T05:20:04Z,57193,10000,10000,316
2026-08-14T05:20:04Z,57194,150000,150000,195
2026-08-14T05:20:04Z,58084,5000,5000,1232
2026-08-14T05:20:04Z,58085,31100,51100,214
2026-08-14T05:20:04Z,58086,20000,30000,550
2026-08-14T05:20:04Z,58087,2999900,2999900,163
2026-08-14T05:20:04Z,58088,1000000,1000000,945
2026-08-14T05:20:04Z,58089,129900,129900,114
2026-08-14T05:20:04Z,58090,30000,50000,184
2026-08-14T05:20:04Z,58091,19600,19600,156
2026-08-14T05:20:04Z,58092,10000,30000,151
2026-08-14T05:20:04Z,58093,533500,2750000,201
2026-08-14T05:20:04Z,58094,106600,9989900,104
2026-08-14T05:20:04Z,58142,30000,30000,140
2026-08-14T05:20:04Z,58143,9700,9700,125
2026-08-14T05:20:04Z,58144,86800,86800,189
2026-08-14T05:20:04Z,58145,90000,90000,306
2026-08-14T05:20:04Z,58146,99000,99000,239
2026-08-14T05:20:04Z,58148,150000,9954800,42
2026-08-14T05:20:04Z,58256,900,900,170
2026-08-14T05:20:04Z,58257,800,800,141
2026-08-14T05:20:04Z,58258,94400,94900,186
2026-08-14T05:20:04Z,58259,1900,151900,533
2026-08-14T05:20:04Z,58260,8800,11800,230
2026-08-14T05:20:04Z,58261,99900,99900,299
2026-08-14T05:20:04Z,58262,8600,8600,76
2026-08-14T05:20:04Z,58263,14000,14300,1289
2026-08-14T05:20:04Z,58264,211000,211000,375
2026-08-14T05:20:04Z,58265,103200,103200,242
2026-08-14T05:20:04Z,58266,97900,97900,62
2026-08-14T05:20:04Z,58267,85900,96000,476
2026-08-14T05:20:04Z,58268,1000,1000,106
2026-08-14T05:20:04Z,58269,1000,1000,167
2026-08-14T05:20:04Z,58274,52700,52700,282
2026-08-14T05:20:04Z,58275,9989200,9989300,641
2026-08-14T05:20:04Z,58276,283400,283400,261
2026-08-14T05:20:04Z,58277,603200,603200,159
2026-08-14T05:20:04Z,58278,1791400,3001400,491
2026-08-14T05:20:04Z,58279,1999000,1999000,801
2026-08-14T05:20:04Z,58280,9907800,9907800,258
2026-08-14T05:20:04Z,58480,5350000,5350000,2339
2026-08-14T05:20:04Z,58487,935000,935000,941
2026-08-14T05:20:04Z,58488,1151100,1151100,629
2026-08-14T05:20:04Z,58489,240000,280000,2164
2026-08-14T05:20:04Z,58865,49000000,49000000,23
2026-08-14T05:20:04Z,58866,7396400,7396400,5
2026-08-14T05:20:04Z,58962,290000200,290000200,1
2026-08-14T05:20:04Z,59029,77300,77300,297
2026-08-14T05:20:04Z,59227,998000,998000,481
2026-08-14T05:20:04Z,59228,109900,109900,195
2026-08-14T05:20:04Z,59229,276800,276800,160
2026-08-14T05:20:04Z,59230,99900,112800,50
2026-08-14T05:20:04Z,59231,152100,152100,174
2026-08-14T05:20:04Z,59232,7505900,7505900,301
2026-08-14T05:20:04Z,59477,9898600,9898600,21
2026-08-14T05:20:04Z,59478,3347200,3347300,25
2026-08-14T05:20:04Z,59479,3009600,3009700,25
2026-08-14T05:20:04Z,59480,7995800,7995800,29
2026-08-14T05:20:04Z,59489,4499600,4499600,4
2026-08-14T05:20:04Z,59491,9995000,9995000,21
2026-08-14T05:20:04Z,59493,7989500,9989600,21
2026-08-14T05:20:04Z,59496,7009700,7009700,4
2026-08-14T05:20:04Z,59594,51500,51500,40
2026-08-14T05:20:04Z,59595,55000,59100,65
2026-08-14T05:20:04Z,59596,51300,51300,47
2026-08-14T05:20:04Z,60224,140000,219900,5262
2026-08-14T05:20:04Z,60267,9989900,9989900,21
2026-08-14T05:20:04Z,60268,9890000,9890000,21
2026-08-14T05:20:04Z,60269,9979900,9979900,24
2026-08-14T05:20:04Z,60336,40000,40000,52
2026-08-14T05:20:04Z,60375,9988200,9988200,24
2026-08-14T05:20:04Z,60376,9999800,9999800,20
2026-08-14T05:20:04Z,60377,9989800,9989800,28
2026-08-14T05:20:04Z,60378,59600,59600,298
2026-08-14T05:20:04Z,60379,9890100,9890100,23
2026-08-14T05:20:04Z,60388,3000,3300,32
2026-08-14T05:20:04Z,60389,6200,6200,28
2026-08-14T05:20:04Z,60390,45000000,45000000,25
2026-08-14T05:20:04Z,60391,49007100,49007100,24
2026-08-14T05:20:04Z,60392,8300,8300,33
2026-08-14T05:20:04Z,60393,57200,39727200,27
2026-08-14T05:20:04Z,60394,2000100,2000100,30
2026-08-14T05:20:04Z,60395,95000,49009700,23
2026-08-14T05:20:04Z,60396,325000,325000,6
2026-08-14T05:20:04Z,60397,45000,45000,28
2026-08-14T05:20:04Z,60398,2100,2100,98
2026-08-14T05:20:04Z,60399,4400,4400,45
2026-08-14T05:20:04Z,60405,2400,2400,60
2026-08-14T05:20:04Z,60406,8900,8900,34
2026-08-14T05:20:04Z,60485,2100,2100,130
2026-08-14T05:20:04Z,60486,5000,5000,33
2026-08-14T05:20:04Z,60488,5000000,49000000,23
2026-08-14T05:20:04Z,60489,49006200,49006200,20
2026-08-14T05:20:04Z,60491,789900,49009900,21
2026-08-14T05:20:04Z,60493,49006200,49006200,20
2026-08-14T05:20:04Z,60576,2100,2100,84
2026-08-14T05:20:04Z,60577,4400,4400,29
2026-08-14T05:20:04Z,60578,9003200,9003200,39
2026-08-14T05:20:04Z,60579,49000000,49000000,27
2026-08-14T05:20:04Z,60743,4000000,4500000,38
2026-08-14T05:20:04Z,60838,90000,106000,2021
2026-08-14T05:20:04Z,60853,49000,49000,441
2026-08-14T05:20:04Z,60858,186100,186100,143
2026-08-14T05:20:04Z,61978,107000,107000,26293
2026-08-14T05:20:04Z,61979,43600,43600,5643
2026-08-14T05:20:04Z,61980,39900,39900,3622
2026-08-14T05:20:04Z,61981,108100,121300,18794
2026-08-14T05:20:04Z,61982,52500,52500,161
2026-08-14T05:20:04Z,61983,442200,442200,125
2026-08-14T05:20:04Z,61984,17500,17500,173
2026-08-14T05:20:04Z,61985,19100,19100,184
2026-08-14T05:20:04Z,61986,8000,8000,184
2026-08-14T05:20:04Z,61988,88772900,88772900,77
2026-08-14T05:20:04Z,61989,7993500,7993500,8
2026-08-14T05:20:04Z,61990,63234000,63234000,14
2026-08-14T05:20:04Z,61991,44000000,44000000,10
2026-08-14T05:20:04Z,61992,3332100,4942100,7
2026-08-14T05:20:04Z,61993,49980000,49980000,10
2026-08-14T05:20:04Z,61994,39909000,39909000,10
2026-08-14T05:20:04Z,61995,193963100,193963100,28
2026-08-14T05:20:04Z,61996,199895000,199895000,6
2026-08-14T05:20:04Z,61997,9876500,9876500,11
2026-08-14T05:20:04Z,61998,43000000,43000000,15
2026-08-14T05:20:04Z,61999,49907600,49907600,9
2026-08-14T05:20:04Z,62000,39990300,39990300,10
2026-08-14T05:20:04Z,62001,198999900,198999900,26
2026-08-14T05:20:04Z,62002,197506000,197506000,10
2026-08-14T05:20:04Z,62003,7200000,25000000,14
2026-08-14T05:20:04Z,62004,38970500,38970500,8
2026-08-14T05:20:04Z,62005,17925300,49914000,9
2026-08-14T05:20:04Z,62006,39980000,39980000,13
2026-08-14T05:20:04Z,62007,9526100,39999400,13
2026-08-14T05:20:04Z,62008,30000000,30000000,13
2026-08-14T05:20:04Z,62009,49950400,49950400,6
2026-08-14T05:20:04Z,62010,7134100,39900600,8
2026-08-14T05:20:04Z,62011,39900000,39900000,10
2026-08-14T05:20:04Z,62012,30000000,30000000,12
2026-08-14T05:20:04Z,62013,39629000,39629000,18
2026-08-14T05:20:04Z,62014,4704800,4704800,13
2026-08-14T05:20:04Z,62015,30975700,30975700,11
2026-08-14T05:20:04Z,62016,150000000,150000000,7
2026-08-14T05:20:04Z,62017,16517500,16517500,8
2026-08-14T05:20:04Z,62018,20001100,20001100,5
2026-08-14T05:20:04Z,62019,19977500,39900000,11
2026-08-14T05:20:04Z,62237,448652200,448652200,4
2026-08-14T05:20:04Z,62238,70000,70000,40
2026-08-14T05:20:04Z,62239,289900,290000,216
2026-08-14T05:20:04Z,62251,1250000,1250000,85
2026-08-14T05:20:04Z,62268,5000,5000,31
2026-08-14T05:20:04Z,62269,149600,49006200,23
2026-08-14T05:20:04Z,62270,119900,119900,26
2026-08-14T05:20:04Z,62271,28400,28400,9
2026-08-14T05:20:04Z,62272,9904800,9904800,1
2026-08-14T05:20:04Z,62273,19000,20000,87
2026-08-14T05:20:04Z,62274,50000,50000,151
2026-08-14T05:20:04Z,62275,49003200,49003200,20
2026-08-14T05:20:04Z,62276,45000,49005000,23
2026-08-14T05:20:04Z,62277,40000,40000,7
2026-08-14T05:20:04Z,62278,49005600,49005600,20
2026-08-14T05:20:04Z,62279,47348100,49008600,21
2026-08-14T05:20:04Z,62323,350000,350000,93
2026-08-14T05:20:04Z,62328,200,500,278
2026-08-14T05:20:04Z,62339,1500000100,1500000100,1
2026-08-14T05:20:04Z,62340,4600100,4600100,41
2026-08-14T05:20:04Z,62341,34400,34900,26
2026-08-14T05:20:04Z,62370,1000100,1000100,24
2026-08-14T05:20:04Z,62391,49007500,49007500,27
2026-08-14T05:20:04Z,62413,2200,2200,135
2026-08-14T05:20:04Z,62414,4200,4200,35
2026-08-14T05:20:04Z,62435,49005600,49005600,20
2026-08-14T05:20:04Z,62451,49003100,49003100,20
2026-08-14T05:20:04Z,62452,49007600,49007600,20
2026-08-14T05:20:04Z,62505,10000,10000,48
2026-08-14T05:20:04Z,62512,99900,999900,27
2026-08-14T05:20:04Z,62514,108300,108300,27
2026-08-14T05:20:04Z,62518,2300,2300,44
2026-08-14T05:20:04Z,62519,3800,49003800,26
2026-08-14T05:20:04Z,62520,38000,38000,114
2026-08-14T05:20:04Z,62521,6000000,6000000,36
2026-08-14T05:20:04Z,62522,3100,49003400,23
2026-08-14T05:20:04Z,62523,10000000,10000000,29
2026-08-14T05:20:04Z,62524,49006500,49006500,20
2026-08-14T05:20:04Z,62525,49000100,49000100,20
2026-08-14T05:20:04Z,62526,49009500,49009500,20
2026-08-14T05:20:04Z,62527,3200,49003200,21
2026-08-14T05:20:04Z,62528,290000100,290000100,1
2026-08-14T05:20:04Z,62529,49000000,49000000,20
2026-08-14T05:20:04Z,62530,100000,100000,34
2026-08-14T05:20:04Z,62535,49000800,49000800,20
2026-08-14T05:20:04Z,62649,448000,448000,197
2026-08-14T05:20:04Z,62651,99700,99700,384
2026-08-14T05:20:04Z,62652,249900,249900,1204
2026-08-14T05:20:04Z,62653,29500,29600,839
2026-08-14T05:20:04Z,62654,45800,45800,2918
2026-08-14T05:20:04Z,62655,4908700,4908700,900
2026-08-14T05:20:04Z,62656,11000,11000,88
2026-08-14T05:20:04Z,62657,197900,197900,926
2026-08-14T05:20:04Z,62658,98500,98600,518
2026-08-14T05:20:04Z,62659,180000,180000,95
2026-08-14T05:20:04Z,62660,188900,192700,310
2026-08-14T05:20:04Z,62661,90800,90800,243
2026-08-14T05:20:04Z,62662,330000,470900,185
2026-08-14T05:20:04Z,62663,26200,26200,879
2026-08-14T05:20:04Z,62664,199800,199800,369
2026-08-14T05:20:04Z,62665,20000,230000,124
2026-08-14T05:20:04Z,62666,549900,549900,491
2026-08-14T05:20:04Z,62667,990500,990600,954
2026-08-14T05:20:04Z,62668,68600,68700,365
2026-08-14T05:20:04Z,62669,999300,999300,2820
2026-08-14T05:20:04Z,62670,189100,189100,430
2026-08-14T05:20:04Z,62671,208400,208400,451
2026-08-14T05:20:04Z,62672,8999800,8999900,136
2026-08-14T05:20:04Z,62673,10000,20000,197
2026-08-14T05:20:04Z,62674,499900,499900,158
2026-08-14T05:20:04Z,62675,50000,58400,309
2026-08-14T05:20:04Z,62676,900,900,303
2026-08-14T05:20:04Z,62677,192500,192500,244
2026-08-14T05:20:04Z,62680,150000,150000,2235
2026-08-14T05:20:04Z,62770,49000100,49000100,20
2026-08-14T05:20:04Z,62771,49009900,49009900,25
2026-08-14T05:20:04Z,62772,49001000,49001000,20
2026-08-14T05:20:04Z,62778,6200,6200,662
2026-08-14T05:20:04Z,62779,7400,7400,16333
2026-08-14T05:20:04Z,62780,30000,48600,7414
2026-08-14T05:20:04Z,62781,18300,29200,1138
2026-08-14T05:20:04Z,62782,1800,3800,2272
2026-08-14T05:20:04Z,62783,17100,17200,23189
2026-08-14T05:20:04Z,62784,35000,52300,8136
2026-08-14T05:20:04Z,62785,6600,6900,901
2026-08-14T05:20:04Z,62786,15000,39000,3603
2026-08-14T05:20:04Z,62790,16000,16100,858
2026-08-14T05:20:04Z,62791,4000,4400,1195
2026-08-14T05:20:04Z,63024,49000000,49000000,20
2026-08-14T05:20:04Z,63025,49006500,49006500,20
2026-08-14T05:20:04Z,63122,700,700,563
2026-08-14T05:20:04Z,63127,241800,310000,1973
2026-08-14T05:20:04Z,63128,2599900,2600000,664
2026-08-14T05:20:04Z,63246,6000,6000,20787
2026-08-14T05:20:04Z,63247,49007800,49007900,23
2026-08-14T05:20:04Z,63251,481100,534500,137
2026-08-14T05:20:04Z,63271,449999900,449999900,6
2026-08-14T05:20:04Z,63272,764400,764400,34
2026-08-14T05:20:04Z,63273,100000,100000,38
2026-08-14T05:20:04Z,63275,500000,500000,233
2026-08-14T05:20:04Z,63291,39800,39800,158
2026-08-14T05:20:04Z,63292,9990000,9990000,20
2026-08-14T05:20:04Z,63293,100000,100000,160
2026-08-14T05:20:04Z,63296,19902400,19902400,11
2026-08-14T05:20:04Z,63299,345800,345800,194
2026-08-14T05:20:04Z,63303,8600,8600,98
2026-08-14T05:20:04Z,63304,10000,10000,151
2026-08-14T05:20:04Z,63305,39900,39900,188
2026-08-14T05:20:04Z,63306,9000,9000,74
2026-08-14T05:20:04Z,63307,59300,59300,31
2026-08-14T05:20:04Z,63308,21200,21200,79
2026-08-14T05:20:04Z,63310,1999900,1999900,26
2026-08-14T05:20:04Z,63311,290000100,290000100,1
2026-08-14T05:20:04Z,63312,49000100,49000100,21
2026-08-14T05:20:04Z,63313,49000100,49000100,14
2026-08-14T05:20:04Z,63314,290000100,290000100,2
2026-08-14T05:20:04Z,63316,49000100,49000100,16
2026-08-14T05:20:04Z,63317,1000100,49000100,22
2026-08-14T05:20:04Z,63318,144789300,144789300,2
2026-08-14T05:20:04Z,63321,990000100,990000100,1
2026-08-14T05:20:04Z,63323,290000100,290000100,1
2026-08-14T05:20:04Z,63327,49000100,49000100,20
2026-08-14T05:20:04Z,63337,290000100,290000100,1
2026-08-14T05:20:04Z,63341,290000100,290000100,1
2026-08-14T05:20:04Z,63342,290000100,290000100,1
2026-08-14T05:20:04Z,63343,290000100,290000100,1
2026-08-14T05:20:04Z,63347,950005100,950005100,3
2026-08-14T05:20:04Z,63348,89900,90000,40
2026-08-14T05:20:04Z,63388,45000000,45000000,32
2026-08-14T05:20:04Z,63396,63000,63000,564
2026-08-14T05:20:04Z,63416,1500000200,1500000200,1
2026-08-14T05:20:04Z,63481,1500007600,1500007600,1
2026-08-14T05:20:04Z,63530,10000,10000,368
2026-08-14T05:20:04Z,63539,1500000200,1500000200,1
2026-08-14T05:20:04Z,63691,9890000,9890000,155
2026-08-14T05:20:04Z,63692,9490500,9490500,29
2026-08-14T05:20:04Z,63693,9990200,9990200,76
2026-08-14T05:20:04Z,63694,20000,20000,70
2026-08-14T05:20:04Z,64392,5002700,5002700,405
2026-08-14T05:20:04Z,64394,3999900,9909800,579
2026-08-14T05:20:04Z,64395,5000000,5000000,51
2026-08-14T05:20:04Z,64396,18906900,18906900,50
2026-08-14T05:20:04Z,64397,39980000,43300000,1568
2026-08-14T05:20:04Z,64493,1500000200,1500000200,1
2026-08-14T05:20:04Z,64670,5900,6000,2933
2026-08-14T05:20:04Z,65365,339400,339900,4078
2026-08-14T05:20:04Z,65501,290000800,290000800,1
2026-08-14T05:20:04Z,65502,290000500,290000500,1
2026-08-14T05:20:04Z,65503,290000100,290000100,1
2026-08-14T05:20:04Z,65505,290001000,290001000,2
2026-08-14T05:20:04Z,65506,49001000,49001000,16
2026-08-14T05:20:04Z,65509,49000200,49000200,20
2026-08-14T05:20:04Z,65511,290000800,290000800,1
2026-08-14T05:20:04Z,65512,290001900,290001900,1
2026-08-14T05:20:04Z,65892,45000000,45000000,5
2026-08-14T05:20:04Z,65893,26980000,26980000,86
2026-08-14T05:20:04Z,66944,1500000100,1500000100,1
2026-08-14T05:20:04Z,66945,1500005100,1500005100,1
2026-08-14T05:20:04Z,66946,290007600,290007600,1
2026-08-14T05:20:04Z,66947,290007600,290007600,1
2026-08-14T05:20:04Z,66948,290002600,290002600,1
2026-08-14T05:20:04Z,66949,250002600,250002600,2
2026-08-14T05:20:04Z,66950,1500001100,1500001100,1
2026-08-14T05:20:04Z,67229,62300,62300,342
2026-08-14T05:20:04Z,67230,6700,6700,95
2026-08-14T05:20:04Z,67252,290000200,290000200,1
2026-08-14T05:20:04Z,67257,290000200,290000200,2
2026-08-14T05:20:04Z,67276,49000200,49000200,20
2026-08-14T05:20:04Z,67277,1490000,1490000,829
2026-08-14T05:20:04Z,67280,49000100,49000100,20
2026-08-14T05:20:04Z,67281,49000100,49000100,20
2026-08-14T05:20:04Z,67289,49000200,49000200,19
2026-08-14T05:20:04Z,67304,1500003000,1500003000,1
2026-08-14T05:20:04Z,67305,1500003000,1500003000,1
2026-08-14T05:20:04Z,67306,290003000,290003000,1
2026-08-14T05:20:04Z,67310,49000100,49000100,20
2026-08-14T05:20:04Z,67319,69700,70000,87
2026-08-14T05:20:04Z,67323,49007500,49007500,19
2026-08-14T05:20:04Z,67335,140000,140000,96
2026-08-14T05:20:04Z,67337,49000000,49000000,21
2026-08-14T05:20:04Z,67348,109100,109500,109
2026-08-14T05:20:04Z,67357,49000100,49000100,20
2026-08-14T05:20:04Z,67385,17900,49007900,22
2026-08-14T05:20:04Z,67388,49000100,49000100,20
2026-08-14T05:20:04Z,67397,49002200,49002200,21
2026-08-14T05:20:04Z,67399,410000,49009900,22
2026-08-14T05:20:04Z,67401,55000,49000000,23
2026-08-14T05:20:04Z,67403,11500,49000500,22
2026-08-14T05:20:04Z,67405,39900,49009900,22
2026-08-14T05:20:04Z,67407,370400,370400,24
2026-08-14T05:20:04Z,67415,6100,29900,267
2026-08-14T05:20:04Z,67438,98700,2099400,118
2026-08-14T05:20:04Z,67444,290005100,290005100,1
2026-08-14T05:20:04Z,67482,1500007600,1500007600,1
2026-08-14T05:20:04Z,67483,1500000200,1500000200,1
2026-08-14T05:20:04Z,67484,1500007600,1500007600,1
2026-08-14T05:20:04Z,67485,1500007600,1500007600,1
2026-08-14T05:20:04Z,67486,1500000200,1500000200,1
2026-08-14T05:20:04Z,67487,1500007600,1500007600,1
2026-08-14T05:20:04Z,67506,49002900,49002900,20
2026-08-14T05:20:04Z,67507,49002500,49002500,20
2026-08-14T05:20:04Z,67509,5000,49005000,23
2026-08-14T05:20:04Z,67510,2700,2700,51
2026-08-14T05:20:04Z,67511,7600,7600,32
2026-08-14T05:20:04Z,67749,120000,142700,2354
2026-08-14T05:20:04Z,68039,1500000200,1500000200,1
2026-08-14T05:20:04Z,68047,50000,180000,71
2026-08-14T05:20:04Z,68049,31500,31500,287
2026-08-14T05:20:04Z,68055,12000000,12000000,6
2026-08-14T05:20:04Z,68134,851300,851300,48
2026-08-14T05:20:04Z,68140,1009900,1009900,117
2026-08-14T05:20:04Z,68196,1500000100,1500000100,1
2026-08-14T05:20:04Z,68197,2400,2400,3
2026-08-14T05:20:04Z,68198,1600,1600,53
2026-08-14T05:20:04Z,68356,9922900,9922900,26
2026-08-14T05:20:04Z,68357,9988000,9988000,28
2026-08-14T05:20:04Z,68358,1509800,1509800,33
2026-08-14T05:20:04Z,68660,3500000,3500000,15
2026-08-14T05:20:04Z,68687,3407900,3407900,109
2026-08-14T05:20:04Z,68731,49000100,49000100,20
2026-08-14T05:20:04Z,68732,49000200,49000200,20
2026-08-14T05:20:04Z,68741,9989500,9989500,27
2026-08-14T05:20:04Z,68771,5500005100,5500005100,1
2026-08-14T05:20:04Z,68778,1250000,2219700,29
2026-08-14T05:20:04Z,68779,1200000,1300000,71
2026-08-14T05:20:04Z,68780,1200000,1280000,46
2026-08-14T05:20:04Z,68784,4154800,4154800,25
2026-08-14T05:20:04Z,68785,2602400,2602400,35
2026-08-14T05:20:04Z,68786,5903100,5903100,33
2026-08-14T05:20:04Z,68793,250007600,250007600,2
2026-08-14T05:20:04Z,69237,2000,2100,1113
2026-08-14T05:20:04Z,69243,9505900,9805900,23
2026-08-14T05:20:04Z,69244,349900,350000,65
2026-08-14T05:20:04Z,69773,1500007600,1500007600,1
2026-08-14T05:20:04Z,69839,273763200,273763200,2
2026-08-14T05:20:04Z,69840,290001300,290001300,1
2026-08-14T05:20:04Z,69841,289850200,289850200,9
2026-08-14T05:20:04Z,69863,155700,155700,2
2026-08-14T05:20:04Z,69864,14999800,14999800,4
2026-08-14T05:20:04Z,69865,11000000,11000000,9
2026-08-14T05:20:04Z,69920,9969800,9969800,76
2026-08-14T05:20:04Z,69955,290000100,290000100,1
2026-08-14T05:20:04Z,70139,49007400,49007500,9
2026-08-14T05:20:04Z,71155,1500007600,1500007600,1
2026-08-14T05:20:04Z,71375,49000200,49000200,20
2026-08-14T05:20:04Z,71376,290005100,290005100,1
2026-08-14T05:20:04Z,71720,4519800,4520200,46
2026-08-14T05:20:04Z,71805,1300000,10008600,1942
2026-08-14T05:20:04Z,71806,2500000,2980000,161
2026-08-14T05:20:04Z,71807,1990000,2950000,108
2026-08-14T05:20:04Z,71808,12999900,12999900,34
2026-08-14T05:20:04Z,71809,1500000,1500000,151
2026-08-14T05:20:04Z,71810,15999700,15999700,30
2026-08-14T05:20:04Z,71817,9187000,9187000,41
2026-08-14T05:20:04Z,71818,6456500,6456500,39
2026-08-14T05:20:04Z,71819,7424000,7424000,42
2026-08-14T05:20:04Z,71820,3824000,3824000,41
2026-08-14T05:20:04Z,71822,19991500,19991500,28
2026-08-14T05:20:04Z,71823,19993400,19993400,36
2026-08-14T05:20:04Z,71824,19931000,19931000,31
2026-08-14T05:20:04Z,71825,19941800,19941800,27
2026-08-14T05:20:04Z,71826,19995500,19995500,9
2026-08-14T05:20:04Z,71827,49908200,49908200,25
2026-08-14T05:20:04Z,71828,14401900,19989300,32
2026-08-14T05:20:04Z,71829,19969000,19969000,31
2026-08-14T05:20:04Z,71830,19984300,19984300,32
2026-08-14T05:20:04Z,71831,43657500,43657500,18
2026-08-14T05:20:04Z,71832,39989000,39989000,27
2026-08-14T05:20:04Z,71833,39899500,39899500,22
2026-08-14T05:20:04Z,71834,19903400,19903400,32
2026-08-14T05:20:04Z,71835,19988100,19988100,34
2026-08-14T05:20:04Z,71836,19900900,19900900,34
2026-08-14T05:20:04Z,71837,19984400,19984400,31
2026-08-14T05:20:04Z,71838,19899900,19899900,35
2026-08-14T05:20:04Z,71839,19980900,19980900,31
2026-08-14T05:20:04Z,71840,19984700,19984700,30
2026-08-14T05:20:04Z,71841,17483700,17483700,30
2026-08-14T05:20:04Z,71842,19897700,19897700,31
2026-08-14T05:20:04Z,71843,16992600,16992600,32
2026-08-14T05:20:04Z,71844,24997900,24997900,33
2026-08-14T05:20:04Z,71845,25003300,25003300,30
2026-08-14T05:20:04Z,71846,24998300,24998300,30
2026-08-14T05:20:04Z,71847,25002400,25002400,31
2026-08-14T05:20:04Z,71848,17480500,17480500,51
2026-08-14T05:20:04Z,71849,25005300,25005300,36
2026-08-14T05:20:04Z,71850,24977500,24977500,50
2026-08-14T05:20:04Z,71851,25001500,25001500,51
2026-08-14T05:20:04Z,71852,19989800,19989800,49
2026-08-14T05:20:04Z,71853,19991200,19991200,41
2026-08-14T05:20:04Z,71854,19995200,19995200,57
2026-08-14T05:20:04Z,71855,24998200,24998200,33
2026-08-14T05:20:04Z,71856,19995300,19995300,87
2026-08-14T05:20:04Z,71857,25001200,25001200,31
2026-08-14T05:20:04Z,71858,25005500,25005500,31
2026-08-14T05:20:04Z,71859,19994300,19994300,31
2026-08-14T05:20:04Z,71860,25005200,25005200,31
2026-08-14T05:20:04Z,71861,25002000,25002000,31
2026-08-14T05:20:04Z,71862,11120000,11120000,33
2026-08-14T05:20:04Z,71863,9992900,9992900,34
2026-08-14T05:20:04Z,71864,8801000,8801000,48
2026-08-14T05:20:04Z,71865,6999400,6999400,36
2026-08-14T05:20:04Z,71866,9949600,9949600,44
2026-08-14T05:20:04Z,71867,9988200,9988200,66
2026-08-14T05:20:04Z,71868,9989300,9989300,38
2026-08-14T05:20:04Z,71869,7505600,7505600,51
2026-08-14T05:20:04Z,71870,10588900,10588900,35
2026-08-14T05:20:04Z,71871,9988400,9988400,52
2026-08-14T05:20:04Z,71872,9989600,9989600,31
2026-08-14T05:20:04Z,71873,8769400,8769400,38
2026-08-14T05:20:04Z,71874,11236000,11236000,33
2026-08-14T05:20:04Z,71875,15024100,15024100,39
2026-08-14T05:20:04Z,71876,11237500,11237500,29
2026-08-14T05:20:04Z,71877,9972100,9972100,42
2026-08-14T05:20:04Z,71878,11626200,11626200,39
2026-08-14T05:20:04Z,71879,3782800,3782800,82
2026-08-14T05:20:04Z,71880,9923000,9923000,36
2026-08-14T05:20:04Z,71881,2001000,2001000,75
2026-08-14T05:20:04Z,71882,9969300,9969300,37
2026-08-14T05:20:04Z,71883,9988500,9988500,50
2026-08-14T05:20:04Z,71998,2000,4300,4235
2026-08-14T05:20:04Z,72092,42500,42900,769500
2026-08-14T05:20:04Z,72093,8100,16000,57481
2026-08-14T05:20:04Z,72094,173800,175200,36827
2026-08-14T05:20:04Z,72095,773500,773500,28122
2026-08-14T05:20:04Z,72096,94000,94000,47507
2026-08-14T05:20:04Z,72103,164800,164800,22368
2026-08-14T05:20:04Z,72104,4360000,4377500,6814
2026-08-14T05:20:04Z,72120,8800,10900,50051
2026-08-14T05:20:04Z,72162,7600,10600,9711
2026-08-14T05:20:04Z,72163,597200,597600,969
2026-08-14T05:20:04Z,72234,7700,28800,9665
2026-08-14T05:20:04Z,72235,7700,10500,7036
2026-08-14T05:20:04Z,72237,20100,29700,2663
2026-08-14T05:20:04Z,72238,59000,69500,18450
2026-08-14T05:20:04Z,72985,20000,20000,636
2026-08-14T05:20:04Z,72986,2100,2100,888
2026-08-14T05:20:04Z,72988,2500,2500,56994
2026-08-14T05:20:04Z,73260,1500,1500,96
2026-08-14T05:20:04Z,74247,7500,24700,2589
2026-08-14T05:20:04Z,74248,72200,109700,19361
2026-08-14T05:20:04Z,74249,1500,2200,143901
2026-08-14T05:20:04Z,74250,8000,8000,221377
2026-08-14T05:20:04Z,74252,5200,5700,1763
2026-08-14T05:20:04Z,74622,5500005100,5500005100,1
2026-08-14T05:20:04Z,74636,90000,99900,152
2026-08-14T05:20:04Z,74641,59300,59300,1530
2026-08-14T05:20:04Z,74642,95100,95300,1201
2026-08-14T05:20:04Z,74643,277500,277500,1416
2026-08-14T05:20:04Z,74644,208400,208400,1339
2026-08-14T05:20:04Z,74645,372500,372600,523
2026-08-14T05:20:04Z,74646,49700,49700,1141
2026-08-14T05:20:04Z,74647,198600,198700,777
2026-08-14T05:20:04Z,74648,55400,55400,195
2026-08-14T05:20:04Z,74649,195900,195900,1982
2026-08-14T05:20:04Z,74650,49900,52700,326
2026-08-14T05:20:04Z,74651,188600,188700,1130
2026-08-14T05:20:04Z,74652,799000,799100,495
2026-08-14T05:20:04Z,74653,22000,22000,199
2026-08-14T05:20:04Z,74654,248600,258600,584
2026-08-14T05:20:04Z,74655,384200,384200,603
2026-08-14T05:20:04Z,74656,6600,6600,460
2026-08-14T05:20:04Z,74659,17300,17400,484
2026-08-14T05:20:04Z,74660,63000,63000,1620
2026-08-14T05:20:04Z,74661,1020600,1020700,2264
2026-08-14T05:20:04Z,74662,949900,949900,1391
2026-08-14T05:20:04Z,74700,10000,10000,94
2026-08-14T05:20:04Z,74701,15000,99000,48
2026-08-14T05:20:04Z,74703,678500,1999900,48
2026-08-14T05:20:04Z,74704,999500,999500,73
2026-08-14T05:20:04Z,74705,903100,903100,115
2026-08-14T05:20:04Z,74706,9800,9800,143
2026-08-14T05:20:04Z,74707,1800,1800,150
2026-08-14T05:20:04Z,74708,45700,45700,375
2026-08-14T05:20:04Z,74709,45600,45600,64
2026-08-14T05:20:04Z,74710,2500,2500,128
2026-08-14T05:20:04Z,74711,11900,12000,53
2026-08-14T05:20:04Z,74712,49500,49900,92
2026-08-14T05:20:04Z,74713,5000,5000,95
2026-08-14T05:20:04Z,74715,15400,49900,260
2026-08-14T05:20:04Z,74716,7900,7900,106
2026-08-14T05:20:04Z,74717,42500,42500,293
2026-08-14T05:20:04Z,74718,49900,49900,241
2026-08-14T05:20:04Z,74719,49900,49900,229
2026-08-14T05:20:04Z,74720,32400,150700,44
2026-08-14T05:20:04Z,74721,49900,49900,229
2026-08-14T05:20:04Z,74722,33200,49900,242
2026-08-14T05:20:04Z,74723,34400,34400,56
2026-08-14T05:20:04Z,74724,400000,400000,322
2026-08-14T05:20:04Z,74725,205200,205200,414
2026-08-14T05:20:04Z,74726,1358600,1358600,39
2026-08-14T05:20:04Z,74727,90000,90000,61
2026-08-14T05:20:04Z,74728,459500,459500,51
2026-08-14T05:20:04Z,74729,45300,49900,197
2026-08-14T05:20:04Z,74822,700,700,236
2026-08-14T05:20:04Z,74832,15000,15000,1376
2026-08-14T05:20:04Z,74833,66600,159600,35970
2026-08-14T05:20:04Z,74834,37700,70400,1103
2026-08-14T05:20:04Z,74837,62900,99800,46123
2026-08-14T05:20:04Z,74838,72300,73800,1749
2026-08-14T05:20:04Z,74839,88100,160000,13815
2026-08-14T05:20:04Z,74840,59900,89900,5313
2026-08-14T05:20:04Z,74841,11600,11700,63280
2026-08-14T05:20:04Z,74842,50000,80000,2576
2026-08-14T05:20:04Z,74843,281000,281000,2901
2026-08-14T05:20:04Z,74844,12400,16400,78228
2026-08-14T05:20:04Z,74845,48600,48600,972
2026-08-14T05:20:04Z,74846,70000,70000,2931
2026-08-14T05:20:04Z,74847,74400,80000,2059
2026-08-14T05:20:04Z,74848,31000,36600,28161
2026-08-14T05:20:04Z,74849,49400,49400,22827
2026-08-14T05:20:04Z,74850,97800,100000,4405
2026-08-14T05:20:04Z,74851,17000,27000,382
2026-08-14T05:20:04Z,74852,19000,19000,4173
2026-08-14T05:20:04Z,74853,1547500,1547500,2376
2026-08-14T05:20:04Z,74854,890000,890000,350
2026-08-14T05:20:04Z,74856,120600,120700,6780
2026-08-14T05:20:04Z,74857,104800,114900,3241
2026-08-14T05:20:04Z,74859,64900,68800,8228
2026-08-14T05:20:04Z,74860,69900,69900,14479
2026-08-14T05:20:04Z,74861,55900,56000,5437
2026-08-14T05:20:04Z,74863,80000,80000,1515
2026-08-14T05:20:04Z,74864,49900,49900,1043
2026-08-14T05:20:04Z,74865,159600,159800,8870
2026-08-14T05:20:04Z,74866,17000,17100,18593
2026-08-14T05:20:04Z,74919,21800,21800,140
2026-08-14T05:20:04Z,74921,20000,9990000,49
2026-08-14T05:20:04Z,75014,248400,308300,8190
2026-08-14T05:20:04Z,75016,1700,1700,551
2026-08-14T05:20:04Z,75026,890000,890000,642
2026-08-14T05:20:04Z,75037,139800,139800,1475
2026-08-14T05:20:04Z,75038,202000,212200,3049
2026-08-14T05:20:04Z,76061,1150000,1200000,39112
2026-08-14T05:20:04Z,76075,8000,8000,179
2026-08-14T05:20:04Z,76076,10000,10000,105
2026-08-14T05:20:04Z,76077,89800,89900,313
2026-08-14T05:20:04Z,76078,18700,18700,348
2026-08-14T05:20:04Z,76079,20000,37800,126
2026-08-14T05:20:04Z,76080,20000,25000,134
2026-08-14T05:20:04Z,76081,15000,15000,173
2026-08-14T05:20:04Z,76083,89400,89900,114
2026-08-14T05:20:04Z,76084,198900,198900,89
2026-08-14T05:20:04Z,76085,130500,130500,284
2026-08-14T05:20:04Z,76086,20000,20000,117
2026-08-14T05:20:04Z,76087,24500,213300,136
2026-08-14T05:20:04Z,76088,70000,70000,151
2026-08-14T05:20:04Z,76089,49900,49900,262
2026-08-14T05:20:04Z,76090,14800,14800,103
2026-08-14T05:20:04Z,76092,5700,5700,130
2026-08-14T05:20:04Z,76093,300000,354400,197
2026-08-14T05:20:04Z,76094,5000,5000,489
2026-08-14T05:20:04Z,76095,4500,4500,137
2026-08-14T05:20:04Z,76096,199500,199600,1407
2026-08-14T05:20:04Z,76097,9000,9000,240
2026-08-14T05:20:04Z,76098,30000,48500,1215
2026-08-14T05:20:04Z,76130,10000,10100,658
2026-08-14T05:20:04Z,76131,174400,174400,3745
2026-08-14T05:20:04Z,76132,500000,500000,911
2026-08-14T05:20:04Z,76133,33200,33300,395
2026-08-14T05:20:04Z,76134,13300,13300,812
2026-08-14T05:20:04Z,76135,10000,10000,337
2026-08-14T05:20:04Z,76136,18500,30200,51
2026-08-14T05:20:04Z,76137,26600,26600,726
2026-08-14T05:20:04Z,76138,128200,136000,928
2026-08-14T05:20:04Z,76139,181900,183300,1850
2026-08-14T05:20:04Z,76140,49800,50000,680
2026-08-14T05:20:04Z,76141,42900,48500,1458
2026-08-14T05:20:04Z,76142,84500,84700,622
2026-08-14T05:20:04Z,76502,40000,45000,137
2026-08-14T05:20:04Z,76504,68100,68100,47
2026-08-14T05:20:04Z,76505,2990000,9990000,47
2026-08-14T05:20:04Z,76506,69300,70000,61
2026-08-14T05:20:04Z,76507,43800,43800,54
2026-08-14T05:20:04Z,76508,50100,50100,37
2026-08-14T05:20:04Z,76509,14500,14500,149
2026-08-14T05:20:04Z,76510,28800,28800,50
2026-08-14T05:20:04Z,76511,58400,58900,69
2026-08-14T05:20:04Z,76512,78400,78400,32
2026-08-14T05:20:04Z,76513,1139600,1139600,80
2026-08-14T05:20:04Z,76514,50100,50100,280
2026-08-14T05:20:04Z,76515,71500,71500,69
2026-08-14T05:20:04Z,76517,75500,75600,62
2026-08-14T05:20:04Z,76518,75600,75600,144
2026-08-14T05:20:04Z,76519,75600,75600,59
2026-08-14T05:20:04Z,76520,300000,2939600,54
2026-08-14T05:20:04Z,76521,54300,54300,45
2026-08-14T05:20:04Z,76522,637100,637100,112
2026-08-14T05:20:04Z,76523,197980200,197980200,31
2026-08-14T05:20:04Z,76524,26900,27000,36
2026-08-14T05:20:04Z,76525,50000,50000,45
2026-08-14T05:20:04Z,76526,20000,20000,45
2026-08-14T05:20:04Z,76527,20300,20300,50
2026-08-14T05:20:04Z,76528,18000,18000,45
2026-08-14T05:20:04Z,76529,20000,20300,50
2026-08-14T05:20:04Z,76530,20500,20500,68
2026-08-14T05:20:04Z,76531,20500,20500,45
2026-08-14T05:20:04Z,76532,95700,95700,58
2026-08-14T05:20:04Z,76533,20300,20300,65
2026-08-14T05:20:04Z,76534,21600,21600,116
2026-08-14T05:20:04Z,76535,27600,27600,47
2026-08-14T05:20:04Z,76536,20500,20500,60
2026-08-14T05:20:04Z,76537,76900,76900,45
2026-08-14T05:20:04Z,76538,20300,20300,67
2026-08-14T05:20:04Z,76539,21700,21700,46
2026-08-14T05:20:04Z,76540,13900,13900,62
2026-08-14T05:20:04Z,76541,20500,20500,46
2026-08-14T05:20:04Z,76542,20500,20500,55
2026-08-14T05:20:04Z,76543,20500,20500,43
2026-08-14T05:20:04Z,76544,19900,20300,51
2026-08-14T05:20:04Z,76545,20500,20500,63
2026-08-14T05:20:04Z,76546,20500,20500,49
2026-08-14T05:20:04Z,76547,20500,20500,50
2026-08-14T05:20:04Z,76548,16000,19000,47
2026-08-14T05:20:04Z,76549,9801000,9801000,58
2026-08-14T05:20:04Z,76550,20000,20000,55
2026-08-14T05:20:04Z,76551,19000,19000,55
2026-08-14T05:20:04Z,76552,93500,93500,59
2026-08-14T05:20:04Z,76553,11800,11800,1123
2026-08-14T05:20:04Z,76554,17100,19000,50
2026-08-14T05:20:04Z,76555,82600,82600,110
2026-08-14T05:20:04Z,76556,300000,9908100,36
2026-08-14T05:20:04Z,76557,2989700,2989700,71
2026-08-14T05:20:04Z,76558,17100,17100,65
2026-08-14T05:20:04Z,76559,30000,30000,30
2026-08-14T05:20:04Z,76560,2500000,2595800,43
2026-08-14T05:20:04Z,76561,19500,40000,75
2026-08-14T05:20:04Z,76562,99900,99900,35
2026-08-14T05:20:04Z,76563,15000,15000,41
2026-08-14T05:20:04Z,76564,99900,99900,50
2026-08-14T05:20:04Z,76565,20000,20900,44
2026-08-14T05:20:04Z,76566,27200,27200,49
2026-08-14T05:20:04Z,76567,24400,27200,49
2026-08-14T05:20:04Z,76568,35400,35700,47
2026-08-14T05:20:04Z,76569,24400,27200,42
2026-08-14T05:20:04Z,76570,300000,300000,36
2026-08-14T05:20:04Z,76571,9979800,9979900,22
2026-08-14T05:20:04Z,76572,1990000,1990000,25
2026-08-14T05:20:04Z,76573,633500,700700,25
2026-08-14T05:20:04Z,76574,2880000,2880000,28
2026-08-14T05:20:04Z,76575,4990000,4990000,13
2026-08-14T05:20:04Z,76576,2990000,2990000,26
2026-08-14T05:20:04Z,76577,9991900,9991900,21
2026-08-14T05:20:04Z,76578,9991000,9991000,25
2026-08-14T05:20:04Z,76579,9990000,9990000,22
2026-08-14T05:20:04Z,76580,9996000,9996000,22
2026-08-14T05:20:04Z,76581,1980300,1980300,26
2026-08-14T05:20:04Z,76582,17879700,17879700,13
2026-08-14T05:20:04Z,76583,9992300,9992300,21
2026-08-14T05:20:04Z,76584,7336100,7336100,26
2026-08-14T05:20:04Z,76585,4990000,4990000,26
2026-08-14T05:20:04Z,76586,888000,9998600,23
2026-08-14T05:20:04Z,76587,6911600,6911600,12
2026-08-14T05:20:04Z,76588,6405600,6470300,20
2026-08-14T05:20:04Z,76589,199990000,199990000,2
2026-08-14T05:20:04Z,76590,19899700,19899700,12
2026-08-14T05:20:04Z,76591,9996800,9996800,29
2026-08-14T05:20:04Z,76592,4000000,9990000,24
2026-08-14T05:20:04Z,76593,9992000,9992000,20
2026-08-14T05:20:04Z,76594,9900000,9900000,22
2026-08-14T05:20:04Z,76595,3511400,9997500,22
2026-08-14T05:20:04Z,76596,7014900,7014900,13
2026-08-14T05:20:04Z,76597,1841500,1841500,15
2026-08-14T05:20:04Z,76598,1500000,9990000,22
2026-08-14T05:20:04Z,76599,640000,769800,29
2026-08-14T05:20:04Z,76600,2100400,2100400,35
2026-08-14T05:20:04Z,76601,19998300,19998300,10
2026-08-14T05:20:04Z,76602,9991900,9991900,26
2026-08-14T05:20:04Z,76603,970300,9999700,21
2026-08-14T05:20:04Z,76604,2207200,9996500,23
2026-08-14T05:20:04Z,76605,9990000,9990000,20
2026-08-14T05:20:04Z,76606,1046400,1046400,30
2026-08-14T05:20:04Z,76607,9998500,9998500,21
2026-08-14T05:20:04Z,76608,19991500,19991500,11
2026-08-14T05:20:04Z,76609,19969800,19969800,10
2026-08-14T05:20:04Z,76610,1115000,2450500,13
2026-08-14T05:20:04Z,76611,19199700,19199700,13
2026-08-14T05:20:04Z,76612,19959500,19959500,11
2026-08-14T05:20:04Z,76613,19790000,19790000,13
2026-08-14T05:20:04Z,76614,3000000,9990000,24
2026-08-14T05:20:04Z,76615,2880000,9895300,24
2026-08-14T05:20:04Z,76616,8527700,8527700,68
2026-08-14T05:20:04Z,76617,19868300,19868300,16
2026-08-14T05:20:04Z,76618,1037900,9999700,24
2026-08-14T05:20:04Z,76619,2794500,9999900,22
2026-08-14T05:20:04Z,76620,9993500,9993500,25
2026-08-14T05:20:04Z,76621,792000,792000,25
2026-08-14T05:20:04Z,76622,9729000,9729000,12
2026-08-14T05:20:04Z,76623,9989400,9989400,20
2026-08-14T05:20:04Z,76624,980000,980000,29
2026-08-14T05:20:04Z,76625,9996200,9996200,22
2026-08-14T05:20:04Z,76626,4900000,9801000,24
2026-08-14T05:20:04Z,76627,2250000,2250000,31
2026-08-14T05:20:04Z,76628,1961400,1961400,27
2026-08-14T05:20:04Z,76629,4588300,4588300,26
2026-08-14T05:20:04Z,76630,1200000,1200000,22
2026-08-14T05:20:04Z,76631,1250000,9989900,24
2026-08-14T05:20:04Z,76632,9991300,9991300,22
2026-08-14T05:20:04Z,76633,2160000,2160000,47
2026-08-14T05:20:04Z,76634,2461000,9996800,24
2026-08-14T05:20:04Z,76635,9900000,9900000,21
2026-08-14T05:20:04Z,76636,200000,218900,53
2026-08-14T05:20:04Z,76637,9008000,9008000,35
2026-08-14T05:20:04Z,76638,20000,33300,67
2026-08-14T05:20:04Z,76639,200000,200000,123
2026-08-14T05:20:04Z,76640,100800,280000,35
2026-08-14T05:20:04Z,76641,900000,990000,87
2026-08-14T05:20:04Z,76642,99500,99500,57
2026-08-14T05:20:04Z,76643,143400,157400,67
2026-08-14T05:20:04Z,76644,150000,157400,85
2026-08-14T05:20:04Z,76645,50000,151100,64
2026-08-14T05:20:04Z,76646,153000,303000,45
2026-08-14T05:20:04Z,76647,157400,157400,50
2026-08-14T05:20:04Z,76648,32300,157400,70
2026-08-14T05:20:04Z,76649,950000,1000000,78
2026-08-14T05:20:04Z,76650,62000,151100,36
2026-08-14T05:20:04Z,76651,30000,40000,51
2026-08-14T05:20:04Z,76652,220000,220000,35
2026-08-14T05:20:04Z,76653,99000,157400,145
2026-08-14T05:20:04Z,76654,140000,157400,65
2026-08-14T05:20:04Z,76655,15836000,15836000,15
2026-08-14T05:20:04Z,76656,40000,157400,52
2026-08-14T05:20:04Z,76657,359900,359900,69
2026-08-14T05:20:04Z,76658,70000,83200,45
2026-08-14T05:20:04Z,76659,181400,181400,57
2026-08-14T05:20:04Z,76660,100000,109000,40
2026-08-14T05:20:04Z,76661,400000,407000,75
2026-08-14T05:20:04Z,76662,181500,181500,69
2026-08-14T05:20:04Z,76663,429900,429900,96
2026-08-14T05:20:04Z,76664,20000,87500,72
2026-08-14T05:20:04Z,76665,80200,80300,67
2026-08-14T05:20:04Z,76666,107700,107700,75
2026-08-14T05:20:04Z,76667,60400,87500,63
2026-08-14T05:20:04Z,76668,53300,87500,81
2026-08-14T05:20:04Z,76669,2763500,2763500,56
2026-08-14T05:20:04Z,76670,81200,81200,47
2026-08-14T05:20:04Z,76671,182500,182500,69
2026-08-14T05:20:04Z,76672,89500,89500,81
2026-08-14T05:20:04Z,76673,149900,149900,40
2026-08-14T05:20:04Z,76674,50000,87500,74
2026-08-14T05:20:04Z,76675,99900,2253300,80
2026-08-14T05:20:04Z,76676,19600,87500,107
2026-08-14T05:20:04Z,76677,2051000,2051000,80
2026-08-14T05:20:04Z,76678,59500,89500,70
2026-08-14T05:20:04Z,76679,70000,87500,49
2026-08-14T05:20:04Z,76680,104500,164500,52
2026-08-14T05:20:04Z,76681,70000,78000,51
2026-08-14T05:20:04Z,76682,158100,158100,105
2026-08-14T05:20:04Z,76683,299500,299500,91
2026-08-14T05:20:04Z,76684,100000,100000,55
2026-08-14T05:20:04Z,76685,87000,87000,47
2026-08-14T05:20:04Z,76686,63000,71700,55
2026-08-14T05:20:04Z,76687,74400,74400,102
2026-08-14T05:20:04Z,76688,15000,78000,59
2026-08-14T05:20:04Z,76689,28800,78000,79
2026-08-14T05:20:04Z,76690,78000,78000,77
2026-08-14T05:20:04Z,76691,50000,78000,37
2026-08-14T05:20:04Z,76692,127800,142000,67
2026-08-14T05:20:04Z,76693,199900,199900,58
2026-08-14T05:20:04Z,76694,200000,200000,43
2026-08-14T05:20:04Z,76695,30000,30000,47
2026-08-14T05:20:04Z,76696,149700,149700,49
2026-08-14T05:20:04Z,76697,60000,89900,60
2026-08-14T05:20:04Z,76698,60000,70000,82
2026-08-14T05:20:04Z,76699,50000,55000,57
2026-08-14T05:20:04Z,76700,108500,108500,79
2026-08-14T05:20:04Z,76701,16500,16500,71
2026-08-14T05:20:04Z,76728,49000100,49000100,20
2026-08-14T05:20:04Z,76734,86500,86500,358
2026-08-14T05:20:04Z,76879,9374800,9374800,96
2026-08-14T05:20:04Z,76884,9964500,9964500,30
2026-08-14T05:20:04Z,76885,3749900,4000000,30
2026-08-14T05:20:04Z,76886,39990300,39990300,6
2026-08-14T05:20:04Z,76887,9993300,9993300,42
2026-08-14T05:20:04Z,76888,3125000,3125000,34
2026-08-14T05:20:04Z,76890,1490000,1590000,25
2026-08-14T05:20:04Z,76891,9997400,9997400,23
2026-08-14T05:20:04Z,76892,722800,722800,55
2026-08-14T05:20:04Z,76893,9375000,9375000,41
2026-08-14T05:20:04Z,76894,8000000,8881500,28
2026-08-14T05:20:04Z,76895,700000,750000,39
2026-08-14T05:20:04Z,76896,3000000,4000000,28
2026-08-14T05:20:04Z,76897,4896900,4896900,35
2026-08-14T05:20:04Z,77101,100000,100000,8877
2026-08-14T05:20:04Z,77264,9990000,9990000,26
2026-08-14T05:20:04Z,77272,9803100,9803100,46
2026-08-14T05:20:04Z,77273,39999100,39999100,9
2026-08-14T05:20:04Z,77467,167400,167500,10965
2026-08-14T05:20:04Z,77468,70000,72500,3099
2026-08-14T05:20:04Z,77529,1506800,1506800,29
2026-08-14T05:20:04Z,77531,400000,400000,72
2026-08-14T05:20:04Z,77532,30000,30000,152
2026-08-14T05:20:04Z,77540,350000,350000,65
2026-08-14T05:20:04Z,77541,828900,829000,36
2026-08-14T05:20:04Z,77542,500100,500200,31
2026-08-14T05:20:04Z,77543,509000,509500,65
2026-08-14T05:20:04Z,77544,499100,499400,51
2026-08-14T05:20:04Z,77545,807100,807200,54
2026-08-14T05:20:04Z,77546,788100,788500,57
2026-08-14T05:20:04Z,77547,302700,303100,43
2026-08-14T05:20:04Z,77589,3300,3300,287
2026-08-14T05:20:04Z,78883,1000000,1236600,2018
2026-08-14T05:20:04Z,79010,13300,23100,8315
2026-08-14T05:20:04Z,79011,9800,12100,7458
2026-08-14T05:20:04Z,79101,60700,120800,4722
2026-08-14T05:20:04Z,79102,90000,90000,40
2026-08-14T05:20:04Z,79238,199008300,199008300,1
2026-08-14T05:20:04Z,79249,1352200,1352200,56
2026-08-14T05:20:04Z,79251,4600,4800,4370
2026-08-14T05:20:04Z,79253,136000,136000,1374
2026-08-14T05:20:04Z,79254,9800,9800,5538
2026-08-14T05:20:04Z,79255,270400,270400,3252
2026-08-14T05:20:04Z,79257,48000500,48000500,45
2026-08-14T05:20:04Z,79283,10990000,10990000,9
2026-08-14T05:20:04Z,79284,4800000,4800000,13
2026-08-14T05:20:04Z,79285,7502800,10004000,14
2026-08-14T05:20:04Z,79286,9910100,9910100,97
2026-08-14T05:20:04Z,79287,10005100,10005100,12
2026-08-14T05:20:04Z,79288,40004000,40004000,5
2026-08-14T05:20:04Z,79289,9009800,9009800,21
2026-08-14T05:20:04Z,79290,7004600,7004600,20
2026-08-14T05:20:04Z,79291,28514300,28514300,5
2026-08-14T05:20:04Z,79292,5293100,5293100,10
2026-08-14T05:20:04Z,79293,40004000,40004000,3
2026-08-14T05:20:04Z,79294,5999900,5999900,7
2026-08-14T05:20:04Z,79295,23794200,23794200,11
2026-08-14T05:20:04Z,79296,12003200,12003200,10
2026-08-14T05:20:04Z,79297,38000000,38000000,6
2026-08-14T05:20:04Z,79298,5830100,5830100,11
2026-08-14T05:20:04Z,79299,5007600,5007600,8
2026-08-14T05:20:04Z,79300,22007300,22007300,12
2026-08-14T05:20:04Z,79301,14247300,14247300,6
2026-08-14T05:20:04Z,79302,15000800,15000800,9
2026-08-14T05:20:04Z,79303,14249500,14249500,5
2026-08-14T05:20:04Z,79304,5004000,5004000,5
2026-08-14T05:20:04Z,79305,15000000,15000000,7
2026-08-14T05:20:04Z,79306,6999900,39999900,10
2026-08-14T05:20:04Z,79307,5555200,5555200,8
2026-08-14T05:20:04Z,79308,4499900,28499600,9
2026-08-14T05:20:04Z,79309,21110000,21110000,12
2026-08-14T05:20:04Z,79310,7026500,7026500,54
2026-08-14T05:20:04Z,79311,40004000,40004000,3
2026-08-14T05:20:04Z,79312,14000000,14000000,31
2026-08-14T05:20:04Z,79313,4449900,36099100,74
2026-08-14T05:20:04Z,79314,6669000,7499000,14
2026-08-14T05:20:04Z,79513,250000200,250000200,1
2026-08-14T05:20:04Z,79514,1500000200,1500000200,1
2026-08-14T05:20:04Z,79515,250000200,250000200,1
2026-08-14T05:20:04Z,79538,331300,331300,189
2026-08-14T05:20:04Z,79868,11882100,11882200,173
2026-08-14T05:20:04Z,79869,3207300,3257500,1167
2026-08-14T05:20:04Z,80313,99900,99900,28
2026-08-14T05:20:04Z,80431,890000,890000,197
2026-08-14T05:20:04Z,80433,29500,29500,2085
2026-08-14T05:20:04Z,80581,1500000200,1500000200,1
2026-08-14T05:20:04Z,80584,1500000200,1500000200,1
2026-08-14T05:20:04Z,80585,1500000200,1500000200,1
2026-08-14T05:20:04Z,80586,250000200,250000200,2
2026-08-14T05:20:04Z,80587,971300,989900,178
2026-08-14T05:20:04Z,80588,351300,351300,238
2026-08-14T05:20:04Z,80590,13600,13600,193
2026-08-14T05:20:04Z,80591,45300,45300,250
2026-08-14T05:20:04Z,80592,10000,10000,99
2026-08-14T05:20:04Z,80593,15700,15700,8
2026-08-14T05:20:04Z,80594,42800,42800,4
2026-08-14T05:20:04Z,80595,5800,5800,46
2026-08-14T05:20:04Z,81055,1700,1900,5388
2026-08-14T05:20:04Z,81175,50000,50000,54
2026-08-14T05:20:04Z,81194,400,400,237
2026-08-14T05:20:04Z,81195,1759800,1759800,47
2026-08-14T05:20:04Z,81196,3500,3500,30
2026-08-14T05:20:04Z,81197,1300,1300,28
2026-08-14T05:20:04Z,81198,39566100,39566100,27
2026-08-14T05:20:04Z,81200,1500,1500,171
2026-08-14T05:20:04Z,81201,10000,10000,145
2026-08-14T05:20:04Z,81202,800,800,61
2026-08-14T05:20:04Z,81203,9000,9000,28
2026-08-14T05:20:04Z,81204,49000800,49000800,21
2026-08-14T05:20:04Z,81205,5000,5000,4
2026-08-14T05:20:04Z,81400,2000,2000,121
2026-08-14T05:20:04Z,81401,8900,9600,55
2026-08-14T05:20:04Z,81402,6900,6900,147
2026-08-14T05:20:04Z,81403,190000,190000,172
2026-08-14T05:20:04Z,81404,1800,1800,162
2026-08-14T05:20:04Z,81405,6300,6300,171
2026-08-14T05:20:04Z,81406,6600,9700,206
2026-08-14T05:20:04Z,81407,7900,7900,40
2026-08-14T05:20:04Z,81408,14000,14900,59
2026-08-14T05:20:04Z,81409,1700,1700,200
2026-08-14T05:20:04Z,81410,3200,6500,49
2026-08-14T05:20:04Z,81411,1500,201500,472
2026-08-14T05:20:04Z,81412,1800,1900,197
2026-08-14T05:20:04Z,81413,1300,1300,481
2026-08-14T05:20:04Z,81414,1500,1500,311
2026-08-14T05:20:04Z,81415,6800,6800,217
2026-08-14T05:20:04Z,81889,9900000,9900000,119
2026-08-14T05:20:04Z,81916,9808300,9808300,140
2026-08-14T05:20:04Z,81917,9890000,9890000,138
2026-08-14T05:20:04Z,81918,3506800,3506800,73
2026-08-14T05:20:04Z,81919,18500,18500,85
2026-08-14T05:20:04Z,81920,980900,980900,69
2026-08-14T05:20:04Z,81921,483200,483200,303
2026-08-14T05:20:04Z,81922,703200,703200,418
2026-08-14T05:20:04Z,81923,50000,50000,51
2026-08-14T05:20:04Z,81924,990000,3500000,529
2026-08-14T05:20:04Z,81956,1500000200,1500000200,1
2026-08-14T05:20:04Z,82300,10000,10000,114
2026-08-14T05:20:04Z,82328,3500,3500,61
2026-08-14T05:20:04Z,82330,49000200,49000200,33
2026-08-14T05:20:04Z,82343,3842900,3842900,88
2026-08-14T05:20:04Z,82344,90000,90000,39
2026-08-14T05:20:04Z,82345,1500007600,1500007600,1
2026-08-14T05:20:04Z,82392,2500,2700,796
2026-08-14T05:20:04Z,82441,13000,15200,13495
2026-08-14T05:20:04Z,82442,30000,30000,100
2026-08-14T05:20:04Z,82443,30000,30000,65
2026-08-14T05:20:04Z,82444,1150000,1150000,142
2026-08-14T05:20:04Z,82445,4137700,4137700,261
2026-08-14T05:20:04Z,82448,9899800,9899800,40
2026-08-14T05:20:04Z,82449,9889900,9889900,45
2026-08-14T05:20:04Z,82450,159300,9801000,114
2026-08-14T05:20:04Z,82451,46700,46700,139
2026-08-14T05:20:04Z,82960,103400,103400,32
2026-08-14T05:20:04Z,83006,946700,19998000,49
2026-08-14T05:20:04Z,83007,599900,925200,62
2026-08-14T05:20:04Z,83064,66600,279900,6449
2026-08-14T05:20:04Z,83065,3001300,49001300,23
2026-08-14T05:20:04Z,83092,219008600,219008600,112
2026-08-14T05:20:04Z,83094,99300,9978800,42
2026-08-14T05:20:04Z,83095,9989900,9989900,47
2026-08-14T05:20:04Z,83096,250007600,250007600,1
2026-08-14T05:20:04Z,83097,20000,9879400,44
2026-08-14T05:20:04Z,83107,1500000200,1500000200,1
2026-08-14T05:20:04Z,83120,290005100,290005100,1
2026-08-14T05:20:04Z,83156,1000,1000,52
2026-08-14T05:20:04Z,83157,139000,139000,59
2026-08-14T05:20:04Z,83763,668600,668600,109
2026-08-14T05:20:04Z,83764,9334600,9335000,72
2026-08-14T05:20:04Z,83765,3505300,9465300,82
2026-08-14T05:20:04Z,84652,1500000200,1500000200,1
2026-08-14T05:20:04Z,85221,589700,589700,158
2026-08-14T05:20:04Z,85501,8000,8000,83
2026-08-14T05:20:04Z,85504,278500,278500,86
2026-08-14T05:20:04Z,85506,3700,3900,1365
2026-08-14T05:20:04Z,85559,30000,30000,703
2026-08-14T05:20:04Z,85568,90000,90000,87
2026-08-14T05:20:04Z,85569,50000,100000,122
2026-08-14T05:20:04Z,85570,499100,853800,103
2026-08-14T05:20:04Z,85583,16900,16900,2626
2026-08-14T05:20:04Z,85584,30000,30000,878
2026-08-14T05:20:04Z,85585,50000,50000,2138
2026-08-14T05:20:04Z,85683,99990200,99990200,8
2026-08-14T05:20:04Z,85684,250007600,250007600,1
2026-08-14T05:20:04Z,85685,1500007600,1500007600,1
2026-08-14T05:20:04Z,85687,1500007600,1500007600,1
2026-08-14T05:20:04Z,85689,1500007600,1500007600,1
2026-08-14T05:20:04Z,85691,250000200,250000200,1
2026-08-14T05:20:04Z,85692,1500007600,1500007600,1
2026-08-14T05:20:04Z,85695,1500000200,1500000200,1
2026-08-14T05:20:04Z,85696,1500000200,1500000200,1
2026-08-14T05:20:04Z,85697,250007600,250007600,1
2026-08-14T05:20:04Z,85698,250007600,250007600,1
2026-08-14T05:20:04Z,85699,1500000200,1500000200,1
2026-08-14T05:20:04Z,85700,1500000200,1500000200,2
2026-08-14T05:20:04Z,86026,150000,342400,511
2026-08-14T05:20:04Z,86057,98900,98900,319
2026-08-14T05:20:04Z,86069,990000,990000,236
2026-08-14T05:20:04Z,86070,1614200,1614300,550
2026-08-14T05:20:04Z,86073,50000,180000,269
2026-08-14T05:20:04Z,86074,1120000,1137900,375
2026-08-14T05:20:04Z,86432,24500,44600,72
2026-08-14T05:20:04Z,86541,1500000200,1500000200,7
2026-08-14T05:20:04Z,86574,450000100,450000100,1
2026-08-14T05:20:04Z,86592,16258700,16258700,110
2026-08-14T05:20:04Z,86597,4550000,4550000,32
2026-08-14T05:20:04Z,86599,1502700,1693200,27
2026-08-14T05:20:04Z,87226,3500,3500,402
2026-08-14T05:20:04Z,87228,1200000,1230000,195
2026-08-14T05:20:04Z,87230,3500,3500,433
2026-08-14T05:20:04Z,87232,394800,9870000,71
2026-08-14T05:20:04Z,87234,1500,1500,428
2026-08-14T05:20:04Z,87236,27700,27900,217
2026-08-14T05:20:04Z,87238,7300,7300,490
2026-08-14T05:20:04Z,87240,8258000,8258000,80
2026-08-14T05:20:04Z,87242,4500,4500,480
2026-08-14T05:20:04Z,87244,50000,50000,156
2026-08-14T05:20:04Z,87246,1600,1600,463
2026-08-14T05:20:04Z,87248,108200,108200,94
2026-08-14T05:20:04Z,87264,499999800,499999800,1
2026-08-14T05:20:04Z,87276,1500000200,1500000200,1
2026-08-14T05:20:04Z,87277,28800,28800,1109
2026-08-14T05:20:04Z,87278,1500007600,1500007600,1
2026-08-14T05:20:04Z,87279,1500007600,1500007600,1
2026-08-14T05:20:04Z,87392,331100,331200,307
2026-08-14T05:20:04Z,87393,1500000200,1500000200,1
2026-08-14T05:20:04Z,87530,250000,250000,35
2026-08-14T05:20:04Z,87559,599900,599900,106
2026-08-14T05:20:04Z,87560,140000,1019800,118
2026-08-14T05:20:04Z,87577,32000,40200,49
2026-08-14T05:20:04Z,87578,331100,332100,37
2026-08-14T05:20:04Z,87579,298000,299900,58
2026-08-14T05:20:04Z,87580,124000,124000,46
2026-08-14T05:20:04Z,87647,158800,158800,144
2026-08-14T05:20:04Z,87648,242900,242900,138
2026-08-14T05:20:04Z,87764,12300,12300,802
2026-08-14T05:20:04Z,87806,243900,244200,876
2026-08-14T05:20:04Z,87831,3500000000,3500000000,1
2026-08-14T05:20:04Z,87872,210000,210000,513
2026-08-14T05:20:04Z,87880,1500000200,1500000200,1
2026-08-14T05:20:04Z,87881,250000,250100,199
2026-08-14T05:20:04Z,87882,250000200,250000200,1
2026-08-14T05:20:04Z,87883,127700,127700,144
2026-08-14T05:20:04Z,87884,1500000200,1500000200,1
2026-08-14T05:20:04Z,87885,90400,437900,637
2026-08-14T05:20:04Z,87887,1500000200,1500000200,1
2026-08-14T05:20:04Z,87888,120800,137400,189
2026-08-14T05:20:04Z,87889,250000200,250000200,1
2026-08-14T05:20:04Z,87890,1500000200,1500000200,1
2026-08-14T05:20:04Z,87891,1500007600,1500007600,2
2026-08-14T05:20:04Z,87892,1500007600,1500007600,1
2026-08-14T05:20:04Z,87893,1500000200,1500000200,1
2026-08-14T05:20:04Z,87894,1500000200,1500000200,1
2026-08-14T05:20:04Z,87895,1500000200,1500000200,1
2026-08-14T05:20:04Z,87896,1500007600,1500007600,1
2026-08-14T05:20:04Z,87897,1500000200,1500000200,1
2026-08-14T05:20:04Z,87898,1500007600,1500007600,1
2026-08-14T05:20:04Z,87899,1500000200,1500000200,1
2026-08-14T05:20:04Z,87900,1500000200,1500000200,1
2026-08-14T05:20:04Z,87901,1500000200,1500000200,1
2026-08-14T05:20:04Z,87902,250000200,250000200,1
2026-08-14T05:20:04Z,88151,290008800,290008800,1
2026-08-14T05:20:04Z,88152,450005100,450005100,1
2026-08-14T05:20:04Z,88153,290003800,290003800,1
2026-08-14T05:20:04Z,88154,290003800,290003800,1
2026-08-14T05:20:04Z,88155,49008800,49008800,20
2026-08-14T05:20:04Z,88156,290003800,290003800,1
2026-08-14T05:20:04Z,88157,290005100,290005100,1
2026-08-14T05:20:04Z,88158,290005100,290005100,1
2026-08-14T05:20:04Z,88159,290008800,290008800,1
2026-08-14T05:20:04Z,88162,49008800,49008800,14
2026-08-14T05:20:04Z,88163,290007600,290007600,1
2026-08-14T05:20:04Z,88164,290005100,290005100,1
2026-08-14T05:20:04Z,88487,61500,61500,66
2026-08-14T05:20:04Z,88490,499900,499900,15
2026-08-14T05:20:04Z,88491,94000,94000,413
2026-08-14T05:20:04Z,88492,250000,250000,13
2026-08-14T05:20:04Z,88493,44000,44000,326
2026-08-14T05:20:04Z,88529,250000,250000,7
2026-08-14T05:20:04Z,88530,250000,9800000,26
2026-08-14T05:20:04Z,88532,4000,4000,41
2026-08-14T05:20:04Z,89112,112000,130000,32567
2026-08-14T05:20:04Z,89326,46900,47000,127
2026-08-14T05:20:04Z,89328,990000,990000,156
2026-08-14T05:20:04Z,89329,2900,3000,201
2026-08-14T05:20:04Z,89512,49000300,49000300,20
2026-08-14T05:20:04Z,89639,25000,25000,208
2026-08-14T05:20:04Z,89674,71700,71700,32
2026-08-14T05:20:04Z,89675,17000,19000,46
2026-08-14T05:20:04Z,89676,2448900,2448900,15
2026-08-14T05:20:04Z,89678,19000,19100,69
2026-08-14T05:20:04Z,89679,2879700,2879800,33
2026-08-14T05:20:04Z,89680,950000,1000000,31
2026-08-14T05:20:04Z,89683,6500,6500,68
2026-08-14T05:20:04Z,89737,41200,9900600,45
2026-08-14T05:20:04Z,89739,50000,49000000,21
2026-08-14T05:20:04Z,89747,239640500,239640500,3
2026-08-14T05:20:04Z,89868,91000,91000,434
2026-08-14T05:20:04Z,89888,50000,50000,378
2026-08-14T05:20:04Z,89893,10100,10100,584
2026-08-14T05:20:04Z,90043,290000000,290000000,1
2026-08-14T05:20:04Z,90044,48000,48000,4
2026-08-14T05:20:04Z,90046,5999000,5999000,124
2026-08-14T05:20:04Z,90047,900000,900000,17
2026-08-14T05:20:04Z,90057,504400,504400,33
2026-08-14T05:20:04Z,90058,200000,200000,28
2026-08-14T05:20:04Z,90135,9905300,9905300,19
2026-08-14T05:20:04Z,90146,57200,57700,1606
2026-08-14T05:20:04Z,90407,28100,28100,989
2026-08-14T05:20:04Z,90457,9909800,9909800,25
2026-08-14T05:20:04Z,90548,290000100,290000100,1
2026-08-14T05:20:04Z,90551,440000,440000,27
2026-08-14T05:20:04Z,90552,9980000,9980000,3
2026-08-14T05:20:04Z,90553,1118100,1118100,61
2026-08-14T05:20:04Z,90554,48500000,49000000,23
2026-08-14T05:20:04Z,90555,7999900,7999900,32
2026-08-14T05:20:04Z,90556,3000000,3000000,3
2026-08-14T05:20:04Z,90557,990000200,990000200,1
2026-08-14T05:20:04Z,90558,250007600,250007600,3
2026-08-14T05:20:04Z,90561,6001500,6501500,7
2026-08-14T05:20:04Z,90659,9900000,9900000,90
2026-08-14T05:20:04Z,90660,9990000,9990000,85
2026-08-14T05:20:04Z,90715,250000200,250000200,1
2026-08-14T05:20:04Z,92049,388879800,388879800,1
2026-08-14T05:20:04Z,92050,197891400,197891400,1
2026-08-14T05:20:04Z,92051,199890600,199890600,1
2026-08-14T05:20:04Z,92052,250000000,250000000,1
2026-08-14T05:20:04Z,92053,228217300,228217300,2
2026-08-14T05:20:04Z,92054,250004300,250004300,1
2026-08-14T05:20:04Z,92055,199890000,199890000,1
2026-08-14T05:20:04Z,92056,200000100,200000100,1
2026-08-14T05:20:04Z,92057,1990100,1990100,17
2026-08-14T05:20:04Z,92058,1990000,1990000,10
2026-08-14T05:20:04Z,92059,488884100,488884100,1
2026-08-14T05:20:04Z,92422,40964800,40964800,2
2026-08-14T05:20:04Z,92427,199788200,199788200,1
2026-08-14T05:20:04Z,92428,999990000,999990000,1
2026-08-14T05:20:04Z,92429,250000000,250000000,1
2026-08-14T05:20:04Z,92430,199000000,199000000,8
2026-08-14T05:20:04Z,92431,9999900,9999900,41
2026-08-14T05:20:04Z,92432,19784700,19784700,9
2026-08-14T05:20:04Z,92433,199989900,199989900,1
2026-08-14T05:20:04Z,92434,179990100,179990100,3
2026-08-14T05:20:04Z,92435,179990100,179990100,3
2026-08-14T05:20:04Z,92436,249999700,249999700,1
2026-08-14T05:20:04Z,92437,199999900,199999900,1
2026-08-14T05:20:04Z,92438,169999800,169999800,4
2026-08-14T05:20:04Z,92439,250000000,250000000,1
2026-08-14T05:20:04Z,92442,200000100,200000100,19
2026-08-14T05:20:04Z,92443,199000000,199000000,1
2026-08-14T05:20:04Z,92525,198968700,198968700,1
2026-08-14T05:20:04Z,92526,990000100,990000100,1
2026-08-14T05:20:04Z,92528,999990000,999990000,1
2026-08-14T05:20:04Z,92530,999990000,999990000,1
2026-08-14T05:20:04Z,92532,9500000000,9500000000,1
2026-08-14T05:20:04Z,92550,290000000,290000000,1
2026-08-14T05:20:04Z,92663,250000000,250000000,1
2026-08-14T05:20:04Z,92664,349994100,349994100,1
2026-08-14T05:20:04Z,92741,70000000,79999900,603
2026-08-14T05:20:04Z,93202,250000200,250000200,1
2026-08-14T05:20:04Z,93208,1004700,1004700,76
2026-08-14T05:20:04Z,93351,162000,162000,427
2026-08-14T05:20:04Z,93705,70000,157400,58
2026-08-14T05:20:04Z,93706,1600000,2277600,64
2026-08-14T05:20:04Z,93707,9980000,9980000,20
2026-08-14T05:20:04Z,93970,209000,209000,123
2026-08-14T05:20:04Z,94288,17500,19400,358852
2026-08-14T05:20:04Z,94289,205400,205500,1423
2026-08-14T05:20:04Z,94535,14200,9897500,41
2026-08-14T05:20:04Z,94536,9880300,9880300,58
2026-08-14T05:20:04Z,94645,2500300,2500300,278
2026-08-14T05:20:04Z,95373,4838000,6598600,4641
2026-08-14T05:20:04Z,95481,23900,23900,70
2026-08-14T05:20:04Z,95482,50000,50000,50
2026-08-14T05:20:04Z,97161,2000500,2000500,38
2026-08-14T05:20:04Z,97512,26800,27300,835
2026-08-14T05:20:04Z,97546,200000,890000,248
2026-08-14T05:20:04Z,97619,50000,50000,495
2026-08-14T05:20:04Z,97620,20000,20000,393
2026-08-14T05:20:04Z,97621,14600,14800,384
2026-08-14T05:20:04Z,97622,750000,770000,246
2026-08-14T05:20:04Z,97623,28500,34200,615
2026-08-14T05:20:04Z,97624,770000,890000,159
2026-08-14T05:20:04Z,98111,200000,200000,60
2026-08-14T05:20:04Z,98116,4000,9954800,47
2026-08-14T05:20:04Z,98117,198998800,198998800,3
2026-08-14T05:20:04Z,98118,250000,9899600,42
2026-08-14T05:20:04Z,100734,290000000,290000000,1
2026-08-14T05:20:04Z,100735,290005100,290005100,1
2026-08-14T05:20:04Z,100738,4338500,4338500,24
2026-08-14T05:20:04Z,100739,49005000,49005000,191
2026-08-14T05:20:04Z,101630,9990000,9990000,61
2026-08-14T05:20:04Z,101661,3152400,3152500,52
2026-08-14T05:20:04Z,101662,1899100,1899100,137
2026-08-14T05:20:04Z,101745,1331800,25001800,9
2026-08-14T05:20:04Z,101746,5666800,5666800,26
2026-08-14T05:20:04Z,101747,19992200,19992200,10
2026-08-14T05:20:04Z,101748,49990000,49990000,14
2026-08-14T05:20:04Z,101749,4330400,9990400,25
2026-08-14T05:20:04Z,101750,19990000,19990000,10
2026-08-14T05:20:04Z,102218,720000,720000,2692
2026-08-14T05:20:04Z,102351,89200,89200,41
2026-08-14T05:20:04Z,102541,8900,9000,1253
2026-08-14T05:20:04Z,102542,7500,7500,1786
2026-08-14T05:20:04Z,102543,8300,9000,1793
2026-08-14T05:20:04Z,103786,45000,45000,84
2026-08-14T05:20:04Z,103789,30700,30700,74
2026-08-14T05:20:04Z,103795,1630000,1630000,68
2026-08-14T05:20:04Z,103797,149700,149700,93
2026-08-14T05:20:04Z,104046,1500000200,1500000200,1
2026-08-14T05:20:04Z,104048,1500000200,1500000200,1
2026-08-14T05:20:04Z,104049,1500007600,1500007600,1
2026-08-14T05:20:04Z,104053,250007600,250007600,1
2026-08-14T05:20:04Z,104055,1500007600,1500007600,1
2026-08-14T05:20:04Z,104099,236500,236500,248
2026-08-14T05:20:04Z,104102,1500000200,1500000200,1
2026-08-14T05:20:04Z,104104,961300,979600,155
2026-08-14T05:20:04Z,104105,358800,358900,245
2026-08-14T05:20:04Z,104108,38900,39100,912
2026-08-14T05:20:04Z,104109,1500000200,1500000200,1
2026-08-14T05:20:04Z,104120,361300,361300,188
2026-08-14T05:20:04Z,104122,79300,79300,478
2026-08-14T05:20:04Z,104126,444400,590900,238
2026-08-14T05:20:04Z,104127,130000,240100,436
2026-08-14T05:20:04Z,104128,1500000200,1500000200,1
2026-08-14T05:20:04Z,104130,1500000200,1500000200,1
2026-08-14T05:20:04Z,104131,1500000200,1500000200,1
2026-08-14T05:20:04Z,104133,1500000200,1500000200,1
2026-08-14T05:20:04Z,104134,1500000200,1500000200,1
2026-08-14T05:20:04Z,104135,250000200,250000200,1
2026-08-14T05:20:04Z,104136,250000200,250000200,1
2026-08-14T05:20:04Z,104137,1500000200,1500000200,1
2026-08-14T05:20:04Z,104138,128600,128700,172
2026-08-14T05:20:04Z,104196,1494899900,1494899900,1
2026-08-14T05:20:04Z,104270,1500000200,1500000200,1
2026-08-14T05:20:04Z,104276,1500000200,1500000200,1
2026-08-14T05:20:04Z,104314,1900,9894700,47
2026-08-14T05:20:04Z,104316,1470000,1650000,5996
2026-08-14T05:20:04Z,104339,9899900,9899900,143
2026-08-14T05:20:04Z,104340,449700,449700,222
2026-08-14T05:20:04Z,104341,48500,48500,81
2026-08-14T05:20:04Z,104342,52900,52900,236
2026-08-14T05:20:04Z,104343,221000,221000,141
2026-08-14T05:20:04Z,104344,254300,254300,142
2026-08-14T05:20:04Z,104348,9900000,9900000,35
2026-08-14T05:20:04Z,105700,339800,9889800,207
2026-08-14T05:20:04Z,105701,250000,250000,106
2026-08-14T05:20:04Z,105702,540000,8900000,125
2026-08-14T05:20:04Z,105703,26200,26200,290
2026-08-14T05:20:04Z,105704,450000,450000,135
2026-08-14T05:20:04Z,105705,8880100,8880100,67
2026-08-14T05:20:04Z,105706,339900,9899900,183
2026-08-14T05:20:04Z,105707,559600,559600,118
2026-08-14T05:20:04Z,105708,456600,456600,224
2026-08-14T05:20:04Z,105711,50000,50000,243
2026-08-14T05:20:04Z,105717,440000,440000,160
2026-08-14T05:20:04Z,105718,26900,28500,67
2026-08-14T05:20:04Z,105719,550000,550000,151
2026-08-14T05:20:04Z,105720,9969700,9969700,198
2026-08-14T05:20:04Z,105721,551600,551600,131
2026-08-14T05:20:04Z,105722,100400,100400,101
2026-08-14T05:20:04Z,105723,1000000,1000000,130
2026-08-14T05:20:04Z,105724,9901900,9901900,36
2026-08-14T05:20:04Z,106824,129800,129800,62
2026-08-14T05:20:04Z,106825,19200,19200,38
2026-08-14T05:20:04Z,106867,3300,3300,113
2026-08-14T05:20:04Z,106868,1392400,1392400,28
2026-08-14T05:20:04Z,106870,49003000,49003000,20
2026-08-14T05:20:04Z,106875,440900,440900,41
2026-08-14T05:20:04Z,106888,4990000,5000000,60
2026-08-14T05:20:04Z,106889,14800,14800,43
2026-08-14T05:20:04Z,107392,969900,969900,41
2026-08-14T05:20:04Z,107393,270000,270000,24
2026-08-14T05:20:04Z,107461,12486500,12486500,27
2026-08-14T05:20:04Z,107462,48999900,49000000,23
2026-08-14T05:20:04Z,107469,249900,249900,55
2026-08-14T05:20:04Z,107472,49006000,49006000,20
2026-08-14T05:20:04Z,107476,9500000500,9500000500,1
2026-08-14T05:20:04Z,107517,8500,8500,164
2026-08-14T05:20:04Z,107518,249900,49000000,22
2026-08-14T05:20:04Z,107528,9800,9800,71
2026-08-14T05:20:04Z,107603,7500,7500,107
2026-08-14T05:20:04Z,107640,2500000,2500000,55
2026-08-14T05:20:04Z,107663,290005100,290005100,1
2026-08-14T05:20:04Z,108294,303900,303900,98
2026-08-14T05:20:04Z,108296,614500,614500,107
2026-08-14T05:20:04Z,108297,24000,24000,381
2026-08-14T05:20:04Z,108298,10200,890000,235
2026-08-14T05:20:04Z,108299,701500,701500,68
2026-08-14T05:20:04Z,108300,73400,840000,517
2026-08-14T05:20:04Z,108301,122000,122000,1369
2026-08-14T05:20:04Z,108302,759900,759900,428
2026-08-14T05:20:04Z,108304,3557500,3557900,66
2026-08-14T05:20:04Z,108305,108000,108300,614
2026-08-14T05:20:04Z,108306,56300,56400,435
2026-08-14T05:20:04Z,108307,749300,749400,314
2026-08-14T05:20:04Z,108308,59900,59900,170
2026-08-14T05:20:04Z,108309,5900000,5900000,87
2026-08-14T05:20:04Z,108323,4900,4900,628
2026-08-14T05:20:04Z,108324,3700,3800,7471
2026-08-14T05:20:04Z,108325,4300,4300,2098
2026-08-14T05:20:04Z,108326,8800,15300,457
2026-08-14T05:20:04Z,108327,19700,19700,2782
2026-08-14T05:20:04Z,108328,7000,7800,1549
2026-08-14T05:20:04Z,108329,13900,13900,1001
2026-08-14T05:20:04Z,108330,12100,12100,329
2026-08-14T05:20:04Z,108331,15000,17300,916
2026-08-14T05:20:04Z,108332,4300,4500,978
2026-08-14T05:20:04Z,108333,37400,37500,769
2026-08-14T05:20:04Z,108335,4000,5000,989
2026-08-14T05:20:04Z,108336,3200,3900,1704
2026-08-14T05:20:04Z,108337,35000,39600,586
2026-08-14T05:20:04Z,108338,8000,8000,1501
2026-08-14T05:20:04Z,108339,1000,2300,6364
2026-08-14T05:20:04Z,108340,1500,2100,4865
2026-08-14T05:20:04Z,108341,1000,2100,2413
2026-08-14T05:20:04Z,108342,28100,28100,827
2026-08-14T05:20:04Z,108343,3800,3800,3240
2026-08-14T05:20:04Z,108344,220000,220000,371
2026-08-14T05:20:04Z,108345,135000,135000,108
2026-08-14T05:20:04Z,108346,50000,50000,172
2026-08-14T05:20:04Z,108347,1500000,1500000,224
2026-08-14T05:20:04Z,108348,52000,52000,405
2026-08-14T05:20:04Z,108349,4892400,4892400,38
2026-08-14T05:20:04Z,108350,1281600,1281600,49
2026-08-14T05:20:04Z,108351,19895000,19895000,16
2026-08-14T05:20:04Z,108352,153500,153500,256
2026-08-14T05:20:04Z,108353,30000,30000,300
2026-08-14T05:20:04Z,108354,475600,475600,99
2026-08-14T05:20:04Z,108355,812200,812200,180
2026-08-14T05:20:04Z,108356,27100,27100,270
2026-08-14T05:20:04Z,108357,2400000,2400000,32
2026-08-14T05:20:04Z,108359,4254500,4254500,84
2026-08-14T05:20:04Z,108360,250000,250000,333
2026-08-14T05:20:04Z,108361,200000,890000,244
2026-08-14T05:20:04Z,108362,9989900,9989900,25
2026-08-14T05:20:04Z,108363,1282100,1282100,291
2026-08-14T05:20:04Z,108364,2722500,2722500,62
2026-08-14T05:20:04Z,108365,303000,303000,264
2026-08-14T05:20:04Z,108391,1899900,1899900,107
2026-08-14T05:20:04Z,108439,5000000,5540000,277
2026-08-14T05:20:04Z,108649,3900000,3900000,15
2026-08-14T05:20:04Z,108920,12000,12000,88
2026-08-14T05:20:04Z,108977,8900,8900,283
2026-08-14T05:20:04Z,108978,325500,325600,34
2026-08-14T05:20:04Z,108979,19800,19900,128
2026-08-14T05:20:04Z,108980,4576500,4576500,38
2026-08-14T05:20:04Z,108996,2900,2900,25331
2026-08-14T05:20:04Z,109076,64700,64700,22217
2026-08-14T05:20:04Z,109118,6900,7200,41204
2026-08-14T05:20:04Z,109119,17600,17600,33888
2026-08-14T05:20:04Z,109120,389800,389800,34
2026-08-14T05:20:04Z,109122,500000,500000,28
2026-08-14T05:20:04Z,109123,28400,28400,25997
2026-08-14T05:20:04Z,109124,9500,10000,31172
2026-08-14T05:20:04Z,109125,17000,20000,8355
2026-08-14T05:20:04Z,109126,12400,14900,23154
2026-08-14T05:20:04Z,109127,10000,12000,11753
2026-08-14T05:20:04Z,109128,12500,14000,9126
2026-08-14T05:20:04Z,109129,15000,21400,20715
2026-08-14T05:20:04Z,109131,40000,40000,8932
2026-08-14T05:20:04Z,109132,7200,8100,3007
2026-08-14T05:20:04Z,109133,15000,20500,1165
2026-08-14T05:20:04Z,109134,9000,10400,2171
2026-08-14T05:20:04Z,109135,5100,5900,3026
2026-08-14T05:20:04Z,109136,9700,40100,10878
2026-08-14T05:20:04Z,109137,15400,15600,172358
2026-08-14T05:20:04Z,109138,9800,10000,4158
2026-08-14T05:20:04Z,109139,9800,9900,3905
2026-08-14T05:20:04Z,109140,10000,10000,729
2026-08-14T05:20:04Z,109141,4000,4300,19985
2026-08-14T05:20:04Z,109142,2900,2900,3092
2026-08-14T05:20:04Z,109143,14000,14000,162327
2026-08-14T05:20:04Z,109144,1600,2000,11545
2026-08-14T05:20:04Z,109145,110000,113600,106
2026-08-14T05:20:04Z,109147,19900,30000,98
2026-08-14T05:20:04Z,109148,42300,42400,123
2026-08-14T05:20:04Z,109152,2900,135400,2023
2026-08-14T05:20:04Z,109153,63300,67200,357
2026-08-14T05:20:04Z,109155,9909300,9909300,40
2026-08-14T05:20:04Z,109156,67400,67400,406
2026-08-14T05:20:04Z,109160,79900,80000,194
2026-08-14T05:20:04Z,109184,6000,6000,115
2026-08-14T05:20:04Z,109217,5000,5000,659
2026-08-14T05:20:04Z,109218,50000,50000,472
2026-08-14T05:20:04Z,109219,24800,24800,247
2026-08-14T05:20:04Z,109220,30000,30000,415
2026-08-14T05:20:04Z,109221,5300,5300,203
2026-08-14T05:20:04Z,109222,10200,10400,278
2026-08-14T05:20:04Z,109223,2600,2600,334
2026-08-14T05:20:04Z,109226,6000,6000,289
2026-08-14T05:20:04Z,109584,3509800,3980000,269
2026-08-14T05:20:04Z,109585,132600,135900,1325
2026-08-14T05:20:04Z,109599,1590000,9901400,395
2026-08-14T05:20:04Z,109624,1000,1700,1587
2026-08-14T05:20:04Z,109625,10000,10000,376
2026-08-14T05:20:04Z,109626,81600,81700,444
2026-08-14T05:20:04Z,109627,890000,890000,209
2026-08-14T05:20:04Z,109628,15500,15500,640
2026-08-14T05:20:04Z,109629,27500,27500,739
2026-08-14T05:20:04Z,109693,9600,11900,202529
2026-08-14T05:20:04Z,109991,5100,5300,688
2026-08-14T05:20:04Z,109992,22000,22500,1031
2026-08-14T05:20:04Z,110609,7000,19700,181090
2026-08-14T05:20:04Z,110610,4000,4100,14991
2026-08-14T05:20:04Z,110617,210000,210000,62
2026-08-14T05:20:04Z,110618,225800,499900,53
2026-08-14T05:20:04Z,110619,240000,499900,51
2026-08-14T05:20:04Z,110620,122295200,122295200,6
2026-08-14T05:20:04Z,110621,210000,210000,56
2026-08-14T05:20:04Z,110624,227300,227300,56
2026-08-14T05:20:04Z,110625,313600,314300,54
2026-08-14T05:20:04Z,110626,225300,225300,54
2026-08-14T05:20:04Z,110627,100005800,100005800,20
2026-08-14T05:20:04Z,110628,226500,226500,56
2026-08-14T05:20:04Z,110631,218200,499900,52
2026-08-14T05:20:04Z,110632,225800,225800,53
2026-08-14T05:20:04Z,110633,282300,284300,54
2026-08-14T05:20:04Z,110634,100326100,100326100,19
2026-08-14T05:20:04Z,110635,210000,499900,49
2026-08-14T05:20:04Z,110638,395400,503100,106
2026-08-14T05:20:04Z,110639,385500,501000,117
2026-08-14T05:20:04Z,110640,391400,400000,101
2026-08-14T05:20:04Z,110641,450000000,450000000,2
2026-08-14T05:20:04Z,110642,391400,502200,112
2026-08-14T05:20:04Z,110645,391400,502200,98
2026-08-14T05:20:04Z,110646,444200,572000,170
2026-08-14T05:20:04Z,110647,394300,400000,84
2026-08-14T05:20:04Z,110648,1508286300,1508286300,2
2026-08-14T05:20:04Z,110649,394400,603400,140
2026-08-14T05:20:04Z,110652,599900,805500,164
2026-08-14T05:20:04Z,110653,451000,451500,101
2026-08-14T05:20:04Z,110654,394400,505500,99
2026-08-14T05:20:04Z,110655,989997400,989997400,5
2026-08-14T05:20:04Z,110656,384400,601600,116
2026-08-14T05:20:04Z,110682,1911500,1911600,55
2026-08-14T05:20:04Z,110807,1500000200,1500000200,1
2026-08-14T05:20:04Z,110809,1500000200,1500000200,1
2026-08-14T05:20:04Z,110810,1500000200,1500000200,1
2026-08-14T05:20:04Z,110818,1500000200,1500000200,1
2026-08-14T05:20:04Z,110828,1500000200,1500000200,1
2026-08-14T05:20:04Z,110829,1500000200,1500000200,1
2026-08-14T05:20:04Z,110837,1500000200,1500000200,1
2026-08-14T05:20:04Z,110847,1500000200,1500000200,1
2026-08-14T05:20:04Z,110850,49000200,49000200,20
2026-08-14T05:20:04Z,110857,1500000200,1500000200,1
2026-08-14T05:20:04Z,110873,1500000200,1500000200,1
2026-08-14T05:20:04Z,110875,1500000200,1500000200,1
2026-08-14T05:20:04Z,111245,475500,477400,9290
2026-08-14T05:20:04Z,111431,325000,325000,243
2026-08-14T05:20:04Z,111433,8000,8000,2488
2026-08-14T05:20:04Z,111434,99200,99200,612
2026-08-14T05:20:04Z,111436,21000,29900,4527
2026-08-14T05:20:04Z,111437,17900,17900,307
2026-08-14T05:20:04Z,111438,41500,41500,522
2026-08-14T05:20:04Z,111439,1300,1300,442
2026-08-14T05:20:04Z,111441,4900,4900,4932
2026-08-14T05:20:04Z,111442,41000,41000,250
2026-08-14T05:20:04Z,111444,10000,10000,544
2026-08-14T05:20:04Z,111445,30000,30000,179
2026-08-14T05:20:04Z,111446,59700,59700,162
2026-08-14T05:20:04Z,111447,100000,250000,245
2026-08-14T05:20:04Z,111449,11900,11900,3841
2026-08-14T05:20:04Z,111450,361400,361400,113
2026-08-14T05:20:04Z,111452,24800,54800,377
2026-08-14T05:20:04Z,111453,4000,4000,310
2026-08-14T05:20:04Z,111454,250500,250500,141
2026-08-14T05:20:04Z,111455,5000,5000,679
2026-08-14T05:20:04Z,111456,1800,1900,609
2026-08-14T05:20:04Z,111457,370000,370000,146
2026-08-14T05:20:04Z,111458,28900,28900,215
2026-08-14T05:20:04Z,111522,15600,15600,94
2026-08-14T05:20:04Z,111557,13200,13200,19224
2026-08-14T05:20:04Z,111589,14900,14900,1229
2026-08-14T05:20:04Z,111595,22200,22200,2965
2026-08-14T05:20:04Z,111601,36000,40000,7936
2026-08-14T05:20:04Z,111603,50000,50000,811
2026-08-14T05:20:04Z,111650,12100,850000,294
2026-08-14T05:20:04Z,111651,1800,2000,623
2026-08-14T05:20:04Z,111652,1500,1900,877
2026-08-14T05:20:04Z,111656,2600,2700,1069
2026-08-14T05:20:04Z,111658,1500,2200,503
2026-08-14T05:20:04Z,111659,9500,9500,578
2026-08-14T05:20:04Z,111662,2500,2500,503
2026-08-14T05:20:04Z,111663,900,900,1397
2026-08-14T05:20:04Z,111664,7900,7900,1699
2026-08-14T05:20:04Z,111665,10000,14700,1172
2026-08-14T05:20:04Z,111666,2000,2200,3019
2026-08-14T05:20:04Z,111667,2400,2900,2454
2026-08-14T05:20:04Z,111668,2600,2700,9339
2026-08-14T05:20:04Z,111669,1100,3400,903
2026-08-14T05:20:04Z,111670,4300,4300,1185
2026-08-14T05:20:04Z,111671,38400,38500,2855
2026-08-14T05:20:04Z,111672,4000,4800,4897
2026-08-14T05:20:04Z,111673,5300,6100,324
2026-08-14T05:20:04Z,111674,4000,5000,2633
2026-08-14T05:20:04Z,111675,4400,5000,699
2026-08-14T05:20:04Z,111676,6400,6400,6166
2026-08-14T05:20:04Z,112090,149300,149300,2787
2026-08-14T05:20:04Z,112093,56900,56900,418
2026-08-14T05:20:04Z,112095,49620700,49620700,9
2026-08-14T05:20:04Z,112111,49000100,49000100,20
2026-08-14T05:20:04Z,112115,798500,799000,76
2026-08-14T05:20:04Z,112155,3599300,3599300,7
2026-08-14T05:20:04Z,112156,517000,517000,87
2026-08-14T05:20:04Z,112157,52700,52700,390
2026-08-14T05:20:04Z,112158,68000,68000,616
2026-08-14T05:20:04Z,112160,209400,389500,85
2026-08-14T05:20:04Z,112164,2332300,2332300,79
2026-08-14T05:20:04Z,112165,1809800,1809800,65
2026-08-14T05:20:04Z,112177,187900,187900,84
2026-08-14T05:20:04Z,112179,39990000,39990000,14
2026-08-14T05:20:04Z,112180,6928700,6928700,44
2026-08-14T05:20:04Z,112181,9877700,9877700,42
2026-08-14T05:20:04Z,112182,940000,940000,239
2026-08-14T05:20:04Z,112183,18946300,18946300,22
2026-08-14T05:20:04Z,112184,18936400,18936400,23
2026-08-14T05:20:04Z,112185,9391300,9391300,48
2026-08-14T05:20:04Z,112271,1990000,1990000,44
2026-08-14T05:20:04Z,112272,100000,100000,33
2026-08-14T05:20:04Z,112273,1950000,1950000,17
2026-08-14T05:20:04Z,112274,5781600,39750000,26
2026-08-14T05:20:04Z,112275,4460000,39550000,30
2026-08-14T05:20:04Z,112276,890000,39800000,29
2026-08-14T05:20:04Z,112277,900000,990000,33
2026-08-14T05:20:04Z,112278,890000,9999500,37
2026-08-14T05:20:04Z,112279,160000,160000,32
2026-08-14T05:20:04Z,112280,40000,40000,33
2026-08-14T05:20:04Z,112281,891000,891000,49
2026-08-14T05:20:04Z,112282,135000,39700000,34
2026-08-14T05:20:04Z,112283,310000,310000,28
2026-08-14T05:20:04Z,112284,61700,39330000,42
2026-08-14T05:20:04Z,112285,40000,40000,30
2026-08-14T05:20:04Z,112286,60000,60000,29
2026-08-14T05:20:04Z,112287,228800,228800,30
2026-08-14T05:20:04Z,112288,20000000,39730100,37
2026-08-14T05:20:04Z,112289,267300,267300,40
2026-08-14T05:20:04Z,112290,49500,49500,20
2026-08-14T05:20:04Z,112291,600000,39900000,23
2026-08-14T05:20:04Z,112292,481100,485100,29
2026-08-14T05:20:04Z,112293,112900,112900,37
2026-08-14T05:20:04Z,112294,192100,194000,40
2026-08-14T05:20:04Z,112295,97300,3117000,29
2026-08-14T05:20:04Z,112296,189000,200000,31
2026-08-14T05:20:04Z,112297,188000,188000,37
2026-08-14T05:20:04Z,112298,900000,3040800,49
2026-08-14T05:20:04Z,112299,376200,3716000,27
2026-08-14T05:20:04Z,112300,33330000,39600000,35
2026-08-14T05:20:04Z,112301,180900,200900,38
2026-08-14T05:20:04Z,112302,400000,39600000,33
2026-08-14T05:20:04Z,112321,15000,15000,344
2026-08-14T05:20:04Z,112449,900,900,1278
2026-08-14T05:20:04Z,112463,10000,10000,79
2026-08-14T05:20:04Z,112684,15000,15000,51
2026-08-14T05:20:04Z,113108,9901000,9901000,45
2026-08-14T05:20:04Z,113111,29900,43000,4152
2026-08-14T05:20:04Z,113135,250004800,250004800,11
2026-08-14T05:20:04Z,113139,50009800,50009800,13
2026-08-14T05:20:04Z,113140,230000000,230000000,15
2026-08-14T05:20:04Z,113142,150000,150000,5
2026-08-14T05:20:04Z,113261,1800,9600,30871
2026-08-14T05:20:04Z,113262,1000,11200,39885
2026-08-14T05:20:04Z,113263,1600,2600,28445
2026-08-14T05:20:04Z,113264,1000,12000,56854
2026-08-14T05:20:04Z,113273,999600,999600,15
2026-08-14T05:20:04Z,113274,2998700,2998700,20
2026-08-14T05:20:04Z,113275,2989800,2989800,11
2026-08-14T05:20:04Z,113276,31570000,31570000,2
2026-08-14T05:20:04Z,113277,2989500,2989600,25
2026-08-14T05:20:04Z,113278,9998200,9998200,22
2026-08-14T05:20:04Z,113289,69900,69900,497
2026-08-14T05:20:04Z,113290,129400,129400,253
2026-08-14T05:20:04Z,113355,7000,9500,13802
2026-08-14T05:20:04Z,113530,10000100,10009900,31
2026-08-14T05:20:04Z,113574,46900,46900,27
2026-08-14T05:20:04Z,113576,31200,31200,37
2026-08-14T05:20:04Z,113585,5000,5200,2946
2026-08-14T05:20:04Z,113588,100000,140600,45547
2026-08-14T05:20:04Z,113909,290001500,290001500,1
2026-08-14T05:20:04Z,113911,8577000,8577000,2
2026-08-14T05:20:04Z,113912,290001500,290001500,1
2026-08-14T05:20:04Z,113992,66900,141900,445
2026-08-14T05:20:04Z,114001,50000,50000,24
2026-08-14T05:20:04Z,114004,100000,100000,28
2026-08-14T05:20:04Z,114008,200000,200000,24
2026-08-14T05:20:04Z,114013,100000,100000,32
2026-08-14T05:20:04Z,114015,9890200,9990100,98
2026-08-14T05:20:04Z,114016,24800,24800,49
2026-08-14T05:20:04Z,114017,4300,4300,71
2026-08-14T05:20:04Z,114056,170000,170000,1081
2026-08-14T05:20:04Z,114836,90000,450000,2177
2026-08-14T05:20:04Z,114931,15200,15600,32988
2026-08-14T05:20:04Z,115012,2500000,49005000,23
2026-08-14T05:20:04Z,115351,9899900,9899900,120
2026-08-14T05:20:04Z,115352,65000,65000,609
2026-08-14T05:20:04Z,115353,29700,29700,95
2026-08-14T05:20:04Z,115354,35000,45000,164
2026-08-14T05:20:04Z,115355,43300,43300,122
2026-08-14T05:20:04Z,115464,17000300,17000300,3
2026-08-14T05:20:04Z,115470,9892800,9892800,20
2026-08-14T05:20:04Z,115502,163900,297100,1342
2026-08-14T05:20:04Z,115504,18800,19200,5313
2026-08-14T05:20:04Z,115511,5550000,5550000,29
2026-08-14T05:20:04Z,115512,499999900,499999900,4
2026-08-14T05:20:04Z,115526,100000,105000,297
2026-08-14T05:20:04Z,115803,14500,126300,187
2026-08-14T05:20:04Z,115804,13200,13200,102
2026-08-14T05:20:04Z,115805,150000,150000,268
2026-08-14T05:20:04Z,115806,25000,25000,28
2026-08-14T05:20:04Z,115807,29700,29700,69
2026-08-14T05:20:04Z,115808,18900,140400,58
2026-08-14T05:20:04Z,115809,3500000,3500000,27
2026-08-14T05:20:04Z,115811,2780800,4959900,262
2026-08-14T05:20:04Z,115812,2510000,2510000,18
2026-08-14T05:20:04Z,115813,39991100,39991100,6
2026-08-14T05:20:04Z,115814,2660600,3518900,30
2026-08-14T05:20:04Z,115815,1880000,19909000,18
2026-08-14T05:20:04Z,116119,500,500,15
2026-08-14T05:20:04Z,116147,280000,280000,103
2026-08-14T05:20:04Z,116148,141800,141800,263
2026-08-14T05:20:04Z,116149,150000,150000,52
2026-08-14T05:20:04Z,116170,3800,890000,188
2026-08-14T05:20:04Z,116172,3004100,5004100,119
2026-08-14T05:20:04Z,116266,19900,19900,189
2026-08-14T05:20:04Z,116268,10700,10800,229
2026-08-14T05:20:04Z,116271,87100,87500,10232
2026-08-14T05:20:04Z,116276,4000,4900,119
2026-08-14T05:20:04Z,116392,29599400,29599500,22
2026-08-14T05:20:04Z,116405,139900,139900,1075
2026-08-14T05:20:04Z,116406,750000,758100,66
2026-08-14T05:20:04Z,116407,239900,239900,546
2026-08-14T05:20:04Z,116408,50000,82500,246
2026-08-14T05:20:04Z,116409,590000,1000000,191
2026-08-14T05:20:04Z,116428,120000,120000,108
2026-08-14T05:20:04Z,116654,12000,278300,339
2026-08-14T05:20:04Z,116810,68100,68100,167
2026-08-14T05:20:04Z,116811,365000,373000,201
2026-08-14T05:20:04Z,116812,170400000,170400000,80
2026-08-14T05:20:04Z,116923,31700,31700,20
2026-08-14T05:20:04Z,116979,3400,3400,842
2026-08-14T05:20:04Z,116981,50000,50000,1062
2026-08-14T05:20:04Z,117415,39808000,39808000,21
2026-08-14T05:20:04Z,117437,53200,53700,58
2026-08-14T05:20:04Z,117439,8900,100000,155
2026-08-14T05:20:04Z,117440,456000,456000,333
2026-08-14T05:20:04Z,117441,208900,208900,185
2026-08-14T05:20:04Z,117442,8900,9000,71
2026-08-14T05:20:04Z,117452,35000,35000,130
2026-08-14T05:20:04Z,117453,8200,100000,112
2026-08-14T05:20:04Z,117454,9900,19900,719
2026-08-14T05:20:04Z,117457,9781200,9781200,41
2026-08-14T05:20:04Z,117469,330000,9800000,111
2026-08-14T05:20:04Z,117470,330000,330000,57
2026-08-14T05:20:04Z,117471,2500000,2500000,70
2026-08-14T05:20:04Z,117472,9899900,9899900,45
2026-08-14T05:20:04Z,117473,3500000,3500000,84
2026-08-14T05:20:04Z,117474,9900000,9900000,113
2026-08-14T05:20:04Z,117475,9899900,9899900,25
2026-08-14T05:20:04Z,117568,9888900,9888900,40
2026-08-14T05:20:04Z,118006,2000,2000,213
2026-08-14T05:20:04Z,118007,9900,9900,158
2026-08-14T05:20:04Z,118008,540000,540000,8
2026-08-14T05:20:04Z,118015,2189900,2189900,68
2026-08-14T05:20:04Z,118061,60000,60500,664
2026-08-14T05:20:04Z,118063,1500001600,1500001600,1
2026-08-14T05:20:04Z,118067,290000100,290000100,1
2026-08-14T05:20:04Z,118225,1900,2500,648
2026-08-14T05:20:04Z,118280,1400,1400,116
2026-08-14T05:20:04Z,118391,49500,49900,137
2026-08-14T05:20:04Z,118392,2002100,49002100,23
2026-08-14T05:20:04Z,118414,300000,349900,6474
2026-08-14T05:20:04Z,118415,1940200,9979900,23
2026-08-14T05:20:04Z,118416,9774800,9774800,23
2026-08-14T05:20:04Z,118428,1300,1300,58
2026-08-14T05:20:04Z,118472,274400,399600,4143
2026-08-14T05:20:04Z,118565,6255500,6255500,18
2026-08-14T05:20:04Z,118576,28900,28900,146
2026-08-14T05:20:04Z,118592,9996800,9996800,20
2026-08-14T05:20:04Z,118630,845300,889700,335
2026-08-14T05:20:04Z,118631,70000,70000,99
2026-08-14T05:20:04Z,118632,49800,49800,39
2026-08-14T05:20:04Z,118681,49002200,49002200,30
2026-08-14T05:20:04Z,118704,79500,79500,1395
2026-08-14T05:20:04Z,118711,95700,97500,12207
2026-08-14T05:20:04Z,118898,13500,49003500,23
2026-08-14T05:20:04Z,118899,449900,449900,6
2026-08-14T05:20:04Z,118900,39990100,39990100,9
2026-08-14T05:20:04Z,118901,9995000,49005000,21
2026-08-14T05:20:04Z,118902,1999900,49009900,22
2026-08-14T05:20:04Z,119022,309700,309700,60
2026-08-14T05:20:04Z,119094,9990000,9990000,20
2026-08-14T05:20:04Z,119095,4198500,4198500,23
2026-08-14T05:20:04Z,119096,9990000,9990000,20
2026-08-14T05:20:04Z,119097,15500000,19898700,11
2026-08-14T05:20:04Z,119098,9903200,9903200,21
2026-08-14T05:20:04Z,119099,9996500,9996500,20
2026-08-14T05:20:04Z,119100,9900000,9980000,31
2026-08-14T05:20:04Z,119101,9869500,9869500,22
2026-08-14T05:20:04Z,119102,1120000,9996700,23
2026-08-14T05:20:04Z,119157,9898000,9898000,90
2026-08-14T05:20:04Z,119213,19906700,19906700,10
2026-08-14T05:20:04Z,119324,98900,98900,91
2026-08-14T05:20:04Z,120150,32900,32900,303
2026-08-14T05:20:04Z,120168,1001100,1001100,243
2026-08-14T05:20:04Z,120257,38900,89900,1864
2026-08-14T05:20:04Z,120269,20000100,20000100,4
2026-08-14T05:20:04Z,120270,290000100,290000100,1
2026-08-14T05:20:04Z,120271,290000100,290000100,2
2026-08-14T05:20:04Z,120274,35000000,35000000,8
2026-08-14T05:20:04Z,120293,9500,9500,50
2026-08-14T05:20:04Z,120300,1500000200,1500000200,1
2026-08-14T05:20:04Z,120328,290000100,290000100,2
2026-08-14T05:20:04Z,120329,290000100,290000100,1
2026-08-14T05:20:04Z,120330,290000100,290000100,1
2026-08-14T05:20:04Z,120331,290000100,290000100,1
2026-08-14T05:20:04Z,120332,990000100,990000100,1
2026-08-14T05:20:04Z,120333,290000100,290000100,2
2026-08-14T05:20:04Z,120959,49500,49500,415
2026-08-14T05:20:04Z,122343,9900,175100,790
2026-08-14T05:20:04Z,122344,9500,108800,108
2026-08-14T05:20:04Z,122345,298600,298600,175
2026-08-14T05:20:04Z,122346,197600,197600,121
2026-08-14T05:20:04Z,122347,120000,120000,89
2026-08-14T05:20:04Z,122348,20000,20000,70
2026-08-14T05:20:04Z,122742,1500,1500,46
2026-08-14T05:20:04Z,123918,41900,42000,1184393
2026-08-14T05:20:04Z,123919,10900,18000,167639
2026-08-14T05:20:04Z,123956,1299400,1299400,189
2026-08-14T05:20:04Z,124101,41400,41400,173935
2026-08-14T05:20:04Z,124102,53500,54000,169996
2026-08-14T05:20:04Z,124103,50100,138800,42873
2026-08-14T05:20:04Z,124104,290000,290000,393
2026-08-14T05:20:04Z,124105,94900,100000,1923
2026-08-14T05:20:04Z,124106,967800,1392200,851
2026-08-14T05:20:04Z,124107,1000,1000,3136
2026-08-14T05:20:04Z,124108,2000,2500,7041
2026-08-14T05:20:04Z,124109,59500,71700,17292
2026-08-14T05:20:04Z,124110,16200,16200,736
2026-08-14T05:20:04Z,124111,3500,4100,4023
2026-08-14T05:20:04Z,124112,6400,6400,25946
2026-08-14T05:20:04Z,124113,17500,32200,218672
2026-08-14T05:20:04Z,124115,29000,39000,38732
2026-08-14T05:20:04Z,124116,660600,949900,30069
2026-08-14T05:20:04Z,124117,27500,59600,40036
2026-08-14T05:20:04Z,124118,2200,199800,10128
2026-08-14T05:20:04Z,124119,29500,37000,33230
2026-08-14T05:20:04Z,124120,1200,1200,22271
2026-08-14T05:20:04Z,124121,200,600,36724
2026-08-14T05:20:04Z,124436,45000,45000,6692
2026-08-14T05:20:04Z,124437,7000,9000,21903
2026-08-14T05:20:04Z,124438,300,4000,205245
2026-08-14T05:20:04Z,124439,600,700,82469
2026-08-14T05:20:04Z,124440,20100,30000,34252
2026-08-14T05:20:04Z,124441,32000,32500,190202
2026-08-14T05:20:04Z,124442,119500,119800,17117
2026-08-14T05:20:04Z,124444,139800,139800,10594
2026-08-14T05:20:04Z,124461,112000,112200,59786
2026-08-14T05:20:04Z,124640,37700,37700,53966
2026-08-14T05:20:04Z,124661,139900,139900,266
2026-08-14T05:20:04Z,124669,89800,139900,194576
2026-08-14T05:20:04Z,124671,2290800,2449300,74652
2026-08-14T05:20:04Z,126934,70000,70000,205
2026-08-14T05:20:04Z,126935,750000,1005200,527
2026-08-14T05:20:04Z,126936,765100,765100,2007
2026-08-14T05:20:04Z,127004,25000,25100,9078
2026-08-14T05:20:04Z,127037,4000,4000,3276
2026-08-14T05:20:04Z,127368,12380000,12380000,6
2026-08-14T05:20:04Z,127681,9400,9400,4445
2026-08-14T05:20:04Z,127712,7500000400,7500000400,1
2026-08-14T05:20:04Z,127713,7500000400,7500000400,1
2026-08-14T05:20:04Z,127714,1895912800,1895912800,2
2026-08-14T05:20:04Z,127715,7500000400,7500000400,1
2026-08-14T05:20:04Z,127718,5500000400,5500000400,1
2026-08-14T05:20:04Z,127730,7500000400,7500000400,1
2026-08-14T05:20:04Z,127731,7500000400,7500000400,1
2026-08-14T05:20:04Z,127732,7500000400,7500000400,1
2026-08-14T05:20:04Z,127736,5500000400,5500000400,1
2026-08-14T05:20:04Z,127759,7500,9500,6052
2026-08-14T05:20:04Z,127760,22219900,22219900,4
2026-08-14T05:20:04Z,127761,32009900,33009900,13
2026-08-14T05:20:04Z,127762,43999900,43999900,4
2026-08-14T05:20:04Z,127763,1500000000,1500000000,1
2026-08-14T05:20:04Z,127764,9999900,10009800,9
2026-08-14T05:20:04Z,127765,33056900,33056900,7
2026-08-14T05:20:04Z,127834,40900,40900,672
2026-08-14T05:20:04Z,127835,79400,79400,5917
2026-08-14T05:20:04Z,127836,11000,17000,433
2026-08-14T05:20:04Z,127837,9979900,9979900,61
2026-08-14T05:20:04Z,127838,639700,639700,2249
2026-08-14T05:20:04Z,127839,229500,229600,284
2026-08-14T05:20:04Z,127840,352400,352500,120
2026-08-14T05:20:04Z,127841,493500,493500,195
2026-08-14T05:20:04Z,127843,25500,25500,263
2026-08-14T05:20:04Z,127844,12300,12300,396
2026-08-14T05:20:04Z,127845,159800,159800,135
2026-08-14T05:20:04Z,127846,77500,359700,500
2026-08-14T05:20:04Z,127847,2044000,2044000,426
2026-08-14T05:20:04Z,127848,38400,38500,644
2026-08-14T05:20:04Z,127849,1375000,1954400,214
2026-08-14T05:20:04Z,127850,29500,2039200,253
2026-08-14T05:20:04Z,127991,6800,6800,3553
2026-08-14T05:20:04Z,128011,1500000400,1500000400,1
2026-08-14T05:20:04Z,128012,7500000400,7500000400,1
2026-08-14T05:20:04Z,128013,2499980400,2499980400,2
2026-08-14T05:20:04Z,128016,7500000400,7500000400,1
2026-08-14T05:20:04Z,128018,9500000400,9500000400,1
2026-08-14T05:20:04Z,128159,2125000100,2125000100,4
2026-08-14T05:20:04Z,128219,9900000,9900000,31
2026-08-14T05:20:04Z,128304,12700,13100,8284
2026-08-14T05:20:04Z,128312,199999100,199999100,13
2026-08-14T05:20:04Z,128314,2980000,3150000,1480
2026-08-14T05:20:04Z,128315,51990000,58999900,702
2026-08-14T05:20:04Z,128385,9962300,9962300,20
2026-08-14T05:20:04Z,128436,3909900,3909900,41
2026-08-14T05:20:04Z,128498,9802300,9802300,27
2026-08-14T05:20:04Z,128499,301000,508400,378
2026-08-14T05:20:04Z,128500,8900,9200,634
2026-08-14T05:20:04Z,128537,4900,4900,181
2026-08-14T05:20:04Z,128538,29900,29900,539
2026-08-14T05:20:04Z,128539,39900,39900,342
2026-08-14T05:20:04Z,128540,1100,1200,144
2026-08-14T05:20:04Z,128541,179900,199900,583
2026-08-14T05:20:04Z,128542,790000,799900,81
2026-08-14T05:20:04Z,128543,152900,153000,479
2026-08-14T05:20:04Z,128544,230000,250000,106
2026-08-14T05:20:04Z,128545,600700,600700,51
2026-08-14T05:20:04Z,128546,189700,189700,53
2026-08-14T05:20:04Z,128547,433700,433700,67
2026-08-14T05:20:04Z,128548,10009900,10009900,22
2026-08-14T05:20:04Z,128549,9509900,9509900,39
2026-08-14T05:20:04Z,128550,8750000,9509900,42
2026-08-14T05:20:04Z,128551,2276800,2276800,97
2026-08-14T05:20:04Z,128552,1927300,1927300,77
2026-08-14T05:20:04Z,128553,2499500,2499500,95
2026-08-14T05:20:04Z,128554,9902000,9902000,45
2026-08-14T05:20:04Z,128558,9008200,9908200,64
2026-08-14T05:20:04Z,128559,90000,90000,132
2026-08-14T05:20:04Z,128560,50000,50000,80
2026-08-14T05:20:04Z,128561,29500,29500,157
2026-08-14T05:20:04Z,128632,8900,14200,1614
2026-08-14T05:20:04Z,128648,222400,222400,126
2026-08-14T05:20:04Z,128650,5000,5000,1139
2026-08-14T05:20:04Z,128713,30950800,34950800,10
2026-08-14T05:20:04Z,128714,39994500,39994500,24
2026-08-14T05:20:04Z,128715,5008700,199908700,9
2026-08-14T05:20:04Z,128716,198999900,198999900,15
2026-08-14T05:20:04Z,128717,199596900,199596900,6
2026-08-14T05:20:04Z,128718,5000000,5000000,4
2026-08-14T05:20:04Z,128719,15543500,15543500,19
2026-08-14T05:20:04Z,128720,199899800,199899800,2
2026-08-14T05:20:04Z,128721,29773100,29773100,20
2026-08-14T05:20:04Z,128722,9921000,9921000,19
2026-08-14T05:20:04Z,128723,19985700,19985700,14
2026-08-14T05:20:04Z,128724,1506500,1506500,12
2026-08-14T05:20:04Z,128725,39960400,39960400,6
2026-08-14T05:20:04Z,128726,35482000,39993100,7
2026-08-14T05:20:04Z,128727,4500000,4500000,11
2026-08-14T05:20:04Z,128728,31111500,31111500,5
2026-08-14T05:20:04Z,128729,19969700,19969700,34
2026-08-14T05:20:04Z,128730,14977000,14992200,17
2026-08-14T05:20:04Z,128731,199700100,199700100,6
2026-08-14T05:20:04Z,128732,48000000,48000000,5
2026-08-14T05:20:04Z,128733,198429900,198429900,10
2026-08-14T05:20:04Z,128734,199905100,199905100,3
2026-08-14T05:20:04Z,128735,13321500,13321500,13
2026-08-14T05:20:04Z,128736,28537800,28537800,9
2026-08-14T05:20:04Z,128737,14569000,14569000,2
2026-08-14T05:20:04Z,128738,40000000,49999900,15
2026-08-14T05:20:04Z,128739,105999900,105999900,4
2026-08-14T05:20:04Z,128740,150000000,150000000,15
2026-08-14T05:20:04Z,128741,35000000,39999600,26
2026-08-14T05:20:04Z,128742,199663800,199663800,13
2026-08-14T05:20:04Z,128743,5000000,10203000,21
2026-08-14T05:20:04Z,128744,149882200,149882200,11
2026-08-14T05:20:04Z,128761,29900,29900,95
2026-08-14T05:20:04Z,128763,199700,199700,156
2026-08-14T05:20:04Z,128764,666500,9897000,45
2026-08-14T05:20:04Z,128768,19800,19900,249
2026-08-14T05:20:04Z,128793,2200,4400,69
2026-08-14T05:20:04Z,128833,820000,820000,210
2026-08-14T05:20:04Z,128834,159900,159900,246
2026-08-14T05:20:04Z,128835,690000,690000,215
2026-08-14T05:20:04Z,128836,700000,700000,237
2026-08-14T05:20:04Z,128837,210300,210400,208
2026-08-14T05:20:04Z,128838,44200,44200,175
2026-08-14T05:20:04Z,128839,159000,159000,305
2026-08-14T05:20:04Z,128840,75000,75000,186
2026-08-14T05:20:04Z,128841,18900,18900,121
2026-08-14T05:20:04Z,128842,199900,199900,65
2026-08-14T05:20:04Z,128843,846600,846600,264
2026-08-14T05:20:04Z,128844,44400,44400,142
2026-08-14T05:20:04Z,128845,39500,39500,222
2026-08-14T05:20:04Z,128846,44400,44400,155
2026-08-14T05:20:04Z,128847,199900,199900,361
2026-08-14T05:20:04Z,128848,10000,10000,70
2026-08-14T05:20:04Z,128849,665000,665000,204
2026-08-14T05:20:04Z,128850,39990000,39990000,144
2026-08-14T05:20:04Z,128851,50000,50000,269
2026-08-14T05:20:04Z,128853,909900,909900,195
2026-08-14T05:20:04Z,128979,9808000,9808000,24
2026-08-14T05:20:04Z,128980,1985100,1985100,74
2026-08-14T05:20:04Z,128983,3900000,3900000,15
2026-08-14T05:20:04Z,128984,3902500,3902500,14
2026-08-14T05:20:04Z,128987,1509300,1509300,52
2026-08-14T05:20:04Z,128988,9994800,9994800,43
2026-08-14T05:20:04Z,128989,9985800,9985800,54
2026-08-14T05:20:04Z,128990,7642100,7642100,86
2026-08-14T05:20:04Z,128991,5003600,5003600,61
2026-08-14T05:20:04Z,128992,3463800,3463800,44
2026-08-14T05:20:04Z,128993,3564300,3564300,62
2026-08-14T05:20:04Z,128994,996500,996500,146
2026-08-14T05:20:04Z,128995,40000,990000,129
2026-08-14T05:20:04Z,128996,739900,740000,159
2026-08-14T05:20:04Z,128997,999700,999700,177
2026-08-14T05:20:04Z,128998,480000,480000,127
2026-08-14T05:20:04Z,128999,696000,696000,206
2026-08-14T05:20:04Z,129000,891000,891000,75
2026-08-14T05:20:04Z,129001,998900,998900,184
2026-08-14T05:20:04Z,129002,940500,940500,200
2026-08-14T05:20:04Z,129003,439900,439900,163
2026-08-14T05:20:04Z,129017,3806700,3806700,301
2026-08-14T05:20:04Z,129018,6869600,6870000,270
2026-08-14T05:20:04Z,129019,7497400,7498900,284
2026-08-14T05:20:04Z,129020,6000500,6001700,146
2026-08-14T05:20:04Z,129021,3999600,3999600,200
2026-08-14T05:20:04Z,129022,7109900,7110900,196
2026-08-14T05:20:04Z,129028,5009900,5009900,198
2026-08-14T05:20:04Z,129029,5990900,5990900,107
2026-08-14T05:20:04Z,129032,43100,43100,60277
2026-08-14T05:20:04Z,129034,426300,440800,76259
2026-08-14T05:20:04Z,129099,899400,899400,40
2026-08-14T05:20:04Z,129100,61800,65700,22050
2026-08-14T05:20:04Z,129158,2000,69000,8781
2026-08-14T05:20:04Z,129284,499400,499400,114
2026-08-14T05:20:04Z,129285,643500,749900,1717
2026-08-14T05:20:04Z,129286,1503600,1503600,82
2026-08-14T05:20:04Z,129287,950000,950000,57
2026-08-14T05:20:04Z,129288,369800,369900,273
2026-08-14T05:20:04Z,129289,12600000,12990000,139
2026-08-14T05:20:04Z,130172,890000,890000,1943
2026-08-14T05:20:04Z,130173,32500,35000,2626
2026-08-14T05:20:04Z,130174,54400,54400,2233
2026-08-14T05:20:04Z,130175,168300,168300,3227
2026-08-14T05:20:04Z,130176,28800,38000,5632
2026-08-14T05:20:04Z,130177,30000,30000,6142
2026-08-14T05:20:04Z,130178,501200,501200,507
2026-08-14T05:20:04Z,130179,106700,106700,2160
2026-08-14T05:20:04Z,130180,76000,76000,383
2026-08-14T05:20:04Z,130181,3995800,3995800,685
2026-08-14T05:20:04Z,130182,69000,69000,449
2026-08-14T05:20:04Z,130183,58200,58200,425
2026-08-14T05:20:04Z,130192,300,300,122
2026-08-14T05:20:04Z,130200,459600,459600,89
2026-08-14T05:20:04Z,130201,659400,659400,91
2026-08-14T05:20:04Z,130202,1124900,1124900,69
2026-08-14T05:20:04Z,130203,95700,95700,105
2026-08-14T05:20:04Z,130204,300400,300400,58
2026-08-14T05:20:04Z,130215,19700,19800,59
2026-08-14T05:20:04Z,130216,78500,78500,57
2026-08-14T05:20:04Z,130217,35000,35000,141
2026-08-14T05:20:04Z,130218,161300,161300,35
2026-08-14T05:20:04Z,130219,1139000,1139000,29
2026-08-14T05:20:04Z,130220,409900,799600,66
2026-08-14T05:20:04Z,130221,590000,590000,46
2026-08-14T05:20:04Z,130222,950000,999900,36
2026-08-14T05:20:04Z,130245,10000000,10000000,38
2026-08-14T05:20:04Z,130246,15464600,15464600,64
2026-08-14T05:20:04Z,130247,11113100,11113100,95
2026-08-14T05:20:04Z,130248,18504700,18504700,82
2026-08-14T05:20:04Z,130250,89100,89100,84
2026-08-14T05:20:04Z,130258,91400,91400,27
2026-08-14T05:20:04Z,130264,49009800,49009800,78
2026-08-14T05:20:04Z,130265,15000000,15000000,22
2026-08-14T05:20:04Z,130268,49000000,49000000,38
2026-08-14T05:20:04Z,130903,580100,588900,2433
2026-08-14T05:20:04Z,130904,479800,489900,1365
2026-08-14T05:20:04Z,130905,239500,239600,2734
2026-08-14T05:20:04Z,131729,32900,32900,4427
2026-08-14T05:20:04Z,131746,1499600,1500000,127
2026-08-14T05:20:04Z,132166,1500003100,1500003100,1
2026-08-14T05:20:04Z,132182,290000700,290000700,1
2026-08-14T05:20:04Z,132183,28700,28700,25
2026-08-14T05:20:04Z,132184,2900,2900,55
2026-08-14T05:20:04Z,132185,38990000,38990000,2
2026-08-14T05:20:04Z,132186,970700,970700,25
2026-08-14T05:20:04Z,132188,1500000000,1500000000,2
2026-08-14T05:20:04Z,132189,34000000,49000000,23
2026-08-14T05:20:04Z,132190,409600,409600,4
2026-08-14T05:20:04Z,132191,290000000,290000000,1
2026-08-14T05:20:04Z,132192,29900,29900,27
2026-08-14T05:20:04Z,132193,4900,4900,30
2026-08-14T05:20:04Z,132194,290000000,290000000,2
2026-08-14T05:20:04Z,132197,200002000,200002000,2
2026-08-14T05:20:04Z,132199,34900,34900,43
2026-08-14T05:20:04Z,132200,45007100,45007100,3
2026-08-14T05:20:04Z,132204,2100,2100,63
2026-08-14T05:20:04Z,132207,290003700,290003700,1
2026-08-14T05:20:04Z,132208,49000000,49005000,21
2026-08-14T05:20:04Z,132211,20000000,49000000,17
2026-08-14T05:20:04Z,132212,2900,2900,133
2026-08-14T05:20:04Z,132213,1806500,1806500,19
2026-08-14T05:20:04Z,132216,1205500,1205500,4
2026-08-14T05:20:04Z,132217,27100,27100,31
2026-08-14T05:20:04Z,132218,130000,130000,5
2026-08-14T05:20:04Z,132219,5000000,5000000,6
2026-08-14T05:20:04Z,132220,500000,500000,41
2026-08-14T05:20:04Z,132223,31000,31000,61
2026-08-14T05:20:04Z,132224,290000000,290000000,2
2026-08-14T05:20:04Z,132225,290003900,290003900,1
2026-08-14T05:20:04Z,132227,290008400,290008400,2
2026-08-14T05:20:04Z,132229,49006100,49006100,10
2026-08-14T05:20:04Z,132230,3500000,3500000,4
2026-08-14T05:20:04Z,132231,2200,2200,186
2026-08-14T05:20:04Z,132232,850000,850000,4
2026-08-14T05:20:04Z,132233,2200,2200,28
2026-08-14T05:20:04Z,132234,29900,29900,37
2026-08-14T05:20:04Z,132235,290007500,290007500,6
2026-08-14T05:20:04Z,132237,48000000,48000000,30
2026-08-14T05:20:04Z,132238,290002000,290002000,1
2026-08-14T05:20:04Z,132239,49009600,49009600,17
2026-08-14T05:20:04Z,132240,49000700,49000700,20
2026-08-14T05:20:04Z,132509,240000,250000,187
2026-08-14T05:20:04Z,132510,9900,9900,1677
2026-08-14T05:20:04Z,132513,1899300,1899300,184
2026-08-14T05:20:04Z,132514,790000,930000,157894
2026-08-14T05:20:04Z,132515,499800,499800,139
2026-08-14T05:20:04Z,132516,1209300,1209300,1896
2026-08-14T05:20:04Z,132517,9992700,9992700,20
2026-08-14T05:20:04Z,132524,28000000,28000000,40
2026-08-14T05:20:04Z,132525,8870000,8870000,338
2026-08-14T05:20:04Z,132526,4320300,4320300,22
2026-08-14T05:20:04Z,132528,4005900,4005900,32
2026-08-14T05:20:04Z,132530,39789500,39789500,37
2026-08-14T05:20:04Z,132531,3939927500,3939927500,8
2026-08-14T05:20:04Z,132752,279300,9701000,329
2026-08-14T05:20:04Z,132753,2900,2900,296
2026-08-14T05:20:04Z,132982,7000000,7000000,56
2026-08-14T05:20:04Z,133545,6654700,6654700,40
2026-08-14T05:20:04Z,133553,1993800,49003800,22
2026-08-14T05:20:04Z,133557,5500,5500,103
2026-08-14T05:20:04Z,133561,14800,14900,74
2026-08-14T05:20:04Z,133562,3337800,3337800,695
2026-08-14T05:20:04Z,133563,9000,10000,317
2026-08-14T05:20:04Z,133564,114900,115000,3562
2026-08-14T05:20:04Z,133565,139900,140100,312
2026-08-14T05:20:04Z,133566,9943400,9943400,56
2026-08-14T05:20:04Z,133567,1300,1300,230
2026-08-14T05:20:04Z,133568,210100,210100,184
2026-08-14T05:20:04Z,133569,17400,17500,313
2026-08-14T05:20:04Z,133570,1300,1300,289
2026-08-14T05:20:04Z,133571,4000,4000,121
2026-08-14T05:20:04Z,133572,2500,2600,173
2026-08-14T05:20:04Z,133573,4900,39200,569
2026-08-14T05:20:04Z,133574,6500,6500,497
2026-08-14T05:20:04Z,133575,1300,1300,716
2026-08-14T05:20:04Z,133576,7500,7500,8261
2026-08-14T05:20:04Z,133577,3300,3300,92
2026-08-14T05:20:04Z,133578,5559800,5559800,163
2026-08-14T05:20:04Z,133579,339000,339000,62
2026-08-14T05:20:04Z,133586,500000,500000,225
2026-08-14T05:20:04Z,133588,20100,20100,1694
2026-08-14T05:20:04Z,133589,9700,9700,2485
2026-08-14T05:20:04Z,133590,9100,9100,1545
2026-08-14T05:20:04Z,133591,2200,2200,4772
2026-08-14T05:20:04Z,133592,18000,18000,1950
2026-08-14T05:20:04Z,133593,5900,6000,594
2026-08-14T05:20:04Z,133607,1000,1300,23419
2026-08-14T05:20:04Z,133680,119900,119900,1354
2026-08-14T05:20:04Z,133681,4900,4900,493
2026-08-14T05:20:04Z,133688,5000,5000,306
2026-08-14T05:20:04Z,133893,9999300,9999300,34
2026-08-14T05:20:04Z,133913,9990300,9990300,24
2026-08-14T05:20:04Z,133940,40000,40000,743
2026-08-14T05:20:04Z,133942,28000,28000,410
2026-08-14T05:20:04Z,133979,199006900,199006900,1
2026-08-14T05:20:04Z,133980,210000,210000,160
2026-08-14T05:20:04Z,133981,9900000,9900000,32
2026-08-14T05:20:04Z,134048,290000100,290000100,6
2026-08-14T05:20:04Z,134049,290000100,290000100,3
2026-08-14T05:20:04Z,134050,290000100,290000100,2
2026-08-14T05:20:04Z,134051,49000100,49000100,21
2026-08-14T05:20:04Z,134052,290000100,290000100,2
2026-08-14T05:20:04Z,134053,6001800,6001800,5
2026-08-14T05:20:04Z,134054,49000100,49000100,13
2026-08-14T05:20:04Z,134860,1240000,1240000,233
2026-08-14T05:20:04Z,136342,3500,3500,415
2026-08-14T05:20:04Z,136353,290001300,290001300,1
2026-08-14T05:20:04Z,136355,990001000,990001000,1
2026-08-14T05:20:04Z,136375,2992700,4502700,35
2026-08-14T05:20:04Z,136376,19992800,19992800,9
2026-08-14T05:20:04Z,136377,20000,21800,374
2026-08-14T05:20:04Z,136544,9969900,9969900,67
2026-08-14T05:20:04Z,136545,12000,12100,76
2026-08-14T05:20:04Z,136546,89800,9896000,43
2026-08-14T05:20:04Z,136547,49300,109300,53
2026-08-14T05:20:04Z,136548,100000,290000,48
2026-08-14T05:20:04Z,136549,299900,9940000,33
2026-08-14T05:20:04Z,136550,29800,29800,57
2026-08-14T05:20:04Z,136551,57400,93400,49
2026-08-14T05:20:04Z,136552,299000,299000,30
2026-08-14T05:20:04Z,136553,60600,9890600,39
2026-08-14T05:20:04Z,136554,59800,59800,45
2026-08-14T05:20:04Z,136555,99900,9900000,38
2026-08-14T05:20:04Z,136556,6900,6900,120
2026-08-14T05:20:04Z,136557,44700,44700,62
2026-08-14T05:20:04Z,136558,40000,40000,65
2026-08-14T05:20:04Z,136559,24772200,49992300,7
2026-08-14T05:20:04Z,136560,804100,9994100,24
2026-08-14T05:20:04Z,136561,18000,18000,63
2026-08-14T05:20:04Z,136562,500000,960000,56
2026-08-14T05:20:04Z,136563,9808900,9898900,35
2026-08-14T05:20:04Z,136564,186500,186500,59
2026-08-14T05:20:04Z,136565,900100,900100,42
2026-08-14T05:20:04Z,136566,97400,9849900,41
2026-08-14T05:20:04Z,136567,29200,29200,109
2026-08-14T05:20:04Z,136568,8910000,9000000,33
2026-08-14T05:20:04Z,136569,53400,55000,222
2026-08-14T05:20:04Z,136570,290006500,290006500,2
2026-08-14T05:20:04Z,136571,9906500,9906500,2
2026-08-14T05:20:04Z,136572,450006500,450006500,1
2026-08-14T05:20:04Z,136573,290006500,290006500,2
2026-08-14T05:20:04Z,136574,4446500,4446500,3
2026-08-14T05:20:04Z,136575,290006500,290006500,1
2026-08-14T05:20:04Z,136576,990006500,990006500,1
2026-08-14T05:20:04Z,136597,49000100,49000100,20
2026-08-14T05:20:04Z,136598,49000100,49000100,20
2026-08-14T05:20:04Z,136606,242400,242400,373
2026-08-14T05:20:04Z,136633,49600,49600,564
2026-08-14T05:20:04Z,136636,42400,42800,83
2026-08-14T05:20:04Z,136637,14500,22000,2222
2026-08-14T05:20:04Z,136638,500000,500000,391
2026-08-14T05:20:04Z,136653,200000,200000,526
2026-08-14T05:20:04Z,136654,10000,10000,361
2026-08-14T05:20:04Z,136708,2150200,2150200,277
2026-08-14T05:20:04Z,136825,4969800,4979800,232
2026-08-14T05:20:04Z,136826,4679600,4679600,211
2026-08-14T05:20:04Z,136852,500,500,222
2026-08-14T05:20:04Z,136856,30000,30000,41
2026-08-14T05:20:04Z,136857,45530200,45530200,4
2026-08-14T05:20:04Z,137188,4006600,6543700,271
2026-08-14T05:20:04Z,137191,6004100,6004100,307
2026-08-14T05:20:04Z,137238,4992100,4993100,378
2026-08-14T05:20:04Z,137239,5986900,5987600,252
2026-08-14T05:20:04Z,137240,1500007600,1500007600,1
2026-08-14T05:20:04Z,137249,5006900,5007400,141
2026-08-14T05:20:04Z,137250,5959100,5961500,476
2026-08-14T05:20:04Z,137267,5007200,5007200,91
2026-08-14T05:20:04Z,137269,4453000,4503400,171
2026-08-14T05:20:04Z,137274,5500500,5500500,98
2026-08-14T05:20:04Z,137287,5998300,5998400,148
2026-08-14T05:20:04Z,137288,4990000,4990000,203
2026-08-14T05:20:04Z,137289,8300000,8300000,71
2026-08-14T05:20:04Z,137293,3333300,3333300,87
2026-08-14T05:20:04Z,137556,820000,820000,55
2026-08-14T05:20:04Z,137557,497800,497800,54
2026-08-14T05:20:04Z,137558,500000,500000,54
2026-08-14T05:20:04Z,137643,8000000,49000000,21
2026-08-14T05:20:04Z,137644,49004100,49004100,21
2026-08-14T05:20:04Z,138196,49003900,49003900,10
2026-08-14T05:20:04Z,138285,1200000,1200000,57
2026-08-14T05:20:04Z,138290,40000,40000,80
2026-08-14T05:20:04Z,138292,1300,1300,136
2026-08-14T05:20:04Z,138294,3500000,3500000,66
2026-08-14T05:20:04Z,138295,1788800,1788800,48
2026-08-14T05:20:04Z,138382,157600,157600,161
2026-08-14T05:20:04Z,138383,420000,420000,905
2026-08-14T05:20:04Z,138384,880000,880000,83
2026-08-14T05:20:04Z,138486,70600,73000,15645
2026-08-14T05:20:04Z,138488,83900,200000,10877
2026-08-14T05:20:04Z,138727,10500,34200,9855
2026-08-14T05:20:04Z,138728,900,1000,19895
2026-08-14T05:20:04Z,138729,700,980000,10561
2026-08-14T05:20:04Z,138875,300,300,552
2026-08-14T05:20:04Z,138884,19990000,19990000,44
2026-08-14T05:20:04Z,138967,700,700,5027
2026-08-14T05:20:04Z,138972,9900000,9900000,19
2026-08-14T05:20:04Z,138973,9900000,9900000,20
2026-08-14T05:20:04Z,138974,9900000,9900000,19
2026-08-14T05:20:04Z,138975,9900000,9900000,25
2026-08-14T05:20:04Z,138976,9900000,9900000,24
2026-08-14T05:20:04Z,138977,260000,260000,229
2026-08-14T05:20:04Z,138978,9900000,9900000,40
2026-08-14T05:20:04Z,138979,5000,5000,2246
2026-08-14T05:20:04Z,138980,339700,9969700,60
2026-08-14T05:20:04Z,138981,9960200,9960200,85
2026-08-14T05:20:04Z,138982,150000,150000,103
2026-08-14T05:20:04Z,138983,9969800,9969800,29
2026-08-14T05:20:04Z,138986,9900000,9900000,68
2026-08-14T05:20:04Z,138987,9901900,9901900,104
2026-08-14T05:20:04Z,139036,440000,440000,252
2026-08-14T05:20:04Z,139175,1579400,1579400,156
2026-08-14T05:20:04Z,139270,6000000,6007900,88
2026-08-14T05:20:04Z,139271,5503500,5504000,152
2026-08-14T05:20:04Z,139278,8007900,8008600,129
2026-08-14T05:20:04Z,139288,5199900,5259500,220
2026-08-14T05:20:04Z,139289,4298000,4299800,137
2026-08-14T05:20:04Z,139310,6490000,6490000,145
2026-08-14T05:20:04Z,139311,7000000,7000000,178
2026-08-14T05:20:04Z,139312,90821200,90821200,4
2026-08-14T05:20:04Z,139314,5509800,5509800,150
2026-08-14T05:20:04Z,139315,6250000,6250000,167
2026-08-14T05:20:04Z,139316,290000100,290000100,1
2026-08-14T05:20:04Z,139317,290000100,290000100,1
2026-08-14T05:20:04Z,139318,290000100,290000100,1
2026-08-14T05:20:04Z,139338,4330000,4330000,159
2026-08-14T05:20:04Z,139339,2999900,4340000,378
2026-08-14T05:20:04Z,139344,9993000,9993000,103
2026-08-14T05:20:04Z,139345,399900,399900,88
2026-08-14T05:20:04Z,139346,9970400,9970400,124
2026-08-14T05:20:04Z,139347,9786200,9786200,30
2026-08-14T05:20:04Z,139348,5589700,5590900,110
2026-08-14T05:20:04Z,139352,5549900,5549900,57
2026-08-14T05:20:04Z,139358,4926800,4927400,119
2026-08-14T05:20:04Z,139362,6992800,6994300,158
2026-08-14T05:20:04Z,139375,873900,2113900,119
2026-08-14T05:20:04Z,139389,20000300,189070300,12
2026-08-14T05:20:04Z,139398,9959900,9959900,25
2026-08-14T05:20:04Z,139417,6501600,6501600,130
2026-08-14T05:20:04Z,139435,6492700,6492900,147
2026-08-14T05:20:04Z,139436,7641600,7641600,55
2026-08-14T05:20:04Z,139437,4699900,4699900,331
2026-08-14T05:20:04Z,139438,4799800,4799800,151
2026-08-14T05:20:04Z,139442,7092600,7092600,91
2026-08-14T05:20:04Z,139503,459000,459000,534
2026-08-14T05:20:04Z,139783,48600,48600,8
2026-08-14T05:20:04Z,139785,3484897000,3484897000,1
2026-08-14T05:20:04Z,139786,1400000,1400000,1213
2026-08-14T05:20:04Z,139890,6999700,24990000,832
2026-08-14T05:20:04Z,140187,1700,1700,110
2026-08-14T05:20:04Z,140188,1700,1700,130
2026-08-14T05:20:04Z,140189,2800,2800,103
2026-08-14T05:20:04Z,140201,9905600,9905600,25
2026-08-14T05:20:04Z,140202,9905700,9905700,22
2026-08-14T05:20:04Z,140203,9905700,9905700,19
2026-08-14T05:20:04Z,140204,105000,105000,64
2026-08-14T05:20:04Z,140205,9900400,9900400,25
2026-08-14T05:20:04Z,140206,9906900,9906900,25
2026-08-14T05:20:04Z,140207,9900000,9900000,24
2026-08-14T05:20:04Z,140265,700000,700000,154
2026-08-14T05:20:04Z,140266,813900,813900,215
2026-08-14T05:20:04Z,140269,700000,700000,190
2026-08-14T05:20:04Z,140272,186200,186200,192
2026-08-14T05:20:04Z,140273,100000,100000,95
2026-08-14T05:20:04Z,140275,700000,700000,155
2026-08-14T05:20:04Z,140276,2600,2600,153
2026-08-14T05:20:04Z,140286,55200,55200,108
2026-08-14T05:20:04Z,140296,1000000,1000000,55
2026-08-14T05:20:04Z,140297,750000,750000,133
2026-08-14T05:20:04Z,140298,1009800,1009800,206
2026-08-14T05:20:04Z,140299,220000,220000,100
2026-08-14T05:20:04Z,140300,220300,220300,119
2026-08-14T05:20:04Z,140301,1650000,1650000,119
2026-08-14T05:20:04Z,140302,9840000,9840000,110
2026-08-14T05:20:04Z,140321,290000100,290000100,1
2026-08-14T05:20:04Z,140337,79900,1199900,196
2026-08-14T05:20:04Z,140338,99900,999900,115
2026-08-14T05:20:04Z,140339,9900000,9900000,25
2026-08-14T05:20:04Z,140340,9909800,9909800,125
2026-08-14T05:20:04Z,140341,79900,79900,121
2026-08-14T05:20:04Z,140342,559700,9969700,139
2026-08-14T05:20:04Z,140344,79900,79900,133
2026-08-14T05:20:04Z,140347,24500,24500,40
2026-08-14T05:20:04Z,140351,73400,73400,97
2026-08-14T05:20:04Z,140355,4197600,4418500,37
2026-08-14T05:20:04Z,140567,4990000,9980100,21
2026-08-14T05:20:04Z,140568,3900000,3900000,19
2026-08-14T05:20:04Z,140587,93600,93600,455
2026-08-14T05:20:04Z,140626,199991000,199991000,6
2026-08-14T05:20:04Z,140627,9999900,9999900,25
2026-08-14T05:20:04Z,140628,19898200,19898200,9
2026-08-14T05:20:04Z,140629,39900100,39900100,10
2026-08-14T05:20:04Z,140630,8927400,8927600,268
2026-08-14T05:20:04Z,140631,39700,39700,132
2026-08-14T05:20:04Z,140668,19000,19000,92
2026-08-14T05:20:04Z,140679,9963100,9963100,34
2026-08-14T05:20:04Z,140753,10000,10000,52
2026-08-14T05:20:04Z,140754,19700,9840000,49
2026-08-14T05:20:04Z,141206,1003200,1003200,153
2026-08-14T05:20:04Z,141207,1259000,1259000,55
2026-08-14T05:20:04Z,141208,2300000,2300000,60
2026-08-14T05:20:04Z,141209,664800,664800,68
2026-08-14T05:20:04Z,141210,1200400,1200400,151
2026-08-14T05:20:04Z,141211,330500,9970500,169
2026-08-14T05:20:04Z,141212,9850000,9850000,89
2026-08-14T05:20:04Z,141213,338300,338300,184
2026-08-14T05:20:04Z,141214,5009900,5009900,35
2026-08-14T05:20:04Z,141215,2500000,2500000,228
2026-08-14T05:20:04Z,141318,5880400,5880400,16
2026-08-14T05:20:04Z,141319,2493000,2493000,31
2026-08-14T05:20:04Z,141320,560000,560000,36
2026-08-14T05:20:04Z,141333,4248200,4248200,28
2026-08-14T05:20:04Z,141446,100000,100000,28
2026-08-14T05:20:04Z,141527,50000,50000,84
2026-08-14T05:20:04Z,141640,31900100,31900100,120
2026-08-14T05:20:04Z,141641,4006600,4006600,31
2026-08-14T05:20:04Z,141898,5505200,5505200,111
2026-08-14T05:20:04Z,141908,2349400,2349400,74
2026-08-14T05:20:04Z,141909,7500000,7500000,64
2026-08-14T05:20:04Z,141910,906800,906800,181
2026-08-14T05:20:04Z,141957,1500005700,1500005700,1
2026-08-14T05:20:04Z,142101,159900,990000,114
2026-08-14T05:20:04Z,142102,289900,290000,265
2026-08-14T05:20:04Z,142103,990000,990000,117
2026-08-14T05:20:04Z,142117,17700,18000,1433
2026-08-14T05:20:04Z,142262,259700,307900,28
2026-08-14T05:20:04Z,142263,11200,11200,321
2026-08-14T05:20:04Z,142264,56500,56500,129
2026-08-14T05:20:04Z,142266,300,300,12443
2026-08-14T05:20:04Z,142334,10900,10900,409
2026-08-14T05:20:04Z,142335,2500,3200,7331
2026-08-14T05:20:04Z,142336,400,3900,50286
2026-08-14T05:20:04Z,142406,20900,20900,161
2026-08-14T05:20:04Z,143588,6799900,6799900,104
2026-08-14T05:20:04Z,143618,290003900,290003900,1
2026-08-14T05:20:04Z,143619,290005400,290005400,1
2026-08-14T05:20:04Z,143633,197990100,197990100,2
2026-08-14T05:20:04Z,143634,195200000,195200000,1
2026-08-14T05:20:04Z,143635,199000900,199000900,1
2026-08-14T05:20:04Z,143636,199900400,199900400,1
2026-08-14T05:20:04Z,143681,800,800,867
2026-08-14T05:20:04Z,143750,4368100,4368100,113
2026-08-14T05:20:04Z,143846,1500001300,1500001300,1
2026-08-14T05:20:04Z,143853,4999900,4999900,90
2026-08-14T05:20:04Z,144283,5500000100,5500000100,1
2026-08-14T05:20:04Z,144284,5500000200,5500000200,1
2026-08-14T05:20:04Z,144287,290000100,290000100,1
2026-08-14T05:20:04Z,144289,990000100,990000100,1
2026-08-14T05:20:04Z,144290,5500000100,5500000100,1
2026-08-14T05:20:04Z,144304,363900,363900,55
2026-08-14T05:20:04Z,144305,307600,307600,73
2026-08-14T05:20:04Z,144306,300000,300000,69
2026-08-14T05:20:04Z,144307,300000,300000,94
2026-08-14T05:20:04Z,144329,6490900,6490900,256
2026-08-14T05:20:04Z,144396,199899700,199899700,1
2026-08-14T05:20:04Z,144397,199979600,199979600,1
2026-08-14T05:20:04Z,144398,39889100,39889100,10
2026-08-14T05:20:04Z,144408,49001300,49001300,20
2026-08-14T05:20:04Z,146406,4452500,9908800,31
2026-08-14T05:20:04Z,147119,7500000,7500000,233
2026-08-14T05:20:04Z,147210,49000100,49000100,20
2026-08-14T05:20:04Z,147669,97200,98100,58
2026-08-14T05:20:04Z,147774,209600,9906000,47
2026-08-14T05:20:04Z,147775,896100,896100,1179
2026-08-14T05:20:04Z,147776,200000,200000,128
2026-08-14T05:20:04Z,147777,499800,9900000,50
2026-08-14T05:20:04Z,147868,333100,400000,49
2026-08-14T05:20:04Z,147869,1000,1800,10795
2026-08-14T05:20:04Z,147870,6800,6800,20
2026-08-14T05:20:04Z,149755,181300,181300,183
2026-08-14T05:20:04Z,151034,290001200,290001200,1
2026-08-14T05:20:04Z,151121,9988500,9988500,20
2026-08-14T05:20:04Z,151122,9900000,9900000,25
2026-08-14T05:20:04Z,151123,9990000,9990000,25
2026-08-14T05:20:04Z,151124,9990000,9990000,21
2026-08-14T05:20:04Z,151133,2899900,2899900,883
2026-08-14T05:20:04Z,151256,25000,26500,1272
2026-08-14T05:20:04Z,151257,16500,16500,95
2026-08-14T05:20:04Z,151386,1152600,1152600,5
2026-08-14T05:20:04Z,151387,19615200,19615200,3
2026-08-14T05:20:04Z,151388,144704800,144704800,3
2026-08-14T05:20:04Z,151389,50000000,50000000,4
2026-08-14T05:20:04Z,151390,4445600,4445600,41
2026-08-14T05:20:04Z,151391,240000,240000,63
2026-08-14T05:20:04Z,151392,80000,80000,20
2026-08-14T05:20:04Z,151393,49000000,49000000,14
2026-08-14T05:20:04Z,151394,901400,901400,29
2026-08-14T05:20:04Z,151431,1000000,1000000,24
2026-08-14T05:20:04Z,151444,98100,98100,31
2026-08-14T05:20:04Z,151538,7000500,7000500,188
2026-08-14T05:20:04Z,151540,6553100,6553800,102
2026-08-14T05:20:04Z,151542,6506300,6506300,291
2026-08-14T05:20:04Z,151564,52600,63900,29716
2026-08-14T05:20:04Z,151565,95700,121500,44445
2026-08-14T05:20:04Z,151566,700,900,38969
2026-08-14T05:20:04Z,151567,2900,3000,145253
2026-08-14T05:20:04Z,151579,89900,99900,758
2026-08-14T05:20:04Z,151580,514200,514200,56
2026-08-14T05:20:04Z,151583,703900,743900,101
2026-08-14T05:20:04Z,151584,1303300,1303300,33
2026-08-14T05:20:04Z,151585,150600,150600,50
2026-08-14T05:20:04Z,151608,606700,606700,181
2026-08-14T05:20:04Z,151609,10000,12300,2676
2026-08-14T05:20:04Z,151610,209800,9972200,28
2026-08-14T05:20:04Z,151651,13441100,13441100,11
2026-08-14T05:20:04Z,151718,6899900,6899900,661
2026-08-14T05:20:04Z,151719,969900,999900,233
2026-08-14T05:20:04Z,151720,679900,699900,890
2026-08-14T05:20:04Z,151721,279900,304200,558
2026-08-14T05:20:04Z,151722,139900,169900,187
2026-08-14T05:20:04Z,151774,9900000,9900000,33
2026-08-14T05:20:04Z,151775,49999900,49999900,5
2026-08-14T05:20:04Z,152099,9900100,9900100,5
2026-08-14T05:20:04Z,152296,49001400,49001400,20
2026-08-14T05:20:04Z,152494,99000,99000,442
2026-08-14T05:20:04Z,152495,9400,9400,170
2026-08-14T05:20:04Z,152496,2500,2500,175
2026-08-14T05:20:04Z,152497,8600,8600,242
2026-08-14T05:20:04Z,152503,147400,161400,210
2026-08-14T05:20:04Z,152505,75000,79900,32945
2026-08-14T05:20:04Z,152506,80000,890000,10036
2026-08-14T05:20:04Z,152507,70000,77900,1935
2026-08-14T05:20:04Z,152508,74400,96500,40386
2026-08-14T05:20:04Z,152509,74000,74200,6458
2026-08-14T05:20:04Z,152510,180000,189700,35470
2026-08-14T05:20:04Z,152511,75000,77100,4493
2026-08-14T05:20:04Z,152512,19700,31900,614131
2026-08-14T05:20:04Z,152513,37500,50400,10460
2026-08-14T05:20:04Z,152541,30000,52600,45276
2026-08-14T05:20:04Z,152542,900,1000,126777
2026-08-14T05:20:04Z,152543,11000,11100,38775
2026-08-14T05:20:04Z,152544,11400,15300,23216
2026-08-14T05:20:04Z,152545,11000,11000,56491
2026-08-14T05:20:04Z,152546,6700,6800,25476
2026-08-14T05:20:04Z,152547,55300,55300,51065
2026-08-14T05:20:04Z,152548,250000,365500,7423
2026-08-14T05:20:04Z,152549,751600,751600,606
2026-08-14T05:20:04Z,152550,27600,27600,177
2026-08-14T05:20:04Z,152557,49500,49600,202
2026-08-14T05:20:04Z,152559,20000,30000,188
2026-08-14T05:20:04Z,152560,30000,30000,225
2026-08-14T05:20:04Z,152561,8900,8900,86
2026-08-14T05:20:04Z,152564,179900,179900,389
2026-08-14T05:20:04Z,152576,7000,9100,238122
2026-08-14T05:20:04Z,152577,27300,32300,468629
2026-08-14T05:20:04Z,152579,100200,120200,63789
2026-08-14T05:20:04Z,152615,9801000,9801000,237
2026-08-14T05:20:04Z,152631,700,900,10194
2026-08-14T05:20:04Z,152638,3159200,3159300,127
2026-08-14T05:20:04Z,152639,149900,200000,929
2026-08-14T05:20:04Z,152640,210000,3148500,493
2026-08-14T05:20:04Z,152641,389900,400000,321
2026-08-14T05:20:04Z,152717,9900000,9900000,90
2026-08-14T05:20:04Z,152718,1250000,1250000,100
2026-08-14T05:20:04Z,152812,999500,999500,127
2026-08-14T05:20:04Z,152813,653400,653400,137
2026-08-14T05:20:04Z,152867,49002500,49002600,21
2026-08-14T05:20:04Z,152875,26300,26800,109590
2026-08-14T05:20:04Z,152876,171500,175000,7674
2026-08-14T05:20:04Z,152877,265800,371100,75891
2026-08-14T05:20:04Z,152897,4900000,4900000,119
2026-08-14T05:20:04Z,153015,917500,917500,50
2026-08-14T05:20:04Z,153031,6507800,6508800,226
2026-08-14T05:20:04Z,153033,11999800,11999800,148
2026-08-14T05:20:04Z,153036,7298400,7398400,56
2026-08-14T05:20:04Z,153050,8600,8600,44328
2026-08-14T05:20:04Z,153051,1000,1300,103210
2026-08-14T05:20:04Z,153133,255000,49005000,22
2026-08-14T05:20:04Z,153134,290000500,290000500,1
2026-08-14T05:20:04Z,153192,99900,99900,107
2026-08-14T05:20:04Z,153219,19990100,19990100,10
2026-08-14T05:20:04Z,153251,35008400,35008400,121
2026-08-14T05:20:04Z,153430,90000,90000,38
2026-08-14T05:20:04Z,153431,68800,68800,22
2026-08-14T05:20:04Z,153434,223400,223400,63
2026-08-14T05:20:04Z,153435,39500,39500,22
2026-08-14T05:20:04Z,153437,90000,90000,46
2026-08-14T05:20:04Z,153438,16800,16800,180
2026-08-14T05:20:04Z,153439,19900,20000,147
2026-08-14T05:20:04Z,153440,25400,25400,60
2026-08-14T05:20:04Z,153441,23300,317500,81
2026-08-14T05:20:04Z,153442,21200,690100,80
2026-08-14T05:20:04Z,153443,15300,84600,81
2026-08-14T05:20:04Z,153444,110000,120000,63
2026-08-14T05:20:04Z,153445,1199900,1209900,62
2026-08-14T05:20:04Z,153476,22900,32900,219
2026-08-14T05:20:04Z,153478,449900,589900,67
2026-08-14T05:20:04Z,153479,50000,50000,106
2026-08-14T05:20:04Z,153480,115000,115000,67
2026-08-14T05:20:04Z,153487,5000,5000,105
2026-08-14T05:20:04Z,153490,139900,140000,679
2026-08-14T05:20:04Z,153494,29000,29600,123
2026-08-14T05:20:04Z,153510,830000,830000,1096
2026-08-14T05:20:04Z,153512,69600,69700,159
2026-08-14T05:20:04Z,153566,9803800,9803800,4
2026-08-14T05:20:04Z,153567,9803800,9803800,5
2026-08-14T05:20:04Z,153568,9803800,9803800,5
2026-08-14T05:20:04Z,153569,9803800,9803800,4
2026-08-14T05:20:04Z,153570,9703800,9703800,3
2026-08-14T05:20:04Z,153597,133900,355300,2153
2026-08-14T05:20:04Z,153602,9950000,9950000,20
2026-08-14T05:20:04Z,153603,165000,165000,59
2026-08-14T05:20:04Z,153604,298300,298300,29
2026-08-14T05:20:04Z,153605,250000,250000,20
2026-08-14T05:20:04Z,153606,2182000,9999800,37
2026-08-14T05:20:04Z,153607,940700,940700,16
2026-08-14T05:20:04Z,153608,120100,120100,18
2026-08-14T05:20:04Z,153609,480000,480000,28
2026-08-14T05:20:04Z,153610,980100,39890000,20
2026-08-14T05:20:04Z,153611,170100,170100,61
2026-08-14T05:20:04Z,153612,875500,875500,37
2026-08-14T05:20:04Z,153613,8424600,8424600,23
2026-08-14T05:20:04Z,153614,9296900,9296900,22
2026-08-14T05:20:04Z,153615,706200,2625600,27
2026-08-14T05:20:04Z,153616,3574300,29990000,52
2026-08-14T05:20:04Z,153617,1399800,39900000,19
2026-08-14T05:20:04Z,153618,2500000,2500000,19
2026-08-14T05:20:04Z,153619,853800,853800,20
2026-08-14T05:20:04Z,153620,1578800,1578800,53
2026-08-14T05:20:04Z,153621,569800,569800,31
2026-08-14T05:20:04Z,153622,204000,204000,47
2026-08-14T05:20:04Z,153623,3021300,3096700,13
2026-08-14T05:20:04Z,153624,150100,150100,48
2026-08-14T05:20:04Z,153625,495800,39995800,24
2026-08-14T05:20:04Z,153626,39989900,39989900,15
2026-08-14T05:20:04Z,153627,179900,179900,47
2026-08-14T05:20:04Z,153628,9990000,9990000,30
2026-08-14T05:20:04Z,153629,159000,159000,84
2026-08-14T05:20:04Z,153630,900000,900000,52
2026-08-14T05:20:04Z,153631,269900,269900,70
2026-08-14T05:20:04Z,153632,290000,290000,71
2026-08-14T05:20:04Z,153633,3113600,3113600,279
2026-08-14T05:20:04Z,153634,270000,270000,31
2026-08-14T05:20:04Z,153635,4200,4200,34612
2026-08-14T05:20:04Z,153636,395500,395500,1728
2026-08-14T05:20:04Z,153646,200000,200000,36
2026-08-14T05:20:04Z,153647,250000,2911900,617
2026-08-14T05:20:04Z,153661,150000,150000,36
2026-08-14T05:20:04Z,153662,196200,1425400,46
2026-08-14T05:20:04Z,153663,504500,1425400,32
2026-08-14T05:20:04Z,153664,2194600,2194600,28
2026-08-14T05:20:04Z,153665,440000,1999900,30
2026-08-14T05:20:04Z,153666,870000,870000,70
2026-08-14T05:20:04Z,153667,500000,1425400,57
2026-08-14T05:20:04Z,153668,100000,1299900,250
2026-08-14T05:20:04Z,153669,5600,5600,6056
2026-08-14T05:20:04Z,153673,1199900,1299900,159
2026-08-14T05:20:04Z,153700,25000,52000,348
2026-08-14T05:20:04Z,153701,700000,700000,311
2026-08-14T05:20:04Z,153702,25000,48900,348
2026-08-14T05:20:04Z,153703,450000,450000,359
2026-08-14T05:20:04Z,153704,25000,27200,81
2026-08-14T05:20:04Z,153705,25000,26600,515
2026-08-14T05:20:04Z,153706,105900,105900,278
2026-08-14T05:20:04Z,153707,382300,382300,184
2026-08-14T05:20:04Z,153708,1455400,1455400,85
2026-08-14T05:20:04Z,153709,252800,252800,140
2026-08-14T05:20:04Z,153710,25000,27800,58
2026-08-14T05:20:04Z,153711,25000,59900,89
2026-08-14T05:20:04Z,153712,25000,28600,60
2026-08-14T05:20:04Z,153713,25000,40000,75
2026-08-14T05:20:04Z,153714,27500,27600,198
2026-08-14T05:20:04Z,153715,25000,75600,108
2026-08-14T05:20:04Z,154120,19900000,19900000,116
2026-08-14T05:20:04Z,154121,35000,35000,388
2026-08-14T05:20:04Z,154122,150200,180200,686
2026-08-14T05:20:04Z,154123,499900,599900,1417
2026-08-14T05:20:04Z,154124,110600,110600,269
2026-08-14T05:20:04Z,154125,115000,115000,52
2026-08-14T05:20:04Z,154126,54900,54900,70
2026-08-14T05:20:04Z,154127,88500,88500,186
2026-08-14T05:20:04Z,154128,36500,36500,55
2026-08-14T05:20:04Z,154129,35000,286600,357
2026-08-14T05:20:04Z,154131,9970500,9970500,94
2026-08-14T05:20:04Z,154132,9908800,9908800,78
2026-08-14T05:20:04Z,154133,9905000,9905000,41
2026-08-14T05:20:04Z,154164,9000,11100,313950
2026-08-14T05:20:04Z,154165,600,1500,171038
2026-08-14T05:20:04Z,154166,170000,191900,242
2026-08-14T05:20:04Z,154167,53000,53000,394
2026-08-14T05:20:04Z,154168,4999600,4999600,116
2026-08-14T05:20:04Z,154169,100000,120000,345
2026-08-14T05:20:04Z,154705,330000,330000,132
2026-08-14T05:20:04Z,154706,274100,274100,348
2026-08-14T05:20:04Z,154707,303900,303900,180
2026-08-14T05:20:04Z,154722,500,700,134797
2026-08-14T05:20:04Z,154881,250000,250000,849
2026-08-14T05:20:04Z,154882,1300,1300,365
2026-08-14T05:20:04Z,154883,47500,47500,260
2026-08-14T05:20:04Z,154884,25000,25000,196
2026-08-14T05:20:04Z,154885,30900,31000,523
2026-08-14T05:20:04Z,154886,88600,88800,2359
2026-08-14T05:20:04Z,154887,80500,80500,278
2026-08-14T05:20:04Z,154888,1300,1300,180
2026-08-14T05:20:04Z,154889,1300,1300,592
2026-08-14T05:20:04Z,154891,4000,154900,120
2026-08-14T05:20:04Z,154897,700,700,10934
2026-08-14T05:20:04Z,154898,700,700,2459
2026-08-14T05:20:04Z,154899,700,700,14626
2026-08-14T05:20:04Z,154989,3120000,3125000,259
2026-08-14T05:20:04Z,154990,3291600,3291600,346
2026-08-14T05:20:04Z,155593,4900,4900,19
2026-08-14T05:20:04Z,155598,5800,5800,27
2026-08-14T05:20:04Z,155600,290008100,290008100,1
2026-08-14T05:20:04Z,155601,3600,3600,50
2026-08-14T05:20:04Z,155603,4600,4600,54
2026-08-14T05:20:04Z,155605,40700,40700,34
2026-08-14T05:20:04Z,155607,290008100,290008100,2
2026-08-14T05:20:04Z,155608,3200,3200,96
2026-08-14T05:20:04Z,155609,3900,3900,34
2026-08-14T05:20:04Z,155610,7700,7700,63
2026-08-14T05:20:04Z,155615,5300,5300,56
2026-08-14T05:20:04Z,155618,4000,4000,60
2026-08-14T05:20:04Z,155620,280008100,280008100,4
2026-08-14T05:20:04Z,155629,2900,3300,39
2026-08-14T05:20:04Z,155631,3900,3900,150
2026-08-14T05:20:04Z,155635,3400,3400,44
2026-08-14T05:20:04Z,155636,9600,9600,45
2026-08-14T05:20:04Z,155649,8000000,8000000,2
2026-08-14T05:20:04Z,155810,9990000,9990000,24
2026-08-14T05:20:04Z,155811,101200,101200,164
2026-08-14T05:20:04Z,155812,9709400,9709400,183
2026-08-14T05:20:04Z,155813,440000,440000,51
2026-08-14T05:20:04Z,155814,111400,111400,300
2026-08-14T05:20:04Z,155907,9903100,9903100,45
2026-08-14T05:20:04Z,155909,9512500,9512500,50
2026-08-14T05:20:04Z,155910,200000,9906000,40
2026-08-14T05:20:04Z,156525,49000,3647700,93
2026-08-14T05:20:04Z,156526,100000,100000,103
2026-08-14T05:20:04Z,156624,49000200,49000200,10
2026-08-14T05:20:04Z,156627,9995100,9995100,8
2026-08-14T05:20:04Z,156646,1500005100,1500005100,1
2026-08-14T05:20:04Z,156872,9900800,9900800,46
2026-08-14T05:20:04Z,156873,443400,443400,61
2026-08-14T05:20:04Z,156930,7400,9900,22570
2026-08-14T05:20:04Z,157798,4751000,39595300,17
2026-08-14T05:20:04Z,157842,4200,4200,60
2026-08-14T05:20:04Z,157844,3500,3500,47
2026-08-14T05:20:04Z,158186,2300,2300,22415
2026-08-14T05:20:04Z,158187,8000,8000,22237
2026-08-14T05:20:04Z,158188,429700,429700,3819
2026-08-14T05:20:04Z,158189,9900,9900,1048
2026-08-14T05:20:04Z,158201,308100,2204900,997
2026-08-14T05:20:04Z,158202,98800,100100,475
2026-08-14T05:20:04Z,158203,142500,152500,140
2026-08-14T05:20:04Z,158204,109900,209900,335
2026-08-14T05:20:04Z,158205,7400,7400,15821
2026-08-14T05:20:04Z,158210,3700,3700,130
2026-08-14T05:20:04Z,158212,90000,100000,36
2026-08-14T05:20:04Z,158327,228500,258500,37
2026-08-14T05:20:04Z,158377,97700,99900,61
2026-08-14T05:20:04Z,158378,1800,1800,81414
2026-08-14T05:20:04Z,158379,3500,3500,393
2026-08-14T05:20:04Z,158380,189900,189900,2991
2026-08-14T05:20:04Z,158381,10000,10000,239
2026-08-14T05:20:04Z,158382,73100,73100,33
2026-08-14T05:20:04Z,158466,9997000,9997000,105
2026-08-14T05:20:04Z,158736,290008900,290008900,1
2026-08-14T05:20:04Z,158740,392600,392700,32
2026-08-14T05:20:04Z,158743,290009200,290009200,1
2026-08-14T05:20:04Z,158744,200000,200000,2
2026-08-14T05:20:04Z,158745,11500,11500,79
2026-08-14T05:20:04Z,158746,49003300,49003300,23
2026-08-14T05:20:04Z,158747,49007900,49008000,33
2026-08-14T05:20:04Z,158749,290002200,290002200,1
2026-08-14T05:20:04Z,158750,49007300,49007300,26
2026-08-14T05:20:04Z,158751,4000,4000,58
2026-08-14T05:20:04Z,158752,504600,504600,60
2026-08-14T05:20:04Z,158754,140487800,140487800,3
2026-08-14T05:20:04Z,158756,602100,602100,4
2026-08-14T05:20:04Z,158757,2980000,2980000,4
2026-08-14T05:20:04Z,158758,290000300,290000300,1
2026-08-14T05:20:04Z,158759,199900,199900,5
2026-08-14T05:20:04Z,158760,23900,23900,33
2026-08-14T05:20:04Z,158765,255600,255600,3
2026-08-14T05:20:04Z,158769,290008100,290008100,1
2026-08-14T05:20:04Z,158770,14009000,14009000,3
2026-08-14T05:20:04Z,158771,2500,3100,75
2026-08-14T05:20:04Z,158773,12700,12700,30
2026-08-14T05:20:04Z,158775,7900,8000,207
2026-08-14T05:20:04Z,158777,140001400,140001400,15
2026-08-14T05:20:04Z,158778,24700,24700,40
2026-08-14T05:20:04Z,158779,290000600,290000600,1
2026-08-14T05:20:04Z,158781,290001000,290001000,1
2026-08-14T05:20:04Z,158783,290000700,290000700,1
2026-08-14T05:20:04Z,158788,290004200,290004200,1
2026-08-14T05:20:04Z,158789,31011700,31011700,2
2026-08-14T05:20:04Z,158790,999800,999800,3
2026-08-14T05:20:04Z,158792,352400,352400,4
2026-08-14T05:20:04Z,158794,290000800,290000800,2
2026-08-14T05:20:04Z,158795,39000600,39000600,27
2026-08-14T05:20:04Z,158796,290000000,290000000,4
2026-08-14T05:20:04Z,158797,290003600,290003600,1
2026-08-14T05:20:04Z,158801,20001000,20001000,2
2026-08-14T05:20:04Z,158805,290008100,290008100,2
2026-08-14T05:20:04Z,158806,18700,18800,42
2026-08-14T05:20:04Z,158808,42600,42600,30
2026-08-14T05:20:04Z,158810,225005100,225005100,4
2026-08-14T05:20:04Z,158811,3800000,3800000,33
2026-08-14T05:20:04Z,158813,78600,78700,24
2026-08-14T05:20:04Z,158815,290001800,290001800,1
2026-08-14T05:20:04Z,158817,290008200,290008200,1
2026-08-14T05:20:04Z,158818,39990000,39990000,5
2026-08-14T05:20:04Z,158819,2559600,2559600,11
2026-08-14T05:20:04Z,158820,290006900,290006900,3
2026-08-14T05:20:04Z,158821,41800,41800,28
2026-08-14T05:20:04Z,158822,290003000,290003000,1
2026-08-14T05:20:04Z,158823,10000000,30000000,12
2026-08-14T05:20:04Z,158826,290006800,290006800,2
2026-08-14T05:20:04Z,158828,10097600,49007800,21
2026-08-14T05:20:04Z,158830,6000000,6000000,6
2026-08-14T05:20:04Z,158831,22400,22500,70
2026-08-14T05:20:04Z,158832,290000000,290000000,1
2026-08-14T05:20:04Z,158834,15000,15000,38
2026-08-14T05:20:04Z,158836,290009400,290009400,3
2026-08-14T05:20:04Z,158838,249990000,249990000,5
2026-08-14T05:20:04Z,158839,6900,6900,42
2026-08-14T05:20:04Z,158840,290001000,290001000,2
2026-08-14T05:20:04Z,158842,990003100,990003100,1
2026-08-14T05:20:04Z,158844,240002000,240002000,2
2026-08-14T05:20:04Z,158848,49000000,49000000,20
2026-08-14T05:20:04Z,158849,4825800,4825800,13
2026-08-14T05:20:04Z,158850,980000,980000,5
2026-08-14T05:20:04Z,158851,20001800,200001800,7
2026-08-14T05:20:04Z,158853,20001700,20001700,4
2026-08-14T05:20:04Z,158855,249700,249700,13
2026-08-14T05:20:04Z,158856,8483600,49003300,21
2026-08-14T05:20:04Z,158857,49950800,49950800,3
2026-08-14T05:20:04Z,158858,509900,509900,6
2026-08-14T05:20:04Z,158859,11000,11000,219
2026-08-14T05:20:04Z,158860,109700,109800,41
2026-08-14T05:20:04Z,158861,17900,17900,30
2026-08-14T05:20:04Z,158862,14800,14800,89
2026-08-14T05:20:04Z,158863,11900,11900,97
2026-08-14T05:20:04Z,158864,14900,14900,33
2026-08-14T05:20:04Z,158865,25400,25400,33
2026-08-14T05:20:04Z,158866,61900,49003900,29
2026-08-14T05:20:04Z,158867,21600,21600,98
2026-08-14T05:20:04Z,158868,45005000,49005000,22
2026-08-14T05:20:04Z,158869,49000000,49000000,24
2026-08-14T05:20:04Z,158870,6300,6300,119
2026-08-14T05:20:04Z,158871,500000,500000,2
2026-08-14T05:20:04Z,158872,49006000,49006000,21
2026-08-14T05:20:04Z,158873,856100,856100,5
2026-08-14T05:20:04Z,158874,17800,17800,37
2026-08-14T05:20:04Z,158926,9882900,9882900,36
2026-08-14T05:20:04Z,158927,200000,200000,195
2026-08-14T05:20:04Z,158936,49003000,49003000,21
2026-08-14T05:20:04Z,159140,19900,19900,30
2026-08-14T05:20:04Z,159145,290000600,290000600,1
2026-08-14T05:20:04Z,159464,85200,87200,85
2026-08-14T05:20:04Z,159466,9906500,9906500,49
2026-08-14T05:20:04Z,159467,171700,171700,55
2026-08-14T05:20:04Z,159468,214600,214600,52
2026-08-14T05:20:04Z,159471,10000,11000,48
2026-08-14T05:20:04Z,159750,9890000,9890000,25
2026-08-14T05:20:04Z,159756,49007900,49008000,24
2026-08-14T05:20:04Z,159785,550000,550000,165
2026-08-14T05:20:04Z,159786,504400,504400,101
2026-08-14T05:20:04Z,159787,1999900,3989700,73
2026-08-14T05:20:04Z,159788,999800,999900,69
2026-08-14T05:20:04Z,159789,113000,113000,95
2026-08-14T05:20:04Z,159791,1008100,1618100,79
2026-08-14T05:20:04Z,159792,3900,3900,77
2026-08-14T05:20:04Z,159825,76400,76400,1523
2026-08-14T05:20:04Z,159826,56400,56400,66
2026-08-14T05:20:04Z,159827,17000,17000,240
2026-08-14T05:20:04Z,159845,46000,46000,680
2026-08-14T05:20:04Z,159846,19600,19600,275
2026-08-14T05:20:04Z,159847,21300,21300,283
2026-08-14T05:20:04Z,159848,754000,754000,122
2026-08-14T05:20:04Z,159849,20900,20900,276
2026-08-14T05:20:04Z,159850,45400,45400,372
2026-08-14T05:20:04Z,159867,18700,18700,124
2026-08-14T05:20:04Z,159868,220000,220000,102
2026-08-14T05:20:04Z,159869,250000,250000,68
2026-08-14T05:20:04Z,159870,220000,220000,129
2026-08-14T05:20:04Z,159871,220000,9900000,230
2026-08-14T05:20:04Z,159872,9000000,9800000,50
2026-08-14T05:20:04Z,159873,220000,220000,237
2026-08-14T05:20:04Z,159874,49700,49700,60
2026-08-14T05:20:04Z,159875,40000,40000,157
2026-08-14T05:20:04Z,159876,110000,110000,79
2026-08-14T05:20:04Z,159878,1651000,1651000,123
2026-08-14T05:20:04Z,159879,9969700,9969700,153
2026-08-14T05:20:04Z,159897,990000,990000,150
2026-08-14T05:20:04Z,159898,660000,9900000,166
2026-08-14T05:20:04Z,159899,25100,35100,55
2026-08-14T05:20:04Z,159900,39900,39900,104
2026-08-14T05:20:04Z,159919,30000,30000,83
2026-08-14T05:20:04Z,159920,9800,9975000,162
2026-08-14T05:20:04Z,159959,5000,6000,35747
2026-08-14T05:20:04Z,160053,112800,112800,298
2026-08-14T05:20:04Z,160059,200,200,6808
2026-08-14T05:20:04Z,160092,21900,22000,142
2026-08-14T05:20:04Z,160298,800,800,10990
2026-08-14T05:20:04Z,160328,25999900,25999900,2
2026-08-14T05:20:04Z,160330,194208600,194208600,2
2026-08-14T05:20:04Z,160398,1100,1100,9594
2026-08-14T05:20:04Z,160399,2800,2800,15735
2026-08-14T05:20:04Z,160400,5300,5300,28301
2026-08-14T05:20:04Z,160483,3600,3600,72
2026-08-14T05:20:04Z,160484,598300,598300,78
2026-08-14T05:20:04Z,160502,86300,86300,2721
2026-08-14T05:20:04Z,160518,89900,89900,50
2026-08-14T05:20:04Z,160551,290000100,290000100,1
2026-08-14T05:20:04Z,160554,220000,220000,50
2026-08-14T05:20:04Z,160560,49000100,49000100,20
2026-08-14T05:20:04Z,160579,990000100,990000100,1
2026-08-14T05:20:04Z,160581,290000100,290000100,1
2026-08-14T05:20:04Z,160582,1500000100,1500000100,2
2026-08-14T05:20:04Z,160611,9870100,9870100,47
2026-08-14T05:20:04Z,160705,9000,9000,9686
2026-08-14T05:20:04Z,160709,9700,9700,23021
2026-08-14T05:20:04Z,160710,1000,1000,2136
2026-08-14T05:20:04Z,160711,12000,12500,9526
2026-08-14T05:20:04Z,160712,1000,1000,2853
2026-08-14T05:20:04Z,160942,197621100,197621100,1
2026-08-14T05:20:04Z,160989,220000,9900000,208
2026-08-14T05:20:04Z,161053,2200,2200,370
2026-08-14T05:20:04Z,161126,1650000,1650000,146
2026-08-14T05:20:04Z,161127,330000,330000,45
2026-08-14T05:20:04Z,161128,4800,4900,259
2026-08-14T05:20:04Z,161153,35200,35200,37
2026-08-14T05:20:04Z,161314,660000,660000,70
2026-08-14T05:20:04Z,161344,82989600,82989700,280
2026-08-14T05:20:04Z,161346,229600,9969600,118
2026-08-14T05:20:04Z,161347,220000,220000,77
2026-08-14T05:20:04Z,161348,229300,229300,51
2026-08-14T05:20:04Z,161373,8600,8600,127
2026-08-14T05:20:04Z,161383,19700,19700,85
2026-08-14T05:20:04Z,161384,9909900,9909900,25
2026-08-14T05:20:04Z,162010,75000000,75000000,77
2026-08-14T05:20:04Z,162011,3990000,3990000,86
2026-08-14T05:20:04Z,162012,207000,207100,316
2026-08-14T05:20:04Z,162022,2499800,2499800,340
2026-08-14T05:20:04Z,162026,64900,64900,297
2026-08-14T05:20:04Z,162027,2499800,2499800,322
2026-08-14T05:20:04Z,162029,2349900,2349900,102
2026-08-14T05:20:04Z,162107,9500000000,9500000000,1
2026-08-14T05:20:04Z,162111,5985965300,5985965300,2
2026-08-14T05:20:04Z,162116,15000000000,15000000000,2
2026-08-14T05:20:04Z,162117,9990100,9990100,20
2026-08-14T05:20:04Z,162122,7500001400,7500001400,1
2026-08-14T05:20:04Z,162515,6200,6800,13720
2026-08-14T05:20:04Z,162516,1248700,1248700,49
2026-08-14T05:20:04Z,162517,150000,890000,236
2026-08-14T05:20:04Z,162545,700000,700000,114
2026-08-14T05:20:04Z,162546,9889800,9889800,20
2026-08-14T05:20:04Z,162547,9969900,9969900,20
2026-08-14T05:20:04Z,162550,660600,660600,40
2026-08-14T05:20:04Z,162551,2500000,2500000,70
2026-08-14T05:20:04Z,162552,4037000,4037000,35
2026-08-14T05:20:04Z,162554,3500000,3500000,172
2026-08-14T05:20:04Z,162555,5000,5000,6504
2026-08-14T05:20:04Z,162556,540000,540000,49
2026-08-14T05:20:04Z,162557,29800,29800,64
2026-08-14T05:20:04Z,162558,9855700,9855700,97
2026-08-14T05:20:04Z,162559,337000,337000,91
2026-08-14T05:20:04Z,162560,782700,782700,74
2026-08-14T05:20:04Z,162561,45100,45100,96
2026-08-14T05:20:04Z,162562,9959800,9959800,25
2026-08-14T05:20:04Z,162563,401800,401800,55
2026-08-14T05:20:04Z,162564,9849900,9849900,24
2026-08-14T05:20:04Z,162565,9890000,9890000,62
2026-08-14T05:20:04Z,162566,5099500,5099500,138
2026-08-14T05:20:04Z,162567,9900000,9900000,19
2026-08-14T05:20:04Z,162568,9974800,9974800,20
2026-08-14T05:20:04Z,162569,9904500,9904500,40
2026-08-14T05:20:04Z,162570,551700,551700,44
2026-08-14T05:20:04Z,162572,3343300,3343300,42
2026-08-14T05:20:04Z,162573,27100,9897200,126
2026-08-14T05:20:04Z,162574,900000,900000,41
2026-08-14T05:20:04Z,162575,700000,700000,133
2026-08-14T05:20:04Z,162582,902600,902600,89
2026-08-14T05:20:04Z,162583,9949900,9949900,35
2026-08-14T05:20:04Z,162651,999980000,999980000,3
2026-08-14T05:20:04Z,162659,500429100,500429100,2
2026-08-14T05:20:04Z,162660,104556300,104556300,2
2026-08-14T05:20:04Z,162661,999980000,999980000,2
2026-08-14T05:20:04Z,162662,990008600,990008600,1
2026-08-14T05:20:04Z,162663,49000000,49000000,18
2026-08-14T05:20:04Z,162664,290001200,290001200,1
2026-08-14T05:20:04Z,162666,990001200,990001200,1
2026-08-14T05:20:04Z,162671,1500001600,1500001600,1
2026-08-14T05:20:04Z,162674,49000000,49000000,10
2026-08-14T05:20:04Z,162676,990000000,990000000,1
2026-08-14T05:20:04Z,162677,9980000,9990000,9
2026-08-14T05:20:04Z,162678,999980000,999980000,2
2026-08-14T05:20:04Z,162679,529614600,529614600,2
2026-08-14T05:20:04Z,162680,990007500,990007500,1
2026-08-14T05:20:04Z,162681,6823500,6823500,4
2026-08-14T05:20:04Z,162682,999980000,999980000,4
2026-08-14T05:20:04Z,162981,3909900,3909900,25
2026-08-14T05:20:04Z,162982,190000300,190000300,1
2026-08-14T05:20:04Z,163018,45400,45400,175
2026-08-14T05:20:04Z,163019,39300,39300,58
2026-08-14T05:20:04Z,163049,220000,220000,177
2026-08-14T05:20:04Z,163050,9900000,9900000,60
2026-08-14T05:20:04Z,163051,1200000,1250000,137
2026-08-14T05:20:04Z,163052,1650000,1650000,121
2026-08-14T05:20:04Z,163053,339800,339800,171
2026-08-14T05:20:04Z,163054,220000,220000,65
2026-08-14T05:20:04Z,163056,440000,440000,104
2026-08-14T05:20:04Z,163057,9997500,9997500,20
2026-08-14T05:20:04Z,163058,9990000,9990000,40
2026-08-14T05:20:04Z,163060,39900,39900,138
2026-08-14T05:20:04Z,163061,223400,223400,50
2026-08-14T05:20:04Z,163075,24700,24700,98
2026-08-14T05:20:04Z,163076,1927900,1927900,172
2026-08-14T05:20:04Z,163077,307400,307400,108
2026-08-14T05:20:04Z,163082,1800,2500,3578
2026-08-14T05:20:04Z,163083,339800,339800,78
2026-08-14T05:20:04Z,163094,406600,406600,149
2026-08-14T05:20:04Z,163098,103000,103000,73
2026-08-14T05:20:04Z,163100,8714100,8714100,96
2026-08-14T05:20:04Z,163101,9903200,9903200,69
2026-08-14T05:20:04Z,163102,9900000,9900000,58
2026-08-14T05:20:04Z,163103,49500,49500,102
2026-08-14T05:20:04Z,163104,9904000,9904000,108
2026-08-14T05:20:04Z,163105,3330000,3330000,75
2026-08-14T05:20:04Z,163106,9970000,9970000,45
2026-08-14T05:20:04Z,163107,9901600,9901600,88
2026-08-14T05:20:04Z,163109,5085200,5085200,129
2026-08-14T05:20:04Z,163110,125100,125100,652
2026-08-14T05:20:04Z,163115,9900000,9900000,80
2026-08-14T05:20:04Z,163117,9813000,9813000,24
2026-08-14T05:20:04Z,163118,9901900,9901900,77
2026-08-14T05:20:04Z,163132,707200,707200,147
2026-08-14T05:20:04Z,163133,240000,240000,143
2026-08-14T05:20:04Z,163134,9969700,9969700,88
2026-08-14T05:20:04Z,163135,9890000,9890000,25
2026-08-14T05:20:04Z,163136,440000,440000,89
2026-08-14T05:20:04Z,163137,206400,206400,164
2026-08-14T05:20:04Z,163138,445000,445000,60
2026-08-14T05:20:04Z,163140,30000,30000,74
2026-08-14T05:20:04Z,163143,666300,666300,299
2026-08-14T05:20:04Z,163145,40500,40500,120
2026-08-14T05:20:04Z,163147,40000,40000,41
2026-08-14T05:20:04Z,163149,200000,200000,161
2026-08-14T05:20:04Z,163150,360000,360000,223
2026-08-14T05:20:04Z,163151,36000,40000,88
2026-08-14T05:20:04Z,163152,37800,42000,131
2026-08-14T05:20:04Z,163153,351000,390000,54
2026-08-14T05:20:04Z,163154,881900,881900,144
2026-08-14T05:20:04Z,163155,448000,9908000,166
2026-08-14T05:20:04Z,163156,39500,39500,69
2026-08-14T05:20:04Z,163157,35600,39500,66
2026-08-14T05:20:04Z,163158,35500,35500,192
2026-08-14T05:20:04Z,163159,550000,550000,66
2026-08-14T05:20:04Z,163160,9849500,9849500,100
2026-08-14T05:20:04Z,163187,409700,409700,84
2026-08-14T05:20:04Z,163192,80900,80900,170
2026-08-14T05:20:04Z,163202,9944800,9944800,24
2026-08-14T05:20:04Z,163207,179900,179900,155
2026-08-14T05:20:04Z,163208,820000,9975000,35
2026-08-14T05:20:04Z,163222,2500,2500,289
2026-08-14T05:20:04Z,163223,7900,22500,319
2026-08-14T05:20:04Z,163224,21000,21300,254
2026-08-14T05:20:04Z,163225,2700,2700,162
2026-08-14T05:20:04Z,163387,9970500,9970500,61
2026-08-14T05:20:04Z,163388,45000,45000,220
2026-08-14T05:20:04Z,163391,5900,5900,82
2026-08-14T05:20:04Z,163395,396100,440100,46
2026-08-14T05:20:04Z,163399,9903200,9903200,36
2026-08-14T05:20:04Z,163407,171000,190000,43
2026-08-14T05:20:04Z,163411,180000,200000,154
2026-08-14T05:20:04Z,163417,5408800,9949000,23
2026-08-14T05:20:04Z,163522,313900,313900,129
2026-08-14T05:20:04Z,163548,208600,208600,125
2026-08-14T05:20:04Z,163549,54900,54900,153
2026-08-14T05:20:04Z,163558,2641900,2641900,171
2026-08-14T05:20:04Z,163563,2430500,2430500,27
2026-08-14T05:20:04Z,163569,100,200,569216
2026-08-14T05:20:04Z,163580,285003300,285003300,3
2026-08-14T05:20:04Z,163581,25466500,25466500,6
2026-08-14T05:20:04Z,163606,49000100,49000100,21
2026-08-14T05:20:04Z,163637,407500,407500,103
2026-08-14T05:20:04Z,163638,253700,253700,79
2026-08-14T05:20:04Z,163639,2500000,2500000,23
2026-08-14T05:20:04Z,163640,49900,49900,140
2026-08-14T05:20:04Z,163641,449900,449900,186
2026-08-14T05:20:04Z,163642,499900,499900,181
2026-08-14T05:20:04Z,163643,1500000,1500000,158
2026-08-14T05:20:04Z,163651,9799900,9799900,50
2026-08-14T05:20:04Z,163685,290001100,290001100,1
2026-08-14T05:20:04Z,163686,290001900,290001900,1
2026-08-14T05:20:04Z,163687,290000100,290000100,1
2026-08-14T05:20:04Z,163688,290001800,290001800,1
2026-08-14T05:20:04Z,163691,6000,990000,317
2026-08-14T05:20:04Z,163692,889800,889800,236
2026-08-14T05:20:04Z,163695,119800,149800,588
2026-08-14T05:20:04Z,163698,8200,8200,63
2026-08-14T05:20:04Z,163700,20000,20000,76
2026-08-14T05:20:04Z,163701,2900,2900,5
2026-08-14T05:20:04Z,163707,40000,40000,261
2026-08-14T05:20:04Z,163709,39901900,39901900,11
2026-08-14T05:20:04Z,163781,129900,129900,1128
2026-08-14T05:20:04Z,163782,157700,197700,1331
2026-08-14T05:20:04Z,163783,981100,981100,60
2026-08-14T05:20:04Z,163784,349000,349000,233
2026-08-14T05:20:04Z,163785,9950400,9950400,25
2026-08-14T05:20:04Z,163786,9990400,9990400,21
2026-08-14T05:20:04Z,163841,17900,17900,60
2026-08-14T05:20:04Z,163842,49003300,49003300,19
2026-08-14T05:20:04Z,163843,49003000,49003000,10
2026-08-14T05:20:04Z,163844,49000000,49000000,11
2026-08-14T05:20:04Z,163855,250000,299900,29
2026-08-14T05:20:04Z,163896,49003300,49003300,20
2026-08-14T05:20:04Z,163897,2427600,2427600,27
2026-08-14T05:20:04Z,163898,290003300,290003300,1
2026-08-14T05:20:04Z,163899,49003300,49003300,18
2026-08-14T05:20:04Z,163900,49003300,49003300,20
2026-08-14T05:20:04Z,163902,49003300,49003300,19
2026-08-14T05:20:04Z,163903,49003300,49003300,20
2026-08-14T05:20:04Z,163904,49003300,49003300,20
2026-08-14T05:20:04Z,163906,49009900,49009900,20
2026-08-14T05:20:04Z,163907,290003300,290003300,1
2026-08-14T05:20:04Z,163908,49003300,49003300,11
2026-08-14T05:20:04Z,163910,49000000,49000000,20
2026-08-14T05:20:04Z,163911,49003300,49003300,18
2026-08-14T05:20:04Z,163912,49003300,49003300,20
2026-08-14T05:20:04Z,163913,290003300,290003300,1
2026-08-14T05:20:04Z,163914,49003300,49003300,24
2026-08-14T05:20:04Z,163915,49003300,49003300,12
2026-08-14T05:20:04Z,163917,49003300,49003300,20
2026-08-14T05:20:04Z,163918,19989000,19989000,25
2026-08-14T05:20:04Z,163919,49003300,49003300,20
2026-08-14T05:20:04Z,163920,49003300,49003300,20
2026-08-14T05:20:04Z,165016,11500,11500,116
2026-08-14T05:20:04Z,165017,14700,14700,389
2026-08-14T05:20:04Z,165692,2999900,3999900,131
2026-08-14T05:20:04Z,165733,759600,9990000,36
2026-08-14T05:20:04Z,165755,123500,123500,85
2026-08-14T05:20:04Z,166240,110000,110000,105
2026-08-14T05:20:04Z,166270,147900,147900,134
2026-08-14T05:20:04Z,166288,290001800,290001800,1
2026-08-14T05:20:04Z,166343,1300,15000,208
2026-08-14T05:20:04Z,166344,1300,124000,104
2026-08-14T05:20:04Z,166419,9996800,9996800,35
2026-08-14T05:20:04Z,166420,9999900,9999900,40
2026-08-14T05:20:04Z,166583,5809600,5809600,73
2026-08-14T05:20:04Z,166664,5275500,5275500,122
2026-08-14T05:20:04Z,166728,290008600,290008600,1
2026-08-14T05:20:04Z,166804,47600,657700,2580
2026-08-14T05:20:04Z,167043,9905400,9905400,125
2026-08-14T05:20:04Z,167539,309600,309600,178
2026-08-14T05:20:04Z,167548,9899300,9899300,125
2026-08-14T05:20:04Z,167738,5000,14600,198193
2026-08-14T05:20:04Z,167739,7320000,7320000,316
2026-08-14T05:20:04Z,167861,189400,189400,2271
2026-08-14T05:20:04Z,167862,190000,190000,1320
2026-08-14T05:20:04Z,167933,1500000100,1500000100,1
2026-08-14T05:20:04Z,168006,290000100,290000100,1
2026-08-14T05:20:04Z,168007,290000100,290000100,1
2026-08-14T05:20:04Z,168008,1500000100,1500000100,1
2026-08-14T05:20:04Z,168009,49000100,49000100,20
2026-08-14T05:20:04Z,168019,290001900,290001900,1
2026-08-14T05:20:04Z,168185,155000,298700,56007
2026-08-14T05:20:04Z,168188,800000,1000000,126
2026-08-14T05:20:04Z,168189,150000,159800,148
2026-08-14T05:20:04Z,168190,240000,244000,1451
2026-08-14T05:20:04Z,168191,56600,59900,297
2026-08-14T05:20:04Z,168192,79900,79900,122
2026-08-14T05:20:04Z,168193,70000,80000,166
2026-08-14T05:20:04Z,168215,42500,48800,81336
2026-08-14T05:20:04Z,168216,2500,5400,174389
2026-08-14T05:20:04Z,168217,95000,99700,119436
2026-08-14T05:20:04Z,168232,39500800,39500800,23
2026-08-14T05:20:04Z,168302,11800,11900,1335
2026-08-14T05:20:04Z,168303,605000,635900,1958
2026-08-14T05:20:04Z,168310,69800,69800,212
2026-08-14T05:20:04Z,168311,37900,37900,1812
2026-08-14T05:20:04Z,168312,145000,145000,185
2026-08-14T05:20:04Z,168313,38600,38900,444
2026-08-14T05:20:04Z,168314,50000,50000,505
2026-08-14T05:20:04Z,168315,500000,500000,39
2026-08-14T05:20:04Z,168392,9950000,9950000,86
2026-08-14T05:20:04Z,168412,5550000,5550000,626
2026-08-14T05:20:04Z,168417,10370000,11000000,4615
2026-08-14T05:20:04Z,168419,1359600,1359600,245
2026-08-14T05:20:04Z,168427,2500000,2500000,94
2026-08-14T05:20:04Z,168446,2227000,2227000,207
2026-08-14T05:20:04Z,168447,1000000,2000000,423
2026-08-14T05:20:04Z,168448,2143200,2143200,44
2026-08-14T05:20:04Z,168449,2166700,2166700,73
2026-08-14T05:20:04Z,168487,90000,93900,45483
2026-08-14T05:20:04Z,168489,1150000,1155800,1512
2026-08-14T05:20:04Z,168498,1115900,1115900,1697
2026-08-14T05:20:04Z,168499,1122800,1122800,85
2026-08-14T05:20:04Z,168500,690000,690000,549
2026-08-14T05:20:04Z,168501,1555900,1555900,296
2026-08-14T05:20:04Z,168506,144000,144100,131
2026-08-14T05:20:04Z,168529,1128100,1128200,145
2026-08-14T05:20:04Z,168583,104000,106200,26279
2026-08-14T05:20:04Z,168586,35500,37000,159333
2026-08-14T05:20:04Z,168589,118000,126500,21258
2026-08-14T05:20:04Z,168592,1748300,1748300,64
2026-08-14T05:20:04Z,168593,4998700,4998700,146
2026-08-14T05:20:04Z,168596,2219900,2219900,149
2026-08-14T05:20:04Z,168598,3018600,3018600,68
2026-08-14T05:20:04Z,168624,500000,500000,110
2026-08-14T05:20:04Z,168635,3000000,3000000,115
2026-08-14T05:20:04Z,168636,1700000,1700000,92
2026-08-14T05:20:04Z,168637,3499900,3499900,69
2026-08-14T05:20:04Z,168638,2800000,2800000,64
2026-08-14T05:20:04Z,168639,653900,653900,477
2026-08-14T05:20:04Z,168640,147000,147000,65
2026-08-14T05:20:04Z,168641,300000,300000,445
2026-08-14T05:20:04Z,168642,600000,600000,73
2026-08-14T05:20:04Z,168645,200,992700,1716229
2026-08-14T05:20:04Z,168646,11900,19800,1194
2026-08-14T05:20:04Z,168649,118200,118200,40227
2026-08-14T05:20:04Z,168650,5500,6100,50811
2026-08-14T05:20:04Z,168651,3200000,3468900,306
2026-08-14T05:20:04Z,168652,1808900,1808900,356
2026-08-14T05:20:04Z,168653,1339800,1339900,373
2026-08-14T05:20:04Z,168654,2209500,2209700,546
2026-08-14T05:20:04Z,168662,97600,97800,1931
2026-08-14T05:20:04Z,168663,111800,111800,1157
2026-08-14T05:20:04Z,168755,49004600,49004600,18
2026-08-14T05:20:04Z,168786,1493200,1493200,19
2026-08-14T05:20:04Z,168788,200000,200000,14
2026-08-14T05:20:04Z,168789,150100,152700,24
2026-08-14T05:20:04Z,168790,60000,80000,25
2026-08-14T05:20:04Z,168791,1750000,1750000,25
2026-08-14T05:20:04Z,168792,249900,249900,27
2026-08-14T05:20:04Z,168793,290000100,290000100,4
2026-08-14T05:20:04Z,168794,41200,41200,25
2026-08-14T05:20:04Z,168795,490000,490000,20
2026-08-14T05:20:04Z,168796,1105000,1105000,26
2026-08-14T05:20:04Z,168797,287000,287000,29
2026-08-14T05:20:04Z,168806,39600,2119600,61
2026-08-14T05:20:04Z,168812,2500,2500,174
2026-08-14T05:20:04Z,168822,145500,218900,68842
2026-08-14T05:20:04Z,168825,300000,330000,13237
2026-08-14T05:20:04Z,168828,1400000,1479900,9418
2026-08-14T05:20:04Z,168956,5005900,5005900,30
2026-08-14T05:20:04Z,168959,3799900,3799900,24
2026-08-14T05:20:04Z,168960,399900,399900,128
2026-08-14T05:20:04Z,169115,440000,440000,92
2026-08-14T05:20:04Z,169116,339400,339400,45
2026-08-14T05:20:04Z,169117,117300,9997300,139
2026-08-14T05:20:04Z,169118,449500,449500,60
2026-08-14T05:20:04Z,169119,228900,228900,115
2026-08-14T05:20:04Z,169120,229400,9949400,218
2026-08-14T05:20:04Z,169130,59500,59500,2296
2026-08-14T05:20:04Z,169132,5000,10000,405
2026-08-14T05:20:04Z,169135,16000,16000,1103
2026-08-14T05:20:04Z,169138,220400,220400,24
2026-08-14T05:20:04Z,169139,49000000,49000000,21
2026-08-14T05:20:04Z,169143,5000000,5000000,28
2026-08-14T05:20:04Z,169145,17600,17600,1755
2026-08-14T05:20:04Z,169146,49009600,49009600,22
2026-08-14T05:20:04Z,169149,334700,334700,30
2026-08-14T05:20:04Z,169152,99700,99700,31
2026-08-14T05:20:04Z,169220,3655500,3655500,51
2026-08-14T05:20:04Z,169280,14800,14800,93
2026-08-14T05:20:04Z,169296,49000500,49000500,10
2026-08-14T05:20:04Z,169299,99800,99800,572
2026-08-14T05:20:04Z,169300,4989700,4989700,128
2026-08-14T05:20:04Z,169332,129700,129800,2494
2026-08-14T05:20:04Z,169333,130000,140000,516
2026-08-14T05:20:04Z,169334,449800,449900,1654
2026-08-14T05:20:04Z,169445,1492500,2193100,344
2026-08-14T05:20:04Z,169446,9990000,9990000,20
2026-08-14T05:20:04Z,169449,11500,11500,179
2026-08-14T05:20:04Z,169451,36000,113500,2257
2026-08-14T05:20:04Z,169456,553100,553100,395
2026-08-14T05:20:04Z,169660,300000,300000,152
2026-08-14T05:20:04Z,169661,303700,303700,91
2026-08-14T05:20:04Z,169662,206000,206000,116
2026-08-14T05:20:04Z,169663,302900,302900,126
2026-08-14T05:20:04Z,169669,9950000,9950000,59
2026-08-14T05:20:04Z,169673,100000,100000,100
2026-08-14T05:20:04Z,169674,300100,319400,172
2026-08-14T05:20:04Z,169675,41600,41600,107
2026-08-14T05:20:04Z,169697,1500000100,1500000100,1
2026-08-14T05:20:04Z,169701,57500,57500,42375
2026-08-14T05:20:04Z,169946,9900000,9900000,40
2026-08-14T05:20:04Z,169947,220400,220400,124
2026-08-14T05:20:04Z,169948,220000,220000,151
2026-08-14T05:20:04Z,169949,1250000,1250000,300
2026-08-14T05:20:04Z,169952,500000,9890000,181
2026-08-14T05:20:04Z,169954,90000,90000,210
2026-08-14T05:20:04Z,169956,9977100,9977100,156
2026-08-14T05:20:04Z,170164,5179600,5180800,61
2026-08-14T05:20:04Z,170165,5087400,5087400,146
2026-08-14T05:20:04Z,170168,5570000,5570000,93
2026-08-14T05:20:04Z,170173,2241700,2241700,143
2026-08-14T05:20:04Z,170491,9990100,49000100,21
2026-08-14T05:20:04Z,170554,30900,45000,29833
2026-08-14T05:20:04Z,171195,20000000,20000000,53
2026-08-14T05:20:04Z,171196,427600,427600,94
2026-08-14T05:20:04Z,171203,1767900,1768400,61
2026-08-14T05:20:04Z,171263,9500,305900,360
2026-08-14T05:20:04Z,171264,10000,10000,179
2026-08-14T05:20:04Z,171266,21000,21000,1575
2026-08-14T05:20:04Z,171267,12100,12200,589
2026-08-14T05:20:04Z,171268,3000,3000,76
2026-08-14T05:20:04Z,171269,3000,3000,318
2026-08-14T05:20:04Z,171270,10100,10100,216
2026-08-14T05:20:04Z,171271,4500,4500,109
2026-08-14T05:20:04Z,171272,4200,4200,145
2026-08-14T05:20:04Z,171273,38800,38800,620
2026-08-14T05:20:04Z,171274,3700,9905500,99
2026-08-14T05:20:04Z,171275,18800,18800,128
2026-08-14T05:20:04Z,171276,540000,540000,4399
2026-08-14T05:20:04Z,171278,998800,998800,1176
2026-08-14T05:20:04Z,171285,19100,19100,1181
2026-08-14T05:20:04Z,171286,82500,82500,594
2026-08-14T05:20:04Z,171287,37400,37500,3139
2026-08-14T05:20:04Z,171288,19900,19900,837
2026-08-14T05:20:04Z,171289,150000,150000,2651
2026-08-14T05:20:04Z,171290,24000,24000,3474
2026-08-14T05:20:04Z,171291,33700,33700,1723
2026-08-14T05:20:04Z,171292,178100,178100,4854
2026-08-14T05:20:04Z,171301,9900000,9900000,20
2026-08-14T05:20:04Z,171315,140000,143000,36070
2026-08-14T05:20:04Z,171346,290000400,290000400,1
2026-08-14T05:20:04Z,171348,12003500,12003500,2
2026-08-14T05:20:04Z,171349,217800,220000,188
2026-08-14T05:20:04Z,171350,494800,494800,93
2026-08-14T05:20:04Z,171351,29900,29900,158
2026-08-14T05:20:04Z,171352,498900,498900,142
2026-08-14T05:20:04Z,171370,2700,385500,724
2026-08-14T05:20:04Z,171428,259700,259900,865
2026-08-14T05:20:04Z,171436,15000,15400,572
2026-08-14T05:20:04Z,171437,2400,2400,128
2026-08-14T05:20:04Z,171438,1500,1500,100
2026-08-14T05:20:04Z,171439,2900,2900,78
2026-08-14T05:20:04Z,171441,50000,60000,74
2026-08-14T05:20:04Z,171828,27500,47700,47893
2026-08-14T05:20:04Z,171829,80000,109900,65027
2026-08-14T05:20:04Z,171830,33500,33500,4416
2026-08-14T05:20:04Z,171831,43000,58800,15064
2026-08-14T05:20:04Z,171832,150300,150300,862
2026-08-14T05:20:04Z,171833,259800,289900,19017
2026-08-14T05:20:04Z,171840,200,600,33201
2026-08-14T05:20:04Z,171841,1400,1500,2953
2026-08-14T05:20:04Z,172008,809900,2699900,80
2026-08-14T05:20:04Z,172010,508300,1999900,103
2026-08-14T05:20:04Z,172017,3095300,3095300,61
2026-08-14T05:20:04Z,172018,2990000,2990000,298
2026-08-14T05:20:04Z,172019,1500000,1500000,509
2026-08-14T05:20:04Z,172040,13100,13100,190
2026-08-14T05:20:04Z,172041,3100,3200,208
2026-08-14T05:20:04Z,172042,56600,56600,54
2026-08-14T05:20:04Z,172043,821300,821300,624
2026-08-14T05:20:04Z,172044,94000,94500,262
2026-08-14T05:20:04Z,172045,1300,1300,489
2026-08-14T05:20:04Z,172046,3000,3000,243
2026-08-14T05:20:04Z,172047,13000,13000,213
2026-08-14T05:20:04Z,172048,1500,1500,261
2026-08-14T05:20:04Z,172049,249800,249800,1440
2026-08-14T05:20:04Z,172050,19600,20100,68
2026-08-14T05:20:04Z,172051,1400,1500,459
2026-08-14T05:20:04Z,172052,700,700,26774
2026-08-14T05:20:04Z,172053,700,700,25998
2026-08-14T05:20:04Z,172054,700,700,16131
2026-08-14T05:20:04Z,172055,700,700,8427
2026-08-14T05:20:04Z,172056,1800,1800,1403
2026-08-14T05:20:04Z,172057,2200,2200,2681
2026-08-14T05:20:04Z,172058,3300,3300,1784
2026-08-14T05:20:04Z,172059,2000,2000,1842
2026-08-14T05:20:04Z,172061,1500,1500,176
2026-08-14T05:20:04Z,172062,38700,39000,136
2026-08-14T05:20:04Z,172063,50000,50000,3276
2026-08-14T05:20:04Z,172068,2900,995700,32207
2026-08-14T05:20:04Z,172069,40000,40000,518
2026-08-14T05:20:04Z,172089,2800,3300,82768
2026-08-14T05:20:04Z,172091,540000,544200,89
2026-08-14T05:20:04Z,172092,700,800,92656
2026-08-14T05:20:04Z,172094,9700,10000,22011
2026-08-14T05:20:04Z,172096,27000,35000,15922
2026-08-14T05:20:04Z,172097,42000,104300,69323
2026-08-14T05:20:04Z,172142,1500002100,1500002100,1
2026-08-14T05:20:04Z,172143,990002100,990002100,1
2026-08-14T05:20:04Z,172144,290002100,290002100,1
2026-08-14T05:20:04Z,172145,290000300,290000300,1
2026-08-14T05:20:04Z,172146,840000,840000,33
2026-08-14T05:20:04Z,172147,9990000,9990000,2
2026-08-14T05:20:04Z,172202,5500005100,5500005100,1
2026-08-14T05:20:04Z,172230,2900,3800,25325
2026-08-14T05:20:04Z,172231,4300,6100,240235
2026-08-14T05:20:04Z,172232,8500,13700,200392
2026-08-14T05:20:04Z,172233,99800,99800,68
2026-08-14T05:20:04Z,172346,3200,39900,150
2026-08-14T05:20:04Z,172347,24500,24500,209
2026-08-14T05:20:04Z,172357,5000,5000,69
2026-08-14T05:20:04Z,172358,17900,18000,82
2026-08-14T05:20:04Z,172359,5400,5400,191
2026-08-14T05:20:04Z,172360,2200,2200,726
2026-08-14T05:20:04Z,172361,1900,1900,294
2026-08-14T05:20:04Z,172362,9900,9900,142
2026-08-14T05:20:04Z,172363,19600,19600,144
2026-08-14T05:20:04Z,172364,10400,10500,122
2026-08-14T05:20:04Z,172365,27300,27300,91
2026-08-14T05:20:04Z,172366,29900,29900,161
2026-08-14T05:20:04Z,172367,9100,9100,155
2026-08-14T05:20:04Z,172368,21800,21800,120
2026-08-14T05:20:04Z,172370,32900,35900,70
2026-08-14T05:20:04Z,172406,28200,39600,60
2026-08-14T05:20:04Z,172407,2100,2100,71
2026-08-14T05:20:04Z,172408,16400,16400,164
2026-08-14T05:20:04Z,172410,14100,14100,81
2026-08-14T05:20:04Z,172411,43200,43200,111
2026-08-14T05:20:04Z,172412,89000,89000,87
2026-08-14T05:20:04Z,172413,2100,2100,54
2026-08-14T05:20:04Z,172414,6800,1000900,97
2026-08-14T05:20:04Z,172415,6000,6000,142
2026-08-14T05:20:04Z,172416,9500,9500,51
2026-08-14T05:20:04Z,172418,2500,2500,95
2026-08-14T05:20:04Z,172419,19800,19800,209
2026-08-14T05:20:04Z,172437,240000,240000,703
2026-08-14T05:20:04Z,172438,130000,140000,929
2026-08-14T05:20:04Z,172439,14000,14500,4883
2026-08-14T05:20:04Z,172449,2999800,3000000,74
2026-08-14T05:20:04Z,172451,1600,1600,181
2026-08-14T05:20:04Z,172500,290002800,290002800,1
2026-08-14T05:20:04Z,172501,290002700,290002700,3
2026-08-14T05:20:04Z,172502,290002800,290002800,1
2026-08-14T05:20:04Z,172503,290002800,290002800,1
2026-08-14T05:20:04Z,172504,290002800,290002800,1
2026-08-14T05:20:04Z,172902,990000,1561900,56
2026-08-14T05:20:04Z,172903,445300,445300,89
2026-08-14T05:20:04Z,172904,39400,39400,100
2026-08-14T05:20:04Z,172920,5900,5900,58
2026-08-14T05:20:04Z,172921,30000,39900,118
2026-08-14T05:20:04Z,172934,30200,34600,20847
2026-08-14T05:20:04Z,172935,1400,1400,735
2026-08-14T05:20:04Z,172936,199000,199900,1022
2026-08-14T05:20:04Z,172937,195800,223900,1908
2026-08-14T05:20:04Z,173032,700,700,11587
2026-08-14T05:20:04Z,173033,700,700,2045
2026-08-14T05:20:04Z,173034,1200,1200,10568
2026-08-14T05:20:04Z,173035,700,700,5224
2026-08-14T05:20:04Z,173036,10000,13000,7627
2026-08-14T05:20:04Z,173037,1000,1000,3446
2026-08-14T05:20:04Z,173038,800,800,598
2026-08-14T05:20:04Z,173039,2100,2100,52
2026-08-14T05:20:04Z,173040,9500,9500,71
2026-08-14T05:20:04Z,173041,7800,7800,86
2026-08-14T05:20:04Z,173042,4200,4500,157
2026-08-14T05:20:04Z,173043,7000,7000,281
2026-08-14T05:20:04Z,173048,9993800,9993800,55
2026-08-14T05:20:04Z,173049,6902100,6902100,46
2026-08-14T05:20:04Z,173051,5602700,5602700,54
2026-08-14T05:20:04Z,173053,4849600,4849600,32
2026-08-14T05:20:04Z,173056,407000,410000,4433
2026-08-14T05:20:04Z,173057,24000,27800,173429
2026-08-14T05:20:04Z,173058,400000,649800,51149
2026-08-14T05:20:04Z,173059,30500,30500,40341
2026-08-14T05:20:04Z,173060,9300,9300,17988
2026-08-14T05:20:04Z,173062,4000100,4000100,59
2026-08-14T05:20:04Z,173065,48500,48500,32
2026-08-14T05:20:04Z,173067,2229900,9550800,33
2026-08-14T05:20:04Z,173070,35000100,35000100,16
2026-08-14T05:20:04Z,173071,3355100,3455100,21
2026-08-14T05:20:04Z,173072,5000000,5000000,16
2026-08-14T05:20:04Z,173073,2957500,2957500,19
2026-08-14T05:20:04Z,173074,1405900,3905900,43
2026-08-14T05:20:04Z,173075,5000000,5000000,30
2026-08-14T05:20:04Z,173076,5500900,5500900,24
2026-08-14T05:20:04Z,173077,32000000,32000000,20
2026-08-14T05:20:04Z,173079,650000,690000,40
2026-08-14T05:20:04Z,173080,300000,380000,56
2026-08-14T05:20:04Z,173081,580000,580000,54
2026-08-14T05:20:04Z,173082,490000,5000000,42
2026-08-14T05:20:04Z,173083,120000,180000,39
2026-08-14T05:20:04Z,173084,2500000,3465000,39
2026-08-14T05:20:04Z,173085,3000000,3800000,76
2026-08-14T05:20:04Z,173086,3900000,4000000,70
2026-08-14T05:20:04Z,173088,690000,690000,80
2026-08-14T05:20:04Z,173089,2909900,7490000,61
2026-08-14T05:20:04Z,173090,3465000,7490000,55
2026-08-14T05:20:04Z,173091,180000,7490000,48
2026-08-14T05:20:04Z,173092,350000,7490000,57
2026-08-14T05:20:04Z,173093,300000,7490000,27
2026-08-14T05:20:04Z,173094,400000,7490000,44
2026-08-14T05:20:04Z,173095,900000,999800,38
2026-08-14T05:20:04Z,173097,859000,909000,40
2026-08-14T05:20:04Z,173098,359900,359900,39
2026-08-14T05:20:04Z,173099,188100,5000000,69
2026-08-14T05:20:04Z,173100,400000,5000000,74
2026-08-14T05:20:04Z,173101,259000,2009000,35
2026-08-14T05:20:04Z,173102,490000,5000000,41
2026-08-14T05:20:04Z,173103,1250000,5000000,74
2026-08-14T05:20:04Z,173104,850000,5000000,67
2026-08-14T05:20:04Z,173108,29700,29700,1794
2026-08-14T05:20:04Z,173109,25100,25100,3040
2026-08-14T05:20:04Z,173110,29500,29500,3115
2026-08-14T05:20:04Z,173121,220000,220000,28
2026-08-14T05:20:04Z,173122,328900,329000,282
2026-08-14T05:20:04Z,173123,255100,255100,99
2026-08-14T05:20:04Z,173124,82500,82500,185
2026-08-14T05:20:04Z,173125,499300,499300,348
2026-08-14T05:20:04Z,173126,130000,200000,54
2026-08-14T05:20:04Z,173127,210000,210000,84
2026-08-14T05:20:04Z,173128,299900,602400,224
2026-08-14T05:20:04Z,173129,196300,196300,853
2026-08-14T05:20:04Z,173130,100000,168700,836
2026-08-14T05:20:04Z,173160,1000000,1500000,939
2026-08-14T05:20:04Z,173161,800000,800000,1000
2026-08-14T05:20:04Z,173162,600000,1009600,827
2026-08-14T05:20:04Z,173163,509600,1099700,772
2026-08-14T05:20:04Z,173168,14600,14600,2125
2026-08-14T05:20:04Z,173170,1117300,1117300,2208
2026-08-14T05:20:04Z,173171,59000,59000,578
2026-08-14T05:20:04Z,173172,132400,132400,186
2026-08-14T05:20:04Z,173173,405400,409600,557
2026-08-14T05:20:04Z,173191,3900,3900,380
2026-08-14T05:20:04Z,173192,2000,2000,277
2026-08-14T05:20:04Z,173202,400,500,1142540
2026-08-14T05:20:04Z,173204,1300,8600,82883
2026-08-14T05:20:04Z,173359,99999900,99999900,3
2026-08-14T05:20:04Z,173360,9900,9900,70
2026-08-14T05:20:04Z,173361,14400,14500,141
2026-08-14T05:20:04Z,173362,9800,9800,29
2026-08-14T05:20:04Z,173759,680000,680000,129
2026-08-14T05:20:04Z,173760,208200,208200,161
2026-08-14T05:20:04Z,173761,59000,59000,70
2026-08-14T05:20:04Z,173762,140000,140000,165
2026-08-14T05:20:04Z,173859,2100,2100,209
2026-08-14T05:20:04Z,173870,990000100,990000100,1
2026-08-14T05:20:04Z,173871,5000,5000,143
2026-08-14T05:20:04Z,173874,13000,13000,177
2026-08-14T05:20:04Z,173875,209600,209600,5
2026-08-14T05:20:04Z,173877,30400,30400,27
2026-08-14T05:20:04Z,173878,200000000,200000000,3
2026-08-14T05:20:04Z,173906,2500009700,2500009700,1
2026-08-14T05:20:04Z,173908,7571900,7571900,26
2026-08-14T05:20:04Z,173911,1500004400,1500004400,1
2026-08-14T05:20:04Z,173912,1500004400,1500004400,1
2026-08-14T05:20:04Z,173913,9994400,9994400,2
2026-08-14T05:20:04Z,173937,990000,990000,18
2026-08-14T05:20:04Z,174041,205900,205900,30
2026-08-14T05:20:04Z,174104,49004200,49004200,20
2026-08-14T05:20:04Z,174207,2245300,2245300,3
2026-08-14T05:20:04Z,174208,1500005600,1500005600,1
2026-08-14T05:20:04Z,174209,2256200,2256200,3
2026-08-14T05:20:04Z,174281,48600,48600,82
2026-08-14T05:20:04Z,174282,9805800,9805800,40
2026-08-14T05:20:04Z,174283,1900,1900,1019
2026-08-14T05:20:04Z,174284,999600,9899700,45
2026-08-14T05:20:04Z,174285,8941600,9907500,51
2026-08-14T05:20:04Z,174322,2226600,2226600,11
2026-08-14T05:20:04Z,174327,49500,72600,9919
2026-08-14T05:20:04Z,174328,49500,50000,722
2026-08-14T05:20:04Z,174347,1500006000,1500006000,1
2026-08-14T05:20:04Z,174348,423000,423100,182
2026-08-14T05:20:04Z,174349,999000,9880000,84
2026-08-14T05:20:04Z,174350,11800,11800,936
2026-08-14T05:20:04Z,174351,2500000,2500000,184
2026-08-14T05:20:04Z,174352,42000,42000,75
2026-08-14T05:20:04Z,174353,10000,14900,12691
2026-08-14T05:20:04Z,174383,19000900,49000900,23
2026-08-14T05:20:04Z,174890,989900,989900,26
2026-08-14T05:20:04Z,174891,499800,499800,17
2026-08-14T05:20:04Z,174983,290006000,290006000,1
2026-08-14T05:20:04Z,175052,2200300,2200300,22
2026-08-14T05:20:04Z,175053,90000,90000,16
2026-08-14T05:20:04Z,175054,120000,127300,20
2026-08-14T05:20:04Z,175056,861300,861300,19
2026-08-14T05:20:04Z,175069,250000,250000,59
2026-08-14T05:20:04Z,175241,600,600,68
2026-08-14T05:20:04Z,175788,36200,36200,308782
2026-08-14T05:20:04Z,175886,1700,1700,3838
2026-08-14T05:20:04Z,175924,3804900,3804900,40
2026-08-14T05:20:04Z,175954,290003700,290003700,1
2026-08-14T05:20:04Z,175955,7200,7200,58
2026-08-14T05:20:04Z,175957,59900,49009900,23
2026-08-14T05:20:04Z,175959,290002600,290002600,1
2026-08-14T05:20:04Z,175960,55000,55000,34
2026-08-14T05:20:04Z,175962,290006300,290006300,1
2026-08-14T05:20:04Z,175965,49000000,49000000,20
2026-08-14T05:20:04Z,175970,55900,55900,12153
2026-08-14T05:20:04Z,176086,49006500,49006500,51
2026-08-14T05:20:04Z,176087,8000,8000,1
2026-08-14T05:20:04Z,176088,290000000,290000000,2
2026-08-14T05:20:04Z,176089,49000000,49000000,21
2026-08-14T05:20:04Z,176391,23500,23600,28
2026-08-14T05:20:04Z,176392,133900,133900,27
2026-08-14T05:20:04Z,176393,507300,507300,2
2026-08-14T05:20:04Z,176807,15400,15500,26
2026-08-14T05:20:04Z,176809,6800,6900,80
2026-08-14T05:20:04Z,176810,50000000,50000000,2
2026-08-14T05:20:04Z,176811,440000,440000,145
2026-08-14T05:20:04Z,176852,49003000,49003000,25
2026-08-14T05:20:04Z,176853,3800,3800,189
2026-08-14T05:20:04Z,176854,9000000,9000000,3
2026-08-14T05:20:04Z,176855,2499800,2499900,50
2026-08-14T05:20:04Z,176856,49005700,49005700,20
2026-08-14T05:20:04Z,176857,290008100,290008100,1
2026-08-14T05:20:04Z,176858,49002400,49002400,26
2026-08-14T05:20:04Z,176859,9800,9800,71
2026-08-14T05:20:04Z,176860,4732100,4732100,4
2026-08-14T05:20:04Z,176861,45008700,45008700,29
2026-08-14T05:20:04Z,176862,9200,9200,8
2026-08-14T05:20:04Z,176863,290001600,290001600,1
2026-08-14T05:20:04Z,176864,49000000,49000000,20
2026-08-14T05:20:04Z,176865,49000000,49000000,35
2026-08-14T05:20:04Z,176866,4000,6000,134
2026-08-14T05:20:04Z,176867,110600,110600,37
2026-08-14T05:20:04Z,176868,90000,1000000,42
2026-08-14T05:20:04Z,176869,15000,15000,37
2026-08-14T05:20:04Z,176870,15607000,15607000,32
2026-08-14T05:20:04Z,176871,17900,17900,120
2026-08-14T05:20:04Z,176872,17300,17400,25
2026-08-14T05:20:04Z,176873,30000000,49000000,22
2026-08-14T05:20:04Z,176874,13800,13800,30
2026-08-14T05:20:04Z,176875,49007700,49007800,19
2026-08-14T05:20:04Z,176876,40000,40000,28
2026-08-14T05:20:04Z,176877,20000,20000,35
2026-08-14T05:20:04Z,176878,49001600,49001600,20
2026-08-14T05:20:04Z,176879,290003700,290003700,1
2026-08-14T05:20:04Z,176880,290007800,290007800,1
2026-08-14T05:20:04Z,176881,290002500,290002500,2
2026-08-14T05:20:04Z,176882,390100,390100,7
2026-08-14T05:20:04Z,176883,290003600,290003600,2
2026-08-14T05:20:04Z,176884,289467000,289467000,2
2026-08-14T05:20:04Z,176885,290000000,290000000,3
2026-08-14T05:20:04Z,176886,289730000,289730000,2
2026-08-14T05:20:04Z,176887,289990000,289990000,2
2026-08-14T05:20:04Z,177025,1006600,49000000,22
2026-08-14T05:20:04Z,177026,49009400,49009400,20
2026-08-14T05:20:04Z,177028,49005700,49005700,20
2026-08-14T05:20:04Z,177040,2900,2900,175
2026-08-14T05:20:04Z,177043,409700,409700,104
2026-08-14T05:20:04Z,177061,145000,155000,3188
2026-08-14T05:20:04Z,177062,98000,98900,1983
2026-08-14T05:20:04Z,177256,100000,100000,64
2026-08-14T05:20:04Z,177659,2000,2000,102
2026-08-14T05:20:04Z,177660,25000,25000,139
2026-08-14T05:20:04Z,177661,7600,7600,84
2026-08-14T05:20:04Z,177715,4900,14400,93
2026-08-14T05:20:04Z,177716,5100,5100,91
2026-08-14T05:20:04Z,177840,19994000,19994000,23
2026-08-14T05:20:04Z,177841,17823100,17823100,90
2026-08-14T05:20:04Z,177842,10000000,10000000,14
2026-08-14T05:20:04Z,177843,9259800,9259800,27
2026-08-14T05:20:04Z,177962,7600,7600,123
2026-08-14T05:20:04Z,178017,290000000,290000000,1
2026-08-14T05:20:04Z,178103,49005800,49005800,21
2026-08-14T05:20:04Z,178104,49006500,49006600,36
2026-08-14T05:20:04Z,178105,990008400,990008400,1
2026-08-14T05:20:04Z,178106,49005800,49005900,24
2026-08-14T05:20:04Z,178107,40981100,49001100,21
2026-08-14T05:20:04Z,178108,290003700,290003700,1
2026-08-14T05:20:04Z,178110,5500006000,5500006000,1
2026-08-14T05:20:04Z,178111,2500001600,2500001600,1
2026-08-14T05:20:04Z,178113,3900,3900,335
2026-08-14T05:20:04Z,178114,16900,16900,205
2026-08-14T05:20:04Z,178115,290004700,290004700,4
2026-08-14T05:20:04Z,178116,290008600,290008600,2
2026-08-14T05:20:04Z,178122,290000800,290000800,1
2026-08-14T05:20:04Z,178123,49000300,49000300,20
2026-08-14T05:20:04Z,178125,49005400,49005400,21
2026-08-14T05:20:04Z,178126,49009800,49009800,25
2026-08-14T05:20:04Z,178127,49000800,49000800,39
2026-08-14T05:20:04Z,178129,49008300,49008300,21
2026-08-14T05:20:04Z,178130,15006400,49006500,23
2026-08-14T05:20:04Z,178131,49007600,49007600,22
2026-08-14T05:20:04Z,178132,19900,19900,78
2026-08-14T05:20:04Z,178133,4300,4300,26
2026-08-14T05:20:04Z,178134,77000,77100,25
2026-08-14T05:20:04Z,178135,29009300,29009400,8
2026-08-14T05:20:04Z,178136,9500,9500,103
2026-08-14T05:20:04Z,178137,290004100,290004100,4
2026-08-14T05:20:04Z,178149,30000,299800,605
2026-08-14T05:20:04Z,178172,49000000,49000000,21
2026-08-14T05:20:04Z,178173,19900,20000,24
2026-08-14T05:20:04Z,178174,290000400,290000400,1
2026-08-14T05:20:04Z,178175,49000000,49000000,20
2026-08-14T05:20:04Z,178177,290000000,290000000,2
2026-08-14T05:20:04Z,178178,3900,3900,49
2026-08-14T05:20:04Z,178216,113700,114800,81
2026-08-14T05:20:04Z,178217,3200,3200,194
2026-08-14T05:20:04Z,178218,900000,900000,35
2026-08-14T05:20:04Z,178219,502000,9002000,170
2026-08-14T05:20:04Z,178220,190000,190000,58
2026-08-14T05:20:04Z,178221,1000000,3500000,91
2026-08-14T05:20:04Z,178222,106600,106600,81
2026-08-14T05:20:04Z,178223,1199900,1199900,163
2026-08-14T05:20:04Z,178224,5007000,9435400,90
2026-08-14T05:20:04Z,178225,681800,681800,121
2026-08-14T05:20:04Z,178226,57000,57500,85
2026-08-14T05:20:04Z,178227,78000,78000,87
2026-08-14T05:20:04Z,178228,459500,459500,108
2026-08-14T05:20:04Z,178247,599500,599500,105
2026-08-14T05:20:04Z,178252,57000,57500,96
2026-08-14T05:20:04Z,178518,107200,9890700,37
2026-08-14T05:20:04Z,178534,9900000,9900000,104
2026-08-14T05:20:04Z,178535,971100,9893400,33
2026-08-14T05:20:04Z,178536,9800000,9800000,45
2026-08-14T05:20:04Z,178537,50700,9700700,41
2026-08-14T05:20:04Z,178538,9898400,9898400,71
2026-08-14T05:20:04Z,178539,9900000,9900000,25
2026-08-14T05:20:04Z,178540,9990000,9990000,33
2026-08-14T05:20:04Z,178541,6178900,6178900,27
2026-08-14T05:20:04Z,178542,47500,50000,126
2026-08-14T05:20:04Z,178543,9990000,9990000,33
2026-08-14T05:20:04Z,178544,329200,329200,203
2026-08-14T05:20:04Z,178545,2000,2000,116
2026-08-14T05:20:04Z,178546,48900,9850000,26
2026-08-14T05:20:04Z,178547,9760900,9760900,24
2026-08-14T05:20:04Z,178548,9960000,9960000,50
2026-08-14T05:20:04Z,178549,2749700,2749700,32
2026-08-14T05:20:04Z,178550,1900,1900,107
2026-08-14T05:20:04Z,178551,951000,9606000,34
2026-08-14T05:20:04Z,178552,50000,50000,55
2026-08-14T05:20:04Z,178786,15000,15000,2862
2026-08-14T05:20:04Z,178787,1100000,1100000,1630
2026-08-14T05:20:04Z,178900,9899000,9899000,21
2026-08-14T05:20:04Z,178923,49000800,49000800,20
2026-08-14T05:20:04Z,179001,290003300,290003300,1
2026-08-14T05:20:04Z,179003,9900,10000,26
2026-08-14T05:20:04Z,179004,49000300,49000300,20
2026-08-14T05:20:04Z,179005,48093700,49002000,22
2026-08-14T05:20:04Z,179006,48990000,49000000,23
2026-08-14T05:20:04Z,179011,9902800,9902800,29
2026-08-14T05:20:04Z,179012,9903200,9903200,40
2026-08-14T05:20:04Z,179013,9900000,9900000,25
2026-08-14T05:20:04Z,179014,9887000,9893900,30
2026-08-14T05:20:04Z,179015,9900500,9900500,45
2026-08-14T05:20:04Z,179016,9900000,9900000,90
2026-08-14T05:20:04Z,179017,9790000,9790000,38
2026-08-14T05:20:04Z,179018,49700,49800,107
2026-08-14T05:20:04Z,179019,40000,9900000,46
2026-08-14T05:20:04Z,179020,54700,54800,70
2026-08-14T05:20:04Z,179021,9902200,9902200,29
2026-08-14T05:20:04Z,179022,9904800,9904800,30
2026-08-14T05:20:04Z,179023,9887600,9887700,42
2026-08-14T05:20:04Z,179025,9900000,9900000,39
2026-08-14T05:20:04Z,179026,6482100,6482100,122
2026-08-14T05:20:04Z,179166,9693300,9693300,45
2026-08-14T05:20:04Z,179267,9900000,9900000,150
2026-08-14T05:20:04Z,179268,9884800,9884800,40
2026-08-14T05:20:04Z,179269,9890000,9890000,46
2026-08-14T05:20:04Z,179270,9901000,9901000,25
2026-08-14T05:20:04Z,179271,50000,50000,89
2026-08-14T05:20:04Z,179272,9900000,9900000,74
2026-08-14T05:20:04Z,179273,1000800,9752000,27
2026-08-14T05:20:04Z,179274,9879300,9879300,144
2026-08-14T05:20:04Z,179275,9904900,9904900,149
2026-08-14T05:20:04Z,179276,53200,55200,84
2026-08-14T05:20:04Z,179277,999900,999900,56
2026-08-14T05:20:04Z,179278,24900,24900,53
2026-08-14T05:20:04Z,179279,49900,49900,49
2026-08-14T05:20:04Z,179281,9904800,9904800,84
2026-08-14T05:20:04Z,179283,40000,40000,96
2026-08-14T05:20:04Z,179284,9000000,9900000,33
2026-08-14T05:20:04Z,179285,40500,60500,35
2026-08-14T05:20:04Z,179286,58700,58700,33
2026-08-14T05:20:04Z,179287,9885600,9885600,37
2026-08-14T05:20:04Z,179288,49003300,49003300,20
2026-08-14T05:20:04Z,179289,225606300,225606300,2
2026-08-14T05:20:04Z,179290,290003300,290003300,1
2026-08-14T05:20:04Z,179291,49003300,49003300,20
2026-08-14T05:20:04Z,179292,49003300,49003300,20
2026-08-14T05:20:04Z,179293,39990000,39990000,4
2026-08-14T05:20:04Z,179294,49003300,49003300,20
2026-08-14T05:20:04Z,179295,2970000,9990000,55
2026-08-14T05:20:04Z,179296,139900,49000000,22
2026-08-14T05:20:04Z,179297,290003100,290003100,2
2026-08-14T05:20:04Z,179298,290003300,290003300,1
2026-08-14T05:20:04Z,179299,290003300,290003300,1
2026-08-14T05:20:04Z,179300,49003200,49003300,21
2026-08-14T05:20:04Z,179307,183300,9882800,41
2026-08-14T05:20:04Z,179308,65300,9870000,35
2026-08-14T05:20:04Z,179309,9002600,9902700,47
2026-08-14T05:20:04Z,179310,247400,249900,46
2026-08-14T05:20:04Z,179314,700,700,12031
2026-08-14T05:20:04Z,179315,700,700,18117
2026-08-14T05:20:04Z,179368,1900000,1900000,65
2026-08-14T05:20:04Z,179369,300100,300100,71
2026-08-14T05:20:04Z,179370,200000,200000,70
2026-08-14T05:20:04Z,179372,930000,930000,50
2026-08-14T05:20:04Z,179985,99900,100000,36
2026-08-14T05:20:04Z,179986,9902100,9902100,408
2026-08-14T05:20:04Z,179992,3800,3900,207
2026-08-14T05:20:04Z,179993,9908700,9908700,30
2026-08-14T05:20:04Z,180055,14900,14900,305
2026-08-14T05:20:04Z,180057,390000,390000,206
2026-08-14T05:20:04Z,180058,500000,500000,39
2026-08-14T05:20:04Z,180059,167600,167600,221
2026-08-14T05:20:04Z,180060,150000,150000,134
2026-08-14T05:20:04Z,180088,11100,11100,28
2026-08-14T05:20:04Z,180168,50000,69700,71
2026-08-14T05:20:04Z,180307,3999800,3999800,4
2026-08-14T05:20:04Z,180309,1500000,1500000,8
2026-08-14T05:20:04Z,180310,289990000,289990000,10
2026-08-14T05:20:04Z,180317,18800,20000,50
2026-08-14T05:20:04Z,180318,6500,8000,164
2026-08-14T05:20:04Z,180326,990006500,990006500,1
2026-08-14T05:20:04Z,180327,290006500,290006500,1
2026-08-14T05:20:04Z,180328,1500006500,1500006500,1
2026-08-14T05:20:04Z,180329,290006500,290006500,1
2026-08-14T05:20:04Z,180330,290006500,290006500,1
2026-08-14T05:20:04Z,180331,290006500,290006500,1
2026-08-14T05:20:04Z,180332,290006500,290006500,1
2026-08-14T05:20:04Z,180333,290006300,290006300,2
2026-08-14T05:20:04Z,180334,290006500,290006500,1
2026-08-14T05:20:04Z,180338,35006500,35006500,2
2026-08-14T05:20:04Z,180340,290006500,290006500,1
2026-08-14T05:20:04Z,180341,290006500,290006500,1
2026-08-14T05:20:04Z,180342,990006500,990006500,1
2026-08-14T05:20:04Z,180343,290006500,290006500,1
2026-08-14T05:20:04Z,180344,990006500,990006500,1
2026-08-14T05:20:04Z,180346,290006500,290006500,1
2026-08-14T05:20:04Z,180347,290006500,290006500,1
2026-08-14T05:20:04Z,180348,290006500,290006500,1
2026-08-14T05:20:04Z,180353,290006500,290006500,1
2026-08-14T05:20:04Z,180354,49001500,49001500,20
2026-08-14T05:20:04Z,180377,3509700,3509700,7
2026-08-14T05:20:04Z,180381,1500009000,1500009000,1
2026-08-14T05:20:04Z,180382,290009000,290009000,1
2026-08-14T05:20:04Z,180383,290009000,290009000,1
2026-08-14T05:20:04Z,180384,290009000,290009000,1
2026-08-14T05:20:04Z,180385,1500009000,1500009000,1
2026-08-14T05:20:04Z,180404,1493000,9990400,43
2026-08-14T05:20:04Z,180405,29900,29900,28
2026-08-14T05:20:04Z,180406,290005200,290005200,1
2026-08-14T05:20:04Z,180408,1500001100,1500001100,1
2026-08-14T05:20:04Z,180409,9904600,9904600,43
2026-08-14T05:20:04Z,180410,119900,2220400,30
2026-08-14T05:20:04Z,180411,90900,9551800,28
2026-08-14T05:20:04Z,180412,122200,9902400,33
2026-08-14T05:20:04Z,180429,9990000,9990000,20
2026-08-14T05:20:04Z,180430,1300,1300,131
2026-08-14T05:20:04Z,180445,8000000,8530000,747
2026-08-14T05:20:04Z,180448,1500000800,1500000800,1
2026-08-14T05:20:04Z,180449,1500000800,1500000800,1
2026-08-14T05:20:04Z,180457,900000,900000,297
2026-08-14T05:20:04Z,180475,290009200,290009200,1
2026-08-14T05:20:04Z,180476,49006500,49006500,20
2026-08-14T05:20:04Z,180504,290003300,290003300,1
2026-08-14T05:20:04Z,180505,450003300,450003300,1
2026-08-14T05:20:04Z,180506,290003300,290003300,1
2026-08-14T05:20:04Z,180507,290003300,290003300,1
2026-08-14T05:20:04Z,180508,49003300,49003300,13
2026-08-14T05:20:04Z,180509,290003300,290003300,1
2026-08-14T05:20:04Z,180510,49003300,49003300,20
2026-08-14T05:20:04Z,180511,290003300,290003300,1
2026-08-14T05:20:04Z,180512,290003300,290003300,1
2026-08-14T05:20:04Z,180513,290003300,290003300,1
2026-08-14T05:20:04Z,180514,290003300,290003300,1
2026-08-14T05:20:04Z,180515,290003300,290003300,1
2026-08-14T05:20:04Z,180516,49003300,49003300,20
2026-08-14T05:20:04Z,180517,290003300,290003300,1
2026-08-14T05:20:04Z,180518,49003300,49003300,19
2026-08-14T05:20:04Z,180519,290003300,290003300,1
2026-08-14T05:20:04Z,180520,49003300,49003300,20
2026-08-14T05:20:04Z,180521,49003300,49003300,11
2026-08-14T05:20:04Z,180614,290005300,290005300,1
2026-08-14T05:20:04Z,180622,290007500,290007500,1
2026-08-14T05:20:04Z,180623,49001700,49001700,15
2026-08-14T05:20:04Z,180624,49005500,49005500,20
2026-08-14T05:20:04Z,180732,3300,3300,15164
2026-08-14T05:20:04Z,180733,78900,79000,1512
2026-08-14T05:20:04Z,180878,290003300,290003300,1
2026-08-14T05:20:04Z,180879,49003300,49003300,14
2026-08-14T05:20:04Z,180880,49003300,49003300,21
2026-08-14T05:20:04Z,180881,49002900,49002900,11
2026-08-14T05:20:04Z,180882,49003300,49003300,18
2026-08-14T05:20:04Z,180883,450003300,450003300,1
2026-08-14T05:20:04Z,180884,290003300,290003300,1
2026-08-14T05:20:04Z,180885,290003300,290003300,1
2026-08-14T05:20:04Z,180886,49003300,49003300,20
2026-08-14T05:20:04Z,180887,290003300,290003300,1
2026-08-14T05:20:04Z,180888,290003300,290003300,1
2026-08-14T05:20:04Z,180889,290003300,290003300,1
2026-08-14T05:20:04Z,180890,290003300,290003300,1
2026-08-14T05:20:04Z,180891,290003300,290003300,1
2026-08-14T05:20:04Z,180892,290003300,290003300,1
2026-08-14T05:20:04Z,180893,290003300,290003300,1
2026-08-14T05:20:04Z,180894,290003300,290003300,1
2026-08-14T05:20:04Z,180991,279990000,279990000,7
2026-08-14T05:20:04Z,180992,48990000,48990000,26
2026-08-14T05:20:04Z,181246,49000200,49000200,21
2026-08-14T05:20:04Z,181247,1318700,49008700,21
2026-08-14T05:20:04Z,181388,300000,300000,9
2026-08-14T05:20:04Z,181468,120000,120000,4166
2026-08-14T05:20:04Z,181713,289900,290000,39
2026-08-14T05:20:04Z,182118,9899200,9899200,120
2026-08-14T05:20:04Z,182119,9900000,9900000,71
2026-08-14T05:20:04Z,182120,9772400,9772400,27
2026-08-14T05:20:04Z,182121,8800,1008400,36
2026-08-14T05:20:04Z,182122,9890100,9890100,60
2026-08-14T05:20:04Z,182123,9707600,9707600,25
2026-08-14T05:20:04Z,182299,49002200,49002200,20
2026-08-14T05:20:04Z,182367,5500000100,5500000100,1
2026-08-14T05:20:04Z,182459,162000,180000,63
2026-08-14T05:20:04Z,182581,1420300,1420300,1013
2026-08-14T05:20:04Z,182653,8000,450000,270
2026-08-14T05:20:04Z,182707,49006500,49006500,19
2026-08-14T05:20:04Z,182708,290003900,290003900,1
2026-08-14T05:20:04Z,182709,290002600,290002600,2
2026-08-14T05:20:04Z,182710,190007600,190007600,2
2026-08-14T05:20:04Z,182713,49009000,49009000,20
2026-08-14T05:20:04Z,182714,49000100,49000200,22
2026-08-14T05:20:04Z,182715,49001300,49001400,15
2026-08-14T05:20:04Z,182718,49000000,49000000,21
2026-08-14T05:20:04Z,182733,2000000,2000000,56
2026-08-14T05:20:04Z,182737,5000,5000,282
2026-08-14T05:20:04Z,182756,290009000,290009000,1
2026-08-14T05:20:04Z,182757,290009000,290009000,1
2026-08-14T05:20:04Z,182758,290006500,290006500,1
2026-08-14T05:20:04Z,182760,290006500,290006500,1
2026-08-14T05:20:04Z,182761,290001500,290001500,1
2026-08-14T05:20:04Z,182762,290004000,290004000,1
2026-08-14T05:20:04Z,182763,290007500,290007500,1
2026-08-14T05:20:04Z,182764,290003200,290003200,1
2026-08-14T05:20:04Z,182765,290004800,290004800,1
2026-08-14T05:20:04Z,182766,290003600,290003600,1
2026-08-14T05:20:04Z,182774,290001500,290001500,1
2026-08-14T05:20:04Z,182775,290001500,290001500,1
2026-08-14T05:20:04Z,182776,290001500,290001500,1
2026-08-14T05:20:04Z,182797,49005100,49005100,19
2026-08-14T05:20:04Z,183108,990003400,990003400,1
2026-08-14T05:20:04Z,183109,49006900,49006900,20
2026-08-14T05:20:04Z,183110,49006000,49006000,20
2026-08-14T05:20:04Z,183203,49000000,49000000,21
2026-08-14T05:20:04Z,183204,20000000,20000000,11
2026-08-14T05:20:04Z,183205,100000000,100000000,2
2026-08-14T05:20:04Z,183207,40006300,49006500,23
2026-08-14T05:20:04Z,183208,989800,49009800,23
2026-08-14T05:20:04Z,183209,49006300,49006300,22
2026-08-14T05:20:04Z,183597,9901100,9901100,30
2026-08-14T05:20:04Z,183599,8624900,8625000,29
2026-08-14T05:20:04Z,183733,39567500,39567500,5
2026-08-14T05:20:04Z,183738,45300,45300,94
2026-08-14T05:20:04Z,183793,9905600,9905600,64
2026-08-14T05:20:04Z,183823,10000,10000,85
2026-08-14T05:20:04Z,183945,49002900,49002900,20
2026-08-14T05:20:04Z,183950,34900,34900,1344
2026-08-14T05:20:04Z,183951,48600,890000,235
2026-08-14T05:20:04Z,183952,69800,69900,2086
2026-08-14T05:20:04Z,183953,93000,93000,502
2026-08-14T05:20:04Z,183954,290000,290000,1885
2026-08-14T05:20:04Z,183955,333100,508100,2079
2026-08-14T05:20:04Z,183963,423000,9848900,57
2026-08-14T05:20:04Z,184049,9903100,9903100,20
2026-08-14T05:20:04Z,184050,989700,989700,28
2026-08-14T05:20:04Z,184051,990000,990000,15
2026-08-14T05:20:04Z,184090,105900,105900,249
2026-08-14T05:20:04Z,184096,4132400,4132600,194
2026-08-14T05:20:04Z,184097,1889600,1889600,111
2026-08-14T05:20:04Z,184100,2792900,2792900,89
2026-08-14T05:20:04Z,184201,9899100,9899100,45
2026-08-14T05:20:04Z,184202,9900000,9900000,40
2026-08-14T05:20:04Z,184281,50000,50000,59
2026-08-14T05:20:04Z,184283,1975600,9880000,28
2026-08-14T05:20:04Z,184308,25000,25000,151
2026-08-14T05:20:04Z,184309,1500006500,1500006500,1
2026-08-14T05:20:04Z,184310,1500006500,1500006500,2
2026-08-14T05:20:04Z,184340,55897100,55897100,2
2026-08-14T05:20:04Z,184341,849562500,849562500,4
2026-08-14T05:20:04Z,184342,250008800,250008800,2
2026-08-14T05:20:04Z,184343,249999600,249999600,1
2026-08-14T05:20:04Z,184344,974999600,974999600,2
2026-08-14T05:20:04Z,184345,800008800,800008800,1
2026-08-14T05:20:04Z,184346,250008400,250008400,1
2026-08-14T05:20:04Z,184347,924999800,924999800,1
2026-08-14T05:20:04Z,184390,1000000,1000000,22
2026-08-14T05:20:04Z,184391,189900,189900,42
2026-08-14T05:20:04Z,184392,360000,370000,32
2026-08-14T05:20:04Z,184393,2890000,2890000,22
2026-08-14T05:20:04Z,184394,49000500,49000500,13
2026-08-14T05:20:04Z,184553,290001900,290001900,1
2026-08-14T05:20:04Z,184624,591700,739600,263
2026-08-14T05:20:04Z,184682,395000,395100,933
2026-08-14T05:20:04Z,184690,319800,399900,388
2026-08-14T05:20:04Z,185476,39004300,40004500,24
2026-08-14T05:20:04Z,185477,290006700,290006700,1
2026-08-14T05:20:04Z,185478,290006700,290006700,1
2026-08-14T05:20:04Z,185479,49000000,49000000,20
2026-08-14T05:20:04Z,185480,49009500,49009500,20
2026-08-14T05:20:04Z,185481,49005300,49005300,23
2026-08-14T05:20:04Z,185482,259600,259600,4
2026-08-14T05:20:04Z,185483,290003900,290003900,3
2026-08-14T05:20:04Z,185737,1729400,1729900,24
2026-08-14T05:20:04Z,185739,290009000,290009000,1
2026-08-14T05:20:04Z,185910,5183100,5183100,199
2026-08-14T05:20:04Z,185968,290004200,290004200,1
2026-08-14T05:20:04Z,185970,290009500,290009500,1
2026-08-14T05:20:04Z,186017,15000,21300,3216
2026-08-14T05:20:04Z,186522,1349900,1349900,90
2026-08-14T05:20:04Z,186660,990002600,990002600,1
2026-08-14T05:20:04Z,186661,290006300,290006300,1
2026-08-14T05:20:04Z,186662,779900,5559900,72
2026-08-14T05:20:04Z,186677,290004100,290004100,1
2026-08-14T05:20:04Z,186704,2007500,2007500,37
2026-08-14T05:20:04Z,186725,267900,9810500,41
2026-08-14T05:20:04Z,186726,999900,999900,84
2026-08-14T05:20:04Z,186975,5400,5400,60
2026-08-14T05:20:04Z,186981,333200,333200,27
2026-08-14T05:20:04Z,186982,9903200,9903200,330
2026-08-14T05:20:04Z,187180,49005800,49005800,20
2026-08-14T05:20:04Z,187188,290005800,290005800,1
2026-08-14T05:20:04Z,187189,290003300,290003300,1
2026-08-14T05:20:04Z,187190,290001800,290001800,1
2026-08-14T05:20:04Z,187191,290007800,290007800,1
2026-08-14T05:20:04Z,187192,290005700,290005700,1
2026-08-14T05:20:04Z,187193,60000500,60000500,8
2026-08-14T05:20:04Z,187194,290001500,290001500,1
2026-08-14T05:20:04Z,187195,290001600,290001600,1
2026-08-14T05:20:04Z,187196,180000000,180000000,2
2026-08-14T05:20:04Z,187197,290000200,290000200,1
2026-08-14T05:20:04Z,187198,49004900,49004900,19
2026-08-14T05:20:04Z,187199,290005900,290005900,1
2026-08-14T05:20:04Z,187211,290000200,290000200,1
2026-08-14T05:20:04Z,187212,49005700,49005700,19
2026-08-14T05:20:04Z,187213,49006000,49006000,20
2026-08-14T05:20:04Z,187348,40009700,40009700,23
2026-08-14T05:20:04Z,187408,290001200,290001200,1
2026-08-14T05:20:04Z,187550,499990100,499990100,2
2026-08-14T05:20:04Z,187553,299990100,299990100,2
2026-08-14T05:20:04Z,187554,5500000100,5500000100,1
2026-08-14T05:20:04Z,187555,1500000100,1500000100,1
2026-08-14T05:20:04Z,187594,45004000,45004000,22
2026-08-14T05:20:04Z,187633,149000,300000,466
2026-08-14T05:20:04Z,187634,1762200,2229300,2220
2026-08-14T05:20:04Z,187635,187000,300000,3270
2026-08-14T05:20:04Z,187636,4990000,4990000,225
2026-08-14T05:20:04Z,187648,19903900,19903900,51
2026-08-14T05:20:04Z,187699,209000,209900,3895
2026-08-14T05:20:04Z,187700,67700,171000,30376
2026-08-14T05:20:04Z,187701,5400,72300,3694
2026-08-14T05:20:04Z,187702,1000,1500,17794
2026-08-14T05:20:04Z,187703,3700,15000,50908
2026-08-14T05:20:04Z,187704,700,13000,71681
2026-08-14T05:20:04Z,187707,506700,506700,343
2026-08-14T05:20:04Z,187711,49001200,49001200,20
2026-08-14T05:20:04Z,187712,5000,5000,56
2026-08-14T05:20:04Z,187796,309200,309200,40
2026-08-14T05:20:04Z,187802,4000,4000,284
2026-08-14T05:20:04Z,187805,699900,2229900,45
2026-08-14T05:20:04Z,187812,2000000,2000000,35
2026-08-14T05:20:04Z,187823,4805200,4805200,15
2026-08-14T05:20:04Z,187825,26700000,26700000,16
2026-08-14T05:20:04Z,187827,150000000,150000000,14
2026-08-14T05:20:04Z,187829,4790000,4790000,18
2026-08-14T05:20:04Z,187831,7948600,7948600,189
2026-08-14T05:20:04Z,187836,9990000,9990000,58
2026-08-14T05:20:04Z,187842,60800,49000800,21
2026-08-14T05:20:04Z,187849,8391000,8391000,11
2026-08-14T05:20:04Z,187850,25555400,25555400,8
2026-08-14T05:20:04Z,187884,17995900,17996100,92
2026-08-14T05:20:04Z,187887,12999500,12999500,75
2026-08-14T05:20:04Z,187888,14008600,14008600,55
2026-08-14T05:20:04Z,187911,2497000,2497000,44
2026-08-14T05:20:04Z,187931,12610400,12610400,35
2026-08-14T05:20:04Z,187933,6903100,6903100,267
2026-08-14T05:20:04Z,187934,16796400,16796500,77
2026-08-14T05:20:04Z,187936,17460700,17460700,61
2026-08-14T05:20:04Z,188164,11449300,11449300,183
2026-08-14T05:20:04Z,188658,20500,22600,4311
2026-08-14T05:20:04Z,188669,73900,73900,31
2026-08-14T05:20:04Z,188670,1300,1300,6
2026-08-14T05:20:04Z,188671,22700,22700,78
2026-08-14T05:20:04Z,188672,14002400,14002400,8
2026-08-14T05:20:04Z,188681,249600,249700,26
2026-08-14T05:20:04Z,188682,28600,28600,34
2026-08-14T05:20:04Z,188683,2500000,2500000,4
2026-08-14T05:20:04Z,188684,1429700,1429700,7
2026-08-14T05:20:04Z,188685,3250000,3250000,3
2026-08-14T05:20:04Z,188760,4488800,4488900,8
2026-08-14T05:20:04Z,188761,410100,410100,68
2026-08-14T05:20:04Z,188762,10009600,10009600,4
2026-08-14T05:20:04Z,188779,290009000,290009000,2
2026-08-14T05:20:04Z,188789,290003200,290003200,2
2026-08-14T05:20:04Z,188790,49006800,49006800,23
2026-08-14T05:20:04Z,188791,290007900,290007900,1
2026-08-14T05:20:04Z,188792,8009600,8009600,21
2026-08-14T05:20:04Z,188794,2259700,2259700,32
2026-08-14T05:20:04Z,188795,290005900,290005900,1
2026-08-14T05:20:04Z,188811,290009100,290009100,1
2026-08-14T05:20:04Z,188827,49003200,49003200,20
2026-08-14T05:20:04Z,188834,49008000,49008000,29
2026-08-14T05:20:04Z,188835,199900,199900,104
2026-08-14T05:20:04Z,188836,290009100,290009100,1
2026-08-14T05:20:04Z,188946,99999200,99999200,8
2026-08-14T05:20:04Z,188947,290000100,290000100,1
2026-08-14T05:20:04Z,188948,8006000,8006000,17
2026-08-14T05:20:04Z,189143,22000,22500,3587
2026-08-14T05:20:04Z,189145,15000000,15000000,266
2026-08-14T05:20:04Z,189146,1604000,2220000,4410
2026-08-14T05:20:04Z,189147,5000000,5000000,40
2026-08-14T05:20:04Z,189148,709000,749500,1029
2026-08-14T05:20:04Z,189149,424900,429900,138
2026-08-14T05:20:04Z,189150,419000,2220000,7270
2026-08-14T05:20:04Z,189151,68400,2220000,6326
2026-08-14T05:20:04Z,189152,743500,751000,542
2026-08-14T05:20:04Z,189153,574200,2225000,4453
2026-08-14T05:20:04Z,189154,78000000,78000000,102
2026-08-14T05:20:04Z,189155,34490000,34490000,150
2026-08-14T05:20:04Z,189156,23748900,24750000,266
2026-08-14T05:20:04Z,189541,2149800,2149800,388
2026-08-14T05:20:04Z,189542,1457800,1457800,2436
2026-08-14T05:20:04Z,189543,4929800,4929800,254
2026-08-14T05:20:04Z,189571,290000300,290000300,1
2026-08-14T05:20:04Z,190235,49000700,49000700,20
2026-08-14T05:20:04Z,190236,290001900,290001900,1
2026-08-14T05:20:04Z,190311,27500,31400,11149
2026-08-14T05:20:04Z,190312,79900,100000,4778
2026-08-14T05:20:04Z,190313,78500,79000,15121
2026-08-14T05:20:04Z,190314,305100,415100,6601
2026-08-14T05:20:04Z,190315,108800,109800,33678
2026-08-14T05:20:04Z,190316,1090000,1100000,19258
2026-08-14T05:20:04Z,190320,124100,139500,36662
2026-08-14T05:20:04Z,190321,1192800,1203200,8080
2026-08-14T05:20:04Z,190322,239800,249900,14760
2026-08-14T05:20:04Z,190324,2470000,2495500,15460
2026-08-14T05:20:04Z,190326,117200,129900,19206
2026-08-14T05:20:04Z,190327,1199700,1202200,7184
2026-08-14T05:20:04Z,190328,117300,150000,21751
2026-08-14T05:20:04Z,190329,1179700,1200000,14608
2026-08-14T05:20:04Z,190330,21700,26800,15701
2026-08-14T05:20:04Z,190331,245000,245000,2478
2026-08-14T05:20:04Z,190378,1390000,1390000,191
2026-08-14T05:20:04Z,190380,1391500,1551500,136
2026-08-14T05:20:04Z,190388,250000,2227400,4294
2026-08-14T05:20:04Z,190394,6500,8700,155114
2026-08-14T05:20:04Z,190395,4700,5000,8536
2026-08-14T05:20:04Z,190396,4200,4700,181902
2026-08-14T05:20:04Z,190450,1010000,1100000,5524
2026-08-14T05:20:04Z,190451,99000,100000,7624
2026-08-14T05:20:04Z,190452,120000,123000,3855
2026-08-14T05:20:04Z,190530,1929300,1929300,54
2026-08-14T05:20:04Z,190531,1800000,1896600,485
2026-08-14T05:20:04Z,190532,1990000,1990000,153
2026-08-14T05:20:04Z,190533,4858000,4858000,115
2026-08-14T05:20:04Z,190534,2574900,2574900,2230
2026-08-14T05:20:04Z,190535,4004500,4004500,2329
2026-08-14T05:20:04Z,190536,2770000,2770000,34
2026-08-14T05:20:04Z,190537,2770000,2884800,34
2026-08-14T05:20:04Z,190538,1345200,1345200,460
2026-08-14T05:20:04Z,190880,290000,290000,599
2026-08-14T05:20:04Z,190881,9900000,9900000,25
2026-08-14T05:20:04Z,190936,9850000,9850000,24
2026-08-14T05:20:04Z,190953,4000,4000,286
2026-08-14T05:20:04Z,191250,660000,660000,20
2026-08-14T05:20:04Z,191256,67900,70000,131
2026-08-14T05:20:04Z,191260,209900,209900,4
2026-08-14T05:20:04Z,191318,18400,62500,95
2026-08-14T05:20:04Z,191319,21000,21200,1552
2026-08-14T05:20:04Z,191320,91900,91900,106
2026-08-14T05:20:04Z,191321,20200,29400,71
2026-08-14T05:20:04Z,191322,10000,10000,80
2026-08-14T05:20:04Z,191323,700000,700000,101
2026-08-14T05:20:04Z,191324,59800,59800,48
2026-08-14T05:20:04Z,191325,270000,277700,50
2026-08-14T05:20:04Z,191326,40000,60000,276
2026-08-14T05:20:04Z,191327,27000,30000,58
2026-08-14T05:20:04Z,191328,1000000,9980000,94
2026-08-14T05:20:04Z,191329,19500,19900,585
2026-08-14T05:20:04Z,191330,440000,440000,91
2026-08-14T05:20:04Z,191331,170000,183900,88
2026-08-14T05:20:04Z,191332,120000,130000,70
2026-08-14T05:20:04Z,191333,29300,29300,98
2026-08-14T05:20:04Z,191334,19900,20000,356
2026-08-14T05:20:04Z,191335,509800,999800,141
2026-08-14T05:20:04Z,191336,17000,18900,64
2026-08-14T05:20:04Z,191337,140000,140000,123
2026-08-14T05:20:04Z,191338,445500,445500,74
2026-08-14T05:20:04Z,191339,5000,5000,71
2026-08-14T05:20:04Z,191340,10000,10000,118
2026-08-14T05:20:04Z,191341,5000,5000,1548
2026-08-14T05:20:04Z,191348,1519900,1519900,48
2026-08-14T05:20:04Z,191349,2103400,2103400,1479
2026-08-14T05:20:04Z,191350,2359500,2359500,691
2026-08-14T05:20:04Z,191351,720000,760000,49
2026-08-14T05:20:04Z,191352,600800,600800,167
2026-08-14T05:20:04Z,191353,497700,497700,706
2026-08-14T05:20:04Z,191357,150000,150000,233
2026-08-14T05:20:04Z,191358,359600,359600,343
2026-08-14T05:20:04Z,191359,782100,790000,144
2026-08-14T05:20:04Z,191360,2945200,9944900,51
2026-08-14T05:20:04Z,191361,25000,25000,80
2026-08-14T05:20:04Z,191362,100000,100000,58
2026-08-14T05:20:04Z,191363,2300,3000,1040
2026-08-14T05:20:04Z,191364,20000,25000,88
2026-08-14T05:20:04Z,191365,1502300,1502300,105
2026-08-14T05:20:04Z,191366,95400,95400,105
2026-08-14T05:20:04Z,191367,19000,999000,440
2026-08-14T05:20:04Z,191368,29900,2349900,244
2026-08-14T05:20:04Z,191369,2707100,9999300,31
2026-08-14T05:20:04Z,191370,29000,30000,186
2026-08-14T05:20:04Z,191371,179700,179700,114
2026-08-14T05:20:04Z,191372,30800,30800,88
2026-08-14T05:20:04Z,191373,6600,6600,1436
2026-08-14T05:20:04Z,191374,25800,25800,1195
2026-08-14T05:20:04Z,191375,500000,1000000,41
2026-08-14T05:20:04Z,191376,100000,100000,66
2026-08-14T05:20:04Z,191377,36000,36000,68
2026-08-14T05:20:04Z,191378,1200,2000,987
2026-08-14T05:20:04Z,191379,3400,3400,166
2026-08-14T05:20:04Z,191380,3200,3300,30347
2026-08-14T05:20:04Z,191381,55000,155000,93
2026-08-14T05:20:04Z,191382,22800,23000,4600
2026-08-14T05:20:04Z,191383,135600,135600,1547
2026-08-14T05:20:04Z,191384,4600,19900,10805
2026-08-14T05:20:04Z,191385,39600,40000,202
2026-08-14T05:20:04Z,191386,160000,178700,10223
2026-08-14T05:20:04Z,191387,410100,470100,75
2026-08-14T05:20:04Z,191388,498800,498800,189
2026-08-14T05:20:04Z,191389,405900,405900,278
2026-08-14T05:20:04Z,191393,2500,3000,813
2026-08-14T05:20:04Z,191394,20000,20000,79
2026-08-14T05:20:04Z,191395,220000,400100,2703
2026-08-14T05:20:04Z,191396,2900,3000,437
2026-08-14T05:20:04Z,191397,342400,342400,47
2026-08-14T05:20:04Z,191398,9899900,9899900,43
2026-08-14T05:20:04Z,191399,8900,126700,60
2026-08-14T05:20:04Z,191400,29700,29700,74
2026-08-14T05:20:04Z,191401,125400,125400,615
2026-08-14T05:20:04Z,191460,3800,15000,14852
2026-08-14T05:20:04Z,191461,4000,5500,31731
2026-08-14T05:20:04Z,191462,5500,6000,37210
2026-08-14T05:20:04Z,191464,29600,196000,17969
2026-08-14T05:20:04Z,191465,25000,28800,9886
2026-08-14T05:20:04Z,191466,32500,35000,3755
2026-08-14T05:20:04Z,191467,13300,13300,1450
2026-08-14T05:20:04Z,191468,12500,13900,12823
2026-08-14T05:20:04Z,191469,12500,14700,8020
2026-08-14T05:20:04Z,191470,390500,390700,1965
2026-08-14T05:20:04Z,191471,420000,429900,4980
2026-08-14T05:20:04Z,191472,440000,449500,4908
2026-08-14T05:20:04Z,191474,49500,49900,1042
2026-08-14T05:20:04Z,191475,53800,84400,1557
2026-08-14T05:20:04Z,191476,149900,149900,1255
2026-08-14T05:20:04Z,191493,6000800,6000900,94
2026-08-14T05:20:04Z,191494,9249900,9249900,388
2026-08-14T05:20:04Z,191495,4178900,4178900,652
2026-08-14T05:20:04Z,191496,479900,479900,449
2026-08-14T05:20:04Z,191497,438600,438600,8307
2026-08-14T05:20:04Z,191498,445400,445400,1014
2026-08-14T05:20:04Z,191499,440000,440000,57
2026-08-14T05:20:04Z,191500,1499900,1499900,37
2026-08-14T05:20:04Z,191501,456500,456500,37
2026-08-14T05:20:04Z,191502,9945000,9945000,21
2026-08-14T05:20:04Z,191503,9960000,9960000,20
2026-08-14T05:20:04Z,191504,100000,100000,61
2026-08-14T05:20:04Z,191505,9899000,9899000,18
2026-08-14T05:20:04Z,191506,25500,25500,94
2026-08-14T05:20:04Z,191507,558400,1338400,200
2026-08-14T05:20:04Z,191508,49992500,49992500,4
2026-08-14T05:20:04Z,191509,9995500,9995500,20
2026-08-14T05:20:04Z,191510,990000,990000,24
2026-08-14T05:20:04Z,191511,698000,698000,55
2026-08-14T05:20:04Z,191512,279900,279900,203
2026-08-14T05:20:04Z,191513,14100,14200,475
2026-08-14T05:20:04Z,191514,44507600,44507600,10
2026-08-14T05:20:04Z,191515,500000,500000,51
2026-08-14T05:20:04Z,191516,9907900,9907900,50
2026-08-14T05:20:04Z,191518,5400,5400,263
2026-08-14T05:20:04Z,191519,9900,9900,190
2026-08-14T05:20:04Z,191520,960400,960400,83
2026-08-14T05:20:04Z,191521,120000,150000,255
2026-08-14T05:20:04Z,191522,570000,570000,476
2026-08-14T05:20:04Z,191523,400000,9900000,34
2026-08-14T05:20:04Z,191524,400000,440000,190
2026-08-14T05:20:04Z,191525,60000,2504900,260
2026-08-14T05:20:04Z,191532,197200,197200,187
2026-08-14T05:20:04Z,191533,98500,9980000,50
2026-08-14T05:20:04Z,191534,1209400,5200500,16
2026-08-14T05:20:04Z,191861,199900,199900,25
2026-08-14T05:20:04Z,191864,49000100,49000100,20
2026-08-14T05:20:04Z,191872,3056000,3056000,32
2026-08-14T05:20:04Z,191873,39890000,39900000,18
2026-08-14T05:20:04Z,191933,5500,5500,45
2026-08-14T05:20:04Z,191939,94100,94100,429
2026-08-14T05:20:04Z,191940,1999900,1999900,218
2026-08-14T05:20:04Z,191943,7000,7000,25
2026-08-14T05:20:04Z,191944,9898900,9898900,20
2026-08-14T05:20:04Z,191945,6390300,6390300,41
2026-08-14T05:20:04Z,191948,374400,374400,24
2026-08-14T05:20:04Z,191949,9895600,9895600,40
2026-08-14T05:20:04Z,191950,1504300,1504300,516
2026-08-14T05:20:04Z,192095,13500,15100,5440
2026-08-14T05:20:04Z,192096,12000,12000,5419
2026-08-14T05:20:04Z,192097,12500,12900,8104
2026-08-14T05:20:04Z,192552,6498800,6499000,175
2026-08-14T05:20:04Z,192553,6800,9000,103
2026-08-14T05:20:04Z,192554,309900,699900,94
2026-08-14T05:20:04Z,192604,290008400,290008400,1
2026-08-14T05:20:04Z,192605,16600,16600,32
2026-08-14T05:20:04Z,192608,6300,6300,149
2026-08-14T05:20:04Z,192609,10000,11600,40
2026-08-14T05:20:04Z,192610,6100,6100,119
2026-08-14T05:20:04Z,192611,10000,10000,158
2026-08-14T05:20:04Z,192613,20000,20000,36
2026-08-14T05:20:04Z,192614,6300,6300,60
2026-08-14T05:20:04Z,192615,5900,6300,10709
2026-08-14T05:20:04Z,192616,290002200,290002200,4
2026-08-14T05:20:04Z,192617,6500,6500,92
2026-08-14T05:20:04Z,192619,70700,49002500,23
2026-08-14T05:20:04Z,192620,6500,49006500,21
2026-08-14T05:20:04Z,192621,6600,6600,200
2026-08-14T05:20:04Z,192622,6500,6500,93
2026-08-14T05:20:04Z,192623,50000,50000,96
2026-08-14T05:20:04Z,192624,7000,7000,761
2026-08-14T05:20:04Z,192625,7000,7000,471
2026-08-14T05:20:04Z,192626,6600,6600,295
2026-08-14T05:20:04Z,192627,6400,6400,71
2026-08-14T05:20:04Z,192628,30000,30000,107
2026-08-14T05:20:04Z,192629,5900,5900,62
2026-08-14T05:20:04Z,192630,6900,6900,43
2026-08-14T05:20:04Z,192631,6400,6400,455
2026-08-14T05:20:04Z,192632,9500,9500,26
2026-08-14T05:20:04Z,192634,6900,6900,47
2026-08-14T05:20:04Z,192635,6100,6100,699
2026-08-14T05:20:04Z,192636,5800,5900,3693
2026-08-14T05:20:04Z,192644,16300,16300,73
2026-08-14T05:20:04Z,192645,109800,109800,35
2026-08-14T05:20:04Z,192646,15900,15900,90
2026-08-14T05:20:04Z,192647,18200,18200,129
2026-08-14T05:20:04Z,192648,17500,17500,140
2026-08-14T05:20:04Z,192650,51200,51200,27
2026-08-14T05:20:04Z,192651,20000,49000000,23
2026-08-14T05:20:04Z,192652,17500,18900,24
2026-08-14T05:20:04Z,192653,19500,49009500,16
2026-08-14T05:20:04Z,192654,19900,19900,23
2026-08-14T05:20:04Z,192655,17700,17700,24
2026-08-14T05:20:04Z,192656,1355600,49005600,16
2026-08-14T05:20:04Z,192657,16400,16400,26
2026-08-14T05:20:04Z,192658,10000,18300,1223
2026-08-14T05:20:04Z,192659,14787100,14787100,18
2026-08-14T05:20:04Z,192660,49006600,49006600,13
2026-08-14T05:20:04Z,192661,449800,49009800,16
2026-08-14T05:20:04Z,192662,17600,17600,383
2026-08-14T05:20:04Z,192663,45006500,45006500,18
2026-08-14T05:20:04Z,192664,118200,150900,21
2026-08-14T05:20:04Z,192665,290004200,290004200,1
2026-08-14T05:20:04Z,192666,20000,20000,33
2026-08-14T05:20:04Z,192668,30000,30000,22
2026-08-14T05:20:04Z,192669,16200,16200,91
2026-08-14T05:20:04Z,192670,18900,18900,26
2026-08-14T05:20:04Z,192671,1990000,1990000,19
2026-08-14T05:20:04Z,192672,16800,16800,77
2026-08-14T05:20:04Z,192673,16500,16500,26
2026-08-14T05:20:04Z,192674,18000,19000,57
2026-08-14T05:20:04Z,192675,18600,18600,44
2026-08-14T05:20:04Z,192683,17400,17400,32
2026-08-14T05:20:04Z,192684,1500001300,1500001300,1
2026-08-14T05:20:04Z,192685,200000,200000,3
2026-08-14T05:20:04Z,192686,290001000,290001000,1
2026-08-14T05:20:04Z,192687,290005100,290005100,2
2026-08-14T05:20:04Z,192688,200000800,200000800,3
2026-08-14T05:20:04Z,192689,290002600,290002600,1
2026-08-14T05:20:04Z,192690,290000000,290000000,3
2026-08-14T05:20:04Z,192691,290000000,290000000,2
2026-08-14T05:20:04Z,192692,290003300,290003300,1
2026-08-14T05:20:04Z,192693,290008800,290008800,1
2026-08-14T05:20:04Z,192695,10000000,10000000,4
2026-08-14T05:20:04Z,192697,290000000,290000000,4
2026-08-14T05:20:04Z,192700,100006600,100006600,2
2026-08-14T05:20:04Z,192701,290000000,290000000,1
2026-08-14T05:20:04Z,192702,2500000,2500000,7
2026-08-14T05:20:04Z,192703,480000,480000,3
2026-08-14T05:20:04Z,192704,5000700,5000700,2
2026-08-14T05:20:04Z,192705,1300000,1300000,6
2026-08-14T05:20:04Z,192706,290004300,290004300,1
2026-08-14T05:20:04Z,192707,290004900,290004900,1
2026-08-14T05:20:04Z,192708,1505000,1505000,5
2026-08-14T05:20:04Z,192709,200004600,200004600,4
2026-08-14T05:20:04Z,192710,5000000,5000000,5
2026-08-14T05:20:04Z,192711,290001500,290001500,1
2026-08-14T05:20:04Z,192712,259200,259200,5
2026-08-14T05:20:04Z,192713,290003600,290003600,1
2026-08-14T05:20:04Z,192714,990007000,990007000,1
2026-08-14T05:20:04Z,192715,19900,19900,54
2026-08-14T05:20:04Z,192716,290001100,290001100,1
2026-08-14T05:20:04Z,192717,207800,207900,145
2026-08-14T05:20:04Z,192718,210000,210000,4
2026-08-14T05:20:04Z,192719,202000,202000,2
2026-08-14T05:20:04Z,192720,280000,280000,6
2026-08-14T05:20:04Z,192721,290001700,290001700,1
2026-08-14T05:20:04Z,192722,1105000,1206300,12
2026-08-14T05:20:04Z,192723,305000,305000,6
2026-08-14T05:20:04Z,192724,290008500,290008500,1
2026-08-14T05:20:04Z,192725,1500002400,1500002400,1
2026-08-14T05:20:04Z,192726,1009800,1009800,4
2026-08-14T05:20:04Z,192727,500000,500000,8
2026-08-14T05:20:04Z,192728,45500000,45500000,3
2026-08-14T05:20:04Z,192729,398000,398000,24
2026-08-14T05:20:04Z,192730,17600,17600,77
2026-08-14T05:20:04Z,192731,2974800,2974900,88
2026-08-14T05:20:04Z,192746,89900,89900,38
2026-08-14T05:20:04Z,192747,6400,6400,204
2026-08-14T05:20:04Z,192769,49000100,49000100,20
2026-08-14T05:20:04Z,192833,10000,11100,794
2026-08-14T05:20:04Z,192834,176100,176100,91
2026-08-14T05:20:04Z,192835,218900,218900,324
2026-08-14T05:20:04Z,192836,168000,209800,1822
2026-08-14T05:20:04Z,192837,9500,10000,2245
2026-08-14T05:20:04Z,192838,12000,13800,1799
2026-08-14T05:20:04Z,192839,10000,10000,345
2026-08-14T05:20:04Z,192840,44000,44400,800
2026-08-14T05:20:04Z,192841,30000,31400,2392
2026-08-14T05:20:04Z,192842,19000,19000,4148
2026-08-14T05:20:04Z,192843,11000,11400,1018
2026-08-14T05:20:04Z,192844,4400,4500,806
2026-08-14T05:20:04Z,192845,10000,10000,2482
2026-08-14T05:20:04Z,192846,15300,15300,910
2026-08-14T05:20:04Z,192847,10000,10000,1451
2026-08-14T05:20:04Z,192848,9800,9900,266
2026-08-14T05:20:04Z,192849,8400,8500,1194
2026-08-14T05:20:04Z,192850,4900,5000,4041
2026-08-14T05:20:04Z,192851,1000000,1000000,1021
2026-08-14T05:20:04Z,192852,65000,66500,394
2026-08-14T05:20:04Z,192853,30000,30000,310
2026-08-14T05:20:04Z,192855,190000,190000,181
2026-08-14T05:20:04Z,192856,49500,49500,76
2026-08-14T05:20:04Z,192857,184300,184300,287
2026-08-14T05:20:04Z,192858,120000,120000,63
2026-08-14T05:20:04Z,192859,19600,19800,423
2026-08-14T05:20:04Z,192860,57200,57300,731
2026-08-14T05:20:04Z,192861,247300,247300,159
2026-08-14T05:20:04Z,192862,29000,40000,308
2026-08-14T05:20:04Z,192863,40000,43400,521
2026-08-14T05:20:04Z,192865,59700,59700,94
2026-08-14T05:20:04Z,192866,9000,30000,141
2026-08-14T05:20:04Z,192867,24800,24900,931
2026-08-14T05:20:04Z,192868,52500,52500,754
2026-08-14T05:20:04Z,192869,982100,1315900,1234
2026-08-14T05:20:04Z,192870,502000,715000,1432
2026-08-14T05:20:04Z,192871,2310000,2310000,785
2026-08-14T05:20:04Z,192872,1300,1800,70066
2026-08-14T05:20:04Z,192876,196500,198000,753
2026-08-14T05:20:04Z,192877,95000,99000,7732
2026-08-14T05:20:04Z,192878,203900,203900,520
2026-08-14T05:20:04Z,192880,3900,4000,10540
2026-08-14T05:20:04Z,192883,470000,480000,615
2026-08-14T05:20:04Z,192884,200000,209900,11551
2026-08-14T05:20:04Z,192885,160400,160400,6592
2026-08-14T05:20:04Z,192887,1779800,1799900,297
2026-08-14T05:20:04Z,192894,2500,2500,352
2026-08-14T05:20:04Z,192895,15500,19900,140
2026-08-14T05:20:04Z,192896,10400,10500,342
2026-08-14T05:20:04Z,192897,54900,54900,58
2026-08-14T05:20:04Z,192898,30000,189800,101
2026-08-14T05:20:04Z,192899,700000,700000,95
2026-08-14T05:20:04Z,192900,50000,50000,25
2026-08-14T05:20:04Z,192901,49800,49900,27
2026-08-14T05:20:04Z,192902,60000,360000,61
2026-08-14T05:20:04Z,192903,80000,80000,31
2026-08-14T05:20:04Z,192904,400000,400000,37
2026-08-14T05:20:04Z,192905,249000,249000,118
2026-08-14T05:20:04Z,192906,85300,85400,31
2026-08-14T05:20:04Z,192907,297000,300000,28
2026-08-14T05:20:04Z,192908,80000,210000,82
2026-08-14T05:20:04Z,192910,28500,28500,32
2026-08-14T05:20:04Z,192911,43800,43800,31
2026-08-14T05:20:04Z,192912,190000,296900,56
2026-08-14T05:20:04Z,192913,19800,19900,214
2026-08-14T05:20:04Z,192914,9900,9900,242
2026-08-14T05:20:04Z,192916,149300,149300,111
2026-08-14T05:20:04Z,192917,37090400,37090400,5
2026-08-14T05:20:04Z,192918,9890000,9890000,21
2026-08-14T05:20:04Z,192919,990000,990000,31
2026-08-14T05:20:04Z,192920,756200,9909900,24
2026-08-14T05:20:04Z,192921,120000,8124700,55
2026-08-14T05:20:04Z,192922,114000,9994000,24
2026-08-14T05:20:04Z,192923,9945000,9994900,22
2026-08-14T05:20:04Z,192924,9860000,9860000,22
2026-08-14T05:20:04Z,192925,1090000,1090000,43
2026-08-14T05:20:04Z,192926,199000000,199000000,5
2026-08-14T05:20:04Z,192927,9980000,9990000,23
2026-08-14T05:20:04Z,192928,1999800,1999800,28
2026-08-14T05:20:04Z,192929,228700,9990400,24
2026-08-14T05:20:04Z,192931,345900,9980000,23
2026-08-14T05:20:04Z,192932,1501000,9991000,22
2026-08-14T05:20:04Z,192933,9998900,9998900,21
2026-08-14T05:20:04Z,192934,491100,8496700,49
2026-08-14T05:20:04Z,192935,5000000,5000000,25
2026-08-14T05:20:04Z,192936,197595900,197595900,3
2026-08-14T05:20:04Z,192937,9800000,9890000,23
2026-08-14T05:20:04Z,192938,1000000,3276600,27
2026-08-14T05:20:04Z,192940,990006700,990006700,3
2026-08-14T05:20:04Z,192941,90000,100000,30
2026-08-14T05:20:04Z,192942,5000000,9999800,27
2026-08-14T05:20:04Z,192943,191234300,199000600,20
2026-08-14T05:20:04Z,192944,1884500,1884500,26
2026-08-14T05:20:04Z,192945,1509800,1509800,27
2026-08-14T05:20:04Z,192946,6965000,7000000,25
2026-08-14T05:20:04Z,192947,500000,8186100,45
2026-08-14T05:20:04Z,192948,902800,1112800,34
2026-08-14T05:20:04Z,192950,4978800,5003800,10
2026-08-14T05:20:04Z,192951,8921800,8921800,26
2026-08-14T05:20:04Z,192952,900000,900000,27
2026-08-14T05:20:04Z,192953,989425400,989425400,9
2026-08-14T05:20:04Z,192954,5001800,5001800,13
2026-08-14T05:20:04Z,192955,9997700,9997700,25
2026-08-14T05:20:04Z,192956,990000,9990000,23
2026-08-14T05:20:04Z,192957,792100,8176900,55
2026-08-14T05:20:04Z,192958,759400,9970700,22
2026-08-14T05:20:04Z,192959,9900000,9900000,22
2026-08-14T05:20:04Z,192960,8299900,8299900,34
2026-08-14T05:20:04Z,192961,940900,950400,42
2026-08-14T05:20:04Z,192962,250000000,250000000,1
2026-08-14T05:20:04Z,192963,9990000,9990000,22
2026-08-14T05:20:04Z,192964,446800,446800,32
2026-08-14T05:20:04Z,192965,192216800,192216800,5
2026-08-14T05:20:04Z,192966,3000000,9990000,24
2026-08-14T05:20:04Z,192967,1430000,9990000,23
2026-08-14T05:20:04Z,192968,15500,15500,187
2026-08-14T05:20:04Z,192969,40000,40000,57
2026-08-14T05:20:04Z,192970,9880000,9880000,26
2026-08-14T05:20:04Z,192971,34000,34000,225
2026-08-14T05:20:04Z,192972,400000,1670100,42
2026-08-14T05:20:04Z,192973,1505800,1505800,26
2026-08-14T05:20:04Z,192974,19500,19500,395
2026-08-14T05:20:04Z,192975,34700,34700,36
2026-08-14T05:20:04Z,192976,1832200,1832200,26
2026-08-14T05:20:04Z,192977,153300,157800,64
2026-08-14T05:20:04Z,192978,19900,359900,27
2026-08-14T05:20:04Z,192979,4355800,9990000,23
2026-08-14T05:20:04Z,192992,199000100,199000100,2
2026-08-14T05:20:04Z,192993,39990000,39990000,17
2026-08-14T05:20:04Z,192994,31581400,31581400,6
2026-08-14T05:20:04Z,193019,1524300,1524300,9
2026-08-14T05:20:04Z,193020,1989900,1990000,23
2026-08-14T05:20:04Z,193021,4006500,4006500,56
2026-08-14T05:20:04Z,193029,9940100,9940100,147
2026-08-14T05:20:04Z,193030,639700,639700,700
2026-08-14T05:20:04Z,193031,99700,171900,20328
2026-08-14T05:20:04Z,193050,2000,2400,98680
2026-08-14T05:20:04Z,193053,8700,9000,9005
2026-08-14T05:20:04Z,193208,5100,5100,31811
2026-08-14T05:20:04Z,193210,3800,4100,50099
2026-08-14T05:20:04Z,193211,6300,6400,50677
2026-08-14T05:20:04Z,193213,2100,51500,18870
2026-08-14T05:20:04Z,193214,2000,2200,39893
2026-08-14T05:20:04Z,193215,3000,4000,48771
2026-08-14T05:20:04Z,193216,92400,95700,4524
2026-08-14T05:20:04Z,193217,90000,119900,5053
2026-08-14T05:20:04Z,193218,142600,142600,3368
2026-08-14T05:20:04Z,193222,27600,37400,2485
2026-08-14T05:20:04Z,193223,28900,30000,768
2026-08-14T05:20:04Z,193224,70000,144500,1961
2026-08-14T05:20:04Z,193226,1220000,1220000,110
2026-08-14T05:20:04Z,193227,1490000,1490000,247
2026-08-14T05:20:04Z,193228,1458000,1458000,509
2026-08-14T05:20:04Z,193229,1970000,1970000,493
2026-08-14T05:20:04Z,193230,1399900,1449900,2515
2026-08-14T05:20:04Z,193231,2770000,2959000,402
2026-08-14T05:20:04Z,193236,1503900,1503900,30
2026-08-14T05:20:04Z,193237,1099900,1099900,268
2026-08-14T05:20:04Z,193238,3000000,3950000,261
2026-08-14T05:20:04Z,193242,1000000,1000000,352
2026-08-14T05:20:04Z,193243,2000000,2000000,988
2026-08-14T05:20:04Z,193244,4003000,4003000,403
2026-08-14T05:20:04Z,193245,1690000,1695000,104
2026-08-14T05:20:04Z,193246,3280500,3280500,457
2026-08-14T05:20:04Z,193247,3000000,3000000,229
2026-08-14T05:20:04Z,193248,2495600,2495600,470
2026-08-14T05:20:04Z,193249,1732500,1786000,421
2026-08-14T05:20:04Z,193250,3550000,3550000,96
2026-08-14T05:20:04Z,193251,450000,450000,7318
2026-08-14T05:20:04Z,193252,8100,8800,7626
2026-08-14T05:20:04Z,193253,17500,19400,10128
2026-08-14T05:20:04Z,193254,127500,128000,11412
2026-08-14T05:20:04Z,193255,64900,75100,10000
2026-08-14T05:20:04Z,193256,44500,134400,4383
2026-08-14T05:20:04Z,193258,8500,9100,50125
2026-08-14T05:20:04Z,193259,14500,16000,14094
2026-08-14T05:20:04Z,193261,600,700,58273
2026-08-14T05:20:04Z,193262,4300,4500,4935
2026-08-14T05:20:04Z,193360,309400,9869900,3705
2026-08-14T05:20:04Z,193368,26500,33400,19656
2026-08-14T05:20:04Z,193369,15300,20400,9381
2026-08-14T05:20:04Z,193370,20000,20000,6693
2026-08-14T05:20:04Z,193378,1863200,2484200,156
2026-08-14T05:20:04Z,193379,1699700,1699700,603
2026-08-14T05:20:04Z,193384,18500,18500,35
2026-08-14T05:20:04Z,193385,16400,16400,41
2026-08-14T05:20:04Z,193387,49005200,49005200,15
2026-08-14T05:20:04Z,193389,30000,49800,34
2026-08-14T05:20:04Z,193391,779900,779900,26
2026-08-14T05:20:04Z,193410,40008500,49008500,29
2026-08-14T05:20:04Z,193420,7505200,7505200,2
2026-08-14T05:20:04Z,193438,3754000,3754000,2
2026-08-14T05:20:04Z,193448,1500007400,1500007400,1
2026-08-14T05:20:04Z,193450,290007800,290007800,1
2026-08-14T05:20:04Z,193468,9999700,9999700,42
2026-08-14T05:20:04Z,193469,23886900,23886900,20
2026-08-14T05:20:04Z,193470,11000,11000,664
2026-08-14T05:20:04Z,193551,26900,27000,52
2026-08-14T05:20:04Z,193552,1000000,3441100,47
2026-08-14T05:20:04Z,193554,19989800,19989900,16
2026-08-14T05:20:04Z,193555,7978300,9990000,29
2026-08-14T05:20:04Z,193556,3805700,3805700,6
2026-08-14T05:20:04Z,193557,19992600,19992600,11
2026-08-14T05:20:04Z,193559,727500,727600,48
2026-08-14T05:20:04Z,193560,6001100,6001100,17
2026-08-14T05:20:04Z,193561,19990000,19990000,17
2026-08-14T05:20:04Z,193563,299500,299500,130
2026-08-14T05:20:04Z,193564,39000000,39000000,13
2026-08-14T05:20:04Z,193565,29000000,29000000,22
2026-08-14T05:20:04Z,193567,449900,449900,126
2026-08-14T05:20:04Z,193893,56700,56700,29
2026-08-14T05:20:04Z,193894,550300,835000,236
2026-08-14T05:20:04Z,193895,220000,530000,91
2026-08-14T05:20:04Z,193896,220000,220000,61
2026-08-14T05:20:04Z,193922,22900,27200,182955
2026-08-14T05:20:04Z,193923,30000,31100,2548
2026-08-14T05:20:04Z,193924,48700,49100,15561
2026-08-14T05:20:04Z,193925,76700,128000,4677
2026-08-14T05:20:04Z,193926,327700,437000,930
2026-08-14T05:20:04Z,193927,69500,82400,12725
2026-08-14T05:20:04Z,193928,80000,81600,41885
2026-08-14T05:20:04Z,193929,401300,401300,174
2026-08-14T05:20:04Z,193930,270000,270000,2302
2026-08-14T05:20:04Z,193931,457700,457700,882
2026-08-14T05:20:04Z,193932,4709700,4709700,141
2026-08-14T05:20:04Z,193933,1045000,1045000,447
2026-08-14T05:20:04Z,193934,1050000,1050000,1035
2026-08-14T05:20:04Z,193935,23454500,23454500,34
2026-08-14T05:20:04Z,193936,4600000,4600000,268
2026-08-14T05:20:04Z,193937,4740200,4740200,186
2026-08-14T05:20:04Z,193938,8500000,8500000,8
2026-08-14T05:20:04Z,193939,7450000,7450000,372
2026-08-14T05:20:04Z,193940,7800000,7800000,72
2026-08-14T05:20:04Z,193941,154200,154200,121
2026-08-14T05:20:04Z,193942,30000,9841800,34
2026-08-14T05:20:04Z,193943,1594300,1594300,11
2026-08-14T05:20:04Z,193944,9940100,9940100,70
2026-08-14T05:20:04Z,193945,219000,219500,58
2026-08-14T05:20:04Z,193946,469200,6009900,93
2026-08-14T05:20:04Z,193950,2200,2200,157
2026-08-14T05:20:04Z,193951,5300,5300,102
2026-08-14T05:20:04Z,193952,8200,8200,430
2026-08-14T05:20:04Z,193953,109800,109800,54
2026-08-14T05:20:04Z,193954,19800,19800,125
2026-08-14T05:20:04Z,193955,26600,29300,110
2026-08-14T05:20:04Z,193956,7600,17500,557
2026-08-14T05:20:04Z,193957,59500,129500,374
2026-08-14T05:20:04Z,193958,82500,246500,932
2026-08-14T05:20:04Z,193959,4950200,4975000,178
2026-08-14T05:20:04Z,193960,137500,138000,329
2026-08-14T05:20:04Z,193961,375900,375900,829
2026-08-14T05:20:04Z,193962,443500,444300,262
2026-08-14T05:20:04Z,193963,107500,108900,900
2026-08-14T05:20:04Z,193964,508800,508800,341
2026-08-14T05:20:04Z,194008,799900,800000,36
2026-08-14T05:20:04Z,194009,178500,178500,192
2026-08-14T05:20:04Z,194010,290000,290000,177
2026-08-14T05:20:04Z,194011,11008000,11008000,28
2026-08-14T05:20:04Z,194012,11009000,11009000,48
2026-08-14T05:20:04Z,194013,18807800,18808000,50
2026-08-14T05:20:04Z,194014,198990000,198999500,8
2026-08-14T05:20:04Z,194015,6507000,6507000,74
2026-08-14T05:20:04Z,194016,12796200,12796200,52
2026-08-14T05:20:04Z,194035,2000000,2000000,42
2026-08-14T05:20:04Z,194048,1800,1800,102
2026-08-14T05:20:04Z,194049,80000,80000,40
2026-08-14T05:20:04Z,194050,4900,5000,3008
2026-08-14T05:20:04Z,194071,955000,955000,12
2026-08-14T05:20:04Z,194083,1500000800,1500000800,1
2026-08-14T05:20:04Z,194122,9900000,9900000,20
2026-08-14T05:20:04Z,194123,35500,44000,17210
2026-08-14T05:20:04Z,194124,50900,51400,3058
2026-08-14T05:20:04Z,194541,15664000,15664000,18
2026-08-14T05:20:04Z,194542,14554500,14554500,18
2026-08-14T05:20:04Z,194562,15000,19600,465
2026-08-14T05:20:04Z,194566,1216400,1216400,78
2026-08-14T05:20:04Z,194567,24500,24500,100
2026-08-14T05:20:04Z,194568,1450000,1450000,81
2026-08-14T05:20:04Z,194569,2667500,3007700,87
2026-08-14T05:20:04Z,194570,2220000,2220000,64
2026-08-14T05:20:04Z,194571,955400,955400,176
2026-08-14T05:20:04Z,194572,9890700,9890900,86
2026-08-14T05:20:04Z,194573,62500,62500,53
2026-08-14T05:20:04Z,194574,498300,1327600,96
2026-08-14T05:20:04Z,194575,1106900,1106900,83
2026-08-14T05:20:04Z,194576,50000,50000,75
2026-08-14T05:20:04Z,194577,3400000,3400000,129
2026-08-14T05:20:04Z,194578,2508800,2509000,75
2026-08-14T05:20:04Z,194579,38300,76900,303
2026-08-14T05:20:04Z,194580,321600,428700,97
2026-08-14T05:20:04Z,194680,29900,29900,134
2026-08-14T05:20:04Z,194681,137400,137400,69
2026-08-14T05:20:04Z,194683,26600,26600,398
2026-08-14T05:20:04Z,194684,8300,8300,361
2026-08-14T05:20:04Z,194685,5000,5000,210
2026-08-14T05:20:04Z,194688,9751400,9761100,50
2026-08-14T05:20:04Z,194689,119400,119400,69
2026-08-14T05:20:04Z,194690,801600,801600,57
2026-08-14T05:20:04Z,194691,48500,48500,3780
2026-08-14T05:20:04Z,194692,450000,9900000,144
2026-08-14T05:20:04Z,194693,220000,220000,132
2026-08-14T05:20:04Z,194694,38000,38000,184
2026-08-14T05:20:04Z,194695,58500,58500,80
2026-08-14T05:20:04Z,194723,189900,678600,117
2026-08-14T05:20:04Z,194724,980000,980000,40
2026-08-14T05:20:04Z,194725,455000,455100,1018
2026-08-14T05:20:04Z,194730,40000,44400,8744
2026-08-14T05:20:04Z,194731,1160000,1160000,70
2026-08-14T05:20:04Z,194732,1200000,1200000,130
2026-08-14T05:20:04Z,194733,1881000,1881000,80
2026-08-14T05:20:04Z,194734,299900,299900,55
2026-08-14T05:20:04Z,194735,4500000,4500000,31
2026-08-14T05:20:04Z,194736,15000000,15000000,27
2026-08-14T05:20:04Z,194737,220000,220000,59
2026-08-14T05:20:04Z,194738,1200000,1200000,115
2026-08-14T05:20:04Z,194751,229000,229000,889
2026-08-14T05:20:04Z,194752,140100,140800,1320
2026-08-14T05:20:04Z,194754,4300000,5300000,2088
2026-08-14T05:20:04Z,194755,3094400,3094400,4782
2026-08-14T05:20:04Z,194756,13907000,13907000,635
2026-08-14T05:20:04Z,194758,900000,900000,489
2026-08-14T05:20:04Z,194760,395900,395900,143
2026-08-14T05:20:04Z,194761,394900,394900,509
2026-08-14T05:20:04Z,194767,736300,736300,1498
2026-08-14T05:20:04Z,194768,1470000,1470000,628
2026-08-14T05:20:04Z,194784,21100,21100,12671
2026-08-14T05:20:04Z,194785,39979900,39979900,5
2026-08-14T05:20:04Z,194786,770000,1227500,34
2026-08-14T05:20:04Z,194787,999900,1892000,33
2026-08-14T05:20:04Z,194788,585800,585800,56
2026-08-14T05:20:04Z,194789,950000,950700,35
2026-08-14T05:20:04Z,194790,638700,638700,30
2026-08-14T05:20:04Z,194791,771100,771100,23
2026-08-14T05:20:04Z,194792,1516600,1516600,19
2026-08-14T05:20:04Z,194793,49970000,49970000,6
2026-08-14T05:20:04Z,194794,960100,960100,34
2026-08-14T05:20:04Z,194795,3100000,3131400,37
2026-08-14T05:20:04Z,194796,671300,3111300,124
2026-08-14T05:20:04Z,194797,931800,3111800,153
2026-08-14T05:20:04Z,194798,594800,795000,58
2026-08-14T05:20:04Z,194799,824800,824800,21
2026-08-14T05:20:04Z,194800,5990000,5991800,56
2026-08-14T05:20:04Z,194801,80000000,80000000,6
2026-08-14T05:20:04Z,194802,1250500,1250500,19
2026-08-14T05:20:04Z,194803,1450000,1470200,40
2026-08-14T05:20:04Z,194804,2336700,2360300,31
2026-08-14T05:20:04Z,194805,891000,891000,32
2026-08-14T05:20:04Z,194806,1009800,1429800,40
2026-08-14T05:20:04Z,194807,864400,864400,22
2026-08-14T05:20:04Z,194808,893200,911400,24
2026-08-14T05:20:04Z,194809,47540000,47540000,8
2026-08-14T05:20:04Z,194810,1493400,1493500,25
2026-08-14T05:20:04Z,194811,656600,656600,15
2026-08-14T05:20:04Z,194812,1948600,1948600,26
2026-08-14T05:20:04Z,194813,673700,673700,29
2026-08-14T05:20:04Z,194814,1167800,1380000,23
2026-08-14T05:20:04Z,194815,743100,743100,29
2026-08-14T05:20:04Z,194816,1416500,1416500,41
2026-08-14T05:20:04Z,194817,500400,500400,49
2026-08-14T05:20:04Z,194819,1700,1700,29
2026-08-14T05:20:04Z,194820,8800,8800,731
2026-08-14T05:20:04Z,194821,5500,5500,315
2026-08-14T05:20:04Z,194822,9500,9500,242
2026-08-14T05:20:04Z,194823,19500,19500,1219
2026-08-14T05:20:04Z,194824,2000,2000,130
2026-08-14T05:20:04Z,194825,54900,54900,85
2026-08-14T05:20:04Z,194826,281300,281300,94
2026-08-14T05:20:04Z,194827,14107500,14107500,7
2026-08-14T05:20:04Z,194829,239900,239900,412
2026-08-14T05:20:04Z,194846,88800,88800,16448
2026-08-14T05:20:04Z,194850,751900,751900,597
2026-08-14T05:20:04Z,194852,405000,447700,5058
2026-08-14T05:20:04Z,194855,988600,988600,1713
2026-08-14T05:20:04Z,194856,139800,139800,496
2026-08-14T05:20:04Z,194857,115000,115000,458
2026-08-14T05:20:04Z,194858,110000,110000,3717
2026-08-14T05:20:04Z,194859,1440000,1440000,757
2026-08-14T05:20:04Z,194862,8000000,8000000,131
2026-08-14T05:20:04Z,194863,4560000,4570000,2216
2026-08-14T05:20:04Z,194864,11609900,11709900,1055
2026-08-14T05:20:04Z,194868,99900,123300,28
2026-08-14T05:20:04Z,194869,2990100,2990100,34
2026-08-14T05:20:04Z,194870,9916300,9916300,9
2026-08-14T05:20:04Z,194871,9990900,9990900,28
2026-08-14T05:20:04Z,194966,39500,40000,15164
2026-08-14T05:20:04Z,194967,49800,60000,7336
2026-08-14T05:20:04Z,194968,39000,49800,9545
2026-08-14T05:20:04Z,194969,38000,55400,13518
2026-08-14T05:20:04Z,194970,66000,92200,22702
2026-08-14T05:20:04Z,195359,49001800,49001800,20
2026-08-14T05:20:04Z,195360,64000,64000,24
2026-08-14T05:20:04Z,195455,9880000,9880000,25
2026-08-14T05:20:04Z,195456,5004900,5004900,155
2026-08-14T05:20:04Z,195457,2300000,2300000,144
2026-08-14T05:20:04Z,195459,9900000,9900000,45
2026-08-14T05:20:04Z,195462,3500000,3500000,99
2026-08-14T05:20:04Z,195463,27500,27500,90
2026-08-14T05:20:04Z,195466,9907500,9907500,40
2026-08-14T05:20:04Z,195543,20800,20800,111
2026-08-14T05:20:04Z,196440,8000000,9800000,31
2026-08-14T05:20:04Z,196540,9906800,9906800,40
2026-08-14T05:20:04Z,196582,19900,30000,322
2026-08-14T05:20:04Z,196583,12000,1502200,271
2026-08-14T05:20:04Z,196584,16600,16600,191
2026-08-14T05:20:04Z,196585,9900000,9900000,30
2026-08-14T05:20:04Z,197720,9989900,9989900,28
2026-08-14T05:20:04Z,197721,259900,259900,655
2026-08-14T05:20:04Z,197722,114400,114400,1326
2026-08-14T05:20:04Z,197735,12499800,12499800,35
2026-08-14T05:20:04Z,197736,44985900,44995900,48
2026-08-14T05:20:04Z,197737,5555600,5555600,13
2026-08-14T05:20:04Z,197741,600,4000,202927
2026-08-14T05:20:04Z,197742,2400,3400,13678
2026-08-14T05:20:04Z,197743,400,800,9334
2026-08-14T05:20:04Z,197744,200,1200,9359
2026-08-14T05:20:04Z,197745,14000,200000,14263
2026-08-14T05:20:04Z,197746,1200,1700,10301
2026-08-14T05:20:04Z,197747,500,15000,96166
2026-08-14T05:20:04Z,197748,300,600,15968
2026-08-14T05:20:04Z,197749,5500,5500,18214
2026-08-14T05:20:04Z,197750,1300,1300,1757
2026-08-14T05:20:04Z,197751,4400,4400,3030
2026-08-14T05:20:04Z,197752,6500,6500,3693
2026-08-14T05:20:04Z,197753,35700,35700,2046
2026-08-14T05:20:04Z,197754,300,700,168938
2026-08-14T05:20:04Z,197755,1200,1400,30633
2026-08-14T05:20:04Z,197756,5500,5500,4358
2026-08-14T05:20:04Z,197757,7500,7800,12579
2026-08-14T05:20:04Z,197758,2000,2000,171
2026-08-14T05:20:04Z,197759,64800,64800,120
2026-08-14T05:20:04Z,197760,35000,35000,107
2026-08-14T05:20:04Z,197761,9500,9500,185
2026-08-14T05:20:04Z,197762,59900,59900,392
2026-08-14T05:20:04Z,197763,4400,4500,238
2026-08-14T05:20:04Z,197764,20000,20000,933
2026-08-14T05:20:04Z,197765,5500,5500,438
2026-08-14T05:20:04Z,197766,45600,45700,466
2026-08-14T05:20:04Z,197767,170100,170100,4071
2026-08-14T05:20:04Z,197768,263500,263500,292
2026-08-14T05:20:04Z,197769,50000,50000,1392
2026-08-14T05:20:04Z,197770,14800,14800,1935
2026-08-14T05:20:04Z,197771,1100,1500,634
2026-08-14T05:20:04Z,197772,4756200,4756200,233
2026-08-14T05:20:04Z,197774,34500,34500,1233
2026-08-14T05:20:04Z,197775,17400,17400,136
2026-08-14T05:20:04Z,197776,77900,77900,2625
2026-08-14T05:20:04Z,197777,2800,2800,246
2026-08-14T05:20:04Z,197778,2000,2000,531
2026-08-14T05:20:04Z,197779,2000,2400,663
2026-08-14T05:20:04Z,197780,7500,7500,628
2026-08-14T05:20:04Z,197781,4400,4400,649
2026-08-14T05:20:04Z,197782,19600,19800,618
2026-08-14T05:20:04Z,197783,7900,8000,683
2026-08-14T05:20:04Z,197784,3300,3300,323
2026-08-14T05:20:04Z,197785,109800,111100,260
2026-08-14T05:20:04Z,197786,3900,4000,290
2026-08-14T05:20:04Z,197787,499999800,499999800,117
2026-08-14T05:20:04Z,197788,52500,52500,5971
2026-08-14T05:20:04Z,197789,59800,59900,324
2026-08-14T05:20:04Z,197790,23500,44900,849
2026-08-14T05:20:04Z,197791,2000,2000,81
2026-08-14T05:20:04Z,197792,80000,80000,108
2026-08-14T05:20:04Z,197793,250000,250000,894
2026-08-14T05:20:04Z,197794,2500000,2500000,583
2026-08-14T05:20:04Z,197795,1500000,1500000,78
2026-08-14T05:20:04Z,197847,1500000,1500000,330
2026-08-14T05:20:04Z,197848,17400,17400,71
2026-08-14T05:20:04Z,197849,5000,5000,135
2026-08-14T05:20:04Z,197850,52200,52200,119
2026-08-14T05:20:04Z,197851,9882800,9892600,45
2026-08-14T05:20:04Z,197852,2497500,2497500,30
2026-08-14T05:20:04Z,197853,4900,4900,107
2026-08-14T05:20:04Z,197854,337000,4237000,116
2026-08-14T05:20:04Z,197855,4300,4300,79
2026-08-14T05:20:04Z,197856,19900,90000,364
2026-08-14T05:20:04Z,197857,1900000,1900000,79
2026-08-14T05:20:04Z,197858,51400,51400,108
2026-08-14T05:20:04Z,198043,4998700,4998700,39
2026-08-14T05:20:04Z,198044,999900,999900,53
2026-08-14T05:20:04Z,198045,2999800,9900000,21
2026-08-14T05:20:04Z,198047,186800,188600,68
2026-08-14T05:20:04Z,198082,204900,204900,126
2026-08-14T05:20:04Z,198160,252100,252100,34
2026-08-14T05:20:04Z,198161,10000,10000,73
2026-08-14T05:20:04Z,198162,92500,92500,297
2026-08-14T05:20:04Z,198163,39992200,39992200,5
2026-08-14T05:20:04Z,198164,68900,68900,280
2026-08-14T05:20:04Z,198165,260000,262200,53
2026-08-14T05:20:04Z,198174,19990000,19990000,24
2026-08-14T05:20:04Z,198175,90000,443600,85
2026-08-14T05:20:04Z,198176,19993200,19993200,13
2026-08-14T05:20:04Z,198183,11500,14400,1340
2026-08-14T05:20:04Z,198184,10000,11500,2080
2026-08-14T05:20:04Z,198185,9800,11000,102104
2026-08-14T05:20:04Z,198186,329900,329900,787
2026-08-14T05:20:04Z,198187,5000100,9890100,86
2026-08-14T05:20:04Z,198188,210000,210000,9988
2026-08-14T05:20:04Z,198189,300000,300000,421
2026-08-14T05:20:04Z,198190,351800,351800,256
2026-08-14T05:20:04Z,198191,352900,352900,1534
2026-08-14T05:20:04Z,198192,279900,280000,538
2026-08-14T05:20:04Z,198193,250000,280000,408
2026-08-14T05:20:04Z,198194,278600,278600,6493
2026-08-14T05:20:04Z,198195,500000,4555500,20
2026-08-14T05:20:04Z,198196,2980000,2980000,902
2026-08-14T05:20:04Z,198197,5909500,5909500,71
2026-08-14T05:20:04Z,198198,2450000,2450000,32
2026-08-14T05:20:04Z,198199,2736300,2736300,105
2026-08-14T05:20:04Z,198200,2150000,2150000,2014
2026-08-14T05:20:04Z,198201,19900000,19900000,35
2026-08-14T05:20:04Z,198202,1999300,1999300,97
2026-08-14T05:20:04Z,198203,480000,489800,2007
2026-08-14T05:20:04Z,198207,9990000,9990000,22
2026-08-14T05:20:04Z,198208,250000,250000,34
2026-08-14T05:20:04Z,198209,9879000,9879000,21
2026-08-14T05:20:04Z,198210,9990000,9990000,26
2026-08-14T05:20:04Z,198211,475000,9980000,26
2026-08-14T05:20:04Z,198212,1379400,1379400,35
2026-08-14T05:20:04Z,198213,9989800,9989800,63
2026-08-14T05:20:04Z,198214,9958800,9958800,208
2026-08-14T05:20:04Z,198215,2554200,2554200,148
2026-08-14T05:20:04Z,198216,2500,2500,227
2026-08-14T05:20:04Z,198217,38900,51800,197
2026-08-14T05:20:04Z,198218,15000,20000,248
2026-08-14T05:20:04Z,198219,380000,700000,329
2026-08-14T05:20:04Z,198220,280000,280000,311
2026-08-14T05:20:04Z,198221,4999200,4999200,53
2026-08-14T05:20:04Z,198222,797500,797500,717
2026-08-14T05:20:04Z,198223,396000,995900,744
2026-08-14T05:20:04Z,198224,550700,550700,674
2026-08-14T05:20:04Z,198228,1990000,1990000,44
2026-08-14T05:20:04Z,198229,1989800,1989800,370
2026-08-14T05:20:04Z,198230,3090800,3090800,166
2026-08-14T05:20:04Z,198231,988800,19909500,23
2026-08-14T05:20:04Z,198232,100000,440500,116
2026-08-14T05:20:04Z,198233,9990000,9990000,33
2026-08-14T05:20:04Z,198236,7999000,9998900,32
2026-08-14T05:20:04Z,198237,200000,200000,79
2026-08-14T05:20:04Z,198238,19999200,29999200,10
2026-08-14T05:20:04Z,198239,980000,980000,44
2026-08-14T05:20:04Z,198240,90000,90000,128
2026-08-14T05:20:04Z,198241,5978600,5978600,415
2026-08-14T05:20:04Z,198247,399900,399900,191
2026-08-14T05:20:04Z,198253,195915300,195915300,2
2026-08-14T05:20:04Z,198254,10000000,35371600,14
2026-08-14T05:20:04Z,198255,29989200,29989200,35
2026-08-14T05:20:04Z,198256,1119700,1119700,103
2026-08-14T05:20:04Z,198257,134900,9900000,46
2026-08-14T05:20:04Z,198258,9996100,9996300,25
2026-08-14T05:20:04Z,198259,199890000,199890000,3
2026-08-14T05:20:04Z,198260,9900700,9900700,28
2026-08-14T05:20:04Z,198261,39988400,39988500,26
2026-08-14T05:20:04Z,198265,3979500,3979500,458
2026-08-14T05:20:04Z,198268,947700,947700,563
2026-08-14T05:20:04Z,198278,1996000,4506000,33
2026-08-14T05:20:04Z,198279,100000,100000,65
2026-08-14T05:20:04Z,198280,4000000,4000000,54
2026-08-14T05:20:04Z,198281,149900,149900,46
2026-08-14T05:20:04Z,198282,30000,30000,49
2026-08-14T05:20:04Z,198283,2809900,2809900,47
2026-08-14T05:20:04Z,198289,257500,257500,26
2026-08-14T05:20:04Z,198290,9989600,9989600,24
2026-08-14T05:20:04Z,198291,39994600,39994600,14
2026-08-14T05:20:04Z,198292,1559900,1559900,37
2026-08-14T05:20:04Z,198293,150000,150000,51
2026-08-14T05:20:04Z,198294,490000,490000,57
2026-08-14T05:20:04Z,198295,50000000,50000000,2
2026-08-14T05:20:04Z,198296,16970300,16970300,8
2026-08-14T05:20:04Z,198297,24999900,24999900,8
2026-08-14T05:20:04Z,198298,150000,207400,36
2026-08-14T05:20:04Z,198299,498300,498300,144
2026-08-14T05:20:04Z,198300,39901500,39901500,13
2026-08-14T05:20:04Z,198301,199983300,199983300,2
2026-08-14T05:20:04Z,198302,10000000,19900000,11
2026-08-14T05:20:04Z,198303,23866700,23866800,7
2026-08-14T05:20:04Z,198304,340000,9994600,52
2026-08-14T05:20:04Z,198305,9789700,9789700,69
2026-08-14T05:20:04Z,198306,6696800,6696800,4
2026-08-14T05:20:04Z,198307,1503900,9999900,32
2026-08-14T05:20:04Z,198308,880000,900000,70
2026-08-14T05:20:04Z,198309,9989400,9989400,37
2026-08-14T05:20:04Z,198310,490000,490000,27
2026-08-14T05:20:04Z,198311,9990000,13532700,32
2026-08-14T05:20:04Z,198312,7004000,12004000,15
2026-08-14T05:20:04Z,198313,250009000,250009000,1
2026-08-14T05:20:04Z,198314,20005700,20005700,3
2026-08-14T05:20:04Z,198315,22223300,22223300,10
2026-08-14T05:20:04Z,198316,199006500,199006500,65
2026-08-14T05:20:04Z,198317,11382400,11382400,36
2026-08-14T05:20:04Z,198318,29998200,29998200,18
2026-08-14T05:20:04Z,198356,19900,20000,155
2026-08-14T05:20:04Z,198395,268900,280000,216
2026-08-14T05:20:04Z,198397,2210000,2950000,3041
2026-08-14T05:20:04Z,198401,440000,440000,72
2026-08-14T05:20:04Z,198403,80000,130000,177
2026-08-14T05:20:04Z,198412,19900,25000,3741
2026-08-14T05:20:04Z,198413,19900,19900,6682
2026-08-14T05:20:04Z,198414,299600,299600,336
2026-08-14T05:20:04Z,198415,450000,500000,676
2026-08-14T05:20:04Z,198416,786000,786000,1191
2026-08-14T05:20:04Z,198417,1989100,1989100,93
2026-08-14T05:20:04Z,198418,15000,15000,4223
2026-08-14T05:20:04Z,198419,15000,16600,5975
2026-08-14T05:20:04Z,198420,431200,431200,799
2026-08-14T05:20:04Z,198421,3000,5100,22305
2026-08-14T05:20:04Z,198422,3300,5100,4490
2026-08-14T05:20:04Z,198423,51400,51500,11413
2026-08-14T05:20:04Z,198431,9909900,9909900,38
2026-08-14T05:20:04Z,198441,499800,499800,75
2026-08-14T05:20:04Z,198487,5300,5300,10625
2026-08-14T05:20:04Z,198491,118800,118800,152
2026-08-14T05:20:04Z,198492,108800,108800,54
2026-08-14T05:20:04Z,198493,1110000,1110000,69
2026-08-14T05:20:04Z,198494,19990000,19990000,9
2026-08-14T05:20:04Z,198495,2790700,2790700,36
2026-08-14T05:20:04Z,198496,9999900,9999900,38
2026-08-14T05:20:04Z,198497,90000,90000,24
2026-08-14T05:20:04Z,198498,1187100,1187100,48
2026-08-14T05:20:04Z,198499,3337900,3338100,109
2026-08-14T05:20:04Z,198500,9791200,9791200,23
2026-08-14T05:20:04Z,198501,1332900,1332900,30
2026-08-14T05:20:04Z,198502,9999900,9999900,30
2026-08-14T05:20:04Z,198503,7882200,7882200,34
2026-08-14T05:20:04Z,198504,3700200,3700300,47
2026-08-14T05:20:04Z,198505,9502600,9502600,46
2026-08-14T05:20:04Z,198506,489800,489900,25
2026-08-14T05:20:04Z,198507,1350000,8917800,44
2026-08-14T05:20:04Z,198508,1848900,1849000,64
2026-08-14T05:20:04Z,198534,9990000,9990000,29
2026-08-14T05:20:04Z,198535,18000,2100000,48
2026-08-14T05:20:04Z,198536,18000,580000,68
2026-08-14T05:20:04Z,198549,757300,757300,686
2026-08-14T05:20:04Z,198550,479200,479200,858
2026-08-14T05:20:04Z,198614,8948700,8948700,9
2026-08-14T05:20:04Z,198619,39990200,39990200,6
2026-08-14T05:20:04Z,198620,7992000,9990400,24
2026-08-14T05:20:04Z,198621,68881100,68881100,12
2026-08-14T05:20:04Z,198833,4735200,4735200,3
2026-08-14T05:20:04Z,199051,103500,9903500,37
2026-08-14T05:20:04Z,199052,9990000,9990000,46
2026-08-14T05:20:04Z,199053,89900,9900000,41
2026-08-14T05:20:04Z,199054,2873900,9989500,25
2026-08-14T05:20:04Z,199055,70000,9890000,46
2026-08-14T05:20:04Z,199056,224000,9900000,39
2026-08-14T05:20:04Z,199057,210000,210000,62
2026-08-14T05:20:04Z,199058,9980000,9980000,22
2026-08-14T05:20:04Z,199059,203700,9750000,32
2026-08-14T05:20:04Z,199060,9802000,9903000,32
2026-08-14T05:20:04Z,199188,500900,500900,29
2026-08-14T05:20:04Z,199189,22900,22900,45
2026-08-14T05:20:04Z,199190,14109100,14109100,5
2026-08-14T05:20:04Z,199193,39995500,39995500,5
2026-08-14T05:20:04Z,199194,9880000,9880000,25
2026-08-14T05:20:04Z,199195,2840000,2840000,28
2026-08-14T05:20:04Z,199204,4300,4300,45
2026-08-14T05:20:04Z,199206,1400,1980000,3824
2026-08-14T05:20:04Z,199216,4990000,6908000,190
2026-08-14T05:20:04Z,199219,197800,199100,100
2026-08-14T05:20:04Z,199344,18000,18000,7560
2026-08-14T05:20:04Z,199476,20000,24900,36
2026-08-14T05:20:04Z,199646,9500000,9970000,9
2026-08-14T05:20:04Z,199934,400000,400000,91
2026-08-14T05:20:04Z,199935,60000,79200,16
2026-08-14T05:20:04Z,199936,50000,53800,17
2026-08-14T05:20:04Z,199937,74400,74400,35
2026-08-14T05:20:04Z,199938,107419200,107419200,4
2026-08-14T05:20:04Z,199939,199000000,199000000,1
2026-08-14T05:20:04Z,199940,70000,70000,26
2026-08-14T05:20:04Z,199941,58900,58900,35
2026-08-14T05:20:04Z,199942,55000,55000,36
2026-08-14T05:20:04Z,199943,448000,448000,49
2026-08-14T05:20:04Z,199944,198999700,198999700,4
2026-08-14T05:20:04Z,199945,90000,90000,29
2026-08-14T05:20:04Z,199946,3339900,3339900,11
2026-08-14T05:20:04Z,199947,52500,52500,44
2026-08-14T05:20:04Z,199948,400000,400000,116
2026-08-14T05:20:04Z,199949,80000,89100,45
2026-08-14T05:20:04Z,199950,55000,55000,38
2026-08-14T05:20:04Z,199951,50000,50000,52
2026-08-14T05:20:04Z,199952,52000,52400,38
2026-08-14T05:20:04Z,199953,59400,59400,35
2026-08-14T05:20:04Z,199954,54800,54800,45
2026-08-14T05:20:04Z,199955,313500,329900,53
2026-08-14T05:20:04Z,199956,55000,55000,63
2026-08-14T05:20:04Z,199957,50900,50900,38
2026-08-14T05:20:04Z,199958,62500,62500,40
2026-08-14T05:20:04Z,199959,140900,140900,34
2026-08-14T05:20:04Z,199960,80000,80000,55
2026-08-14T05:20:04Z,199961,1990000,1990000,15
2026-08-14T05:20:04Z,199962,2060000,3000000,21
2026-08-14T05:20:04Z,199963,24991600,39991600,11
2026-08-14T05:20:04Z,199964,298500,39997800,27
2026-08-14T05:20:04Z,199965,199991400,199991400,4
2026-08-14T05:20:04Z,199966,450000,450000,30
2026-08-14T05:20:04Z,199967,749900,749900,27
2026-08-14T05:20:04Z,199968,60000,60000,21
2026-08-14T05:20:04Z,199969,2326800,2326800,13
2026-08-14T05:20:04Z,199970,29990000,29990000,18
2026-08-14T05:20:04Z,199971,1000000,1000000,9
2026-08-14T05:20:04Z,199972,19411100,19411100,10
2026-08-14T05:20:04Z,199973,2372900,2372900,13
2026-08-14T05:20:04Z,199974,199999900,199999900,2
2026-08-14T05:20:04Z,199975,558500,558500,19
2026-08-14T05:20:04Z,199976,432300,432300,37
2026-08-14T05:20:04Z,199977,200000,300000,12
2026-08-14T05:20:04Z,199978,259800,259800,85
2026-08-14T05:20:04Z,199979,694000,694000,55
2026-08-14T05:20:04Z,199980,258300,258300,12
2026-08-14T05:20:04Z,199981,309000,309000,21
2026-08-14T05:20:04Z,199982,58900,58900,36
2026-08-14T05:20:04Z,199983,100000,100000,26
2026-08-14T05:20:04Z,199984,52100,52100,30
2026-08-14T05:20:04Z,199985,5009900,5009900,24
2026-08-14T05:20:04Z,199986,448800,448800,75
2026-08-14T05:20:04Z,199987,2003000,2093000,14
2026-08-14T05:20:04Z,199988,489500,489500,78
2026-08-14T05:20:04Z,199989,69900,69900,21
2026-08-14T05:20:04Z,199990,290000,290000,23
2026-08-14T05:20:04Z,199991,372500,372500,13
2026-08-14T05:20:04Z,199992,67900,67900,24
2026-08-14T05:20:04Z,199993,57900,39909200,11
2026-08-14T05:20:04Z,199994,158300,158300,19
2026-08-14T05:20:04Z,199995,177700,177700,23
2026-08-14T05:20:04Z,199996,110000,110000,98
2026-08-14T05:20:04Z,199997,220000,220000,20
2026-08-14T05:20:04Z,199998,295800,295800,23
2026-08-14T05:20:04Z,199999,80000,80000,13
2026-08-14T05:20:04Z,200000,52500,52500,27
2026-08-14T05:20:04Z,200001,150000,150000,40
2026-08-14T05:20:04Z,200002,154400,154400,14
2026-08-14T05:20:04Z,200003,2499900,2500000,10
2026-08-14T05:20:04Z,200004,39909900,39909900,10
2026-08-14T05:20:04Z,200005,39900000,39900000,9
2026-08-14T05:20:04Z,200006,4092100,4092100,8
2026-08-14T05:20:04Z,200007,3695200,3695200,4
2026-08-14T05:20:04Z,200008,288800,288800,37
2026-08-14T05:20:04Z,200009,185000000,199000000,15
2026-08-14T05:20:04Z,200010,270000,270000,24
2026-08-14T05:20:04Z,200011,8936500,8936500,5
2026-08-14T05:20:04Z,200012,2770000,4888800,36
2026-08-14T05:20:04Z,200013,8000000,10000000,9
2026-08-14T05:20:04Z,200014,22237200,22237200,4
2026-08-14T05:20:04Z,200015,199003400,199003400,5
2026-08-14T05:20:04Z,200016,8480000,8480000,56
2026-08-14T05:20:04Z,200017,9266500,9266500,7
2026-08-14T05:20:04Z,200018,17500000,17500000,13
2026-08-14T05:20:04Z,200019,7990000,7990000,12
2026-08-14T05:20:04Z,200020,5105000,5105000,57
2026-08-14T05:20:04Z,200021,17008000,17009900,23
2026-08-14T05:20:04Z,200022,1757000,3308000,19
2026-08-14T05:20:04Z,200023,500000,3000000,35
2026-08-14T05:20:04Z,200024,396200,396200,30
2026-08-14T05:20:04Z,200025,106100,106100,21
2026-08-14T05:20:04Z,200026,139900,139900,21
2026-08-14T05:20:04Z,200027,9909900,9909900,20
2026-08-14T05:20:04Z,200028,5609900,5609900,18
2026-08-14T05:20:04Z,200029,20000000,20000000,8
2026-08-14T05:20:04Z,200030,660000,660000,140
2026-08-14T05:20:04Z,200031,285400,285400,72
2026-08-14T05:20:04Z,200032,577100,577100,61
2026-08-14T05:20:04Z,200033,300000,300000,61
2026-08-14T05:20:04Z,200034,989700,989700,56
2026-08-14T05:20:04Z,200035,750000,750000,45
2026-08-14T05:20:04Z,200036,499900,499900,36
2026-08-14T05:20:04Z,200037,190000,190000,25
2026-08-14T05:20:04Z,200038,198500,298500,91
2026-08-14T05:20:04Z,200039,190000,190000,65
2026-08-14T05:20:04Z,200040,2500000,2500000,38
2026-08-14T05:20:04Z,200041,50000,50000,40
2026-08-14T05:20:04Z,200042,89900,89900,20
2026-08-14T05:20:04Z,200043,123200,123200,49
2026-08-14T05:20:04Z,200044,50000,74900,16
2026-08-14T05:20:04Z,200045,10800000,10800000,14
2026-08-14T05:20:04Z,200046,70006000,70006000,18
2026-08-14T05:20:04Z,200047,4801900,4801900,45
2026-08-14T05:20:04Z,200048,9909900,9909900,14
2026-08-14T05:20:04Z,200049,6999900,6999900,13
2026-08-14T05:20:04Z,200050,10007900,10007900,9
2026-08-14T05:20:04Z,200051,17000000,17000000,18
2026-08-14T05:20:04Z,200052,33009200,33009200,38
2026-08-14T05:20:04Z,200053,9809700,9809700,49
2026-08-14T05:20:04Z,200054,25004300,25004300,51
2026-08-14T05:20:04Z,200055,8500000,8500000,20
2026-08-14T05:20:04Z,200056,147000000,147000000,10
2026-08-14T05:20:04Z,200057,4300000,4300000,18
2026-08-14T05:20:04Z,200058,34990000,199900000,16
2026-08-14T05:20:04Z,200059,4999900,4999900,14
2026-08-14T05:20:04Z,200061,30100,30800,5123
2026-08-14T05:20:04Z,200074,114400,114400,2927
2026-08-14T05:20:04Z,200099,9879900,9879900,23
2026-08-14T05:20:04Z,200105,503900,503900,34
2026-08-14T05:20:04Z,200106,19500,19500,34
2026-08-14T05:20:04Z,200107,290005600,290005600,1
2026-08-14T05:20:04Z,200113,1549800,1549800,7209
2026-08-14T05:20:04Z,200224,2609900,3600000,1693
2026-08-14T05:20:04Z,200264,909900,909900,70
2026-08-14T05:20:04Z,200282,190000000,190000000,1
2026-08-14T05:20:04Z,200304,8998800,8998800,123
2026-08-14T05:20:04Z,200305,9909700,9909700,160
2026-08-14T05:20:04Z,200451,40009900,49009900,21
2026-08-14T05:20:04Z,200476,100,100,1
2026-08-14T05:20:04Z,200506,2200,3200,1266
2026-08-14T05:20:04Z,200507,25200,25200,377
2026-08-14T05:20:04Z,200508,2475000,9903300,1166
2026-08-14T05:20:04Z,200509,7800,7800,6096
2026-08-14T05:20:04Z,200531,25000000,25000000,50
2026-08-14T05:20:04Z,200532,34000000,34000000,19
2026-08-14T05:20:04Z,200533,250000000,250000000,3
2026-08-14T05:20:04Z,200565,880000,880000,21
2026-08-14T05:20:04Z,200566,850000,956600,107
2026-08-14T05:20:04Z,200567,17900,650000,49
2026-08-14T05:20:04Z,200568,5009600,5009600,37
2026-08-14T05:20:04Z,200569,986600,1327600,53
2026-08-14T05:20:04Z,200570,1420000,1420000,137
2026-08-14T05:20:04Z,200571,9890100,9890100,43
2026-08-14T05:20:04Z,200572,18000,1327600,77
2026-08-14T05:20:04Z,200573,900000,923800,59
2026-08-14T05:20:04Z,200574,39990000,39990000,11
2026-08-14T05:20:04Z,200575,984400,984400,34
2026-08-14T05:20:04Z,200576,1487700,1487700,77
2026-08-14T05:20:04Z,200577,39900000,39900000,13
2026-08-14T05:20:04Z,200578,845500,845500,100
2026-08-14T05:20:04Z,200579,18000,3288400,55
2026-08-14T05:20:04Z,200580,2913100,2913100,13
2026-08-14T05:20:04Z,200581,450000,450000,41
2026-08-14T05:20:04Z,200582,18000,3599900,45
2026-08-14T05:20:04Z,200614,33200,33500,68
2026-08-14T05:20:04Z,200615,697700,697700,95
2026-08-14T05:20:04Z,200616,19999500,19999500,66
2026-08-14T05:20:04Z,200618,15550000,15550000,18
2026-08-14T05:20:04Z,200619,39990000,39990000,5
2026-08-14T05:20:04Z,200633,25000000,25000000,2
2026-08-14T05:20:04Z,200634,29959700,29959700,83
2026-08-14T05:20:04Z,200652,555500,555500,149
2026-08-14T05:20:04Z,200680,9961400,9961400,50
2026-08-14T05:20:04Z,200681,9961400,9961400,70
2026-08-14T05:20:04Z,200764,290004400,290004400,1
2026-08-14T05:20:04Z,200765,290008900,290008900,1
2026-08-14T05:20:04Z,200766,290003700,290003700,1
2026-08-14T05:20:04Z,200767,290004600,290004600,32
2026-08-14T05:20:04Z,200768,155000,155000,38
2026-08-14T05:20:04Z,200769,49001400,49001400,10
2026-08-14T05:20:04Z,200770,1249800,1249800,4
2026-08-14T05:20:04Z,200771,290009500,290009500,1
2026-08-14T05:20:04Z,200772,159800,159800,22
2026-08-14T05:20:04Z,200773,979900,979900,10
2026-08-14T05:20:04Z,200774,290001200,290001200,1
2026-08-14T05:20:04Z,200775,290007300,290007300,1
2026-08-14T05:20:04Z,200776,290008100,290008100,1
2026-08-14T05:20:04Z,200777,81000,81000,29
2026-08-14T05:20:04Z,200778,290007900,290007900,3
2026-08-14T05:20:04Z,200779,290002900,290002900,8
2026-08-14T05:20:04Z,200780,3447000,3447000,4
2026-08-14T05:20:04Z,200781,290008900,290008900,6
2026-08-14T05:20:04Z,200782,290005800,290005800,1
2026-08-14T05:20:04Z,200783,290008200,290008200,1
2026-08-14T05:20:04Z,200784,290004000,290004000,18
2026-08-14T05:20:04Z,200785,609900,609900,5
2026-08-14T05:20:04Z,200786,198900,198900,5
2026-08-14T05:20:04Z,200787,1439800,1439800,68
2026-08-14T05:20:04Z,200788,209800,209800,22
2026-08-14T05:20:04Z,200789,180000400,180000400,22
2026-08-14T05:20:04Z,200790,39998100,39998100,53
2026-08-14T05:20:04Z,200791,290003600,290003600,22
2026-08-14T05:20:04Z,200792,290009000,290009000,1
2026-08-14T05:20:04Z,200793,159600,159600,8
2026-08-14T05:20:04Z,200794,237700,237700,7
2026-08-14T05:20:04Z,200795,78000,78000,27
2026-08-14T05:20:04Z,200796,290007700,290007700,1
2026-08-14T05:20:04Z,200797,290001000,290001000,9
2026-08-14T05:20:04Z,200798,290000600,290000600,1
2026-08-14T05:20:04Z,200799,290002900,290002900,1
2026-08-14T05:20:04Z,200800,2500000,2500000,84
2026-08-14T05:20:04Z,200801,209500,209500,14
2026-08-14T05:20:04Z,200802,290001900,290001900,1
2026-08-14T05:20:04Z,200803,38608800,38608800,7
2026-08-14T05:20:04Z,200804,290006500,290006500,1
2026-08-14T05:20:04Z,200805,290006500,290006500,1
2026-08-14T05:20:04Z,200806,309600,309600,13
2026-08-14T05:20:04Z,200807,290000000,290000000,8
2026-08-14T05:20:04Z,200808,14990000,14990000,16
2026-08-14T05:20:04Z,200809,290007100,290007100,1
2026-08-14T05:20:04Z,200810,290005600,290005600,1
2026-08-14T05:20:04Z,200811,591700,591700,51
2026-08-14T05:20:04Z,200812,290004400,290004400,1
2026-08-14T05:20:04Z,200813,99900,99900,22
2026-08-14T05:20:04Z,200814,285002500,285002500,1
2026-08-14T05:20:04Z,200815,7250000,7250000,7
2026-08-14T05:20:04Z,200816,290000000,290000000,2
2026-08-14T05:20:04Z,200817,290007600,290007600,1
2026-08-14T05:20:04Z,200818,290000500,290000500,1
2026-08-14T05:20:04Z,200819,49000000,49000000,42
2026-08-14T05:20:04Z,200820,209700,209700,4
2026-08-14T05:20:04Z,200821,3009900,3009900,6
2026-08-14T05:20:04Z,200822,179900,179900,9
2026-08-14T05:20:04Z,200823,290005700,290005700,1
2026-08-14T05:20:04Z,200824,290008600,290008600,1
2026-08-14T05:20:04Z,200825,290009500,290009500,1
2026-08-14T05:20:04Z,200826,1253500,1253500,10
2026-08-14T05:20:04Z,200827,290007800,290007800,1
2026-08-14T05:20:04Z,200828,290000000,290000000,2
2026-08-14T05:20:04Z,200829,290003400,290003400,1
2026-08-14T05:20:04Z,200830,290000000,290000000,1
2026-08-14T05:20:04Z,200831,290003800,290003800,1
2026-08-14T05:20:04Z,200832,60000,60000,32
2026-08-14T05:20:04Z,200833,290003800,290003800,1
2026-08-14T05:20:04Z,200834,290009800,290009800,1
2026-08-14T05:20:04Z,200835,109900,109900,6
2026-08-14T05:20:04Z,200836,130000,130000,22
2026-08-14T05:20:04Z,200837,14859600,14859600,15
2026-08-14T05:20:04Z,200838,2127500,2127500,11
2026-08-14T05:20:04Z,200840,290000000,290000000,1
2026-08-14T05:20:04Z,200841,246600,246600,13
2026-08-14T05:20:04Z,200842,159800,159800,12
2026-08-14T05:20:04Z,200843,450000,450000,5
2026-08-14T05:20:04Z,200844,290008200,290008200,1
2026-08-14T05:20:04Z,200845,290001500,290001500,1
2026-08-14T05:20:04Z,200846,290000700,290000700,1
2026-08-14T05:20:04Z,200847,290006900,290006900,1
2026-08-14T05:20:04Z,200848,500000,500000,10
2026-08-14T05:20:04Z,200849,290000000,290000000,16
2026-08-14T05:20:04Z,200850,290006100,290006100,1
2026-08-14T05:20:04Z,200851,290002900,290002900,1
2026-08-14T05:20:04Z,200852,160000,160000,13
2026-08-14T05:20:04Z,200853,1000000,1000000,9
2026-08-14T05:20:04Z,200855,2030000,3500000,64
2026-08-14T05:20:04Z,200856,9905000,9905000,28
2026-08-14T05:20:04Z,200860,80000,82500,2229
2026-08-14T05:20:04Z,200871,495000,940500,54
2026-08-14T05:20:04Z,200938,1077900,1077900,541
2026-08-14T05:20:04Z,200944,550100,550300,102
2026-08-14T05:20:04Z,201045,24900,24900,92
2026-08-14T05:20:04Z,201046,500000,1330000,204
2026-08-14T05:20:04Z,201047,35000,500000,42
2026-08-14T05:20:04Z,201162,290008800,290008800,1
2026-08-14T05:20:04Z,201163,49008800,49008800,21
2026-08-14T05:20:04Z,201164,49000500,49000500,21
2026-08-14T05:20:04Z,201165,49000200,49000200,20
2026-08-14T05:20:04Z,201166,49009000,49009000,21
2026-08-14T05:20:04Z,201168,5500000200,5500000200,1
2026-08-14T05:20:04Z,201170,290009700,290009700,1
2026-08-14T05:20:04Z,201173,290009100,290009100,1
2026-08-14T05:20:04Z,201177,290009600,290009600,1
2026-08-14T05:20:04Z,201178,1500009100,1500009100,1
2026-08-14T05:20:04Z,201180,49009600,49009600,20
2026-08-14T05:20:04Z,201182,49009400,49009400,20
2026-08-14T05:20:04Z,201184,49009100,49009100,20
2026-08-14T05:20:04Z,201185,290009600,290009600,1
2026-08-14T05:20:04Z,201186,450009100,450009100,1
2026-08-14T05:20:04Z,201188,290009600,290009600,1
2026-08-14T05:20:04Z,201190,290009100,290009100,1
2026-08-14T05:20:04Z,201191,290008800,290008800,1
2026-08-14T05:20:04Z,201192,49009100,49009100,21
2026-08-14T05:20:04Z,201193,49009200,49009200,20
2026-08-14T05:20:04Z,201194,49008800,49008800,20
2026-08-14T05:20:04Z,201195,290009400,290009400,1
2026-08-14T05:20:04Z,201196,1500009000,1500009000,1
2026-08-14T05:20:04Z,201197,290009900,290009900,1
2026-08-14T05:20:04Z,201202,49009400,49009400,20
2026-08-14T05:20:04Z,201203,49009900,49009900,20
2026-08-14T05:20:04Z,201204,49008900,49008900,20
2026-08-14T05:20:04Z,201205,49009900,49009900,20
2026-08-14T05:20:04Z,201206,49000100,49000100,20
2026-08-14T05:20:04Z,201207,49008800,49008800,20
2026-08-14T05:20:04Z,201209,49000500,49000500,19
2026-08-14T05:20:04Z,201216,49009400,49009400,20
2026-08-14T05:20:04Z,201219,49009600,49009600,20
2026-08-14T05:20:04Z,201220,49000500,49000500,20
2026-08-14T05:20:04Z,201221,49008700,49008700,20
2026-08-14T05:20:04Z,201222,303000,503000,40
2026-08-14T05:20:04Z,201226,49009400,49009400,20
2026-08-14T05:20:04Z,201227,290000200,290000200,1
2026-08-14T05:20:04Z,201228,290000500,290000500,1
2026-08-14T05:20:04Z,201310,19997700,19997700,56
2026-08-14T05:20:04Z,201311,199900,199900,57
2026-08-14T05:20:04Z,201312,40000,50000,120
2026-08-14T05:20:04Z,201313,792300,792300,41
2026-08-14T05:20:04Z,201314,190000,190000,67
2026-08-14T05:20:04Z,201315,1000,1000,136
2026-08-14T05:20:04Z,201316,9991900,9991900,32
2026-08-14T05:20:04Z,201317,209900,209900,63
2026-08-14T05:20:04Z,201318,2500,2500,108
2026-08-14T05:20:04Z,201319,10277100,10277100,25
2026-08-14T05:20:04Z,201320,6042600,6042600,33
2026-08-14T05:20:04Z,201321,37860900,37860900,2
2026-08-14T05:20:04Z,201325,390000,390000,344
2026-08-14T05:20:04Z,201327,330000,9990000,43
2026-08-14T05:20:04Z,201398,9500000,9500000,64
2026-08-14T05:20:04Z,201399,53500,113800,1867
2026-08-14T05:20:04Z,201400,700000,700200,328
2026-08-14T05:20:04Z,201401,125000,125500,1359
2026-08-14T05:20:04Z,201402,27000,89900,2659
2026-08-14T05:20:04Z,201403,949000,949800,2715
2026-08-14T05:20:04Z,201404,3562400,3782900,6123
2026-08-14T05:20:04Z,201405,1870000,2009900,228
2026-08-14T05:20:04Z,201406,98900,99800,1932
2026-08-14T05:20:04Z,201407,47981200,47985900,7
2026-08-14T05:20:04Z,201408,300000,9993000,24
2026-08-14T05:20:04Z,201409,24328000,24328000,8
2026-08-14T05:20:04Z,201413,9939900,9939900,60
2026-08-14T05:20:04Z,201415,9949900,9949900,79
2026-08-14T05:20:04Z,201416,9830000,9830000,161
2026-08-14T05:20:04Z,201417,9890000,9890000,40
2026-08-14T05:20:04Z,201419,9908700,9908700,30
2026-08-14T05:20:04Z,201420,1899900,1999900,2322
2026-08-14T05:20:04Z,201421,1249800,1249800,1672
2026-08-14T05:20:04Z,201422,1400000,1400000,1953
2026-08-14T05:20:04Z,201424,6900,6900,477
2026-08-14T05:20:04Z,201428,1110000,3890000,71
2026-08-14T05:20:04Z,201466,101000,141000,112
2026-08-14T05:20:04Z,201467,202500,202500,48
2026-08-14T05:20:04Z,201468,3806000,3806000,9
2026-08-14T05:20:04Z,201469,1900,1900,517
2026-08-14T05:20:04Z,201584,53900,53900,242
2026-08-14T05:20:04Z,201697,9907400,9907400,204
2026-08-14T05:20:04Z,201698,9805600,9805600,106
2026-08-14T05:20:04Z,201721,9790000,9790000,188
2026-08-14T05:20:04Z,201723,49009100,49009100,11
2026-08-14T05:20:04Z,201724,2500000000,2500000000,2
2026-08-14T05:20:04Z,201725,242400,242400,73
2026-08-14T05:20:04Z,201729,290003800,290003800,1
2026-08-14T05:20:04Z,201813,339500,339500,148
2026-08-14T05:20:04Z,201820,2300000,2300000,125
2026-08-14T05:20:04Z,201832,2320000,2320000,288
2026-08-14T05:20:04Z,201883,24980000,24999700,368
2026-08-14T05:20:04Z,201991,1419900,1920000,760
2026-08-14T05:20:04Z,202065,149800,149800,202
2026-08-14T05:20:04Z,202070,4300,4400,2972
2026-08-14T05:20:04Z,202071,4100,4100,1436
2026-08-14T05:20:04Z,202290,130000,130000,8732
2026-08-14T05:20:04Z,202314,9829200,9829200,52
2026-08-14T05:20:04Z,202315,9998000,9998000,30
2026-08-14T05:20:04Z,202401,358800,358800,71
2026-08-14T05:20:04Z,202712,9900,9900,169
2026-08-14T05:20:04Z,203407,20008800,20008800,41
2026-08-14T05:20:04Z,203408,86800000,86800000,28
2026-08-14T05:20:04Z,203409,7000000,7000000,74
2026-08-14T05:20:04Z,203410,19990000,19990000,28
2026-08-14T05:20:04Z,203411,88000000,88000000,33
2026-08-14T05:20:04Z,203412,155000000,155000000,43
2026-08-14T05:20:04Z,203413,49000000,49000000,47
2026-08-14T05:20:04Z,203414,105009900,105009900,25
2026-08-14T05:20:04Z,203415,11004000,11004000,50
2026-08-14T05:20:04Z,203416,8499400,8499400,569
2026-08-14T05:20:04Z,203417,59009900,59009900,20
2026-08-14T05:20:04Z,203418,504400,504500,350
2026-08-14T05:20:04Z,203419,34008000,34008000,112
2026-08-14T05:20:04Z,203652,859900,859900,183
2026-08-14T05:20:04Z,203762,492100,492100,1228
2026-08-14T05:20:04Z,203763,180000,180000,1257
2026-08-14T05:20:04Z,203862,637300,637300,941
2026-08-14T05:20:04Z,203865,325300,325300,2424
2026-08-14T05:20:04Z,204072,8800,8800,1880
2026-08-14T05:20:04Z,204092,5308000,5308000,20
2026-08-14T05:20:04Z,204234,49000000,49000000,19
2026-08-14T05:20:04Z,204235,5000,7000,242
2026-08-14T05:20:04Z,204237,100000,105000,54
2026-08-14T05:20:04Z,204308,151900,151900,65
2026-08-14T05:20:04Z,204310,49000000,49000000,20
2026-08-14T05:20:04Z,204311,19900000,19900000,11
2026-08-14T05:20:04Z,204312,290002200,290002200,2
2026-08-14T05:20:04Z,204313,4909800,49009800,19
2026-08-14T05:20:04Z,204370,597300,597300,2797
2026-08-14T05:20:04Z,204442,49000100,49000100,20
2026-08-14T05:20:04Z,204460,48900,58900,36315
2026-08-14T05:20:04Z,204463,15950000,16000000,248
2026-08-14T05:20:04Z,204464,111500,128700,1366
2026-08-14T05:20:04Z,204565,9999900,9999900,23
2026-08-14T05:20:04Z,204567,19990000,19990000,13
2026-08-14T05:20:04Z,204568,199519900,199519900,3
2026-08-14T05:20:04Z,204613,199006700,199006700,1
2026-08-14T05:20:04Z,204614,9000000,9500000,38
2026-08-14T05:20:04Z,204615,30000000,30000000,9
2026-08-14T05:20:04Z,204621,3006500,3006500,27
2026-08-14T05:20:04Z,204622,5660000,8990000,16
2026-08-14T05:20:04Z,204623,199000000,199000000,6
2026-08-14T05:20:04Z,204700,199908900,199908900,2
2026-08-14T05:20:04Z,204701,2550000,2550000,11
2026-08-14T05:20:04Z,204702,39990000,59612500,44
2026-08-14T05:20:04Z,204708,9999900,9999900,69
2026-08-14T05:20:04Z,204709,9992800,9992800,31
2026-08-14T05:20:04Z,204710,80000,9989900,33
2026-08-14T05:20:04Z,204729,9969800,9969800,103
2026-08-14T05:20:04Z,204730,28200,28200,95
2026-08-14T05:20:04Z,204790,1900,1900,222
2026-08-14T05:20:04Z,204823,1990000,1990000,47
2026-08-14T05:20:04Z,204825,80000,80000,98
2026-08-14T05:20:04Z,204826,15000,15000,52
2026-08-14T05:20:04Z,204827,9990900,9990900,20
2026-08-14T05:20:04Z,204828,5479700,5479700,48
2026-08-14T05:20:04Z,204829,15000,9500000,37
2026-08-14T05:20:04Z,204834,49000100,49000100,20
2026-08-14T05:20:04Z,204835,290000100,290000100,1
2026-08-14T05:20:04Z,204836,49000100,49000100,20
2026-08-14T05:20:04Z,204837,24375500,49005500,21
2026-08-14T05:20:04Z,204838,129800,49009900,22
2026-08-14T05:20:04Z,204839,20000100,20000100,5
2026-08-14T05:20:04Z,204840,9990100,9990100,25
2026-08-14T05:20:04Z,204841,49000100,49000100,20
2026-08-14T05:20:04Z,204842,58500,59000,27
2026-08-14T05:20:04Z,204845,196000,196000,543
2026-08-14T05:20:04Z,204858,8000000,8000000,19
2026-08-14T05:20:04Z,204859,999900,999900,52
2026-08-14T05:20:04Z,204860,1709700,9970000,56
2026-08-14T05:20:04Z,204909,990000000,990000000,2
2026-08-14T05:20:04Z,204971,5001600,5001600,24
2026-08-14T05:20:04Z,204972,70200,70200,122
2026-08-14T05:20:04Z,204973,16600,16600,484
2026-08-14T05:20:04Z,204991,9989900,9989900,22
2026-08-14T05:20:04Z,204992,9749700,9749700,35
2026-08-14T05:20:04Z,204993,199000000,199000000,1
2026-08-14T05:20:04Z,204994,7801000,7801000,143
2026-08-14T05:20:04Z,204995,35698400,35698400,60
2026-08-14T05:20:04Z,204996,5502300,5502300,219
2026-08-14T05:20:04Z,205012,49980000,49980000,11
2026-08-14T05:20:04Z,205014,5527000,5527000,19
2026-08-14T05:20:04Z,205015,5000000,5000000,9
2026-08-14T05:20:04Z,205016,149999200,149999200,7
2026-08-14T05:20:04Z,205039,88840000,88840000,18
2026-08-14T05:20:04Z,205043,1990000000,1990000000,1
2026-08-14T05:20:04Z,205044,198559400,198559400,4
2026-08-14T05:20:04Z,205115,39900000,39900000,11
2026-08-14T05:20:04Z,205170,199005600,199005600,4
2026-08-14T05:20:04Z,205171,990000000,990000000,1
2026-08-14T05:20:04Z,205172,1990000,1990000,3
2026-08-14T05:20:04Z,205173,199989700,199989700,1
2026-08-14T05:20:04Z,205221,49006200,49006200,11
2026-08-14T05:20:04Z,205222,49006600,49006600,13
2026-08-14T05:20:04Z,205224,7990000,49000000,19
2026-08-14T05:20:04Z,205235,49000100,49000100,20
2026-08-14T05:20:04Z,205236,990000100,990000100,1
2026-08-14T05:20:04Z,205237,49000100,49000100,22
2026-08-14T05:20:04Z,205238,1500000100,1500000100,1
2026-08-14T05:20:04Z,205239,49000100,49000100,23
2026-08-14T05:20:04Z,205240,49000100,49000100,19
2026-08-14T05:20:04Z,205241,49000100,49000100,20
2026-08-14T05:20:04Z,205242,49000100,49000100,22
2026-08-14T05:20:04Z,205243,49000100,49000100,20
2026-08-14T05:20:04Z,205244,49000100,49000100,24
2026-08-14T05:20:04Z,205411,6610100,6610100,52
2026-08-14T05:20:04Z,205413,30990000,36330000,1292
2026-08-14T05:20:04Z,205417,994900,994900,108
2026-08-14T05:20:04Z,205457,290008400,290008400,1
2026-08-14T05:20:04Z,205459,49007100,49007100,16
2026-08-14T05:20:04Z,205460,19900,19900,36
2026-08-14T05:20:04Z,205461,14006800,49006900,23
2026-08-14T05:20:04Z,205462,290009000,290009000,1
2026-08-14T05:20:04Z,205464,49009800,49009800,20
2026-08-14T05:20:04Z,205465,290001000,290001000,2
2026-08-14T05:20:04Z,205466,49004000,49004000,16
2026-08-14T05:20:04Z,205467,290007500,290007500,2
2026-08-14T05:20:04Z,205468,49000000,49000000,17
2026-08-14T05:20:04Z,205469,290000900,290000900,1
2026-08-14T05:20:04Z,205470,4900400,49000400,21
2026-08-14T05:20:04Z,205471,49006400,49006400,14
2026-08-14T05:20:04Z,205472,990008200,990008200,1
2026-08-14T05:20:04Z,205684,999900,1949800,603
2026-08-14T05:20:04Z,205686,207000,1000000,836
2026-08-14T05:20:04Z,205690,9700000,9700000,97
2026-08-14T05:20:04Z,205692,9800000,9800000,35
2026-08-14T05:20:04Z,205693,645900,9960000,50
2026-08-14T05:20:04Z,205695,290004000,290004000,1
2026-08-14T05:20:04Z,205697,990005900,990005900,1
2026-08-14T05:20:04Z,205698,290003900,290003900,2
2026-08-14T05:20:04Z,205699,4900000,49000000,16
2026-08-14T05:20:04Z,205700,10000,10000,18
2026-08-14T05:20:04Z,205793,210000,210000,42
2026-08-14T05:20:04Z,205794,9754000,9754000,120
2026-08-14T05:20:04Z,205866,49007500,49007500,15
2026-08-14T05:20:04Z,205868,2000000,2000000,20
2026-08-14T05:20:04Z,205869,290004300,290004300,1
2026-08-14T05:20:04Z,205870,7000000,7000000,19
2026-08-14T05:20:04Z,205871,200003000,200003000,2
2026-08-14T05:20:04Z,205872,49005200,49005200,14
2026-08-14T05:20:04Z,205873,290004100,290004100,1
2026-08-14T05:20:04Z,205875,290003400,290003400,1
2026-08-14T05:20:04Z,206967,6550000,6550000,25
2026-08-14T05:20:04Z,206968,508600,1008600,55
2026-08-14T05:20:04Z,206969,2508800,2508800,32
2026-08-14T05:20:04Z,207021,9994600,9994600,44
2026-08-14T05:20:04Z,207022,700000,700000,74
2026-08-14T05:20:04Z,207023,3000,3000,3460
2026-08-14T05:20:04Z,207039,39439100,39439100,16
2026-08-14T05:20:04Z,207040,110000,110000,376
2026-08-14T05:20:04Z,207041,29100,29100,210
2026-08-14T05:20:04Z,207054,120000,120000,84
2026-08-14T05:20:04Z,207085,39000000,39000000,71
2026-08-14T05:20:04Z,207086,9797500,9797500,10
2026-08-14T05:20:04Z,207087,5009500,5009500,17
2026-08-14T05:20:04Z,207088,3997100,3997100,550
2026-08-14T05:20:04Z,207702,1036300,1070000,18014
2026-08-14T05:20:04Z,207956,8989700,8989700,413
2026-08-14T05:20:04Z,208187,39970000,39970000,11
2026-08-14T05:20:04Z,208188,97035500,97035500,16
2026-08-14T05:20:04Z,208189,199999900,199999900,8
2026-08-14T05:20:04Z,208212,21800,32100,1354
2026-08-14T05:20:04Z,208736,49008900,49008900,13
2026-08-14T05:20:04Z,208746,198990100,198990100,1
2026-08-14T05:20:04Z,208747,9890000,9890000,6
2026-08-14T05:20:04Z,208748,49999900,49999900,5
2026-08-14T05:20:04Z,208856,244900,49004900,24
2026-08-14T05:20:04Z,209033,150000,150000,24
2026-08-14T05:20:04Z,209034,290006700,290006700,1
2026-08-14T05:20:04Z,210221,4500,8500,6566
2026-08-14T05:20:04Z,210244,200000,200000,35
2026-08-14T05:20:04Z,210245,755300,2608900,40
2026-08-14T05:20:04Z,210246,8000000,8000000,71
2026-08-14T05:20:04Z,210247,2800000,2800000,74
2026-08-14T05:20:04Z,210248,70000,70000,42
2026-08-14T05:20:04Z,210249,2407500,2407500,53
2026-08-14T05:20:04Z,210438,49008800,49008800,18
2026-08-14T05:20:04Z,210443,290009900,290009900,1
2026-08-14T05:20:04Z,210444,290009000,290009000,1
2026-08-14T05:20:04Z,210445,49009400,49009400,13
2026-08-14T05:20:04Z,210449,5500009800,5500009800,1
2026-08-14T05:20:04Z,210451,800000,49000000,15
2026-08-14T05:20:04Z,210452,190000,49000000,22
2026-08-14T05:20:04Z,210456,87899400,250000000,66
2026-08-14T05:20:04Z,210554,290008000,290008000,1
2026-08-14T05:20:04Z,210658,49000200,49000200,20
2026-08-14T05:20:04Z,210671,2996600,9983000,25
2026-08-14T05:20:04Z,210672,430000,9868500,37
2026-08-14T05:20:04Z,210673,9990000,9990000,29
2026-08-14T05:20:04Z,210688,9904300,49000400,211
2026-08-14T05:20:04Z,210796,20000,33000,13197
2026-08-14T05:20:04Z,210797,32500,55600,55821
2026-08-14T05:20:04Z,210798,20000,53200,14118
2026-08-14T05:20:04Z,210799,28500,28500,2181
2026-08-14T05:20:04Z,210800,27000,29500,11094
2026-08-14T05:20:04Z,210801,40000,47900,13310
2026-08-14T05:20:04Z,210802,16500,17400,3803
2026-08-14T05:20:04Z,210803,19900,19900,6435
2026-08-14T05:20:04Z,210804,29500,990000,18626
2026-08-14T05:20:04Z,210805,30000,33000,11206
2026-08-14T05:20:04Z,210806,23000,25500,8041
2026-08-14T05:20:04Z,210807,24700,24700,34105
2026-08-14T05:20:04Z,210808,29300,69900,4741
2026-08-14T05:20:04Z,210809,58400,58900,2927
2026-08-14T05:20:04Z,210810,46600,46600,4453
2026-08-14T05:20:04Z,210819,1000000,1000000,146
2026-08-14T05:20:04Z,210821,1009300,1009300,84
2026-08-14T05:20:04Z,210841,18900,18900,2025
2026-08-14T05:20:04Z,210842,2000000,2200000,909
2026-08-14T05:20:04Z,210930,89600,142000,102217
2026-08-14T05:20:04Z,210931,90000,126500,53265
2026-08-14T05:20:04Z,210932,130000,145000,94135
2026-08-14T05:20:04Z,210933,18700,25400,41135
2026-08-14T05:20:04Z,210934,20800,38100,51066
2026-08-14T05:20:04Z,210935,17500,21000,7488
2026-08-14T05:20:04Z,210936,13700,13700,4361
2026-08-14T05:20:04Z,210937,16300,18800,38477
2026-08-14T05:20:04Z,210938,17600,37100,60545
2026-08-14T05:20:04Z,210939,340700,356400,3069
2026-08-14T05:20:04Z,211270,290009300,290009300,11
2026-08-14T05:20:04Z,211383,470800,9953500,44
2026-08-14T05:20:04Z,211400,1865100,1865100,130
2026-08-14T05:20:04Z,211474,40000,41900,3187
2026-08-14T05:20:04Z,211692,49007400,49007400,20
2026-08-14T05:20:04Z,211694,290008300,290008300,5
2026-08-14T05:20:04Z,211695,290002100,290002100,1
2026-08-14T05:20:04Z,211798,49007700,49007700,20
2026-08-14T05:20:04Z,211806,8500,8500,12400
2026-08-14T05:20:04Z,211807,49900,49900,1606
2026-08-14T05:20:04Z,211808,49900,340000,2223
2026-08-14T05:20:04Z,211810,9940100,9940100,32
2026-08-14T05:20:04Z,211878,7000,7000,856
2026-08-14T05:20:04Z,211879,7000,7000,4492
2026-08-14T05:20:04Z,211880,47900,47900,4623
2026-08-14T05:20:04Z,211943,440000,500000,89
2026-08-14T05:20:04Z,212239,9900,9900,1544
2026-08-14T05:20:04Z,212240,39900,39900,1124
2026-08-14T05:20:04Z,212241,139600,139800,555
2026-08-14T05:20:04Z,212242,10500,10500,7998
2026-08-14T05:20:04Z,212243,15500,24500,1716
2026-08-14T05:20:04Z,212244,111100,111100,390
2026-08-14T05:20:04Z,212245,12000,12300,643
2026-08-14T05:20:04Z,212246,20000,20000,643
2026-08-14T05:20:04Z,212247,105900,105900,63
2026-08-14T05:20:04Z,212248,17000,19800,763
2026-08-14T05:20:04Z,212249,54400,54400,627
2026-08-14T05:20:04Z,212250,110000,200000,183
2026-08-14T05:20:04Z,212251,12700,12700,253
2026-08-14T05:20:04Z,212252,119600,142000,205
2026-08-14T05:20:04Z,212253,250000,250000,146
2026-08-14T05:20:04Z,212254,70000,80000,2531
2026-08-14T05:20:04Z,212255,11000,11800,69
2026-08-14T05:20:04Z,212256,550000,550000,90
2026-08-14T05:20:04Z,212257,19900,19900,215
2026-08-14T05:20:04Z,212258,89900,213400,223
2026-08-14T05:20:04Z,212259,524600,524600,99
2026-08-14T05:20:04Z,212260,10600,10600,125
2026-08-14T05:20:04Z,212261,11000,11000,82
2026-08-14T05:20:04Z,212262,95900,95900,89
2026-08-14T05:20:04Z,212263,30100,30100,1362
2026-08-14T05:20:04Z,212264,9800,9800,3961
2026-08-14T05:20:04Z,212265,29900,30000,3963
2026-08-14T05:20:04Z,212266,159800,159800,228
2026-08-14T05:20:04Z,212267,119900,119900,318
2026-08-14T05:20:04Z,212268,880000,990000,1390
2026-08-14T05:20:04Z,212269,792000,792000,169
2026-08-14T05:20:04Z,212270,77000,77300,699
2026-08-14T05:20:04Z,212271,382600,384400,549
2026-08-14T05:20:04Z,212272,190000,190000,544
2026-08-14T05:20:04Z,212273,199900,214800,965
2026-08-14T05:20:04Z,212274,256600,257000,354
2026-08-14T05:20:04Z,212275,155200,776400,179
2026-08-14T05:20:04Z,212276,48200,48200,625
2026-08-14T05:20:04Z,212277,409900,409900,234
2026-08-14T05:20:04Z,212278,400000,1550000,196
2026-08-14T05:20:04Z,212279,200000,885600,583
2026-08-14T05:20:04Z,212280,1006600,1007700,294
2026-08-14T05:20:04Z,212281,50000,50000,375
2026-08-14T05:20:04Z,212282,48000,48000,2975
2026-08-14T05:20:04Z,212283,58800,99300,1089
2026-08-14T05:20:04Z,212289,29200,29200,127
2026-08-14T05:20:04Z,212292,89800,89900,691
2026-08-14T05:20:04Z,212298,1257400,1257400,143
2026-08-14T05:20:04Z,212299,39900,40000,454
2026-08-14T05:20:04Z,212300,239300,239300,173
2026-08-14T05:20:04Z,212301,1943700,39900000,35
2026-08-14T05:20:04Z,212305,14100,14100,305
2026-08-14T05:20:04Z,212306,18100,18100,152
2026-08-14T05:20:04Z,212307,202100,202100,71
2026-08-14T05:20:04Z,212308,26200,26200,667
2026-08-14T05:20:04Z,212309,30000,30000,318
2026-08-14T05:20:04Z,212310,270000,270000,737
2026-08-14T05:20:04Z,212311,80000,80000,403
2026-08-14T05:20:04Z,212312,112800,112800,237
2026-08-14T05:20:04Z,212313,541700,541700,188
2026-08-14T05:20:04Z,212314,30000,160700,281
2026-08-14T05:20:04Z,212315,109900,411200,785
2026-08-14T05:20:04Z,212316,323600,709800,123
2026-08-14T05:20:04Z,212341,49008300,49008300,20
2026-08-14T05:20:04Z,212345,48009300,48009300,20
2026-08-14T05:20:04Z,212346,290009900,290009900,1
2026-08-14T05:20:04Z,212352,290001200,290001200,1
2026-08-14T05:20:04Z,212495,129900,499900,9432
2026-08-14T05:20:04Z,212498,2900,2900,25050
2026-08-14T05:20:04Z,212505,135000,135000,2999
2026-08-14T05:20:04Z,212508,100000,100000,2268
2026-08-14T05:20:04Z,212511,94300,94300,1144
2026-08-14T05:20:04Z,212514,236600,250000,961
2026-08-14T05:20:04Z,212531,290000000,290000000,2
2026-08-14T05:20:04Z,212533,290000000,290000000,2
2026-08-14T05:20:04Z,212534,290009900,290009900,2
2026-08-14T05:20:04Z,212563,820000,820800,181
2026-08-14T05:20:04Z,212564,4370000,4370000,386
2026-08-14T05:20:04Z,212565,1550000,1550000,261
2026-08-14T05:20:04Z,212646,49007500,49007500,14
2026-08-14T05:20:04Z,212647,49006700,49006700,13
2026-08-14T05:20:04Z,212648,210008100,210008100,3
2026-08-14T05:20:04Z,212649,49005800,49005800,13
2026-08-14T05:20:04Z,212664,20000,27300,56100
2026-08-14T05:20:04Z,212665,24700,26400,20401
2026-08-14T05:20:04Z,212666,35200,37500,21824
2026-08-14T05:20:04Z,212667,22400,24200,24447
2026-08-14T05:20:04Z,212668,24000,25300,23278
2026-08-14T05:20:04Z,212669,22600,23900,44472
2026-08-14T05:20:04Z,212670,12500,14000,7939
2026-08-14T05:20:04Z,212672,19900,24100,7533
2026-08-14T05:20:04Z,212673,50000,68200,3461
2026-08-14T05:20:04Z,212674,5700,5700,3440
2026-08-14T05:20:04Z,212675,6900,7000,7139
2026-08-14T05:20:04Z,212676,38900,39300,1998
2026-08-14T05:20:04Z,212688,49008000,49008000,20
2026-08-14T05:20:04Z,212761,290004800,290004800,1
2026-08-14T05:20:04Z,212763,49000000,49000000,12
2026-08-14T05:20:04Z,212764,30006100,30006100,14
2026-08-14T05:20:04Z,212765,290007100,290007100,1
2026-08-14T05:20:04Z,212766,49008400,49008400,13
2026-08-14T05:20:04Z,212767,49005100,49005100,12
2026-08-14T05:20:04Z,212768,49004000,49004000,12
2026-08-14T05:20:04Z,212770,49004300,49004300,12
2026-08-14T05:20:04Z,212771,49008500,49008500,11
2026-08-14T05:20:04Z,212772,290004300,290004300,1
2026-08-14T05:20:04Z,212774,49000000,49000000,12
2026-08-14T05:20:04Z,213026,49004500,49004500,10
2026-08-14T05:20:04Z,213027,49005800,49005800,11
2026-08-14T05:20:04Z,213028,49006300,49006300,11
2026-08-14T05:20:04Z,213029,290008500,290008500,1
2026-08-14T05:20:04Z,213030,49008100,49008100,10
2026-08-14T05:20:04Z,213031,49006600,49006600,12
2026-08-14T05:20:04Z,213032,49005800,49005800,16
2026-08-14T05:20:04Z,213033,290006400,290006400,2
2026-08-14T05:20:04Z,213034,49005700,49005700,10
2026-08-14T05:20:04Z,213035,49004700,49004700,10
2026-08-14T05:20:04Z,213037,49008700,49008700,9
2026-08-14T05:20:04Z,213038,49008200,49008200,12
2026-08-14T05:20:04Z,213039,49003900,49003900,12
2026-08-14T05:20:04Z,213040,49005200,49005200,14
2026-08-14T05:20:04Z,213041,49007900,49007900,11
2026-08-14T05:20:04Z,213042,49004200,49004200,13
2026-08-14T05:20:04Z,213043,49007600,49007600,14
2026-08-14T05:20:04Z,213044,49006600,49006600,14
2026-08-14T05:20:04Z,213045,49007800,49007800,13
2026-08-14T05:20:04Z,213179,49006700,49006700,11
2026-08-14T05:20:04Z,213180,49007400,49007400,11
2026-08-14T05:20:04Z,213182,49006000,49006000,11
2026-08-14T05:20:04Z,213184,49004400,49004400,10
2026-08-14T05:20:04Z,213194,290005800,290005800,2
2026-08-14T05:20:04Z,213195,49006000,49006000,11
2026-08-14T05:20:04Z,213196,49007500,49007500,9
2026-08-14T05:20:04Z,213197,33000,33000,2278
2026-08-14T05:20:04Z,213201,49008100,49008100,10
2026-08-14T05:20:04Z,213203,49006400,49006400,12
2026-08-14T05:20:04Z,213205,290004500,290004500,1
2026-08-14T05:20:04Z,213206,290003800,290003800,1
2026-08-14T05:20:04Z,213210,34007300,34007300,17
2026-08-14T05:20:04Z,213211,49005500,49005500,11
2026-08-14T05:20:04Z,213212,49005200,49005200,15
2026-08-14T05:20:04Z,213213,34008300,49008300,12
2026-08-14T05:20:04Z,213214,35008300,49008300,14
2026-08-14T05:20:04Z,213216,49008900,49008900,10
2026-08-14T05:20:04Z,213219,260000,260000,3209
2026-08-14T05:20:04Z,213220,240000,240000,5585
2026-08-14T05:20:04Z,213221,995000,995000,134
2026-08-14T05:20:04Z,213234,190000100,190000100,2
2026-08-14T05:20:04Z,213235,100000100,100000100,11
2026-08-14T05:20:04Z,213236,290000100,290000100,1
2026-08-14T05:20:04Z,213237,200007500,200007500,6
2026-08-14T05:20:04Z,213238,3007800,3007800,14
2026-08-14T05:20:04Z,213239,290000100,290000100,1
2026-08-14T05:20:04Z,213240,450000,450000,30
2026-08-14T05:20:04Z,213241,2240000,2240000,9
2026-08-14T05:20:04Z,213242,709900,719900,30
2026-08-14T05:20:04Z,213245,290000100,290000100,1
2026-08-14T05:20:04Z,213246,290000100,290000100,1
2026-08-14T05:20:04Z,213247,290000100,290000100,1
2026-08-14T05:20:04Z,213248,290000000,290000000,6
2026-08-14T05:20:04Z,213249,10000100,10000100,2
2026-08-14T05:20:04Z,213250,1500000,1500000,4
2026-08-14T05:20:04Z,213251,5003000,5003000,5
2026-08-14T05:20:04Z,213252,1899900,2000000,9
2026-08-14T05:20:04Z,213253,2000000,2000000,3
2026-08-14T05:20:04Z,213254,290000000,290000000,3
2026-08-14T05:20:04Z,213255,290000000,290000000,2
2026-08-14T05:20:04Z,213256,290000100,290000100,1
2026-08-14T05:20:04Z,213257,20009900,20009900,3
2026-08-14T05:20:04Z,213258,1357400,1357400,9
2026-08-14T05:20:04Z,213259,25500100,25500100,3
2026-08-14T05:20:04Z,213260,211577400,211577400,6
2026-08-14T05:20:04Z,213261,1699900,1699900,7
2026-08-14T05:20:04Z,213262,620000,620000,7
2026-08-14T05:20:04Z,213263,246500100,246500100,2
2026-08-14T05:20:04Z,213265,50000000,50000000,3
2026-08-14T05:20:04Z,213266,2005300,2005300,4
2026-08-14T05:20:04Z,213267,5000000,5000000,3
2026-08-14T05:20:04Z,213268,290000100,290000100,1
2026-08-14T05:20:04Z,213277,290008000,290008000,1
2026-08-14T05:20:04Z,213358,49007600,49007600,10
2026-08-14T05:20:04Z,213360,275508300,275508300,2
2026-08-14T05:20:04Z,213361,60008900,60008900,7
2026-08-14T05:20:04Z,213362,290004300,290004300,1
2026-08-14T05:20:04Z,213363,30000000,49000000,11
2026-08-14T05:20:04Z,213364,49007000,49007000,10
2026-08-14T05:20:04Z,213366,49004600,49004600,13
2026-08-14T05:20:04Z,213367,49004400,49004400,12
2026-08-14T05:20:04Z,213368,49007900,49007900,9
2026-08-14T05:20:04Z,213374,49004500,49004500,13
2026-08-14T05:20:04Z,213377,49004900,49004900,11
2026-08-14T05:20:04Z,213380,49005100,49005100,10
2026-08-14T05:20:04Z,213384,45558100,49008100,11
2026-08-14T05:20:04Z,213385,49007200,49007200,9
2026-08-14T05:20:04Z,213386,49005000,49005000,14
2026-08-14T05:20:04Z,213387,49005200,49005200,13
2026-08-14T05:20:04Z,213388,49008700,49008700,10
2026-08-14T05:20:04Z,213398,7400,7400,49763
2026-08-14T05:20:04Z,213399,2000,2000,21485
2026-08-14T05:20:04Z,213453,199000000,499999800,7
2026-08-14T05:20:04Z,213454,6483200,6483800,23
2026-08-14T05:20:04Z,213455,19950000,19950000,25
2026-08-14T05:20:04Z,213456,8500000,8996200,9
2026-08-14T05:20:04Z,213457,5181200,5181200,63
2026-08-14T05:20:04Z,213458,4899300,4899300,41
2026-08-14T05:20:04Z,213459,13125000,13125000,11
2026-08-14T05:20:04Z,213460,6965000,6965000,27
2026-08-14T05:20:04Z,213461,4358900,4358900,38
2026-08-14T05:20:04Z,213462,14000000,14000000,122
2026-08-14T05:20:04Z,213463,10000000,11796000,47
2026-08-14T05:20:04Z,213464,11110000,11110000,37
2026-08-14T05:20:04Z,213465,6250000,6650000,10
2026-08-14T05:20:04Z,213466,6999800,6999800,15
2026-08-14T05:20:04Z,213467,6999200,6999200,40
2026-08-14T05:20:04Z,213468,109150500,109150500,15
2026-08-14T05:20:04Z,213469,7960000,7960000,25
2026-08-14T05:20:04Z,213470,9487300,9488200,42
2026-08-14T05:20:04Z,213471,40000000,40000000,13
2026-08-14T05:20:04Z,213472,4856600,4856600,198
2026-08-14T05:20:04Z,213473,4970000,4970000,17
2026-08-14T05:20:04Z,213474,9999900,28836200,75
2026-08-14T05:20:04Z,213475,7590000,11506700,66
2026-08-14T05:20:04Z,213476,10001000,10001000,32
2026-08-14T05:20:04Z,213477,10004100,199000000,8
2026-08-14T05:20:04Z,213478,5391900,5391900,28
2026-08-14T05:20:04Z,213479,6930000,6930000,25
2026-08-14T05:20:04Z,213480,4989000,4989000,9
2026-08-14T05:20:04Z,213481,6180000,6180600,41
2026-08-14T05:20:04Z,213482,6990000,6990000,33
2026-08-14T05:20:04Z,213483,199009800,199009800,8
2026-08-14T05:20:04Z,213484,6330000,6330000,119
2026-08-14T05:20:04Z,213485,4777700,4777700,20
2026-08-14T05:20:04Z,213486,44000000,44000000,85
2026-08-14T05:20:04Z,213487,10000000,10000000,14
2026-08-14T05:20:04Z,213488,9008900,9008900,59
2026-08-14T05:20:04Z,213489,5303600,5303600,29
2026-08-14T05:20:04Z,213490,4500600,4500600,28
2026-08-14T05:20:04Z,213491,8541300,8541300,28
2026-08-14T05:20:04Z,213492,199000000,499999800,7
2026-08-14T05:20:04Z,213493,4999200,4999200,28
2026-08-14T05:20:04Z,213494,10469100,10469100,34
2026-08-14T05:20:04Z,213495,199009900,199009900,6
2026-08-14T05:20:04Z,213496,998500,6998500,21
2026-08-14T05:20:04Z,213497,5999300,5999300,46
2026-08-14T05:20:04Z,213498,9870000,9870000,109
2026-08-14T05:20:04Z,213499,9131800,11843800,42
2026-08-14T05:20:04Z,213500,18504200,18504200,32
2026-08-14T05:20:04Z,213501,165000,165000,262
2026-08-14T05:20:04Z,213502,30000,110000,134
2026-08-14T05:20:04Z,213503,2368900,9990000,30
2026-08-14T05:20:04Z,213504,199600,199600,72
2026-08-14T05:20:04Z,213505,400000,446400,102
2026-08-14T05:20:04Z,213506,9990000,9990000,28
2026-08-14T05:20:04Z,213507,59900,89900,60
2026-08-14T05:20:04Z,213508,440000,449800,108
2026-08-14T05:20:04Z,213509,3190000,3190000,391
2026-08-14T05:20:04Z,213510,139900,150000,164
2026-08-14T05:20:04Z,213511,219800,219800,113
2026-08-14T05:20:04Z,213512,2319000,2319000,41
2026-08-14T05:20:04Z,213515,6862700,6862700,20
2026-08-14T05:20:04Z,213516,4500000,4500000,46
2026-08-14T05:20:04Z,213517,16000000,16000000,105
2026-08-14T05:20:04Z,213530,200005200,200005200,2
2026-08-14T05:20:04Z,213531,290004000,290004000,1
2026-08-14T05:20:04Z,213540,49001700,49001700,20
2026-08-14T05:20:04Z,213610,2000,2000,84602
2026-08-14T05:20:04Z,213611,37400,37500,12474
2026-08-14T05:20:04Z,213612,176300,187200,8291
2026-08-14T05:20:04Z,213613,27800,29400,16713
2026-08-14T05:20:04Z,213738,800000,800000,29
2026-08-14T05:20:04Z,213739,3500000,3500000,12
2026-08-14T05:20:04Z,213740,13900000,13900000,19
2026-08-14T05:20:04Z,213741,12386500,99952500,33
2026-08-14T05:20:04Z,213742,4700000,4706800,262
2026-08-14T05:20:04Z,213743,5902500,5902500,33
2026-08-14T05:20:04Z,213744,4940000,4940000,21
2026-08-14T05:20:04Z,213745,7449900,7450000,18
2026-08-14T05:20:04Z,213746,15300000,15300000,40
2026-08-14T05:20:04Z,213747,12831500,12831500,54
2026-08-14T05:20:04Z,213748,14499900,14499900,68
2026-08-14T05:20:04Z,213749,11000000,11000000,63
2026-08-14T05:20:04Z,213750,130000,130000,886
2026-08-14T05:20:04Z,213751,223800,223800,3773
2026-08-14T05:20:04Z,213752,479800,479800,406
2026-08-14T05:20:04Z,213753,890000,900000,148
2026-08-14T05:20:04Z,213754,659300,659300,355
2026-08-14T05:20:04Z,213755,509900,509900,125
2026-08-14T05:20:04Z,213756,80000,80000,7116
2026-08-14T05:20:04Z,213757,84100,84100,3777
2026-08-14T05:20:04Z,213758,120000,120000,2743
2026-08-14T05:20:04Z,213759,1498500,1499000,172
2026-08-14T05:20:04Z,213760,1358000,1358000,364
2026-08-14T05:20:04Z,213761,1486800,1486800,149
2026-08-14T05:20:04Z,213762,19580100,19580100,36
2026-08-14T05:20:04Z,213763,2000000,2000000,52
2026-08-14T05:20:04Z,213764,3332700,3332700,339
2026-08-14T05:20:04Z,213765,2000000,2000000,34
2026-08-14T05:20:04Z,213766,970200,1375800,602
2026-08-14T05:20:04Z,213767,4009900,4009900,26
2026-08-14T05:20:04Z,213768,5554000,5554000,58
2026-08-14T05:20:04Z,213769,384700,985000,25
2026-08-14T05:20:04Z,213770,396000,396000,29
2026-08-14T05:20:04Z,213771,198599900,198599900,7
2026-08-14T05:20:04Z,213772,3979800,3979800,41
2026-08-14T05:20:04Z,213773,600000,3005600,25
2026-08-14T05:20:04Z,213774,25009900,25009900,17
2026-08-14T05:20:04Z,213775,1310300,5534600,26
2026-08-14T05:20:04Z,213776,1000000,1000000,27
2026-08-14T05:20:04Z,213777,509900,770000,340
2026-08-14T05:20:04Z,215236,3509900,3509900,155
2026-08-14T05:20:04Z,217113,990000,990000,75
2026-08-14T05:20:04Z,217114,3500000,9000000,38
2026-08-14T05:20:04Z,217115,5550400,5550400,48
2026-08-14T05:20:04Z,217162,49000000,49000000,12
2026-08-14T05:20:04Z,217163,9009900,49009900,13
2026-08-14T05:20:04Z,217164,214500,49004500,15
2026-08-14T05:20:04Z,217167,24321000,49001000,16
2026-08-14T05:20:04Z,217168,2000000,2000000,3
2026-08-14T05:20:04Z,217169,5007600,49007600,15
2026-08-14T05:20:04Z,217170,990900,49000900,25
2026-08-14T05:20:04Z,217171,19000000,49000000,16
2026-08-14T05:20:04Z,217707,79800,81800,16421
2026-08-14T05:20:04Z,217896,9900000,9900000,94
2026-08-14T05:20:04Z,218336,1000,1000,74404
2026-08-14T05:20:04Z,218337,13200,19600,10771
2026-08-14T05:20:04Z,218338,1000,1100,326188
2026-08-14T05:20:04Z,218339,400,900,57999
2026-08-14T05:20:04Z,218453,2400,2400,36
2026-08-14T05:20:04Z,219002,2200000,2200000,228
2026-08-14T05:20:04Z,219003,490000,490000,135
2026-08-14T05:20:04Z,219004,1492500,1492500,452
2026-08-14T05:20:04Z,219005,504900,504900,86
2026-08-14T05:20:04Z,219006,4500000,4500000,107
2026-08-14T05:20:04Z,219013,5009000,5559000,2038
2026-08-14T05:20:04Z,219148,5899800,9809600,27
2026-08-14T05:20:04Z,219495,950000,950000,172
2026-08-14T05:20:04Z,219496,680000,680000,31
2026-08-14T05:20:04Z,219497,682700,687500,36
2026-08-14T05:20:04Z,219504,128500,128500,465
2026-08-14T05:20:04Z,219505,448000,448000,227
2026-08-14T05:20:04Z,219506,300000,300000,56
2026-08-14T05:20:04Z,219880,720000,720000,247
2026-08-14T05:20:04Z,219881,247500,247500,1028
2026-08-14T05:20:04Z,219882,380000,380000,1863
2026-08-14T05:20:04Z,219883,890900,890900,290
2026-08-14T05:20:04Z,219884,329900,329900,520
2026-08-14T05:20:04Z,219885,910000,910000,1203
2026-08-14T05:20:04Z,219886,709900,709900,227
2026-08-14T05:20:04Z,219887,420700,421700,1322
2026-08-14T05:20:04Z,219888,390000,390000,459
2026-08-14T05:20:04Z,219889,904800,1404800,457
2026-08-14T05:20:04Z,219890,958200,958200,602
2026-08-14T05:20:04Z,219891,900000,900000,333
2026-08-14T05:20:04Z,219892,509900,649900,201
2026-08-14T05:20:04Z,219893,469500,469500,1194
2026-08-14T05:20:04Z,219894,407000,407000,418
2026-08-14T05:20:04Z,219898,840000,845500,199
2026-08-14T05:20:04Z,219899,500000,500000,862
2026-08-14T05:20:04Z,219900,413900,413900,197
2026-08-14T05:20:04Z,219901,981100,1072200,682
2026-08-14T05:20:04Z,219902,879900,879900,1285
2026-08-14T05:20:04Z,219903,891000,891000,90
2026-08-14T05:20:04Z,219905,3900000,3900000,1280
2026-08-14T05:20:04Z,219906,135000,135000,133
2026-08-14T05:20:04Z,219907,959500,959500,27
2026-08-14T05:20:04Z,219908,1090000,1090000,25
2026-08-14T05:20:04Z,219909,399900,460000,91
2026-08-14T05:20:04Z,219910,434900,2483500,75
2026-08-14T05:20:04Z,219911,940000,945300,31
2026-08-14T05:20:04Z,219912,39400,39400,72
2026-08-14T05:20:04Z,219913,196100,198000,64
2026-08-14T05:20:04Z,219914,1500400,1500400,42
2026-08-14T05:20:04Z,219946,94700,99000,18715
2026-08-14T05:20:04Z,219947,153200,153200,15353
2026-08-14T05:20:04Z,219948,239300,239300,4722
2026-08-14T05:20:04Z,219949,189800,244000,3706
2026-08-14T05:20:04Z,219950,277700,278100,5650
2026-08-14T05:20:04Z,219951,269300,269300,1672
2026-08-14T05:20:04Z,219952,11600,14700,7952
2026-08-14T05:20:04Z,219954,14200,18000,5001
2026-08-14T05:20:04Z,219955,79900,98900,12992
2026-08-14T05:20:04Z,220134,55000,108700,19245
2026-08-14T05:20:04Z,220135,9900,10600,14211
2026-08-14T05:20:04Z,220136,14400,14400,1516
2026-08-14T05:20:04Z,220137,13800,14400,34543
2026-08-14T05:20:04Z,220138,9800,12400,12867
2026-08-14T05:20:04Z,220139,19900,22300,10212
2026-08-14T05:20:04Z,220141,37000,37000,582
2026-08-14T05:20:04Z,220142,487500,487500,5349
2026-08-14T05:20:04Z,220143,10000,11100,572
2026-08-14T05:20:04Z,220144,11300,13400,1717
2026-08-14T05:20:04Z,220145,10100,15000,1657
2026-08-14T05:20:04Z,220146,13800,13800,2094
2026-08-14T05:20:04Z,220147,57000,72500,9648
2026-08-14T05:20:04Z,220148,9990000,9990000,122
2026-08-14T05:20:04Z,220149,697700,752100,2320
2026-08-14T05:20:04Z,220150,22400,22400,501
2026-08-14T05:20:04Z,220151,57000,57500,532
2026-08-14T05:20:04Z,220153,2957000,2957000,356
2026-08-14T05:20:04Z,220219,11993300,11993300,6
2026-08-14T05:20:04Z,220220,990005700,990005700,1
2026-08-14T05:20:04Z,220221,290004700,290004700,1
2026-08-14T05:20:04Z,220222,10007700,10007700,4
2026-08-14T05:20:04Z,220223,49007600,49007600,22
2026-08-14T05:20:04Z,220224,246200,246200,37
2026-08-14T05:20:04Z,220225,990003500,990003500,1
2026-08-14T05:20:04Z,220226,300000,300000,8
2026-08-14T05:20:04Z,220227,290009300,290009300,2
2026-08-14T05:20:04Z,220228,39813400,39813400,2
2026-08-14T05:20:04Z,220229,855400,855400,4
2026-08-14T05:20:04Z,220230,295000,295000,5
2026-08-14T05:20:04Z,220231,200000000,200000000,2
2026-08-14T05:20:04Z,220232,7300,10000,214
2026-08-14T05:20:04Z,220234,49000000,49000000,22
2026-08-14T05:20:04Z,220235,1793000,1793000,11
2026-08-14T05:20:04Z,220236,7999900,7999900,19
2026-08-14T05:20:04Z,220237,290000000,290000000,1
2026-08-14T05:20:04Z,220238,290001300,290001300,1
2026-08-14T05:20:04Z,220239,290007700,290007700,1
2026-08-14T05:20:04Z,220240,290007600,290007600,1
2026-08-14T05:20:04Z,220241,2500000,2500000,4
2026-08-14T05:20:04Z,220242,5000000,5000000,6
2026-08-14T05:20:04Z,220243,290007100,290007100,1
2026-08-14T05:20:04Z,220244,290007300,290007300,1
2026-08-14T05:20:04Z,220245,290006600,290006600,2
2026-08-14T05:20:04Z,220246,1000000,1000000,5
2026-08-14T05:20:04Z,220247,12000,12000,43
2026-08-14T05:20:04Z,220248,950000,950000,37
2026-08-14T05:20:04Z,220249,6900,6900,161
2026-08-14T05:20:04Z,220250,290007600,290007600,1
2026-08-14T05:20:04Z,220251,6500,6500,42
2026-08-14T05:20:04Z,220252,19900,19900,38
2026-08-14T05:20:04Z,220253,6600,6600,34
2026-08-14T05:20:04Z,220254,30000,30000,11
2026-08-14T05:20:04Z,220255,6300,6300,68
2026-08-14T05:20:04Z,220256,10000,10000,33
2026-08-14T05:20:04Z,220257,760000,800000,71
2026-08-14T05:20:04Z,220258,70000,70000,25
2026-08-14T05:20:04Z,220259,100000,100000,233
2026-08-14T05:20:04Z,220261,40000,40000,100
2026-08-14T05:20:04Z,220262,7000,7000,120
2026-08-14T05:20:04Z,220263,54800,55000,35
2026-08-14T05:20:04Z,220264,7100,7100,471
2026-08-14T05:20:04Z,220265,290000300,290000300,1
2026-08-14T05:20:04Z,220266,9800,9800,18
2026-08-14T05:20:04Z,220267,9000,9000,348
2026-08-14T05:20:04Z,220268,9900,9900,15
2026-08-14T05:20:04Z,220269,49000000,49000000,24
2026-08-14T05:20:04Z,220270,49009700,49009700,26
2026-08-14T05:20:04Z,220271,8600,8600,49
2026-08-14T05:20:04Z,220272,290000000,290000000,1
2026-08-14T05:20:04Z,220273,15900,15900,30
2026-08-14T05:20:04Z,220274,290007600,290007600,1
2026-08-14T05:20:04Z,220275,40000,40000,33
2026-08-14T05:20:04Z,220276,20500,20700,145
2026-08-14T05:20:04Z,220277,18600,18600,67
2026-08-14T05:20:04Z,220278,290000700,290000700,1
2026-08-14T05:20:04Z,220279,30000,30000,26
2026-08-14T05:20:04Z,220280,19500,19500,35
2026-08-14T05:20:04Z,220281,18700,18700,240
2026-08-14T05:20:04Z,220282,20400,20400,151
2026-08-14T05:20:04Z,220283,34400,34500,27
2026-08-14T05:20:04Z,220285,290007600,290007600,1
2026-08-14T05:20:04Z,220286,290007600,290007600,1
2026-08-14T05:20:04Z,220287,290007600,290007600,1
2026-08-14T05:20:04Z,220288,290001300,290001300,1
2026-08-14T05:20:04Z,220289,19100,19100,218
2026-08-14T05:20:04Z,220290,160000,160000,33
2026-08-14T05:20:04Z,220291,400000,700000,21
2026-08-14T05:20:04Z,220292,30000,30000,37
2026-08-14T05:20:04Z,220293,49009800,49009800,15
2026-08-14T05:20:04Z,220294,49000400,49000400,15
2026-08-14T05:20:04Z,220295,909800,1009800,45
2026-08-14T05:20:04Z,220296,32300,32500,39
2026-08-14T05:20:04Z,220297,19000,20000,165
2026-08-14T05:20:04Z,220298,290007600,290007600,1
2026-08-14T05:20:04Z,220299,574100,574100,34
2026-08-14T05:20:04Z,220300,25500,25500,132
2026-08-14T05:20:04Z,220301,20000,20000,125
2026-08-14T05:20:04Z,220302,579200,579200,30
2026-08-14T05:20:04Z,220303,49009800,49009800,19
2026-08-14T05:20:04Z,220355,390000,390000,42
2026-08-14T05:20:04Z,220361,108000,108000,30
2026-08-14T05:20:04Z,220362,10000000,10000000,50
2026-08-14T05:20:04Z,220363,10000000,10000000,5
2026-08-14T05:20:04Z,220380,49007600,49007600,20
2026-08-14T05:20:04Z,220438,43000000,49000000,31
2026-08-14T05:20:04Z,220439,49007600,49007600,10
2026-08-14T05:20:04Z,220440,5500007600,5500007600,1
2026-08-14T05:20:04Z,220441,1500007600,1500007600,1
2026-08-14T05:20:04Z,220442,290007600,290007600,1
2026-08-14T05:20:04Z,220443,290007600,290007600,1
2026-08-14T05:20:04Z,220444,290007600,290007600,1
2026-08-14T05:20:04Z,220445,1500007600,1500007600,1
2026-08-14T05:20:04Z,220447,290009900,290009900,2
2026-08-14T05:20:04Z,220448,990007600,990007600,1
2026-08-14T05:20:04Z,220484,290007600,290007600,1
2026-08-14T05:20:04Z,220486,1500007600,1500007600,1
2026-08-14T05:20:04Z,220491,49007600,49007600,21
2026-08-14T05:20:04Z,220509,4499600,4499600,10
2026-08-14T05:20:04Z,221550,9502500,9503500,476
2026-08-14T05:20:04Z,221754,20000,21900,8465
2026-08-14T05:20:04Z,221756,20900,23000,6489
2026-08-14T05:20:04Z,221757,20800,23700,6891
2026-08-14T05:20:04Z,221758,40000,40000,22682
2026-08-14T05:20:04Z,221763,20000,23000,4313
2026-08-14T05:20:04Z,221853,180000,199500,5774
2026-08-14T05:20:04Z,221854,222200,222200,11527
2026-08-14T05:20:04Z,221855,509500,509600,1055
2026-08-14T05:20:04Z,221856,169200,169200,727
2026-08-14T05:20:04Z,221857,170000,170000,1665
2026-08-14T05:20:04Z,221858,458300,458600,2035
2026-08-14T05:20:04Z,221859,208500,208500,504
2026-08-14T05:20:04Z,221860,206900,206900,3942
2026-08-14T05:20:04Z,221861,2209100,2209100,584
2026-08-14T05:20:04Z,221862,139900,139900,201
2026-08-14T05:20:04Z,221863,185300,185300,569
2026-08-14T05:20:04Z,221864,409300,409400,350
2026-08-14T05:20:04Z,221865,197000,197000,484
2026-08-14T05:20:04Z,221866,367600,367600,522
2026-08-14T05:20:04Z,221867,707200,707200,254
2026-08-14T05:20:04Z,221868,437000,437000,711
2026-08-14T05:20:04Z,221869,489700,515400,1343
2026-08-14T05:20:04Z,221870,3308200,3308200,569
2026-08-14T05:20:04Z,221872,219800,219800,62
2026-08-14T05:20:04Z,221873,209300,209300,140
2026-08-14T05:20:04Z,221874,3250000,3258800,130
2026-08-14T05:20:04Z,221876,68000,68000,114
2026-08-14T05:20:04Z,221877,192300,9909400,48
2026-08-14T05:20:04Z,221878,4466100,4466100,68
2026-08-14T05:20:04Z,221880,66700,66700,464
2026-08-14T05:20:04Z,221881,46400,46400,54
2026-08-14T05:20:04Z,221882,260000,269700,77
2026-08-14T05:20:04Z,221904,700000,710000,74
2026-08-14T05:20:04Z,221905,1034800,1034900,7
2026-08-14T05:20:04Z,221906,5998700,5998700,8
2026-08-14T05:20:04Z,221908,601100,901500,111
2026-08-14T05:20:04Z,221909,609900,609900,17
2026-08-14T05:20:04Z,221910,4999600,4999700,31
2026-08-14T05:20:04Z,221911,99000,99000,43
2026-08-14T05:20:04Z,221912,99300,99300,28
2026-08-14T05:20:04Z,221913,40005500,40005600,24
2026-08-14T05:20:04Z,221914,1490200,1492500,66
2026-08-14T05:20:04Z,221915,900100,900100,26
2026-08-14T05:20:04Z,221916,6596400,49990600,23
2026-08-14T05:20:04Z,221917,443100,443200,87
2026-08-14T05:20:04Z,221918,149500,149500,38
2026-08-14T05:20:04Z,221919,21824800,21824800,26
2026-08-14T05:20:04Z,221920,5007600,5008100,30
2026-08-14T05:20:04Z,221921,546100,49904900,45
2026-08-14T05:20:04Z,221922,37059800,37059800,11
2026-08-14T05:20:04Z,221923,384400,384400,19
2026-08-14T05:20:04Z,221924,2221400,2221400,29
2026-08-14T05:20:04Z,221925,38999000,38999500,55
2026-08-14T05:20:04Z,221926,401600,401600,23
2026-08-14T05:20:04Z,221927,420000,420000,14
2026-08-14T05:20:04Z,221928,3480500,3480500,15
2026-08-14T05:20:04Z,221932,371100,371100,30
2026-08-14T05:20:04Z,221933,399400,399400,12
2026-08-14T05:20:04Z,221934,2003000,2003000,21
2026-08-14T05:20:04Z,221935,500000,509900,22
2026-08-14T05:20:04Z,221936,607400,907400,13
2026-08-14T05:20:04Z,221937,6400000,6499900,14
2026-08-14T05:20:04Z,221938,494300,494300,45
2026-08-14T05:20:04Z,221939,2009400,2009400,16
2026-08-14T05:20:04Z,221940,19358200,199990000,7
2026-08-14T05:20:04Z,221941,621600,621600,53
2026-08-14T05:20:04Z,221942,3006000,8303100,51
2026-08-14T05:20:04Z,221943,2539000,2539000,11
2026-08-14T05:20:04Z,221949,4157500,4157900,74
2026-08-14T05:20:04Z,221953,959600,959600,98
2026-08-14T05:20:04Z,221954,990000,990000,932
2026-08-14T05:20:04Z,221955,2008500,2008600,614
2026-08-14T05:20:04Z,221959,1841000,1841000,513
2026-08-14T05:20:04Z,222417,730000,730000,101
2026-08-14T05:20:04Z,222418,999400,999400,1683
2026-08-14T05:20:04Z,222419,907200,1709900,3715
2026-08-14T05:20:04Z,222420,1500000,1500000,106
2026-08-14T05:20:04Z,222421,1487000,1487000,116
2026-08-14T05:20:04Z,222422,1781500,1783400,301
2026-08-14T05:20:04Z,222423,609700,609700,203
2026-08-14T05:20:04Z,222424,601700,601700,523
2026-08-14T05:20:04Z,222425,791900,791900,160
2026-08-14T05:20:04Z,222426,1550000,1850000,91
2026-08-14T05:20:04Z,222427,1217900,1217900,386
2026-08-14T05:20:04Z,222428,1249900,1249900,168
2026-08-14T05:20:04Z,222499,150000,150000,494
2026-08-14T05:20:04Z,222500,255200,255200,140
2026-08-14T05:20:04Z,222501,2192000,2192000,197
2026-08-14T05:20:04Z,222502,156800,156900,36
2026-08-14T05:20:04Z,222503,37500,37500,192
2026-08-14T05:20:04Z,222504,35000,35000,254
2026-08-14T05:20:04Z,222505,1770000,39909800,29
2026-08-14T05:20:04Z,222506,992100,992100,149
2026-08-14T05:20:04Z,222507,1500000,1500000,67
2026-08-14T05:20:04Z,222508,35500,35500,129
2026-08-14T05:20:04Z,222509,38000,38000,70
2026-08-14T05:20:04Z,222510,35100,35100,117
2026-08-14T05:20:04Z,222511,79900,79900,93
2026-08-14T05:20:04Z,222512,701200,761200,129
2026-08-14T05:20:04Z,222513,2501400,2501400,137
2026-08-14T05:20:04Z,222514,69900,69900,90
2026-08-14T05:20:04Z,222515,215200,215200,75
2026-08-14T05:20:04Z,222516,1789000,1789000,152
2026-08-14T05:20:04Z,222520,89400,89400,509
2026-08-14T05:20:04Z,222523,1000000,1000000,422
2026-08-14T05:20:04Z,222533,21700,22000,843
2026-08-14T05:20:04Z,222555,399900,399900,631
2026-08-14T05:20:04Z,222556,439500,439500,618
2026-08-14T05:20:04Z,222557,424400,424400,189
2026-08-14T05:20:04Z,222558,1157500,1157500,271
2026-08-14T05:20:04Z,222559,759100,759100,931
2026-08-14T05:20:04Z,222560,999900,999900,174
2026-08-14T05:20:04Z,222579,3365900,3366000,116
2026-08-14T05:20:04Z,222580,3008500,3131000,101
2026-08-14T05:20:04Z,222581,1061000,1614700,472
2026-08-14T05:20:04Z,222582,350000,2564800,66
2026-08-14T05:20:04Z,222583,2145500,2172600,114
2026-08-14T05:20:04Z,222584,660000,1960200,426
2026-08-14T05:20:04Z,222585,221000,221000,62
2026-08-14T05:20:04Z,222586,1800000,3195100,84
2026-08-14T05:20:04Z,222587,994700,2004900,443
2026-08-14T05:20:04Z,222588,107800,2628900,191
2026-08-14T05:20:04Z,222589,407500,3195100,53
2026-08-14T05:20:04Z,222590,2156500,2156500,305
2026-08-14T05:20:04Z,222591,210000,219900,146
2026-08-14T05:20:04Z,222592,509500,999600,121
2026-08-14T05:20:04Z,222593,1508900,1508900,298
2026-08-14T05:20:04Z,222594,945000,945000,139
2026-08-14T05:20:04Z,222595,2450000,3131000,109
2026-08-14T05:20:04Z,222596,1779900,2000000,398
2026-08-14T05:20:04Z,222597,750000,750000,25
2026-08-14T05:20:04Z,222598,7750000,7750000,17
2026-08-14T05:20:04Z,222599,8272600,8272600,70
2026-08-14T05:20:04Z,222600,37290000,37290000,10
2026-08-14T05:20:04Z,222601,9990000,9990000,23
2026-08-14T05:20:04Z,222602,3009900,3009900,23
2026-08-14T05:20:04Z,222603,199990000,199990000,27
2026-08-14T05:20:04Z,222604,2982000,22762500,42
2026-08-14T05:20:04Z,222605,3999500,3999500,93
2026-08-14T05:20:04Z,222606,680000,680000,40
2026-08-14T05:20:04Z,222607,9987500,9987500,25
2026-08-14T05:20:04Z,222608,8999800,8999900,10
2026-08-14T05:20:04Z,222609,179500,179500,1163
2026-08-14T05:20:04Z,222610,197500,199900,6911
2026-08-14T05:20:04Z,222611,637100,637100,303
2026-08-14T05:20:04Z,222612,219600,219600,4745
2026-08-14T05:20:04Z,222613,150000,150000,12211
2026-08-14T05:20:04Z,222614,250000,250000,2558
2026-08-14T05:20:04Z,222615,359900,380000,526
2026-08-14T05:20:04Z,222616,325600,329600,4066
2026-08-14T05:20:04Z,222617,900000,900000,173
2026-08-14T05:20:04Z,222618,24600,24600,7655
2026-08-14T05:20:04Z,222619,19900,26400,9466
2026-08-14T05:20:04Z,222620,85700,85700,3809
2026-08-14T05:20:04Z,222626,1500800,5000900,26
2026-08-14T05:20:04Z,222627,928900,928900,19
2026-08-14T05:20:04Z,222628,600000,600000,16
2026-08-14T05:20:04Z,222629,600000,600000,24
2026-08-14T05:20:04Z,222630,999000,999000,24
2026-08-14T05:20:04Z,222631,1869900,1870000,66
2026-08-14T05:20:04Z,222632,708600,708600,18
2026-08-14T05:20:04Z,222633,498300,498300,20
2026-08-14T05:20:04Z,222634,1712100,1712100,33
2026-08-14T05:20:04Z,222635,899900,899900,27
2026-08-14T05:20:04Z,222636,2999500,2999500,21
2026-08-14T05:20:04Z,222637,2000000,2000000,30
2026-08-14T05:20:04Z,222638,49989800,49989800,10
2026-08-14T05:20:04Z,222639,2778100,2778300,103
2026-08-14T05:20:04Z,222640,1553400,1553400,72
2026-08-14T05:20:04Z,222641,1450000,1450000,17
2026-08-14T05:20:04Z,222642,928900,49903400,21
2026-08-14T05:20:04Z,222643,2999300,2999300,31
2026-08-14T05:20:04Z,222644,1000000,1000000,24
2026-08-14T05:20:04Z,222645,3331000,49900000,20
2026-08-14T05:20:04Z,222646,2990000,2990000,52
2026-08-14T05:20:04Z,222654,1000000,1000000,292
2026-08-14T05:20:04Z,222655,480000,500000,172
2026-08-14T05:20:04Z,222656,400000,400000,226
2026-08-14T05:20:04Z,222657,49900,49900,226
2026-08-14T05:20:04Z,222658,80000,89200,80
2026-08-14T05:20:04Z,222659,64600,71800,99
2026-08-14T05:20:04Z,222660,85500,85500,218
2026-08-14T05:20:04Z,222661,110000,159200,589
2026-08-14T05:20:04Z,222663,1000000,1002300,46
2026-08-14T05:20:04Z,222664,1007800,1007800,130
2026-08-14T05:20:04Z,222665,1500000,1505800,78
2026-08-14T05:20:04Z,222666,200000,1001000,69
2026-08-14T05:20:04Z,222667,1207600,1207600,113
2026-08-14T05:20:04Z,222668,1120000,1125900,83
2026-08-14T05:20:04Z,222669,1500000,1500000,76
2026-08-14T05:20:04Z,222670,1505500,1505500,91
2026-08-14T05:20:04Z,222672,1509800,1509900,296
2026-08-14T05:20:04Z,222673,79900,79900,43
2026-08-14T05:20:04Z,222674,78900,19990100,31
2026-08-14T05:20:04Z,222675,89900,89900,313
2026-08-14T05:20:04Z,222676,157600,157600,501
2026-08-14T05:20:04Z,222677,60000,66500,164
2026-08-14T05:20:04Z,222678,70000,70000,300
2026-08-14T05:20:04Z,222679,1490000,1490000,289
2026-08-14T05:20:04Z,222681,249900,249900,150
2026-08-14T05:20:04Z,222682,2508000,2508000,144
2026-08-14T05:20:04Z,222683,2509200,2509200,77
2026-08-14T05:20:04Z,222684,284000,284000,158
2026-08-14T05:20:04Z,222685,1001100,1001100,43
2026-08-14T05:20:04Z,222686,1505500,1505500,75
2026-08-14T05:20:04Z,222687,1505500,1505500,50
2026-08-14T05:20:04Z,222688,1169000,1169000,93
2026-08-14T05:20:04Z,222695,300,300,10415
2026-08-14T05:20:04Z,222696,300,300,14397
2026-08-14T05:20:04Z,222697,200,200,25796
2026-08-14T05:20:04Z,222699,300,300,9953
2026-08-14T05:20:04Z,222700,1300,1300,15973
2026-08-14T05:20:04Z,222701,300,300,25758
2026-08-14T05:20:04Z,222702,105000,105000,118
2026-08-14T05:20:04Z,222703,8000,8800,1814
2026-08-14T05:20:04Z,222704,800,800,219
2026-08-14T05:20:04Z,222705,79200,80000,780
2026-08-14T05:20:04Z,222706,118900,118900,141
2026-08-14T05:20:04Z,222707,3700,3700,194
2026-08-14T05:20:04Z,222708,59500,59500,68
2026-08-14T05:20:04Z,222709,569000,569000,54
2026-08-14T05:20:04Z,222710,5300,5300,159
2026-08-14T05:20:04Z,222711,7500,7500,355
2026-08-14T05:20:04Z,222712,3400,3400,367
2026-08-14T05:20:04Z,222713,7000,7000,635
2026-08-14T05:20:04Z,222714,10000,10000,103
2026-08-14T05:20:04Z,222715,20000,20000,680
2026-08-14T05:20:04Z,222716,245500,245500,312
2026-08-14T05:20:04Z,222717,110000,110000,333
2026-08-14T05:20:04Z,222718,2069700,2069700,75
2026-08-14T05:20:04Z,222719,10000,10000,87
2026-08-14T05:20:04Z,222720,115000,115000,140
2026-08-14T05:20:04Z,222721,50000,50000,143
2026-08-14T05:20:04Z,222722,60000,60000,132
2026-08-14T05:20:04Z,222723,20000,20000,691
2026-08-14T05:20:04Z,222724,60000,60000,459
2026-08-14T05:20:04Z,222725,189500,189500,189
2026-08-14T05:20:04Z,222726,8100,8100,967
2026-08-14T05:20:04Z,222727,39600,39800,54
2026-08-14T05:20:04Z,222728,3500,3500,10110
2026-08-14T05:20:04Z,222729,34600,34900,57
2026-08-14T05:20:04Z,222730,23100,24900,447
2026-08-14T05:20:04Z,222731,500000,500000,8411
2026-08-14T05:20:04Z,222732,1350000,1350000,111
2026-08-14T05:20:04Z,222733,489400,609400,783
2026-08-14T05:20:04Z,222735,27600,27600,903
2026-08-14T05:20:04Z,222736,48600,48600,668
2026-08-14T05:20:04Z,222737,36100,38000,7362
2026-08-14T05:20:04Z,222738,1400,2900,12603
2026-08-14T05:20:04Z,222739,4600,4700,20896
2026-08-14T05:20:04Z,222741,55800,55800,35329
2026-08-14T05:20:04Z,222744,8500,8500,1653
2026-08-14T05:20:04Z,222745,68500,68500,7821
2026-08-14T05:20:04Z,222747,800000,800000,393
2026-08-14T05:20:04Z,222748,9980000,9980000,49
2026-08-14T05:20:04Z,222749,266700,266700,90
2026-08-14T05:20:04Z,222784,445800,445800,515
2026-08-14T05:20:04Z,222789,2000000,2000000,103
2026-08-14T05:20:04Z,222790,1099900,1099900,5280
2026-08-14T05:20:04Z,222791,2009200,2009200,443
2026-08-14T05:20:04Z,222792,350000,350000,1001
2026-08-14T05:20:04Z,222793,400000,400000,15512
2026-08-14T05:20:04Z,222794,440000,440000,2230
2026-08-14T05:20:04Z,222795,18800,18800,4039
2026-08-14T05:20:04Z,222796,22000,25000,61335
2026-08-14T05:20:04Z,222797,89900,89900,2414
2026-08-14T05:20:04Z,222798,3915800,3915800,158
2026-08-14T05:20:04Z,222799,1809500,1899500,1884
2026-08-14T05:20:04Z,222800,2349800,2349900,300
2026-08-14T05:20:04Z,222801,5980000,5980000,104
2026-08-14T05:20:04Z,222802,1509900,1509900,1188
2026-08-14T05:20:04Z,222803,1406000,1406500,344
2026-08-14T05:20:04Z,222804,98000,203400,24067
2026-08-14T05:20:04Z,222805,108000,115200,33663
2026-08-14T05:20:04Z,222806,95000,198200,24742
2026-08-14T05:20:04Z,222868,112700,112700,205
2026-08-14T05:20:04Z,222869,154100,154100,44
2026-08-14T05:20:04Z,222870,2889800,4576500,79
2026-08-14T05:20:04Z,222871,121000,121100,112
2026-08-14T05:20:04Z,222872,9761000,9761000,49
2026-08-14T05:20:04Z,222873,2001800,2001800,27
2026-08-14T05:20:04Z,222876,50500,50500,107
2026-08-14T05:20:04Z,222877,230000,230000,84
2026-08-14T05:20:04Z,222878,226100,226100,87
2026-08-14T05:20:04Z,222879,23300,23300,72
2026-08-14T05:20:04Z,222880,94800,234400,256
2026-08-14T05:20:04Z,222881,228200,228200,494
2026-08-14T05:20:04Z,222882,10200,10200,1071
2026-08-14T05:20:04Z,222883,140800,141100,495
2026-08-14T05:20:04Z,222884,176300,176300,182
2026-08-14T05:20:04Z,222885,89900,89900,117
2026-08-14T05:20:04Z,222886,159500,159500,309
2026-08-14T05:20:04Z,222887,634800,634800,227
2026-08-14T05:20:04Z,222888,500000,500000,36
2026-08-14T05:20:04Z,222889,622500,623000,86
2026-08-14T05:20:04Z,222890,3499900,3499900,180
2026-08-14T05:20:04Z,222891,2504400,2504400,5
2026-08-14T05:20:04Z,222892,5690000,5700000,10
2026-08-14T05:20:04Z,222893,4000000,4000000,339
2026-08-14T05:20:04Z,222894,1990000,1990000,73
2026-08-14T05:20:04Z,222895,6000000,6000000,10
2026-08-14T05:20:04Z,222896,556100,556100,14
2026-08-14T05:20:04Z,222906,5000000,5000000,11
2026-08-14T05:20:04Z,223512,500,700,117581
2026-08-14T05:20:04Z,223618,3003000,3003000,9
2026-08-14T05:20:04Z,223649,779900,779900,15
2026-08-14T05:20:04Z,223650,4440000,4440000,232
2026-08-14T05:20:04Z,223651,10005900,14005900,12
2026-08-14T05:20:04Z,223652,4500000,4900000,44
2026-08-14T05:20:04Z,223653,3200000,3200000,1809
2026-08-14T05:20:04Z,223654,6000000,6000000,11
2026-08-14T05:20:04Z,223655,1900000,1900000,44
2026-08-14T05:20:04Z,223656,8516600,8516600,120
2026-08-14T05:20:04Z,223657,52200,52200,77
2026-08-14T05:20:04Z,223658,499900,499900,23
2026-08-14T05:20:04Z,223659,155000,155000,309
2026-08-14T05:20:04Z,223660,1499600,1509600,27
2026-08-14T05:20:04Z,223661,3410000,3410000,52
2026-08-14T05:20:04Z,223662,6300000,6300000,313
2026-08-14T05:20:04Z,223663,52800,52800,387
2026-08-14T05:20:04Z,223664,240000,240000,64
2026-08-14T05:20:04Z,223665,330000,330000,109
2026-08-14T05:20:04Z,223666,52000,52000,116
2026-08-14T05:20:04Z,223667,80000,80000,20
2026-08-14T05:20:04Z,223668,939500,939500,85
2026-08-14T05:20:04Z,223669,51300,51300,41
2026-08-14T05:20:04Z,223670,470000,470000,33
2026-08-14T05:20:04Z,223671,520000,520000,70
2026-08-14T05:20:04Z,223672,2999800,2999800,80
2026-08-14T05:20:04Z,223673,15004800,15004800,49
2026-08-14T05:20:04Z,223674,5003900,5003900,73
2026-08-14T05:20:04Z,223675,650000,650000,25
2026-08-14T05:20:04Z,223676,1349600,1349600,36
2026-08-14T05:20:04Z,223677,4200000,4200000,146
2026-08-14T05:20:04Z,223678,2998700,2998700,20
2026-08-14T05:20:04Z,223679,3410000,3410000,32
2026-08-14T05:20:04Z,223680,6200000,6200000,155
2026-08-14T05:20:04Z,223681,189989900,189989900,6
2026-08-14T05:20:04Z,223682,90000000,90000000,9
2026-08-14T05:20:04Z,223683,20000000,20000000,117
2026-08-14T05:20:04Z,223684,1900000,1950000,26
2026-08-14T05:20:04Z,223685,5006800,5006800,27
2026-08-14T05:20:04Z,223686,15008800,15008800,194
2026-08-14T05:20:04Z,223687,74968200,74968200,11
2026-08-14T05:20:04Z,223688,14000000,14000000,30
2026-08-14T05:20:04Z,223689,9999900,9999900,171
2026-08-14T05:20:04Z,223690,133330600,133330600,9
2026-08-14T05:20:04Z,223691,41000300,41000300,12
2026-08-14T05:20:04Z,223692,6420000,6420000,88
2026-08-14T05:20:04Z,223693,2000600,5510600,10
2026-08-14T05:20:04Z,223694,1225300,1225300,25
2026-08-14T05:20:04Z,223695,15545300,15545300,41
2026-08-14T05:20:04Z,223696,7500000,7500000,12
2026-08-14T05:20:04Z,223697,2085100,3015100,24
2026-08-14T05:20:04Z,223698,8422100,8422100,65
2026-08-14T05:20:04Z,223699,1990700,1990700,21
2026-08-14T05:20:04Z,223700,2470000,2470000,25
2026-08-14T05:20:04Z,223701,4809600,4809600,332
2026-08-14T05:20:04Z,223702,5000000,5000000,11
2026-08-14T05:20:04Z,223703,39909900,39909900,15
2026-08-14T05:20:04Z,223704,4490000,4490000,93
2026-08-14T05:20:04Z,223705,3338600,3338600,19
2026-08-14T05:20:04Z,223706,2332000,6600000,36
2026-08-14T05:20:04Z,223707,4739800,4739800,86
2026-08-14T05:20:04Z,223708,50500,50500,34
2026-08-14T05:20:04Z,223709,790000,39905000,14
2026-08-14T05:20:04Z,223710,370000,370000,69
2026-08-14T05:20:04Z,223711,8999900,8999900,8
2026-08-14T05:20:04Z,223712,2702600,2702600,15
2026-08-14T05:20:04Z,223713,2505000,2505000,89
2026-08-14T05:20:04Z,223714,51500,51500,38
2026-08-14T05:20:04Z,223715,85000,85000,20
2026-08-14T05:20:04Z,223716,430000,430000,103
2026-08-14T05:20:04Z,223717,22220000,32220000,13
2026-08-14T05:20:04Z,223718,2200000,2200000,34
2026-08-14T05:20:04Z,223719,9450000,9450000,66
2026-08-14T05:20:04Z,223720,53100,53100,53
2026-08-14T05:20:04Z,223721,160000,160000,53
2026-08-14T05:20:04Z,223722,415500,415500,110
2026-08-14T05:20:04Z,223723,1280000,1280000,17
2026-08-14T05:20:04Z,223724,2000000,2000000,28
2026-08-14T05:20:04Z,223725,7755500,7755500,26
2026-08-14T05:20:04Z,223726,50000,50000,25
2026-08-14T05:20:04Z,223727,1800000,39998900,23
2026-08-14T05:20:04Z,223728,709300,709300,107
2026-08-14T05:20:04Z,223729,1000000,3558500,30
2026-08-14T05:20:04Z,223730,779900,779900,24
2026-08-14T05:20:04Z,223731,1000000,9500000,121
2026-08-14T05:20:04Z,223732,57800,57800,44
2026-08-14T05:20:04Z,223733,449300,449300,22
2026-08-14T05:20:04Z,223734,399500,399500,114
2026-08-14T05:20:04Z,223735,6009500,6009500,10
2026-08-14T05:20:04Z,223736,4500000,4500000,12
2026-08-14T05:20:04Z,223737,12795500,12795500,65
2026-08-14T05:20:04Z,223738,63300,68900,24
2026-08-14T05:20:04Z,223739,249900,249900,28
2026-08-14T05:20:04Z,223740,594000,600000,41
2026-08-14T05:20:04Z,223741,140000,25008700,32
2026-08-14T05:20:04Z,223742,119900,25009900,33
2026-08-14T05:20:04Z,223743,120000,25009900,31
2026-08-14T05:20:04Z,223744,130000,25000000,32
2026-08-14T05:20:04Z,223745,490000,500000,31
2026-08-14T05:20:04Z,223746,180000,180000,45
2026-08-14T05:20:04Z,223747,4006800,5506800,34
2026-08-14T05:20:04Z,223748,14250000,15000000,12
2026-08-14T05:20:04Z,223749,9200000,9900000,21
2026-08-14T05:20:04Z,223750,12999900,12999900,12
2026-08-14T05:20:04Z,223751,50200,50200,54
2026-08-14T05:20:04Z,223752,684300,684300,155
2026-08-14T05:20:04Z,223753,4400000,4400000,51
2026-08-14T05:20:04Z,223754,199500000,199500000,11
2026-08-14T05:20:04Z,223755,89500,89500,105
2026-08-14T05:20:04Z,223756,12642800,12642800,92
2026-08-14T05:20:04Z,223757,988700,989200,57
2026-08-14T05:20:04Z,223758,2200000,2200000,11
2026-08-14T05:20:04Z,223759,7500000,7500000,89
2026-08-14T05:20:04Z,223760,225100,225100,183
2026-08-14T05:20:04Z,223761,4334500,4334500,36
2026-08-14T05:20:04Z,223762,4417800,4417800,200
2026-08-14T05:20:04Z,223763,870000,870000,35
2026-08-14T05:20:04Z,223764,4762500,4762500,18
2026-08-14T05:20:04Z,223765,3500000,3500000,53
2026-08-14T05:20:04Z,223766,120000,120000,29
2026-08-14T05:20:04Z,223767,4998900,4998900,24
2026-08-14T05:20:04Z,223768,7651000,7651000,116
2026-08-14T05:20:04Z,223770,8775000,14495100,20
2026-08-14T05:20:04Z,223771,7901500,7901500,12
2026-08-14T05:20:04Z,223772,6500000,6500000,30
2026-08-14T05:20:04Z,223773,1067000,1067000,38
2026-08-14T05:20:04Z,223774,2300000,2300000,19
2026-08-14T05:20:04Z,223775,10925700,10925700,133
2026-08-14T05:20:04Z,223776,30006400,30006400,33
2026-08-14T05:20:04Z,223777,10884400,10884400,21
2026-08-14T05:20:04Z,223778,3509900,3509900,104
2026-08-14T05:20:04Z,223779,6459000,6459000,14
2026-08-14T05:20:04Z,223780,4399900,4399900,36
2026-08-14T05:20:04Z,223781,6741900,6741900,126
2026-08-14T05:20:04Z,223782,7990000,7990000,15
2026-08-14T05:20:04Z,223783,5300000,5300000,25
2026-08-14T05:20:04Z,223784,8792400,8792400,226
2026-08-14T05:20:04Z,223785,1003800,39901500,11
2026-08-14T05:20:04Z,223786,3300000,3300000,26
2026-08-14T05:20:04Z,223787,8890000,8890000,64
2026-08-14T05:20:04Z,223788,8000000,8000000,22
2026-08-14T05:20:04Z,223789,2000000,2000000,25
2026-08-14T05:20:04Z,223790,8498800,8498800,97
2026-08-14T05:20:04Z,223791,2380600,2380600,12
2026-08-14T05:20:04Z,223792,39998100,39998100,27
2026-08-14T05:20:04Z,223793,7000000,7000000,71
2026-08-14T05:20:04Z,223794,24199900,24199900,24
2026-08-14T05:20:04Z,223795,830000,830000,14
2026-08-14T05:20:04Z,223796,9900000,9900000,42
2026-08-14T05:20:04Z,223798,178125000,178125000,6
2026-08-14T05:20:04Z,223799,61256300,61256300,7
2026-08-14T05:20:04Z,223800,26004700,26004700,43
2026-08-14T05:20:04Z,223893,15500,15500,45
2026-08-14T05:20:04Z,223897,23339600,23339600,2
2026-08-14T05:20:04Z,223898,280000,280000,25
2026-08-14T05:20:04Z,223899,290008800,290008800,1
2026-08-14T05:20:04Z,223900,850000,850000,28
2026-08-14T05:20:04Z,223967,9800000,9800000,968
2026-08-14T05:20:04Z,223968,407000,407000,436
2026-08-14T05:20:04Z,223969,200000,200000,7380
2026-08-14T05:20:04Z,223970,694600,9984600,50
2026-08-14T05:20:04Z,223971,237600,237600,9508
2026-08-14T05:20:04Z,223972,249900,249900,1293
2026-08-14T05:20:04Z,223973,299900,299900,759
2026-08-14T05:20:04Z,223974,149600,169600,5312
2026-08-14T05:20:04Z,223975,247300,247300,615
2026-08-14T05:20:04Z,223976,199900,199900,734
2026-08-14T05:20:04Z,223977,9600,9600,10352
2026-08-14T05:20:04Z,223979,9970000,9970000,21
2026-08-14T05:20:04Z,224105,58900,58900,346
2026-08-14T05:20:04Z,224106,28800,28800,572
2026-08-14T05:20:04Z,224107,29500,29500,2633
2026-08-14T05:20:04Z,224108,985000,985000,313
2026-08-14T05:20:04Z,224109,400000,400000,2326
2026-08-14T05:20:04Z,224110,400000,400000,497
2026-08-14T05:20:04Z,224111,30000,30000,90
2026-08-14T05:20:04Z,224112,5003100,5003100,74
2026-08-14T05:20:04Z,224113,3000100,3000100,38
2026-08-14T05:20:04Z,224153,30000000,30000000,10
2026-08-14T05:20:04Z,224154,200000,200000,28
2026-08-14T05:20:04Z,224155,299400,299900,40
2026-08-14T05:20:04Z,224173,777400,777400,41
2026-08-14T05:20:04Z,224174,394500,415200,116
2026-08-14T05:20:04Z,224175,1566200,1566200,72
2026-08-14T05:20:04Z,224176,1100000,1100000,842
2026-08-14T05:20:04Z,224177,564600,564600,272
2026-08-14T05:20:04Z,224178,436800,437400,206
2026-08-14T05:20:04Z,224300,50000,50000,21
2026-08-14T05:20:04Z,224301,255000,39900000,19
2026-08-14T05:20:04Z,224302,79700,79700,24
2026-08-14T05:20:04Z,224303,230000,230000,14
2026-08-14T05:20:04Z,224304,39906600,39906600,6
2026-08-14T05:20:04Z,224305,215700,215700,103
2026-08-14T05:20:04Z,224306,338100,338200,25
2026-08-14T05:20:04Z,224307,980000,980000,17
2026-08-14T05:20:04Z,224308,1114700,1114700,35
2026-08-14T05:20:04Z,224309,100000,100000,28
2026-08-14T05:20:04Z,224310,49500,66200,34
2026-08-14T05:20:04Z,224311,249000,39900000,26
2026-08-14T05:20:04Z,224312,50000,50000,17
2026-08-14T05:20:04Z,224313,863400,39991700,17
2026-08-14T05:20:04Z,224314,608000,608000,181
2026-08-14T05:20:04Z,224315,1156000,1156000,46
2026-08-14T05:20:04Z,224316,45200,45200,48
2026-08-14T05:20:04Z,224317,49800,39990000,17
2026-08-14T05:20:04Z,224318,255000,39906600,18
2026-08-14T05:20:04Z,224319,1275000,1275000,24
2026-08-14T05:20:04Z,224320,420800,420800,34
2026-08-14T05:20:04Z,224321,298000,39900000,19
2026-08-14T05:20:04Z,224322,289800,39908700,21
2026-08-14T05:20:04Z,224323,2880600,2880700,23
2026-08-14T05:20:04Z,224324,681400,681400,36
2026-08-14T05:20:04Z,224325,650000,650000,12
2026-08-14T05:20:04Z,224326,410000,39905400,28
2026-08-14T05:20:04Z,224327,5299800,5299800,17
2026-08-14T05:20:04Z,224328,703400,703400,13
2026-08-14T05:20:04Z,224329,820000,820000,30
2026-08-14T05:20:04Z,224330,504900,674300,30
2026-08-14T05:20:04Z,224331,160000,180000,19
2026-08-14T05:20:04Z,224332,2700000,2700000,24
2026-08-14T05:20:04Z,224333,679900,682900,30
2026-08-14T05:20:04Z,224334,90000,90000,13
2026-08-14T05:20:04Z,224335,752700,752700,13
2026-08-14T05:20:04Z,224336,680000,681400,15
2026-08-14T05:20:04Z,224337,1129800,39994400,23
2026-08-14T05:20:04Z,224338,250000,250000,12
2026-08-14T05:20:04Z,224339,500300,39990000,28
2026-08-14T05:20:04Z,224340,499800,39900000,27
2026-08-14T05:20:04Z,224341,702500,702500,10
2026-08-14T05:20:04Z,224342,489100,489100,65
2026-08-14T05:20:04Z,224343,6200000,6200000,57
2026-08-14T05:20:04Z,224344,681400,681400,76
2026-08-14T05:20:04Z,224345,702500,39992900,37
2026-08-14T05:20:04Z,224346,779500,39999900,12
2026-08-14T05:20:04Z,224347,340000,370000,17
2026-08-14T05:20:04Z,224348,2763100,2763100,75
2026-08-14T05:20:04Z,224349,3950000,3950000,32
2026-08-14T05:20:04Z,224350,1004000,1004000,28
2026-08-14T05:20:04Z,224351,3950000,3950000,90
2026-08-14T05:20:04Z,224352,3950000,3950000,34
2026-08-14T05:20:04Z,224353,3950000,3950000,30
2026-08-14T05:20:04Z,224354,3950000,3950000,20
2026-08-14T05:20:04Z,224355,3950000,3950000,24
2026-08-14T05:20:04Z,224356,39990000,39990000,37
2026-08-14T05:20:04Z,224357,3950000,3950000,22
2026-08-14T05:20:04Z,224358,3950000,3950000,27
2026-08-14T05:20:04Z,224359,3950000,3950000,54
2026-08-14T05:20:04Z,224360,1109800,1109800,35
2026-08-14T05:20:04Z,224361,3950000,3950000,35
2026-08-14T05:20:04Z,224362,1495300,1495300,267
2026-08-14T05:20:04Z,224363,3950000,3950000,25
2026-08-14T05:20:04Z,224364,2000000,2000000,57
2026-08-14T05:20:04Z,224365,3950000,3950000,69
2026-08-14T05:20:04Z,224366,3950000,39320300,338
2026-08-14T05:20:04Z,224367,2714100,2714100,385
2026-08-14T05:20:04Z,224368,3000000,3000000,175
2026-08-14T05:20:04Z,224369,4272400,4272400,84
2026-08-14T05:20:04Z,224370,2025900,2204200,240
2026-08-14T05:20:04Z,224371,2384300,2384300,22
2026-08-14T05:20:04Z,224440,15400,15400,2076
2026-08-14T05:20:04Z,224441,9000,9000,194
2026-08-14T05:20:04Z,224442,100000,5000000,829
2026-08-14T05:20:04Z,224572,349900,510000,925
2026-08-14T05:20:04Z,224762,30000,9905400,46
2026-08-14T05:20:04Z,224764,700,700,156424
2026-08-14T05:20:04Z,224800,80000,80000,2267
2026-08-14T05:20:04Z,224801,14900,14900,11542
2026-08-14T05:20:04Z,224802,14300,14300,7170
2026-08-14T05:20:04Z,224803,890000,890000,713
2026-08-14T05:20:04Z,224804,9600,9600,4550
2026-08-14T05:20:04Z,224805,7700,7700,9230
2026-08-14T05:20:04Z,224824,710000,900000,362
2026-08-14T05:20:04Z,224826,249000,259700,761
2026-08-14T05:20:04Z,224828,52500,70000,13878
2026-08-14T05:20:04Z,224832,260000,260000,4623
2026-08-14T05:20:04Z,224833,185100,185100,7400
2026-08-14T05:20:04Z,224834,200000,340000,3282
2026-08-14T05:20:04Z,225241,390000,7649900,71
2026-08-14T05:20:04Z,225242,10900,10900,68
2026-08-14T05:20:04Z,225253,9993400,9993400,27
2026-08-14T05:20:04Z,225416,49000600,49000600,20
2026-08-14T05:20:04Z,225417,6165800,49005800,14
2026-08-14T05:20:04Z,225418,25676400,49006400,21
2026-08-14T05:20:04Z,225419,15160100,49000100,20
2026-08-14T05:20:04Z,225420,49000600,49000600,20
2026-08-14T05:20:04Z,225421,29160300,49000300,11
2026-08-14T05:20:04Z,225422,49009900,49009900,25
2026-08-14T05:20:04Z,225423,49009900,49009900,21
2026-08-14T05:20:04Z,225424,4079500,49009500,25
2026-08-14T05:20:04Z,225425,49000600,49000600,20
2026-08-14T05:20:04Z,225426,4440300,4440300,3
2026-08-14T05:20:04Z,225427,1257900,49007900,22
2026-08-14T05:20:04Z,225428,49009900,49009900,18
2026-08-14T05:20:04Z,225429,49009900,49009900,24
2026-08-14T05:20:04Z,225430,290000600,290000600,1
2026-08-14T05:20:04Z,225543,290003900,290003900,1
2026-08-14T05:20:04Z,225565,900,1400,21254
2026-08-14T05:20:04Z,225566,700,1000,9271
2026-08-14T05:20:04Z,225567,1200,6300,22668
2026-08-14T05:20:04Z,225568,2100,5100,7597
2026-08-14T05:20:04Z,225569,500,700,24529
2026-08-14T05:20:04Z,225592,19900,19900,1215
2026-08-14T05:20:04Z,225670,1000,1100,25525
2026-08-14T05:20:04Z,225671,2700,3500,1481
2026-08-14T05:20:04Z,225672,990000,990000,1768
2026-08-14T05:20:04Z,225768,4500000,4800000,73
2026-08-14T05:20:04Z,225784,222800,222800,78
2026-08-14T05:20:04Z,225785,990000,49000000,28
2026-08-14T05:20:04Z,225786,49009800,49009800,15
2026-08-14T05:20:04Z,225787,49009800,49009800,14
2026-08-14T05:20:04Z,225788,290001100,290001100,1
2026-08-14T05:20:04Z,225789,1500003300,1500003300,2
2026-08-14T05:20:04Z,225790,2990000,49000000,21
2026-08-14T05:20:04Z,225791,190000,190000,19
2026-08-14T05:20:04Z,225792,49009800,49009800,17
2026-08-14T05:20:04Z,225793,280000000,280000000,1
2026-08-14T05:20:04Z,225794,290006600,290006600,1
2026-08-14T05:20:04Z,225795,49009500,49009500,20
2026-08-14T05:20:04Z,225796,49000600,49000600,20
2026-08-14T05:20:04Z,225797,1500000500,1500000500,2
2026-08-14T05:20:04Z,225798,5500001600,5500001600,1
2026-08-14T05:20:04Z,225799,5500008900,5500008900,1
2026-08-14T05:20:04Z,225800,290005800,290005800,1
2026-08-14T05:20:04Z,225801,49000000,49000000,35
2026-08-14T05:20:04Z,225802,49001100,49001100,25
2026-08-14T05:20:04Z,225803,700000,1509300,35
2026-08-14T05:20:04Z,225804,49000000,49000000,22
2026-08-14T05:20:04Z,225807,2000000,49000000,26
2026-08-14T05:20:04Z,225809,49002000,49002000,27
2026-08-14T05:20:04Z,225810,48000000,48000000,15
2026-08-14T05:20:04Z,225811,290008900,290008900,1
2026-08-14T05:20:04Z,225812,290009500,290009500,1
2026-08-14T05:20:04Z,225813,48900000,49000000,27
2026-08-14T05:20:04Z,225814,429900,429900,36
2026-08-14T05:20:04Z,225815,31500000,49000000,28
2026-08-14T05:20:04Z,225816,49009200,49009200,20
2026-08-14T05:20:04Z,225817,47001900,49001900,16
2026-08-14T05:20:04Z,225818,290008800,290008800,1
2026-08-14T05:20:04Z,225819,290005100,290005100,1
2026-08-14T05:20:04Z,225820,450000,49000000,27
2026-08-14T05:20:04Z,225821,5006900,49006900,27
2026-08-14T05:20:04Z,225822,49007000,49007000,21
2026-08-14T05:20:04Z,225823,49009800,49009800,18
2026-08-14T05:20:04Z,225824,1500009800,1500009800,2
2026-08-14T05:20:04Z,225825,290009400,290009400,1
2026-08-14T05:20:04Z,225826,290009100,290009100,1
2026-08-14T05:20:04Z,225827,49000000,49006600,27
2026-08-14T05:20:04Z,225828,49001700,49001700,12
2026-08-14T05:20:04Z,225829,2500000,49000000,21
2026-08-14T05:20:04Z,225830,49009900,49009900,26
2026-08-14T05:20:04Z,225831,49009500,49009500,21
2026-08-14T05:20:04Z,225832,49009800,49009800,11
2026-08-14T05:20:04Z,225833,49009900,49009900,26
2026-08-14T05:20:04Z,225834,290001400,290001400,1
2026-08-14T05:20:04Z,225835,290008400,290008400,1
2026-08-14T05:20:04Z,225836,100000,49009900,34
2026-08-14T05:20:04Z,225837,45009100,45009100,26
2026-08-14T05:20:04Z,225839,49009800,49009800,15
2026-08-14T05:20:04Z,225840,49002800,49002800,12
2026-08-14T05:20:04Z,225841,290007300,290007300,1
2026-08-14T05:20:04Z,225842,290009400,290009400,1
2026-08-14T05:20:04Z,225843,9990000,9990000,30
2026-08-14T05:20:04Z,225844,1000000,49000000,29
2026-08-14T05:20:04Z,225845,10000000,49000000,26
2026-08-14T05:20:04Z,225846,48999900,48999900,20
2026-08-14T05:20:04Z,225847,290004400,290004400,1
2026-08-14T05:20:04Z,225848,290005200,290005200,1
2026-08-14T05:20:04Z,225849,213000,49003000,26
2026-08-14T05:20:04Z,225850,99900,49009700,28
2026-08-14T05:20:04Z,225852,1989000,49009000,18
2026-08-14T05:20:04Z,225853,290000200,290000200,1
2026-08-14T05:20:04Z,225854,290005800,290005800,3
2026-08-14T05:20:04Z,225875,35001400,49001400,19
2026-08-14T05:20:04Z,225876,15400,15400,4553
2026-08-14T05:20:04Z,225877,49999600,49999600,2
2026-08-14T05:20:04Z,225878,290002000,290002000,1
2026-08-14T05:20:04Z,225879,290008400,290008400,1
2026-08-14T05:20:04Z,225883,690000,690000,1370
2026-08-14T05:20:04Z,225911,2900,805000,16510
2026-08-14T05:20:04Z,225912,8400,9000,1483
2026-08-14T05:20:04Z,225987,150700,150700,198
2026-08-14T05:20:04Z,225988,146000,146000,189
2026-08-14T05:20:04Z,225989,996000,9989800,54
2026-08-14T05:20:04Z,225996,36200,36200,257
2026-08-14T05:20:04Z,226022,199000000,199000000,4
2026-08-14T05:20:04Z,226023,54744900,54744900,7
2026-08-14T05:20:04Z,226024,1653900,1653900,27
2026-08-14T05:20:04Z,226025,150000000,150000000,11
2026-08-14T05:20:04Z,226026,19800500,19800500,11
2026-08-14T05:20:04Z,226027,18000000,18000000,10
2026-08-14T05:20:04Z,226028,16660000,16660000,6
2026-08-14T05:20:04Z,226029,44587400,44587400,9
2026-08-14T05:20:04Z,226030,18639200,18639200,78
2026-08-14T05:20:04Z,226031,99989900,99989900,18
2026-08-14T05:20:04Z,226032,4975000,4975000,22
2026-08-14T05:20:04Z,226033,6596500,8000000,34
2026-08-14T05:20:04Z,226034,110000,110000,162
2026-08-14T05:20:04Z,226035,505900,505900,10
2026-08-14T05:20:04Z,226036,999900,3057600,54
2026-08-14T05:20:04Z,226037,21300,21300,37398
2026-08-14T05:20:04Z,226202,1000,1000,18132
2026-08-14T05:20:04Z,226204,500,500,18224
2026-08-14T05:20:04Z,226205,500,500,102229
2026-08-14T05:20:04Z,226232,79900,79900,46
2026-08-14T05:20:04Z,226233,70100,900100,49
2026-08-14T05:20:04Z,226234,996200,9990000,28
2026-08-14T05:20:04Z,226235,1908600,9996800,26
2026-08-14T05:20:04Z,226236,4509400,9999700,26
2026-08-14T05:20:04Z,226237,7399500,9999500,26
2026-08-14T05:20:04Z,226238,9990000,9990000,23
2026-08-14T05:20:04Z,226524,499999800,499999800,5
2026-08-14T05:20:04Z,226681,1000000,1000000,6226
2026-08-14T05:20:04Z,226692,600000,600000,38
2026-08-14T05:20:04Z,226811,185700,185700,92
2026-08-14T05:20:04Z,227272,20000,20000,96
2026-08-14T05:20:04Z,227273,400000,400000,62
2026-08-14T05:20:04Z,227274,9908900,9908900,245
2026-08-14T05:20:04Z,227275,52600,88300,268
2026-08-14T05:20:04Z,227297,9990000,9990000,213
2026-08-14T05:20:04Z,227298,110000,110000,193
2026-08-14T05:20:04Z,227299,9909900,9909900,101
2026-08-14T05:20:04Z,227300,9990000,9990000,133
2026-08-14T05:20:04Z,227301,13300,15000,157
2026-08-14T05:20:04Z,227302,15000,15000,109
2026-08-14T05:20:04Z,227303,107000,107000,169
2026-08-14T05:20:04Z,227304,9863200,9863200,108
2026-08-14T05:20:04Z,227305,12100,12100,207
2026-08-14T05:20:04Z,227306,92000,92000,108
2026-08-14T05:20:04Z,227307,9900000,9900000,33
2026-08-14T05:20:04Z,227308,9801000,9801000,25
2026-08-14T05:20:04Z,227309,409500,409500,159
2026-08-14T05:20:04Z,227310,35000,35000,74
2026-08-14T05:20:04Z,227311,452300,452300,309
2026-08-14T05:20:04Z,227312,5175000,5175000,105
2026-08-14T05:20:04Z,227313,9905500,9905500,40
2026-08-14T05:20:04Z,227314,127800,127800,89
2026-08-14T05:20:04Z,227315,9658300,9658300,254
2026-08-14T05:20:04Z,227316,9907300,9907300,66
2026-08-14T05:20:04Z,227317,3000,3000,329
2026-08-14T05:20:04Z,227318,10700,10700,401
2026-08-14T05:20:04Z,227319,58900,103300,211
2026-08-14T05:20:04Z,227320,9992700,9992700,184
2026-08-14T05:20:04Z,227321,188900,188900,177
2026-08-14T05:20:04Z,227322,109800,109800,248
2026-08-14T05:20:04Z,227323,290000,290000,173
2026-08-14T05:20:04Z,227324,499999800,499999800,13
2026-08-14T05:20:04Z,227325,1900,1900,171
2026-08-14T05:20:04Z,227326,8500,8500,369
2026-08-14T05:20:04Z,227327,2500,5600,445
2026-08-14T05:20:04Z,227328,197900,197900,291
2026-08-14T05:20:04Z,227329,409800,509800,85
2026-08-14T05:20:04Z,227330,22400,22400,81
2026-08-14T05:20:04Z,227331,99900,99900,128
2026-08-14T05:20:04Z,227332,60000,60000,1084
2026-08-14T05:20:04Z,227333,499900,499900,138
2026-08-14T05:20:04Z,227334,302100,9902100,43
2026-08-14T05:20:04Z,227335,91100,91100,68
2026-08-14T05:20:04Z,227336,248400,248400,58
2026-08-14T05:20:04Z,227769,1000,8800,216077
2026-08-14T05:20:04Z,227770,24500000,24990000,645
2026-08-14T05:20:04Z,227771,750000,4299900,8156
2026-08-14T05:20:04Z,227772,4000000,4250000,1893
2026-08-14T05:20:04Z,227773,123540000,123540000,310
2026-08-14T05:20:04Z,227774,1699999900,1700000000,10
2026-08-14T05:20:04Z,228099,10000,10000,155
2026-08-14T05:20:04Z,228194,7000000,7000000,24
2026-08-14T05:20:04Z,228195,260000,700000,46
2026-08-14T05:20:04Z,228231,63500,77900,8408
2026-08-14T05:20:04Z,228232,100000,120400,5312
2026-08-14T05:20:04Z,228233,778000,929800,3238
2026-08-14T05:20:04Z,228234,998000,1349200,944
2026-08-14T05:20:04Z,228235,210000,260000,1054
2026-08-14T05:20:04Z,228236,201700,269200,4165
2026-08-14T05:20:04Z,228368,1386300,1386300,64
2026-08-14T05:20:04Z,228386,48859900,48859900,27
2026-08-14T05:20:04Z,228387,11500,49001500,29
2026-08-14T05:20:04Z,228388,999900,999900,7
2026-08-14T05:20:04Z,228390,49000000,49000000,25
2026-08-14T05:20:04Z,228391,1000000,49000000,29
2026-08-14T05:20:04Z,228392,10100,49000100,28
2026-08-14T05:20:04Z,228393,11500,11500,33
2026-08-14T05:20:04Z,228394,499900,49009900,25
2026-08-14T05:20:04Z,228395,49000100,49000100,25
2026-08-14T05:20:04Z,228396,49000100,49000100,25
2026-08-14T05:20:04Z,228398,1319900,49009900,26
2026-08-14T05:20:04Z,228399,49005400,49005400,21
2026-08-14T05:20:04Z,228400,4500000,49000000,24
2026-08-14T05:20:04Z,228401,68800,450000,674
2026-08-14T05:20:04Z,228402,226500,226500,212
2026-08-14T05:20:04Z,228403,293400,293400,83
2026-08-14T05:20:04Z,228404,11800,11800,190
2026-08-14T05:20:04Z,228405,1590000,1599900,80
2026-08-14T05:20:04Z,228406,500000,500000,60
2026-08-14T05:20:04Z,228414,8000,8000,3704
2026-08-14T05:20:04Z,228429,1500000100,1500000100,1
2026-08-14T05:20:04Z,228430,49001200,49001200,23
2026-08-14T05:20:04Z,228452,290005100,290005100,2
2026-08-14T05:20:04Z,228453,990003800,990003800,1
2026-08-14T05:20:04Z,228454,49003800,49003800,20
2026-08-14T05:20:04Z,228455,290000100,290000100,1
2026-08-14T05:20:04Z,228456,49007600,49007600,15
2026-08-14T05:20:04Z,228458,290000100,290000100,1
2026-08-14T05:20:04Z,228481,49003800,49003800,20
2026-08-14T05:20:04Z,228482,49003800,49003800,22
2026-08-14T05:20:04Z,228483,49006000,49006000,20
2026-08-14T05:20:04Z,228485,49003800,49003800,25
2026-08-14T05:20:04Z,228487,49003800,49003800,20
2026-08-14T05:20:04Z,228488,32007600,49007600,21
2026-08-14T05:20:04Z,228489,290005100,290005100,1
2026-08-14T05:20:04Z,228491,499999800,499999800,5
2026-08-14T05:20:04Z,228492,54300,54300,87
2026-08-14T05:20:04Z,228493,50000,50000,506
2026-08-14T05:20:04Z,228494,499999800,499999800,25
2026-08-14T05:20:04Z,228496,17770000,17770000,2
2026-08-14T05:20:04Z,228497,17770000,17770000,2
2026-08-14T05:20:04Z,228507,6800,6800,77
2026-08-14T05:20:04Z,228509,19100,19100,66
2026-08-14T05:20:04Z,228510,300700,360700,51
2026-08-14T05:20:04Z,228608,5004600,5004600,1
2026-08-14T05:20:04Z,228609,5003800,5003800,1
2026-08-14T05:20:04Z,228720,49005100,49005100,20
2026-08-14T05:20:04Z,228723,49007600,49007600,9
2026-08-14T05:20:04Z,228921,109900,109900,336
2026-08-14T05:20:04Z,228930,400,400,42824
2026-08-14T05:20:04Z,228953,9994400,9994400,29
2026-08-14T05:20:04Z,228956,40700,40700,1077
2026-08-14T05:20:04Z,228990,9508000,9508000,29
2026-08-14T05:20:04Z,229388,10000,10100,2369
2026-08-14T05:20:04Z,229413,345000000,345000000,8
2026-08-14T05:20:04Z,229809,58300,59300,48
2026-08-14T05:20:04Z,230285,70500,70600,4878
2026-08-14T05:20:04Z,231899,9996600,9996600,26
2026-08-14T05:20:04Z,232005,210000,210000,49
2026-08-14T05:20:04Z,232006,8600,10000,62
2026-08-14T05:20:04Z,232007,9890500,9890500,25
2026-08-14T05:20:04Z,232009,1500000,9990000,49
2026-08-14T05:20:04Z,232011,5670000,6299900,308
2026-08-14T05:20:04Z,232374,330000,330000,296
2026-08-14T05:20:04Z,232375,9909900,9909900,61
2026-08-14T05:20:04Z,232376,1200000,1200000,55
2026-08-14T05:20:04Z,232377,8009900,8009900,122
2026-08-14T05:20:04Z,232378,450000,452100,126
2026-08-14T05:20:04Z,232380,9907600,9907600,47
2026-08-14T05:20:04Z,232385,450000,450000,279
2026-08-14T05:20:04Z,232521,8499900,8499900,22
2026-08-14T05:20:04Z,232532,300000,300000,12
2026-08-14T05:20:04Z,232533,2000000,9900000,45
2026-08-14T05:20:04Z,232534,4805200,4805200,11
2026-08-14T05:20:04Z,232632,1000000,1000000,765
2026-08-14T05:20:04Z,232633,250000,4000000,369
2026-08-14T05:20:04Z,232634,5000000,5000000,8
2026-08-14T05:20:04Z,232635,49009400,49009400,20
2026-08-14T05:20:04Z,232636,49006400,49006400,23
2026-08-14T05:20:04Z,232637,290002100,290002100,1
2026-08-14T05:20:04Z,232638,3000000,5000000,26
2026-08-14T05:20:04Z,232874,39600800,39600800,3
2026-08-14T05:20:04Z,232935,18009700,18009700,14
2026-08-14T05:20:04Z,232936,4980000,4980000,40
2026-08-14T05:20:04Z,232937,420000,420000,46
2026-08-14T05:20:04Z,233029,10500,10500,41
2026-08-14T05:20:04Z,233030,58900,58900,24
2026-08-14T05:20:04Z,233031,10009700,10009700,5
2026-08-14T05:20:04Z,233800,290003600,290003600,1
2026-08-14T05:20:04Z,234197,49000000,49007200,13
2026-08-14T05:20:04Z,234203,2439200,2439300,26
2026-08-14T05:20:04Z,234204,10009700,10009700,54
2026-08-14T05:20:04Z,234205,19900,19900,55
2026-08-14T05:20:04Z,234212,49003600,49003600,26
2026-08-14T05:20:04Z,234282,9893500,9893500,22
2026-08-14T05:20:04Z,234287,1500000,1500000,47
2026-08-14T05:20:04Z,234380,250000,252300,108
2026-08-14T05:20:04Z,234381,250000,250000,118
2026-08-14T05:20:04Z,234386,250000,250000,132
2026-08-14T05:20:04Z,234387,250000,250000,114
2026-08-14T05:20:04Z,234415,250000,250000,104
2026-08-14T05:20:04Z,234416,252400,252700,100
2026-08-14T05:20:04Z,234417,250000,250000,140
2026-08-14T05:20:04Z,234418,259500,259500,70
2026-08-14T05:20:04Z,234419,250000,250000,107
2026-08-14T05:20:04Z,234420,250000,250000,134
2026-08-14T05:20:04Z,234466,4006400,4006400,148
2026-08-14T05:20:04Z,234526,3925500,3925500,132
2026-08-14T05:20:04Z,234527,1800000,1800000,41
2026-08-14T05:20:04Z,234718,290005400,290005400,1
2026-08-14T05:20:04Z,234719,290009200,290009200,1
2026-08-14T05:20:04Z,234720,290000300,290000300,2
2026-08-14T05:20:04Z,234722,290001000,290001000,1
2026-08-14T05:20:04Z,234723,290002400,290002400,1
2026-08-14T05:20:04Z,234732,290007700,290007700,1
2026-08-14T05:20:04Z,234733,290009400,290009400,1
2026-08-14T05:20:04Z,234734,290000000,290000000,1
2026-08-14T05:20:04Z,234735,290002900,290002900,2
2026-08-14T05:20:04Z,234736,290008500,290008500,1
2026-08-14T05:20:04Z,234750,290006300,290006300,1
2026-08-14T05:20:04Z,234751,290002100,290002100,2
2026-08-14T05:20:04Z,234752,290000200,290000200,1
2026-08-14T05:20:04Z,234753,290000700,290000700,1
2026-08-14T05:20:04Z,234754,290008300,290008300,1
2026-08-14T05:20:04Z,234972,14000,14000,63
2026-08-14T05:20:04Z,234973,12800,12800,90
2026-08-14T05:20:04Z,235221,20000,20000,40
2026-08-14T05:20:04Z,235230,38900,38900,35
2026-08-14T05:20:04Z,235238,14800,14800,56
2026-08-14T05:20:04Z,235255,93000,93000,20
2026-08-14T05:20:04Z,235273,1300,1300,105
2026-08-14T05:20:04Z,235335,99900,10350500,18
2026-08-14T05:20:04Z,235336,49900000,49900000,10
2026-08-14T05:20:04Z,235337,1980000,1980000,36
2026-08-14T05:20:04Z,235703,28900,28900,4745
2026-08-14T05:20:04Z,235704,28900,70000,9597
2026-08-14T05:20:04Z,235805,14100,14100,178
2026-08-14T05:20:04Z,235845,8500,8500,1441
2026-08-14T05:20:04Z,235846,800000,800000,147
2026-08-14T05:20:04Z,235910,509800,509800,4
2026-08-14T05:20:04Z,236353,89990000,89990000,26
2026-08-14T05:20:04Z,236633,8000,8000,122
2026-08-14T05:20:04Z,236634,290009400,290009400,1
2026-08-14T05:20:04Z,236635,33250600,33250600,2
2026-08-14T05:20:04Z,236636,290009400,290009400,2
2026-08-14T05:20:04Z,236637,49000300,49000300,14
2026-08-14T05:20:04Z,236638,290000300,290000300,1
2026-08-14T05:20:04Z,236639,290009400,290009400,1
2026-08-14T05:20:04Z,236640,290009400,290009400,2
2026-08-14T05:20:04Z,236646,8000,8000,190
2026-08-14T05:20:04Z,236647,9880000,9880000,220
2026-08-14T05:20:04Z,236648,9900000,9900000,125
2026-08-14T05:20:04Z,236649,10000,4900000,170
2026-08-14T05:20:04Z,236650,5000,6900,183
2026-08-14T05:20:04Z,236651,290009400,290009400,6
2026-08-14T05:20:04Z,236652,290009400,290009400,6
2026-08-14T05:20:04Z,236680,106000,9906000,223
2026-08-14T05:20:04Z,236753,35003300,35003300,7
2026-08-14T05:20:04Z,236761,24400,24500,296539
2026-08-14T05:20:04Z,236767,31900,38700,491575
2026-08-14T05:20:04Z,236770,5900,6300,729136
2026-08-14T05:20:04Z,236771,202300,214500,98050
2026-08-14T05:20:04Z,236774,132100,132400,201420
2026-08-14T05:20:04Z,236775,463200,479800,53927
2026-08-14T05:20:04Z,236776,126200,129500,156708
2026-08-14T05:20:04Z,236777,534500,536500,46317
2026-08-14T05:20:04Z,236778,11200,15700,380566
2026-08-14T05:20:04Z,236779,318800,320900,29226
2026-08-14T05:20:04Z,236780,4076900,4099800,37084
2026-08-14T05:20:04Z,236949,8400,9200,1643578
2026-08-14T05:20:04Z,236950,10000,10400,542010
2026-08-14T05:20:04Z,236951,6400,7400,411629
2026-08-14T05:20:04Z,236952,4800,5100,308815
2026-08-14T05:20:04Z,236957,129990000,129990000,20
2026-08-14T05:20:04Z,236959,19500,19500,109
2026-08-14T05:20:04Z,236963,19500,19800,80409
2026-08-14T05:20:04Z,236965,24200,27800,151413
2026-08-14T05:20:04Z,236967,30000000,42000000,262
2026-08-14T05:20:04Z,237015,950000,968800,13292
2026-08-14T05:20:04Z,237016,1258000,1400000,114117
2026-08-14T05:20:04Z,237017,583700,649800,149626
2026-08-14T05:20:04Z,237018,592800,605000,36363
2026-08-14T05:20:04Z,237259,99900,141100,23
2026-08-14T05:20:04Z,237260,99900,257400,28
2026-08-14T05:20:04Z,237305,290003700,290003700,1
2026-08-14T05:20:04Z,237313,49009400,49009400,19
2026-08-14T05:20:04Z,237330,500000,500000,281
2026-08-14T05:20:04Z,237331,400000,400000,316
2026-08-14T05:20:04Z,237333,990000,990000,190
2026-08-14T05:20:04Z,237334,9350000,9350000,26
2026-08-14T05:20:04Z,237335,743700,743700,200
2026-08-14T05:20:04Z,237359,81800,88900,284410
2026-08-14T05:20:04Z,237361,290800,313000,118202
2026-08-14T05:20:04Z,237362,11100,112700,170747
2026-08-14T05:20:04Z,237363,403500,420000,75854
2026-08-14T05:20:04Z,237364,108400,116100,141814
2026-08-14T05:20:04Z,237365,394300,410900,144450
2026-08-14T05:20:04Z,237366,140800,282500,130747
2026-08-14T05:20:04Z,237367,90000,94800,307
2026-08-14T05:20:04Z,237369,970000,979000,683
2026-08-14T05:20:04Z,237370,1768500,1768500,50
2026-08-14T05:20:04Z,237371,2599900,2599900,831
2026-08-14T05:20:04Z,237372,2009800,2229800,1113
2026-08-14T05:20:04Z,237373,2650000,2850000,1588
2026-08-14T05:20:04Z,238197,329600,329800,27182
2026-08-14T05:20:04Z,238198,598800,598900,18695
2026-08-14T05:20:04Z,238201,82800,82800,1337
2026-08-14T05:20:04Z,238202,1099200,1099200,26741
2026-08-14T05:20:04Z,238203,2256600,2256600,42343
2026-08-14T05:20:04Z,238204,1095000,1095000,22249
2026-08-14T05:20:04Z,238205,2189600,2189600,21360
2026-08-14T05:20:04Z,238209,118900,118900,235
2026-08-14T05:20:04Z,238212,93800,93900,1793
2026-08-14T05:20:04Z,238213,135000,246100,50949
2026-08-14T05:20:04Z,238365,39600,60700,52026
2026-08-14T05:20:04Z,238366,91100,95100,26009
2026-08-14T05:20:04Z,238367,49100,60800,51196
2026-08-14T05:20:04Z,238368,99000,139800,15402
2026-08-14T05:20:04Z,238369,386600,397700,3226
2026-08-14T05:20:04Z,238370,29700,30000,22134
2026-08-14T05:20:04Z,238371,710200,718900,25255
2026-08-14T05:20:04Z,238372,39600,48500,10937
2026-08-14T05:20:04Z,238373,332600,336600,44452
2026-08-14T05:20:04Z,238374,28100,39900,39782
2026-08-14T05:20:04Z,238375,384700,398000,8327
2026-08-14T05:20:04Z,238376,307900,307900,30780
2026-08-14T05:20:04Z,238377,132900,142500,29264
2026-08-14T05:20:04Z,238378,538800,549000,8189
2026-08-14T05:20:04Z,238379,70000,84500,18704
2026-08-14T05:20:04Z,238380,1590000,1597300,10834
2026-08-14T05:20:04Z,238381,21100,25000,20835
2026-08-14T05:20:04Z,238382,248000,285900,7466
2026-08-14T05:20:04Z,238383,209900,290000,19261
2026-08-14T05:20:04Z,238384,29700,87500,17362
2026-08-14T05:20:04Z,238477,14300,14300,744
2026-08-14T05:20:04Z,238478,300,300,82
2026-08-14T05:20:04Z,238479,1500,1500,97
2026-08-14T05:20:04Z,238480,500,2000,150
2026-08-14T05:20:04Z,238481,900,900,117
2026-08-14T05:20:04Z,238482,1500,5400,1543
2026-08-14T05:20:04Z,238483,100,450000,447
2026-08-14T05:20:04Z,238484,9200,9400,2013
2026-08-14T05:20:04Z,238485,9900,9900,610
2026-08-14T05:20:04Z,238486,9900,9900,176
2026-08-14T05:20:04Z,238487,500,700,667
2026-08-14T05:20:04Z,238488,10000,10000,195
2026-08-14T05:20:04Z,238489,100,500,828
2026-08-14T05:20:04Z,238491,6700,6700,175
2026-08-14T05:20:04Z,238492,10000,178200,242
2026-08-14T05:20:04Z,238493,10000,30000,207
2026-08-14T05:20:04Z,238494,100,100,361
2026-08-14T05:20:04Z,238495,11000,508000,128
2026-08-14T05:20:04Z,238496,100000,100000,113
2026-08-14T05:20:04Z,238511,21200,27900,184815
2026-08-14T05:20:04Z,238512,28500,34500,500576
2026-08-14T05:20:04Z,238513,22100,22500,356996
2026-08-14T05:20:04Z,238514,23500,30900,339699
2026-08-14T05:20:04Z,238518,74000,79400,26563
2026-08-14T05:20:04Z,238519,96300,105900,36811
2026-08-14T05:20:04Z,238520,28400,64900,66563
2026-08-14T05:20:04Z,238521,128500,138700,22364
2026-08-14T05:20:04Z,238522,159500,187000,9235
2026-08-14T05:20:04Z,238523,8900,40000,146397
2026-08-14T05:20:04Z,238525,1154200,1273800,12322
2026-08-14T05:20:04Z,238528,979200,1009000,14807
2026-08-14T05:20:04Z,238529,36746800,37500000,5542
2026-08-14T05:20:04Z,238530,6326900,6400000,4941
2026-08-14T05:20:04Z,238799,9900000,9900000,38
2026-08-14T05:20:04Z,238800,19300,19500,32
2026-08-14T05:20:04Z,238801,289959900,289959900,4
2026-08-14T05:20:04Z,238808,290009300,290009300,3
2026-08-14T05:20:04Z,238810,290009300,290009300,1
2026-08-14T05:20:04Z,238812,1199800,1199800,13
2026-08-14T05:20:04Z,238813,290004700,290004700,1
2026-08-14T05:20:04Z,238814,4007100,4007100,25
2026-08-14T05:20:04Z,238832,19905800,19905800,16
2026-08-14T05:20:04Z,238833,20009900,49009900,18
2026-08-14T05:20:04Z,238834,13543000,13543000,2
2026-08-14T05:20:04Z,238836,6900,6900,15
2026-08-14T05:20:04Z,238838,22000,22000,80
2026-08-14T05:20:04Z,238841,2000000,2000000,2
2026-08-14T05:20:04Z,238847,8300,8300,88
2026-08-14T05:20:04Z,238848,30009900,30009900,23
2026-08-14T05:20:04Z,238849,48509800,48509800,3
2026-08-14T05:20:04Z,238851,49009800,49009800,17
2026-08-14T05:20:04Z,238853,290009300,290009300,1
2026-08-14T05:20:04Z,238854,49009700,49009700,28
2026-08-14T05:20:04Z,238855,30700,30700,140
2026-08-14T05:20:04Z,238856,290009300,290009300,1
2026-08-14T05:20:04Z,238865,290009300,290009300,2
2026-08-14T05:20:04Z,238866,8400,8400,120
2026-08-14T05:20:04Z,238867,23600,24000,106
2026-08-14T05:20:04Z,238868,300000,300000,9
2026-08-14T05:20:04Z,238869,499999800,499999800,5
2026-08-14T05:20:04Z,238870,49009800,49009800,20
2026-08-14T05:20:04Z,238871,290009300,290009300,1
2026-08-14T05:20:04Z,238872,10000,10000,206
2026-08-14T05:20:04Z,238873,20000,20000,129
2026-08-14T05:20:04Z,238874,290004700,290004700,1
2026-08-14T05:20:04Z,238875,29400,29900,27
2026-08-14T05:20:04Z,238876,20000000,20000000,3
2026-08-14T05:20:04Z,238877,49009900,49009900,25
2026-08-14T05:20:04Z,238878,49009900,49009900,20
2026-08-14T05:20:04Z,238879,290009900,290009900,2
2026-08-14T05:20:04Z,238880,10000000,49000000,28
2026-08-14T05:20:04Z,238881,290004700,290004700,1
2026-08-14T05:20:04Z,238882,290004700,290004700,1
2026-08-14T05:20:04Z,238883,3009800,3009800,20
2026-08-14T05:20:04Z,238884,20000,20000,62
2026-08-14T05:20:04Z,238885,250009900,250009900,4
2026-08-14T05:20:04Z,238886,3507300,3507300,33
2026-08-14T05:20:04Z,238887,30000000,48000000,33
2026-08-14T05:20:04Z,238888,290008900,290008900,1
2026-08-14T05:20:04Z,238889,290004700,290004700,1
2026-08-14T05:20:04Z,238896,150000,150000,496
2026-08-14T05:20:04Z,238944,200,3400,362
2026-08-14T05:20:04Z,239115,8887200,8887200,14
2026-08-14T05:20:04Z,239129,173500,842400,187
2026-08-14T05:20:04Z,239198,1269100,1277100,17036
2026-08-14T05:20:04Z,239200,1269900,1280000,35909
2026-08-14T05:20:04Z,239201,1898700,1898700,21743
2026-08-14T05:20:04Z,239202,1880000,1947300,18917
2026-08-14T05:20:04Z,239276,44009200,44009200,17
2026-08-14T05:20:04Z,239314,1000000000,1000000000,11
2026-08-14T05:20:04Z,239690,50000,890000,2845
2026-08-14T05:20:04Z,239691,32200,54200,51976
2026-08-14T05:20:04Z,239692,30000,30000,3333
2026-08-14T05:20:04Z,239700,17500,17500,230712
2026-08-14T05:20:04Z,239701,21200,21400,49996
2026-08-14T05:20:04Z,239702,25400,26500,77152
2026-08-14T05:20:04Z,239703,41400,41400,113110
2026-08-14T05:20:04Z,239711,29900,40000,1236
2026-08-14T05:20:04Z,239713,85000,86900,30944
2026-08-14T05:20:04Z,240094,199000000,199000000,33
2026-08-14T05:20:04Z,240133,28990000,29343500,1843
2026-08-14T05:20:04Z,240154,34250000,34250000,187
2026-08-14T05:20:04Z,240155,21990000,23249600,1451
2026-08-14T05:20:04Z,240156,1900,2000,5347
2026-08-14T05:20:04Z,240157,86400,135000,665
2026-08-14T05:20:04Z,240164,15000000,15000000,205
2026-08-14T05:20:04Z,240165,6690000,6690000,651
2026-08-14T05:20:04Z,240166,3979600,4019700,330
2026-08-14T05:20:04Z,240167,4930100,5190000,1935
2026-08-14T05:20:04Z,240194,85000,87300,1339
2026-08-14T05:20:04Z,240216,365500,394300,246
2026-08-14T05:20:04Z,240855,859200,979200,334
2026-08-14T05:20:04Z,240856,1230000,1349900,904
2026-08-14T05:20:04Z,240857,380000,383500,70
2026-08-14T05:20:04Z,240858,2499900,2499900,54
2026-08-14T05:20:04Z,240859,400000,490000,108
2026-08-14T05:20:04Z,240860,1560700,1560800,301
2026-08-14T05:20:04Z,240861,95000,125000,720
2026-08-14T05:20:04Z,240862,1503300,1503300,624
2026-08-14T05:20:04Z,240863,70000,198000,194
2026-08-14T05:20:04Z,240864,1000000,1000000,1012
2026-08-14T05:20:04Z,240865,137200,140000,321
2026-08-14T05:20:04Z,240866,1980000,1980000,315
2026-08-14T05:20:04Z,240867,118600,118600,206
2026-08-14T05:20:04Z,240868,2199400,2199500,346
2026-08-14T05:20:04Z,240869,47100,48000,1536
2026-08-14T05:20:04Z,240870,1286600,1286600,384
2026-08-14T05:20:04Z,240871,857900,857900,344
2026-08-14T05:20:04Z,240872,1330000,1400000,834
2026-08-14T05:20:04Z,240873,199900,199900,136
2026-08-14T05:20:04Z,240874,7192500,9759300,104
2026-08-14T05:20:04Z,240875,128700,128700,1356
2026-08-14T05:20:04Z,240876,1999900,1999900,380
2026-08-14T05:20:04Z,240877,70000,78200,1470
2026-08-14T05:20:04Z,240878,1770100,1770100,201
2026-08-14T05:20:04Z,240879,70000,75000,366
2026-08-14T05:20:04Z,240880,999900,999900,996
2026-08-14T05:20:04Z,240881,75600,197200,1909
2026-08-14T05:20:04Z,240882,1349900,1350000,164
2026-08-14T05:20:04Z,240883,68600,179900,1566
2026-08-14T05:20:04Z,240884,977700,977700,158
2026-08-14T05:20:04Z,240885,339900,360000,1666
2026-08-14T05:20:04Z,240886,1350000,1350000,214
2026-08-14T05:20:04Z,240887,3500000,3505000,133
2026-08-14T05:20:04Z,240888,9489900,9489900,98
2026-08-14T05:20:04Z,240889,8637000,8637000,184
2026-08-14T05:20:04Z,240890,9439900,9800000,815
2026-08-14T05:20:04Z,240891,8910000,8910000,268
2026-08-14T05:20:04Z,240892,9440000,9700000,643
2026-08-14T05:20:04Z,240893,5000000,5940000,338
2026-08-14T05:20:04Z,240894,9479700,9700000,686
2026-08-14T05:20:04Z,240895,4777500,4950000,275
2026-08-14T05:20:04Z,240896,9497900,9499700,162
2026-08-14T05:20:04Z,240897,11980000,11980000,359
2026-08-14T05:20:04Z,240898,9399900,9800000,674
2026-08-14T05:20:04Z,240899,5770000,6182800,268
2026-08-14T05:20:04Z,240900,9439700,9700000,1140
2026-08-14T05:20:04Z,240901,3968800,4908800,378
2026-08-14T05:20:04Z,240902,9410000,9500000,454
2026-08-14T05:20:04Z,240903,6108700,6138700,255
2026-08-14T05:20:04Z,240904,9449000,9627700,425
2026-08-14T05:20:04Z,240905,6188700,6188700,192
2026-08-14T05:20:04Z,240906,9464300,9900000,741
2026-08-14T05:20:04Z,240907,8789000,8789900,226
2026-08-14T05:20:04Z,240908,9399900,9800000,840
2026-08-14T05:20:04Z,240909,6728300,6728300,200
2026-08-14T05:20:04Z,240910,9400000,9440000,509
2026-08-14T05:20:04Z,240911,1401000,1401000,256
2026-08-14T05:20:04Z,240912,9300000,9350000,344
2026-08-14T05:20:04Z,240913,6425100,6490000,123
2026-08-14T05:20:04Z,240914,9300000,9400000,511
2026-08-14T05:20:04Z,240915,5200000,5202000,270
2026-08-14T05:20:04Z,240916,9299900,9300000,600
2026-08-14T05:20:04Z,240917,6434900,6499900,155
2026-08-14T05:20:04Z,240918,9300000,9300000,198
2026-08-14T05:20:04Z,240966,8985000,8994200,279
2026-08-14T05:20:04Z,240967,12797300,12797300,804
2026-08-14T05:20:04Z,240968,19904900,19904900,36
2026-08-14T05:20:04Z,240969,12801000,12801000,166
2026-08-14T05:20:04Z,240970,8879900,8879900,166
2026-08-14T05:20:04Z,240971,16804600,16804600,288
2026-08-14T05:20:04Z,240972,545500,551000,533
2026-08-14T05:20:04Z,240973,2700300,2745900,2070
2026-08-14T05:20:04Z,240974,6559000,6559000,966
2026-08-14T05:20:04Z,240975,10005500,10005900,3957
2026-08-14T05:20:04Z,240982,9579600,9579700,266
2026-08-14T05:20:04Z,240983,12598300,12598300,1403
2026-08-14T05:20:04Z,240990,1780000,1789500,22912
2026-08-14T05:20:04Z,240991,28400,28400,123388
2026-08-14T05:20:04Z,241141,7000,7000,1410
2026-08-14T05:20:04Z,241142,5944900,6005000,420
2026-08-14T05:20:04Z,241143,10990000,10990000,371
2026-08-14T05:20:04Z,241144,11990000,12850000,316
2026-08-14T05:20:04Z,241145,19800,25500,1822
2026-08-14T05:20:04Z,241147,129900,129900,806
2026-08-14T05:20:04Z,241148,220000,220000,577
2026-08-14T05:20:04Z,241149,8995000,8995000,489
2026-08-14T05:20:04Z,241280,840000,848200,12615
2026-08-14T05:20:04Z,241281,344700,344700,4227
2026-08-14T05:20:04Z,241282,3660000,4200000,5205
2026-08-14T05:20:04Z,241283,1300000,1304300,4756
2026-08-14T05:20:04Z,241286,603000,603100,731
2026-08-14T05:20:04Z,241287,28800,39000,349
2026-08-14T05:20:04Z,241288,907300,928000,64207
2026-08-14T05:20:04Z,241289,141100,149900,39962
2026-08-14T05:20:04Z,241292,981600,981600,13115
2026-08-14T05:20:04Z,241293,40000,40000,12098
2026-08-14T05:20:04Z,241294,209400,209500,1956
2026-08-14T05:20:04Z,241295,38000,38000,4518
2026-08-14T05:20:04Z,241296,299800,299800,672
2026-08-14T05:20:04Z,241297,39000,39000,1068
2026-08-14T05:20:04Z,241298,1099500,1189000,2661
2026-08-14T05:20:04Z,241299,81200,81200,5996
2026-08-14T05:20:04Z,241300,1170000,1170000,6466
2026-08-14T05:20:04Z,241301,38900,39100,29025
2026-08-14T05:20:04Z,241302,1000000,1000000,416
2026-08-14T05:20:04Z,241303,39000,39300,2623
2026-08-14T05:20:04Z,241304,850900,949000,56255
2026-08-14T05:20:04Z,241305,37800,38300,295067
2026-08-14T05:20:04Z,241306,305400,375000,4577
2026-08-14T05:20:04Z,241307,50000,58400,14923
2026-08-14T05:20:04Z,241308,1221000,1297500,105683
2026-08-14T05:20:04Z,241309,160100,165300,128004
2026-08-14T05:20:04Z,241310,2292500,2299700,6385
2026-08-14T05:20:04Z,241311,157000,160000,10854
2026-08-14T05:20:04Z,241312,900000,1099900,6997
2026-08-14T05:20:04Z,241313,68500,69100,12342
2026-08-14T05:20:04Z,241316,2100000,2100000,4141
2026-08-14T05:20:04Z,241317,259900,279500,10452
2026-08-14T05:20:04Z,241320,4118900,4390300,7010
2026-08-14T05:20:04Z,241321,1534400,1646700,5439
2026-08-14T05:20:04Z,241322,3564000,3701900,15161
2026-08-14T05:20:04Z,241323,1280000,1290000,10333
2026-08-14T05:20:04Z,241324,4088600,4130000,6991
2026-08-14T05:20:04Z,241325,1801000,1801000,13823
2026-08-14T05:20:04Z,241326,4563800,4609900,7133
2026-08-14T05:20:04Z,241327,1970000,2009600,11081
2026-08-14T05:20:04Z,241334,325000,344300,6713
2026-08-14T05:20:04Z,241338,120000,120000,293
2026-08-14T05:20:04Z,241339,34800,35000,33465
2026-08-14T05:20:04Z,242272,2999500,2999500,3614
2026-08-14T05:20:04Z,242273,3400100,3400100,7251
2026-08-14T05:20:04Z,242274,297000,299900,23796
2026-08-14T05:20:04Z,242275,288100,288900,233265
2026-08-14T05:20:04Z,242276,191800,191800,7929
2026-08-14T05:20:04Z,242277,1183600,1183600,3492
2026-08-14T05:20:04Z,242278,365300,365400,4196
2026-08-14T05:20:04Z,242280,168700,168700,2708
2026-08-14T05:20:04Z,242281,336600,340000,4650
2026-08-14T05:20:04Z,242282,367700,367700,16508
2026-08-14T05:20:04Z,242283,64900,64900,12866
2026-08-14T05:20:04Z,242284,48300,79100,12179
2026-08-14T05:20:04Z,242285,205300,205300,10741
2026-08-14T05:20:04Z,242286,35000,39800,5835
2026-08-14T05:20:04Z,242287,107300,123300,15053
2026-08-14T05:20:04Z,242288,49000,49000,4194
2026-08-14T05:20:04Z,242289,19800,19800,9078
2026-08-14T05:20:04Z,242290,72500,72500,3614
2026-08-14T05:20:04Z,242291,530800,530800,1364
2026-08-14T05:20:04Z,242292,58300,59900,5339
2026-08-14T05:20:04Z,242293,48300,48400,1053
2026-08-14T05:20:04Z,242294,25000,25000,717
2026-08-14T05:20:04Z,242295,80000,125000,1194
2026-08-14T05:20:04Z,242296,77000,77800,1240
2026-08-14T05:20:04Z,242297,13800,13800,5598
2026-08-14T05:20:04Z,242298,137500,157500,25511
2026-08-14T05:20:04Z,242299,9400,9600,35811
2026-08-14T05:20:04Z,242300,40000,49500,2823
2026-08-14T05:20:04Z,242301,249300,249400,22831
2026-08-14T05:20:04Z,242302,7000,7200,10095
2026-08-14T05:20:04Z,242303,13000,17200,5113
2026-08-14T05:20:04Z,242304,4100,4100,3949
2026-08-14T05:20:04Z,242305,3600,3600,1161
2026-08-14T05:20:04Z,242306,11700,11700,1162
2026-08-14T05:20:04Z,242307,3700,3700,1537
2026-08-14T05:20:04Z,242308,63900,64100,3100
2026-08-14T05:20:04Z,242309,3800,3800,6911
2026-08-14T05:20:04Z,242553,633000,707400,5061
2026-08-14T05:20:04Z,242554,684200,684400,3585
2026-08-14T05:20:04Z,242606,629900,669700,5155
2026-08-14T05:20:04Z,242607,630000,632800,16142
2026-08-14T05:20:04Z,242608,639900,640200,3004
2026-08-14T05:20:04Z,242610,639900,654500,19273
2026-08-14T05:20:04Z,242611,699900,718500,12880
2026-08-14T05:20:04Z,242612,671600,672000,12404
2026-08-14T05:20:04Z,242613,673000,689300,13779
2026-08-14T05:20:04Z,242620,790000,790100,95304
2026-08-14T05:20:04Z,242621,1804800,1914200,82314
2026-08-14T05:20:04Z,242639,30100,38200,1356157
2026-08-14T05:20:04Z,242640,49600,49900,295629
2026-08-14T05:20:04Z,242641,1200,3400,178584
2026-08-14T05:20:04Z,242642,500,500,98963
2026-08-14T05:20:04Z,242643,1700,1700,105316
2026-08-14T05:20:04Z,242644,500,900,381990
2026-08-14T05:20:04Z,242645,1100,1100,28965
2026-08-14T05:20:04Z,242646,1000,1000,17327
2026-08-14T05:20:04Z,242647,1400,1500,46831
2026-08-14T05:20:04Z,242712,1880000,1907700,5056
2026-08-14T05:20:04Z,242720,1600000,1604800,1663
2026-08-14T05:20:04Z,242721,1599900,1630000,8240
2026-08-14T05:20:04Z,242722,1600000,1656000,3130
2026-08-14T05:20:04Z,242723,1670000,1672000,3159
2026-08-14T05:20:04Z,242724,1820000,1820000,5409
2026-08-14T05:20:04Z,242725,1970000,1970000,4791
2026-08-14T05:20:04Z,242726,1800000,1830000,6267
2026-08-14T05:20:04Z,242727,1790000,1800000,3460
2026-08-14T05:20:04Z,242786,559300,583400,31286
2026-08-14T05:20:04Z,242787,67600,68200,47165
2026-08-14T05:20:04Z,242788,20000,20100,52867
2026-08-14T05:20:04Z,242789,30000,30000,15490
2026-08-14T05:20:04Z,243060,3200,3400,417162
2026-08-14T05:20:04Z,243197,990006100,990006100,1
2026-08-14T05:20:04Z,243199,2500000900,2500000900,1
2026-08-14T05:20:04Z,243200,49008000,49008000,15
2026-08-14T05:20:04Z,243206,1500008700,1500008700,1
2026-08-14T05:20:04Z,243207,9500008000,9500008000,1
2026-08-14T05:20:04Z,243208,290009400,290009400,1
2026-08-14T05:20:04Z,243209,990008700,990008700,1
2026-08-14T05:20:04Z,243210,990008600,990008600,1
2026-08-14T05:20:04Z,243211,990007800,990007800,1
2026-08-14T05:20:04Z,243215,990008200,990008200,1
2026-08-14T05:20:04Z,243216,49008000,49008000,14
2026-08-14T05:20:04Z,243222,48907900,48907900,19
2026-08-14T05:20:04Z,243223,188830900,188830900,2
2026-08-14T05:20:04Z,243224,49008500,49008500,20
2026-08-14T05:20:04Z,243225,49008400,49008400,20
2026-08-14T05:20:04Z,243226,9500000100,9500000100,1
2026-08-14T05:20:04Z,243227,290008900,290008900,1
2026-08-14T05:20:04Z,243228,990007400,990007400,1
2026-08-14T05:20:04Z,243574,720000,750000,6148
2026-08-14T05:20:04Z,243575,1199700,1220000,482
2026-08-14T05:20:04Z,243576,819400,828100,6152
2026-08-14T05:20:04Z,243577,1772900,1773300,3116
2026-08-14T05:20:04Z,243578,35000,35200,12333
2026-08-14T05:20:04Z,243579,115600,115600,2633
2026-08-14T05:20:04Z,243581,28900,28900,56992
2026-08-14T05:20:04Z,243582,39900,40000,22525
2026-08-14T05:20:04Z,243599,10800,10800,274413
2026-08-14T05:20:04Z,243600,22100,22100,349318
2026-08-14T05:20:04Z,243602,34000,34000,184540
2026-08-14T05:20:04Z,243603,50100,52000,516915
2026-08-14T05:20:04Z,243605,3570000,3690000,13057
2026-08-14T05:20:04Z,243606,4444100,4869500,16231
2026-08-14T05:20:04Z,243733,23800,23900,51137
2026-08-14T05:20:04Z,243734,269100,269300,76501
2026-08-14T05:20:04Z,243735,69900,69900,4323
2026-08-14T05:20:04Z,243736,690000,700000,2441
2026-08-14T05:20:04Z,243737,623600,629800,145
2026-08-14T05:20:04Z,243738,1297400,1380000,1136
2026-08-14T05:20:04Z,243773,17600,17600,188
2026-08-14T05:20:04Z,243774,2800,2900,159
2026-08-14T05:20:04Z,243775,8700,8700,147
2026-08-14T05:20:04Z,243776,9600,9600,186
2026-08-14T05:20:04Z,243777,4900,4900,188
2026-08-14T05:20:04Z,243778,19700,19700,806
2026-08-14T05:20:04Z,243779,300,400,216
2026-08-14T05:20:04Z,243780,9800,9800,119
2026-08-14T05:20:04Z,243781,144500,144500,654
2026-08-14T05:20:04Z,243782,9700,9700,114
2026-08-14T05:20:04Z,243783,6300,6300,122
2026-08-14T05:20:04Z,243784,3600,60000,318
2026-08-14T05:20:04Z,243785,9700,9700,144
2026-08-14T05:20:04Z,243786,32200,32500,218
2026-08-14T05:20:04Z,243787,6400,8800,141
2026-08-14T05:20:04Z,243788,145800,145800,251
2026-08-14T05:20:04Z,243789,78200,78200,259
2026-08-14T05:20:04Z,243790,398900,398900,311
2026-08-14T05:20:04Z,243791,8600,8600,163
2026-08-14T05:20:04Z,243792,16600,16600,384
2026-08-14T05:20:04Z,243793,106700,107700,745
2026-08-14T05:20:04Z,243794,40900,41000,791
2026-08-14T05:20:04Z,243795,61400,61500,472
2026-08-14T05:20:04Z,243796,9000,9000,157
2026-08-14T05:20:04Z,243797,969800,969800,5008
2026-08-14T05:20:04Z,243798,194300,194300,387
2026-08-14T05:20:04Z,243799,238700,238700,481
2026-08-14T05:20:04Z,243800,220900,220900,773
2026-08-14T05:20:04Z,243801,353900,353900,507
2026-08-14T05:20:04Z,243802,300600,300600,1000
2026-08-14T05:20:04Z,243803,117900,117900,971
2026-08-14T05:20:04Z,243804,299600,299600,851
2026-08-14T05:20:04Z,243805,506800,506800,4640
2026-08-14T05:20:04Z,243806,150000,150000,398
2026-08-14T05:20:04Z,243807,296400,296400,915
2026-08-14T05:20:04Z,243808,238800,238800,871
2026-08-14T05:20:04Z,243809,99800,99800,423
2026-08-14T05:20:04Z,243810,996400,996400,3854
2026-08-14T05:20:04Z,243811,124700,124700,590
2026-08-14T05:20:04Z,243812,349600,349600,2048
2026-08-14T05:20:04Z,243813,203400,203400,1315
2026-08-14T05:20:04Z,243814,233900,233900,1173
2026-08-14T05:20:04Z,243815,277800,277800,583
2026-08-14T05:20:04Z,243816,204000,204000,4898
2026-08-14T05:20:04Z,243817,499800,499800,5995
2026-08-14T05:20:04Z,243818,364000,364000,2055
2026-08-14T05:20:04Z,243819,150600,150600,384
2026-08-14T05:20:04Z,243820,942900,942900,510
2026-08-14T05:20:04Z,243821,199009900,199009900,3
2026-08-14T05:20:04Z,243822,3330000,3330000,90
2026-08-14T05:20:04Z,243823,7488800,7488800,36
2026-08-14T05:20:04Z,243844,290000100,290000100,1
2026-08-14T05:20:04Z,243845,290000100,290000100,1
2026-08-14T05:20:04Z,243946,17759100,17759100,114
2026-08-14T05:20:04Z,243947,18999000,18999100,453
2026-08-14T05:20:04Z,243948,199900,200000,56
2026-08-14T05:20:04Z,243949,198900,199000,81
2026-08-14T05:20:04Z,243950,14979900,14980000,57
2026-08-14T05:20:04Z,243951,17224600,17224600,1167
2026-08-14T05:20:04Z,243952,13822800,13822800,204
2026-08-14T05:20:04Z,243953,13101100,14953700,1506
2026-08-14T05:20:04Z,243954,29500,56900,16136
2026-08-14T05:20:04Z,243955,67700,67700,1150
2026-08-14T05:20:04Z,243956,11000000,12000000,152
2026-08-14T05:20:04Z,243957,13391700,13972500,3387
2026-08-14T05:20:04Z,243958,10808600,10808600,159
2026-08-14T05:20:04Z,243959,12859900,12887600,1983
2026-08-14T05:20:04Z,243960,54700,54700,178
2026-08-14T05:20:04Z,243961,224900,224900,345
2026-08-14T05:20:04Z,243962,7770000,7770000,42
2026-08-14T05:20:04Z,243963,10686000,10712700,882
2026-08-14T05:20:04Z,243964,1508700,1508800,37
2026-08-14T05:20:04Z,243965,14450000,15000000,164
2026-08-14T05:20:04Z,243966,2805600,3005600,65
2026-08-14T05:20:04Z,243967,14780000,14788400,1977
2026-08-14T05:20:04Z,243968,5949900,5949900,203
2026-08-14T05:20:04Z,243969,19989900,19990000,254
2026-08-14T05:20:04Z,243970,24989900,24989900,142
2026-08-14T05:20:04Z,243971,31997800,31997800,706
2026-08-14T05:20:04Z,243972,9000000,21035400,88
2026-08-14T05:20:04Z,243973,26882100,26948400,1516
2026-08-14T05:20:04Z,243974,19800000,19800000,80
2026-08-14T05:20:04Z,243975,22225400,22475400,257
2026-08-14T05:20:04Z,243976,51889900,51889900,106
2026-08-14T05:20:04Z,243977,51998000,52645600,5971
2026-08-14T05:20:04Z,243978,54300,54300,1258
2026-08-14T05:20:04Z,243979,241900,241900,309
2026-08-14T05:20:04Z,243980,5989900,5990000,169
2026-08-14T05:20:04Z,243981,17214700,17214700,1933
2026-08-14T05:20:04Z,243982,16990000,16990000,59
2026-08-14T05:20:04Z,243983,18207500,18207500,1187
2026-08-14T05:20:04Z,243984,9800,16000,10975
2026-08-14T05:20:04Z,243985,57700,57700,558
2026-08-14T05:20:04Z,243986,15000000,15000000,121
2026-08-14T05:20:04Z,243987,13185500,13185500,546
2026-08-14T05:20:04Z,243988,50700,50700,114
2026-08-14T05:20:04Z,243989,133600,133600,595
2026-08-14T05:20:04Z,243990,16490000,16490000,50
2026-08-14T05:20:04Z,243991,17664700,17725400,1488
2026-08-14T05:20:04Z,243992,1224800,1224900,51
2026-08-14T05:20:04Z,243993,14628300,14638500,800
2026-08-14T05:20:04Z,243994,8000700,8000800,46
2026-08-14T05:20:04Z,243995,20460000,20487900,968
2026-08-14T05:20:04Z,243996,11009900,11009900,53
2026-08-14T05:20:04Z,243997,30000600,32000800,173
2026-08-14T05:20:04Z,243998,494900,2000000,728
2026-08-14T05:20:04Z,243999,11919500,11919500,195
2026-08-14T05:20:04Z,244000,10000000,10999000,20
2026-08-14T05:20:04Z,244001,27419800,27429800,163
2026-08-14T05:20:04Z,244002,12559600,18959700,148
2026-08-14T05:20:04Z,244003,18700000,18799900,1099
2026-08-14T05:20:04Z,244004,57300,57300,497
2026-08-14T05:20:04Z,244005,309100,309200,696
2026-08-14T05:20:04Z,244006,16480000,16480000,73
2026-08-14T05:20:04Z,244007,17332500,17332500,1005
2026-08-14T05:20:04Z,244008,14000000,14000000,158
2026-08-14T05:20:04Z,244009,12881500,12881500,306
2026-08-14T05:20:04Z,244010,26700,26800,2075
2026-08-14T05:20:04Z,244011,123000,123300,2566
2026-08-14T05:20:04Z,244012,9900,9900,1370
2026-08-14T05:20:04Z,244013,49000,50000,137
2026-08-14T05:20:04Z,244014,8501900,9141900,92
2026-08-14T05:20:04Z,244015,12991400,12991400,870
2026-08-14T05:20:04Z,244016,5000000,9000000,104
2026-08-14T05:20:04Z,244017,12484300,12484500,202
2026-08-14T05:20:04Z,244018,51000,51000,159
2026-08-14T05:20:04Z,244019,115000,115000,1289
2026-08-14T05:20:04Z,244020,4022900,4022900,209
2026-08-14T05:20:04Z,244021,9989700,9991300,2467
2026-08-14T05:20:04Z,244022,654900,654900,298
2026-08-14T05:20:04Z,244023,19998600,19998700,450
2026-08-14T05:20:04Z,244024,2177600,2177600,173
2026-08-14T05:20:04Z,244025,16950000,17508100,243
2026-08-14T05:20:04Z,244026,6008900,6009900,82
2026-08-14T05:20:04Z,244027,18040500,18990000,126
2026-08-14T05:20:04Z,244028,22000000,22000000,99
2026-08-14T05:20:04Z,244029,29887600,30494400,6384
2026-08-14T05:20:04Z,244030,24918800,24990000,138
2026-08-14T05:20:04Z,244031,31288800,31294900,1521
2026-08-14T05:20:04Z,244032,5000,5000,974
2026-08-14T05:20:04Z,244033,61200,71200,383
2026-08-14T05:20:04Z,244034,9900,10000,123
2026-08-14T05:20:04Z,244035,256700,544500,450
2026-08-14T05:20:04Z,244036,8000,8000,244
2026-08-14T05:20:04Z,244037,97000,97000,97
2026-08-14T05:20:04Z,244038,290009800,290009800,2
2026-08-14T05:20:04Z,244039,59981600,59981600,3
2026-08-14T05:20:04Z,244040,290000100,290000100,1
2026-08-14T05:20:04Z,244041,290000100,290000100,2
2026-08-14T05:20:04Z,244056,42700,42700,159
2026-08-14T05:20:04Z,244057,94800,94900,554
2026-08-14T05:20:04Z,244147,1900000,1900000,12
2026-08-14T05:20:04Z,244148,180000,180000,20
2026-08-14T05:20:04Z,244149,550000,550000,92
2026-08-14T05:20:04Z,244355,499999800,499999800,7
2026-08-14T05:20:04Z,244357,30009800,49009800,31
2026-08-14T05:20:04Z,244358,18500,18500,45
2026-08-14T05:20:04Z,244359,18700,20000,183
2026-08-14T05:20:04Z,244360,24900,24900,30
2026-08-14T05:20:04Z,244361,20200,20700,35
2026-08-14T05:20:04Z,244603,150000,182500,262
2026-08-14T05:20:04Z,244604,296800,296800,59
2026-08-14T05:20:04Z,244607,110000,110000,870
2026-08-14T05:20:04Z,244608,1052000,1052000,68
2026-08-14T05:20:04Z,244631,140000,140000,3829
2026-08-14T05:20:04Z,244632,220100,229600,7147
2026-08-14T05:20:04Z,244633,28000000,28000000,400
2026-08-14T05:20:04Z,244634,22453100,22463100,1469
2026-08-14T05:20:04Z,244635,1320000,1325400,11451
2026-08-14T05:20:04Z,244636,1048200,1048300,9239
2026-08-14T05:20:04Z,244637,119500,119500,16543
2026-08-14T05:20:04Z,244638,128700,128700,13974
2026-08-14T05:20:04Z,244639,1365300,1379000,5670
2026-08-14T05:20:04Z,244640,20990000,21786900,151
2026-08-14T05:20:04Z,244641,23648600,23648600,1199
2026-08-14T05:20:04Z,244642,22007500,24007500,38
2026-08-14T05:20:04Z,244643,22498800,22498800,196
2026-08-14T05:20:04Z,244644,406700,406700,146
2026-08-14T05:20:04Z,244645,2296500,2319600,213
2026-08-14T05:20:04Z,244674,321900,422000,601
2026-08-14T05:20:04Z,244675,580000,589900,1115
2026-08-14T05:20:04Z,244697,86400,86500,197
2026-08-14T05:20:04Z,244698,443800,443800,85
2026-08-14T05:20:04Z,244699,86400,86400,206
2026-08-14T05:20:04Z,244700,1889000,1889000,65
2026-08-14T05:20:04Z,244701,86900,86900,456
2026-08-14T05:20:04Z,244702,1655500,1736200,340
2026-08-14T05:20:04Z,244703,86600,86700,462
2026-08-14T05:20:04Z,244704,1175400,1190000,484
2026-08-14T05:20:04Z,244835,113100,113100,1159
2026-08-14T05:20:04Z,244838,7400,7400,2991
2026-08-14T05:20:04Z,244839,60000,60000,1288
2026-08-14T05:20:04Z,244854,2508000,2508000,77
2026-08-14T05:20:04Z,245566,980000,990000,26
2026-08-14T05:20:04Z,245591,49002600,49002600,19
2026-08-14T05:20:04Z,245593,290000800,290000800,1
2026-08-14T05:20:04Z,245595,49009400,49009400,21
2026-08-14T05:20:04Z,245596,49002600,49002600,20
2026-08-14T05:20:04Z,245597,49001500,49001500,15
2026-08-14T05:20:04Z,245598,290002400,290002400,1
2026-08-14T05:20:04Z,245599,290005800,290005800,2
2026-08-14T05:20:04Z,245609,49002600,49002600,21
2026-08-14T05:20:04Z,245764,714500,714500,7847
2026-08-14T05:20:04Z,245765,2489900,2499900,3117
2026-08-14T05:20:04Z,245766,190000,190000,16790
2026-08-14T05:20:04Z,245767,891100,891100,5465
2026-08-14T05:20:04Z,245781,988500,990000,916
2026-08-14T05:20:04Z,245782,2251700,2451700,966
2026-08-14T05:20:04Z,245783,505500,505600,335
2026-08-14T05:20:04Z,245784,2000000,2200000,1737
2026-08-14T05:20:04Z,245785,405500,405900,199
2026-08-14T05:20:04Z,245786,2000000,2269700,1035
2026-08-14T05:20:04Z,245787,729500,729700,500
2026-08-14T05:20:04Z,245788,2360000,2360000,879
2026-08-14T05:20:04Z,245789,458500,509700,199
2026-08-14T05:20:04Z,245790,2000000,2676200,1597
2026-08-14T05:20:04Z,245791,549500,549900,584
2026-08-14T05:20:04Z,245792,2200000,2200000,414
2026-08-14T05:20:04Z,245794,1108200,1128200,173
2026-08-14T05:20:04Z,245795,128700,128700,151
2026-08-14T05:20:04Z,245796,2500000,2500000,439
2026-08-14T05:20:04Z,245797,194000,194000,141
2026-08-14T05:20:04Z,245798,1178900,1178900,169
2026-08-14T05:20:04Z,245799,109400,109500,225
2026-08-14T05:20:04Z,245800,449000,449000,313
2026-08-14T05:20:04Z,245801,152000,152500,43689
2026-08-14T05:20:04Z,245802,788300,826400,14943
2026-08-14T05:20:04Z,245803,116200,116300,28751
2026-08-14T05:20:04Z,245804,299800,362000,22237
2026-08-14T05:20:04Z,245805,389800,389900,21347
2026-08-14T05:20:04Z,245806,1379600,1379700,4818
2026-08-14T05:20:04Z,245807,19900,19900,200106
2026-08-14T05:20:04Z,245808,32400,32500,52862
2026-08-14T05:20:04Z,245814,1400800,1400900,508
2026-08-14T05:20:04Z,245815,2276700,2276800,396
2026-08-14T05:20:04Z,245816,800100,800100,390
2026-08-14T05:20:04Z,245817,2667400,2667400,916
2026-08-14T05:20:04Z,245818,1152700,1152700,316
2026-08-14T05:20:04Z,245819,2447500,2447500,373
2026-08-14T05:20:04Z,245820,523800,523800,266
2026-08-14T05:20:04Z,245821,1900100,1900100,97
2026-08-14T05:20:04Z,245822,879900,879900,439
2026-08-14T05:20:04Z,245823,2350000,2350000,283
2026-08-14T05:20:04Z,245824,1396800,1396800,466
2026-08-14T05:20:04Z,245825,2289800,2339900,348
2026-08-14T05:20:04Z,245826,1002500,1002500,257
2026-08-14T05:20:04Z,245827,2672300,2672300,362
2026-08-14T05:20:04Z,245830,5111000,5259600,1219
2026-08-14T05:20:04Z,245831,113400,130000,611
2026-08-14T05:20:04Z,245832,140000,145000,373
2026-08-14T05:20:04Z,245833,120000,130000,295
2026-08-14T05:20:04Z,245834,99900,138300,765
2026-08-14T05:20:04Z,245835,113900,129900,1077
2026-08-14T05:20:04Z,245836,105000,150000,827
2026-08-14T05:20:04Z,245837,147400,147600,195
2026-08-14T05:20:04Z,245838,4440000,4499500,652
2026-08-14T05:20:04Z,245839,98500,154800,439
2026-08-14T05:20:04Z,245840,110000,140000,340
2026-08-14T05:20:04Z,245841,133000,160000,555
2026-08-14T05:20:04Z,245842,111800,124300,410
2026-08-14T05:20:04Z,245843,208000,309600,1617
2026-08-14T05:20:04Z,245844,189900,199800,336
2026-08-14T05:20:04Z,245845,114000,130000,197
2026-08-14T05:20:04Z,245847,5000000,6306400,438
2026-08-14T05:20:04Z,245848,100000,160000,304
2026-08-14T05:20:04Z,245849,156400,156400,411
2026-08-14T05:20:04Z,245850,167700,169100,369
2026-08-14T05:20:04Z,245851,167700,168000,424
2026-08-14T05:20:04Z,245852,709900,855500,1938
2026-08-14T05:20:04Z,245853,142400,149900,490
2026-08-14T05:20:04Z,245854,153400,155000,744
2026-08-14T05:20:04Z,245856,3894200,4150000,879
2026-08-14T05:20:04Z,245857,127500,149900,608
2026-08-14T05:20:04Z,245858,141200,144900,593
2026-08-14T05:20:04Z,245859,139900,140000,247
2026-08-14T05:20:04Z,245860,20000,169900,360
2026-08-14T05:20:04Z,245861,120000,155300,473
2026-08-14T05:20:04Z,245862,149900,157800,951
2026-08-14T05:20:04Z,245863,157900,157900,326
2026-08-14T05:20:04Z,245864,119000,140000,6541
2026-08-14T05:20:04Z,245865,5500,5600,16192
2026-08-14T05:20:04Z,245866,289800,289900,15125
2026-08-14T05:20:04Z,245867,9500,10000,62933
2026-08-14T05:20:04Z,245871,4990000,5170000,20
2026-08-14T05:20:04Z,245872,7979700,7999700,210
2026-08-14T05:20:04Z,245873,4990000,4990000,18
2026-08-14T05:20:04Z,245874,6991800,6991800,70
2026-08-14T05:20:04Z,245875,4885100,4885100,68
2026-08-14T05:20:04Z,245876,5980000,5990000,223
2026-08-14T05:20:04Z,245877,4900000,199000000,11
2026-08-14T05:20:04Z,245878,5774300,5774300,24
2026-08-14T05:20:04Z,245879,3486900,4190000,1909
2026-08-14T05:20:04Z,245880,5665000,5899000,6889
2026-08-14T05:20:04Z,245881,5600,5600,132808
2026-08-14T05:20:04Z,245882,2800,2800,133778
2026-08-14T05:20:04Z,246063,100000100,100000100,2
2026-08-14T05:20:04Z,246376,9900000,9900000,34
2026-08-14T05:20:04Z,246383,104500,104500,692
2026-08-14T05:20:04Z,246447,169800,256600,43438
2026-08-14T05:20:04Z,246448,400700,499900,14808
2026-08-14T05:20:04Z,246449,1347500,1599400,4738
2026-08-14T05:20:04Z,246584,290002500,290002500,1
2026-08-14T05:20:04Z,247672,30000,30000,654
2026-08-14T05:20:04Z,247673,1009900,1009900,101
2026-08-14T05:20:04Z,247692,93900,93900,207
2026-08-14T05:20:04Z,247693,9900100,9900100,155
2026-08-14T05:20:04Z,247694,609800,609800,115
2026-08-14T05:20:04Z,247695,9904400,9904400,45
2026-08-14T05:20:04Z,247696,9908700,9908700,216
2026-08-14T05:20:04Z,247698,404700,404700,352
2026-08-14T05:20:04Z,247699,9750000,9750000,110
2026-08-14T05:20:04Z,247700,60000,60000,114
2026-08-14T05:20:04Z,248130,50008800,50009900,59
2026-08-14T05:20:04Z,248132,208800,209000,280
2026-08-14T05:20:04Z,248133,3149000,3149000,188
2026-08-14T05:20:04Z,248135,1900,2000,311
2026-08-14T05:20:04Z,248136,178800,179500,77
2026-08-14T05:20:04Z,248137,1000000,1100000,1135
2026-08-14T05:20:04Z,248138,199600,199600,460
2026-08-14T05:20:04Z,248331,18800,18800,339
2026-08-14T05:20:04Z,248409,350000,500000,1531
2026-08-14T05:20:04Z,248486,700000,700000,1506
2026-08-14T05:20:04Z,248585,15700,15700,242
2026-08-14T05:20:04Z,248586,460000,460000,127
2026-08-14T05:20:04Z,248592,174000,174000,102
2026-08-14T05:20:04Z,249218,53000,350000,2277
2026-08-14T05:20:04Z,249700,33329900,33329900,55
2026-08-14T05:20:04Z,249702,20009400,20009400,69
2026-08-14T05:20:04Z,249704,4499200,4499200,75
2026-08-14T05:20:04Z,249706,3862300,39997000,11
2026-08-14T05:20:04Z,249707,1242700,1242700,127
2026-08-14T05:20:04Z,249708,3500000,3900000,983
2026-08-14T05:20:04Z,250305,5000000,5000000,6
2026-08-14T05:20:04Z,250317,100000,49000000,22
2026-08-14T05:20:04Z,250856,300000,300000,48
2026-08-14T05:20:04Z,250857,9900000,9900000,20
2026-08-14T05:20:04Z,250858,15000000,15000000,8
2026-08-14T05:20:04Z,250859,15000000,15000000,3
2026-08-14T05:20:04Z,250860,199008900,199008900,1
2026-08-14T05:20:04Z,250861,199008900,199008900,1
2026-08-14T05:20:04Z,250862,199008900,199008900,7
2026-08-14T05:20:04Z,250864,199008900,199008900,1
2026-08-14T05:20:04Z,250865,208900,708900,31
2026-08-14T05:20:04Z,250866,199008900,199008900,1
2026-08-14T05:20:04Z,250867,199008900,199008900,1
2026-08-14T05:20:04Z,250871,199008900,199008900,1
2026-08-14T05:20:04Z,251283,2310000,2384800,7390
2026-08-14T05:20:04Z,251285,4215600,4485600,21593
2026-08-14T05:20:04Z,251487,132000,132000,810
2026-08-14T05:20:04Z,251488,3965400,3989300,177
2026-08-14T05:20:04Z,251489,1960000,1960000,277
2026-08-14T05:20:04Z,251490,6559900,6559900,1185
2026-08-14T05:20:04Z,251665,900,900,1315782
2026-08-14T05:20:04Z,251691,500,700,438723
2026-08-14T05:20:04Z,251923,389900,488000,20316
2026-08-14T05:20:04Z,253302,2100,2600,47214
2026-08-14T05:20:04Z,253303,2300,2300,77719
2026-08-14T05:20:04Z,253307,3948600,4477700,8026
2026-08-14T05:20:04Z,253403,32000,39800,1701420
2026-08-14T05:20:04Z,253622,99443500,99443500,7
2026-08-14T05:20:04Z,253623,290001100,290001100,8
2026-08-14T05:20:04Z,254874,245000,450000,285
2026-08-14T05:20:04Z,255843,25700,74200,96
2026-08-14T05:20:04Z,255844,30000,30000,143
2026-08-14T05:20:04Z,255845,4000000,4000000,13440
2026-08-14T05:20:04Z,255846,2680500,2704800,23926
2026-08-14T05:20:04Z,255847,329000,340000,79991
2026-08-14T05:20:04Z,255848,297000,355900,41845
2026-08-14T05:20:04Z,256559,1800,2000,355718
2026-08-14T05:20:04Z,257735,8000,8500,195
2026-08-14T05:20:04Z,257741,150000,190000,168
2026-08-14T05:20:04Z,257745,69300,69300,100
2026-08-14T05:20:04Z,257746,1159800,1159800,109
2026-08-14T05:20:04Z,257747,70000,70000,88
2026-08-14T05:20:04Z,257748,3410000,3411900,165
2026-08-14T05:20:04Z,257749,190000,190000,103
2026-08-14T05:20:04Z,257750,1710000,1712000,52
2026-08-14T05:20:04Z,257751,2010000,2010000,142
2026-08-14T05:20:04Z,257752,1500000,1500000,293
2026-08-14T05:20:04Z,259085,5101000,5809800,22979
2026-08-14T05:20:04Z,259894,500,600,3092
2026-08-14T05:20:04Z,260232,617300,617300,463
2026-08-14T05:20:04Z,260254,5800,5800,1045
2026-08-14T05:20:04Z,260255,17500,17500,1316
2026-08-14T05:20:04Z,260256,9600,9600,1119
2026-08-14T05:20:04Z,260257,19900,19900,719
2026-08-14T05:20:04Z,260258,7700,7700,1317
2026-08-14T05:20:04Z,260259,62100,62100,1306
2026-08-14T05:20:04Z,260260,9500,9500,3314
2026-08-14T05:20:04Z,260261,9100,9100,1915
2026-08-14T05:20:04Z,260262,7600,7600,638
2026-08-14T05:20:04Z,260263,17200,17200,1008
2026-08-14T05:20:04Z,260264,9300,9300,950
2026-08-14T05:20:04Z,260267,9500,9500,445
2026-08-14T05:20:04Z,260268,9000,9000,1608
2026-08-14T05:20:04Z,260269,10600,10600,1172
2026-08-14T05:20:04Z,260270,29900,29900,838
2026-08-14T05:20:04Z,260271,485100,485100,1549
2026-08-14T05:20:04Z,260272,26900,26900,2229
2026-08-14T05:20:04Z,260273,92700,92700,1087
2026-08-14T05:20:04Z,260274,140000,140000,1603
2026-08-14T05:20:04Z,260275,154400,154400,708
2026-08-14T05:20:04Z,260276,17800,17800,1084
2026-08-14T05:20:04Z,260277,29000,29000,738
2026-08-14T05:20:04Z,260278,7700,7700,1256
2026-08-14T05:20:04Z,260279,76200,76200,1719
2026-08-14T05:20:04Z,260280,48800,48800,962
2026-08-14T05:20:04Z,260281,82900,82900,990
2026-08-14T05:20:04Z,260282,68500,68500,904
2026-08-14T05:20:04Z,260283,58000,58000,1905
2026-08-14T05:20:04Z,260284,21100,21100,1666
2026-08-14T05:20:04Z,260285,12000,12000,3144
2026-08-14T05:20:04Z,260286,901100,901100,559
2026-08-14T05:20:04Z,260287,29500,29500,1506
2026-08-14T05:20:04Z,260288,29900,29900,671
2026-08-14T05:20:04Z,260289,65500,65500,1262
2026-08-14T05:20:04Z,260290,2300,2300,5112
2026-08-14T05:20:04Z,260291,16900,16900,683
2026-08-14T05:20:04Z,260292,370000,370000,1917
2026-08-14T05:20:04Z,260293,39500,39500,1999
2026-08-14T05:20:04Z,260294,65000,65000,1391
2026-08-14T05:20:04Z,260295,20000,20000,723
2026-08-14T05:20:04Z,260296,709900,709900,814
2026-08-14T05:20:04Z,260297,94300,94300,1373
2026-08-14T05:20:04Z,260298,500000,500000,1730
2026-08-14T05:20:04Z,260299,20900,20900,1124
2026-08-14T05:20:04Z,260309,6800,6800,606
2026-08-14T05:20:04Z,260429,9800000,9800000,94
2026-08-14T05:20:04Z,260588,9909900,9909900,40
2026-08-14T05:20:04Z,260589,290000200,290000200,1
2026-08-14T05:20:04Z,260604,18400,18500,109
2026-08-14T05:20:04Z,260605,25000,25000,35
2026-08-14T05:20:04Z,260606,19000,19100,316
2026-08-14T05:20:04Z,260608,216700,216700,40
2026-08-14T05:20:04Z,260611,19900,19900,56
2026-08-14T05:20:04Z,260613,200000,200000,88
2026-08-14T05:20:04Z,260614,7300,7300,2466
2026-08-14T05:20:04Z,260615,6400,6400,402
2026-08-14T05:20:04Z,260616,299000,299000,44
2026-08-14T05:20:04Z,260617,22200,22200,46
2026-08-14T05:20:04Z,260618,19700,19700,255
2026-08-14T05:20:04Z,260619,254000,254000,45
2026-08-14T05:20:04Z,260620,6400,6400,1402
2026-08-14T05:20:04Z,260621,19200,19200,59
2026-08-14T05:20:04Z,260636,18800,18800,317
2026-08-14T05:20:04Z,260637,19200,19200,181
2026-08-14T05:20:04Z,260638,20600,20600,568
2026-08-14T05:20:04Z,260639,18700,18700,563
2026-08-14T05:20:04Z,260640,20500,20600,107
2026-08-14T05:20:04Z,260641,27700,27700,33
2026-08-14T05:20:04Z,260642,443400,443400,51
2026-08-14T05:20:04Z,260643,22000,22000,109
2026-08-14T05:20:04Z,260644,28000,28000,63
2026-08-14T05:20:04Z,260645,19900,19900,131
2026-08-14T05:20:04Z,260646,19300,19300,509
2026-08-14T05:20:04Z,260647,21200,21200,146
2026-08-14T05:20:04Z,260648,19100,19100,427
2026-08-14T05:20:04Z,260649,20600,20600,123
2026-08-14T05:20:04Z,260650,19600,19600,363
2026-08-14T05:20:04Z,260651,19600,19600,1141
2026-08-14T05:20:04Z,260652,20900,20900,642
2026-08-14T05:20:04Z,260653,7200,7200,293
2026-08-14T05:20:04Z,260654,7400,7400,253
2026-08-14T05:20:04Z,260655,6200,6200,614
2026-08-14T05:20:04Z,260656,7100,7100,296
2026-08-14T05:20:04Z,260657,6400,6400,309
2026-08-14T05:20:04Z,260658,9300,9500,292
2026-08-14T05:20:04Z,260659,7000,7000,2118
2026-08-14T05:20:04Z,260660,7100,7100,1529
2026-08-14T05:20:04Z,260661,6400,6400,338
2026-08-14T05:20:04Z,260662,6800,6800,573
2026-08-14T05:20:04Z,260663,10300,10300,74
2026-08-14T05:20:04Z,260664,7000,7000,1767
2026-08-14T05:20:04Z,260665,6800,6800,356
2026-08-14T05:20:04Z,260666,6400,6400,136
2026-08-14T05:20:04Z,260667,9200,9400,58
2026-08-14T05:20:04Z,260668,6100,6100,31
2026-08-14T05:20:04Z,260669,6200,6200,243
2026-08-14T05:20:04Z,260670,6100,6100,238
2026-08-14T05:20:04Z,260671,7400,7400,194
2026-08-14T05:20:04Z,260672,6800,6800,2286
2026-08-14T05:20:04Z,260673,6200,6200,121
2026-08-14T05:20:04Z,260674,9989900,9989900,5
2026-08-14T05:20:04Z,260675,229900,229900,42
2026-08-14T05:20:04Z,260676,260000,269600,76
2026-08-14T05:20:04Z,260677,238500,238500,121
2026-08-14T05:20:04Z,260678,242100,242100,99
2026-08-14T05:20:04Z,260679,218700,218700,7
2026-08-14T05:20:04Z,260680,218600,218600,14
2026-08-14T05:20:04Z,260681,400000,400000,20
2026-08-14T05:20:04Z,260683,257500,257500,77
2026-08-14T05:20:04Z,260684,255100,255100,49
2026-08-14T05:20:04Z,260685,261600,261600,120
2026-08-14T05:20:04Z,260686,262200,262200,67
2026-08-14T05:20:04Z,260687,233500,233500,376
2026-08-14T05:20:04Z,260688,249900,249900,26
2026-08-14T05:20:04Z,260689,253200,253200,75
2026-08-14T05:20:04Z,260690,218200,218200,30
2026-08-14T05:20:04Z,260691,243900,243900,47
2026-08-14T05:20:04Z,260692,230500,230500,49
2026-08-14T05:20:04Z,260693,800000,850000,158
2026-08-14T05:20:04Z,260694,250100,250100,19
2026-08-14T05:20:04Z,260695,235900,235900,24
2026-08-14T05:20:04Z,262650,50000,105300,2486
2026-08-14T05:20:04Z,262651,49000,49900,2107
2026-08-14T05:20:04Z,262792,64300,64300,6629
2026-08-14T05:20:04Z,262793,4430000,4439900,1460
2026-08-14T05:20:04Z,262794,108000000,109000000,60
2026-08-14T05:20:04Z,262795,585000000,585000000,18
2026-08-14T05:20:04Z,262796,1174000000,1174000000,39
2026-08-14T05:20:04Z,262797,42000,43300,9827
2026-08-14T05:20:04Z,262798,4340000,4349900,1103
2026-08-14T05:20:04Z,262799,104000000,105000000,61
2026-08-14T05:20:04Z,262800,525003700,525003700,14
2026-08-14T05:20:04Z,262880,3500000,3500000,80
2026-08-14T05:20:04Z,264973,708000,708000,385
2026-08-14T05:20:04Z,264981,149900,149900,727
2026-08-14T05:20:04Z,264982,149900,149900,729
2026-08-14T05:20:04Z,264983,74600,74600,735
2026-08-14T05:20:04Z,264984,89300,89300,1937
2026-08-14T05:20:04Z,264985,19900,19900,704
2026-08-14T05:20:04Z,264987,19900,19900,928
2026-08-14T05:20:04Z,264989,29900,29900,773
2026-08-14T05:20:04Z,264990,185400,185400,263
2026-08-14T05:20:04Z,264991,309900,309900,533
2026-08-14T05:20:04Z,264992,701100,701100,565
2026-08-14T05:20:04Z,264993,701100,701100,782
2026-08-14T05:20:04Z,264994,689900,689900,464
2026-08-14T05:20:04Z,264995,709900,709900,331
2026-08-14T05:20:04Z,265040,290007600,290007600,1
2026-08-14T05:20:04Z,265041,970000,970000,31
2026-08-14T05:20:04Z,265043,290007600,290007600,1
2026-08-14T05:20:04Z,265044,990007600,990007600,1
2026-08-14T05:20:04Z,265048,290007600,290007600,1
2026-08-14T05:20:04Z,265049,290007600,290007600,1
2026-08-14T05:20:04Z,265050,290007600,290007600,1
2026-08-14T05:20:04Z,265051,1000000,8260000,33
2026-08-14T05:20:04Z,265052,290005200,290005200,1
2026-08-14T05:20:04Z,265053,290007600,290007600,1
2026-08-14T05:20:04Z,265054,9300,9300,57
2026-08-14T05:20:04Z,265055,8431032900,8431032900,2
2026-08-14T05:20:04Z,265664,250000,250000,534
2026-08-14T05:20:04Z,265665,250000,250000,533
2026-08-14T05:20:04Z,265666,195000,195000,605
2026-08-14T05:20:04Z,265667,40000,40000,518
2026-08-14T05:20:04Z,265668,79900,79900,272
2026-08-14T05:20:04Z,265669,40000,40000,300
2026-08-14T05:20:04Z,265800,116600,138400,44340
2026-08-14T05:20:04Z,265801,127400,129800,2840
2026-08-14T05:20:04Z,265803,9800000,10660000,1268
2026-08-14T05:20:04Z,265816,200000,200000,9
2026-08-14T05:20:04Z,265828,498000,498000,2
2026-08-14T05:20:04Z,266002,8100,8100,37
2026-08-14T05:20:04Z,266102,7700,8000,210
2026-08-14T05:20:04Z,267379,180000,185500,203
2026-08-14T05:20:04Z,267486,265000,265000,179
2026-08-14T05:20:04Z,267615,108600,108600,106
2026-08-14T05:20:04Z,267617,136000,136000,83
2026-08-14T05:20:04Z,267618,9800,9800,106
2026-08-14T05:20:04Z,267619,693800,693800,225
2026-08-14T05:20:04Z,267623,501100,501100,779
2026-08-14T05:20:04Z,267624,46600,46600,114
2026-08-14T05:20:04Z,267625,2994000,2994000,246
2026-08-14T05:20:04Z,267626,650000,650000,117
2026-08-14T05:20:04Z,267627,609000,609000,128
2026-08-14T05:20:04Z,267628,9997900,9997900,39
2026-08-14T05:20:04Z,267650,30000,40000,42
2026-08-14T05:20:04Z,267652,309900,309900,188
2026-08-14T05:20:04Z,268025,100000,100000,167
2026-08-14T05:20:04Z,268053,989900,989900,108
2026-08-14T05:20:04Z,268068,50000,50000,500
2026-08-14T05:20:04Z,268085,1520000,1520000,397
2026-08-14T05:20:04Z,268110,50000,50000,79
2026-08-14T05:20:04Z,268111,29900,29900,195
2026-08-14T05:20:04Z,268112,50000,50000,97
2026-08-14T05:20:04Z,268115,350000,350000,216
2026-08-14T05:20:04Z,268116,290000,400000,652
2026-08-14T05:20:04Z,268954,34800,34800,14267
2026-08-14T05:20:04Z,268955,128800,128800,265
2026-08-14T05:20:04Z,269586,1000000,1200000,1740
2026-08-14T05:20:04Z,270898,50000000,50000000,1039
2026-08-14T05:20:04Z,270899,66660000,66660000,83
2026-08-14T05:20:04Z,271883,240000,240000,184669
2026-08-14T05:20:04Z,271884,2639900,2670000,17761
2026-08-14T05:20:04Z,271886,299900,300000,22495
2026-08-14T05:20:04Z,271887,1949900,1950000,2703
2026-08-14T05:20:04Z,272046,7400,7400,54
2026-08-14T05:20:04Z,272047,7900,8000,26
2026-08-14T05:20:04Z,272048,5400,5400,21
2026-08-14T05:20:04Z,272049,5100,5500,63
2026-08-14T05:20:04Z,272051,18600,18600,15
2026-08-14T05:20:04Z,272052,98800,98800,31
2026-08-14T05:20:04Z,272109,5100,5100,13
2026-08-14T05:20:04Z,272110,7400,7500,56
2026-08-14T05:20:04Z,272111,42700,42900,29
2026-08-14T05:20:04Z,272112,26800,26900,29
2026-08-14T05:20:04Z,272113,400000,400000,27
2026-08-14T05:20:04Z,272114,9900,10000,63
2026-08-14T05:20:04Z,272115,16300,16500,28
2026-08-14T05:20:04Z,272116,5100,5100,18
2026-08-14T05:20:04Z,272117,5100,5100,5
2026-08-14T05:20:04Z,272118,5400,6400,96
2026-08-14T05:20:04Z,272119,8600,8600,24
2026-08-14T05:20:04Z,272120,70000,70100,47
2026-08-14T05:20:04Z,272194,9980000,12000000,871
2026-08-14T05:20:04Z,272195,8999900,12750000,4689
2026-08-14T05:20:04Z,272892,10900,11100,43
2026-08-14T05:20:04Z,272893,140000,49000000,22
2026-08-14T05:20:04Z,272894,10000,10000,51
2026-08-14T05:20:04Z,273013,1496500,1497000,31
2026-08-14T05:20:04Z,273014,9300,9400,37
2026-08-14T05:20:04Z,273059,5550000,6000000,433
2026-08-14T05:20:04Z,273060,9987500,9987500,277
2026-08-14T05:20:04Z,273071,26998000,26998000,75
2026-08-14T05:20:04Z,273072,22229700,23800000,374
2026-08-14T05:20:04Z,274464,129500,149700,22879
2026-08-14T05:20:04Z,274468,41900,56600,59677
2026-08-14T05:20:04Z,274469,128900,187700,14257
2026-08-14T05:20:04Z,274470,12200,43700,111660
2026-08-14T05:20:04Z,274471,155000,195100,21427
2026-08-14T05:20:04Z,274472,29800,50000,182985
2026-08-14T05:20:04Z,274473,280000,405000,18632
2026-08-14T05:20:04Z,274474,280200,310200,4373
2026-08-14T05:20:04Z,274475,54700,81100,19023
2026-08-14T05:20:04Z,274587,84200,117700,45148
2026-08-14T05:20:04Z,274588,396000,448000,31722
2026-08-14T05:20:04Z,274589,1861200,2105000,15574
2026-08-14T05:20:04Z,274590,29700,50000,40106
2026-08-14T05:20:04Z,274592,346400,490000,35840
2026-08-14T05:20:04Z,274593,50000,120000,8997
2026-08-14T05:20:04Z,274594,50000,82300,22932
2026-08-14T05:20:04Z,274595,8162700,9070000,1411
2026-08-14T05:20:04Z,274596,190500,213300,18251
2026-08-14T05:20:04Z,274597,1905000,1977100,4486
2026-08-14T05:20:04Z,274772,100,200,1395
2026-08-14T05:20:04Z,274774,1390000,1390000,537
2026-08-14T05:20:04Z,274775,130000,135000,616
2026-08-14T05:20:04Z,274777,199500,202900,36019
2026-08-14T05:20:04Z,274781,413600,415000,43297
2026-08-14T05:20:04Z,274793,2750000,2750000,223
2026-08-14T05:20:04Z,274794,55000,55000,240
2026-08-14T05:20:04Z,274951,6400,6400,1769
2026-08-14T05:20:04Z,274953,83400,129500,1422
2026-08-14T05:20:04Z,274954,289900,289900,101
2026-08-14T05:20:04Z,275258,1788400,1790100,2041
2026-08-14T05:20:04Z,275260,988100,1009000,9015
2026-08-14T05:20:04Z,275261,3330000,3600000,1040
2026-08-14T05:20:04Z,275264,17670400,17700000,1733
2026-08-14T05:20:04Z,275265,11999600,11999600,3277
2026-08-14T05:20:04Z,275280,28500,58200,8172
2026-08-14T05:20:04Z,275281,15000,48900,13646
2026-08-14T05:20:04Z,275282,20900,40000,6813
2026-08-14T05:20:04Z,275283,21900,60000,28607
2026-08-14T05:20:04Z,275284,18500,149900,42456
2026-08-14T05:20:04Z,275285,22100,61900,4693
2026-08-14T05:20:04Z,275286,30900,49200,1767
2026-08-14T05:20:04Z,275287,24700,49400,1879
2026-08-14T05:20:04Z,275288,20900,52300,3053
2026-08-14T05:20:04Z,275289,21000,84700,6168
2026-08-14T05:20:04Z,275676,2000000,2300000,179
2026-08-14T05:20:04Z,275699,8900000,8900000,8
2026-08-14T05:20:04Z,276117,53700,55200,8408
2026-08-14T05:20:04Z,276124,45200,50000,8946
2026-08-14T05:20:04Z,276126,97400,114200,6818
2026-08-14T05:20:04Z,276343,120000,120000,32
2026-08-14T05:20:04Z,276344,240000,240000,37
2026-08-14T05:20:04Z,276345,123300,123300,29
2026-08-14T05:20:04Z,276348,1600000,1600000,30
2026-08-14T05:20:04Z,276349,10000,10000,26
2026-08-14T05:20:04Z,276350,412800,412800,24
2026-08-14T05:20:04Z,276353,100000,100000,29
2026-08-14T05:20:04Z,276354,9500007600,9500007600,1
2026-08-14T05:20:04Z,276355,499000,499500,26
2026-08-14T05:20:04Z,276357,1350000,1350000,30
2026-08-14T05:20:04Z,276358,150000,150000,26
2026-08-14T05:20:04Z,276359,150000,190000,24
2026-08-14T05:20:04Z,276360,990000,990000,29
2026-08-14T05:20:04Z,276361,49007600,49007600,16
2026-08-14T05:20:04Z,276362,1500000,1500000,29
2026-08-14T05:20:04Z,276374,119900,119900,29
2026-08-14T05:20:04Z,276375,40000,40000,87
2026-08-14T05:20:04Z,277821,2506700,2506900,1324
2026-08-14T05:20:04Z,277968,400000,400400,974
2026-08-14T05:20:04Z,277969,2800000,2800000,2367
2026-08-14T05:20:04Z,279091,40000,50000,6358
2026-08-14T05:20:04Z,279093,66500,103500,11965
2026-08-14T05:20:04Z,279100,22900,27600,41931
2026-08-14T05:20:04Z,279105,87000,99700,1914
2026-08-14T05:20:04Z,279142,900000100,900000100,4
2026-08-14T05:20:04Z,279143,300100,300100,1
2026-08-14T05:20:04Z,279148,300100,300100,1
2026-08-14T05:20:04Z,279152,16214800,16214800,9
2026-08-14T05:20:04Z,279153,7999900,7999900,12
2026-08-14T05:20:04Z,279154,290000100,290000100,10
2026-08-14T05:20:04Z,279157,60000100,60000100,19
2026-08-14T05:20:04Z,279160,1000100,1000100,13
2026-08-14T05:20:04Z,279166,400500,400500,3
2026-08-14T05:20:04Z,280182,175500,185500,1070
2026-08-14T05:20:04Z,280183,175600,185600,909
2026-08-14T05:20:04Z,280184,175400,185400,1027
2026-08-14T05:20:04Z,280409,935700,945100,614
2026-08-14T05:20:04Z,280422,272700,272700,1247
2026-08-14T05:20:04Z,280425,128700,129900,286
