updated_utc,item_id,floor_copper,market_copper,quantity
2026-08-27T09:31:27Z,117,300,10400,79
2026-08-27T09:31:27Z,118,1500,2000,495
2026-08-27T09:31:27Z,159,400,10000,1788
2026-08-27T09:31:27Z,414,400,400,51
2026-08-27T09:31:27Z,422,400,400,61
2026-08-27T09:31:27Z,537,49008000,49008000,20
2026-08-27T09:31:27Z,555,9500000100,9500000100,1
2026-08-27T09:31:27Z,556,49000200,49000200,20
2026-08-27T09:31:27Z,723,500,1000,4097
2026-08-27T09:31:27Z,724,1400,1400,24
2026-08-27T09:31:27Z,729,290000100,290000100,1
2026-08-27T09:31:27Z,731,289990100,289990100,2
2026-08-27T09:31:27Z,733,400,500,254
2026-08-27T09:31:27Z,765,23700,34500,68206
2026-08-27T09:31:27Z,769,4400,6200,21607
2026-08-27T09:31:27Z,770,22200,44000,26
2026-08-27T09:31:27Z,771,800,800,39
2026-08-27T09:31:27Z,774,10800,45000,71831
2026-08-27T09:31:27Z,779,49001400,49001400,20
2026-08-27T09:31:27Z,783,93800,199600,19078
2026-08-27T09:31:27Z,785,18100,18800,7878
2026-08-27T09:31:27Z,787,2500,2600,39
2026-08-27T09:31:27Z,813,50100,50100,26
2026-08-27T09:31:27Z,814,200,200,973
2026-08-27T09:31:27Z,818,16100,45000,40608
2026-08-27T09:31:27Z,858,100,400,690
2026-08-27T09:31:27Z,878,280000100,280000100,1
2026-08-27T09:31:27Z,929,300,400,747
2026-08-27T09:31:27Z,954,10900,10900,40
2026-08-27T09:31:27Z,955,1000,1000,131
2026-08-27T09:31:27Z,961,10000,10100,43
2026-08-27T09:31:27Z,1015,900,1400,2183
2026-08-27T09:31:27Z,1017,300,300,486
2026-08-27T09:31:27Z,1074,1500,1500,45
2026-08-27T09:31:27Z,1080,1200,7400,1741
2026-08-27T09:31:27Z,1081,210100,210100,40
2026-08-27T09:31:27Z,1082,19400,19400,97
2026-08-27T09:31:27Z,1175,49000100,49000100,17
2026-08-27T09:31:27Z,1177,200,200,34
2026-08-27T09:31:27Z,1178,18731700,18731700,36
2026-08-27T09:31:27Z,1179,100,1100,3535
2026-08-27T09:31:27Z,1180,1500,1500,168
2026-08-27T09:31:27Z,1181,900,900,152
2026-08-27T09:31:27Z,1205,700,800,34
2026-08-27T09:31:27Z,1206,119900,119900,622
2026-08-27T09:31:27Z,1210,12800,45000,107487
2026-08-27T09:31:27Z,1222,49000100,49000100,20
2026-08-27T09:31:27Z,1251,200,200,735
2026-08-27T09:31:27Z,1274,49000100,49000100,44
2026-08-27T09:31:27Z,1288,900,4200,10854
2026-08-27T09:31:27Z,1326,19990000,19990000,10
2026-08-27T09:31:27Z,1399,999990100,999990100,1
2026-08-27T09:31:27Z,1401,249990000,249990000,1
2026-08-27T09:31:27Z,1468,200,300,20125
2026-08-27T09:31:27Z,1475,10400,66200,6682
2026-08-27T09:31:27Z,1476,49009400,49009400,23
2026-08-27T09:31:27Z,1477,500,600,437
2026-08-27T09:31:27Z,1478,251000,9781000,22
2026-08-27T09:31:27Z,1520,1500,1500,151
2026-08-27T09:31:27Z,1529,10900,20400,4608
2026-08-27T09:31:27Z,1630,990000100,990000100,1
2026-08-27T09:31:27Z,1645,2900,3000,1281
2026-08-27T09:31:27Z,1686,9901100,9901100,104
2026-08-27T09:31:27Z,1687,49000400,49000400,20
2026-08-27T09:31:27Z,1688,290001300,290001300,1
2026-08-27T09:31:27Z,1696,1000,1000,35
2026-08-27T09:31:27Z,1697,1200700,1200700,49
2026-08-27T09:31:27Z,1701,1000,1000,25
2026-08-27T09:31:27Z,1702,150000,150000,31
2026-08-27T09:31:27Z,1703,196990000,196990000,2
2026-08-27T09:31:27Z,1705,8500,45000,57253
2026-08-27T09:31:27Z,1706,290000200,290000200,1
2026-08-27T09:31:27Z,1707,18700,19900,179
2026-08-27T09:31:27Z,1708,1500,10000,98
2026-08-27T09:31:27Z,1710,200,300,789
2026-08-27T09:31:27Z,1711,5200,9500,891
2026-08-27T09:31:27Z,1712,231300,231300,140
2026-08-27T09:31:27Z,2070,900,39900,37
2026-08-27T09:31:27Z,2091,199000000,199000000,3
2026-08-27T09:31:27Z,2251,3900,12900,12765
2026-08-27T09:31:27Z,2287,300,300,74
2026-08-27T09:31:27Z,2289,200,200,428
2026-08-27T09:31:27Z,2290,600,600,585
2026-08-27T09:31:27Z,2295,400,500,41
2026-08-27T09:31:27Z,2296,291053900,291053900,1
2026-08-27T09:31:27Z,2304,500,700,849
2026-08-27T09:31:27Z,2313,5400,5900,73
2026-08-27T09:31:27Z,2318,13800,20800,40289
2026-08-27T09:31:27Z,2319,52000,62000,42560
2026-08-27T09:31:27Z,2320,100,200,2247270
2026-08-27T09:31:27Z,2321,29900,39900,6283
2026-08-27T09:31:27Z,2324,600,900,7070
2026-08-27T09:31:27Z,2325,3400,3400,56830
2026-08-27T09:31:27Z,2447,22100,34400,37212
2026-08-27T09:31:27Z,2449,19500,23500,64706
2026-08-27T09:31:27Z,2450,22200,37500,32490
2026-08-27T09:31:27Z,2452,24100,40300,15800
2026-08-27T09:31:27Z,2453,16200,36000,11353
2026-08-27T09:31:27Z,2454,26700,28200,520
2026-08-27T09:31:27Z,2455,200,400,681
2026-08-27T09:31:27Z,2456,1000,92100,106
2026-08-27T09:31:27Z,2457,85000,85000,696
2026-08-27T09:31:27Z,2458,25000,25000,821
2026-08-27T09:31:27Z,2459,56700,87300,6190
2026-08-27T09:31:27Z,2460,450000,450000,7381
2026-08-27T09:31:27Z,2512,2600000,2600000,300
2026-08-27T09:31:27Z,2515,557700,557700,3201
2026-08-27T09:31:27Z,2516,1780700,1780700,594
2026-08-27T09:31:27Z,2519,99900,119900,588
2026-08-27T09:31:27Z,2581,800,800,362
2026-08-27T09:31:27Z,2589,300,400,1202861
2026-08-27T09:31:27Z,2590,5500000100,5500000100,1
2026-08-27T09:31:27Z,2591,990000100,990000100,1
2026-08-27T09:31:27Z,2592,1200,1600,199263
2026-08-27T09:31:27Z,2593,24200,9906000,23
2026-08-27T09:31:27Z,2594,3100,3100,53
2026-08-27T09:31:27Z,2595,9900,9900,193
2026-08-27T09:31:27Z,2596,40300,40300,111
2026-08-27T09:31:27Z,2604,100,100,17232
2026-08-27T09:31:27Z,2605,50000,50000,1283
2026-08-27T09:31:27Z,2608,12500,12500,25
2026-08-27T09:31:27Z,2665,270800,270800,949
2026-08-27T09:31:27Z,2672,1000,1000,4075
2026-08-27T09:31:27Z,2673,49500,490000,3385
2026-08-27T09:31:27Z,2674,30000,30500,2473
2026-08-27T09:31:27Z,2675,4600,5100,4340
2026-08-27T09:31:27Z,2677,9000,37400,7201
2026-08-27T09:31:27Z,2678,100,100,13771
2026-08-27T09:31:27Z,2679,600,700,193
2026-08-27T09:31:27Z,2680,5500,5500,651
2026-08-27T09:31:27Z,2681,7600,7700,112
2026-08-27T09:31:27Z,2682,2500,2500,100
2026-08-27T09:31:27Z,2683,5000,5000,206
2026-08-27T09:31:27Z,2684,3400,3400,128
2026-08-27T09:31:27Z,2685,990400,990400,58
2026-08-27T09:31:27Z,2686,709800,709800,48
2026-08-27T09:31:27Z,2687,21000,39200,968
2026-08-27T09:31:27Z,2692,49000100,49000100,20
2026-08-27T09:31:27Z,2723,50100,50100,29
2026-08-27T09:31:27Z,2725,722200,722200,28
2026-08-27T09:31:27Z,2728,1704300,1704300,32
2026-08-27T09:31:27Z,2730,504100,504100,29
2026-08-27T09:31:27Z,2732,9990000,9990000,21
2026-08-27T09:31:27Z,2734,550000,550000,28
2026-08-27T09:31:27Z,2735,308800,308800,34
2026-08-27T09:31:27Z,2738,2500000,2500000,5
2026-08-27T09:31:27Z,2740,3009900,3009900,25
2026-08-27T09:31:27Z,2742,504900,504900,32
2026-08-27T09:31:27Z,2744,9993400,9993400,23
2026-08-27T09:31:27Z,2745,603700,603700,40
2026-08-27T09:31:27Z,2748,990000,990000,30
2026-08-27T09:31:27Z,2749,450000,450000,37
2026-08-27T09:31:27Z,2750,451600,451600,32
2026-08-27T09:31:27Z,2751,750000,750000,29
2026-08-27T09:31:27Z,2770,17100,33500,186347
2026-08-27T09:31:27Z,2771,20000,29700,76595
2026-08-27T09:31:27Z,2772,52300,52400,9051
2026-08-27T09:31:27Z,2775,129900,134900,3123
2026-08-27T09:31:27Z,2776,60000,68900,9780
2026-08-27T09:31:27Z,2798,4700,4900,220
2026-08-27T09:31:27Z,2799,400,500,128
2026-08-27T09:31:27Z,2835,700,800,1272382
2026-08-27T09:31:27Z,2836,4900,4900,30972
2026-08-27T09:31:27Z,2838,500,900,16953
2026-08-27T09:31:27Z,2840,16900,30000,51383
2026-08-27T09:31:27Z,2841,38500,38500,26074
2026-08-27T09:31:27Z,2842,128700,139900,1991
2026-08-27T09:31:27Z,2862,200,200,408
2026-08-27T09:31:27Z,2863,200,200,120
2026-08-27T09:31:27Z,2871,2500,3600,457
2026-08-27T09:31:27Z,2880,100,100,11306
2026-08-27T09:31:27Z,2886,8500,11300,2526
2026-08-27T09:31:27Z,2888,59700,59900,71
2026-08-27T09:31:27Z,2892,112900,112900,74
2026-08-27T09:31:27Z,2893,290000000,290000000,2
2026-08-27T09:31:27Z,2894,727800,727800,25
2026-08-27T09:31:27Z,2924,1600,1800,1849
2026-08-27T09:31:27Z,2928,1500000100,1500000100,1
2026-08-27T09:31:27Z,2930,290000100,290000100,1
2026-08-27T09:31:27Z,2934,14200,55000,24739
2026-08-27T09:31:27Z,2940,300100,49000100,22
2026-08-27T09:31:27Z,2946,198000000,198000000,8
2026-08-27T09:31:27Z,2947,39994600,39994600,101
2026-08-27T09:31:27Z,2996,1600,4500,178948
2026-08-27T09:31:27Z,2997,5600,5700,2582
2026-08-27T09:31:27Z,3010,19900100,19900100,40
2026-08-27T09:31:27Z,3012,10000,10000,176
2026-08-27T09:31:27Z,3013,15300,15300,63
2026-08-27T09:31:27Z,3030,9100100,9100100,1100
2026-08-27T09:31:27Z,3033,4900000,4900100,201
2026-08-27T09:31:27Z,3107,3500000000,3500000000,1
2026-08-27T09:31:27Z,3108,3430350100,3430350100,1
2026-08-27T09:31:27Z,3111,3438351700,3438351700,1
2026-08-27T09:31:27Z,3137,19989900,19989900,9
2026-08-27T09:31:27Z,3164,14959900,14959900,20
2026-08-27T09:31:27Z,3167,49000200,49000200,20
2026-08-27T09:31:27Z,3168,2000100,49000100,22
2026-08-27T09:31:27Z,3169,500,500,39
2026-08-27T09:31:27Z,3170,500,500,48
2026-08-27T09:31:27Z,3171,5000,5000,39
2026-08-27T09:31:27Z,3173,700,4000,6228
2026-08-27T09:31:27Z,3174,290000100,290000100,1
2026-08-27T09:31:27Z,3175,50200,50200,32
2026-08-27T09:31:27Z,3176,49000000,49000000,20
2026-08-27T09:31:27Z,3177,49001000,49001000,20
2026-08-27T09:31:27Z,3179,49000200,49000200,20
2026-08-27T09:31:27Z,3180,15000,15000,34
2026-08-27T09:31:27Z,3181,66600,490000,110
2026-08-27T09:31:27Z,3182,681800,681800,231
2026-08-27T09:31:27Z,3220,2100,2100,25
2026-08-27T09:31:27Z,3239,200,200,254
2026-08-27T09:31:27Z,3240,4900,4900,233
2026-08-27T09:31:27Z,3241,4900,4900,282
2026-08-27T09:31:27Z,3299,100,100,40
2026-08-27T09:31:27Z,3300,22100,22100,236
2026-08-27T09:31:27Z,3301,500,500,43
2026-08-27T09:31:27Z,3340,999500,9949800,69
2026-08-27T09:31:27Z,3355,32500,890000,7636
2026-08-27T09:31:27Z,3356,43500,69900,5195
2026-08-27T09:31:27Z,3357,49000,57200,37061
2026-08-27T09:31:27Z,3358,189100,189600,4495
2026-08-27T09:31:27Z,3369,127400,152400,1571
2026-08-27T09:31:27Z,3371,100,100,13729
2026-08-27T09:31:27Z,3372,49009400,49009500,26
2026-08-27T09:31:27Z,3382,10000,23000,564
2026-08-27T09:31:27Z,3383,990000,990000,220
2026-08-27T09:31:27Z,3385,100,300,446
2026-08-27T09:31:27Z,3386,64200,64200,221
2026-08-27T09:31:27Z,3387,384900,384900,117
2026-08-27T09:31:27Z,3388,8300,8500,183
2026-08-27T09:31:27Z,3389,20400,20400,151
2026-08-27T09:31:27Z,3390,497900,497900,439
2026-08-27T09:31:27Z,3391,391400,391400,283
2026-08-27T09:31:27Z,3401,117400,49007400,23
2026-08-27T09:31:27Z,3402,89600,49009600,23
2026-08-27T09:31:27Z,3403,49000400,49000400,20
2026-08-27T09:31:27Z,3404,10000,67900,5212
2026-08-27T09:31:27Z,3448,2990500,2990500,35
2026-08-27T09:31:27Z,3464,1500000100,1500000100,1
2026-08-27T09:31:27Z,3465,5500000100,5500000100,1
2026-08-27T09:31:27Z,3466,1800,1800,8625
2026-08-27T09:31:27Z,3470,1400,1500,2736
2026-08-27T09:31:27Z,3478,4000,4400,36250
2026-08-27T09:31:27Z,3486,12200,12900,221917
2026-08-27T09:31:27Z,3530,50000,50000,210
2026-08-27T09:31:27Z,3531,1000,1000,216
2026-08-27T09:31:27Z,3575,58800,60000,1840
2026-08-27T09:31:27Z,3576,21000,21000,3016
2026-08-27T09:31:27Z,3577,68500,68500,2806
2026-08-27T09:31:27Z,3662,77700,77700,187
2026-08-27T09:31:27Z,3663,4200,4200,212
2026-08-27T09:31:27Z,3664,500,500,154
2026-08-27T09:31:27Z,3665,2500,2500,406
2026-08-27T09:31:27Z,3666,500,500,109
2026-08-27T09:31:27Z,3667,300,700,3577
2026-08-27T09:31:27Z,3669,3300,3300,46
2026-08-27T09:31:27Z,3670,140000,140000,253
2026-08-27T09:31:27Z,3671,2600,2600,25
2026-08-27T09:31:27Z,3673,149000,149000,68
2026-08-27T09:31:27Z,3674,1100,49001100,23
2026-08-27T09:31:27Z,3676,69800,69800,240
2026-08-27T09:31:27Z,3685,2100,3400,72095
2026-08-27T09:31:27Z,3702,49000800,49000800,20
2026-08-27T09:31:27Z,3703,9995800,9995800,22
2026-08-27T09:31:27Z,3712,49500,50000,9906
2026-08-27T09:31:27Z,3713,2220000,2220000,8
2026-08-27T09:31:27Z,3726,9000,6625200,26
2026-08-27T09:31:27Z,3727,100000,100000,77
2026-08-27T09:31:27Z,3728,131000,131000,244
2026-08-27T09:31:27Z,3729,1000,9940400,22
2026-08-27T09:31:27Z,3730,1000,1300,1570
2026-08-27T09:31:27Z,3731,98300,930000,3632
2026-08-27T09:31:27Z,3745,120000000,120000000,12
2026-08-27T09:31:27Z,3769,450000100,450000100,1
2026-08-27T09:31:27Z,3770,700,800,267
2026-08-27T09:31:27Z,3771,1400,1500,53
2026-08-27T09:31:27Z,3775,149800,149800,78
2026-08-27T09:31:27Z,3776,290000300,290000300,1
2026-08-27T09:31:27Z,3818,107700,107700,3171
2026-08-27T09:31:27Z,3819,106900,135700,10191
2026-08-27T09:31:27Z,3820,26800,41000,2390
2026-08-27T09:31:27Z,3821,190000,190000,591
2026-08-27T09:31:27Z,3823,233400,233400,332
2026-08-27T09:31:27Z,3824,635200,642600,536
2026-08-27T09:31:27Z,3825,49900,49900,116
2026-08-27T09:31:27Z,3826,89400,89400,243
2026-08-27T09:31:27Z,3827,2100,3300,961
2026-08-27T09:31:27Z,3828,1345600,1345600,185
2026-08-27T09:31:27Z,3829,766600,766600,509
2026-08-27T09:31:27Z,3857,1700,39900,2237
2026-08-27T09:31:27Z,3858,48800,49500,7582
2026-08-27T09:31:27Z,3859,83000,100000,1899
2026-08-27T09:31:27Z,3860,57400,58000,20674
2026-08-27T09:31:27Z,3864,9900,10000,839
2026-08-27T09:31:27Z,3927,8900,8900,2369
2026-08-27T09:31:27Z,3928,7500,7500,555
2026-08-27T09:31:27Z,3931,5500,5500,39
2026-08-27T09:31:27Z,4093,49001100,49001100,20
2026-08-27T09:31:27Z,4097,7000,7000,28
2026-08-27T09:31:27Z,4099,990001700,990001700,1
2026-08-27T09:31:27Z,4231,35000,59800,11233
2026-08-27T09:31:27Z,4232,18000,25000,3301
2026-08-27T09:31:27Z,4233,29500,59800,18837
2026-08-27T09:31:27Z,4234,64500,117400,33889
2026-08-27T09:31:27Z,4235,500000,539800,1334
2026-08-27T09:31:27Z,4236,595100,595100,1403
2026-08-27T09:31:27Z,4265,1800,1800,66
2026-08-27T09:31:27Z,4278,359900,359900,140
2026-08-27T09:31:27Z,4289,100,100,233229
2026-08-27T09:31:27Z,4291,700,700,34979
2026-08-27T09:31:27Z,4304,50900,110400,67265
2026-08-27T09:31:27Z,4305,2400,3500,32923
2026-08-27T09:31:27Z,4306,500,800,328192
2026-08-27T09:31:27Z,4337,1500,7000,20765
2026-08-27T09:31:27Z,4338,800,1000,233374
2026-08-27T09:31:27Z,4339,8000,9000,2661
2026-08-27T09:31:27Z,4340,600,600,11790
2026-08-27T09:31:27Z,4341,600,700,36617
2026-08-27T09:31:27Z,4342,5000,5000,17187
2026-08-27T09:31:27Z,4357,1400,1500,21394
2026-08-27T09:31:27Z,4358,3100,3100,391
2026-08-27T09:31:27Z,4359,29400,29400,44590
2026-08-27T09:31:27Z,4360,500,1000,341
2026-08-27T09:31:27Z,4361,6500,6500,54
2026-08-27T09:31:27Z,4363,3400,3400,31
2026-08-27T09:31:27Z,4364,1000,1500,5748
2026-08-27T09:31:27Z,4365,200,700,328
2026-08-27T09:31:27Z,4366,43900,43900,120
2026-08-27T09:31:27Z,4367,137300,137300,111
2026-08-27T09:31:27Z,4370,1000,3000,150
2026-08-27T09:31:27Z,4371,74500,74700,7325
2026-08-27T09:31:27Z,4374,106900,106900,48
2026-08-27T09:31:27Z,4375,42000,52000,1692
2026-08-27T09:31:27Z,4377,7200,7700,3164
2026-08-27T09:31:27Z,4378,46000,46000,39
2026-08-27T09:31:27Z,4380,1500,1500,147
2026-08-27T09:31:27Z,4382,59000,75300,746
2026-08-27T09:31:27Z,4384,78800,100000,208
2026-08-27T09:31:27Z,4387,73000,490000,707
2026-08-27T09:31:27Z,4389,66600,449800,720
2026-08-27T09:31:27Z,4390,14800,14800,341
2026-08-27T09:31:27Z,4391,638800,638800,24
2026-08-27T09:31:27Z,4392,1152200,1152200,149
2026-08-27T09:31:27Z,4394,199900,199900,80
2026-08-27T09:31:27Z,4395,9985500,9985500,20
2026-08-27T09:31:27Z,4398,430200,430200,139
2026-08-27T09:31:27Z,4399,300,300,13896
2026-08-27T09:31:27Z,4400,3600,3600,2780
2026-08-27T09:31:27Z,4402,669600,744000,1696
2026-08-27T09:31:27Z,4404,43300,49500,1234
2026-08-27T09:31:27Z,4405,32000,32500,174
2026-08-27T09:31:27Z,4406,450000,450000,75
2026-08-27T09:31:27Z,4407,24500,44500,136
2026-08-27T09:31:27Z,4419,8900,8900,70
2026-08-27T09:31:27Z,4422,22500,22500,243
2026-08-27T09:31:27Z,4424,7500,7500,202
2026-08-27T09:31:27Z,4425,22500,22500,152
2026-08-27T09:31:27Z,4426,7100,7100,261
2026-08-27T09:31:27Z,4428,40000,40000,44
2026-08-27T09:31:27Z,4457,5940200,9758600,215
2026-08-27T09:31:27Z,4459,290000200,290000200,1
2026-08-27T09:31:27Z,4460,1550000,1550000,31
2026-08-27T09:31:27Z,4461,75000,89500,920
2026-08-27T09:31:27Z,4470,100,100,10288
2026-08-27T09:31:27Z,4479,102700,102700,25
2026-08-27T09:31:27Z,4480,5000,6000,46
2026-08-27T09:31:27Z,4481,870000,870000,16
2026-08-27T09:31:27Z,4536,100,100,233
2026-08-27T09:31:27Z,4537,60000,60000,83
2026-08-27T09:31:27Z,4538,400,400,51
2026-08-27T09:31:27Z,4539,800,800,39
2026-08-27T09:31:27Z,4540,2700,2700,74
2026-08-27T09:31:27Z,4541,4800,4800,58
2026-08-27T09:31:27Z,4542,1000,1000,31
2026-08-27T09:31:27Z,4544,500,500,37
2026-08-27T09:31:27Z,4552,49000800,49000800,20
2026-08-27T09:31:27Z,4553,5500000700,5500000700,1
2026-08-27T09:31:27Z,4554,49001100,49001100,24
2026-08-27T09:31:27Z,4555,200,200,60
2026-08-27T09:31:27Z,4556,13100,13100,34
2026-08-27T09:31:27Z,4557,999700,49009700,23
2026-08-27T09:31:27Z,4558,7900500,7900500,120
2026-08-27T09:31:27Z,4580,49001200,49001200,20
2026-08-27T09:31:27Z,4581,49001300,49001300,20
2026-08-27T09:31:27Z,4582,113900,113900,31
2026-08-27T09:31:27Z,4583,49001300,49001300,22
2026-08-27T09:31:27Z,4584,5500001500,5500001500,1
2026-08-27T09:31:27Z,4585,800,800,27
2026-08-27T09:31:27Z,4586,5300,5300,37
2026-08-27T09:31:27Z,4587,53200,53200,32
2026-08-27T09:31:27Z,4588,2400000,2400000,4
2026-08-27T09:31:27Z,4589,290000800,290000800,1
2026-08-27T09:31:27Z,4590,1500001000,1500001000,1
2026-08-27T09:31:27Z,4591,1500000700,1500000700,1
2026-08-27T09:31:27Z,4592,600,800,253
2026-08-27T09:31:27Z,4593,4400,4400,185
2026-08-27T09:31:27Z,4594,2500,2500,39
2026-08-27T09:31:27Z,4595,7600,7600,36
2026-08-27T09:31:27Z,4596,6448100,6448100,9
2026-08-27T09:31:27Z,4599,2900,2900,70
2026-08-27T09:31:27Z,4600,2600,2600,111
2026-08-27T09:31:27Z,4601,2400,2400,29
2026-08-27T09:31:27Z,4602,400,400,30
2026-08-27T09:31:27Z,4603,140000,149700,13992
2026-08-27T09:31:27Z,4604,39900,39900,34
2026-08-27T09:31:27Z,4605,400,3400,32
2026-08-27T09:31:27Z,4606,3200,9902100,23
2026-08-27T09:31:27Z,4607,1500,1500,24
2026-08-27T09:31:27Z,4608,1200,150000,26
2026-08-27T09:31:27Z,4611,510300,510300,85
2026-08-27T09:31:27Z,4623,96400,9990000,36
2026-08-27T09:31:27Z,4625,37700,890000,20404
2026-08-27T09:31:27Z,4655,324500,324500,81
2026-08-27T09:31:27Z,4656,20200,20200,64
2026-08-27T09:31:27Z,4757,596100,596100,52
2026-08-27T09:31:27Z,4775,4000,4000,41
2026-08-27T09:31:27Z,4776,10000,10000,40
2026-08-27T09:31:27Z,4779,49000100,49000100,21
2026-08-27T09:31:27Z,4780,49000100,49000100,22
2026-08-27T09:31:27Z,4784,400,400,297
2026-08-27T09:31:27Z,4787,600,600,202
2026-08-27T09:31:27Z,4791,5200,5200,35
2026-08-27T09:31:27Z,4813,21300,21300,36
2026-08-27T09:31:27Z,4814,500,700,41
2026-08-27T09:31:27Z,4852,19993400,19993400,10
2026-08-27T09:31:27Z,4865,10000,10000,131
2026-08-27T09:31:27Z,4867,5468900,5468900,26
2026-08-27T09:31:27Z,4872,39999900,49000000,23
2026-08-27T09:31:27Z,4873,49000100,49000100,20
2026-08-27T09:31:27Z,4874,78900,78900,35
2026-08-27T09:31:27Z,4875,49000100,49000100,35
2026-08-27T09:31:27Z,4876,140000,150000,26
2026-08-27T09:31:27Z,4877,42208600,49000900,23
2026-08-27T09:31:27Z,4879,290000100,290000100,2
2026-08-27T09:31:27Z,4880,1500000200,1500000200,1
2026-08-27T09:31:27Z,4960,1500000100,1500000100,1
2026-08-27T09:31:27Z,5042,25400,25400,509
2026-08-27T09:31:27Z,5048,66600,66600,136
2026-08-27T09:31:27Z,5051,1200,3100,268
2026-08-27T09:31:27Z,5066,100000,100000,58
2026-08-27T09:31:27Z,5075,400,400,68
2026-08-27T09:31:27Z,5082,3911700,3911700,56
2026-08-27T09:31:27Z,5095,10600,10700,33
2026-08-27T09:31:27Z,5113,39900,39900,33
2026-08-27T09:31:27Z,5114,300,300,64
2026-08-27T09:31:27Z,5115,400,400,45
2026-08-27T09:31:27Z,5117,300000,300000,28
2026-08-27T09:31:27Z,5118,7900100,8500100,26
2026-08-27T09:31:27Z,5121,49000300,49000300,20
2026-08-27T09:31:27Z,5122,49000500,49000500,20
2026-08-27T09:31:27Z,5123,9500000200,9500000200,1
2026-08-27T09:31:27Z,5124,163400,49009000,21
2026-08-27T09:31:27Z,5125,49000100,49000100,21
2026-08-27T09:31:27Z,5128,707200,49007200,23
2026-08-27T09:31:27Z,5133,49005400,49005400,20
2026-08-27T09:31:27Z,5134,40000000,40000000,25
2026-08-27T09:31:27Z,5135,4800,49004800,21
2026-08-27T09:31:27Z,5136,200,200,33
2026-08-27T09:31:27Z,5137,400,400,60
2026-08-27T09:31:27Z,5140,32009800,49009800,21
2026-08-27T09:31:27Z,5173,49000100,49000100,18
2026-08-27T09:31:27Z,5205,5000,5000,45
2026-08-27T09:31:27Z,5206,12500,12500,37
2026-08-27T09:31:27Z,5237,54400,54400,46
2026-08-27T09:31:27Z,5263,59800,60000,279
2026-08-27T09:31:27Z,5329,4990000,4990000,42
2026-08-27T09:31:27Z,5342,3000,3000,30
2026-08-27T09:31:27Z,5361,49000000,49000000,20
2026-08-27T09:31:27Z,5362,290000100,290000100,1
2026-08-27T09:31:27Z,5363,2260600,2260600,25
2026-08-27T09:31:27Z,5364,290000100,290000100,1
2026-08-27T09:31:27Z,5367,49900,49900,28
2026-08-27T09:31:27Z,5368,1750100,1750100,29
2026-08-27T09:31:27Z,5369,45000100,45000100,28
2026-08-27T09:31:27Z,5370,197992000,197992000,17
2026-08-27T09:31:27Z,5371,150100,150100,31
2026-08-27T09:31:27Z,5373,352200,391300,67
2026-08-27T09:31:27Z,5374,153500,153500,44
2026-08-27T09:31:27Z,5375,49000200,49000200,19
2026-08-27T09:31:27Z,5376,53800,53800,37
2026-08-27T09:31:27Z,5377,150100,150100,30
2026-08-27T09:31:27Z,5379,1110100,49000100,20
2026-08-27T09:31:27Z,5427,150300,49000300,22
2026-08-27T09:31:27Z,5428,20000,20000,109
2026-08-27T09:31:27Z,5429,3000000,3000000,28
2026-08-27T09:31:27Z,5430,49000500,49000500,20
2026-08-27T09:31:27Z,5431,150300,150300,53
2026-08-27T09:31:27Z,5432,150500,150500,62
2026-08-27T09:31:27Z,5433,99990500,99990500,2
2026-08-27T09:31:27Z,5435,49000500,49000500,20
2026-08-27T09:31:27Z,5465,700,1000,5186
2026-08-27T09:31:27Z,5466,1800,2000,3887
2026-08-27T09:31:27Z,5467,1900,4100,1809
2026-08-27T09:31:27Z,5468,1300000,1300000,515
2026-08-27T09:31:27Z,5469,1000,1500,2822
2026-08-27T09:31:27Z,5470,12200,199900,1391
2026-08-27T09:31:27Z,5471,300,400,1688
2026-08-27T09:31:27Z,5472,400,500,374
2026-08-27T09:31:27Z,5473,9909800,9909800,20
2026-08-27T09:31:27Z,5474,1002700,1002700,117
2026-08-27T09:31:27Z,5476,9893000,9893000,60
2026-08-27T09:31:27Z,5477,24100,44500,58
2026-08-27T09:31:27Z,5478,340800,340800,79
2026-08-27T09:31:27Z,5479,79600,79600,84
2026-08-27T09:31:27Z,5480,449300,449300,180
2026-08-27T09:31:27Z,5498,299800,990000,243
2026-08-27T09:31:27Z,5500,40000,60000,355
2026-08-27T09:31:27Z,5503,1300,2900,43166
2026-08-27T09:31:27Z,5504,5000,5900,3862
2026-08-27T09:31:27Z,5506,49000200,49000200,22
2026-08-27T09:31:27Z,5523,10600,10600,60
2026-08-27T09:31:27Z,5524,750000,750000,720
2026-08-27T09:31:27Z,5525,150000,150000,204
2026-08-27T09:31:27Z,5526,2400,2400,200
2026-08-27T09:31:27Z,5527,28500,150000,443
2026-08-27T09:31:27Z,5529,9900200,9900200,100
2026-08-27T09:31:27Z,5530,290000100,290000100,3
2026-08-27T09:31:27Z,5565,990001900,990001900,1
2026-08-27T09:31:27Z,5566,49003900,49003900,20
2026-08-27T09:31:27Z,5567,49006900,49006900,25
2026-08-27T09:31:27Z,5568,5500000100,5500000100,1
2026-08-27T09:31:27Z,5569,30300,30300,30
2026-08-27T09:31:27Z,5602,290000100,290000100,1
2026-08-27T09:31:27Z,5631,27000,27000,357
2026-08-27T09:31:27Z,5633,416600,416600,59
2026-08-27T09:31:27Z,5634,339100,339100,367
2026-08-27T09:31:27Z,5635,5000,103600,2968
2026-08-27T09:31:27Z,5636,290000200,290000200,1
2026-08-27T09:31:27Z,5637,12100,18000,4238
2026-08-27T09:31:27Z,5740,21600,21600,56
2026-08-27T09:31:27Z,5741,5500000200,5500000200,1
2026-08-27T09:31:27Z,5784,2200,2900,4652
2026-08-27T09:31:27Z,5785,9900,13800,938
2026-08-27T09:31:27Z,5829,1000,1000,69
2026-08-27T09:31:27Z,5833,57900,57900,38
2026-08-27T09:31:27Z,5871,290000500,290000500,1
2026-08-27T09:31:27Z,5996,194000,194100,327
2026-08-27T09:31:27Z,5997,1000,1000,540
2026-08-27T09:31:27Z,6037,25500,77700,10350
2026-08-27T09:31:27Z,6038,9996100,9996100,38
2026-08-27T09:31:27Z,6041,6000000,6000000,32
2026-08-27T09:31:27Z,6042,91000,329300,77
2026-08-27T09:31:27Z,6043,307800,308200,130
2026-08-27T09:31:27Z,6048,47200,47200,957
2026-08-27T09:31:27Z,6049,28600,28600,376
2026-08-27T09:31:27Z,6050,900,1000,262
2026-08-27T09:31:27Z,6051,40700,990000,242
2026-08-27T09:31:27Z,6052,20000,116100,308
2026-08-27T09:31:27Z,6149,400,2300,488
2026-08-27T09:31:27Z,6150,1405900,12010000,1587
2026-08-27T09:31:27Z,6260,100,100,7925
2026-08-27T09:31:27Z,6261,2900,2900,22499
2026-08-27T09:31:27Z,6289,300,1000,9558
2026-08-27T09:31:27Z,6290,300,400,294
2026-08-27T09:31:27Z,6291,300,300,6305
2026-08-27T09:31:27Z,6293,49000100,49000100,28
2026-08-27T09:31:27Z,6296,12000100,12000100,25
2026-08-27T09:31:27Z,6297,49900,9904000,103
2026-08-27T09:31:27Z,6298,60200,49000200,21
2026-08-27T09:31:27Z,6299,900,1000,94
2026-08-27T09:31:27Z,6303,3600,4500,3605
2026-08-27T09:31:27Z,6304,290000100,290000100,1
2026-08-27T09:31:27Z,6305,290000100,290000100,1
2026-08-27T09:31:27Z,6306,290000100,290000100,1
2026-08-27T09:31:27Z,6308,3800,4400,34320
2026-08-27T09:31:27Z,6316,4069600,4069600,180
2026-08-27T09:31:27Z,6317,150000,150000,2046
2026-08-27T09:31:27Z,6358,26800,57600,31728
2026-08-27T09:31:27Z,6359,25000,37300,19516
2026-08-27T09:31:27Z,6361,1100,3500,4670
2026-08-27T09:31:27Z,6362,1400,199900,3746
2026-08-27T09:31:27Z,6370,64700,64700,6261
2026-08-27T09:31:27Z,6371,49800,50000,3769
2026-08-27T09:31:27Z,6372,69900,89900,790
2026-08-27T09:31:27Z,6373,100000,100000,421
2026-08-27T09:31:27Z,6444,1000000,49006900,21
2026-08-27T09:31:27Z,6445,14900,14900,31
2026-08-27T09:31:27Z,6450,2200,2200,419
2026-08-27T09:31:27Z,6451,17100,17100,516
2026-08-27T09:31:27Z,6452,4000,99900,408
2026-08-27T09:31:27Z,6453,2883400,2883400,177
2026-08-27T09:31:27Z,6455,2000100,2000100,212
2026-08-27T09:31:27Z,6456,150100,150100,75
2026-08-27T09:31:27Z,6457,49000100,49000100,20
2026-08-27T09:31:27Z,6458,1100100,1100100,173
2026-08-27T09:31:27Z,6470,5900,6900,1744
2026-08-27T09:31:27Z,6471,9700,9800,1159
2026-08-27T09:31:27Z,6522,290000,310000,20836
2026-08-27T09:31:27Z,6529,200,400,2143
2026-08-27T09:31:27Z,6530,100,100,690
2026-08-27T09:31:27Z,6532,100,200,276
2026-08-27T09:31:27Z,6533,10000,30000,129
2026-08-27T09:31:27Z,6657,304300,304500,77899
2026-08-27T09:31:27Z,6662,110000,110000,9184
2026-08-27T09:31:27Z,6712,213400,213400,1025
2026-08-27T09:31:27Z,6714,148400,148400,392
2026-08-27T09:31:27Z,6807,12000,12000,122
2026-08-27T09:31:27Z,6811,705500,9903500,44
2026-08-27T09:31:27Z,6826,9900,9900,27
2026-08-27T09:31:27Z,6887,60000,60000,220
2026-08-27T09:31:27Z,6888,19900,19900,144
2026-08-27T09:31:27Z,6889,79900,82900,45341
2026-08-27T09:31:27Z,6890,234600,9964900,21
2026-08-27T09:31:27Z,6947,16300,16300,84
2026-08-27T09:31:27Z,6949,290000100,290000100,1
2026-08-27T09:31:27Z,6950,290000000,290000000,2
2026-08-27T09:31:27Z,6951,290000100,290000100,2
2026-08-27T09:31:27Z,6986,9990100,9990100,28
2026-08-27T09:31:27Z,7067,14100,199900,1320
2026-08-27T09:31:27Z,7068,400,400,4945
2026-08-27T09:31:27Z,7069,200000,250000,599
2026-08-27T09:31:27Z,7070,400,900,4502
2026-08-27T09:31:27Z,7071,30000,34500,1052
2026-08-27T09:31:27Z,7072,3867000,3906000,22
2026-08-27T09:31:27Z,7073,300,300,51
2026-08-27T09:31:27Z,7074,2700,2700,33
2026-08-27T09:31:27Z,7075,400,400,2973
2026-08-27T09:31:27Z,7076,10300,92500,62627
2026-08-27T09:31:27Z,7077,400,400,4839
2026-08-27T09:31:27Z,7078,1600,50500,89928
2026-08-27T09:31:27Z,7079,4300,5700,1892
2026-08-27T09:31:27Z,7080,870000,885800,1730
2026-08-27T09:31:27Z,7081,1150000,1239100,414
2026-08-27T09:31:27Z,7082,239900,749900,2317
2026-08-27T09:31:27Z,7096,10000,10000,44
2026-08-27T09:31:27Z,7097,600,600,89
2026-08-27T09:31:27Z,7098,9900,9900,43
2026-08-27T09:31:27Z,7099,180000,180000,52
2026-08-27T09:31:27Z,7100,39900,39900,37
2026-08-27T09:31:27Z,7101,101900,101900,48
2026-08-27T09:31:27Z,7191,39600,44900,8765
2026-08-27T09:31:27Z,7228,98800,98800,957
2026-08-27T09:31:27Z,7286,7700,9200,1827
2026-08-27T09:31:27Z,7287,1500000200,1500000200,1
2026-08-27T09:31:27Z,7296,126300,49006300,21
2026-08-27T09:31:27Z,7307,800,800,67
2026-08-27T09:31:27Z,7392,205000,237000,478
2026-08-27T09:31:27Z,7428,290003800,290003800,1
2026-08-27T09:31:27Z,7676,15200,15200,791
2026-08-27T09:31:27Z,7909,5000,50000,75677
2026-08-27T09:31:27Z,7910,6000,6300,1049
2026-08-27T09:31:27Z,7911,40600,40900,16228
2026-08-27T09:31:27Z,7912,10100,21400,180341
2026-08-27T09:31:27Z,7964,9900,9900,288
2026-08-27T09:31:27Z,7965,46400,46400,183
2026-08-27T09:31:27Z,7966,109500,109500,1437
2026-08-27T09:31:27Z,7967,309400,566100,79
2026-08-27T09:31:27Z,7971,53100,63200,549
2026-08-27T09:31:27Z,7972,400,500,4144
2026-08-27T09:31:27Z,7973,304400,304400,237
2026-08-27T09:31:27Z,7974,200,800,26936
2026-08-27T09:31:27Z,8067,9990100,9990100,1925
2026-08-27T09:31:27Z,8068,49000100,49000100,21
2026-08-27T09:31:27Z,8069,49000100,49000100,22
2026-08-27T09:31:27Z,8146,600,49000600,23
2026-08-27T09:31:27Z,8150,400,400,3005
2026-08-27T09:31:27Z,8151,5300,9905300,105
2026-08-27T09:31:27Z,8152,150000,9900000,79
2026-08-27T09:31:27Z,8153,4200000,5470100,2452
2026-08-27T09:31:27Z,8154,4000,5000,3414
2026-08-27T09:31:27Z,8165,70000,90000,1406
2026-08-27T09:31:27Z,8167,84400,84400,59378
2026-08-27T09:31:27Z,8169,16800,58100,13957
2026-08-27T09:31:27Z,8170,47500,57300,12233
2026-08-27T09:31:27Z,8171,129900,129900,2750
2026-08-27T09:31:27Z,8172,19000,19300,20805
2026-08-27T09:31:27Z,8173,4500,4500,126
2026-08-27T09:31:27Z,8244,6008500,6008500,115
2026-08-27T09:31:27Z,8343,600,700,25782
2026-08-27T09:31:27Z,8364,13900,9893900,23
2026-08-27T09:31:27Z,8365,7500,8500,2188
2026-08-27T09:31:27Z,8368,990001600,990001600,3
2026-08-27T09:31:27Z,8391,19909900,19909900,13
2026-08-27T09:31:27Z,8392,195550000,195550000,1
2026-08-27T09:31:27Z,8393,19990000,19990000,19
2026-08-27T09:31:27Z,8394,39999500,39999500,5
2026-08-27T09:31:27Z,8396,9990500,9990500,18
2026-08-27T09:31:27Z,8483,49000300,49000300,20
2026-08-27T09:31:27Z,8508,290000300,290000300,1
2026-08-27T09:31:27Z,8544,32700,32700,353
2026-08-27T09:31:27Z,8545,3000,3000,316
2026-08-27T09:31:27Z,8766,200,200,249
2026-08-27T09:31:27Z,8827,149600,174700,1660
2026-08-27T09:31:27Z,8831,70000,70000,18524
2026-08-27T09:31:27Z,8836,25000000,38777700,51
2026-08-27T09:31:27Z,8838,22100,29500,19007
2026-08-27T09:31:27Z,8839,299500,390000,7169
2026-08-27T09:31:27Z,8845,1729900,1730000,3455
2026-08-27T09:31:27Z,8846,62400,890000,13839
2026-08-27T09:31:27Z,8923,290572800,290572800,1
2026-08-27T09:31:27Z,8924,990000100,990000100,1
2026-08-27T09:31:27Z,8925,49002000,49002000,22
2026-08-27T09:31:27Z,8926,1500000200,1500000200,1
2026-08-27T09:31:27Z,8928,1500000400,1500000400,1
2026-08-27T09:31:27Z,8932,400,9762400,29
2026-08-27T09:31:27Z,8948,5000300,5000300,29
2026-08-27T09:31:27Z,8949,20000,20000,2887
2026-08-27T09:31:27Z,8950,5900,6000,29
2026-08-27T09:31:27Z,8951,3700,3700,861
2026-08-27T09:31:27Z,8952,200,200,58
2026-08-27T09:31:27Z,8953,2200,2200,45
2026-08-27T09:31:27Z,8956,70000,70000,155
2026-08-27T09:31:27Z,8957,9500,9500,103
2026-08-27T09:31:27Z,8959,1200,890000,2001
2026-08-27T09:31:27Z,8984,290000100,290000100,1
2026-08-27T09:31:27Z,8985,1500000100,1500000100,1
2026-08-27T09:31:27Z,9030,2500900,9790900,25
2026-08-27T09:31:27Z,9060,497400,497400,270
2026-08-27T09:31:27Z,9061,58200,69900,1947
2026-08-27T09:31:27Z,9088,199900,199900,245
2026-08-27T09:31:27Z,9144,179900,990000,250
2026-08-27T09:31:27Z,9154,900,1000,480
2026-08-27T09:31:27Z,9155,18000,18500,233
2026-08-27T09:31:27Z,9172,420000,420200,99
2026-08-27T09:31:27Z,9179,145000,145000,161
2026-08-27T09:31:27Z,9186,1500000300,1500000300,1
2026-08-27T09:31:27Z,9187,139900,139900,178
2026-08-27T09:31:27Z,9197,1200000,1200000,199
2026-08-27T09:31:27Z,9206,567400,567400,286
2026-08-27T09:31:27Z,9210,942400,1990000,781
2026-08-27T09:31:27Z,9224,626400,626400,615
2026-08-27T09:31:27Z,9233,800,800,993
2026-08-27T09:31:27Z,9260,11600,155500,7428
2026-08-27T09:31:27Z,9261,49000400,49000400,23
2026-08-27T09:31:27Z,9262,14500,14800,3159
2026-08-27T09:31:27Z,9264,2090000,2090000,87
2026-08-27T09:31:27Z,9308,8900,28900,797
2026-08-27T09:31:27Z,9312,5100,5100,292
2026-08-27T09:31:27Z,9313,7700,7900,220
2026-08-27T09:31:27Z,9314,49500,50000,94
2026-08-27T09:31:27Z,9315,72500,72500,39
2026-08-27T09:31:27Z,9317,742500,749900,59
2026-08-27T09:31:27Z,9318,9700,9700,170
2026-08-27T09:31:27Z,9332,57200,57200,27
2026-08-27T09:31:27Z,9333,455700,455700,86
2026-08-27T09:31:27Z,9334,9800,9800,27
2026-08-27T09:31:27Z,9335,9907800,9907800,100
2026-08-27T09:31:27Z,9336,434800,434800,34
2026-08-27T09:31:27Z,9355,100600,2000600,26
2026-08-27T09:31:27Z,9356,1503900,49003900,21
2026-08-27T09:31:27Z,9357,495300,49005300,23
2026-08-27T09:31:27Z,9358,40000400,49000400,21
2026-08-27T09:31:27Z,9399,1500000100,1500000100,1
2026-08-27T09:31:27Z,9451,400,400,136
2026-08-27T09:31:27Z,9681,450000100,450000100,1
2026-08-27T09:31:27Z,10285,20000,20300,1396
2026-08-27T09:31:27Z,10286,400,700,6466
2026-08-27T09:31:27Z,10290,1100,1100,25220
2026-08-27T09:31:27Z,10305,10000,10000,12
2026-08-27T09:31:27Z,10306,8900,8900,61
2026-08-27T09:31:27Z,10307,40000,40000,24
2026-08-27T09:31:27Z,10308,130000,130000,1105
2026-08-27T09:31:27Z,10309,34000,36000,99
2026-08-27T09:31:27Z,10310,20000,20000,52
2026-08-27T09:31:27Z,10450,5500000600,5500000600,1
2026-08-27T09:31:27Z,10457,990000300,990000300,1
2026-08-27T09:31:27Z,10505,36100,42400,3544
2026-08-27T09:31:27Z,10507,60000,60000,1983
2026-08-27T09:31:27Z,10512,290000100,290000100,20
2026-08-27T09:31:27Z,10513,49000100,49000100,991
2026-08-27T09:31:27Z,10514,9755100,9755100,3
2026-08-27T09:31:27Z,10546,289900,289900,36
2026-08-27T09:31:27Z,10548,260000,260000,36
2026-08-27T09:31:27Z,10558,30000,30000,1822
2026-08-27T09:31:27Z,10559,144500,170000,806
2026-08-27T09:31:27Z,10560,170000,170000,5266
2026-08-27T09:31:27Z,10561,110500,110500,1260
2026-08-27T09:31:27Z,10562,800,800,168
2026-08-27T09:31:27Z,10586,1108800,1108800,27
2026-08-27T09:31:27Z,10592,100000,149100,458
2026-08-27T09:31:27Z,10593,307500,307500,344
2026-08-27T09:31:27Z,10620,17900,18900,716615
2026-08-27T09:31:27Z,10647,10700,10700,2843
2026-08-27T09:31:27Z,10648,2229900,49009900,25
2026-08-27T09:31:27Z,10839,15000100,15000100,5
2026-08-27T09:31:27Z,10840,290000100,290000100,5
2026-08-27T09:31:27Z,10841,17700,17700,67
2026-08-27T09:31:27Z,10918,133400,133400,45
2026-08-27T09:31:27Z,10920,5500000300,5500000300,2
2026-08-27T09:31:27Z,10921,1500000100,1500000100,1
2026-08-27T09:31:27Z,10922,5500000400,5500000400,1
2026-08-27T09:31:27Z,10938,3000,3900,2262
2026-08-27T09:31:27Z,10939,6600,16700,106682
2026-08-27T09:31:27Z,10940,3000,4000,128174
2026-08-27T09:31:27Z,11018,19800,20000,271
2026-08-27T09:31:27Z,11022,7990000,8000000,73
2026-08-27T09:31:27Z,11040,149900,150000,39
2026-08-27T09:31:27Z,11184,34900,35000,292
2026-08-27T09:31:27Z,11185,22100,23000,297
2026-08-27T09:31:27Z,11186,50000,56100,407
2026-08-27T09:31:27Z,11188,8000,9000,381
2026-08-27T09:31:27Z,11284,4851100,4851100,2198
2026-08-27T09:31:27Z,11285,2500000,2500000,120
2026-08-27T09:31:27Z,11291,12500,13200,2354
2026-08-27T09:31:27Z,11325,26800,26800,45
2026-08-27T09:31:27Z,11370,249900,249900,46422
2026-08-27T09:31:27Z,11371,2190000,2190000,3155
2026-08-27T09:31:27Z,11382,6250000,6250000,1539
2026-08-27T09:31:27Z,11384,2000200,2000200,56
2026-08-27T09:31:27Z,11385,74700,49003000,22
2026-08-27T09:31:27Z,11386,49001100,49001100,27
2026-08-27T09:31:27Z,11387,14000,14000,2
2026-08-27T09:31:27Z,11388,1500000300,1500000300,1
2026-08-27T09:31:27Z,11389,290003300,290003300,1
2026-08-27T09:31:27Z,11390,290000200,290000200,1
2026-08-27T09:31:27Z,11391,800,800,28
2026-08-27T09:31:27Z,11392,1400,1400,29
2026-08-27T09:31:27Z,11393,42000,42000,30
2026-08-27T09:31:27Z,11394,4300,4300,26
2026-08-27T09:31:27Z,11395,49001300,49001300,22
2026-08-27T09:31:27Z,11402,290003800,290003800,1
2026-08-27T09:31:27Z,11403,49002400,49002400,33
2026-08-27T09:31:27Z,11404,92300,92300,39
2026-08-27T09:31:27Z,11406,249700,249700,40
2026-08-27T09:31:27Z,11407,2314300,48000000,25
2026-08-27T09:31:27Z,11408,49001400,49001400,20
2026-08-27T09:31:27Z,11409,792100,792100,25
2026-08-27T09:31:27Z,11410,49000800,49000800,20
2026-08-27T09:31:27Z,11414,49002600,49002600,21
2026-08-27T09:31:27Z,11415,30000,30000,48
2026-08-27T09:31:27Z,11416,5000000,5000000,28
2026-08-27T09:31:27Z,11417,480000,49000000,23
2026-08-27T09:31:27Z,11418,55000,55000,29
2026-08-27T09:31:27Z,11419,290000000,290000000,1
2026-08-27T09:31:27Z,11420,290002600,290002600,1
2026-08-27T09:31:27Z,11444,8400,8400,101
2026-08-27T09:31:27Z,11584,7000,9700,244
2026-08-27T09:31:27Z,11590,300000,300000,136
2026-08-27T09:31:27Z,11630,290000100,290000100,1
2026-08-27T09:31:27Z,11754,5800,7300,8297
2026-08-27T09:31:27Z,11846,704500,704500,29
2026-08-27T09:31:27Z,11939,50000,50000,41
2026-08-27T09:31:27Z,11940,99000,99000,122
2026-08-27T09:31:27Z,11941,29100,29100,28
2026-08-27T09:31:27Z,11942,309000,49009000,23
2026-08-27T09:31:27Z,12003,25000000,25000000,8
2026-08-27T09:31:27Z,12037,89500,90000,2547
2026-08-27T09:31:27Z,12184,1800,1900,34348
2026-08-27T09:31:27Z,12190,20000,39200,234
2026-08-27T09:31:27Z,12202,1400,1500,3036
2026-08-27T09:31:27Z,12203,200,100100,26811
2026-08-27T09:31:27Z,12204,900,1400,3424
2026-08-27T09:31:27Z,12205,300,500,30159
2026-08-27T09:31:27Z,12206,9500,199900,7066
2026-08-27T09:31:27Z,12207,7600,7700,14972
2026-08-27T09:31:27Z,12208,200,500,21300
2026-08-27T09:31:27Z,12209,501500,501500,48
2026-08-27T09:31:27Z,12210,1000,1000,173
2026-08-27T09:31:27Z,12212,10000,9894300,23
2026-08-27T09:31:27Z,12213,66500,66500,87
2026-08-27T09:31:27Z,12214,74300,74300,109
2026-08-27T09:31:27Z,12215,440600,440600,60
2026-08-27T09:31:27Z,12216,500,500,43
2026-08-27T09:31:27Z,12217,979500,979500,33
2026-08-27T09:31:27Z,12218,59900,149900,313
2026-08-27T09:31:27Z,12223,4900,5300,4707
2026-08-27T09:31:27Z,12224,9909900,9909900,20
2026-08-27T09:31:27Z,12238,139900,140000,47
2026-08-27T09:31:27Z,12359,23500,24600,152742
2026-08-27T09:31:27Z,12360,789900,789900,9337
2026-08-27T09:31:27Z,12361,66000,66000,6087
2026-08-27T09:31:27Z,12363,879000,880000,49495
2026-08-27T09:31:27Z,12364,28400,28800,336
2026-08-27T09:31:27Z,12365,2500,2500,114514
2026-08-27T09:31:27Z,12404,4600,10000,1761
2026-08-27T09:31:27Z,12430,199000000,199000000,7
2026-08-27T09:31:27Z,12431,39999600,39999600,5
2026-08-27T09:31:27Z,12432,187156700,187156700,15
2026-08-27T09:31:27Z,12433,49500000,49500000,5
2026-08-27T09:31:27Z,12434,25006500,25006500,8
2026-08-27T09:31:27Z,12435,6000,6000,34
2026-08-27T09:31:27Z,12436,199988200,199988200,1
2026-08-27T09:31:27Z,12607,44800,50000,347
2026-08-27T09:31:27Z,12643,15400,39900,1424
2026-08-27T09:31:27Z,12644,2500,2800,6693
2026-08-27T09:31:27Z,12645,712400,712400,153
2026-08-27T09:31:27Z,12655,62500,62500,2654
2026-08-27T09:31:27Z,12735,7800,7800,29
2026-08-27T09:31:27Z,12799,110000,140000,581
2026-08-27T09:31:27Z,12800,58500,85500,1672
2026-08-27T09:31:27Z,12803,10000,110000,1360
2026-08-27T09:31:27Z,12804,1900,3500,5111
2026-08-27T09:31:27Z,12808,1469900,1479900,2979
2026-08-27T09:31:27Z,12809,980100,980100,536
2026-08-27T09:31:27Z,12810,1050000,1729900,4582
2026-08-27T09:31:27Z,12811,444000,549900,7745
2026-08-27T09:31:27Z,12820,500000,750000,1222
2026-08-27T09:31:27Z,13159,1700,1700,43
2026-08-27T09:31:27Z,13362,501900,49001900,22
2026-08-27T09:31:27Z,13363,96100,49006100,21
2026-08-27T09:31:27Z,13364,149900,49009900,21
2026-08-27T09:31:27Z,13365,509900,49009900,22
2026-08-27T09:31:27Z,13366,49004500,49004500,21
2026-08-27T09:31:27Z,13422,6600,100000,6058
2026-08-27T09:31:27Z,13423,26600,37600,3179
2026-08-27T09:31:27Z,13442,99900,99900,344
2026-08-27T09:31:27Z,13443,400,189500,278
2026-08-27T09:31:27Z,13444,1500,1500,304
2026-08-27T09:31:27Z,13445,46900,46900,372
2026-08-27T09:31:27Z,13446,9700,15300,908
2026-08-27T09:31:27Z,13447,1400,1400,170
2026-08-27T09:31:27Z,13452,180400,180400,299
2026-08-27T09:31:27Z,13453,55000,55000,147
2026-08-27T09:31:27Z,13454,75000,75000,494
2026-08-27T09:31:27Z,13455,51400,51400,201
2026-08-27T09:31:27Z,13456,107200,107200,1388
2026-08-27T09:31:27Z,13457,23000,23000,2916
2026-08-27T09:31:27Z,13458,31500,31500,96
2026-08-27T09:31:27Z,13459,49300,49300,150
2026-08-27T09:31:27Z,13460,1999000,9903500,29
2026-08-27T09:31:27Z,13461,87300,87400,173
2026-08-27T09:31:27Z,13462,175500,307200,444
2026-08-27T09:31:27Z,13463,17700,26900,46495
2026-08-27T09:31:27Z,13464,18800,18800,10887
2026-08-27T09:31:27Z,13465,37700,490000,24443
2026-08-27T09:31:27Z,13466,70000,102700,14245
2026-08-27T09:31:27Z,13467,89600,89600,25101
2026-08-27T09:31:27Z,13468,8860500,9500000,4391
2026-08-27T09:31:27Z,13506,1500000,1500000,612
2026-08-27T09:31:27Z,13510,9992400,9992500,237
2026-08-27T09:31:27Z,13511,11412000,11412000,210
2026-08-27T09:31:27Z,13512,9340700,9440900,214
2026-08-27T09:31:27Z,13546,1431000,9999900,48
2026-08-27T09:31:27Z,13724,9281700,9281700,24
2026-08-27T09:31:27Z,13754,388900,490000,4078
2026-08-27T09:31:27Z,13755,1004500,1004500,968
2026-08-27T09:31:27Z,13756,45800,66400,1587
2026-08-27T09:31:27Z,13757,16800,199900,10465
2026-08-27T09:31:27Z,13758,19500,199900,4217
2026-08-27T09:31:27Z,13759,81000,157200,2019
2026-08-27T09:31:27Z,13760,71000,890000,3885
2026-08-27T09:31:27Z,13851,900,900,78
2026-08-27T09:31:27Z,13888,28700,28800,7875
2026-08-27T09:31:27Z,13889,122500,122500,4195
2026-08-27T09:31:27Z,13890,2220200,2220200,40
2026-08-27T09:31:27Z,13893,2975500,2980000,1613
2026-08-27T09:31:27Z,13926,4400000,4409400,334
2026-08-27T09:31:27Z,13927,150700,150700,49
2026-08-27T09:31:27Z,13928,228900,1888900,99
2026-08-27T09:31:27Z,13929,25800,25800,170
2026-08-27T09:31:27Z,13930,119800,119800,182
2026-08-27T09:31:27Z,13931,100000,100000,153
2026-08-27T09:31:27Z,13932,14900,14900,77
2026-08-27T09:31:27Z,13933,18600,18600,92
2026-08-27T09:31:27Z,13934,45600,45600,51
2026-08-27T09:31:27Z,13935,45000,45000,36
2026-08-27T09:31:27Z,14047,13800,14000,25889
2026-08-27T09:31:27Z,14048,43500,49900,1562
2026-08-27T09:31:27Z,14227,289900,299900,2847
2026-08-27T09:31:27Z,14256,779900,790000,1860
2026-08-27T09:31:27Z,14341,4200,4300,7843
2026-08-27T09:31:27Z,14342,2128500,2128500,537
2026-08-27T09:31:27Z,14343,6300,7300,2856
2026-08-27T09:31:27Z,14344,1000,7200,1029250
2026-08-27T09:31:27Z,14529,1989900,1989900,213
2026-08-27T09:31:27Z,14530,50000,50000,290
2026-08-27T09:31:27Z,15327,3500000000,3500000000,1
2026-08-27T09:31:27Z,15407,48300,48300,2788
2026-08-27T09:31:27Z,15408,710000,711300,1480
2026-08-27T09:31:27Z,15409,49007700,49007700,21
2026-08-27T09:31:27Z,15410,283400,904000,1187
2026-08-27T09:31:27Z,15412,14900,16800,826
2026-08-27T09:31:27Z,15414,80700,80900,469
2026-08-27T09:31:27Z,15415,3505000,3735000,83
2026-08-27T09:31:27Z,15416,10700,12000,2973
2026-08-27T09:31:27Z,15417,220700,220700,79
2026-08-27T09:31:27Z,15419,683000,683000,3943
2026-08-27T09:31:27Z,15420,50000,49000000,23
2026-08-27T09:31:27Z,15422,290000800,290000800,7
2026-08-27T09:31:27Z,15423,290000800,290000800,1
2026-08-27T09:31:27Z,15564,6000,8600,133
2026-08-27T09:31:27Z,15869,5000,7400,593
2026-08-27T09:31:27Z,15870,8800,8900,549
2026-08-27T09:31:27Z,15871,14900,15000,350
2026-08-27T09:31:27Z,15872,399900,507200,74
2026-08-27T09:31:27Z,15992,700,700,4129
2026-08-27T09:31:27Z,15993,10500,10500,109
2026-08-27T09:31:27Z,15994,120000,128900,77549
2026-08-27T09:31:27Z,15997,290000000,290000000,1
2026-08-27T09:31:27Z,16000,93200,890000,344
2026-08-27T09:31:27Z,16005,9992700,9992700,20
2026-08-27T09:31:27Z,16006,1189900,1199800,749
2026-08-27T09:31:27Z,16023,1610600,1610600,225
2026-08-27T09:31:27Z,16040,9994500,9994500,21
2026-08-27T09:31:27Z,16166,28700,28700,46
2026-08-27T09:31:27Z,16167,29800,29800,45
2026-08-27T09:31:27Z,16168,9800000,9800000,20
2026-08-27T09:31:27Z,16169,29900,29900,59
2026-08-27T09:31:27Z,16170,39800,39800,42
2026-08-27T09:31:27Z,16202,110000,199900,6286
2026-08-27T09:31:27Z,16203,220000,443400,20025
2026-08-27T09:31:27Z,16204,9000,11400,16965
2026-08-27T09:31:27Z,16583,290003800,290003800,1
2026-08-27T09:31:27Z,16747,150100,150100,24
2026-08-27T09:31:27Z,16748,49000100,49000100,20
2026-08-27T09:31:27Z,16766,2000,2000,190
2026-08-27T09:31:27Z,16971,9990000,9990000,20
2026-08-27T09:31:27Z,17010,4600,5600,2416
2026-08-27T09:31:27Z,17011,3100,3900,2098
2026-08-27T09:31:27Z,17012,6300,23000,9160
2026-08-27T09:31:27Z,17020,7772300,49002300,101
2026-08-27T09:31:27Z,17021,290000300,290000300,1
2026-08-27T09:31:27Z,17026,990000400,990000400,1
2026-08-27T09:31:27Z,17028,290000300,290000300,1
2026-08-27T09:31:27Z,17029,199999900,199999900,2
2026-08-27T09:31:27Z,17030,299000800,299000800,2
2026-08-27T09:31:27Z,17031,49999600,49999600,47
2026-08-27T09:31:27Z,17032,49000800,49000800,45
2026-08-27T09:31:27Z,17033,290009900,290009900,1
2026-08-27T09:31:27Z,17034,6660000,290000000,16
2026-08-27T09:31:27Z,17036,5500000400,5500000400,1
2026-08-27T09:31:27Z,17037,5500000600,5500000600,1
2026-08-27T09:31:27Z,17038,990000800,990000800,1
2026-08-27T09:31:27Z,17056,100,200,6401
2026-08-27T09:31:27Z,17057,200,9900200,117
2026-08-27T09:31:27Z,17058,1000,1000,203
2026-08-27T09:31:27Z,17119,47300,47400,47
2026-08-27T09:31:27Z,17194,3000,3000,3331
2026-08-27T09:31:27Z,17196,33300,33300,1420
2026-08-27T09:31:27Z,17197,129900,129900,106
2026-08-27T09:31:27Z,17198,407400,407400,40
2026-08-27T09:31:27Z,17202,800,1700,611350
2026-08-27T09:31:27Z,17203,1400000,1700000,458
2026-08-27T09:31:27Z,17222,400,400,147
2026-08-27T09:31:27Z,17303,57800,57800,555
2026-08-27T09:31:27Z,17304,49500,49500,184
2026-08-27T09:31:27Z,17307,49300,49300,159
2026-08-27T09:31:27Z,17344,19900000,19900000,10
2026-08-27T09:31:27Z,17402,900000,900000,59
2026-08-27T09:31:27Z,17403,701500,701500,55
2026-08-27T09:31:27Z,17404,9000,9000,25
2026-08-27T09:31:27Z,17405,50000,50000,84
2026-08-27T09:31:27Z,17406,29800,29800,25
2026-08-27T09:31:27Z,17407,499900,499900,49
2026-08-27T09:31:27Z,17408,9950000,9950000,20
2026-08-27T09:31:27Z,17708,399500,400000,196
2026-08-27T09:31:27Z,17747,9800000,9800000,22
2026-08-27T09:31:27Z,17771,9503500,9503500,606
2026-08-27T09:31:27Z,18042,290000100,290000100,1
2026-08-27T09:31:27Z,18045,500,500,198
2026-08-27T09:31:27Z,18222,3100,9903100,110
2026-08-27T09:31:27Z,18223,6200,6200,56
2026-08-27T09:31:27Z,18224,1800,1800,132
2026-08-27T09:31:27Z,18225,10004400,10004400,27
2026-08-27T09:31:27Z,18226,290000700,290000700,1
2026-08-27T09:31:27Z,18227,254000,49004000,29
2026-08-27T09:31:27Z,18230,30600,30600,36
2026-08-27T09:31:27Z,18232,4440000,4440000,97
2026-08-27T09:31:27Z,18233,49009900,49009900,20
2026-08-27T09:31:27Z,18234,1907700,17777700,25
2026-08-27T09:31:27Z,18236,49003700,49003700,23
2026-08-27T09:31:27Z,18237,22000800,49000800,24
2026-08-27T09:31:27Z,18251,4862600,4862600,21
2026-08-27T09:31:27Z,18253,10000,174700,70
2026-08-27T09:31:27Z,18254,993900,993900,40
2026-08-27T09:31:27Z,18255,200000,200000,2144
2026-08-27T09:31:27Z,18256,40000000,40000000,20
2026-08-27T09:31:27Z,18262,759900,759900,259
2026-08-27T09:31:27Z,18283,79981000,79981000,5
2026-08-27T09:31:27Z,18285,49005500,49005500,20
2026-08-27T09:31:27Z,18286,14500,14500,36
2026-08-27T09:31:27Z,18287,111100,111100,56
2026-08-27T09:31:27Z,18288,111100,111100,225
2026-08-27T09:31:27Z,18294,194000,213300,1613
2026-08-27T09:31:27Z,18300,39990000,39990000,6
2026-08-27T09:31:27Z,18335,5000000,5850000,284
2026-08-27T09:31:27Z,18512,49006800,49006800,20
2026-08-27T09:31:27Z,18562,649900,1120000,4184
2026-08-27T09:31:27Z,18567,62300,62300,13655
2026-08-27T09:31:27Z,18588,150000,150000,156
2026-08-27T09:31:27Z,18594,599900,609900,274
2026-08-27T09:31:27Z,18631,900000,900000,450
2026-08-27T09:31:27Z,18632,47000,47000,80
2026-08-27T09:31:27Z,18633,32000,32000,106
2026-08-27T09:31:27Z,18635,37500,37500,53
2026-08-27T09:31:27Z,18640,118700,118700,45
2026-08-27T09:31:27Z,18641,9909800,9909800,40
2026-08-27T09:31:27Z,18645,1660800,1660800,43
2026-08-27T09:31:27Z,18662,133700,135400,321
2026-08-27T09:31:27Z,18944,50000,2009000,886
2026-08-27T09:31:27Z,18945,200,700,15890
2026-08-27T09:31:27Z,19026,49900,50000,688
2026-08-27T09:31:27Z,19183,100,100,4413
2026-08-27T09:31:27Z,19221,30100,500000,352
2026-08-27T09:31:27Z,19222,61400,61400,73
2026-08-27T09:31:27Z,19223,200,39900,189
2026-08-27T09:31:27Z,19224,19900,19900,181
2026-08-27T09:31:27Z,19225,19800,19900,437
2026-08-27T09:31:27Z,19227,15199900,18378900,42
2026-08-27T09:31:27Z,19230,1519900,2564500,54
2026-08-27T09:31:27Z,19231,1979700,1979900,51
2026-08-27T09:31:27Z,19232,1544100,1544300,25
2026-08-27T09:31:27Z,19233,2990000,39990000,16
2026-08-27T09:31:27Z,19234,2283500,39999700,17
2026-08-27T09:31:27Z,19235,1499900,39990000,17
2026-08-27T09:31:27Z,19236,2396900,8811100,35
2026-08-27T09:31:27Z,19258,19990000,19990000,30
2026-08-27T09:31:27Z,19259,1979900,1980100,42
2026-08-27T09:31:27Z,19260,3727200,3727300,33
2026-08-27T09:31:27Z,19261,2127900,2613800,50
2026-08-27T09:31:27Z,19262,2240000,2247100,25
2026-08-27T09:31:27Z,19263,2286700,2830400,29
2026-08-27T09:31:27Z,19264,1940000,1949900,27
2026-08-27T09:31:27Z,19265,2823000,2901100,38
2026-08-27T09:31:27Z,19268,9880000,9880000,43
2026-08-27T09:31:27Z,19269,3082000,3082300,43
2026-08-27T09:31:27Z,19270,19792000,19792000,18
2026-08-27T09:31:27Z,19271,2803900,2944300,69
2026-08-27T09:31:27Z,19272,4670900,4670900,36
2026-08-27T09:31:27Z,19273,39590100,39590100,27
2026-08-27T09:31:27Z,19274,2400000,2400000,18
2026-08-27T09:31:27Z,19275,2009800,2009800,28
2026-08-27T09:31:27Z,19276,19991600,19991600,26
2026-08-27T09:31:27Z,19278,2480600,19900000,22
2026-08-27T09:31:27Z,19279,3839900,3840600,52
2026-08-27T09:31:27Z,19280,2879100,4380500,19
2026-08-27T09:31:27Z,19281,2499900,2500000,21
2026-08-27T09:31:27Z,19282,39906900,39906900,22
2026-08-27T09:31:27Z,19283,1499900,1834300,49
2026-08-27T09:31:27Z,19284,9890000,9900000,75
2026-08-27T09:31:27Z,19299,1200,1300,273
2026-08-27T09:31:27Z,19300,500,19900,1017
2026-08-27T09:31:27Z,19304,500,500,465
2026-08-27T09:31:27Z,19305,1000,19900,311
2026-08-27T09:31:27Z,19306,19900,39900,288
2026-08-27T09:31:27Z,19440,60000,60000,404
2026-08-27T09:31:27Z,19441,2500,2500,4609
2026-08-27T09:31:27Z,19698,40000,40000,1571
2026-08-27T09:31:27Z,19699,38800,38800,490
2026-08-27T09:31:27Z,19700,14000,14000,317
2026-08-27T09:31:27Z,19701,34100,34100,309
2026-08-27T09:31:27Z,19702,17900,17900,544
2026-08-27T09:31:27Z,19703,33600,40000,1214
2026-08-27T09:31:27Z,19704,37600,37800,1093
2026-08-27T09:31:27Z,19705,33700,34700,1064
2026-08-27T09:31:27Z,19706,20000,20000,271
2026-08-27T09:31:27Z,19726,990000800,990000800,2
2026-08-27T09:31:27Z,19767,1499900,1499900,164
2026-08-27T09:31:27Z,19768,457200,581800,2219
2026-08-27T09:31:27Z,19774,290007600,290007600,20
2026-08-27T09:31:27Z,19931,5006500,5006500,47
2026-08-27T09:31:27Z,19933,19000,19000,37
2026-08-27T09:31:27Z,19935,9500001300,9500001300,1
2026-08-27T09:31:27Z,19936,1500001300,1500001300,1
2026-08-27T09:31:27Z,19937,290001200,290001200,1
2026-08-27T09:31:27Z,19938,49000700,49000700,21
2026-08-27T09:31:27Z,19943,1000000,1000000,6078
2026-08-27T09:31:27Z,19974,5849800,5849800,37
2026-08-27T09:31:27Z,19975,199999900,199999900,14
2026-08-27T09:31:27Z,20002,743900,743900,627
2026-08-27T09:31:27Z,20004,593800,601600,994
2026-08-27T09:31:27Z,20007,629900,629900,1045
2026-08-27T09:31:27Z,20008,168200,169800,163
2026-08-27T09:31:27Z,20016,1500005500,1500005500,1
2026-08-27T09:31:27Z,20074,44400,445800,211
2026-08-27T09:31:27Z,20381,754900,754900,98
2026-08-27T09:31:27Z,20384,1009800,1009800,80
2026-08-27T09:31:27Z,20404,159900,449900,12534
2026-08-27T09:31:27Z,20416,199000000,199000000,1
2026-08-27T09:31:27Z,20418,195550000,195550000,1
2026-08-27T09:31:27Z,20419,49990000,49990000,5
2026-08-27T09:31:27Z,20420,193750000,193750000,5
2026-08-27T09:31:27Z,20424,75900,75900,1099
2026-08-27T09:31:27Z,20432,989799900,989799900,1
2026-08-27T09:31:27Z,20433,989990100,989990100,1
2026-08-27T09:31:27Z,20435,242964100,242964100,1
2026-08-27T09:31:27Z,20436,199999300,199999300,1
2026-08-27T09:31:27Z,20450,9500000100,9500000100,1
2026-08-27T09:31:27Z,20452,395500,395500,14
2026-08-27T09:31:27Z,20498,49000000,49000000,28
2026-08-27T09:31:27Z,20499,1500000800,1500000800,1
2026-08-27T09:31:27Z,20500,290003100,290003100,1
2026-08-27T09:31:27Z,20501,290003100,290003100,1
2026-08-27T09:31:27Z,20513,289985100,289985100,3
2026-08-27T09:31:27Z,20514,5500000100,5500000100,2
2026-08-27T09:31:27Z,20518,252200,252200,54
2026-08-27T09:31:27Z,20520,1409500,1409600,781
2026-08-27T09:31:27Z,20526,166600,166600,86
2026-08-27T09:31:27Z,20527,50000,59800,35
2026-08-27T09:31:27Z,20528,10200,10200,31
2026-08-27T09:31:27Z,20531,568800,568800,31
2026-08-27T09:31:27Z,20532,200900,202900,36
2026-08-27T09:31:27Z,20533,248400,248400,40
2026-08-27T09:31:27Z,20535,1462000,1462000,42
2026-08-27T09:31:27Z,20540,4057600,9907400,22
2026-08-27T09:31:27Z,20541,158600,158600,60
2026-08-27T09:31:27Z,20542,8947400,8947400,24
2026-08-27T09:31:27Z,20543,1811500,1811500,28
2026-08-27T09:31:27Z,20544,9891800,9891800,25
2026-08-27T09:31:27Z,20545,1369400,1369400,51
2026-08-27T09:31:27Z,20552,190900,190900,44
2026-08-27T09:31:27Z,20676,1119800,1119800,106
2026-08-27T09:31:27Z,20677,502200,502300,69
2026-08-27T09:31:27Z,20678,199700,199700,87
2026-08-27T09:31:27Z,20679,282400,282400,57
2026-08-27T09:31:27Z,20709,3800,4900,104
2026-08-27T09:31:27Z,20763,99900,99900,32
2026-08-27T09:31:27Z,20770,572500,572500,25
2026-08-27T09:31:27Z,20812,49000100,49000100,20
2026-08-27T09:31:27Z,20813,49000000,49000000,20
2026-08-27T09:31:27Z,20816,43500,43500,1660
2026-08-27T09:31:27Z,20817,64500,64500,341
2026-08-27T09:31:27Z,20842,49000100,49000100,20
2026-08-27T09:31:27Z,20843,150100,150100,39
2026-08-27T09:31:27Z,20844,1500000200,1500000200,1
2026-08-27T09:31:27Z,20845,49000100,49000100,20
2026-08-27T09:31:27Z,20846,49000100,49000100,26
2026-08-27T09:31:27Z,20847,150100,150100,48
2026-08-27T09:31:27Z,20848,150100,150100,32
2026-08-27T09:31:27Z,20857,9992400,9992400,21
2026-08-27T09:31:27Z,20858,7400,7400,257
2026-08-27T09:31:27Z,20859,9500,9500,219
2026-08-27T09:31:27Z,20860,3700,3700,244
2026-08-27T09:31:27Z,20861,3200,3200,278
2026-08-27T09:31:27Z,20862,6900,6900,215
2026-08-27T09:31:27Z,20863,3000,3000,427
2026-08-27T09:31:27Z,20864,3700,3700,265
2026-08-27T09:31:27Z,20865,8500,8500,200
2026-08-27T09:31:27Z,20866,9500,9900,48
2026-08-27T09:31:27Z,20867,12500,14400,61
2026-08-27T09:31:27Z,20868,11500,12100,53
2026-08-27T09:31:27Z,20869,17500,18600,65
2026-08-27T09:31:27Z,20870,9500,9900,59
2026-08-27T09:31:27Z,20871,9900,9900,55
2026-08-27T09:31:27Z,20872,15500,17400,53
2026-08-27T09:31:27Z,20873,19500,19900,51
2026-08-27T09:31:27Z,20874,9900,9900,81
2026-08-27T09:31:27Z,20875,180000,259000,61
2026-08-27T09:31:27Z,20876,4989800,4989800,58
2026-08-27T09:31:27Z,20877,252500,252500,68
2026-08-27T09:31:27Z,20878,26000,27700,65
2026-08-27T09:31:27Z,20879,9900,9900,83
2026-08-27T09:31:27Z,20881,9900,9900,59
2026-08-27T09:31:27Z,20882,9800,9900,73
2026-08-27T09:31:27Z,20963,159900,159900,557
2026-08-27T09:31:27Z,21023,499900,499900,40
2026-08-27T09:31:27Z,21024,66000,490000,1303
2026-08-27T09:31:27Z,21030,49800,49800,24
2026-08-27T09:31:27Z,21031,9699600,9699600,20
2026-08-27T09:31:27Z,21033,29600,29600,64
2026-08-27T09:31:27Z,21071,25000,35000,17866
2026-08-27T09:31:27Z,21072,6500,6500,87
2026-08-27T09:31:27Z,21114,5200,5200,76
2026-08-27T09:31:27Z,21151,8300,21800,641
2026-08-27T09:31:27Z,21153,470000,890000,4647
2026-08-27T09:31:27Z,21177,9908600,9908600,151
2026-08-27T09:31:27Z,21213,4800,50000,17367
2026-08-27T09:31:27Z,21215,109800,109800,1836
2026-08-27T09:31:27Z,21217,1000,1400,139
2026-08-27T09:31:27Z,21222,52500,52500,247
2026-08-27T09:31:27Z,21223,40700,50700,157
2026-08-27T09:31:27Z,21224,5000,5000,34
2026-08-27T09:31:27Z,21225,48600,48600,87
2026-08-27T09:31:27Z,21226,5000,5000,26
2026-08-27T09:31:27Z,21227,49001300,49001300,21
2026-08-27T09:31:27Z,21536,22200,249900,486
2026-08-27T09:31:27Z,21546,429400,429400,260
2026-08-27T09:31:27Z,21552,6700,6700,167
2026-08-27T09:31:27Z,21557,9700,50000,301
2026-08-27T09:31:27Z,21558,9500,50000,574
2026-08-27T09:31:27Z,21559,9500,50000,478
2026-08-27T09:31:27Z,21561,9600,1990000,209
2026-08-27T09:31:27Z,21562,9400,9700,185
2026-08-27T09:31:27Z,21569,2999300,2999300,206
2026-08-27T09:31:27Z,21570,404400,404400,53
2026-08-27T09:31:27Z,21571,59900,59900,278
2026-08-27T09:31:27Z,21574,55000,55000,168
2026-08-27T09:31:27Z,21576,43700,43700,362
2026-08-27T09:31:27Z,21589,149800,9942900,71
2026-08-27T09:31:27Z,21590,9800,9900,30
2026-08-27T09:31:27Z,21592,9700,9800,34
2026-08-27T09:31:27Z,21593,39600,8999800,148
2026-08-27T09:31:27Z,21595,365000,365200,128
2026-08-27T09:31:27Z,21714,228000,228000,291
2026-08-27T09:31:27Z,21716,228700,229100,212
2026-08-27T09:31:27Z,21718,207900,208300,164
2026-08-27T09:31:27Z,21721,16900,16900,668
2026-08-27T09:31:27Z,21747,171400,171400,27
2026-08-27T09:31:27Z,21752,34700,34700,1198
2026-08-27T09:31:27Z,21830,990000000,990000000,1
2026-08-27T09:31:27Z,21840,4600,4600,21486
2026-08-27T09:31:27Z,21842,49900,50200,911
2026-08-27T09:31:27Z,21844,20000,20000,10736
2026-08-27T09:31:27Z,21845,4899900,4899900,572
2026-08-27T09:31:27Z,21877,900,1000,310513
2026-08-27T09:31:27Z,21881,7900,8900,4916
2026-08-27T09:31:27Z,21882,2400,2600,10806
2026-08-27T09:31:27Z,21884,5985000,5999800,1539
2026-08-27T09:31:27Z,21885,1640000,1650000,3496
2026-08-27T09:31:27Z,21886,1000000,1030000,2721
2026-08-27T09:31:27Z,21887,88600,88600,4148
2026-08-27T09:31:27Z,21927,290000600,290000600,1
2026-08-27T09:31:27Z,21929,6300,6300,423
2026-08-27T09:31:27Z,21990,2800,2800,387
2026-08-27T09:31:27Z,21991,3200,3200,680
2026-08-27T09:31:27Z,22054,291108400,291108400,1
2026-08-27T09:31:27Z,22055,290000400,290000400,1
2026-08-27T09:31:27Z,22147,290009600,290009600,2
2026-08-27T09:31:27Z,22148,49000600,49000600,20
2026-08-27T09:31:27Z,22202,27000,27300,4442
2026-08-27T09:31:27Z,22203,847000,892000,475
2026-08-27T09:31:27Z,22324,9870400,9870400,20
2026-08-27T09:31:27Z,22373,199999800,199999800,89
2026-08-27T09:31:27Z,22374,150000100,150000100,22
2026-08-27T09:31:27Z,22375,400000000,400000000,36
2026-08-27T09:31:27Z,22376,159909300,159909400,8
2026-08-27T09:31:27Z,22445,20000,24400,134396
2026-08-27T09:31:27Z,22446,78900,127600,29639
2026-08-27T09:31:27Z,22447,32600,34500,3803
2026-08-27T09:31:27Z,22448,4700,5900,10100
2026-08-27T09:31:27Z,22449,16000,26800,210751
2026-08-27T09:31:27Z,22450,14000,29800,20272
2026-08-27T09:31:27Z,22451,4007900,4007900,1181
2026-08-27T09:31:27Z,22452,65500,71000,14347
2026-08-27T09:31:27Z,22456,334100,337400,8590
2026-08-27T09:31:27Z,22457,4070000,4070000,539
2026-08-27T09:31:27Z,22459,15000,15200,58
2026-08-27T09:31:27Z,22460,9993300,9993300,30
2026-08-27T09:31:27Z,22525,2800,2800,252
2026-08-27T09:31:27Z,22526,9800,9800,652
2026-08-27T09:31:27Z,22527,800,4900800,228
2026-08-27T09:31:27Z,22528,500,3900600,308
2026-08-27T09:31:27Z,22529,700000,700000,48
2026-08-27T09:31:27Z,22572,399900,529900,2558
2026-08-27T09:31:27Z,22573,4500,7400,47044
2026-08-27T09:31:27Z,22574,590000,590000,12628
2026-08-27T09:31:27Z,22575,88900,98800,33548
2026-08-27T09:31:27Z,22576,400000,419900,13114
2026-08-27T09:31:27Z,22577,23000,27000,13197
2026-08-27T09:31:27Z,22578,140500,168400,13109
2026-08-27T09:31:27Z,22641,259900,477000,567
2026-08-27T09:31:27Z,22642,309700,429700,771
2026-08-27T09:31:27Z,22644,5500,19900,1796
2026-08-27T09:31:27Z,22645,9879000,9879000,20
2026-08-27T09:31:27Z,22682,320000,330000,2212
2026-08-27T09:31:27Z,22710,13000,13000,471
2026-08-27T09:31:27Z,22785,19000,19000,30803
2026-08-27T09:31:27Z,22786,16000,16000,26412
2026-08-27T09:31:27Z,22787,80400,85500,961
2026-08-27T09:31:27Z,22788,39700,48500,1291
2026-08-27T09:31:27Z,22789,36200,66500,5307
2026-08-27T09:31:27Z,22790,15600,15800,2519
2026-08-27T09:31:27Z,22791,23100,23100,74773
2026-08-27T09:31:27Z,22792,19100,19500,11225
2026-08-27T09:31:27Z,22793,74500,74500,9239
2026-08-27T09:31:27Z,22794,100500,1970000,3368
2026-08-27T09:31:27Z,22795,500,500,194
2026-08-27T09:31:27Z,22797,3999800,3999900,9
2026-08-27T09:31:27Z,22823,652500,652500,42
2026-08-27T09:31:27Z,22824,54400,54500,158
2026-08-27T09:31:27Z,22825,4900,4900,217
2026-08-27T09:31:27Z,22826,28500,28700,91
2026-08-27T09:31:27Z,22827,549900,549900,140
2026-08-27T09:31:27Z,22828,82800,82800,171
2026-08-27T09:31:27Z,22829,5000,5000,403
2026-08-27T09:31:27Z,22830,2500000,2500000,159
2026-08-27T09:31:27Z,22831,49500,50000,109
2026-08-27T09:31:27Z,22832,5000,5100,456
2026-08-27T09:31:27Z,22833,9870000,9870000,31
2026-08-27T09:31:27Z,22834,30000,30000,210
2026-08-27T09:31:27Z,22835,880000,880000,86
2026-08-27T09:31:27Z,22836,26600,51900,229
2026-08-27T09:31:27Z,22837,7926100,9900000,274
2026-08-27T09:31:27Z,22838,1400000,1400000,519
2026-08-27T09:31:27Z,22839,492200,492200,189
2026-08-27T09:31:27Z,22840,9840000,9840000,126
2026-08-27T09:31:27Z,22841,1822000,9900000,31
2026-08-27T09:31:27Z,22842,1499900,1499900,137
2026-08-27T09:31:27Z,22844,198000,198000,99
2026-08-27T09:31:27Z,22845,710400,9899700,34
2026-08-27T09:31:27Z,22846,85000,126800,63
2026-08-27T09:31:27Z,22847,9799900,9799900,25
2026-08-27T09:31:27Z,22848,300000,300000,243
2026-08-27T09:31:27Z,22849,189300,189300,137
2026-08-27T09:31:27Z,22850,7200,7200,278
2026-08-27T09:31:27Z,22851,10000,10000,148
2026-08-27T09:31:27Z,22853,281800,281800,81
2026-08-27T09:31:27Z,22854,46300,46300,133
2026-08-27T09:31:27Z,22861,320200,320200,1266
2026-08-27T09:31:27Z,22866,80000,80000,270
2026-08-27T09:31:27Z,22871,9800,9800,85
2026-08-27T09:31:27Z,23055,140000000,140000000,11
2026-08-27T09:31:27Z,23077,166000,166600,685
2026-08-27T09:31:27Z,23079,48900,75300,1500
2026-08-27T09:31:27Z,23094,239500,239500,29
2026-08-27T09:31:27Z,23095,9989900,9989900,27
2026-08-27T09:31:27Z,23096,249965100,249965100,3
2026-08-27T09:31:27Z,23097,47000,47000,150
2026-08-27T09:31:27Z,23098,10000,10000,35
2026-08-27T09:31:27Z,23099,3023700,3023700,30
2026-08-27T09:31:27Z,23100,32000,32000,64
2026-08-27T09:31:27Z,23101,599900,599900,43
2026-08-27T09:31:27Z,23103,31500,31500,27
2026-08-27T09:31:27Z,23104,7600,7600,35
2026-08-27T09:31:27Z,23105,9900300,9900300,25
2026-08-27T09:31:27Z,23106,990000000,990000000,1
2026-08-27T09:31:27Z,23107,23900,23900,2165
2026-08-27T09:31:27Z,23108,19000,19000,29
2026-08-27T09:31:27Z,23109,9808500,9808500,26
2026-08-27T09:31:27Z,23110,970400,970400,34
2026-08-27T09:31:27Z,23111,10000,10000,41
2026-08-27T09:31:27Z,23112,22000,39000,2023
2026-08-27T09:31:27Z,23113,9990000,9990000,20
2026-08-27T09:31:27Z,23114,23200,42900,25
2026-08-27T09:31:27Z,23115,9900000,9900000,36
2026-08-27T09:31:27Z,23116,9500,9500,212
2026-08-27T09:31:27Z,23117,39200,44100,1473
2026-08-27T09:31:27Z,23118,9000,9850000,23
2026-08-27T09:31:27Z,23119,19800,9889800,71
2026-08-27T09:31:27Z,23120,67900,67900,35
2026-08-27T09:31:27Z,23121,3499999800,3499999800,1
2026-08-27T09:31:27Z,23329,7800,7800,29
2026-08-27T09:31:27Z,23330,150100,150100,27
2026-08-27T09:31:27Z,23331,49000100,49000100,20
2026-08-27T09:31:27Z,23332,2000100,49000100,21
2026-08-27T09:31:27Z,23333,49000100,49000100,17
2026-08-27T09:31:27Z,23334,190000300,190000300,4
2026-08-27T09:31:27Z,23353,150100,150100,76
2026-08-27T09:31:27Z,23354,300,300,30
2026-08-27T09:31:27Z,23355,290000400,290000400,1
2026-08-27T09:31:27Z,23380,150100,150100,29
2026-08-27T09:31:27Z,23383,49000100,49000100,20
2026-08-27T09:31:27Z,23384,40000000,40000000,39
2026-08-27T09:31:27Z,23385,152000,152000,42
2026-08-27T09:31:27Z,23386,3000,4000,34
2026-08-27T09:31:27Z,23424,60000,70000,39009
2026-08-27T09:31:27Z,23425,26300,26400,37635
2026-08-27T09:31:27Z,23426,2350000,2649900,8648
2026-08-27T09:31:27Z,23427,104000,104000,9984
2026-08-27T09:31:27Z,23436,462400,642400,322
2026-08-27T09:31:27Z,23437,30000,32200,277
2026-08-27T09:31:27Z,23438,43900,44300,257
2026-08-27T09:31:27Z,23439,65000,65300,239
2026-08-27T09:31:27Z,23440,100000,250000,262
2026-08-27T09:31:27Z,23441,562600,912600,103
2026-08-27T09:31:27Z,23445,158000,158200,34953
2026-08-27T09:31:27Z,23446,60000,60900,16594
2026-08-27T09:31:27Z,23447,249800,249800,5313
2026-08-27T09:31:27Z,23448,1189900,1189900,1970
2026-08-27T09:31:27Z,23449,4780000,4780000,1254
2026-08-27T09:31:27Z,23528,134800,150000,66
2026-08-27T09:31:27Z,23529,24900,25000,3653
2026-08-27T09:31:27Z,23530,9999300,9999300,36
2026-08-27T09:31:27Z,23559,10000,18800,336
2026-08-27T09:31:27Z,23571,14118200,17898800,479
2026-08-27T09:31:27Z,23572,16000,16000,1940
2026-08-27T09:31:27Z,23573,699900,820000,730
2026-08-27T09:31:27Z,23575,9900,11400,213
2026-08-27T09:31:27Z,23576,235000,235000,25
2026-08-27T09:31:27Z,23676,7000,14000,9929
2026-08-27T09:31:27Z,23704,650000,650000,61
2026-08-27T09:31:27Z,23736,2900,2900,205
2026-08-27T09:31:27Z,23737,10000,10000,296
2026-08-27T09:31:27Z,23756,7700,7700,103
2026-08-27T09:31:27Z,23764,3600000,3600000,26
2026-08-27T09:31:27Z,23765,39903800,39903800,7
2026-08-27T09:31:27Z,23766,39207100,39207100,5
2026-08-27T09:31:27Z,23768,199900,200000,467
2026-08-27T09:31:27Z,23769,2800000,2800000,282
2026-08-27T09:31:27Z,23771,76200,76300,474
2026-08-27T09:31:27Z,23772,41291300,41291300,4
2026-08-27T09:31:27Z,23773,9900100,9900100,1100
2026-08-27T09:31:27Z,23781,250000,250000,4645
2026-08-27T09:31:27Z,23782,439700,439900,2607
2026-08-27T09:31:27Z,23783,149800,180000,3180
2026-08-27T09:31:27Z,23784,276900,399800,1271
2026-08-27T09:31:27Z,23785,630000,689800,1182
2026-08-27T09:31:27Z,23786,11749900,11750000,177
2026-08-27T09:31:27Z,23787,2199800,2199900,1016
2026-08-27T09:31:27Z,23793,565900,566100,4275
2026-08-27T09:31:27Z,23819,9803200,9803200,18
2026-08-27T09:31:27Z,23826,3999600,5009600,182
2026-08-27T09:31:27Z,23827,1509900,1509900,79
2026-08-27T09:31:27Z,23841,500000,500000,48
2026-08-27T09:31:27Z,23848,309800,309800,154
2026-08-27T09:31:27Z,23922,1500000100,1500000100,1
2026-08-27T09:31:27Z,23938,6205100,6205100,47
2026-08-27T09:31:27Z,23939,40000000,40000000,115
2026-08-27T09:31:27Z,23941,290000100,290000100,1
2026-08-27T09:31:27Z,23942,9500000100,9500000100,1
2026-08-27T09:31:27Z,23943,5500000100,5500000100,1
2026-08-27T09:31:27Z,23944,49000100,49000100,20
2026-08-27T09:31:27Z,23945,49000100,49000100,20
2026-08-27T09:31:27Z,23946,49000100,49000100,20
2026-08-27T09:31:27Z,23947,49000100,49000100,20
2026-08-27T09:31:27Z,23948,49000100,49000100,20
2026-08-27T09:31:27Z,23949,49000100,49000100,20
2026-08-27T09:31:27Z,23952,290000100,290000100,1
2026-08-27T09:31:27Z,23953,290000100,290000100,1
2026-08-27T09:31:27Z,23955,9500000200,9500000200,1
2026-08-27T09:31:27Z,23965,49001400,49001400,20
2026-08-27T09:31:27Z,23968,1500000500,1500000500,1
2026-08-27T09:31:27Z,23972,1500000600,1500000600,1
2026-08-27T09:31:27Z,23975,290000100,290000100,1
2026-08-27T09:31:27Z,23976,49001100,49001100,21
2026-08-27T09:31:27Z,23977,49000800,49000800,22
2026-08-27T09:31:27Z,23978,48001000,48001000,25
2026-08-27T09:31:27Z,23979,49001500,49001500,20
2026-08-27T09:31:27Z,23980,5500001200,5500001200,1
2026-08-27T09:31:27Z,23984,3700,3700,818
2026-08-27T09:31:27Z,23987,150100,150100,29
2026-08-27T09:31:27Z,23988,49000100,49000100,20
2026-08-27T09:31:27Z,24027,3000000,3000000,34
2026-08-27T09:31:27Z,24028,797000,797000,32
2026-08-27T09:31:27Z,24030,259100,259100,51
2026-08-27T09:31:27Z,24031,950000000,950000000,1
2026-08-27T09:31:27Z,24032,994400,994400,38
2026-08-27T09:31:27Z,24033,149900,150000,87
2026-08-27T09:31:27Z,24035,109600,109700,26
2026-08-27T09:31:27Z,24036,9805700,9805700,20
2026-08-27T09:31:27Z,24037,990000000,990000000,3
2026-08-27T09:31:27Z,24039,154300,154300,177
2026-08-27T09:31:27Z,24047,3157894800,3157894800,1
2026-08-27T09:31:27Z,24048,345100,345100,56
2026-08-27T09:31:27Z,24050,450000000,450000000,1
2026-08-27T09:31:27Z,24051,725500,725500,76
2026-08-27T09:31:27Z,24052,450000000,450000000,1
2026-08-27T09:31:27Z,24053,150500,150500,36
2026-08-27T09:31:27Z,24054,3000800,3000800,26
2026-08-27T09:31:27Z,24055,250000,250000,31
2026-08-27T09:31:27Z,24056,442600,442600,66
2026-08-27T09:31:27Z,24057,450000000,450000000,1
2026-08-27T09:31:27Z,24058,446100,446100,29
2026-08-27T09:31:27Z,24059,9989800,9989800,40
2026-08-27T09:31:27Z,24060,9886500,9886500,30
2026-08-27T09:31:27Z,24061,853100,853100,30
2026-08-27T09:31:27Z,24062,250008000,250008000,1
2026-08-27T09:31:27Z,24065,100000,100000,62
2026-08-27T09:31:27Z,24066,886500,886500,56
2026-08-27T09:31:27Z,24067,85400,85400,35
2026-08-27T09:31:27Z,24072,8000,8400,169
2026-08-27T09:31:27Z,24105,431100,507800,51
2026-08-27T09:31:27Z,24186,290000100,290000100,1
2026-08-27T09:31:27Z,24189,9100,9100,46
2026-08-27T09:31:27Z,24231,15600,15600,42
2026-08-27T09:31:27Z,24232,49007500,49007500,22
2026-08-27T09:31:27Z,24234,290000800,290000800,1
2026-08-27T09:31:27Z,24235,290001300,290001300,1
2026-08-27T09:31:27Z,24242,49002300,49002300,20
2026-08-27T09:31:27Z,24243,290000,290000,5159
2026-08-27T09:31:27Z,24245,118000,250000,4844
2026-08-27T09:31:27Z,24246,9800,199500,10384
2026-08-27T09:31:27Z,24268,3000,3000,842
2026-08-27T09:31:27Z,24271,10653500,10653500,287
2026-08-27T09:31:27Z,24272,6206600,6206600,268
2026-08-27T09:31:27Z,24273,48749800,48749800,5
2026-08-27T09:31:27Z,24274,22761200,22761200,12
2026-08-27T09:31:27Z,24275,11566000,11566000,22
2026-08-27T09:31:27Z,24276,31144500,31144500,8
2026-08-27T09:31:27Z,24281,49000500,49000500,20
2026-08-27T09:31:27Z,24282,1439900,1439900,25
2026-08-27T09:31:27Z,24291,250000,460000,6248
2026-08-27T09:31:27Z,24338,300,300,59
2026-08-27T09:31:27Z,24368,30000,47300,1300
2026-08-27T09:31:27Z,24401,31300,43600,1499
2026-08-27T09:31:27Z,24403,257700,257700,24
2026-08-27T09:31:27Z,24404,254500,254500,27
2026-08-27T09:31:27Z,24405,230000,230000,25
2026-08-27T09:31:27Z,24406,151200,151200,34
2026-08-27T09:31:27Z,24449,404300,804300,84
2026-08-27T09:31:27Z,24476,98000,98000,1697
2026-08-27T09:31:27Z,24477,200,500,23931
2026-08-27T09:31:27Z,24478,110300,112100,708
2026-08-27T09:31:27Z,24479,2197800,2850000,137
2026-08-27T09:31:27Z,24506,4001000,49001000,21
2026-08-27T09:31:27Z,24507,9901400,9901400,100
2026-08-27T09:31:27Z,24508,1200,1200,143
2026-08-27T09:31:27Z,24509,290001100,290001100,1
2026-08-27T09:31:27Z,24510,101500,49001500,22
2026-08-27T09:31:27Z,24511,1400,9901400,105
2026-08-27T09:31:27Z,24516,49001400,49001400,20
2026-08-27T09:31:27Z,24517,49001500,49001500,20
2026-08-27T09:31:27Z,24519,205200,205200,278
2026-08-27T09:31:27Z,24521,3000000,3000000,51
2026-08-27T09:31:27Z,24539,9900000,9900000,59
2026-08-27T09:31:27Z,25408,49001400,49001400,20
2026-08-27T09:31:27Z,25409,49002000,49002000,26
2026-08-27T09:31:27Z,25410,49001500,49001500,20
2026-08-27T09:31:27Z,25411,26700,9906700,103
2026-08-27T09:31:27Z,25412,49001600,49001600,39
2026-08-27T09:31:27Z,25413,290001800,290001800,1
2026-08-27T09:31:27Z,25414,5001500,49001500,22
2026-08-27T09:31:27Z,25415,9500002000,9500002000,1
2026-08-27T09:31:27Z,25416,349900,349900,269
2026-08-27T09:31:27Z,25417,199999900,199999900,2
2026-08-27T09:31:27Z,25418,1200,1200,43
2026-08-27T09:31:27Z,25420,19999900,19999900,1
2026-08-27T09:31:27Z,25421,2000,2000,157
2026-08-27T09:31:27Z,25425,10000,10000,60
2026-08-27T09:31:27Z,25426,1200,1200,154
2026-08-27T09:31:27Z,25427,50000,50000,25
2026-08-27T09:31:27Z,25428,35000,35000,45
2026-08-27T09:31:27Z,25429,11400,11400,26
2026-08-27T09:31:27Z,25430,10000,10000,469
2026-08-27T09:31:27Z,25431,15852400,15852400,253
2026-08-27T09:31:27Z,25432,43700,43700,28
2026-08-27T09:31:27Z,25434,10000,10000,49
2026-08-27T09:31:27Z,25435,11700,11700,50
2026-08-27T09:31:27Z,25436,10000,10000,24
2026-08-27T09:31:27Z,25437,39700,39700,28
2026-08-27T09:31:27Z,25440,150000,49000000,22
2026-08-27T09:31:27Z,25441,19999900,49009900,21
2026-08-27T09:31:27Z,25442,9902500,9902500,102
2026-08-27T09:31:27Z,25443,49002000,49002000,20
2026-08-27T09:31:27Z,25444,200000,200000,54
2026-08-27T09:31:27Z,25445,35600,35600,33
2026-08-27T09:31:27Z,25446,800000,49000000,23
2026-08-27T09:31:27Z,25447,2001600,2001600,27
2026-08-27T09:31:27Z,25450,49001400,49001400,20
2026-08-27T09:31:27Z,25451,1200,9901200,103
2026-08-27T09:31:27Z,25452,290001500,290001500,1
2026-08-27T09:31:27Z,25453,8100,8100,33
2026-08-27T09:31:27Z,25454,1746500,49006500,21
2026-08-27T09:31:27Z,25456,9900,9900,39
2026-08-27T09:31:27Z,25463,39900,109900,1133
2026-08-27T09:31:27Z,25466,49000100,49000100,20
2026-08-27T09:31:27Z,25467,49000100,49000100,21
2026-08-27T09:31:27Z,25521,140000,140000,42
2026-08-27T09:31:27Z,25548,9990000,9990000,22
2026-08-27T09:31:27Z,25550,9506600,9506600,33
2026-08-27T09:31:27Z,25649,11700,12600,4166
2026-08-27T09:31:27Z,25650,8300,8300,141
2026-08-27T09:31:27Z,25651,4000000,4000000,26
2026-08-27T09:31:27Z,25652,8838900,8844200,22
2026-08-27T09:31:27Z,25679,17200,17300,93
2026-08-27T09:31:27Z,25699,94900,100000,17179
2026-08-27T09:31:27Z,25700,89900,172600,2518
2026-08-27T09:31:27Z,25703,450000200,450000200,1
2026-08-27T09:31:27Z,25707,69000,69800,507
2026-08-27T09:31:27Z,25708,669800,720000,667
2026-08-27T09:31:27Z,25719,204800,204800,434
2026-08-27T09:31:27Z,25723,50100,9900100,115
2026-08-27T09:31:27Z,25724,290000100,290000100,1
2026-08-27T09:31:27Z,25744,607200,627200,3320
2026-08-27T09:31:27Z,25802,697700,757000,4866
2026-08-27T09:31:27Z,25813,880000,43002000,21
2026-08-27T09:31:27Z,25867,4000000,4199900,254
2026-08-27T09:31:27Z,25868,20490000,20490000,183
2026-08-27T09:31:27Z,25886,202100,202100,1066
2026-08-27T09:31:27Z,25890,49989300,49989500,16
2026-08-27T09:31:27Z,25893,34999600,34999600,6
2026-08-27T09:31:27Z,25894,49989500,49989600,13
2026-08-27T09:31:27Z,25895,49990000,49990100,19
2026-08-27T09:31:27Z,25896,100577000,100577000,11
2026-08-27T09:31:27Z,25897,49990100,198990000,22
2026-08-27T09:31:27Z,25898,23834600,23834700,13
2026-08-27T09:31:27Z,25899,7498200,7498300,22
2026-08-27T09:31:27Z,25901,289000,289000,33
2026-08-27T09:31:27Z,27422,1300,1700,10126
2026-08-27T09:31:27Z,27425,700,1900,4856
2026-08-27T09:31:27Z,27429,2500,2500,4034
2026-08-27T09:31:27Z,27435,600,800,2666
2026-08-27T09:31:27Z,27437,5500,6000,1670
2026-08-27T09:31:27Z,27438,600,1200,1911
2026-08-27T09:31:27Z,27439,19500,19500,9859
2026-08-27T09:31:27Z,27441,60000,60000,29
2026-08-27T09:31:27Z,27442,999900,999900,5
2026-08-27T09:31:27Z,27443,49002000,49002000,23
2026-08-27T09:31:27Z,27498,4800,4800,107
2026-08-27T09:31:27Z,27499,10000,10000,81
2026-08-27T09:31:27Z,27500,14500,14500,37
2026-08-27T09:31:27Z,27501,4900,4900,137
2026-08-27T09:31:27Z,27502,12500,12500,60
2026-08-27T09:31:27Z,27503,19500,19500,113
2026-08-27T09:31:27Z,27515,1000000,1007500,106
2026-08-27T09:31:27Z,27516,1200000,1300000,79
2026-08-27T09:31:27Z,27635,19900,19900,32
2026-08-27T09:31:27Z,27636,11700,9830000,25
2026-08-27T09:31:27Z,27651,600,600,174
2026-08-27T09:31:27Z,27655,2400,2400,248
2026-08-27T09:31:27Z,27656,199999900,199999900,2
2026-08-27T09:31:27Z,27657,4900,4900,60
2026-08-27T09:31:27Z,27658,4500,59300,264
2026-08-27T09:31:27Z,27659,40000,555500,83
2026-08-27T09:31:27Z,27660,62200,62200,149
2026-08-27T09:31:27Z,27661,1300,1300,139
2026-08-27T09:31:27Z,27662,18700,18800,62
2026-08-27T09:31:27Z,27663,2000,2000,217
2026-08-27T09:31:27Z,27664,2400,2500,36
2026-08-27T09:31:27Z,27665,24300,24300,92
2026-08-27T09:31:27Z,27666,29500,29500,206
2026-08-27T09:31:27Z,27667,99500,99500,109
2026-08-27T09:31:27Z,27668,1500,1500,2817
2026-08-27T09:31:27Z,27669,19000,19000,2335
2026-08-27T09:31:27Z,27671,800,12300,6828
2026-08-27T09:31:27Z,27674,2200,2600,3424
2026-08-27T09:31:27Z,27676,29900,29900,50
2026-08-27T09:31:27Z,27677,1000,1100,19511
2026-08-27T09:31:27Z,27678,700,1000,3524
2026-08-27T09:31:27Z,27681,5400,5500,2924
2026-08-27T09:31:27Z,27682,3800,3800,11515
2026-08-27T09:31:27Z,27854,300,300,267
2026-08-27T09:31:27Z,27855,8400,8400,60
2026-08-27T09:31:27Z,27856,20000,20000,92
2026-08-27T09:31:27Z,27857,600,600,35
2026-08-27T09:31:27Z,27858,300,300,155
2026-08-27T09:31:27Z,27859,300,300,49
2026-08-27T09:31:27Z,27860,500,500,199
2026-08-27T09:31:27Z,27932,10000,10000,45
2026-08-27T09:31:27Z,27933,290001500,290001500,1
2026-08-27T09:31:27Z,27934,49001700,49001700,357
2026-08-27T09:31:27Z,27935,49002000,49002000,102
2026-08-27T09:31:27Z,28053,19999800,19999900,205
2026-08-27T09:31:27Z,28056,2000000,49000000,1020
2026-08-27T09:31:27Z,28058,1053200,9903200,106
2026-08-27T09:31:27Z,28059,18502300,18502300,24
2026-08-27T09:31:27Z,28060,5509600,5509700,181
2026-08-27T09:31:27Z,28061,49000100,49000100,110
2026-08-27T09:31:27Z,28100,1000,4000,453
2026-08-27T09:31:27Z,28101,15100,15100,122
2026-08-27T09:31:27Z,28102,20000,20000,119
2026-08-27T09:31:27Z,28103,65000,65000,421
2026-08-27T09:31:27Z,28104,42000,42000,206
2026-08-27T09:31:27Z,28118,1009000,1009000,122
2026-08-27T09:31:27Z,28119,9997400,9997400,19
2026-08-27T09:31:27Z,28123,5071600,5071600,26
2026-08-27T09:31:27Z,28284,30000,30000,88
2026-08-27T09:31:27Z,28290,250000000,250000000,6
2026-08-27T09:31:27Z,28362,1198300,1198300,78
2026-08-27T09:31:27Z,28363,5000000,9880000,22
2026-08-27T09:31:27Z,28399,300,300,332
2026-08-27T09:31:27Z,28420,15000,15000,128
2026-08-27T09:31:27Z,28421,170700,193200,220
2026-08-27T09:31:27Z,28452,600,600,45
2026-08-27T09:31:27Z,28458,138800,138800,1346
2026-08-27T09:31:27Z,28459,36900,36900,345
2026-08-27T09:31:27Z,28461,30000,30000,453
2026-08-27T09:31:27Z,28462,250000000,250000000,1
2026-08-27T09:31:27Z,28463,1000000,1000000,355
2026-08-27T09:31:27Z,28464,995000,995000,352
2026-08-27T09:31:27Z,28467,40200,40200,1067
2026-08-27T09:31:27Z,28468,50000,50000,361
2026-08-27T09:31:27Z,28470,1000000,1000000,358
2026-08-27T09:31:27Z,28486,330500,330500,45
2026-08-27T09:31:27Z,28501,400,400,51
2026-08-27T09:31:27Z,28595,34400,34400,35
2026-08-27T09:31:27Z,29110,290000100,290000100,2
2026-08-27T09:31:27Z,29111,290000100,290000100,3
2026-08-27T09:31:27Z,29112,138000,138100,282
2026-08-27T09:31:27Z,29292,90000,90000,93
2026-08-27T09:31:27Z,29393,40000,40000,54
2026-08-27T09:31:27Z,29394,40000,40000,24
2026-08-27T09:31:27Z,29395,40000,40000,59
2026-08-27T09:31:27Z,29401,708800,708800,79
2026-08-27T09:31:27Z,29412,9909600,9909600,20
2026-08-27T09:31:27Z,29425,60000,64900,30366
2026-08-27T09:31:27Z,29426,370000,450000,792
2026-08-27T09:31:27Z,29448,600,600,25
2026-08-27T09:31:27Z,29449,400,400,169
2026-08-27T09:31:27Z,29450,40000,40000,69
2026-08-27T09:31:27Z,29451,400,500,418
2026-08-27T09:31:27Z,29452,600,600,98
2026-08-27T09:31:27Z,29453,500,9940500,102
2026-08-27T09:31:27Z,29454,29100,29300,34
2026-08-27T09:31:27Z,29460,1307200,1307200,2295
2026-08-27T09:31:27Z,29533,29216100,29216100,5
2026-08-27T09:31:27Z,29534,7523600,7523600,16
2026-08-27T09:31:27Z,29535,63301300,63301300,5
2026-08-27T09:31:27Z,29536,21362000,21362000,29
2026-08-27T09:31:27Z,29539,1978700,2059900,1308
2026-08-27T09:31:27Z,29547,990000,2330000,195
2026-08-27T09:31:27Z,29548,760000,795200,2797
2026-08-27T09:31:27Z,29551,1500001100,1500001100,1
2026-08-27T09:31:27Z,29558,290001500,290001500,1
2026-08-27T09:31:27Z,29559,990000,990000,72
2026-08-27T09:31:27Z,29560,5000000,5000000,27
2026-08-27T09:31:27Z,29561,49001400,49001400,20
2026-08-27T09:31:27Z,29562,49001500,49001500,20
2026-08-27T09:31:27Z,29563,1230000,1230000,174
2026-08-27T09:31:27Z,29564,58200,58200,92
2026-08-27T09:31:27Z,29565,49001400,49001400,20
2026-08-27T09:31:27Z,29566,1500001500,1500001500,1
2026-08-27T09:31:27Z,29567,49001800,49001800,21
2026-08-27T09:31:27Z,29568,49002000,49002000,21
2026-08-27T09:31:27Z,29570,151100,151100,35
2026-08-27T09:31:27Z,29571,999700,3909700,211
2026-08-27T09:31:27Z,29572,290001100,290001100,1
2026-08-27T09:31:27Z,29573,48999900,48999900,20
2026-08-27T09:31:27Z,29574,49000200,49000200,20
2026-08-27T09:31:27Z,29575,1221100,1221100,13
2026-08-27T09:31:27Z,29576,49000000,49000000,18
2026-08-27T09:31:27Z,29577,49000200,49000200,20
2026-08-27T09:31:27Z,29578,290001500,290001500,1
2026-08-27T09:31:27Z,29579,101400,49001400,21
2026-08-27T09:31:27Z,29580,4451700,4451700,42
2026-08-27T09:31:27Z,29581,151900,151900,33
2026-08-27T09:31:27Z,29739,18600,24000,33769
2026-08-27T09:31:27Z,29740,209900,290000,965
2026-08-27T09:31:27Z,29750,1009600,1009600,445
2026-08-27T09:31:27Z,29799,60000,60000,30
2026-08-27T09:31:27Z,29800,152000,49002000,22
2026-08-27T09:31:27Z,30155,15000,15000,73
2026-08-27T09:31:27Z,30183,20000,20000,1385
2026-08-27T09:31:27Z,30355,9900000,9900000,20
2026-08-27T09:31:27Z,30457,34600,44600,39
2026-08-27T09:31:27Z,30458,400,400,28
2026-08-27T09:31:27Z,30466,1001800,49001800,22
2026-08-27T09:31:27Z,30467,290002000,290002000,1
2026-08-27T09:31:27Z,30475,49003500,49003500,26
2026-08-27T09:31:27Z,30476,20008100,49008100,21
2026-08-27T09:31:27Z,30477,51800,49001800,21
2026-08-27T09:31:27Z,30478,49002000,49002000,20
2026-08-27T09:31:27Z,30506,290000600,290000600,1
2026-08-27T09:31:27Z,30507,290000200,290000200,3
2026-08-27T09:31:27Z,30508,49000100,49000100,20
2026-08-27T09:31:27Z,30509,49000100,49000100,21
2026-08-27T09:31:27Z,30510,351700,351700,27
2026-08-27T09:31:27Z,30511,49002000,49002000,20
2026-08-27T09:31:27Z,30512,1001800,49001800,23
2026-08-27T09:31:27Z,30513,49000000,49000000,23
2026-08-27T09:31:27Z,30610,42600,42600,33
2026-08-27T09:31:27Z,30809,5400,9900,2659
2026-08-27T09:31:27Z,30810,400,5000,39144
2026-08-27T09:31:27Z,30812,596400,596400,195
2026-08-27T09:31:27Z,30813,91800,91800,51
2026-08-27T09:31:27Z,30814,49001800,49001800,20
2026-08-27T09:31:27Z,30815,49000000,49000000,22
2026-08-27T09:31:27Z,30816,4800,4800,41
2026-08-27T09:31:27Z,30817,100,100,4298
2026-08-27T09:31:27Z,30820,2300,7902300,141
2026-08-27T09:31:27Z,30821,35600,35600,85
2026-08-27T09:31:27Z,31079,1470000,1479600,1035
2026-08-27T09:31:27Z,31670,8800,199900,1578
2026-08-27T09:31:27Z,31671,3300,11000,1762
2026-08-27T09:31:27Z,31672,29800,29900,211
2026-08-27T09:31:27Z,31673,9800,9800,490
2026-08-27T09:31:27Z,31676,2003100,2003100,90
2026-08-27T09:31:27Z,31677,305000,1000000,31
2026-08-27T09:31:27Z,31679,1874400,1874400,134
2026-08-27T09:31:27Z,31860,3500000200,3500000200,1
2026-08-27T09:31:27Z,31861,2500000600,2500000600,1
2026-08-27T09:31:27Z,31862,1500000000,1500000000,1
2026-08-27T09:31:27Z,31863,2500000600,2500000600,1
2026-08-27T09:31:27Z,31864,3500000200,3500000200,1
2026-08-27T09:31:27Z,31866,5944800,5944800,30
2026-08-27T09:31:27Z,31867,300000,300000,31
2026-08-27T09:31:27Z,31868,90000,90000,51
2026-08-27T09:31:27Z,31869,3133900,3133900,49
2026-08-27T09:31:27Z,31882,25100,25100,177
2026-08-27T09:31:27Z,31883,39000,39000,55
2026-08-27T09:31:27Z,31884,10005000,19900000,34
2026-08-27T09:31:27Z,31885,39907000,39907000,14
2026-08-27T09:31:27Z,31886,37500,19999900,33
2026-08-27T09:31:27Z,31887,25300,28500,29
2026-08-27T09:31:27Z,31888,29897000,29897000,18
2026-08-27T09:31:27Z,31889,59990000,59990000,9
2026-08-27T09:31:27Z,31892,29400,29400,73
2026-08-27T09:31:27Z,31893,50000,54500,45
2026-08-27T09:31:27Z,31894,79000,79000,48
2026-08-27T09:31:27Z,31895,5000000,5000000,12
2026-08-27T09:31:27Z,31896,25200,25200,37
2026-08-27T09:31:27Z,31898,29400,3110000,170
2026-08-27T09:31:27Z,31899,22000000,22000000,7
2026-08-27T09:31:27Z,31900,9790000,9790000,11
2026-08-27T09:31:27Z,31901,120000,128300,58
2026-08-27T09:31:27Z,31902,27500,27500,47
2026-08-27T09:31:27Z,31903,27700,27800,47
2026-08-27T09:31:27Z,31904,24500000,24500000,17
2026-08-27T09:31:27Z,31905,25000,25000,40
2026-08-27T09:31:27Z,31906,25300,25300,40
2026-08-27T09:31:27Z,31908,6997100,49997100,8
2026-08-27T09:31:27Z,31909,198002800,198997700,8
2026-08-27T09:31:27Z,31910,40000,40000,116
2026-08-27T09:31:27Z,31911,26400,27600,89
2026-08-27T09:31:27Z,31912,25000,25000,45
2026-08-27T09:31:27Z,31913,20000000,20000000,10
2026-08-27T09:31:27Z,31915,27600,27600,60
2026-08-27T09:31:27Z,31916,29700,29700,40
2026-08-27T09:31:27Z,31917,44000000,44000000,6
2026-08-27T09:31:27Z,31918,9999900,9999900,5
2026-08-27T09:31:27Z,31941,10000000,10000000,115
2026-08-27T09:31:27Z,31944,16000000,30000000,25
2026-08-27T09:31:27Z,31945,37757500,49000000,22
2026-08-27T09:31:27Z,32062,309900,309900,200
2026-08-27T09:31:27Z,32063,9699900,9699900,90
2026-08-27T09:31:27Z,32067,4500,4500,412
2026-08-27T09:31:27Z,32068,3000000,3000000,153
2026-08-27T09:31:27Z,32079,19999800,19999800,8
2026-08-27T09:31:27Z,32193,59500,59500,328
2026-08-27T09:31:27Z,32194,59500,59500,307
2026-08-27T09:31:27Z,32196,59500,59500,329
2026-08-27T09:31:27Z,32198,9768500,9768500,42
2026-08-27T09:31:27Z,32199,3989800,3989900,42
2026-08-27T09:31:27Z,32200,308800,308800,128
2026-08-27T09:31:27Z,32201,96600,96700,82
2026-08-27T09:31:27Z,32203,66600,98400,196
2026-08-27T09:31:27Z,32205,506200,636400,256
2026-08-27T09:31:27Z,32206,108000,186400,68
2026-08-27T09:31:27Z,32209,392400,392400,24
2026-08-27T09:31:27Z,32211,1549600,1549700,43
2026-08-27T09:31:27Z,32212,1999700,2259800,147
2026-08-27T09:31:27Z,32215,1499600,1499700,45
2026-08-27T09:31:27Z,32217,499200,499300,41
2026-08-27T09:31:27Z,32218,336800,336900,63
2026-08-27T09:31:27Z,32220,367700,367800,41
2026-08-27T09:31:27Z,32221,414500,414700,66
2026-08-27T09:31:27Z,32222,499000,499200,75
2026-08-27T09:31:27Z,32223,9993200,9993200,25
2026-08-27T09:31:27Z,32224,50000,472800,113
2026-08-27T09:31:27Z,32225,979200,979300,82
2026-08-27T09:31:27Z,32226,3799900,3799900,33
2026-08-27T09:31:27Z,32227,990000,990000,1435
2026-08-27T09:31:27Z,32228,7000,990000,1368
2026-08-27T09:31:27Z,32229,7000,7000,382
2026-08-27T09:31:27Z,32230,5000,7500,759
2026-08-27T09:31:27Z,32231,7500,8900,609
2026-08-27T09:31:27Z,32249,7500,8000,568
2026-08-27T09:31:27Z,32388,690000,730000,5881
2026-08-27T09:31:27Z,32409,49990100,199001000,7
2026-08-27T09:31:27Z,32410,49990100,49990100,8
2026-08-27T09:31:27Z,32413,181900,181900,80
2026-08-27T09:31:27Z,32423,357200,357300,3241
2026-08-27T09:31:27Z,32428,3000,5400,1504
2026-08-27T09:31:27Z,32453,49800,49800,111
2026-08-27T09:31:27Z,32455,3000000,3000000,24
2026-08-27T09:31:27Z,32464,9000,9000,708
2026-08-27T09:31:27Z,32468,9500,9500,318
2026-08-27T09:31:27Z,32470,71600,90900,512
2026-08-27T09:31:27Z,32576,750000,750000,35
2026-08-27T09:31:27Z,32596,198276300,198276300,3
2026-08-27T09:31:27Z,32597,45000000,45000000,6
2026-08-27T09:31:27Z,32598,19990500,19990500,10
2026-08-27T09:31:27Z,32599,37500000,37500000,10
2026-08-27T09:31:27Z,32600,197990000,197990000,4
2026-08-27T09:31:27Z,32601,9900000,9900000,25
2026-08-27T09:31:27Z,32620,253500,255500,10932
2026-08-27T09:31:27Z,32667,9900000,9900000,18
2026-08-27T09:31:27Z,32668,9960000,9960000,25
2026-08-27T09:31:27Z,32685,9969700,9969700,18
2026-08-27T09:31:27Z,32686,9840000,9840000,20
2026-08-27T09:31:27Z,32714,105300,105300,28
2026-08-27T09:31:27Z,32715,2390000,2390000,57
2026-08-27T09:31:27Z,32716,2380000,2380000,27
2026-08-27T09:31:27Z,32717,4503700,9938900,135
2026-08-27T09:31:27Z,32718,4389900,4389900,138
2026-08-27T09:31:27Z,32720,6000000,9840000,88
2026-08-27T09:31:27Z,32722,3339900,3339900,44
2026-08-27T09:31:27Z,32725,49000100,49000100,22
2026-08-27T09:31:27Z,32727,3330000,3330000,1
2026-08-27T09:31:27Z,32728,150400,9900400,116
2026-08-27T09:31:27Z,32758,9904100,9904100,29
2026-08-27T09:31:27Z,32773,17781100,17781100,1
2026-08-27T09:31:27Z,32833,220500,220500,136
2026-08-27T09:31:27Z,32836,296900,296900,155
2026-08-27T09:31:27Z,32839,197490000,197490000,4
2026-08-27T09:31:27Z,32849,190000000,190000000,6
2026-08-27T09:31:27Z,32850,194990000,194990000,1
2026-08-27T09:31:27Z,32851,29990000,29990000,7
2026-08-27T09:31:27Z,32852,39330800,39330800,9
2026-08-27T09:31:27Z,32897,1600,1800,14410
2026-08-27T09:31:27Z,32902,100,100,1777
2026-08-27T09:31:27Z,32905,100,100,691
2026-08-27T09:31:27Z,32947,49909900,49909900,4
2026-08-27T09:31:27Z,32948,25000000,25000000,8
2026-08-27T09:31:27Z,33042,19900,19900,842
2026-08-27T09:31:27Z,33048,200,200,132
2026-08-27T09:31:27Z,33052,10000,10000,58
2026-08-27T09:31:27Z,33053,50000,50000,81
2026-08-27T09:31:27Z,33081,2999900,2999900,27
2026-08-27T09:31:27Z,33092,9990400,9990400,25
2026-08-27T09:31:27Z,33093,9839900,9839900,40
2026-08-27T09:31:27Z,33185,9640800,9640800,20
2026-08-27T09:31:27Z,33234,9894500,9894500,40
2026-08-27T09:31:27Z,33236,2100,2100,78
2026-08-27T09:31:27Z,33246,337500,337500,54
2026-08-27T09:31:27Z,33254,66300,66300,32
2026-08-27T09:31:27Z,33443,500,500,130
2026-08-27T09:31:27Z,33444,500,700,279
2026-08-27T09:31:27Z,33445,500,600,386
2026-08-27T09:31:27Z,33447,18400,18500,367
2026-08-27T09:31:27Z,33448,6300,60000,293
2026-08-27T09:31:27Z,33449,10000,10000,40
2026-08-27T09:31:27Z,33451,22100,22100,45
2026-08-27T09:31:27Z,33452,500,500,457
2026-08-27T09:31:27Z,33454,500,500,723
2026-08-27T09:31:27Z,33457,300,300,119
2026-08-27T09:31:27Z,33458,43100,53200,927
2026-08-27T09:31:27Z,33459,300,300,84
2026-08-27T09:31:27Z,33460,300,300,87
2026-08-27T09:31:27Z,33461,300,300,120
2026-08-27T09:31:27Z,33462,300,300,153
2026-08-27T09:31:27Z,33470,1300,2300,200503
2026-08-27T09:31:27Z,33546,10000,10000,68
2026-08-27T09:31:27Z,33547,29800,29800,44
2026-08-27T09:31:27Z,33548,1000000,49000000,22
2026-08-27T09:31:27Z,33549,12400,12400,34
2026-08-27T09:31:27Z,33550,290001800,290001800,3
2026-08-27T09:31:27Z,33551,49004000,49004000,20
2026-08-27T09:31:27Z,33553,49005000,49005000,21
2026-08-27T09:31:27Z,33555,49002700,49002700,20
2026-08-27T09:31:27Z,33556,49001800,49001800,20
2026-08-27T09:31:27Z,33560,49002000,49002000,20
2026-08-27T09:31:27Z,33561,10000,10000,27
2026-08-27T09:31:27Z,33562,49002700,49002700,20
2026-08-27T09:31:27Z,33567,10700,10700,1808
2026-08-27T09:31:27Z,33568,45400,49400,33001
2026-08-27T09:31:27Z,33569,49002400,49002400,21
2026-08-27T09:31:27Z,33571,290002700,290002700,1
2026-08-27T09:31:27Z,33575,17600,17600,64
2026-08-27T09:31:27Z,33576,49000000,49000000,20
2026-08-27T09:31:27Z,33629,35001900,35001900,30
2026-08-27T09:31:27Z,33630,13200,49003200,22
2026-08-27T09:31:27Z,33631,600,600,208
2026-08-27T09:31:27Z,33632,10000,10000,93
2026-08-27T09:31:27Z,33638,152400,152400,34
2026-08-27T09:31:27Z,33639,902700,902700,29
2026-08-27T09:31:27Z,33782,60000,60000,45
2026-08-27T09:31:27Z,33803,1500000100,1500000100,1
2026-08-27T09:31:27Z,33823,1580900,1580900,276
2026-08-27T09:31:27Z,33824,110000,110000,26356
2026-08-27T09:31:27Z,33825,101600,9865200,21
2026-08-27T09:31:27Z,33846,255000700,255000700,2
2026-08-27T09:31:27Z,33854,255000900,255000900,3
2026-08-27T09:31:27Z,33856,30000000,30000000,10
2026-08-27T09:31:27Z,33866,191800,195700,548
2026-08-27T09:31:27Z,33867,102300,9892300,22
2026-08-27T09:31:27Z,33872,157000,157000,86
2026-08-27T09:31:27Z,33874,24300,24400,9280
2026-08-27T09:31:27Z,34052,11000,85000,15276
2026-08-27T09:31:27Z,34053,18000,27200,1256
2026-08-27T09:31:27Z,34054,2000,2800,177556
2026-08-27T09:31:27Z,34055,5800,6300,18578
2026-08-27T09:31:27Z,34056,3500,4100,34523
2026-08-27T09:31:27Z,34057,100,18500,15233
2026-08-27T09:31:27Z,34068,7000,50000,237613
2026-08-27T09:31:27Z,34113,6000000,6000000,599
2026-08-27T09:31:27Z,34125,19900,19900,61
2026-08-27T09:31:27Z,34207,1589600,1602700,49
2026-08-27T09:31:27Z,34220,28009600,28009600,4
2026-08-27T09:31:27Z,34330,899900,1015700,113
2026-08-27T09:31:27Z,34411,3000500,9990000,22
2026-08-27T09:31:27Z,34440,80000,139800,599
2026-08-27T09:31:27Z,34537,297000,9900000,43
2026-08-27T09:31:27Z,34599,700,700,573
2026-08-27T09:31:27Z,34664,22500,22500,765
2026-08-27T09:31:27Z,34721,2200,2200,412
2026-08-27T09:31:27Z,34722,49500,49900,629
2026-08-27T09:31:27Z,34736,35100,35500,2257
2026-08-27T09:31:27Z,34747,390000,390000,61
2026-08-27T09:31:27Z,34748,15700,16500,33
2026-08-27T09:31:27Z,34749,5000,5000,253
2026-08-27T09:31:27Z,34750,6800,8800,28
2026-08-27T09:31:27Z,34751,2900,3000,87
2026-08-27T09:31:27Z,34752,19000,19000,92
2026-08-27T09:31:27Z,34753,49900,49900,109
2026-08-27T09:31:27Z,34754,7000,19900,56
2026-08-27T09:31:27Z,34755,49900,49900,31
2026-08-27T09:31:27Z,34756,3500,3500,24
2026-08-27T09:31:27Z,34757,1700,1700,37
2026-08-27T09:31:27Z,34758,355500,355500,72
2026-08-27T09:31:27Z,34759,26400,26500,86
2026-08-27T09:31:27Z,34760,400,9960000,23
2026-08-27T09:31:27Z,34761,1600,1800,36
2026-08-27T09:31:27Z,34762,7000,7000,46
2026-08-27T09:31:27Z,34763,14700,15400,38
2026-08-27T09:31:27Z,34764,18100,18100,102
2026-08-27T09:31:27Z,34765,39900,47500,263
2026-08-27T09:31:27Z,34766,17700,27700,54
2026-08-27T09:31:27Z,34767,17800,27800,60
2026-08-27T09:31:27Z,34768,19600,169600,228
2026-08-27T09:31:27Z,34769,15600,15600,32
2026-08-27T09:31:27Z,34822,290006300,290006300,3
2026-08-27T09:31:27Z,34823,33330000,33330000,7
2026-08-27T09:31:27Z,34824,290005000,290005000,4
2026-08-27T09:31:27Z,34825,284231600,284231600,3
2026-08-27T09:31:27Z,34831,375000,9990000,23
2026-08-27T09:31:27Z,34832,10000,10000,2373
2026-08-27T09:31:27Z,34839,29007700,29007700,20
2026-08-27T09:31:27Z,34841,9906100,9906100,154
2026-08-27T09:31:27Z,34843,49000000,49000000,34
2026-08-27T09:31:27Z,34850,89900,89900,85
2026-08-27T09:31:27Z,34860,1730000,1730000,17
2026-08-27T09:31:27Z,34861,2100,2100,271
2026-08-27T09:31:27Z,34907,2000000,2000000,33
2026-08-27T09:31:27Z,35128,17509900,17509900,151
2026-08-27T09:31:27Z,35285,47800,47800,43
2026-08-27T09:31:27Z,35287,197500000,197500000,3
2026-08-27T09:31:27Z,35314,7773100,7773100,42
2026-08-27T09:31:27Z,35315,9999500,9999500,24
2026-08-27T09:31:27Z,35318,9997000,9997000,20
2026-08-27T09:31:27Z,35501,49990100,49990100,2
2026-08-27T09:31:27Z,35503,49990100,49990100,4
2026-08-27T09:31:27Z,35557,202700,274700,18288
2026-08-27T09:31:27Z,35562,98400,104900,23402
2026-08-27T09:31:27Z,35563,500,500,461
2026-08-27T09:31:27Z,35565,3600,3600,365
2026-08-27T09:31:27Z,35622,645000,648000,1363
2026-08-27T09:31:27Z,35623,598500,689200,7130
2026-08-27T09:31:27Z,35624,62300,72900,6734
2026-08-27T09:31:27Z,35625,740000,759400,2063
2026-08-27T09:31:27Z,35627,470000,487200,2968
2026-08-27T09:31:27Z,35691,5000,5000,145
2026-08-27T09:31:27Z,35707,4443600,4443600,24
2026-08-27T09:31:27Z,35720,51600,500000,1514
2026-08-27T09:31:27Z,35758,199500,199500,36
2026-08-27T09:31:27Z,35759,9989000,9989000,27
2026-08-27T09:31:27Z,35760,498800,500000,586
2026-08-27T09:31:27Z,35761,637400,638100,93
2026-08-27T09:31:27Z,35788,2221600,2221600,24
2026-08-27T09:31:27Z,35790,251600,49001600,21
2026-08-27T09:31:27Z,35791,290001500,290001500,1
2026-08-27T09:31:27Z,35794,209400,559400,328
2026-08-27T09:31:27Z,35799,930000,939700,105
2026-08-27T09:31:27Z,35836,199890000,199890000,2
2026-08-27T09:31:27Z,35947,800,900,267
2026-08-27T09:31:27Z,35948,200,1200,36
2026-08-27T09:31:27Z,35949,9900000,9900000,20
2026-08-27T09:31:27Z,35950,26200,26200,72
2026-08-27T09:31:27Z,35951,1000,1000,51
2026-08-27T09:31:27Z,35952,900,900,52
2026-08-27T09:31:27Z,35953,800,800,668
2026-08-27T09:31:27Z,35954,7700,7700,57
2026-08-27T09:31:27Z,36743,772000,772000,161
2026-08-27T09:31:27Z,36758,18800,18800,63
2026-08-27T09:31:27Z,36781,70000,70000,96
2026-08-27T09:31:27Z,36782,3900,5800,1509
2026-08-27T09:31:27Z,36783,459800,459800,182
2026-08-27T09:31:27Z,36784,599900,599900,62
2026-08-27T09:31:27Z,36788,49001800,49001800,20
2026-08-27T09:31:27Z,36789,49002100,49002100,20
2026-08-27T09:31:27Z,36794,9901800,9901800,297
2026-08-27T09:31:27Z,36797,49001800,49001800,20
2026-08-27T09:31:27Z,36798,290002000,290002000,1
2026-08-27T09:31:27Z,36801,43201700,43201700,25
2026-08-27T09:31:27Z,36802,252001800,252001800,4
2026-08-27T09:31:27Z,36804,290001800,290001800,1
2026-08-27T09:31:27Z,36805,290002700,290002700,1
2026-08-27T09:31:27Z,36806,1500000300,1500000300,1
2026-08-27T09:31:27Z,36808,49002500,49002500,20
2026-08-27T09:31:27Z,36809,51000,51000,49
2026-08-27T09:31:27Z,36810,20000,20000,102
2026-08-27T09:31:27Z,36811,850000,850000,52
2026-08-27T09:31:27Z,36812,17500,29800,379
2026-08-27T09:31:27Z,36813,509700,509700,73
2026-08-27T09:31:27Z,36814,92700,92700,86
2026-08-27T09:31:27Z,36816,854700,854700,63
2026-08-27T09:31:27Z,36817,1002700,1002700,31
2026-08-27T09:31:27Z,36823,5002400,49002400,22
2026-08-27T09:31:27Z,36824,502700,502700,4
2026-08-27T09:31:27Z,36829,290001800,290001800,1
2026-08-27T09:31:27Z,36830,1500002000,1500002000,1
2026-08-27T09:31:27Z,36860,687300,687300,3979
2026-08-27T09:31:27Z,36901,14700,42000,7175
2026-08-27T09:31:27Z,36903,13400,13400,12581
2026-08-27T09:31:27Z,36904,20000,28000,2818
2026-08-27T09:31:27Z,36905,25000,25000,5981
2026-08-27T09:31:27Z,36906,24500,41700,8986
2026-08-27T09:31:27Z,36907,43000,44900,5869
2026-08-27T09:31:27Z,36908,28800,40800,1763
2026-08-27T09:31:27Z,36909,140000,144000,96572
2026-08-27T09:31:27Z,36910,419900,420000,34867
2026-08-27T09:31:27Z,36912,50000,56900,636472
2026-08-27T09:31:27Z,36913,135000,136300,6643
2026-08-27T09:31:27Z,36916,159000,179900,16013
2026-08-27T09:31:27Z,36917,17000,21500,598
2026-08-27T09:31:27Z,36918,32100,32200,139
2026-08-27T09:31:27Z,36919,1800000,1990000,115
2026-08-27T09:31:27Z,36920,27800,27900,767
2026-08-27T09:31:27Z,36921,39500,40000,166
2026-08-27T09:31:27Z,36922,250000,250000,247
2026-08-27T09:31:27Z,36923,149800,227200,434
2026-08-27T09:31:27Z,36924,69900,79100,159
2026-08-27T09:31:27Z,36925,80000,94000,306
2026-08-27T09:31:27Z,36926,9900,15000,490
2026-08-27T09:31:27Z,36927,267300,290000,153
2026-08-27T09:31:27Z,36928,19900,990000,985
2026-08-27T09:31:27Z,36929,23300,25900,779
2026-08-27T09:31:27Z,36930,690000,708600,176
2026-08-27T09:31:27Z,36931,1450000,1934700,3785
2026-08-27T09:31:27Z,36932,37900,38000,2674
2026-08-27T09:31:27Z,36933,79500,86000,162
2026-08-27T09:31:27Z,36934,50000,50000,201
2026-08-27T09:31:27Z,37091,1100,3200,92
2026-08-27T09:31:27Z,37092,10000,10000,208
2026-08-27T09:31:27Z,37093,300,300,249
2026-08-27T09:31:27Z,37094,25600,25600,189
2026-08-27T09:31:27Z,37097,300,300,90
2026-08-27T09:31:27Z,37098,8000,26600,50
2026-08-27T09:31:27Z,37101,770100,770100,130
2026-08-27T09:31:27Z,37118,1300,1800,744
2026-08-27T09:31:27Z,37140,9000000,9880000,110
2026-08-27T09:31:27Z,37143,140000,9990000,97
2026-08-27T09:31:27Z,37145,68000,68000,74
2026-08-27T09:31:27Z,37147,76000,93300,72
2026-08-27T09:31:27Z,37156,5000000,9960000,94
2026-08-27T09:31:27Z,37159,32900,32900,55
2026-08-27T09:31:27Z,37160,49500,49500,70
2026-08-27T09:31:27Z,37201,49000200,49000200,40
2026-08-27T09:31:27Z,37252,490000,496200,52
2026-08-27T09:31:27Z,37253,40000,40000,70
2026-08-27T09:31:27Z,37452,19990300,19990300,11
2026-08-27T09:31:27Z,37467,148500,3902000,213
2026-08-27T09:31:27Z,37567,47600,49500,184
2026-08-27T09:31:27Z,37588,1500000500,1500000500,1
2026-08-27T09:31:27Z,37602,9900000,19900000,18
2026-08-27T09:31:27Z,37603,38000,38000,57
2026-08-27T09:31:27Z,37663,3794000,3797600,7560
2026-08-27T09:31:27Z,37674,4500000,4500000,5
2026-08-27T09:31:27Z,37700,44700,49500,4773
2026-08-27T09:31:27Z,37701,4900,5500,63224
2026-08-27T09:31:27Z,37702,60000,68700,6384
2026-08-27T09:31:27Z,37703,34500,34500,87955
2026-08-27T09:31:27Z,37704,69900,78800,4176
2026-08-27T09:31:27Z,37705,59300,59300,26329
2026-08-27T09:31:27Z,37713,290000100,290000100,1
2026-08-27T09:31:27Z,37921,13500,13900,7182
2026-08-27T09:31:27Z,38260,49002400,49002400,26
2026-08-27T09:31:27Z,38261,49001500,49001500,23
2026-08-27T09:31:27Z,38263,49001500,49001500,21
2026-08-27T09:31:27Z,38264,1001500,49001500,21
2026-08-27T09:31:27Z,38266,1445863800,1445863800,3
2026-08-27T09:31:27Z,38267,2500000100,2500000100,1
2026-08-27T09:31:27Z,38269,251500,251500,32
2026-08-27T09:31:27Z,38273,990001500,990001500,2
2026-08-27T09:31:27Z,38274,290001500,290001500,2
2026-08-27T09:31:27Z,38303,7900,7900,141
2026-08-27T09:31:27Z,38348,1500002900,1500002900,1
2026-08-27T09:31:27Z,38350,9849900,9849900,19
2026-08-27T09:31:27Z,38371,5548600,5548600,44
2026-08-27T09:31:27Z,38372,119500,120000,52
2026-08-27T09:31:27Z,38373,159000,159000,38
2026-08-27T09:31:27Z,38374,39900,39900,62
2026-08-27T09:31:27Z,38375,29000,29000,62
2026-08-27T09:31:27Z,38376,199500,200000,85
2026-08-27T09:31:27Z,38425,349400,349600,3477
2026-08-27T09:31:27Z,38426,15000,15000,523
2026-08-27T09:31:27Z,38427,48500,48500,122
2026-08-27T09:31:27Z,38428,3985800,3985800,105
2026-08-27T09:31:27Z,38429,9906000,9906000,64
2026-08-27T09:31:27Z,38430,41000,41000,65
2026-08-27T09:31:27Z,38431,30000,30000,65
2026-08-27T09:31:27Z,38432,696900,696900,48
2026-08-27T09:31:27Z,38466,48300,48300,76
2026-08-27T09:31:27Z,38516,49002200,49002200,19
2026-08-27T09:31:27Z,38517,290003300,290003300,1
2026-08-27T09:31:27Z,38518,590000,590000,36
2026-08-27T09:31:27Z,38520,49001100,49001100,1
2026-08-27T09:31:27Z,38557,25500,25500,6751
2026-08-27T09:31:27Z,38558,154600,182600,7344
2026-08-27T09:31:27Z,38561,110000,116900,878
2026-08-27T09:31:27Z,38581,290008500,290008500,2
2026-08-27T09:31:27Z,38583,49002000,49002000,20
2026-08-27T09:31:27Z,38584,49005300,49005300,20
2026-08-27T09:31:27Z,38585,49001900,49001900,20
2026-08-27T09:31:27Z,38586,9902800,9902800,86
2026-08-27T09:31:27Z,38625,66500,66500,34
2026-08-27T09:31:27Z,38679,1000,1000,1046
2026-08-27T09:31:27Z,38682,1100,2000,82028
2026-08-27T09:31:27Z,38698,25000,25000,64
2026-08-27T09:31:27Z,38706,4088000,4256500,156
2026-08-27T09:31:27Z,38766,1000,1000,220
2026-08-27T09:31:27Z,38767,2300,2400,70
2026-08-27T09:31:27Z,38768,2400,2500,216
2026-08-27T09:31:27Z,38769,11100,11100,52
2026-08-27T09:31:27Z,38771,1700,1700,273
2026-08-27T09:31:27Z,38772,8400,8400,109
2026-08-27T09:31:27Z,38773,2000,2000,83
2026-08-27T09:31:27Z,38774,8500,8600,58
2026-08-27T09:31:27Z,38775,6000,6000,88
2026-08-27T09:31:27Z,38776,28500,28500,53
2026-08-27T09:31:27Z,38777,1500,1500,136
2026-08-27T09:31:27Z,38778,10000,10000,46
2026-08-27T09:31:27Z,38779,51200,51200,139
2026-08-27T09:31:27Z,38780,1900,1900,54
2026-08-27T09:31:27Z,38781,6000,6000,216
2026-08-27T09:31:27Z,38782,8000,8000,80
2026-08-27T09:31:27Z,38783,87500,87500,48
2026-08-27T09:31:27Z,38785,2500,2500,143
2026-08-27T09:31:27Z,38786,8400,8400,110
2026-08-27T09:31:27Z,38787,1400,1400,156
2026-08-27T09:31:27Z,38788,380000,380000,76
2026-08-27T09:31:27Z,38789,9800,9800,47
2026-08-27T09:31:27Z,38790,19000,19000,42
2026-08-27T09:31:27Z,38791,243300,243300,57
2026-08-27T09:31:27Z,38792,209200,209200,69
2026-08-27T09:31:27Z,38793,2500,2500,132
2026-08-27T09:31:27Z,38794,5500,5500,71
2026-08-27T09:31:27Z,38796,12200,12200,59
2026-08-27T09:31:27Z,38797,39400,39400,73
2026-08-27T09:31:27Z,38798,99200,99200,63
2026-08-27T09:31:27Z,38799,40000,40000,88
2026-08-27T09:31:27Z,38800,277800,277800,54
2026-08-27T09:31:27Z,38801,436100,436100,39
2026-08-27T09:31:27Z,38802,19995000,19995000,13
2026-08-27T09:31:27Z,38803,1600,1600,118
2026-08-27T09:31:27Z,38804,232200,234900,69
2026-08-27T09:31:27Z,38805,200000,240500,54
2026-08-27T09:31:27Z,38806,4800,4800,80
2026-08-27T09:31:27Z,38807,7800,7800,62
2026-08-27T09:31:27Z,38808,8000,8000,184
2026-08-27T09:31:27Z,38809,67500,67500,87
2026-08-27T09:31:27Z,38810,3000,3000,98
2026-08-27T09:31:27Z,38811,299900,9903400,34
2026-08-27T09:31:27Z,38812,9000,9000,72
2026-08-27T09:31:27Z,38813,783200,783200,37
2026-08-27T09:31:27Z,38814,771500,771500,75
2026-08-27T09:31:27Z,38816,459800,459800,43
2026-08-27T09:31:27Z,38817,12500,12500,323
2026-08-27T09:31:27Z,38818,39900,39900,66
2026-08-27T09:31:27Z,38819,747600,747600,45
2026-08-27T09:31:27Z,38820,1095500,9905500,33
2026-08-27T09:31:27Z,38821,573000,573000,37
2026-08-27T09:31:27Z,38822,16500,16700,77
2026-08-27T09:31:27Z,38823,1427900,9909800,27
2026-08-27T09:31:27Z,38824,570000,579400,63
2026-08-27T09:31:27Z,38825,4800,4800,120
2026-08-27T09:31:27Z,38827,209700,209700,81
2026-08-27T09:31:27Z,38828,23700,23700,57
2026-08-27T09:31:27Z,38829,1900,1900,68
2026-08-27T09:31:27Z,38830,6000,6000,109
2026-08-27T09:31:27Z,38831,1530300,1530300,30
2026-08-27T09:31:27Z,38832,685000,9900000,35
2026-08-27T09:31:27Z,38833,2400,2400,207
2026-08-27T09:31:27Z,38834,1573200,1573200,30
2026-08-27T09:31:27Z,38835,179900,234900,49
2026-08-27T09:31:27Z,38836,694400,694400,56
2026-08-27T09:31:27Z,38837,1374100,1605600,136
2026-08-27T09:31:27Z,38838,13400,15600,354
2026-08-27T09:31:27Z,38839,105700,225700,53
2026-08-27T09:31:27Z,38840,486400,486400,39
2026-08-27T09:31:27Z,38841,47500,47500,75
2026-08-27T09:31:27Z,38842,823800,823900,58
2026-08-27T09:31:27Z,38844,40000,40000,83
2026-08-27T09:31:27Z,38845,10000,10000,184
2026-08-27T09:31:27Z,38846,51500,51500,76
2026-08-27T09:31:27Z,38847,90000,99500,49
2026-08-27T09:31:27Z,38848,52000,52000,63
2026-08-27T09:31:27Z,38849,9902000,9902000,53
2026-08-27T09:31:27Z,38850,145400,145400,134
2026-08-27T09:31:27Z,38851,8854900,8854900,28
2026-08-27T09:31:27Z,38852,8300,8300,73
2026-08-27T09:31:27Z,38853,1754000,1754000,62
2026-08-27T09:31:27Z,38854,2043700,2043700,57
2026-08-27T09:31:27Z,38855,128900,129000,72
2026-08-27T09:31:27Z,38856,5000,9500,65
2026-08-27T09:31:27Z,38857,160000,160000,46
2026-08-27T09:31:27Z,38859,4990000,9908500,49
2026-08-27T09:31:27Z,38860,10000,10000,53
2026-08-27T09:31:27Z,38861,99100,99100,79
2026-08-27T09:31:27Z,38862,249300,249300,103
2026-08-27T09:31:27Z,38863,10322200,10322200,28
2026-08-27T09:31:27Z,38864,1137600,1137600,66
2026-08-27T09:31:27Z,38865,698000,698100,62
2026-08-27T09:31:27Z,38866,41600,41700,64
2026-08-27T09:31:27Z,38867,15400,15400,116
2026-08-27T09:31:27Z,38868,2480400,2480400,23
2026-08-27T09:31:27Z,38869,920100,920100,38
2026-08-27T09:31:27Z,38870,1380300,1380300,41
2026-08-27T09:31:27Z,38871,6237500,6237800,226
2026-08-27T09:31:27Z,38872,3842500,4275900,24
2026-08-27T09:31:27Z,38873,827600,889700,280
2026-08-27T09:31:27Z,38874,1053600,1053600,45
2026-08-27T09:31:27Z,38875,999800,999900,59
2026-08-27T09:31:27Z,38876,1301500,1301500,47
2026-08-27T09:31:27Z,38877,12998200,12998200,25
2026-08-27T09:31:27Z,38878,3502600,5002600,16
2026-08-27T09:31:27Z,38879,4631500,4631500,26
2026-08-27T09:31:27Z,38880,1178900,1178900,40
2026-08-27T09:31:27Z,38881,5572500,5572500,50
2026-08-27T09:31:27Z,38882,1109700,9890000,35
2026-08-27T09:31:27Z,38883,2519400,2519400,39
2026-08-27T09:31:27Z,38884,9997500,9997500,27
2026-08-27T09:31:27Z,38885,5002000,5002000,17
2026-08-27T09:31:27Z,38886,4782200,4782200,16
2026-08-27T09:31:27Z,38887,4350200,4350200,20
2026-08-27T09:31:27Z,38888,186100,9907700,44
2026-08-27T09:31:27Z,38889,1782700,1782700,42
2026-08-27T09:31:27Z,38890,14611900,14611900,8
2026-08-27T09:31:27Z,38893,498800,498900,54
2026-08-27T09:31:27Z,38894,2799000,2799000,47
2026-08-27T09:31:27Z,38895,895100,924000,45
2026-08-27T09:31:27Z,38896,968700,9990000,28
2026-08-27T09:31:27Z,38897,51400,96100,67
2026-08-27T09:31:27Z,38898,23900,24000,80
2026-08-27T09:31:27Z,38899,9907200,9907300,41
2026-08-27T09:31:27Z,38900,7081600,7081600,32
2026-08-27T09:31:27Z,38901,986200,1007200,52
2026-08-27T09:31:27Z,38902,912000,990000,33
2026-08-27T09:31:27Z,38903,49332200,49332200,14
2026-08-27T09:31:27Z,38904,1165800,1165900,55
2026-08-27T09:31:27Z,38905,482100,482100,91
2026-08-27T09:31:27Z,38906,2219000,2219000,31
2026-08-27T09:31:27Z,38908,400000,9900000,45
2026-08-27T09:31:27Z,38909,1500,1600,102
2026-08-27T09:31:27Z,38910,85300,85300,73
2026-08-27T09:31:27Z,38911,281000,281000,70
2026-08-27T09:31:27Z,38912,30100,30100,70
2026-08-27T09:31:27Z,38913,9902000,9902000,28
2026-08-27T09:31:27Z,38914,17200,17200,55
2026-08-27T09:31:27Z,38917,1559000,1822000,40
2026-08-27T09:31:27Z,38918,2458300,2458300,45
2026-08-27T09:31:27Z,38919,990000,990000,84
2026-08-27T09:31:27Z,38920,839300,839300,157
2026-08-27T09:31:27Z,38921,3487400,3487400,55
2026-08-27T09:31:27Z,38922,1507500,1507500,42
2026-08-27T09:31:27Z,38923,49989300,49989300,29
2026-08-27T09:31:27Z,38924,18726400,18726400,48
2026-08-27T09:31:27Z,38925,1999900,2149900,47
2026-08-27T09:31:27Z,38926,2513700,2513800,66
2026-08-27T09:31:27Z,38927,4641000,4641000,14
2026-08-27T09:31:27Z,38928,2100,2100,118
2026-08-27T09:31:27Z,38929,80000,90000,90
2026-08-27T09:31:27Z,38930,589900,865600,49
2026-08-27T09:31:27Z,38931,40000,70000,68
2026-08-27T09:31:27Z,38932,807300,807300,61
2026-08-27T09:31:27Z,38933,1000,1000,182
2026-08-27T09:31:27Z,38934,115200,115200,71
2026-08-27T09:31:27Z,38935,38666600,38666600,25
2026-08-27T09:31:27Z,38936,7599200,7599200,13
2026-08-27T09:31:27Z,38937,110000,110000,63
2026-08-27T09:31:27Z,38938,4300,4300,77
2026-08-27T09:31:27Z,38939,15003700,15003700,22
2026-08-27T09:31:27Z,38940,4816000,4816000,22
2026-08-27T09:31:27Z,38943,34990000,34990000,25
2026-08-27T09:31:27Z,38944,1209500,1209500,80
2026-08-27T09:31:27Z,38945,243600,243700,53
2026-08-27T09:31:27Z,38946,27569200,27569200,8
2026-08-27T09:31:27Z,38947,199008000,199008000,2
2026-08-27T09:31:27Z,38948,1709900,1809900,32
2026-08-27T09:31:27Z,38949,1700,1700,101
2026-08-27T09:31:27Z,38951,10000,10000,40
2026-08-27T09:31:27Z,38953,22200,22200,156
2026-08-27T09:31:27Z,38954,108900,109000,56
2026-08-27T09:31:27Z,38955,9800,9900,119
2026-08-27T09:31:27Z,38959,26500,26500,130
2026-08-27T09:31:27Z,38960,9600,9600,124
2026-08-27T09:31:27Z,38961,20600,20600,66
2026-08-27T09:31:27Z,38962,6800,6900,114
2026-08-27T09:31:27Z,38963,250000,250000,70
2026-08-27T09:31:27Z,38964,16800,16800,78
2026-08-27T09:31:27Z,38965,3550000,3550000,38
2026-08-27T09:31:27Z,38966,17700,17700,125
2026-08-27T09:31:27Z,38967,311800,311800,45
2026-08-27T09:31:27Z,38968,1600,1600,49
2026-08-27T09:31:27Z,38971,11900,11900,90
2026-08-27T09:31:27Z,38972,3126900,3126900,144
2026-08-27T09:31:27Z,38973,182700,9903800,45
2026-08-27T09:31:27Z,38974,24900,25000,120
2026-08-27T09:31:27Z,38975,8900,8900,48
2026-08-27T09:31:27Z,38976,10000,10000,61
2026-08-27T09:31:27Z,38978,2792100,2792200,43
2026-08-27T09:31:27Z,38979,13300,13300,96
2026-08-27T09:31:27Z,38980,2300,2300,138
2026-08-27T09:31:27Z,38981,950000,950000,78
2026-08-27T09:31:27Z,38984,62200,62300,68
2026-08-27T09:31:27Z,38986,70000,70000,47
2026-08-27T09:31:27Z,38987,28400,28400,77
2026-08-27T09:31:27Z,38988,1383000,1383000,49
2026-08-27T09:31:27Z,38989,48700,48700,56
2026-08-27T09:31:27Z,38990,2986500,2986500,51
2026-08-27T09:31:27Z,38991,62900,62900,82
2026-08-27T09:31:27Z,38992,299500,9900000,24
2026-08-27T09:31:27Z,38993,9800,9800,55
2026-08-27T09:31:27Z,38995,1476100,1476100,51
2026-08-27T09:31:27Z,38997,100000,100000,60
2026-08-27T09:31:27Z,38998,15004700,15004700,12
2026-08-27T09:31:27Z,38999,108700,108700,58
2026-08-27T09:31:27Z,39000,750000,750000,47
2026-08-27T09:31:27Z,39001,89800,89900,106
2026-08-27T09:31:27Z,39002,84400,84400,94
2026-08-27T09:31:27Z,39003,642200,642200,54
2026-08-27T09:31:27Z,39004,15900,15900,71
2026-08-27T09:31:27Z,39005,32000,32000,94
2026-08-27T09:31:27Z,39006,333900,333900,100
2026-08-27T09:31:27Z,39151,59000,59800,2913
2026-08-27T09:31:27Z,39201,34880000,34880000,41
2026-08-27T09:31:27Z,39203,46660000,46660000,43
2026-08-27T09:31:27Z,39204,1500006800,1500006800,2
2026-08-27T09:31:27Z,39207,34880000,34880000,56
2026-08-27T09:31:27Z,39209,140000,150000,305
2026-08-27T09:31:27Z,39210,700000,700000,75
2026-08-27T09:31:27Z,39211,4900,4900,381
2026-08-27T09:31:27Z,39212,2500,2500,53
2026-08-27T09:31:27Z,39218,255000,255000,32
2026-08-27T09:31:27Z,39219,505000,49005000,22
2026-08-27T09:31:27Z,39220,56900,86900,393
2026-08-27T09:31:27Z,39222,39900,39900,41
2026-08-27T09:31:27Z,39223,22200,22200,30
2026-08-27T09:31:27Z,39317,2300,2300,31
2026-08-27T09:31:27Z,39334,87300,87300,3471
2026-08-27T09:31:27Z,39338,70000,76700,2241
2026-08-27T09:31:27Z,39339,180000,180000,374
2026-08-27T09:31:27Z,39340,48200,48600,2835
2026-08-27T09:31:27Z,39341,16600,17400,103341
2026-08-27T09:31:27Z,39342,31700,199800,12952
2026-08-27T09:31:27Z,39343,20000,20000,4988
2026-08-27T09:31:27Z,39349,39970000,39970000,11
2026-08-27T09:31:27Z,39350,9900000,49989300,10
2026-08-27T09:31:27Z,39351,46838800,46838800,20
2026-08-27T09:31:27Z,39353,150600,49000600,21
2026-08-27T09:31:27Z,39354,100,100,112999
2026-08-27T09:31:27Z,39356,5000500,49000500,23
2026-08-27T09:31:27Z,39357,999900,999900,31
2026-08-27T09:31:27Z,39358,2880000,2880000,30
2026-08-27T09:31:27Z,39360,44800,44800,32
2026-08-27T09:31:27Z,39361,15007800,15007800,30
2026-08-27T09:31:27Z,39469,78500,78500,1943
2026-08-27T09:31:27Z,39501,49009800,49009800,63
2026-08-27T09:31:27Z,39502,20007600,20007600,69
2026-08-27T09:31:27Z,39512,2800,3000,957
2026-08-27T09:31:27Z,39513,99900,100000,340
2026-08-27T09:31:27Z,39516,950000,950000,58
2026-08-27T09:31:27Z,39520,2500,2800,148
2026-08-27T09:31:27Z,39524,125000,125000,29
2026-08-27T09:31:27Z,39525,49003800,49003800,20
2026-08-27T09:31:27Z,39526,157400,9998700,23
2026-08-27T09:31:27Z,39527,106500,106500,32
2026-08-27T09:31:27Z,39532,290001800,290001800,1
2026-08-27T09:31:27Z,39533,990002000,990002000,1
2026-08-27T09:31:27Z,39549,49003000,49003000,20
2026-08-27T09:31:27Z,39550,49003700,49003700,20
2026-08-27T09:31:27Z,39551,49003000,49003000,20
2026-08-27T09:31:27Z,39552,49006100,49006100,20
2026-08-27T09:31:27Z,39559,49003800,49003800,20
2026-08-27T09:31:27Z,39562,29993000,49003000,22
2026-08-27T09:31:27Z,39563,49003800,49003800,20
2026-08-27T09:31:27Z,39567,10000,11900,170
2026-08-27T09:31:27Z,39568,40000,49900,65
2026-08-27T09:31:27Z,39569,745300,49004800,21
2026-08-27T09:31:27Z,39570,49003000,49003000,20
2026-08-27T09:31:27Z,39666,14900,24900,304
2026-08-27T09:31:27Z,39671,83300,83300,78
2026-08-27T09:31:27Z,39681,119100,169200,4627
2026-08-27T09:31:27Z,39682,289800,296400,5081
2026-08-27T09:31:27Z,39683,1236000,1236200,1260
2026-08-27T09:31:27Z,39684,9800,9800,2037
2026-08-27T09:31:27Z,39685,990004900,990004900,1
2026-08-27T09:31:27Z,39686,990003400,990003400,1
2026-08-27T09:31:27Z,39690,209800,210000,5521
2026-08-27T09:31:27Z,39691,8000,8000,196
2026-08-27T09:31:27Z,39774,62900,576100,5902
2026-08-27T09:31:27Z,39900,43500,9890100,38
2026-08-27T09:31:27Z,39905,40700,40700,42
2026-08-27T09:31:27Z,39906,250000000,250000000,1
2026-08-27T09:31:27Z,39907,8900,8900,49
2026-08-27T09:31:27Z,39908,120000,120000,35
2026-08-27T09:31:27Z,39909,13800,13900,35
2026-08-27T09:31:27Z,39910,167200,167200,39
2026-08-27T09:31:27Z,39911,200459300,200459300,8
2026-08-27T09:31:27Z,39912,209000,659900,35
2026-08-27T09:31:27Z,39914,990000000,990000000,5
2026-08-27T09:31:27Z,39915,192100,9883500,21
2026-08-27T09:31:27Z,39916,250000000,250000000,6
2026-08-27T09:31:27Z,39917,4685300,9895700,21
2026-08-27T09:31:27Z,39918,38400,1000000,32
2026-08-27T09:31:27Z,39919,189300,189300,36
2026-08-27T09:31:27Z,39920,250003100,250003100,2
2026-08-27T09:31:27Z,39927,80000,80000,25
2026-08-27T09:31:27Z,39932,192100,192100,78
2026-08-27T09:31:27Z,39933,46200,46200,39
2026-08-27T09:31:27Z,39934,26300,26300,26
2026-08-27T09:31:27Z,39935,26300,26300,33
2026-08-27T09:31:27Z,39936,249981300,249981300,4
2026-08-27T09:31:27Z,39937,247880000,247880000,2
2026-08-27T09:31:27Z,39938,248253300,248253300,2
2026-08-27T09:31:27Z,39939,19900100,19900100,10
2026-08-27T09:31:27Z,39940,26300,26300,35
2026-08-27T09:31:27Z,39941,250001300,250001300,1
2026-08-27T09:31:27Z,39942,26300,26300,31
2026-08-27T09:31:27Z,39943,250000000,250000000,2
2026-08-27T09:31:27Z,39944,1997506100,1997506100,2
2026-08-27T09:31:27Z,39945,48000,48000,47
2026-08-27T09:31:27Z,39946,197980000,197980000,3
2026-08-27T09:31:27Z,39947,43900,43900,34
2026-08-27T09:31:27Z,39948,35600,35600,24
2026-08-27T09:31:27Z,39949,14400,14500,35
2026-08-27T09:31:27Z,39950,5382400,5382400,38
2026-08-27T09:31:27Z,39951,98800,98800,48
2026-08-27T09:31:27Z,39952,9767600,9767600,20
2026-08-27T09:31:27Z,39953,240489700,240489700,3
2026-08-27T09:31:27Z,39954,9990000,9990000,20
2026-08-27T09:31:27Z,39955,152900,152900,32
2026-08-27T09:31:27Z,39956,19900,19900,34
2026-08-27T09:31:27Z,39957,26300,26300,41
2026-08-27T09:31:27Z,39958,9991000,9991000,20
2026-08-27T09:31:27Z,39959,9896400,9896400,20
2026-08-27T09:31:27Z,39960,1500009900,1500009900,3
2026-08-27T09:31:27Z,39961,249978500,249978500,2
2026-08-27T09:31:27Z,39962,1250005000,1250005000,1
2026-08-27T09:31:27Z,39963,250001300,250001300,1
2026-08-27T09:31:27Z,39964,2494115400,2494115400,3
2026-08-27T09:31:27Z,39965,58400,58400,42
2026-08-27T09:31:27Z,39966,30000,30000,161
2026-08-27T09:31:27Z,39967,36100,36100,31
2026-08-27T09:31:27Z,39968,39100,39100,55
2026-08-27T09:31:27Z,39969,9991200,49001200,21
2026-08-27T09:31:27Z,39970,18500,20000,1169
2026-08-27T09:31:27Z,39974,255881600,255881600,4
2026-08-27T09:31:27Z,39975,229900,229900,32
2026-08-27T09:31:27Z,39976,58900,58900,51
2026-08-27T09:31:27Z,39977,9990100,9990100,20
2026-08-27T09:31:27Z,39978,47900,47900,35
2026-08-27T09:31:27Z,39979,9990000,9990000,20
2026-08-27T09:31:27Z,39980,52900,52900,40
2026-08-27T09:31:27Z,39981,33900,127600,29
2026-08-27T09:31:27Z,39982,1776400,1776400,25
2026-08-27T09:31:27Z,39983,33000,33000,45
2026-08-27T09:31:27Z,39984,250009200,250009200,4
2026-08-27T09:31:27Z,39985,1474962500,1474962500,2
2026-08-27T09:31:27Z,39986,4500000600,4500000600,1
2026-08-27T09:31:27Z,39989,1500000000,1500000000,1
2026-08-27T09:31:27Z,39990,250003200,250003200,1
2026-08-27T09:31:27Z,39991,9907700,9907700,24
2026-08-27T09:31:27Z,39992,9793900,9793900,27
2026-08-27T09:31:27Z,39996,3000000,3000000,31
2026-08-27T09:31:27Z,39997,503300,503300,45
2026-08-27T09:31:27Z,39998,596400,596500,87
2026-08-27T09:31:27Z,39999,182001500,182001500,2
2026-08-27T09:31:27Z,40000,9925300,9925300,25
2026-08-27T09:31:27Z,40001,9980900,9980900,26
2026-08-27T09:31:27Z,40002,450000000,450000000,1
2026-08-27T09:31:27Z,40003,1009600,9959600,24
2026-08-27T09:31:27Z,40008,6146800,9969300,28
2026-08-27T09:31:27Z,40009,45234900,45234900,5
2026-08-27T09:31:27Z,40010,198900,9983400,32
2026-08-27T09:31:27Z,40011,9941600,9941600,34
2026-08-27T09:31:27Z,40013,2999900,9948100,23
2026-08-27T09:31:27Z,40014,2959800,2959900,31
2026-08-27T09:31:27Z,40015,250002900,250002900,2
2026-08-27T09:31:27Z,40016,9984600,9984600,30
2026-08-27T09:31:27Z,40017,97100,9986900,27
2026-08-27T09:31:27Z,40022,451700,451700,27
2026-08-27T09:31:27Z,40023,4257000,9997000,24
2026-08-27T09:31:27Z,40024,3500000000,3500000000,1
2026-08-27T09:31:27Z,40025,9890000,9890000,20
2026-08-27T09:31:27Z,40026,386900,386900,29
2026-08-27T09:31:27Z,40027,2000000000,2000000000,2
2026-08-27T09:31:27Z,40028,9991500,9991500,24
2026-08-27T09:31:27Z,40029,199900000,199900000,6
2026-08-27T09:31:27Z,40030,249001800,249001800,1
2026-08-27T09:31:27Z,40031,250000000,250000000,2
2026-08-27T09:31:27Z,40032,9990000,9990000,52
2026-08-27T09:31:27Z,40033,2409516000,2409516000,1
2026-08-27T09:31:27Z,40034,14742500,15077600,12
2026-08-27T09:31:27Z,40035,100000,100000,34
2026-08-27T09:31:27Z,40036,33100,33100,66
2026-08-27T09:31:27Z,40037,4184600,9990000,23
2026-08-27T09:31:27Z,40038,485700,485700,39
2026-08-27T09:31:27Z,40039,843900,9980500,23
2026-08-27T09:31:27Z,40040,9992700,9992700,28
2026-08-27T09:31:27Z,40041,4184600,4184700,34
2026-08-27T09:31:27Z,40042,29500,29500,56
2026-08-27T09:31:27Z,40043,246079500,246079500,3
2026-08-27T09:31:27Z,40044,50000,9990000,22
2026-08-27T09:31:27Z,40045,19799400,19799400,28
2026-08-27T09:31:27Z,40046,198734600,198734600,6
2026-08-27T09:31:27Z,40047,250004700,250004700,2
2026-08-27T09:31:27Z,40048,19762000,19762000,18
2026-08-27T09:31:27Z,40049,19932100,19932100,10
2026-08-27T09:31:27Z,40050,9979900,9979900,23
2026-08-27T09:31:27Z,40051,9436600,9436600,24
2026-08-27T09:31:27Z,40052,9959700,9959700,23
2026-08-27T09:31:27Z,40053,19699600,19699600,10
2026-08-27T09:31:27Z,40054,8500002300,8500002300,1
2026-08-27T09:31:27Z,40055,4994600,9989300,23
2026-08-27T09:31:27Z,40056,450000000,450000000,1
2026-08-27T09:31:27Z,40057,9989900,9989900,23
2026-08-27T09:31:27Z,40058,4168500,4168500,40
2026-08-27T09:31:27Z,40059,842800,842800,83
2026-08-27T09:31:27Z,40067,16600,17000,126
2026-08-27T09:31:27Z,40068,37600,37600,250
2026-08-27T09:31:27Z,40070,8900,8900,250
2026-08-27T09:31:27Z,40072,391600,391600,208
2026-08-27T09:31:27Z,40073,9900,10000,647
2026-08-27T09:31:27Z,40076,13800,13800,479
2026-08-27T09:31:27Z,40077,288700,288700,1325
2026-08-27T09:31:27Z,40078,58200,58200,311
2026-08-27T09:31:27Z,40079,40000,40000,77
2026-08-27T09:31:27Z,40081,9900,9900,410
2026-08-27T09:31:27Z,40082,3287587000,3359839800,11
2026-08-27T09:31:27Z,40083,177389100,177389100,2
2026-08-27T09:31:27Z,40084,398063300,398063300,2
2026-08-27T09:31:27Z,40085,2995914600,2995914600,1
2026-08-27T09:31:27Z,40086,9996400,9996400,23
2026-08-27T09:31:27Z,40087,280000,280000,100
2026-08-27T09:31:27Z,40088,9975400,9975400,25
2026-08-27T09:31:27Z,40089,19612300,19612300,19
2026-08-27T09:31:27Z,40090,9989300,9989300,30
2026-08-27T09:31:27Z,40091,9892800,9892800,28
2026-08-27T09:31:27Z,40092,7338462900,7338462900,1
2026-08-27T09:31:27Z,40093,7600,7600,783
2026-08-27T09:31:27Z,40094,49990000,49990000,14
2026-08-27T09:31:27Z,40095,5005400,9880000,23
2026-08-27T09:31:27Z,40096,990004300,990004300,1
2026-08-27T09:31:27Z,40097,14800,14900,278
2026-08-27T09:31:27Z,40098,19679200,19679200,17
2026-08-27T09:31:27Z,40099,3017359800,3017359800,6
2026-08-27T09:31:27Z,40100,2006900,2007000,36
2026-08-27T09:31:27Z,40101,450003200,450003200,2
2026-08-27T09:31:27Z,40102,9989300,9989300,29
2026-08-27T09:31:27Z,40103,250005000,250005000,1
2026-08-27T09:31:27Z,40104,6328942100,6328942100,3
2026-08-27T09:31:27Z,40105,9989500,9989500,34
2026-08-27T09:31:27Z,40106,9880200,9880200,28
2026-08-27T09:31:27Z,40109,87000,87300,113
2026-08-27T09:31:27Z,40111,149500,149500,390
2026-08-27T09:31:27Z,40112,149500,149500,313
2026-08-27T09:31:27Z,40113,149500,149500,285
2026-08-27T09:31:27Z,40114,2500002100,2500002100,1
2026-08-27T09:31:27Z,40115,9894900,9894900,33
2026-08-27T09:31:27Z,40116,9655500,9655500,48
2026-08-27T09:31:27Z,40117,1500000000,1500000000,1
2026-08-27T09:31:27Z,40118,1000000,1000000,65
2026-08-27T09:31:27Z,40119,939700,939700,83
2026-08-27T09:31:27Z,40120,993600,993600,88
2026-08-27T09:31:27Z,40122,9960500,9960500,94
2026-08-27T09:31:27Z,40123,450000000,450000000,1
2026-08-27T09:31:27Z,40124,4929000,4929000,69
2026-08-27T09:31:27Z,40125,962200,962200,85
2026-08-27T09:31:27Z,40126,980002100,980002100,2
2026-08-27T09:31:27Z,40127,9497000,9497000,43
2026-08-27T09:31:27Z,40128,2251000,2251000,90
2026-08-27T09:31:27Z,40129,778800,779000,151
2026-08-27T09:31:27Z,40130,9734000,9734000,56
2026-08-27T09:31:27Z,40132,450003200,450003200,1
2026-08-27T09:31:27Z,40133,970700,970700,42
2026-08-27T09:31:27Z,40134,250000000,250000000,1
2026-08-27T09:31:27Z,40135,9875000,9875400,43
2026-08-27T09:31:27Z,40136,2500009100,2500009100,1
2026-08-27T09:31:27Z,40138,2468683500,2468683500,5
2026-08-27T09:31:27Z,40139,9937000,9937000,51
2026-08-27T09:31:27Z,40140,2500000000,2500000000,1
2026-08-27T09:31:27Z,40141,9978000,9978000,52
2026-08-27T09:31:27Z,40142,1299600,1299600,38
2026-08-27T09:31:27Z,40143,977500,977500,44
2026-08-27T09:31:27Z,40144,9769000,9769000,52
2026-08-27T09:31:27Z,40145,9997000,9997000,46
2026-08-27T09:31:27Z,40146,2389800,2390000,197
2026-08-27T09:31:27Z,40147,1219500,1219500,59
2026-08-27T09:31:27Z,40148,3490321400,3490321400,2
2026-08-27T09:31:27Z,40149,9990000,9990000,66
2026-08-27T09:31:27Z,40150,9915500,9915500,46
2026-08-27T09:31:27Z,40151,199977600,199977600,1
2026-08-27T09:31:27Z,40152,1239100,1239100,58
2026-08-27T09:31:27Z,40153,996900,997000,82
2026-08-27T09:31:27Z,40154,8656500,8656500,43
2026-08-27T09:31:27Z,40155,7623000,7623000,54
2026-08-27T09:31:27Z,40156,1500003700,1500003700,1
2026-08-27T09:31:27Z,40157,976200,976200,48
2026-08-27T09:31:27Z,40158,990000000,990000000,1
2026-08-27T09:31:27Z,40159,1500000000,1500000000,1
2026-08-27T09:31:27Z,40160,6815500,6815500,56
2026-08-27T09:31:27Z,40161,3500000000,3500000000,1
2026-08-27T09:31:27Z,40162,988800,988800,57
2026-08-27T09:31:27Z,40163,9970500,9970500,49
2026-08-27T09:31:27Z,40164,9765800,9765800,53
2026-08-27T09:31:27Z,40165,9721500,9721500,49
2026-08-27T09:31:27Z,40166,8878500,8878500,44
2026-08-27T09:31:27Z,40167,9714500,9714500,52
2026-08-27T09:31:27Z,40168,9969000,9969000,49
2026-08-27T09:31:27Z,40169,9681000,9681000,47
2026-08-27T09:31:27Z,40171,9959500,9959500,44
2026-08-27T09:31:27Z,40173,9990500,9990500,70
2026-08-27T09:31:27Z,40174,9900000000,9900000000,1
2026-08-27T09:31:27Z,40175,2500000000,2500000000,1
2026-08-27T09:31:27Z,40176,4500002100,4500002100,1
2026-08-27T09:31:27Z,40177,997600,997700,87
2026-08-27T09:31:27Z,40179,1000000,1000000,59
2026-08-27T09:31:27Z,40180,4509400,4509500,172
2026-08-27T09:31:27Z,40181,1500000000,1500000000,1
2026-08-27T09:31:27Z,40182,999400,999500,95
2026-08-27T09:31:27Z,40195,7000,7200,5458
2026-08-27T09:31:27Z,40199,2100,2100,5270
2026-08-27T09:31:27Z,40202,1496400,1496400,50
2026-08-27T09:31:27Z,40211,19500,19900,135
2026-08-27T09:31:27Z,40212,9500,9600,133
2026-08-27T09:31:27Z,40213,999900,999900,46
2026-08-27T09:31:27Z,40214,1150000,1150000,38
2026-08-27T09:31:27Z,40215,2259900,2259900,43
2026-08-27T09:31:27Z,40216,2000000,2000000,54
2026-08-27T09:31:27Z,40217,100000,100000,52
2026-08-27T09:31:27Z,40356,9900600,9900600,25
2026-08-27T09:31:27Z,40357,9990000,9990000,24
2026-08-27T09:31:27Z,40358,9990700,9990700,30
2026-08-27T09:31:27Z,40359,9909900,9909900,25
2026-08-27T09:31:27Z,40360,9905000,9905000,556
2026-08-27T09:31:27Z,40361,7902700,7902700,118
2026-08-27T09:31:27Z,40392,290000900,290000900,1
2026-08-27T09:31:27Z,40393,290000700,290000700,1
2026-08-27T09:31:27Z,40404,1499900000,1499900000,7
2026-08-27T09:31:27Z,40411,49009800,49009800,25
2026-08-27T09:31:27Z,40533,87000,87000,1891
2026-08-27T09:31:27Z,40536,2900,2900,982
2026-08-27T09:31:27Z,40769,890800,890800,228
2026-08-27T09:31:27Z,40771,330000,330000,468
2026-08-27T09:31:27Z,40896,1500007600,1500007600,1
2026-08-27T09:31:27Z,40897,25007600,25007600,3
2026-08-27T09:31:27Z,40899,250007600,250007600,1
2026-08-27T09:31:27Z,40900,1500000200,1500000200,1
2026-08-27T09:31:27Z,40901,1500007600,1500007600,1
2026-08-27T09:31:27Z,40902,1500007600,1500007600,1
2026-08-27T09:31:27Z,40903,1500000200,1500000200,1
2026-08-27T09:31:27Z,40906,1500007600,1500007600,1
2026-08-27T09:31:27Z,40908,1500007600,1500007600,1
2026-08-27T09:31:27Z,40909,250007600,250007600,1
2026-08-27T09:31:27Z,40912,1500000200,1500000200,1
2026-08-27T09:31:27Z,40913,1500007600,1500007600,3
2026-08-27T09:31:27Z,40914,250007600,250007600,1
2026-08-27T09:31:27Z,40915,1500007600,1500007600,1
2026-08-27T09:31:27Z,40916,199997600,199997600,2
2026-08-27T09:31:27Z,40919,182700,202600,631
2026-08-27T09:31:27Z,40920,1500000200,1500000200,1
2026-08-27T09:31:27Z,40921,250000200,250000200,1
2026-08-27T09:31:27Z,40922,150007600,150007600,2
2026-08-27T09:31:27Z,40923,1500007600,1500007600,1
2026-08-27T09:31:27Z,40924,1500007600,1500007600,1
2026-08-27T09:31:27Z,41092,299999900,299999900,2
2026-08-27T09:31:27Z,41094,1500000200,1500000200,1
2026-08-27T09:31:27Z,41095,25000200,25000200,11
2026-08-27T09:31:27Z,41096,1500000200,1500000200,1
2026-08-27T09:31:27Z,41097,1500007600,1500007600,8
2026-08-27T09:31:27Z,41098,250007600,250007600,1
2026-08-27T09:31:27Z,41099,250000200,250000200,3
2026-08-27T09:31:27Z,41100,108000,108500,3354
2026-08-27T09:31:27Z,41101,1500000200,1500000200,1
2026-08-27T09:31:27Z,41102,1500000200,1500000200,1
2026-08-27T09:31:27Z,41103,1500000200,1500000200,3
2026-08-27T09:31:27Z,41104,1500007600,1500007600,1
2026-08-27T09:31:27Z,41106,149999900,149999900,3
2026-08-27T09:31:27Z,41108,249983500,249983500,3
2026-08-27T09:31:27Z,41109,1500007600,1500007600,1
2026-08-27T09:31:27Z,41110,1500000200,1500000200,1
2026-08-27T09:31:27Z,41119,400,400,297
2026-08-27T09:31:27Z,41146,75800,75800,34
2026-08-27T09:31:27Z,41163,935700,1199900,3420
2026-08-27T09:31:27Z,41164,49000100,49000100,17
2026-08-27T09:31:27Z,41165,19908400,19908400,40
2026-08-27T09:31:27Z,41166,1990300,1993200,90
2026-08-27T09:31:27Z,41167,36800,36800,57
2026-08-27T09:31:27Z,41266,999800,999800,183
2026-08-27T09:31:27Z,41285,4999700,4999800,32
2026-08-27T09:31:27Z,41307,9989900,9989900,26
2026-08-27T09:31:27Z,41333,9899900,9899900,24
2026-08-27T09:31:27Z,41334,999900,999900,706
2026-08-27T09:31:27Z,41335,19981600,19981700,20
2026-08-27T09:31:27Z,41337,690000,690000,191
2026-08-27T09:31:27Z,41338,60000,60000,119
2026-08-27T09:31:27Z,41339,845100,845100,52
2026-08-27T09:31:27Z,41368,140000,49000000,24
2026-08-27T09:31:27Z,41369,9513900,9513900,27
2026-08-27T09:31:27Z,41373,9500006900,9500006900,1
2026-08-27T09:31:27Z,41375,747300,747300,46
2026-08-27T09:31:27Z,41376,4999700,4999700,37
2026-08-27T09:31:27Z,41377,19969500,19969600,14
2026-08-27T09:31:27Z,41378,9993300,9993300,28
2026-08-27T09:31:27Z,41379,9006400,9006500,23
2026-08-27T09:31:27Z,41380,2000900,2001000,36
2026-08-27T09:31:27Z,41381,69300,70000,102
2026-08-27T09:31:27Z,41382,19859700,19859800,19
2026-08-27T09:31:27Z,41385,44440900,44441000,23
2026-08-27T09:31:27Z,41389,7709800,7709900,29
2026-08-27T09:31:27Z,41395,6554400,7282700,37
2026-08-27T09:31:27Z,41396,1979700,1979800,28
2026-08-27T09:31:27Z,41397,2005100,2005200,113
2026-08-27T09:31:27Z,41398,9979900,9979900,21
2026-08-27T09:31:27Z,41400,9990000,9990000,29
2026-08-27T09:31:27Z,41401,9999300,9999300,25
2026-08-27T09:31:27Z,41427,219900,219900,148
2026-08-27T09:31:27Z,41432,9909800,9909800,20
2026-08-27T09:31:27Z,41433,4500001300,4500001300,1
2026-08-27T09:31:27Z,41434,1006500,1006500,25
2026-08-27T09:31:27Z,41435,8887300,9894900,23
2026-08-27T09:31:27Z,41436,9805500,9805500,20
2026-08-27T09:31:27Z,41437,9997400,9997400,26
2026-08-27T09:31:27Z,41438,990007600,990007600,1
2026-08-27T09:31:27Z,41439,1899500,1899900,25
2026-08-27T09:31:27Z,41440,9950000,9950000,20
2026-08-27T09:31:27Z,41441,9900000,9900000,22
2026-08-27T09:31:27Z,41442,2486548300,2486548300,5
2026-08-27T09:31:27Z,41443,2999700,2999700,43
2026-08-27T09:31:27Z,41444,1298300,1298300,27
2026-08-27T09:31:27Z,41445,39995600,39995600,6
2026-08-27T09:31:27Z,41446,9901300,9901300,25
2026-08-27T09:31:27Z,41447,9990000,9990000,22
2026-08-27T09:31:27Z,41448,250000000,250000000,1
2026-08-27T09:31:27Z,41449,8987966000,8987966000,2
2026-08-27T09:31:27Z,41450,450001600,450001600,1
2026-08-27T09:31:27Z,41451,192493800,192493800,1
2026-08-27T09:31:27Z,41452,1949996000,1949996000,1
2026-08-27T09:31:27Z,41453,1804800,9994800,23
2026-08-27T09:31:27Z,41454,3500000000,3500000000,1
2026-08-27T09:31:27Z,41455,5017700,5017700,35
2026-08-27T09:31:27Z,41456,9989900,9989900,21
2026-08-27T09:31:27Z,41457,4464429100,4464429100,2
2026-08-27T09:31:27Z,41458,5500004800,5500004800,1
2026-08-27T09:31:27Z,41460,9889900,9889900,33
2026-08-27T09:31:27Z,41461,8350700,9893100,21
2026-08-27T09:31:27Z,41462,9995600,9995600,23
2026-08-27T09:31:27Z,41463,1957894800,1957894800,1
2026-08-27T09:31:27Z,41464,450000,450000,32
2026-08-27T09:31:27Z,41465,9500000000,9500000000,1
2026-08-27T09:31:27Z,41466,5961600,9999600,21
2026-08-27T09:31:27Z,41467,9999100,9999100,20
2026-08-27T09:31:27Z,41468,250002500,250002500,3
2026-08-27T09:31:27Z,41469,2000000000,2000000000,1
2026-08-27T09:31:27Z,41470,651300,9891300,21
2026-08-27T09:31:27Z,41472,2500000000,2500000000,1
2026-08-27T09:31:27Z,41473,199000000,199000000,2
2026-08-27T09:31:27Z,41474,192938100,192938100,8
2026-08-27T09:31:27Z,41475,5947100,9881200,21
2026-08-27T09:31:27Z,41476,9997800,9997800,20
2026-08-27T09:31:27Z,41477,2495002500,2495002500,1
2026-08-27T09:31:27Z,41478,49903800,49903800,7
2026-08-27T09:31:27Z,41479,8500000,8500000,30
2026-08-27T09:31:27Z,41480,192228000,192228000,6
2026-08-27T09:31:27Z,41481,198121000,198121000,2
2026-08-27T09:31:27Z,41482,1007400,1007500,70
2026-08-27T09:31:27Z,41483,9997400,9997400,20
2026-08-27T09:31:27Z,41484,199980000,199980000,2
2026-08-27T09:31:27Z,41485,2950000,2950000,86
2026-08-27T09:31:27Z,41486,39608300,39608300,6
2026-08-27T09:31:27Z,41487,1500000000,1500000000,1
2026-08-27T09:31:27Z,41488,3053700,9993800,22
2026-08-27T09:31:27Z,41489,1998900,1999700,27
2026-08-27T09:31:27Z,41490,2100100,2100100,26
2026-08-27T09:31:27Z,41491,249991300,249991300,1
2026-08-27T09:31:27Z,41492,1759600,9880200,22
2026-08-27T09:31:27Z,41493,19245600,19245600,14
2026-08-27T09:31:27Z,41494,250000000,250000000,1
2026-08-27T09:31:27Z,41495,4271000,4271000,25
2026-08-27T09:31:27Z,41496,2500000000,2500000000,1
2026-08-27T09:31:27Z,41497,39990000,39990000,6
2026-08-27T09:31:27Z,41498,3780000,9990100,23
2026-08-27T09:31:27Z,41499,9892700,9892700,19
2026-08-27T09:31:27Z,41500,3500000000,3500000000,1
2026-08-27T09:31:27Z,41502,410900,9980000,24
2026-08-27T09:31:27Z,41509,9903000,9903000,20
2026-08-27T09:31:27Z,41510,11500,11500,4560
2026-08-27T09:31:27Z,41511,24900,25600,5222
2026-08-27T09:31:27Z,41517,1500000200,1500000200,1
2026-08-27T09:31:27Z,41524,1500000200,1500000200,1
2026-08-27T09:31:27Z,41527,1500000200,1500000200,1
2026-08-27T09:31:27Z,41529,1500000200,1500000200,1
2026-08-27T09:31:27Z,41530,100000200,100000200,7
2026-08-27T09:31:27Z,41531,25007600,25007600,2
2026-08-27T09:31:27Z,41532,1500000200,1500000200,1
2026-08-27T09:31:27Z,41533,249990200,249990200,2
2026-08-27T09:31:27Z,41534,1500007600,1500007600,1
2026-08-27T09:31:27Z,41535,1500000200,1500000200,1
2026-08-27T09:31:27Z,41536,250007600,250007600,1
2026-08-27T09:31:27Z,41537,150000200,150000200,6
2026-08-27T09:31:27Z,41538,1500000200,1500000200,1
2026-08-27T09:31:27Z,41539,250007600,250007600,2
2026-08-27T09:31:27Z,41540,1500000200,1500000200,1
2026-08-27T09:31:27Z,41541,1500000200,1500000200,3
2026-08-27T09:31:27Z,41542,1500000200,1500000200,1
2026-08-27T09:31:27Z,41547,1500000200,1500000200,1
2026-08-27T09:31:27Z,41552,1500000200,1500000200,1
2026-08-27T09:31:27Z,41584,129400,129400,401
2026-08-27T09:31:27Z,41586,5500100,5500100,195
2026-08-27T09:31:27Z,41593,1750000,1750000,967
2026-08-27T09:31:27Z,41594,1940000,1940000,354
2026-08-27T09:31:27Z,41595,1940000,1940000,1113
2026-08-27T09:31:27Z,41601,282100,282100,111
2026-08-27T09:31:27Z,41602,6008800,6008800,12
2026-08-27T09:31:27Z,41603,299600,299600,84
2026-08-27T09:31:27Z,41604,3300000,3300000,17
2026-08-27T09:31:27Z,41611,1909500,1999500,179
2026-08-27T09:31:27Z,41729,9900000,9900000,20
2026-08-27T09:31:27Z,41731,1100,1100,62
2026-08-27T09:31:27Z,41751,400,400,186
2026-08-27T09:31:27Z,41800,249900,249900,452
2026-08-27T09:31:27Z,41801,2500,2500,1068
2026-08-27T09:31:27Z,41802,45000,45000,1752
2026-08-27T09:31:27Z,41803,39600,39600,1156
2026-08-27T09:31:27Z,41805,245000,245000,499
2026-08-27T09:31:27Z,41806,6000,9500,3991
2026-08-27T09:31:27Z,41807,40000,700000,875
2026-08-27T09:31:27Z,41808,5000,6500,1686
2026-08-27T09:31:27Z,41809,10000,51700,3021
2026-08-27T09:31:27Z,41810,3900,3900,6052
2026-08-27T09:31:27Z,41812,3000,199900,1404
2026-08-27T09:31:27Z,41813,4100,199900,2173
2026-08-27T09:31:27Z,41814,215200,550000,4417
2026-08-27T09:31:27Z,41976,502400,502400,80
2026-08-27T09:31:27Z,42225,14930000,14944400,537
2026-08-27T09:31:27Z,42253,10000,10000,3174
2026-08-27T09:31:27Z,42396,1500000200,1500000200,1
2026-08-27T09:31:27Z,42397,250000200,250000200,5
2026-08-27T09:31:27Z,42398,24998300,24998300,2
2026-08-27T09:31:27Z,42399,250000200,250000200,1
2026-08-27T09:31:27Z,42400,1500007600,1500007600,1
2026-08-27T09:31:27Z,42401,1500007600,1500007600,1
2026-08-27T09:31:27Z,42402,1500007600,1500007600,1
2026-08-27T09:31:27Z,42403,1500000200,1500000200,1
2026-08-27T09:31:27Z,42405,1500000200,1500000200,1
2026-08-27T09:31:27Z,42406,250007600,250007600,1
2026-08-27T09:31:27Z,42407,1500000200,1500000200,1
2026-08-27T09:31:27Z,42408,250000200,250000200,7
2026-08-27T09:31:27Z,42409,250000200,250000200,1
2026-08-27T09:31:27Z,42410,1500000200,1500000200,1
2026-08-27T09:31:27Z,42411,1500007600,1500007600,6
2026-08-27T09:31:27Z,42412,1500000200,1500000200,1
2026-08-27T09:31:27Z,42414,1500007600,1500007600,1
2026-08-27T09:31:27Z,42415,1500000200,1500000200,1
2026-08-27T09:31:27Z,42416,1500007600,1500007600,1
2026-08-27T09:31:27Z,42428,9899900,9899900,121
2026-08-27T09:31:27Z,42429,77500,77500,288
2026-08-27T09:31:27Z,42430,277500,277500,162
2026-08-27T09:31:27Z,42431,703700,703700,231
2026-08-27T09:31:27Z,42432,701900,701900,30
2026-08-27T09:31:27Z,42433,100000,100000,54
2026-08-27T09:31:27Z,42434,9900000,9900000,29
2026-08-27T09:31:27Z,42453,220000200,220000200,2
2026-08-27T09:31:27Z,42455,150007600,150007600,3
2026-08-27T09:31:27Z,42456,250000200,250000200,1
2026-08-27T09:31:27Z,42457,250000200,250000200,1
2026-08-27T09:31:27Z,42458,1500007600,1500007600,6
2026-08-27T09:31:27Z,42459,162700,171200,447
2026-08-27T09:31:27Z,42460,1500007600,1500007600,1
2026-08-27T09:31:27Z,42461,9990200,9990200,8
2026-08-27T09:31:27Z,42462,250007600,250007600,1
2026-08-27T09:31:27Z,42464,279997600,279997600,1
2026-08-27T09:31:27Z,42465,1500000200,1500000200,1
2026-08-27T09:31:27Z,42466,1500000200,1500000200,1
2026-08-27T09:31:27Z,42467,500000200,500000200,2
2026-08-27T09:31:27Z,42468,290007600,290007600,1
2026-08-27T09:31:27Z,42469,1500007600,1500007600,1
2026-08-27T09:31:27Z,42470,85540200,85540200,7
2026-08-27T09:31:27Z,42471,1500007600,1500007600,1
2026-08-27T09:31:27Z,42472,1500000200,1500000200,2
2026-08-27T09:31:27Z,42473,250000200,250000200,1
2026-08-27T09:31:27Z,42500,754300,754300,94
2026-08-27T09:31:27Z,42545,985800,988600,136
2026-08-27T09:31:27Z,42546,3000,3000,693
2026-08-27T09:31:27Z,42641,8300,8300,660
2026-08-27T09:31:27Z,42701,390000,400000,29
2026-08-27T09:31:27Z,42702,406300,406300,73
2026-08-27T09:31:27Z,42734,1500007600,1500007600,2
2026-08-27T09:31:27Z,42735,250007600,250007600,8
2026-08-27T09:31:27Z,42736,6660200,6660200,2
2026-08-27T09:31:27Z,42737,1500007600,1500007600,3
2026-08-27T09:31:27Z,42738,249997600,249997600,2
2026-08-27T09:31:27Z,42739,1500000200,1500000200,1
2026-08-27T09:31:27Z,42740,1500007600,1500007600,3
2026-08-27T09:31:27Z,42741,250005200,250005200,1
2026-08-27T09:31:27Z,42742,1998008500,1998008500,1
2026-08-27T09:31:27Z,42743,6667900,6667900,18
2026-08-27T09:31:27Z,42744,1500000200,1500000200,1
2026-08-27T09:31:27Z,42745,1500000200,1500000200,2
2026-08-27T09:31:27Z,42746,250000200,250000200,3
2026-08-27T09:31:27Z,42747,1500007600,1500007600,1
2026-08-27T09:31:27Z,42748,1500000200,1500000200,3
2026-08-27T09:31:27Z,42749,1500007600,1500007600,1
2026-08-27T09:31:27Z,42750,1500007600,1500007600,1
2026-08-27T09:31:27Z,42751,352700,352700,223
2026-08-27T09:31:27Z,42752,1500007600,1500007600,1
2026-08-27T09:31:27Z,42753,1500000200,1500000200,8
2026-08-27T09:31:27Z,42754,1500000200,1500000200,1
2026-08-27T09:31:27Z,42777,9970500,9970500,19
2026-08-27T09:31:27Z,42778,9981600,9981600,19
2026-08-27T09:31:27Z,42779,9900900,9900900,39
2026-08-27T09:31:27Z,42780,500,21000,54085
2026-08-27T09:31:27Z,42897,250000200,250000200,1
2026-08-27T09:31:27Z,42898,6660200,6660200,2
2026-08-27T09:31:27Z,42899,1500007600,1500007600,1
2026-08-27T09:31:27Z,42900,250007600,250007600,1
2026-08-27T09:31:27Z,42902,1500000200,1500000200,2
2026-08-27T09:31:27Z,42903,1500000200,1500000200,1
2026-08-27T09:31:27Z,42904,249990200,249990200,2
2026-08-27T09:31:27Z,42905,1499990200,1499990200,4
2026-08-27T09:31:27Z,42906,1500000200,1500000200,1
2026-08-27T09:31:27Z,42907,1500007600,1500007600,1
2026-08-27T09:31:27Z,42908,250000200,250000200,1
2026-08-27T09:31:27Z,42909,1500007600,1500007600,1
2026-08-27T09:31:27Z,42910,333330200,333330200,2
2026-08-27T09:31:27Z,42911,1500007600,1500007600,1
2026-08-27T09:31:27Z,42912,1500000200,1500000200,10
2026-08-27T09:31:27Z,42913,250007600,250007600,1
2026-08-27T09:31:27Z,42914,250007600,250007600,1
2026-08-27T09:31:27Z,42915,250000200,250000200,1
2026-08-27T09:31:27Z,42916,1500007600,1500007600,1
2026-08-27T09:31:27Z,42917,1500000200,1500000200,1
2026-08-27T09:31:27Z,42930,200000,400000,65
2026-08-27T09:31:27Z,42931,20000,20000,70
2026-08-27T09:31:27Z,42942,32300,32300,77
2026-08-27T09:31:27Z,42954,1500007600,1500007600,1
2026-08-27T09:31:27Z,42955,1500007600,1500007600,1
2026-08-27T09:31:27Z,42956,25000000,25000000,4
2026-08-27T09:31:27Z,42957,1500000200,1500000200,1
2026-08-27T09:31:27Z,42958,250007600,250007600,1
2026-08-27T09:31:27Z,42959,1500007600,1500007600,4
2026-08-27T09:31:27Z,42960,150000200,150000200,4
2026-08-27T09:31:27Z,42961,1500000200,1500000200,1
2026-08-27T09:31:27Z,42962,1500007600,1500007600,1
2026-08-27T09:31:27Z,42963,1500000200,1500000200,1
2026-08-27T09:31:27Z,42964,1500000200,1500000200,1
2026-08-27T09:31:27Z,42965,1500000200,1500000200,14
2026-08-27T09:31:27Z,42966,1500000200,1500000200,1
2026-08-27T09:31:27Z,42967,1500000200,1500000200,6
2026-08-27T09:31:27Z,42968,250000200,250000200,1
2026-08-27T09:31:27Z,42969,1500007600,1500007600,1
2026-08-27T09:31:27Z,42970,250000200,250000200,4
2026-08-27T09:31:27Z,42971,250000200,250000200,1
2026-08-27T09:31:27Z,42972,1500007600,1500007600,1
2026-08-27T09:31:27Z,42973,250000200,250000200,3
2026-08-27T09:31:27Z,42974,1500000200,1500000200,20
2026-08-27T09:31:27Z,42993,19700,19700,124
2026-08-27T09:31:27Z,42994,54100,54100,26
2026-08-27T09:31:27Z,42995,99900,99900,129
2026-08-27T09:31:27Z,42996,99500,99900,43
2026-08-27T09:31:27Z,42997,60000,60000,822
2026-08-27T09:31:27Z,42998,50000,50000,163
2026-08-27T09:31:27Z,42999,94900,94900,27
2026-08-27T09:31:27Z,43000,109700,109700,55
2026-08-27T09:31:27Z,43001,79900,79900,154
2026-08-27T09:31:27Z,43004,1200,1200,458
2026-08-27T09:31:27Z,43005,7000,7000,95
2026-08-27T09:31:27Z,43007,9200,9400,60925
2026-08-27T09:31:27Z,43009,17500,57800,1763
2026-08-27T09:31:27Z,43010,4800,4800,2183
2026-08-27T09:31:27Z,43011,5000,31700,14484
2026-08-27T09:31:27Z,43012,3500,12200,15401
2026-08-27T09:31:27Z,43013,10000,20000,11360
2026-08-27T09:31:27Z,43015,50000,50000,116
2026-08-27T09:31:27Z,43086,49700,49700,103
2026-08-27T09:31:27Z,43087,9909900,9909900,20
2026-08-27T09:31:27Z,43102,435600,558400,5791
2026-08-27T09:31:27Z,43103,359800,359900,1252
2026-08-27T09:31:27Z,43104,104800,104900,1623
2026-08-27T09:31:27Z,43105,27800,489900,749
2026-08-27T09:31:27Z,43106,48700,48700,2856
2026-08-27T09:31:27Z,43107,375300,375300,1680
2026-08-27T09:31:27Z,43108,11000,11000,1709
2026-08-27T09:31:27Z,43109,70000,449900,701
2026-08-27T09:31:27Z,43115,355000,355000,3246
2026-08-27T09:31:27Z,43116,164800,169200,1886
2026-08-27T09:31:27Z,43117,149900,190000,349
2026-08-27T09:31:27Z,43118,358800,359800,1637
2026-08-27T09:31:27Z,43119,38800,41000,896
2026-08-27T09:31:27Z,43120,98100,99600,6441
2026-08-27T09:31:27Z,43121,25000,30000,1904
2026-08-27T09:31:27Z,43122,39500,90200,13153
2026-08-27T09:31:27Z,43123,275000,275000,1309
2026-08-27T09:31:27Z,43124,40000,49200,5060
2026-08-27T09:31:27Z,43125,30000,34700,10184
2026-08-27T09:31:27Z,43126,40000,40000,1574
2026-08-27T09:31:27Z,43127,252200,252200,1149
2026-08-27T09:31:27Z,43145,9900000,9900000,99
2026-08-27T09:31:27Z,43146,9900000,9900000,18
2026-08-27T09:31:27Z,43231,49001700,49001700,20
2026-08-27T09:31:27Z,43233,49001900,49001900,20
2026-08-27T09:31:27Z,43235,49000800,49000800,20
2026-08-27T09:31:27Z,43236,50000,50000,25
2026-08-27T09:31:27Z,43268,18600,19500,64
2026-08-27T09:31:27Z,43316,1000000200,1000000200,2
2026-08-27T09:31:27Z,43321,9990800,9990800,5
2026-08-27T09:31:27Z,43325,290000800,290000800,2
2026-08-27T09:31:27Z,43326,45000800,45000800,4
2026-08-27T09:31:27Z,43328,290000800,290000800,2
2026-08-27T09:31:27Z,43329,25000800,25000800,2
2026-08-27T09:31:27Z,43330,49000800,49000800,18
2026-08-27T09:31:27Z,43331,1500000200,1500000200,1
2026-08-27T09:31:27Z,43332,1500000200,1500000200,1
2026-08-27T09:31:27Z,43333,35000800,35000800,4
2026-08-27T09:31:27Z,43334,402700,402700,311
2026-08-27T09:31:27Z,43335,1500000200,1500000200,1
2026-08-27T09:31:27Z,43338,1500000200,1500000200,1
2026-08-27T09:31:27Z,43339,1500000200,1500000200,1
2026-08-27T09:31:27Z,43340,1500000200,1500000200,1
2026-08-27T09:31:27Z,43341,290000800,290000800,2
2026-08-27T09:31:27Z,43342,1500000200,1500000200,1
2026-08-27T09:31:27Z,43343,1500000200,1500000200,2
2026-08-27T09:31:27Z,43344,1500007600,1500007600,1
2026-08-27T09:31:27Z,43350,92200,92700,308
2026-08-27T09:31:27Z,43351,250000200,250000200,1
2026-08-27T09:31:27Z,43354,1500007600,1500007600,1
2026-08-27T09:31:27Z,43356,1500000200,1500000200,1
2026-08-27T09:31:27Z,43359,1500000200,1500000200,1
2026-08-27T09:31:27Z,43360,290000200,290000200,1
2026-08-27T09:31:27Z,43361,1500000200,1500000200,1
2026-08-27T09:31:27Z,43362,1500000200,1500000200,4
2026-08-27T09:31:27Z,43364,1500000200,1500000200,1
2026-08-27T09:31:27Z,43365,1500000200,1500000200,1
2026-08-27T09:31:27Z,43366,220100,257700,195
2026-08-27T09:31:27Z,43367,1500007600,1500007600,1
2026-08-27T09:31:27Z,43368,1500000200,1500000200,1
2026-08-27T09:31:27Z,43369,372700,372700,234
2026-08-27T09:31:27Z,43370,1500007600,1500007600,1
2026-08-27T09:31:27Z,43371,250007600,250007600,1
2026-08-27T09:31:27Z,43373,115400,115400,363
2026-08-27T09:31:27Z,43374,1500000200,1500000200,1
2026-08-27T09:31:27Z,43376,1500000200,1500000200,1
2026-08-27T09:31:27Z,43377,1500000200,1500000200,1
2026-08-27T09:31:27Z,43378,1500000200,1500000200,1
2026-08-27T09:31:27Z,43379,1500000200,1500000200,1
2026-08-27T09:31:27Z,43380,250000200,250000200,1
2026-08-27T09:31:27Z,43381,1500000200,1500000200,1
2026-08-27T09:31:27Z,43385,1500000200,1500000200,1
2026-08-27T09:31:27Z,43386,242100,252100,365
2026-08-27T09:31:27Z,43388,250000200,250000200,1
2026-08-27T09:31:27Z,43389,1500000200,1500000200,1
2026-08-27T09:31:27Z,43390,250007600,250007600,1
2026-08-27T09:31:27Z,43391,250000200,250000200,1
2026-08-27T09:31:27Z,43393,250000200,250000200,1
2026-08-27T09:31:27Z,43394,1181100,1181100,260
2026-08-27T09:31:27Z,43395,250000200,250000200,1
2026-08-27T09:31:27Z,43396,1500000200,1500000200,1
2026-08-27T09:31:27Z,43397,1500007600,1500007600,1
2026-08-27T09:31:27Z,43398,984900,999800,205
2026-08-27T09:31:27Z,43399,1500000200,1500000200,1
2026-08-27T09:31:27Z,43400,950000,989800,180
2026-08-27T09:31:27Z,43412,1500000200,1500000200,1
2026-08-27T09:31:27Z,43413,150007600,150007600,2
2026-08-27T09:31:27Z,43414,79968200,79968200,17
2026-08-27T09:31:27Z,43415,1500007600,1500007600,1
2026-08-27T09:31:27Z,43416,1500007600,1500007600,1
2026-08-27T09:31:27Z,43417,1500000200,1500000200,3
2026-08-27T09:31:27Z,43418,150007600,150007600,2
2026-08-27T09:31:27Z,43419,1500000200,1500000200,1
2026-08-27T09:31:27Z,43420,1500007600,1500007600,1
2026-08-27T09:31:27Z,43422,250000200,250000200,1
2026-08-27T09:31:27Z,43423,1500007600,1500007600,1
2026-08-27T09:31:27Z,43424,250000000,250000000,5
2026-08-27T09:31:27Z,43425,250000200,250000200,1
2026-08-27T09:31:27Z,43427,1500007600,1500007600,4
2026-08-27T09:31:27Z,43428,250000200,250000200,1
2026-08-27T09:31:27Z,43432,4990200,4990200,4
2026-08-27T09:31:27Z,43463,300,300,126
2026-08-27T09:31:27Z,43464,50400,50400,280
2026-08-27T09:31:27Z,43465,300,300,255
2026-08-27T09:31:27Z,43466,6400,6400,171
2026-08-27T09:31:27Z,43467,300,300,78
2026-08-27T09:31:27Z,43478,1600000,1600000,537
2026-08-27T09:31:27Z,43480,399900,650000,888
2026-08-27T09:31:27Z,43488,47100,49500,38
2026-08-27T09:31:27Z,43490,34400,34500,67
2026-08-27T09:31:27Z,43491,5000000,5000000,49
2026-08-27T09:31:27Z,43492,806000,806500,140
2026-08-27T09:31:27Z,43501,29600,29700,1046
2026-08-27T09:31:27Z,43519,1500007600,1500007600,1
2026-08-27T09:31:27Z,43520,990000100,990000100,1
2026-08-27T09:31:27Z,43521,290000000,290000000,4
2026-08-27T09:31:27Z,43522,990006700,990006700,2
2026-08-27T09:31:27Z,43530,9500000000,9500000000,1
2026-08-27T09:31:27Z,43533,250000200,250000200,1
2026-08-27T09:31:27Z,43534,1500007600,1500007600,1
2026-08-27T09:31:27Z,43535,522600,522600,216
2026-08-27T09:31:27Z,43536,1500000200,1500000200,2
2026-08-27T09:31:27Z,43537,1500000200,1500000200,1
2026-08-27T09:31:27Z,43539,1500000200,1500000200,1
2026-08-27T09:31:27Z,43541,1500007600,1500007600,1
2026-08-27T09:31:27Z,43542,250007600,250007600,1
2026-08-27T09:31:27Z,43543,1500000200,1500000200,1
2026-08-27T09:31:27Z,43544,1500000200,1500000200,1
2026-08-27T09:31:27Z,43546,250000200,250000200,1
2026-08-27T09:31:27Z,43547,1500000200,1500000200,1
2026-08-27T09:31:27Z,43548,1500000200,1500000200,1
2026-08-27T09:31:27Z,43549,1500000200,1500000200,1
2026-08-27T09:31:27Z,43550,1500007600,1500007600,1
2026-08-27T09:31:27Z,43551,100000,112300,155
2026-08-27T09:31:27Z,43552,1500000200,1500000200,8
2026-08-27T09:31:27Z,43553,1300000200,1300000200,1
2026-08-27T09:31:27Z,43554,250000200,250000200,3
2026-08-27T09:31:27Z,43557,450000,450000,103
2026-08-27T09:31:27Z,43571,4000,4000,70
2026-08-27T09:31:27Z,43572,5500,9100,650
2026-08-27T09:31:27Z,43574,39009800,49009800,23
2026-08-27T09:31:27Z,43576,290002700,290002700,1
2026-08-27T09:31:27Z,43577,290002700,290002700,1
2026-08-27T09:31:27Z,43645,47009900,49009900,21
2026-08-27T09:31:27Z,43646,400,500,1493
2026-08-27T09:31:27Z,43647,3900,3900,257
2026-08-27T09:31:27Z,43652,7600,7700,195
2026-08-27T09:31:27Z,43653,49000000,49000000,20
2026-08-27T09:31:27Z,43658,1799500,1799500,50
2026-08-27T09:31:27Z,43671,1500000200,1500000200,1
2026-08-27T09:31:27Z,43672,1500000200,1500000200,1
2026-08-27T09:31:27Z,43673,250000200,250000200,1
2026-08-27T09:31:27Z,43694,2990100,49000100,22
2026-08-27T09:31:27Z,43695,22200,22200,64
2026-08-27T09:31:27Z,43696,20000,20000,71
2026-08-27T09:31:27Z,43725,1400000200,1400000200,1
2026-08-27T09:31:27Z,43825,1500007600,1500007600,1
2026-08-27T09:31:27Z,43826,1500000200,1500000200,1
2026-08-27T09:31:27Z,43827,1500007600,1500007600,1
2026-08-27T09:31:27Z,43850,398900,398900,40
2026-08-27T09:31:27Z,43851,1200,50000,232
2026-08-27T09:31:27Z,43852,9900,10000,1353
2026-08-27T09:31:27Z,43853,79800,79900,1330
2026-08-27T09:31:27Z,43854,20000,40000,215
2026-08-27T09:31:27Z,43867,1500007600,1500007600,6
2026-08-27T09:31:27Z,43868,250007600,250007600,1
2026-08-27T09:31:27Z,43869,1500000200,1500000200,1
2026-08-27T09:31:27Z,43987,1399900,1399900,91
2026-08-27T09:31:27Z,44066,15008500,15008500,11
2026-08-27T09:31:27Z,44076,199006900,199006900,3
2026-08-27T09:31:27Z,44078,20000000,30000000,17
2026-08-27T09:31:27Z,44081,49901300,49901300,6
2026-08-27T09:31:27Z,44082,18991900,18991900,31
2026-08-27T09:31:27Z,44084,10567700,19974800,10
2026-08-27T09:31:27Z,44087,39990900,39990900,5
2026-08-27T09:31:27Z,44088,150000000,150000000,2
2026-08-27T09:31:27Z,44089,10000000,13790000,12
2026-08-27T09:31:27Z,44128,779500,780000,1457
2026-08-27T09:31:27Z,44143,52500,52500,58
2026-08-27T09:31:27Z,44144,191300,271300,55
2026-08-27T09:31:27Z,44145,59500,59900,68
2026-08-27T09:31:27Z,44146,50000,50000,66
2026-08-27T09:31:27Z,44147,110000,110000,44
2026-08-27T09:31:27Z,44154,69000,69000,84
2026-08-27T09:31:27Z,44155,60000,60000,172
2026-08-27T09:31:27Z,44156,57800,57800,83
2026-08-27T09:31:27Z,44157,183100,9800000,31
2026-08-27T09:31:27Z,44165,46300,46300,58
2026-08-27T09:31:27Z,44206,49003000,49003000,24
2026-08-27T09:31:27Z,44207,4999900,4999900,24
2026-08-27T09:31:27Z,44208,9980000,9980000,65
2026-08-27T09:31:27Z,44260,15000100,15000100,19
2026-08-27T09:31:27Z,44261,39900000,39900000,16
2026-08-27T09:31:27Z,44262,19995000,19995000,7
2026-08-27T09:31:27Z,44263,14502500,14502500,16
2026-08-27T09:31:27Z,44264,14990000,20000000,26
2026-08-27T09:31:27Z,44265,7500000,7500000,22
2026-08-27T09:31:27Z,44266,29000000,29000000,13
2026-08-27T09:31:27Z,44267,19995000,19995000,10
2026-08-27T09:31:27Z,44268,12707500,12707500,13
2026-08-27T09:31:27Z,44269,5324500,5324500,17
2026-08-27T09:31:27Z,44270,14193000,14193000,12
2026-08-27T09:31:27Z,44271,8616100,8616100,12
2026-08-27T09:31:27Z,44272,6394500,6394500,14
2026-08-27T09:31:27Z,44273,3818900,3818900,13
2026-08-27T09:31:27Z,44274,39704900,39704900,15
2026-08-27T09:31:27Z,44275,39498600,39498600,11
2026-08-27T09:31:27Z,44277,8636100,8636100,16
2026-08-27T09:31:27Z,44278,8380000,8380000,21
2026-08-27T09:31:27Z,44279,9704000,9704000,31
2026-08-27T09:31:27Z,44280,3750000,3750000,13
2026-08-27T09:31:27Z,44281,4754600,4754600,16
2026-08-27T09:31:27Z,44282,39800000,39800000,14
2026-08-27T09:31:27Z,44284,39997800,39997800,10
2026-08-27T09:31:27Z,44285,20000000,20000000,14
2026-08-27T09:31:27Z,44286,2004200,2004200,22
2026-08-27T09:31:27Z,44287,2990000,4250000,21
2026-08-27T09:31:27Z,44288,8999900,8999900,12
2026-08-27T09:31:27Z,44289,4999800,6619800,11
2026-08-27T09:31:27Z,44290,2500000,4000000,14
2026-08-27T09:31:27Z,44291,5958000,5958000,18
2026-08-27T09:31:27Z,44292,14795600,14795600,12
2026-08-27T09:31:27Z,44293,2916000,2916000,23
2026-08-27T09:31:27Z,44314,10000,10000,107
2026-08-27T09:31:27Z,44315,189000,189000,122
2026-08-27T09:31:27Z,44325,80000,80000,105
2026-08-27T09:31:27Z,44327,66600,66600,195
2026-08-27T09:31:27Z,44328,35000,35000,171
2026-08-27T09:31:27Z,44329,87400,87400,233
2026-08-27T09:31:27Z,44330,43500,43500,116
2026-08-27T09:31:27Z,44331,60000,60000,95
2026-08-27T09:31:27Z,44332,80000,80000,228
2026-08-27T09:31:27Z,44449,23300,23300,124
2026-08-27T09:31:27Z,44453,29500,29500,76
2026-08-27T09:31:27Z,44455,100600,9900100,46
2026-08-27T09:31:27Z,44456,26100,26100,69
2026-08-27T09:31:27Z,44457,200800,200800,65
2026-08-27T09:31:27Z,44458,25500,25500,136
2026-08-27T09:31:27Z,44463,843600,843600,49
2026-08-27T09:31:27Z,44464,29009900,29009900,5
2026-08-27T09:31:27Z,44465,210000,210000,87
2026-08-27T09:31:27Z,44466,850000,850000,87
2026-08-27T09:31:27Z,44467,1005000,1005000,75
2026-08-27T09:31:27Z,44468,290000200,290000200,1
2026-08-27T09:31:27Z,44469,902500,902500,82
2026-08-27T09:31:27Z,44470,223600,223600,62
2026-08-27T09:31:27Z,44481,4700,4800,69
2026-08-27T09:31:27Z,44482,800,800,103
2026-08-27T09:31:27Z,44493,660000,660000,74
2026-08-27T09:31:27Z,44497,1153800,1153800,55
2026-08-27T09:31:27Z,44499,39590100,39990000,15
2026-08-27T09:31:27Z,44500,17999900,17999900,27
2026-08-27T09:31:27Z,44501,11000000,35000000,119
2026-08-27T09:31:27Z,44570,45400,45400,92
2026-08-27T09:31:27Z,44571,30000,30000,78
2026-08-27T09:31:27Z,44573,26600,26600,116
2026-08-27T09:31:27Z,44574,29500,29700,105
2026-08-27T09:31:27Z,44575,25800,25800,84
2026-08-27T09:31:27Z,44599,800,800,71
2026-08-27T09:31:27Z,44601,1100,1100,54
2026-08-27T09:31:27Z,44605,49001900,49001900,20
2026-08-27T09:31:27Z,44607,9900000,9900000,23
2026-08-27T09:31:27Z,44608,9989700,9989700,20
2026-08-27T09:31:27Z,44609,9989800,9989800,20
2026-08-27T09:31:27Z,44614,290002700,290002700,1
2026-08-27T09:31:27Z,44616,442200,442200,141
2026-08-27T09:31:27Z,44617,30000,30000,32
2026-08-27T09:31:27Z,44618,19000,19100,36
2026-08-27T09:31:27Z,44619,89800,89800,46
2026-08-27T09:31:27Z,44684,250007600,250007600,1
2026-08-27T09:31:27Z,44699,9500000100,9500000100,1
2026-08-27T09:31:27Z,44716,9908200,9908200,40
2026-08-27T09:31:27Z,44722,8800,9100,44
2026-08-27T09:31:27Z,44739,36000,36000,176
2026-08-27T09:31:27Z,44749,988000,988000,73
2026-08-27T09:31:27Z,44750,9987300,9987300,22
2026-08-27T09:31:27Z,44752,49006300,49006300,22
2026-08-27T09:31:27Z,44753,49003800,49003800,20
2026-08-27T09:31:27Z,44754,49003000,49003000,22
2026-08-27T09:31:27Z,44755,129900,129900,25
2026-08-27T09:31:27Z,44756,22900,22900,30
2026-08-27T09:31:27Z,44757,49003800,49003800,31
2026-08-27T09:31:27Z,44758,19900,19900,127
2026-08-27T09:31:27Z,44759,4509800,49009800,25
2026-08-27T09:31:27Z,44760,251700,9901700,102
2026-08-27T09:31:27Z,44761,5003800,49003800,21
2026-08-27T09:31:27Z,44762,49000000,49000000,32
2026-08-27T09:31:27Z,44763,49002700,49002700,20
2026-08-27T09:31:27Z,44764,49002400,49002400,20
2026-08-27T09:31:27Z,44765,10000000,10000000,1
2026-08-27T09:31:27Z,44766,19902400,19902400,40
2026-08-27T09:31:27Z,44767,290002700,290002700,1
2026-08-27T09:31:27Z,44768,2232300,2232300,27
2026-08-27T09:31:27Z,44769,499900,499900,24
2026-08-27T09:31:27Z,44770,49003000,49003000,20
2026-08-27T09:31:27Z,44771,30000,30000,134
2026-08-27T09:31:27Z,44772,6666600,6666600,98
2026-08-27T09:31:27Z,44773,10643800,49008500,23
2026-08-27T09:31:27Z,44774,49003000,49003000,21
2026-08-27T09:31:27Z,44775,399900,49003800,21
2026-08-27T09:31:27Z,44776,252400,252400,39
2026-08-27T09:31:27Z,44777,502700,502700,1
2026-08-27T09:31:27Z,44778,49007500,49007500,20
2026-08-27T09:31:27Z,44779,49003000,49003000,20
2026-08-27T09:31:27Z,44780,9900000,9900000,58
2026-08-27T09:31:27Z,44781,45008000,45008000,25
2026-08-27T09:31:27Z,44782,49002400,49002400,19
2026-08-27T09:31:27Z,44783,290002700,290002700,1
2026-08-27T09:31:27Z,44815,155000,155000,57
2026-08-27T09:31:27Z,44920,250000200,250000200,1
2026-08-27T09:31:27Z,44922,90000,90000,29753
2026-08-27T09:31:27Z,44923,1500000200,1500000200,1
2026-08-27T09:31:27Z,44928,250007600,250007600,1
2026-08-27T09:31:27Z,44936,39980000,39980000,6
2026-08-27T09:31:27Z,44940,1000,19900,111
2026-08-27T09:31:27Z,44941,500,500,220
2026-08-27T09:31:27Z,44947,169700,169700,59
2026-08-27T09:31:27Z,44953,24000,24000,35
2026-08-27T09:31:27Z,44955,1500000200,1500000200,1
2026-08-27T09:31:27Z,44958,290200,299100,2367
2026-08-27T09:31:27Z,44963,440000,440000,32
2026-08-27T09:31:27Z,45056,1189700,9903500,34
2026-08-27T09:31:27Z,45060,75000,9907100,47
2026-08-27T09:31:27Z,45087,3000,49800,4615
2026-08-27T09:31:27Z,45188,2500,2500,24
2026-08-27T09:31:27Z,45189,100000,127600,26
2026-08-27T09:31:27Z,45190,78500,78500,145
2026-08-27T09:31:27Z,45191,17900,17900,29
2026-08-27T09:31:27Z,45194,14900,25000,126
2026-08-27T09:31:27Z,45195,130000,150000,58
2026-08-27T09:31:27Z,45196,200,9900200,139
2026-08-27T09:31:27Z,45197,15859900,15859900,398
2026-08-27T09:31:27Z,45198,44400,44400,35
2026-08-27T09:31:27Z,45199,750200,750200,26
2026-08-27T09:31:27Z,45200,500,7900500,131
2026-08-27T09:31:27Z,45201,4303900,9902000,256
2026-08-27T09:31:27Z,45202,49000100,49000100,20
2026-08-27T09:31:27Z,45601,1500000200,1500000200,18
2026-08-27T09:31:27Z,45602,250000200,250000200,1
2026-08-27T09:31:27Z,45603,1500007600,1500007600,1
2026-08-27T09:31:27Z,45604,1500000200,1500000200,1
2026-08-27T09:31:27Z,45621,10000,12400,158
2026-08-27T09:31:27Z,45622,1500000200,1500000200,1
2026-08-27T09:31:27Z,45623,1500000200,1500000200,1
2026-08-27T09:31:27Z,45625,1500007600,1500007600,1
2026-08-27T09:31:27Z,45628,26500,26500,85
2026-08-27T09:31:27Z,45732,1500000200,1500000200,1
2026-08-27T09:31:27Z,45737,1500007600,1500007600,3
2026-08-27T09:31:27Z,45738,1500000200,1500000200,1
2026-08-27T09:31:27Z,45739,1500007600,1500007600,1
2026-08-27T09:31:27Z,45740,1500000200,1500000200,1
2026-08-27T09:31:27Z,45741,1500000200,1500000200,1
2026-08-27T09:31:27Z,45742,1500007600,1500007600,1
2026-08-27T09:31:27Z,45743,250007600,250007600,1
2026-08-27T09:31:27Z,45744,1500007600,1500007600,1
2026-08-27T09:31:27Z,45745,1500007600,1500007600,1
2026-08-27T09:31:27Z,45746,1500007600,1500007600,1
2026-08-27T09:31:27Z,45753,250007600,250007600,1
2026-08-27T09:31:27Z,45755,1500000200,1500000200,1
2026-08-27T09:31:27Z,45756,1500007600,1500007600,1
2026-08-27T09:31:27Z,45757,250000200,250000200,1
2026-08-27T09:31:27Z,45758,1500000200,1500000200,1
2026-08-27T09:31:27Z,45760,250000200,250000200,4
2026-08-27T09:31:27Z,45761,250000200,250000200,1
2026-08-27T09:31:27Z,45767,1500007600,1500007600,1
2026-08-27T09:31:27Z,45768,322700,322700,216
2026-08-27T09:31:27Z,45769,250000200,250000200,1
2026-08-27T09:31:27Z,45771,1500000200,1500000200,1
2026-08-27T09:31:27Z,45775,1500000200,1500000200,1
2026-08-27T09:31:27Z,45776,1500000200,1500000200,1
2026-08-27T09:31:27Z,45777,1500007600,1500007600,1
2026-08-27T09:31:27Z,45780,1500007600,1500007600,1
2026-08-27T09:31:27Z,45781,1500007600,1500007600,1
2026-08-27T09:31:27Z,45782,250000200,250000200,1
2026-08-27T09:31:27Z,45783,250000200,250000200,1
2026-08-27T09:31:27Z,45785,250000200,250000200,1
2026-08-27T09:31:27Z,45789,808500,808500,155
2026-08-27T09:31:27Z,45790,1500000200,1500000200,1
2026-08-27T09:31:27Z,45792,1500000200,1500000200,1
2026-08-27T09:31:27Z,45793,1500000200,1500000200,1
2026-08-27T09:31:27Z,45794,6660200,6660200,2
2026-08-27T09:31:27Z,45795,250000200,250000200,1
2026-08-27T09:31:27Z,45799,1500000200,1500000200,1
2026-08-27T09:31:27Z,45800,1500000200,1500000200,1
2026-08-27T09:31:27Z,45804,1500000200,1500000200,1
2026-08-27T09:31:27Z,45805,1500007600,1500007600,1
2026-08-27T09:31:27Z,45806,1500000200,1500000200,1
2026-08-27T09:31:27Z,45862,417236800,417236800,14
2026-08-27T09:31:27Z,45879,11154500,11741500,9
2026-08-27T09:31:27Z,45880,49999300,49999300,11
2026-08-27T09:31:27Z,45881,180009600,180009600,4
2026-08-27T09:31:27Z,45882,19999900,19999900,2
2026-08-27T09:31:27Z,45883,24999900,30000000,19
2026-08-27T09:31:27Z,45901,9900000,9900000,20
2026-08-27T09:31:27Z,45907,152500,49002500,21
2026-08-27T09:31:27Z,45909,900000,950000,43
2026-08-27T09:31:27Z,45912,2432600,2435000,11
2026-08-27T09:31:27Z,45932,446600,446600,113
2026-08-27T09:31:27Z,45978,12369900,12369900,41
2026-08-27T09:31:27Z,45979,29009900,29009900,7
2026-08-27T09:31:27Z,45980,7899900,7899900,5
2026-08-27T09:31:27Z,45981,19999900,19999900,9
2026-08-27T09:31:27Z,45987,14998000,14998000,10
2026-08-27T09:31:27Z,45999,150000,157500,36
2026-08-27T09:31:27Z,46000,150100,150100,28
2026-08-27T09:31:27Z,46001,777700,2990100,40
2026-08-27T09:31:27Z,46002,220100,49000100,25
2026-08-27T09:31:27Z,46003,220000,49000000,22
2026-08-27T09:31:27Z,46023,612400,3909900,216
2026-08-27T09:31:27Z,46026,6410400,6410400,16
2026-08-27T09:31:27Z,46098,508400,508400,54
2026-08-27T09:31:27Z,46361,49003800,49003800,26
2026-08-27T09:31:27Z,46368,1500006400,1500006400,1
2026-08-27T09:31:27Z,46372,1500007600,1500007600,1
2026-08-27T09:31:27Z,46376,30000,30000,292
2026-08-27T09:31:27Z,46377,5500,5600,491
2026-08-27T09:31:27Z,46378,10000,15000,194
2026-08-27T09:31:27Z,46379,29700,50000,361
2026-08-27T09:31:27Z,46390,49000100,49000100,22
2026-08-27T09:31:27Z,46391,20000000,30000000,27
2026-08-27T09:31:27Z,46703,49000000,49000000,26
2026-08-27T09:31:27Z,46849,3660000,4900000,1505
2026-08-27T09:31:27Z,47556,23900,24000,1542
2026-08-27T09:31:27Z,47831,350100,9900100,80
2026-08-27T09:31:27Z,48720,250007600,250007600,1
2026-08-27T09:31:27Z,49084,342700,342700,350
2026-08-27T09:31:27Z,49100,8880100,49000100,21
2026-08-27T09:31:27Z,49110,9998100,9998100,13
2026-08-27T09:31:27Z,49209,290000100,290000100,1
2026-08-27T09:31:27Z,49253,9786400,9786400,20
2026-08-27T09:31:27Z,49254,9883000,9883000,20
2026-08-27T09:31:27Z,49300,1230100,1230100,25
2026-08-27T09:31:27Z,49397,10100,10100,42
2026-08-27T09:31:27Z,49600,10000,10000,39
2026-08-27T09:31:27Z,49601,10000,10000,30
2026-08-27T09:31:27Z,49602,9903300,9903300,49
2026-08-27T09:31:27Z,49619,49000100,49000100,23
2026-08-27T09:31:27Z,49624,49000100,49000100,20
2026-08-27T09:31:27Z,49625,49000100,49000100,20
2026-08-27T09:31:27Z,49626,49000100,49000100,20
2026-08-27T09:31:27Z,49627,290000100,290000100,1
2026-08-27T09:31:27Z,49632,9998800,9998800,43
2026-08-27T09:31:27Z,49884,694900,694900,51
2026-08-27T09:31:27Z,49908,69000,74000,1274
2026-08-27T09:31:27Z,50045,1500000200,1500000200,1
2026-08-27T09:31:27Z,50077,5550200,5550200,2
2026-08-27T09:31:27Z,50125,1500007600,1500007600,1
2026-08-27T09:31:27Z,50438,49000100,49000100,21
2026-08-27T09:31:27Z,50816,4989500,4989700,54
2026-08-27T09:31:27Z,51950,199900,199900,8709
2026-08-27T09:31:27Z,52020,990100,990100,2195
2026-08-27T09:31:27Z,52021,49000100,49000100,20
2026-08-27T09:31:27Z,52074,49000,131500,24
2026-08-27T09:31:27Z,52078,23200,100000,47100
2026-08-27T09:31:27Z,52081,210500,9900000,26
2026-08-27T09:31:27Z,52082,88800,88800,31
2026-08-27T09:31:27Z,52083,127100,127100,31
2026-08-27T09:31:27Z,52084,215700,215700,28
2026-08-27T09:31:27Z,52085,140500,460000,99
2026-08-27T09:31:27Z,52086,160000,160000,63
2026-08-27T09:31:27Z,52087,20000,20000,47
2026-08-27T09:31:27Z,52088,9990000,9990000,49
2026-08-27T09:31:27Z,52089,19500,9989900,22
2026-08-27T09:31:27Z,52090,200000,200000,35
2026-08-27T09:31:27Z,52091,9998400,9998400,20
2026-08-27T09:31:27Z,52093,100000,100000,92
2026-08-27T09:31:27Z,52094,68900,68900,35
2026-08-27T09:31:27Z,52095,186800,227000,26
2026-08-27T09:31:27Z,52096,50000,50000,33
2026-08-27T09:31:27Z,52097,252200,252200,42
2026-08-27T09:31:27Z,52098,222000,222000,67
2026-08-27T09:31:27Z,52099,259800,259800,35
2026-08-27T09:31:27Z,52100,1466500,1466500,33
2026-08-27T09:31:27Z,52101,30000,30000,25
2026-08-27T09:31:27Z,52102,9989900,9989900,20
2026-08-27T09:31:27Z,52103,250000,250000,42
2026-08-27T09:31:27Z,52104,186800,186800,44
2026-08-27T09:31:27Z,52105,70000,70000,50
2026-08-27T09:31:27Z,52106,418000,418000,58
2026-08-27T09:31:27Z,52108,252700,252700,47
2026-08-27T09:31:27Z,52109,418000,418000,32
2026-08-27T09:31:27Z,52110,418000,418000,54
2026-08-27T09:31:27Z,52111,475400,475400,52
2026-08-27T09:31:27Z,52112,221900,221900,33
2026-08-27T09:31:27Z,52113,368500,368700,167
2026-08-27T09:31:27Z,52114,229000,229000,29
2026-08-27T09:31:27Z,52115,90000,90000,47
2026-08-27T09:31:27Z,52116,350000,350000,68
2026-08-27T09:31:27Z,52117,400000,400000,53
2026-08-27T09:31:27Z,52118,418000,418000,26
2026-08-27T09:31:27Z,52119,185700,185700,28
2026-08-27T09:31:27Z,52120,255200,255200,117
2026-08-27T09:31:27Z,52121,10000,10000,32
2026-08-27T09:31:27Z,52122,264000,264000,49
2026-08-27T09:31:27Z,52123,259600,259600,34
2026-08-27T09:31:27Z,52124,227800,227800,26
2026-08-27T09:31:27Z,52125,247400,247400,33
2026-08-27T09:31:27Z,52126,35000,35000,77
2026-08-27T09:31:27Z,52127,453000,453000,34
2026-08-27T09:31:27Z,52128,35000,35000,52
2026-08-27T09:31:27Z,52129,3276200,3276200,33
2026-08-27T09:31:27Z,52130,9999900,9999900,23
2026-08-27T09:31:27Z,52131,9905200,9905200,20
2026-08-27T09:31:27Z,52132,9999100,9999100,20
2026-08-27T09:31:27Z,52133,39995400,39995400,5
2026-08-27T09:31:27Z,52134,2296300,2296300,14
2026-08-27T09:31:27Z,52135,11322000,11322000,20
2026-08-27T09:31:27Z,52136,990000000,990000000,2
2026-08-27T09:31:27Z,52137,6676500,6676500,24
2026-08-27T09:31:27Z,52138,39999800,39999800,7
2026-08-27T09:31:27Z,52139,19998600,19998600,10
2026-08-27T09:31:27Z,52140,9471100,9980000,23
2026-08-27T09:31:27Z,52141,3999900,4169200,14
2026-08-27T09:31:27Z,52142,1661700,1661700,46
2026-08-27T09:31:27Z,52143,3000000,9881000,22
2026-08-27T09:31:27Z,52144,9000000,9000000,36
2026-08-27T09:31:27Z,52145,39900800,39900800,10
2026-08-27T09:31:27Z,52146,1028300,1028300,27
2026-08-27T09:31:27Z,52147,24722400,24722400,12
2026-08-27T09:31:27Z,52148,4246100,4246100,17
2026-08-27T09:31:27Z,52149,9998100,9998100,25
2026-08-27T09:31:27Z,52151,18913700,18913700,16
2026-08-27T09:31:27Z,52152,9996000,9996000,23
2026-08-27T09:31:27Z,52153,4990000,4990000,31
2026-08-27T09:31:27Z,52154,39900000,39900000,14
2026-08-27T09:31:27Z,52155,1625000,9907800,21
2026-08-27T09:31:27Z,52156,19800000,19800000,10
2026-08-27T09:31:27Z,52157,19990500,19990500,12
2026-08-27T09:31:27Z,52158,19998900,19998900,15
2026-08-27T09:31:27Z,52159,250000100,250000100,2
2026-08-27T09:31:27Z,52160,39909500,39909500,25
2026-08-27T09:31:27Z,52161,11611900,11611900,14
2026-08-27T09:31:27Z,52162,9993500,9993500,21
2026-08-27T09:31:27Z,52163,600000,607800,25
2026-08-27T09:31:27Z,52164,9990000,9990000,22
2026-08-27T09:31:27Z,52166,9802900,9802900,21
2026-08-27T09:31:27Z,52167,19500000,19500000,10
2026-08-27T09:31:27Z,52168,4730200,9900000,22
2026-08-27T09:31:27Z,52169,9967600,9967600,21
2026-08-27T09:31:27Z,52170,1230000,9990000,26
2026-08-27T09:31:27Z,52171,199700000,199700000,2
2026-08-27T09:31:27Z,52172,2000000,9990000,23
2026-08-27T09:31:27Z,52173,3000000,9997700,23
2026-08-27T09:31:27Z,52174,4452900,4510700,15
2026-08-27T09:31:27Z,52175,800000,1234500,26
2026-08-27T09:31:27Z,52176,9997500,9997500,20
2026-08-27T09:31:27Z,52177,90000,200000,8377
2026-08-27T09:31:27Z,52178,164400,201000,13273
2026-08-27T09:31:27Z,52179,196500,199000,1146
2026-08-27T09:31:27Z,52180,97000,342900,12195
2026-08-27T09:31:27Z,52181,146600,147300,816
2026-08-27T09:31:27Z,52182,118500,230000,25310
2026-08-27T09:31:27Z,52183,75000,119900,31411
2026-08-27T09:31:27Z,52185,58000,101300,311364
2026-08-27T09:31:27Z,52186,123900,124900,23925
2026-08-27T09:31:27Z,52188,10000,10000,1453
2026-08-27T09:31:27Z,52190,460000,680000,698
2026-08-27T09:31:27Z,52191,209500,270000,1001
2026-08-27T09:31:27Z,52192,258500,258500,383
2026-08-27T09:31:27Z,52193,590000,590000,778
2026-08-27T09:31:27Z,52194,438500,438500,727
2026-08-27T09:31:27Z,52195,299500,299500,646
2026-08-27T09:31:27Z,52196,9990000,9990000,359
2026-08-27T09:31:27Z,52203,1509000,9899100,38
2026-08-27T09:31:27Z,52204,2807900,9850000,36
2026-08-27T09:31:27Z,52205,5862900,9900000,54
2026-08-27T09:31:27Z,52206,8949800,8949900,61
2026-08-27T09:31:27Z,52207,4000000,4000000,46
2026-08-27T09:31:27Z,52208,6999800,6999900,81
2026-08-27T09:31:27Z,52209,9979700,9979700,34
2026-08-27T09:31:27Z,52210,4864100,4864200,27
2026-08-27T09:31:27Z,52211,7000000,9990000,35
2026-08-27T09:31:27Z,52212,3541200,4105900,39
2026-08-27T09:31:27Z,52213,499400,499600,53
2026-08-27T09:31:27Z,52214,9889700,9889700,68
2026-08-27T09:31:27Z,52215,7502200,7502300,24
2026-08-27T09:31:27Z,52216,6998200,9990000,23
2026-08-27T09:31:27Z,52217,249700,249700,40
2026-08-27T09:31:27Z,52218,9989900,9989900,23
2026-08-27T09:31:27Z,52219,587200,597300,74
2026-08-27T09:31:27Z,52220,1249800,1249900,42
2026-08-27T09:31:27Z,52221,9891700,9891700,23
2026-08-27T09:31:27Z,52222,9528300,9528300,35
2026-08-27T09:31:27Z,52223,9989500,9989600,23
2026-08-27T09:31:27Z,52224,9899600,9899600,35
2026-08-27T09:31:27Z,52225,479000,9990000,44
2026-08-27T09:31:27Z,52226,447800,447900,40
2026-08-27T09:31:27Z,52227,9901700,9901700,26
2026-08-27T09:31:27Z,52228,647400,9754800,46
2026-08-27T09:31:27Z,52229,9991600,9991600,23
2026-08-27T09:31:27Z,52230,7973100,9904200,43
2026-08-27T09:31:27Z,52231,9908700,9908700,23
2026-08-27T09:31:27Z,52232,399900,400000,52
2026-08-27T09:31:27Z,52233,8540300,8540300,24
2026-08-27T09:31:27Z,52234,9989500,9989500,24
2026-08-27T09:31:27Z,52235,2152400,2162500,51
2026-08-27T09:31:27Z,52236,2801800,2801900,47
2026-08-27T09:31:27Z,52237,6158600,6158600,38
2026-08-27T09:31:27Z,52238,271600,271700,26
2026-08-27T09:31:27Z,52239,9997600,9997600,49
2026-08-27T09:31:27Z,52240,1657100,1657200,38
2026-08-27T09:31:27Z,52241,9791200,9791200,61
2026-08-27T09:31:27Z,52242,573900,574000,36
2026-08-27T09:31:27Z,52243,2009600,2009700,25
2026-08-27T09:31:27Z,52244,2676700,2676800,38
2026-08-27T09:31:27Z,52245,3069500,3069600,28
2026-08-27T09:31:27Z,52246,1289700,1289900,48
2026-08-27T09:31:27Z,52247,999600,999600,45
2026-08-27T09:31:27Z,52248,9992300,9992300,23
2026-08-27T09:31:27Z,52249,9763600,9990900,24
2026-08-27T09:31:27Z,52250,2952600,2952700,45
2026-08-27T09:31:27Z,52289,9989900,9989900,31
2026-08-27T09:31:27Z,52291,6989900,6989900,38
2026-08-27T09:31:27Z,52292,9988500,9988500,42
2026-08-27T09:31:27Z,52293,9986400,9986400,21
2026-08-27T09:31:27Z,52294,1852200,1852300,27
2026-08-27T09:31:27Z,52295,4614100,4614100,39
2026-08-27T09:31:27Z,52296,2737200,9989900,85
2026-08-27T09:31:27Z,52297,9979700,9979700,32
2026-08-27T09:31:27Z,52298,9989700,9989700,49
2026-08-27T09:31:27Z,52299,4998200,4998200,33
2026-08-27T09:31:27Z,52300,9989200,9989200,23
2026-08-27T09:31:27Z,52301,3332900,3332900,49
2026-08-27T09:31:27Z,52302,9897500,9897500,39
2026-08-27T09:31:27Z,52303,1799900,1799900,612
2026-08-27T09:31:27Z,52325,146500,146500,38329
2026-08-27T09:31:27Z,52326,280000,494900,27769
2026-08-27T09:31:27Z,52327,10100,25500,53883
2026-08-27T09:31:27Z,52328,127200,130000,151547
2026-08-27T09:31:27Z,52329,50000,54900,49203
2026-08-27T09:31:27Z,52338,112646400,112646400,4
2026-08-27T09:31:27Z,52339,990000100,990000100,1
2026-08-27T09:31:27Z,52340,33200,33200,199
2026-08-27T09:31:27Z,52555,126800,156800,9597
2026-08-27T09:31:27Z,52575,287109900,287109900,2
2026-08-27T09:31:27Z,52687,43300,9903900,44
2026-08-27T09:31:27Z,52718,49700,54900,2704
2026-08-27T09:31:27Z,52719,148300,247900,15832
2026-08-27T09:31:27Z,52720,12900,14000,1296
2026-08-27T09:31:27Z,52721,33400,35500,43715
2026-08-27T09:31:27Z,52722,33000,36400,57046
2026-08-27T09:31:27Z,52743,99900,100000,92
2026-08-27T09:31:27Z,52744,93100,93100,71
2026-08-27T09:31:27Z,52745,20000,20000,96
2026-08-27T09:31:27Z,52746,40000,9909700,42
2026-08-27T09:31:27Z,52747,909900,909900,46
2026-08-27T09:31:27Z,52748,374800,374800,50
2026-08-27T09:31:27Z,52749,49200,49200,70
2026-08-27T09:31:27Z,52750,484100,484100,66
2026-08-27T09:31:27Z,52751,240000,240000,52
2026-08-27T09:31:27Z,52752,400000,400000,63
2026-08-27T09:31:27Z,52753,19500,20000,131
2026-08-27T09:31:27Z,52754,402400,1112400,155
2026-08-27T09:31:27Z,52755,1100000,1472100,35
2026-08-27T09:31:27Z,52756,20000,20000,91
2026-08-27T09:31:27Z,52757,220000,220000,52
2026-08-27T09:31:27Z,52758,1000,2500,71
2026-08-27T09:31:27Z,52759,40000,9900000,47
2026-08-27T09:31:27Z,52760,509900,509900,89
2026-08-27T09:31:27Z,52761,2142800,2142800,63
2026-08-27T09:31:27Z,52762,8900,8900,57
2026-08-27T09:31:27Z,52763,2500,2500,82
2026-08-27T09:31:27Z,52764,350000,350000,67
2026-08-27T09:31:27Z,52765,100000,100400,69
2026-08-27T09:31:27Z,52766,5700,2565600,52
2026-08-27T09:31:27Z,52767,499100,1754900,51
2026-08-27T09:31:27Z,52768,23400,23400,56
2026-08-27T09:31:27Z,52769,1113800,1113800,50
2026-08-27T09:31:27Z,52770,1062000,1062000,49
2026-08-27T09:31:27Z,52771,52500,52500,69
2026-08-27T09:31:27Z,52772,984400,984400,96
2026-08-27T09:31:27Z,52773,296100,306100,52
2026-08-27T09:31:27Z,52774,3347300,3347300,64
2026-08-27T09:31:27Z,52775,1488900,1488900,101
2026-08-27T09:31:27Z,52776,2156000,2156100,85
2026-08-27T09:31:27Z,52777,295900,295900,87
2026-08-27T09:31:27Z,52778,6364100,6364100,94
2026-08-27T09:31:27Z,52779,9853600,9853600,38
2026-08-27T09:31:27Z,52780,1249800,1249800,49
2026-08-27T09:31:27Z,52781,4831200,4831200,96
2026-08-27T09:31:27Z,52782,1648700,1648700,114
2026-08-27T09:31:27Z,52783,3450500,3450500,70
2026-08-27T09:31:27Z,52784,2809700,2809700,53
2026-08-27T09:31:27Z,52785,2501300,2501300,56
2026-08-27T09:31:27Z,52843,3499800,4000000,2091
2026-08-27T09:31:27Z,52976,49200,49300,61448
2026-08-27T09:31:27Z,52977,23200,26600,3395
2026-08-27T09:31:27Z,52979,137700,148000,361
2026-08-27T09:31:27Z,52980,2999500,2999500,462
2026-08-27T09:31:27Z,52982,45000,45000,2474
2026-08-27T09:31:27Z,52983,21000,21000,57596
2026-08-27T09:31:27Z,52984,38400,160000,1077
2026-08-27T09:31:27Z,52985,81800,81800,22909
2026-08-27T09:31:27Z,52986,109900,109900,7088
2026-08-27T09:31:27Z,52987,41100,41100,1453
2026-08-27T09:31:27Z,52988,45500,45500,44355
2026-08-27T09:31:27Z,53010,14700,16600,36025
2026-08-27T09:31:27Z,53038,81300,84900,29824
2026-08-27T09:31:27Z,53039,1319900,1319900,20102
2026-08-27T09:31:27Z,53049,2500,2500,198
2026-08-27T09:31:27Z,53050,6200,6200,292
2026-08-27T09:31:27Z,53051,12900,12900,1950
2026-08-27T09:31:27Z,53062,5000,7500,1814
2026-08-27T09:31:27Z,53063,22600,22600,4181
2026-08-27T09:31:27Z,53064,90000,99900,4125
2026-08-27T09:31:27Z,53065,333200,333200,2048
2026-08-27T09:31:27Z,53066,4800,4900,8015
2026-08-27T09:31:27Z,53067,78300,78300,6888
2026-08-27T09:31:27Z,53068,41500,46100,14444
2026-08-27T09:31:27Z,53069,7800,17900,2014
2026-08-27T09:31:27Z,53070,5000,7100,5112
2026-08-27T09:31:27Z,53071,1200,2800,3667
2026-08-27T09:31:27Z,53072,4500,6900,10811
2026-08-27T09:31:27Z,53643,94600,94700,5896
2026-08-27T09:31:27Z,54291,2561100,3909900,202
2026-08-27T09:31:27Z,54442,6402600,6402600,38
2026-08-27T09:31:27Z,54447,93500,225000,277
2026-08-27T09:31:27Z,54448,148600,148600,95
2026-08-27T09:31:27Z,54449,499400,500000,109
2026-08-27T09:31:27Z,54450,1120000,1120000,303
2026-08-27T09:31:27Z,54469,20000800,20000800,5
2026-08-27T09:31:27Z,54619,48024900,48024900,32
2026-08-27T09:31:27Z,54620,48025000,48025000,24
2026-08-27T09:31:27Z,54623,1991800,1991800,32
2026-08-27T09:31:27Z,54624,39600,40000,49
2026-08-27T09:31:27Z,54625,49000200,49000200,20
2026-08-27T09:31:27Z,54626,49000200,49000200,20
2026-08-27T09:31:27Z,54627,150100,150100,38
2026-08-27T09:31:27Z,54628,49000100,49000100,20
2026-08-27T09:31:27Z,54629,7500,7500,41
2026-08-27T09:31:27Z,54630,150300,150300,46
2026-08-27T09:31:27Z,54631,290000200,290000200,1
2026-08-27T09:31:27Z,54632,49000100,49000100,20
2026-08-27T09:31:27Z,54633,49000100,49000100,21
2026-08-27T09:31:27Z,54634,290000100,290000100,1
2026-08-27T09:31:27Z,54746,9711000,9711000,55
2026-08-27T09:31:27Z,54747,9900000,9900000,27
2026-08-27T09:31:27Z,54817,49000100,49000100,21
2026-08-27T09:31:27Z,54818,9990100,9990100,4
2026-08-27T09:31:27Z,54819,290000100,290000100,15
2026-08-27T09:31:27Z,54830,100100,49000100,21
2026-08-27T09:31:27Z,54831,11000,11000,98
2026-08-27T09:31:27Z,54832,69100,69100,30
2026-08-27T09:31:27Z,54833,35625800,35625800,31
2026-08-27T09:31:27Z,54834,150100,150100,34
2026-08-27T09:31:27Z,54835,49000100,49000100,26
2026-08-27T09:31:27Z,54836,498200,498200,24
2026-08-27T09:31:27Z,54837,49000400,49000400,26
2026-08-27T09:31:27Z,54849,179900,189800,16388
2026-08-27T09:31:27Z,55053,21900,22000,289
2026-08-27T09:31:27Z,55054,2749000,2749000,43
2026-08-27T09:31:27Z,55055,13900,14000,152
2026-08-27T09:31:27Z,55056,2500000,2988700,45
2026-08-27T09:31:27Z,55057,169500,170500,69
2026-08-27T09:31:27Z,55973,44594700,45045100,21
2026-08-27T09:31:27Z,55974,10000,10000,45
2026-08-27T09:31:27Z,55975,400,400,45
2026-08-27T09:31:27Z,55976,49001100,49001100,20
2026-08-27T09:31:27Z,55978,92200,92200,29
2026-08-27T09:31:27Z,55981,49000500,49000500,20
2026-08-27T09:31:27Z,55982,500,500,53
2026-08-27T09:31:27Z,55983,15700,15800,37
2026-08-27T09:31:27Z,55984,49004200,49004200,20
2026-08-27T09:31:27Z,55985,3117900,3117900,29
2026-08-27T09:31:27Z,56033,7000,7000,63
2026-08-27T09:31:27Z,56034,10100,10100,44
2026-08-27T09:31:27Z,56035,100000,100000,36
2026-08-27T09:31:27Z,56036,49006800,49006800,20
2026-08-27T09:31:27Z,56046,3900,3900,170
2026-08-27T09:31:27Z,56047,50000,50000,54
2026-08-27T09:31:27Z,56049,14000,14000,30
2026-08-27T09:31:27Z,56051,40000200,49000200,22
2026-08-27T09:31:27Z,56052,20000500,20000500,24
2026-08-27T09:31:27Z,56053,49000600,49000600,20
2026-08-27T09:31:27Z,56054,20000000,49000900,22
2026-08-27T09:31:27Z,56055,49001300,49001300,20
2026-08-27T09:31:27Z,56056,290005100,290005100,1
2026-08-27T09:31:27Z,56150,159300,159300,59
2026-08-27T09:31:27Z,56151,6067500,6067500,32
2026-08-27T09:31:27Z,56156,49000100,49000100,24
2026-08-27T09:31:27Z,56158,45000000,49000200,22
2026-08-27T09:31:27Z,56159,49000900,49000900,20
2026-08-27T09:31:27Z,56160,49001100,49001100,21
2026-08-27T09:31:27Z,56161,290001700,290001700,1
2026-08-27T09:31:27Z,56162,19902300,19902300,40
2026-08-27T09:31:27Z,56189,290000100,290000100,2
2026-08-27T09:31:27Z,56190,290003200,290003200,1
2026-08-27T09:31:27Z,56195,49000100,49000100,20
2026-08-27T09:31:27Z,56196,49005400,49005400,23
2026-08-27T09:31:27Z,56197,159000,159000,24
2026-08-27T09:31:27Z,56198,49000200,49000200,21
2026-08-27T09:31:27Z,56200,50300,49000300,23
2026-08-27T09:31:27Z,56201,49000400,49000400,22
2026-08-27T09:31:27Z,56202,49000400,49000400,20
2026-08-27T09:31:27Z,56203,50700,50700,26
2026-08-27T09:31:27Z,56204,23400,23400,28
2026-08-27T09:31:27Z,56205,18000,49008000,22
2026-08-27T09:31:27Z,56206,450004600,450004600,1
2026-08-27T09:31:27Z,56234,49000200,49000200,20
2026-08-27T09:31:27Z,56236,151600,49001600,24
2026-08-27T09:31:27Z,56237,49000100,49000100,27
2026-08-27T09:31:27Z,56238,49000300,49000300,20
2026-08-27T09:31:27Z,56239,49000700,49000700,21
2026-08-27T09:31:27Z,56240,5500001600,5500001600,1
2026-08-27T09:31:27Z,56241,290003100,290003100,1
2026-08-27T09:31:27Z,56477,8000,8000,67
2026-08-27T09:31:27Z,56502,279900,279900,100
2026-08-27T09:31:27Z,56503,255600,255600,55
2026-08-27T09:31:27Z,56516,380900,380900,8827
2026-08-27T09:31:27Z,56517,188300,1297500,93
2026-08-27T09:31:27Z,56550,8357300,8357300,55
2026-08-27T09:31:27Z,56551,7250000,7250000,34
2026-08-27T09:31:27Z,56850,247200,250000,5150
2026-08-27T09:31:27Z,56968,49000100,49000100,22
2026-08-27T09:31:27Z,57058,21115000,21115000,31
2026-08-27T09:31:27Z,57059,150000,150000,26
2026-08-27T09:31:27Z,57060,49000200,49000200,20
2026-08-27T09:31:27Z,57061,49000300,49000300,22
2026-08-27T09:31:27Z,57062,49000400,49000400,21
2026-08-27T09:31:27Z,57063,1821100,1821100,41
2026-08-27T09:31:27Z,57064,49000800,49000800,20
2026-08-27T09:31:27Z,57065,290001000,290001000,1
2026-08-27T09:31:27Z,57066,255000,505000,28
2026-08-27T09:31:27Z,57067,290000000,290000000,2
2026-08-27T09:31:27Z,57068,49002300,49002300,20
2026-08-27T09:31:27Z,57069,990003100,990003100,1
2026-08-27T09:31:27Z,57070,290007600,290007600,1
2026-08-27T09:31:27Z,57071,290005100,290005100,2
2026-08-27T09:31:27Z,57099,7100,7100,253
2026-08-27T09:31:27Z,57191,6100,6100,493
2026-08-27T09:31:27Z,57192,70000,70000,206
2026-08-27T09:31:27Z,57193,7600,7600,249
2026-08-27T09:31:27Z,57194,140000,140000,128
2026-08-27T09:31:27Z,58084,31200,31200,345
2026-08-27T09:31:27Z,58085,20000,20000,158
2026-08-27T09:31:27Z,58086,164900,170000,818
2026-08-27T09:31:27Z,58087,1432100,1764900,141
2026-08-27T09:31:27Z,58088,9959300,9959300,155
2026-08-27T09:31:27Z,58089,120800,120800,137
2026-08-27T09:31:27Z,58090,5500,5500,199
2026-08-27T09:31:27Z,58091,19400,19900,188
2026-08-27T09:31:27Z,58092,4900,5000,749
2026-08-27T09:31:27Z,58093,250000,270000,390
2026-08-27T09:31:27Z,58094,29800,30000,386
2026-08-27T09:31:27Z,58142,9800,9800,268
2026-08-27T09:31:27Z,58143,7400,98000,110
2026-08-27T09:31:27Z,58144,194700,224700,356
2026-08-27T09:31:27Z,58145,54400,55400,232
2026-08-27T09:31:27Z,58146,70000,70000,127
2026-08-27T09:31:27Z,58148,119900,119900,245
2026-08-27T09:31:27Z,58256,7500,7500,103
2026-08-27T09:31:27Z,58257,10000,10000,139
2026-08-27T09:31:27Z,58258,85900,90400,46
2026-08-27T09:31:27Z,58259,18600,158600,369
2026-08-27T09:31:27Z,58260,9900,10900,295
2026-08-27T09:31:27Z,58261,59900,308400,32
2026-08-27T09:31:27Z,58262,4300,4300,167
2026-08-27T09:31:27Z,58263,1500,1500,384
2026-08-27T09:31:27Z,58264,100000,474900,67
2026-08-27T09:31:27Z,58265,90000,90000,287
2026-08-27T09:31:27Z,58266,1996700,5000000,34
2026-08-27T09:31:27Z,58267,32500,501100,726
2026-08-27T09:31:27Z,58268,1000,1000,276
2026-08-27T09:31:27Z,58269,1000,1000,255
2026-08-27T09:31:27Z,58274,67800,67900,3350
2026-08-27T09:31:27Z,58275,54800,54800,1542
2026-08-27T09:31:27Z,58276,200000,200000,120
2026-08-27T09:31:27Z,58277,1990000,9900000,27
2026-08-27T09:31:27Z,58278,54900,54900,136
2026-08-27T09:31:27Z,58279,159500,159500,582
2026-08-27T09:31:27Z,58280,47100,47100,128
2026-08-27T09:31:27Z,58480,5255000,5255000,2120
2026-08-27T09:31:27Z,58487,620000,620800,778
2026-08-27T09:31:27Z,58488,1050000,1052200,877
2026-08-27T09:31:27Z,58489,289800,289800,661
2026-08-27T09:31:27Z,58865,199900,49005500,27
2026-08-27T09:31:27Z,58866,3333300,3333300,3
2026-08-27T09:31:27Z,58962,290000200,290000200,1
2026-08-27T09:31:27Z,59029,63600,63600,114
2026-08-27T09:31:27Z,59227,95700,145700,181
2026-08-27T09:31:27Z,59228,199000,249000,101
2026-08-27T09:31:27Z,59229,199000,249000,145
2026-08-27T09:31:27Z,59230,70000,80000,219
2026-08-27T09:31:27Z,59231,7770100,7770100,51
2026-08-27T09:31:27Z,59232,1991500,2751500,269
2026-08-27T09:31:27Z,59477,9890000,9890000,20
2026-08-27T09:31:27Z,59478,1504300,1504300,27
2026-08-27T09:31:27Z,59479,7989600,7989600,15
2026-08-27T09:31:27Z,59480,4994100,4994100,30
2026-08-27T09:31:27Z,59489,6229400,6229400,3
2026-08-27T09:31:27Z,59491,9995000,9995000,320
2026-08-27T09:31:27Z,59493,7989400,9989500,21
2026-08-27T09:31:27Z,59496,8959900,8959900,3
2026-08-27T09:31:27Z,59594,2987100,2987100,25
2026-08-27T09:31:27Z,59595,500000,700000,67
2026-08-27T09:31:27Z,59596,30000,30000,54
2026-08-27T09:31:27Z,60224,106200,129500,1075
2026-08-27T09:31:27Z,60267,9989900,9989900,20
2026-08-27T09:31:27Z,60268,9890000,9890000,20
2026-08-27T09:31:27Z,60269,9979900,9979900,18
2026-08-27T09:31:27Z,60336,58000,58000,38
2026-08-27T09:31:27Z,60375,9988200,9988200,23
2026-08-27T09:31:27Z,60376,9999800,9999800,20
2026-08-27T09:31:27Z,60377,9989800,9989800,27
2026-08-27T09:31:27Z,60378,2400,2400,200
2026-08-27T09:31:27Z,60379,9890100,9890100,19
2026-08-27T09:31:27Z,60388,2300,2300,59
2026-08-27T09:31:27Z,60389,39000,39000,100
2026-08-27T09:31:27Z,60390,49000000,49000000,20
2026-08-27T09:31:27Z,60391,49007100,49007100,20
2026-08-27T09:31:27Z,60392,7400,7400,24
2026-08-27T09:31:27Z,60393,49001600,49001600,20
2026-08-27T09:31:27Z,60394,99800,99800,108
2026-08-27T09:31:27Z,60395,301100,301100,40
2026-08-27T09:31:27Z,60396,10000,10000,156
2026-08-27T09:31:27Z,60397,25000,25000,26
2026-08-27T09:31:27Z,60398,2100,2100,356
2026-08-27T09:31:27Z,60399,4400,4400,41
2026-08-27T09:31:27Z,60405,8200,9908200,112
2026-08-27T09:31:27Z,60406,49007000,49007000,20
2026-08-27T09:31:27Z,60485,2500,2500,836
2026-08-27T09:31:27Z,60486,20000,20000,195
2026-08-27T09:31:27Z,60488,49002100,49002100,20
2026-08-27T09:31:27Z,60489,49006200,49006200,20
2026-08-27T09:31:27Z,60491,5000000,49000000,23
2026-08-27T09:31:27Z,60493,49006200,49006200,20
2026-08-27T09:31:27Z,60576,2100,2100,148
2026-08-27T09:31:27Z,60577,4400,4400,38
2026-08-27T09:31:27Z,60578,49003100,49003100,20
2026-08-27T09:31:27Z,60579,30009700,49009700,24
2026-08-27T09:31:27Z,60743,6000000,6000000,26
2026-08-27T09:31:27Z,60838,160000,160000,636
2026-08-27T09:31:27Z,60853,40000,50000,168
2026-08-27T09:31:27Z,60858,190000,190000,73
2026-08-27T09:31:27Z,61978,88500,98100,9788
2026-08-27T09:31:27Z,61979,49400,49400,13062
2026-08-27T09:31:27Z,61980,50000,58200,11120
2026-08-27T09:31:27Z,61981,84800,84900,813
2026-08-27T09:31:27Z,61982,30000,30000,63
2026-08-27T09:31:27Z,61983,9950300,9950300,20
2026-08-27T09:31:27Z,61984,33900,33900,69
2026-08-27T09:31:27Z,61985,21000,21000,229
2026-08-27T09:31:27Z,61986,2000,2000,227
2026-08-27T09:31:27Z,61988,199711800,199711800,2
2026-08-27T09:31:27Z,61989,39900000,39900000,6
2026-08-27T09:31:27Z,61990,61323000,199907800,7
2026-08-27T09:31:27Z,61991,49999800,49999800,11
2026-08-27T09:31:27Z,61992,39990000,39990000,11
2026-08-27T09:31:27Z,61993,49980000,49980000,7
2026-08-27T09:31:27Z,61994,39882700,39882700,11
2026-08-27T09:31:27Z,61995,2445800,2445800,9
2026-08-27T09:31:27Z,61996,150000000,150000000,7
2026-08-27T09:31:27Z,61997,9866300,9866300,16
2026-08-27T09:31:27Z,61998,35000000,35000000,16
2026-08-27T09:31:27Z,61999,49907600,49907600,9
2026-08-27T09:31:27Z,62000,7957300,7957300,14
2026-08-27T09:31:27Z,62001,198823800,198823800,7
2026-08-27T09:31:27Z,62002,197506000,197506000,5
2026-08-27T09:31:27Z,62003,18062500,25000000,15
2026-08-27T09:31:27Z,62004,19974600,19974600,12
2026-08-27T09:31:27Z,62005,9917300,9917300,12
2026-08-27T09:31:27Z,62006,39980000,39980000,13
2026-08-27T09:31:27Z,62007,6009200,39999400,14
2026-08-27T09:31:27Z,62008,16835000,30000000,21
2026-08-27T09:31:27Z,62009,30000000,30000000,12
2026-08-27T09:31:27Z,62010,35891100,35891100,10
2026-08-27T09:31:27Z,62011,3500000,3500000,17
2026-08-27T09:31:27Z,62012,1500000,1500000,15
2026-08-27T09:31:27Z,62013,7874000,7874000,15
2026-08-27T09:31:27Z,62014,4700000,4700000,18
2026-08-27T09:31:27Z,62015,154881000,154881000,11
2026-08-27T09:31:27Z,62016,49844100,49844100,11
2026-08-27T09:31:27Z,62017,16517400,16517400,13
2026-08-27T09:31:27Z,62018,63139900,63139900,5
2026-08-27T09:31:27Z,62019,39900000,39900000,10
2026-08-27T09:31:27Z,62237,150000000,150000000,23
2026-08-27T09:31:27Z,62238,67500,68100,326
2026-08-27T09:31:27Z,62239,280000,280000,174
2026-08-27T09:31:27Z,62251,524900,524900,143
2026-08-27T09:31:27Z,62268,2200,2200,25
2026-08-27T09:31:27Z,62269,51100,49001100,23
2026-08-27T09:31:27Z,62270,36900,49006900,21
2026-08-27T09:31:27Z,62271,5000,9905000,112
2026-08-27T09:31:27Z,62272,15000,9905000,111
2026-08-27T09:31:27Z,62273,6200,6200,45
2026-08-27T09:31:27Z,62274,109800,109900,153
2026-08-27T09:31:27Z,62275,100000,4900000,27
2026-08-27T09:31:27Z,62276,5000,5000,32
2026-08-27T09:31:27Z,62277,4500,4500,142
2026-08-27T09:31:27Z,62278,49005600,49005600,20
2026-08-27T09:31:27Z,62279,49008100,49008100,20
2026-08-27T09:31:27Z,62323,196000,196000,86
2026-08-27T09:31:27Z,62328,400,400,75
2026-08-27T09:31:27Z,62339,1500000100,1500000100,1
2026-08-27T09:31:27Z,62340,990100,990100,34
2026-08-27T09:31:27Z,62341,100000,100000,26
2026-08-27T09:31:27Z,62370,50100,50100,30
2026-08-27T09:31:27Z,62391,990100,49000100,33
2026-08-27T09:31:27Z,62413,2200,2200,177
2026-08-27T09:31:27Z,62414,4200,4200,72
2026-08-27T09:31:27Z,62421,7500,7500,244
2026-08-27T09:31:27Z,62435,5600,5600,45
2026-08-27T09:31:27Z,62451,49000000,49000000,23
2026-08-27T09:31:27Z,62452,49007600,49007600,20
2026-08-27T09:31:27Z,62505,10000,10000,47
2026-08-27T09:31:27Z,62512,99900,49000100,27
2026-08-27T09:31:27Z,62514,49000100,49000100,20
2026-08-27T09:31:27Z,62518,2300,2300,116
2026-08-27T09:31:27Z,62519,3800,3800,43
2026-08-27T09:31:27Z,62520,9908000,9908000,134
2026-08-27T09:31:27Z,62521,49000000,49000000,29
2026-08-27T09:31:27Z,62522,49900,49900,36
2026-08-27T09:31:27Z,62523,1999900,49000000,23
2026-08-27T09:31:27Z,62524,12006500,49006500,23
2026-08-27T09:31:27Z,62525,49000100,49000100,23
2026-08-27T09:31:27Z,62526,3333300,49000400,23
2026-08-27T09:31:27Z,62527,10003200,49003200,22
2026-08-27T09:31:27Z,62528,290000100,290000100,1
2026-08-27T09:31:27Z,62529,49000700,49000700,20
2026-08-27T09:31:27Z,62530,50000,50000,55
2026-08-27T09:31:27Z,62535,49000800,49000800,20
2026-08-27T09:31:27Z,62649,240000,240000,501
2026-08-27T09:31:27Z,62651,89900,89900,336
2026-08-27T09:31:27Z,62652,220000,220000,191
2026-08-27T09:31:27Z,62653,35500,37400,148
2026-08-27T09:31:27Z,62654,95300,95300,3415
2026-08-27T09:31:27Z,62655,49800,49800,1282
2026-08-27T09:31:27Z,62656,30000,45000,508
2026-08-27T09:31:27Z,62657,139900,139900,658
2026-08-27T09:31:27Z,62658,80000,89900,162
2026-08-27T09:31:27Z,62659,68800,68800,922
2026-08-27T09:31:27Z,62660,149800,149800,503
2026-08-27T09:31:27Z,62661,39700,39800,151
2026-08-27T09:31:27Z,62662,90000,90000,201
2026-08-27T09:31:27Z,62663,33300,33300,582
2026-08-27T09:31:27Z,62664,43200,85700,647
2026-08-27T09:31:27Z,62665,90000,119900,229
2026-08-27T09:31:27Z,62666,190100,190100,844
2026-08-27T09:31:27Z,62667,30400,30400,367
2026-08-27T09:31:27Z,62668,442200,442200,110
2026-08-27T09:31:27Z,62669,56600,56600,1404
2026-08-27T09:31:27Z,62670,130000,139200,628
2026-08-27T09:31:27Z,62671,104500,9899600,253
2026-08-27T09:31:27Z,62672,69800,69900,74
2026-08-27T09:31:27Z,62673,29800,29800,154
2026-08-27T09:31:27Z,62674,309900,309900,69
2026-08-27T09:31:27Z,62675,17400,41400,89
2026-08-27T09:31:27Z,62676,400,400,301
2026-08-27T09:31:27Z,62677,19900,19900,194
2026-08-27T09:31:27Z,62680,198800,200000,214
2026-08-27T09:31:27Z,62770,150100,49000100,23
2026-08-27T09:31:27Z,62771,159900,159900,48
2026-08-27T09:31:27Z,62772,50100,50100,55
2026-08-27T09:31:27Z,62778,4200,4400,2618
2026-08-27T09:31:27Z,62779,5000,7800,10888
2026-08-27T09:31:27Z,62780,20000,490000,766
2026-08-27T09:31:27Z,62781,29900,29900,5268
2026-08-27T09:31:27Z,62782,3000,3000,3194
2026-08-27T09:31:27Z,62783,6600,7200,16043
2026-08-27T09:31:27Z,62784,19500,19900,78595
2026-08-27T09:31:27Z,62785,3400,3700,2079
2026-08-27T09:31:27Z,62786,40000,40000,2100
2026-08-27T09:31:27Z,62790,9800,9800,411
2026-08-27T09:31:27Z,62791,4000,4000,3003
2026-08-27T09:31:27Z,63024,5000000,49000000,21
2026-08-27T09:31:27Z,63025,49000000,49000000,20
2026-08-27T09:31:27Z,63122,900,900,240
2026-08-27T09:31:27Z,63127,84100,100000,748
2026-08-27T09:31:27Z,63128,3000000,3000000,363
2026-08-27T09:31:27Z,63246,5600,5600,433
2026-08-27T09:31:27Z,63247,48999900,49000000,21
2026-08-27T09:31:27Z,63251,689300,689300,44
2026-08-27T09:31:27Z,63271,1966000,3906000,211
2026-08-27T09:31:27Z,63272,1414200,49004200,24
2026-08-27T09:31:27Z,63273,49000100,49000100,21
2026-08-27T09:31:27Z,63274,19900100,19900100,48
2026-08-27T09:31:27Z,63275,20000,20000,86
2026-08-27T09:31:27Z,63291,50000,50000,138
2026-08-27T09:31:27Z,63292,9990000,9990000,19
2026-08-27T09:31:27Z,63293,89900,254100,623
2026-08-27T09:31:27Z,63296,7902300,7902300,15
2026-08-27T09:31:27Z,63299,200000,200000,108
2026-08-27T09:31:27Z,63303,7000,7000,282
2026-08-27T09:31:27Z,63304,18500,21200,58
2026-08-27T09:31:27Z,63305,20000,21200,45
2026-08-27T09:31:27Z,63306,17000,17000,111
2026-08-27T09:31:27Z,63307,20000,20000,25
2026-08-27T09:31:27Z,63308,72100,72100,70
2026-08-27T09:31:27Z,63310,259900,259900,54
2026-08-27T09:31:27Z,63311,290000100,290000100,1
2026-08-27T09:31:27Z,63312,1002900,1002900,35
2026-08-27T09:31:27Z,63314,290000100,290000100,2
2026-08-27T09:31:27Z,63316,49000100,49000100,1
2026-08-27T09:31:27Z,63317,49000100,49000100,20
2026-08-27T09:31:27Z,63318,290000100,290000100,1
2026-08-27T09:31:27Z,63321,989970100,989970100,4
2026-08-27T09:31:27Z,63323,290000100,290000100,1
2026-08-27T09:31:27Z,63327,48969900,48969900,26
2026-08-27T09:31:27Z,63337,290000100,290000100,1
2026-08-27T09:31:27Z,63341,290000100,290000100,1
2026-08-27T09:31:27Z,63342,290000100,290000100,1
2026-08-27T09:31:27Z,63343,290000100,290000100,1
2026-08-27T09:31:27Z,63347,990005100,990005100,2
2026-08-27T09:31:27Z,63348,309400,359400,38
2026-08-27T09:31:27Z,63388,9990000,9990000,42
2026-08-27T09:31:27Z,63396,19900,9989900,23
2026-08-27T09:31:27Z,63416,1500000200,1500000200,1
2026-08-27T09:31:27Z,63481,1500007600,1500007600,1
2026-08-27T09:31:27Z,63530,3000,3000,209
2026-08-27T09:31:27Z,63539,1500000200,1500000200,1
2026-08-27T09:31:27Z,63691,50000,50000,28
2026-08-27T09:31:27Z,63692,9900500,9900500,24
2026-08-27T09:31:27Z,63693,9990200,9990200,20
2026-08-27T09:31:27Z,63694,50000,50000,43
2026-08-27T09:31:27Z,64392,3663000,3699900,329
2026-08-27T09:31:27Z,64394,3993900,4034200,232
2026-08-27T09:31:27Z,64395,3687800,3725000,70
2026-08-27T09:31:27Z,64396,15000000,15550100,49
2026-08-27T09:31:27Z,64397,33338800,41994300,1161
2026-08-27T09:31:27Z,64493,1500000200,1500000200,1
2026-08-27T09:31:27Z,64670,10000,100000,2281
2026-08-27T09:31:27Z,65365,449800,449900,3847
2026-08-27T09:31:27Z,65501,290000800,290000800,1
2026-08-27T09:31:27Z,65502,290000500,290000500,1
2026-08-27T09:31:27Z,65503,290000100,290000100,1
2026-08-27T09:31:27Z,65505,290001000,290001000,1
2026-08-27T09:31:27Z,65509,50200,50200,32
2026-08-27T09:31:27Z,65511,290000800,290000800,1
2026-08-27T09:31:27Z,65512,290001900,290001900,1
2026-08-27T09:31:27Z,65892,45000000,45000000,12
2026-08-27T09:31:27Z,65893,25009900,26979900,193
2026-08-27T09:31:27Z,66944,1500000100,1500000100,1
2026-08-27T09:31:27Z,66945,1500005100,1500005100,1
2026-08-27T09:31:27Z,66946,290007600,290007600,1
2026-08-27T09:31:27Z,66947,290007600,290007600,1
2026-08-27T09:31:27Z,66948,290002600,290002600,1
2026-08-27T09:31:27Z,66949,290002600,290002600,1
2026-08-27T09:31:27Z,66950,990001100,990001100,1
2026-08-27T09:31:27Z,67229,47000,490000,731
2026-08-27T09:31:27Z,67230,2500,2500,55
2026-08-27T09:31:27Z,67252,290000200,290000200,1
2026-08-27T09:31:27Z,67256,9900200,9900200,100
2026-08-27T09:31:27Z,67257,290000200,290000200,2
2026-08-27T09:31:27Z,67276,150200,150200,31
2026-08-27T09:31:27Z,67277,732500,2890000,2269
2026-08-27T09:31:27Z,67280,49000100,49000100,20
2026-08-27T09:31:27Z,67281,49000100,49000100,20
2026-08-27T09:31:27Z,67289,49000200,49000200,20
2026-08-27T09:31:27Z,67304,1500003000,1500003000,1
2026-08-27T09:31:27Z,67305,1500003000,1500003000,1
2026-08-27T09:31:27Z,67306,290003000,290003000,1
2026-08-27T09:31:27Z,67310,49000100,49000100,20
2026-08-27T09:31:27Z,67319,50500,51500,60
2026-08-27T09:31:27Z,67323,49007500,49007500,20
2026-08-27T09:31:27Z,67335,95900,95900,54
2026-08-27T09:31:27Z,67337,49003000,49003000,23
2026-08-27T09:31:27Z,67348,136900,9870000,31
2026-08-27T09:31:27Z,67357,49000100,49000100,20
2026-08-27T09:31:27Z,67385,24900,24900,24
2026-08-27T09:31:27Z,67388,66600,49005800,25
2026-08-27T09:31:27Z,67397,4000,49004000,23
2026-08-27T09:31:27Z,67399,5500,49005500,22
2026-08-27T09:31:27Z,67401,6600,7900,25
2026-08-27T09:31:27Z,67403,509900,1239900,29
2026-08-27T09:31:27Z,67404,23800,23800,32
2026-08-27T09:31:27Z,67405,6900,49006900,22
2026-08-27T09:31:27Z,67407,5400,49005500,22
2026-08-27T09:31:27Z,67415,10000,10000,641
2026-08-27T09:31:27Z,67438,19900,1781600,116
2026-08-27T09:31:27Z,67444,290005100,290005100,1
2026-08-27T09:31:27Z,67482,1499997600,1499997600,2
2026-08-27T09:31:27Z,67483,1500000200,1500000200,1
2026-08-27T09:31:27Z,67484,1500007600,1500007600,1
2026-08-27T09:31:27Z,67485,1500007600,1500007600,1
2026-08-27T09:31:27Z,67486,1500000200,1500000200,1
2026-08-27T09:31:27Z,67487,1500007600,1500007600,1
2026-08-27T09:31:27Z,67506,49002900,49002900,20
2026-08-27T09:31:27Z,67507,2568400,49008400,21
2026-08-27T09:31:27Z,67509,5800,5800,194
2026-08-27T09:31:27Z,67510,2700,2700,59
2026-08-27T09:31:27Z,67511,5700,5700,30
2026-08-27T09:31:27Z,67749,482000,482000,4882
2026-08-27T09:31:27Z,68039,1500000200,1500000200,1
2026-08-27T09:31:27Z,68047,19400,19400,70
2026-08-27T09:31:27Z,68049,50000,50000,170
2026-08-27T09:31:27Z,68055,311300,311300,4
2026-08-27T09:31:27Z,68134,200000,200000,66
2026-08-27T09:31:27Z,68140,150000,150000,25
2026-08-27T09:31:27Z,68196,1500000100,1500000100,1
2026-08-27T09:31:27Z,68197,1800,9901800,114
2026-08-27T09:31:27Z,68198,1600,1600,82
2026-08-27T09:31:27Z,68356,6502700,6502700,25
2026-08-27T09:31:27Z,68357,9987600,9987600,24
2026-08-27T09:31:27Z,68358,3153700,3153700,25
2026-08-27T09:31:27Z,68660,552200,19992200,12
2026-08-27T09:31:27Z,68687,1450000,1450000,29
2026-08-27T09:31:27Z,68731,2000000,2000000,40
2026-08-27T09:31:27Z,68732,49000200,49000200,20
2026-08-27T09:31:27Z,68741,9989200,9989200,37
2026-08-27T09:31:27Z,68771,5500005100,5500005100,1
2026-08-27T09:31:27Z,68778,2001900,2002000,34
2026-08-27T09:31:27Z,68779,9995200,9995200,21
2026-08-27T09:31:27Z,68780,1200000,1200000,40
2026-08-27T09:31:27Z,68784,6262800,6262800,93
2026-08-27T09:31:27Z,68785,2424900,2424900,44
2026-08-27T09:31:27Z,68786,6071600,6071600,44
2026-08-27T09:31:27Z,68793,275008400,275008400,2
2026-08-27T09:31:27Z,69237,2200,32000,8634
2026-08-27T09:31:27Z,69243,9900000,9900000,43
2026-08-27T09:31:27Z,69244,181200,181200,39
2026-08-27T09:31:27Z,69772,9903300,9903300,85
2026-08-27T09:31:27Z,69773,1500007600,1500007600,1
2026-08-27T09:31:27Z,69839,2220000,2220000,3
2026-08-27T09:31:27Z,69840,2220200,2220200,3
2026-08-27T09:31:27Z,69841,299000000,299000000,1
2026-08-27T09:31:27Z,69863,1000000,1000000,3
2026-08-27T09:31:27Z,69864,20000000,20000000,2
2026-08-27T09:31:27Z,69865,6990800,6990800,5
2026-08-27T09:31:27Z,69920,9969800,9969800,19
2026-08-27T09:31:27Z,69955,290000100,290000100,1
2026-08-27T09:31:27Z,70139,49007300,49007300,8
2026-08-27T09:31:27Z,71155,1500007600,1500007600,1
2026-08-27T09:31:27Z,71375,1230200,1230200,37
2026-08-27T09:31:27Z,71376,290000000,290000000,1
2026-08-27T09:31:27Z,71720,4589000,4589000,52
2026-08-27T09:31:27Z,71805,2180000,9491700,1933
2026-08-27T09:31:27Z,71806,1218700,1218700,71
2026-08-27T09:31:27Z,71807,4900000,4900000,144
2026-08-27T09:31:27Z,71808,12337200,13005100,77
2026-08-27T09:31:27Z,71809,2000000,2000000,128
2026-08-27T09:31:27Z,71810,15000300,15000300,45
2026-08-27T09:31:27Z,71817,2619400,2619900,41
2026-08-27T09:31:27Z,71818,4994900,4994900,60
2026-08-27T09:31:27Z,71819,2619900,2619900,71
2026-08-27T09:31:27Z,71820,2619400,9993600,36
2026-08-27T09:31:27Z,71822,19979500,19979500,45
2026-08-27T09:31:27Z,71823,19985500,19985500,43
2026-08-27T09:31:27Z,71824,19918300,19918300,59
2026-08-27T09:31:27Z,71825,19935000,19935000,43
2026-08-27T09:31:27Z,71826,19993000,19993000,26
2026-08-27T09:31:27Z,71827,49900500,49900500,36
2026-08-27T09:31:27Z,71828,19989000,19989000,28
2026-08-27T09:31:27Z,71829,19962500,19962500,28
2026-08-27T09:31:27Z,71830,19978000,19978000,39
2026-08-27T09:31:27Z,71831,41872000,41872000,23
2026-08-27T09:31:27Z,71832,39977000,39977000,27
2026-08-27T09:31:27Z,71833,39889000,39889000,34
2026-08-27T09:31:27Z,71834,19896500,19896500,31
2026-08-27T09:31:27Z,71835,19983500,19983500,31
2026-08-27T09:31:27Z,71836,19894500,19894500,29
2026-08-27T09:31:27Z,71837,19978000,19978000,42
2026-08-27T09:31:27Z,71838,19892500,19892500,34
2026-08-27T09:31:27Z,71839,19975000,19975000,39
2026-08-27T09:31:27Z,71840,19984200,19984200,35
2026-08-27T09:31:27Z,71841,24996900,24996900,33
2026-08-27T09:31:27Z,71842,19437300,19437300,34
2026-08-27T09:31:27Z,71843,14998600,14998600,84
2026-08-27T09:31:27Z,71844,24993000,24993000,30
2026-08-27T09:31:27Z,71845,24998900,24998900,69
2026-08-27T09:31:27Z,71846,24993700,24993700,60
2026-08-27T09:31:27Z,71847,24997400,24997400,28
2026-08-27T09:31:27Z,71848,17468100,17468100,49
2026-08-27T09:31:27Z,71849,25003000,25003000,24
2026-08-27T09:31:27Z,71850,18998600,18998700,86
2026-08-27T09:31:27Z,71851,18998500,18998500,79
2026-08-27T09:31:27Z,71852,19981400,19981400,39
2026-08-27T09:31:27Z,71853,18942500,18942500,29
2026-08-27T09:31:27Z,71854,19986500,19986500,48
2026-08-27T09:31:27Z,71855,24989800,24989800,39
2026-08-27T09:31:27Z,71856,15008400,15008500,113
2026-08-27T09:31:27Z,71857,24997300,24997300,29
2026-08-27T09:31:27Z,71858,25003200,25003200,25
2026-08-27T09:31:27Z,71859,19803600,19803600,39
2026-08-27T09:31:27Z,71860,25002300,25002300,28
2026-08-27T09:31:27Z,71861,24998600,24998600,29
2026-08-27T09:31:27Z,71862,4992200,4992300,100
2026-08-27T09:31:27Z,71863,1987700,1987700,52
2026-08-27T09:31:27Z,71864,4992200,4992300,83
2026-08-27T09:31:27Z,71865,9986000,9986000,52
2026-08-27T09:31:27Z,71866,4992200,4992200,61
2026-08-27T09:31:27Z,71867,4542200,4542200,58
2026-08-27T09:31:27Z,71868,2499300,2499300,56
2026-08-27T09:31:27Z,71869,2457000,2457000,88
2026-08-27T09:31:27Z,71870,9987000,9987000,52
2026-08-27T09:31:27Z,71871,9877500,9877500,64
2026-08-27T09:31:27Z,71872,9981000,9981000,66
2026-08-27T09:31:27Z,71873,9985500,9985500,64
2026-08-27T09:31:27Z,71874,2409900,9994500,59
2026-08-27T09:31:27Z,71875,15769000,15769000,45
2026-08-27T09:31:27Z,71876,7495100,7495100,50
2026-08-27T09:31:27Z,71877,9966800,9966800,43
2026-08-27T09:31:27Z,71878,11352000,11352000,41
2026-08-27T09:31:27Z,71879,3742500,3742500,98
2026-08-27T09:31:27Z,71880,7497500,7497600,57
2026-08-27T09:31:27Z,71881,1999200,1999500,143
2026-08-27T09:31:27Z,71882,9961500,9961500,52
2026-08-27T09:31:27Z,71883,7494500,7494500,111
2026-08-27T09:31:27Z,71998,2100,2100,2424
2026-08-27T09:31:27Z,72092,41100,42200,293473
2026-08-27T09:31:27Z,72093,7700,8000,8478
2026-08-27T09:31:27Z,72094,178200,180100,24473
2026-08-27T09:31:27Z,72095,749000,900000,7514
2026-08-27T09:31:27Z,72096,98000,100000,41120
2026-08-27T09:31:27Z,72103,178200,180000,16168
2026-08-27T09:31:27Z,72104,3998800,3998800,7269
2026-08-27T09:31:27Z,72120,9000,10100,25243
2026-08-27T09:31:27Z,72162,3900,9000,2925
2026-08-27T09:31:27Z,72163,543300,543300,486
2026-08-27T09:31:27Z,72234,17000,17400,15539
2026-08-27T09:31:27Z,72235,10000,10600,3272
2026-08-27T09:31:27Z,72237,12000,15100,2046
2026-08-27T09:31:27Z,72238,53900,84000,18811
2026-08-27T09:31:27Z,72985,59700,59700,231
2026-08-27T09:31:27Z,72986,3100,5600,642
2026-08-27T09:31:27Z,72988,1800,2200,60654
2026-08-27T09:31:27Z,73260,1500,1500,166
2026-08-27T09:31:27Z,74247,24400,27800,6456
2026-08-27T09:31:27Z,74248,87200,148100,11827
2026-08-27T09:31:27Z,74249,1000,1100,18971
2026-08-27T09:31:27Z,74250,4400,6900,42373
2026-08-27T09:31:27Z,74252,23700,199900,1915
2026-08-27T09:31:27Z,74622,1450005100,1450005100,3
2026-08-27T09:31:27Z,74636,110000,189900,1042
2026-08-27T09:31:27Z,74641,179800,179800,203
2026-08-27T09:31:27Z,74642,91700,91800,998
2026-08-27T09:31:27Z,74643,49400,49400,1560
2026-08-27T09:31:27Z,74644,285600,285600,1021
2026-08-27T09:31:27Z,74645,280900,281000,357
2026-08-27T09:31:27Z,74646,148500,148500,586
2026-08-27T09:31:27Z,74647,249700,249700,386
2026-08-27T09:31:27Z,74648,49500,99800,194
2026-08-27T09:31:27Z,74649,142500,142600,965
2026-08-27T09:31:27Z,74650,48500,50000,654
2026-08-27T09:31:27Z,74651,134600,134600,906
2026-08-27T09:31:27Z,74652,488700,488700,120
2026-08-27T09:31:27Z,74653,45000,45000,343
2026-08-27T09:31:27Z,74654,189500,189700,112
2026-08-27T09:31:27Z,74655,260000,260300,307
2026-08-27T09:31:27Z,74656,68500,68700,963
2026-08-27T09:31:27Z,74659,30000,30000,691
2026-08-27T09:31:27Z,74660,40300,40300,1072
2026-08-27T09:31:27Z,74661,1614900,1614900,2368
2026-08-27T09:31:27Z,74662,1169400,1169400,1348
2026-08-27T09:31:27Z,74700,10900,11000,79
2026-08-27T09:31:27Z,74701,10000,10000,51
2026-08-27T09:31:27Z,74703,1999900,1999900,47
2026-08-27T09:31:27Z,74704,372500,1999900,45
2026-08-27T09:31:27Z,74705,1339100,1339100,69
2026-08-27T09:31:27Z,74706,7900,9900000,53
2026-08-27T09:31:27Z,74707,7000,7000,93
2026-08-27T09:31:27Z,74708,40000,43200,324
2026-08-27T09:31:27Z,74709,33600,33700,56
2026-08-27T09:31:27Z,74710,11100,11100,146
2026-08-27T09:31:27Z,74711,9900,9900,58
2026-08-27T09:31:27Z,74712,18400,18400,86
2026-08-27T09:31:27Z,74713,4900,5000,69
2026-08-27T09:31:27Z,74715,28700,49900,249
2026-08-27T09:31:27Z,74716,10000,10000,73
2026-08-27T09:31:27Z,74717,49900,49900,243
2026-08-27T09:31:27Z,74718,49900,49900,245
2026-08-27T09:31:27Z,74719,10000,49900,232
2026-08-27T09:31:27Z,74720,33700,34000,46
2026-08-27T09:31:27Z,74721,49900,49900,172
2026-08-27T09:31:27Z,74722,49000,49900,230
2026-08-27T09:31:27Z,74723,33800,33800,103
2026-08-27T09:31:27Z,74724,907400,907400,64
2026-08-27T09:31:27Z,74725,180000,180000,59
2026-08-27T09:31:27Z,74726,1358300,3499900,44
2026-08-27T09:31:27Z,74727,45000,45000,50
2026-08-27T09:31:27Z,74728,589000,589100,59
2026-08-27T09:31:27Z,74729,49900,49900,239
2026-08-27T09:31:27Z,74822,5000,5200,408
2026-08-27T09:31:27Z,74832,9000,9000,2242
2026-08-27T09:31:27Z,74833,56600,118200,22355
2026-08-27T09:31:27Z,74834,35000,35000,1095
2026-08-27T09:31:27Z,74837,56500,77900,28231
2026-08-27T09:31:27Z,74838,36600,37800,807
2026-08-27T09:31:27Z,74839,89100,144500,13078
2026-08-27T09:31:27Z,74840,104400,104400,5163
2026-08-27T09:31:27Z,74841,9900,11400,11437
2026-08-27T09:31:27Z,74842,39500,88900,4917
2026-08-27T09:31:27Z,74843,62000,62700,10729
2026-08-27T09:31:27Z,74844,9700,11600,40163
2026-08-27T09:31:27Z,74845,259900,259900,137
2026-08-27T09:31:27Z,74846,39900,78400,16533
2026-08-27T09:31:27Z,74847,65000,125000,14913
2026-08-27T09:31:27Z,74848,36600,94900,11415
2026-08-27T09:31:27Z,74849,84800,84800,15944
2026-08-27T09:31:27Z,74850,86200,90000,6296
2026-08-27T09:31:27Z,74851,250000,250000,286
2026-08-27T09:31:27Z,74852,15000,15000,1908
2026-08-27T09:31:27Z,74853,1158000,1208900,2932
2026-08-27T09:31:27Z,74854,46400,46400,914
2026-08-27T09:31:27Z,74856,100000,100000,3663
2026-08-27T09:31:27Z,74857,247500,247500,1054
2026-08-27T09:31:27Z,74859,44000,49500,6671
2026-08-27T09:31:27Z,74860,128800,128800,7028
2026-08-27T09:31:27Z,74861,69300,70000,7363
2026-08-27T09:31:27Z,74863,37500,37500,698
2026-08-27T09:31:27Z,74864,197900,197900,1634
2026-08-27T09:31:27Z,74865,87900,88800,6048
2026-08-27T09:31:27Z,74866,17600,17800,3491
2026-08-27T09:31:27Z,74919,40000,40000,210
2026-08-27T09:31:27Z,74921,37500,37500,47
2026-08-27T09:31:27Z,75014,174100,203300,5826
2026-08-27T09:31:27Z,75016,10300,14500,197
2026-08-27T09:31:27Z,75026,8800,9000,169
2026-08-27T09:31:27Z,75037,150000,179900,974
2026-08-27T09:31:27Z,75038,200000,249900,983
2026-08-27T09:31:27Z,76061,1050100,1190000,32489
2026-08-27T09:31:27Z,76075,9900,42000,102
2026-08-27T09:31:27Z,76076,42700,250000,1099
2026-08-27T09:31:27Z,76077,30000,30000,164
2026-08-27T09:31:27Z,76078,49800,49800,388
2026-08-27T09:31:27Z,76079,14700,32500,177
2026-08-27T09:31:27Z,76080,16200,16200,60
2026-08-27T09:31:27Z,76081,7000,7000,1969
2026-08-27T09:31:27Z,76083,20100,23000,230
2026-08-27T09:31:27Z,76084,40000,40000,322
2026-08-27T09:31:27Z,76085,319600,9975100,44
2026-08-27T09:31:27Z,76086,29700,29800,124
2026-08-27T09:31:27Z,76087,10000,156300,120
2026-08-27T09:31:27Z,76088,259800,4990000,66
2026-08-27T09:31:27Z,76089,6900,6900,622
2026-08-27T09:31:27Z,76090,27000,27000,108
2026-08-27T09:31:27Z,76092,5300,5300,308
2026-08-27T09:31:27Z,76093,5000,5000,147
2026-08-27T09:31:27Z,76094,500,500,996
2026-08-27T09:31:27Z,76095,25700,25700,120
2026-08-27T09:31:27Z,76096,60000,80000,1409
2026-08-27T09:31:27Z,76097,6100,6200,271
2026-08-27T09:31:27Z,76098,30000,30000,2072
2026-08-27T09:31:27Z,76130,10100,10100,1229
2026-08-27T09:31:27Z,76131,119700,119700,442
2026-08-27T09:31:27Z,76132,340000,340000,597
2026-08-27T09:31:27Z,76133,39900,39900,1994
2026-08-27T09:31:27Z,76134,13500,14000,2102
2026-08-27T09:31:27Z,76135,10000,10000,1269
2026-08-27T09:31:27Z,76136,23500,23500,2392
2026-08-27T09:31:27Z,76137,27000,28000,597
2026-08-27T09:31:27Z,76138,154900,154900,226
2026-08-27T09:31:27Z,76139,111000,114500,2935
2026-08-27T09:31:27Z,76140,38400,38500,556
2026-08-27T09:31:27Z,76141,82000,82500,687
2026-08-27T09:31:27Z,76142,150000,150000,203
2026-08-27T09:31:27Z,76502,25000,25000,198
2026-08-27T09:31:27Z,76504,93200,93200,72
2026-08-27T09:31:27Z,76505,50000,62200,42
2026-08-27T09:31:27Z,76506,60000,60000,57
2026-08-27T09:31:27Z,76507,5734800,5734800,34
2026-08-27T09:31:27Z,76508,900000,900000,29
2026-08-27T09:31:27Z,76509,13700,13700,36
2026-08-27T09:31:27Z,76510,20000,20000,36
2026-08-27T09:31:27Z,76511,73400,73400,31
2026-08-27T09:31:27Z,76512,300000,300000,34
2026-08-27T09:31:27Z,76513,50000,50000,29
2026-08-27T09:31:27Z,76514,19100,19100,48
2026-08-27T09:31:27Z,76515,47900,47900,30
2026-08-27T09:31:27Z,76517,8166700,8166700,36
2026-08-27T09:31:27Z,76518,45700,45700,91
2026-08-27T09:31:27Z,76519,47100,47100,41
2026-08-27T09:31:27Z,76520,44900,44900,53
2026-08-27T09:31:27Z,76521,45400,45400,46
2026-08-27T09:31:27Z,76522,51600,51600,36
2026-08-27T09:31:27Z,76523,197980200,197980200,32
2026-08-27T09:31:27Z,76524,10000,31700,39
2026-08-27T09:31:27Z,76525,30000,30000,34
2026-08-27T09:31:27Z,76526,14300,120000,88
2026-08-27T09:31:27Z,76527,330000,330000,33
2026-08-27T09:31:27Z,76528,24800,24800,31
2026-08-27T09:31:27Z,76529,119900,119900,35
2026-08-27T09:31:27Z,76530,95500,95500,31
2026-08-27T09:31:27Z,76531,2350100,2350100,33
2026-08-27T09:31:27Z,76532,20000,20000,34
2026-08-27T09:31:27Z,76533,21000,21000,30
2026-08-27T09:31:27Z,76534,21000,21000,35
2026-08-27T09:31:27Z,76535,9904100,9904100,31
2026-08-27T09:31:27Z,76536,20700,20700,28
2026-08-27T09:31:27Z,76537,2876700,2876700,28
2026-08-27T09:31:27Z,76538,21200,21200,29
2026-08-27T09:31:27Z,76539,957600,957600,44
2026-08-27T09:31:27Z,76540,19700,19700,52
2026-08-27T09:31:27Z,76541,20800,20800,29
2026-08-27T09:31:27Z,76542,300000,300000,35
2026-08-27T09:31:27Z,76543,21100,21100,31
2026-08-27T09:31:27Z,76544,273000,273000,43
2026-08-27T09:31:27Z,76545,169000,169000,30
2026-08-27T09:31:27Z,76546,29300,29300,32
2026-08-27T09:31:27Z,76547,24400,24400,36
2026-08-27T09:31:27Z,76548,99900,99900,30
2026-08-27T09:31:27Z,76549,12000,12000,29
2026-08-27T09:31:27Z,76550,19500,19500,34
2026-08-27T09:31:27Z,76551,19300,19300,38
2026-08-27T09:31:27Z,76552,50000,50000,98
2026-08-27T09:31:27Z,76553,12600,12600,33
2026-08-27T09:31:27Z,76554,20500,20500,37
2026-08-27T09:31:27Z,76555,130200,130200,37
2026-08-27T09:31:27Z,76556,19900,19900,31
2026-08-27T09:31:27Z,76557,12000,12000,30
2026-08-27T09:31:27Z,76558,19600,19600,29
2026-08-27T09:31:27Z,76559,19800,19800,44
2026-08-27T09:31:27Z,76560,64800,64800,44
2026-08-27T09:31:27Z,76561,39700,39700,55
2026-08-27T09:31:27Z,76562,55500,9900000,26
2026-08-27T09:31:27Z,76563,15000,15000,32
2026-08-27T09:31:27Z,76564,153800,153800,46
2026-08-27T09:31:27Z,76565,20000,20000,37
2026-08-27T09:31:27Z,76566,24600,24600,28
2026-08-27T09:31:27Z,76567,27700,27700,34
2026-08-27T09:31:27Z,76568,30200,30200,47
2026-08-27T09:31:27Z,76569,20000,20000,40
2026-08-27T09:31:27Z,76570,1000000,5000000,42
2026-08-27T09:31:27Z,76571,9979600,9979600,23
2026-08-27T09:31:27Z,76572,2928300,2928300,42
2026-08-27T09:31:27Z,76573,9903000,9903000,20
2026-08-27T09:31:27Z,76574,9999800,9999800,20
2026-08-27T09:31:27Z,76575,19900000,19900000,12
2026-08-27T09:31:27Z,76576,1163400,1163400,35
2026-08-27T09:31:27Z,76577,9991700,9991700,21
2026-08-27T09:31:27Z,76578,9991000,9991000,20
2026-08-27T09:31:27Z,76579,9990000,9990000,22
2026-08-27T09:31:27Z,76580,8990000,9996000,22
2026-08-27T09:31:27Z,76581,9999300,9999300,21
2026-08-27T09:31:27Z,76582,19996200,19996200,10
2026-08-27T09:31:27Z,76583,9992300,9992300,22
2026-08-27T09:31:27Z,76584,7336100,9893600,26
2026-08-27T09:31:27Z,76585,19750000,19750000,16
2026-08-27T09:31:27Z,76586,508600,9998600,23
2026-08-27T09:31:27Z,76587,14575100,14575100,14
2026-08-27T09:31:27Z,76588,12261900,12261900,12
2026-08-27T09:31:27Z,76589,199990000,199990000,1
2026-08-27T09:31:27Z,76590,19899700,19899700,11
2026-08-27T09:31:27Z,76591,9996800,9996800,20
2026-08-27T09:31:27Z,76592,3000000,3375200,25
2026-08-27T09:31:27Z,76593,9992000,9992000,20
2026-08-27T09:31:27Z,76594,9900000,9900000,23
2026-08-27T09:31:27Z,76595,9997500,9997500,23
2026-08-27T09:31:27Z,76596,7006700,7006700,21
2026-08-27T09:31:27Z,76597,3683000,3683000,12
2026-08-27T09:31:27Z,76598,9990000,9990000,20
2026-08-27T09:31:27Z,76599,1050000,1373100,28
2026-08-27T09:31:27Z,76600,3004400,9896600,21
2026-08-27T09:31:27Z,76601,19998300,19998300,10
2026-08-27T09:31:27Z,76602,9991900,9991900,23
2026-08-27T09:31:27Z,76603,957400,957400,24
2026-08-27T09:31:27Z,76604,9996500,9996500,21
2026-08-27T09:31:27Z,76605,9990000,9990000,21
2026-08-27T09:31:27Z,76606,750000,750000,24
2026-08-27T09:31:27Z,76607,9998500,9998500,21
2026-08-27T09:31:27Z,76608,19991500,19991500,10
2026-08-27T09:31:27Z,76609,19969800,19969800,11
2026-08-27T09:31:27Z,76610,1121800,1162100,14
2026-08-27T09:31:27Z,76611,19999600,19999600,15
2026-08-27T09:31:27Z,76612,19959500,19959500,10
2026-08-27T09:31:27Z,76613,19790000,19790000,12
2026-08-27T09:31:27Z,76614,9990000,9990000,23
2026-08-27T09:31:27Z,76615,1000000,1000000,26
2026-08-27T09:31:27Z,76616,8886600,9404800,23
2026-08-27T09:31:27Z,76617,19868300,19868300,11
2026-08-27T09:31:27Z,76618,9999700,9999700,20
2026-08-27T09:31:27Z,76619,9999900,9999900,22
2026-08-27T09:31:27Z,76620,9993500,9993500,21
2026-08-27T09:31:27Z,76621,19995500,19995500,10
2026-08-27T09:31:27Z,76622,19991900,19991900,12
2026-08-27T09:31:27Z,76623,9989500,9989500,20
2026-08-27T09:31:27Z,76624,660100,9989900,22
2026-08-27T09:31:27Z,76625,9996200,9996200,21
2026-08-27T09:31:27Z,76626,5000000,9991000,18
2026-08-27T09:31:27Z,76627,5002000,8882000,37
2026-08-27T09:31:27Z,76628,819800,9998800,23
2026-08-27T09:31:27Z,76629,9890000,9890000,23
2026-08-27T09:31:27Z,76630,2875000,9995000,22
2026-08-27T09:31:27Z,76631,3758300,3758300,48
2026-08-27T09:31:27Z,76632,3557500,3557500,25
2026-08-27T09:31:27Z,76633,9995400,9995400,21
2026-08-27T09:31:27Z,76634,1000000,9996800,23
2026-08-27T09:31:27Z,76635,9890000,9890000,21
2026-08-27T09:31:27Z,76636,134800,134900,74
2026-08-27T09:31:27Z,76637,149800,149900,52
2026-08-27T09:31:27Z,76638,150000,201600,45
2026-08-27T09:31:27Z,76639,119900,119900,43
2026-08-27T09:31:27Z,76640,38300,38400,41
2026-08-27T09:31:27Z,76641,9902400,9902400,20
2026-08-27T09:31:27Z,76642,100000,100000,48
2026-08-27T09:31:27Z,76643,250000,250000,29
2026-08-27T09:31:27Z,76644,27200,27500,30
2026-08-27T09:31:27Z,76645,35300,35300,31
2026-08-27T09:31:27Z,76646,49900,50000,33
2026-08-27T09:31:27Z,76647,149700,149700,37
2026-08-27T09:31:27Z,76648,79900,80000,36
2026-08-27T09:31:27Z,76649,769600,769700,26
2026-08-27T09:31:27Z,76650,59200,59300,34
2026-08-27T09:31:27Z,76651,108500,9900000,22
2026-08-27T09:31:27Z,76652,60600,60700,31
2026-08-27T09:31:27Z,76653,98100,98200,30
2026-08-27T09:31:27Z,76654,119900,120000,44
2026-08-27T09:31:27Z,76655,24422600,24422600,9
2026-08-27T09:31:27Z,76656,19900,20000,35
2026-08-27T09:31:27Z,76657,114800,9990000,24
2026-08-27T09:31:27Z,76658,27700,27800,55
2026-08-27T09:31:27Z,76659,179200,179300,32
2026-08-27T09:31:27Z,76660,89300,89400,37
2026-08-27T09:31:27Z,76661,393900,394000,46
2026-08-27T09:31:27Z,76662,179800,179900,49
2026-08-27T09:31:27Z,76663,806900,807000,40
2026-08-27T09:31:27Z,76664,74400,74500,75
2026-08-27T09:31:27Z,76665,49200,49200,42
2026-08-27T09:31:27Z,76666,88200,88300,33
2026-08-27T09:31:27Z,76667,50000,50000,33
2026-08-27T09:31:27Z,76668,19900,20000,34
2026-08-27T09:31:27Z,76669,359700,359800,48
2026-08-27T09:31:27Z,76670,69800,70600,25
2026-08-27T09:31:27Z,76671,205400,205500,55
2026-08-27T09:31:27Z,76672,12000,19500,40
2026-08-27T09:31:27Z,76673,59900,60000,43
2026-08-27T09:31:27Z,76674,27300,27300,43
2026-08-27T09:31:27Z,76675,49900,50000,30
2026-08-27T09:31:27Z,76676,639800,640000,77
2026-08-27T09:31:27Z,76677,49900,50000,34
2026-08-27T09:31:27Z,76678,74300,74400,32
2026-08-27T09:31:27Z,76679,29900,42900,29
2026-08-27T09:31:27Z,76680,19900,20000,40
2026-08-27T09:31:27Z,76681,20000,20000,33
2026-08-27T09:31:27Z,76682,39800,40000,31
2026-08-27T09:31:27Z,76683,199400,199400,46
2026-08-27T09:31:27Z,76684,158700,158700,28
2026-08-27T09:31:27Z,76685,49400,49500,42
2026-08-27T09:31:27Z,76686,109000,109100,45
2026-08-27T09:31:27Z,76687,49800,49900,48
2026-08-27T09:31:27Z,76688,55600,55700,39
2026-08-27T09:31:27Z,76689,29800,29900,31
2026-08-27T09:31:27Z,76690,19400,19500,38
2026-08-27T09:31:27Z,76691,29800,29900,37
2026-08-27T09:31:27Z,76692,155800,155900,34
2026-08-27T09:31:27Z,76693,199400,199500,65
2026-08-27T09:31:27Z,76694,109800,109900,82
2026-08-27T09:31:27Z,76695,29900,29900,43
2026-08-27T09:31:27Z,76696,178400,178400,35
2026-08-27T09:31:27Z,76697,84400,84500,71
2026-08-27T09:31:27Z,76698,89800,89900,34
2026-08-27T09:31:27Z,76699,9907800,9907800,28
2026-08-27T09:31:27Z,76700,174100,174200,47
2026-08-27T09:31:27Z,76701,59800,59900,46
2026-08-27T09:31:27Z,76728,49000100,49000100,20
2026-08-27T09:31:27Z,76734,120400,120400,683
2026-08-27T09:31:27Z,76879,9374600,9374600,31
2026-08-27T09:31:27Z,76884,999700,999800,29
2026-08-27T09:31:27Z,76885,1249700,1249800,27
2026-08-27T09:31:27Z,76886,3339800,3339900,16
2026-08-27T09:31:27Z,76887,9989700,9989700,26
2026-08-27T09:31:27Z,76888,1249800,9996700,23
2026-08-27T09:31:27Z,76890,7027900,7028000,27
2026-08-27T09:31:27Z,76891,8997100,8997200,28
2026-08-27T09:31:27Z,76892,865000,865100,28
2026-08-27T09:31:27Z,76893,9374800,9374800,28
2026-08-27T09:31:27Z,76894,499900,500000,32
2026-08-27T09:31:27Z,76895,499800,499900,42
2026-08-27T09:31:27Z,76896,499900,500000,38
2026-08-27T09:31:27Z,76897,8009400,8009500,85
2026-08-27T09:31:27Z,77101,180000,799900,171
2026-08-27T09:31:27Z,77264,9990000,9990000,20
2026-08-27T09:31:27Z,77272,39803400,39803400,10
2026-08-27T09:31:27Z,77273,39999100,39999100,20
2026-08-27T09:31:27Z,77467,147900,147900,8040
2026-08-27T09:31:27Z,77468,58800,60000,1880
2026-08-27T09:31:27Z,77529,39900000,39900000,6
2026-08-27T09:31:27Z,77531,28000,28000,53
2026-08-27T09:31:27Z,77532,90000,90000,205
2026-08-27T09:31:27Z,77540,208000,208200,29
2026-08-27T09:31:27Z,77541,805300,805400,39
2026-08-27T09:31:27Z,77542,1004300,1004600,28
2026-08-27T09:31:27Z,77543,439000,439200,26
2026-08-27T09:31:27Z,77544,497500,497500,32
2026-08-27T09:31:27Z,77545,339000,339300,28
2026-08-27T09:31:27Z,77546,758000,788100,24
2026-08-27T09:31:27Z,77547,3998300,9909700,22
2026-08-27T09:31:27Z,77589,2500,2500,341
2026-08-27T09:31:27Z,78883,871200,881900,360
2026-08-27T09:31:27Z,79010,20400,24200,4182
2026-08-27T09:31:27Z,79011,7000,7100,9561
2026-08-27T09:31:27Z,79101,55000,79900,6146
2026-08-27T09:31:27Z,79102,90000,990000,213
2026-08-27T09:31:27Z,79238,199008300,199008300,1
2026-08-27T09:31:27Z,79249,30500,80000,223
2026-08-27T09:31:27Z,79251,4100,4300,20145
2026-08-27T09:31:27Z,79253,240000,240000,1813
2026-08-27T09:31:27Z,79254,8000,9800,5681
2026-08-27T09:31:27Z,79255,200000,250000,1243
2026-08-27T09:31:27Z,79257,49000500,49000500,20
2026-08-27T09:31:27Z,79283,4399700,4399700,15
2026-08-27T09:31:27Z,79284,1500000,1500000,14
2026-08-27T09:31:27Z,79285,11141300,11141300,13
2026-08-27T09:31:27Z,79286,8009600,8009600,16
2026-08-27T09:31:27Z,79287,21546600,22212900,16
2026-08-27T09:31:27Z,79288,40003900,40003900,9
2026-08-27T09:31:27Z,79289,5599700,5599700,13
2026-08-27T09:31:27Z,79290,7003900,7003900,25
2026-08-27T09:31:27Z,79291,28513500,28513500,15
2026-08-27T09:31:27Z,79292,5292300,5292300,15
2026-08-27T09:31:27Z,79293,7003500,7003500,14
2026-08-27T09:31:27Z,79294,5999300,5999300,27
2026-08-27T09:31:27Z,79295,5939900,5939900,17
2026-08-27T09:31:27Z,79296,7002800,7002800,11
2026-08-27T09:31:27Z,79297,35000000,35000000,11
2026-08-27T09:31:27Z,79298,5830000,5830000,19
2026-08-27T09:31:27Z,79299,5006900,5006900,13
2026-08-27T09:31:27Z,79300,7007000,7007000,7
2026-08-27T09:31:27Z,79301,14999600,14999600,10
2026-08-27T09:31:27Z,79302,10000700,10000700,9
2026-08-27T09:31:27Z,79303,14249000,14249000,5
2026-08-27T09:31:27Z,79304,10009500,10009500,6
2026-08-27T09:31:27Z,79305,19999900,19999900,9
2026-08-27T09:31:27Z,79306,15991400,15991400,13
2026-08-27T09:31:27Z,79307,5554700,5554700,20
2026-08-27T09:31:27Z,79308,15009500,15009500,19
2026-08-27T09:31:27Z,79309,5007400,5007400,19
2026-08-27T09:31:27Z,79310,7026200,7026200,11
2026-08-27T09:31:27Z,79311,5007300,5007300,7
2026-08-27T09:31:27Z,79312,9999700,9999700,12
2026-08-27T09:31:27Z,79313,11349900,11349900,7
2026-08-27T09:31:27Z,79314,14436500,14436500,10
2026-08-27T09:31:27Z,79513,6660200,6660200,3
2026-08-27T09:31:27Z,79514,1500000200,1500000200,2
2026-08-27T09:31:27Z,79515,250000200,250000200,1
2026-08-27T09:31:27Z,79538,312700,316800,225
2026-08-27T09:31:27Z,79868,9349600,9349700,82
2026-08-27T09:31:27Z,79869,3499900,3500000,806
2026-08-27T09:31:27Z,80313,60000,60000,18
2026-08-27T09:31:27Z,80431,890000,890000,157
2026-08-27T09:31:27Z,80433,50000,50000,2308
2026-08-27T09:31:27Z,80581,1500000200,1500000200,1
2026-08-27T09:31:27Z,80584,1500000200,1500000200,1
2026-08-27T09:31:27Z,80585,1500000200,1500000200,1
2026-08-27T09:31:27Z,80586,250000400,250000400,2
2026-08-27T09:31:27Z,80587,988900,994400,377
2026-08-27T09:31:27Z,80588,322700,322700,600
2026-08-27T09:31:27Z,80590,12500,989900,221
2026-08-27T09:31:27Z,80591,8100,8900,326
2026-08-27T09:31:27Z,80592,7400,7500,242
2026-08-27T09:31:27Z,80593,10000,10000,264
2026-08-27T09:31:27Z,80594,30000,990000,206
2026-08-27T09:31:27Z,80595,3000,990000,215
2026-08-27T09:31:27Z,81055,1300,1400,490
2026-08-27T09:31:27Z,81175,18800,20000,38
2026-08-27T09:31:27Z,81194,800,900,385
2026-08-27T09:31:27Z,81195,52300,52300,26
2026-08-27T09:31:27Z,81196,11100,11100,35
2026-08-27T09:31:27Z,81197,1100,1100,100
2026-08-27T09:31:27Z,81198,101000,101000,70
2026-08-27T09:31:27Z,81200,1200,1200,149
2026-08-27T09:31:27Z,81201,500000,2000000,157
2026-08-27T09:31:27Z,81202,400,7900400,137
2026-08-27T09:31:27Z,81203,10000,10000,66
2026-08-27T09:31:27Z,81204,100000,49000800,30
2026-08-27T09:31:27Z,81205,150000,250000,143
2026-08-27T09:31:27Z,81400,1900,1900,66
2026-08-27T09:31:27Z,81401,7900,7900,81
2026-08-27T09:31:27Z,81402,19400,19400,140
2026-08-27T09:31:27Z,81403,10000,20000,142
2026-08-27T09:31:27Z,81404,8000,8600,50
2026-08-27T09:31:27Z,81405,1300,1300,142
2026-08-27T09:31:27Z,81406,1300,1300,145
2026-08-27T09:31:27Z,81407,6200,6500,40
2026-08-27T09:31:27Z,81408,9000,9000,41
2026-08-27T09:31:27Z,81409,1300,1500,236
2026-08-27T09:31:27Z,81410,1500,1500,46
2026-08-27T09:31:27Z,81411,4900,149800,461
2026-08-27T09:31:27Z,81412,1400,1400,218
2026-08-27T09:31:27Z,81413,1300,1400,345
2026-08-27T09:31:27Z,81414,1300,1300,306
2026-08-27T09:31:27Z,81415,6800,6800,141
2026-08-27T09:31:27Z,81889,30000,30000,44
2026-08-27T09:31:27Z,81916,58300,58300,29
2026-08-27T09:31:27Z,81917,30000,30000,50
2026-08-27T09:31:27Z,81918,10100,10100,78
2026-08-27T09:31:27Z,81919,27700,27700,120
2026-08-27T09:31:27Z,81920,301000,301000,50
2026-08-27T09:31:27Z,81921,346600,346600,199
2026-08-27T09:31:27Z,81922,440000,440000,204
2026-08-27T09:31:27Z,81923,40200,40200,132
2026-08-27T09:31:27Z,81924,9846500,9846500,95
2026-08-27T09:31:27Z,81956,1500000200,1500000200,1
2026-08-27T09:31:27Z,82300,9900,9900,84
2026-08-27T09:31:27Z,82328,1500,1500,51
2026-08-27T09:31:27Z,82330,150200,150200,35
2026-08-27T09:31:27Z,82343,91200,91200,38
2026-08-27T09:31:27Z,82344,17900,17900,47
2026-08-27T09:31:27Z,82345,1500007600,1500007600,1
2026-08-27T09:31:27Z,82392,2500,4600,2339
2026-08-27T09:31:27Z,82441,9900,10400,10133
2026-08-27T09:31:27Z,82442,35600,45600,90
2026-08-27T09:31:27Z,82443,44100,44100,99
2026-08-27T09:31:27Z,82444,3914400,3914400,145
2026-08-27T09:31:27Z,82445,255000,3870800,274
2026-08-27T09:31:27Z,82448,39700,39700,74
2026-08-27T09:31:27Z,82449,50000,50000,39
2026-08-27T09:31:27Z,82450,29800,29800,184
2026-08-27T09:31:27Z,82451,34400,34400,63
2026-08-27T09:31:27Z,82960,69800,70000,157
2026-08-27T09:31:27Z,83006,599800,599900,135
2026-08-27T09:31:27Z,83007,681200,860000,57
2026-08-27T09:31:27Z,83064,18700,100000,16695
2026-08-27T09:31:27Z,83065,221300,49001300,21
2026-08-27T09:31:27Z,83092,219007000,219007000,14
2026-08-27T09:31:27Z,83094,339700,339700,227
2026-08-27T09:31:27Z,83095,330000,338600,24
2026-08-27T09:31:27Z,83096,250007600,250007600,1
2026-08-27T09:31:27Z,83097,9300,2009400,40
2026-08-27T09:31:27Z,83107,1500000200,1500000200,1
2026-08-27T09:31:27Z,83120,290003000,290003000,1
2026-08-27T09:31:27Z,83156,700,700,252
2026-08-27T09:31:27Z,83157,600,600,39
2026-08-27T09:31:27Z,83763,1892900,1893300,405
2026-08-27T09:31:27Z,83764,2992600,2992600,95
2026-08-27T09:31:27Z,83765,2903500,2903500,86
2026-08-27T09:31:27Z,84652,1500000200,1500000200,1
2026-08-27T09:31:27Z,85221,561500,561500,260
2026-08-27T09:31:27Z,85501,7900,7900,143
2026-08-27T09:31:27Z,85504,19900,9902400,21
2026-08-27T09:31:27Z,85506,3400,33400,2668
2026-08-27T09:31:27Z,85559,22100,22100,70
2026-08-27T09:31:27Z,85568,65000,95600,79
2026-08-27T09:31:27Z,85569,50000,50000,97
2026-08-27T09:31:27Z,85570,225400,225400,132
2026-08-27T09:31:27Z,85583,39000,39000,2215
2026-08-27T09:31:27Z,85584,15000,15000,907
2026-08-27T09:31:27Z,85585,9000,9000,2690
2026-08-27T09:31:27Z,85683,1500000200,1500000200,8
2026-08-27T09:31:27Z,85684,250007600,250007600,1
2026-08-27T09:31:27Z,85685,1500007600,1500007600,1
2026-08-27T09:31:27Z,85687,1500007600,1500007600,1
2026-08-27T09:31:27Z,85689,1500007600,1500007600,1
2026-08-27T09:31:27Z,85691,250000200,250000200,1
2026-08-27T09:31:27Z,85692,1500007600,1500007600,1
2026-08-27T09:31:27Z,85695,1500000200,1500000200,1
2026-08-27T09:31:27Z,85696,1500000200,1500000200,1
2026-08-27T09:31:27Z,85697,250007600,250007600,1
2026-08-27T09:31:27Z,85698,250007600,250007600,1
2026-08-27T09:31:27Z,85699,1500000200,1500000200,7
2026-08-27T09:31:27Z,85700,1500000200,1500000200,2
2026-08-27T09:31:27Z,86026,789200,789200,911
2026-08-27T09:31:27Z,86057,25500,25500,234
2026-08-27T09:31:27Z,86069,64500,64500,204
2026-08-27T09:31:27Z,86070,1067200,1067200,241
2026-08-27T09:31:27Z,86073,160000,160000,193
2026-08-27T09:31:27Z,86074,259100,259100,246
2026-08-27T09:31:27Z,86432,120000,120000,73
2026-08-27T09:31:27Z,86541,1500000200,1500000200,7
2026-08-27T09:31:27Z,86574,100000000,100000000,3
2026-08-27T09:31:27Z,86592,9005600,12345600,65
2026-08-27T09:31:27Z,86597,1000000,1000000,78
2026-08-27T09:31:27Z,86599,2573200,2573600,25
2026-08-27T09:31:27Z,87226,5400,5400,625
2026-08-27T09:31:27Z,87228,9975600,9975600,106
2026-08-27T09:31:27Z,87230,67400,67500,524
2026-08-27T09:31:27Z,87232,394800,394800,252
2026-08-27T09:31:27Z,87234,4700,4800,690
2026-08-27T09:31:27Z,87236,138500,138500,105
2026-08-27T09:31:27Z,87238,86200,88200,760
2026-08-27T09:31:27Z,87240,2808300,2808300,86
2026-08-27T09:31:27Z,87242,48800,50000,654
2026-08-27T09:31:27Z,87244,1200000,9791100,141
2026-08-27T09:31:27Z,87246,29700,32500,644
2026-08-27T09:31:27Z,87248,59200,59300,119
2026-08-27T09:31:27Z,87264,30000000,30000000,58
2026-08-27T09:31:27Z,87276,1500000200,1500000200,1
2026-08-27T09:31:27Z,87277,32200,32600,240
2026-08-27T09:31:27Z,87278,1500007600,1500007600,1
2026-08-27T09:31:27Z,87279,1500007600,1500007600,1
2026-08-27T09:31:27Z,87392,392700,402600,469
2026-08-27T09:31:27Z,87393,1500000200,1500000200,1
2026-08-27T09:31:27Z,87530,250000,250000,29
2026-08-27T09:31:27Z,87559,835100,860000,51
2026-08-27T09:31:27Z,87560,130000,137500,127
2026-08-27T09:31:27Z,87577,50200,50200,47
2026-08-27T09:31:27Z,87578,65600,65600,49
2026-08-27T09:31:27Z,87579,61100,61100,45
2026-08-27T09:31:27Z,87580,299900,299900,42
2026-08-27T09:31:27Z,87647,82400,82400,128
2026-08-27T09:31:27Z,87648,82400,82400,141
2026-08-27T09:31:27Z,87764,28700,28800,526
2026-08-27T09:31:27Z,87806,259500,259500,79
2026-08-27T09:31:27Z,87831,3500000000,3500000000,1
2026-08-27T09:31:27Z,87872,109600,109600,5296
2026-08-27T09:31:27Z,87880,1500000200,1500000200,2
2026-08-27T09:31:27Z,87881,362700,362700,282
2026-08-27T09:31:27Z,87882,5550200,5550200,3
2026-08-27T09:31:27Z,87883,152600,152600,191
2026-08-27T09:31:27Z,87884,1500000200,1500000200,1
2026-08-27T09:31:27Z,87885,90600,90600,1493
2026-08-27T09:31:27Z,87887,1500000200,1500000200,1
2026-08-27T09:31:27Z,87888,109800,158500,141
2026-08-27T09:31:27Z,87889,250000200,250000200,1
2026-08-27T09:31:27Z,87890,1500000200,1500000200,1
2026-08-27T09:31:27Z,87891,1500001400,1500001400,2
2026-08-27T09:31:27Z,87892,1500007600,1500007600,1
2026-08-27T09:31:27Z,87893,1500000200,1500000200,1
2026-08-27T09:31:27Z,87894,1500000200,1500000200,1
2026-08-27T09:31:27Z,87895,1500000200,1500000200,1
2026-08-27T09:31:27Z,87896,1500007600,1500007600,1
2026-08-27T09:31:27Z,87897,1500000200,1500000200,3
2026-08-27T09:31:27Z,87898,1500007600,1500007600,1
2026-08-27T09:31:27Z,87899,1500000200,1500000200,2
2026-08-27T09:31:27Z,87900,1500000200,1500000200,2
2026-08-27T09:31:27Z,87901,1500000200,1500000200,1
2026-08-27T09:31:27Z,87902,250000200,250000200,1
2026-08-27T09:31:27Z,88151,290008800,290008800,1
2026-08-27T09:31:27Z,88152,450005100,450005100,1
2026-08-27T09:31:27Z,88153,290003800,290003800,1
2026-08-27T09:31:27Z,88154,290003800,290003800,1
2026-08-27T09:31:27Z,88155,158800,158800,27
2026-08-27T09:31:27Z,88156,290000000,290000000,1
2026-08-27T09:31:27Z,88157,290005100,290005100,1
2026-08-27T09:31:27Z,88158,290005100,290005100,1
2026-08-27T09:31:27Z,88159,290008800,290008800,1
2026-08-27T09:31:27Z,88162,248800,248800,4
2026-08-27T09:31:27Z,88163,290007600,290007600,1
2026-08-27T09:31:27Z,88164,2225100,2225100,2
2026-08-27T09:31:27Z,88487,110000,110000,55
2026-08-27T09:31:27Z,88490,19780200,19780200,15
2026-08-27T09:31:27Z,88491,129900,129900,266
2026-08-27T09:31:27Z,88492,39996200,39996200,5
2026-08-27T09:31:27Z,88493,19800,19900,848
2026-08-27T09:31:27Z,88529,65000000,65000000,3
2026-08-27T09:31:27Z,88530,9800000,9800000,20
2026-08-27T09:31:27Z,88532,2000,2000,45
2026-08-27T09:31:27Z,89112,103900,114000,56642
2026-08-27T09:31:27Z,89326,89900,990000,219
2026-08-27T09:31:27Z,89328,90000,990000,203
2026-08-27T09:31:27Z,89329,1500,1500,245
2026-08-27T09:31:27Z,89512,150300,150300,26
2026-08-27T09:31:27Z,89639,44400,44400,493
2026-08-27T09:31:27Z,89674,19900,19900,54
2026-08-27T09:31:27Z,89675,90700,90700,30
2026-08-27T09:31:27Z,89676,3006700,3006700,14
2026-08-27T09:31:27Z,89678,19600,19600,33
2026-08-27T09:31:27Z,89679,9900000,9900000,20
2026-08-27T09:31:27Z,89680,121700,121800,29
2026-08-27T09:31:27Z,89683,7100,7400,43
2026-08-27T09:31:27Z,89737,31900,9900600,47
2026-08-27T09:31:27Z,89739,205000,255000,28
2026-08-27T09:31:27Z,89747,290000800,290000800,1
2026-08-27T09:31:27Z,89868,142700,152200,270
2026-08-27T09:31:27Z,89888,129400,129400,433
2026-08-27T09:31:27Z,89893,7900,7900,339
2026-08-27T09:31:27Z,90043,1500000,1500000,3
2026-08-27T09:31:27Z,90044,100000000,100000000,3
2026-08-27T09:31:27Z,90046,5176600,5690500,66
2026-08-27T09:31:27Z,90047,409700,409700,7
2026-08-27T09:31:27Z,90057,200000,200000,41
2026-08-27T09:31:27Z,90058,19900,19900,43
2026-08-27T09:31:27Z,90135,9905300,9905300,20
2026-08-27T09:31:27Z,90146,69300,69300,884
2026-08-27T09:31:27Z,90407,9400,14000,2308
2026-08-27T09:31:27Z,90457,9909800,9909800,20
2026-08-27T09:31:27Z,90548,290000100,290000100,3
2026-08-27T09:31:27Z,90551,420000,420000,17
2026-08-27T09:31:27Z,90552,9999900,9999900,3
2026-08-27T09:31:27Z,90553,49008100,49008100,64
2026-08-27T09:31:27Z,90554,35000000,37000000,25
2026-08-27T09:31:27Z,90555,25000000,25000000,38
2026-08-27T09:31:27Z,90556,20000800,20000800,3
2026-08-27T09:31:27Z,90557,990000200,990000200,1
2026-08-27T09:31:27Z,90558,74200000,74200000,5
2026-08-27T09:31:27Z,90561,5991000,5991000,5
2026-08-27T09:31:27Z,90659,9900000,9900000,20
2026-08-27T09:31:27Z,90660,9990000,9990000,27
2026-08-27T09:31:27Z,90715,250000200,250000200,1
2026-08-27T09:31:27Z,92049,198879800,198879800,1
2026-08-27T09:31:27Z,92050,197891400,197891400,2
2026-08-27T09:31:27Z,92051,199890600,199890600,1
2026-08-27T09:31:27Z,92052,250000000,250000000,3
2026-08-27T09:31:27Z,92053,195252500,195252500,2
2026-08-27T09:31:27Z,92054,250004300,250004300,1
2026-08-27T09:31:27Z,92055,199890000,199890000,1
2026-08-27T09:31:27Z,92056,200000100,200000100,1
2026-08-27T09:31:27Z,92057,990100,990100,17
2026-08-27T09:31:27Z,92058,990000,990000,10
2026-08-27T09:31:27Z,92059,488884100,488884100,1
2026-08-27T09:31:27Z,92422,40964800,40964800,2
2026-08-27T09:31:27Z,92427,199788200,199788200,1
2026-08-27T09:31:27Z,92428,999990000,999990000,1
2026-08-27T09:31:27Z,92429,250000000,250000000,1
2026-08-27T09:31:27Z,92430,4440000,4440000,8
2026-08-27T09:31:27Z,92431,999900,999900,26
2026-08-27T09:31:27Z,92432,19784700,19784700,10
2026-08-27T09:31:27Z,92433,199989900,199989900,1
2026-08-27T09:31:27Z,92434,99990100,99990100,3
2026-08-27T09:31:27Z,92435,99990100,99990100,4
2026-08-27T09:31:27Z,92436,199999700,199999700,4
2026-08-27T09:31:27Z,92437,199999900,199999900,1
2026-08-27T09:31:27Z,92438,99999800,99999800,4
2026-08-27T09:31:27Z,92439,199000000,199000000,1
2026-08-27T09:31:27Z,92442,200000100,200000100,18
2026-08-27T09:31:27Z,92443,199000000,199000000,1
2026-08-27T09:31:27Z,92525,198968700,198968700,1
2026-08-27T09:31:27Z,92526,990000100,990000100,1
2026-08-27T09:31:27Z,92528,999990000,999990000,1
2026-08-27T09:31:27Z,92530,999990000,999990000,1
2026-08-27T09:31:27Z,92532,279999900,279999900,2
2026-08-27T09:31:27Z,92550,120000100,120000100,2
2026-08-27T09:31:27Z,92663,250000000,250000000,1
2026-08-27T09:31:27Z,92664,349994100,349994100,1
2026-08-27T09:31:27Z,92741,70000000,84999800,525
2026-08-27T09:31:27Z,93202,250000200,250000200,1
2026-08-27T09:31:27Z,93208,802900,802900,45
2026-08-27T09:31:27Z,93351,161900,161900,136
2026-08-27T09:31:27Z,93705,119900,120000,46
2026-08-27T09:31:27Z,93706,24000,24000,34
2026-08-27T09:31:27Z,93707,3503100,8135700,24
2026-08-27T09:31:27Z,93970,49008600,49008600,23
2026-08-27T09:31:27Z,94288,12700,17800,412352
2026-08-27T09:31:27Z,94289,118800,134900,1009
2026-08-27T09:31:27Z,94535,129700,129700,130
2026-08-27T09:31:27Z,94536,4991400,4991400,40
2026-08-27T09:31:27Z,94645,3900300,3900300,240
2026-08-27T09:31:27Z,95373,4491000,4991000,3516
2026-08-27T09:31:27Z,95481,20000,20000,30
2026-08-27T09:31:27Z,95482,100000,100000,50
2026-08-27T09:31:27Z,97161,49000500,49000500,20
2026-08-27T09:31:27Z,97512,8000,8000,1812
2026-08-27T09:31:27Z,97546,48000,890000,505
2026-08-27T09:31:27Z,97619,178500,178500,1961
2026-08-27T09:31:27Z,97620,29500,29700,497
2026-08-27T09:31:27Z,97621,19900,24800,419
2026-08-27T09:31:27Z,97622,19900,34500,612
2026-08-27T09:31:27Z,97623,28800,490000,881
2026-08-27T09:31:27Z,97624,67500,890000,370
2026-08-27T09:31:27Z,98111,8900,8900,26
2026-08-27T09:31:27Z,98116,24800,24800,24
2026-08-27T09:31:27Z,98117,198998900,198998900,1
2026-08-27T09:31:27Z,98118,21600,21800,31
2026-08-27T09:31:27Z,100734,290005100,290005100,3
2026-08-27T09:31:27Z,100735,99995100,99995100,4
2026-08-27T09:31:27Z,100738,4567800,4567800,4
2026-08-27T09:31:27Z,100739,495800,495800,185
2026-08-27T09:31:27Z,101630,1300000,1300000,38
2026-08-27T09:31:27Z,101661,1508000,1508000,42
2026-08-27T09:31:27Z,101662,1748800,1748800,385
2026-08-27T09:31:27Z,101745,25001800,25001800,8
2026-08-27T09:31:27Z,101746,9996800,9996800,24
2026-08-27T09:31:27Z,101747,19992200,19992200,10
2026-08-27T09:31:27Z,101748,49990000,49990000,4
2026-08-27T09:31:27Z,101749,9990400,9990400,21
2026-08-27T09:31:27Z,101750,19990000,19990000,10
2026-08-27T09:31:27Z,102218,509900,700000,3065
2026-08-27T09:31:27Z,102351,333300,333300,181
2026-08-27T09:31:27Z,102541,7800,7800,1086
2026-08-27T09:31:27Z,102542,7500,7500,2805
2026-08-27T09:31:27Z,102543,7800,7800,863
2026-08-27T09:31:27Z,103786,32400,32400,49
2026-08-27T09:31:27Z,103789,1488800,1488800,58
2026-08-27T09:31:27Z,103795,1500000,1500000,33
2026-08-27T09:31:27Z,103797,49900,49900,52
2026-08-27T09:31:27Z,104046,1500000200,1500000200,2
2026-08-27T09:31:27Z,104048,1500000200,1500000200,1
2026-08-27T09:31:27Z,104049,1500007600,1500007600,1
2026-08-27T09:31:27Z,104053,250007600,250007600,1
2026-08-27T09:31:27Z,104055,1500007600,1500007600,1
2026-08-27T09:31:27Z,104099,257500,282500,220
2026-08-27T09:31:27Z,104102,1500000200,1500000200,1
2026-08-27T09:31:27Z,104104,999900,999900,140
2026-08-27T09:31:27Z,104105,149400,149400,406
2026-08-27T09:31:27Z,104108,48200,49900,565
2026-08-27T09:31:27Z,104109,1500000200,1500000200,1
2026-08-27T09:31:27Z,104120,109900,109900,251
2026-08-27T09:31:27Z,104122,59900,59900,201
2026-08-27T09:31:27Z,104126,400000,400000,255
2026-08-27T09:31:27Z,104127,224300,257700,106
2026-08-27T09:31:27Z,104128,1500000200,1500000200,1
2026-08-27T09:31:27Z,104130,1500000200,1500000200,1
2026-08-27T09:31:27Z,104131,1500000200,1500000200,1
2026-08-27T09:31:27Z,104133,1500000200,1500000200,1
2026-08-27T09:31:27Z,104134,1500000200,1500000200,1
2026-08-27T09:31:27Z,104135,250000200,250000200,1
2026-08-27T09:31:27Z,104136,250000200,250000200,1
2026-08-27T09:31:27Z,104137,1500000200,1500000200,1
2026-08-27T09:31:27Z,104138,121900,122100,352
2026-08-27T09:31:27Z,104196,1494899900,1494899900,1
2026-08-27T09:31:27Z,104270,1500000200,1500000200,1
2026-08-27T09:31:27Z,104276,1500000200,1500000200,1
2026-08-27T09:31:27Z,104314,21500,21900,24
2026-08-27T09:31:27Z,104316,1699800,1699800,4273
2026-08-27T09:31:27Z,104339,49900,49900,24
2026-08-27T09:31:27Z,104340,9969700,9969700,20
2026-08-27T09:31:27Z,104341,71900,71900,61
2026-08-27T09:31:27Z,104342,42900,42900,7
2026-08-27T09:31:27Z,104343,40900,40900,77
2026-08-27T09:31:27Z,104344,9864500,9864500,20
2026-08-27T09:31:27Z,104348,9760300,9760300,45
2026-08-27T09:31:27Z,105700,59800,59800,34
2026-08-27T09:31:27Z,105701,350000,9896600,27
2026-08-27T09:31:27Z,105702,9900000,9900000,5
2026-08-27T09:31:27Z,105703,9898900,9898900,247
2026-08-27T09:31:27Z,105704,9900000,9900000,20
2026-08-27T09:31:27Z,105705,9870100,9870100,20
2026-08-27T09:31:27Z,105706,59900,449900,27
2026-08-27T09:31:27Z,105707,9969600,9969600,24
2026-08-27T09:31:27Z,105708,56600,56600,34
2026-08-27T09:31:27Z,105711,9801000,9801000,33
2026-08-27T09:31:27Z,105717,5261000,5261000,5
2026-08-27T09:31:27Z,105718,52100,52200,65
2026-08-27T09:31:27Z,105719,100000,100000,39
2026-08-27T09:31:27Z,105720,59700,59700,19
2026-08-27T09:31:27Z,105721,100000,100000,37
2026-08-27T09:31:27Z,105722,109100,109100,26
2026-08-27T09:31:27Z,105723,100000,100000,43
2026-08-27T09:31:27Z,105724,9901900,9901900,20
2026-08-27T09:31:27Z,106824,10000,10000,35
2026-08-27T09:31:27Z,106825,271200,271200,34
2026-08-27T09:31:27Z,106867,4400,4400,143
2026-08-27T09:31:27Z,106868,499900,499900,26
2026-08-27T09:31:27Z,106870,9300,9300,65
2026-08-27T09:31:27Z,106875,49700,49700,30
2026-08-27T09:31:27Z,106888,33200,33200,66
2026-08-27T09:31:27Z,106889,379500,380000,45
2026-08-27T09:31:27Z,107392,49000000,49000000,20
2026-08-27T09:31:27Z,107393,124500,49004500,23
2026-08-27T09:31:27Z,107461,49006300,49006300,22
2026-08-27T09:31:27Z,107462,49009900,49009900,22
2026-08-27T09:31:27Z,107469,10000,10000,38
2026-08-27T09:31:27Z,107472,26000,26000,30
2026-08-27T09:31:27Z,107476,9500000500,9500000500,1
2026-08-27T09:31:27Z,107517,68000,9904900,107
2026-08-27T09:31:27Z,107518,114000,114000,36
2026-08-27T09:31:27Z,107528,9400,9400,48
2026-08-27T09:31:27Z,107603,28000,29000,26
2026-08-27T09:31:27Z,107640,1999900,2000000,102
2026-08-27T09:31:27Z,107663,290005100,290005100,1
2026-08-27T09:31:27Z,108294,238700,238800,201
2026-08-27T09:31:27Z,108296,268500,268600,400
2026-08-27T09:31:27Z,108297,19900,199900,1364
2026-08-27T09:31:27Z,108298,39700,39700,918
2026-08-27T09:31:27Z,108299,267900,620000,367
2026-08-27T09:31:27Z,108300,170000,170000,2020
2026-08-27T09:31:27Z,108301,48800,48800,2070
2026-08-27T09:31:27Z,108302,20000,20000,954
2026-08-27T09:31:27Z,108304,8500000,9860000,66
2026-08-27T09:31:27Z,108305,98200,128200,1217
2026-08-27T09:31:27Z,108306,97400,490000,718
2026-08-27T09:31:27Z,108307,200000,890000,414
2026-08-27T09:31:27Z,108308,212800,212800,332
2026-08-27T09:31:27Z,108309,4500000,4500000,51
2026-08-27T09:31:27Z,108323,3800,199900,1324
2026-08-27T09:31:27Z,108324,3600,3600,4159
2026-08-27T09:31:27Z,108325,4800,152900,1701
2026-08-27T09:31:27Z,108326,8000,8000,3158
2026-08-27T09:31:27Z,108327,20000,22200,5377
2026-08-27T09:31:27Z,108328,7200,9500,1886
2026-08-27T09:31:27Z,108329,25400,199600,1651
2026-08-27T09:31:27Z,108330,3100,3900,1949
2026-08-27T09:31:27Z,108331,16700,16900,1807
2026-08-27T09:31:27Z,108332,4100,4100,2240
2026-08-27T09:31:27Z,108333,30000,40000,1026
2026-08-27T09:31:27Z,108335,2500,4800,3502
2026-08-27T09:31:27Z,108336,5700,199400,1827
2026-08-27T09:31:27Z,108337,41800,41900,1887
2026-08-27T09:31:27Z,108338,3800,4200,2121
2026-08-27T09:31:27Z,108339,1900,2500,5701
2026-08-27T09:31:27Z,108340,3900,32400,1855
2026-08-27T09:31:27Z,108341,3300,4900,2208
2026-08-27T09:31:27Z,108342,103500,110000,2367
2026-08-27T09:31:27Z,108343,6300,199900,1430
2026-08-27T09:31:27Z,108344,762200,762200,864
2026-08-27T09:31:27Z,108345,150000,150000,310
2026-08-27T09:31:27Z,108346,439900,439900,395
2026-08-27T09:31:27Z,108347,1700000,1700000,297
2026-08-27T09:31:27Z,108348,149600,150000,497
2026-08-27T09:31:27Z,108349,108400,8058400,29
2026-08-27T09:31:27Z,108350,9771300,9771300,31
2026-08-27T09:31:27Z,108351,19895000,19895000,15
2026-08-27T09:31:27Z,108352,89900,890000,463
2026-08-27T09:31:27Z,108353,200000,890000,499
2026-08-27T09:31:27Z,108354,191000,191000,198
2026-08-27T09:31:27Z,108355,481900,890000,295
2026-08-27T09:31:27Z,108356,950000,950000,440
2026-08-27T09:31:27Z,108357,8002200,8002200,31
2026-08-27T09:31:27Z,108359,6330100,6330100,87
2026-08-27T09:31:27Z,108360,832100,832200,450
2026-08-27T09:31:27Z,108361,190000,890000,226
2026-08-27T09:31:27Z,108362,2484900,2484900,33
2026-08-27T09:31:27Z,108363,490000,490000,53
2026-08-27T09:31:27Z,108364,9990000,9990000,40
2026-08-27T09:31:27Z,108365,370000,370000,222
2026-08-27T09:31:27Z,108391,2260000,2267600,119
2026-08-27T09:31:27Z,108439,3319700,3319800,360
2026-08-27T09:31:27Z,108649,3909900,3909900,198
2026-08-27T09:31:27Z,108920,10000,10000,107
2026-08-27T09:31:27Z,108977,4500,4500,283
2026-08-27T09:31:27Z,108978,25700,25700,32
2026-08-27T09:31:27Z,108979,24900,24900,31
2026-08-27T09:31:27Z,108980,20374300,20374300,26
2026-08-27T09:31:27Z,108996,1000,14500,27850
2026-08-27T09:31:27Z,109076,50000,99900,19777
2026-08-27T09:31:27Z,109118,7400,8000,26260
2026-08-27T09:31:27Z,109119,13000,13500,19142
2026-08-27T09:31:27Z,109120,1220000,1220000,9
2026-08-27T09:31:27Z,109122,559900,559900,17
2026-08-27T09:31:27Z,109123,35500,112200,25278
2026-08-27T09:31:27Z,109124,9500,10000,13741
2026-08-27T09:31:27Z,109125,12300,14400,8485
2026-08-27T09:31:27Z,109126,7700,15000,3596
2026-08-27T09:31:27Z,109127,6600,8700,15649
2026-08-27T09:31:27Z,109128,9900,23800,3287
2026-08-27T09:31:27Z,109129,22100,25100,21300
2026-08-27T09:31:27Z,109131,32900,33000,8276
2026-08-27T09:31:27Z,109132,14000,199900,1405
2026-08-27T09:31:27Z,109133,17800,17900,1433
2026-08-27T09:31:27Z,109134,49700,49700,1975
2026-08-27T09:31:27Z,109135,10000,12500,1429
2026-08-27T09:31:27Z,109136,19900,45000,23701
2026-08-27T09:31:27Z,109137,7700,7900,105012
2026-08-27T09:31:27Z,109138,3500,7400,28772
2026-08-27T09:31:27Z,109139,1800,2000,6739
2026-08-27T09:31:27Z,109140,19000,69900,7641
2026-08-27T09:31:27Z,109141,2000,2500,6242
2026-08-27T09:31:27Z,109142,1800,7400,5478
2026-08-27T09:31:27Z,109143,7500,9900,13624
2026-08-27T09:31:27Z,109144,1800,19000,42534
2026-08-27T09:31:27Z,109145,34900,34900,151
2026-08-27T09:31:27Z,109147,59900,59900,181
2026-08-27T09:31:27Z,109148,41000,41000,136
2026-08-27T09:31:27Z,109152,10900,196100,1908
2026-08-27T09:31:27Z,109153,52700,52700,532
2026-08-27T09:31:27Z,109155,79900,79900,322
2026-08-27T09:31:27Z,109156,46000,82500,345
2026-08-27T09:31:27Z,109160,36400,36700,312
2026-08-27T09:31:27Z,109184,800,800,332
2026-08-27T09:31:27Z,109217,12500,14200,622
2026-08-27T09:31:27Z,109218,7500,8200,333
2026-08-27T09:31:27Z,109219,3500,3500,433
2026-08-27T09:31:27Z,109220,9000,10000,97
2026-08-27T09:31:27Z,109221,37500,37500,96
2026-08-27T09:31:27Z,109222,7000,7000,262
2026-08-27T09:31:27Z,109223,3000,4800,620
2026-08-27T09:31:27Z,109226,1500,2400,534
2026-08-27T09:31:27Z,109584,3331400,3400000,146
2026-08-27T09:31:27Z,109585,198500,199600,5022
2026-08-27T09:31:27Z,109599,1999100,1999900,94
2026-08-27T09:31:27Z,109624,4300,6600,1458
2026-08-27T09:31:27Z,109625,70000,490000,821
2026-08-27T09:31:27Z,109626,15900,30000,658
2026-08-27T09:31:27Z,109627,8700,199900,1398
2026-08-27T09:31:27Z,109628,198000,247500,1288
2026-08-27T09:31:27Z,109629,150200,150300,1137
2026-08-27T09:31:27Z,109693,8100,10000,75020
2026-08-27T09:31:27Z,109991,9900,9900,1532
2026-08-27T09:31:27Z,109992,10000,10000,2121
2026-08-27T09:31:27Z,110609,17000,19600,90565
2026-08-27T09:31:27Z,110610,2000,2200,7173
2026-08-27T09:31:27Z,110617,249800,249900,60
2026-08-27T09:31:27Z,110618,499800,499800,64
2026-08-27T09:31:27Z,110619,499500,499700,77
2026-08-27T09:31:27Z,110620,162451400,162451400,5
2026-08-27T09:31:27Z,110621,258700,258700,64
2026-08-27T09:31:27Z,110624,499900,499900,50
2026-08-27T09:31:27Z,110625,499900,499900,50
2026-08-27T09:31:27Z,110626,499800,499900,142
2026-08-27T09:31:27Z,110627,128991600,128991600,5
2026-08-27T09:31:27Z,110628,309900,499900,139
2026-08-27T09:31:27Z,110631,209800,209900,59
2026-08-27T09:31:27Z,110632,217500,217600,54
2026-08-27T09:31:27Z,110633,499800,499900,57
2026-08-27T09:31:27Z,110634,141342100,141342100,6
2026-08-27T09:31:27Z,110635,279900,279900,65
2026-08-27T09:31:27Z,110638,384300,389600,142
2026-08-27T09:31:27Z,110639,381400,400000,113
2026-08-27T09:31:27Z,110640,373200,375400,117
2026-08-27T09:31:27Z,110641,45001000,45001000,2
2026-08-27T09:31:27Z,110642,391100,400000,123
2026-08-27T09:31:27Z,110645,390300,400000,108
2026-08-27T09:31:27Z,110646,394300,450000,183
2026-08-27T09:31:27Z,110647,391000,400000,97
2026-08-27T09:31:27Z,110648,1508286300,1508286300,1
2026-08-27T09:31:27Z,110649,391400,400000,152
2026-08-27T09:31:27Z,110652,391500,450000,191
2026-08-27T09:31:27Z,110653,585400,604300,92
2026-08-27T09:31:27Z,110654,380400,400000,118
2026-08-27T09:31:27Z,110655,86394900,86394900,8
2026-08-27T09:31:27Z,110656,380300,400000,138
2026-08-27T09:31:27Z,110682,1705900,1705900,53
2026-08-27T09:31:27Z,110807,1500000200,1500000200,1
2026-08-27T09:31:27Z,110809,1500000200,1500000200,1
2026-08-27T09:31:27Z,110810,1500000200,1500000200,1
2026-08-27T09:31:27Z,110818,1500000200,1500000200,1
2026-08-27T09:31:27Z,110828,1500000200,1500000200,1
2026-08-27T09:31:27Z,110829,1500000200,1500000200,1
2026-08-27T09:31:27Z,110837,1500000200,1500000200,1
2026-08-27T09:31:27Z,110847,1500000200,1500000200,1
2026-08-27T09:31:27Z,110850,49000200,49000200,20
2026-08-27T09:31:27Z,110857,1500000200,1500000200,1
2026-08-27T09:31:27Z,110873,1500000200,1500000200,1
2026-08-27T09:31:27Z,110875,1500000200,1500000200,1
2026-08-27T09:31:27Z,111245,224000,224000,6459
2026-08-27T09:31:27Z,111431,90000,90000,101
2026-08-27T09:31:27Z,111433,21400,21400,2433
2026-08-27T09:31:27Z,111434,42300,42300,710
2026-08-27T09:31:27Z,111436,32200,32200,802
2026-08-27T09:31:27Z,111437,154000,154000,207
2026-08-27T09:31:27Z,111438,97400,97500,648
2026-08-27T09:31:27Z,111439,10000,19600,119
2026-08-27T09:31:27Z,111441,19600,19600,2568
2026-08-27T09:31:27Z,111442,99900,99900,232
2026-08-27T09:31:27Z,111444,53600,53600,341
2026-08-27T09:31:27Z,111445,38000,38000,1490
2026-08-27T09:31:27Z,111446,34300,34500,738
2026-08-27T09:31:27Z,111447,54500,54500,90
2026-08-27T09:31:27Z,111449,54900,64900,5256
2026-08-27T09:31:27Z,111450,33000,34000,192
2026-08-27T09:31:27Z,111452,12500,12800,1001
2026-08-27T09:31:27Z,111453,35000,35000,435
2026-08-27T09:31:27Z,111454,4900,4900,371
2026-08-27T09:31:27Z,111455,9200,9500,1472
2026-08-27T09:31:27Z,111456,1300,1300,893
2026-08-27T09:31:27Z,111457,9900,9900,194
2026-08-27T09:31:27Z,111458,3500,3500,167
2026-08-27T09:31:27Z,111522,4000,4500,86
2026-08-27T09:31:27Z,111557,11900,14500,29538
2026-08-27T09:31:27Z,111589,5300,5400,2723
2026-08-27T09:31:27Z,111595,10800,11900,2355
2026-08-27T09:31:27Z,111601,30900,31800,8560
2026-08-27T09:31:27Z,111603,4900,4900,1349
2026-08-27T09:31:27Z,111650,39500,490000,894
2026-08-27T09:31:27Z,111651,8700,199900,1414
2026-08-27T09:31:27Z,111652,3300,3900,2063
2026-08-27T09:31:27Z,111656,1200,1300,2822
2026-08-27T09:31:27Z,111658,1200,199900,1515
2026-08-27T09:31:27Z,111659,29700,490000,1026
2026-08-27T09:31:27Z,111662,900,199900,1253
2026-08-27T09:31:27Z,111663,600,900,2152
2026-08-27T09:31:27Z,111664,14800,14900,2395
2026-08-27T09:31:27Z,111665,3200,4500,2936
2026-08-27T09:31:27Z,111666,3200,7700,2386
2026-08-27T09:31:27Z,111667,2500,3100,1805
2026-08-27T09:31:27Z,111668,6100,7200,1682
2026-08-27T09:31:27Z,111669,2000,4400,1482
2026-08-27T09:31:27Z,111670,900,1000,3237
2026-08-27T09:31:27Z,111671,9900,13900,2968
2026-08-27T09:31:27Z,111672,4900,6000,1729
2026-08-27T09:31:27Z,111673,5000,7000,3340
2026-08-27T09:31:27Z,111674,7000,7400,6698
2026-08-27T09:31:27Z,111675,19500,22900,4349
2026-08-27T09:31:27Z,111676,2100,5000,2779
2026-08-27T09:31:27Z,112090,149800,149800,3110
2026-08-27T09:31:27Z,112093,36700,73400,168
2026-08-27T09:31:27Z,112095,14500000,14500000,9
2026-08-27T09:31:27Z,112111,220100,220100,24
2026-08-27T09:31:27Z,112115,784000,784000,74
2026-08-27T09:31:27Z,112155,3489300,3489300,17
2026-08-27T09:31:27Z,112156,340000,350000,88
2026-08-27T09:31:27Z,112157,59900,59900,514
2026-08-27T09:31:27Z,112158,57000,59700,933
2026-08-27T09:31:27Z,112160,530800,530800,73
2026-08-27T09:31:27Z,112164,2306700,2306700,110
2026-08-27T09:31:27Z,112165,2238400,2238400,91
2026-08-27T09:31:27Z,112177,99400,99400,309
2026-08-27T09:31:27Z,112179,1000000,1000000,31
2026-08-27T09:31:27Z,112180,5330000,5330000,40
2026-08-27T09:31:27Z,112181,8000000,8000000,49
2026-08-27T09:31:27Z,112182,890000,890000,240
2026-08-27T09:31:27Z,112183,140203800,140203800,8
2026-08-27T09:31:27Z,112184,43578000,43578000,13
2026-08-27T09:31:27Z,112185,4728500,4728500,53
2026-08-27T09:31:27Z,112271,548800,550000,37
2026-08-27T09:31:27Z,112272,149600,149600,38
2026-08-27T09:31:27Z,112273,404800,404800,18
2026-08-27T09:31:27Z,112274,550000,550000,12
2026-08-27T09:31:27Z,112275,549900,39550000,26
2026-08-27T09:31:27Z,112276,78000,78800,31
2026-08-27T09:31:27Z,112277,348500,39690000,29
2026-08-27T09:31:27Z,112278,328800,9990000,29
2026-08-27T09:31:27Z,112279,50000,39909800,27
2026-08-27T09:31:27Z,112280,40000,39800000,17
2026-08-27T09:31:27Z,112281,474300,479000,13
2026-08-27T09:31:27Z,112282,800000,800000,20
2026-08-27T09:31:27Z,112283,60000,60000,12
2026-08-27T09:31:27Z,112284,3000000,39300000,29
2026-08-27T09:31:27Z,112285,39900000,39900000,26
2026-08-27T09:31:27Z,112286,107600,107600,22
2026-08-27T09:31:27Z,112287,159000,300500,27
2026-08-27T09:31:27Z,112288,100000,749100,30
2026-08-27T09:31:27Z,112289,210400,39850000,27
2026-08-27T09:31:27Z,112290,47000,47000,21
2026-08-27T09:31:27Z,112291,92100,92100,28
2026-08-27T09:31:27Z,112292,182600,184400,23
2026-08-27T09:31:27Z,112293,102500,103500,22
2026-08-27T09:31:27Z,112294,138600,138600,22
2026-08-27T09:31:27Z,112295,183400,185200,18
2026-08-27T09:31:27Z,112296,135200,136500,22
2026-08-27T09:31:27Z,112297,55500,56000,36
2026-08-27T09:31:27Z,112298,210000,210000,20
2026-08-27T09:31:27Z,112299,107600,108600,26
2026-08-27T09:31:27Z,112300,872300,872300,28
2026-08-27T09:31:27Z,112301,24250000,24250000,43
2026-08-27T09:31:27Z,112302,112000,113100,24
2026-08-27T09:31:27Z,112321,14900,14900,1429
2026-08-27T09:31:27Z,112449,100,200,959
2026-08-27T09:31:27Z,112463,1400,1400,357
2026-08-27T09:31:27Z,112684,5000,5000,80
2026-08-27T09:31:27Z,113108,441000,441000,61
2026-08-27T09:31:27Z,113111,7000,10000,7513
2026-08-27T09:31:27Z,113135,39952800,39952800,4
2026-08-27T09:31:27Z,113139,80009400,80009500,7
2026-08-27T09:31:27Z,113140,67687500,67687500,6
2026-08-27T09:31:27Z,113142,80000000,80000000,6
2026-08-27T09:31:27Z,113261,1300,2300,40473
2026-08-27T09:31:27Z,113262,500,9000,44622
2026-08-27T09:31:27Z,113263,24000,30000,11429
2026-08-27T09:31:27Z,113264,500,9400,70575
2026-08-27T09:31:27Z,113273,400000,400000,16
2026-08-27T09:31:27Z,113274,9000000,9999000,22
2026-08-27T09:31:27Z,113275,10000000,10000000,14
2026-08-27T09:31:27Z,113276,26730000,26730000,10
2026-08-27T09:31:27Z,113277,4651800,4651800,28
2026-08-27T09:31:27Z,113278,9000000,9998200,25
2026-08-27T09:31:27Z,113289,9300,9300,484
2026-08-27T09:31:27Z,113290,229600,229600,190
2026-08-27T09:31:27Z,113355,17000,17000,556561
2026-08-27T09:31:27Z,113530,73400,73400,93
2026-08-27T09:31:27Z,113574,800,800,33
2026-08-27T09:31:27Z,113576,27500,29900,42
2026-08-27T09:31:27Z,113585,1700,1700,396
2026-08-27T09:31:27Z,113588,111100,126300,33675
2026-08-27T09:31:27Z,113909,290001500,290001500,1
2026-08-27T09:31:27Z,113911,290001500,290001500,1
2026-08-27T09:31:27Z,113912,290001500,290001500,1
2026-08-27T09:31:27Z,113992,79600,79600,178
2026-08-27T09:31:27Z,114001,20000,20000,24
2026-08-27T09:31:27Z,114004,50000,80000,28
2026-08-27T09:31:27Z,114008,699900,699900,24
2026-08-27T09:31:27Z,114013,99900,99900,26
2026-08-27T09:31:27Z,114015,9100,19100,169
2026-08-27T09:31:27Z,114016,24800,24800,70
2026-08-27T09:31:27Z,114017,1400,1400,126
2026-08-27T09:31:27Z,114056,5000,5000,2189
2026-08-27T09:31:27Z,114836,100000,120000,2776
2026-08-27T09:31:27Z,114931,37200,37900,23806
2026-08-27T09:31:27Z,115012,1985300,1985300,28
2026-08-27T09:31:27Z,115351,39900,39900,67
2026-08-27T09:31:27Z,115352,50000,50000,173
2026-08-27T09:31:27Z,115353,5000,5000,46
2026-08-27T09:31:27Z,115354,124900,124900,44
2026-08-27T09:31:27Z,115355,46900,46900,61
2026-08-27T09:31:27Z,115464,4998800,4998800,3
2026-08-27T09:31:27Z,115470,9992700,9992700,105
2026-08-27T09:31:27Z,115502,165900,297100,1562
2026-08-27T09:31:27Z,115504,10400,12200,13857
2026-08-27T09:31:27Z,115511,9990000,9990000,29
2026-08-27T09:31:27Z,115512,10000000,10000000,2
2026-08-27T09:31:27Z,115526,123300,150000,261
2026-08-27T09:31:27Z,115803,120000,120000,39
2026-08-27T09:31:27Z,115804,120800,120900,137
2026-08-27T09:31:27Z,115805,509600,509700,228
2026-08-27T09:31:27Z,115806,870000,870000,62
2026-08-27T09:31:27Z,115807,13800,13900,121
2026-08-27T09:31:27Z,115808,112200,112200,109
2026-08-27T09:31:27Z,115809,2440300,3499800,14
2026-08-27T09:31:27Z,115811,5060200,5060200,99
2026-08-27T09:31:27Z,115812,1980700,1980700,46
2026-08-27T09:31:27Z,115813,39991100,39991100,7
2026-08-27T09:31:27Z,115814,2660500,5312600,40
2026-08-27T09:31:27Z,115815,2440300,5414600,35
2026-08-27T09:31:27Z,116119,200,200,39
2026-08-27T09:31:27Z,116147,280000,280000,206
2026-08-27T09:31:27Z,116148,139900,139900,282
2026-08-27T09:31:27Z,116149,149300,149400,27
2026-08-27T09:31:27Z,116170,3100,890000,270
2026-08-27T09:31:27Z,116172,9900000,9900000,40
2026-08-27T09:31:27Z,116266,9900,9900,1372
2026-08-27T09:31:27Z,116268,27300,27400,381
2026-08-27T09:31:27Z,116271,59900,70000,6615
2026-08-27T09:31:27Z,116276,12000,12300,338
2026-08-27T09:31:27Z,116392,29253500,29253500,12
2026-08-27T09:31:27Z,116405,72500,149800,410
2026-08-27T09:31:27Z,116406,9990000,9990000,39
2026-08-27T09:31:27Z,116407,439900,439900,172
2026-08-27T09:31:27Z,116408,94600,94600,71
2026-08-27T09:31:27Z,116409,1500000,1500000,62
2026-08-27T09:31:27Z,116428,59600,59600,170
2026-08-27T09:31:27Z,116654,10000,10000,255
2026-08-27T09:31:27Z,116810,60500,60500,107
2026-08-27T09:31:27Z,116811,92900,93900,137
2026-08-27T09:31:27Z,116812,89990000,89990000,45
2026-08-27T09:31:27Z,116923,10600,9900600,113
2026-08-27T09:31:27Z,116979,1400,1400,1142
2026-08-27T09:31:27Z,116981,2800,2800,3514
2026-08-27T09:31:27Z,117415,20008000,20008000,13
2026-08-27T09:31:27Z,117437,99800,99900,142
2026-08-27T09:31:27Z,117439,10000,10000,89
2026-08-27T09:31:27Z,117440,556000,556000,354
2026-08-27T09:31:27Z,117441,452200,452200,187
2026-08-27T09:31:27Z,117442,9900,9900,90
2026-08-27T09:31:27Z,117452,5000,5000,835
2026-08-27T09:31:27Z,117453,10700,10700,143
2026-08-27T09:31:27Z,117454,9900,9900,937
2026-08-27T09:31:27Z,117457,9781200,9781200,20
2026-08-27T09:31:27Z,117469,50000,50000,35
2026-08-27T09:31:27Z,117470,40000,40000,4
2026-08-27T09:31:27Z,117471,9940000,9940000,20
2026-08-27T09:31:27Z,117472,49900,49900,29
2026-08-27T09:31:27Z,117473,20000,20000,44
2026-08-27T09:31:27Z,117474,30000,30000,46
2026-08-27T09:31:27Z,117475,9890000,9890000,19
2026-08-27T09:31:27Z,117568,40100,40100,175
2026-08-27T09:31:27Z,118006,1300,1300,351
2026-08-27T09:31:27Z,118007,8600,14100,590
2026-08-27T09:31:27Z,118008,1500000,1500000,15
2026-08-27T09:31:27Z,118015,1508700,1508700,70
2026-08-27T09:31:27Z,118061,51500,52300,1068
2026-08-27T09:31:27Z,118063,1500001600,1500001600,1
2026-08-27T09:31:27Z,118067,290000100,290000100,1
2026-08-27T09:31:27Z,118225,1300,1300,1789
2026-08-27T09:31:27Z,118280,1300,1300,26
2026-08-27T09:31:27Z,118391,4600,35900,258
2026-08-27T09:31:27Z,118392,152100,49002100,21
2026-08-27T09:31:27Z,118414,425600,425600,5635
2026-08-27T09:31:27Z,118415,396000,396000,120
2026-08-27T09:31:27Z,118416,3701900,3701900,30
2026-08-27T09:31:27Z,118428,8800,8800,54
2026-08-27T09:31:27Z,118472,260000,359100,5276
2026-08-27T09:31:27Z,118565,8499000,39659400,14
2026-08-27T09:31:27Z,118576,10800,10800,281
2026-08-27T09:31:27Z,118592,9946600,9996500,24
2026-08-27T09:31:27Z,118630,97100,98500,62
2026-08-27T09:31:27Z,118631,49900,49900,276
2026-08-27T09:31:27Z,118632,54800,54800,88
2026-08-27T09:31:27Z,118681,49003300,49003300,23
2026-08-27T09:31:27Z,118704,79700,79700,451
2026-08-27T09:31:27Z,118711,95500,95500,11203
2026-08-27T09:31:27Z,118898,335500,555500,31
2026-08-27T09:31:27Z,118899,4531700,19901700,44
2026-08-27T09:31:27Z,118900,39990100,39990100,8
2026-08-27T09:31:27Z,118901,4900,4900,35
2026-08-27T09:31:27Z,118902,7900,7900,35
2026-08-27T09:31:27Z,119022,303600,303600,70
2026-08-27T09:31:27Z,119094,89500,9990000,23
2026-08-27T09:31:27Z,119095,9989500,9989500,23
2026-08-27T09:31:27Z,119096,1234400,9990000,23
2026-08-27T09:31:27Z,119097,19890000,19890000,12
2026-08-27T09:31:27Z,119098,9900000,9900000,22
2026-08-27T09:31:27Z,119099,9996500,9996500,20
2026-08-27T09:31:27Z,119100,9974800,9974800,21
2026-08-27T09:31:27Z,119101,2957000,9869500,22
2026-08-27T09:31:27Z,119102,9996700,9996700,21
2026-08-27T09:31:27Z,119157,358000,358000,30
2026-08-27T09:31:27Z,119213,9950000,19906700,11
2026-08-27T09:31:27Z,119324,2647300,2647300,46
2026-08-27T09:31:27Z,120150,18300,18300,451
2026-08-27T09:31:27Z,120168,1002500,1002500,336
2026-08-27T09:31:27Z,120257,48200,48300,1836
2026-08-27T09:31:27Z,120269,150000100,150000100,8
2026-08-27T09:31:27Z,120270,500100,500100,5
2026-08-27T09:31:27Z,120271,290000100,290000100,2
2026-08-27T09:31:27Z,120274,290000000,290000000,10
2026-08-27T09:31:27Z,120293,18900,18900,64
2026-08-27T09:31:27Z,120300,1500000200,1500000200,1
2026-08-27T09:31:27Z,120328,299000100,299000100,1
2026-08-27T09:31:27Z,120329,290000100,290000100,1
2026-08-27T09:31:27Z,120330,290000100,290000100,1
2026-08-27T09:31:27Z,120331,290000100,290000100,1
2026-08-27T09:31:27Z,120332,90000100,90000100,3
2026-08-27T09:31:27Z,120333,290000100,290000100,1
2026-08-27T09:31:27Z,120959,222700,222700,256
2026-08-27T09:31:27Z,122343,9600,9600,79
2026-08-27T09:31:27Z,122344,3900,4000,175
2026-08-27T09:31:27Z,122345,30000,30000,174
2026-08-27T09:31:27Z,122346,91500,91500,117
2026-08-27T09:31:27Z,122347,10000,14900,58
2026-08-27T09:31:27Z,122348,18400,18500,26
2026-08-27T09:31:27Z,122742,500,500,37
2026-08-27T09:31:27Z,123918,66700,69300,1174764
2026-08-27T09:31:27Z,123919,18900,23300,503317
2026-08-27T09:31:27Z,123956,1920200,1968000,319
2026-08-27T09:31:27Z,124101,56900,65000,111317
2026-08-27T09:31:27Z,124102,67800,69700,106098
2026-08-27T09:31:27Z,124103,49100,77000,13674
2026-08-27T09:31:27Z,124104,49000,51900,21250
2026-08-27T09:31:27Z,124105,82400,84000,8585
2026-08-27T09:31:27Z,124106,1090000,1105500,5347
2026-08-27T09:31:27Z,124107,3000,3100,3760
2026-08-27T09:31:27Z,124108,6500,6900,7434
2026-08-27T09:31:27Z,124109,41400,41700,29596
2026-08-27T09:31:27Z,124110,900,1000,4234
2026-08-27T09:31:27Z,124111,3000,3000,5748
2026-08-27T09:31:27Z,124112,7800,7800,16720
2026-08-27T09:31:27Z,124113,15500,22200,82142
2026-08-27T09:31:27Z,124115,49800,81400,62635
2026-08-27T09:31:27Z,124116,629900,650000,32082
2026-08-27T09:31:27Z,124117,10000,28900,22989
2026-08-27T09:31:27Z,124118,6100,6200,2151
2026-08-27T09:31:27Z,124119,24100,33700,24394
2026-08-27T09:31:27Z,124120,200,600,34370
2026-08-27T09:31:27Z,124121,4500,99800,64697
2026-08-27T09:31:27Z,124125,17500000,19900000,42
2026-08-27T09:31:27Z,124436,16700,26700,4385
2026-08-27T09:31:27Z,124437,1100,29900,14292
2026-08-27T09:31:27Z,124438,400,1000,244464
2026-08-27T09:31:27Z,124439,300,300,143653
2026-08-27T09:31:27Z,124440,34500,37100,62119
2026-08-27T09:31:27Z,124441,33200,49900,25627
2026-08-27T09:31:27Z,124442,99500,104800,23404
2026-08-27T09:31:27Z,124444,49500,100000,15548
2026-08-27T09:31:27Z,124461,107700,107700,23238
2026-08-27T09:31:27Z,124640,36900,36900,26741
2026-08-27T09:31:27Z,124661,117500,120700,663
2026-08-27T09:31:27Z,124669,86200,134500,219072
2026-08-27T09:31:27Z,124671,2190000,2488800,46507
2026-08-27T09:31:27Z,126934,354000,354000,25
2026-08-27T09:31:27Z,126935,209900,209900,58
2026-08-27T09:31:27Z,126936,9889800,9889800,20
2026-08-27T09:31:27Z,127004,53200,53200,1759
2026-08-27T09:31:27Z,127037,25300,30000,11980
2026-08-27T09:31:27Z,127368,12379600,12379600,9
2026-08-27T09:31:27Z,127681,19300,19500,3082
2026-08-27T09:31:27Z,127712,7500000400,7500000400,1
2026-08-27T09:31:27Z,127713,7500000400,7500000400,1
2026-08-27T09:31:27Z,127714,1000000400,1000000400,2
2026-08-27T09:31:27Z,127715,7500000400,7500000400,1
2026-08-27T09:31:27Z,127718,5500000400,5500000400,1
2026-08-27T09:31:27Z,127730,7500000400,7500000400,1
2026-08-27T09:31:27Z,127731,7500000400,7500000400,1
2026-08-27T09:31:27Z,127732,1000000400,1000000400,2
2026-08-27T09:31:27Z,127736,5500000400,5500000400,1
2026-08-27T09:31:27Z,127759,10000,12200,12052
2026-08-27T09:31:27Z,127760,54004300,54004400,35
2026-08-27T09:31:27Z,127761,32499900,45999700,33
2026-08-27T09:31:27Z,127762,29999900,30000000,17
2026-08-27T09:31:27Z,127763,1500000000,1500000000,1
2026-08-27T09:31:27Z,127764,6482800,6482800,30
2026-08-27T09:31:27Z,127765,54599300,54599400,43
2026-08-27T09:31:27Z,127834,50000,50000,1279
2026-08-27T09:31:27Z,127835,94400,94400,945
2026-08-27T09:31:27Z,127836,8500,9000,451
2026-08-27T09:31:27Z,127837,70000,70000,115
2026-08-27T09:31:27Z,127838,309900,439900,1173
2026-08-27T09:31:27Z,127839,674800,674800,230
2026-08-27T09:31:27Z,127840,199900,199900,109
2026-08-27T09:31:27Z,127841,158400,160000,196
2026-08-27T09:31:27Z,127843,78900,78900,138
2026-08-27T09:31:27Z,127844,12100,12100,486
2026-08-27T09:31:27Z,127845,331900,331900,108
2026-08-27T09:31:27Z,127846,650000,650000,448
2026-08-27T09:31:27Z,127847,98000,2031900,484
2026-08-27T09:31:27Z,127848,25400,1939500,530
2026-08-27T09:31:27Z,127849,350000,350000,497
2026-08-27T09:31:27Z,127850,125500,125500,390
2026-08-27T09:31:27Z,127991,9900,9900,4001
2026-08-27T09:31:27Z,128011,1500000400,1500000400,2
2026-08-27T09:31:27Z,128012,7500000400,7500000400,3
2026-08-27T09:31:27Z,128013,2499990400,2499990400,2
2026-08-27T09:31:27Z,128015,9500000400,9500000400,1
2026-08-27T09:31:27Z,128016,7500000400,7500000400,1
2026-08-27T09:31:27Z,128017,1499990000,1499990000,1
2026-08-27T09:31:27Z,128018,9499990400,9499990400,2
2026-08-27T09:31:27Z,128159,2125000100,2125000100,4
2026-08-27T09:31:27Z,128219,9900000,9900000,20
2026-08-27T09:31:27Z,128304,14600,14900,15861
2026-08-27T09:31:27Z,128312,199999900,199999900,15
2026-08-27T09:31:27Z,128314,1690000,1700000,221
2026-08-27T09:31:27Z,128315,54901400,54999700,838
2026-08-27T09:31:27Z,128436,3903000,3903000,180
2026-08-27T09:31:27Z,128498,9802300,9802300,20
2026-08-27T09:31:27Z,128499,123400,879900,609
2026-08-27T09:31:27Z,128500,5000,30000,1202
2026-08-27T09:31:27Z,128537,99000,99000,200
2026-08-27T09:31:27Z,128538,8000,8000,526
2026-08-27T09:31:27Z,128539,9000,9000,331
2026-08-27T09:31:27Z,128540,1000,1000,64
2026-08-27T09:31:27Z,128541,79800,79900,293
2026-08-27T09:31:27Z,128542,269000,269000,85
2026-08-27T09:31:27Z,128543,49300,49300,472
2026-08-27T09:31:27Z,128544,104900,104900,63
2026-08-27T09:31:27Z,128545,594000,594000,224
2026-08-27T09:31:27Z,128546,170000,170000,69
2026-08-27T09:31:27Z,128547,390000,435800,175
2026-08-27T09:31:27Z,128548,9648600,9648700,46
2026-08-27T09:31:27Z,128549,10009800,10009900,176
2026-08-27T09:31:27Z,128550,9999400,9999500,195
2026-08-27T09:31:27Z,128551,2490000,2490000,149
2026-08-27T09:31:27Z,128552,2550000,2550000,150
2026-08-27T09:31:27Z,128553,2259500,2259500,129
2026-08-27T09:31:27Z,128554,106700,106700,99
2026-08-27T09:31:27Z,128558,59900,59900,77
2026-08-27T09:31:27Z,128559,89300,89300,72
2026-08-27T09:31:27Z,128560,49900,49900,54
2026-08-27T09:31:27Z,128561,9905000,9905000,72
2026-08-27T09:31:27Z,128632,19800,19800,1761
2026-08-27T09:31:27Z,128648,4007300,4007300,115
2026-08-27T09:31:27Z,128650,10000,33300,7208
2026-08-27T09:31:27Z,128713,39990000,39990000,7
2026-08-27T09:31:27Z,128714,49994400,49994400,9
2026-08-27T09:31:27Z,128715,199908700,199908700,6
2026-08-27T09:31:27Z,128716,198999900,198999900,2
2026-08-27T09:31:27Z,128717,131561600,199294300,7
2026-08-27T09:31:27Z,128718,199000000,199000000,2
2026-08-27T09:31:27Z,128719,198989900,198989900,2
2026-08-27T09:31:27Z,128720,199899700,199899700,3
2026-08-27T09:31:27Z,128721,159990000,159990000,2
2026-08-27T09:31:27Z,128722,499999800,499999800,1
2026-08-27T09:31:27Z,128723,499999800,499999800,1
2026-08-27T09:31:27Z,128724,39945800,39945800,8
2026-08-27T09:31:27Z,128725,499999800,499999800,1
2026-08-27T09:31:27Z,128726,39993100,39993100,6
2026-08-27T09:31:27Z,128727,39905200,39905200,6
2026-08-27T09:31:27Z,128728,195731500,195731500,1
2026-08-27T09:31:27Z,128729,199983100,499999800,11
2026-08-27T09:31:27Z,128730,49829000,49829000,14
2026-08-27T09:31:27Z,128731,198901500,198901500,8
2026-08-27T09:31:27Z,128732,22000000,22000000,4
2026-08-27T09:31:27Z,128733,197923800,197923800,4
2026-08-27T09:31:27Z,128734,199905100,199905100,3
2026-08-27T09:31:27Z,128735,199000000,199000000,8
2026-08-27T09:31:27Z,128736,198663600,198663600,3
2026-08-27T09:31:27Z,128737,199990000,199990000,1
2026-08-27T09:31:27Z,128738,39999900,39999900,14
2026-08-27T09:31:27Z,128739,29997900,29997900,4
2026-08-27T09:31:27Z,128740,199989900,199989900,4
2026-08-27T09:31:27Z,128741,25000000,39999600,10
2026-08-27T09:31:27Z,128742,198685300,198685300,1
2026-08-27T09:31:27Z,128743,4556100,39992300,8
2026-08-27T09:31:27Z,128744,100000000,100000000,9
2026-08-27T09:31:27Z,128761,29700,29700,54
2026-08-27T09:31:27Z,128763,100000,100000,76
2026-08-27T09:31:27Z,128764,788100,788100,49
2026-08-27T09:31:27Z,128768,45000,45000,87
2026-08-27T09:31:27Z,128793,700,9996600,23
2026-08-27T09:31:27Z,128833,224700,224700,135
2026-08-27T09:31:27Z,128834,150000,150000,75
2026-08-27T09:31:27Z,128835,700000,700000,105
2026-08-27T09:31:27Z,128836,30000,30000,102
2026-08-27T09:31:27Z,128837,149200,149200,24
2026-08-27T09:31:27Z,128838,9700000,9700000,20
2026-08-27T09:31:27Z,128839,111200,111200,66
2026-08-27T09:31:27Z,128840,43000,43000,80
2026-08-27T09:31:27Z,128841,18800,18800,21
2026-08-27T09:31:27Z,128842,178000,178000,29
2026-08-27T09:31:27Z,128843,556300,556300,135
2026-08-27T09:31:27Z,128844,9700000,9700000,25
2026-08-27T09:31:27Z,128845,49600,49600,134
2026-08-27T09:31:27Z,128846,44100,44100,140
2026-08-27T09:31:27Z,128847,199900,199900,231
2026-08-27T09:31:27Z,128848,5000,5000,125
2026-08-27T09:31:27Z,128849,40000,40000,60
2026-08-27T09:31:27Z,128850,39990000,39990000,5
2026-08-27T09:31:27Z,128851,230500,230500,130
2026-08-27T09:31:27Z,128853,709900,709900,95
2026-08-27T09:31:27Z,128979,9807400,9807400,25
2026-08-27T09:31:27Z,128980,990000,1000000,82
2026-08-27T09:31:27Z,128983,3902300,3902300,2
2026-08-27T09:31:27Z,128984,3900100,3900100,202
2026-08-27T09:31:27Z,128985,3901700,3901700,198
2026-08-27T09:31:27Z,128987,3457000,3457000,60
2026-08-27T09:31:27Z,128988,5742000,5742000,105
2026-08-27T09:31:27Z,128989,4232900,4232900,52
2026-08-27T09:31:27Z,128990,3566800,3566800,42
2026-08-27T09:31:27Z,128991,5001500,5001500,62
2026-08-27T09:31:27Z,128992,3531200,3740300,31
2026-08-27T09:31:27Z,128993,3499900,3499900,62
2026-08-27T09:31:27Z,128994,98800,98800,219
2026-08-27T09:31:27Z,128995,881100,886700,161
2026-08-27T09:31:27Z,128996,750000,889900,101
2026-08-27T09:31:27Z,128997,404700,885400,206
2026-08-27T09:31:27Z,128998,708200,880000,174
2026-08-27T09:31:27Z,128999,882200,882200,207
2026-08-27T09:31:27Z,129000,190000,190000,107
2026-08-27T09:31:27Z,129001,880000,880000,206
2026-08-27T09:31:27Z,129002,296600,300000,200
2026-08-27T09:31:27Z,129003,170000,176900,213
2026-08-27T09:31:27Z,129017,4885200,4885700,288
2026-08-27T09:31:27Z,129018,6207500,9990000,243
2026-08-27T09:31:27Z,129019,4983400,4986800,224
2026-08-27T09:31:27Z,129020,6486000,6488500,241
2026-08-27T09:31:27Z,129021,4882400,4882400,223
2026-08-27T09:31:27Z,129022,6940800,6942800,168
2026-08-27T09:31:27Z,129028,5500000,5505300,231
2026-08-27T09:31:27Z,129029,5502600,5502800,126
2026-08-27T09:31:27Z,129032,67000,67000,94148
2026-08-27T09:31:27Z,129034,480000,489700,49383
2026-08-27T09:31:27Z,129099,599000,599000,51
2026-08-27T09:31:27Z,129100,2300,2300,27958
2026-08-27T09:31:27Z,129158,200,200,384
2026-08-27T09:31:27Z,129284,520000,752300,129
2026-08-27T09:31:27Z,129285,306800,514600,1866
2026-08-27T09:31:27Z,129286,989900,990000,202
2026-08-27T09:31:27Z,129287,900000,900000,254
2026-08-27T09:31:27Z,129288,290000,298700,595
2026-08-27T09:31:27Z,129289,10000000,10000000,131
2026-08-27T09:31:27Z,130172,55500,55900,1193
2026-08-27T09:31:27Z,130173,22200,22500,616
2026-08-27T09:31:27Z,130174,22400,22500,1495
2026-08-27T09:31:27Z,130175,345500,598000,637
2026-08-27T09:31:27Z,130176,24300,44300,890
2026-08-27T09:31:27Z,130177,19900,19900,1413
2026-08-27T09:31:27Z,130178,130000,135800,365
2026-08-27T09:31:27Z,130179,50000,50000,2539
2026-08-27T09:31:27Z,130180,51700,52200,609
2026-08-27T09:31:27Z,130181,2807800,2807800,856
2026-08-27T09:31:27Z,130182,29000,29000,598
2026-08-27T09:31:27Z,130183,49500,49500,526
2026-08-27T09:31:27Z,130192,200,200,88
2026-08-27T09:31:27Z,130200,459400,459400,84
2026-08-27T09:31:27Z,130201,290000,290000,92
2026-08-27T09:31:27Z,130202,700000,700000,91
2026-08-27T09:31:27Z,130203,80000,80000,128
2026-08-27T09:31:27Z,130204,194700,194700,105
2026-08-27T09:31:27Z,130215,19800,19800,113
2026-08-27T09:31:27Z,130216,59900,59900,101
2026-08-27T09:31:27Z,130217,19500,19500,141
2026-08-27T09:31:27Z,130218,138000,139000,100
2026-08-27T09:31:27Z,130219,823000,823000,61
2026-08-27T09:31:27Z,130220,750000,750000,57
2026-08-27T09:31:27Z,130221,450000,590000,54
2026-08-27T09:31:27Z,130222,250000,250000,40
2026-08-27T09:31:27Z,130245,9309500,9309500,52
2026-08-27T09:31:27Z,130246,15008500,15008500,65
2026-08-27T09:31:27Z,130247,9990600,9990600,55
2026-08-27T09:31:27Z,130248,15480000,15480000,59
2026-08-27T09:31:27Z,130250,139900,1117400,211
2026-08-27T09:31:27Z,130258,79500,79500,674
2026-08-27T09:31:27Z,130264,203300,203300,265
2026-08-27T09:31:27Z,130265,45000,45000,55
2026-08-27T09:31:27Z,130268,45000,45000,11
2026-08-27T09:31:27Z,130903,549700,549800,1291
2026-08-27T09:31:27Z,130904,453100,453400,1589
2026-08-27T09:31:27Z,130905,247900,404500,4151
2026-08-27T09:31:27Z,131729,20000,20000,7466
2026-08-27T09:31:27Z,131746,559100,559100,200
2026-08-27T09:31:27Z,132166,1500003100,1500003100,1
2026-08-27T09:31:27Z,132182,290000700,290000700,1
2026-08-27T09:31:27Z,132183,28700,28700,48
2026-08-27T09:31:27Z,132184,2000,2000,237
2026-08-27T09:31:27Z,132185,500000,500000,6
2026-08-27T09:31:27Z,132186,889900,889900,21
2026-08-27T09:31:27Z,132188,1500005600,1500005600,2
2026-08-27T09:31:27Z,132189,49004000,49004000,20
2026-08-27T09:31:27Z,132190,2007400,2007400,10
2026-08-27T09:31:27Z,132191,375001200,375001200,2
2026-08-27T09:31:27Z,132192,29000,29000,58
2026-08-27T09:31:27Z,132193,3600,3600,71
2026-08-27T09:31:27Z,132194,290001400,290001400,2
2026-08-27T09:31:27Z,132197,290002000,290002000,1
2026-08-27T09:31:27Z,132199,40000,40000,12
2026-08-27T09:31:27Z,132200,200007100,200007100,8
2026-08-27T09:31:27Z,132204,2100,2100,192
2026-08-27T09:31:27Z,132207,290003700,290003700,2
2026-08-27T09:31:27Z,132208,49005000,49005000,21
2026-08-27T09:31:27Z,132212,2300,2300,156
2026-08-27T09:31:27Z,132213,199000,199000,12
2026-08-27T09:31:27Z,132216,2002200,2002200,7
2026-08-27T09:31:27Z,132217,27100,107100,15
2026-08-27T09:31:27Z,132218,50009900,50009900,3
2026-08-27T09:31:27Z,132219,74729700,74729700,2
2026-08-27T09:31:27Z,132220,50800,50800,43
2026-08-27T09:31:27Z,132223,29500,29500,27
2026-08-27T09:31:27Z,132224,290004400,290004400,2
2026-08-27T09:31:27Z,132225,199993900,199993900,4
2026-08-27T09:31:27Z,132227,290008400,290008400,1
2026-08-27T09:31:27Z,132229,49006100,49006100,1
2026-08-27T09:31:27Z,132230,1009000,1009000,3
2026-08-27T09:31:27Z,132231,2200,2200,309
2026-08-27T09:31:27Z,132232,499900,499900,11
2026-08-27T09:31:27Z,132233,2200,52200,181
2026-08-27T09:31:27Z,132234,29000,29000,32
2026-08-27T09:31:27Z,132235,40000000,40000000,5
2026-08-27T09:31:27Z,132237,50000,50000,82
2026-08-27T09:31:27Z,132238,290002000,290002000,1
2026-08-27T09:31:27Z,132239,440000,440000,9
2026-08-27T09:31:27Z,132240,49000700,49000700,20
2026-08-27T09:31:27Z,132509,550000,550000,87
2026-08-27T09:31:27Z,132510,1000,1000,139
2026-08-27T09:31:27Z,132513,4989700,4989700,100
2026-08-27T09:31:27Z,132514,1170000,1200000,43362
2026-08-27T09:31:27Z,132515,250000,250000,135
2026-08-27T09:31:27Z,132516,584500,650000,271
2026-08-27T09:31:27Z,132517,7000000,7000000,12
2026-08-27T09:31:27Z,132524,39999900,39999900,14
2026-08-27T09:31:27Z,132525,5250000,5500000,236
2026-08-27T09:31:27Z,132526,7000000,7000000,7
2026-08-27T09:31:27Z,132528,4005800,4005800,19
2026-08-27T09:31:27Z,132530,39789500,39789500,23
2026-08-27T09:31:27Z,132531,3939926800,3939926800,3
2026-08-27T09:31:27Z,132752,21000,21000,150
2026-08-27T09:31:27Z,132753,1900,1900,176
2026-08-27T09:31:27Z,132982,39901400,39901400,27
2026-08-27T09:31:27Z,133545,9999900,9999900,21
2026-08-27T09:31:27Z,133553,49007500,49007500,20
2026-08-27T09:31:27Z,133557,1300,1300,711
2026-08-27T09:31:27Z,133561,38900,38900,156
2026-08-27T09:31:27Z,133562,49500,50000,826
2026-08-27T09:31:27Z,133563,3800,3800,438
2026-08-27T09:31:27Z,133564,99600,99600,1941
2026-08-27T09:31:27Z,133565,70000,93100,965
2026-08-27T09:31:27Z,133566,25000,25000,179
2026-08-27T09:31:27Z,133567,4001000,4001000,66
2026-08-27T09:31:27Z,133568,144500,144500,292
2026-08-27T09:31:27Z,133569,5000,5000,224
2026-08-27T09:31:27Z,133570,27200,27200,279
2026-08-27T09:31:27Z,133571,22200,22200,685
2026-08-27T09:31:27Z,133572,1400,1400,762
2026-08-27T09:31:27Z,133573,2200,2200,165
2026-08-27T09:31:27Z,133574,12700,12700,199
2026-08-27T09:31:27Z,133575,1300,1300,442
2026-08-27T09:31:27Z,133576,27100,47100,3261
2026-08-27T09:31:27Z,133577,2000,2000,591
2026-08-27T09:31:27Z,133578,1988100,1988100,276
2026-08-27T09:31:27Z,133579,445500,655500,263
2026-08-27T09:31:27Z,133586,40000,40000,209
2026-08-27T09:31:27Z,133588,5000,490000,901
2026-08-27T09:31:27Z,133589,7500,8500,741
2026-08-27T09:31:27Z,133590,2500,2500,887
2026-08-27T09:31:27Z,133591,30000,32000,991
2026-08-27T09:31:27Z,133592,44500,44500,894
2026-08-27T09:31:27Z,133593,7100,9800,1094
2026-08-27T09:31:27Z,133607,1600,1600,7217
2026-08-27T09:31:27Z,133680,100000,100000,2165
2026-08-27T09:31:27Z,133681,3500,3500,97
2026-08-27T09:31:27Z,133688,220000,220000,55
2026-08-27T09:31:27Z,133893,4009300,4009300,23
2026-08-27T09:31:27Z,133913,9990300,9990300,97
2026-08-27T09:31:27Z,133940,79100,79100,1289
2026-08-27T09:31:27Z,133942,5000,126200,355
2026-08-27T09:31:27Z,133979,199006900,199006900,1
2026-08-27T09:31:27Z,133980,440000,448100,134
2026-08-27T09:31:27Z,134048,1990100,1990100,8
2026-08-27T09:31:27Z,134049,290000100,290000100,1
2026-08-27T09:31:27Z,134050,200000100,200000100,3
2026-08-27T09:31:27Z,134051,49000100,49000100,40
2026-08-27T09:31:27Z,134052,200000100,200000100,2
2026-08-27T09:31:27Z,134053,290000100,290000100,1
2026-08-27T09:31:27Z,134054,2220100,2220100,1
2026-08-27T09:31:27Z,134860,1229900,1229900,304
2026-08-27T09:31:27Z,136342,15000,20000,1131
2026-08-27T09:31:27Z,136353,290001300,290001300,1
2026-08-27T09:31:27Z,136355,990001000,990001000,1
2026-08-27T09:31:27Z,136375,2400000,2666600,24
2026-08-27T09:31:27Z,136376,19992800,19992800,1
2026-08-27T09:31:27Z,136377,5000,7500,1697
2026-08-27T09:31:27Z,136544,1000000,1000000,31
2026-08-27T09:31:27Z,136545,59900,59900,37
2026-08-27T09:31:27Z,136546,28300,28300,36
2026-08-27T09:31:27Z,136547,33800,33800,39
2026-08-27T09:31:27Z,136548,59400,59400,33
2026-08-27T09:31:27Z,136549,140000,140000,5
2026-08-27T09:31:27Z,136550,159800,159800,37
2026-08-27T09:31:27Z,136551,43700,43700,42
2026-08-27T09:31:27Z,136552,298900,9909900,22
2026-08-27T09:31:27Z,136553,299800,299800,41
2026-08-27T09:31:27Z,136554,149800,149800,29
2026-08-27T09:31:27Z,136555,450000,450000,24
2026-08-27T09:31:27Z,136556,6400,6400,41
2026-08-27T09:31:27Z,136557,31700,31700,22
2026-08-27T09:31:27Z,136558,60000,60000,47
2026-08-27T09:31:27Z,136559,49992300,49992300,6
2026-08-27T09:31:27Z,136560,9993300,9993300,31
2026-08-27T09:31:27Z,136561,14800,14800,29
2026-08-27T09:31:27Z,136562,5000,5000,31
2026-08-27T09:31:27Z,136563,9808900,9808900,20
2026-08-27T09:31:27Z,136564,55500,55500,30
2026-08-27T09:31:27Z,136565,59900,59900,9
2026-08-27T09:31:27Z,136566,29900,29900,29
2026-08-27T09:31:27Z,136567,199000,199000,72
2026-08-27T09:31:27Z,136568,700000,700000,30
2026-08-27T09:31:27Z,136569,30000,30000,175
2026-08-27T09:31:27Z,136570,290006500,290006500,1
2026-08-27T09:31:27Z,136571,9906500,9906500,99
2026-08-27T09:31:27Z,136572,450006500,450006500,1
2026-08-27T09:31:27Z,136573,30006500,30006500,2
2026-08-27T09:31:27Z,136574,30006500,30006500,2
2026-08-27T09:31:27Z,136575,290006500,290006500,1
2026-08-27T09:31:27Z,136576,990006500,990006500,1
2026-08-27T09:31:27Z,136596,50100,50100,392
2026-08-27T09:31:27Z,136597,59900,59900,82
2026-08-27T09:31:27Z,136598,150100,150100,53
2026-08-27T09:31:27Z,136606,66400,66400,109
2026-08-27T09:31:27Z,136633,99900,700000,2799
2026-08-27T09:31:27Z,136636,30000,30000,658
2026-08-27T09:31:27Z,136637,15000,20000,2418
2026-08-27T09:31:27Z,136638,23900,23900,324
2026-08-27T09:31:27Z,136653,25000,25000,398
2026-08-27T09:31:27Z,136654,100000,1220000,469
2026-08-27T09:31:27Z,136708,2254900,2254900,131
2026-08-27T09:31:27Z,136825,5508900,5508900,232
2026-08-27T09:31:27Z,136826,4984300,4986300,347
2026-08-27T09:31:27Z,136852,9400,9400,243
2026-08-27T09:31:27Z,136856,78900,3097300,96
2026-08-27T09:31:27Z,136857,41520100,41520100,5
2026-08-27T09:31:27Z,137188,6900000,6994000,275
2026-08-27T09:31:27Z,137191,5990200,5990200,301
2026-08-27T09:31:27Z,137238,4006600,4006600,362
2026-08-27T09:31:27Z,137239,4999900,5000000,278
2026-08-27T09:31:27Z,137240,1500007600,1500007600,3
2026-08-27T09:31:27Z,137249,4952800,4954300,188
2026-08-27T09:31:27Z,137250,4967000,5126300,614
2026-08-27T09:31:27Z,137267,5007200,5007200,152
2026-08-27T09:31:27Z,137269,6003500,6003500,271
2026-08-27T09:31:27Z,137274,6509200,6509200,214
2026-08-27T09:31:27Z,137287,5509900,6009900,36
2026-08-27T09:31:27Z,137288,4950000,9990000,184
2026-08-27T09:31:27Z,137289,6911300,6911300,78
2026-08-27T09:31:27Z,137293,5009600,5009600,148
2026-08-27T09:31:27Z,137556,754200,754200,50
2026-08-27T09:31:27Z,137557,358000,358300,85
2026-08-27T09:31:27Z,137558,1336500,1336500,73
2026-08-27T09:31:27Z,137643,21741700,49008400,22
2026-08-27T09:31:27Z,137644,49000100,49000100,21
2026-08-27T09:31:27Z,138285,21200,21200,52
2026-08-27T09:31:27Z,138290,9900000,9900000,35
2026-08-27T09:31:27Z,138292,1800,1800,231
2026-08-27T09:31:27Z,138294,6500000,6500000,1
2026-08-27T09:31:27Z,138295,5000000,5000000,26
2026-08-27T09:31:27Z,138382,603700,603700,97
2026-08-27T09:31:27Z,138383,303900,303900,68
2026-08-27T09:31:27Z,138384,398000,398000,94
2026-08-27T09:31:27Z,138486,59300,61500,2714
2026-08-27T09:31:27Z,138488,119900,207600,12578
2026-08-27T09:31:27Z,138727,2500,980000,9542
2026-08-27T09:31:27Z,138728,600,900,4256
2026-08-27T09:31:27Z,138729,800,980000,13948
2026-08-27T09:31:27Z,138875,100,100,388
2026-08-27T09:31:27Z,138884,19990000,19990000,8
2026-08-27T09:31:27Z,138967,500,500,3126
2026-08-27T09:31:27Z,138972,9900000,9900000,20
2026-08-27T09:31:27Z,138973,9900000,9900000,18
2026-08-27T09:31:27Z,138974,9900000,9900000,20
2026-08-27T09:31:27Z,138975,9900000,9900000,20
2026-08-27T09:31:27Z,138976,9900000,9900000,19
2026-08-27T09:31:27Z,138977,495000,495000,104
2026-08-27T09:31:27Z,138978,40000,40000,25
2026-08-27T09:31:27Z,138979,9988300,9988300,20
2026-08-27T09:31:27Z,138980,9969700,9969700,20
2026-08-27T09:31:27Z,138981,9960200,9960200,20
2026-08-27T09:31:27Z,138982,9903200,9903200,33
2026-08-27T09:31:27Z,138983,9969800,9969800,19
2026-08-27T09:31:27Z,138986,9900000,9900000,20
2026-08-27T09:31:27Z,138987,9901900,9901900,20
2026-08-27T09:31:27Z,139036,142300,142300,330
2026-08-27T09:31:27Z,139175,899900,899900,120
2026-08-27T09:31:27Z,139270,7482700,7482700,84
2026-08-27T09:31:27Z,139271,4000000,6000000,87
2026-08-27T09:31:27Z,139278,6581900,6581900,55
2026-08-27T09:31:27Z,139288,6119000,6119000,257
2026-08-27T09:31:27Z,139289,5990000,5992500,212
2026-08-27T09:31:27Z,139310,6480000,8230200,167
2026-08-27T09:31:27Z,139311,6709900,6709900,99
2026-08-27T09:31:27Z,139312,255720800,255720800,4
2026-08-27T09:31:27Z,139314,7259500,7259500,37
2026-08-27T09:31:27Z,139315,6490000,8230200,90
2026-08-27T09:31:27Z,139316,290000200,290000200,6
2026-08-27T09:31:27Z,139317,290000200,290000200,3
2026-08-27T09:31:27Z,139318,290000100,290000100,2
2026-08-27T09:31:27Z,139338,4004900,4004900,213
2026-08-27T09:31:27Z,139339,4951200,4953700,369
2026-08-27T09:31:27Z,139344,9993000,9993000,20
2026-08-27T09:31:27Z,139345,9890000,9890000,20
2026-08-27T09:31:27Z,139346,9970400,9970400,20
2026-08-27T09:31:27Z,139347,9786200,9786200,20
2026-08-27T09:31:27Z,139348,4986300,6006300,90
2026-08-27T09:31:27Z,139352,7000100,7000100,103
2026-08-27T09:31:27Z,139358,4805500,4805500,167
2026-08-27T09:31:27Z,139362,5500000,5500000,157
2026-08-27T09:31:27Z,139375,349500,349500,79
2026-08-27T09:31:27Z,139389,22563300,22563300,4
2026-08-27T09:31:27Z,139398,9959900,9959900,23
2026-08-27T09:31:27Z,139417,7004400,7004400,114
2026-08-27T09:31:27Z,139435,7004900,7004900,95
2026-08-27T09:31:27Z,139436,6491200,6491200,142
2026-08-27T09:31:27Z,139437,5476200,5477700,347
2026-08-27T09:31:27Z,139438,5483700,5614200,124
2026-08-27T09:31:27Z,139442,5498400,5498400,145
2026-08-27T09:31:27Z,139503,44900,44900,544
2026-08-27T09:31:27Z,139783,1500000,1500000,10
2026-08-27T09:31:27Z,139785,3484897100,3484897100,1
2026-08-27T09:31:27Z,139786,1485000,1500000,569
2026-08-27T09:31:27Z,139890,7770000,49990000,854
2026-08-27T09:31:27Z,140187,7400,7500,358
2026-08-27T09:31:27Z,140188,1300,1300,176
2026-08-27T09:31:27Z,140189,1300,1300,236
2026-08-27T09:31:27Z,140201,9905600,9905600,65
2026-08-27T09:31:27Z,140202,9905700,9905700,62
2026-08-27T09:31:27Z,140203,9905700,9905700,20
2026-08-27T09:31:27Z,140204,9945000,9945000,51
2026-08-27T09:31:27Z,140205,9900000,9900000,56
2026-08-27T09:31:27Z,140206,9906900,9906900,20
2026-08-27T09:31:27Z,140207,9900000,9900000,20
2026-08-27T09:31:27Z,140265,700000,700000,140
2026-08-27T09:31:27Z,140266,709800,709800,105
2026-08-27T09:31:27Z,140269,700000,700000,119
2026-08-27T09:31:27Z,140272,709800,709800,135
2026-08-27T09:31:27Z,140273,100000,100000,87
2026-08-27T09:31:27Z,140275,30000,30000,63
2026-08-27T09:31:27Z,140276,2600,2600,56
2026-08-27T09:31:27Z,140286,59500,59500,78
2026-08-27T09:31:27Z,140296,9908000,9908000,19
2026-08-27T09:31:27Z,140297,9880000,9880000,19
2026-08-27T09:31:27Z,140298,9969800,9969800,20
2026-08-27T09:31:27Z,140299,9900000,9900000,20
2026-08-27T09:31:27Z,140300,9870300,9870300,20
2026-08-27T09:31:27Z,140301,9877000,9877000,20
2026-08-27T09:31:27Z,140302,9840000,9840000,20
2026-08-27T09:31:27Z,140321,49000100,49000100,20
2026-08-27T09:31:27Z,140337,70000,70000,232
2026-08-27T09:31:27Z,140338,999600,999600,32
2026-08-27T09:31:27Z,140339,9900000,9900000,20
2026-08-27T09:31:27Z,140340,9909800,9909800,20
2026-08-27T09:31:27Z,140341,79500,79500,80
2026-08-27T09:31:27Z,140342,9969700,9969700,20
2026-08-27T09:31:27Z,140344,49700,49700,93
2026-08-27T09:31:27Z,140347,26600,990000,231
2026-08-27T09:31:27Z,140351,55400,55400,92
2026-08-27T09:31:27Z,140355,9990100,9990100,21
2026-08-27T09:31:27Z,140567,6378000,9980100,21
2026-08-27T09:31:27Z,140568,2990000,2990000,17
2026-08-27T09:31:27Z,140587,93600,93600,219
2026-08-27T09:31:27Z,140626,199991000,199991000,1
2026-08-27T09:31:27Z,140627,9999900,9999900,20
2026-08-27T09:31:27Z,140628,19898200,19898200,9
2026-08-27T09:31:27Z,140629,39900100,39900100,5
2026-08-27T09:31:27Z,140630,5000100,5000100,126
2026-08-27T09:31:27Z,140631,9969600,9969600,40
2026-08-27T09:31:27Z,140668,18700,18700,53
2026-08-27T09:31:27Z,140753,1000,79900,60
2026-08-27T09:31:27Z,140754,30000,59900,34
2026-08-27T09:31:27Z,141206,9993200,9993200,20
2026-08-27T09:31:27Z,141207,159000,159000,53
2026-08-27T09:31:27Z,141208,9980000,9980000,20
2026-08-27T09:31:27Z,141209,9904800,9904800,19
2026-08-27T09:31:27Z,141210,9970400,9970400,20
2026-08-27T09:31:27Z,141211,9970500,9970500,20
2026-08-27T09:31:27Z,141212,9849900,9849900,19
2026-08-27T09:31:27Z,141213,9908300,9908300,20
2026-08-27T09:31:27Z,141214,9889900,9889900,24
2026-08-27T09:31:27Z,141215,9850500,9850500,20
2026-08-27T09:31:27Z,141318,4443800,4443800,34
2026-08-27T09:31:27Z,141319,19503000,19503000,12
2026-08-27T09:31:27Z,141320,1028000,19298600,11
2026-08-27T09:31:27Z,141333,2199700,2199700,27
2026-08-27T09:31:27Z,141446,70000,70000,2038
2026-08-27T09:31:27Z,141527,9000,9000,26
2026-08-27T09:31:27Z,141640,16409300,49009300,22
2026-08-27T09:31:27Z,141641,2583500,2583500,51
2026-08-27T09:31:27Z,141898,5505500,5505500,183
2026-08-27T09:31:27Z,141908,2037400,2037400,223
2026-08-27T09:31:27Z,141909,1890400,1890400,184
2026-08-27T09:31:27Z,141910,1699900,1699900,72
2026-08-27T09:31:27Z,141957,1500005700,1500005700,1
2026-08-27T09:31:27Z,142101,196900,196900,157
2026-08-27T09:31:27Z,142102,97900,887900,242
2026-08-27T09:31:27Z,142103,120000,888100,133
2026-08-27T09:31:27Z,142117,8500,8500,4730
2026-08-27T09:31:27Z,142262,1804200,1804200,59
2026-08-27T09:31:27Z,142263,44200,44200,273
2026-08-27T09:31:27Z,142264,40000,40000,166
2026-08-27T09:31:27Z,142266,300,3000,41936
2026-08-27T09:31:27Z,142334,5000,5000,360
2026-08-27T09:31:27Z,142335,9000,9000,8885
2026-08-27T09:31:27Z,142336,4500,6600,47600
2026-08-27T09:31:27Z,142406,69800,69800,119
2026-08-27T09:31:27Z,143588,25000000,25000000,36
2026-08-27T09:31:27Z,143618,290003900,290003900,1
2026-08-27T09:31:27Z,143619,290005400,290005400,1
2026-08-27T09:31:27Z,143633,197990100,197990100,6
2026-08-27T09:31:27Z,143634,195200000,195200000,1
2026-08-27T09:31:27Z,143635,199000900,199000900,4
2026-08-27T09:31:27Z,143636,199900400,199900400,1
2026-08-27T09:31:27Z,143681,400,400,774
2026-08-27T09:31:27Z,143750,3986100,3986100,175
2026-08-27T09:31:27Z,143846,1500001300,1500001300,1
2026-08-27T09:31:27Z,143853,4999900,4999900,143
2026-08-27T09:31:27Z,144283,5500000100,5500000100,1
2026-08-27T09:31:27Z,144284,5500000200,5500000200,1
2026-08-27T09:31:27Z,144287,290000100,290000100,1
2026-08-27T09:31:27Z,144289,990000100,990000100,1
2026-08-27T09:31:27Z,144290,5500000100,5500000100,1
2026-08-27T09:31:27Z,144304,333800,9909800,45
2026-08-27T09:31:27Z,144305,440000,440000,102
2026-08-27T09:31:27Z,144306,850000,9899900,47
2026-08-27T09:31:27Z,144307,650000,650000,73
2026-08-27T09:31:27Z,144329,3505000,5445000,626
2026-08-27T09:31:27Z,144396,199899700,199899700,1
2026-08-27T09:31:27Z,144397,200000000,200000000,1
2026-08-27T09:31:27Z,144398,39889100,39889100,5
2026-08-27T09:31:27Z,144408,49001300,49001300,23
2026-08-27T09:31:27Z,146406,9907900,9907900,55
2026-08-27T09:31:27Z,147119,6789900,8230200,169
2026-08-27T09:31:27Z,147210,49000100,49000100,20
2026-08-27T09:31:27Z,147669,30000,30000,44
2026-08-27T09:31:27Z,147774,199500,199500,30
2026-08-27T09:31:27Z,147775,780000,780000,593
2026-08-27T09:31:27Z,147776,220000,220000,125
2026-08-27T09:31:27Z,147777,499900,499900,62
2026-08-27T09:31:27Z,147868,199600,199600,48
2026-08-27T09:31:27Z,147869,1400,1400,3505
2026-08-27T09:31:27Z,147870,2700,990000,221
2026-08-27T09:31:27Z,149755,262700,262700,103
2026-08-27T09:31:27Z,151034,290001200,290001200,1
2026-08-27T09:31:27Z,151121,9988500,9988500,20
2026-08-27T09:31:27Z,151122,9900000,9900000,20
2026-08-27T09:31:27Z,151123,9990000,9990000,20
2026-08-27T09:31:27Z,151124,9990000,9990000,28
2026-08-27T09:31:27Z,151133,2549900,2749700,834
2026-08-27T09:31:27Z,151256,9600,9800,301
2026-08-27T09:31:27Z,151257,70000,80000,360
2026-08-27T09:31:27Z,151386,20361200,20361200,5
2026-08-27T09:31:27Z,151387,228389400,228389400,3
2026-08-27T09:31:27Z,151388,229955800,229955800,2
2026-08-27T09:31:27Z,151389,10000000,10000000,4
2026-08-27T09:31:27Z,151390,599900,599900,41
2026-08-27T09:31:27Z,151391,240000,240000,36
2026-08-27T09:31:27Z,151392,80000,80000,6
2026-08-27T09:31:27Z,151393,49000000,49000000,3
2026-08-27T09:31:27Z,151394,49009700,49009800,27
2026-08-27T09:31:27Z,151431,46664600,46664600,1
2026-08-27T09:31:27Z,151444,92400,92400,29
2026-08-27T09:31:27Z,151538,6380000,9990000,57
2026-08-27T09:31:27Z,151540,6470000,6470000,119
2026-08-27T09:31:27Z,151542,6500000,6800000,304
2026-08-27T09:31:27Z,151564,54900,98300,90479
2026-08-27T09:31:27Z,151565,83400,111800,42888
2026-08-27T09:31:27Z,151566,1000,1300,76353
2026-08-27T09:31:27Z,151567,1000,2700,109742
2026-08-27T09:31:27Z,151579,90000,90000,655
2026-08-27T09:31:27Z,151580,295000,295000,47
2026-08-27T09:31:27Z,151583,2000000,2000000,68
2026-08-27T09:31:27Z,151584,5000000,5000000,47
2026-08-27T09:31:27Z,151585,148500,150000,63
2026-08-27T09:31:27Z,151608,660000,660000,70
2026-08-27T09:31:27Z,151609,18800,18800,4874
2026-08-27T09:31:27Z,151610,110000,9972200,29
2026-08-27T09:31:27Z,151651,13400000,13400000,9
2026-08-27T09:31:27Z,151718,4509900,4509900,622
2026-08-27T09:31:27Z,151719,99900,99900,582
2026-08-27T09:31:27Z,151720,40000,47000,506
2026-08-27T09:31:27Z,151721,47000,47500,670
2026-08-27T09:31:27Z,151722,39000,39000,296
2026-08-27T09:31:27Z,151774,2004000,2004000,30
2026-08-27T09:31:27Z,151775,39999900,39999900,5
2026-08-27T09:31:27Z,152099,250100,9000100,96
2026-08-27T09:31:27Z,152296,20000000,49000000,23
2026-08-27T09:31:27Z,152494,5500,7000,585
2026-08-27T09:31:27Z,152495,27000,27000,191
2026-08-27T09:31:27Z,152496,6600,6600,529
2026-08-27T09:31:27Z,152497,61500,61500,300
2026-08-27T09:31:27Z,152503,14400,14700,273
2026-08-27T09:31:27Z,152505,73700,74500,4862
2026-08-27T09:31:27Z,152506,60000,75600,21950
2026-08-27T09:31:27Z,152507,69900,69900,38629
2026-08-27T09:31:27Z,152508,70700,96500,42691
2026-08-27T09:31:27Z,152509,70000,70000,9971
2026-08-27T09:31:27Z,152510,101100,169800,40093
2026-08-27T09:31:27Z,152511,71100,75400,9441
2026-08-27T09:31:27Z,152512,26000,26800,937878
2026-08-27T09:31:27Z,152513,44000,50000,51396
2026-08-27T09:31:27Z,152541,23900,23900,92189
2026-08-27T09:31:27Z,152542,500,500,30590
2026-08-27T09:31:27Z,152543,7900,8900,35129
2026-08-27T09:31:27Z,152544,7500,9800,30554
2026-08-27T09:31:27Z,152545,9400,9700,23987
2026-08-27T09:31:27Z,152546,4500,5500,64247
2026-08-27T09:31:27Z,152547,50300,50400,41374
2026-08-27T09:31:27Z,152548,259600,335000,10589
2026-08-27T09:31:27Z,152549,111000,131100,3602
2026-08-27T09:31:27Z,152550,916500,916500,48
2026-08-27T09:31:27Z,152557,50000,1658800,156
2026-08-27T09:31:27Z,152559,7700,7700,174
2026-08-27T09:31:27Z,152560,22000,30000,147
2026-08-27T09:31:27Z,152561,3900,3900,193
2026-08-27T09:31:27Z,152564,170600,1990000,193
2026-08-27T09:31:27Z,152576,6900,9800,263605
2026-08-27T09:31:27Z,152577,30000,46000,359662
2026-08-27T09:31:27Z,152579,111400,112000,311319
2026-08-27T09:31:27Z,152615,150000,150000,314
2026-08-27T09:31:27Z,152631,700,900,7887
2026-08-27T09:31:27Z,152638,291500,291500,186
2026-08-27T09:31:27Z,152639,90000,2986400,920
2026-08-27T09:31:27Z,152640,250000,2959000,484
2026-08-27T09:31:27Z,152641,397700,397700,524
2026-08-27T09:31:27Z,152717,9900000,9900000,20
2026-08-27T09:31:27Z,152718,1250000,1250000,43
2026-08-27T09:31:27Z,152812,700200,700200,172
2026-08-27T09:31:27Z,152813,620500,771500,91
2026-08-27T09:31:27Z,152867,49002700,49002700,20
2026-08-27T09:31:27Z,152875,19900,23400,51169
2026-08-27T09:31:27Z,152876,90000,140000,11116
2026-08-27T09:31:27Z,152877,210000,280200,67179
2026-08-27T09:31:27Z,152897,49001300,49001300,20
2026-08-27T09:31:27Z,153015,905600,905600,66
2026-08-27T09:31:27Z,153031,6482800,6484300,320
2026-08-27T09:31:27Z,153033,4800000,9990000,55
2026-08-27T09:31:27Z,153036,9875000,9875000,55
2026-08-27T09:31:27Z,153050,7500,12700,68959
2026-08-27T09:31:27Z,153051,700,800,26997
2026-08-27T09:31:27Z,153133,49001200,49001200,22
2026-08-27T09:31:27Z,153134,290000500,290000500,1
2026-08-27T09:31:27Z,153192,99900,99900,67
2026-08-27T09:31:27Z,153219,19990100,19990100,10
2026-08-27T09:31:27Z,153251,34509300,34509300,63
2026-08-27T09:31:27Z,153430,19500,19500,32
2026-08-27T09:31:27Z,153431,40000,40000,63
2026-08-27T09:31:27Z,153434,10000,10000,49
2026-08-27T09:31:27Z,153435,19000,19000,97
2026-08-27T09:31:27Z,153437,86000,86000,23
2026-08-27T09:31:27Z,153438,9800,9800,306
2026-08-27T09:31:27Z,153439,15000,15000,127
2026-08-27T09:31:27Z,153440,4000,4000,62
2026-08-27T09:31:27Z,153441,27300,27700,78
2026-08-27T09:31:27Z,153442,25500,25500,83
2026-08-27T09:31:27Z,153443,250000,250000,88
2026-08-27T09:31:27Z,153444,608500,608500,65
2026-08-27T09:31:27Z,153445,330000,330000,63
2026-08-27T09:31:27Z,153476,150100,150100,120
2026-08-27T09:31:27Z,153478,1132400,1132400,114
2026-08-27T09:31:27Z,153479,50000,50000,102
2026-08-27T09:31:27Z,153480,9909900,9909900,65
2026-08-27T09:31:27Z,153487,2100,2100,64
2026-08-27T09:31:27Z,153490,2000,150000,709
2026-08-27T09:31:27Z,153494,75000,1499900,216
2026-08-27T09:31:27Z,153510,1146900,1146900,362
2026-08-27T09:31:27Z,153512,90000,90000,124
2026-08-27T09:31:27Z,153566,9903800,9903800,70
2026-08-27T09:31:27Z,153567,9903800,9903800,82
2026-08-27T09:31:27Z,153568,9903800,9903800,77
2026-08-27T09:31:27Z,153569,9903800,9903800,68
2026-08-27T09:31:27Z,153570,9903800,9903800,95
2026-08-27T09:31:27Z,153597,233100,744700,1978
2026-08-27T09:31:27Z,153602,9950000,9950000,18
2026-08-27T09:31:27Z,153603,227700,227700,15
2026-08-27T09:31:27Z,153604,1289500,3009800,14
2026-08-27T09:31:27Z,153605,90000,90000,23
2026-08-27T09:31:27Z,153606,1547000,1547000,157
2026-08-27T09:31:27Z,153607,77700,77700,21
2026-08-27T09:31:27Z,153608,79000,79000,18
2026-08-27T09:31:27Z,153609,475000,475000,24
2026-08-27T09:31:27Z,153610,2503300,2504400,29
2026-08-27T09:31:27Z,153611,5000000,5000000,31
2026-08-27T09:31:27Z,153612,1480000,1480900,16
2026-08-27T09:31:27Z,153613,3000000,3000000,21
2026-08-27T09:31:27Z,153614,490000,490000,8
2026-08-27T09:31:27Z,153615,1795000,1795000,16
2026-08-27T09:31:27Z,153616,188100,188100,13
2026-08-27T09:31:27Z,153617,4230800,5005700,16
2026-08-27T09:31:27Z,153618,4000000,4000000,17
2026-08-27T09:31:27Z,153619,352800,352800,24
2026-08-27T09:31:27Z,153620,1000000,39990000,14
2026-08-27T09:31:27Z,153621,191900,191900,37
2026-08-27T09:31:27Z,153622,178700,178700,21
2026-08-27T09:31:27Z,153623,160000,160000,19
2026-08-27T09:31:27Z,153624,167700,39300000,29
2026-08-27T09:31:27Z,153625,182700,182700,25
2026-08-27T09:31:27Z,153626,190700,190700,27
2026-08-27T09:31:27Z,153627,142000,142000,32
2026-08-27T09:31:27Z,153628,495000,495000,41
2026-08-27T09:31:27Z,153629,149400,9990000,44
2026-08-27T09:31:27Z,153630,836100,836100,39
2026-08-27T09:31:27Z,153631,256400,256400,49
2026-08-27T09:31:27Z,153632,192500,9990000,46
2026-08-27T09:31:27Z,153633,1385900,1385900,30
2026-08-27T09:31:27Z,153634,45700,45700,35
2026-08-27T09:31:27Z,153635,4000,5000,48520
2026-08-27T09:31:27Z,153636,354100,354100,4148
2026-08-27T09:31:27Z,153646,2074400,9909500,30
2026-08-27T09:31:27Z,153647,439900,450000,171
2026-08-27T09:31:27Z,153661,749900,749900,68
2026-08-27T09:31:27Z,153662,149500,149500,93
2026-08-27T09:31:27Z,153663,474800,474900,38
2026-08-27T09:31:27Z,153664,1394500,1394500,23
2026-08-27T09:31:27Z,153665,550000,555600,93
2026-08-27T09:31:27Z,153666,544100,552300,166
2026-08-27T09:31:27Z,153667,500000,1499200,213
2026-08-27T09:31:27Z,153668,1191900,1299900,704
2026-08-27T09:31:27Z,153669,10000,16600,3274
2026-08-27T09:31:27Z,153673,2699900,5999900,233
2026-08-27T09:31:27Z,153700,25000,37100,113
2026-08-27T09:31:27Z,153701,25000,25000,424
2026-08-27T09:31:27Z,153702,25000,475000,116
2026-08-27T09:31:27Z,153703,25000,78800,1319
2026-08-27T09:31:27Z,153704,25000,285000,140
2026-08-27T09:31:27Z,153705,25000,75000,285
2026-08-27T09:31:27Z,153706,1050000,1050000,200
2026-08-27T09:31:27Z,153707,350100,390100,40
2026-08-27T09:31:27Z,153708,507900,507900,38
2026-08-27T09:31:27Z,153709,340000,340000,47
2026-08-27T09:31:27Z,153710,25000,30000,54
2026-08-27T09:31:27Z,153711,25000,30000,58
2026-08-27T09:31:27Z,153712,25000,66700,54
2026-08-27T09:31:27Z,153713,25000,30000,64
2026-08-27T09:31:27Z,153714,40700,40700,170
2026-08-27T09:31:27Z,153715,139900,140000,36
2026-08-27T09:31:27Z,154120,172100,397800,1044
2026-08-27T09:31:27Z,154121,36600,36600,1535
2026-08-27T09:31:27Z,154122,36300,36300,788
2026-08-27T09:31:27Z,154123,309800,309800,417
2026-08-27T09:31:27Z,154124,32600,32600,1002
2026-08-27T09:31:27Z,154125,41400,44500,432
2026-08-27T09:31:27Z,154126,40000,40000,51
2026-08-27T09:31:27Z,154127,140000,140000,100
2026-08-27T09:31:27Z,154128,54900,54900,264
2026-08-27T09:31:27Z,154129,35000,62500,43
2026-08-27T09:31:27Z,154131,9970500,9970500,20
2026-08-27T09:31:27Z,154132,108800,9908800,21
2026-08-27T09:31:27Z,154133,9905000,9905000,20
2026-08-27T09:31:27Z,154164,6400,9200,194006
2026-08-27T09:31:27Z,154165,300,1000,93179
2026-08-27T09:31:27Z,154166,85000,85000,276
2026-08-27T09:31:27Z,154167,29600,29600,403
2026-08-27T09:31:27Z,154168,3690000,3690000,254
2026-08-27T09:31:27Z,154169,200000,200000,1943
2026-08-27T09:31:27Z,154705,196100,229000,143
2026-08-27T09:31:27Z,154706,237600,237600,314
2026-08-27T09:31:27Z,154707,150000,157000,350
2026-08-27T09:31:27Z,154722,500,700,20684
2026-08-27T09:31:27Z,154881,39500,39500,630
2026-08-27T09:31:27Z,154882,9600,9600,478
2026-08-27T09:31:27Z,154883,9500,9500,431
2026-08-27T09:31:27Z,154884,10000,37500,32
2026-08-27T09:31:27Z,154885,14900,19900,1132
2026-08-27T09:31:27Z,154886,50000,52200,2062
2026-08-27T09:31:27Z,154887,80000,80000,107
2026-08-27T09:31:27Z,154888,4900,449900,85
2026-08-27T09:31:27Z,154889,3800,3800,735
2026-08-27T09:31:27Z,154891,5100,5100,681
2026-08-27T09:31:27Z,154897,700,700,11685
2026-08-27T09:31:27Z,154898,700,700,7310
2026-08-27T09:31:27Z,154899,700,700,13977
2026-08-27T09:31:27Z,154989,3253300,3253300,571
2026-08-27T09:31:27Z,154990,1111400,1871400,168
2026-08-27T09:31:27Z,155593,12000,12000,50
2026-08-27T09:31:27Z,155598,5300,5300,28
2026-08-27T09:31:27Z,155600,290008100,290008100,1
2026-08-27T09:31:27Z,155601,3600,3600,29
2026-08-27T09:31:27Z,155603,4500,4500,60
2026-08-27T09:31:27Z,155605,450000,450000,65
2026-08-27T09:31:27Z,155607,100008100,100008100,4
2026-08-27T09:31:27Z,155608,3200,49003200,22
2026-08-27T09:31:27Z,155609,3900,3900,26
2026-08-27T09:31:27Z,155610,140000,140000,32
2026-08-27T09:31:27Z,155615,3800,3800,128
2026-08-27T09:31:27Z,155618,9904000,9904000,80
2026-08-27T09:31:27Z,155620,290008100,290008100,1
2026-08-27T09:31:27Z,155629,3300,4903300,203
2026-08-27T09:31:27Z,155631,3900,3900,31
2026-08-27T09:31:27Z,155635,3400,3400,38
2026-08-27T09:31:27Z,155636,9400,9909400,65
2026-08-27T09:31:27Z,155649,290002300,290002300,1
2026-08-27T09:31:27Z,155810,1800000,1900000,24
2026-08-27T09:31:27Z,155811,49900,49900,130
2026-08-27T09:31:27Z,155812,49900,9709400,30
2026-08-27T09:31:27Z,155813,50000,50000,335
2026-08-27T09:31:27Z,155814,51000,51000,298
2026-08-27T09:31:27Z,155907,103000,103100,31
2026-08-27T09:31:27Z,155909,54600,54600,40
2026-08-27T09:31:27Z,155910,500000,500000,39
2026-08-27T09:31:27Z,156525,90000,140000,322
2026-08-27T09:31:27Z,156526,26200,42500,188
2026-08-27T09:31:27Z,156624,25859900,25859900,6
2026-08-27T09:31:27Z,156627,9991500,9991500,8
2026-08-27T09:31:27Z,156646,1500005100,1500005100,1
2026-08-27T09:31:27Z,156872,7808000,9760000,21
2026-08-27T09:31:27Z,156873,9500000,9903400,22
2026-08-27T09:31:27Z,156930,6200,8000,14316
2026-08-27T09:31:27Z,157798,39595300,39595300,15
2026-08-27T09:31:27Z,157842,40000,50000,170
2026-08-27T09:31:27Z,157844,3500,3500,80
2026-08-27T09:31:27Z,158186,200,600,150001
2026-08-27T09:31:27Z,158187,7000,8300,29432
2026-08-27T09:31:27Z,158188,300000,300000,4904
2026-08-27T09:31:27Z,158189,10000,12000,6325
2026-08-27T09:31:27Z,158201,203300,1999900,1704
2026-08-27T09:31:27Z,158202,336600,999900,1291
2026-08-27T09:31:27Z,158203,2097200,2097200,26
2026-08-27T09:31:27Z,158204,103300,831500,982
2026-08-27T09:31:27Z,158205,3900,3900,13985
2026-08-27T09:31:27Z,158210,3200,49003200,22
2026-08-27T09:31:27Z,158212,240000,240000,46
2026-08-27T09:31:27Z,158327,206300,206300,29
2026-08-27T09:31:27Z,158377,52200,52200,27
2026-08-27T09:31:27Z,158378,2700,3000,55542
2026-08-27T09:31:27Z,158379,25000,25000,446
2026-08-27T09:31:27Z,158380,140000,145500,3272
2026-08-27T09:31:27Z,158381,7200,7200,254
2026-08-27T09:31:27Z,158382,19500,19500,351
2026-08-27T09:31:27Z,158466,47000,47000,65
2026-08-27T09:31:27Z,158736,290008900,290008900,1
2026-08-27T09:31:27Z,158740,140000,49000000,23
2026-08-27T09:31:27Z,158743,290009200,290009200,1
2026-08-27T09:31:27Z,158744,100007800,100007800,3
2026-08-27T09:31:27Z,158745,11500,11500,26
2026-08-27T09:31:27Z,158746,35003300,35003300,41
2026-08-27T09:31:27Z,158747,500000,760000,24
2026-08-27T09:31:27Z,158749,290002200,290002200,1
2026-08-27T09:31:27Z,158750,49007400,49007400,20
2026-08-27T09:31:27Z,158751,45000,4903900,203
2026-08-27T09:31:27Z,158752,158800,158800,100
2026-08-27T09:31:27Z,158754,107874800,107874800,4
2026-08-27T09:31:27Z,158756,1000000,1000000,4
2026-08-27T09:31:27Z,158757,100001100,100001100,4
2026-08-27T09:31:27Z,158758,290000300,290000300,1
2026-08-27T09:31:27Z,158759,44979900,44979900,2
2026-08-27T09:31:27Z,158760,256000,326000,40
2026-08-27T09:31:27Z,158765,29000000,29009900,9
2026-08-27T09:31:27Z,158769,290008100,290008100,1
2026-08-27T09:31:27Z,158770,10009200,10009200,2
2026-08-27T09:31:27Z,158771,3100,3100,27
2026-08-27T09:31:27Z,158773,32000,32000,40
2026-08-27T09:31:27Z,158775,120400,120400,29
2026-08-27T09:31:27Z,158777,290006100,290006100,1
2026-08-27T09:31:27Z,158778,22000,22000,34
2026-08-27T09:31:27Z,158779,290000600,290000600,1
2026-08-27T09:31:27Z,158781,290001000,290001000,1
2026-08-27T09:31:27Z,158783,290000700,290000700,1
2026-08-27T09:31:27Z,158788,290004200,290004200,1
2026-08-27T09:31:27Z,158789,5271100,5271100,2
2026-08-27T09:31:27Z,158790,200003800,200003800,6
2026-08-27T09:31:27Z,158792,290002500,290002500,3
2026-08-27T09:31:27Z,158794,290000800,290000800,2
2026-08-27T09:31:27Z,158795,49002200,49002200,20
2026-08-27T09:31:27Z,158796,290004000,290004000,1
2026-08-27T09:31:27Z,158797,290009900,290009900,1
2026-08-27T09:31:27Z,158801,200000400,200000400,4
2026-08-27T09:31:27Z,158805,290008100,290008100,1
2026-08-27T09:31:27Z,158806,30000,49000000,22
2026-08-27T09:31:27Z,158808,15000,15000,27
2026-08-27T09:31:27Z,158810,29009900,29009900,2
2026-08-27T09:31:27Z,158811,1000000,1000000,24
2026-08-27T09:31:27Z,158813,49009000,49009000,20
2026-08-27T09:31:27Z,158815,290001800,290001800,1
2026-08-27T09:31:27Z,158817,290008200,290008200,1
2026-08-27T09:31:27Z,158818,290008700,290008700,1
2026-08-27T09:31:27Z,158819,4999900,4999900,5
2026-08-27T09:31:27Z,158820,290007700,290007700,1
2026-08-27T09:31:27Z,158821,49009900,49009900,20
2026-08-27T09:31:27Z,158822,290000000,290000000,1
2026-08-27T09:31:27Z,158823,49003000,49003000,1
2026-08-27T09:31:27Z,158826,290006900,290006900,2
2026-08-27T09:31:27Z,158828,30009900,49009900,24
2026-08-27T09:31:27Z,158830,300000,400000,9
2026-08-27T09:31:27Z,158831,49001700,49001700,23
2026-08-27T09:31:27Z,158832,20004800,20004800,3
2026-08-27T09:31:27Z,158834,30000,40000,39
2026-08-27T09:31:27Z,158836,290009000,290009000,1
2026-08-27T09:31:27Z,158838,190009900,190009900,2
2026-08-27T09:31:27Z,158839,7400,7400,24
2026-08-27T09:31:27Z,158840,290001000,290001000,1
2026-08-27T09:31:27Z,158842,990003100,990003100,1
2026-08-27T09:31:27Z,158844,290002200,290002200,1
2026-08-27T09:31:27Z,158848,20003300,49003300,21
2026-08-27T09:31:27Z,158849,2000000,2000000,6
2026-08-27T09:31:27Z,158850,290001200,290001200,1
2026-08-27T09:31:27Z,158851,100002000,100002000,5
2026-08-27T09:31:27Z,158853,200000000,200000000,2
2026-08-27T09:31:27Z,158855,146300,146300,4
2026-08-27T09:31:27Z,158856,9999900,49006500,22
2026-08-27T09:31:27Z,158857,5000000,5000000,7
2026-08-27T09:31:27Z,158858,290002600,290002600,1
2026-08-27T09:31:27Z,158859,11000,11000,29
2026-08-27T09:31:27Z,158860,49800,49800,27
2026-08-27T09:31:27Z,158861,59000,59000,34
2026-08-27T09:31:27Z,158862,14700,14700,24
2026-08-27T09:31:27Z,158863,17800,17800,25
2026-08-27T09:31:27Z,158864,13800,49003800,21
2026-08-27T09:31:27Z,158865,16300,16300,35
2026-08-27T09:31:27Z,158866,259900,259900,31
2026-08-27T09:31:27Z,158867,18000,18000,25
2026-08-27T09:31:27Z,158868,28100,28100,26
2026-08-27T09:31:27Z,158869,202300,272300,27
2026-08-27T09:31:27Z,158870,5000,49006100,107
2026-08-27T09:31:27Z,158871,5040000,5040000,15
2026-08-27T09:31:27Z,158872,49006000,49006000,21
2026-08-27T09:31:27Z,158873,200006100,200006100,18
2026-08-27T09:31:27Z,158874,17500,17500,36
2026-08-27T09:31:27Z,158926,9882900,9882900,25
2026-08-27T09:31:27Z,158927,190000,190000,172
2026-08-27T09:31:27Z,158936,49003000,49003000,21
2026-08-27T09:31:27Z,159140,40000,50000,31
2026-08-27T09:31:27Z,159145,290000600,290000600,1
2026-08-27T09:31:27Z,159464,70000,70000,112
2026-08-27T09:31:27Z,159466,487400,487500,118
2026-08-27T09:31:27Z,159467,160000,160000,104
2026-08-27T09:31:27Z,159468,179800,179900,50
2026-08-27T09:31:27Z,159471,199900,200000,65
2026-08-27T09:31:27Z,159750,9890000,9890000,20
2026-08-27T09:31:27Z,159756,2000000,2000000,28
2026-08-27T09:31:27Z,159785,44400,44400,123
2026-08-27T09:31:27Z,159786,251000,251000,92
2026-08-27T09:31:27Z,159787,180000,180000,106
2026-08-27T09:31:27Z,159788,609700,609700,80
2026-08-27T09:31:27Z,159789,300000,300000,102
2026-08-27T09:31:27Z,159791,148700,177300,67
2026-08-27T09:31:27Z,159792,19300,19300,57
2026-08-27T09:31:27Z,159825,50000,50000,662
2026-08-27T09:31:27Z,159826,79900,100000,354
2026-08-27T09:31:27Z,159827,19500,19500,304
2026-08-27T09:31:27Z,159845,24800,24800,385
2026-08-27T09:31:27Z,159846,150600,150600,127
2026-08-27T09:31:27Z,159847,150600,150600,217
2026-08-27T09:31:27Z,159848,9806000,9806000,21
2026-08-27T09:31:27Z,159849,29400,29400,245
2026-08-27T09:31:27Z,159850,149600,149600,123
2026-08-27T09:31:27Z,159867,18100,18100,139
2026-08-27T09:31:27Z,159868,48300,48300,91
2026-08-27T09:31:27Z,159869,40000,40000,75
2026-08-27T09:31:27Z,159870,40000,40000,44
2026-08-27T09:31:27Z,159871,30000,30000,101
2026-08-27T09:31:27Z,159872,9800000,9800000,20
2026-08-27T09:31:27Z,159873,40000,40000,44
2026-08-27T09:31:27Z,159874,40000,40000,82
2026-08-27T09:31:27Z,159875,40000,40000,31
2026-08-27T09:31:27Z,159876,9800000,9800000,29
2026-08-27T09:31:27Z,159878,41000,41000,109
2026-08-27T09:31:27Z,159879,9969700,9969700,20
2026-08-27T09:31:27Z,159897,9900000,9900000,20
2026-08-27T09:31:27Z,159898,40000,40000,103
2026-08-27T09:31:27Z,159899,53700,53700,25
2026-08-27T09:31:27Z,159900,30000,30000,43
2026-08-27T09:31:27Z,159919,19900,19900,39
2026-08-27T09:31:27Z,159920,34900,35000,240
2026-08-27T09:31:27Z,159959,7300,7400,8663
2026-08-27T09:31:27Z,160053,118700,118800,499
2026-08-27T09:31:27Z,160059,400,700,7316
2026-08-27T09:31:27Z,160092,10000,10000,29
2026-08-27T09:31:27Z,160298,800,800,10048
2026-08-27T09:31:27Z,160328,197777400,197777400,1
2026-08-27T09:31:27Z,160330,199898600,199898600,1
2026-08-27T09:31:27Z,160398,8700,8700,10002
2026-08-27T09:31:27Z,160399,9700,9700,6691
2026-08-27T09:31:27Z,160400,8100,8100,14666
2026-08-27T09:31:27Z,160483,2100,2100,54
2026-08-27T09:31:27Z,160484,70000,70000,27
2026-08-27T09:31:27Z,160502,5000,5000,5965
2026-08-27T09:31:27Z,160518,9879900,9879900,20
2026-08-27T09:31:27Z,160551,290000100,290000100,1
2026-08-27T09:31:27Z,160554,830000,9900000,22
2026-08-27T09:31:27Z,160560,9990100,25850100,34
2026-08-27T09:31:27Z,160579,990000100,990000100,1
2026-08-27T09:31:27Z,160581,290000100,290000100,1
2026-08-27T09:31:27Z,160582,1500000100,1500000100,2
2026-08-27T09:31:27Z,160611,9870100,9870100,20
2026-08-27T09:31:27Z,160705,4900,4900,5387
2026-08-27T09:31:27Z,160709,2400,2400,6894
2026-08-27T09:31:27Z,160710,1900,1900,3005
2026-08-27T09:31:27Z,160711,11500,11500,12524
2026-08-27T09:31:27Z,160712,1400,1400,3415
2026-08-27T09:31:27Z,160942,197621100,197621100,1
2026-08-27T09:31:27Z,160989,40000,40000,52
2026-08-27T09:31:27Z,161053,2400,2400,898
2026-08-27T09:31:27Z,161126,30000,30000,40
2026-08-27T09:31:27Z,161127,9851900,9851900,20
2026-08-27T09:31:27Z,161128,40000,45600,385
2026-08-27T09:31:27Z,161153,16900,18700,33
2026-08-27T09:31:27Z,161314,9700000,9700000,20
2026-08-27T09:31:27Z,161344,88642200,89999700,291
2026-08-27T09:31:27Z,161346,49600,49600,44
2026-08-27T09:31:27Z,161347,890000,890000,42
2026-08-27T09:31:27Z,161348,9989300,9989300,20
2026-08-27T09:31:27Z,161373,9500,9500,115
2026-08-27T09:31:27Z,161383,32200,32200,87
2026-08-27T09:31:27Z,161384,9909900,9909900,31
2026-08-27T09:31:27Z,162010,54500000,55550000,20
2026-08-27T09:31:27Z,162011,1999000,1999000,106
2026-08-27T09:31:27Z,162012,107300,107300,170
2026-08-27T09:31:27Z,162022,2499900,2499900,619
2026-08-27T09:31:27Z,162026,103400,103400,241
2026-08-27T09:31:27Z,162027,2499300,2699900,611
2026-08-27T09:31:27Z,162029,2952300,2952300,78
2026-08-27T09:31:27Z,162107,9500000000,9500000000,1
2026-08-27T09:31:27Z,162111,5834261900,5834261900,2
2026-08-27T09:31:27Z,162116,15000000000,15000000000,1
2026-08-27T09:31:27Z,162117,9990100,9990100,20
2026-08-27T09:31:27Z,162122,7500001400,7500001400,1
2026-08-27T09:31:27Z,162515,3600,6800,12398
2026-08-27T09:31:27Z,162516,519800,520000,79
2026-08-27T09:31:27Z,162517,220000,890000,482
2026-08-27T09:31:27Z,162545,550000,550000,50
2026-08-27T09:31:27Z,162546,9889800,9889800,18
2026-08-27T09:31:27Z,162547,9969900,9969900,18
2026-08-27T09:31:27Z,162550,9890600,9890600,20
2026-08-27T09:31:27Z,162551,10000,10000,1
2026-08-27T09:31:27Z,162552,702500,702500,30
2026-08-27T09:31:27Z,162554,49800,49800,80
2026-08-27T09:31:27Z,162555,5000,5000,5663
2026-08-27T09:31:27Z,162556,9900000,9900000,24
2026-08-27T09:31:27Z,162557,29000,29000,35
2026-08-27T09:31:27Z,162558,9855700,9855700,20
2026-08-27T09:31:27Z,162559,19700,19700,50
2026-08-27T09:31:27Z,162560,202400,534200,35
2026-08-27T09:31:27Z,162561,46000,46500,53
2026-08-27T09:31:27Z,162562,9959800,9959800,20
2026-08-27T09:31:27Z,162564,9849900,9849900,23
2026-08-27T09:31:27Z,162565,9890000,9890000,20
2026-08-27T09:31:27Z,162566,9900000,9900000,20
2026-08-27T09:31:27Z,162567,9900000,9900000,20
2026-08-27T09:31:27Z,162568,9974800,9974800,19
2026-08-27T09:31:27Z,162569,9904500,9904500,20
2026-08-27T09:31:27Z,162570,100000,100000,40
2026-08-27T09:31:27Z,162572,4695700,9890500,22
2026-08-27T09:31:27Z,162573,1343600,9897200,21
2026-08-27T09:31:27Z,162574,899900,900000,44
2026-08-27T09:31:27Z,162575,700000,700000,31
2026-08-27T09:31:27Z,162582,9971800,9971800,20
2026-08-27T09:31:27Z,162583,9949900,9949900,20
2026-08-27T09:31:27Z,162651,999980000,999980000,1
2026-08-27T09:31:27Z,162659,1500007200,1500007200,1
2026-08-27T09:31:27Z,162660,153642800,153642800,2
2026-08-27T09:31:27Z,162661,999980000,999980000,1
2026-08-27T09:31:27Z,162662,990008600,990008600,1
2026-08-27T09:31:27Z,162663,5000000,49000000,20
2026-08-27T09:31:27Z,162664,150000000,150000000,3
2026-08-27T09:31:27Z,162666,990001200,990001200,1
2026-08-27T09:31:27Z,162671,1500001600,1500001600,1
2026-08-27T09:31:27Z,162674,4507900,4507900,3
2026-08-27T09:31:27Z,162676,156006000,156006000,2
2026-08-27T09:31:27Z,162677,100000000,100000000,4
2026-08-27T09:31:27Z,162678,999980000,999980000,2
2026-08-27T09:31:27Z,162679,5500006500,5500006500,1
2026-08-27T09:31:27Z,162680,990007500,990007500,1
2026-08-27T09:31:27Z,162681,5238800,5238800,5
2026-08-27T09:31:27Z,162682,999980000,999980000,4
2026-08-27T09:31:27Z,162981,3909900,3909900,210
2026-08-27T09:31:27Z,162982,1000000,1000000,28
2026-08-27T09:31:27Z,163018,43000,43000,146
2026-08-27T09:31:27Z,163019,19100,19100,44
2026-08-27T09:31:27Z,163049,9950000,9950000,20
2026-08-27T09:31:27Z,163050,50000,50000,44
2026-08-27T09:31:27Z,163051,48800,48800,33
2026-08-27T09:31:27Z,163052,33000,33000,45
2026-08-27T09:31:27Z,163053,39700,39700,78
2026-08-27T09:31:27Z,163054,39900,39900,86
2026-08-27T09:31:27Z,163056,2000000,2000000,24
2026-08-27T09:31:27Z,163057,9997500,9997500,22
2026-08-27T09:31:27Z,163058,20000,20000,35
2026-08-27T09:31:27Z,163060,49900,49900,68
2026-08-27T09:31:27Z,163061,6690300,6690300,29
2026-08-27T09:31:27Z,163075,26200,26200,114
2026-08-27T09:31:27Z,163076,20300,20300,102
2026-08-27T09:31:27Z,163077,49800,49800,109
2026-08-27T09:31:27Z,163082,300,500,1152
2026-08-27T09:31:27Z,163083,59800,59800,39
2026-08-27T09:31:27Z,163094,404800,404800,124
2026-08-27T09:31:27Z,163098,102400,102500,24
2026-08-27T09:31:27Z,163100,45100,45100,43
2026-08-27T09:31:27Z,163101,103200,103200,39
2026-08-27T09:31:27Z,163102,100000,100000,24
2026-08-27T09:31:27Z,163103,48800,81000,25
2026-08-27T09:31:27Z,163104,9904000,9904000,19
2026-08-27T09:31:27Z,163105,30000,30000,40
2026-08-27T09:31:27Z,163106,30000,30000,55
2026-08-27T09:31:27Z,163107,51600,51600,68
2026-08-27T09:31:27Z,163109,50000,50000,35
2026-08-27T09:31:27Z,163110,55700,55700,478
2026-08-27T09:31:27Z,163115,40000,40000,24
2026-08-27T09:31:27Z,163117,9813000,9813000,20
2026-08-27T09:31:27Z,163118,9901900,9901900,20
2026-08-27T09:31:27Z,163132,140300,140400,42
2026-08-27T09:31:27Z,163133,48000,48000,113
2026-08-27T09:31:27Z,163134,9969700,9969700,20
2026-08-27T09:31:27Z,163136,4131400,9800000,21
2026-08-27T09:31:27Z,163137,3583200,3583200,120
2026-08-27T09:31:27Z,163138,9955000,9955000,40
2026-08-27T09:31:27Z,163140,440000,440000,65
2026-08-27T09:31:27Z,163143,300000,300000,25
2026-08-27T09:31:27Z,163147,1500000,1500000,20
2026-08-27T09:31:27Z,163149,15000,15000,26
2026-08-27T09:31:27Z,163150,599800,599800,372
2026-08-27T09:31:27Z,163151,1500000,1500000,59
2026-08-27T09:31:27Z,163152,9899400,9899400,20
2026-08-27T09:31:27Z,163153,448500,448500,32
2026-08-27T09:31:27Z,163154,159900,159900,125
2026-08-27T09:31:27Z,163155,9908000,9908000,20
2026-08-27T09:31:27Z,163156,9803700,9803700,20
2026-08-27T09:31:27Z,163157,9899300,9899300,20
2026-08-27T09:31:27Z,163158,8900,8900,129
2026-08-27T09:31:27Z,163159,9890000,9890000,20
2026-08-27T09:31:27Z,163160,9849500,9849500,20
2026-08-27T09:31:27Z,163187,9969700,9969700,20
2026-08-27T09:31:27Z,163192,1499900,1499900,113
2026-08-27T09:31:27Z,163202,9944800,9944800,19
2026-08-27T09:31:27Z,163207,97300,97300,113
2026-08-27T09:31:27Z,163208,390000,390000,62
2026-08-27T09:31:27Z,163222,32500,1406800,302
2026-08-27T09:31:27Z,163223,92200,1390000,443
2026-08-27T09:31:27Z,163224,4600,5100,322
2026-08-27T09:31:27Z,163225,2500,2500,274
2026-08-27T09:31:27Z,163387,9970500,9970500,40
2026-08-27T09:31:27Z,163388,9000,9000,112
2026-08-27T09:31:27Z,163391,5900,5900,61
2026-08-27T09:31:27Z,163395,9900000,9900000,20
2026-08-27T09:31:27Z,163399,9903200,9903200,30
2026-08-27T09:31:27Z,163407,9701500,9701500,20
2026-08-27T09:31:27Z,163411,9969700,9969700,20
2026-08-27T09:31:27Z,163522,313900,313900,120
2026-08-27T09:31:27Z,163548,198500,198500,121
2026-08-27T09:31:27Z,163549,194500,194500,113
2026-08-27T09:31:27Z,163558,900000,900000,361
2026-08-27T09:31:27Z,163563,9800000,9800000,25
2026-08-27T09:31:27Z,163569,100,100,563318
2026-08-27T09:31:27Z,163580,290003300,290003300,3
2026-08-27T09:31:27Z,163581,5009700,5009700,3
2026-08-27T09:31:27Z,163606,1424900,49004900,20
2026-08-27T09:31:27Z,163637,406800,406800,34
2026-08-27T09:31:27Z,163638,164300,164300,11
2026-08-27T09:31:27Z,163639,1898800,1898800,23
2026-08-27T09:31:27Z,163640,229300,229300,51
2026-08-27T09:31:27Z,163641,449400,449400,35
2026-08-27T09:31:27Z,163642,499300,499300,13
2026-08-27T09:31:27Z,163643,9905600,9905600,20
2026-08-27T09:31:27Z,163651,9790000,9790000,35
2026-08-27T09:31:27Z,163685,290001100,290001100,1
2026-08-27T09:31:27Z,163686,290001900,290001900,1
2026-08-27T09:31:27Z,163687,290000100,290000100,2
2026-08-27T09:31:27Z,163688,290001800,290001800,1
2026-08-27T09:31:27Z,163691,5400,149900,519
2026-08-27T09:31:27Z,163692,750000,750000,391
2026-08-27T09:31:27Z,163695,57200,105300,653
2026-08-27T09:31:27Z,163698,2900,1990000,117
2026-08-27T09:31:27Z,163700,2900,990000,220
2026-08-27T09:31:27Z,163701,2500,990000,215
2026-08-27T09:31:27Z,163707,91900,92100,527
2026-08-27T09:31:27Z,163709,39901900,39901900,5
2026-08-27T09:31:27Z,163781,79500,79500,738
2026-08-27T09:31:27Z,163782,232500,249900,1662
2026-08-27T09:31:27Z,163783,1943100,1943100,30
2026-08-27T09:31:27Z,163784,48800,48800,130
2026-08-27T09:31:27Z,163786,9990400,9990400,20
2026-08-27T09:31:27Z,163841,8900,9000,101
2026-08-27T09:31:27Z,163842,47003300,49003300,42
2026-08-27T09:31:27Z,163844,30003000,49003000,12
2026-08-27T09:31:27Z,163855,20000000,20000000,26
2026-08-27T09:31:27Z,163896,49003300,49003300,22
2026-08-27T09:31:27Z,163897,232800,232800,83
2026-08-27T09:31:27Z,163898,290003300,290003300,2
2026-08-27T09:31:27Z,163899,49003300,49003300,18
2026-08-27T09:31:27Z,163900,49003300,49003300,21
2026-08-27T09:31:27Z,163901,253300,253300,104
2026-08-27T09:31:27Z,163902,49003300,49003300,19
2026-08-27T09:31:27Z,163903,253300,253300,28
2026-08-27T09:31:27Z,163904,123300,49003300,22
2026-08-27T09:31:27Z,163906,4999900,4999900,60
2026-08-27T09:31:27Z,163907,1003300,1003300,3
2026-08-27T09:31:27Z,163908,49003300,49003300,1
2026-08-27T09:31:27Z,163910,49003300,49003300,20
2026-08-27T09:31:27Z,163911,49003200,49003200,17
2026-08-27T09:31:27Z,163912,49003300,49003300,20
2026-08-27T09:31:27Z,163913,290003300,290003300,1
2026-08-27T09:31:27Z,163914,158200,158200,35
2026-08-27T09:31:27Z,163915,4999900,4999900,72
2026-08-27T09:31:27Z,163917,49003300,49003300,20
2026-08-27T09:31:27Z,163918,19979000,19989000,31
2026-08-27T09:31:27Z,163919,153300,49003300,22
2026-08-27T09:31:27Z,163920,153300,153300,24
2026-08-27T09:31:27Z,163921,1003300,9903300,63
2026-08-27T09:31:27Z,165016,11500,11500,151
2026-08-27T09:31:27Z,165017,14200,14300,384
2026-08-27T09:31:27Z,165692,2899600,3999900,215
2026-08-27T09:31:27Z,165733,8999900,8999900,110
2026-08-27T09:31:27Z,165755,150000,150000,391
2026-08-27T09:31:27Z,166240,840000,840000,77
2026-08-27T09:31:27Z,166270,205300,209400,44
2026-08-27T09:31:27Z,166288,290001800,290001800,1
2026-08-27T09:31:27Z,166343,20000,20000,398
2026-08-27T09:31:27Z,166344,9900,10000,468
2026-08-27T09:31:27Z,166419,156800,9996800,21
2026-08-27T09:31:27Z,166420,159000,159000,36
2026-08-27T09:31:27Z,166583,5498400,5498400,73
2026-08-27T09:31:27Z,166664,3199200,3199200,117
2026-08-27T09:31:27Z,166728,290008600,290008600,1
2026-08-27T09:31:27Z,166804,110200,110200,2548
2026-08-27T09:31:27Z,167043,9905300,9905300,120
2026-08-27T09:31:27Z,167539,540400,719700,80
2026-08-27T09:31:27Z,167548,9899200,9899200,120
2026-08-27T09:31:27Z,167738,9500,16700,110826
2026-08-27T09:31:27Z,167739,100000,100000,27
2026-08-27T09:31:27Z,167861,150000,199800,1800
2026-08-27T09:31:27Z,167862,270000,270000,3139
2026-08-27T09:31:27Z,167933,1500000100,1500000100,2
2026-08-27T09:31:27Z,168006,290000100,290000100,1
2026-08-27T09:31:27Z,168007,290000100,290000100,1
2026-08-27T09:31:27Z,168008,1500000100,1500000100,1
2026-08-27T09:31:27Z,168009,49000100,49000100,20
2026-08-27T09:31:27Z,168019,290001900,290001900,1
2026-08-27T09:31:27Z,168185,197300,293300,54395
2026-08-27T09:31:27Z,168188,759700,759700,367
2026-08-27T09:31:27Z,168189,49700,49700,535
2026-08-27T09:31:27Z,168190,79800,79800,289
2026-08-27T09:31:27Z,168191,58900,59700,252
2026-08-27T09:31:27Z,168192,75000,75000,242
2026-08-27T09:31:27Z,168193,151700,151700,215
2026-08-27T09:31:27Z,168215,339600,339800,25744
2026-08-27T09:31:27Z,168216,10000,19000,90779
2026-08-27T09:31:27Z,168217,139200,139300,92724
2026-08-27T09:31:27Z,168232,28220800,28220800,10
2026-08-27T09:31:27Z,168302,29700,29700,3063
2026-08-27T09:31:27Z,168303,1500,4000,9809
2026-08-27T09:31:27Z,168310,9900,99900,196
2026-08-27T09:31:27Z,168311,98400,98400,1821
2026-08-27T09:31:27Z,168312,92600,112600,281
2026-08-27T09:31:27Z,168313,450000,450000,177
2026-08-27T09:31:27Z,168314,90000,90000,280
2026-08-27T09:31:27Z,168315,2995500,2995500,38
2026-08-27T09:31:27Z,168392,9950000,9950000,20
2026-08-27T09:31:27Z,168412,2753600,2753600,234
2026-08-27T09:31:27Z,168417,10209900,10500000,4975
2026-08-27T09:31:27Z,168419,2198900,2198900,262
2026-08-27T09:31:27Z,168427,2750000,2750000,115
2026-08-27T09:31:27Z,168446,1440800,1440800,71
2026-08-27T09:31:27Z,168447,1927300,1927300,252
2026-08-27T09:31:27Z,168448,1505900,1505900,122
2026-08-27T09:31:27Z,168449,1554100,1554100,136
2026-08-27T09:31:27Z,168487,60000,101500,44814
2026-08-27T09:31:27Z,168489,990000,990000,230
2026-08-27T09:31:27Z,168498,1000000,1000000,195
2026-08-27T09:31:27Z,168499,987000,987000,122
2026-08-27T09:31:27Z,168500,1000000,1000000,495
2026-08-27T09:31:27Z,168501,961800,961800,220
2026-08-27T09:31:27Z,168506,54900,55000,144
2026-08-27T09:31:27Z,168529,308400,498400,274
2026-08-27T09:31:27Z,168583,69900,70000,22322
2026-08-27T09:31:27Z,168586,55900,58700,10212
2026-08-27T09:31:27Z,168589,58900,67000,33245
2026-08-27T09:31:27Z,168592,1207200,1207200,70
2026-08-27T09:31:27Z,168593,1893400,1893500,186
2026-08-27T09:31:27Z,168596,2741200,2741400,185
2026-08-27T09:31:27Z,168598,2972400,2972500,124
2026-08-27T09:31:27Z,168624,499900,499900,123
2026-08-27T09:31:27Z,168635,5006100,5006100,178
2026-08-27T09:31:27Z,168636,2720000,2729700,66
2026-08-27T09:31:27Z,168637,2000000,2006400,52
2026-08-27T09:31:27Z,168638,2785500,2785500,64
2026-08-27T09:31:27Z,168639,150000,150000,48
2026-08-27T09:31:27Z,168640,39990000,39990000,6
2026-08-27T09:31:27Z,168641,333600,353700,71
2026-08-27T09:31:27Z,168642,321100,324300,76
2026-08-27T09:31:27Z,168645,300,400,8637
2026-08-27T09:31:27Z,168646,229800,229800,886
2026-08-27T09:31:27Z,168649,102300,110300,8570
2026-08-27T09:31:27Z,168650,1300,1600,10793
2026-08-27T09:31:27Z,168651,1490000,1490000,492
2026-08-27T09:31:27Z,168652,800000,990000,334
2026-08-27T09:31:27Z,168653,1920000,1920000,397
2026-08-27T09:31:27Z,168654,873300,2866900,669
2026-08-27T09:31:27Z,168662,76200,76200,1261
2026-08-27T09:31:27Z,168663,54900,54900,3056
2026-08-27T09:31:27Z,168755,49004600,49004600,18
2026-08-27T09:31:27Z,168786,799600,799600,14
2026-08-27T09:31:27Z,168788,612500,612500,19
2026-08-27T09:31:27Z,168789,1724900,1724900,25
2026-08-27T09:31:27Z,168790,180000,180000,11
2026-08-27T09:31:27Z,168791,454500,454500,26
2026-08-27T09:31:27Z,168792,2009800,2009800,24
2026-08-27T09:31:27Z,168793,9990000,9990000,5
2026-08-27T09:31:27Z,168794,142600,142600,10
2026-08-27T09:31:27Z,168795,112500,112500,7
2026-08-27T09:31:27Z,168796,19255500,49002000,23
2026-08-27T09:31:27Z,168797,287000,287000,26
2026-08-27T09:31:27Z,168806,950000,9900000,23
2026-08-27T09:31:27Z,168812,45200,9892500,21
2026-08-27T09:31:27Z,168822,184900,184900,98623
2026-08-27T09:31:27Z,168825,360000,449400,8700
2026-08-27T09:31:27Z,168828,1350000,1389500,36274
2026-08-27T09:31:27Z,168956,7990000,7990000,23
2026-08-27T09:31:27Z,168959,500000,2699900,47
2026-08-27T09:31:27Z,168960,400000,1999900,129
2026-08-27T09:31:27Z,169115,3600000,9850000,21
2026-08-27T09:31:27Z,169116,9919200,9919200,20
2026-08-27T09:31:27Z,169117,9997100,9997100,20
2026-08-27T09:31:27Z,169119,9968700,9968700,20
2026-08-27T09:31:27Z,169130,9900,9900,1065
2026-08-27T09:31:27Z,169132,15000,15000,1806
2026-08-27T09:31:27Z,169135,10000,10000,682
2026-08-27T09:31:27Z,169138,180000,180000,117
2026-08-27T09:31:27Z,169139,49009700,49009700,21
2026-08-27T09:31:27Z,169143,49009700,49009700,22
2026-08-27T09:31:27Z,169145,10000,10000,753
2026-08-27T09:31:27Z,169146,49009700,49009700,20
2026-08-27T09:31:27Z,169149,750000,760000,26
2026-08-27T09:31:27Z,169152,210000,210000,29
2026-08-27T09:31:27Z,169220,1991800,1991900,26
2026-08-27T09:31:27Z,169280,226600,226600,60
2026-08-27T09:31:27Z,169296,25850500,25850500,53
2026-08-27T09:31:27Z,169299,517500,517500,129
2026-08-27T09:31:27Z,169300,158900,519000,126
2026-08-27T09:31:27Z,169332,139500,169900,541
2026-08-27T09:31:27Z,169333,15900,16000,938
2026-08-27T09:31:27Z,169334,666300,666300,1091
2026-08-27T09:31:27Z,169445,2490000,2490000,909
2026-08-27T09:31:27Z,169446,9990000,9990000,20
2026-08-27T09:31:27Z,169449,9853300,9853300,20
2026-08-27T09:31:27Z,169451,5500,8900,8422
2026-08-27T09:31:27Z,169456,375700,375700,447
2026-08-27T09:31:27Z,169660,450000,450000,92
2026-08-27T09:31:27Z,169661,108800,108800,61
2026-08-27T09:31:27Z,169662,458200,458200,81
2026-08-27T09:31:27Z,169663,459300,459300,94
2026-08-27T09:31:27Z,169669,9790000,9790000,119
2026-08-27T09:31:27Z,169673,9990100,9990100,20
2026-08-27T09:31:27Z,169674,7777600,7777700,25
2026-08-27T09:31:27Z,169675,9900000,9900000,31
2026-08-27T09:31:27Z,169697,33330100,33330100,2
2026-08-27T09:31:27Z,169701,55800,60000,47902
2026-08-27T09:31:27Z,169946,9900000,9900000,20
2026-08-27T09:31:27Z,169947,9970400,9970400,20
2026-08-27T09:31:27Z,169948,9870000,9870000,20
2026-08-27T09:31:27Z,169949,49900,49900,62
2026-08-27T09:31:27Z,169952,99800,99800,40
2026-08-27T09:31:27Z,169954,88000,88000,36
2026-08-27T09:31:27Z,169956,9972100,9972100,48
2026-08-27T09:31:27Z,170164,7443600,7444100,19
2026-08-27T09:31:27Z,170165,4959900,4959900,112
2026-08-27T09:31:27Z,170168,5526200,5526200,90
2026-08-27T09:31:27Z,170173,8499400,8499400,89
2026-08-27T09:31:27Z,170491,9990100,12000100,35
2026-08-27T09:31:27Z,170554,56900,60000,3134
2026-08-27T09:31:27Z,171195,1504000,1504000,67
2026-08-27T09:31:27Z,171196,203800,214500,981
2026-08-27T09:31:27Z,171203,1004700,1004700,135
2026-08-27T09:31:27Z,171263,9200,9400,452
2026-08-27T09:31:27Z,171264,30600,389900,266
2026-08-27T09:31:27Z,171266,10400,10400,2046
2026-08-27T09:31:27Z,171267,2800,2800,1392
2026-08-27T09:31:27Z,171268,23000,23200,312
2026-08-27T09:31:27Z,171269,2500,2500,603
2026-08-27T09:31:27Z,171270,399100,399100,432
2026-08-27T09:31:27Z,171271,64900,64900,396
2026-08-27T09:31:27Z,171272,3000,3000,2109
2026-08-27T09:31:27Z,171273,12500,12500,251
2026-08-27T09:31:27Z,171274,20000,27800,133
2026-08-27T09:31:27Z,171275,14300,14300,351
2026-08-27T09:31:27Z,171276,237600,237600,346
2026-08-27T09:31:27Z,171278,450800,1481600,181
2026-08-27T09:31:27Z,171285,11700,11700,604
2026-08-27T09:31:27Z,171286,126800,126800,230
2026-08-27T09:31:27Z,171287,85200,85300,1893
2026-08-27T09:31:27Z,171288,13300,17500,1580
2026-08-27T09:31:27Z,171289,117900,117900,1453
2026-08-27T09:31:27Z,171290,90000,90000,3353
2026-08-27T09:31:27Z,171291,80200,81200,1896
2026-08-27T09:31:27Z,171292,198000,200000,504
2026-08-27T09:31:27Z,171301,600000,600000,508
2026-08-27T09:31:27Z,171315,90000,96400,36800
2026-08-27T09:31:27Z,171346,290000400,290000400,1
2026-08-27T09:31:27Z,171348,12003500,12003500,3
2026-08-27T09:31:27Z,171349,99600,99600,508
2026-08-27T09:31:27Z,171350,50000,50000,214
2026-08-27T09:31:27Z,171351,77100,77100,134
2026-08-27T09:31:27Z,171352,22200,22200,227
2026-08-27T09:31:27Z,171370,68000,70000,809
2026-08-27T09:31:27Z,171428,255000,259000,5125
2026-08-27T09:31:27Z,171436,29600,30500,157
2026-08-27T09:31:27Z,171437,2800,2800,333
2026-08-27T09:31:27Z,171438,1000,1000,117
2026-08-27T09:31:27Z,171439,2700,8200,476
2026-08-27T09:31:27Z,171441,35000,39800,125
2026-08-27T09:31:27Z,171828,49000,56900,35904
2026-08-27T09:31:27Z,171829,32000,34900,81749
2026-08-27T09:31:27Z,171830,28000,29900,12320
2026-08-27T09:31:27Z,171831,36000,53800,12683
2026-08-27T09:31:27Z,171832,34000,34900,3535
2026-08-27T09:31:27Z,171833,88900,95000,8873
2026-08-27T09:31:27Z,171840,500,2400,116317
2026-08-27T09:31:27Z,171841,1300,4100,17064
2026-08-27T09:31:27Z,172008,499700,901000,99
2026-08-27T09:31:27Z,172010,959100,4999900,103
2026-08-27T09:31:27Z,172017,4131700,4131700,38
2026-08-27T09:31:27Z,172018,1939600,1939600,266
2026-08-27T09:31:27Z,172019,3002500,9902800,455
2026-08-27T09:31:27Z,172040,3900,3900,262
2026-08-27T09:31:27Z,172041,1300,1300,593
2026-08-27T09:31:27Z,172042,450000,450000,27
2026-08-27T09:31:27Z,172043,369800,370000,675
2026-08-27T09:31:27Z,172044,4500,4500,187
2026-08-27T09:31:27Z,172045,1300,1300,563
2026-08-27T09:31:27Z,172046,1900,9901200,451
2026-08-27T09:31:27Z,172047,10000,10000,129
2026-08-27T09:31:27Z,172048,23000,23000,690
2026-08-27T09:31:27Z,172049,50000,51700,704
2026-08-27T09:31:27Z,172050,9200,9200,202
2026-08-27T09:31:27Z,172051,4000,5500,359
2026-08-27T09:31:27Z,172052,700,700,20652
2026-08-27T09:31:27Z,172053,700,700,9256
2026-08-27T09:31:27Z,172054,700,700,13115
2026-08-27T09:31:27Z,172055,700,700,7999
2026-08-27T09:31:27Z,172056,1900,1900,4067
2026-08-27T09:31:27Z,172057,5800,5800,4704
2026-08-27T09:31:27Z,172058,3800,3800,2703
2026-08-27T09:31:27Z,172059,1100,1100,3013
2026-08-27T09:31:27Z,172061,5000,5000,60
2026-08-27T09:31:27Z,172062,9700,9700,153
2026-08-27T09:31:27Z,172063,62900,62900,6193
2026-08-27T09:31:27Z,172068,5000,5300,435
2026-08-27T09:31:27Z,172069,11700,11700,193
2026-08-27T09:31:27Z,172089,8000,24900,96763
2026-08-27T09:31:27Z,172091,800000,800000,50
2026-08-27T09:31:27Z,172092,300,600,64837
2026-08-27T09:31:27Z,172094,10000,10000,10703
2026-08-27T09:31:27Z,172096,270000,270000,1756
2026-08-27T09:31:27Z,172097,49000,49900,50065
2026-08-27T09:31:27Z,172142,1500002100,1500002100,1
2026-08-27T09:31:27Z,172143,990002100,990002100,1
2026-08-27T09:31:27Z,172144,290002100,290002100,1
2026-08-27T09:31:27Z,172145,290000300,290000300,1
2026-08-27T09:31:27Z,172146,669900,669900,32
2026-08-27T09:31:27Z,172147,9992100,9992100,2
2026-08-27T09:31:27Z,172202,5500005100,5500005100,2
2026-08-27T09:31:27Z,172230,1600,2300,37919
2026-08-27T09:31:27Z,172231,2700,6100,259092
2026-08-27T09:31:27Z,172232,9200,10600,144165
2026-08-27T09:31:27Z,172233,19800,19800,213
2026-08-27T09:31:27Z,172346,23000,23300,110
2026-08-27T09:31:27Z,172347,3000,3000,181
2026-08-27T09:31:27Z,172357,2900,3000,115
2026-08-27T09:31:27Z,172358,5000,5000,97
2026-08-27T09:31:27Z,172359,4000,4000,81
2026-08-27T09:31:27Z,172360,9900,9900,108
2026-08-27T09:31:27Z,172361,18100,18100,183
2026-08-27T09:31:27Z,172362,5000,5000,140
2026-08-27T09:31:27Z,172363,4700,4700,124
2026-08-27T09:31:27Z,172364,9700,9700,124
2026-08-27T09:31:27Z,172365,26600,26600,97
2026-08-27T09:31:27Z,172366,12100,12100,213
2026-08-27T09:31:27Z,172367,13300,13300,113
2026-08-27T09:31:27Z,172368,48700,48700,109
2026-08-27T09:31:27Z,172370,8500,8500,80
2026-08-27T09:31:27Z,172406,5000,9800,64
2026-08-27T09:31:27Z,172407,455400,455500,76
2026-08-27T09:31:27Z,172408,499400,499600,73
2026-08-27T09:31:27Z,172410,10900,11900,81
2026-08-27T09:31:27Z,172411,29400,29400,172
2026-08-27T09:31:27Z,172412,18100,18100,101
2026-08-27T09:31:27Z,172413,28500,28500,111
2026-08-27T09:31:27Z,172414,3000,3000,75
2026-08-27T09:31:27Z,172415,8400,8400,128
2026-08-27T09:31:27Z,172416,19500,19500,106
2026-08-27T09:31:27Z,172418,59800,59900,48
2026-08-27T09:31:27Z,172419,4900,5000,136
2026-08-27T09:31:27Z,172437,250000,250000,627
2026-08-27T09:31:27Z,172438,110000,110000,930
2026-08-27T09:31:27Z,172439,12500,12900,2721
2026-08-27T09:31:27Z,172449,4739500,4739500,120
2026-08-27T09:31:27Z,172451,800,800,145
2026-08-27T09:31:27Z,172500,290000000,290000000,1
2026-08-27T09:31:27Z,172501,290001400,290001400,1
2026-08-27T09:31:27Z,172502,290002800,290002800,1
2026-08-27T09:31:27Z,172503,290000000,290000000,2
2026-08-27T09:31:27Z,172504,290002800,290002800,1
2026-08-27T09:31:27Z,172902,1437500,1437500,57
2026-08-27T09:31:27Z,172903,51100,52000,340
2026-08-27T09:31:27Z,172904,50000,50000,73
2026-08-27T09:31:27Z,172920,4000,4700,49
2026-08-27T09:31:27Z,172921,2600,2600,79
2026-08-27T09:31:27Z,172934,43300,99900,10015
2026-08-27T09:31:27Z,172935,1500,1600,17117
2026-08-27T09:31:27Z,172936,167500,167500,432
2026-08-27T09:31:27Z,172937,195000,195000,1025
2026-08-27T09:31:27Z,173032,3700,5000,75074
2026-08-27T09:31:27Z,173033,800,1000,20460
2026-08-27T09:31:27Z,173034,700,1000,8429
2026-08-27T09:31:27Z,173035,800,800,7347
2026-08-27T09:31:27Z,173036,8800,9900,1756
2026-08-27T09:31:27Z,173037,1200,276400,22632
2026-08-27T09:31:27Z,173038,7500,7500,212
2026-08-27T09:31:27Z,173039,9900,9900,40
2026-08-27T09:31:27Z,173040,20000,20000,41
2026-08-27T09:31:27Z,173041,9000,9000,55
2026-08-27T09:31:27Z,173042,9500,9800,34
2026-08-27T09:31:27Z,173043,7000,7000,134
2026-08-27T09:31:27Z,173048,9697100,9697100,110
2026-08-27T09:31:27Z,173049,2994400,2999900,36
2026-08-27T09:31:27Z,173051,5602700,5602700,39
2026-08-27T09:31:27Z,173053,7201700,7201700,58
2026-08-27T09:31:27Z,173056,390000,420000,10632
2026-08-27T09:31:27Z,173057,22500,22500,5378
2026-08-27T09:31:27Z,173058,410000,550000,37839
2026-08-27T09:31:27Z,173059,30000,35500,30405
2026-08-27T09:31:27Z,173060,25000,25000,3909
2026-08-27T09:31:27Z,173062,7599100,7599100,42
2026-08-27T09:31:27Z,173065,50000,50000,66
2026-08-27T09:31:27Z,173067,2229900,3339900,34
2026-08-27T09:31:27Z,173070,25000100,39590100,56
2026-08-27T09:31:27Z,173071,1980000,1980000,13
2026-08-27T09:31:27Z,173072,2500000,2500000,15
2026-08-27T09:31:27Z,173073,1990000,1990000,30
2026-08-27T09:31:27Z,173074,1000000,39906800,50
2026-08-27T09:31:27Z,173075,4800000,4800000,28
2026-08-27T09:31:27Z,173076,3000900,3000900,33
2026-08-27T09:31:27Z,173077,39000000,39000000,39
2026-08-27T09:31:27Z,173079,400000,500000,15
2026-08-27T09:31:27Z,173080,90000,90000,26
2026-08-27T09:31:27Z,173081,996900,996900,21
2026-08-27T09:31:27Z,173082,645500,645500,15
2026-08-27T09:31:27Z,173083,970000,970000,22
2026-08-27T09:31:27Z,173084,1400000,1500000,26
2026-08-27T09:31:27Z,173085,500000,990000,30
2026-08-27T09:31:27Z,173086,3500000,3500000,12
2026-08-27T09:31:27Z,173088,770000,770000,27
2026-08-27T09:31:27Z,173089,150000,150000,20
2026-08-27T09:31:27Z,173090,2000000,2000000,28
2026-08-27T09:31:27Z,173091,900000,900000,15
2026-08-27T09:31:27Z,173092,190000,190000,20
2026-08-27T09:31:27Z,173093,7400000,7400000,12
2026-08-27T09:31:27Z,173094,1000000,1000000,20
2026-08-27T09:31:27Z,173095,990000,990000,14
2026-08-27T09:31:27Z,173097,1500000,1500000,23
2026-08-27T09:31:27Z,173098,450000,450000,22
2026-08-27T09:31:27Z,173099,2500000,2500000,29
2026-08-27T09:31:27Z,173100,2200000,2200000,34
2026-08-27T09:31:27Z,173101,999900,999900,26
2026-08-27T09:31:27Z,173102,4500000,4500000,32
2026-08-27T09:31:27Z,173103,2000000,2000000,20
2026-08-27T09:31:27Z,173104,1991800,1991800,34
2026-08-27T09:31:27Z,173108,29600,29600,1547
2026-08-27T09:31:27Z,173109,26400,26400,1140
2026-08-27T09:31:27Z,173110,25900,25900,162
2026-08-27T09:31:27Z,173121,57700,107700,151
2026-08-27T09:31:27Z,173122,173000,173000,126
2026-08-27T09:31:27Z,173123,53000,99900,86
2026-08-27T09:31:27Z,173124,40000,80000,120
2026-08-27T09:31:27Z,173125,99300,174300,229
2026-08-27T09:31:27Z,173126,139000,139400,98
2026-08-27T09:31:27Z,173127,99800,99800,142
2026-08-27T09:31:27Z,173128,250000,284500,153
2026-08-27T09:31:27Z,173129,229000,229000,40
2026-08-27T09:31:27Z,173130,94800,94800,129
2026-08-27T09:31:27Z,173160,1733300,1733300,396
2026-08-27T09:31:27Z,173161,959500,959500,470
2026-08-27T09:31:27Z,173162,1800100,1800100,211
2026-08-27T09:31:27Z,173163,1200000,1200000,309
2026-08-27T09:31:27Z,173168,8400,8900,1139
2026-08-27T09:31:27Z,173170,593900,593900,1332
2026-08-27T09:31:27Z,173171,92600,92600,8347
2026-08-27T09:31:27Z,173172,91000,91100,14914
2026-08-27T09:31:27Z,173173,311800,311800,1044
2026-08-27T09:31:27Z,173191,1800,1800,429
2026-08-27T09:31:27Z,173192,3000,3000,425
2026-08-27T09:31:27Z,173202,100,500,1158446
2026-08-27T09:31:27Z,173204,3300,7900,879509
2026-08-27T09:31:27Z,173359,120009700,120009700,2
2026-08-27T09:31:27Z,173360,49800,49800,47
2026-08-27T09:31:27Z,173361,13400,13400,31
2026-08-27T09:31:27Z,173362,8400,40000,98
2026-08-27T09:31:27Z,173759,199000,199000,63
2026-08-27T09:31:27Z,173760,225200,225200,165
2026-08-27T09:31:27Z,173761,2000000,9900000,23
2026-08-27T09:31:27Z,173762,29900,29900,24
2026-08-27T09:31:27Z,173859,1900,1900,270
2026-08-27T09:31:27Z,173870,990000100,990000100,1
2026-08-27T09:31:27Z,173871,4000,4000,29
2026-08-27T09:31:27Z,173874,13000,13000,78
2026-08-27T09:31:27Z,173875,290002400,290002400,1
2026-08-27T09:31:27Z,173877,30500,49000500,24
2026-08-27T09:31:27Z,173878,290007900,290007900,2
2026-08-27T09:31:27Z,173906,2500009700,2500009700,1
2026-08-27T09:31:27Z,173908,49008800,49008800,20
2026-08-27T09:31:27Z,173911,1500004400,1500004400,1
2026-08-27T09:31:27Z,173912,1500004400,1500004400,1
2026-08-27T09:31:27Z,173913,9994400,9994400,2
2026-08-27T09:31:27Z,173937,855000,855000,24
2026-08-27T09:31:27Z,174041,191800,191800,89
2026-08-27T09:31:27Z,174104,49004200,49004200,20
2026-08-27T09:31:27Z,174207,290005300,290005300,1
2026-08-27T09:31:27Z,174208,1500005600,1500005600,1
2026-08-27T09:31:27Z,174209,290006200,290006200,1
2026-08-27T09:31:27Z,174281,54900,54900,90
2026-08-27T09:31:27Z,174282,9805800,9805800,40
2026-08-27T09:31:27Z,174283,52000,52000,529
2026-08-27T09:31:27Z,174284,9899700,9899700,20
2026-08-27T09:31:27Z,174285,9905000,9905000,20
2026-08-27T09:31:27Z,174322,199900000,199900000,4
2026-08-27T09:31:27Z,174327,60000,74000,9583
2026-08-27T09:31:27Z,174328,170000,170000,1101
2026-08-27T09:31:27Z,174347,1500006000,1500006000,1
2026-08-27T09:31:27Z,174348,419800,419800,68
2026-08-27T09:31:27Z,174349,329900,329900,106
2026-08-27T09:31:27Z,174350,9900,9900,1880
2026-08-27T09:31:27Z,174351,8990000,9650000,44
2026-08-27T09:31:27Z,174352,38000,38000,478
2026-08-27T09:31:27Z,174353,9800,11900,475315
2026-08-27T09:31:27Z,174383,49001000,49001000,20
2026-08-27T09:31:27Z,174890,664100,19990000,11
2026-08-27T09:31:27Z,174891,358300,358300,10
2026-08-27T09:31:27Z,174983,290006000,290006000,1
2026-08-27T09:31:27Z,175052,420000,420000,28
2026-08-27T09:31:27Z,175053,101600,101600,26
2026-08-27T09:31:27Z,175054,140000,140000,15
2026-08-27T09:31:27Z,175056,17991000,17991000,13
2026-08-27T09:31:27Z,175069,50000,50000,119
2026-08-27T09:31:27Z,175241,4200,4200,288
2026-08-27T09:31:27Z,175788,30000,30000,5735
2026-08-27T09:31:27Z,175886,600,600,1910
2026-08-27T09:31:27Z,175924,9900000,9900000,44
2026-08-27T09:31:27Z,175954,290003700,290003700,1
2026-08-27T09:31:27Z,175955,49005400,49005400,28
2026-08-27T09:31:27Z,175957,49000000,49000000,21
2026-08-27T09:31:27Z,175959,290002600,290002600,1
2026-08-27T09:31:27Z,175960,30000,49000000,23
2026-08-27T09:31:27Z,175962,290006300,290006300,1
2026-08-27T09:31:27Z,175970,50000,55000,2655
2026-08-27T09:31:27Z,176086,49006500,49006500,33
2026-08-27T09:31:27Z,176087,2226900,9800000,87
2026-08-27T09:31:27Z,176088,270006300,270006300,3
2026-08-27T09:31:27Z,176089,49003000,49003000,23
2026-08-27T09:31:27Z,176391,18200,18200,46
2026-08-27T09:31:27Z,176392,49009900,49009900,22
2026-08-27T09:31:27Z,176393,1487700,1487700,2
2026-08-27T09:31:27Z,176807,255600,255600,33
2026-08-27T09:31:27Z,176809,4700,4700,42
2026-08-27T09:31:27Z,176810,781300,781300,5
2026-08-27T09:31:27Z,176811,50000,50000,122
2026-08-27T09:31:27Z,176852,238800,238800,35
2026-08-27T09:31:27Z,176853,3000,3000,80
2026-08-27T09:31:27Z,176854,290006000,290006000,1
2026-08-27T09:31:27Z,176855,200000,230000,50
2026-08-27T09:31:27Z,176856,49005700,49005700,20
2026-08-27T09:31:27Z,176857,290008100,290008100,1
2026-08-27T09:31:27Z,176858,49002400,49002400,21
2026-08-27T09:31:27Z,176859,48999000,48999000,43
2026-08-27T09:31:27Z,176860,500000,500000,5
2026-08-27T09:31:27Z,176861,49008000,49008000,22
2026-08-27T09:31:27Z,176862,3600,3800,122
2026-08-27T09:31:27Z,176863,290001600,290001600,1
2026-08-27T09:31:27Z,176864,49006000,49006000,20
2026-08-27T09:31:27Z,176865,128500,128500,45
2026-08-27T09:31:27Z,176866,4000,4000,118
2026-08-27T09:31:27Z,176867,49009900,49009900,23
2026-08-27T09:31:27Z,176868,20000,30000,121
2026-08-27T09:31:27Z,176869,5000,5000,160
2026-08-27T09:31:27Z,176870,8506500,49006500,23
2026-08-27T09:31:27Z,176871,17700,17700,24
2026-08-27T09:31:27Z,176872,16900,49006900,22
2026-08-27T09:31:27Z,176873,49009000,49009000,26
2026-08-27T09:31:27Z,176874,13800,13800,53
2026-08-27T09:31:27Z,176875,49009900,49009900,23
2026-08-27T09:31:27Z,176876,850000,850000,59
2026-08-27T09:31:27Z,176877,402400,402400,31
2026-08-27T09:31:27Z,176878,49001600,49001600,20
2026-08-27T09:31:27Z,176879,290003700,290003700,1
2026-08-27T09:31:27Z,176880,290007000,290007000,1
2026-08-27T09:31:27Z,176881,290002500,290002500,1
2026-08-27T09:31:27Z,176882,290000000,290000000,1
2026-08-27T09:31:27Z,176883,100003000,100003000,4
2026-08-27T09:31:27Z,176884,289737000,289737000,1
2026-08-27T09:31:27Z,176885,289900000,289900000,1
2026-08-27T09:31:27Z,176886,290006000,290006000,1
2026-08-27T09:31:27Z,176887,289989800,289989800,2
2026-08-27T09:31:27Z,177025,49009900,49009900,35
2026-08-27T09:31:27Z,177026,49009400,49009400,37
2026-08-27T09:31:27Z,177028,49005700,49005700,39
2026-08-27T09:31:27Z,177040,2900,2900,161
2026-08-27T09:31:27Z,177043,509700,509700,24
2026-08-27T09:31:27Z,177061,107000,107000,1642
2026-08-27T09:31:27Z,177062,86400,86400,2800
2026-08-27T09:31:27Z,177256,98700,98700,62
2026-08-27T09:31:27Z,177659,4100,4100,117
2026-08-27T09:31:27Z,177660,10000,10000,405
2026-08-27T09:31:27Z,177661,19300,19300,127
2026-08-27T09:31:27Z,177715,5000,5000,97
2026-08-27T09:31:27Z,177716,11500,11500,285
2026-08-27T09:31:27Z,177840,5003000,5003000,6
2026-08-27T09:31:27Z,177841,4000000,4000000,93
2026-08-27T09:31:27Z,177842,15789500,15789500,16
2026-08-27T09:31:27Z,177843,4252600,14835100,15
2026-08-27T09:31:27Z,177962,4400,4400,125
2026-08-27T09:31:27Z,178017,290000000,290000000,1
2026-08-27T09:31:27Z,178103,49005800,49005800,21
2026-08-27T09:31:27Z,178104,1490000,1490000,40
2026-08-27T09:31:27Z,178105,990008400,990008400,1
2026-08-27T09:31:27Z,178106,49005900,49005900,21
2026-08-27T09:31:27Z,178107,49000300,49000300,20
2026-08-27T09:31:27Z,178108,290003700,290003700,1
2026-08-27T09:31:27Z,178110,5500006000,5500006000,1
2026-08-27T09:31:27Z,178111,2500001600,2500001600,1
2026-08-27T09:31:27Z,178113,3900,49003900,22
2026-08-27T09:31:27Z,178114,16900,49006900,21
2026-08-27T09:31:27Z,178115,190004000,190004000,2
2026-08-27T09:31:27Z,178116,290008600,290008600,1
2026-08-27T09:31:27Z,178122,290000800,290000800,1
2026-08-27T09:31:27Z,178123,49000300,49000300,20
2026-08-27T09:31:27Z,178125,49005400,49005400,20
2026-08-27T09:31:27Z,178126,49009800,49009800,20
2026-08-27T09:31:27Z,178127,859800,49009800,21
2026-08-27T09:31:27Z,178129,49008300,49008300,20
2026-08-27T09:31:27Z,178130,49006600,49006600,20
2026-08-27T09:31:27Z,178131,49007000,49007000,23
2026-08-27T09:31:27Z,178132,19700,49009700,21
2026-08-27T09:31:27Z,178133,77900,77900,54
2026-08-27T09:31:27Z,178134,890000,49000000,23
2026-08-27T09:31:27Z,178135,289999900,289999900,1
2026-08-27T09:31:27Z,178136,4200,4200,83
2026-08-27T09:31:27Z,178137,289999900,289999900,1
2026-08-27T09:31:27Z,178149,43900,44000,97
2026-08-27T09:31:27Z,178172,49000000,49000000,21
2026-08-27T09:31:27Z,178173,200000,49000000,22
2026-08-27T09:31:27Z,178174,290000400,290000400,2
2026-08-27T09:31:27Z,178175,49002900,49002900,21
2026-08-27T09:31:27Z,178177,290002400,290002400,1
2026-08-27T09:31:27Z,178178,3900,3900,150
2026-08-27T09:31:27Z,178216,110000,110000,71
2026-08-27T09:31:27Z,178217,2000,2000,221
2026-08-27T09:31:27Z,178218,880000,880000,33
2026-08-27T09:31:27Z,178219,442000,442000,96
2026-08-27T09:31:27Z,178220,700000,700000,28
2026-08-27T09:31:27Z,178221,3500000,9909900,22
2026-08-27T09:31:27Z,178222,80200,80200,212
2026-08-27T09:31:27Z,178223,1989800,1989800,52
2026-08-27T09:31:27Z,178224,9797000,9797000,38
2026-08-27T09:31:27Z,178225,681800,681800,95
2026-08-27T09:31:27Z,178226,340500,9801000,37
2026-08-27T09:31:27Z,178227,50000,50000,24
2026-08-27T09:31:27Z,178228,440700,440700,161
2026-08-27T09:31:27Z,178247,949000,949000,44
2026-08-27T09:31:27Z,178252,53500,54000,33
2026-08-27T09:31:27Z,178518,50200,9890700,21
2026-08-27T09:31:27Z,178534,9900000,9900000,29
2026-08-27T09:31:27Z,178535,1244100,1256600,63
2026-08-27T09:31:27Z,178536,49500,49500,84
2026-08-27T09:31:27Z,178537,47700,9603700,58
2026-08-27T09:31:27Z,178538,9898400,9898400,25
2026-08-27T09:31:27Z,178539,8110000,8110000,71
2026-08-27T09:31:27Z,178540,9990000,9990000,20
2026-08-27T09:31:27Z,178541,9414700,9414700,88
2026-08-27T09:31:27Z,178542,19400,19400,51
2026-08-27T09:31:27Z,178543,205900,205900,25
2026-08-27T09:31:27Z,178544,991900,991900,192
2026-08-27T09:31:27Z,178545,9802100,9802100,99
2026-08-27T09:31:27Z,178546,415100,423400,28
2026-08-27T09:31:27Z,178547,9760900,9760900,19
2026-08-27T09:31:27Z,178548,50000,50000,58
2026-08-27T09:31:27Z,178549,2743900,2743900,31
2026-08-27T09:31:27Z,178550,1900,1900,134
2026-08-27T09:31:27Z,178551,9509600,9509600,24
2026-08-27T09:31:27Z,178552,30000,30000,30
2026-08-27T09:31:27Z,178786,12700,12700,5979
2026-08-27T09:31:27Z,178787,1021100,1097900,663
2026-08-27T09:31:27Z,178900,9899000,9899000,19
2026-08-27T09:31:27Z,178923,49000800,49000800,20
2026-08-27T09:31:27Z,179001,290003300,290003300,1
2026-08-27T09:31:27Z,179003,48999900,48999900,21
2026-08-27T09:31:27Z,179004,49000800,49000800,20
2026-08-27T09:31:27Z,179005,49002700,49002700,20
2026-08-27T09:31:27Z,179006,48999900,48999900,20
2026-08-27T09:31:27Z,179011,9902800,9902800,20
2026-08-27T09:31:27Z,179012,43200,43200,76
2026-08-27T09:31:27Z,179013,9900000,9900000,20
2026-08-27T09:31:27Z,179014,99900,9880100,22
2026-08-27T09:31:27Z,179015,55700,55700,43
2026-08-27T09:31:27Z,179016,9900000,9900000,19
2026-08-27T09:31:27Z,179017,42900,42900,24
2026-08-27T09:31:27Z,179018,72700,72700,48
2026-08-27T09:31:27Z,179019,40000,40000,39
2026-08-27T09:31:27Z,179020,45000,47700,31
2026-08-27T09:31:27Z,179021,9902200,9902200,20
2026-08-27T09:31:27Z,179022,9904800,9904800,22
2026-08-27T09:31:27Z,179023,51800,51800,73
2026-08-27T09:31:27Z,179025,9900000,9900000,20
2026-08-27T09:31:27Z,179026,40500,40500,132
2026-08-27T09:31:27Z,179166,43300,43300,36
2026-08-27T09:31:27Z,179267,9900000,9900000,20
2026-08-27T09:31:27Z,179268,54800,54800,58
2026-08-27T09:31:27Z,179269,50000,9890000,22
2026-08-27T09:31:27Z,179270,9415900,9901000,23
2026-08-27T09:31:27Z,179271,30000,30300,115
2026-08-27T09:31:27Z,179272,9900000,9900000,20
2026-08-27T09:31:27Z,179273,708300,9950000,22
2026-08-27T09:31:27Z,179274,9870000,9870000,20
2026-08-27T09:31:27Z,179275,54900,54900,29
2026-08-27T09:31:27Z,179276,36900,36900,31
2026-08-27T09:31:27Z,179277,9900000,9900000,20
2026-08-27T09:31:27Z,179278,188000,188000,27
2026-08-27T09:31:27Z,179279,39900,9879900,22
2026-08-27T09:31:27Z,179281,44800,44800,65
2026-08-27T09:31:27Z,179283,40000,40000,49
2026-08-27T09:31:27Z,179284,9790200,9790200,20
2026-08-27T09:31:27Z,179285,40400,9907800,23
2026-08-27T09:31:27Z,179286,148600,9990900,22
2026-08-27T09:31:27Z,179287,9875800,9875800,22
2026-08-27T09:31:27Z,179288,49003300,49003300,20
2026-08-27T09:31:27Z,179289,290003300,290003300,1
2026-08-27T09:31:27Z,179290,290003300,290003300,1
2026-08-27T09:31:27Z,179291,49003300,49003300,20
2026-08-27T09:31:27Z,179292,49003300,49003300,20
2026-08-27T09:31:27Z,179293,29999800,29999900,8
2026-08-27T09:31:27Z,179294,253300,253300,36
2026-08-27T09:31:27Z,179295,2646300,2646300,47
2026-08-27T09:31:27Z,179296,149900,49009900,23
2026-08-27T09:31:27Z,179297,8999900,8999900,2
2026-08-27T09:31:27Z,179298,290003300,290003300,1
2026-08-27T09:31:27Z,179299,290003300,290003300,1
2026-08-27T09:31:27Z,179300,159900,49009900,23
2026-08-27T09:31:27Z,179307,421000,425200,27
2026-08-27T09:31:27Z,179308,300000,9870000,22
2026-08-27T09:31:27Z,179309,89800,89800,25
2026-08-27T09:31:27Z,179310,182600,182600,30
2026-08-27T09:31:27Z,179314,700,700,10349
2026-08-27T09:31:27Z,179315,700,700,15094
2026-08-27T09:31:27Z,179368,49000000,49000000,5
2026-08-27T09:31:27Z,179369,327200,327200,11
2026-08-27T09:31:27Z,179370,200000,200000,42
2026-08-27T09:31:27Z,179372,49000000,49000000,13
2026-08-27T09:31:27Z,179985,49005700,49005700,21
2026-08-27T09:31:27Z,179986,9902100,9902100,100
2026-08-27T09:31:27Z,179992,3900,3900,205
2026-08-27T09:31:27Z,179993,9908700,9908700,20
2026-08-27T09:31:27Z,180055,5000,5000,267
2026-08-27T09:31:27Z,180057,49000,990000,201
2026-08-27T09:31:27Z,180058,195700,195700,144
2026-08-27T09:31:27Z,180059,1508800,1508800,159
2026-08-27T09:31:27Z,180060,899000,899000,164
2026-08-27T09:31:27Z,180088,1400,9900000,23
2026-08-27T09:31:27Z,180168,170000,170000,39
2026-08-27T09:31:27Z,180307,290006000,290006000,2
2026-08-27T09:31:27Z,180309,16301600,16301700,9
2026-08-27T09:31:27Z,180310,290002700,290002700,1
2026-08-27T09:31:27Z,180317,4300,4400,184
2026-08-27T09:31:27Z,180318,1700,74900,292
2026-08-27T09:31:27Z,180326,990006500,990006500,1
2026-08-27T09:31:27Z,180327,290006500,290006500,1
2026-08-27T09:31:27Z,180328,1500006500,1500006500,1
2026-08-27T09:31:27Z,180329,290006500,290006500,1
2026-08-27T09:31:27Z,180330,290006500,290006500,1
2026-08-27T09:31:27Z,180331,290000700,290000700,1
2026-08-27T09:31:27Z,180332,290006500,290006500,1
2026-08-27T09:31:27Z,180333,290006400,290006400,1
2026-08-27T09:31:27Z,180334,290006500,290006500,1
2026-08-27T09:31:27Z,180338,290000000,290000000,1
2026-08-27T09:31:27Z,180340,290006500,290006500,1
2026-08-27T09:31:27Z,180341,290006500,290006500,1
2026-08-27T09:31:27Z,180342,990006500,990006500,1
2026-08-27T09:31:27Z,180343,290006500,290006500,1
2026-08-27T09:31:27Z,180344,990006500,990006500,1
2026-08-27T09:31:27Z,180346,290006500,290006500,1
2026-08-27T09:31:27Z,180347,290006500,290006500,1
2026-08-27T09:31:27Z,180348,290000000,290000000,2
2026-08-27T09:31:27Z,180353,290006500,290006500,1
2026-08-27T09:31:27Z,180354,49001500,49001500,20
2026-08-27T09:31:27Z,180377,190000000,190000000,3
2026-08-27T09:31:27Z,180381,1500009000,1500009000,1
2026-08-27T09:31:27Z,180382,290009000,290009000,5
2026-08-27T09:31:27Z,180383,290009000,290009000,1
2026-08-27T09:31:27Z,180384,290009000,290009000,1
2026-08-27T09:31:27Z,180385,1500009000,1500009000,1
2026-08-27T09:31:27Z,180404,9791600,9890500,37
2026-08-27T09:31:27Z,180405,10000,1990000,107
2026-08-27T09:31:27Z,180406,290005200,290005200,1
2026-08-27T09:31:27Z,180408,1500001100,1500001100,1
2026-08-27T09:31:27Z,180409,9904600,9904600,24
2026-08-27T09:31:27Z,180410,981300,9900500,22
2026-08-27T09:31:27Z,180411,1720500,9888400,21
2026-08-27T09:31:27Z,180412,3070300,9902400,22
2026-08-27T09:31:27Z,180429,9990000,9990000,29
2026-08-27T09:31:27Z,180430,1300,1300,106
2026-08-27T09:31:27Z,180445,5200000,5200000,153
2026-08-27T09:31:27Z,180448,1500000800,1500000800,1
2026-08-27T09:31:27Z,180449,1500000800,1500000800,1
2026-08-27T09:31:27Z,180450,4900800,4900800,200
2026-08-27T09:31:27Z,180457,990000,1048000,92
2026-08-27T09:31:27Z,180475,290009200,290009200,1
2026-08-27T09:31:27Z,180476,49006500,49006500,20
2026-08-27T09:31:27Z,180504,290003300,290003300,1
2026-08-27T09:31:27Z,180505,450003300,450003300,1
2026-08-27T09:31:27Z,180506,290003300,290003300,1
2026-08-27T09:31:27Z,180507,290003300,290003300,1
2026-08-27T09:31:27Z,180509,290003300,290003300,1
2026-08-27T09:31:27Z,180510,49003300,49003300,20
2026-08-27T09:31:27Z,180511,290003300,290003300,1
2026-08-27T09:31:27Z,180512,290003300,290003300,1
2026-08-27T09:31:27Z,180513,290003300,290003300,1
2026-08-27T09:31:27Z,180514,290003300,290003300,1
2026-08-27T09:31:27Z,180515,290003300,290003300,1
2026-08-27T09:31:27Z,180516,223300,49003300,22
2026-08-27T09:31:27Z,180517,290003300,290003300,1
2026-08-27T09:31:27Z,180518,49003300,49003300,19
2026-08-27T09:31:27Z,180519,290003300,290003300,1
2026-08-27T09:31:27Z,180520,253300,253300,34
2026-08-27T09:31:27Z,180614,290005300,290005300,2
2026-08-27T09:31:27Z,180622,290000000,290000000,2
2026-08-27T09:31:27Z,180623,49001700,49001700,5
2026-08-27T09:31:27Z,180624,48900000,48900000,30
2026-08-27T09:31:27Z,180732,4900,4900,9602
2026-08-27T09:31:27Z,180733,78000,78000,1397
2026-08-27T09:31:27Z,180878,290003300,290003300,1
2026-08-27T09:31:27Z,180880,253300,253300,25
2026-08-27T09:31:27Z,180881,49003000,49003000,2
2026-08-27T09:31:27Z,180882,49003300,49003300,18
2026-08-27T09:31:27Z,180883,450003300,450003300,1
2026-08-27T09:31:27Z,180884,290000000,290000000,2
2026-08-27T09:31:27Z,180885,290003300,290003300,1
2026-08-27T09:31:27Z,180886,49003300,49003300,20
2026-08-27T09:31:27Z,180887,290003300,290003300,1
2026-08-27T09:31:27Z,180888,290003300,290003300,1
2026-08-27T09:31:27Z,180889,290003300,290003300,1
2026-08-27T09:31:27Z,180890,290003300,290003300,1
2026-08-27T09:31:27Z,180891,290003300,290003300,1
2026-08-27T09:31:27Z,180892,290003300,290003300,1
2026-08-27T09:31:27Z,180893,290003300,290003300,1
2026-08-27T09:31:27Z,180894,290003300,290003300,1
2026-08-27T09:31:27Z,180991,290008100,290008100,1
2026-08-27T09:31:27Z,180992,49009800,49009800,23
2026-08-27T09:31:27Z,181246,49000200,49000200,21
2026-08-27T09:31:27Z,181247,1268000,49008000,22
2026-08-27T09:31:27Z,181388,39989600,39989600,5
2026-08-27T09:31:27Z,181468,128200,128200,1583
2026-08-27T09:31:27Z,181713,49009900,49009900,25
2026-08-27T09:31:27Z,182118,9898600,9898700,21
2026-08-27T09:31:27Z,182119,9900000,9900000,20
2026-08-27T09:31:27Z,182120,9772400,9772400,27
2026-08-27T09:31:27Z,182121,8100,8100,29
2026-08-27T09:31:27Z,182122,9804400,9804400,56
2026-08-27T09:31:27Z,182123,9700000,9700000,23
2026-08-27T09:31:27Z,182299,49002200,49002200,20
2026-08-27T09:31:27Z,182367,5500000100,5500000100,1
2026-08-27T09:31:27Z,182459,447000,450000,59
2026-08-27T09:31:27Z,182581,699800,900000,911
2026-08-27T09:31:27Z,182653,900,1000,157
2026-08-27T09:31:27Z,182707,49006500,49006500,19
2026-08-27T09:31:27Z,182708,290003900,290003900,1
2026-08-27T09:31:27Z,182709,290000000,290000000,1
2026-08-27T09:31:27Z,182710,290007600,290007600,1
2026-08-27T09:31:27Z,182713,49009000,49009000,33
2026-08-27T09:31:27Z,182714,49000200,49000200,22
2026-08-27T09:31:27Z,182715,48999900,48999900,2
2026-08-27T09:31:27Z,182718,3000000,49000000,29
2026-08-27T09:31:27Z,182733,49006500,49006500,56
2026-08-27T09:31:27Z,182737,3300,3300,637
2026-08-27T09:31:27Z,182756,290009000,290009000,1
2026-08-27T09:31:27Z,182757,290009000,290009000,1
2026-08-27T09:31:27Z,182758,290006900,290006900,1
2026-08-27T09:31:27Z,182760,290006900,290006900,1
2026-08-27T09:31:27Z,182761,290006900,290006900,1
2026-08-27T09:31:27Z,182762,290004000,290004000,1
2026-08-27T09:31:27Z,182763,290006900,290006900,1
2026-08-27T09:31:27Z,182764,290006900,290006900,1
2026-08-27T09:31:27Z,182765,290004800,290004800,1
2026-08-27T09:31:27Z,182766,290003600,290003600,1
2026-08-27T09:31:27Z,182774,290001500,290001500,1
2026-08-27T09:31:27Z,182775,290001500,290001500,1
2026-08-27T09:31:27Z,182776,290001500,290001500,1
2026-08-27T09:31:27Z,182797,49005000,49005000,20
2026-08-27T09:31:27Z,183108,990003400,990003400,1
2026-08-27T09:31:27Z,183109,49008500,49008500,20
2026-08-27T09:31:27Z,183110,49006000,49006000,20
2026-08-27T09:31:27Z,183203,49006000,49006000,22
2026-08-27T09:31:27Z,183204,48900000,48900000,1
2026-08-27T09:31:27Z,183205,289900000,289900000,1
2026-08-27T09:31:27Z,183207,900000,49006500,23
2026-08-27T09:31:27Z,183208,458000,458000,26
2026-08-27T09:31:27Z,183209,49000000,49000000,22
2026-08-27T09:31:27Z,183597,9901100,9901100,30
2026-08-27T09:31:27Z,183599,9702000,9702000,31
2026-08-27T09:31:27Z,183733,25007500,25007500,20
2026-08-27T09:31:27Z,183738,124400,124400,147
2026-08-27T09:31:27Z,183793,9405000,9900000,21
2026-08-27T09:31:27Z,183823,9000,9000,330
2026-08-27T09:31:27Z,183945,49002900,49002900,21
2026-08-27T09:31:27Z,183950,22600,22600,569
2026-08-27T09:31:27Z,183951,98100,185700,1807
2026-08-27T09:31:27Z,183952,890000,890000,350
2026-08-27T09:31:27Z,183953,140000,140000,505
2026-08-27T09:31:27Z,183954,29900,29900,899
2026-08-27T09:31:27Z,183955,69900,69900,1052
2026-08-27T09:31:27Z,183963,158400,158400,48
2026-08-27T09:31:27Z,184049,9903100,9903100,25
2026-08-27T09:31:27Z,184050,989700,989700,27
2026-08-27T09:31:27Z,184051,999900,999900,21
2026-08-27T09:31:27Z,184090,294800,294800,167
2026-08-27T09:31:27Z,184096,2899200,2899200,183
2026-08-27T09:31:27Z,184097,2899800,2899800,78
2026-08-27T09:31:27Z,184100,2976400,2976400,76
2026-08-27T09:31:27Z,184201,209100,209100,707
2026-08-27T09:31:27Z,184202,9890000,9890000,20
2026-08-27T09:31:27Z,184281,50000,50000,84
2026-08-27T09:31:27Z,184283,9880000,9880000,22
2026-08-27T09:31:27Z,184308,21200,21200,143
2026-08-27T09:31:27Z,184309,1500006500,1500006500,1
2026-08-27T09:31:27Z,184310,1500006500,1500006500,1
2026-08-27T09:31:27Z,184340,248897300,248897300,3
2026-08-27T09:31:27Z,184341,752622700,752622700,4
2026-08-27T09:31:27Z,184342,250008800,250008800,2
2026-08-27T09:31:27Z,184343,249999600,249999600,1
2026-08-27T09:31:27Z,184344,974999600,974999600,1
2026-08-27T09:31:27Z,184345,800008800,800008800,1
2026-08-27T09:31:27Z,184346,250008400,250008400,6
2026-08-27T09:31:27Z,184347,924999800,924999800,1
2026-08-27T09:31:27Z,184390,40000,40000,2
2026-08-27T09:31:27Z,184391,40000,40000,11
2026-08-27T09:31:27Z,184392,79900,79900,33
2026-08-27T09:31:27Z,184393,338500,338500,15
2026-08-27T09:31:27Z,184394,49000500,49000500,2
2026-08-27T09:31:27Z,184553,290001900,290001900,1
2026-08-27T09:31:27Z,184624,9904300,9904300,30
2026-08-27T09:31:27Z,184682,75000,75000,71
2026-08-27T09:31:27Z,184690,837400,837400,50
2026-08-27T09:31:27Z,185476,49004200,49004200,21
2026-08-27T09:31:27Z,185477,290006700,290006700,1
2026-08-27T09:31:27Z,185478,290006700,290006700,1
2026-08-27T09:31:27Z,185479,49005300,49005300,20
2026-08-27T09:31:27Z,185480,49009500,49009500,21
2026-08-27T09:31:27Z,185481,49005300,49005300,20
2026-08-27T09:31:27Z,185482,250009900,250009900,2
2026-08-27T09:31:27Z,185483,290003900,290003900,3
2026-08-27T09:31:27Z,185737,43004500,49006300,23
2026-08-27T09:31:27Z,185739,290009000,290009000,1
2026-08-27T09:31:27Z,185910,9990000,9990000,76
2026-08-27T09:31:27Z,185968,290004200,290004200,1
2026-08-27T09:31:27Z,185970,290009500,290009500,1
2026-08-27T09:31:27Z,186017,10000,10900,1806
2026-08-27T09:31:27Z,186522,990000,990000,124
2026-08-27T09:31:27Z,186660,990002600,990002600,1
2026-08-27T09:31:27Z,186661,290006300,290006300,1
2026-08-27T09:31:27Z,186662,999900,2229900,48
2026-08-27T09:31:27Z,186677,290005200,290005200,1
2026-08-27T09:31:27Z,186684,990000,990000,196
2026-08-27T09:31:27Z,186704,575500,580500,112
2026-08-27T09:31:27Z,186725,310000,310000,119
2026-08-27T09:31:27Z,186726,202700,204400,146
2026-08-27T09:31:27Z,186975,1400,1400,61
2026-08-27T09:31:27Z,186981,69100,69100,29
2026-08-27T09:31:27Z,186982,509800,509800,312
2026-08-27T09:31:27Z,187180,49005800,49005800,20
2026-08-27T09:31:27Z,187188,290005800,290005800,1
2026-08-27T09:31:27Z,187189,290003300,290003300,1
2026-08-27T09:31:27Z,187190,290001800,290001800,1
2026-08-27T09:31:27Z,187191,290007800,290007800,1
2026-08-27T09:31:27Z,187192,290005700,290005700,1
2026-08-27T09:31:27Z,187194,290001500,290001500,1
2026-08-27T09:31:27Z,187195,290001600,290001600,2
2026-08-27T09:31:27Z,187196,120000500,120000500,2
2026-08-27T09:31:27Z,187197,290000200,290000200,1
2026-08-27T09:31:27Z,187198,49004900,49004900,19
2026-08-27T09:31:27Z,187199,290005900,290005900,1
2026-08-27T09:31:27Z,187211,290000200,290000200,1
2026-08-27T09:31:27Z,187212,49005700,49005700,19
2026-08-27T09:31:27Z,187213,49006000,49006000,20
2026-08-27T09:31:27Z,187408,290001200,290001200,1
2026-08-27T09:31:27Z,187550,990000100,990000100,1
2026-08-27T09:31:27Z,187553,990000100,990000100,1
2026-08-27T09:31:27Z,187554,5500000100,5500000100,1
2026-08-27T09:31:27Z,187555,990000100,990000100,1
2026-08-27T09:31:27Z,187594,49004000,49004000,20
2026-08-27T09:31:27Z,187633,551500,661500,106
2026-08-27T09:31:27Z,187634,784000,784000,106
2026-08-27T09:31:27Z,187635,189100,189100,112
2026-08-27T09:31:27Z,187636,2448900,2448900,191
2026-08-27T09:31:27Z,187648,9990300,9999500,202
2026-08-27T09:31:27Z,187699,85000,135000,5369
2026-08-27T09:31:27Z,187700,121000,137100,24326
2026-08-27T09:31:27Z,187701,16500,20000,1573
2026-08-27T09:31:27Z,187702,1100,1800,32637
2026-08-27T09:31:27Z,187703,2200,2500,26440
2026-08-27T09:31:27Z,187704,1000,1000,25096
2026-08-27T09:31:27Z,187707,507000,588000,336
2026-08-27T09:31:27Z,187711,151200,49001200,21
2026-08-27T09:31:27Z,187712,10000,10000,67
2026-08-27T09:31:27Z,187796,758600,758600,140
2026-08-27T09:31:27Z,187802,200000,200000,310
2026-08-27T09:31:27Z,187805,999900,9892200,37
2026-08-27T09:31:27Z,187812,16000900,19990900,11
2026-08-27T09:31:27Z,187823,4709700,4709700,9
2026-08-27T09:31:27Z,187825,25000000,25000000,265
2026-08-27T09:31:27Z,187827,99990000,99990000,118
2026-08-27T09:31:27Z,187829,4790000,4790000,15
2026-08-27T09:31:27Z,187831,6989600,6989600,94
2026-08-27T09:31:27Z,187836,7775800,7775800,11
2026-08-27T09:31:27Z,187842,2230400,49002100,21
2026-08-27T09:31:27Z,187849,7200000,7200000,221
2026-08-27T09:31:27Z,187850,25555000,25555000,199
2026-08-27T09:31:27Z,187884,16988000,16988000,89
2026-08-27T09:31:27Z,187887,12996700,12996700,90
2026-08-27T09:31:27Z,187888,14006600,14006600,54
2026-08-27T09:31:27Z,187911,239500,2890000,2304
2026-08-27T09:31:27Z,187931,12599800,12599800,56
2026-08-27T09:31:27Z,187933,6008900,6292500,41
2026-08-27T09:31:27Z,187934,16792200,16792200,102
2026-08-27T09:31:27Z,187936,17457700,17457700,80
2026-08-27T09:31:27Z,188164,8654800,8654800,143
2026-08-27T09:31:27Z,188658,100000,120000,1414
2026-08-27T09:31:27Z,188669,376200,376200,41
2026-08-27T09:31:27Z,188670,1700,4901700,353
2026-08-27T09:31:27Z,188671,1799700,1799700,34
2026-08-27T09:31:27Z,188672,53185600,53185600,5
2026-08-27T09:31:27Z,188681,49006400,49006400,20
2026-08-27T09:31:27Z,188682,228500,228500,15
2026-08-27T09:31:27Z,188683,290006700,290006700,1
2026-08-27T09:31:27Z,188684,24517500,24517500,3
2026-08-27T09:31:27Z,188685,155710000,155710000,3
2026-08-27T09:31:27Z,188760,4488400,4488400,4
2026-08-27T09:31:27Z,188761,347100,350000,155
2026-08-27T09:31:27Z,188762,100005500,100005500,5
2026-08-27T09:31:27Z,188779,290009200,290009200,1
2026-08-27T09:31:27Z,188789,290003200,290003200,1
2026-08-27T09:31:27Z,188790,1207200,49007200,21
2026-08-27T09:31:27Z,188791,290007900,290007900,1
2026-08-27T09:31:27Z,188792,2509500,2509500,10
2026-08-27T09:31:27Z,188794,49001700,49001700,21
2026-08-27T09:31:27Z,188795,290005800,290005800,1
2026-08-27T09:31:27Z,188811,651200,651200,7
2026-08-27T09:31:27Z,188827,49003200,49003200,21
2026-08-27T09:31:27Z,188834,5008400,5008400,4
2026-08-27T09:31:27Z,188835,6003100,6003100,29
2026-08-27T09:31:27Z,188836,290009100,290009100,1
2026-08-27T09:31:27Z,188946,100009200,100009200,2
2026-08-27T09:31:27Z,188947,290000100,290000100,1
2026-08-27T09:31:27Z,188948,5006600,5006600,4
2026-08-27T09:31:27Z,189143,13800,16600,3705
2026-08-27T09:31:27Z,189145,17001800,17001800,335
2026-08-27T09:31:27Z,189146,1330000,1340000,86
2026-08-27T09:31:27Z,189147,15000000,15000000,36
2026-08-27T09:31:27Z,189148,188000,188900,103
2026-08-27T09:31:27Z,189149,200000,335000,51
2026-08-27T09:31:27Z,189150,225000,339000,445
2026-08-27T09:31:27Z,189151,111000,152000,537
2026-08-27T09:31:27Z,189152,1879900,1880000,255
2026-08-27T09:31:27Z,189153,70000,80000,164
2026-08-27T09:31:27Z,189154,115151300,115151300,156
2026-08-27T09:31:27Z,189155,25000000,27000000,159
2026-08-27T09:31:27Z,189156,108000000,108000000,302
2026-08-27T09:31:27Z,189541,940000,940000,322
2026-08-27T09:31:27Z,189542,890000,1199000,2160
2026-08-27T09:31:27Z,189543,1489900,1489900,119
2026-08-27T09:31:27Z,189571,290000300,290000300,1
2026-08-27T09:31:27Z,190235,49000700,49000700,20
2026-08-27T09:31:27Z,190236,290001900,290001900,1
2026-08-27T09:31:27Z,190311,100000,112200,4245
2026-08-27T09:31:27Z,190312,220000,890000,2642
2026-08-27T09:31:27Z,190313,417900,930000,4836
2026-08-27T09:31:27Z,190314,489900,930000,5550
2026-08-27T09:31:27Z,190315,92500,94500,5354
2026-08-27T09:31:27Z,190316,979900,1110000,15223
2026-08-27T09:31:27Z,190320,99500,101800,5447
2026-08-27T09:31:27Z,190321,1010000,1030000,10415
2026-08-27T09:31:27Z,190322,254400,453700,31289
2026-08-27T09:31:27Z,190324,3000000,3190000,22817
2026-08-27T09:31:27Z,190326,104900,125900,15211
2026-08-27T09:31:27Z,190327,1034600,1075000,10751
2026-08-27T09:31:27Z,190328,105000,120000,20939
2026-08-27T09:31:27Z,190329,1000000,1000000,7512
2026-08-27T09:31:27Z,190330,19600,21000,8273
2026-08-27T09:31:27Z,190331,227400,260000,3208
2026-08-27T09:31:27Z,190378,2500800,2500800,62
2026-08-27T09:31:27Z,190380,3640300,3640300,95
2026-08-27T09:31:27Z,190388,70000,80000,107
2026-08-27T09:31:27Z,190394,3800,4200,40597
2026-08-27T09:31:27Z,190395,3700,3800,24402
2026-08-27T09:31:27Z,190396,3700,3800,63632
2026-08-27T09:31:27Z,190450,955000,8880000,1346
2026-08-27T09:31:27Z,190451,99800,100000,4152
2026-08-27T09:31:27Z,190452,128700,128700,221
2026-08-27T09:31:27Z,190530,1070000,1070000,295
2026-08-27T09:31:27Z,190531,2085600,2961600,299
2026-08-27T09:31:27Z,190532,2489800,2489800,31
2026-08-27T09:31:27Z,190533,7921300,7921300,37
2026-08-27T09:31:27Z,190534,2574800,2574800,1219
2026-08-27T09:31:27Z,190535,3489700,3489800,751
2026-08-27T09:31:27Z,190536,3337700,3337700,30
2026-08-27T09:31:27Z,190537,1770000,499999800,129
2026-08-27T09:31:27Z,190538,999800,999800,808
2026-08-27T09:31:27Z,190880,480000,480000,695
2026-08-27T09:31:27Z,190881,9900000,9900000,20
2026-08-27T09:31:27Z,190936,9850000,9850000,19
2026-08-27T09:31:27Z,190953,1300,1300,408
2026-08-27T09:31:27Z,191250,4121700,6738800,41
2026-08-27T09:31:27Z,191256,109800,110000,268
2026-08-27T09:31:27Z,191260,277200,279900,116
2026-08-27T09:31:27Z,191318,13500,13500,79
2026-08-27T09:31:27Z,191319,16000,16000,228
2026-08-27T09:31:27Z,191320,79900,79900,142
2026-08-27T09:31:27Z,191321,870000,870000,166
2026-08-27T09:31:27Z,191322,13300,13300,76
2026-08-27T09:31:27Z,191323,1506500,1506500,113
2026-08-27T09:31:27Z,191324,39400,39700,61
2026-08-27T09:31:27Z,191325,30000,30000,72
2026-08-27T09:31:27Z,191326,9900,10000,126
2026-08-27T09:31:27Z,191327,8000000,8000000,89
2026-08-27T09:31:27Z,191328,8000,8000,317
2026-08-27T09:31:27Z,191329,110000,110000,503
2026-08-27T09:31:27Z,191330,89000,89000,123
2026-08-27T09:31:27Z,191331,30000,30000,139
2026-08-27T09:31:27Z,191332,390000,390000,76
2026-08-27T09:31:27Z,191333,5500,5500,91
2026-08-27T09:31:27Z,191334,19700,19700,1499
2026-08-27T09:31:27Z,191335,50000,50000,44
2026-08-27T09:31:27Z,191336,27500,27500,185
2026-08-27T09:31:27Z,191337,50000,50000,105
2026-08-27T09:31:27Z,191338,148900,148900,90
2026-08-27T09:31:27Z,191339,19800,19800,159
2026-08-27T09:31:27Z,191340,100300,100500,128
2026-08-27T09:31:27Z,191341,28400,28400,2156
2026-08-27T09:31:27Z,191348,1940400,1940400,62
2026-08-27T09:31:27Z,191349,1099800,1099800,85
2026-08-27T09:31:27Z,191350,1209200,1209200,228
2026-08-27T09:31:27Z,191351,1000000,1000000,61
2026-08-27T09:31:27Z,191352,753800,753800,151
2026-08-27T09:31:27Z,191353,489600,489600,447
2026-08-27T09:31:27Z,191357,1270900,9900000,76
2026-08-27T09:31:27Z,191358,197000,197000,199
2026-08-27T09:31:27Z,191359,342200,342200,176
2026-08-27T09:31:27Z,191360,18100,18200,67
2026-08-27T09:31:27Z,191361,18000,9959900,45
2026-08-27T09:31:27Z,191362,90000,100000,52
2026-08-27T09:31:27Z,191363,2200,3000,778
2026-08-27T09:31:27Z,191364,22800,22800,291
2026-08-27T09:31:27Z,191365,20000,20000,127
2026-08-27T09:31:27Z,191366,195400,195400,107
2026-08-27T09:31:27Z,191367,10000,10000,438
2026-08-27T09:31:27Z,191368,22200,22200,107
2026-08-27T09:31:27Z,191369,206100,206100,33
2026-08-27T09:31:27Z,191370,28700,28700,396
2026-08-27T09:31:27Z,191371,99500,99600,190
2026-08-27T09:31:27Z,191372,15700,15700,72
2026-08-27T09:31:27Z,191373,7800,9904500,46
2026-08-27T09:31:27Z,191374,5000,9900,258
2026-08-27T09:31:27Z,191375,50000,50000,45
2026-08-27T09:31:27Z,191376,17900,18000,82
2026-08-27T09:31:27Z,191377,10000,10000,138
2026-08-27T09:31:27Z,191378,1500,2800,1284
2026-08-27T09:31:27Z,191379,8800,8800,167
2026-08-27T09:31:27Z,191380,2900,2900,3292
2026-08-27T09:31:27Z,191381,20000,20000,167
2026-08-27T09:31:27Z,191382,56900,56900,3881
2026-08-27T09:31:27Z,191383,22500,22500,1361
2026-08-27T09:31:27Z,191384,7000,7400,7048
2026-08-27T09:31:27Z,191385,29500,29500,140
2026-08-27T09:31:27Z,191386,88900,88900,10208
2026-08-27T09:31:27Z,191387,660000,660000,178
2026-08-27T09:31:27Z,191388,369900,369900,143
2026-08-27T09:31:27Z,191389,530000,560000,365
2026-08-27T09:31:27Z,191393,3100,3300,7469
2026-08-27T09:31:27Z,191394,40000,40000,237
2026-08-27T09:31:27Z,191395,80000,100000,4134
2026-08-27T09:31:27Z,191396,3100,3200,1004
2026-08-27T09:31:27Z,191397,490000,490000,103
2026-08-27T09:31:27Z,191398,499700,499800,1114
2026-08-27T09:31:27Z,191399,679500,686300,77
2026-08-27T09:31:27Z,191400,5500,5500,82
2026-08-27T09:31:27Z,191401,78800,80000,430
2026-08-27T09:31:27Z,191460,3900,154000,37258
2026-08-27T09:31:27Z,191461,3900,5000,42495
2026-08-27T09:31:27Z,191462,3300,4800,38195
2026-08-27T09:31:27Z,191464,29900,30000,2774
2026-08-27T09:31:27Z,191465,25500,29500,4876
2026-08-27T09:31:27Z,191466,25000,30000,2559
2026-08-27T09:31:27Z,191467,13800,14800,3526
2026-08-27T09:31:27Z,191468,12200,14500,7025
2026-08-27T09:31:27Z,191469,15500,19100,3484
2026-08-27T09:31:27Z,191470,372400,389500,1141
2026-08-27T09:31:27Z,191471,385000,385000,2982
2026-08-27T09:31:27Z,191472,380600,401100,4877
2026-08-27T09:31:27Z,191474,54900,54900,6258
2026-08-27T09:31:27Z,191475,257500,257500,151
2026-08-27T09:31:27Z,191476,239900,240000,3452
2026-08-27T09:31:27Z,191493,4763600,4763600,89
2026-08-27T09:31:27Z,191494,4540000,4540000,309
2026-08-27T09:31:27Z,191495,2200000,2200000,328
2026-08-27T09:31:27Z,191496,705000,705000,419
2026-08-27T09:31:27Z,191497,550000,550000,3128
2026-08-27T09:31:27Z,191498,598000,600200,18827
2026-08-27T09:31:27Z,191499,9900000,9900000,20
2026-08-27T09:31:27Z,191500,1990000,1990000,29
2026-08-27T09:31:27Z,191501,206000,206000,104
2026-08-27T09:31:27Z,191502,9845600,9845600,30
2026-08-27T09:31:27Z,191503,300000,349800,26
2026-08-27T09:31:27Z,191504,409000,409000,113
2026-08-27T09:31:27Z,191505,9989800,9989800,21
2026-08-27T09:31:27Z,191506,290000,290000,174
2026-08-27T09:31:27Z,191507,558400,558400,213
2026-08-27T09:31:27Z,191508,49992500,49992500,4
2026-08-27T09:31:27Z,191509,9995400,9995400,23
2026-08-27T09:31:27Z,191510,190000,190000,47
2026-08-27T09:31:27Z,191511,600000,600000,47
2026-08-27T09:31:27Z,191512,161500,171500,227
2026-08-27T09:31:27Z,191513,189700,189800,123
2026-08-27T09:31:27Z,191514,20009200,20009200,10
2026-08-27T09:31:27Z,191515,109800,117300,47
2026-08-27T09:31:27Z,191516,14000,14000,160
2026-08-27T09:31:27Z,191518,5000,7900,395
2026-08-27T09:31:27Z,191519,27900,67900,134
2026-08-27T09:31:27Z,191520,9898700,9898700,42
2026-08-27T09:31:27Z,191521,72000,72000,201
2026-08-27T09:31:27Z,191522,249900,249900,48
2026-08-27T09:31:27Z,191523,396000,396000,31
2026-08-27T09:31:27Z,191524,559200,559200,254
2026-08-27T09:31:27Z,191525,6899200,6899300,460
2026-08-27T09:31:27Z,191532,195200,195500,25
2026-08-27T09:31:27Z,191533,9137300,9980000,45
2026-08-27T09:31:27Z,191534,5180000,5189800,17
2026-08-27T09:31:27Z,191861,47500,47500,38
2026-08-27T09:31:27Z,191864,49000100,49000100,20
2026-08-27T09:31:27Z,191872,1574900,1574900,35
2026-08-27T09:31:27Z,191873,31471300,39890000,15
2026-08-27T09:31:27Z,191933,101100,101100,205
2026-08-27T09:31:27Z,191939,20600,20600,605
2026-08-27T09:31:27Z,191940,550000,550000,85
2026-08-27T09:31:27Z,191943,11100,11100,75
2026-08-27T09:31:27Z,191944,344600,344700,656
2026-08-27T09:31:27Z,191945,562500,562500,137
2026-08-27T09:31:27Z,191948,390500,390500,52
2026-08-27T09:31:27Z,191949,1110000,1110000,246
2026-08-27T09:31:27Z,191950,2225800,2755900,352
2026-08-27T09:31:27Z,192095,30000,30000,5956
2026-08-27T09:31:27Z,192096,13500,13500,4193
2026-08-27T09:31:27Z,192097,17300,17300,1681
2026-08-27T09:31:27Z,192552,1708100,1708400,51
2026-08-27T09:31:27Z,192553,47700,72000,280
2026-08-27T09:31:27Z,192554,108000,108000,169
2026-08-27T09:31:27Z,192604,290008400,290008400,1
2026-08-27T09:31:27Z,192605,16600,16600,19
2026-08-27T09:31:27Z,192608,6300,6300,157
2026-08-27T09:31:27Z,192609,8200,8200,32
2026-08-27T09:31:27Z,192610,6100,6100,55
2026-08-27T09:31:27Z,192611,5900,5900,81
2026-08-27T09:31:27Z,192613,10000,10000,32
2026-08-27T09:31:27Z,192614,6300,6300,211
2026-08-27T09:31:27Z,192615,6300,6300,14125
2026-08-27T09:31:27Z,192616,290002200,290002200,2
2026-08-27T09:31:27Z,192617,6400,6400,343
2026-08-27T09:31:27Z,192619,9600,9600,32
2026-08-27T09:31:27Z,192620,6200,6200,25
2026-08-27T09:31:27Z,192621,6600,6600,192
2026-08-27T09:31:27Z,192622,6500,6500,134
2026-08-27T09:31:27Z,192623,6000,6000,52
2026-08-27T09:31:27Z,192624,7000,7000,196
2026-08-27T09:31:27Z,192625,7000,7000,330
2026-08-27T09:31:27Z,192626,6600,6600,296
2026-08-27T09:31:27Z,192627,6400,6400,77
2026-08-27T09:31:27Z,192628,6300,6300,121
2026-08-27T09:31:27Z,192629,5900,5900,56
2026-08-27T09:31:27Z,192630,109500,109500,50
2026-08-27T09:31:27Z,192631,6800,7400,400
2026-08-27T09:31:27Z,192632,550000,550000,47
2026-08-27T09:31:27Z,192634,6900,6900,30
2026-08-27T09:31:27Z,192635,6100,6100,413
2026-08-27T09:31:27Z,192636,5900,5900,1155
2026-08-27T09:31:27Z,192644,16300,16300,67
2026-08-27T09:31:27Z,192645,78900,80000,40
2026-08-27T09:31:27Z,192646,15900,15900,64
2026-08-27T09:31:27Z,192647,18200,18200,66
2026-08-27T09:31:27Z,192648,17500,17500,113
2026-08-27T09:31:27Z,192650,28000,30000,35
2026-08-27T09:31:27Z,192651,45000,47800,40
2026-08-27T09:31:27Z,192652,550000,40006500,26
2026-08-27T09:31:27Z,192653,18400,18400,11
2026-08-27T09:31:27Z,192654,17900,17900,16
2026-08-27T09:31:27Z,192655,17700,17700,20
2026-08-27T09:31:27Z,192656,49005600,49005600,1
2026-08-27T09:31:27Z,192657,16800,16800,10
2026-08-27T09:31:27Z,192658,18300,18300,706
2026-08-27T09:31:27Z,192659,259800,259800,7
2026-08-27T09:31:27Z,192661,450000,450000,5
2026-08-27T09:31:27Z,192662,17600,17600,159
2026-08-27T09:31:27Z,192663,9990000,9990000,6
2026-08-27T09:31:27Z,192665,290004200,290004200,1
2026-08-27T09:31:27Z,192666,140000,140000,42
2026-08-27T09:31:27Z,192668,49005000,49005000,1
2026-08-27T09:31:27Z,192669,16200,16200,18
2026-08-27T09:31:27Z,192670,18900,18900,12
2026-08-27T09:31:27Z,192671,4703800,4753800,36
2026-08-27T09:31:27Z,192672,16800,16800,30
2026-08-27T09:31:27Z,192673,16500,16500,20
2026-08-27T09:31:27Z,192674,17000,17000,36
2026-08-27T09:31:27Z,192675,18600,18600,28
2026-08-27T09:31:27Z,192683,17400,17400,26
2026-08-27T09:31:27Z,192684,1500001300,1500001300,1
2026-08-27T09:31:27Z,192685,5000000,5000000,4
2026-08-27T09:31:27Z,192686,290001000,290001000,1
2026-08-27T09:31:27Z,192687,290005100,290005100,1
2026-08-27T09:31:27Z,192688,290000000,290000000,1
2026-08-27T09:31:27Z,192689,290002600,290002600,1
2026-08-27T09:31:27Z,192690,290004500,290004500,2
2026-08-27T09:31:27Z,192691,290007400,290007400,2
2026-08-27T09:31:27Z,192692,290003300,290003300,1
2026-08-27T09:31:27Z,192693,290008800,290008800,1
2026-08-27T09:31:27Z,192695,75000000,75000000,3
2026-08-27T09:31:27Z,192697,750000,750000,16
2026-08-27T09:31:27Z,192700,200000000,200000000,2
2026-08-27T09:31:27Z,192701,300000,300000,6
2026-08-27T09:31:27Z,192702,169999900,169999900,6
2026-08-27T09:31:27Z,192703,290000500,290000500,1
2026-08-27T09:31:27Z,192704,160000700,160000700,2
2026-08-27T09:31:27Z,192705,1509700,1509700,10
2026-08-27T09:31:27Z,192706,4751900,4751900,2
2026-08-27T09:31:27Z,192707,290004900,290004900,1
2026-08-27T09:31:27Z,192708,290005200,290005200,1
2026-08-27T09:31:27Z,192709,8004000,8004000,6
2026-08-27T09:31:27Z,192710,290007400,290007400,1
2026-08-27T09:31:27Z,192711,289991500,289991500,4
2026-08-27T09:31:27Z,192712,218700,218700,5
2026-08-27T09:31:27Z,192713,290003600,290003600,1
2026-08-27T09:31:27Z,192714,990007000,990007000,1
2026-08-27T09:31:27Z,192715,17000,17000,55
2026-08-27T09:31:27Z,192716,290001100,290001100,1
2026-08-27T09:31:27Z,192717,202500,202500,45
2026-08-27T09:31:27Z,192718,900000,900000,11
2026-08-27T09:31:27Z,192719,900000,1000000,10
2026-08-27T09:31:27Z,192720,2950000,2950000,3
2026-08-27T09:31:27Z,192721,290001700,290001700,2
2026-08-27T09:31:27Z,192722,290000800,290000800,1
2026-08-27T09:31:27Z,192723,9000100,9000100,4
2026-08-27T09:31:27Z,192724,280008500,280008500,3
2026-08-27T09:31:27Z,192725,1500002400,1500002400,1
2026-08-27T09:31:27Z,192726,300000,300000,4
2026-08-27T09:31:27Z,192727,2709900,2709900,5
2026-08-27T09:31:27Z,192728,43008900,43008900,5
2026-08-27T09:31:27Z,192729,257600,257600,4
2026-08-27T09:31:27Z,192730,17600,17600,40
2026-08-27T09:31:27Z,192731,290009600,290009600,1
2026-08-27T09:31:27Z,192746,19700,49009700,21
2026-08-27T09:31:27Z,192747,6100,6100,87
2026-08-27T09:31:27Z,192769,50100,50100,29
2026-08-27T09:31:27Z,192833,4200,4200,3795
2026-08-27T09:31:27Z,192834,146000,146000,194
2026-08-27T09:31:27Z,192835,54000,54000,213
2026-08-27T09:31:27Z,192836,45000,59500,1835
2026-08-27T09:31:27Z,192837,55500,55500,319
2026-08-27T09:31:27Z,192838,7200,7400,297
2026-08-27T09:31:27Z,192839,28500,28600,1604
2026-08-27T09:31:27Z,192840,35500,41200,1680
2026-08-27T09:31:27Z,192841,15500,29900,504
2026-08-27T09:31:27Z,192842,32900,33100,2108
2026-08-27T09:31:27Z,192843,37500,37500,978
2026-08-27T09:31:27Z,192844,14900,37100,2416
2026-08-27T09:31:27Z,192845,15500,15600,1495
2026-08-27T09:31:27Z,192846,50000,50000,802
2026-08-27T09:31:27Z,192847,6600,6800,546
2026-08-27T09:31:27Z,192848,14800,14800,2927
2026-08-27T09:31:27Z,192849,5000,6500,4307
2026-08-27T09:31:27Z,192850,5400,6300,1989
2026-08-27T09:31:27Z,192851,18400,20000,2799
2026-08-27T09:31:27Z,192852,1500000,1500000,146
2026-08-27T09:31:27Z,192853,4840300,4990000,78
2026-08-27T09:31:27Z,192855,450000,1990000,149
2026-08-27T09:31:27Z,192856,35500,45500,213
2026-08-27T09:31:27Z,192857,90000,90000,128
2026-08-27T09:31:27Z,192858,36600,38400,1083
2026-08-27T09:31:27Z,192859,2300000,3409500,105
2026-08-27T09:31:27Z,192860,53000,54600,437
2026-08-27T09:31:27Z,192861,663600,663600,103
2026-08-27T09:31:27Z,192862,45500,45500,199
2026-08-27T09:31:27Z,192863,450000,455500,117
2026-08-27T09:31:27Z,192865,119900,119900,321
2026-08-27T09:31:27Z,192866,27800,27800,204
2026-08-27T09:31:27Z,192867,23900,23900,478
2026-08-27T09:31:27Z,192868,24400,25200,1825
2026-08-27T09:31:27Z,192869,990000,1000000,311
2026-08-27T09:31:27Z,192870,399400,419600,618
2026-08-27T09:31:27Z,192871,1980000,1990000,896
2026-08-27T09:31:27Z,192872,5500,5500,5428
2026-08-27T09:31:27Z,192876,100000,100000,350
2026-08-27T09:31:27Z,192877,99200,99300,2024
2026-08-27T09:31:27Z,192878,179600,179600,831
2026-08-27T09:31:27Z,192880,4900,4900,9042
2026-08-27T09:31:27Z,192883,259000,559900,3634
2026-08-27T09:31:27Z,192884,133900,304500,1228
2026-08-27T09:31:27Z,192885,134700,134700,6733
2026-08-27T09:31:27Z,192887,701900,701900,92
2026-08-27T09:31:27Z,192894,3500,3500,207
2026-08-27T09:31:27Z,192895,13600,13600,315
2026-08-27T09:31:27Z,192896,15500,15500,408
2026-08-27T09:31:27Z,192897,29900,30000,96
2026-08-27T09:31:27Z,192898,327800,327800,50
2026-08-27T09:31:27Z,192899,100000,109700,139
2026-08-27T09:31:27Z,192900,24900,141900,50
2026-08-27T09:31:27Z,192901,349500,349600,25
2026-08-27T09:31:27Z,192902,198000,198000,71
2026-08-27T09:31:27Z,192903,145000,1204900,58
2026-08-27T09:31:27Z,192904,264800,264800,40
2026-08-27T09:31:27Z,192905,190000,190000,80
2026-08-27T09:31:27Z,192906,15500,25500,33
2026-08-27T09:31:27Z,192907,139900,139900,25
2026-08-27T09:31:27Z,192908,180000,180000,37
2026-08-27T09:31:27Z,192910,181900,182000,27
2026-08-27T09:31:27Z,192911,163400,169900,24
2026-08-27T09:31:27Z,192912,120000,120000,57
2026-08-27T09:31:27Z,192913,5000,6500,111
2026-08-27T09:31:27Z,192914,30000,40000,230
2026-08-27T09:31:27Z,192916,550000,550000,68
2026-08-27T09:31:27Z,192917,62209900,62209900,2
2026-08-27T09:31:27Z,192918,1980000,9890000,23
2026-08-27T09:31:27Z,192919,1504900,1504900,64
2026-08-27T09:31:27Z,192920,446500,446500,26
2026-08-27T09:31:27Z,192921,2000000,2000000,31
2026-08-27T09:31:27Z,192922,1500000,1500000,48
2026-08-27T09:31:27Z,192923,5009000,9994900,22
2026-08-27T09:31:27Z,192924,2999800,2999800,28
2026-08-27T09:31:27Z,192925,1490000,1490000,61
2026-08-27T09:31:27Z,192926,199000000,199000000,1
2026-08-27T09:31:27Z,192927,4980000,9980000,21
2026-08-27T09:31:27Z,192928,1800000,2959100,26
2026-08-27T09:31:27Z,192929,9990400,9990400,21
2026-08-27T09:31:27Z,192931,1500000,9980000,22
2026-08-27T09:31:27Z,192932,1500800,1500800,170
2026-08-27T09:31:27Z,192933,998900,9998900,22
2026-08-27T09:31:27Z,192934,300000,9990200,23
2026-08-27T09:31:27Z,192935,3886200,3886200,29
2026-08-27T09:31:27Z,192936,197595900,197595900,1
2026-08-27T09:31:27Z,192937,1350000,9800000,24
2026-08-27T09:31:27Z,192938,2007600,2007600,28
2026-08-27T09:31:27Z,192940,989945000,989945000,3
2026-08-27T09:31:27Z,192941,48500,48500,76
2026-08-27T09:31:27Z,192942,4999900,4999900,25
2026-08-27T09:31:27Z,192943,151410900,151410900,3
2026-08-27T09:31:27Z,192944,1760000,9990000,23
2026-08-27T09:31:27Z,192945,492100,492100,31
2026-08-27T09:31:27Z,192946,9940000,9940000,21
2026-08-27T09:31:27Z,192947,572500,934700,29
2026-08-27T09:31:27Z,192948,500400,500400,91
2026-08-27T09:31:27Z,192950,19993800,19993800,10
2026-08-27T09:31:27Z,192951,9900000,9900000,24
2026-08-27T09:31:27Z,192952,739900,739900,81
2026-08-27T09:31:27Z,192953,948536200,948536200,9
2026-08-27T09:31:27Z,192954,600000,600000,16
2026-08-27T09:31:27Z,192955,1500000,9997700,23
2026-08-27T09:31:27Z,192956,900000,9990000,23
2026-08-27T09:31:27Z,192957,490600,4970600,29
2026-08-27T09:31:27Z,192958,1500000,1500000,47
2026-08-27T09:31:27Z,192959,7500000,9900000,22
2026-08-27T09:31:27Z,192960,890000,890000,33
2026-08-27T09:31:27Z,192961,475500,480300,86
2026-08-27T09:31:27Z,192962,249990000,249990000,2
2026-08-27T09:31:27Z,192963,990000,3999900,28
2026-08-27T09:31:27Z,192964,150100,151100,131
2026-08-27T09:31:27Z,192965,192216800,192216800,6
2026-08-27T09:31:27Z,192966,999900,999900,25
2026-08-27T09:31:27Z,192967,1500000,1500000,28
2026-08-27T09:31:27Z,192968,57500,57500,189
2026-08-27T09:31:27Z,192969,219500,229400,731
2026-08-27T09:31:27Z,192970,1507900,1507900,125
2026-08-27T09:31:27Z,192971,13000,13300,126
2026-08-27T09:31:27Z,192972,120000,120000,32
2026-08-27T09:31:27Z,192973,1500000,1500000,67
2026-08-27T09:31:27Z,192974,8800,8800,249
2026-08-27T09:31:27Z,192975,17700,19500,84
2026-08-27T09:31:27Z,192976,1456500,1456500,26
2026-08-27T09:31:27Z,192977,6000,6000,185
2026-08-27T09:31:27Z,192978,120000,120000,67
2026-08-27T09:31:27Z,192979,5000000,5000000,34
2026-08-27T09:31:27Z,192992,8736300,8736300,4
2026-08-27T09:31:27Z,192993,6000000,8980000,43
2026-08-27T09:31:27Z,192994,16000000,16000000,10
2026-08-27T09:31:27Z,193019,7499500,7499500,6
2026-08-27T09:31:27Z,193020,3500000,3500000,6
2026-08-27T09:31:27Z,193021,24992000,24992000,23
2026-08-27T09:31:27Z,193029,3790500,3790500,78
2026-08-27T09:31:27Z,193030,241700,241700,92
2026-08-27T09:31:27Z,193031,168700,168700,2969
2026-08-27T09:31:27Z,193050,1800,2000,230408
2026-08-27T09:31:27Z,193053,100000,100000,4125
2026-08-27T09:31:27Z,193208,9400,9400,3073
2026-08-27T09:31:27Z,193210,3000,3700,8126
2026-08-27T09:31:27Z,193211,9400,9500,9791
2026-08-27T09:31:27Z,193213,1600,2000,25044
2026-08-27T09:31:27Z,193214,1700,2200,49129
2026-08-27T09:31:27Z,193215,3600,199500,50489
2026-08-27T09:31:27Z,193216,59900,74100,2460
2026-08-27T09:31:27Z,193217,55000,69000,4549
2026-08-27T09:31:27Z,193218,118700,118700,1747
2026-08-27T09:31:27Z,193222,180000,189900,849
2026-08-27T09:31:27Z,193223,91500,110000,2499
2026-08-27T09:31:27Z,193224,205000,205000,3384
2026-08-27T09:31:27Z,193226,1073700,1073700,556
2026-08-27T09:31:27Z,193227,799800,799800,540
2026-08-27T09:31:27Z,193228,949900,950000,1033
2026-08-27T09:31:27Z,193229,2455400,2455400,623
2026-08-27T09:31:27Z,193230,1049900,1049900,989
2026-08-27T09:31:27Z,193231,8899700,8899800,615
2026-08-27T09:31:27Z,193236,1486500,1486500,518
2026-08-27T09:31:27Z,193237,1452900,1452900,326
2026-08-27T09:31:27Z,193238,3000000,3000000,122
2026-08-27T09:31:27Z,193242,2048800,2048800,419
2026-08-27T09:31:27Z,193243,1000000,1250000,2217
2026-08-27T09:31:27Z,193244,1790000,1900000,1574
2026-08-27T09:31:27Z,193245,1076200,1076200,148
2026-08-27T09:31:27Z,193246,1307600,1307700,1231
2026-08-27T09:31:27Z,193247,7000000,7000000,1121
2026-08-27T09:31:27Z,193248,1712100,1712100,458
2026-08-27T09:31:27Z,193249,1250000,1250000,322
2026-08-27T09:31:27Z,193250,2100000,2990000,296
2026-08-27T09:31:27Z,193251,589800,620000,10594
2026-08-27T09:31:27Z,193252,7000,199900,17650
2026-08-27T09:31:27Z,193253,9000,10300,19098
2026-08-27T09:31:27Z,193254,180000,180000,12823
2026-08-27T09:31:27Z,193255,135000,149900,11564
2026-08-27T09:31:27Z,193256,39600,490000,8442
2026-08-27T09:31:27Z,193258,185100,199800,23779
2026-08-27T09:31:27Z,193259,12600,109500,29326
2026-08-27T09:31:27Z,193261,200,7500,83813
2026-08-27T09:31:27Z,193262,35000,38300,5300
2026-08-27T09:31:27Z,193360,148500,149800,3080
2026-08-27T09:31:27Z,193368,19200,20000,3371
2026-08-27T09:31:27Z,193369,35500,35500,7446
2026-08-27T09:31:27Z,193370,120000,120000,2691
2026-08-27T09:31:27Z,193378,894800,894900,85
2026-08-27T09:31:27Z,193379,3895700,3896000,679
2026-08-27T09:31:27Z,193384,18200,18200,5
2026-08-27T09:31:27Z,193385,16100,16100,8
2026-08-27T09:31:27Z,193387,49006900,49006900,2
2026-08-27T09:31:27Z,193389,17500,17500,7
2026-08-27T09:31:27Z,193391,150000,150000,11
2026-08-27T09:31:27Z,193410,5000000,5000000,25
2026-08-27T09:31:27Z,193420,10008000,10008000,3
2026-08-27T09:31:27Z,193438,14000000,14000000,8
2026-08-27T09:31:27Z,193448,1500007400,1500007400,1
2026-08-27T09:31:27Z,193450,290007800,290007800,2
2026-08-27T09:31:27Z,193468,456400,456500,84
2026-08-27T09:31:27Z,193469,21402200,21402200,22
2026-08-27T09:31:27Z,193470,224700,224700,424
2026-08-27T09:31:27Z,193551,2500000,2500000,84
2026-08-27T09:31:27Z,193552,153400,153500,34
2026-08-27T09:31:27Z,193554,19989800,19989800,4
2026-08-27T09:31:27Z,193555,5343800,5343800,31
2026-08-27T09:31:27Z,193556,89999900,89999900,3
2026-08-27T09:31:27Z,193557,18993000,18993000,17
2026-08-27T09:31:27Z,193559,529900,529900,45
2026-08-27T09:31:27Z,193560,2444900,19999700,15
2026-08-27T09:31:27Z,193561,3990000,4000000,21
2026-08-27T09:31:27Z,193563,150000,365700,120
2026-08-27T09:31:27Z,193564,10009800,10009800,8
2026-08-27T09:31:27Z,193565,20000000,22000000,36
2026-08-27T09:31:27Z,193567,319900,319900,91
2026-08-27T09:31:27Z,193893,250000,250000,135
2026-08-27T09:31:27Z,193894,427500,427500,257
2026-08-27T09:31:27Z,193895,8554300,8554300,134
2026-08-27T09:31:27Z,193896,9499800,9499800,110
2026-08-27T09:31:27Z,193922,15500,18000,30127
2026-08-27T09:31:27Z,193923,29900,39900,3587
2026-08-27T09:31:27Z,193924,45600,56000,24684
2026-08-27T09:31:27Z,193925,180500,180500,1844
2026-08-27T09:31:27Z,193926,450000,505100,1036
2026-08-27T09:31:27Z,193927,59300,59400,14799
2026-08-27T09:31:27Z,193928,58900,59200,4423
2026-08-27T09:31:27Z,193929,190000,190000,297
2026-08-27T09:31:27Z,193930,190000,190000,1035
2026-08-27T09:31:27Z,193931,240000,260000,617
2026-08-27T09:31:27Z,193932,4512400,4512400,61
2026-08-27T09:31:27Z,193933,1890000,1890000,238
2026-08-27T09:31:27Z,193934,9900000,9900000,23
2026-08-27T09:31:27Z,193935,18000000,18000000,62
2026-08-27T09:31:27Z,193936,3999900,3999900,292
2026-08-27T09:31:27Z,193937,7450000,7450000,80
2026-08-27T09:31:27Z,193938,6196500,6196500,29
2026-08-27T09:31:27Z,193939,4599900,4599900,244
2026-08-27T09:31:27Z,193940,4809900,4809900,38
2026-08-27T09:31:27Z,193941,148500,149200,84
2026-08-27T09:31:27Z,193942,959900,959900,44
2026-08-27T09:31:27Z,193943,1467500,1467500,37
2026-08-27T09:31:27Z,193944,2980900,3415800,29
2026-08-27T09:31:27Z,193945,351800,9840000,60
2026-08-27T09:31:27Z,193946,5157900,5157900,52
2026-08-27T09:31:27Z,193950,9400,9400,194
2026-08-27T09:31:27Z,193951,1500000,1500000,344
2026-08-27T09:31:27Z,193952,15000,20000,571
2026-08-27T09:31:27Z,193953,250000,250000,33
2026-08-27T09:31:27Z,193954,37800,113600,58
2026-08-27T09:31:27Z,193955,20000,20000,514
2026-08-27T09:31:27Z,193956,92400,92400,672
2026-08-27T09:31:27Z,193957,213900,639500,297
2026-08-27T09:31:27Z,193958,30000,95000,1076
2026-08-27T09:31:27Z,193959,465600,467900,242
2026-08-27T09:31:27Z,193960,65700,65700,513
2026-08-27T09:31:27Z,193961,340800,340800,606
2026-08-27T09:31:27Z,193962,150300,150300,431
2026-08-27T09:31:27Z,193963,19900,99900,602
2026-08-27T09:31:27Z,193964,430000,990000,211
2026-08-27T09:31:27Z,194008,269900,269900,47
2026-08-27T09:31:27Z,194009,321600,321600,128
2026-08-27T09:31:27Z,194010,459500,479500,155
2026-08-27T09:31:27Z,194011,4726300,4726300,10
2026-08-27T09:31:27Z,194012,3737300,4726700,190
2026-08-27T09:31:27Z,194013,8000000,8944500,56
2026-08-27T09:31:27Z,194014,8999400,8999400,5
2026-08-27T09:31:27Z,194015,4000100,5000100,53
2026-08-27T09:31:27Z,194016,10990000,10990000,51
2026-08-27T09:31:27Z,194035,290002700,290002700,1
2026-08-27T09:31:27Z,194048,3500,3900,878
2026-08-27T09:31:27Z,194049,45000,990000,224
2026-08-27T09:31:27Z,194050,3700,4000,3093
2026-08-27T09:31:27Z,194071,290006400,290006400,2
2026-08-27T09:31:27Z,194083,1500000800,1500000800,1
2026-08-27T09:31:27Z,194122,2000000,2000000,27
2026-08-27T09:31:27Z,194123,10000,26400,18218
2026-08-27T09:31:27Z,194124,47100,51900,3060
2026-08-27T09:31:27Z,194541,15664000,15664000,188
2026-08-27T09:31:27Z,194542,14409000,14409000,59
2026-08-27T09:31:27Z,194562,3300,5400,636
2026-08-27T09:31:27Z,194566,2441000,2441800,68
2026-08-27T09:31:27Z,194567,320000,325000,62
2026-08-27T09:31:27Z,194568,959000,959000,101
2026-08-27T09:31:27Z,194569,5399500,5399700,80
2026-08-27T09:31:27Z,194570,345000,400000,59
2026-08-27T09:31:27Z,194571,870000,870000,155
2026-08-27T09:31:27Z,194572,1999600,1999700,116
2026-08-27T09:31:27Z,194573,1992200,1992200,59
2026-08-27T09:31:27Z,194574,832600,832600,206
2026-08-27T09:31:27Z,194575,2954400,2954500,68
2026-08-27T09:31:27Z,194576,1995000,1995000,80
2026-08-27T09:31:27Z,194577,824700,824700,114
2026-08-27T09:31:27Z,194578,2801200,2951600,88
2026-08-27T09:31:27Z,194579,1990000,9999600,45
2026-08-27T09:31:27Z,194580,749800,749800,137
2026-08-27T09:31:27Z,194680,9982900,9982900,20
2026-08-27T09:31:27Z,194681,125500,125500,50
2026-08-27T09:31:27Z,194683,9899200,9899200,20
2026-08-27T09:31:27Z,194684,7200,7200,286
2026-08-27T09:31:27Z,194685,10000,10000,303
2026-08-27T09:31:27Z,194688,442600,442600,157
2026-08-27T09:31:27Z,194689,120000,120000,61
2026-08-27T09:31:27Z,194690,745100,745100,68
2026-08-27T09:31:27Z,194691,39000,39000,684
2026-08-27T09:31:27Z,194692,6800,6800,55
2026-08-27T09:31:27Z,194693,9909700,9909700,5
2026-08-27T09:31:27Z,194694,30000,30000,117
2026-08-27T09:31:27Z,194695,59800,59800,24
2026-08-27T09:31:27Z,194723,108300,108300,102
2026-08-27T09:31:27Z,194724,970000,970000,74
2026-08-27T09:31:27Z,194725,553600,553600,591
2026-08-27T09:31:27Z,194730,20000,40000,13966
2026-08-27T09:31:27Z,194731,1019900,1019900,75
2026-08-27T09:31:27Z,194732,440000,440000,180
2026-08-27T09:31:27Z,194733,440000,900000,190
2026-08-27T09:31:27Z,194734,599900,599900,137
2026-08-27T09:31:27Z,194735,1978300,1978300,73
2026-08-27T09:31:27Z,194736,2603800,2603800,116
2026-08-27T09:31:27Z,194737,99900,110000,95
2026-08-27T09:31:27Z,194738,444400,445500,65
2026-08-27T09:31:27Z,194751,90000,130800,623
2026-08-27T09:31:27Z,194752,96600,96600,638
2026-08-27T09:31:27Z,194754,3900000,3990000,985
2026-08-27T09:31:27Z,194755,2709800,2709800,3755
2026-08-27T09:31:27Z,194756,13509200,13509700,435
2026-08-27T09:31:27Z,194758,994700,1573900,263
2026-08-27T09:31:27Z,194760,1080000,1083800,163
2026-08-27T09:31:27Z,194761,980000,980000,1183
2026-08-27T09:31:27Z,194767,870000,870000,1812
2026-08-27T09:31:27Z,194768,1198700,1218800,921
2026-08-27T09:31:27Z,194784,25000,35000,4361
2026-08-27T09:31:27Z,194785,86980000,86990000,16
2026-08-27T09:31:27Z,194786,10000000,38000000,22
2026-08-27T09:31:27Z,194787,950000,972000,29
2026-08-27T09:31:27Z,194788,990000,1000000,40
2026-08-27T09:31:27Z,194789,9990000,9990000,32
2026-08-27T09:31:27Z,194790,950000,950000,55
2026-08-27T09:31:27Z,194791,889000,889000,21
2026-08-27T09:31:27Z,194792,1280000,1280000,22
2026-08-27T09:31:27Z,194793,89960000,89960000,5
2026-08-27T09:31:27Z,194794,600000,649600,29
2026-08-27T09:31:27Z,194795,19900000,19993500,26
2026-08-27T09:31:27Z,194796,990000,1039600,23
2026-08-27T09:31:27Z,194797,666300,666300,32
2026-08-27T09:31:27Z,194798,9500000,9505000,20
2026-08-27T09:31:27Z,194799,27500000,27500000,14
2026-08-27T09:31:27Z,194800,1330000,2742900,54
2026-08-27T09:31:27Z,194801,100000000,100000000,3
2026-08-27T09:31:27Z,194802,716700,716700,23
2026-08-27T09:31:27Z,194803,966900,987900,32
2026-08-27T09:31:27Z,194804,1097600,1097600,37
2026-08-27T09:31:27Z,194805,501300,1831300,25
2026-08-27T09:31:27Z,194806,5000000,19990000,32
2026-08-27T09:31:27Z,194807,1781300,1781300,25
2026-08-27T09:31:27Z,194808,602200,602200,22
2026-08-27T09:31:27Z,194809,89980000,89980000,6
2026-08-27T09:31:27Z,194810,919600,919600,24
2026-08-27T09:31:27Z,194811,500000,534600,26
2026-08-27T09:31:27Z,194812,1685000,1685600,22
2026-08-27T09:31:27Z,194813,1330000,1400000,29
2026-08-27T09:31:27Z,194814,517900,517900,18
2026-08-27T09:31:27Z,194815,509100,509100,18
2026-08-27T09:31:27Z,194816,1266600,39900000,27
2026-08-27T09:31:27Z,194817,20000,20000,309
2026-08-27T09:31:27Z,194819,20000,27700,176
2026-08-27T09:31:27Z,194820,9500,9500,723
2026-08-27T09:31:27Z,194821,20000,20000,182
2026-08-27T09:31:27Z,194822,41700,41800,378
2026-08-27T09:31:27Z,194823,9500,9500,576
2026-08-27T09:31:27Z,194824,2000,2000,147
2026-08-27T09:31:27Z,194825,50000,50000,91
2026-08-27T09:31:27Z,194826,98000,98000,105
2026-08-27T09:31:27Z,194827,14107500,14107500,34
2026-08-27T09:31:27Z,194829,1509900,1509900,90
2026-08-27T09:31:27Z,194846,60000,64000,1141
2026-08-27T09:31:27Z,194850,740000,742200,1042
2026-08-27T09:31:27Z,194852,320000,340000,1595
2026-08-27T09:31:27Z,194855,990000,1250000,382
2026-08-27T09:31:27Z,194856,9890000,9893300,93
2026-08-27T09:31:27Z,194857,96500,96600,266
2026-08-27T09:31:27Z,194858,90000,90000,579
2026-08-27T09:31:27Z,194859,1980000,1980000,358
2026-08-27T09:31:27Z,194862,6990000,6990000,413
2026-08-27T09:31:27Z,194863,3750000,3750000,2855
2026-08-27T09:31:27Z,194864,11999500,11999600,115
2026-08-27T09:31:27Z,194868,980100,980100,28
2026-08-27T09:31:27Z,194869,9990100,9990100,43
2026-08-27T09:31:27Z,194870,8919100,8919100,7
2026-08-27T09:31:27Z,194871,9694200,9694200,29
2026-08-27T09:31:27Z,194966,22000,22100,18928
2026-08-27T09:31:27Z,194967,26000,28500,16451
2026-08-27T09:31:27Z,194968,21200,249900,4917
2026-08-27T09:31:27Z,194969,20000,28800,20412
2026-08-27T09:31:27Z,194970,87400,90000,26525
2026-08-27T09:31:27Z,195359,151800,151800,27
2026-08-27T09:31:27Z,195360,49001600,49001600,20
2026-08-27T09:31:27Z,195455,9880000,9880000,20
2026-08-27T09:31:27Z,195456,22200,22200,40
2026-08-27T09:31:27Z,195457,9899000,9899000,20
2026-08-27T09:31:27Z,195459,40000,40000,39
2026-08-27T09:31:27Z,195462,9899400,9899400,20
2026-08-27T09:31:27Z,195463,20200,20200,184
2026-08-27T09:31:27Z,195466,5007500,5007500,34
2026-08-27T09:31:27Z,195543,14900,14900,28
2026-08-27T09:31:27Z,196440,9800000,9800000,20
2026-08-27T09:31:27Z,196540,776800,776800,49
2026-08-27T09:31:27Z,196582,56000,56000,152
2026-08-27T09:31:27Z,196583,992000,992000,29
2026-08-27T09:31:27Z,196584,742500,742500,53
2026-08-27T09:31:27Z,196585,9900000,9900000,20
2026-08-27T09:31:27Z,197720,9989900,9989900,77
2026-08-27T09:31:27Z,197721,240300,240300,680
2026-08-27T09:31:27Z,197722,208800,208800,1596
2026-08-27T09:31:27Z,197735,17167200,17167200,135
2026-08-27T09:31:27Z,197736,29990000,29993200,132
2026-08-27T09:31:27Z,197737,2005600,19995600,11
2026-08-27T09:31:27Z,197741,300,10400,952206
2026-08-27T09:31:27Z,197742,500,700,10809
2026-08-27T09:31:27Z,197743,800,199900,8266
2026-08-27T09:31:27Z,197744,400,600,30611
2026-08-27T09:31:27Z,197745,7700,10200,54481
2026-08-27T09:31:27Z,197746,600,1100,94554
2026-08-27T09:31:27Z,197747,300,100300,86866
2026-08-27T09:31:27Z,197748,500,9900,18417
2026-08-27T09:31:27Z,197749,300,400,5091
2026-08-27T09:31:27Z,197750,4000,4700,6851
2026-08-27T09:31:27Z,197751,6500,6500,5137
2026-08-27T09:31:27Z,197752,9600,9600,2838
2026-08-27T09:31:27Z,197753,14400,14400,3121
2026-08-27T09:31:27Z,197754,300,400,38121
2026-08-27T09:31:27Z,197755,1000,1200,38482
2026-08-27T09:31:27Z,197756,4000,4000,5043
2026-08-27T09:31:27Z,197757,8800,9000,2918
2026-08-27T09:31:27Z,197758,2600,2600,190
2026-08-27T09:31:27Z,197759,33300,33300,151
2026-08-27T09:31:27Z,197760,55200,250000,138
2026-08-27T09:31:27Z,197761,8300,8300,175
2026-08-27T09:31:27Z,197762,9902400,9902400,114
2026-08-27T09:31:27Z,197763,8600,8700,195
2026-08-27T09:31:27Z,197764,42000,42000,528
2026-08-27T09:31:27Z,197765,3500,3500,801
2026-08-27T09:31:27Z,197766,1990000,1990000,323
2026-08-27T09:31:27Z,197767,259800,259800,3467
2026-08-27T09:31:27Z,197768,540000,540000,268
2026-08-27T09:31:27Z,197769,30000,30000,1099
2026-08-27T09:31:27Z,197770,18900,19400,767
2026-08-27T09:31:27Z,197771,9300,9500,2942
2026-08-27T09:31:27Z,197772,460000,460000,97
2026-08-27T09:31:27Z,197774,94500,94500,952
2026-08-27T09:31:27Z,197775,2000,2000,381
2026-08-27T09:31:27Z,197776,29500,29700,843
2026-08-27T09:31:27Z,197777,2000,2100,201
2026-08-27T09:31:27Z,197778,2000,2000,484
2026-08-27T09:31:27Z,197779,4700,4700,952
2026-08-27T09:31:27Z,197780,3800,3800,2341
2026-08-27T09:31:27Z,197781,2600,2600,567
2026-08-27T09:31:27Z,197782,5500,5500,533
2026-08-27T09:31:27Z,197783,4800,4800,498
2026-08-27T09:31:27Z,197784,2000,9900,990
2026-08-27T09:31:27Z,197785,30000,30000,641
2026-08-27T09:31:27Z,197786,2900,2900,248
2026-08-27T09:31:27Z,197787,50000,50000,439
2026-08-27T09:31:27Z,197788,297000,297000,536
2026-08-27T09:31:27Z,197789,9800,9800,395
2026-08-27T09:31:27Z,197790,50000,990000,3739
2026-08-27T09:31:27Z,197791,9200,9200,200
2026-08-27T09:31:27Z,197792,199500,199500,913
2026-08-27T09:31:27Z,197793,98100,371300,860
2026-08-27T09:31:27Z,197794,60000,60000,2434
2026-08-27T09:31:27Z,197795,500000,500000,111
2026-08-27T09:31:27Z,197847,549900,549900,35
2026-08-27T09:31:27Z,197848,95300,95300,104
2026-08-27T09:31:27Z,197849,2800,2800,37
2026-08-27T09:31:27Z,197850,50000,50000,32
2026-08-27T09:31:27Z,197851,668200,668200,25
2026-08-27T09:31:27Z,197852,9792100,9792100,25
2026-08-27T09:31:27Z,197853,4400,4400,177
2026-08-27T09:31:27Z,197854,150100,150100,149
2026-08-27T09:31:27Z,197855,50000,50000,368
2026-08-27T09:31:27Z,197856,70100,70100,386
2026-08-27T09:31:27Z,197857,400000,400000,33
2026-08-27T09:31:27Z,197858,69000,69000,187
2026-08-27T09:31:27Z,198043,7460700,7460700,36
2026-08-27T09:31:27Z,198044,1999600,1999600,18
2026-08-27T09:31:27Z,198045,3212500,9900000,21
2026-08-27T09:31:27Z,198047,2009300,2009300,46
2026-08-27T09:31:27Z,198082,204900,204900,100
2026-08-27T09:31:27Z,198160,939000,939000,27
2026-08-27T09:31:27Z,198161,10000,10000,303
2026-08-27T09:31:27Z,198162,10000,10000,564
2026-08-27T09:31:27Z,198163,39992200,39992200,5
2026-08-27T09:31:27Z,198164,174600,3994700,57
2026-08-27T09:31:27Z,198165,1308000,1408000,99
2026-08-27T09:31:27Z,198174,3149900,3150000,18
2026-08-27T09:31:27Z,198175,54800,9905200,33
2026-08-27T09:31:27Z,198176,9992000,9992100,13
2026-08-27T09:31:27Z,198183,20000,20300,3783
2026-08-27T09:31:27Z,198184,31000,31000,1746
2026-08-27T09:31:27Z,198185,8900,10000,18813
2026-08-27T09:31:27Z,198186,149800,150000,439
2026-08-27T09:31:27Z,198187,264600,264600,301
2026-08-27T09:31:27Z,198188,174000,174000,11192
2026-08-27T09:31:27Z,198189,100000,120000,1050
2026-08-27T09:31:27Z,198190,213900,213900,506
2026-08-27T09:31:27Z,198191,150000,150000,929
2026-08-27T09:31:27Z,198192,378000,500000,377
2026-08-27T09:31:27Z,198193,313800,313800,536
2026-08-27T09:31:27Z,198194,290000,290000,4087
2026-08-27T09:31:27Z,198195,2875900,2875900,53
2026-08-27T09:31:27Z,198196,2780000,2780000,894
2026-08-27T09:31:27Z,198197,3369000,3369000,142
2026-08-27T09:31:27Z,198198,2850000,2850000,286
2026-08-27T09:31:27Z,198199,1799900,1799900,83
2026-08-27T09:31:27Z,198200,1800000,1800000,543
2026-08-27T09:31:27Z,198201,18500000,19900000,12
2026-08-27T09:31:27Z,198202,406900,406900,61
2026-08-27T09:31:27Z,198203,469800,469800,136
2026-08-27T09:31:27Z,198207,9990000,9990000,33
2026-08-27T09:31:27Z,198208,90000,90000,33
2026-08-27T09:31:27Z,198209,220000,220000,477
2026-08-27T09:31:27Z,198210,90000,90000,46
2026-08-27T09:31:27Z,198211,9980000,9980000,20
2026-08-27T09:31:27Z,198212,1379400,1379400,158
2026-08-27T09:31:27Z,198213,999800,999800,67
2026-08-27T09:31:27Z,198214,2000000,2000000,33
2026-08-27T09:31:27Z,198215,2336600,2336600,337
2026-08-27T09:31:27Z,198216,28000,28000,324
2026-08-27T09:31:27Z,198217,100000,103300,134
2026-08-27T09:31:27Z,198218,7100,7100,203
2026-08-27T09:31:27Z,198219,16700,16700,781
2026-08-27T09:31:27Z,198220,80800,80800,84
2026-08-27T09:31:27Z,198221,3339800,3339900,130
2026-08-27T09:31:27Z,198222,534900,534900,1140
2026-08-27T09:31:27Z,198223,289700,292600,1108
2026-08-27T09:31:27Z,198224,356500,356500,613
2026-08-27T09:31:27Z,198228,1110000,1110000,32
2026-08-27T09:31:27Z,198229,1029400,1029400,574
2026-08-27T09:31:27Z,198230,9889200,9889200,234
2026-08-27T09:31:27Z,198231,450000,450000,20
2026-08-27T09:31:27Z,198232,19900,50000,83
2026-08-27T09:31:27Z,198233,9990000,9990000,23
2026-08-27T09:31:27Z,198236,630000,630000,30
2026-08-27T09:31:27Z,198237,1049600,9890000,51
2026-08-27T09:31:27Z,198238,9998800,9998800,6
2026-08-27T09:31:27Z,198239,34500,34500,59
2026-08-27T09:31:27Z,198240,49600,49600,34
2026-08-27T09:31:27Z,198241,90000,90000,580
2026-08-27T09:31:27Z,198247,4000000,7774700,89
2026-08-27T09:31:27Z,198253,195915300,195915300,1
2026-08-27T09:31:27Z,198254,10000000,10000000,17
2026-08-27T09:31:27Z,198255,28008900,28008900,17
2026-08-27T09:31:27Z,198256,750000,9909500,45
2026-08-27T09:31:27Z,198257,210000,210000,65
2026-08-27T09:31:27Z,198258,3335700,9996100,23
2026-08-27T09:31:27Z,198259,109889900,109889900,3
2026-08-27T09:31:27Z,198260,7989900,9900000,22
2026-08-27T09:31:27Z,198261,39987500,39987500,18
2026-08-27T09:31:27Z,198265,3900000,3919800,463
2026-08-27T09:31:27Z,198268,940000,940000,801
2026-08-27T09:31:27Z,198278,50800,9972500,23
2026-08-27T09:31:27Z,198279,39700,39700,38
2026-08-27T09:31:27Z,198280,900000,900000,28
2026-08-27T09:31:27Z,198281,37700,37700,25
2026-08-27T09:31:27Z,198282,39900,39900,30
2026-08-27T09:31:27Z,198283,1009900,1009900,56
2026-08-27T09:31:27Z,198289,9997600,9997600,30
2026-08-27T09:31:27Z,198290,9989600,9989600,76
2026-08-27T09:31:27Z,198291,39993300,39993400,10
2026-08-27T09:31:27Z,198292,220000,220000,17
2026-08-27T09:31:27Z,198293,250000,250000,166
2026-08-27T09:31:27Z,198294,189900,190000,32
2026-08-27T09:31:27Z,198295,195020000,195020000,1
2026-08-27T09:31:27Z,198296,7440300,7440300,6
2026-08-27T09:31:27Z,198297,84448600,84448600,11
2026-08-27T09:31:27Z,198298,47500,47500,33
2026-08-27T09:31:27Z,198299,1997800,9990000,22
2026-08-27T09:31:27Z,198300,6508900,6509000,9
2026-08-27T09:31:27Z,198301,199983300,199983300,2
2026-08-27T09:31:27Z,198302,19900000,19900000,10
2026-08-27T09:31:27Z,198303,27857100,27857200,8
2026-08-27T09:31:27Z,198304,277200,9994600,23
2026-08-27T09:31:27Z,198305,59300,9269300,26
2026-08-27T09:31:27Z,198306,11938800,11938900,7
2026-08-27T09:31:27Z,198307,727300,9999900,29
2026-08-27T09:31:27Z,198308,450000,9900000,32
2026-08-27T09:31:27Z,198309,9989300,9989300,24
2026-08-27T09:31:27Z,198310,699700,699800,32
2026-08-27T09:31:27Z,198311,2000000,2006600,12
2026-08-27T09:31:27Z,198312,9993200,9993200,10
2026-08-27T09:31:27Z,198313,199009000,199009000,1
2026-08-27T09:31:27Z,198314,4476300,9276300,8
2026-08-27T09:31:27Z,198315,15006800,15006800,12
2026-08-27T09:31:27Z,198316,9174700,43370900,67
2026-08-27T09:31:27Z,198317,8820000,8820000,17
2026-08-27T09:31:27Z,198318,7304500,7304500,16
2026-08-27T09:31:27Z,198356,30000,50000,153
2026-08-27T09:31:27Z,198395,129700,129700,420
2026-08-27T09:31:27Z,198397,1759800,1900000,792
2026-08-27T09:31:27Z,198401,7509500,7509500,95
2026-08-27T09:31:27Z,198403,150000,150000,41
2026-08-27T09:31:27Z,198412,30000,40000,4261
2026-08-27T09:31:27Z,198413,75000,75000,5011
2026-08-27T09:31:27Z,198414,125000,129800,2591
2026-08-27T09:31:27Z,198415,2500000,2500300,1262
2026-08-27T09:31:27Z,198416,890000,890000,1752
2026-08-27T09:31:27Z,198417,1733500,1733500,265
2026-08-27T09:31:27Z,198418,20000,25500,2305
2026-08-27T09:31:27Z,198419,35000,35000,1489
2026-08-27T09:31:27Z,198420,297000,297000,1197
2026-08-27T09:31:27Z,198421,7100,7100,14388
2026-08-27T09:31:27Z,198422,20000,250000,7663
2026-08-27T09:31:27Z,198423,24000,24000,1761
2026-08-27T09:31:27Z,198431,9614400,9909900,23
2026-08-27T09:31:27Z,198436,9903800,9903800,74
2026-08-27T09:31:27Z,198437,9903800,9903800,77
2026-08-27T09:31:27Z,198440,19900100,19900100,46
2026-08-27T09:31:27Z,198441,499800,499800,240
2026-08-27T09:31:27Z,198487,5000,18500,5332
2026-08-27T09:31:27Z,198491,7000,7000,164
2026-08-27T09:31:27Z,198492,14900,14900,46
2026-08-27T09:31:27Z,198493,500000,500000,56
2026-08-27T09:31:27Z,198494,5000000,5000000,15
2026-08-27T09:31:27Z,198495,3333500,6833500,39
2026-08-27T09:31:27Z,198496,9999900,9999900,39
2026-08-27T09:31:27Z,198497,79900,9997500,23
2026-08-27T09:31:27Z,198498,950000,950000,171
2026-08-27T09:31:27Z,198499,2997400,2997500,56
2026-08-27T09:31:27Z,198500,9791200,9791200,24
2026-08-27T09:31:27Z,198501,1332900,1332900,40
2026-08-27T09:31:27Z,198502,9999000,9999000,41
2026-08-27T09:31:27Z,198503,6430000,6430000,43
2026-08-27T09:31:27Z,198504,2007300,2007300,35
2026-08-27T09:31:27Z,198505,7000900,7000900,31
2026-08-27T09:31:27Z,198506,3000000,9890000,23
2026-08-27T09:31:27Z,198507,945000,945000,47
2026-08-27T09:31:27Z,198508,1838600,1838600,58
2026-08-27T09:31:27Z,198534,650000,792000,38
2026-08-27T09:31:27Z,198535,617000,617000,52
2026-08-27T09:31:27Z,198536,204900,544900,57
2026-08-27T09:31:27Z,198549,249800,249800,501
2026-08-27T09:31:27Z,198550,300600,300600,1247
2026-08-27T09:31:27Z,198614,3979800,3979800,119
2026-08-27T09:31:27Z,198619,39990200,39990200,5
2026-08-27T09:31:27Z,198620,7990000,9990400,25
2026-08-27T09:31:27Z,198621,39990600,39990600,14
2026-08-27T09:31:27Z,198833,19999900,19999900,40
2026-08-27T09:31:27Z,199051,9800000,9800000,33
2026-08-27T09:31:27Z,199052,9990000,9990000,41
2026-08-27T09:31:27Z,199053,9550000,9900000,38
2026-08-27T09:31:27Z,199054,9989500,9989500,22
2026-08-27T09:31:27Z,199055,2949600,9890000,44
2026-08-27T09:31:27Z,199056,2900000,9900000,32
2026-08-27T09:31:27Z,199057,7250000,9989900,31
2026-08-27T09:31:27Z,199058,9980000,9980000,20
2026-08-27T09:31:27Z,199059,1105800,9750000,31
2026-08-27T09:31:27Z,199060,9903000,9903000,26
2026-08-27T09:31:27Z,199188,50800,50800,28
2026-08-27T09:31:27Z,199189,30600,30600,44
2026-08-27T09:31:27Z,199190,13997800,13997800,4
2026-08-27T09:31:27Z,199193,39995500,39995500,35
2026-08-27T09:31:27Z,199194,9880000,9880000,20
2026-08-27T09:31:27Z,199195,9781300,9870000,26
2026-08-27T09:31:27Z,199204,1000,3000,318
2026-08-27T09:31:27Z,199206,700,1991000,3164
2026-08-27T09:31:27Z,199216,4281600,4281600,104
2026-08-27T09:31:27Z,199219,200000,200000,51
2026-08-27T09:31:27Z,199344,35800,189900,5421
2026-08-27T09:31:27Z,199476,3800,3800,46
2026-08-27T09:31:27Z,199646,39609700,39609700,7
2026-08-27T09:31:27Z,199934,2170000,2170000,16
2026-08-27T09:31:27Z,199935,1490000,1490000,13
2026-08-27T09:31:27Z,199936,149900,250000,36
2026-08-27T09:31:27Z,199937,70800,70800,43
2026-08-27T09:31:27Z,199938,68970200,68970300,7
2026-08-27T09:31:27Z,199939,79999900,79999900,2
2026-08-27T09:31:27Z,199940,50000,50000,47
2026-08-27T09:31:27Z,199941,70000,70000,41
2026-08-27T09:31:27Z,199942,60000,60000,51
2026-08-27T09:31:27Z,199943,199900,200000,73
2026-08-27T09:31:27Z,199944,48990800,49000800,11
2026-08-27T09:31:27Z,199945,105600,155600,53
2026-08-27T09:31:27Z,199946,99999900,99999900,5
2026-08-27T09:31:27Z,199947,200000,200000,55
2026-08-27T09:31:27Z,199948,69200,69200,111
2026-08-27T09:31:27Z,199949,50000,50000,76
2026-08-27T09:31:27Z,199950,400000,409000,57
2026-08-27T09:31:27Z,199951,240000,240000,49
2026-08-27T09:31:27Z,199952,149800,150000,97
2026-08-27T09:31:27Z,199953,50000,50000,33
2026-08-27T09:31:27Z,199954,129900,129900,52
2026-08-27T09:31:27Z,199955,105400,105400,89
2026-08-27T09:31:27Z,199956,50000,50000,82
2026-08-27T09:31:27Z,199957,50000,50000,44
2026-08-27T09:31:27Z,199958,1500000,1500000,15
2026-08-27T09:31:27Z,199959,50000,50000,34
2026-08-27T09:31:27Z,199960,57900,57900,57
2026-08-27T09:31:27Z,199961,1990000,1990000,29
2026-08-27T09:31:27Z,199962,820000,822300,15
2026-08-27T09:31:27Z,199963,2991500,3991500,13
2026-08-27T09:31:27Z,199964,39997700,39997800,27
2026-08-27T09:31:27Z,199965,129999900,129999900,2
2026-08-27T09:31:27Z,199966,12500000,12500000,43
2026-08-27T09:31:27Z,199967,3999900,3999900,22
2026-08-27T09:31:27Z,199968,350000,350000,16
2026-08-27T09:31:27Z,199969,500700,500700,13
2026-08-27T09:31:27Z,199970,85000000,199980000,46
2026-08-27T09:31:27Z,199971,2509300,2509400,11
2026-08-27T09:31:27Z,199972,16918900,16918900,5
2026-08-27T09:31:27Z,199973,39900000,39900100,9
2026-08-27T09:31:27Z,199974,19999500,19999500,5
2026-08-27T09:31:27Z,199975,20007600,20007600,34
2026-08-27T09:31:27Z,199976,1206600,1206600,44
2026-08-27T09:31:27Z,199977,727000,727300,29
2026-08-27T09:31:27Z,199978,465000,465000,49
2026-08-27T09:31:27Z,199979,330000,330000,80
2026-08-27T09:31:27Z,199980,353600,353600,21
2026-08-27T09:31:27Z,199981,553800,553800,16
2026-08-27T09:31:27Z,199982,59000,59000,20
2026-08-27T09:31:27Z,199983,59900,59900,14
2026-08-27T09:31:27Z,199984,71600,71600,36
2026-08-27T09:31:27Z,199985,4440000,4440000,64
2026-08-27T09:31:27Z,199986,150000,150000,443
2026-08-27T09:31:27Z,199987,492700,492700,40
2026-08-27T09:31:27Z,199988,523600,523600,58
2026-08-27T09:31:27Z,199989,56500,56500,102
2026-08-27T09:31:27Z,199990,50000,50000,36
2026-08-27T09:31:27Z,199991,303100,303100,22
2026-08-27T09:31:27Z,199992,400000,400000,31
2026-08-27T09:31:27Z,199993,351300,351300,44
2026-08-27T09:31:27Z,199994,250000,250000,31
2026-08-27T09:31:27Z,199995,75500,75500,67
2026-08-27T09:31:27Z,199996,95000,95000,39
2026-08-27T09:31:27Z,199997,59700,59700,50
2026-08-27T09:31:27Z,199998,288000,288000,37
2026-08-27T09:31:27Z,199999,50000,50000,32
2026-08-27T09:31:27Z,200000,50000,50000,16
2026-08-27T09:31:27Z,200001,50000,55500,37
2026-08-27T09:31:27Z,200002,979900,980000,16
2026-08-27T09:31:27Z,200003,1500100,1500100,10
2026-08-27T09:31:27Z,200004,2502600,2502600,29
2026-08-27T09:31:27Z,200005,1111100,1111100,26
2026-08-27T09:31:27Z,200006,2000900,3140900,13
2026-08-27T09:31:27Z,200007,3445500,3445500,10
2026-08-27T09:31:27Z,200008,455200,455200,35
2026-08-27T09:31:27Z,200009,8380900,8380900,16
2026-08-27T09:31:27Z,200010,890000,890000,19
2026-08-27T09:31:27Z,200011,7809400,7809400,6
2026-08-27T09:31:27Z,200012,12468800,12500000,93
2026-08-27T09:31:27Z,200013,10357000,10357100,8
2026-08-27T09:31:27Z,200014,6605100,6605100,14
2026-08-27T09:31:27Z,200015,5500000,5500000,7
2026-08-27T09:31:27Z,200016,13999600,13999700,71
2026-08-27T09:31:27Z,200017,3009900,3009900,5
2026-08-27T09:31:27Z,200018,6669200,6669400,34
2026-08-27T09:31:27Z,200019,1599100,1599100,16
2026-08-27T09:31:27Z,200020,1425000,1499900,27
2026-08-27T09:31:27Z,200021,475000,475100,75
2026-08-27T09:31:27Z,200022,4204000,4204000,48
2026-08-27T09:31:27Z,200023,2990000,2990000,24
2026-08-27T09:31:27Z,200024,109800,109800,42
2026-08-27T09:31:27Z,200025,57000,57000,35
2026-08-27T09:31:27Z,200026,129900,129900,21
2026-08-27T09:31:27Z,200027,8507900,8508000,53
2026-08-27T09:31:27Z,200028,3907900,3908000,30
2026-08-27T09:31:27Z,200029,9709900,9709900,17
2026-08-27T09:31:27Z,200030,450700,450800,173
2026-08-27T09:31:27Z,200031,522300,522400,63
2026-08-27T09:31:27Z,200032,609000,609000,64
2026-08-27T09:31:27Z,200033,472500,2002500,67
2026-08-27T09:31:27Z,200034,1499900,1499900,138
2026-08-27T09:31:27Z,200035,809500,809500,131
2026-08-27T09:31:27Z,200036,1499900,1499900,136
2026-08-27T09:31:27Z,200037,100000,100000,12
2026-08-27T09:31:27Z,200038,110000,2000000,20
2026-08-27T09:31:27Z,200039,150000,150000,26
2026-08-27T09:31:27Z,200040,1567500,1567500,32
2026-08-27T09:31:27Z,200041,50000,50000,23
2026-08-27T09:31:27Z,200042,99900,99900,75
2026-08-27T09:31:27Z,200043,62800,62900,23
2026-08-27T09:31:27Z,200044,60000,60000,22
2026-08-27T09:31:27Z,200045,10209800,10209900,15
2026-08-27T09:31:27Z,200046,12805400,12805400,20
2026-08-27T09:31:27Z,200047,5001900,5001900,39
2026-08-27T09:31:27Z,200048,7409900,7409900,10
2026-08-27T09:31:27Z,200049,5007000,5007000,22
2026-08-27T09:31:27Z,200050,9993300,15992800,36
2026-08-27T09:31:27Z,200051,12954100,12954100,37
2026-08-27T09:31:27Z,200052,20007300,20007400,50
2026-08-27T09:31:27Z,200053,6999100,6999100,50
2026-08-27T09:31:27Z,200054,17093500,18012100,57
2026-08-27T09:31:27Z,200055,16819500,16819600,40
2026-08-27T09:31:27Z,200056,15009900,15009900,26
2026-08-27T09:31:27Z,200057,2222200,2222200,25
2026-08-27T09:31:27Z,200058,26989700,26989700,37
2026-08-27T09:31:27Z,200059,6000000,6000000,30
2026-08-27T09:31:27Z,200061,70000,251300,22923
2026-08-27T09:31:27Z,200074,38000,38900,3887
2026-08-27T09:31:27Z,200099,9879900,9879900,20
2026-08-27T09:31:27Z,200105,43900,43900,40
2026-08-27T09:31:27Z,200106,20000,20000,8
2026-08-27T09:31:27Z,200107,290005600,290005600,1
2026-08-27T09:31:27Z,200113,1403300,1403300,4726
2026-08-27T09:31:27Z,200224,2257000,3082400,2412
2026-08-27T09:31:27Z,200264,3902500,3902500,205
2026-08-27T09:31:27Z,200282,190000000,190000000,1
2026-08-27T09:31:27Z,200304,9990000,9990000,81
2026-08-27T09:31:27Z,200305,9810700,9810700,25
2026-08-27T09:31:27Z,200451,30009900,49007900,23
2026-08-27T09:31:27Z,200476,960600,960600,232
2026-08-27T09:31:27Z,200506,1600,1600,1143
2026-08-27T09:31:27Z,200507,9300,9300,548
2026-08-27T09:31:27Z,200508,9900000,9900000,1113
2026-08-27T09:31:27Z,200509,7400,7400,720
2026-08-27T09:31:27Z,200531,49900,49900,29
2026-08-27T09:31:27Z,200532,49004200,49004200,1
2026-08-27T09:31:27Z,200533,290005500,290005500,1
2026-08-27T09:31:27Z,200565,3465000,3465000,16
2026-08-27T09:31:27Z,200566,354000,802700,102
2026-08-27T09:31:27Z,200567,9990100,9990100,33
2026-08-27T09:31:27Z,200568,4520000,4520000,30
2026-08-27T09:31:27Z,200569,500000,595600,69
2026-08-27T09:31:27Z,200570,798900,798900,140
2026-08-27T09:31:27Z,200571,9596400,9596400,36
2026-08-27T09:31:27Z,200572,1204200,1204200,77
2026-08-27T09:31:27Z,200573,890000,890000,59
2026-08-27T09:31:27Z,200574,23760000,39990000,7
2026-08-27T09:31:27Z,200575,2391000,2391000,31
2026-08-27T09:31:27Z,200576,1487700,9898700,49
2026-08-27T09:31:27Z,200577,39000000,39000000,10
2026-08-27T09:31:27Z,200578,686800,815000,76
2026-08-27T09:31:27Z,200579,3190000,9900000,42
2026-08-27T09:31:27Z,200580,2820100,2820100,8
2026-08-27T09:31:27Z,200581,684600,9897400,32
2026-08-27T09:31:27Z,200582,1600300,9907300,28
2026-08-27T09:31:27Z,200614,360000,360000,59
2026-08-27T09:31:27Z,200615,1039400,1039400,57
2026-08-27T09:31:27Z,200616,15009500,15009500,81
2026-08-27T09:31:27Z,200618,15550000,15550000,18
2026-08-27T09:31:27Z,200619,39990000,39990000,5
2026-08-27T09:31:27Z,200623,231900,9901900,105
2026-08-27T09:31:27Z,200633,60206300,60206300,2
2026-08-27T09:31:27Z,200634,26999000,26999000,113
2026-08-27T09:31:27Z,200652,376900,377000,718
2026-08-27T09:31:27Z,200680,8001400,8001400,41
2026-08-27T09:31:27Z,200681,9961400,9961400,20
2026-08-27T09:31:27Z,200764,290004400,290004400,1
2026-08-27T09:31:27Z,200765,290008900,290008900,1
2026-08-27T09:31:27Z,200766,290003700,290003700,1
2026-08-27T09:31:27Z,200767,290004600,290004600,1
2026-08-27T09:31:27Z,200768,7000000,7000000,26
2026-08-27T09:31:27Z,200769,40009800,40009800,35
2026-08-27T09:31:27Z,200770,280009900,280009900,6
2026-08-27T09:31:27Z,200771,290009500,290009500,1
2026-08-27T09:31:27Z,200772,119900,119900,22
2026-08-27T09:31:27Z,200773,907800,907800,4
2026-08-27T09:31:27Z,200774,290001200,290001200,1
2026-08-27T09:31:27Z,200775,290007300,290007300,1
2026-08-27T09:31:27Z,200776,10008000,10008000,18
2026-08-27T09:31:27Z,200777,100000,100000,37
2026-08-27T09:31:27Z,200778,2503600,2503600,7
2026-08-27T09:31:27Z,200779,272800,272800,23
2026-08-27T09:31:27Z,200780,140000,140000,16
2026-08-27T09:31:27Z,200781,290008900,290008900,1
2026-08-27T09:31:27Z,200782,290005800,290005800,1
2026-08-27T09:31:27Z,200783,290000000,290000000,1
2026-08-27T09:31:27Z,200784,290004000,290004000,1
2026-08-27T09:31:27Z,200785,5007300,5007300,4
2026-08-27T09:31:27Z,200786,198900,198900,4
2026-08-27T09:31:27Z,200787,250009100,250009100,25
2026-08-27T09:31:27Z,200788,139900,139900,5
2026-08-27T09:31:27Z,200789,270009900,270009900,5
2026-08-27T09:31:27Z,200790,5899900,5899900,70
2026-08-27T09:31:27Z,200791,50009900,50009900,17
2026-08-27T09:31:27Z,200792,99999900,99999900,6
2026-08-27T09:31:27Z,200793,190600,290600,14
2026-08-27T09:31:27Z,200794,236800,236800,5
2026-08-27T09:31:27Z,200795,76200,76200,19
2026-08-27T09:31:27Z,200796,10007700,10007700,16
2026-08-27T09:31:27Z,200797,280001000,280001000,6
2026-08-27T09:31:27Z,200798,290000600,290000600,1
2026-08-27T09:31:27Z,200799,290002900,290002900,1
2026-08-27T09:31:27Z,200800,59000,59000,28
2026-08-27T09:31:27Z,200801,209900,209900,11
2026-08-27T09:31:27Z,200802,290001900,290001900,31
2026-08-27T09:31:27Z,200803,6000000,6000000,16
2026-08-27T09:31:27Z,200804,250006500,250006500,1
2026-08-27T09:31:27Z,200805,199999900,199999900,9
2026-08-27T09:31:27Z,200806,187300,187300,8
2026-08-27T09:31:27Z,200807,290003600,290003600,1
2026-08-27T09:31:27Z,200808,3407500,3407500,39
2026-08-27T09:31:27Z,200809,290007100,290007100,1
2026-08-27T09:31:27Z,200810,290000000,290000000,1
2026-08-27T09:31:27Z,200811,180001700,180001700,1
2026-08-27T09:31:27Z,200812,290004400,290004400,1
2026-08-27T09:31:27Z,200813,70000,70000,40
2026-08-27T09:31:27Z,200814,45000000,45000000,23
2026-08-27T09:31:27Z,200815,124000000,124000000,3
2026-08-27T09:31:27Z,200816,450000,450000,13
2026-08-27T09:31:27Z,200817,290007600,290007600,44
2026-08-27T09:31:27Z,200818,290000500,290000500,1
2026-08-27T09:31:27Z,200820,138900,138900,18
2026-08-27T09:31:27Z,200821,8880000,8880000,11
2026-08-27T09:31:27Z,200822,168800,168800,6
2026-08-27T09:31:27Z,200823,230379700,230379700,12
2026-08-27T09:31:27Z,200824,290008600,290008600,1
2026-08-27T09:31:27Z,200825,289999800,289999800,1
2026-08-27T09:31:27Z,200826,150000,150000,21
2026-08-27T09:31:27Z,200827,270000000,270000000,9
2026-08-27T09:31:27Z,200828,350000,400000,11
2026-08-27T09:31:27Z,200829,290003400,290003400,1
2026-08-27T09:31:27Z,200830,99999900,99999900,46
2026-08-27T09:31:27Z,200831,290003800,290003800,1
2026-08-27T09:31:27Z,200832,80000000,99990000,75
2026-08-27T09:31:27Z,200833,290003800,290003800,1
2026-08-27T09:31:27Z,200834,111119900,111119900,5
2026-08-27T09:31:27Z,200835,106900,106900,10
2026-08-27T09:31:27Z,200836,129700,129700,7
2026-08-27T09:31:27Z,200837,59999900,59999900,14
2026-08-27T09:31:27Z,200838,1749900,1749900,49
2026-08-27T09:31:27Z,200840,290005300,290005300,1
2026-08-27T09:31:27Z,200841,990000,1000000,33
2026-08-27T09:31:27Z,200842,1104000,1304000,18
2026-08-27T09:31:27Z,200843,500000,500000,9
2026-08-27T09:31:27Z,200844,290008100,290008100,1
2026-08-27T09:31:27Z,200845,50000000,50000000,2
2026-08-27T09:31:27Z,200846,290000700,290000700,1
2026-08-27T09:31:27Z,200847,290006900,290006900,1
2026-08-27T09:31:27Z,200848,219900,219900,3
2026-08-27T09:31:27Z,200849,140000000,140000000,14
2026-08-27T09:31:27Z,200850,290006100,290006100,1
2026-08-27T09:31:27Z,200851,290002900,290002900,1
2026-08-27T09:31:27Z,200852,130008700,130008700,14
2026-08-27T09:31:27Z,200853,29909900,29909900,8
2026-08-27T09:31:27Z,200855,9960000,9960000,20
2026-08-27T09:31:27Z,200860,23400,23400,1109
2026-08-27T09:31:27Z,200871,441800,441800,42
2026-08-27T09:31:27Z,200938,925500,925500,522
2026-08-27T09:31:27Z,200944,975000,985000,87
2026-08-27T09:31:27Z,201045,23600,23600,20
2026-08-27T09:31:27Z,201046,499800,499800,33
2026-08-27T09:31:27Z,201047,34700,34700,49
2026-08-27T09:31:27Z,201162,290008800,290008800,1
2026-08-27T09:31:27Z,201163,158700,158700,29
2026-08-27T09:31:27Z,201164,158900,158900,25
2026-08-27T09:31:27Z,201165,150200,150200,31
2026-08-27T09:31:27Z,201166,49009000,49009000,20
2026-08-27T09:31:27Z,201168,5500000200,5500000200,1
2026-08-27T09:31:27Z,201170,290009700,290009700,1
2026-08-27T09:31:27Z,201173,290009100,290009100,1
2026-08-27T09:31:27Z,201177,290009600,290009600,1
2026-08-27T09:31:27Z,201178,990009100,990009100,1
2026-08-27T09:31:27Z,201180,159600,159600,36
2026-08-27T09:31:27Z,201182,59400,59400,28
2026-08-27T09:31:27Z,201184,159100,159100,27
2026-08-27T09:31:27Z,201185,290009600,290009600,1
2026-08-27T09:31:27Z,201186,450009100,450009100,1
2026-08-27T09:31:27Z,201188,290009600,290009600,1
2026-08-27T09:31:27Z,201190,290009100,290009100,1
2026-08-27T09:31:27Z,201191,290008800,290008800,1
2026-08-27T09:31:27Z,201192,159100,159100,35
2026-08-27T09:31:27Z,201193,159200,159200,34
2026-08-27T09:31:27Z,201194,49008800,49008800,20
2026-08-27T09:31:27Z,201195,290009400,290009400,1
2026-08-27T09:31:27Z,201196,1500009000,1500009000,1
2026-08-27T09:31:27Z,201197,290009900,290009900,1
2026-08-27T09:31:27Z,201202,159400,159400,29
2026-08-27T09:31:27Z,201203,159900,159900,44
2026-08-27T09:31:27Z,201204,49008900,49008900,20
2026-08-27T09:31:27Z,201205,259700,49009700,23
2026-08-27T09:31:27Z,201206,49000100,49000100,20
2026-08-27T09:31:27Z,201207,49008800,49008800,20
2026-08-27T09:31:27Z,201209,49000500,49000500,18
2026-08-27T09:31:27Z,201216,49009400,49009400,20
2026-08-27T09:31:27Z,201219,229600,229600,32
2026-08-27T09:31:27Z,201220,150500,150500,27
2026-08-27T09:31:27Z,201221,49008700,49008700,20
2026-08-27T09:31:27Z,201222,49800,49800,27
2026-08-27T09:31:27Z,201226,159400,49009400,24
2026-08-27T09:31:27Z,201227,290000200,290000200,1
2026-08-27T09:31:27Z,201228,290000500,290000500,1
2026-08-27T09:31:27Z,201310,19997700,19997700,65
2026-08-27T09:31:27Z,201311,2227200,2227200,60
2026-08-27T09:31:27Z,201312,49900,50000,82
2026-08-27T09:31:27Z,201313,440000,9993800,33
2026-08-27T09:31:27Z,201314,750000,750000,84
2026-08-27T09:31:27Z,201315,9900,9900,67
2026-08-27T09:31:27Z,201316,9991900,9991900,41
2026-08-27T09:31:27Z,201317,500000,500000,87
2026-08-27T09:31:27Z,201318,20800,20900,67
2026-08-27T09:31:27Z,201319,10270000,10270000,25
2026-08-27T09:31:27Z,201320,9000000,9000000,86
2026-08-27T09:31:27Z,201321,50000000,50000000,6
2026-08-27T09:31:27Z,201325,1059900,1060000,930
2026-08-27T09:31:27Z,201327,9990100,9990100,20
2026-08-27T09:31:27Z,201398,9880000,9880000,20
2026-08-27T09:31:27Z,201399,31000,41000,692
2026-08-27T09:31:27Z,201400,281200,290000,3156
2026-08-27T09:31:27Z,201401,155000,169800,2069
2026-08-27T09:31:27Z,201402,594000,594000,562
2026-08-27T09:31:27Z,201403,1831500,1880000,1928
2026-08-27T09:31:27Z,201404,3600000,4509700,5460
2026-08-27T09:31:27Z,201405,1849800,1890000,952
2026-08-27T09:31:27Z,201406,88000,89100,877
2026-08-27T09:31:27Z,201407,10002000,10003000,7
2026-08-27T09:31:27Z,201408,9993000,9993000,20
2026-08-27T09:31:27Z,201409,19732300,19732300,6
2026-08-27T09:31:27Z,201413,100000,100000,37
2026-08-27T09:31:27Z,201415,9949900,9949900,21
2026-08-27T09:31:27Z,201416,100000,100000,25
2026-08-27T09:31:27Z,201417,9890000,9890000,20
2026-08-27T09:31:27Z,201419,478600,478700,214
2026-08-27T09:31:27Z,201420,1118700,1118700,2237
2026-08-27T09:31:27Z,201421,980000,989900,1374
2026-08-27T09:31:27Z,201422,1404400,1504400,2980
2026-08-27T09:31:27Z,201424,6800,6800,84
2026-08-27T09:31:27Z,201428,1790000,1790000,52
2026-08-27T09:31:27Z,201466,7600,7600,202
2026-08-27T09:31:27Z,201467,34900,34900,65
2026-08-27T09:31:27Z,201468,900000,900000,12
2026-08-27T09:31:27Z,201469,1900,1900,1350
2026-08-27T09:31:27Z,201584,240500,240500,302
2026-08-27T09:31:27Z,201697,107400,107400,39
2026-08-27T09:31:27Z,201698,9805600,9805600,20
2026-08-27T09:31:27Z,201721,9790000,9790000,20
2026-08-27T09:31:27Z,201724,2499999900,2499999900,3
2026-08-27T09:31:27Z,201725,102000,102000,30
2026-08-27T09:31:27Z,201729,290003800,290003800,1
2026-08-27T09:31:27Z,201813,9809500,9809500,20
2026-08-27T09:31:27Z,201832,160900,202900,386
2026-08-27T09:31:27Z,201883,50009900,50009900,57
2026-08-27T09:31:27Z,201991,1469500,1999900,1775
2026-08-27T09:31:27Z,202065,30008900,30008900,71
2026-08-27T09:31:27Z,202070,4400,4400,1952
2026-08-27T09:31:27Z,202071,4100,4300,683
2026-08-27T09:31:27Z,202290,129900,129900,956
2026-08-27T09:31:27Z,202314,9829200,9829200,23
2026-08-27T09:31:27Z,202315,9998000,9998000,20
2026-08-27T09:31:27Z,202401,509700,509700,78
2026-08-27T09:31:27Z,202712,6500,6500,198
2026-08-27T09:31:27Z,203407,29999900,29999900,54
2026-08-27T09:31:27Z,203408,59999900,59999900,39
2026-08-27T09:31:27Z,203409,9856400,9856500,106
2026-08-27T09:31:27Z,203410,19999800,19999900,59
2026-08-27T09:31:27Z,203411,59990000,59990000,28
2026-08-27T09:31:27Z,203412,115205400,115205400,27
2026-08-27T09:31:27Z,203413,46699700,46699700,45
2026-08-27T09:31:27Z,203414,59980000,59980000,57
2026-08-27T09:31:27Z,203415,74972300,74972300,75
2026-08-27T09:31:27Z,203416,7009500,7009600,40
2026-08-27T09:31:27Z,203417,49890200,49890200,34
2026-08-27T09:31:27Z,203418,997100,997200,99
2026-08-27T09:31:27Z,203419,36002900,44002900,171
2026-08-27T09:31:27Z,203652,849900,850000,148
2026-08-27T09:31:27Z,203762,60000,64500,4138
2026-08-27T09:31:27Z,203763,135000,135000,787
2026-08-27T09:31:27Z,203862,624700,624700,1114
2026-08-27T09:31:27Z,203865,469700,469700,804
2026-08-27T09:31:27Z,204072,24200,24300,2316
2026-08-27T09:31:27Z,204092,6903000,6903000,39
2026-08-27T09:31:27Z,204234,49005100,49005100,19
2026-08-27T09:31:27Z,204235,1900,1900,161
2026-08-27T09:31:27Z,204237,291000,293900,96
2026-08-27T09:31:27Z,204308,49001600,49001600,22
2026-08-27T09:31:27Z,204310,49008800,49008800,20
2026-08-27T09:31:27Z,204311,50000,50000,20
2026-08-27T09:31:27Z,204312,290002200,290002200,2
2026-08-27T09:31:27Z,204313,49000000,49009800,19
2026-08-27T09:31:27Z,204370,509000,999000,4270
2026-08-27T09:31:27Z,204442,410100,49000100,22
2026-08-27T09:31:27Z,204460,44700,46000,23696
2026-08-27T09:31:27Z,204463,9990000,9990000,341
2026-08-27T09:31:27Z,204464,130000,200000,1940
2026-08-27T09:31:27Z,204565,12360300,12360300,22
2026-08-27T09:31:27Z,204567,6960900,6960900,13
2026-08-27T09:31:27Z,204568,199519900,199519900,1
2026-08-27T09:31:27Z,204613,4126900,40479400,9
2026-08-27T09:31:27Z,204614,503300,503300,14
2026-08-27T09:31:27Z,204615,18367900,18367900,5
2026-08-27T09:31:27Z,204621,39906500,39906500,11
2026-08-27T09:31:27Z,204622,3000000,3000000,14
2026-08-27T09:31:27Z,204623,199000000,199000000,1
2026-08-27T09:31:27Z,204700,79999900,79999900,3
2026-08-27T09:31:27Z,204701,13000000,13000000,12
2026-08-27T09:31:27Z,204702,23909000,23909000,13
2026-08-27T09:31:27Z,204708,339700,599700,57
2026-08-27T09:31:27Z,204709,9992800,9992800,25
2026-08-27T09:31:27Z,204710,742500,9989900,29
2026-08-27T09:31:27Z,204729,4509800,4509800,25
2026-08-27T09:31:27Z,204730,8800,8900,107
2026-08-27T09:31:27Z,204790,1900,1900,239
2026-08-27T09:31:27Z,204823,9940000,9940000,20
2026-08-27T09:31:27Z,204825,19900,19900,36
2026-08-27T09:31:27Z,204826,230400,230400,37
2026-08-27T09:31:27Z,204827,9990900,9990900,66
2026-08-27T09:31:27Z,204828,6000000,6000000,9
2026-08-27T09:31:27Z,204829,6100000,6100000,358
2026-08-27T09:31:27Z,204834,49000100,49000100,21
2026-08-27T09:31:27Z,204835,290000100,290000100,2
2026-08-27T09:31:27Z,204836,49000100,49000100,21
2026-08-27T09:31:27Z,204837,25000100,49000100,21
2026-08-27T09:31:27Z,204838,49009800,49009800,21
2026-08-27T09:31:27Z,204839,99990100,99990100,7
2026-08-27T09:31:27Z,204840,49000100,49000100,25
2026-08-27T09:31:27Z,204841,49000100,49000100,20
2026-08-27T09:31:27Z,204842,57600,49007600,24
2026-08-27T09:31:27Z,204845,58500,168500,137
2026-08-27T09:31:27Z,204858,39905000,39905000,15
2026-08-27T09:31:27Z,204859,499800,499900,58
2026-08-27T09:31:27Z,204860,1708900,1708900,103
2026-08-27T09:31:27Z,204909,990000000,990000000,1
2026-08-27T09:31:27Z,204971,499800,499800,25
2026-08-27T09:31:27Z,204972,44400,44400,182
2026-08-27T09:31:27Z,204973,9960000,9960000,330
2026-08-27T09:31:27Z,204991,4444400,9989900,24
2026-08-27T09:31:27Z,204992,2999600,2999600,41
2026-08-27T09:31:27Z,204993,199000000,199000000,1
2026-08-27T09:31:27Z,204994,6508000,6509000,188
2026-08-27T09:31:27Z,204995,35698400,35698400,52
2026-08-27T09:31:27Z,204996,3501100,3501100,81
2026-08-27T09:31:27Z,205012,44056900,44056900,7
2026-08-27T09:31:27Z,205014,6773400,6773400,55
2026-08-27T09:31:27Z,205015,19991900,19991900,9
2026-08-27T09:31:27Z,205016,99998800,99998800,6
2026-08-27T09:31:27Z,205039,41999900,42000000,29
2026-08-27T09:31:27Z,205043,149999900,149999900,5
2026-08-27T09:31:27Z,205044,80009900,80009900,4
2026-08-27T09:31:27Z,205115,199990000,199990000,1
2026-08-27T09:31:27Z,205170,19905600,19905600,8
2026-08-27T09:31:27Z,205171,990000000,990000000,1
2026-08-27T09:31:27Z,205172,197997600,197997600,2
2026-08-27T09:31:27Z,205173,199989700,199989700,1
2026-08-27T09:31:27Z,205221,49006200,49006200,1
2026-08-27T09:31:27Z,205224,49000100,49000100,18
2026-08-27T09:31:27Z,205235,150100,150100,36
2026-08-27T09:31:27Z,205236,990000100,990000100,1
2026-08-27T09:31:27Z,205237,49000100,49000100,22
2026-08-27T09:31:27Z,205238,1500000100,1500000100,2
2026-08-27T09:31:27Z,205239,49000100,49000100,23
2026-08-27T09:31:27Z,205240,49000100,49000100,20
2026-08-27T09:31:27Z,205241,150100,150100,74
2026-08-27T09:31:27Z,205242,50100,50100,35
2026-08-27T09:31:27Z,205243,49000100,49000100,20
2026-08-27T09:31:27Z,205244,150100,49000100,25
2026-08-27T09:31:27Z,205411,3509800,3509800,31
2026-08-27T09:31:27Z,205413,39879700,499999800,2181
2026-08-27T09:31:27Z,205417,904900,904900,42
2026-08-27T09:31:27Z,205457,290008400,290008400,1
2026-08-27T09:31:27Z,205459,49000000,49000000,4
2026-08-27T09:31:27Z,205460,108500,108500,44
2026-08-27T09:31:27Z,205461,908700,908700,34
2026-08-27T09:31:27Z,205462,210009000,210009000,4
2026-08-27T09:31:27Z,205464,49000000,49000000,2
2026-08-27T09:31:27Z,205465,290001000,290001000,1
2026-08-27T09:31:27Z,205466,304000,304000,1
2026-08-27T09:31:27Z,205467,290007500,290007500,1
2026-08-27T09:31:27Z,205468,46000000,46000000,2
2026-08-27T09:31:27Z,205469,290000900,290000900,2
2026-08-27T09:31:27Z,205470,2500400,49000400,21
2026-08-27T09:31:27Z,205471,49006400,49006400,2
2026-08-27T09:31:27Z,205472,990008200,990008200,1
2026-08-27T09:31:27Z,205684,1105000,1515000,340
2026-08-27T09:31:27Z,205686,357100,357100,246
2026-08-27T09:31:27Z,205690,9700000,9700000,20
2026-08-27T09:31:27Z,205692,4500000,4500000,25
2026-08-27T09:31:27Z,205693,440000,440000,264
2026-08-27T09:31:27Z,205695,290004000,290004000,1
2026-08-27T09:31:27Z,205697,990005900,990005900,1
2026-08-27T09:31:27Z,205698,290003900,290003900,1
2026-08-27T09:31:27Z,205700,25200,35200,56
2026-08-27T09:31:27Z,205793,9900000,9900000,20
2026-08-27T09:31:27Z,205794,22200,22200,174
2026-08-27T09:31:27Z,205866,11851800,11851800,1
2026-08-27T09:31:27Z,205868,8000000,8004300,9
2026-08-27T09:31:27Z,205869,290004300,290004300,1
2026-08-27T09:31:27Z,205871,290003000,290003000,1
2026-08-27T09:31:27Z,205873,290004100,290004100,1
2026-08-27T09:31:27Z,205875,150003400,150003400,2
2026-08-27T09:31:27Z,206967,5000000,5000000,35
2026-08-27T09:31:27Z,206968,9998600,9998600,70
2026-08-27T09:31:27Z,206969,9990100,9990100,72
2026-08-27T09:31:27Z,207021,9990000,9990000,28
2026-08-27T09:31:27Z,207022,24000,24000,246
2026-08-27T09:31:27Z,207023,2200,2200,7540
2026-08-27T09:31:27Z,207039,39439100,39439100,20
2026-08-27T09:31:27Z,207040,100000,100000,390
2026-08-27T09:31:27Z,207041,29100,29100,108
2026-08-27T09:31:27Z,207054,558000,9969000,21
2026-08-27T09:31:27Z,207085,5008800,5008800,52
2026-08-27T09:31:27Z,207086,997500,997500,17
2026-08-27T09:31:27Z,207087,17945500,17945500,28
2026-08-27T09:31:27Z,207088,2989900,2989900,78
2026-08-27T09:31:27Z,207702,1039800,1048800,17336
2026-08-27T09:31:27Z,207956,4000000,4000000,70
2026-08-27T09:31:27Z,208187,39970000,39970000,20
2026-08-27T09:31:27Z,208188,40000000,40000000,14
2026-08-27T09:31:27Z,208189,199999900,199999900,13
2026-08-27T09:31:27Z,208212,10300,14200,7194
2026-08-27T09:31:27Z,208746,37842800,37842800,3
2026-08-27T09:31:27Z,208747,9598100,49905000,28
2026-08-27T09:31:27Z,208748,49998100,49998100,19
2026-08-27T09:31:27Z,208856,242000,242200,28
2026-08-27T09:31:27Z,209033,49009900,49009900,32
2026-08-27T09:31:27Z,209034,290006700,290006700,2
2026-08-27T09:31:27Z,210221,6000,52000,52905
2026-08-27T09:31:27Z,210244,2840500,2840500,59
2026-08-27T09:31:27Z,210245,750000,750000,83
2026-08-27T09:31:27Z,210246,7999500,7999500,39
2026-08-27T09:31:27Z,210247,2200000,2200000,101
2026-08-27T09:31:27Z,210248,56500,56600,91
2026-08-27T09:31:27Z,210249,1440000,1440000,62
2026-08-27T09:31:27Z,210438,49008800,49008800,3
2026-08-27T09:31:27Z,210443,290009900,290009900,1
2026-08-27T09:31:27Z,210444,290009000,290009000,1
2026-08-27T09:31:27Z,210449,5500009800,5500009800,1
2026-08-27T09:31:27Z,210452,20008800,49008800,23
2026-08-27T09:31:27Z,210456,33337900,499999800,126
2026-08-27T09:31:27Z,210554,290008000,290008000,1
2026-08-27T09:31:27Z,210658,49009900,49009900,21
2026-08-27T09:31:27Z,210671,450000,450000,80
2026-08-27T09:31:27Z,210672,417300,417300,66
2026-08-27T09:31:27Z,210673,9990000,9990000,28
2026-08-27T09:31:27Z,210688,4000400,4000400,209
2026-08-27T09:31:27Z,210796,23600,23800,13834
2026-08-27T09:31:27Z,210797,22000,31000,61928
2026-08-27T09:31:27Z,210798,36900,53000,9499
2026-08-27T09:31:27Z,210799,19100,19900,3163
2026-08-27T09:31:27Z,210800,20000,22000,8073
2026-08-27T09:31:27Z,210801,49900,50000,2902
2026-08-27T09:31:27Z,210802,12000,12100,4361
2026-08-27T09:31:27Z,210803,13500,15000,37282
2026-08-27T09:31:27Z,210804,22500,27000,5961
2026-08-27T09:31:27Z,210805,15800,19900,9230
2026-08-27T09:31:27Z,210806,20000,24100,17491
2026-08-27T09:31:27Z,210807,24000,24500,6152
2026-08-27T09:31:27Z,210808,18800,24600,5219
2026-08-27T09:31:27Z,210809,21900,26700,34686
2026-08-27T09:31:27Z,210810,34900,42800,1300
2026-08-27T09:31:27Z,210819,1000000,1000000,85
2026-08-27T09:31:27Z,210821,1000000,1000000,147
2026-08-27T09:31:27Z,210841,36600,36600,1352
2026-08-27T09:31:27Z,210842,1504300,1504300,65
2026-08-27T09:31:27Z,210930,82800,83500,59476
2026-08-27T09:31:27Z,210931,49900,140000,61546
2026-08-27T09:31:27Z,210932,107800,129300,75056
2026-08-27T09:31:27Z,210933,14000,24500,49246
2026-08-27T09:31:27Z,210934,18000,35400,52741
2026-08-27T09:31:27Z,210935,19700,19700,2650
2026-08-27T09:31:27Z,210936,14000,14900,2707
2026-08-27T09:31:27Z,210937,11900,13800,14401
2026-08-27T09:31:27Z,210938,28300,33700,56833
2026-08-27T09:31:27Z,210939,330000,330000,964
2026-08-27T09:31:27Z,211270,290009300,290009300,1
2026-08-27T09:31:27Z,211383,940000,940000,58
2026-08-27T09:31:27Z,211400,1450000,1450000,67
2026-08-27T09:31:27Z,211474,4800,4900,670
2026-08-27T09:31:27Z,211692,49007400,49007400,20
2026-08-27T09:31:27Z,211694,290008300,290008300,1
2026-08-27T09:31:27Z,211695,290002100,290002100,1
2026-08-27T09:31:27Z,211798,49007700,49007700,20
2026-08-27T09:31:27Z,211806,5500,5600,18328
2026-08-27T09:31:27Z,211807,10000,10000,1318
2026-08-27T09:31:27Z,211808,75600,75600,972
2026-08-27T09:31:27Z,211810,9940100,9940100,24
2026-08-27T09:31:27Z,211878,7000,7000,928
2026-08-27T09:31:27Z,211879,7000,7000,2804
2026-08-27T09:31:27Z,211880,11100,19500,2548
2026-08-27T09:31:27Z,211943,599900,740100,297
2026-08-27T09:31:27Z,212239,9500,9900,566
2026-08-27T09:31:27Z,212240,9600,9600,2341
2026-08-27T09:31:27Z,212241,100000,134500,11605
2026-08-27T09:31:27Z,212242,10500,10600,7591
2026-08-27T09:31:27Z,212243,87500,87500,898
2026-08-27T09:31:27Z,212244,50000,50000,59
2026-08-27T09:31:27Z,212245,10100,19000,811
2026-08-27T09:31:27Z,212246,20000,29800,162
2026-08-27T09:31:27Z,212247,68600,68600,388
2026-08-27T09:31:27Z,212248,10000,10000,218
2026-08-27T09:31:27Z,212249,60000,67500,374
2026-08-27T09:31:27Z,212250,380000,380000,426
2026-08-27T09:31:27Z,212251,10000,10000,202
2026-08-27T09:31:27Z,212252,10000,10000,293
2026-08-27T09:31:27Z,212253,399800,399800,149
2026-08-27T09:31:27Z,212254,12000,12000,1404
2026-08-27T09:31:27Z,212255,27500,29800,70
2026-08-27T09:31:27Z,212256,53000,53000,150
2026-08-27T09:31:27Z,212257,18500,18500,200
2026-08-27T09:31:27Z,212258,29600,29600,423
2026-08-27T09:31:27Z,212259,719200,9740000,51
2026-08-27T09:31:27Z,212260,98500,98500,470
2026-08-27T09:31:27Z,212261,19500,39500,179
2026-08-27T09:31:27Z,212262,63000,63000,35
2026-08-27T09:31:27Z,212263,16200,16200,1807
2026-08-27T09:31:27Z,212264,9800,9800,6683
2026-08-27T09:31:27Z,212265,10000,10000,746
2026-08-27T09:31:27Z,212266,9890000,9890000,20
2026-08-27T09:31:27Z,212267,119900,119900,577
2026-08-27T09:31:27Z,212268,690000,690000,1496
2026-08-27T09:31:27Z,212269,716200,716200,49
2026-08-27T09:31:27Z,212270,200000,200000,441
2026-08-27T09:31:27Z,212271,1030000,1039900,360
2026-08-27T09:31:27Z,212272,100000,100000,318
2026-08-27T09:31:27Z,212273,179900,179900,1287
2026-08-27T09:31:27Z,212274,206600,476600,429
2026-08-27T09:31:27Z,212275,2221700,2222200,169
2026-08-27T09:31:27Z,212276,100000,250000,568
2026-08-27T09:31:27Z,212277,270000,270000,172
2026-08-27T09:31:27Z,212278,140000,140000,263
2026-08-27T09:31:27Z,212279,100000,100000,386
2026-08-27T09:31:27Z,212280,1480000,2210000,360
2026-08-27T09:31:27Z,212281,685000,685000,326
2026-08-27T09:31:27Z,212282,48800,48800,3741
2026-08-27T09:31:27Z,212283,61800,61800,1609
2026-08-27T09:31:27Z,212289,500000,508400,201
2026-08-27T09:31:27Z,212292,40000,79200,987
2026-08-27T09:31:27Z,212298,387500,387500,411
2026-08-27T09:31:27Z,212299,32900,32900,216
2026-08-27T09:31:27Z,212300,545900,585500,226
2026-08-27T09:31:27Z,212301,3000000,3000000,60
2026-08-27T09:31:27Z,212305,13500,13500,147
2026-08-27T09:31:27Z,212306,39900,39900,155
2026-08-27T09:31:27Z,212307,209800,209800,544
2026-08-27T09:31:27Z,212308,39900,59900,506
2026-08-27T09:31:27Z,212309,11000,11000,393
2026-08-27T09:31:27Z,212310,689000,689000,603
2026-08-27T09:31:27Z,212311,22500,22500,86
2026-08-27T09:31:27Z,212312,85000,85000,264
2026-08-27T09:31:27Z,212313,549900,549900,1599
2026-08-27T09:31:27Z,212314,27500,27500,170
2026-08-27T09:31:27Z,212315,84800,84800,332
2026-08-27T09:31:27Z,212316,79800,79800,123
2026-08-27T09:31:27Z,212341,49008300,49008300,20
2026-08-27T09:31:27Z,212345,49009200,49009200,24
2026-08-27T09:31:27Z,212346,290009900,290009900,1
2026-08-27T09:31:27Z,212352,290001200,290001200,1
2026-08-27T09:31:27Z,212495,99800,99800,1258
2026-08-27T09:31:27Z,212498,2500,2900,29999
2026-08-27T09:31:27Z,212505,117000,123500,616
2026-08-27T09:31:27Z,212508,130000,134500,762
2026-08-27T09:31:27Z,212511,105000,130000,648
2026-08-27T09:31:27Z,212514,538600,538600,1105
2026-08-27T09:31:27Z,212531,30000100,30000100,2
2026-08-27T09:31:27Z,212533,50000100,50000100,2
2026-08-27T09:31:27Z,212534,30000100,30000100,2
2026-08-27T09:31:27Z,212563,907700,907700,71
2026-08-27T09:31:27Z,212564,222100,342100,214
2026-08-27T09:31:27Z,212565,310000,333300,687
2026-08-27T09:31:27Z,212648,2227500,2227500,3
2026-08-27T09:31:27Z,212649,49005800,49005800,1
2026-08-27T09:31:27Z,212664,41800,49700,41858
2026-08-27T09:31:27Z,212665,40000,48800,32768
2026-08-27T09:31:27Z,212666,44900,44900,11407
2026-08-27T09:31:27Z,212667,26800,26900,22845
2026-08-27T09:31:27Z,212668,27200,27200,14663
2026-08-27T09:31:27Z,212669,28800,29700,11351
2026-08-27T09:31:27Z,212670,8900,10000,3278
2026-08-27T09:31:27Z,212672,11000,11500,4013
2026-08-27T09:31:27Z,212673,30000,84900,2689
2026-08-27T09:31:27Z,212674,18900,22000,34884
2026-08-27T09:31:27Z,212675,39900,39900,9765
2026-08-27T09:31:27Z,212676,75000,109000,43351
2026-08-27T09:31:27Z,212688,49008000,49008000,20
2026-08-27T09:31:27Z,212761,290004800,290004800,1
2026-08-27T09:31:27Z,212765,290007100,290007100,1
2026-08-27T09:31:27Z,212772,290004300,290004300,1
2026-08-27T09:31:27Z,213029,290008400,290008400,2
2026-08-27T09:31:27Z,213033,290006400,290006400,1
2026-08-27T09:31:27Z,213045,49007800,49007800,1
2026-08-27T09:31:27Z,213194,290005800,290005800,1
2026-08-27T09:31:27Z,213197,30000,30000,3762
2026-08-27T09:31:27Z,213205,290004500,290004500,2
2026-08-27T09:31:27Z,213206,290003800,290003800,1
2026-08-27T09:31:27Z,213210,44004500,44004500,3
2026-08-27T09:31:27Z,213219,310000,310000,500
2026-08-27T09:31:27Z,213220,220000,220000,1494
2026-08-27T09:31:27Z,213221,289900,299900,3667
2026-08-27T09:31:27Z,213234,2400000,2430000,46
2026-08-27T09:31:27Z,213235,1410000,1410000,62
2026-08-27T09:31:27Z,213236,290000100,290000100,1
2026-08-27T09:31:27Z,213237,9000000,9000000,18
2026-08-27T09:31:27Z,213238,470000,490000,83
2026-08-27T09:31:27Z,213239,290000100,290000100,1
2026-08-27T09:31:27Z,213240,2990000,2990000,26
2026-08-27T09:31:27Z,213241,45000000,45000000,5
2026-08-27T09:31:27Z,213242,303200,303300,25
2026-08-27T09:31:27Z,213245,290000100,290000100,1
2026-08-27T09:31:27Z,213246,290000100,290000100,1
2026-08-27T09:31:27Z,213247,290000100,290000100,1
2026-08-27T09:31:27Z,213248,290009800,290009800,2
2026-08-27T09:31:27Z,213249,290000100,290000100,1
2026-08-27T09:31:27Z,213250,100009900,100009900,6
2026-08-27T09:31:27Z,213251,280000000,280000000,1
2026-08-27T09:31:27Z,213252,80006500,80006500,3
2026-08-27T09:31:27Z,213253,290009800,290009800,3
2026-08-27T09:31:27Z,213254,190009900,200009900,8
2026-08-27T09:31:27Z,213255,18492100,18492100,4
2026-08-27T09:31:27Z,213256,99990100,99990100,2
2026-08-27T09:31:27Z,213257,290000100,290000100,2
2026-08-27T09:31:27Z,213258,1132800,1132800,9
2026-08-27T09:31:27Z,213259,100009800,100009800,4
2026-08-27T09:31:27Z,213260,70000000,70000000,5
2026-08-27T09:31:27Z,213261,1000000,1000000,5
2026-08-27T09:31:27Z,213262,290009800,290009800,1
2026-08-27T09:31:27Z,213263,290000100,290000100,1
2026-08-27T09:31:27Z,213265,19999900,19999900,4
2026-08-27T09:31:27Z,213266,45004500,45004500,6
2026-08-27T09:31:27Z,213267,190000000,190000000,2
2026-08-27T09:31:27Z,213268,290000100,290000100,1
2026-08-27T09:31:27Z,213277,290008000,290008000,1
2026-08-27T09:31:27Z,213360,290008700,290008700,1
2026-08-27T09:31:27Z,213362,290004300,290004300,1
2026-08-27T09:31:27Z,213377,49009800,49009800,1
2026-08-27T09:31:27Z,213385,49007200,49007200,1
2026-08-27T09:31:27Z,213398,1700,1700,54646
2026-08-27T09:31:27Z,213399,6100,6400,10970
2026-08-27T09:31:27Z,213453,181387200,181387200,17
2026-08-27T09:31:27Z,213454,12500000,12500000,5
2026-08-27T09:31:27Z,213455,5426100,5900000,67
2026-08-27T09:31:27Z,213456,17750000,17750000,7
2026-08-27T09:31:27Z,213457,5466600,5466700,182
2026-08-27T09:31:27Z,213458,6996700,6996700,57
2026-08-27T09:31:27Z,213459,13125000,13125000,5
2026-08-27T09:31:27Z,213460,8502900,8502900,15
2026-08-27T09:31:27Z,213461,4990000,4990000,26
2026-08-27T09:31:27Z,213462,4999900,4999900,5
2026-08-27T09:31:27Z,213463,199991200,199991200,3
2026-08-27T09:31:27Z,213464,8000000,8000000,41
2026-08-27T09:31:27Z,213465,9920000,9920000,8
2026-08-27T09:31:27Z,213466,4489900,4489900,13
2026-08-27T09:31:27Z,213467,6490000,7000000,118
2026-08-27T09:31:27Z,213468,35009600,35009600,7
2026-08-27T09:31:27Z,213469,5445600,5445600,16
2026-08-27T09:31:27Z,213470,3997300,3997300,40
2026-08-27T09:31:27Z,213471,2000000,2000000,16
2026-08-27T09:31:27Z,213472,3500000,3500000,181
2026-08-27T09:31:27Z,213473,3509800,3509900,49
2026-08-27T09:31:27Z,213474,5980000,7000000,15
2026-08-27T09:31:27Z,213475,7302800,7302800,7
2026-08-27T09:31:27Z,213476,9999000,9999000,65
2026-08-27T09:31:27Z,213477,4950000,4950000,61
2026-08-27T09:31:27Z,213478,5391000,5391000,9
2026-08-27T09:31:27Z,213479,6701600,6701600,39
2026-08-27T09:31:27Z,213480,49990000,49990000,4
2026-08-27T09:31:27Z,213481,3997600,3997600,36
2026-08-27T09:31:27Z,213482,7007000,7007000,64
2026-08-27T09:31:27Z,213483,11909600,11909600,18
2026-08-27T09:31:27Z,213484,9000000,9000000,18
2026-08-27T09:31:27Z,213485,7000000,7000000,41
2026-08-27T09:31:27Z,213486,7899900,7899900,17
2026-08-27T09:31:27Z,213487,18003900,18003900,4
2026-08-27T09:31:27Z,213488,12500000,12500000,37
2026-08-27T09:31:27Z,213489,15000000,15000000,16
2026-08-27T09:31:27Z,213490,7000900,7000900,9
2026-08-27T09:31:27Z,213491,7390000,7390000,38
2026-08-27T09:31:27Z,213492,6930000,6930000,36
2026-08-27T09:31:27Z,213493,5303400,5303400,14
2026-08-27T09:31:27Z,213494,6669800,6669800,37
2026-08-27T09:31:27Z,213495,19900000,19900000,6
2026-08-27T09:31:27Z,213496,19509300,19509300,14
2026-08-27T09:31:27Z,213497,9999900,9999900,57
2026-08-27T09:31:27Z,213498,34281100,34281100,2
2026-08-27T09:31:27Z,213499,15004400,15004500,28
2026-08-27T09:31:27Z,213500,10090000,10090000,41
2026-08-27T09:31:27Z,213501,45000,48500,85
2026-08-27T09:31:27Z,213502,200200,200200,130
2026-08-27T09:31:27Z,213503,1000000,1000000,39
2026-08-27T09:31:27Z,213504,65000,71300,40
2026-08-27T09:31:27Z,213505,100000,100000,24
2026-08-27T09:31:27Z,213506,4550000,4550000,44
2026-08-27T09:31:27Z,213507,100000,110000,101
2026-08-27T09:31:27Z,213508,250000,250000,145
2026-08-27T09:31:27Z,213509,1399900,1399900,66
2026-08-27T09:31:27Z,213510,70000,70000,41
2026-08-27T09:31:27Z,213511,200000,200000,26
2026-08-27T09:31:27Z,213512,9990000,9990000,31
2026-08-27T09:31:27Z,213515,14404500,19997300,21
2026-08-27T09:31:27Z,213516,5500000,5500000,109
2026-08-27T09:31:27Z,213517,16500000,16500000,90
2026-08-27T09:31:27Z,213530,290005200,290005200,1
2026-08-27T09:31:27Z,213531,290004000,290004000,1
2026-08-27T09:31:27Z,213540,49001700,49001700,20
2026-08-27T09:31:27Z,213610,2000,2000,24591
2026-08-27T09:31:27Z,213611,24500,27700,10672
2026-08-27T09:31:27Z,213612,299800,307400,12277
2026-08-27T09:31:27Z,213613,40000,350000,40598
2026-08-27T09:31:27Z,213738,990000,990000,55
2026-08-27T09:31:27Z,213739,3009900,3009900,16
2026-08-27T09:31:27Z,213740,11000000,11000000,60
2026-08-27T09:31:27Z,213741,500000,500000,12
2026-08-27T09:31:27Z,213742,3316600,3316600,257
2026-08-27T09:31:27Z,213743,4900000,4900000,220
2026-08-27T09:31:27Z,213744,2027400,2027400,62
2026-08-27T09:31:27Z,213745,8903000,8903000,7
2026-08-27T09:31:27Z,213746,10799900,10799900,52
2026-08-27T09:31:27Z,213747,11000000,11000000,90
2026-08-27T09:31:27Z,213748,8490000,8490000,86
2026-08-27T09:31:27Z,213749,12000000,12000000,18
2026-08-27T09:31:27Z,213750,154900,154900,281
2026-08-27T09:31:27Z,213751,124300,124300,184
2026-08-27T09:31:27Z,213752,129800,259800,606
2026-08-27T09:31:27Z,213753,490000,500000,211
2026-08-27T09:31:27Z,213754,1575800,1575800,208
2026-08-27T09:31:27Z,213755,19990000,19990000,13
2026-08-27T09:31:27Z,213756,107000,107000,414
2026-08-27T09:31:27Z,213757,80000,80000,5441
2026-08-27T09:31:27Z,213758,80000,89100,683
2026-08-27T09:31:27Z,213759,1425000,1500000,118
2026-08-27T09:31:27Z,213760,1212800,1212800,92
2026-08-27T09:31:27Z,213761,1289800,1289900,34
2026-08-27T09:31:27Z,213762,18229100,18229100,27
2026-08-27T09:31:27Z,213763,2250000,2250000,37
2026-08-27T09:31:27Z,213764,2500000,2500000,22
2026-08-27T09:31:27Z,213765,500000,500000,53
2026-08-27T09:31:27Z,213766,484600,484600,70
2026-08-27T09:31:27Z,213767,9990000,9990000,13
2026-08-27T09:31:27Z,213768,504000,504000,19
2026-08-27T09:31:27Z,213769,934100,934100,17
2026-08-27T09:31:27Z,213770,247500,247500,69
2026-08-27T09:31:27Z,213771,99999900,99999900,33
2026-08-27T09:31:27Z,213772,900000,900000,52
2026-08-27T09:31:27Z,213773,2700000,2700000,71
2026-08-27T09:31:27Z,213774,49992200,49992200,16
2026-08-27T09:31:27Z,213775,39906400,39906400,5
2026-08-27T09:31:27Z,213776,26780000,26780000,10
2026-08-27T09:31:27Z,213777,1250000,1250000,506
2026-08-27T09:31:27Z,215236,3600000,3601000,628
2026-08-27T09:31:27Z,217113,2330000,2333300,47
2026-08-27T09:31:27Z,217114,3500000,3500000,87
2026-08-27T09:31:27Z,217115,5000000,5000000,187
2026-08-27T09:31:27Z,217162,40009900,40009900,5
2026-08-27T09:31:27Z,217163,509900,509900,3
2026-08-27T09:31:27Z,217164,4009900,4009900,4
2026-08-27T09:31:27Z,217167,20009900,20009900,4
2026-08-27T09:31:27Z,217168,4999900,4999900,4
2026-08-27T09:31:27Z,217169,33339900,33339900,4
2026-08-27T09:31:27Z,217170,30000900,30000900,24
2026-08-27T09:31:27Z,217171,7509900,7509900,4
2026-08-27T09:31:27Z,217707,44000,80500,18914
2026-08-27T09:31:27Z,217896,499800,499900,234
2026-08-27T09:31:27Z,218336,900,1000,21531
2026-08-27T09:31:27Z,218337,14600,47400,4408
2026-08-27T09:31:27Z,218338,800,8000,90041
2026-08-27T09:31:27Z,218339,800,900,45577
2026-08-27T09:31:27Z,218453,300,9900300,102
2026-08-27T09:31:27Z,219002,1150000,1150000,176
2026-08-27T09:31:27Z,219003,430000,430000,54
2026-08-27T09:31:27Z,219004,1207200,1207200,259
2026-08-27T09:31:27Z,219005,260000,260000,1532
2026-08-27T09:31:27Z,219006,1204100,1204100,61
2026-08-27T09:31:27Z,219013,4800000,4900000,1242
2026-08-27T09:31:27Z,219148,9809600,9809600,22
2026-08-27T09:31:27Z,219495,296300,296300,28
2026-08-27T09:31:27Z,219496,578500,578500,291
2026-08-27T09:31:27Z,219497,672700,687600,39
2026-08-27T09:31:27Z,219504,69800,69900,669
2026-08-27T09:31:27Z,219505,228600,228600,193
2026-08-27T09:31:27Z,219506,92200,92200,171
2026-08-27T09:31:27Z,219880,500000,500000,591
2026-08-27T09:31:27Z,219881,345700,345700,345
2026-08-27T09:31:27Z,219882,592000,592000,2344
2026-08-27T09:31:27Z,219883,379000,379000,57
2026-08-27T09:31:27Z,219884,345000,345500,149
2026-08-27T09:31:27Z,219885,360000,360000,609
2026-08-27T09:31:27Z,219886,450800,450800,214
2026-08-27T09:31:27Z,219887,594600,594600,1487
2026-08-27T09:31:27Z,219888,369500,369500,729
2026-08-27T09:31:27Z,219889,1116000,1377300,304
2026-08-27T09:31:27Z,219890,999800,1170000,501
2026-08-27T09:31:27Z,219891,973700,973700,364
2026-08-27T09:31:27Z,219892,387900,412000,143
2026-08-27T09:31:27Z,219893,380600,381300,242
2026-08-27T09:31:27Z,219894,386500,386500,206
2026-08-27T09:31:27Z,219898,300000,350000,342
2026-08-27T09:31:27Z,219899,320000,320000,529
2026-08-27T09:31:27Z,219900,583900,583900,404
2026-08-27T09:31:27Z,219901,920000,1383800,637
2026-08-27T09:31:27Z,219902,576200,1354900,829
2026-08-27T09:31:27Z,219903,510800,580800,264
2026-08-27T09:31:27Z,219905,5907500,5937500,3536
2026-08-27T09:31:27Z,219906,1489900,1489900,133
2026-08-27T09:31:27Z,219907,2232100,2232100,32
2026-08-27T09:31:27Z,219908,2508600,2508600,79
2026-08-27T09:31:27Z,219909,409900,509900,79
2026-08-27T09:31:27Z,219910,419700,419800,81
2026-08-27T09:31:27Z,219911,449900,506000,105
2026-08-27T09:31:27Z,219912,38100,38100,36
2026-08-27T09:31:27Z,219913,49900,49900,34
2026-08-27T09:31:27Z,219914,1188800,1188800,43
2026-08-27T09:31:27Z,219946,45500,45500,4573
2026-08-27T09:31:27Z,219947,70900,80900,6235
2026-08-27T09:31:27Z,219948,171600,192100,1724
2026-08-27T09:31:27Z,219949,210000,250000,3423
2026-08-27T09:31:27Z,219950,200500,200500,1109
2026-08-27T09:31:27Z,219951,248900,259000,1538
2026-08-27T09:31:27Z,219952,11100,11100,9080
2026-08-27T09:31:27Z,219954,11200,11800,3353
2026-08-27T09:31:27Z,219955,100800,691800,5718
2026-08-27T09:31:27Z,220134,8300,9800,11806
2026-08-27T09:31:27Z,220135,5000,9200,6111
2026-08-27T09:31:27Z,220136,6200,6900,4723
2026-08-27T09:31:27Z,220137,9400,9900,75757
2026-08-27T09:31:27Z,220138,5500,9800,7597
2026-08-27T09:31:27Z,220139,10900,58500,4754
2026-08-27T09:31:27Z,220141,10000,116500,2561
2026-08-27T09:31:27Z,220142,19400,19400,10985
2026-08-27T09:31:27Z,220143,7300,7400,664
2026-08-27T09:31:27Z,220144,20000,40000,1365
2026-08-27T09:31:27Z,220145,20000,26400,1702
2026-08-27T09:31:27Z,220146,16500,16500,3433
2026-08-27T09:31:27Z,220147,43000,46400,11444
2026-08-27T09:31:27Z,220148,5550000,10000000,10395
2026-08-27T09:31:27Z,220149,40000,40000,2981
2026-08-27T09:31:27Z,220150,30000,30000,689
2026-08-27T09:31:27Z,220151,90000,99900,640
2026-08-27T09:31:27Z,220153,2400000,2570000,1160
2026-08-27T09:31:27Z,220219,541900,541900,13
2026-08-27T09:31:27Z,220220,990005700,990005700,1
2026-08-27T09:31:27Z,220221,290004700,290004700,1
2026-08-27T09:31:27Z,220222,25000000,25000000,2
2026-08-27T09:31:27Z,220223,49007500,49007500,20
2026-08-27T09:31:27Z,220224,2780400,2780400,3
2026-08-27T09:31:27Z,220225,990003500,990003500,1
2026-08-27T09:31:27Z,220226,280000,280000,4
2026-08-27T09:31:27Z,220227,200009100,200009100,2
2026-08-27T09:31:27Z,220228,29000000,29000000,5
2026-08-27T09:31:27Z,220229,760000,760000,7
2026-08-27T09:31:27Z,220230,240000,240000,7
2026-08-27T09:31:27Z,220231,280006200,280006200,1
2026-08-27T09:31:27Z,220232,7200,49007200,21
2026-08-27T09:31:27Z,220234,49000000,49000000,21
2026-08-27T09:31:27Z,220235,2775800,2775800,3
2026-08-27T09:31:27Z,220236,9995900,20006000,9
2026-08-27T09:31:27Z,220237,290005400,290005400,3
2026-08-27T09:31:27Z,220238,279991300,279991300,4
2026-08-27T09:31:27Z,220239,290007700,290007700,1
2026-08-27T09:31:27Z,220240,290007600,290007600,1
2026-08-27T09:31:27Z,220241,220007500,220007500,3
2026-08-27T09:31:27Z,220242,290004800,290004800,1
2026-08-27T09:31:27Z,220243,290007100,290007100,1
2026-08-27T09:31:27Z,220244,290000000,290000000,1
2026-08-27T09:31:27Z,220245,290009900,290009900,1
2026-08-27T09:31:27Z,220246,15000000,15000000,6
2026-08-27T09:31:27Z,220247,6400,6500,62
2026-08-27T09:31:27Z,220248,151000,151000,28
2026-08-27T09:31:27Z,220249,7400,7600,405
2026-08-27T09:31:27Z,220250,290007600,290007600,1
2026-08-27T09:31:27Z,220251,6500,6500,129
2026-08-27T09:31:27Z,220252,6700,9905500,117
2026-08-27T09:31:27Z,220253,6600,6600,56
2026-08-27T09:31:27Z,220254,196500,19906900,43
2026-08-27T09:31:27Z,220255,6300,6300,135
2026-08-27T09:31:27Z,220256,15500,15500,46
2026-08-27T09:31:27Z,220257,30000,30000,77
2026-08-27T09:31:27Z,220258,29000,30000,97
2026-08-27T09:31:27Z,220259,18900,19000,121
2026-08-27T09:31:27Z,220261,16300,16300,145
2026-08-27T09:31:27Z,220262,7000,7000,30
2026-08-27T09:31:27Z,220263,9100,9100,31
2026-08-27T09:31:27Z,220264,7100,7100,84
2026-08-27T09:31:27Z,220265,290000300,290000300,1
2026-08-27T09:31:27Z,220266,7800,7800,121
2026-08-27T09:31:27Z,220267,7200,7200,76
2026-08-27T09:31:27Z,220268,7000,7000,57
2026-08-27T09:31:27Z,220269,49000600,49000600,20
2026-08-27T09:31:27Z,220270,49009500,49009500,21
2026-08-27T09:31:27Z,220271,7400,7400,65
2026-08-27T09:31:27Z,220272,290000000,290000000,1
2026-08-27T09:31:27Z,220273,184700,49004700,22
2026-08-27T09:31:27Z,220274,290007600,290007600,2
2026-08-27T09:31:27Z,220275,49007000,49007000,20
2026-08-27T09:31:27Z,220276,20000,20000,6
2026-08-27T09:31:27Z,220277,18200,18200,79
2026-08-27T09:31:27Z,220278,290000700,290000700,1
2026-08-27T09:31:27Z,220279,49009500,49009500,1
2026-08-27T09:31:27Z,220280,20000,20000,27
2026-08-27T09:31:27Z,220281,18700,18700,43
2026-08-27T09:31:27Z,220282,20400,20400,47
2026-08-27T09:31:27Z,220283,19500,19500,22
2026-08-27T09:31:27Z,220285,290007600,290007600,1
2026-08-27T09:31:27Z,220286,290007600,290007600,1
2026-08-27T09:31:27Z,220287,290007600,290007600,1
2026-08-27T09:31:27Z,220288,290001300,290001300,1
2026-08-27T09:31:27Z,220289,48008800,48008800,25
2026-08-27T09:31:27Z,220290,38000,38000,7
2026-08-27T09:31:27Z,220291,316100,316100,5
2026-08-27T09:31:27Z,220292,139900,139900,22
2026-08-27T09:31:27Z,220294,49000400,49000400,1
2026-08-27T09:31:27Z,220295,18200,18200,50
2026-08-27T09:31:27Z,220296,31500,31500,1
2026-08-27T09:31:27Z,220297,19000,19000,25
2026-08-27T09:31:27Z,220298,290007600,290007600,1
2026-08-27T09:31:27Z,220299,19800,19800,25
2026-08-27T09:31:27Z,220300,22500,22500,2
2026-08-27T09:31:27Z,220301,63500,63500,48
2026-08-27T09:31:27Z,220302,2400000,2500000,40
2026-08-27T09:31:27Z,220355,120000,120000,76
2026-08-27T09:31:27Z,220361,40000,19900000,41
2026-08-27T09:31:27Z,220362,3009800,3009800,51
2026-08-27T09:31:27Z,220363,125005700,125005700,6
2026-08-27T09:31:27Z,220380,157600,157600,27
2026-08-27T09:31:27Z,220438,27907600,28007600,25
2026-08-27T09:31:27Z,220440,5500007600,5500007600,1
2026-08-27T09:31:27Z,220441,1500007600,1500007600,1
2026-08-27T09:31:27Z,220442,290007600,290007600,1
2026-08-27T09:31:27Z,220443,290007600,290007600,1
2026-08-27T09:31:27Z,220444,290007600,290007600,1
2026-08-27T09:31:27Z,220445,1500007600,1500007600,1
2026-08-27T09:31:27Z,220447,290009900,290009900,1
2026-08-27T09:31:27Z,220448,990007600,990007600,1
2026-08-27T09:31:27Z,220484,290007600,290007600,1
2026-08-27T09:31:27Z,220486,1500007600,1500007600,1
2026-08-27T09:31:27Z,220491,49007500,49007500,20
2026-08-27T09:31:27Z,220509,1500000,1500000,12
2026-08-27T09:31:27Z,221550,10007500,42007500,42
2026-08-27T09:31:27Z,221754,20000,32000,6735
2026-08-27T09:31:27Z,221756,20500,24000,5788
2026-08-27T09:31:27Z,221757,20000,30000,4094
2026-08-27T09:31:27Z,221758,57300,57300,7105
2026-08-27T09:31:27Z,221763,20000,23500,4644
2026-08-27T09:31:27Z,221853,137000,137000,5043
2026-08-27T09:31:27Z,221854,159400,159400,5542
2026-08-27T09:31:27Z,221855,457600,457700,742
2026-08-27T09:31:27Z,221856,230000,230000,875
2026-08-27T09:31:27Z,221857,318000,318000,2870
2026-08-27T09:31:27Z,221858,360000,360000,742
2026-08-27T09:31:27Z,221859,230000,230000,330
2026-08-27T09:31:27Z,221860,232300,232300,1003
2026-08-27T09:31:27Z,221861,435500,435500,795
2026-08-27T09:31:27Z,221862,199700,199700,490
2026-08-27T09:31:27Z,221863,149900,149900,1085
2026-08-27T09:31:27Z,221864,999900,999900,341
2026-08-27T09:31:27Z,221865,452400,452400,409
2026-08-27T09:31:27Z,221866,442000,442000,75
2026-08-27T09:31:27Z,221867,2467500,2467500,135
2026-08-27T09:31:27Z,221868,453300,453300,419
2026-08-27T09:31:27Z,221869,480000,480000,355
2026-08-27T09:31:27Z,221870,1879900,1879900,414
2026-08-27T09:31:27Z,221872,80000,80000,152
2026-08-27T09:31:27Z,221873,95000,95000,69
2026-08-27T09:31:27Z,221874,1739900,1739900,124
2026-08-27T09:31:27Z,221876,66900,66900,514
2026-08-27T09:31:27Z,221877,255000,255000,164
2026-08-27T09:31:27Z,221878,1449800,1449800,92
2026-08-27T09:31:27Z,221880,64800,64800,814
2026-08-27T09:31:27Z,221881,311700,311700,59
2026-08-27T09:31:27Z,221882,374800,374900,135
2026-08-27T09:31:27Z,221904,890000,890000,50
2026-08-27T09:31:27Z,221905,859800,859800,27
2026-08-27T09:31:27Z,221906,5969900,5969900,41
2026-08-27T09:31:27Z,221908,601100,901500,115
2026-08-27T09:31:27Z,221909,609900,609900,29
2026-08-27T09:31:27Z,221910,4959900,4959900,65
2026-08-27T09:31:27Z,221911,89600,89600,6
2026-08-27T09:31:27Z,221912,1013400,1013400,12
2026-08-27T09:31:27Z,221913,9993900,9993900,32
2026-08-27T09:31:27Z,221914,299800,299800,87
2026-08-27T09:31:27Z,221915,862400,862400,22
2026-08-27T09:31:27Z,221916,5996400,5996400,20
2026-08-27T09:31:27Z,221917,2337100,2337100,28
2026-08-27T09:31:27Z,221918,29989800,29989800,53
2026-08-27T09:31:27Z,221919,9995400,9995400,6
2026-08-27T09:31:27Z,221920,2226000,2226000,18
2026-08-27T09:31:27Z,221921,1003800,5004600,8
2026-08-27T09:31:27Z,221922,8886500,8886500,26
2026-08-27T09:31:27Z,221923,384400,384400,44
2026-08-27T09:31:27Z,221924,674500,674500,17
2026-08-27T09:31:27Z,221925,19998300,19998300,106
2026-08-27T09:31:27Z,221926,401600,401600,34
2026-08-27T09:31:27Z,221927,419900,419900,16
2026-08-27T09:31:27Z,221928,2509000,2509000,15
2026-08-27T09:31:27Z,221932,371100,371100,54
2026-08-27T09:31:27Z,221933,4705000,4705000,15
2026-08-27T09:31:27Z,221934,3330000,3330000,15
2026-08-27T09:31:27Z,221935,489100,489100,16
2026-08-27T09:31:27Z,221936,556500,556600,7
2026-08-27T09:31:27Z,221937,969900,969900,11
2026-08-27T09:31:27Z,221938,440000,440000,11
2026-08-27T09:31:27Z,221939,759400,759400,5
2026-08-27T09:31:27Z,221940,3582000,3582000,9
2026-08-27T09:31:27Z,221941,479900,479900,11
2026-08-27T09:31:27Z,221942,2798500,2798500,16
2026-08-27T09:31:27Z,221943,2538500,2538500,17
2026-08-27T09:31:27Z,221949,239500,239500,171
2026-08-27T09:31:27Z,221953,280000,280000,74
2026-08-27T09:31:27Z,221954,989100,989100,1432
2026-08-27T09:31:27Z,221955,649900,709700,650
2026-08-27T09:31:27Z,221959,750000,750000,79
2026-08-27T09:31:27Z,222417,650000,715000,1246
2026-08-27T09:31:27Z,222418,650000,650000,1498
2026-08-27T09:31:27Z,222419,1008700,2345500,2834
2026-08-27T09:31:27Z,222420,1300000,1300000,712
2026-08-27T09:31:27Z,222421,1200000,1200000,701
2026-08-27T09:31:27Z,222422,1424100,1424200,1227
2026-08-27T09:31:27Z,222423,1247500,1247500,36
2026-08-27T09:31:27Z,222424,2202000,2202000,539
2026-08-27T09:31:27Z,222425,1259300,1339300,629
2026-08-27T09:31:27Z,222426,1399000,1399500,93
2026-08-27T09:31:27Z,222427,1337400,1337400,82
2026-08-27T09:31:27Z,222428,1400000,1550000,458
2026-08-27T09:31:27Z,222499,49900,49900,1037
2026-08-27T09:31:27Z,222500,352200,352200,332
2026-08-27T09:31:27Z,222501,1574700,1574700,68
2026-08-27T09:31:27Z,222502,120000,120000,62
2026-08-27T09:31:27Z,222503,37200,37200,429
2026-08-27T09:31:27Z,222504,35200,35200,555
2026-08-27T09:31:27Z,222505,3330000,3330000,7
2026-08-27T09:31:27Z,222506,808800,808800,141
2026-08-27T09:31:27Z,222507,1003000,1832000,301
2026-08-27T09:31:27Z,222508,35400,35400,127
2026-08-27T09:31:27Z,222509,36400,36400,337
2026-08-27T09:31:27Z,222510,35100,35100,98
2026-08-27T09:31:27Z,222511,169200,169200,104
2026-08-27T09:31:27Z,222512,554900,554900,340
2026-08-27T09:31:27Z,222513,949000,949000,29
2026-08-27T09:31:27Z,222514,494000,564000,259
2026-08-27T09:31:27Z,222515,551000,551000,192
2026-08-27T09:31:27Z,222516,1191700,1323100,92
2026-08-27T09:31:27Z,222520,159900,159900,4616
2026-08-27T09:31:27Z,222523,1000000,1000000,163
2026-08-27T09:31:27Z,222533,5700,8500,4122
2026-08-27T09:31:27Z,222555,90000,115000,1305
2026-08-27T09:31:27Z,222556,150000,150000,531
2026-08-27T09:31:27Z,222557,599900,599900,38
2026-08-27T09:31:27Z,222558,853600,853600,640
2026-08-27T09:31:27Z,222559,590000,600000,229
2026-08-27T09:31:27Z,222560,948300,948300,510
2026-08-27T09:31:27Z,222579,4500000,4540000,121
2026-08-27T09:31:27Z,222580,1820000,1823300,162
2026-08-27T09:31:27Z,222581,1497700,3337700,1022
2026-08-27T09:31:27Z,222582,780900,2791200,53
2026-08-27T09:31:27Z,222583,2057500,2057700,429
2026-08-27T09:31:27Z,222584,1797700,4447700,1081
2026-08-27T09:31:27Z,222585,240000,250000,39
2026-08-27T09:31:27Z,222586,1050000,1050000,283
2026-08-27T09:31:27Z,222587,1797700,3337700,970
2026-08-27T09:31:27Z,222588,1500000,1950000,210
2026-08-27T09:31:27Z,222589,1509500,1509500,207
2026-08-27T09:31:27Z,222590,1497700,3337700,1031
2026-08-27T09:31:27Z,222591,1099900,1100000,176
2026-08-27T09:31:27Z,222592,1992900,1992900,291
2026-08-27T09:31:27Z,222593,1455000,3335000,958
2026-08-27T09:31:27Z,222594,900000,900000,43
2026-08-27T09:31:27Z,222595,199996500,199996500,30
2026-08-27T09:31:27Z,222596,1497700,3337700,1033
2026-08-27T09:31:27Z,222597,1805000,1805000,18
2026-08-27T09:31:27Z,222598,4749800,4749800,39
2026-08-27T09:31:27Z,222599,6020000,6020000,14
2026-08-27T09:31:27Z,222600,108462400,108462400,4
2026-08-27T09:31:27Z,222601,504400,849500,61
2026-08-27T09:31:27Z,222602,10008000,10008000,23
2026-08-27T09:31:27Z,222603,18031000,18980000,33
2026-08-27T09:31:27Z,222604,9981500,9981500,77
2026-08-27T09:31:27Z,222605,3509300,3509400,21
2026-08-27T09:31:27Z,222606,451300,451300,66
2026-08-27T09:31:27Z,222607,3499900,3499900,58
2026-08-27T09:31:27Z,222608,8989400,8989500,8
2026-08-27T09:31:27Z,222609,65000,65000,756
2026-08-27T09:31:27Z,222610,50000,51100,5133
2026-08-27T09:31:27Z,222611,399800,399800,193
2026-08-27T09:31:27Z,222612,26400,26400,2816
2026-08-27T09:31:27Z,222613,19000,30000,18777
2026-08-27T09:31:27Z,222614,67900,68000,2558
2026-08-27T09:31:27Z,222615,250000,290000,370
2026-08-27T09:31:27Z,222616,259700,480000,2524
2026-08-27T09:31:27Z,222617,799900,799900,405
2026-08-27T09:31:27Z,222618,20000,21000,8769
2026-08-27T09:31:27Z,222619,20000,28700,5358
2026-08-27T09:31:27Z,222620,59600,59600,647
2026-08-27T09:31:27Z,222626,1800000,1800000,7
2026-08-27T09:31:27Z,222627,658500,658500,61
2026-08-27T09:31:27Z,222628,994500,994500,11
2026-08-27T09:31:27Z,222629,750000,750000,216
2026-08-27T09:31:27Z,222630,993100,993100,56
2026-08-27T09:31:27Z,222631,1951600,1961600,53
2026-08-27T09:31:27Z,222632,29990000,49990500,9
2026-08-27T09:31:27Z,222633,1250000,1252100,15
2026-08-27T09:31:27Z,222634,3900000,3900000,48
2026-08-27T09:31:27Z,222635,18980000,18980000,14
2026-08-27T09:31:27Z,222636,3330000,3330000,104
2026-08-27T09:31:27Z,222637,1909000,1909000,27
2026-08-27T09:31:27Z,222638,19950000,19950000,218
2026-08-27T09:31:27Z,222639,722800,722800,96
2026-08-27T09:31:27Z,222640,990000,990000,15
2026-08-27T09:31:27Z,222641,950000,950000,9
2026-08-27T09:31:27Z,222642,660200,660200,54
2026-08-27T09:31:27Z,222643,2009200,2009200,47
2026-08-27T09:31:27Z,222644,1000000,1000000,213
2026-08-27T09:31:27Z,222645,8071200,8071200,183
2026-08-27T09:31:27Z,222646,2959700,2959700,57
2026-08-27T09:31:27Z,222654,150000,1714400,563
2026-08-27T09:31:27Z,222655,99900,1527800,604
2026-08-27T09:31:27Z,222656,70000,195500,559
2026-08-27T09:31:27Z,222657,80000,100000,659
2026-08-27T09:31:27Z,222658,120000,1309100,632
2026-08-27T09:31:27Z,222659,37500,59900,672
2026-08-27T09:31:27Z,222660,57000,66500,701
2026-08-27T09:31:27Z,222661,24300,50900,696
2026-08-27T09:31:27Z,222663,109800,8439600,29
2026-08-27T09:31:27Z,222664,63500,64800,85
2026-08-27T09:31:27Z,222665,100000,190000,387
2026-08-27T09:31:27Z,222666,110000,128700,115
2026-08-27T09:31:27Z,222667,118600,118700,46
2026-08-27T09:31:27Z,222668,64900,65000,106
2026-08-27T09:31:27Z,222669,98000,150000,48
2026-08-27T09:31:27Z,222670,40000,7263800,122
2026-08-27T09:31:27Z,222672,109900,1775200,785
2026-08-27T09:31:27Z,222673,40000,1635500,840
2026-08-27T09:31:27Z,222674,63300,2992900,974
2026-08-27T09:31:27Z,222675,80000,2043000,829
2026-08-27T09:31:27Z,222676,54100,1507700,848
2026-08-27T09:31:27Z,222677,79900,1399200,905
2026-08-27T09:31:27Z,222678,30000,1574600,866
2026-08-27T09:31:27Z,222679,64900,150000,1651
2026-08-27T09:31:27Z,222681,380000,400000,126
2026-08-27T09:31:27Z,222682,50000,59900,118
2026-08-27T09:31:27Z,222683,150000,199900,126
2026-08-27T09:31:27Z,222684,40000,70000,119
2026-08-27T09:31:27Z,222685,30000,3715200,149
2026-08-27T09:31:27Z,222686,30000,77600,107
2026-08-27T09:31:27Z,222687,200000,254000,89
2026-08-27T09:31:27Z,222688,30000,49000,86
2026-08-27T09:31:27Z,222695,300,300,14971
2026-08-27T09:31:27Z,222696,300,300,19649
2026-08-27T09:31:27Z,222697,1700,2400,15348
2026-08-27T09:31:27Z,222699,300,300,5520
2026-08-27T09:31:27Z,222700,600,1000,28902
2026-08-27T09:31:27Z,222701,300,300,8915
2026-08-27T09:31:27Z,222702,60000,124100,1108
2026-08-27T09:31:27Z,222703,38500,39800,319
2026-08-27T09:31:27Z,222704,1300,1300,319
2026-08-27T09:31:27Z,222705,54000,990000,4498
2026-08-27T09:31:27Z,222706,201700,201700,41
2026-08-27T09:31:27Z,222707,10100,10100,112
2026-08-27T09:31:27Z,222708,18300,20500,140
2026-08-27T09:31:27Z,222709,68500,68500,198
2026-08-27T09:31:27Z,222710,6400,6500,229
2026-08-27T09:31:27Z,222711,7800,7800,210
2026-08-27T09:31:27Z,222712,7200,7200,548
2026-08-27T09:31:27Z,222713,4000,4000,164
2026-08-27T09:31:27Z,222714,164700,164700,188
2026-08-27T09:31:27Z,222715,20000,20000,93
2026-08-27T09:31:27Z,222716,171600,171600,121
2026-08-27T09:31:27Z,222717,50700,50700,114
2026-08-27T09:31:27Z,222718,244500,244500,223
2026-08-27T09:31:27Z,222719,697600,697600,29
2026-08-27T09:31:27Z,222720,150000,150000,477
2026-08-27T09:31:27Z,222721,34000,34000,106
2026-08-27T09:31:27Z,222722,50000,50000,160
2026-08-27T09:31:27Z,222723,8000,8000,307
2026-08-27T09:31:27Z,222724,49900,49900,423
2026-08-27T09:31:27Z,222725,30000,30000,398
2026-08-27T09:31:27Z,222726,7800,7800,1168
2026-08-27T09:31:27Z,222727,687900,687900,594
2026-08-27T09:31:27Z,222728,3400,3500,10122
2026-08-27T09:31:27Z,222729,30700,30700,93
2026-08-27T09:31:27Z,222730,9300,9300,342
2026-08-27T09:31:27Z,222731,400000,400000,2749
2026-08-27T09:31:27Z,222732,2000000,2500000,133
2026-08-27T09:31:27Z,222733,290600,290600,3164
2026-08-27T09:31:27Z,222735,32000,32000,828
2026-08-27T09:31:27Z,222736,13000,13000,289
2026-08-27T09:31:27Z,222737,30000,42800,5688
2026-08-27T09:31:27Z,222738,500,2100,17685
2026-08-27T09:31:27Z,222739,1700,1700,10518
2026-08-27T09:31:27Z,222741,27900,27900,21214
2026-08-27T09:31:27Z,222744,4900,4900,1276
2026-08-27T09:31:27Z,222745,9800,9800,7398
2026-08-27T09:31:27Z,222747,680000,680000,99
2026-08-27T09:31:27Z,222748,1538700,1538700,164
2026-08-27T09:31:27Z,222749,9960000,9960000,20
2026-08-27T09:31:27Z,222784,199900,199900,278
2026-08-27T09:31:27Z,222789,1190000,1200000,440
2026-08-27T09:31:27Z,222790,1197900,1197900,7649
2026-08-27T09:31:27Z,222791,1217700,1217700,2209
2026-08-27T09:31:27Z,222792,254400,264400,4017
2026-08-27T09:31:27Z,222793,247700,247700,3080
2026-08-27T09:31:27Z,222794,280000,280000,646
2026-08-27T09:31:27Z,222795,17900,17900,6513
2026-08-27T09:31:27Z,222796,18700,21400,55758
2026-08-27T09:31:27Z,222797,30000,30000,2645
2026-08-27T09:31:27Z,222798,39638800,39900000,10
2026-08-27T09:31:27Z,222799,3458400,3458400,82
2026-08-27T09:31:27Z,222800,4008000,4008000,110
2026-08-27T09:31:27Z,222801,1950000,1950000,454
2026-08-27T09:31:27Z,222802,1400000,1450000,905
2026-08-27T09:31:27Z,222803,1715700,1715700,425
2026-08-27T09:31:27Z,222804,90400,99800,29499
2026-08-27T09:31:27Z,222805,90000,167600,24616
2026-08-27T09:31:27Z,222806,95000,117000,28991
2026-08-27T09:31:27Z,222868,2100000,2110000,364
2026-08-27T09:31:27Z,222869,4576500,4576500,154
2026-08-27T09:31:27Z,222870,199700,200800,59
2026-08-27T09:31:27Z,222871,282400,282700,149
2026-08-27T09:31:27Z,222872,2475200,2475200,57
2026-08-27T09:31:27Z,222873,750000,750000,26
2026-08-27T09:31:27Z,222876,30000,30000,86
2026-08-27T09:31:27Z,222877,93200,93200,159
2026-08-27T09:31:27Z,222878,130000,190000,46
2026-08-27T09:31:27Z,222879,40000,52000,312
2026-08-27T09:31:27Z,222880,14900,24900,1337
2026-08-27T09:31:27Z,222881,201300,201300,77
2026-08-27T09:31:27Z,222882,10200,10200,737
2026-08-27T09:31:27Z,222883,40000,44600,315
2026-08-27T09:31:27Z,222884,2103200,2103200,91
2026-08-27T09:31:27Z,222885,95500,95500,68
2026-08-27T09:31:27Z,222886,120000,120000,141
2026-08-27T09:31:27Z,222887,100000,100000,132
2026-08-27T09:31:27Z,222888,400000,400000,10
2026-08-27T09:31:27Z,222889,441400,441400,18
2026-08-27T09:31:27Z,222890,2509900,2509900,115
2026-08-27T09:31:27Z,222891,79999900,79999900,7
2026-08-27T09:31:27Z,222892,959900,959900,13
2026-08-27T09:31:27Z,222893,1700000,2450000,368
2026-08-27T09:31:27Z,222894,800000,850000,11
2026-08-27T09:31:27Z,222895,10064500,10064500,11
2026-08-27T09:31:27Z,222896,4009900,5999900,222
2026-08-27T09:31:27Z,222906,1000000,1000000,26
2026-08-27T09:31:27Z,223512,300,1000,473769
2026-08-27T09:31:27Z,223618,2749800,2749800,15
2026-08-27T09:31:27Z,223649,3990000,3990000,64
2026-08-27T09:31:27Z,223650,3884000,3884200,16
2026-08-27T09:31:27Z,223651,24997600,24997600,4
2026-08-27T09:31:27Z,223652,3480000,3480000,24
2026-08-27T09:31:27Z,223653,7899700,7899900,212
2026-08-27T09:31:27Z,223654,129999900,129999900,6
2026-08-27T09:31:27Z,223655,3009900,3009900,34
2026-08-27T09:31:27Z,223656,4499900,4499900,12
2026-08-27T09:31:27Z,223657,55500,55500,159
2026-08-27T09:31:27Z,223658,509700,509700,21
2026-08-27T09:31:27Z,223659,396000,396000,191
2026-08-27T09:31:27Z,223660,9990000,9990000,14
2026-08-27T09:31:27Z,223661,1959700,1959700,36
2026-08-27T09:31:27Z,223662,7310800,7311700,199
2026-08-27T09:31:27Z,223663,50000,60000,442
2026-08-27T09:31:27Z,223664,600000,600000,37
2026-08-27T09:31:27Z,223665,399000,399000,62
2026-08-27T09:31:27Z,223666,229400,239500,227
2026-08-27T09:31:27Z,223667,1500000,1500000,87
2026-08-27T09:31:27Z,223668,505100,505100,246
2026-08-27T09:31:27Z,223669,99500,99600,105
2026-08-27T09:31:27Z,223670,200000,239900,33
2026-08-27T09:31:27Z,223671,300000,300000,124
2026-08-27T09:31:27Z,223672,1703300,1703300,19
2026-08-27T09:31:27Z,223673,1500000,2500000,29
2026-08-27T09:31:27Z,223674,9000000,9000400,48
2026-08-27T09:31:27Z,223675,12000000,12000000,7
2026-08-27T09:31:27Z,223676,890000,890000,24
2026-08-27T09:31:27Z,223677,5000000,7509900,62
2026-08-27T09:31:27Z,223678,14008200,15008400,15
2026-08-27T09:31:27Z,223679,4014300,4014300,40
2026-08-27T09:31:27Z,223680,8007100,9507400,36
2026-08-27T09:31:27Z,223681,149999900,149999900,2
2026-08-27T09:31:27Z,223682,25003700,25003800,9
2026-08-27T09:31:27Z,223683,9009400,9009400,31
2026-08-27T09:31:27Z,223684,2500000,2500000,25
2026-08-27T09:31:27Z,223685,12000000,12000000,39
2026-08-27T09:31:27Z,223686,200000,7490000,127
2026-08-27T09:31:27Z,223687,20008200,20008200,11
2026-08-27T09:31:27Z,223688,16000000,16000000,9
2026-08-27T09:31:27Z,223689,9991600,9991600,22
2026-08-27T09:31:27Z,223690,23000000,23000000,5
2026-08-27T09:31:27Z,223691,10130700,10130700,31
2026-08-27T09:31:27Z,223692,10007900,10008000,51
2026-08-27T09:31:27Z,223693,33472500,34297200,8
2026-08-27T09:31:27Z,223694,1008100,1008100,15
2026-08-27T09:31:27Z,223695,4999500,4999500,51
2026-08-27T09:31:27Z,223696,2970000,2970000,9
2026-08-27T09:31:27Z,223697,1800000,1800000,14
2026-08-27T09:31:27Z,223698,4490000,4499900,28
2026-08-27T09:31:27Z,223699,1485000,1485000,15
2026-08-27T09:31:27Z,223700,500000,500000,22
2026-08-27T09:31:27Z,223701,3005400,3425400,94
2026-08-27T09:31:27Z,223702,3000000,3000000,10
2026-08-27T09:31:27Z,223703,505400,505400,31
2026-08-27T09:31:27Z,223704,4500000,4508600,32
2026-08-27T09:31:27Z,223705,34297200,34297200,14
2026-08-27T09:31:27Z,223706,3502000,3502100,40
2026-08-27T09:31:27Z,223707,3405500,3405500,25
2026-08-27T09:31:27Z,223708,160000,160000,26
2026-08-27T09:31:27Z,223709,159900,159900,31
2026-08-27T09:31:27Z,223710,1319600,1319600,64
2026-08-27T09:31:27Z,223711,14000000,14000000,8
2026-08-27T09:31:27Z,223712,2300000,2300000,47
2026-08-27T09:31:27Z,223713,6908800,6908900,63
2026-08-27T09:31:27Z,223714,200000,200000,92
2026-08-27T09:31:27Z,223715,450000,450000,38
2026-08-27T09:31:27Z,223716,899900,899900,74
2026-08-27T09:31:27Z,223717,49990000,49990000,8
2026-08-27T09:31:27Z,223718,1000000,1000000,23
2026-08-27T09:31:27Z,223719,1200600,4000600,36
2026-08-27T09:31:27Z,223720,250000,300000,73
2026-08-27T09:31:27Z,223721,755100,755100,22
2026-08-27T09:31:27Z,223722,510000,510000,39
2026-08-27T09:31:27Z,223723,22299900,22315900,15
2026-08-27T09:31:27Z,223724,3149500,3149500,73
2026-08-27T09:31:27Z,223725,4599000,4599100,41
2026-08-27T09:31:27Z,223726,119000,119000,35
2026-08-27T09:31:27Z,223727,4999900,4999900,12
2026-08-27T09:31:27Z,223728,1500000,1730000,130
2026-08-27T09:31:27Z,223729,5005000,10002200,9
2026-08-27T09:31:27Z,223730,10500000,10500000,32
2026-08-27T09:31:27Z,223731,6009700,8889800,28
2026-08-27T09:31:27Z,223732,320000,329900,71
2026-08-27T09:31:27Z,223733,1999900,1999900,19
2026-08-27T09:31:27Z,223734,1205000,1205000,103
2026-08-27T09:31:27Z,223735,4950000,4950000,23
2026-08-27T09:31:27Z,223736,2850000,2999900,110
2026-08-27T09:31:27Z,223737,23808300,23808600,77
2026-08-27T09:31:27Z,223738,318800,318800,50
2026-08-27T09:31:27Z,223739,39989900,39990000,7
2026-08-27T09:31:27Z,223740,999900,999900,79
2026-08-27T09:31:27Z,223741,109000,9909000,43
2026-08-27T09:31:27Z,223742,100800,9900800,43
2026-08-27T09:31:27Z,223743,109000,9909000,43
2026-08-27T09:31:27Z,223744,109000,9909000,45
2026-08-27T09:31:27Z,223745,468200,468200,20
2026-08-27T09:31:27Z,223746,909700,909700,19
2026-08-27T09:31:27Z,223747,3556600,3556600,23
2026-08-27T09:31:27Z,223748,5000000,5000000,10
2026-08-27T09:31:27Z,223749,1990000,1990000,17
2026-08-27T09:31:27Z,223750,199990900,199990900,4
2026-08-27T09:31:27Z,223751,39500,40000,19
2026-08-27T09:31:27Z,223752,500000,500000,84
2026-08-27T09:31:27Z,223753,18238900,18248900,18
2026-08-27T09:31:27Z,223754,40000000,49990000,12
2026-08-27T09:31:27Z,223755,2479000,2479000,147
2026-08-27T09:31:27Z,223756,25001200,25001200,35
2026-08-27T09:31:27Z,223757,990000,990000,20
2026-08-27T09:31:27Z,223758,6559800,6559800,60
2026-08-27T09:31:27Z,223759,5509800,7509800,30
2026-08-27T09:31:27Z,223760,3006500,3006500,21
2026-08-27T09:31:27Z,223761,3400000,3400000,41
2026-08-27T09:31:27Z,223762,3509900,7500000,74
2026-08-27T09:31:27Z,223763,990000,990000,10
2026-08-27T09:31:27Z,223764,5000600,5000600,26
2026-08-27T09:31:27Z,223765,11004300,11004300,43
2026-08-27T09:31:27Z,223766,380000,380000,30
2026-08-27T09:31:27Z,223767,2009700,2509700,26
2026-08-27T09:31:27Z,223768,5880000,5990000,134
2026-08-27T09:31:27Z,223770,3450000,3450000,29
2026-08-27T09:31:27Z,223771,2500000,2500000,19
2026-08-27T09:31:27Z,223772,8990000,8998800,28
2026-08-27T09:31:27Z,223773,521500,521500,11
2026-08-27T09:31:27Z,223774,1808800,1808800,22
2026-08-27T09:31:27Z,223775,8000000,8000000,147
2026-08-27T09:31:27Z,223776,800000,800000,18
2026-08-27T09:31:27Z,223777,3700000,3700000,29
2026-08-27T09:31:27Z,223778,4996600,4996600,6
2026-08-27T09:31:27Z,223779,4000000,4000000,7
2026-08-27T09:31:27Z,223780,7489900,7489900,22
2026-08-27T09:31:27Z,223781,5990000,5999900,188
2026-08-27T09:31:27Z,223782,4990000,4990000,12
2026-08-27T09:31:27Z,223783,2000000,2000000,17
2026-08-27T09:31:27Z,223784,12818600,12818700,140
2026-08-27T09:31:27Z,223785,39901400,39901500,12
2026-08-27T09:31:27Z,223786,3530000,3530000,38
2026-08-27T09:31:27Z,223787,13000000,14990000,12
2026-08-27T09:31:27Z,223788,20000000,20000000,6
2026-08-27T09:31:27Z,223789,2500000,2500000,32
2026-08-27T09:31:27Z,223790,5006600,5006600,39
2026-08-27T09:31:27Z,223791,39909600,39909700,10
2026-08-27T09:31:27Z,223792,4499800,4499800,21
2026-08-27T09:31:27Z,223793,9000000,9000000,23
2026-08-27T09:31:27Z,223794,22099500,22099600,15
2026-08-27T09:31:27Z,223795,609600,609600,19
2026-08-27T09:31:27Z,223796,10006000,10006000,34
2026-08-27T09:31:27Z,223798,130500000,130500000,7
2026-08-27T09:31:27Z,223799,90056100,90056100,8
2026-08-27T09:31:27Z,223800,10000000,10000100,75
2026-08-27T09:31:27Z,223893,7600,7600,59
2026-08-27T09:31:27Z,223897,250009600,250009600,4
2026-08-27T09:31:27Z,223898,59700,59700,14
2026-08-27T09:31:27Z,223899,150001000,150001000,12
2026-08-27T09:31:27Z,223900,70000,70000,83
2026-08-27T09:31:27Z,223967,9800000,9800000,23
2026-08-27T09:31:27Z,223968,651200,651200,131
2026-08-27T09:31:27Z,223969,192000,192000,423
2026-08-27T09:31:27Z,223970,699900,699900,283
2026-08-27T09:31:27Z,223971,990000,990000,199
2026-08-27T09:31:27Z,223972,159900,159900,4043
2026-08-27T09:31:27Z,223973,199900,199900,240
2026-08-27T09:31:27Z,223974,154400,154400,208
2026-08-27T09:31:27Z,223975,50000,50000,602
2026-08-27T09:31:27Z,223976,65100,75100,675
2026-08-27T09:31:27Z,223977,2900,2900,1641
2026-08-27T09:31:27Z,223979,1762900,1762900,64
2026-08-27T09:31:27Z,224105,27800,27800,414
2026-08-27T09:31:27Z,224106,27600,27600,987
2026-08-27T09:31:27Z,224107,26500,27600,3299
2026-08-27T09:31:27Z,224108,773400,773400,130
2026-08-27T09:31:27Z,224109,240000,240000,159
2026-08-27T09:31:27Z,224110,349500,349500,508
2026-08-27T09:31:27Z,224111,98000,98000,82
2026-08-27T09:31:27Z,224112,20000,20000,35
2026-08-27T09:31:27Z,224113,1934800,1934800,34
2026-08-27T09:31:27Z,224153,14355000,14355000,9
2026-08-27T09:31:27Z,224154,209000,209000,18
2026-08-27T09:31:27Z,224155,5800000,5800000,39
2026-08-27T09:31:27Z,224173,319600,319600,15
2026-08-27T09:31:27Z,224174,250000,250000,39
2026-08-27T09:31:27Z,224175,209900,209900,15
2026-08-27T09:31:27Z,224176,1059900,1059900,88
2026-08-27T09:31:27Z,224177,600000,660000,99
2026-08-27T09:31:27Z,224178,354400,354400,67
2026-08-27T09:31:27Z,224300,280300,280300,9
2026-08-27T09:31:27Z,224301,823300,823300,11
2026-08-27T09:31:27Z,224302,721600,734900,66
2026-08-27T09:31:27Z,224303,100000,100000,12
2026-08-27T09:31:27Z,224304,39906600,39906600,5
2026-08-27T09:31:27Z,224305,149400,150900,55
2026-08-27T09:31:27Z,224306,88000,100000,32
2026-08-27T09:31:27Z,224307,5001900,5001900,28
2026-08-27T09:31:27Z,224308,509600,509600,7
2026-08-27T09:31:27Z,224309,49500,56200,10
2026-08-27T09:31:27Z,224310,655000,751800,129
2026-08-27T09:31:27Z,224311,159900,159900,8
2026-08-27T09:31:27Z,224312,49900,49900,21
2026-08-27T09:31:27Z,224313,752600,752600,68
2026-08-27T09:31:27Z,224314,559700,559700,14
2026-08-27T09:31:27Z,224315,940000,940000,14
2026-08-27T09:31:27Z,224316,44600,44600,43
2026-08-27T09:31:27Z,224317,431200,431200,12
2026-08-27T09:31:27Z,224318,179900,179900,9
2026-08-27T09:31:27Z,224319,1014900,1014900,20
2026-08-27T09:31:27Z,224320,352200,352200,9
2026-08-27T09:31:27Z,224321,258000,258000,12
2026-08-27T09:31:27Z,224322,39908700,39908700,7
2026-08-27T09:31:27Z,224323,807700,1007800,8
2026-08-27T09:31:27Z,224324,945200,945200,37
2026-08-27T09:31:27Z,224325,650000,650000,37
2026-08-27T09:31:27Z,224326,766300,766300,29
2026-08-27T09:31:27Z,224327,2338200,2338200,46
2026-08-27T09:31:27Z,224328,806800,806800,45
2026-08-27T09:31:27Z,224329,2740900,2740900,35
2026-08-27T09:31:27Z,224330,766300,766300,19
2026-08-27T09:31:27Z,224331,766300,766300,14
2026-08-27T09:31:27Z,224332,1217800,1217800,68
2026-08-27T09:31:27Z,224333,771600,771600,23
2026-08-27T09:31:27Z,224334,900000,900000,56
2026-08-27T09:31:27Z,224335,740000,740000,10
2026-08-27T09:31:27Z,224336,700000,700000,30
2026-08-27T09:31:27Z,224337,500600,500600,26
2026-08-27T09:31:27Z,224338,766300,766300,69
2026-08-27T09:31:27Z,224339,766300,766300,21
2026-08-27T09:31:27Z,224340,333100,333100,32
2026-08-27T09:31:27Z,224341,775800,775800,50
2026-08-27T09:31:27Z,224342,489100,489100,69
2026-08-27T09:31:27Z,224343,2990000,2990000,73
2026-08-27T09:31:27Z,224344,95700,97600,91
2026-08-27T09:31:27Z,224345,766300,766300,36
2026-08-27T09:31:27Z,224346,745700,745700,41
2026-08-27T09:31:27Z,224347,766300,766300,32
2026-08-27T09:31:27Z,224348,3950000,3950000,89
2026-08-27T09:31:27Z,224349,2530400,2530400,333
2026-08-27T09:31:27Z,224350,2198000,2198000,487
2026-08-27T09:31:27Z,224351,3500000,3500000,278
2026-08-27T09:31:27Z,224352,39990000,39990000,549
2026-08-27T09:31:27Z,224353,3616800,3616800,49
2026-08-27T09:31:27Z,224354,1256500,1256500,510
2026-08-27T09:31:27Z,224355,4789200,4799200,101
2026-08-27T09:31:27Z,224356,10233400,10233400,304
2026-08-27T09:31:27Z,224357,3950000,3950000,234
2026-08-27T09:31:27Z,224358,2592800,2592800,228
2026-08-27T09:31:27Z,224359,3950000,3950000,277
2026-08-27T09:31:27Z,224360,1344000,1344000,297
2026-08-27T09:31:27Z,224361,4200000,4200000,213
2026-08-27T09:31:27Z,224362,4950000,4950000,350
2026-08-27T09:31:27Z,224363,3950000,3950000,254
2026-08-27T09:31:27Z,224364,2000000,2000000,220
2026-08-27T09:31:27Z,224365,3650000,3650000,95
2026-08-27T09:31:27Z,224366,2332500,2332500,391
2026-08-27T09:31:27Z,224367,3005500,3005500,300
2026-08-27T09:31:27Z,224368,2000000,2000000,69
2026-08-27T09:31:27Z,224369,2557900,2557900,10
2026-08-27T09:31:27Z,224370,3940000,3950000,278
2026-08-27T09:31:27Z,224371,1787300,1787300,453
2026-08-27T09:31:27Z,224440,9700,9700,284
2026-08-27T09:31:27Z,224441,40400,50000,577
2026-08-27T09:31:27Z,224442,41200,41200,41
2026-08-27T09:31:27Z,224572,621000,689900,904
2026-08-27T09:31:27Z,224762,23900,23900,100
2026-08-27T09:31:27Z,224764,500,500,69527
2026-08-27T09:31:27Z,224800,70000,70000,1804
2026-08-27T09:31:27Z,224801,10000,10000,4811
2026-08-27T09:31:27Z,224802,9100,9100,4656
2026-08-27T09:31:27Z,224803,98600,98600,3795
2026-08-27T09:31:27Z,224804,6200,6200,4041
2026-08-27T09:31:27Z,224805,7500,7700,14988
2026-08-27T09:31:27Z,224824,1358000,1438100,3845
2026-08-27T09:31:27Z,224826,250000,350000,1917
2026-08-27T09:31:27Z,224828,50000,67000,12242
2026-08-27T09:31:27Z,224832,210000,210000,41592
2026-08-27T09:31:27Z,224833,185000,190000,4357
2026-08-27T09:31:27Z,224834,370000,400000,213
2026-08-27T09:31:27Z,225241,10000,10000,28
2026-08-27T09:31:27Z,225242,11100,11100,26
2026-08-27T09:31:27Z,225253,9000000,9993400,24
2026-08-27T09:31:27Z,225416,49009900,49009900,20
2026-08-27T09:31:27Z,225418,49005000,49005000,21
2026-08-27T09:31:27Z,225419,49000900,49000900,20
2026-08-27T09:31:27Z,225420,49000600,49000600,20
2026-08-27T09:31:27Z,225421,49008800,49008800,1
2026-08-27T09:31:27Z,225422,49009900,49009900,21
2026-08-27T09:31:27Z,225423,49009800,49009800,20
2026-08-27T09:31:27Z,225424,49009500,49009500,20
2026-08-27T09:31:27Z,225425,49000600,49000600,20
2026-08-27T09:31:27Z,225426,290009900,290009900,1
2026-08-27T09:31:27Z,225427,49009800,49009800,20
2026-08-27T09:31:27Z,225428,49009900,49009900,18
2026-08-27T09:31:27Z,225429,49009900,49009900,21
2026-08-27T09:31:27Z,225430,290000600,290000600,1
2026-08-27T09:31:27Z,225543,290003900,290003900,1
2026-08-27T09:31:27Z,225565,400,1000,25421
2026-08-27T09:31:27Z,225566,900,6100,21206
2026-08-27T09:31:27Z,225567,1000,1000,43905
2026-08-27T09:31:27Z,225568,2400,489900,5294
2026-08-27T09:31:27Z,225569,300,1200,28407
2026-08-27T09:31:27Z,225592,50000,50000,516
2026-08-27T09:31:27Z,225670,500,500,5231
2026-08-27T09:31:27Z,225671,52000,53000,2813
2026-08-27T09:31:27Z,225672,109900,170000,692
2026-08-27T09:31:27Z,225768,9415400,9990000,21
2026-08-27T09:31:27Z,225784,559900,559900,94
2026-08-27T09:31:27Z,225785,49009800,49009800,20
2026-08-27T09:31:27Z,225788,290001100,290001100,1
2026-08-27T09:31:27Z,225789,1500003300,1500003300,2
2026-08-27T09:31:27Z,225790,49000200,49000200,20
2026-08-27T09:31:27Z,225792,5000000,5000000,1
2026-08-27T09:31:27Z,225793,290007400,290007400,1
2026-08-27T09:31:27Z,225794,290006600,290006600,1
2026-08-27T09:31:27Z,225795,49009500,49009500,22
2026-08-27T09:31:27Z,225796,49000600,49000600,20
2026-08-27T09:31:27Z,225797,1500000500,1500000500,1
2026-08-27T09:31:27Z,225798,5500001600,5500001600,1
2026-08-27T09:31:27Z,225799,5500008900,5500008900,1
2026-08-27T09:31:27Z,225800,290005800,290005800,1
2026-08-27T09:31:27Z,225801,31000000,31000000,32
2026-08-27T09:31:27Z,225802,19800,19800,24
2026-08-27T09:31:27Z,225803,30009800,30009800,19
2026-08-27T09:31:27Z,225807,49009000,49009000,21
2026-08-27T09:31:27Z,225809,49000400,49000400,24
2026-08-27T09:31:27Z,225810,7680000,7680000,3
2026-08-27T09:31:27Z,225811,290008900,290008900,1
2026-08-27T09:31:27Z,225812,290009500,290009500,1
2026-08-27T09:31:27Z,225813,48999800,48999900,22
2026-08-27T09:31:27Z,225814,409300,409300,27
2026-08-27T09:31:27Z,225815,49000000,49000000,22
2026-08-27T09:31:27Z,225816,49009200,49009200,20
2026-08-27T09:31:27Z,225817,49001900,49001900,4
2026-08-27T09:31:27Z,225818,290008800,290008800,1
2026-08-27T09:31:27Z,225819,290005100,290005100,1
2026-08-27T09:31:27Z,225820,400000,400000,24
2026-08-27T09:31:27Z,225821,49000000,49000000,22
2026-08-27T09:31:27Z,225822,49001000,49001000,1
2026-08-27T09:31:27Z,225823,49009400,49009400,2
2026-08-27T09:31:27Z,225824,1500009800,1500009800,1
2026-08-27T09:31:27Z,225825,290009400,290009400,1
2026-08-27T09:31:27Z,225826,290009100,290009100,1
2026-08-27T09:31:27Z,225827,415500,415500,27
2026-08-27T09:31:27Z,225828,49001700,49001700,8
2026-08-27T09:31:27Z,225829,49007300,49007300,21
2026-08-27T09:31:27Z,225830,49009300,49009300,22
2026-08-27T09:31:27Z,225831,49009500,49009500,23
2026-08-27T09:31:27Z,225833,49009600,49009600,21
2026-08-27T09:31:27Z,225834,290001400,290001400,1
2026-08-27T09:31:27Z,225835,290008400,290008400,1
2026-08-27T09:31:27Z,225836,49009700,49009700,21
2026-08-27T09:31:27Z,225837,45009900,49009900,21
2026-08-27T09:31:27Z,225840,49002800,49002800,71
2026-08-27T09:31:27Z,225841,290007300,290007300,1
2026-08-27T09:31:27Z,225842,290009400,290009400,1
2026-08-27T09:31:27Z,225843,49009800,49009800,22
2026-08-27T09:31:27Z,225844,40009800,49009800,23
2026-08-27T09:31:27Z,225845,49009900,49009900,22
2026-08-27T09:31:27Z,225846,48880000,48880000,2
2026-08-27T09:31:27Z,225847,290004400,290004400,1
2026-08-27T09:31:27Z,225848,290005200,290005200,1
2026-08-27T09:31:27Z,225849,47009600,47009600,26
2026-08-27T09:31:27Z,225850,49009700,49009700,22
2026-08-27T09:31:27Z,225852,1908000,1908000,10
2026-08-27T09:31:27Z,225853,290000200,290000200,1
2026-08-27T09:31:27Z,225854,290008300,290008300,1
2026-08-27T09:31:27Z,225875,49001400,49001400,1
2026-08-27T09:31:27Z,225876,12600,12800,1943
2026-08-27T09:31:27Z,225877,290009600,290009600,1
2026-08-27T09:31:27Z,225878,290002000,290002000,1
2026-08-27T09:31:27Z,225879,290008400,290008400,1
2026-08-27T09:31:27Z,225883,990000,990000,393
2026-08-27T09:31:27Z,225911,8500,9800,3664
2026-08-27T09:31:27Z,225912,30000,39900,6660
2026-08-27T09:31:27Z,225987,350000,388900,35
2026-08-27T09:31:27Z,225988,9993100,9993100,21
2026-08-27T09:31:27Z,225989,1145900,1145900,39
2026-08-27T09:31:27Z,225996,49700,49700,24
2026-08-27T09:31:27Z,226022,130684800,130684800,14
2026-08-27T09:31:27Z,226023,14450000,14450000,22
2026-08-27T09:31:27Z,226024,2503900,4923900,22
2026-08-27T09:31:27Z,226025,12000000,12000000,15
2026-08-27T09:31:27Z,226026,6500000,6500000,45
2026-08-27T09:31:27Z,226027,15000000,15000000,5
2026-08-27T09:31:27Z,226028,199900000,199900000,1
2026-08-27T09:31:27Z,226029,2500000,2500000,37
2026-08-27T09:31:27Z,226030,17000000,17000000,69
2026-08-27T09:31:27Z,226031,30000000,30000000,24
2026-08-27T09:31:27Z,226032,2500000,2500000,20
2026-08-27T09:31:27Z,226033,3900000,4000000,25
2026-08-27T09:31:27Z,226034,107000,107000,166
2026-08-27T09:31:27Z,226035,499600,499600,13
2026-08-27T09:31:27Z,226036,979500,979500,28
2026-08-27T09:31:27Z,226037,19600,19600,28391
2026-08-27T09:31:27Z,226202,2000,2000,19064
2026-08-27T09:31:27Z,226204,500,500,9329
2026-08-27T09:31:27Z,226205,1000,1000,6366
2026-08-27T09:31:27Z,226232,259900,3109900,53
2026-08-27T09:31:27Z,226233,501000,501000,83
2026-08-27T09:31:27Z,226234,9990000,9990000,21
2026-08-27T09:31:27Z,226235,505800,9996800,23
2026-08-27T09:31:27Z,226236,1009300,1009300,24
2026-08-27T09:31:27Z,226237,6499500,6499500,28
2026-08-27T09:31:27Z,226238,9990000,9990000,25
2026-08-27T09:31:27Z,226524,990000,990000,203
2026-08-27T09:31:27Z,226681,9900000,9900000,100
2026-08-27T09:31:27Z,226692,37000,37000,28
2026-08-27T09:31:27Z,226811,217200,217200,308
2026-08-27T09:31:27Z,227272,9000,9000,60
2026-08-27T09:31:27Z,227273,39700,39700,71
2026-08-27T09:31:27Z,227274,458900,458900,220
2026-08-27T09:31:27Z,227275,459800,459800,108
2026-08-27T09:31:27Z,227297,40000,40000,36
2026-08-27T09:31:27Z,227298,130000,130000,35
2026-08-27T09:31:27Z,227299,449900,449900,158
2026-08-27T09:31:27Z,227300,9990000,9990000,20
2026-08-27T09:31:27Z,227301,35000,35000,93
2026-08-27T09:31:27Z,227302,400000,400000,68
2026-08-27T09:31:27Z,227303,459800,459800,104
2026-08-27T09:31:27Z,227304,453200,453200,219
2026-08-27T09:31:27Z,227305,13000,13000,65
2026-08-27T09:31:27Z,227306,200000,220000,124
2026-08-27T09:31:27Z,227307,500000,500000,94
2026-08-27T09:31:27Z,227308,501000,501000,44
2026-08-27T09:31:27Z,227309,94800,94800,53
2026-08-27T09:31:27Z,227310,502600,502600,70
2026-08-27T09:31:27Z,227311,442700,442700,204
2026-08-27T09:31:27Z,227312,409900,409900,120
2026-08-27T09:31:27Z,227313,9905500,9905500,25
2026-08-27T09:31:27Z,227314,147100,147100,75
2026-08-27T09:31:27Z,227315,508300,9658300,23
2026-08-27T09:31:27Z,227316,507300,507300,24
2026-08-27T09:31:27Z,227317,2600,2600,383
2026-08-27T09:31:27Z,227318,1900,1900,147
2026-08-27T09:31:27Z,227319,456200,456200,100
2026-08-27T09:31:27Z,227320,452700,452700,226
2026-08-27T09:31:27Z,227321,43200,43200,175
2026-08-27T09:31:27Z,227322,300000,400000,271
2026-08-27T09:31:27Z,227323,500000,500000,24
2026-08-27T09:31:27Z,227324,1990000,1990000,97
2026-08-27T09:31:27Z,227325,1900,1900,279
2026-08-27T09:31:27Z,227326,1900,1900,289
2026-08-27T09:31:27Z,227327,2500,2500,567
2026-08-27T09:31:27Z,227328,300000,300000,143
2026-08-27T09:31:27Z,227329,399800,399800,590
2026-08-27T09:31:27Z,227330,450000,450000,221
2026-08-27T09:31:27Z,227331,300000,300000,127
2026-08-27T09:31:27Z,227332,50000,50000,983
2026-08-27T09:31:27Z,227333,449000,449000,86
2026-08-27T09:31:27Z,227334,442100,442100,129
2026-08-27T09:31:27Z,227335,343600,343600,82
2026-08-27T09:31:27Z,227336,9899900,9899900,20
2026-08-27T09:31:27Z,227769,800,1400,193168
2026-08-27T09:31:27Z,227770,23333300,23333300,863
2026-08-27T09:31:27Z,227771,500000,4009700,8451
2026-08-27T09:31:27Z,227772,4550100,4660100,1484
2026-08-27T09:31:27Z,227773,108000000,123008000,469
2026-08-27T09:31:27Z,227774,1999999900,1999999900,23
2026-08-27T09:31:27Z,228099,49009800,49009800,24
2026-08-27T09:31:27Z,228194,8900000,9900000,78
2026-08-27T09:31:27Z,228195,29503300,29503300,20
2026-08-27T09:31:27Z,228231,70000,70000,17973
2026-08-27T09:31:27Z,228232,199800,199800,6890
2026-08-27T09:31:27Z,228233,1035300,1241000,2092
2026-08-27T09:31:27Z,228234,1008800,1049400,2675
2026-08-27T09:31:27Z,228235,300000,370000,1536
2026-08-27T09:31:27Z,228236,250000,370000,5866
2026-08-27T09:31:27Z,228368,1699900,1699900,40
2026-08-27T09:31:27Z,228386,49009800,49009800,20
2026-08-27T09:31:27Z,228387,49009900,49009900,22
2026-08-27T09:31:27Z,228388,9909800,9909800,101
2026-08-27T09:31:27Z,228390,4999900,48900000,25
2026-08-27T09:31:27Z,228391,890700,49000700,24
2026-08-27T09:31:27Z,228392,159900,159900,26
2026-08-27T09:31:27Z,228393,151500,151500,30
2026-08-27T09:31:27Z,228394,499800,49009800,22
2026-08-27T09:31:27Z,228395,49009800,49009800,20
2026-08-27T09:31:27Z,228396,2970000,2970000,24
2026-08-27T09:31:27Z,228398,990000,1000000,24
2026-08-27T09:31:27Z,228400,15871000,15871000,29
2026-08-27T09:31:27Z,228401,46300,46300,101
2026-08-27T09:31:27Z,228402,100000,100000,95
2026-08-27T09:31:27Z,228403,350000,350000,489
2026-08-27T09:31:27Z,228404,20000,30000,1259
2026-08-27T09:31:27Z,228405,120000,120000,117
2026-08-27T09:31:27Z,228406,377200,377200,26
2026-08-27T09:31:27Z,228414,10300,10300,2689
2026-08-27T09:31:27Z,228429,1500000100,1500000100,1
2026-08-27T09:31:27Z,228430,4999900,49000000,23
2026-08-27T09:31:27Z,228452,315130600,315130600,1
2026-08-27T09:31:27Z,228453,990003800,990003800,1
2026-08-27T09:31:27Z,228454,49003800,49003800,20
2026-08-27T09:31:27Z,228455,290000100,290000100,1
2026-08-27T09:31:27Z,228458,290000100,290000100,1
2026-08-27T09:31:27Z,228481,253800,49003800,23
2026-08-27T09:31:27Z,228482,49003800,49003800,22
2026-08-27T09:31:27Z,228483,49006000,49006000,20
2026-08-27T09:31:27Z,228485,233800,49003800,23
2026-08-27T09:31:27Z,228487,1233800,49003800,21
2026-08-27T09:31:27Z,228488,49007600,49007600,20
2026-08-27T09:31:27Z,228489,290005100,290005100,1
2026-08-27T09:31:27Z,228490,9903800,9903800,99
2026-08-27T09:31:27Z,228491,9000000,9000000,100
2026-08-27T09:31:27Z,228492,24300,24300,820
2026-08-27T09:31:27Z,228493,49900,49900,1078
2026-08-27T09:31:27Z,228494,100000,100000,1066
2026-08-27T09:31:27Z,228496,290007600,290007600,1
2026-08-27T09:31:27Z,228497,290003800,290003800,1
2026-08-27T09:31:27Z,228507,6800,6800,100
2026-08-27T09:31:27Z,228509,19100,19100,66
2026-08-27T09:31:27Z,228510,249900,249900,3
2026-08-27T09:31:27Z,228608,239000,9909000,101
2026-08-27T09:31:27Z,228609,333800,9903800,99
2026-08-27T09:31:27Z,228720,49005100,49005100,20
2026-08-27T09:31:27Z,228921,140000,140000,1331
2026-08-27T09:31:27Z,228930,500,500,6511
2026-08-27T09:31:27Z,228953,9994400,9994400,20
2026-08-27T09:31:27Z,228956,82000,82000,2369
2026-08-27T09:31:27Z,228990,9899000,9899000,19
2026-08-27T09:31:27Z,229388,5400,59900,36917
2026-08-27T09:31:27Z,229413,349985600,349985600,15
2026-08-27T09:31:27Z,229809,40000,49000000,22
2026-08-27T09:31:27Z,230285,49500,92100,21951
2026-08-27T09:31:27Z,231899,49000100,49000100,5
2026-08-27T09:31:27Z,232005,88900,88900,69
2026-08-27T09:31:27Z,232006,4600,4600,69
2026-08-27T09:31:27Z,232007,7000000,7000000,44
2026-08-27T09:31:27Z,232009,900000,900000,59
2026-08-27T09:31:27Z,232011,3158800,3158800,50
2026-08-27T09:31:27Z,232374,700000,700000,75
2026-08-27T09:31:27Z,232375,9909900,9909900,20
2026-08-27T09:31:27Z,232376,9192000,9192000,42
2026-08-27T09:31:27Z,232377,9989900,9989900,25
2026-08-27T09:31:27Z,232378,459900,459900,34
2026-08-27T09:31:27Z,232380,997600,997600,27
2026-08-27T09:31:27Z,232385,50000,400000,114
2026-08-27T09:31:27Z,232521,11009700,11009700,13
2026-08-27T09:31:27Z,232532,1990000,1990000,12
2026-08-27T09:31:27Z,232533,1000000,1000000,99
2026-08-27T09:31:27Z,232534,8979800,8979800,34
2026-08-27T09:31:27Z,232632,9699800,9699800,164
2026-08-27T09:31:27Z,232633,44449800,44449800,57
2026-08-27T09:31:27Z,232634,222220300,222220300,2
2026-08-27T09:31:27Z,232635,49009400,49009400,20
2026-08-27T09:31:27Z,232637,290002100,290002100,1
2026-08-27T09:31:27Z,232638,222223800,222223800,6
2026-08-27T09:31:27Z,232874,199000100,199000100,2
2026-08-27T09:31:27Z,232935,2249800,2249800,3
2026-08-27T09:31:27Z,232936,15000000,15000000,73
2026-08-27T09:31:27Z,232937,330000,330000,31
2026-08-27T09:31:27Z,233029,8500,8500,39
2026-08-27T09:31:27Z,233030,39900,39900,6
2026-08-27T09:31:27Z,233031,2009900,2009900,5
2026-08-27T09:31:27Z,233800,290003600,290003600,1
2026-08-27T09:31:27Z,234197,15000000,15000000,1
2026-08-27T09:31:27Z,234203,2438600,2438600,1
2026-08-27T09:31:27Z,234204,9889500,49009500,21
2026-08-27T09:31:27Z,234205,49009700,49009700,21
2026-08-27T09:31:27Z,234212,49009800,49009800,17
2026-08-27T09:31:27Z,234282,9893500,9893500,20
2026-08-27T09:31:27Z,234287,5000000,5000000,60
2026-08-27T09:31:27Z,234380,250000,250000,95
2026-08-27T09:31:27Z,234381,289900,289900,140
2026-08-27T09:31:27Z,234386,250000,250000,115
2026-08-27T09:31:27Z,234387,275700,275700,159
2026-08-27T09:31:27Z,234415,319500,319500,148
2026-08-27T09:31:27Z,234416,272100,274800,125
2026-08-27T09:31:27Z,234417,250000,250000,113
2026-08-27T09:31:27Z,234418,289900,289900,115
2026-08-27T09:31:27Z,234419,306600,306600,156
2026-08-27T09:31:27Z,234420,259800,259800,150
2026-08-27T09:31:27Z,234466,9980000,9980000,80
2026-08-27T09:31:27Z,234526,3465000,3465000,247
2026-08-27T09:31:27Z,234527,1990000,1990000,113
2026-08-27T09:31:27Z,234718,222225400,222225400,3
2026-08-27T09:31:27Z,234719,290009200,290009200,1
2026-08-27T09:31:27Z,234720,290009900,290009900,1
2026-08-27T09:31:27Z,234722,290001000,290001000,1
2026-08-27T09:31:27Z,234723,290002400,290002400,1
2026-08-27T09:31:27Z,234732,222227700,222227700,2
2026-08-27T09:31:27Z,234733,290009400,290009400,1
2026-08-27T09:31:27Z,234734,290002100,290002100,1
2026-08-27T09:31:27Z,234735,290002900,290002900,1
2026-08-27T09:31:27Z,234736,290008500,290008500,1
2026-08-27T09:31:27Z,234750,290006300,290006300,1
2026-08-27T09:31:27Z,234751,290002100,290002100,2
2026-08-27T09:31:27Z,234752,290000200,290000200,1
2026-08-27T09:31:27Z,234753,290000700,290000700,1
2026-08-27T09:31:27Z,234754,290008300,290008300,1
2026-08-27T09:31:27Z,234972,10000,10000,42
2026-08-27T09:31:27Z,234973,12800,12800,107
2026-08-27T09:31:27Z,235221,9800,990000,216
2026-08-27T09:31:27Z,235230,990000,990000,206
2026-08-27T09:31:27Z,235238,9000,1990000,117
2026-08-27T09:31:27Z,235255,26900,47800,259
2026-08-27T09:31:27Z,235273,1200,990000,217
2026-08-27T09:31:27Z,235335,11585000,11585000,23
2026-08-27T09:31:27Z,235336,3500000,3990000,86
2026-08-27T09:31:27Z,235337,2008100,2008100,71
2026-08-27T09:31:27Z,235703,68800,68800,6860
2026-08-27T09:31:27Z,235704,77300,77300,10093
2026-08-27T09:31:27Z,235805,47100,47100,452
2026-08-27T09:31:27Z,235845,3300,3300,2531
2026-08-27T09:31:27Z,235846,2249800,2249800,113
2026-08-27T09:31:27Z,235910,999700,999700,2
2026-08-27T09:31:27Z,236353,50000000,50000000,13
2026-08-27T09:31:27Z,236633,507700,507700,53
2026-08-27T09:31:27Z,236634,290009400,290009400,1
2026-08-27T09:31:27Z,236635,290009400,290009400,1
2026-08-27T09:31:27Z,236636,290009900,290009900,1
2026-08-27T09:31:27Z,236638,290000300,290000300,1
2026-08-27T09:31:27Z,236639,290009400,290009400,1
2026-08-27T09:31:27Z,236640,290009900,290009900,1
2026-08-27T09:31:27Z,236646,80000,80000,159
2026-08-27T09:31:27Z,236647,8000000,8000000,70
2026-08-27T09:31:27Z,236648,9899800,9899800,94
2026-08-27T09:31:27Z,236649,440000,440000,191
2026-08-27T09:31:27Z,236650,507000,507000,24
2026-08-27T09:31:27Z,236651,290009400,290009400,2
2026-08-27T09:31:27Z,236652,290009400,290009400,6
2026-08-27T09:31:27Z,236680,51000,51000,161
2026-08-27T09:31:27Z,236753,35108000,39008800,27
2026-08-27T09:31:27Z,236761,25800,28500,560823
2026-08-27T09:31:27Z,236767,28100,29900,569903
2026-08-27T09:31:27Z,236770,7800,9200,555136
2026-08-27T09:31:27Z,236771,398900,416400,32140
2026-08-27T09:31:27Z,236774,295000,300000,238680
2026-08-27T09:31:27Z,236775,287600,570100,54954
2026-08-27T09:31:27Z,236776,151700,222000,171625
2026-08-27T09:31:27Z,236777,429400,829600,40487
2026-08-27T09:31:27Z,236778,16500,20000,66802
2026-08-27T09:31:27Z,236779,269600,276000,62375
2026-08-27T09:31:27Z,236780,4138800,4170000,37113
2026-08-27T09:31:27Z,236949,20800,20800,510153
2026-08-27T09:31:27Z,236950,14300,15500,517865
2026-08-27T09:31:27Z,236951,12700,13100,335156
2026-08-27T09:31:27Z,236952,6200,10000,203322
2026-08-27T09:31:27Z,236957,92220000,93200000,20
2026-08-27T09:31:27Z,236959,89900,90000,174
2026-08-27T09:31:27Z,236963,15700,17200,134386
2026-08-27T09:31:27Z,236965,20200,24600,72407
2026-08-27T09:31:27Z,236967,34990000,499999800,248
2026-08-27T09:31:27Z,237015,696500,696800,35875
2026-08-27T09:31:27Z,237016,695300,695400,46922
2026-08-27T09:31:27Z,237017,430500,431000,114008
2026-08-27T09:31:27Z,237018,403600,420600,44499
2026-08-27T09:31:27Z,237259,19400,19400,5
2026-08-27T09:31:27Z,237260,17700,17700,14
2026-08-27T09:31:27Z,237305,290003700,290003700,1
2026-08-27T09:31:27Z,237313,49009400,49009400,19
2026-08-27T09:31:27Z,237330,2451500,9990000,115
2026-08-27T09:31:27Z,237331,609800,609800,188
2026-08-27T09:31:27Z,237333,7000000,7000000,189
2026-08-27T09:31:27Z,237334,9900000,9900000,36
2026-08-27T09:31:27Z,237335,200000,200000,181
2026-08-27T09:31:27Z,237359,38000,69900,302992
2026-08-27T09:31:27Z,237361,269900,322700,223905
2026-08-27T09:31:27Z,237362,40600,97500,195877
2026-08-27T09:31:27Z,237363,209000,419800,48269
2026-08-27T09:31:27Z,237364,49100,94900,85060
2026-08-27T09:31:27Z,237365,188200,391000,130475
2026-08-27T09:31:27Z,237366,129900,140700,59783
2026-08-27T09:31:27Z,237367,125500,199500,1213
2026-08-27T09:31:27Z,237369,4000000,4000000,777
2026-08-27T09:31:27Z,237370,3330700,4420500,571
2026-08-27T09:31:27Z,237371,5314900,5325300,1795
2026-08-27T09:31:27Z,237372,4490000,4500000,537
2026-08-27T09:31:27Z,237373,4799900,4799900,2224
2026-08-27T09:31:27Z,238197,152000,262000,2522
2026-08-27T09:31:27Z,238198,654900,655500,12307
2026-08-27T09:31:27Z,238201,60000,80000,3937
2026-08-27T09:31:27Z,238202,1088600,1088600,7146
2026-08-27T09:31:27Z,238203,2705500,2714700,14901
2026-08-27T09:31:27Z,238204,1090000,1098000,11812
2026-08-27T09:31:27Z,238205,2550000,2699900,13464
2026-08-27T09:31:27Z,238209,104400,109900,1580
2026-08-27T09:31:27Z,238212,80000,81500,1672
2026-08-27T09:31:27Z,238213,94500,215200,53571
2026-08-27T09:31:27Z,238365,13300,17900,38317
2026-08-27T09:31:27Z,238366,100000,119800,51334
2026-08-27T09:31:27Z,238367,24000,27100,75687
2026-08-27T09:31:27Z,238368,209800,210000,2429
2026-08-27T09:31:27Z,238369,280000,313400,12471
2026-08-27T09:31:27Z,238370,13800,16600,38677
2026-08-27T09:31:27Z,238371,938300,938400,28395
2026-08-27T09:31:27Z,238372,30000,31200,42299
2026-08-27T09:31:27Z,238373,354600,354600,48335
2026-08-27T09:31:27Z,238374,32800,54500,49655
2026-08-27T09:31:27Z,238375,169800,179500,21015
2026-08-27T09:31:27Z,238376,319900,320000,42086
2026-08-27T09:31:27Z,238377,88700,88900,41328
2026-08-27T09:31:27Z,238378,387600,770000,4532
2026-08-27T09:31:27Z,238379,138100,138100,26559
2026-08-27T09:31:27Z,238380,985300,985300,13154
2026-08-27T09:31:27Z,238381,19400,19500,52055
2026-08-27T09:31:27Z,238382,238700,238700,9808
2026-08-27T09:31:27Z,238383,215100,215400,4744
2026-08-27T09:31:27Z,238384,29400,30900,28037
2026-08-27T09:31:27Z,238477,16600,300000,1081
2026-08-27T09:31:27Z,238478,1300,450000,1167
2026-08-27T09:31:27Z,238479,2300,450000,1149
2026-08-27T09:31:27Z,238480,1500,350000,1154
2026-08-27T09:31:27Z,238481,4700,450000,1179
2026-08-27T09:31:27Z,238482,11000,11600,1457
2026-08-27T09:31:27Z,238483,1500,450000,1161
2026-08-27T09:31:27Z,238484,3300,6900,2460
2026-08-27T09:31:27Z,238485,1500,10500,2369
2026-08-27T09:31:27Z,238486,65400,450000,500
2026-08-27T09:31:27Z,238487,4900,450000,1159
2026-08-27T09:31:27Z,238488,12000,450000,624
2026-08-27T09:31:27Z,238489,500,900,1347
2026-08-27T09:31:27Z,238491,145500,450000,610
2026-08-27T09:31:27Z,238492,35000,39600,686
2026-08-27T09:31:27Z,238493,400000,450000,276
2026-08-27T09:31:27Z,238494,4200,450000,1196
2026-08-27T09:31:27Z,238495,9900,9900,55
2026-08-27T09:31:27Z,238496,85500,450000,256
2026-08-27T09:31:27Z,238511,22300,32400,217838
2026-08-27T09:31:27Z,238512,50000,54500,745622
2026-08-27T09:31:27Z,238513,9800,11200,1019707
2026-08-27T09:31:27Z,238514,14300,28800,1116048
2026-08-27T09:31:27Z,238518,53800,58000,51016
2026-08-27T09:31:27Z,238519,78400,80300,63714
2026-08-27T09:31:27Z,238520,15100,15700,56033
2026-08-27T09:31:27Z,238521,98000,143500,30361
2026-08-27T09:31:27Z,238522,237900,290000,43822
2026-08-27T09:31:27Z,238523,7700,7700,227597
2026-08-27T09:31:27Z,238525,1561000,1624800,9278
2026-08-27T09:31:27Z,238528,641400,650000,17837
2026-08-27T09:31:27Z,238529,41714000,41714100,11916
2026-08-27T09:31:27Z,238530,5200300,5499800,7147
2026-08-27T09:31:27Z,238799,10900,10900,75
2026-08-27T09:31:27Z,238800,1509300,1509300,10
2026-08-27T09:31:27Z,238801,290004600,290004600,1
2026-08-27T09:31:27Z,238808,290009300,290009300,1
2026-08-27T09:31:27Z,238810,290009300,290009300,1
2026-08-27T09:31:27Z,238812,19900000,19900000,40
2026-08-27T09:31:27Z,238813,290004700,290004700,1
2026-08-27T09:31:27Z,238814,49006100,49006100,2
2026-08-27T09:31:27Z,238832,19904500,19904500,40
2026-08-27T09:31:27Z,238834,290009300,290009300,1
2026-08-27T09:31:27Z,238836,9700,9700,75
2026-08-27T09:31:27Z,238838,20500,20500,7
2026-08-27T09:31:27Z,238841,290009300,290009300,1
2026-08-27T09:31:27Z,238847,7700,7700,92
2026-08-27T09:31:27Z,238848,25009800,25009800,8
2026-08-27T09:31:27Z,238849,45509300,45509300,3
2026-08-27T09:31:27Z,238851,49009700,49009700,2
2026-08-27T09:31:27Z,238853,290009300,290009300,1
2026-08-27T09:31:27Z,238854,48808700,48808700,32
2026-08-27T09:31:27Z,238855,48990700,48990700,10
2026-08-27T09:31:27Z,238856,290009300,290009300,1
2026-08-27T09:31:27Z,238865,290008700,290008700,1
2026-08-27T09:31:27Z,238866,7100,7100,86
2026-08-27T09:31:27Z,238867,22000,22000,9
2026-08-27T09:31:27Z,238868,210009300,210009300,2
2026-08-27T09:31:27Z,238869,14550000,19900000,41
2026-08-27T09:31:27Z,238870,49009800,49009800,1
2026-08-27T09:31:27Z,238871,290009300,290009300,1
2026-08-27T09:31:27Z,238872,19909400,19909400,43
2026-08-27T09:31:27Z,238874,290004700,290004700,1
2026-08-27T09:31:27Z,238875,19600,19600,6
2026-08-27T09:31:27Z,238876,290009900,290009900,3
2026-08-27T09:31:27Z,238877,49009800,49009800,20
2026-08-27T09:31:27Z,238879,290009800,290009800,1
2026-08-27T09:31:27Z,238880,49007200,49007200,21
2026-08-27T09:31:27Z,238881,290004700,290004700,1
2026-08-27T09:31:27Z,238882,290004700,290004700,1
2026-08-27T09:31:27Z,238883,989900,19909900,41
2026-08-27T09:31:27Z,238885,85009800,85009800,3
2026-08-27T09:31:27Z,238886,15009800,19909800,54
2026-08-27T09:31:27Z,238887,40000500,40000500,4
2026-08-27T09:31:27Z,238888,60000000,60000000,3
2026-08-27T09:31:27Z,238889,290004700,290004700,1
2026-08-27T09:31:27Z,238896,100000,100000,308
2026-08-27T09:31:27Z,238944,200,300,286
2026-08-27T09:31:27Z,239115,190008900,190008900,3
2026-08-27T09:31:27Z,239129,990000,990000,213
2026-08-27T09:31:27Z,239198,948700,948800,13421
2026-08-27T09:31:27Z,239200,1055700,1077900,52276
2026-08-27T09:31:27Z,239201,1384000,1385400,14643
2026-08-27T09:31:27Z,239202,1383300,1391900,34026
2026-08-27T09:31:27Z,239276,33000000,33000000,19
2026-08-27T09:31:27Z,239314,499000000,499000000,13
2026-08-27T09:31:27Z,239690,25200,25200,2549
2026-08-27T09:31:27Z,239691,24700,50700,56524
2026-08-27T09:31:27Z,239692,44000,44000,3330
2026-08-27T09:31:27Z,239700,20000,20000,133484
2026-08-27T09:31:27Z,239701,22400,22400,113599
2026-08-27T09:31:27Z,239702,29000,30000,15990
2026-08-27T09:31:27Z,239703,33000,33000,136850
2026-08-27T09:31:27Z,239711,12400,12400,2096
2026-08-27T09:31:27Z,239713,19700,19700,17496
2026-08-27T09:31:27Z,240094,43000000,43000000,29
2026-08-27T09:31:27Z,240133,39991400,44692200,1954
2026-08-27T09:31:27Z,240154,34008900,34008900,38
2026-08-27T09:31:27Z,240155,41068900,41089100,2668
2026-08-27T09:31:27Z,240156,4000,4400,4447
2026-08-27T09:31:27Z,240157,140000,159900,611
2026-08-27T09:31:27Z,240164,4490000,4490000,143
2026-08-27T09:31:27Z,240165,4897100,4897100,214
2026-08-27T09:31:27Z,240166,4006700,4006700,103
2026-08-27T09:31:27Z,240167,4009900,4809900,6367
2026-08-27T09:31:27Z,240194,40000,40000,1565
2026-08-27T09:31:27Z,240216,185900,190000,537
2026-08-27T09:31:27Z,240855,576000,690000,486
2026-08-27T09:31:27Z,240856,1509700,1509800,354
2026-08-27T09:31:27Z,240857,390000,448700,136
2026-08-27T09:31:27Z,240858,1998300,2000400,54
2026-08-27T09:31:27Z,240859,370000,9899900,610
2026-08-27T09:31:27Z,240860,1938200,1938200,240
2026-08-27T09:31:27Z,240861,105500,109800,2203
2026-08-27T09:31:27Z,240862,1911100,1911100,398
2026-08-27T09:31:27Z,240863,326700,326700,33
2026-08-27T09:31:27Z,240864,1250000,4500000,179
2026-08-27T09:31:27Z,240865,287500,287500,1631
2026-08-27T09:31:27Z,240866,1880100,1901600,670
2026-08-27T09:31:27Z,240867,278400,1596400,640
2026-08-27T09:31:27Z,240868,1881200,1881200,278
2026-08-27T09:31:27Z,240869,79200,80000,384
2026-08-27T09:31:27Z,240870,1492000,1492000,355
2026-08-27T09:31:27Z,240871,503000,503000,800
2026-08-27T09:31:27Z,240872,3317000,3317100,664
2026-08-27T09:31:27Z,240873,219700,685400,210
2026-08-27T09:31:27Z,240874,2199800,2199800,205
2026-08-27T09:31:27Z,240875,239800,239800,1978
2026-08-27T09:31:27Z,240876,1980400,1980400,342
2026-08-27T09:31:27Z,240877,86400,1000000,2156
2026-08-27T09:31:27Z,240878,1791100,1828800,1122
2026-08-27T09:31:27Z,240879,209600,9904900,2170
2026-08-27T09:31:27Z,240880,986200,986200,387
2026-08-27T09:31:27Z,240881,57600,79900,1609
2026-08-27T09:31:27Z,240882,1770200,1770200,531
2026-08-27T09:31:27Z,240883,83200,97900,2053
2026-08-27T09:31:27Z,240884,2392400,2392400,294
2026-08-27T09:31:27Z,240885,76800,290000,828
2026-08-27T09:31:27Z,240886,3112200,3118800,728
2026-08-27T09:31:27Z,240887,9909500,9909500,278
2026-08-27T09:31:27Z,240888,14227100,14227100,870
2026-08-27T09:31:27Z,240889,8509500,9749500,182
2026-08-27T09:31:27Z,240890,11499900,12909900,2833
2026-08-27T09:31:27Z,240891,9259800,9509800,249
2026-08-27T09:31:27Z,240892,12907000,12907000,3720
2026-08-27T09:31:27Z,240893,8509300,9799300,175
2026-08-27T09:31:27Z,240894,12905400,12905400,2328
2026-08-27T09:31:27Z,240895,8999000,8999000,302
2026-08-27T09:31:27Z,240896,13399900,13399900,440
2026-08-27T09:31:27Z,240897,9752400,9752500,582
2026-08-27T09:31:27Z,240898,11499500,12909600,1973
2026-08-27T09:31:27Z,240899,9950000,9957900,498
2026-08-27T09:31:27Z,240900,12901900,12901900,2543
2026-08-27T09:31:27Z,240901,9990000,10500000,485
2026-08-27T09:31:27Z,240902,12905900,12906100,2608
2026-08-27T09:31:27Z,240903,7149900,7149900,223
2026-08-27T09:31:27Z,240904,13292000,13292300,683
2026-08-27T09:31:27Z,240905,9970000,9970000,294
2026-08-27T09:31:27Z,240906,12880500,12900000,2097
2026-08-27T09:31:27Z,240907,9500000,9950000,158
2026-08-27T09:31:27Z,240908,12500000,12909900,3153
2026-08-27T09:31:27Z,240909,7800000,9000000,117
2026-08-27T09:31:27Z,240910,12900000,12900000,2541
2026-08-27T09:31:27Z,240911,3999600,3999600,275
2026-08-27T09:31:27Z,240912,12999800,12999800,403
2026-08-27T09:31:27Z,240913,6506200,7596200,62
2026-08-27T09:31:27Z,240914,12901800,12901800,1973
2026-08-27T09:31:27Z,240915,9999900,10449900,298
2026-08-27T09:31:27Z,240916,12900000,12900000,2814
2026-08-27T09:31:27Z,240917,9749400,9749400,211
2026-08-27T09:31:27Z,240918,14281100,14281200,2338
2026-08-27T09:31:27Z,240966,9999800,15999800,427
2026-08-27T09:31:27Z,240967,22229800,22489900,2372
2026-08-27T09:31:27Z,240968,15404900,15504900,25
2026-08-27T09:31:27Z,240969,23488800,23488800,341
2026-08-27T09:31:27Z,240970,8499200,8499200,106
2026-08-27T09:31:27Z,240971,15988800,15988800,43
2026-08-27T09:31:27Z,240972,599500,599500,5161
2026-08-27T09:31:27Z,240973,1975000,1975100,997
2026-08-27T09:31:27Z,240974,4549900,4549900,330
2026-08-27T09:31:27Z,240975,7779800,7999900,14906
2026-08-27T09:31:27Z,240982,15980000,15980000,283
2026-08-27T09:31:27Z,240983,16410300,17293700,6096
2026-08-27T09:31:27Z,240990,2097900,2300100,60343
2026-08-27T09:31:27Z,240991,28800,32500,52684
2026-08-27T09:31:27Z,241141,7400,7400,1563
2026-08-27T09:31:27Z,241142,4550000,4550000,248
2026-08-27T09:31:27Z,241143,9889900,9889900,499
2026-08-27T09:31:27Z,241144,6989900,7990000,447
2026-08-27T09:31:27Z,241145,10500,21100,1811
2026-08-27T09:31:27Z,241147,172200,172200,1290
2026-08-27T09:31:27Z,241148,234700,359100,1272
2026-08-27T09:31:27Z,241149,4309900,4309900,162
2026-08-27T09:31:27Z,241151,900100,971000,1305
2026-08-27T09:31:27Z,241280,609000,609000,4403
2026-08-27T09:31:27Z,241281,539900,539900,2031
2026-08-27T09:31:27Z,241282,2259800,2652800,14398
2026-08-27T09:31:27Z,241283,893900,895100,8754
2026-08-27T09:31:27Z,241286,1155300,1155600,810
2026-08-27T09:31:27Z,241287,30200,40000,1720
2026-08-27T09:31:27Z,241288,1340000,1358000,91449
2026-08-27T09:31:27Z,241289,292400,292400,92977
2026-08-27T09:31:27Z,241292,1570000,1954500,11953
2026-08-27T09:31:27Z,241293,56600,56600,6577
2026-08-27T09:31:27Z,241294,1999800,1999900,5601
2026-08-27T09:31:27Z,241295,25000,25000,2117
2026-08-27T09:31:27Z,241296,440900,509900,535
2026-08-27T09:31:27Z,241297,80000,100900,1852
2026-08-27T09:31:27Z,241298,801000,801000,1917
2026-08-27T09:31:27Z,241299,313800,313900,1775
2026-08-27T09:31:27Z,241300,1530900,2950000,7381
2026-08-27T09:31:27Z,241301,69900,77700,29904
2026-08-27T09:31:27Z,241302,800600,1159800,7884
2026-08-27T09:31:27Z,241303,29500,29800,5513
2026-08-27T09:31:27Z,241304,909900,1139900,35622
2026-08-27T09:31:27Z,241305,42900,44900,219406
2026-08-27T09:31:27Z,241306,362000,389800,901
2026-08-27T09:31:27Z,241307,68300,68400,8531
2026-08-27T09:31:27Z,241308,1599500,1690000,113537
2026-08-27T09:31:27Z,241309,294400,366500,232626
2026-08-27T09:31:27Z,241310,2179000,2179000,2625
2026-08-27T09:31:27Z,241311,299700,299900,3137
2026-08-27T09:31:27Z,241312,998200,998200,1173
2026-08-27T09:31:27Z,241313,59000,61200,5157
2026-08-27T09:31:27Z,241316,2198000,2198600,2293
2026-08-27T09:31:27Z,241317,241000,241000,4907
2026-08-27T09:31:27Z,241320,5349900,5402800,6340
2026-08-27T09:31:27Z,241321,1992800,1994900,5326
2026-08-27T09:31:27Z,241322,4509800,4509900,19564
2026-08-27T09:31:27Z,241323,1452400,1553800,23419
2026-08-27T09:31:27Z,241324,5500400,5500400,8620
2026-08-27T09:31:27Z,241325,2336000,2345000,14401
2026-08-27T09:31:27Z,241326,5606800,5606900,18161
2026-08-27T09:31:27Z,241327,2698700,2739000,12551
2026-08-27T09:31:27Z,241334,632500,688900,6640
2026-08-27T09:31:27Z,241338,84900,84900,79
2026-08-27T09:31:27Z,241339,26300,26400,1825
2026-08-27T09:31:27Z,242272,6988800,6989800,5127
2026-08-27T09:31:27Z,242273,6990000,6990000,4349
2026-08-27T09:31:27Z,242274,319300,319400,24141
2026-08-27T09:31:27Z,242275,344800,388900,275526
2026-08-27T09:31:27Z,242276,169500,199500,453
2026-08-27T09:31:27Z,242277,1389900,1390000,4327
2026-08-27T09:31:27Z,242278,789800,789800,1657
2026-08-27T09:31:27Z,242280,190000,195200,7534
2026-08-27T09:31:27Z,242281,612000,612200,4016
2026-08-27T09:31:27Z,242282,303000,303000,6291
2026-08-27T09:31:27Z,242283,76800,76800,4002
2026-08-27T09:31:27Z,242284,32600,32700,12659
2026-08-27T09:31:27Z,242285,685900,686000,8106
2026-08-27T09:31:27Z,242286,47600,50400,27592
2026-08-27T09:31:27Z,242287,110000,110000,2551
2026-08-27T09:31:27Z,242288,41500,41600,10442
2026-08-27T09:31:27Z,242289,13300,13300,2048
2026-08-27T09:31:27Z,242290,35000,35000,743
2026-08-27T09:31:27Z,242291,231500,231500,1561
2026-08-27T09:31:27Z,242292,36700,36700,1956
2026-08-27T09:31:27Z,242293,39900,49700,4339
2026-08-27T09:31:27Z,242294,26500,26600,613
2026-08-27T09:31:27Z,242295,100000,100000,384
2026-08-27T09:31:27Z,242296,45000,45000,2856
2026-08-27T09:31:27Z,242297,18800,18800,15604
2026-08-27T09:31:27Z,242298,295200,295400,7691
2026-08-27T09:31:27Z,242299,12200,27100,61840
2026-08-27T09:31:27Z,242300,95300,95400,8462
2026-08-27T09:31:27Z,242301,299000,299000,6679
2026-08-27T09:31:27Z,242302,7700,9500,14681
2026-08-27T09:31:27Z,242303,14700,14700,2128
2026-08-27T09:31:27Z,242304,1500,2700,9969
2026-08-27T09:31:27Z,242305,3800,3800,656
2026-08-27T09:31:27Z,242306,9900,18600,1605
2026-08-27T09:31:27Z,242307,8700,8700,4435
2026-08-27T09:31:27Z,242308,16500,16500,11087
2026-08-27T09:31:27Z,242309,49800,100400,7383
2026-08-27T09:31:27Z,242553,421900,447300,7969
2026-08-27T09:31:27Z,242554,424000,454500,7881
2026-08-27T09:31:27Z,242606,453100,453300,13293
2026-08-27T09:31:27Z,242607,453300,453300,6784
2026-08-27T09:31:27Z,242608,425500,425600,11647
2026-08-27T09:31:27Z,242610,507900,558000,6941
2026-08-27T09:31:27Z,242611,584900,615000,3669
2026-08-27T09:31:27Z,242612,502800,533600,10221
2026-08-27T09:31:27Z,242613,409200,449400,13212
2026-08-27T09:31:27Z,242620,588600,588700,66128
2026-08-27T09:31:27Z,242621,2029900,2038600,36916
2026-08-27T09:31:27Z,242639,41800,44300,1752624
2026-08-27T09:31:27Z,242640,47000,52000,827505
2026-08-27T09:31:27Z,242641,2000,2200,182377
2026-08-27T09:31:27Z,242642,500,800,97714
2026-08-27T09:31:27Z,242643,1400,1600,46834
2026-08-27T09:31:27Z,242644,700,800,164536
2026-08-27T09:31:27Z,242645,2500,2500,16756
2026-08-27T09:31:27Z,242646,1100,1100,20930
2026-08-27T09:31:27Z,242647,99900,99900,1752
2026-08-27T09:31:27Z,242712,1799700,1799800,11954
2026-08-27T09:31:27Z,242720,1599900,1644900,5194
2026-08-27T09:31:27Z,242721,1579800,1609800,5469
2026-08-27T09:31:27Z,242722,1626600,1626600,6189
2026-08-27T09:31:27Z,242723,1621400,1622100,7029
2026-08-27T09:31:27Z,242724,1666500,1666500,4756
2026-08-27T09:31:27Z,242725,1849800,1849800,5038
2026-08-27T09:31:27Z,242726,1818000,1818000,4335
2026-08-27T09:31:27Z,242727,1880000,1880000,4343
2026-08-27T09:31:27Z,242786,818400,819800,44454
2026-08-27T09:31:27Z,242787,79800,79800,12411
2026-08-27T09:31:27Z,242788,20200,20900,16908
2026-08-27T09:31:27Z,242789,24800,24800,50376
2026-08-27T09:31:27Z,243060,4700,6200,362943
2026-08-27T09:31:27Z,243197,990006100,990006100,1
2026-08-27T09:31:27Z,243199,2500000900,2500000900,1
2026-08-27T09:31:27Z,243206,1500008700,1500008700,1
2026-08-27T09:31:27Z,243207,9500008000,9500008000,1
2026-08-27T09:31:27Z,243208,290009400,290009400,1
2026-08-27T09:31:27Z,243209,990008700,990008700,1
2026-08-27T09:31:27Z,243210,990008600,990008600,1
2026-08-27T09:31:27Z,243211,990007800,990007800,1
2026-08-27T09:31:27Z,243215,990008200,990008200,1
2026-08-27T09:31:27Z,243222,49007900,49007900,17
2026-08-27T09:31:27Z,243223,290000000,290000000,1
2026-08-27T09:31:27Z,243224,49008500,49008500,20
2026-08-27T09:31:27Z,243225,49008400,49008400,20
2026-08-27T09:31:27Z,243226,9500000100,9500000100,1
2026-08-27T09:31:27Z,243227,290008900,290008900,1
2026-08-27T09:31:27Z,243228,290007400,290007400,1
2026-08-27T09:31:27Z,243574,645800,648200,11080
2026-08-27T09:31:27Z,243575,1549600,1800000,1091
2026-08-27T09:31:27Z,243576,639400,765600,9201
2026-08-27T09:31:27Z,243577,2465400,2479900,2956
2026-08-27T09:31:27Z,243578,40100,40500,19477
2026-08-27T09:31:27Z,243579,69500,99800,6602
2026-08-27T09:31:27Z,243581,39400,39400,28110
2026-08-27T09:31:27Z,243582,39800,42600,67818
2026-08-27T09:31:27Z,243599,10600,11000,70873
2026-08-27T09:31:27Z,243600,42500,48500,619142
2026-08-27T09:31:27Z,243602,28700,29300,87797
2026-08-27T09:31:27Z,243603,100000,110000,313362
2026-08-27T09:31:27Z,243605,1643400,1710000,10509
2026-08-27T09:31:27Z,243606,5222000,5299900,23343
2026-08-27T09:31:27Z,243733,36300,36500,50009
2026-08-27T09:31:27Z,243734,379700,379700,38396
2026-08-27T09:31:27Z,243735,149000,189000,3182
2026-08-27T09:31:27Z,243736,2979600,2979600,1113
2026-08-27T09:31:27Z,243737,2009900,2009900,993
2026-08-27T09:31:27Z,243738,2969900,2969900,1157
2026-08-27T09:31:27Z,243773,162200,163300,106
2026-08-27T09:31:27Z,243774,800,1100,327
2026-08-27T09:31:27Z,243775,10900,10900,568
2026-08-27T09:31:27Z,243776,16200,16200,338
2026-08-27T09:31:27Z,243777,1700,2100,485
2026-08-27T09:31:27Z,243778,11000,11100,795
2026-08-27T09:31:27Z,243779,5600,7700,343
2026-08-27T09:31:27Z,243780,16800,17100,250
2026-08-27T09:31:27Z,243781,38900,44200,374
2026-08-27T09:31:27Z,243782,989900,990000,228
2026-08-27T09:31:27Z,243783,19700,20000,346
2026-08-27T09:31:27Z,243784,128200,990000,308
2026-08-27T09:31:27Z,243785,8800,9100,362
2026-08-27T09:31:27Z,243786,89400,101500,358
2026-08-27T09:31:27Z,243787,14400,14500,286
2026-08-27T09:31:27Z,243788,8700,9900,355
2026-08-27T09:31:27Z,243789,6500,8000,380
2026-08-27T09:31:27Z,243790,22700,25700,229
2026-08-27T09:31:27Z,243791,54900,54900,550
2026-08-27T09:31:27Z,243792,27300,131800,476
2026-08-27T09:31:27Z,243793,24100,24100,809
2026-08-27T09:31:27Z,243794,6900,7100,305
2026-08-27T09:31:27Z,243795,200,4500,326
2026-08-27T09:31:27Z,243796,24900,28400,512
2026-08-27T09:31:27Z,243797,805200,805200,3470
2026-08-27T09:31:27Z,243798,165500,167500,528
2026-08-27T09:31:27Z,243799,225500,227200,877
2026-08-27T09:31:27Z,243800,404400,404600,504
2026-08-27T09:31:27Z,243801,319900,319900,1711
2026-08-27T09:31:27Z,243802,499900,499900,1527
2026-08-27T09:31:27Z,243803,411200,411200,676
2026-08-27T09:31:27Z,243804,259900,259900,310
2026-08-27T09:31:27Z,243805,407800,407900,2168
2026-08-27T09:31:27Z,243806,154300,154300,284
2026-08-27T09:31:27Z,243807,189900,189900,2052
2026-08-27T09:31:27Z,243808,499900,499900,1860
2026-08-27T09:31:27Z,243809,475500,479300,1037
2026-08-27T09:31:27Z,243810,254400,268500,3154
2026-08-27T09:31:27Z,243811,304500,304500,872
2026-08-27T09:31:27Z,243812,282000,282000,2117
2026-08-27T09:31:27Z,243813,499600,499700,1199
2026-08-27T09:31:27Z,243814,497400,497400,1585
2026-08-27T09:31:27Z,243815,499600,499600,1275
2026-08-27T09:31:27Z,243816,427300,427300,2050
2026-08-27T09:31:27Z,243817,417300,417400,2440
2026-08-27T09:31:27Z,243818,349800,349800,1369
2026-08-27T09:31:27Z,243819,300000,300000,343
2026-08-27T09:31:27Z,243820,494800,494800,2963
2026-08-27T09:31:27Z,243821,114146300,114146300,4
2026-08-27T09:31:27Z,243822,2500000,2500000,28
2026-08-27T09:31:27Z,243823,5991000,5991000,50
2026-08-27T09:31:27Z,243844,290000100,290000100,3
2026-08-27T09:31:27Z,243845,290000100,290000100,2
2026-08-27T09:31:27Z,243946,29253300,29253600,204
2026-08-27T09:31:27Z,243947,34499900,34500000,353
2026-08-27T09:31:27Z,243948,54200,59200,596
2026-08-27T09:31:27Z,243949,450000,454800,411
2026-08-27T09:31:27Z,243950,41593900,95009500,63
2026-08-27T09:31:27Z,243951,33993200,34209400,1298
2026-08-27T09:31:27Z,243952,21000500,23990500,94
2026-08-27T09:31:27Z,243953,23720400,25000000,2712
2026-08-27T09:31:27Z,243954,3700,4000,19364
2026-08-27T09:31:27Z,243955,150600,150600,378
2026-08-27T09:31:27Z,243956,23005500,29005500,110
2026-08-27T09:31:27Z,243957,24280000,24280600,2589
2026-08-27T09:31:27Z,243958,19508700,19508700,82
2026-08-27T09:31:27Z,243959,24995700,29413000,821
2026-08-27T09:31:27Z,243960,74900,75000,660
2026-08-27T09:31:27Z,243961,272600,272600,139
2026-08-27T09:31:27Z,243962,5999500,5999900,105
2026-08-27T09:31:27Z,243963,12770100,16484100,540
2026-08-27T09:31:27Z,243964,3953200,3953200,32
2026-08-27T09:31:27Z,243965,19992000,19992000,112
2026-08-27T09:31:27Z,243966,2830000,2830000,39
2026-08-27T09:31:27Z,243967,12989900,12989900,1127
2026-08-27T09:31:27Z,243968,36749900,36751300,230
2026-08-27T09:31:27Z,243969,44999800,44999900,103
2026-08-27T09:31:27Z,243970,47009900,47009900,136
2026-08-27T09:31:27Z,243971,49936200,55564800,1020
2026-08-27T09:31:27Z,243972,39960000,39999900,102
2026-08-27T09:31:27Z,243973,45999900,48392800,1903
2026-08-27T09:31:27Z,243974,40180300,44000000,121
2026-08-27T09:31:27Z,243975,38000100,38000500,401
2026-08-27T09:31:27Z,243976,59990000,69502100,121
2026-08-27T09:31:27Z,243977,69696700,69696700,4473
2026-08-27T09:31:27Z,243978,254000,254000,101
2026-08-27T09:31:27Z,243979,799000,799000,418
2026-08-27T09:31:27Z,243980,24999900,24999900,63
2026-08-27T09:31:27Z,243981,32491600,34499900,4197
2026-08-27T09:31:27Z,243982,26884700,26884700,39
2026-08-27T09:31:27Z,243983,31997100,37953000,1057
2026-08-27T09:31:27Z,243984,2300,980000,19113
2026-08-27T09:31:27Z,243985,159700,159700,3099
2026-08-27T09:31:27Z,243986,24988900,24989000,30
2026-08-27T09:31:27Z,243987,29979400,29979500,358
2026-08-27T09:31:27Z,243988,179800,180000,270
2026-08-27T09:31:27Z,243989,999900,999900,347
2026-08-27T09:31:27Z,243990,30006500,30006500,68
2026-08-27T09:31:27Z,243991,32251400,32251400,487
2026-08-27T09:31:27Z,243992,2250000,5000000,145
2026-08-27T09:31:27Z,243993,6500000,6500000,402
2026-08-27T09:31:27Z,243994,14999900,14999900,105
2026-08-27T09:31:27Z,243995,11999500,13941900,530
2026-08-27T09:31:27Z,243996,40000000,41000000,23
2026-08-27T09:31:27Z,243997,89898900,89950000,100
2026-08-27T09:31:27Z,243998,9989900,9989900,283
2026-08-27T09:31:27Z,243999,27511700,28999700,123
2026-08-27T09:31:27Z,244000,45554700,45555000,45
2026-08-27T09:31:27Z,244001,47900000,49900000,224
2026-08-27T09:31:27Z,244002,30000100,30000100,150
2026-08-27T09:31:27Z,244003,33188700,33189900,327
2026-08-27T09:31:27Z,244004,59800,59900,599
2026-08-27T09:31:27Z,244005,999900,999900,1169
2026-08-27T09:31:27Z,244006,42533600,59998700,74
2026-08-27T09:31:27Z,244007,32219500,32219500,392
2026-08-27T09:31:27Z,244008,28000500,28000500,126
2026-08-27T09:31:27Z,244009,28366800,28366800,509
2026-08-27T09:31:27Z,244010,7300,7500,7952
2026-08-27T09:31:27Z,244011,152300,152300,1592
2026-08-27T09:31:27Z,244012,1000,1700,1737
2026-08-27T09:31:27Z,244013,141100,151900,7976
2026-08-27T09:31:27Z,244014,20000000,22900000,242
2026-08-27T09:31:27Z,244015,24996100,28700000,1992
2026-08-27T09:31:27Z,244016,23000000,23009500,37
2026-08-27T09:31:27Z,244017,23989100,23989300,654
2026-08-27T09:31:27Z,244018,64800,65000,539
2026-08-27T09:31:27Z,244019,329000,329000,538
2026-08-27T09:31:27Z,244020,4017500,4600000,163
2026-08-27T09:31:27Z,244021,12499700,12499800,1047
2026-08-27T09:31:27Z,244022,899700,899800,111
2026-08-27T09:31:27Z,244023,7269100,7367500,181
2026-08-27T09:31:27Z,244024,3507400,3507400,65
2026-08-27T09:31:27Z,244025,12960000,12960000,56
2026-08-27T09:31:27Z,244026,33330000,34990000,80
2026-08-27T09:31:27Z,244027,49750000,49750000,410
2026-08-27T09:31:27Z,244028,48125000,48125000,153
2026-08-27T09:31:27Z,244029,50091200,50093400,7666
2026-08-27T09:31:27Z,244030,43000000,43000000,116
2026-08-27T09:31:27Z,244031,44444400,44990000,2054
2026-08-27T09:31:27Z,244032,19800,19800,1011
2026-08-27T09:31:27Z,244033,275000,2490000,439
2026-08-27T09:31:27Z,244034,99800,99800,90
2026-08-27T09:31:27Z,244035,210000,215000,145
2026-08-27T09:31:27Z,244036,26100,26100,486
2026-08-27T09:31:27Z,244037,490000,9000000,474
2026-08-27T09:31:27Z,244038,290000100,290000100,2
2026-08-27T09:31:27Z,244039,290000100,290000100,2
2026-08-27T09:31:27Z,244040,290000100,290000100,2
2026-08-27T09:31:27Z,244041,250000100,250000100,3
2026-08-27T09:31:27Z,244056,30000,30000,103
2026-08-27T09:31:27Z,244057,359700,499700,3617
2026-08-27T09:31:27Z,244147,759800,759800,14
2026-08-27T09:31:27Z,244148,130000,130000,18
2026-08-27T09:31:27Z,244149,300000,300000,91
2026-08-27T09:31:27Z,244355,9909500,9909500,90
2026-08-27T09:31:27Z,244357,879600,879600,31
2026-08-27T09:31:27Z,244358,11400,11400,33
2026-08-27T09:31:27Z,244359,18700,18700,21
2026-08-27T09:31:27Z,244360,24900,24900,18
2026-08-27T09:31:27Z,244361,20200,20200,23
2026-08-27T09:31:27Z,244603,481000,481000,768
2026-08-27T09:31:27Z,244604,451700,453200,472
2026-08-27T09:31:27Z,244607,215000,215000,1326
2026-08-27T09:31:27Z,244608,3908900,3908900,601
2026-08-27T09:31:27Z,244631,73500,73500,3691
2026-08-27T09:31:27Z,244632,181600,181600,13814
2026-08-27T09:31:27Z,244633,28845500,28845500,171
2026-08-27T09:31:27Z,244634,27300000,27683200,2842
2026-08-27T09:31:27Z,244635,1623300,1623300,808
2026-08-27T09:31:27Z,244636,1607400,1607400,11498
2026-08-27T09:31:27Z,244637,222300,222300,4852
2026-08-27T09:31:27Z,244638,149800,259900,27813
2026-08-27T09:31:27Z,244639,1553400,1633500,11018
2026-08-27T09:31:27Z,244640,39899900,44000000,34
2026-08-27T09:31:27Z,244641,35950000,35950000,1358
2026-08-27T09:31:27Z,244642,30009900,36999900,80
2026-08-27T09:31:27Z,244643,39553300,39576300,429
2026-08-27T09:31:27Z,244644,288000,290900,49
2026-08-27T09:31:27Z,244645,1960000,1968800,190
2026-08-27T09:31:27Z,244674,350000,350000,518
2026-08-27T09:31:27Z,244675,959800,1509800,206
2026-08-27T09:31:27Z,244697,86400,86400,178
2026-08-27T09:31:27Z,244698,1386100,1386300,298
2026-08-27T09:31:27Z,244699,86400,86400,588
2026-08-27T09:31:27Z,244700,3488900,3488900,268
2026-08-27T09:31:27Z,244701,551000,551000,755
2026-08-27T09:31:27Z,244702,2904000,2904200,128
2026-08-27T09:31:27Z,244703,89800,130000,513
2026-08-27T09:31:27Z,244704,1779200,1779300,386
2026-08-27T09:31:27Z,244835,36900,9706900,819
2026-08-27T09:31:27Z,244838,90000,90000,7200
2026-08-27T09:31:27Z,244839,99000,99000,1871
2026-08-27T09:31:27Z,244854,60000,60000,161
2026-08-27T09:31:27Z,245566,70000,78900,30
2026-08-27T09:31:27Z,245591,49002600,49002600,18
2026-08-27T09:31:27Z,245592,19900400,19900400,40
2026-08-27T09:31:27Z,245593,290000800,290000800,1
2026-08-27T09:31:27Z,245594,19900100,19900100,40
2026-08-27T09:31:27Z,245595,49009400,49009400,20
2026-08-27T09:31:27Z,245596,49002600,49002600,20
2026-08-27T09:31:27Z,245598,290002400,290002400,1
2026-08-27T09:31:27Z,245599,290005800,290005800,1
2026-08-27T09:31:27Z,245606,19908800,19908800,36
2026-08-27T09:31:27Z,245607,15004200,19904200,41
2026-08-27T09:31:27Z,245608,19900400,19900400,40
2026-08-27T09:31:27Z,245609,49002600,49002600,21
2026-08-27T09:31:27Z,245764,1521100,1521100,2231
2026-08-27T09:31:27Z,245765,3591000,3591100,7989
2026-08-27T09:31:27Z,245766,405900,405900,5248
2026-08-27T09:31:27Z,245767,1120100,1300000,1644
2026-08-27T09:31:27Z,245781,1506700,1506800,283
2026-08-27T09:31:27Z,245782,3503300,3503300,1724
2026-08-27T09:31:27Z,245783,716900,716900,115
2026-08-27T09:31:27Z,245784,3990000,3990100,771
2026-08-27T09:31:27Z,245785,590000,590000,216
2026-08-27T09:31:27Z,245786,5549900,5551700,2811
2026-08-27T09:31:27Z,245787,1459600,1459600,54
2026-08-27T09:31:27Z,245788,3939300,3939400,1834
2026-08-27T09:31:27Z,245789,399900,399900,187
2026-08-27T09:31:27Z,245790,4887300,4888000,3008
2026-08-27T09:31:27Z,245791,490000,490000,348
2026-08-27T09:31:27Z,245792,2891100,2891100,621
2026-08-27T09:31:27Z,245794,1733800,1733800,244
2026-08-27T09:31:27Z,245795,108500,108500,62
2026-08-27T09:31:27Z,245796,1069600,1069600,75
2026-08-27T09:31:27Z,245797,108500,108500,197
2026-08-27T09:31:27Z,245798,1973500,1973500,62
2026-08-27T09:31:27Z,245799,109900,109900,343
2026-08-27T09:31:27Z,245800,306900,4306900,290
2026-08-27T09:31:27Z,245801,264700,264700,5358
2026-08-27T09:31:27Z,245802,1180000,1183900,6235
2026-08-27T09:31:27Z,245803,208000,208000,4033
2026-08-27T09:31:27Z,245804,684200,684300,8063
2026-08-27T09:31:27Z,245805,809800,809800,12027
2026-08-27T09:31:27Z,245806,2049000,2051100,3134
2026-08-27T09:31:27Z,245807,21400,21400,182998
2026-08-27T09:31:27Z,245808,36300,36300,225106
2026-08-27T09:31:27Z,245814,1204400,1204400,197
2026-08-27T09:31:27Z,245815,2187600,2187600,228
2026-08-27T09:31:27Z,245816,1111100,1111100,1084
2026-08-27T09:31:27Z,245817,2999900,3490400,601
2026-08-27T09:31:27Z,245818,1999900,1999900,112
2026-08-27T09:31:27Z,245819,2500100,2500900,855
2026-08-27T09:31:27Z,245820,384500,392300,63
2026-08-27T09:31:27Z,245821,457000,457000,93
2026-08-27T09:31:27Z,245822,1202100,1202100,828
2026-08-27T09:31:27Z,245823,2652200,2652200,453
2026-08-27T09:31:27Z,245824,390000,390000,117
2026-08-27T09:31:27Z,245825,2009600,2009600,41
2026-08-27T09:31:27Z,245826,591600,591600,120
2026-08-27T09:31:27Z,245827,1870100,1870100,184
2026-08-27T09:31:27Z,245830,3350000,3350000,350
2026-08-27T09:31:27Z,245831,44700,100000,1677
2026-08-27T09:31:27Z,245832,59000,89500,1288
2026-08-27T09:31:27Z,245833,110000,110000,2965
2026-08-27T09:31:27Z,245834,95000,104000,1591
2026-08-27T09:31:27Z,245835,105100,122600,2237
2026-08-27T09:31:27Z,245836,139900,199100,1489
2026-08-27T09:31:27Z,245837,103200,186100,920
2026-08-27T09:31:27Z,245838,2900000,3393600,397
2026-08-27T09:31:27Z,245839,78800,80000,375
2026-08-27T09:31:27Z,245840,59400,100000,935
2026-08-27T09:31:27Z,245841,89000,118600,1290
2026-08-27T09:31:27Z,245842,88600,100000,1031
2026-08-27T09:31:27Z,245843,97900,99800,1194
2026-08-27T09:31:27Z,245844,77500,114000,1378
2026-08-27T09:31:27Z,245845,100800,100900,489
2026-08-27T09:31:27Z,245847,2479700,2874800,427
2026-08-27T09:31:27Z,245848,67600,100000,679
2026-08-27T09:31:27Z,245849,54400,78800,945
2026-08-27T09:31:27Z,245850,100000,149500,612
2026-08-27T09:31:27Z,245851,82000,93000,858
2026-08-27T09:31:27Z,245852,79400,97800,843
2026-08-27T09:31:27Z,245853,66500,66600,338
2026-08-27T09:31:27Z,245854,72000,107800,624
2026-08-27T09:31:27Z,245856,3314700,3314900,854
2026-08-27T09:31:27Z,245857,80000,100000,528
2026-08-27T09:31:27Z,245858,60000,105500,1905
2026-08-27T09:31:27Z,245859,80000,101000,800
2026-08-27T09:31:27Z,245860,69900,79900,507
2026-08-27T09:31:27Z,245861,87500,100000,432
2026-08-27T09:31:27Z,245862,188100,259900,401
2026-08-27T09:31:27Z,245863,133700,138300,762
2026-08-27T09:31:27Z,245864,300000,308200,8567
2026-08-27T09:31:27Z,245865,6000,7300,155376
2026-08-27T09:31:27Z,245866,179900,189200,2242
2026-08-27T09:31:27Z,245867,11900,12200,12905
2026-08-27T09:31:27Z,245871,5999900,5999900,55
2026-08-27T09:31:27Z,245872,11879900,11879900,53
2026-08-27T09:31:27Z,245873,4500000,4500000,41
2026-08-27T09:31:27Z,245874,4680000,4689900,159
2026-08-27T09:31:27Z,245875,4999900,4999900,18
2026-08-27T09:31:27Z,245876,5999900,7699900,727
2026-08-27T09:31:27Z,245877,2800100,2800100,69
2026-08-27T09:31:27Z,245878,4759100,4759100,179
2026-08-27T09:31:27Z,245879,2499800,2900000,4600
2026-08-27T09:31:27Z,245880,4499600,4509700,8650
2026-08-27T09:31:27Z,245881,3100,3100,147045
2026-08-27T09:31:27Z,245882,3500,3500,31205
2026-08-27T09:31:27Z,246063,290000100,290000100,2
2026-08-27T09:31:27Z,246376,10000,10000,54
2026-08-27T09:31:27Z,246383,135000,135000,621
2026-08-27T09:31:27Z,246447,166700,217300,7800
2026-08-27T09:31:27Z,246448,295500,599600,13942
2026-08-27T09:31:27Z,246449,2077200,3509800,33661
2026-08-27T09:31:27Z,246584,290002500,290002500,1
2026-08-27T09:31:27Z,247672,24700,24700,638
2026-08-27T09:31:27Z,247673,23000,23000,72
2026-08-27T09:31:27Z,247692,13900,13900,64
2026-08-27T09:31:27Z,247693,450100,450100,215
2026-08-27T09:31:27Z,247694,2009800,2009800,21
2026-08-27T09:31:27Z,247695,7432500,7432500,30
2026-08-27T09:31:27Z,247696,9908700,9908700,20
2026-08-27T09:31:27Z,247698,441700,441700,75
2026-08-27T09:31:27Z,247699,72200,76000,95
2026-08-27T09:31:27Z,247700,79700,79800,339
2026-08-27T09:31:27Z,248130,170000,200000,4165
2026-08-27T09:31:27Z,248132,2475000,2475000,1128
2026-08-27T09:31:27Z,248133,9879900,9880000,253
2026-08-27T09:31:27Z,248135,2000,5200,623
2026-08-27T09:31:27Z,248136,174700,174700,73
2026-08-27T09:31:27Z,248137,449800,450000,303
2026-08-27T09:31:27Z,248138,197700,202900,228
2026-08-27T09:31:27Z,248331,10000,10000,139
2026-08-27T09:31:27Z,248409,360000,360000,1873
2026-08-27T09:31:27Z,248486,400000,450000,1716
2026-08-27T09:31:27Z,248585,9908400,9908400,84
2026-08-27T09:31:27Z,248586,200300,200300,113
2026-08-27T09:31:27Z,248592,226700,227700,671
2026-08-27T09:31:27Z,249218,115000,187800,1841
2026-08-27T09:31:27Z,249700,6469500,6469700,270
2026-08-27T09:31:27Z,249702,6498900,6499000,66
2026-08-27T09:31:27Z,249704,14087500,14087500,119
2026-08-27T09:31:27Z,249706,28907000,28907000,44
2026-08-27T09:31:27Z,249707,10005100,10005100,88
2026-08-27T09:31:27Z,249708,3500000,3500000,167
2026-08-27T09:31:27Z,250305,19909900,19909900,43
2026-08-27T09:31:27Z,250317,80800,80800,27
2026-08-27T09:31:27Z,250856,708500,708500,35
2026-08-27T09:31:27Z,250857,700000,700000,30
2026-08-27T09:31:27Z,250858,5000000,5000000,7
2026-08-27T09:31:27Z,250859,1499900,1499900,12
2026-08-27T09:31:27Z,250860,197018900,197018900,2
2026-08-27T09:31:27Z,250861,197018900,197018900,2
2026-08-27T09:31:27Z,250862,199008900,199008900,1
2026-08-27T09:31:27Z,250864,199008900,199008900,2
2026-08-27T09:31:27Z,250865,708900,708900,28
2026-08-27T09:31:27Z,250866,199008900,199008900,4
2026-08-27T09:31:27Z,250867,199008900,199008900,5
2026-08-27T09:31:27Z,250871,199008900,199008900,1
2026-08-27T09:31:27Z,251283,1237300,1499900,16710
2026-08-27T09:31:27Z,251285,8299900,9530000,41618
2026-08-27T09:31:27Z,251487,374400,390000,1378
2026-08-27T09:31:27Z,251488,4990000,4990000,426
2026-08-27T09:31:27Z,251489,700000,700000,60
2026-08-27T09:31:27Z,251490,7500000,9000000,1344
2026-08-27T09:31:27Z,251665,900,900,1152180
2026-08-27T09:31:27Z,251691,49800,89800,296979
2026-08-27T09:31:27Z,251923,108300,209200,35846
2026-08-27T09:31:27Z,253302,4500,4700,36506
2026-08-27T09:31:27Z,253303,1500,2500,120613
2026-08-27T09:31:27Z,253307,2599800,2599800,8436
2026-08-27T09:31:27Z,253403,12200,18000,1633313
2026-08-27T09:31:27Z,253622,4504700,4504700,2
2026-08-27T09:31:27Z,253623,290000000,290000000,1
2026-08-27T09:31:27Z,254874,4100000,4500000,114
2026-08-27T09:31:27Z,255843,19900,22400,483
2026-08-27T09:31:27Z,255844,19800,20000,115
2026-08-27T09:31:27Z,255845,8305600,8305600,7407
2026-08-27T09:31:27Z,255846,5454000,5454100,14799
2026-08-27T09:31:27Z,255847,405000,519500,98288
2026-08-27T09:31:27Z,255848,349800,349800,16911
2026-08-27T09:31:27Z,256559,1300,1900,256644
2026-08-27T09:31:27Z,257735,54000,85000,380
2026-08-27T09:31:27Z,257741,715900,1394000,160
2026-08-27T09:31:27Z,257745,489800,500000,173
2026-08-27T09:31:27Z,257746,1667500,1667500,127
2026-08-27T09:31:27Z,257747,81100,90000,87
2026-08-27T09:31:27Z,257748,2004400,2004400,190
2026-08-27T09:31:27Z,257749,990000,990000,51
2026-08-27T09:31:27Z,257750,2393100,2393100,529
2026-08-27T09:31:27Z,257751,498900,498900,65
2026-08-27T09:31:27Z,257752,4624100,4624900,893
2026-08-27T09:31:27Z,259085,3819700,4100500,34813
2026-08-27T09:31:27Z,259894,1000,1000,21690
2026-08-27T09:31:27Z,260232,324500,324500,277
2026-08-27T09:31:27Z,260254,4900,4900,838
2026-08-27T09:31:27Z,260255,4000,5000,1363
2026-08-27T09:31:27Z,260256,9500,9500,1349
2026-08-27T09:31:27Z,260257,4000,4000,1018
2026-08-27T09:31:27Z,260258,9300,9300,1257
2026-08-27T09:31:27Z,260259,21000,21000,2221
2026-08-27T09:31:27Z,260260,19900,19900,2118
2026-08-27T09:31:27Z,260261,27700,27700,646
2026-08-27T09:31:27Z,260262,14900,14900,1597
2026-08-27T09:31:27Z,260263,12100,12100,818
2026-08-27T09:31:27Z,260264,16600,16600,1704
2026-08-27T09:31:27Z,260267,19000,19000,432
2026-08-27T09:31:27Z,260268,4300,4300,1585
2026-08-27T09:31:27Z,260269,9500,9500,1010
2026-08-27T09:31:27Z,260270,23300,23300,712
2026-08-27T09:31:27Z,260271,100000,100000,1797
2026-08-27T09:31:27Z,260272,9400,9400,1964
2026-08-27T09:31:27Z,260273,82000,82000,771
2026-08-27T09:31:27Z,260274,95900,95900,1492
2026-08-27T09:31:27Z,260275,59000,59000,1383
2026-08-27T09:31:27Z,260276,40000,40000,979
2026-08-27T09:31:27Z,260277,18100,18100,850
2026-08-27T09:31:27Z,260278,6400,6400,1211
2026-08-27T09:31:27Z,260279,69700,69700,1350
2026-08-27T09:31:27Z,260280,48100,48100,944
2026-08-27T09:31:27Z,260281,64800,64800,1383
2026-08-27T09:31:27Z,260282,67900,67900,1144
2026-08-27T09:31:27Z,260283,57400,57400,1832
2026-08-27T09:31:27Z,260284,21100,21100,1526
2026-08-27T09:31:27Z,260285,10000,10000,693
2026-08-27T09:31:27Z,260286,191000,191000,784
2026-08-27T09:31:27Z,260287,301000,301000,2115
2026-08-27T09:31:27Z,260288,17600,19600,1083
2026-08-27T09:31:27Z,260289,25500,25500,1247
2026-08-27T09:31:27Z,260290,2300,2500,3935
2026-08-27T09:31:27Z,260291,190000,190000,1272
2026-08-27T09:31:27Z,260292,290000,290000,2470
2026-08-27T09:31:27Z,260293,38900,38900,1978
2026-08-27T09:31:27Z,260294,64400,64400,1460
2026-08-27T09:31:27Z,260295,50000,50000,1500
2026-08-27T09:31:27Z,260296,19900,19900,806
2026-08-27T09:31:27Z,260297,92900,92900,966
2026-08-27T09:31:27Z,260298,20000,20000,1404
2026-08-27T09:31:27Z,260299,30100,30100,2947
2026-08-27T09:31:27Z,260309,6800,6800,533
2026-08-27T09:31:27Z,260428,9902000,9902000,100
2026-08-27T09:31:27Z,260429,199800000,199800000,1
2026-08-27T09:31:27Z,260588,9909900,9909900,29
2026-08-27T09:31:27Z,260589,290000200,290000200,1
2026-08-27T09:31:27Z,260604,18400,18400,100
2026-08-27T09:31:27Z,260605,20500,20500,65
2026-08-27T09:31:27Z,260606,18900,18900,258
2026-08-27T09:31:27Z,260608,216700,216700,117
2026-08-27T09:31:27Z,260611,19900,19900,35
2026-08-27T09:31:27Z,260613,6900,6900,133
2026-08-27T09:31:27Z,260614,5500,7300,1888
2026-08-27T09:31:27Z,260615,6400,6400,352
2026-08-27T09:31:27Z,260616,252600,252600,23
2026-08-27T09:31:27Z,260617,21700,21700,60
2026-08-27T09:31:27Z,260618,19700,19700,362
2026-08-27T09:31:27Z,260619,254000,254000,32
2026-08-27T09:31:27Z,260620,6400,6400,492
2026-08-27T09:31:27Z,260621,19200,19200,127
2026-08-27T09:31:27Z,260636,18800,18800,290
2026-08-27T09:31:27Z,260637,19200,19200,201
2026-08-27T09:31:27Z,260638,20600,20600,1203
2026-08-27T09:31:27Z,260639,18700,18700,590
2026-08-27T09:31:27Z,260640,20400,20400,143
2026-08-27T09:31:27Z,260641,27700,27700,113
2026-08-27T09:31:27Z,260642,19200,19200,240
2026-08-27T09:31:27Z,260643,22000,22000,141
2026-08-27T09:31:27Z,260644,18700,18700,103
2026-08-27T09:31:27Z,260645,19700,19700,147
2026-08-27T09:31:27Z,260646,19300,19300,549
2026-08-27T09:31:27Z,260647,21200,21200,546
2026-08-27T09:31:27Z,260648,19100,19100,862
2026-08-27T09:31:27Z,260649,20600,20600,60
2026-08-27T09:31:27Z,260650,19600,19600,584
2026-08-27T09:31:27Z,260651,19600,19600,704
2026-08-27T09:31:27Z,260652,20900,20900,279
2026-08-27T09:31:27Z,260653,7200,7200,397
2026-08-27T09:31:27Z,260654,7400,7400,512
2026-08-27T09:31:27Z,260655,6200,6200,352
2026-08-27T09:31:27Z,260656,7100,7100,476
2026-08-27T09:31:27Z,260657,6400,6400,1820
2026-08-27T09:31:27Z,260658,7400,7400,241
2026-08-27T09:31:27Z,260659,7000,7000,3762
2026-08-27T09:31:27Z,260660,7100,7100,1011
2026-08-27T09:31:27Z,260661,6400,6400,1287
2026-08-27T09:31:27Z,260662,6800,6800,1420
2026-08-27T09:31:27Z,260663,6900,6900,63
2026-08-27T09:31:27Z,260664,7000,7000,1725
2026-08-27T09:31:27Z,260665,6800,6800,731
2026-08-27T09:31:27Z,260666,5500,6400,190
2026-08-27T09:31:27Z,260667,6600,7900,117
2026-08-27T09:31:27Z,260668,6100,6100,33
2026-08-27T09:31:27Z,260669,9000,9000,251
2026-08-27T09:31:27Z,260670,9100,9100,188
2026-08-27T09:31:27Z,260671,7400,7400,173
2026-08-27T09:31:27Z,260672,6800,6800,860
2026-08-27T09:31:27Z,260673,6200,6200,191
2026-08-27T09:31:27Z,260674,500000,500000,5
2026-08-27T09:31:27Z,260675,229900,229900,49
2026-08-27T09:31:27Z,260676,257900,257900,40
2026-08-27T09:31:27Z,260677,238500,238500,218
2026-08-27T09:31:27Z,260678,241200,241200,86
2026-08-27T09:31:27Z,260679,218700,218700,22
2026-08-27T09:31:27Z,260680,218600,218600,14
2026-08-27T09:31:27Z,260681,244900,244900,24
2026-08-27T09:31:27Z,260683,257500,257500,68
2026-08-27T09:31:27Z,260684,255100,255100,161
2026-08-27T09:31:27Z,260685,261600,261600,84
2026-08-27T09:31:27Z,260686,262200,262200,95
2026-08-27T09:31:27Z,260687,230000,233500,199
2026-08-27T09:31:27Z,260688,240000,249900,26
2026-08-27T09:31:27Z,260689,250000,253200,173
2026-08-27T09:31:27Z,260690,210000,218200,41
2026-08-27T09:31:27Z,260691,243900,243900,22
2026-08-27T09:31:27Z,260692,230500,230500,81
2026-08-27T09:31:27Z,260693,234400,234500,76
2026-08-27T09:31:27Z,260694,250100,250100,24
2026-08-27T09:31:27Z,260695,235900,235900,29
2026-08-27T09:31:27Z,262562,19902000,19902000,38
2026-08-27T09:31:27Z,262563,19902000,19902000,40
2026-08-27T09:31:27Z,262564,19902000,19902000,40
2026-08-27T09:31:27Z,262565,19902000,19902000,35
2026-08-27T09:31:27Z,262650,30000,39600,1557
2026-08-27T09:31:27Z,262651,30000,32900,1709
2026-08-27T09:31:27Z,262792,58200,65000,9478
2026-08-27T09:31:27Z,262793,4601800,4791800,2592
2026-08-27T09:31:27Z,262794,104900000,104980000,62
2026-08-27T09:31:27Z,262795,550000000,550000000,13
2026-08-27T09:31:27Z,262796,1268800000,1278880000,33
2026-08-27T09:31:27Z,262797,70600,91900,12589
2026-08-27T09:31:27Z,262798,6969900,8975000,3659
2026-08-27T09:31:27Z,262799,169999900,169999900,34
2026-08-27T09:31:27Z,262800,879990000,879990000,5
2026-08-27T09:31:27Z,262880,19769800,19769800,53
2026-08-27T09:31:27Z,264973,709900,709900,436
2026-08-27T09:31:27Z,264981,134900,134900,1086
2026-08-27T09:31:27Z,264982,134900,134900,695
2026-08-27T09:31:27Z,264983,44500,44500,989
2026-08-27T09:31:27Z,264984,58600,58600,1987
2026-08-27T09:31:27Z,264985,19900,19900,830
2026-08-27T09:31:27Z,264987,9900,9900,1018
2026-08-27T09:31:27Z,264989,14900,14900,614
2026-08-27T09:31:27Z,264990,77700,77700,422
2026-08-27T09:31:27Z,264991,224900,224900,571
2026-08-27T09:31:27Z,264992,686000,686000,512
2026-08-27T09:31:27Z,264993,686100,686100,884
2026-08-27T09:31:27Z,264994,706600,706600,293
2026-08-27T09:31:27Z,264995,509900,509900,321
2026-08-27T09:31:27Z,265040,290007600,290007600,5
2026-08-27T09:31:27Z,265041,149900,149900,28
2026-08-27T09:31:27Z,265043,290007600,290007600,1
2026-08-27T09:31:27Z,265044,990007600,990007600,2
2026-08-27T09:31:27Z,265048,290007600,290007600,1
2026-08-27T09:31:27Z,265049,290007600,290007600,1
2026-08-27T09:31:27Z,265050,290007600,290007600,1
2026-08-27T09:31:27Z,265051,599500,599500,25
2026-08-27T09:31:27Z,265052,290007600,290007600,5
2026-08-27T09:31:27Z,265053,290007600,290007600,4
2026-08-27T09:31:27Z,265054,15000,15000,25
2026-08-27T09:31:27Z,265055,9500007600,9500007600,7
2026-08-27T09:31:27Z,265664,189900,189900,554
2026-08-27T09:31:27Z,265665,99900,99900,613
2026-08-27T09:31:27Z,265666,700900,700900,548
2026-08-27T09:31:27Z,265667,29900,29900,511
2026-08-27T09:31:27Z,265668,19900,19900,239
2026-08-27T09:31:27Z,265669,505100,505100,355
2026-08-27T09:31:27Z,265800,91000,121000,14268
2026-08-27T09:31:27Z,265801,110000,121000,6666
2026-08-27T09:31:27Z,265803,23890000,23899200,624
2026-08-27T09:31:27Z,265816,199600,199600,11
2026-08-27T09:31:27Z,265828,497900,497900,11
2026-08-27T09:31:27Z,266002,2500,4903000,2451
2026-08-27T09:31:27Z,266102,5400,450000,1144
2026-08-27T09:31:27Z,267379,89700,89700,121
2026-08-27T09:31:27Z,267486,227700,227700,327
2026-08-27T09:31:27Z,267615,107000,107000,129
2026-08-27T09:31:27Z,267617,99900,99900,172
2026-08-27T09:31:27Z,267618,9800,9800,115
2026-08-27T09:31:27Z,267619,90000,90000,252
2026-08-27T09:31:27Z,267623,4990000,4990000,219
2026-08-27T09:31:27Z,267624,10000,10000,112
2026-08-27T09:31:27Z,267625,2001800,2001800,73
2026-08-27T09:31:27Z,267626,233500,233500,154
2026-08-27T09:31:27Z,267627,338100,338100,158
2026-08-27T09:31:27Z,267628,6667900,6667900,129
2026-08-27T09:31:27Z,267650,9992100,9992100,37
2026-08-27T09:31:27Z,267652,309900,309900,52
2026-08-27T09:31:27Z,268025,90000,90000,135
2026-08-27T09:31:27Z,268053,204900,204900,112
2026-08-27T09:31:27Z,268068,435800,435800,118
2026-08-27T09:31:27Z,268085,9907900,9907900,338
2026-08-27T09:31:27Z,268110,20000,20000,229
2026-08-27T09:31:27Z,268111,1990000,1990000,121
2026-08-27T09:31:27Z,268112,408000,408600,54
2026-08-27T09:31:27Z,268115,90000,90000,255
2026-08-27T09:31:27Z,268116,100000,9901000,27
2026-08-27T09:31:27Z,268954,25000,25400,5258
2026-08-27T09:31:27Z,268955,108800,108800,1484
2026-08-27T09:31:27Z,269586,1500000,1600000,1770
2026-08-27T09:31:27Z,270898,2492600,2492600,31
2026-08-27T09:31:27Z,270899,4200000,4200000,253
2026-08-27T09:31:27Z,271717,5692500,5692500,21
2026-08-27T09:31:27Z,271883,234800,239900,77457
2026-08-27T09:31:27Z,271884,2089600,2089800,59364
2026-08-27T09:31:27Z,271886,151300,151300,18186
2026-08-27T09:31:27Z,271887,1995000,2300000,8726
2026-08-27T09:31:27Z,271889,25500,39500,9868
2026-08-27T09:31:27Z,271890,1249900,1250000,3268
2026-08-27T09:31:27Z,272046,7100,7300,53
2026-08-27T09:31:27Z,272047,7300,7300,52
2026-08-27T09:31:27Z,272048,150000,151100,53
2026-08-27T09:31:27Z,272049,5100,5100,50
2026-08-27T09:31:27Z,272051,6100,6500,80
2026-08-27T09:31:27Z,272052,7800,9400,101
2026-08-27T09:31:27Z,272109,5100,19905100,46
2026-08-27T09:31:27Z,272110,6800,6900,52
2026-08-27T09:31:27Z,272111,18100,18100,32
2026-08-27T09:31:27Z,272112,19500,19600,61
2026-08-27T09:31:27Z,272113,129400,129400,39
2026-08-27T09:31:27Z,272114,9600,9700,24
2026-08-27T09:31:27Z,272115,13600,13600,88
2026-08-27T09:31:27Z,272116,5100,5100,59
2026-08-27T09:31:27Z,272117,7200,7300,59
2026-08-27T09:31:27Z,272118,9700,19909700,46
2026-08-27T09:31:27Z,272119,7500,10000,66
2026-08-27T09:31:27Z,272120,17000,17100,33
2026-08-27T09:31:27Z,272194,11444400,11559900,1032
2026-08-27T09:31:27Z,272195,15009000,15009000,5067
2026-08-27T09:31:27Z,272892,9000,9000,33
2026-08-27T09:31:27Z,272893,2500000,2900000,25
2026-08-27T09:31:27Z,272894,9300,9400,50
2026-08-27T09:31:27Z,273013,1470100,19999900,27
2026-08-27T09:31:27Z,273014,5100,5400,50
2026-08-27T09:31:27Z,273059,2249100,2249100,267
2026-08-27T09:31:27Z,273060,3986100,3986100,2499
2026-08-27T09:31:27Z,273068,1500000,1509900,1109
2026-08-27T09:31:27Z,273069,4750000,4750000,1389
2026-08-27T09:31:27Z,273071,45756900,50006900,60
2026-08-27T09:31:27Z,273072,59773400,59777100,745
2026-08-27T09:31:27Z,274464,182500,187300,9552
2026-08-27T09:31:27Z,274468,109000,109500,17332
2026-08-27T09:31:27Z,274469,164800,206500,5836
2026-08-27T09:31:27Z,274470,39000,48600,186345
2026-08-27T09:31:27Z,274471,189800,189800,13132
2026-08-27T09:31:27Z,274472,49700,52000,216432
2026-08-27T09:31:27Z,274473,190000,190000,6158
2026-08-27T09:31:27Z,274474,319900,319900,7133
2026-08-27T09:31:27Z,274475,150000,150000,10391
2026-08-27T09:31:27Z,274587,60700,100000,137224
2026-08-27T09:31:27Z,274588,170000,290000,43960
2026-08-27T09:31:27Z,274589,719700,822000,23694
2026-08-27T09:31:27Z,274590,21600,27100,134724
2026-08-27T09:31:27Z,274591,311900,620000,21656
2026-08-27T09:31:27Z,274592,38200,72000,96053
2026-08-27T09:31:27Z,274593,22300,22400,65403
2026-08-27T09:31:27Z,274594,99400,131000,40226
2026-08-27T09:31:27Z,274595,1732500,1790000,2834
2026-08-27T09:31:27Z,274596,115000,129700,44047
2026-08-27T09:31:27Z,274597,309900,359900,9301
2026-08-27T09:31:27Z,274772,900,1000,882
2026-08-27T09:31:27Z,274774,70000,73500,230
2026-08-27T09:31:27Z,274775,30000,34900,524
2026-08-27T09:31:27Z,274777,92100,92500,172161
2026-08-27T09:31:27Z,274781,237800,248900,132905
2026-08-27T09:31:27Z,274793,120000,130000,226
2026-08-27T09:31:27Z,274794,30000,30000,250
2026-08-27T09:31:27Z,274951,6400,6400,2310
2026-08-27T09:31:27Z,274953,18700,18700,977
2026-08-27T09:31:27Z,274954,230500,230500,199
2026-08-27T09:31:27Z,275013,2173500,2173500,744
2026-08-27T09:31:27Z,275258,607000,607000,2836
2026-08-27T09:31:27Z,275260,495000,526500,6890
2026-08-27T09:31:27Z,275261,1232900,1235000,2546
2026-08-27T09:31:27Z,275264,9787500,9790000,5286
2026-08-27T09:31:27Z,275265,10989700,10989700,1901
2026-08-27T09:31:27Z,275266,8810000,8817900,1665
2026-08-27T09:31:27Z,275280,87900,139900,7767
2026-08-27T09:31:27Z,275281,32000,102300,7228
2026-08-27T09:31:27Z,275282,41700,109900,9938
2026-08-27T09:31:27Z,275283,90000,160000,35749
2026-08-27T09:31:27Z,275284,34200,135000,10020
2026-08-27T09:31:27Z,275285,98900,107800,1783
2026-08-27T09:31:27Z,275286,98900,119500,2469
2026-08-27T09:31:27Z,275287,79200,116800,3846
2026-08-27T09:31:27Z,275288,86200,111800,6288
2026-08-27T09:31:27Z,275289,37500,116800,5989
2026-08-27T09:31:27Z,275380,109400,144900,45960
2026-08-27T09:31:27Z,275676,287100,293000,243
2026-08-27T09:31:27Z,275699,3990000,3990000,9
2026-08-27T09:31:27Z,276117,139000,177600,10679
2026-08-27T09:31:27Z,276124,149500,169900,6681
2026-08-27T09:31:27Z,276126,369600,405900,10526
2026-08-27T09:31:27Z,276343,57000,57000,26
2026-08-27T09:31:27Z,276344,10000,10000,34
2026-08-27T09:31:27Z,276345,897000,897000,24
2026-08-27T09:31:27Z,276348,480000,500000,26
2026-08-27T09:31:27Z,276349,309300,49009300,23
2026-08-27T09:31:27Z,276350,49002700,49002800,26
2026-08-27T09:31:27Z,276353,70000,70000,25
2026-08-27T09:31:27Z,276354,9500007600,9500007600,1
2026-08-27T09:31:27Z,276355,418700,418700,25
2026-08-27T09:31:27Z,276357,508500,49008600,21
2026-08-27T09:31:27Z,276358,250000,250000,32
2026-08-27T09:31:27Z,276359,80000,80000,25
2026-08-27T09:31:27Z,276360,977500,977500,24
2026-08-27T09:31:27Z,276361,707600,707600,2
2026-08-27T09:31:27Z,276362,5000000,5000000,25
2026-08-27T09:31:27Z,276374,438300,438300,372
2026-08-27T09:31:27Z,276375,140000,149000,2338
2026-08-27T09:31:27Z,277821,650100,738800,7239
2026-08-27T09:31:27Z,277968,130000,130000,148
2026-08-27T09:31:27Z,277969,3104100,3104100,701
2026-08-27T09:31:27Z,279091,15200,17400,53308
2026-08-27T09:31:27Z,279093,13200,28500,30889
2026-08-27T09:31:27Z,279094,22700,79800,19714
2026-08-27T09:31:27Z,279100,3400,5400,120119
2026-08-27T09:31:27Z,279105,14400,20000,57579
2026-08-27T09:31:27Z,279106,10000,22000,38148
2026-08-27T09:31:27Z,279142,14990000,14990000,10
2026-08-27T09:31:27Z,279143,290000100,290000100,4
2026-08-27T09:31:27Z,279145,4000000,4000000,7
2026-08-27T09:31:27Z,279146,14500000,14800000,12
2026-08-27T09:31:27Z,279147,249989900,250000000,9
2026-08-27T09:31:27Z,279148,15009900,15009900,7
2026-08-27T09:31:27Z,279152,8840000,11540000,14
2026-08-27T09:31:27Z,279153,650000,650000,13
2026-08-27T09:31:27Z,279154,1100000,1100000,24
2026-08-27T09:31:27Z,279157,250000,250000,10
2026-08-27T09:31:27Z,279160,314900,314900,5
2026-08-27T09:31:27Z,279166,3990000,3990000,18
2026-08-27T09:31:27Z,280182,37100,37100,1570
2026-08-27T09:31:27Z,280183,50000,50000,1501
2026-08-27T09:31:27Z,280184,39000,39000,1272
2026-08-27T09:31:27Z,280409,809900,809900,337
2026-08-27T09:31:27Z,280422,10000,10000,420
2026-08-27T09:31:27Z,280425,30000,50000,158
